"obs_number","model","fitted","deviance_residual","pearson_residual","std_deviance_resid","std_pearson_resid","leverage","cooks_d"
1,"Logit Mean loss | Ex-ante",0.121574003680737,0.977361258959025,1.23692206645289,0.982017559020807,1.2428149543095,0.00946064750974979,0.0071869662965755
2,"Logit Mean loss | Ex-ante",0.144886189185885,-0.488200980268035,-0.384114241957039,-0.489678518974559,-0.385276762482719,0.00602562502844364,0.000438385403773481
3,"Logit Mean loss | Ex-ante",0.152745715491437,1.09454930923737,1.34252416456782,1.09708987528653,1.34564030678626,0.00462610123631711,0.00409987295280241
4,"Logit Mean loss | Ex-ante",0.148228089217796,-0.396974370698315,-0.33377502062306,-0.398942855454198,-0.335430117497034,0.00984415802256829,0.000544957546564176
5,"Logit Mean loss | Ex-ante",0.144166993202327,0.627628750388671,0.732151170089421,0.629866878797511,0.734762026160511,0.00709404502240215,0.00187915572403086
6,"Logit Mean loss | Ex-ante",0.148403740558903,0.0608591785098103,0.0620500003366472,0.0610758658302499,0.0622709275432813,0.00708309024091745,0.0000134760954187439
7,"Logit Mean loss | Ex-ante",0.135497058832198,-0.128676139237416,-0.122463902016621,-0.129024887644944,-0.122795813519881,0.00539860314295186,0.0000398733752299637
8,"Logit Mean loss | Ex-ante",0.128360592817631,-0.445754413962755,-0.352520099535527,-0.447055244562743,-0.353548847469865,0.00581108510854906,0.000355935013056558
9,"Logit Mean loss | Ex-ante",0.141647841856809,-0.432842816464455,-0.352839696370143,-0.433551378847046,-0.353417293886892,0.00326597219028931,0.000199384930720752
10,"Logit Mean loss | Ex-ante",0.152058704007702,-0.0532838107673784,-0.0523457726314067,-0.0533779984243749,-0.0524383021559811,0.0035259680314593,0.00000474016182441182
11,"Logit Mean loss | Ex-ante",0.149952181417763,-0.240077722595912,-0.219085352799551,-0.240436509947413,-0.219412767824293,0.00298223971371304,0.0000701531193424643
12,"Logit Mean loss | Ex-ante",0.124649982822253,-0.481100788856738,-0.365989225713079,-0.486867677828413,-0.370376288213085,0.0235494578107661,0.00161176066198816
13,"Logit Mean loss | Ex-ante",0.107585320892156,-0.185503492452835,-0.169722365685144,-0.186902306519947,-0.171002180040576,0.014912384888086,0.000215654775396966
14,"Logit Mean loss | Ex-ante",0.119340380123283,-0.220366905320436,-0.199378422894266,-0.220834105218397,-0.199801125108541,0.00422675374343858,0.00008255167528588
15,"Logit Mean loss | Ex-ante",0.120033579985862,-0.20507492621262,-0.187115683254061,-0.206055773020906,-0.188010633329576,0.0094975484333558,0.000165121766813762
16,"Logit Mean loss | Ex-ante",0.125631760335616,0.0601383263834719,0.0614674816303509,0.0606382592942242,0.0619784638750533,0.0164210537994371,0.0000312433041234026
17,"Logit Mean loss | Ex-ante",0.108423891931677,-0.157906397933626,-0.146687107011085,-0.158455940060434,-0.14719760402588,0.00692418588030673,0.0000735989019434201
18,"Logit Mean loss | Ex-ante",0.148353075511601,-0.406638348733884,-0.339965398244174,-0.407732636464575,-0.340880265140807,0.00536047001531162,0.000305087499649417
19,"Logit Mean loss | Ex-ante",0.17267049636633,-0.349648701060043,-0.307944395872329,-0.351345303615844,-0.309438636369999,0.00963443198211348,0.000453798649746445
20,"Logit Mean loss | Ex-ante",0.14007136126817,-0.488407786356955,-0.380964630991338,-0.489581205719019,-0.381879913848725,0.00478781919420483,0.000341789904268041
21,"Logit Mean loss | Ex-ante",0.148469365910546,-0.341826505927933,-0.296542983608304,-0.344213577862239,-0.29861382779742,0.0138216217259219,0.00060884521270496
22,"Logit Mean loss | Ex-ante",0.150452557675735,0.222253707223472,0.236975804649495,0.222850406045403,0.237612028833231,0.00534798189858512,0.000147890114632004
23,"Logit Mean loss | Ex-ante",0.156047240877002,-0.393904442422753,-0.334496738219841,-0.397595981512452,-0.337631528416469,0.0184830930813741,0.00104579460081472
24,"Logit Mean loss | Ex-ante",0.133072415258918,-0.128509406550664,-0.122224989145284,-0.129040287080899,-0.122729908347598,0.00821121066745393,0.0000607536478383736
25,"Logit Mean loss | Ex-ante",0.12924347846839,-0.441762468736728,-0.351018720240443,-0.443244610953962,-0.352196411196842,0.00667651293291322,0.000406174245826956
26,"Logit Mean loss | Ex-ante",0.126673964737848,0.821867594048358,1.00912583071537,0.825224670430414,1.01324779940881,0.00811960204722899,0.0040944004403051
27,"Logit Mean loss | Ex-ante",0.158695986924491,-0.271681791789627,-0.245649605182987,-0.272316004797625,-0.246223048747204,0.00465249539917174,0.00013805500922297
28,"Logit Mean loss | Ex-ante",0.162685471646084,-0.31550886654955,-0.280354833591837,-0.316541430009383,-0.281272348716278,0.00651339282905193,0.00025268698538212
29,"Logit Mean loss | Ex-ante",0.153752412086064,-0.338728273607642,-0.295637885626535,-0.33938030275253,-0.296206968672684,0.00383877784987467,0.000164716623732543
30,"Logit Mean loss | Ex-ante",0.14453595596295,0.46656276784448,0.527781832822002,0.468369529150553,0.529825664561934,0.00770022963970599,0.00106123193227584
31,"Logit Mean loss | Ex-ante",0.13319508744718,-0.467944319347972,-0.366586356884786,-0.46953290382406,-0.367830849811859,0.00675521187500742,0.000448293581964263
32,"Logit Mean loss | Ex-ante",0.134560753803609,1.21199683732484,1.54272297197801,1.21461514940184,1.5460557613588,0.00430669742105759,0.00503677581960158
33,"Logit Mean loss | Ex-ante",0.161575735263057,1.03849089216493,1.25337891903374,1.04115211347764,1.25659080920764,0.00510553681984708,0.00394762323545123
34,"Logit Mean loss | Ex-ante",0.147201425309305,-0.235762941877292,-0.215248391211659,-0.236786256788307,-0.216182663945723,0.00862468712528841,0.000198075389121913
35,"Logit Mean loss | Ex-ante",0.106366501388578,1.29883087946777,1.75738532412052,1.30303692745054,1.76307632447655,0.00644534254307054,0.00982381118838626
36,"Logit Mean loss | Ex-ante",0.137280752663872,-0.0465841364200401,-0.0458067232490172,-0.0466814616306071,-0.0459024242607392,0.0041654117722567,0.00000429363892007023
37,"Logit Mean loss | Ex-ante",0.132312910286004,-0.144461392641226,-0.136426298380561,-0.144886121437735,-0.136827403315686,0.00585433930045439,0.0000537103000126462
38,"Logit Mean loss | Ex-ante",0.178897879929788,-0.01574077766153,-0.0156711029970335,-0.015817671654111,-0.0157476566275784,0.00969891055780205,0.00000118323528095654
39,"Logit Mean loss | Ex-ante",0.106673995412165,-0.398435224932685,-0.314880759290488,-0.40006483825851,-0.316168632071998,0.00813015370914304,0.000399176687039507
40,"Logit Mean loss | Ex-ante",0.140822141918949,-0.414187846787587,-0.34150613936037,-0.415211998841563,-0.34235057315239,0.00492706849640665,0.000282721831788896
41,"Logit Mean loss | Ex-ante",0.108343415431016,-0.338889660953062,-0.281739292390024,-0.34023823578514,-0.282860443498194,0.00791152828763312,0.000310840757150807
42,"Logit Mean loss | Ex-ante",0.155434387638981,-0.505754240701628,-0.399510303812064,-0.508005241248674,-0.401288436035303,0.0088424811714439,0.000699887591014023
43,"Logit Mean loss | Ex-ante",0.143935947242511,0.43263370429279,0.486140579975231,0.4334951956987,0.4871086181275,0.00397068012357017,0.000460816420154242
44,"Logit Mean loss | Ex-ante",0.155908903792074,-0.0236571382755184,-0.0234784066206638,-0.0237827984140631,-0.0236031173863701,0.0105393960673436,0.000002890942747428
45,"Logit Mean loss | Ex-ante",0.123253081042975,-0.364408392590402,-0.303655010367534,-0.365267616877267,-0.304370986632189,0.00469909548158716,0.000213083545821319
46,"Logit Mean loss | Ex-ante",0.108619557296397,-0.378300018833347,-0.305223453830542,-0.380237718666657,-0.30678684639244,0.0101660748410787,0.000470920914063643
47,"Logit Mean loss | Ex-ante",0.114533229619987,0.844845792520319,1.05853932960647,0.847148797299083,1.06142485162265,0.0054296822117236,0.00299640809441821
48,"Logit Mean loss | Ex-ante",0.146409611994581,0.653394694634077,0.763987364772217,0.655743646039684,0.766733896400167,0.00715140530509575,0.00206291452423696
49,"Logit Mean loss | Ex-ante",0.146248435061188,0.6896625450737,0.811298777908168,0.691211936114305,0.813121436057033,0.00447808967258954,0.00144889303243342
50,"Logit Mean loss | Ex-ante",0.155463579717428,1.04646212821749,1.27360689818262,1.05389039476339,1.28264754213838,0.0140471680848291,0.0114190729375904
51,"Logit Mean loss | Ex-ante",0.129781194532663,0.959262272699665,1.19662140680058,0.966461814946757,1.20560239835755,0.0148432686520633,0.0106688096191116
52,"Logit Mean loss | Ex-ante",0.108395352619271,-0.362210040082732,-0.295893246815003,-0.363229590304979,-0.296726128270974,0.00560592727100895,0.000241815453741546
53,"Logit Mean loss | Ex-ante",0.163357277824305,-0.558103983137093,-0.428859991323614,-0.559643807861284,-0.430043228207438,0.0054953037527448,0.000497843259506118
54,"Logit Mean loss | Ex-ante",0.171550890287418,0.525137578261572,0.589525346112304,0.529254370007378,0.594146902784848,0.0154964448019792,0.00270698593953885
55,"Logit Mean loss | Ex-ante",0.112368474173792,-0.0362795548628108,-0.0357329097410871,-0.0364561797919194,-0.0359068733598175,0.0096662386991867,0.00000613076473612864
56,"Logit Mean loss | Ex-ante",0.11074123907747,0.0166177411703883,0.016731154430296,0.0167665246140549,0.0168809532956853,0.0176689334131645,0.00000249706548484781
57,"Logit Mean loss | Ex-ante",0.102015432609895,1.01793993697477,1.33925761740054,1.02469622485211,1.34814656032971,0.0131434352461989,0.011792682646657
58,"Logit Mean loss | Ex-ante",0.0845620657679849,-0.402039425306496,-0.298664389973182,-0.405198588545073,-0.30101124827136,0.0155323734730139,0.000696442674703191
59,"Logit Mean loss | Ex-ante",0.107969145027606,-0.359856353788582,-0.294307495620904,-0.36110982918575,-0.295332646909965,0.0069303008659939,0.000296536948327489
60,"Logit Mean loss | Ex-ante",0.0986258532484391,-0.331263041042597,-0.272927702810907,-0.33498659272002,-0.275995537974221,0.022107494108432,0.000838949968000275
61,"Logit Mean loss | Ex-ante",0.0989535547082074,-0.415254334269577,-0.317242689030119,-0.417931892385036,-0.319288268489456,0.01277232500303,0.000642542861378135
62,"Logit Mean loss | Ex-ante",0.0971012969225648,-0.394196536696078,-0.30631024022798,-0.397338446936593,-0.308751660156762,0.015752254075224,0.000743259420202244
63,"Logit Mean loss | Ex-ante",0.144665669188679,-0.488246712501989,-0.38399221242527,-0.490345402973749,-0.385642773047209,0.00854173093274744,0.000624202324794921
64,"Logit Mean loss | Ex-ante",0.173105318267059,-0.328208534060847,-0.291970578834501,-0.330144746548829,-0.293693011441198,0.011695081133634,0.000497259451979674
65,"Logit Mean loss | Ex-ante",0.129668213135131,0.066849505800405,0.0684479994325834,0.0670841543555846,0.0686882588627689,0.00698341293180595,0.0000161644069524727
66,"Logit Mean loss | Ex-ante",0.135677161769618,-0.466784583994601,-0.367656135377617,-0.468703177651554,-0.369167287959476,0.00817006137052167,0.000546912774548577
67,"Logit Mean loss | Ex-ante",0.134338691952098,-0.485762415356657,-0.375633644219325,-0.487606798238576,-0.377059881081974,0.00755073424002387,0.000526968993745565
68,"Logit Mean loss | Ex-ante",0.163440879231932,-0.381921322621412,-0.328684194618452,-0.383556413909695,-0.330091365759168,0.00850777644547698,0.00045548976904491
69,"Logit Mean loss | Ex-ante",0.145366033534803,0.0875190085914185,0.0899977623215665,0.0878480730940638,0.0903361467408392,0.00747764134589752,0.0000299523564867055
70,"Logit Mean loss | Ex-ante",0.138926732979646,1.44636558582861,1.85389945446868,1.45001901737491,1.85858229179348,0.00503280157754556,0.00851232457433857
71,"Logit Mean loss | Ex-ante",0.143128433965875,-0.383358164656616,-0.323154997452369,-0.38521790403473,-0.324722680442856,0.00963221164696531,0.000499618253268918
72,"Logit Mean loss | Ex-ante",0.153625530808407,0.12494482418088,0.129693589867603,0.125237634056262,0.129997528539221,0.00467060205713369,0.000038633118506799
73,"Logit Mean loss | Ex-ante",0.154014727813024,-0.434391991746342,-0.359403712408553,-0.434950763959153,-0.359866024816449,0.00256770806055986,0.000162415492420673
74,"Logit Mean loss | Ex-ante",0.143172609944515,0.934287579382618,1.14132649916689,0.936225456100682,1.14369381100883,0.00413548065130015,0.00264623747586333
75,"Logit Mean loss | Ex-ante",0.144924757806775,-0.390992772981841,-0.32872836965367,-0.3921623384214,-0.32971168537385,0.00595580604390588,0.00031731242040063
76,"Logit Mean loss | Ex-ante",0.146057454992418,-0.448225614027222,-0.363768745020695,-0.449407726273636,-0.364728117878681,0.00525383733436848,0.000342283828477292
77,"Logit Mean loss | Ex-ante",0.124403168985764,-0.331806782529444,-0.28281542782937,-0.332364421792566,-0.283290731515365,0.00335277439155021,0.000131525857006443
78,"Logit Mean loss | Ex-ante",0.152793078312017,-0.493746318321628,-0.391866709404776,-0.494273410927433,-0.392285041729137,0.0021316605290852,0.000160151804652253
79,"Logit Mean loss | Ex-ante",0.142147862398081,-0.0480121805653902,-0.0472087078150357,-0.0481654623086365,-0.0473594244237187,0.00635467133665027,0.0000069880832452715
80,"Logit Mean loss | Ex-ante",0.142407241953431,-0.464683633810212,-0.370715834345881,-0.465671362546336,-0.371503825692847,0.00423767183027592,0.000286142093582659
81,"Logit Mean loss | Ex-ante",0.129618984996207,-0.123134739551386,-0.117259765858141,-0.123537694443981,-0.117643495068349,0.00651295486544176,0.0000442013198077078
82,"Logit Mean loss | Ex-ante",0.121653801126121,-0.170662080058597,-0.158553363123828,-0.171332054141829,-0.159175801594434,0.00780547643219815,0.0000971046936353765
83,"Logit Mean loss | Ex-ante",0.14381978895548,-0.352447010177279,-0.302700764471554,-0.352918091567976,-0.303105354929056,0.00266785408856012,0.000119727251840361
84,"Logit Mean loss | Ex-ante",0.144071884802848,0.890393388928806,1.08058614604947,0.892144259942162,1.08271101241087,0.00392123339804726,0.00224821405639038
85,"Logit Mean loss | Ex-ante",0.141161618024199,-0.224604226209122,-0.205441923138481,-0.225211092808055,-0.20599701439067,0.00538205239163392,0.000111865719789084
86,"Logit Mean loss | Ex-ante",0.12634126361082,-0.293429443110651,-0.256407248437096,-0.294334183387339,-0.257197837010746,0.00613825921664398,0.000199038649345738
87,"Logit Mean loss | Ex-ante",0.130473699956557,-0.397748319859748,-0.327088341804535,-0.398973118683232,-0.3280955551508,0.00613033196823697,0.000323473561460384
88,"Logit Mean loss | Ex-ante",0.143617485087107,-0.364138286445257,-0.310606034974087,-0.364932521177746,-0.311283508643515,0.00434803918536815,0.000206149203911114
89,"Logit Mean loss | Ex-ante",0.145628516986416,-0.195722803398732,-0.181733617639907,-0.197902887282915,-0.18375788116031,0.0219105045995108,0.00036850999698866
90,"Logit Mean loss | Ex-ante",0.122247084445256,1.42832078544513,1.88984114912944,1.43110079496946,1.89351943796174,0.00388136091654063,0.00680606413691791
91,"Logit Mean loss | Ex-ante",0.115796784051721,-0.364038101606103,-0.300346253764775,-0.36557271647944,-0.301612373509233,0.0083780532427073,0.000374437066833751
92,"Logit Mean loss | Ex-ante",0.112065169658711,-0.395443062748157,-0.316530588684994,-0.39871909483457,-0.319152873566303,0.0163652734367444,0.000825601496282077
93,"Logit Mean loss | Ex-ante",0.138091336079537,-0.468874029635488,-0.370232991179352,-0.470595622530132,-0.371592397857245,0.00730327158638782,0.000494900669645565
94,"Logit Mean loss | Ex-ante",0.146220054448809,0.160984365430498,0.1690907607983,0.16145071858328,0.169580597244179,0.00576869056208458,0.0000812878560289521
95,"Logit Mean loss | Ex-ante",0.128745305502815,0.700792655456275,0.84099144298732,0.703974169880822,0.844809443056175,0.00901830025008643,0.00316417223343085
96,"Logit Mean loss | Ex-ante",0.110307949264874,1.17681288815725,1.55803953689356,1.18032413304312,1.56268824393184,0.0059407787019035,0.00710983212675038
97,"Logit Mean loss | Ex-ante",0.137275518024179,-0.369222738769993,-0.31190292515153,-0.370203049817493,-0.312731048263048,0.00528906014389233,0.000253341975318016
98,"Logit Mean loss | Ex-ante",0.115542412371079,-0.387320688315619,-0.31390147030599,-0.389706350700235,-0.315834914484873,0.0122059095765927,0.000600492435576993
99,"Logit Mean loss | Ex-ante",0.126762926098499,0.81946391328818,1.00567538134433,0.827896379184408,1.01602400465568,0.0202670818150136,0.0104033928374374
100,"Logit Mean loss | Ex-ante",0.129584918544241,-0.21927026796709,-0.19977374363055,-0.22022429826033,-0.200642945848364,0.00864540226291889,0.000171035992204394
101,"Logit Mean loss | Ex-ante",0.155341650408418,-0.394791187181403,-0.33484699690262,-0.396653021288385,-0.336426134380092,0.00936568946728688,0.000521301985852131
102,"Logit Mean loss | Ex-ante",0.143613791514559,1.3382928582351,1.69269351892498,1.34536996344672,1.70164475112408,0.0104930114524641,0.0149590019216199
103,"Logit Mean loss | Ex-ante",0.130189833026142,0.00289974165622849,0.00290281816908503,0.00290799902928981,0.00291108430289727,0.00567101255326927,0.0000000235463509714953
104,"Logit Mean loss | Ex-ante",0.111712308953178,-0.429240374744828,-0.333346300142494,-0.430806723459444,-0.334562720077503,0.00725848100703786,0.000398701796049119
105,"Logit Mean loss | Ex-ante",0.108121946683892,0.7368385827762,0.913247462137292,0.739205179016291,0.916180652744689,0.00639283362409714,0.0026310218788787
106,"Logit Mean loss | Ex-ante",0.187765505346495,-0.258575046759882,-0.238458193678986,-0.259663226606504,-0.239461714335271,0.00836390831287008,0.000235620272024742
107,"Logit Mean loss | Ex-ante",0.14052757244834,-0.428263238004308,-0.349661765617684,-0.428925022039638,-0.350202088843487,0.00308339906248387,0.000184795721674423
108,"Logit Mean loss | Ex-ante",0.150475074739188,-0.00324340443326864,-0.00323997178793588,-0.00324764757412246,-0.00324421043807694,0.00261134797845921,0.0000000134246168709229
109,"Logit Mean loss | Ex-ante",0.183517937381676,-0.430123550943988,-0.36764980674135,-0.432084651810679,-0.369326065465284,0.00905679217345105,0.000607336099084301
110,"Logit Mean loss | Ex-ante",0.17234706110678,1.15739210333417,1.38952619532489,1.1606536390376,1.39344188585349,0.00561227397590217,0.00533880883953013
111,"Logit Mean loss | Ex-ante",0.151179866051114,0.733959854074657,0.865133838163095,0.735673911349089,0.867154233339246,0.00465440039293811,0.00171303437147236
112,"Logit Mean loss | Ex-ante",0.114921260831137,-0.3323100272278,-0.28001587648798,-0.333764135477496,-0.281241158190864,0.0086944074754049,0.000337966558542146
113,"Logit Mean loss | Ex-ante",0.155129700201609,-0.0711635710148456,-0.0695057122565527,-0.0715659977243134,-0.0698987638512624,0.0112146904483727,0.0000269965219317025
114,"Logit Mean loss | Ex-ante",0.127161353309832,0.178675665925354,0.189780750761266,0.179129602912154,0.190262900928201,0.00506183023537548,0.0000897228894991887
115,"Logit Mean loss | Ex-ante",0.137236042222499,0.170428816761752,0.179968356002601,0.170917966361887,0.180484885138039,0.00571560337005454,0.000091225588649024
116,"Logit Mean loss | Ex-ante",0.11665702277997,0.132299032892614,0.13891410465386,0.133269923139104,0.139933540294162,0.0145172096943553,0.000140527490000085
117,"Logit Mean loss | Ex-ante",0.15231104288979,-0.208475606886474,-0.193091021972352,-0.208917804176389,-0.19350058704281,0.00422873782624922,0.0000774638871179186
118,"Logit Mean loss | Ex-ante",0.114207253139545,0.507146238366309,0.593636128623006,0.508804907251978,0.595577670729535,0.00650923483250503,0.00113220862536296
119,"Logit Mean loss | Ex-ante",0.135086123404393,-0.379078902637423,-0.31747178728115,-0.381028414293589,-0.319104468354938,0.0102067158078901,0.000511553229788313
120,"Logit Mean loss | Ex-ante",0.138734357278216,0.347533424575256,0.384312061898181,0.348714482207043,0.385618108055461,0.00676230919987647,0.000493219469940477
121,"Logit Mean loss | Ex-ante",0.100752735448723,-0.36588707001701,-0.294069540640839,-0.367336709621678,-0.295234640169006,0.00787712838599726,0.000337148030471881
122,"Logit Mean loss | Ex-ante",0.0990051031768416,-0.386078875953456,-0.303669982231754,-0.389151242723672,-0.306086549468738,0.0157277592694559,0.000729329276842796
123,"Logit Mean loss | Ex-ante",0.150721460925281,0.384654297955364,0.426008288365146,0.385400466071741,0.426834676641008,0.00386842185985459,0.000344683148025304
124,"Logit Mean loss | Ex-ante",0.165245735816995,1.12668947166381,1.36260107069059,1.13241674315178,1.36952754551609,0.010089551391915,0.00931324508608086
125,"Logit Mean loss | Ex-ante",0.17373193718016,-0.482414269703636,-0.396814057658383,-0.484348227942517,-0.398404851845677,0.00796987402129986,0.000621239945656065
126,"Logit Mean loss | Ex-ante",0.161784444137673,-0.13706290633753,-0.130954670362665,-0.137772337799455,-0.131632485868872,0.0102720899504213,0.0000876098027133024
127,"Logit Mean loss | Ex-ante",0.186461206157763,0.379079786088219,0.411788031063583,0.380778652365811,0.413633481085356,0.00890321172849884,0.000748765012113291
128,"Logit Mean loss | Ex-ante",0.223113568998377,-0.0719704852102099,-0.0707810966515364,-0.0728626214345484,-0.0716584893790802,0.0243382549357583,0.0000624035068622095
129,"Logit Mean loss | Ex-ante",0.174237719170712,-0.410406897810221,-0.351402707338932,-0.411361128093148,-0.352219747955536,0.0046339989786464,0.000281374071795553
130,"Logit Mean loss | Ex-ante",0.226113563449282,-0.288039062663646,-0.267096851412327,-0.291612336144737,-0.270410325936263,0.0243568633906406,0.000889324895236583
131,"Logit Mean loss | Ex-ante",0.171184307827029,-0.453196026829266,-0.378085588828652,-0.454678389396198,-0.379322272053563,0.00650985914215563,0.00045931249120258
132,"Logit Mean loss | Ex-ante",0.178044870756162,-0.42866518207026,-0.364873045855876,-0.429788788713591,-0.365829442119077,0.00522181098040736,0.000342243920412665
133,"Logit Mean loss | Ex-ante",0.16176849046898,0.666624968723822,0.770555848772186,0.668472210411663,0.772691086654719,0.00551912060124804,0.00161424255355207
134,"Logit Mean loss | Ex-ante",0.109572748384183,-0.337106069274486,-0.281108578084739,-0.339060780704243,-0.282738587748367,0.011496917425737,0.00045295712243603
135,"Logit Mean loss | Ex-ante",0.157153046810226,-0.293794574286669,-0.262742663922211,-0.294403329884811,-0.263287078562685,0.00413124551252831,0.00014009464329617
136,"Logit Mean loss | Ex-ante",0.147113834033569,-0.18249331902577,-0.170507810862464,-0.182752839121924,-0.170750286607364,0.00283810451619384,0.0000404267783156081
137,"Logit Mean loss | Ex-ante",0.146961108595548,-0.421229321111395,-0.348411625669879,-0.422847470716544,-0.349750046587539,0.00763894101521376,0.000458735705708702
138,"Logit Mean loss | Ex-ante",0.175248035226096,0.686284170828243,0.786629997148883,0.687964635212422,0.78855617255832,0.00487935540830096,0.00148537300910931
139,"Logit Mean loss | Ex-ante",0.157636331669864,-0.164734554666049,-0.155595178940669,-0.16498817348967,-0.155834727141859,0.00307202495305219,0.0000364563332762458
140,"Logit Mean loss | Ex-ante",0.136870648026544,-0.320824060702755,-0.278661589036205,-0.321661521647529,-0.279388991454575,0.00520031588455314,0.000198790765538693
141,"Logit Mean loss | Ex-ante",0.186381574788262,-0.362609534378412,-0.320530294899291,-0.363948604078393,-0.321713971458048,0.00734502771656007,0.000373094202424367
142,"Logit Mean loss | Ex-ante",0.161214927310242,-0.0795668926615387,-0.0775546338679002,-0.0799201850241304,-0.0778989914130123,0.00882158835296019,0.0000263112913325868
143,"Logit Mean loss | Ex-ante",0.165317609392573,1.0411396181441,1.25112939326842,1.04446297089773,1.25512304046214,0.00635362975263157,0.00490734054779828
144,"Logit Mean loss | Ex-ante",0.132629252458361,-0.264686115117884,-0.236137928907399,-0.266301154174691,-0.237578775087823,0.0120926376807671,0.000336591881344874
145,"Logit Mean loss | Ex-ante",0.176544745866168,-0.126809819493209,-0.12199752834917,-0.127967738237968,-0.123111505369674,0.018015165926824,0.000135461010044383
146,"Logit Mean loss | Ex-ante",0.139142001595806,-0.218007137585779,-0.199801804044975,-0.2184990773593,-0.200252662926566,0.00449783120851795,0.00008826755217751
147,"Logit Mean loss | Ex-ante",0.146359123455344,-0.413337693999206,-0.343340416419616,-0.413988857419654,-0.343881307616281,0.0031433276574553,0.000181659290106542
148,"Logit Mean loss | Ex-ante",0.154795086863894,-0.440856441481222,-0.363630255592709,-0.442922275575212,-0.365334211141336,0.00930644755762432,0.000610813776549678
149,"Logit Mean loss | Ex-ante",0.149481015157907,-0.276493974430948,-0.248056967055104,-0.277110026404852,-0.248609658970034,0.00444132029197691,0.000134327448834964
150,"Logit Mean loss | Ex-ante",0.139828042577591,0.450862201118882,0.510046914654226,0.452243817154688,0.511609895526321,0.00610071624161201,0.000782708156904502
151,"Logit Mean loss | Ex-ante",0.182813376530386,-0.295859826938956,-0.268330576661011,-0.296961839168908,-0.269330048540008,0.00740814020917083,0.000263749498714262
152,"Logit Mean loss | Ex-ante",0.158666602085327,0.663960662426478,0.7692083444871,0.666612192056227,0.772280181167009,0.00793941747046408,0.00232532555274481
153,"Logit Mean loss | Ex-ante",0.134270287117406,-0.299257073317588,-0.262444913022329,-0.299662308169625,-0.262800299193547,0.00270278136708032,0.0000911846129695826
154,"Logit Mean loss | Ex-ante",0.112224239156001,-0.254222746001426,-0.224447448401181,-0.2552182788227,-0.225326381561368,0.00778620702874223,0.00019410124108435
155,"Logit Mean loss | Ex-ante",0.12925643841607,-0.243790818937847,-0.219341918066,-0.244792914065463,-0.22024351669196,0.00817053075992581,0.000194671810234142
156,"Logit Mean loss | Ex-ante",0.125289837848641,0.321328788076375,0.355808187565519,0.322329477127554,0.356916253107197,0.00619946840618156,0.000387143004945978
157,"Logit Mean loss | Ex-ante",0.106822052347275,-0.3976030112151,-0.314547364246966,-0.398821694788165,-0.315511475923553,0.0061020832967412,0.000297748931664617
158,"Logit Mean loss | Ex-ante",0.15716907614186,0.0575580237639183,0.0585735183506518,0.0577044439136396,0.058722521786937,0.00506839249893398,0.00000855795398413307
159,"Logit Mean loss | Ex-ante",0.134920033122912,-0.300493879696995,-0.263495268639457,-0.30170619604189,-0.26455831731551,0.00802025742247169,0.000275684204573253
160,"Logit Mean loss | Ex-ante",0.0943963016757929,-0.315903286901961,-0.261672993930472,-0.319910196376235,-0.264992047710583,0.0248933359062036,0.000873333656439973
161,"Logit Mean loss | Ex-ante",0.160572889589363,-0.496482984379163,-0.397882553888027,-0.49722946634628,-0.398480786175644,0.00300031143523373,0.00023279284382944
162,"Logit Mean loss | Ex-ante",0.12734621668948,0.158073053194273,0.166822802796865,0.158397646461472,0.167165363135322,0.00409426138901395,0.0000559671849363587
163,"Logit Mean loss | Ex-ante",0.124362606970215,0.183420910925106,0.195305800796884,0.184244579741098,0.196182839826335,0.00892105161276742,0.000168777043248412
164,"Logit Mean loss | Ex-ante",0.161295609696895,0.359150575584497,0.393372001663942,0.360669623374958,0.395035790922763,0.00840574738047822,0.000644464149930532
165,"Logit Mean loss | Ex-ante",0.151766549829361,-0.251834935639117,-0.228833103886832,-0.25742385106203,-0.233911544891613,0.0429505275336323,0.00119624729505969
166,"Logit Mean loss | Ex-ante",0.123666514670835,-0.425091635953645,-0.339015108709171,-0.426165704217454,-0.33987168959296,0.00503426137998773,0.000284735197255726
167,"Logit Mean loss | Ex-ante",0.0993744760633542,-0.359166700484856,-0.289582855930002,-0.36060344146277,-0.290741247159073,0.00795266285367309,0.000330123935427582
168,"Logit Mean loss | Ex-ante",0.148455594764843,-0.389146730899044,-0.328789456323014,-0.390103204978459,-0.329597579757152,0.00489768606002861,0.000260480235273323
169,"Logit Mean loss | Ex-ante",0.145105158348773,-0.485763703335787,-0.383063719126526,-0.487176957002259,-0.38417818322055,0.00579339309653625,0.000418991574199335
170,"Logit Mean loss | Ex-ante",0.168133310081705,-0.170015209256203,-0.160790861385453,-0.171225761594665,-0.161935733977176,0.0140898550951607,0.000182573658981266
171,"Logit Mean loss | Ex-ante",0.162320343760301,0.609058418771702,0.697571199115641,0.611566887491747,0.700444216676936,0.0081865917474933,0.00197289424440513
172,"Logit Mean loss | Ex-ante",0.123323639218368,0.8296157650918,1.02434709813269,0.834521865566467,1.03040478169638,0.0117233097217357,0.00613579664515287
173,"Logit Mean loss | Ex-ante",0.173378963966973,0.148997026060718,0.154989818716509,0.149714459383823,0.15573610784475,0.0095610584561388,0.000114061857384224
174,"Logit Mean loss | Ex-ante",0.191679418678147,-0.204398777434107,-0.19240172314557,-0.205768565708004,-0.19369111258102,0.013269558179859,0.000245788106365857
175,"Logit Mean loss | Ex-ante",0.118888857689807,-0.189671224841778,-0.174313872129328,-0.190953304566554,-0.175492144064835,0.0133831223445772,0.00020352033445239
176,"Logit Mean loss | Ex-ante",0.124671382565603,0.472031401515345,0.542838395169448,0.473026691057946,0.5439829829581,0.00420374779376786,0.00060858372397165
177,"Logit Mean loss | Ex-ante",0.123777326628373,-0.162424991028271,-0.15164190710261,-0.162858355249721,-0.152046501103784,0.00531489627495345,0.0000601790850425891
178,"Logit Mean loss | Ex-ante",0.156191601478183,-0.458249005327756,-0.374479553075336,-0.45925315441525,-0.37530014034805,0.00436818473878775,0.000301053184120181
179,"Logit Mean loss | Ex-ante",0.0897640679639823,-0.37899583404704,-0.29372190799398,-0.382259384498764,-0.2962511607704,0.0170021679296293,0.000739529329609162
180,"Logit Mean loss | Ex-ante",0.170261939747292,-0.186399385695516,-0.175350635211581,-0.187129750355066,-0.176037707792374,0.00779073724954968,0.000118541448682421
181,"Logit Mean loss | Ex-ante",0.119401967259587,0.547231963539364,0.643187404297393,0.548813724161172,0.645046521776535,0.00575598284334609,0.00117352438956719
182,"Logit Mean loss | Ex-ante",0.131794362536247,-0.427901143450564,-0.345050919708519,-0.431459097050877,-0.347919982296593,0.0164246557637509,0.000984761197521833
183,"Logit Mean loss | Ex-ante",0.136643094478762,-0.427722612016409,-0.347450630248699,-0.428929760978082,-0.348431229954569,0.00562073521066606,0.000334317226144116
184,"Logit Mean loss | Ex-ante",0.128573207877741,-0.45057912485404,-0.355072607125886,-0.453988782640037,-0.35775954048054,0.0149644832306024,0.000947274446900514
185,"Logit Mean loss | Ex-ante",0.132830707236918,0.976412078935195,1.2155158400278,0.978606483936857,1.21824761086155,0.0044797264183689,0.00325353932190927
186,"Logit Mean loss | Ex-ante",0.142077749930929,-0.161265022940064,-0.151730311600433,-0.161507513594046,-0.151958465119516,0.00300058626869423,0.0000338566942149341
187,"Logit Mean loss | Ex-ante",0.159465203831836,0.00986398659236646,0.00989402815374839,0.00996207994931857,0.00999242026187747,0.0195963916729373,0.000000972290702483483
188,"Logit Mean loss | Ex-ante",0.136241608900318,-0.100362162128396,-0.0966465461121568,-0.100524356355957,-0.0968027355720155,0.00322436043784904,0.0000147674316307602
189,"Logit Mean loss | Ex-ante",0.141737473641084,-0.123173002991768,-0.117695664023704,-0.123864520638702,-0.118356430804274,0.0111345415464173,0.0000768426605198234
190,"Logit Mean loss | Ex-ante",0.1494332733085,-0.333491143675826,-0.290824406119496,-0.334920582655084,-0.292070963187382,0.00851777188239945,0.000357027259722028
191,"Logit Mean loss | Ex-ante",0.139780699581317,-0.20382557242797,-0.188079130949383,-0.204672919263566,-0.188861016433884,0.00826286964316372,0.00014477798013991
192,"Logit Mean loss | Ex-ante",0.111975796975968,-0.393726895891068,-0.315551510172832,-0.39497482965704,-0.31655166380358,0.00630907203195311,0.000309946618124939
193,"Logit Mean loss | Ex-ante",0.11978185776275,-0.413741765886442,-0.330747713836828,-0.415641619536755,-0.332266468536681,0.0091208942834318,0.000495077652062039
194,"Logit Mean loss | Ex-ante",0.155332621703872,-0.321847975958977,-0.283641257034902,-0.324463452863582,-0.285946249492156,0.0160568797169999,0.000650045131379797
195,"Logit Mean loss | Ex-ante",0.106212293494302,-0.410780276585806,-0.320705492431961,-0.412083491666006,-0.321722942046422,0.00631500361469617,0.000320459000709009
196,"Logit Mean loss | Ex-ante",0.176451936969765,0.663708217166749,0.757779918493344,0.665958635868831,0.760349303739046,0.00674701476812741,0.00191320552763977
197,"Logit Mean loss | Ex-ante",0.130153513133928,-0.368467222789324,-0.308864537706607,-0.369225301358837,-0.309499990665342,0.00410210426252101,0.000192219171210977
198,"Logit Mean loss | Ex-ante",0.205692668152957,-0.125046776438409,-0.121021367235233,-0.126233169665245,-0.122169569008039,0.0187085235190398,0.000138628049016627
199,"Logit Mean loss | Ex-ante",0.117645328454481,-0.0488640339859939,-0.0479001188278682,-0.0492358945204294,-0.0482646438646665,0.0150482194089161,0.000017338514943209
200,"Logit Mean loss | Ex-ante",0.166802150351642,0.0846009870095832,0.086658417868744,0.0848850071209395,0.0869493451305058,0.00668068399583804,0.0000247712669551758
201,"Logit Mean loss | Ex-ante",0.151428270887281,-0.351931520044071,-0.304454694903876,-0.35331095222415,-0.305648036732063,0.00779335773450255,0.000357477936969721
202,"Logit Mean loss | Ex-ante",0.160683189788388,-0.168285263527,-0.158888186809361,-0.16891360411657,-0.159481440757348,0.00742594905680296,0.0000927028080058467
203,"Logit Mean loss | Ex-ante",0.132721577145676,-0.380959441670022,-0.31775215566855,-0.382736547549421,-0.319234411158937,0.00926475509041651,0.000464279243787581
204,"Logit Mean loss | Ex-ante",0.152075898829288,0.0592736979315707,0.0603808687570651,0.0595480106490496,0.0606603053498623,0.0091919408443284,0.0000166306956018394
205,"Logit Mean loss | Ex-ante",0.145656930862895,-0.469962341806132,-0.375367202532669,-0.472296548380137,-0.377231574449045,0.00986006977330693,0.000690371772060847
206,"Logit Mean loss | Ex-ante",0.17174819556043,-0.0770773089563829,-0.075294535556694,-0.077315360734415,-0.0755270812735602,0.00614846256878784,0.0000171922993020484
207,"Logit Mean loss | Ex-ante",0.159094250416748,0.774534920531886,0.911042707879055,0.77736971148309,0.914377116123273,0.00727999090277981,0.00298702115353395
208,"Logit Mean loss | Ex-ante",0.185385777798668,0.0444809756875819,0.0450045366547069,0.044672444459881,0.0451982591000437,0.00855374946666342,0.00000858646306493226
209,"Logit Mean loss | Ex-ante",0.185912654439456,0.602845482627559,0.678032107278504,0.605202759070219,0.680683382207012,0.00777486747622801,0.00176870990594138
210,"Logit Mean loss | Ex-ante",0.144352771570579,0.835205032117309,1.00591644327595,0.837082320805443,1.00817743966312,0.00448028487530223,0.00222850315732619
211,"Logit Mean loss | Ex-ante",0.124459393499608,1.02782628948512,1.30377421733135,1.03021757448112,1.30680750783576,0.00463690349462082,0.00387572812081529
212,"Logit Mean loss | Ex-ante",0.17419631612863,0.95344632492941,1.12594222597107,0.954944651396331,1.12771162713533,0.00313557652426234,0.00194877169786117
213,"Logit Mean loss | Ex-ante",0.252857849361266,-0.51022976266529,-0.44457434422168,-0.517449667307855,-0.450865204941064,0.0277110448535878,0.00282250376376671
214,"Logit Mean loss | Ex-ante",0.120129242581215,-0.440215026725069,-0.344434481910549,-0.442607922774629,-0.346306739468923,0.0107834835422978,0.000636902784782564
215,"Logit Mean loss | Ex-ante",0.188581733923534,-0.490750419593446,-0.408422467010153,-0.492523891112788,-0.409898422168178,0.00718859981608848,0.00059267087437278
216,"Logit Mean loss | Ex-ante",0.15620515514537,-0.341074952503608,-0.297918752208606,-0.342669478918008,-0.299311523258649,0.00928484529869263,0.000409031052864305
217,"Logit Mean loss | Ex-ante",0.170601731367435,-0.346177458283892,-0.304927570837169,-0.347198344215939,-0.305826809825474,0.00587206169713414,0.000269142932436084
218,"Logit Mean loss | Ex-ante",0.145869372910498,-0.396105645630913,-0.332349230809307,-0.397395901274489,-0.333431809347178,0.00648301129247433,0.000353426474503701
219,"Logit Mean loss | Ex-ante",0.187346952984762,-0.219813872551638,-0.205522513353082,-0.22066807530356,-0.206321179490256,0.00772698495548708,0.000161491641748857
220,"Logit Mean loss | Ex-ante",0.108975189075314,-0.394915225585123,-0.314458110994538,-0.39790903655446,-0.316841985003694,0.0149911069690847,0.000744324891110626
221,"Logit Mean loss | Ex-ante",0.128656316949271,0.554051814045846,0.646424626753428,0.555870760092085,0.648546831733569,0.00653378503373473,0.00134765263067104
222,"Logit Mean loss | Ex-ante",0.171688554576983,-0.294131021606526,-0.265332432462718,-0.294835144019905,-0.265967613721984,0.0047706770275192,0.000165195383410899
223,"Logit Mean loss | Ex-ante",0.186901549732353,0.409167956268368,0.446683623591255,0.411247132690729,0.448953434910048,0.0100860058329472,0.00100047879563661
224,"Logit Mean loss | Ex-ante",0.172164679495908,-0.304623861867723,-0.273642151260621,-0.305558656285888,-0.274481872594349,0.00610923299003854,0.000225610292235322
225,"Logit Mean loss | Ex-ante",0.158537152513311,-0.100578547327819,-0.0972856317183433,-0.100771587587895,-0.0974723518902638,0.00382757419263323,0.0000177842490625735
226,"Logit Mean loss | Ex-ante",0.175484015497259,0.74707147943141,0.86264304640885,0.749530158266707,0.865482081573511,0.00654982648593756,0.00240593232412911
227,"Logit Mean loss | Ex-ante",0.095460002390759,-0.383298436165649,-0.299893561061817,-0.384998424076876,-0.301223635438221,0.00881164491286434,0.000392972742838854
228,"Logit Mean loss | Ex-ante",0.16188751405587,-0.514698079691673,-0.408015806950843,-0.515832555103402,-0.40891513787677,0.00439378193280413,0.000359501589516451
229,"Logit Mean loss | Ex-ante",0.162725053635427,-0.5393766801501,-0.4203189851848,-0.540865873093379,-0.421479465586899,0.00549911866403288,0.000478546672131223
230,"Logit Mean loss | Ex-ante",0.120645260050089,-0.392345253441452,-0.319321791371214,-0.393945012050376,-0.320623802241188,0.00810524492499286,0.00040923767558916
231,"Logit Mean loss | Ex-ante",0.165483626997569,-0.298360967030088,-0.267671474969177,-0.299975550780571,-0.269119982185972,0.0107357989078024,0.000382910702786406
232,"Logit Mean loss | Ex-ante",0.149252629374443,-0.248656411676981,-0.225952001109252,-0.249754174454847,-0.22694952896196,0.00877142687820872,0.000222043746356819
233,"Logit Mean loss | Ex-ante",0.146870410625768,-0.409873686422662,-0.341405472771923,-0.410312536594614,-0.341771014292138,0.00213795800283636,0.000121922163842613
234,"Logit Mean loss | Ex-ante",0.164940144878517,-0.483405904564836,-0.393112062529393,-0.484550537804902,-0.394042893389325,0.00471893514307626,0.000358648323835764
235,"Logit Mean loss | Ex-ante",0.15662348304198,0.315484303020091,0.34308641534995,0.316800430374514,0.344517692316348,0.0082916141808114,0.000483461281719279
236,"Logit Mean loss | Ex-ante",0.108273811223842,-0.270791174177655,-0.235774707393999,-0.273701463811697,-0.238308662531133,0.0211530981390239,0.000597891545435128
237,"Logit Mean loss | Ex-ante",0.191171252959855,-0.291561990327254,-0.265996880990512,-0.293284737776111,-0.267568572306022,0.0117134479855967,0.000413385853270433
238,"Logit Mean loss | Ex-ante",0.172465245083341,0.566884523945742,0.640209238418544,0.568762292208863,0.642329890048424,0.00659209853949344,0.00133381588207427
239,"Logit Mean loss | Ex-ante",0.16167812860796,-0.175261383015614,-0.165090447752641,-0.175838332196425,-0.165633914869879,0.00655150273262157,0.0000881409329332668
240,"Logit Mean loss | Ex-ante",0.115192143718937,-0.412148892557429,-0.327210197203877,-0.414031673209972,-0.328704960479323,0.00907418376957462,0.000482017142045952
241,"Logit Mean loss | Ex-ante",0.135135626961643,-0.470235177352211,-0.368985822179577,-0.47129889913266,-0.36982050719387,0.00450890665006467,0.000301786205875996
242,"Logit Mean loss | Ex-ante",0.154858184245637,-0.41971560387378,-0.350710527820339,-0.420814054290885,-0.351628382963231,0.00521378392200439,0.000315700054217489
243,"Logit Mean loss | Ex-ante",0.0801961015648312,-0.407151654090053,-0.294945361971705,-0.421369432656076,-0.305244885020337,0.0663451617596596,0.00322554596936974
244,"Logit Mean loss | Ex-ante",0.157760127762517,-0.326277058703661,-0.287438512814202,-0.327717845192332,-0.288707794593411,0.00877351878060247,0.000359419364998473
245,"Logit Mean loss | Ex-ante",0.144061953429613,-0.391500127678953,-0.328737343386217,-0.393248398045888,-0.330205342284083,0.0088716659473342,0.000475474268994871
246,"Logit Mean loss | Ex-ante",0.102346996312365,-0.210752016289999,-0.189363154209462,-0.21424803848588,-0.192504371085353,0.0323690130928097,0.000603926965285076
247,"Logit Mean loss | Ex-ante",0.0920636297071962,-0.439146700077207,-0.318376391513807,-0.46024592324477,-0.333673089712044,0.089585121352322,0.00533731021140275
248,"Logit Mean loss | Ex-ante",0.177491689608938,0.442303529285857,0.487957467260597,0.448202801817265,0.494465654269083,0.0261508817694071,0.0031985302574377
249,"Logit Mean loss | Ex-ante",0.182710244655669,0.0740331481322738,0.0754854606106212,0.0745355155397895,0.0759976829881477,0.0134345199695991,0.0000383160279451894
250,"Logit Mean loss | Ex-ante",0.16662703376064,-0.430754889790331,-0.362193481947839,-0.433233944080677,-0.364277955802089,0.011411670268514,0.000746247788116879
251,"Logit Mean loss | Ex-ante",0.094634039415777,-0.221993161932482,-0.196750003046076,-0.225255015304163,-0.199640946421211,0.0287517362044902,0.000574799788645848
252,"Logit Mean loss | Ex-ante",0.154091568368092,-0.544710065456727,-0.415924544676455,-0.545881133510135,-0.416818737711957,0.00428595841465084,0.000364326976305707
253,"Logit Mean loss | Ex-ante",0.111590067386387,-0.420908840316755,-0.329299564844402,-0.42241040214493,-0.330474317211762,0.0070968564451153,0.000380292799673973
254,"Logit Mean loss | Ex-ante",0.155097196643631,-0.497749146980025,-0.395302393014442,-0.499165732346151,-0.396427416710688,0.00566775804704428,0.000436405972088044
255,"Logit Mean loss | Ex-ante",0.113820557129366,-0.422637902562385,-0.331644433556199,-0.424820946999464,-0.333357470960969,0.0102510735568024,0.000560722826026412
256,"Logit Mean loss | Ex-ante",0.128303246365108,-0.489187187460228,-0.372309889991344,-0.491511456967874,-0.374078841727784,0.00943527947517311,0.000649354331545814
257,"Logit Mean loss | Ex-ante",0.117204886671944,-0.450471651988846,-0.347071925078217,-0.452212696321747,-0.348413336031823,0.00768528963339263,0.000458019417014398
258,"Logit Mean loss | Ex-ante",0.134292685206244,1.26687373369362,1.6204640858143,1.2721750185337,1.62724498391294,0.0083168420413567,0.0108186965257004
259,"Logit Mean loss | Ex-ante",0.115287984334146,-0.208969679439595,-0.189711439122887,-0.210310306664233,-0.19092851674293,0.0127084051980761,0.000228597118228168
260,"Logit Mean loss | Ex-ante",0.120454089577053,-0.462937172230801,-0.355025620788125,-0.465180697610247,-0.356746176056464,0.00962256271019911,0.000602410045928028
261,"Logit Mean loss | Ex-ante",0.100268076815848,-0.272960956882158,-0.235266319123529,-0.275203672534147,-0.237199326181795,0.0162321771127518,0.00045226668853692
262,"Logit Mean loss | Ex-ante",0.131862871457739,-0.447699972807929,-0.355657407262268,-0.450207607431058,-0.357649497685748,0.0111088790149328,0.000700036263974948
263,"Logit Mean loss | Ex-ante",0.12292117383644,-0.403024467498078,-0.326548651522303,-0.404596358625501,-0.327822268807094,0.0077550755407579,0.000409192429130997
264,"Logit Mean loss | Ex-ante",0.0752231266099686,1.36566893406085,2.01797707625682,1.37906720594824,2.03777499715542,0.0193365292778757,0.0398891264232114
265,"Logit Mean loss | Ex-ante",0.118873925039298,-0.433793910494173,-0.340472358113305,-0.435847039836961,-0.342083800256544,0.0093991393926276,0.000540926111152796
266,"Logit Mean loss | Ex-ante",0.186921763131544,-0.506052726689917,-0.416822496718539,-0.50924459472747,-0.419451555578297,0.0124964113419648,0.00108466040953459
267,"Logit Mean loss | Ex-ante",0.192841634333936,-0.347257163368814,-0.310221544835381,-0.348623665540862,-0.311442307024189,0.00782404732478145,0.000372633184024347
268,"Logit Mean loss | Ex-ante",0.194450444727447,-0.530806674825506,-0.434766106178021,-0.532792957311348,-0.43639300414878,0.00744221548549078,0.000695641592076124
269,"Logit Mean loss | Ex-ante",0.161932456366248,-0.0410361463335143,-0.0405118762965867,-0.0411110947698438,-0.0405858672058823,0.00364281800793338,0.0000029339696652439
270,"Logit Mean loss | Ex-ante",0.166920787370525,-0.476016168133901,-0.389877856927646,-0.477019846866407,-0.390699913276714,0.0042036944105541,0.000313928537105973
271,"Logit Mean loss | Ex-ante",0.139838277017814,-0.209516385646346,-0.192838085116307,-0.211308019306541,-0.194487097928341,0.0168856651493755,0.000316504053263556
272,"Logit Mean loss | Ex-ante",0.150003504492829,0.0182259656886944,0.0183336781862541,0.0182988179355656,0.018406960978074,0.00794665813585133,0.00000132220023192112
273,"Logit Mean loss | Ex-ante",0.124140284853801,1.29829778971808,1.69527140591234,1.30299329711925,1.70140263366032,0.00719427639860025,0.0102192868165402
274,"Logit Mean loss | Ex-ante",0.131073316156817,0.0315982734331687,0.0319574509058337,0.0318807584742105,0.0322431469534301,0.0176428385286007,0.0000090961461395961
275,"Logit Mean loss | Ex-ante",0.147168687628999,-0.424148570255754,-0.350264146724564,-0.425402817235912,-0.351299910556143,0.00588805684527897,0.000356103564812349
276,"Logit Mean loss | Ex-ante",0.177150533856796,-0.165846969628783,-0.157491678738632,-0.166642406857897,-0.158247042221153,0.00952385178042286,0.000117306843527526
277,"Logit Mean loss | Ex-ante",0.149862140657516,-0.41434260689856,-0.345380472741578,-0.415182732350009,-0.346080769840532,0.00404292079558941,0.00023686074267302
278,"Logit Mean loss | Ex-ante",0.152610709227692,-0.382832385252318,-0.326004742249881,-0.383814364218828,-0.32684095624902,0.00511040166416607,0.00026732318726859
279,"Logit Mean loss | Ex-ante",0.127945002840566,1.3314397082923,1.73073298480638,1.3363828732001,1.73715858448017,0.00738414542205019,0.0109365793168865
280,"Logit Mean loss | Ex-ante",0.153366365537301,-0.217627192989588,-0.200885666123748,-0.218175458109397,-0.201391754550898,0.00501959516209951,0.000099682994395856
281,"Logit Mean loss | Ex-ante",0.1414853945518,-0.278520559394185,-0.248292801710827,-0.278925287856242,-0.248653605107154,0.00289995094354425,0.000087604209315756
282,"Logit Mean loss | Ex-ante",0.14925614139189,-0.382069628064385,-0.324404756736645,-0.385345712365028,-0.327186389330639,0.0169310730221172,0.000898203022116058
283,"Logit Mean loss | Ex-ante",0.170387304914629,-0.406974888542092,-0.347874694638237,-0.408759566954761,-0.349400205118893,0.00871310437294624,0.000522761267891288
284,"Logit Mean loss | Ex-ante",0.186900541289805,1.35530263954463,1.60435561700362,1.36022941021063,1.61018774036932,0.00723091003863441,0.00919986136630234
285,"Logit Mean loss | Ex-ante",0.173566697881898,-0.522677766160966,-0.41910880461221,-0.528170390991015,-0.42351306202613,0.0206905388096267,0.00184615860557726
286,"Logit Mean loss | Ex-ante",0.193095447388476,-0.493112004229688,-0.411781259112867,-0.497738745507683,-0.415644895229409,0.0185046365497251,0.0015867947295283
287,"Logit Mean loss | Ex-ante",0.152184764835114,-0.528436457349861,-0.407709077567939,-0.537455544723071,-0.414667650812255,0.0332805658941633,0.00288385955128828
288,"Logit Mean loss | Ex-ante",0.168006173690886,0.0042576733571335,0.00426302931468716,0.00428313845106759,0.00428852644253996,0.0118555091202381,0.00000010749777610807
289,"Logit Mean loss | Ex-ante",0.176964094810616,-0.519484441012815,-0.4193261567013,-0.521164754214538,-0.420682500070429,0.00643790431904389,0.000558652742973899
290,"Logit Mean loss | Ex-ante",0.164319801687535,0.410115507487494,0.453076395429431,0.41208478209505,0.455251957739348,0.00953478167099286,0.000971983086704041
291,"Logit Mean loss | Ex-ante",0.168454161157918,-0.481584006375335,-0.393823577179861,-0.484286397378788,-0.396033503750988,0.0111291630065436,0.000859944316246866
292,"Logit Mean loss | Ex-ante",0.131440117318956,0.634948984383153,0.750713151156785,0.636422334501493,0.752455123090436,0.00462474240226023,0.00128157920930511
293,"Logit Mean loss | Ex-ante",0.146659935672488,1.06198833527087,1.30951003595727,1.06720708631521,1.31594514135415,0.00975629003923977,0.00831192699734133
294,"Logit Mean loss | Ex-ante",0.157585376139601,0.600173545305346,0.688993459556746,0.601983915873811,0.691071747563278,0.00600563676369413,0.00140573985127354
295,"Logit Mean loss | Ex-ante",0.136859747500778,-0.383287787799057,-0.320814046887929,-0.384111650048405,-0.321503624251739,0.00428510157589206,0.000216711222376838
296,"Logit Mean loss | Ex-ante",0.1363240705771,-0.383440073027541,-0.320706863766017,-0.38424759992638,-0.321382274181753,0.00419874246701643,0.000212165100083518
297,"Logit Mean loss | Ex-ante",0.141409452302326,-0.392768336479263,-0.328547701136241,-0.394188007351017,-0.329735244932327,0.00719004316736902,0.000383600933437923
298,"Logit Mean loss | Ex-ante",0.125602899703453,-0.257292275971636,-0.229249965577642,-0.258136778751655,-0.230002425916836,0.00653236144871138,0.000169459084451783
299,"Logit Mean loss | Ex-ante",0.154724301439401,-0.472412973258027,-0.38170648588977,-0.473706405882452,-0.382751570698512,0.00545344872059474,0.000391348452848923
300,"Logit Mean loss | Ex-ante",0.171935996188625,-0.0102965445390624,-0.0102656812501548,-0.0103349110413501,-0.0103039327511001,0.0074108597079758,0.000000386178991217863
301,"Logit Mean loss | Ex-ante",0.134315271669711,-0.133152905202464,-0.126441183277581,-0.133422870394336,-0.126697540570365,0.00404266629799353,0.0000317429342225055
302,"Logit Mean loss | Ex-ante",0.146499114704282,0.734449217582466,0.86981503697925,0.735755628088124,0.87136223108755,0.00354805487606314,0.00131708854409029
303,"Logit Mean loss | Ex-ante",0.123098463584686,-0.45022105357348,-0.351249361667522,-0.451512916287364,-0.352257235355374,0.00571418684690988,0.000347413410774919
304,"Logit Mean loss | Ex-ante",0.106392617917622,1.1631437116144,1.54910121861136,1.16848490030205,1.55621473504294,0.00912118128095792,0.0108605827422543
305,"Logit Mean loss | Ex-ante",0.132747257913552,-0.124124435117859,-0.118261897755892,-0.124309088910752,-0.118437830141442,0.00296867507227635,0.0000203478387333036
306,"Logit Mean loss | Ex-ante",0.135165075585789,-0.287402884422545,-0.253846518323791,-0.288537214077723,-0.254848406784922,0.00784716770218669,0.000250254412284455
307,"Logit Mean loss | Ex-ante",0.154272930094642,-0.0412667927096405,-0.0407138677110052,-0.0413377301673222,-0.0407838546927444,0.00342914772605778,0.0000027882909912881
308,"Logit Mean loss | Ex-ante",0.153131659944775,-0.460759403275632,-0.374400256359742,-0.461487701295163,-0.374992051043215,0.00315381465109093,0.000216738308022592
309,"Logit Mean loss | Ex-ante",0.108241450297025,1.33007663807912,1.79811013907086,1.33414762283971,1.80361364072215,0.00609343919721085,0.00971599957166223
310,"Logit Mean loss | Ex-ante",0.130861537686601,-0.214036452573205,-0.195648905735704,-0.214373784552589,-0.195957258036645,0.0031446622308379,0.0000590130571528851
311,"Logit Mean loss | Ex-ante",0.120255695503905,0.251899980284999,0.274326862642195,0.253209905205501,0.275753411359394,0.0103197907472125,0.000386279208835613
312,"Logit Mean loss | Ex-ante",0.149370052271569,1.1014902866434,1.35809435651932,1.10573925466139,1.36333316757034,0.00767053236722689,0.00699934111916436
313,"Logit Mean loss | Ex-ante",0.10928518508076,-0.293497712291767,-0.25210529921366,-0.294796234271907,-0.253220688733336,0.00879022156278824,0.000277023208828037
314,"Logit Mean loss | Ex-ante",0.128932034623829,0.556198715024941,0.649052819854317,0.558373979409136,0.651591231836133,0.00777624804212658,0.00162104282838703
315,"Logit Mean loss | Ex-ante",0.135413188318431,-0.420906927803643,-0.342953655068845,-0.423037919733629,-0.344689980662545,0.0100493338778131,0.000587576722703307
316,"Logit Mean loss | Ex-ante",0.141246665569609,-0.400511996386184,-0.333334820887903,-0.401187705074106,-0.333897194141371,0.00336570458774195,0.000183421079935602
317,"Logit Mean loss | Ex-ante",0.129289562681222,-0.318227258435142,-0.274865446280837,-0.319388100108085,-0.275868111062176,0.00725595027777262,0.000270983936718068
318,"Logit Mean loss | Ex-ante",0.158516879140827,-0.122585540148184,-0.117644966137768,-0.1228883192533,-0.117935542314416,0.00492164112777467,0.0000335139500990902
319,"Logit Mean loss | Ex-ante",0.163187570945986,0.179504280362389,0.188591801291139,0.180433520767976,0.189568085096564,0.0102735632224088,0.000181727190817235
320,"Logit Mean loss | Ex-ante",0.132069599447586,1.00137077292094,1.25180134904133,1.0070615959451,1.25891537726289,0.011269904161569,0.00880073787142701
321,"Logit Mean loss | Ex-ante",0.144041266520127,-0.337374571128842,-0.292244489058053,-0.338100345405522,-0.292873177616145,0.00428863977415932,0.000179981905511675
322,"Logit Mean loss | Ex-ante",0.154028223887629,0.157548093800162,0.164983660956042,0.157897410518597,0.165349463865176,0.00441970923138419,0.0000591298163637677
323,"Logit Mean loss | Ex-ante",0.136742030043001,-0.317899080547202,-0.27653848130303,-0.319106242505355,-0.277588584165924,0.00755158303342971,0.00028563853850958
324,"Logit Mean loss | Ex-ante",0.129788683012049,0.356776152500162,0.397581357089554,0.357943959533361,0.398882728556858,0.00651443888170221,0.000508264126632059
325,"Logit Mean loss | Ex-ante",0.145454259749863,-0.211051387536481,-0.19464895096714,-0.21148906965443,-0.195052617420653,0.00413476896383387,0.0000769551666163199
326,"Logit Mean loss | Ex-ante",0.1646082771234,0.209713684029548,0.221869328531257,0.210337793599778,0.222529613394963,0.00592555087343207,0.000143803344506011
327,"Logit Mean loss | Ex-ante",0.147602511927729,-0.272221353173078,-0.244425672832799,-0.273693656633939,-0.245747643941385,0.0107298315612094,0.000319109884644722
328,"Logit Mean loss | Ex-ante",0.14891942337463,-0.275754896472824,-0.247391450416999,-0.278068917541863,-0.249467457174766,0.016574255998167,0.000510979891879502
329,"Logit Mean loss | Ex-ante",0.188605326166992,-0.110313865563817,-0.106919011892443,-0.110765742971665,-0.107356983000578,0.00814251159876931,0.0000460949391333151
330,"Logit Mean loss | Ex-ante",0.181005896902942,-0.24430588946477,-0.225847997179593,-0.245358831077261,-0.226821386543432,0.00856445469958573,0.000216514393669066
331,"Logit Mean loss | Ex-ante",0.146359726378038,0.624720017661645,0.726962669204955,0.627135086501454,0.729772991974302,0.007687079646098,0.0020098879570937
332,"Logit Mean loss | Ex-ante",0.151028233443133,0.0667928226053793,0.0682026705920365,0.067030234706261,0.0684450939345364,0.00707118693559964,0.0000162533314877114
333,"Logit Mean loss | Ex-ante",0.193095739761791,-0.163007590989459,-0.155581790474107,-0.163561906573876,-0.156110854247075,0.00676656687357944,0.0000808847763297537
334,"Logit Mean loss | Ex-ante",0.187902179315021,0.105807687344038,0.108653240816555,0.106231037765621,0.109087976670449,0.00795448986338619,0.0000464855581869317
335,"Logit Mean loss | Ex-ante",0.189650307499165,-0.358330044660529,-0.318010815766632,-0.360715326985783,-0.320127706575513,0.0131815624955974,0.000666898444618102
336,"Logit Mean loss | Ex-ante",0.183348822784313,-0.221178439526848,-0.206400124566469,-0.222295921596788,-0.207442940669746,0.01002873349689,0.000212375474189007
337,"Logit Mean loss | Ex-ante",0.165786042691578,0.878869786061801,1.03963013973267,0.883854419975276,1.04552654865941,0.0112475040993015,0.0060579019208194
338,"Logit Mean loss | Ex-ante",0.146569640134908,-0.252724361191451,-0.228866401744969,-0.253477295737989,-0.229548256947227,0.00593202067792379,0.000153185659379842
339,"Logit Mean loss | Ex-ante",0.121476406797002,-0.286180725177118,-0.25001953337401,-0.287295688183016,-0.250993612010128,0.00774671898811123,0.000239609556660393
340,"Logit Mean loss | Ex-ante",0.130679682450473,-0.162807320242576,-0.152414758089689,-0.163541612709075,-0.153102178093174,0.00895972577034765,0.000103240403205349
341,"Logit Mean loss | Ex-ante",0.185815606095233,-0.192445471539499,-0.181550818429926,-0.193396444031196,-0.182447954812461,0.00981025713149839,0.000160665824173897
342,"Logit Mean loss | Ex-ante",0.158418902927022,-0.279734208941493,-0.251980172232872,-0.281736322275834,-0.25378364441,0.0141621745602239,0.000450749511807227
343,"Logit Mean loss | Ex-ante",0.136756995984455,-0.255239916675516,-0.229460068944185,-0.256521579436697,-0.230612280672563,0.00996766796917871,0.00026085104850443
344,"Logit Mean loss | Ex-ante",0.116027761929748,-0.258326816218019,-0.228274956133511,-0.259415401007692,-0.229236902898265,0.00837499062428296,0.000216216813556153
345,"Logit Mean loss | Ex-ante",0.141186699834153,-0.0600687581951383,-0.0587976244116749,-0.060259373035836,-0.0589842055920986,0.00631647330181963,0.0000107741144354567
346,"Logit Mean loss | Ex-ante",0.153254895930462,-0.160000214887533,-0.151188884356755,-0.160445621787512,-0.151609762368325,0.00554441631462586,0.000062432153614593
347,"Logit Mean loss | Ex-ante",0.154153416453815,-0.208714522204474,-0.193448459193457,-0.210024340332541,-0.19466247293827,0.0124341186500175,0.00023243254756567
348,"Logit Mean loss | Ex-ante",0.19486624641437,0.1130262655776,0.116144542779521,0.113896754580394,0.117039047669225,0.0152271682115479,0.00010318776012006
349,"Logit Mean loss | Ex-ante",0.151423343424841,-0.271023779844665,-0.244071185568972,-0.272035761007035,-0.244982527895519,0.00742622115963368,0.000218755431034059
350,"Logit Mean loss | Ex-ante",0.149395715263479,-0.337942341958382,-0.294010250191318,-0.338547519496678,-0.294536755388665,0.00357194547138267,0.000151503062033546
351,"Logit Mean loss | Ex-ante",0.149878549341113,-0.429797953213542,-0.354842566058937,-0.430910528035992,-0.355761111393969,0.00515716587432106,0.000319637047589292
352,"Logit Mean loss | Ex-ante",0.0955483608357721,-0.112204081978741,-0.106141563116419,-0.113294924913506,-0.107173466521077,0.0191639904088858,0.000109332087291009
353,"Logit Mean loss | Ex-ante",0.0951682263198884,-0.276321303113462,-0.23612107860254,-0.278991162206653,-0.23840251691981,0.019047802156068,0.000537653205297012
354,"Logit Mean loss | Ex-ante",0.156714572186212,-0.200393609563819,-0.186571401756013,-0.201174023486958,-0.187297986400637,0.00774354641494866,0.000133372327591543
355,"Logit Mean loss | Ex-ante",0.205747572797544,-0.165943500003609,-0.158715087335615,-0.167084503125914,-0.159806388954557,0.0136111632586372,0.000171679686225667
356,"Logit Mean loss | Ex-ante",0.153097475814235,-0.20830369661543,-0.193012175464983,-0.208902432954161,-0.193566958722055,0.00572399573930021,0.000105084421244553
357,"Logit Mean loss | Ex-ante",0.200493981883027,0.0110267344525366,0.0110569007091346,0.0111017035166378,0.0111320748689542,0.0134602646237109,0.000000823710861925641
358,"Logit Mean loss | Ex-ante",0.144497375988925,0.529849140178307,0.606970496446935,0.532612975166723,0.610136617079784,0.0103514712234412,0.00189696280442964
359,"Logit Mean loss | Ex-ante",0.0988743822940221,-0.223902171829387,-0.198983425765637,-0.228685795081015,-0.203234665199377,0.0413982128491205,0.000869005392929152
360,"Logit Mean loss | Ex-ante",0.134442662535124,0.499288866543206,0.573023635535199,0.500687492238597,0.574628809682732,0.00557901784723727,0.000902497076156765
361,"Logit Mean loss | Ex-ante",0.129259649644051,-0.281266063139114,-0.248076056933919,-0.28200343260033,-0.248726415197551,0.00522267005572671,0.000158231910437249
362,"Logit Mean loss | Ex-ante",0.157869835264535,-0.246540781226104,-0.225278135837082,-0.247360403499018,-0.226027070665691,0.00661596894880192,0.000165760381312764
363,"Logit Mean loss | Ex-ante",0.191502740138138,-0.251376709402764,-0.232788722891036,-0.252290444986698,-0.233634892530815,0.00723040397531685,0.00019367476681934
364,"Logit Mean loss | Ex-ante",0.18763679354828,-0.459581816443842,-0.388477549984475,-0.46104599822004,-0.389715200667765,0.00634147924705664,0.000472206157278446
365,"Logit Mean loss | Ex-ante",0.162730040700974,-0.42608747894629,-0.357757183006596,-0.426982591766896,-0.35850874942663,0.00418834207634584,0.00026335889832747
366,"Logit Mean loss | Ex-ante",0.144067527934714,-0.397879698986264,-0.332794063067519,-0.398779316863272,-0.333546520378763,0.00450676904203323,0.000245371071749952
367,"Logit Mean loss | Ex-ante",0.137109374468144,-0.341572741934336,-0.293276037563636,-0.343108725714623,-0.294594840798032,0.00893329502208562,0.000381103207790298
368,"Logit Mean loss | Ex-ante",0.155064471235492,-0.497847909924347,-0.395332371635875,-0.498748350447189,-0.39604739580353,0.00360754153532327,0.000276667899059168
369,"Logit Mean loss | Ex-ante",0.126085883702643,-0.0343738405846222,-0.0339238287899638,-0.0344787381506467,-0.0340273530691766,0.00607551217341339,0.00000344801684998363
370,"Logit Mean loss | Ex-ante",0.170121473041761,-0.0643803066422587,-0.06313276685637,-0.064572760172835,-0.0633214910875867,0.00595194427201297,0.0000116959979138673
371,"Logit Mean loss | Ex-ante",0.127405636947041,-0.401013663264877,-0.32760003754951,-0.403866607647642,-0.329930693017234,0.0140782506949427,0.000757242927671806
372,"Logit Mean loss | Ex-ante",0.163751016771172,-0.23054914379828,-0.212677006675549,-0.231262142499892,-0.213334733818336,0.00615664612820768,0.000137351350751574
373,"Logit Mean loss | Ex-ante",0.145519114711025,0.0862885902829589,0.0886972152859309,0.0867810141277381,0.0892033844518552,0.0113164558578847,0.0000443710118277925
374,"Logit Mean loss | Ex-ante",0.163226539255976,0.930774668978351,1.1100404458918,0.933244220003479,1.1129856286653,0.00528539798924646,0.00320657834326506
375,"Logit Mean loss | Ex-ante",0.0929600879743557,-0.278904710925712,-0.237183611676239,-0.280985020657112,-0.238952729787801,0.0147524505224726,0.0004165108660979
376,"Logit Mean loss | Ex-ante",0.14314485128778,-0.444810463898301,-0.360367656332758,-0.447196863672984,-0.362301022032699,0.010644226888379,0.000687993427328825
377,"Logit Mean loss | Ex-ante",0.156602204004658,-0.0374524749608305,-0.0370035797787018,-0.0379933822128886,-0.037538003863501,0.0282710727370948,0.0000199720684566986
378,"Logit Mean loss | Ex-ante",0.140751019496939,1.40250582472465,1.78840783306178,1.40661706346136,1.79365028655516,0.00583702659472613,0.00920223183370093
379,"Logit Mean loss | Ex-ante",0.143715897910345,0.113324449825404,0.117477128134667,0.113695356454745,0.11786162632273,0.00651392703034044,0.0000443720511319306
380,"Logit Mean loss | Ex-ante",0.17487141766866,0.901855679131748,1.05932230389701,0.907226198534275,1.06563053160822,0.0118043844906607,0.00660841448336539
381,"Logit Mean loss | Ex-ante",0.159791814911746,-0.351256564731642,-0.306121384660232,-0.353349932849499,-0.307945762653941,0.0118135989440896,0.000552300396696225
382,"Logit Mean loss | Ex-ante",0.163943103420282,-0.435245801981712,-0.364006548221289,-0.436793641003921,-0.36530104327928,0.00707472080968465,0.000463210188555881
383,"Logit Mean loss | Ex-ante",0.139630307601688,-0.412238195411702,-0.339813231415937,-0.413438180900873,-0.340802394844426,0.00579648466402555,0.000329896883370557
384,"Logit Mean loss | Ex-ante",0.182336703385251,0.617388440233699,0.697482788247391,0.621268519294092,0.701866233393592,0.0124518226511598,0.00302598571137752
385,"Logit Mean loss | Ex-ante",0.149702785255665,-0.399199591528921,-0.335742270572356,-0.401538529108544,-0.33770940738906,0.0116159487859153,0.000652978402589513
386,"Logit Mean loss | Ex-ante",0.156317013955078,-0.378327031704523,-0.324115908252782,-0.379248311567151,-0.324905176357906,0.00485255088057012,0.000250772243200208
387,"Logit Mean loss | Ex-ante",0.194426797386637,1.08327005950146,1.26218052962036,1.08801627696138,1.26771062178408,0.00870550455242311,0.00687567041694795
388,"Logit Mean loss | Ex-ante",0.15310496892404,1.24619508477499,1.5444729913195,1.25501908057219,1.55540901839166,0.0140124964289685,0.0167500793842837
389,"Logit Mean loss | Ex-ante",0.122515466151717,-0.201254112567692,-0.184256218666637,-0.20209368189475,-0.185024878087001,0.00829145556451972,0.000139441008787276
390,"Logit Mean loss | Ex-ante",0.152098076934654,-0.439594146832495,-0.361673345683915,-0.441949216011761,-0.363610964179338,0.0106292497901542,0.000691991925774621
391,"Logit Mean loss | Ex-ante",0.0990463762703156,-0.312132025373361,-0.261167961585797,-0.314253920769065,-0.262943399702188,0.0134587450365072,0.000459512576663234
392,"Logit Mean loss | Ex-ante",0.170036325576629,-0.454473573622164,-0.378403903404478,-0.455556296276144,-0.379305400218264,0.00474776007694983,0.000334362214000335
393,"Logit Mean loss | Ex-ante",0.122546900129937,-0.184864238169986,-0.170638722376446,-0.18574887866297,-0.171455288765811,0.00950244138082014,0.000137393789430518
394,"Logit Mean loss | Ex-ante",0.128484313718293,-0.315319880727745,-0.272606397831886,-0.317233812988068,-0.274261067299528,0.0120299830757629,0.000446203646514553
395,"Logit Mean loss | Ex-ante",0.167405976659577,-0.408461702112542,-0.347913503872789,-0.409526761677222,-0.348820684651463,0.00519465250967822,0.000309532596289795
396,"Logit Mean loss | Ex-ante",0.159965026615603,-0.417978062670914,-0.351550649616883,-0.419490509451736,-0.352822729890454,0.00719787566438479,0.000439681603078718
397,"Logit Mean loss | Ex-ante",0.134149702449737,-0.447468621916982,-0.356890743572372,-0.449195587565607,-0.358268131894757,0.00767436712548681,0.000483602190907545
398,"Logit Mean loss | Ex-ante",0.145226499203394,-0.37782028562245,-0.320253649840365,-0.378825921166065,-0.321106061596715,0.00530217549433647,0.000267758630414223
399,"Logit Mean loss | Ex-ante",0.142094000154788,-0.338764580358784,-0.292708532876649,-0.339730347458705,-0.293543001080553,0.00567741087503554,0.000239690057430005
400,"Logit Mean loss | Ex-ante",0.192237068337165,-0.155758495647603,-0.148972191574228,-0.156266439125898,-0.149458004260354,0.00649042682408374,0.0000710923874619453
401,"Logit Mean loss | Ex-ante",0.136701504819853,-0.396393707665398,-0.328940302389028,-0.397535567420282,-0.329887854496425,0.00573644191914779,0.000305884359870377
402,"Logit Mean loss | Ex-ante",0.179320254140393,-0.0815905634925011,-0.0796671196364175,-0.0818900088611376,-0.0799595057774928,0.00729998409313849,0.0000229048592409834
403,"Logit Mean loss | Ex-ante",0.165167292553956,-0.444140780934904,-0.370032719940043,-0.445064947781552,-0.370802682948673,0.00414864098348553,0.000279049088752477
404,"Logit Mean loss | Ex-ante",0.137782550264928,-0.0214609813309337,-0.0212981962364382,-0.0215431680581253,-0.0213797595637047,0.00761540333005301,0.00000170884262537642
405,"Logit Mean loss | Ex-ante",0.18421604978018,-0.412131893557576,-0.355593256125935,-0.413866058958422,-0.357089518684565,0.00836276446116502,0.000523883577923436
406,"Logit Mean loss | Ex-ante",0.155770081881566,-0.391005636673643,-0.332481252839597,-0.392226424928422,-0.333519317691689,0.00621522850708675,0.000338914609525958
407,"Logit Mean loss | Ex-ante",0.116123618979724,1.02646363225815,1.31922138860015,1.03022559248391,1.32405629773567,0.00728984348138794,0.00627179971793105
408,"Logit Mean loss | Ex-ante",0.132924149663438,-0.382495715583763,-0.318794200205939,-0.3839972868515,-0.320045697129558,0.00780544795408508,0.000392562236786779
409,"Logit Mean loss | Ex-ante",0.148368659290026,0.000697537957498224,0.000697698347990192,0.000700209258316762,0.000700370263042333,0.00761545288296123,0.00000000183381144435571
410,"Logit Mean loss | Ex-ante",0.167510524497482,-0.455725714956891,-0.378110027840909,-0.457223164588533,-0.379352443406518,0.00653946519767577,0.000461488544284534
411,"Logit Mean loss | Ex-ante",0.144482701935509,-0.386812256798793,-0.325873731503406,-0.387754283582959,-0.326667351090006,0.00485298305649062,0.000253522513167166
412,"Logit Mean loss | Ex-ante",0.150958630909777,-0.348073525635758,-0.301611410984782,-0.349144407821562,-0.30253934793853,0.00612491495036356,0.000274799242983583
413,"Logit Mean loss | Ex-ante",0.130734217234255,-0.0684060126329968,-0.0666476437493427,-0.184788243237724,-0.180038282167524,0.862962357369442,0.0994409429689233
414,"Logit Mean loss | Ex-ante",0.116411175759276,-0.331070435878653,-0.279720376204405,-0.332887649164658,-0.281255734028356,0.0108880774792628,0.000424220915084138
415,"Logit Mean loss | Ex-ante",0.166007310267157,0.658716595231342,0.757856019468111,0.660699615265097,0.760137491773784,0.00599378015525591,0.00169738185229776
416,"Logit Mean loss | Ex-ante",0.14739297834034,0.0457656157146753,0.0464470620798869,0.045900816449104,0.0465842759424603,0.00588231879814727,0.0000062556580205404
417,"Logit Mean loss | Ex-ante",0.158296903256442,0.168392659145615,0.176649092891321,0.168599435528634,0.17686600769436,0.00245136744843991,0.0000374495516704929
418,"Logit Mean loss | Ex-ante",0.171082584623892,0.322397914657046,0.348853348936035,0.325760775308245,0.352492160314279,0.0205396311250008,0.00126937001854393
419,"Logit Mean loss | Ex-ante",0.176964609191476,-0.245782319317957,-0.226692412546528,-0.246608768527652,-0.22745467146618,0.00669128184716688,0.000169784616422837
420,"Logit Mean loss | Ex-ante",0.168929670365688,-0.528470078176321,-0.419281520211576,-0.529158015906781,-0.419827321363523,0.00259843195894773,0.000223700131062303
421,"Logit Mean loss | Ex-ante",0.178898995175174,-0.566473104579529,-0.444088065807074,-0.568080744558943,-0.445348379356297,0.00565189094889976,0.000549210224822782
422,"Logit Mean loss | Ex-ante",0.11748728535514,0.0943170655153191,0.0977102830270844,0.0951769201894057,0.0986010724415782,0.0179869361116402,0.0000867534478469617
423,"Logit Mean loss | Ex-ante",0.155461027308501,-0.348708730565213,-0.303218700950175,-0.352303900859458,-0.306344871219983,0.0203053465685711,0.000947598656089933
424,"Logit Mean loss | Ex-ante",0.142751828531584,-0.0894126137291102,-0.0865855703658602,-0.0897174641383182,-0.08688078203071,0.00678424178577509,0.0000251182106922752
425,"Logit Mean loss | Ex-ante",0.168611293923727,-0.111676253488015,-0.107811359243405,-0.112097176465099,-0.10821771490881,0.00749586583799114,0.000043089329777802
426,"Logit Mean loss | Ex-ante",0.14571522616616,-0.449671046056657,-0.364404551407383,-0.451895898419681,-0.366207527904103,0.00982250771040954,0.00064810803160129
427,"Logit Mean loss | Ex-ante",0.145055030319017,0.875974530193335,1.05988436479842,0.881258302671332,1.06627745916767,0.0119554788159458,0.00670215483586543
428,"Logit Mean loss | Ex-ante",0.191942529499261,0.471558971009712,0.518621252114905,0.473460262674905,0.520712295493693,0.00801534689010725,0.00106732473641676
429,"Logit Mean loss | Ex-ante",0.149520920207241,-0.401835938802833,-0.337363570607006,-0.428987247192027,-0.36015860076812,0.122577456932488,0.00882821577727838
430,"Logit Mean loss | Ex-ante",0.145288046954218,0.866560513266475,1.04692968798941,0.869824887880651,1.05087352185211,0.00749173588231454,0.00406099790698447
431,"Logit Mean loss | Ex-ante",0.112689928964152,-0.288207248196809,-0.249325079578502,-0.289845675814357,-0.250742466194156,0.011273563389269,0.000349240330740801
432,"Logit Mean loss | Ex-ante",0.11464216259098,-0.367845805243276,-0.302127441487723,-0.369326957675744,-0.303343975123546,0.00800473611615977,0.000361735980160311
433,"Logit Mean loss | Ex-ante",0.118601595566386,-0.412679953475904,-0.329503949519002,-0.4140906907521,-0.330630351468806,0.00680205682203805,0.000364731625061245
434,"Logit Mean loss | Ex-ante",0.127928345388348,-0.394676150334631,-0.324114578135569,-0.39615883773809,-0.325332185538173,0.00747131032238792,0.000388142597248115
435,"Logit Mean loss | Ex-ante",0.120001694252975,0.40817417961668,0.463969946416202,0.409958250771974,0.465997892914684,0.00868473391729594,0.000926821647125172
436,"Logit Mean loss | Ex-ante",0.163804462004141,0.86288571707179,1.02104621590468,0.865637248080642,1.02430208197008,0.00634713439275687,0.00326499601585673
437,"Logit Mean loss | Ex-ante",0.15748016751224,0.552058727997986,0.628704237669121,0.553014271041677,0.629792444286237,0.00345277712053507,0.000669497707283697
438,"Logit Mean loss | Ex-ante",0.170088938418751,-0.428615980958184,-0.362084073381145,-0.429939494686976,-0.363202144716296,0.00614726774943533,0.000397503029021258
439,"Logit Mean loss | Ex-ante",0.158657279000607,-0.446121842188092,-0.368484551209832,-0.447243195991068,-0.369410759061056,0.0050082284167372,0.000334631838180797
440,"Logit Mean loss | Ex-ante",0.161934550512667,-0.464255077743314,-0.380690557885884,-0.465525709241018,-0.381732479529648,0.00545146017389185,0.000389124545215676
441,"Logit Mean loss | Ex-ante",0.142892854044014,-0.437936507350155,-0.356361933659261,-0.439178599818281,-0.357372661164952,0.0056484355795132,0.000353438952108675
442,"Logit Mean loss | Ex-ante",0.171856882427531,-0.237721104162566,-0.219453671642348,-0.238366075811215,-0.220049081111355,0.0054042846771559,0.000128178236655486
443,"Logit Mean loss | Ex-ante",0.171406152988461,-0.314130300903179,-0.280887266021306,-0.315013628610968,-0.281677115023865,0.00560032430902581,0.000217690196448717
444,"Logit Mean loss | Ex-ante",0.192211207601174,-0.343419666320235,-0.307158184156343,-0.3450682100572,-0.308632659122131,0.00953206222472498,0.000446594888896113
445,"Logit Mean loss | Ex-ante",0.176128084645416,-0.304910020425469,-0.274501432119642,-0.306896053322806,-0.276289398529519,0.0129008288980952,0.000486036416329193
446,"Logit Mean loss | Ex-ante",0.12638703771008,-0.267414858546736,-0.237106778430071,-0.268543219206503,-0.238107253730504,0.00838591344134115,0.000233580444095147
447,"Logit Mean loss | Ex-ante",0.161857920759094,-0.195390743183194,-0.182641028020513,-0.196130534588767,-0.183332546260494,0.00752964024692428,0.000124227962448572
448,"Logit Mean loss | Ex-ante",0.1709922123845,-0.0627905897662259,-0.0616102152410497,-0.0629844544219208,-0.0618004355146522,0.00614647858958946,0.0000115072249650397
449,"Logit Mean loss | Ex-ante",0.176550075110998,-0.534320268984326,-0.426898114728758,-0.536528971182361,-0.428662769485597,0.00821635396797294,0.000741612888991955
450,"Logit Mean loss | Ex-ante",0.181784731697841,0.732415195173249,0.839786031603023,0.73507575780832,0.842836628248016,0.00722577974687952,0.00251886313576201
451,"Logit Mean loss | Ex-ante",0.171980991115164,0.47372495527125,0.527116744590033,0.475459100375849,0.529046338781793,0.00728131031168296,0.00100012505708583
452,"Logit Mean loss | Ex-ante",0.170940230816459,-0.30613508808755,-0.274618275363964,-0.307173011906535,-0.275549344229377,0.00674649288722566,0.000251246640434784
453,"Logit Mean loss | Ex-ante",0.173197095728084,-0.325920601958036,-0.290247078147079,-0.327009105145875,-0.291216439604826,0.00664624648343602,0.0002764316857705
454,"Logit Mean loss | Ex-ante",0.17290692121038,-0.3570964588423,-0.313471266363144,-0.359571740976167,-0.315644152164434,0.0137205567910281,0.000675228539167475
455,"Logit Mean loss | Ex-ante",0.166884466899343,0.862117592689393,1.01682078565598,0.8774776551512,1.03493714346213,0.0347031631750855,0.0187594312400049
456,"Logit Mean loss | Ex-ante",0.145493538248372,-0.348553498770403,-0.300477546807672,-0.350159661248867,-0.301862171443505,0.00915284635995348,0.000410062853851859
457,"Logit Mean loss | Ex-ante",0.163465862579313,-0.291989653421637,-0.26237634793928,-0.292906628793716,-0.263200324564674,0.00625141214015939,0.000212303907880676
458,"Logit Mean loss | Ex-ante",0.170304396673319,0.0306540326275542,0.0309251663432651,0.0308346305033978,0.0311073616002338,0.0116796597624032,0.00000557111795013384
459,"Logit Mean loss | Ex-ante",0.158515496072284,-0.367329573146575,-0.317165444051974,-0.368371430214305,-0.318065020573119,0.00564855822857988,0.000279971008758872
460,"Logit Mean loss | Ex-ante",0.133527239269122,0.0704019289580236,0.0721320517132301,0.0705741744861151,0.0723085301638002,0.00487530560418485,0.0000124792058289589
461,"Logit Mean loss | Ex-ante",0.128546673677641,-0.445372539324164,-0.35244238500164,-0.447754157330596,-0.354327061438188,0.0106097688571763,0.000655889214735052
462,"Logit Mean loss | Ex-ante",0.144276706872231,-0.0880540218435568,-0.0853374866882816,-0.0882816821692133,-0.0855581235155769,0.00515093902743969,0.0000184644024154626
463,"Logit Mean loss | Ex-ante",0.168046392505049,-0.421307552815206,-0.35660709357842,-0.42253474250256,-0.357645822992959,0.00580026903630981,0.000363550169336017
464,"Logit Mean loss | Ex-ante",0.180166731348002,0.834637828564079,0.968979049851826,0.83687625471397,0.971577767486775,0.00534232518522372,0.00246999093004855
465,"Logit Mean loss | Ex-ante",0.131545303261747,-0.187375943859657,-0.173521316486743,-0.188232668551753,-0.174314694726111,0.00908211145861545,0.000135675271149037
466,"Logit Mean loss | Ex-ante",0.12917240862109,-0.424799354928505,-0.341942261004027,-0.427005730871589,-0.343718283424612,0.010307476060777,0.000599433283707304
467,"Logit Mean loss | Ex-ante",0.163850686449837,-0.516191303861411,-0.409981833106031,-0.517044605049048,-0.410659562433283,0.0032979633064159,0.000271849096389309
468,"Logit Mean loss | Ex-ante",0.16773900809493,-0.274442414309087,-0.249100061353398,-0.275093914905673,-0.249691401576774,0.00473095980691302,0.000144377486914146
469,"Logit Mean loss | Ex-ante",0.153910621780435,0.569549579753845,0.652364870630392,0.571144685985148,0.654191913099067,0.00557784689380248,0.00116947160346749
470,"Logit Mean loss | Ex-ante",0.156347679269453,0.197709332055913,0.209082779886173,0.206266680567741,0.218132399328527,0.0812524824941079,0.0020500495255042
471,"Logit Mean loss | Ex-ante",0.153231890669499,0.181465398550766,0.191280848011119,0.182154231735992,0.192006940130391,0.00754888574659742,0.000136612714851627
472,"Logit Mean loss | Ex-ante",0.176185840435105,0.420844455347243,0.462869858455526,0.422982434952984,0.46522133607372,0.0100835220705681,0.00107403018760356
473,"Logit Mean loss | Ex-ante",0.172972746773543,1.04510984927694,1.24490411201987,1.04754177936138,1.24780095560464,0.00463772843749557,0.00353425847096844
474,"Logit Mean loss | Ex-ante",0.144118364626048,-0.470933854099518,-0.374970737519295,-0.472469111992911,-0.3761931528958,0.00648831211926868,0.000450260724846439
475,"Logit Mean loss | Ex-ante",0.154881002664691,-0.34936734591399,-0.303541104508332,-0.350335041619501,-0.304381868325312,0.00551677169463206,0.000250385194580645
476,"Logit Mean loss | Ex-ante",0.157032445089768,-0.51842691177556,-0.406676359642653,-0.519970958284904,-0.407887576111698,0.00593015426146328,0.000483519045607948
477,"Logit Mean loss | Ex-ante",0.151269799155512,-0.0846077889816172,-0.0821997596635053,-0.0848290096418469,-0.0824146841441276,0.00520888330277665,0.0000173262855040296
478,"Logit Mean loss | Ex-ante",0.138898275336113,0.0603222366099142,0.0615579557230328,0.0605396802113487,0.0617798537218739,0.00717060608119617,0.0000134294593811861
479,"Logit Mean loss | Ex-ante",0.170794307100124,0.222955369259155,0.236155942262037,0.223552162243034,0.236788069713876,0.00533205656450433,0.000146426540168895
480,"Logit Mean loss | Ex-ante",0.146830395638576,-0.475372037225571,-0.378872943433538,-0.477579129966011,-0.380632002985887,0.00922147829887966,0.000656928503608292
481,"Logit Mean loss | Ex-ante",0.189669480229926,-0.173508062857434,-0.164903401620855,-0.173986840837371,-0.165358435906943,0.005496038960755,0.0000736172409844052
482,"Logit Mean loss | Ex-ante",0.18319613494837,-0.17924458048698,-0.169725557160953,-0.180679981446398,-0.171084729231454,0.0158257624426896,0.000229297164103141
483,"Logit Mean loss | Ex-ante",0.164667367396435,0.440772465194447,0.489689204580299,0.442068936230108,0.491129557416164,0.00585686903820208,0.00069229673084359
484,"Logit Mean loss | Ex-ante",0.117926077730692,-0.398018131440582,-0.321149137266065,-0.401073119765873,-0.323614117596167,0.015176052433005,0.00078621020470549
485,"Logit Mean loss | Ex-ante",0.118832398470796,1.31988788803547,1.74425887911816,1.32720632026557,1.75393033721266,0.0109979203743593,0.0166656242684402
486,"Logit Mean loss | Ex-ante",0.157002653800853,0.680847572486095,0.791927126398349,0.689932893459865,0.802494707780614,0.0261634180134161,0.00842900457203269
487,"Logit Mean loss | Ex-ante",0.163205494695944,-0.421997477178091,-0.355320188080233,-0.423719489868528,-0.356770115878698,0.00811156233234565,0.000507109983903051
488,"Logit Mean loss | Ex-ante",0.192477498691618,-0.267360479915737,-0.246267553397514,-0.268381834566484,-0.247208330101198,0.00759672291050107,0.000227901843427405
489,"Logit Mean loss | Ex-ante",0.223848662201027,-0.305169135956539,-0.281182078785609,-0.309705834974474,-0.285362181916579,0.0290822502429537,0.00118828862676142
490,"Logit Mean loss | Ex-ante",0.174912336178273,-0.371622081358002,-0.324488632824563,-0.372870144904404,-0.325578402389306,0.00668315667889972,0.000347446993968329
491,"Logit Mean loss | Ex-ante",0.166745736632504,1.01284353740783,1.21223340500817,1.01694873098853,1.21714675303159,0.00805725516677827,0.00586232568248253
492,"Logit Mean loss | Ex-ante",0.224627290988187,-0.233802123379917,-0.22029128405702,-0.235993247818091,-0.222355788899988,0.018483176967237,0.000453585638127869
493,"Logit Mean loss | Ex-ante",0.194736290498663,-0.00908817789516183,-0.00906686688619506,-0.00918847396873655,-0.00916692777395498,0.0217116981373686,0.000000908569368787784
494,"Logit Mean loss | Ex-ante",0.232395525412542,-0.221794962152223,-0.210167605127314,-0.22390600635875,-0.21216798016243,0.0187676293557498,0.000419450556324826
495,"Logit Mean loss | Ex-ante",0.157376506871338,-0.0387448318784526,-0.0382661932470188,-0.0394694006654833,-0.038981810992174,0.0363784630187552,0.0000279476574304449
496,"Logit Mean loss | Ex-ante",0.189049851584828,-0.114042162233803,-0.110415992685104,-0.115337259041661,-0.111669909630048,0.0223314762190262,0.000138765552499577
497,"Logit Mean loss | Ex-ante",0.153873967358376,-0.506437032459604,-0.398836867960079,-0.508016087095327,-0.400080428689023,0.00620689228667416,0.000487030749682529
498,"Logit Mean loss | Ex-ante",0.149651486337261,1.17143549911393,1.45198312818371,1.17376101457506,1.45486558241738,0.00395857711593874,0.00409817962340374
499,"Logit Mean loss | Ex-ante",0.190042069260175,-0.170069337941502,-0.161831617519453,-0.170804366001627,-0.162531042714682,0.00858814727107059,0.000111481180677962
500,"Logit Mean loss | Ex-ante",0.146904905616488,0.063587381442488,0.0648970087997136,0.0638402492741984,0.0651550846243096,0.00790620452031022,0.0000164814522841809
501,"Logit Mean loss | Ex-ante",0.190141785005381,0.448385032352951,0.491837076251001,0.450282392829739,0.493918305913375,0.00840966931555327,0.00100795332264519
502,"Logit Mean loss | Ex-ante",0.183041400635978,0.270589627871519,0.28839143136334,0.273109194871897,0.291076757993819,0.0183658765317729,0.000772254791772808
503,"Logit Mean loss | Ex-ante",0.235310362670942,-0.31545767288574,-0.291087156337438,-0.318521972321171,-0.293914724932193,0.0191481897780898,0.00082158131601189
504,"Logit Mean loss | Ex-ante",0.182261509182627,-0.402009214765133,-0.347989626048072,-0.403845823875058,-0.349579442634075,0.00907491294077068,0.000545226498895952
505,"Logit Mean loss | Ex-ante",0.187779890087904,-0.468150744944684,-0.39402198824409,-0.470533866500614,-0.396027757334141,0.0101037855308874,0.000779882631588445
506,"Logit Mean loss | Ex-ante",0.146708749900699,-0.385953755239594,-0.326098780572719,-0.388367842523141,-0.328138483279776,0.0123933243653323,0.000658266376492144
507,"Logit Mean loss | Ex-ante",0.1914576345782,-0.390912417463016,-0.342491289050826,-0.393399936257689,-0.344670686482238,0.0126062772981586,0.000738905216233873
508,"Logit Mean loss | Ex-ante",0.158528783340867,0.693085257914711,0.806522732189561,0.695827275617395,0.809713536760897,0.00786578830932878,0.00253231756986138
509,"Logit Mean loss | Ex-ante",0.205627615134747,0.808554741155423,0.916061326278843,0.812851178346442,0.920929023852238,0.0105433383109393,0.00440268106803703
510,"Logit Mean loss | Ex-ante",0.232639439298453,0.256335253060613,0.268516896021328,0.26054461972376,0.272926301505389,0.0320510424722344,0.00120161135392131
511,"Logit Mean loss | Ex-ante",0.202857305977007,0.294003453711918,0.312621361728848,0.296506173778958,0.315282567730022,0.0168101572991137,0.000827976197317721
512,"Logit Mean loss | Ex-ante",0.181804334621964,-0.4077925488781,-0.351886834064936,-0.409458810392769,-0.353324661927986,0.00812228781090361,0.00049802562262313
513,"Logit Mean loss | Ex-ante",0.17519544434517,0.0946338167645324,0.0970829692595321,0.0952464033256396,0.0977114097506173,0.0128218302127485,0.0000604127460783708
514,"Logit Mean loss | Ex-ante",0.17008011695061,-0.332676990270921,-0.29475671999231,-0.334852357875806,-0.296684127774469,0.0129507911081467,0.000562638775393071
515,"Logit Mean loss | Ex-ante",0.163275277319596,-0.0259435505364488,-0.0257368751031328,-0.0262620627087145,-0.0260528498955928,0.0241093536584175,0.00000816917927373102
516,"Logit Mean loss | Ex-ante",0.153098129489348,-0.114635873573276,-0.110201164896602,-0.114886233036704,-0.110441839160709,0.00435364039392165,0.0000259835355219735
517,"Logit Mean loss | Ex-ante",0.151012781057896,-0.396525413802258,-0.334487238265714,-0.402726650116858,-0.339718263406861,0.0305591527108253,0.00177231667979247
518,"Logit Mean loss | Ex-ante",0.17539334126577,0.125912447800943,0.130186567548507,0.126459016239033,0.130751689346456,0.00862551825487815,0.000072464553464336
519,"Logit Mean loss | Ex-ante",0.185830170912368,0.904932262178985,1.05170782321331,0.911955025540703,1.05986964424322,0.0153422543751878,0.00852692268064889
520,"Logit Mean loss | Ex-ante",0.164107686168732,-0.47702392243238,-0.389087714460229,-0.494992753336417,-0.403744110123415,0.0712846227485858,0.00609549751882032
521,"Logit Mean loss | Ex-ante",0.129340034051554,-0.480045867684723,-0.369337303353578,-0.482006678641758,-0.370845910509703,0.00811948356077242,0.000548453201341767
522,"Logit Mean loss | Ex-ante",0.154076419388667,-0.481115367150127,-0.386060748993911,-0.48282629127083,-0.387433643506557,0.00707456395854312,0.000521028215547041
523,"Logit Mean loss | Ex-ante",0.1177795748952,-0.422630536524452,-0.334190757840134,-0.424089375517757,-0.335344319796987,0.0068680326518694,0.000378870541625053
524,"Logit Mean loss | Ex-ante",0.181775751244758,0.527820124413293,0.588924140421752,0.530081901123295,0.591447755651931,0.00851548178187298,0.00146365797442723
525,"Logit Mean loss | Ex-ante",0.190499699719662,-0.541956413587775,-0.438899792472031,-0.546054812357787,-0.442218853423294,0.0149546106737216,0.00144636171330762
526,"Logit Mean loss | Ex-ante",0.21828248673621,-0.514711337334496,-0.43551669813113,-0.519635617842752,-0.439683317811072,0.0188630189610609,0.00181069404078609
527,"Logit Mean loss | Ex-ante",0.171372570687666,0.0192494237222168,0.0193562474418059,0.0194345597631333,0.0195424108859739,0.0189615024627005,0.00000359605658748232
528,"Logit Mean loss | Ex-ante",0.122845552733112,-0.301034286700131,-0.261034731694941,-0.303173179255632,-0.262889421572529,0.0140602648088446,0.000480145532228292
529,"Logit Mean loss | Ex-ante",0.168049610051347,0.728187061319542,0.8443211123234,0.738466617653159,0.856240091523694,0.0276465033745156,0.0101552516220934
530,"Logit Mean loss | Ex-ante",0.18771119798633,-0.16909306820271,-0.160855810354188,-0.16982603802496,-0.161553074032566,0.0086133796736237,0.000110470044801334
531,"Logit Mean loss | Ex-ante",0.160710664962179,-0.177492746173082,-0.166995732510389,-0.177721647719945,-0.16721109670028,0.0025742968257956,0.0000351553799709073
532,"Logit Mean loss | Ex-ante",0.119627798690162,-0.454976649762788,-0.350914736150298,-0.457222597731765,-0.352646992606429,0.00980017942488607,0.000599618595365307
533,"Logit Mean loss | Ex-ante",0.190494359756435,0.534384390228289,0.593642615041389,0.550302586337604,0.611325990038624,0.0570157929584853,0.0110082937312933
534,"Logit Mean loss | Ex-ante",0.136443658402502,0.184082948228864,0.195206327255577,0.184636313394385,0.195793130012876,0.00598512743756268,0.000112449870092887
535,"Logit Mean loss | Ex-ante",0.180767809532374,-0.292371986550356,-0.265252935528215,-0.293237980004023,-0.266038603500183,0.00589769935815042,0.000204561740495145
536,"Logit Mean loss | Ex-ante",0.187841751051741,-0.596621864156413,-0.464004173242795,-0.600018568537758,-0.466645854855393,0.0112899506424551,0.00121138295831275
537,"Logit Mean loss | Ex-ante",0.137267718364382,-0.387599276713419,-0.323693941197386,-0.388276072808273,-0.324259150702388,0.00348312083840406,0.00017904075642469
538,"Logit Mean loss | Ex-ante",0.168033550260535,-0.537920553572165,-0.423308489749134,-0.539326880750676,-0.424415177772255,0.00520832054703813,0.000459442233135586
539,"Logit Mean loss | Ex-ante",0.175148870330708,-0.509364715553072,-0.412834834573992,-0.510552648540449,-0.41379764197575,0.00464810426060648,0.000389546024179795
540,"Logit Mean loss | Ex-ante",0.177664781826778,-0.567782652293259,-0.443815623694675,-0.57024079947926,-0.445737070435046,0.00860285338677879,0.00083991609920328
541,"Logit Mean loss | Ex-ante",0.133931747635082,-0.43581725915221,-0.350538127478904,-0.437121023633724,-0.351586776082019,0.00595633747290334,0.000360846451684995
542,"Logit Mean loss | Ex-ante",0.136202500371163,-0.43124836470071,-0.349214157024486,-0.433899062671945,-0.351360626050969,0.0121807195053541,0.000741626378268528
543,"Logit Mean loss | Ex-ante",0.161149861260815,0.919280826259641,1.09756602958466,0.92202578287828,1.10084334273125,0.00594532316514054,0.00353101672057974
544,"Logit Mean loss | Ex-ante",0.20096477692807,-0.0605871060053351,-0.0596480621613794,-0.0608958571686572,-0.0599520279685696,0.0101145946605148,0.0000178918339453526
545,"Logit Mean loss | Ex-ante",0.0995745945431879,-0.390501535799447,-0.306255623451704,-0.393856440923605,-0.308886748981894,0.0169636247270361,0.0008021048892811
546,"Logit Mean loss | Ex-ante",0.11561632313098,-0.450233301625288,-0.345735384422689,-0.453526885526195,-0.348264536513389,0.0144715770654191,0.000867658355732958
547,"Logit Mean loss | Ex-ante",0.145941978200114,1.18844707535322,1.48309521266859,1.19136536458344,1.48673702464009,0.00489306654938683,0.005294966590503
548,"Logit Mean loss | Ex-ante",0.166257285021178,0.0329876491832173,0.0333082665335268,0.0331724233026028,0.0334948365307646,0.0111091982287452,0.0000061400745496944
549,"Logit Mean loss | Ex-ante",0.168057112421055,-0.410113225402157,-0.349227539954109,-0.410927707550416,-0.349921103534494,0.00396018549383831,0.000237171576585272
550,"Logit Mean loss | Ex-ante",0.16615198500167,-0.522995363565867,-0.414817111145912,-0.524139679850649,-0.415724732911914,0.00436168898177675,0.000368848787991167
551,"Logit Mean loss | Ex-ante",0.140934856064725,-0.436357385527286,-0.354491021891138,-0.437346542207207,-0.355294599815807,0.00451833036469828,0.000279129326447748
552,"Logit Mean loss | Ex-ante",0.108170724356628,-0.423591950363555,-0.328145739756896,-0.425136761035751,-0.329342464671941,0.00725415508701306,0.000386124857206955
553,"Logit Mean loss | Ex-ante",0.177942966556278,-0.291696644646879,-0.264315790412345,-0.294895932821929,-0.267214769191375,0.0215800456177251,0.000767240489408823
554,"Logit Mean loss | Ex-ante",0.185566313509283,-0.553008428552118,-0.441878324398765,-0.554940805517169,-0.443422379518611,0.00695213813920135,0.000670605280243801
555,"Logit Mean loss | Ex-ante",0.181947735470587,1.15851821089606,1.37424470814872,1.16113818272037,1.3773525422606,0.004507673649914,0.00418493116909263
556,"Logit Mean loss | Ex-ante",0.123623267162561,-0.394562325008126,-0.322045627347644,-0.395716970801459,-0.322988060533252,0.00582720142107402,0.000297889112848641
557,"Logit Mean loss | Ex-ante",0.170256720390943,-0.555161101241045,-0.432827296268842,-0.556432493585321,-0.433818528020562,0.00456457829846271,0.00042042380976382
558,"Logit Mean loss | Ex-ante",0.106695666372599,-0.426477118747196,-0.328338144505747,-0.427850354421759,-0.329395377434631,0.00640893190932202,0.000340954572604123
559,"Logit Mean loss | Ex-ante",0.127676803424328,-0.433951933990764,-0.346019076208309,-0.434813878142123,-0.346706362277652,0.00396072833095236,0.000232865824241547
560,"Logit Mean loss | Ex-ante",0.107881348254558,-0.420582606995394,-0.326538434103024,-0.422023931768741,-0.327657472139059,0.0068188716797382,0.000359093671796497
561,"Logit Mean loss | Ex-ante",0.110417901702426,-0.439027828194612,-0.336770012268032,-0.440952278209747,-0.338246221778194,0.00870956186004808,0.000489716615669539
562,"Logit Mean loss | Ex-ante",0.162564822171228,0.621366601040244,0.712893980011225,0.623343978878675,0.715162625855506,0.00633435655660696,0.00158838359293593
563,"Logit Mean loss | Ex-ante",0.131814143023498,-0.429196213690757,-0.345774098795779,-0.430460953781972,-0.34679301357485,0.00586758036764986,0.000345811179668921
564,"Logit Mean loss | Ex-ante",0.174827041458331,-0.330715176805222,-0.294202447375932,-0.331933194419775,-0.295285989312562,0.00732546727956083,0.000313471220623355
565,"Logit Mean loss | Ex-ante",0.186358232386472,-0.334462874620461,-0.299202835402269,-0.337367205340332,-0.301800983215587,0.0171435116161842,0.000773988517296557
566,"Logit Mean loss | Ex-ante",0.126007320306697,-0.249396504023906,-0.223222703535672,-0.249936729981711,-0.223706233564665,0.0043182298329373,0.000105736494838747
567,"Logit Mean loss | Ex-ante",0.164809631593193,0.164342309724559,0.171937685933253,0.165453746984846,0.173100490270821,0.0133898957843482,0.000198112452286518
568,"Logit Mean loss | Ex-ante",0.134776903640533,-0.538078627764718,-0.3946779645269,-0.540986120318643,-0.396810595677532,0.0107199774116886,0.000831236665723322
569,"Logit Mean loss | Ex-ante",0.157924431626442,-0.496927405696216,-0.396578310312514,-0.498437618969379,-0.397783552408677,0.00605060823068563,0.00046925828103251
570,"Logit Mean loss | Ex-ante",0.158784043714164,1.11881214259485,1.36385258730803,1.12147058956138,1.36709328307409,0.00473538239142586,0.00433207861309084
571,"Logit Mean loss | Ex-ante",0.122563727278781,-0.480938500035555,-0.364129305136021,-0.483448890242371,-0.366029977761649,0.0103583747704594,0.000683172721546194
572,"Logit Mean loss | Ex-ante",0.107859644941953,-0.44761930778073,-0.33815248211955,-0.450707638154284,-0.340485550785869,0.0136574098748469,0.000782026499947134
573,"Logit Mean loss | Ex-ante",0.132889461267112,-0.499375578626387,-0.380237069047684,-0.503890526934557,-0.383674863735847,0.017840069221098,0.00130264044445976
574,"Logit Mean loss | Ex-ante",0.191606702487736,-0.437752267261604,-0.375388962979137,-0.440345393853978,-0.37761266614457,0.0117430152137731,0.000825441647989334
575,"Logit Mean loss | Ex-ante",0.178012076463924,-0.557156905313339,-0.439122917426489,-0.558431337785301,-0.440127360698777,0.00455912178710989,0.000432221132921115
576,"Logit Mean loss | Ex-ante",0.174373741720101,-0.553530025453602,-0.434957709835782,-0.5546359024813,-0.435826695649033,0.00398378298309115,0.000370118215546433
577,"Logit Mean loss | Ex-ante",0.137788700502187,-0.479683630160996,-0.375293286764103,-0.483439079427879,-0.378231462699294,0.0154760460793472,0.001095550929035
578,"Logit Mean loss | Ex-ante",0.130153667612055,-0.482622642371348,-0.371078954192166,-0.485718064416404,-0.373458962659275,0.0127051427456698,0.000874383567378465
579,"Logit Mean loss | Ex-ante",0.131163785868575,-0.401473794971911,-0.329614419301325,-0.402215260114288,-0.330223170371501,0.00368350874553268,0.000196409735892199
580,"Logit Mean loss | Ex-ante",0.187235262548121,-0.572895289347034,-0.45276952385641,-0.574937746744552,-0.454383714932104,0.00709234872820093,0.000718472715353858
581,"Logit Mean loss | Ex-ante",0.198745675857148,-0.607282449206778,-0.476707759335185,-0.610135992714509,-0.478947748871376,0.00933192165830418,0.0010526954061616
582,"Logit Mean loss | Ex-ante",0.173207453056093,-0.51835115481487,-0.41662412983166,-0.520233440875531,-0.418137015034736,0.00722322215437118,0.000619726591305794
583,"Logit Mean loss | Ex-ante",0.158781816887118,-0.380873279253375,-0.326593607175839,-0.381887453240535,-0.327463247444171,0.00530432363588499,0.000278579049783035
584,"Logit Mean loss | Ex-ante",0.161974020135883,-0.549511579601613,-0.424199448325824,-0.550658187882775,-0.425084580902407,0.00416016521152242,0.000367752240749258
585,"Logit Mean loss | Ex-ante",0.151561831615065,-0.525572881346511,-0.406003242934352,-0.526294275824839,-0.406560517687351,0.00273953224170748,0.000221208470998226
586,"Logit Mean loss | Ex-ante",0.13007914309961,-0.502995241350885,-0.379167286510891,-0.50395720502258,-0.379892432844561,0.00381399672151986,0.000269181188085707
587,"Logit Mean loss | Ex-ante",0.150764438393007,0.317475867056391,0.346375365117068,0.319414632632444,0.348490614507543,0.0121026494820519,0.000724826974433246
588,"Logit Mean loss | Ex-ante",0.162866508972186,-0.51711302374641,-0.409831512085823,-0.519584129700712,-0.411789956455371,0.0094892419126265,0.00079142062035536
589,"Logit Mean loss | Ex-ante",0.136355816340053,0.750840237263106,0.901101832830964,0.753802039908145,0.904656365019672,0.00784286537430069,0.00315170185160323
590,"Logit Mean loss | Ex-ante",0.168994241349931,-0.510912292658344,-0.410296752582392,-0.512079247096726,-0.411233895069194,0.00455251715399409,0.000376785849973366
591,"Logit Mean loss | Ex-ante",0.160304411645423,-0.538667454556441,-0.418247584464344,-0.539860699340675,-0.419174077692139,0.00441568012457963,0.000379657454968222
592,"Logit Mean loss | Ex-ante",0.190175281841141,-0.525729677090659,-0.429735379964118,-0.527961853298316,-0.431559977533068,0.00843794858115091,0.000772116513464011
593,"Logit Mean loss | Ex-ante",0.172845750447633,0.364498320040063,0.397400348662133,0.366531890673222,0.399617482827683,0.0110655002546588,0.000870514530001454
594,"Logit Mean loss | Ex-ante",0.138510530761052,-0.330320431461166,-0.285817459140354,-0.331190021200762,-0.286569891948602,0.00524440993983212,0.000210923468007166
595,"Logit Mean loss | Ex-ante",0.105695250893444,-0.216587010429903,-0.194448854760022,-0.217997091051402,-0.195714805850189,0.0128948525873915,0.000243772026562908
596,"Logit Mean loss | Ex-ante",0.120592185237655,0.592137797095682,0.701896376385698,0.595420330119211,0.705787359271577,0.0109955425058269,0.00269804820302997
597,"Logit Mean loss | Ex-ante",0.112614317711379,-0.424582366940282,-0.331775063725191,-0.426644532470567,-0.333386470965564,0.00964354016275188,0.000527259530595381
598,"Logit Mean loss | Ex-ante",0.150425786273638,-0.404475412726158,-0.339383956481388,-0.405707662216415,-0.340417902412877,0.00606534339309251,0.000344513212744451
599,"Logit Mean loss | Ex-ante",0.103175861252367,-0.427963196063964,-0.326140862318775,-0.429529089031203,-0.327334193164351,0.00727791758145273,0.000382688787858944
600,"Logit Mean loss | Ex-ante",0.144661651470667,-0.530684953433218,-0.402473001257786,-0.531896632578681,-0.403391942220934,0.00455088055679125,0.00036242182934773
601,"Logit Mean loss | Ex-ante",0.201526748724682,-0.502449768073645,-0.421064206155935,-0.507255602130433,-0.4250916031827,0.0188586123177383,0.00169210274338721
602,"Logit Mean loss | Ex-ante",0.153207622107312,0.00696199760745049,0.00697750786696848,0.00699711133195889,0.0070126998194526,0.0100114509951235,0.000000242281856653747
603,"Logit Mean loss | Ex-ante",0.172887830190391,-0.530992812830512,-0.422991886077101,-0.53506049179094,-0.426232222205675,0.0151467626861363,0.00136120771198677
604,"Logit Mean loss | Ex-ante",0.161016786388612,-0.363005250766161,-0.314801820382846,-0.364262795713724,-0.315892376064536,0.00689268434912673,0.000337406961109829
605,"Logit Mean loss | Ex-ante",0.0907716064933117,-0.421511127741572,-0.311930039365634,-0.424405385145138,-0.31407187090082,0.0135926108645568,0.000662198496290883
606,"Logit Mean loss | Ex-ante",0.144103783938026,-0.535852988532096,-0.403864475863666,-0.539119364042161,-0.406326294798296,0.0120807401595017,0.000983570482941549
607,"Logit Mean loss | Ex-ante",0.11592499342749,-0.404747092922289,-0.323730638759016,-0.406971024941694,-0.325509416039418,0.0108993291367803,0.000568813536498669
608,"Logit Mean loss | Ex-ante",0.126472971073985,-0.438571417079598,-0.347699115654013,-0.442011791215036,-0.350426641885377,0.0155063064986322,0.000942265302757894
609,"Logit Mean loss | Ex-ante",0.120169493229669,-0.448913990863037,-0.348568258456206,-0.451339790689532,-0.350451819312171,0.01072044143516,0.000648386271940088
610,"Logit Mean loss | Ex-ante",0.134057905954724,-0.281591434602747,-0.249266569002974,-0.283211781150114,-0.250700910303262,0.0114099157632275,0.000353395935189977
611,"Logit Mean loss | Ex-ante",0.148990084717578,-0.00751485486444667,-0.0074962400084291,-0.00757810168326177,-0.00755933016015654,0.0166223396167189,0.000000470567556343244
612,"Logit Mean loss | Ex-ante",0.0952920666616325,-0.406931384140685,-0.310637478420191,-0.409604047578065,-0.312677698130958,0.0130074099529358,0.000627703121203883
613,"Logit Mean loss | Ex-ante",0.100996802907892,-0.29616065379212,-0.251394997441017,-0.298183833587648,-0.253112366959915,0.0135239803270575,0.000427886188330513
614,"Logit Mean loss | Ex-ante",0.142650185019891,-0.474660019199583,-0.375984447095306,-0.47819696529268,-0.378786108637101,0.0147381350264269,0.00104559256099287
615,"Logit Mean loss | Ex-ante",0.140184006023876,-0.529098647198115,-0.397847033953614,-0.533525635132691,-0.401175834789614,0.0165263707435614,0.00131755223481882
616,"Logit Mean loss | Ex-ante",0.105316004067874,-0.426723864946493,-0.327362929400088,-0.430388677286149,-0.330174404927387,0.0169577378268101,0.000916148922483634
617,"Logit Mean loss | Ex-ante",0.114327436838335,-0.450234432077745,-0.344710853229509,-0.453344384704035,-0.347091911511446,0.0136729848589613,0.000813607476473042
618,"Logit Mean loss | Ex-ante",0.14765241373408,-0.504707092931673,-0.393817566356971,-0.50706558049193,-0.395657869067735,0.0092808610798711,0.00071443196008484
619,"Logit Mean loss | Ex-ante",0.200499316927148,0.00326163188214505,0.00326428056998383,0.00328152558667417,0.00328419042968164,0.0120879163446382,0.0000000642944300321596
620,"Logit Mean loss | Ex-ante",0.170879660685101,1.2506346918398,1.51093154812801,1.25817854633066,1.52004551867362,0.0119557571361804,0.0136206370109791
621,"Logit Mean loss | Ex-ante",0.170064386598849,1.17487813762647,1.4160363444879,1.17741681000974,1.41909611064266,0.00430762581019807,0.00424443560571088
622,"Logit Mean loss | Ex-ante",0.184707028765692,0.872848404622075,1.01270188460179,0.87523552555191,1.01547148565921,0.00544736939618082,0.00275155413764752
623,"Logit Mean loss | Ex-ante",0.193386910423698,-0.309953020381593,-0.281107417498277,-0.311525544591088,-0.282533595629854,0.0100701552654641,0.000395599270495005
624,"Logit Mean loss | Ex-ante",0.148078153490571,1.12573635828859,1.39340263198124,1.13167918288272,1.40075848166123,0.0104750901269516,0.0101190816113849
