"obs_number","model","fitted","deviance_residual","pearson_residual","std_deviance_resid","std_pearson_resid","leverage","cooks_d"
1,"Probit Mean loss | Full",0.154788351276393,1.02201748822821,1.24211962193951,1.03086001902415,1.25286648403898,0.0170820592874251,0.00993229441455322
2,"Probit Mean loss | Full",0.169870901401507,-0.543193463657059,-0.427042096028284,-0.545437769091993,-0.428806500354156,0.00821244239101323,0.000554361983498776
3,"Probit Mean loss | Full",0.175727556099276,0.973508215439834,1.14967201900424,0.976376453686362,1.15305928703503,0.00586664153216281,0.0028567038531787
4,"Probit Mean loss | Full",0.160867195444789,-0.437386876986175,-0.364105786841767,-0.439760693294367,-0.366081886949451,0.0107668077035138,0.000531082264162763
5,"Probit Mean loss | Full",0.165556085035965,0.589573042519126,0.671526016911831,0.592492803272427,0.674851635906592,0.0098315677577668,0.00164644546120519
6,"Probit Mean loss | Full",0.164655558448854,0.0990274969144236,0.101862746709615,0.0994519862814346,0.102299389603963,0.00851835065675227,0.0000327366290240726
7,"Probit Mean loss | Full",0.15264997777529,-0.196212071881642,-0.182689240068714,-0.196870938617762,-0.183302698059214,0.00668218710339444,0.0000822972194485884
8,"Probit Mean loss | Full",0.140969012121114,-0.487883057462132,-0.381339994099078,-0.489466650890449,-0.382577765116892,0.0064602223256118,0.00034651233222341
9,"Probit Mean loss | Full",0.151201040432738,-0.426385816198377,-0.353346088705365,-0.427157946630118,-0.353985953488998,0.00361193130826251,0.000165386501748276
10,"Probit Mean loss | Full",0.169731222618363,-0.0274785265104312,-0.0272544430449766,-0.0275383617091953,-0.0273137902962268,0.00434086781212073,0.00000118425945270962
11,"Probit Mean loss | Full",0.152206653978475,-0.312324415013892,-0.27590479671361,-0.312877895702641,-0.276393736961549,0.00353486866888764,0.0000986698825490016
12,"Probit Mean loss | Full",0.154585929822755,-0.543053317763784,-0.415673988118937,-0.551033058989084,-0.421781990318308,0.0287531287044025,0.00191755830609659
13,"Probit Mean loss | Full",0.111626743665285,-0.148914486155768,-0.139186984128473,-0.150140537922046,-0.140332946835924,0.0162653710575247,0.000118555674213338
14,"Probit Mean loss | Full",0.120108285851308,-0.23082927042678,-0.207789668216554,-0.231539790536343,-0.208429269674179,0.00612793101925148,0.0000975254212142899
15,"Probit Mean loss | Full",0.117209363384927,-0.208139194299642,-0.189276090375332,-0.209430228471457,-0.190450121539449,0.0122910134455867,0.000164338090270267
16,"Probit Mean loss | Full",0.135090944269301,-0.00555517359090513,-0.00554416691638929,-0.00560545202599346,-0.00559434573292186,0.0178586658668753,0.000000207200436779931
17,"Probit Mean loss | Full",0.136110156634955,-0.230502208746404,-0.209659775007492,-0.231618323712245,-0.210674968804954,0.0096143154691401,0.000156876152557548
18,"Probit Mean loss | Full",0.156072813851271,-0.427896697111833,-0.356289523820484,-0.429098165131659,-0.357289929926815,0.00559212819663283,0.000261379279291787
19,"Probit Mean loss | Full",0.184100002243823,-0.373743917138797,-0.32823465529478,-0.375562726769219,-0.329831995946258,0.00966232989602117,0.000386456990109531
20,"Probit Mean loss | Full",0.164681443383886,-0.512308514952168,-0.408513669303784,-0.514039831732911,-0.409894217450431,0.00672477533844167,0.000414160617161078
21,"Probit Mean loss | Full",0.17182285317309,-0.320051128251623,-0.285510289143567,-0.32249904473129,-0.287694019429809,0.0151233072593653,0.0004627470113918
22,"Probit Mean loss | Full",0.185421341359817,0.166461149403659,0.173413698512383,0.167265704657533,0.174251857462574,0.00959694974867217,0.000107125564368676
23,"Probit Mean loss | Full",0.173144053297817,-0.440822048355831,-0.371058927091892,-0.445674660959645,-0.375143580373369,0.0216579259339355,0.00113432684483743
24,"Probit Mean loss | Full",0.139920223514044,-0.0600726582158911,-0.0587920841605721,-0.0603329263561741,-0.0590468041423788,0.00860912191963245,0.0000110236082739129
25,"Probit Mean loss | Full",0.144059082855624,-0.460717704450755,-0.369562065056458,-0.462376118707844,-0.370892352544107,0.00716057795924085,0.000361228377630796
26,"Probit Mean loss | Full",0.143400797905844,0.799865893236037,0.959619101699428,0.803487209277449,0.963963685055233,0.00899368494188911,0.00307043305720465
27,"Probit Mean loss | Full",0.163092745780301,-0.238832589282584,-0.219506978386552,-0.239446468007964,-0.220071183901841,0.00512090921578285,0.0000907653677808732
28,"Probit Mean loss | Full",0.170144732324363,-0.335954827825904,-0.297228094363725,-0.337080197807738,-0.298223738859502,0.00666601846676251,0.000217306481507353
29,"Probit Mean loss | Full",0.164105469516544,-0.352401408221759,-0.307994034452208,-0.35312219373342,-0.308623991179201,0.00407819105346868,0.000142009935581437
30,"Probit Mean loss | Full",0.179654356896901,0.360879792229865,0.391943329770551,0.362670281222048,0.39388793911866,0.0098495481852335,0.000561923925605131
31,"Probit Mean loss | Full",0.149408629983319,-0.48575637827447,-0.385748864276921,-0.487580236710485,-0.387197226772527,0.00746727248958081,0.00041067539041956
32,"Probit Mean loss | Full",0.152937217258802,1.12155929464164,1.37835909868989,1.12420542896967,1.38161110983618,0.00470202339973012,0.00328337386908999
33,"Probit Mean loss | Full",0.161594325564327,1.01810253969452,1.22657751567375,1.02108235376576,1.23016750076676,0.00582806289810042,0.00323004273247408
34,"Probit Mean loss | Full",0.161037847140691,-0.256800092753596,-0.234006629286009,-0.258003531648016,-0.235103251472611,0.00930709909061639,0.00018906432855379
35,"Probit Mean loss | Full",0.115149993159314,1.27366909515842,1.68821583629599,1.27812193439485,1.69411796090904,0.00695564720472537,0.00731936209778543
36,"Probit Mean loss | Full",0.153334225010171,-0.1123164597396,-0.108069329214635,-0.112565980876708,-0.108309414968536,0.0044284175859651,0.0000189987721393815
37,"Probit Mean loss | Full",0.167826261505714,-0.28713597387365,-0.259227103661655,-0.288298237424463,-0.260276398216789,0.00804667243323494,0.00020008369498631
38,"Probit Mean loss | Full",0.175497774748743,0.00498269516121902,0.00498973969494435,0.00500614533124388,0.00501322301881633,0.009346610988739,0.0000000863343308087373
39,"Probit Mean loss | Full",0.124203051522034,-0.42903887517919,-0.341402142745513,-0.431293124586836,-0.343195932592019,0.0104261260456424,0.000451831030114604
40,"Probit Mean loss | Full",0.162646718246964,-0.477464175319518,-0.388608835462157,-0.478936292657629,-0.389806994054985,0.00613799756013415,0.000341677922481533
41,"Probit Mean loss | Full",0.113503622787157,-0.352554681407873,-0.292341169150827,-0.354078068577622,-0.293604374008851,0.00858629884502693,0.000271827358546173
42,"Probit Mean loss | Full",0.172250330962988,-0.547113173361898,-0.430497098874397,-0.549733749542331,-0.432559104503183,0.00951125904223899,0.000654178732011267
43,"Probit Mean loss | Full",0.161570998655006,0.346751240125022,0.3787567565383,0.347425286566148,0.379493018198691,0.00387647417715415,0.000204055505960688
44,"Probit Mean loss | Full",0.150805616332867,0.0189057719916994,0.0190211168625294,0.0190295234605694,0.019145623344059,0.0129639697145157,0.00000175291582545211
45,"Probit Mean loss | Full",0.132887865517273,-0.429034715927996,-0.346256157235251,-0.430108746173792,-0.347122962581898,0.00498799091050253,0.000219928269671218
46,"Probit Mean loss | Full",0.110499802184086,-0.375749924505818,-0.304759378112128,-0.377900772564839,-0.306503865799632,0.0113507426573701,0.000392709117987268
47,"Probit Mean loss | Full",0.117617905593465,0.823334183180746,1.0233643795479,0.82605504361306,1.02674627684432,0.00657675167708836,0.00254109228319495
48,"Probit Mean loss | Full",0.139111261807613,0.723328556070151,0.861685362978708,0.726848877832307,0.865879044688035,0.00966307287138503,0.0026635679418388
49,"Probit Mean loss | Full",0.150859034824467,0.715594639591081,0.841453907722413,0.717493925836648,0.843687241714587,0.00528721530947722,0.00137755611512663
50,"Probit Mean loss | Full",0.162383793958949,1.05557172279798,1.27452909402475,1.06422264120337,1.28497447349027,0.0161916445172902,0.0098943323308258
51,"Probit Mean loss | Full",0.149002658194845,0.806390261605903,0.962445235245583,0.812861613981542,0.970168942433124,0.0158590156196308,0.00552243588923241
52,"Probit Mean loss | Full",0.122475717123749,-0.40524666718089,-0.327568449573849,-0.406452106972858,-0.328542829070802,0.00592272618682674,0.000234154513741873
53,"Probit Mean loss | Full",0.193003133397586,-0.61488436288298,-0.475667151155438,-0.617585084605346,-0.477756397012525,0.00872694827989976,0.000731642900776338
54,"Probit Mean loss | Full",0.203421060373253,0.410843130027898,0.445179529356624,0.41468629589112,0.449343889534953,0.0184494030809423,0.00138179732415977
55,"Probit Mean loss | Full",0.117152381940574,-0.10241884912572,-0.0980712310805693,-0.102966511101148,-0.0985956451372074,0.0106093817785888,0.0000379537589428648
56,"Probit Mean loss | Full",0.110806190198861,-0.0424866002865796,-0.0417272739682873,-0.0429254972090916,-0.0421583268651056,0.0203446983097276,0.0000134388384536642
57,"Probit Mean loss | Full",0.123862481517284,0.895598678918994,1.11642902494926,0.904398721879128,1.12739891985057,0.0193658601126329,0.00913907096056018
58,"Probit Mean loss | Full",0.114018695155861,-0.478577912362662,-0.355140831087729,-0.484229909768722,-0.359335038559997,0.0232080334206931,0.00111699810189407
59,"Probit Mean loss | Full",0.116394115265661,-0.388765782843343,-0.315154601448211,-0.390182249293098,-0.31630286587666,0.00724735876801055,0.000265926735584879
60,"Probit Mean loss | Full",0.101488183051815,-0.370817008391796,-0.29718562677005,-0.375149053878561,-0.300657478449033,0.0229617173576768,0.000773488474167791
61,"Probit Mean loss | Full",0.108675062174201,-0.437357485923476,-0.334652389490219,-0.440719044658893,-0.337224550021195,0.0151967051557362,0.00063893304662872
62,"Probit Mean loss | Full",0.103330555035025,-0.415293923581051,-0.320727837884839,-0.418914321149085,-0.32352383902607,0.017209978476129,0.000667343143243745
63,"Probit Mean loss | Full",0.145827525830552,-0.473588554439817,-0.377356634465641,-0.4756837793497,-0.379026115311472,0.00878991727217949,0.000463846607118305
64,"Probit Mean loss | Full",0.163792253642024,-0.276513473450016,-0.250213055956339,-0.278070319796565,-0.251621823772114,0.011166155025402,0.000260311875388683
65,"Probit Mean loss | Full",0.130788638758765,0.0173124856390258,0.0174211161370714,0.0173723058395475,0.0174813116908676,0.00687498918575615,0.000000770252597734069
66,"Probit Mean loss | Full",0.146495854700699,-0.483461752240463,-0.382797930751819,-0.485656121185334,-0.384535399925978,0.00901630341095091,0.000489837128501074
67,"Probit Mean loss | Full",0.139402019402573,-0.500120980010428,-0.385749539848428,-0.502108211662583,-0.387282316368571,0.00789988730544388,0.000434848293754855
68,"Probit Mean loss | Full",0.167343837753359,-0.393105624820845,-0.337518225914577,-0.394797222614674,-0.338970622039904,0.00855109246415217,0.000360821513265324
69,"Probit Mean loss | Full",0.155447920566612,0.062861346991933,0.0640815615683644,0.0631245596376635,0.064349883489069,0.00832208204955051,0.0000126524293032433
70,"Probit Mean loss | Full",0.143134665007287,1.39291495469232,1.76789910266375,1.39646046480895,1.77239909322854,0.00507140633270127,0.00583010764492793
71,"Probit Mean loss | Full",0.144360522606674,-0.370061862244973,-0.314816635219071,-0.371858398478642,-0.316344972910239,0.00963913411343854,0.00035463652742151
72,"Probit Mean loss | Full",0.136624139127836,0.21523970849865,0.23025185706325,0.216205484588078,0.231284992350642,0.00891391873071937,0.000175173835237831
73,"Probit Mean loss | Full",0.149861203326439,-0.423720583493242,-0.351157094221168,-0.424552717791639,-0.351846722890651,0.00391620998380083,0.000177212420414806
74,"Probit Mean loss | Full",0.139658598817856,0.961613583964176,1.18392609152646,0.964553732650741,1.18754596420821,0.00608710020536172,0.00314470578050063
75,"Probit Mean loss | Full",0.133649582083437,-0.39777005939249,-0.328494911569807,-0.399494704516089,-0.329919194604662,0.00861549552712136,0.000344405707946351
76,"Probit Mean loss | Full",0.14822190290365,-0.445611755816604,-0.36336111222452,-0.446736288917974,-0.364278079950603,0.00502810172870336,0.00024416103514824
77,"Probit Mean loss | Full",0.121998286255982,-0.325115795390495,-0.277544376905195,-0.32588514838388,-0.27820115704383,0.00471604704286293,0.000133526058471062
78,"Probit Mean loss | Full",0.161606092366712,-0.507282111573368,-0.404096737954633,-0.507858009448119,-0.404555493442502,0.00226666248195452,0.00013537722797757
79,"Probit Mean loss | Full",0.145458130276965,0.0733325812061275,0.0750819029637543,0.0735682274788563,0.0753231704916634,0.00639593698775096,0.0000132973481830246
80,"Probit Mean loss | Full",0.157379676672601,-0.506360731629342,-0.401040292151822,-0.507738644827128,-0.40213160645975,0.00542028267896589,0.000320874935767973
81,"Probit Mean loss | Full",0.128184531939089,-0.134477579113985,-0.127373559836749,-0.134955239921933,-0.127825987355921,0.00706627607022882,0.0000423375468657814
82,"Probit Mean loss | Full",0.13193052511926,-0.331116833067324,-0.284577995324801,-0.332512394862533,-0.285777409363506,0.00837642875895112,0.000251179901885793
83,"Probit Mean loss | Full",0.131415628606669,-0.325920519766734,-0.280825535845654,-0.326729284998943,-0.281522398779816,0.00494454758643075,0.000143391109382779
84,"Probit Mean loss | Full",0.136816678538124,0.931874457402971,1.14732739855006,0.934253114253535,1.15025600996839,0.00508562127865987,0.00246243269702745
85,"Probit Mean loss | Full",0.136746156569906,-0.205414283407227,-0.189125231690265,-0.206094562945152,-0.189751566057526,0.00659072991127643,0.000086974728751826
86,"Probit Mean loss | Full",0.12305604110331,-0.273700373967805,-0.241176580427001,-0.274921234696515,-0.242252366372995,0.00886181056160061,0.000191047494587521
87,"Probit Mean loss | Full",0.154384855414122,-0.436271331810131,-0.360698288698976,-0.438530973197472,-0.362566504009172,0.0102789533198534,0.000497082512645343
88,"Probit Mean loss | Full",0.142234395486428,-0.355703433481665,-0.304465569089759,-0.356695364380928,-0.305314615731749,0.00555404848149824,0.000189557386009528
89,"Probit Mean loss | Full",0.177301909447239,-0.222626796900755,-0.207168815324296,-0.225407219200614,-0.2097561803764,0.0245180602959759,0.000402636782103026
90,"Probit Mean loss | Full",0.130249603010362,1.3757993004671,1.78604170598963,1.37861423509537,1.78969601126804,0.00407954699460232,0.00477708389257968
91,"Probit Mean loss | Full",0.120834930488817,-0.370882915522654,-0.306673593128841,-0.372607457894247,-0.308099573090346,0.00923519633241244,0.000322162357388555
92,"Probit Mean loss | Full",0.114543462078701,-0.382031614338896,-0.310382679647706,-0.385191730693991,-0.312950125234612,0.0163407118745969,0.000592370706059468
93,"Probit Mean loss | Full",0.150171712717071,-0.480632593374637,-0.383568504705469,-0.482469875739016,-0.385034746610286,0.00760165224968953,0.000413465094083652
94,"Probit Mean loss | Full",0.159152724166755,0.235224002855441,0.250834196955302,0.235926246601837,0.251583043773892,0.0059442188263461,0.000137804629139325
95,"Probit Mean loss | Full",0.136161513143516,0.730933187241051,0.874570391077154,0.735087226579574,0.879540749342805,0.0112702323671132,0.00321058542714369
96,"Probit Mean loss | Full",0.110166803727901,1.18893928083077,1.57679777876164,1.19347556337351,1.58281389779527,0.00758735528587522,0.00697388658808778
97,"Probit Mean loss | Full",0.136859747216902,-0.352771543062818,-0.300836428760915,-0.353941206812564,-0.301833894322534,0.00659844653792262,0.000220328115897259
98,"Probit Mean loss | Full",0.118681877680248,-0.395115242302992,-0.319915876356495,-0.397791271605042,-0.322082596765283,0.0134091840310679,0.00051335386934737
99,"Probit Mean loss | Full",0.134826397925824,0.929934874945338,1.14764743629629,0.943867512522162,1.16484192617584,0.0293045496693244,0.0149143072017549
100,"Probit Mean loss | Full",0.104710236457279,-0.146482186562608,-0.136636222987451,-0.14757086346432,-0.137651723256762,0.0147002073370186,0.000102928445344685
101,"Probit Mean loss | Full",0.135498246267823,-0.355471231373632,-0.30221838169698,-0.357363479149236,-0.303827153406304,0.0105620083648394,0.000358779923886566
102,"Probit Mean loss | Full",0.150411025156755,1.30044045221108,1.62331636938138,1.30730279994513,1.63188251432875,0.0104709278907162,0.0102600960741652
103,"Probit Mean loss | Full",0.129793656307862,0.0443513350297362,0.0450607340862735,0.0445165521196958,0.0452285938215484,0.00740895203243201,0.0000055594219701379
104,"Probit Mean loss | Full",0.118552839882168,-0.445906850315175,-0.346013379906314,-0.447631401091957,-0.347351591334716,0.00769038435992407,0.000340452455600553
105,"Probit Mean loss | Full",0.142903032845879,0.678019085464985,0.798669857594238,0.682516817702979,0.803967943213098,0.0131364158964915,0.00313266727171495
106,"Probit Mean loss | Full",0.179347971694098,-0.201842357208605,-0.18939584822069,-0.202783014108417,-0.190278499978667,0.0092559544432378,0.000123156181404541
107,"Probit Mean loss | Full",0.158927667202932,-0.436550936177302,-0.362792777738426,-0.43735227321707,-0.363458723602859,0.003661135269773,0.000176740442095789
108,"Probit Mean loss | Full",0.159873039950015,-0.0229890443218859,-0.0228239409895279,-0.0230198517685664,-0.0228545271824652,0.00267480713612604,0.000000510055229232793
109,"Probit Mean loss | Full",0.172293305766391,-0.47284920161802,-0.390504690767304,-0.47491272676361,-0.392208862511936,0.00867124403039098,0.000489909148155747
110,"Probit Mean loss | Full",0.163030726021957,1.26764596921557,1.54979434710114,1.27131790011612,1.55428356403617,0.00576823169903952,0.00510308272908649
111,"Probit Mean loss | Full",0.14261766806869,0.743755779513872,0.885621887805438,0.747104071040542,0.889608842050971,0.00894330160369664,0.00260024695533216
112,"Probit Mean loss | Full",0.123728028537379,-0.351247013699382,-0.295447184227187,-0.352938444976552,-0.296869911221761,0.00956188407252694,0.000309788671937696
113,"Probit Mean loss | Full",0.159933136463832,-0.0702310124394235,-0.0686587899760914,-0.0706607469884173,-0.0690789042976709,0.0121263308928106,0.0000213273022836736
114,"Probit Mean loss | Full",0.136859982988893,0.142230955548412,0.148962551008658,0.142672283757115,0.149424766674349,0.00617703196127608,0.0000505281073159171
115,"Probit Mean loss | Full",0.152405497283647,0.166501241187716,0.174852929219508,0.167017732054706,0.175395327224257,0.00617529952511636,0.0000695987304568321
116,"Probit Mean loss | Full",0.189505144319447,-0.0924045466170195,-0.0900530789392425,-0.0939433578098353,-0.091552731184641,0.0324920933035117,0.000102490312425247
117,"Probit Mean loss | Full",0.147424549781704,-0.19135628821968,-0.178146071048235,-0.192008101124577,-0.178752886267878,0.0067779071961387,0.0000793912082922208
118,"Probit Mean loss | Full",0.115659387311918,0.477312627012444,0.553961014234372,0.479409409284307,0.556394504505141,0.00872822646510093,0.000992466756980103
119,"Probit Mean loss | Full",0.130750968099321,-0.346540071012251,-0.294722956428287,-0.348527508741698,-0.296413218456655,0.011372251045168,0.000367981355648069
120,"Probit Mean loss | Full",0.14173830769478,0.237022944557594,0.254538585959075,0.23804020190156,0.255631017100595,0.008528674796653,0.00020466591973596
121,"Probit Mean loss | Full",0.109053633827356,-0.394610052179563,-0.314343147130972,-0.396324932176561,-0.315709206541347,0.00863518670720937,0.000316103834625872
122,"Probit Mean loss | Full",0.122909258673719,-0.437898084585786,-0.345130049957109,-0.442016977744705,-0.348376361945549,0.0185499770746209,0.000835198269435996
123,"Probit Mean loss | Full",0.148873768368202,0.420283937695524,0.469526594984143,0.421426601866312,0.470803139646455,0.0054154865637852,0.000439431848337251
124,"Probit Mean loss | Full",0.158979170500057,1.17126169786925,1.43265085844448,1.17713964002562,1.43984057436495,0.00996188806522647,0.00759513676663
125,"Probit Mean loss | Full",0.141577195246005,-0.409840224820464,-0.339204758689188,-0.412296191516833,-0.341237442501412,0.0118781201152491,0.000509644794151182
126,"Probit Mean loss | Full",0.126418493725726,0.0308275820417745,0.0311792649780416,0.0310750064867457,0.0314295120561727,0.0158609413315343,0.00000579648620232995
127,"Probit Mean loss | Full",0.14708142169438,0.589567840311143,0.681436738055318,0.59402684520238,0.686590563519159,0.0149564599084205,0.00260607003847961
128,"Probit Mean loss | Full",0.216803436458398,-0.100439806384565,-0.0980141038178439,-0.101548837838459,-0.0990963512650671,0.0217230550441585,0.0000793946888475685
129,"Probit Mean loss | Full",0.155181753452118,-0.355743113195768,-0.308136082637644,-0.356925858495408,-0.309160548016932,0.00661641985218806,0.000231788163625522
130,"Probit Mean loss | Full",0.200392566032052,-0.219489694094829,-0.206152745698682,-0.222025308865287,-0.208534287798505,0.0227103471527064,0.000367936148106278
131,"Probit Mean loss | Full",0.166675200590044,-0.443546985823591,-0.370274631399586,-0.445009124298144,-0.371495229897657,0.00656047872577787,0.000331831507908066
132,"Probit Mean loss | Full",0.174281355810584,-0.435241471625961,-0.367881636725102,-0.436356635757984,-0.368824213278235,0.00510471971697642,0.000254126771556656
133,"Probit Mean loss | Full",0.138433243589724,0.770336832693902,0.925209964357848,0.774013776829263,0.929626143369471,0.00947841137549744,0.00301096220750078
134,"Probit Mean loss | Full",0.123375256718576,-0.36971926282905,-0.307014032395677,-0.372496957209005,-0.30932062347191,0.0148583109227182,0.000525418713751817
135,"Probit Mean loss | Full",0.167730143542983,-0.259094266671699,-0.236680614369707,-0.259658165240286,-0.237195731363108,0.00433867550412274,0.0000892639928404945
136,"Probit Mean loss | Full",0.136125614630628,-0.301327576860863,-0.264371995858377,-0.302033632703167,-0.26499145921504,0.0046698811134526,0.000119955308102982
137,"Probit Mean loss | Full",0.138474796334491,-0.396439240501453,-0.329691880861692,-0.398224255767643,-0.331176358129211,0.00894478239771374,0.000360418951124443
138,"Probit Mean loss | Full",0.176232708753482,0.669018676096814,0.764510512288427,0.670677568994155,0.766406185913232,0.00494079829969583,0.00106189908476953
139,"Probit Mean loss | Full",0.148970848981848,-0.103638624767134,-0.0999481607034814,-0.103869409333129,-0.100170727270162,0.00443880793304821,0.0000162890999155296
140,"Probit Mean loss | Full",0.132539730853873,-0.307386688822642,-0.267964702556551,-0.308359981139971,-0.268813171263223,0.00630273933520881,0.000166875807927363
141,"Probit Mean loss | Full",0.183216732266626,-0.344431811739747,-0.306228178698446,-0.345784412459055,-0.307430751865795,0.00780807459619048,0.000270807020390923
142,"Probit Mean loss | Full",0.135976102254851,-0.00798813132777836,-0.00796546721114029,-0.00804536650713267,-0.00802254000147926,0.014177500104812,0.000000337009198215954
143,"Probit Mean loss | Full",0.180478130110211,1.04152270503753,1.22969337385594,1.04520069672546,1.23403586392925,0.00702548399643801,0.00392293170923053
144,"Probit Mean loss | Full",0.114089213771164,-0.130935025280921,-0.123595342334759,-0.131856930305821,-0.124465569127843,0.0139345300675964,0.0000797080296390973
145,"Probit Mean loss | Full",0.18251432472435,-0.163579546719206,-0.155682538053596,-0.165035886482929,-0.157068571180794,0.0175708949752617,0.000160652795761981
146,"Probit Mean loss | Full",0.135513321712654,-0.197307040098834,-0.182228844047549,-0.197812335412762,-0.182695524713954,0.00510231017949221,0.00006232485708875
147,"Probit Mean loss | Full",0.158107410165924,-0.425790846527811,-0.355791058354727,-0.426480291766614,-0.356367159163826,0.00323057349087253,0.000149863994942363
148,"Probit Mean loss | Full",0.184351916702611,-0.501979629433379,-0.41323216323068,-0.50503399779213,-0.415746534671638,0.0120591175872291,0.000768172732803776
149,"Probit Mean loss | Full",0.155774097741202,-0.270990491247293,-0.244683915578074,-0.271943925754284,-0.245544794819055,0.00699970139235592,0.00015474215388251
150,"Probit Mean loss | Full",0.152488204184207,0.326176840719752,0.356274799845451,0.327213621801055,0.357407249872895,0.00632698936980924,0.000296140199922456
151,"Probit Mean loss | Full",0.176003164392173,-0.266598780083391,-0.243789630828824,-0.267686864516954,-0.244784623012532,0.00811300943946264,0.000178445290792753
152,"Probit Mean loss | Full",0.160330444583719,0.669893431960417,0.775658835337692,0.672804017643088,0.77902895570768,0.00863339080292768,0.00192429367641473
153,"Probit Mean loss | Full",0.131755953575358,-0.305488029654209,-0.266408118781483,-0.306113955055365,-0.266953971948981,0.00408531177021409,0.000106437062614112
154,"Probit Mean loss | Full",0.132417111228573,-0.355149192299528,-0.300997726682775,-0.356694954750628,-0.302307798601453,0.00864835959068236,0.000290283098285395
155,"Probit Mean loss | Full",0.138170363740439,-0.236920510233661,-0.215094495279216,-0.237937217093583,-0.216017539251501,0.00852775093944038,0.000146133239857098
156,"Probit Mean loss | Full",0.11322336448232,0.323043955667582,0.360673276599219,0.324928123735633,0.362776919335277,0.011563820099247,0.000560594753552686
157,"Probit Mean loss | Full",0.10609962721259,-0.384507059282134,-0.307230582691157,-0.385960948419847,-0.308392275815288,0.00751967675471927,0.000262362215514592
158,"Probit Mean loss | Full",0.165330988559646,0.0502210747772048,0.0509625337476002,0.0503535436379693,0.0510969583654954,0.00525462969636092,0.00000502154461744725
159,"Probit Mean loss | Full",0.128813685255463,-0.277731405973372,-0.245344037718341,-0.278990511169394,-0.246456313629744,0.00900578283075671,0.00020097742852182
160,"Probit Mean loss | Full",0.125180597831805,-0.403116962375181,-0.327735957001936,-0.407958743359874,-0.331672347361852,0.0235957639506219,0.00096792109672485
161,"Probit Mean loss | Full",0.162374824855393,-0.499184946559748,-0.400335603324853,-0.500088640983372,-0.401060346838847,0.00361087147667016,0.000212236238208679
162,"Probit Mean loss | Full",0.127083444698781,0.143279389540436,0.150520191645077,0.143695300092503,0.150957120754038,0.00578040684249032,0.0000482392265063807
163,"Probit Mean loss | Full",0.128567224853002,0.165456765871963,0.17494538397037,0.166395184310219,0.175937618849013,0.0112475880148002,0.000128205395603198
164,"Probit Mean loss | Full",0.160091134293921,0.286601257997692,0.309185854050371,0.287918546817574,0.310606947145537,0.00912949440470962,0.000323645218049677
165,"Probit Mean loss | Full",0.137673169215061,-0.201363650799452,-0.185825293357671,-0.206182332943748,-0.190272138751595,0.0461957474861145,0.000638425437956517
166,"Probit Mean loss | Full",0.129507348419308,-0.438169653524264,-0.349303464487616,-0.439421189159924,-0.350301173320142,0.00568817976228058,0.000255594164083102
167,"Probit Mean loss | Full",0.107286984445287,-0.37505083839674,-0.302699132274981,-0.376666550655672,-0.304003154686652,0.00856060595198356,0.000290543761776338
168,"Probit Mean loss | Full",0.192390202526878,-0.484419477888692,-0.406094654471741,-0.486995620314833,-0.408254265544717,0.0105517527985623,0.000647157555329927
169,"Probit Mean loss | Full",0.156749866517866,-0.5073216874591,-0.401120267266718,-0.5088071903977,-0.402294798832165,0.00583063464818105,0.000345590127082076
170,"Probit Mean loss | Full",0.214681933442378,-0.295259770261767,-0.271894437221723,-0.29898154162664,-0.275321686825768,0.0247413718850769,0.00070016735532577
171,"Probit Mean loss | Full",0.152028454909089,0.629478361004354,0.729464776050739,0.632593953646835,0.733075249785828,0.00982595648173732,0.00194167908159724
172,"Probit Mean loss | Full",0.200024267781932,0.453735356429371,0.495614697131856,0.463774401229694,0.506580336193708,0.0428242274668289,0.00418033931364395
173,"Probit Mean loss | Full",0.24011947128165,-0.00799872727869324,-0.00798569898117298,-0.00814299877078535,-0.00812973548439033,0.0351205862948008,0.00000087590818815088
174,"Probit Mean loss | Full",0.190149276311436,-0.27980741862809,-0.256282586182747,-0.281709485997755,-0.258024737077036,0.0134581631281457,0.000330681583092738
175,"Probit Mean loss | Full",0.133488971474028,-0.218644529270391,-0.199711316099566,-0.220456842085581,-0.201366694254755,0.0163738493644618,0.000245761044581434
176,"Probit Mean loss | Full",0.119125491056365,0.42697834097983,0.487980500602762,0.428407959615455,0.489614368062835,0.00666296341793152,0.000585458542614474
177,"Probit Mean loss | Full",0.13682838300519,-0.177162380470081,-0.165213810185723,-0.17765401161178,-0.165672283671519,0.00552704528416798,0.0000555413974361278
178,"Probit Mean loss | Full",0.220210201126169,-0.567462912167984,-0.468616910307148,-0.574815427690302,-0.474688695851495,0.0254185668258892,0.00213977320566845
179,"Probit Mean loss | Full",0.130004414626687,-0.483668864397658,-0.371410328521035,-0.491158391959803,-0.377161552337742,0.0302648795168346,0.0016164329431536
180,"Probit Mean loss | Full",0.166592722750623,-0.203986808615543,-0.190381913303965,-0.205021262817381,-0.191347374607605,0.0100657314205135,0.00013555047202493
181,"Probit Mean loss | Full",0.154887228485499,0.579503061748816,0.664392392519111,0.582436037639719,0.667755009557712,0.0100460510737733,0.00164752395506647
182,"Probit Mean loss | Full",0.121513872530692,-0.380225148101528,-0.31261562062941,-0.384322636501107,-0.31598451636251,0.0212095003123343,0.000787751674003628
183,"Probit Mean loss | Full",0.138616006064711,-0.432757559825517,-0.351290588113046,-0.433947691522047,-0.352256676524706,0.00547761728112631,0.000248835666087864
184,"Probit Mean loss | Full",0.129543827466344,-0.446416743651378,-0.353589001020602,-0.450166575900812,-0.356559094454436,0.0165903673371552,0.000780911141895319
185,"Probit Mean loss | Full",0.137620992080705,0.961335976023441,1.18673758997895,0.96378539238965,1.18976131378394,0.00507644927149932,0.00262970519994878
186,"Probit Mean loss | Full",0.164280165729182,-0.104853995997491,-0.101377859996195,-0.10504385316613,-0.101561422990418,0.00361155057012288,0.0000136125538049322
187,"Probit Mean loss | Full",0.140112845737539,0.0722292988358287,0.0739801778911256,0.0730627922735158,0.0748338756811502,0.022685670904933,0.000047329386656262
188,"Probit Mean loss | Full",0.133151128250244,-0.160756813780087,-0.150781275551184,-0.161192143188658,-0.151189591204909,0.0053940788414704,0.0000451364162634813
189,"Probit Mean loss | Full",0.156496948302495,-0.156818511466302,-0.148515313044863,-0.157749470439661,-0.149396979769457,0.0117681782662584,0.0000967723034834528
190,"Probit Mean loss | Full",0.13200338362502,-0.27309711674756,-0.242456120421618,-0.275221845453118,-0.24434245845782,0.015380517395211,0.000339560713715751
191,"Probit Mean loss | Full",0.143898946754891,-0.21846315067656,-0.200669063863018,-0.219474243014509,-0.201597801511939,0.00919254425147543,0.000137288792576249
192,"Probit Mean loss | Full",0.106704551666118,-0.371179355644773,-0.300216072466483,-0.373017430911382,-0.301702738492077,0.00983088980938731,0.000329047804856753
193,"Probit Mean loss | Full",0.11725592572206,-0.403125141588876,-0.323599637592821,-0.405449921477341,-0.325465802343611,0.0114347781183493,0.000446118443739922
194,"Probit Mean loss | Full",0.140551070408772,-0.294809496092585,-0.260463308313843,-0.297535094281744,-0.262871366164394,0.0182372714489134,0.000467365795513914
195,"Probit Mean loss | Full",0.107573532211245,-0.406360075103399,-0.319460155862651,-0.407889059202079,-0.320662167399713,0.00748300717259696,0.000282260883654427
196,"Probit Mean loss | Full",0.16772173743006,0.592430143628778,0.673990785842105,0.594836502150416,0.676728430927283,0.00807445796465146,0.00135731356231551
197,"Probit Mean loss | Full",0.12462949400913,-0.33100989565649,-0.282346756645943,-0.33204702978073,-0.283231417376721,0.00623715504262826,0.000183317394082169
198,"Probit Mean loss | Full",0.199341625728658,-0.092760851921813,-0.0905076501114661,-0.0936648385408329,-0.0913896784987072,0.019209434704565,0.0000595593079888448
199,"Probit Mean loss | Full",0.16273769599664,-0.153295775024374,-0.145637269691285,-0.156052274905738,-0.148256057564351,0.035015888647881,0.000290393521378744
200,"Probit Mean loss | Full",0.161055304997585,0.0325815688263779,0.0329033970083545,0.0327169686973043,0.0330401343070313,0.00825991518673056,0.00000331038395092763
201,"Probit Mean loss | Full",0.140268981994924,-0.281987970843776,-0.250727139716165,-0.28357855525708,-0.252141393945632,0.0111864850956835,0.000261869303185124
202,"Probit Mean loss | Full",0.154995536377,-0.164852614208354,-0.155566831715817,-0.165727975985737,-0.156392886303829,0.0105359397181215,0.000094825312261781
203,"Probit Mean loss | Full",0.133080652942655,-0.351877363516601,-0.299039502449228,-0.353714132039728,-0.300600462039754,0.0103586448307947,0.000344366925915337
204,"Probit Mean loss | Full",0.235183843223631,-0.15770085911706,-0.152092897430823,-0.161475968232121,-0.155733760813824,0.0462109681929854,0.000427834030323315
205,"Probit Mean loss | Full",0.139445872838066,-0.450261016296481,-0.361384211922478,-0.452552423933197,-0.36322331971333,0.0101009583701694,0.000490158076591783
206,"Probit Mean loss | Full",0.282254701398227,-0.318633527406498,-0.298872189311424,-0.329120801903394,-0.308709053354919,0.0627136813179386,0.00232169832439645
207,"Probit Mean loss | Full",0.149019986072087,0.795248275773284,0.947677908712351,0.79907621905651,0.952239575044529,0.00955797303457028,0.00318600338693943
208,"Probit Mean loss | Full",0.189837382125135,0.0640049314865797,0.0650546067569147,0.0642734277586978,0.0653275063443785,0.00833736342832269,0.0000130639341635703
209,"Probit Mean loss | Full",0.175419506541581,0.631985062111079,0.71902570409637,0.634602686656902,0.722003843050847,0.00823263430854109,0.0015755241638133
210,"Probit Mean loss | Full",0.137693612721612,0.808490205968174,0.977481930438534,0.810669990085074,0.980117336001643,0.00537050481277859,0.00188854334520455
211,"Probit Mean loss | Full",0.12351984592101,1.01084778476848,1.28128291878182,1.01345484338968,1.28458745160066,0.00513827602373452,0.00310312376839635
212,"Probit Mean loss | Full",0.189474970973105,0.929322058707425,1.07831262538736,0.931625946344374,1.08098587639127,0.00493983431388857,0.00211212744623571
213,"Probit Mean loss | Full",0.270405837650164,-0.45127226331081,-0.405761048425265,-0.458286068432584,-0.412067504972764,0.0303746261177272,0.00193669282701155
214,"Probit Mean loss | Full",0.123664199147874,-0.449449812797298,-0.351272416145191,-0.451998413799963,-0.353264303129022,0.0112452422809168,0.000516769387718872
215,"Probit Mean loss | Full",0.183887629321729,-0.483231893084815,-0.401832213041825,-0.485046312348205,-0.403340996130084,0.00746743395843165,0.000445644342111603
216,"Probit Mean loss | Full",0.161494692854795,-0.359150649642783,-0.312191217525482,-0.360840383377557,-0.313660016294126,0.00934361835521294,0.000337852712387644
217,"Probit Mean loss | Full",0.163332479335793,-0.323308343329477,-0.286368938753933,-0.324546760630786,-0.287465861415002,0.00761711193837187,0.000230940798433566
218,"Probit Mean loss | Full",0.157510224292084,-0.427204658106093,-0.356437765037076,-0.428621639326257,-0.357620021853876,0.00660087540947026,0.00030941292569476
219,"Probit Mean loss | Full",0.169152217257561,-0.14996585090092,-0.142893679076113,-0.150843138171993,-0.14372959475303,0.0115979576935318,0.0000882586595533827
220,"Probit Mean loss | Full",0.109035934599507,-0.399330964701892,-0.316808609257703,-0.402615398258084,-0.319414309589291,0.0162489402314638,0.000613572100470633
221,"Probit Mean loss | Full",0.130394158368576,0.534464518967982,0.620061861350863,0.536732936818328,0.622693578414744,0.00843482536045591,0.0012009381547372
222,"Probit Mean loss | Full",0.174245877997766,-0.30445403492455,-0.27384485879565,-0.305200311371183,-0.274516106158824,0.00488442521510828,0.00013467675390136
223,"Probit Mean loss | Full",0.217449044855604,0.351359641515327,0.375174534026821,0.354260701335211,0.378272225501616,0.0163110463115217,0.000863873146828947
224,"Probit Mean loss | Full",0.159522543017965,-0.273480988571086,-0.247196716023783,-0.27455854136422,-0.248170705159908,0.00783394511077777,0.000177057459430638
225,"Probit Mean loss | Full",0.140355397338585,-0.0677776365675418,-0.0661461777117738,-0.0680318895556198,-0.0663943106385748,0.0074605566517215,0.0000120643028018415
226,"Probit Mean loss | Full",0.176191444674951,0.652333395887482,0.743811180054637,0.654605641604119,0.746402066522386,0.00693028565574557,0.00141557897546407
227,"Probit Mean loss | Full",0.105724266433739,-0.402550603891026,-0.316344168171593,-0.40454466572496,-0.317911200554705,0.00983400591480095,0.000365469513711266
228,"Probit Mean loss | Full",0.172409749065805,-0.531334800629456,-0.422872838955029,-0.532593026142197,-0.423874221499497,0.00471932301890023,0.000310188134462138
229,"Probit Mean loss | Full",0.164881836760727,-0.542453616313553,-0.423249518886151,-0.54401549955644,-0.424468178530456,0.00573381140647356,0.000378310197190251
230,"Probit Mean loss | Full",0.129012679931866,-0.419781827184019,-0.339087434960963,-0.42152481352296,-0.340495368150468,0.00825281310936015,0.000351269537522479
231,"Probit Mean loss | Full",0.166987998899944,-0.312159068756616,-0.278590812223058,-0.313854995525496,-0.280104366251441,0.0107778738099671,0.000311240474610649
232,"Probit Mean loss | Full",0.115349396401351,-0.138140256451421,-0.13000951509737,-0.139155055268942,-0.130964584282677,0.0145319703522276,0.0000920887843526229
233,"Probit Mean loss | Full",0.147082998126089,-0.404560355370841,-0.338166312124365,-0.405024656119356,-0.338554414591049,0.00229138950186136,0.0000958449422359464
234,"Probit Mean loss | Full",0.149150280438184,-0.4328054674719,-0.356318340744026,-0.434430515143374,-0.357656203440891,0.00746728536183071,0.000350401923146834
235,"Probit Mean loss | Full",0.11632994453949,0.455085503289717,0.524982752787678,0.458704931587805,0.529158094383296,0.0157188136997233,0.0016281278650441
236,"Probit Mean loss | Full",0.080121540263211,-0.264002219632366,-0.222869422891642,-0.267285226207661,-0.225640921486633,0.0244147002962887,0.000463915537344613
237,"Probit Mean loss | Full",0.19289573135289,-0.293776499819595,-0.268017025079182,-0.295643671560016,-0.269720475884426,0.0125913439056698,0.000337769187565152
238,"Probit Mean loss | Full",0.183599040508565,0.669490464905253,0.76076647816311,0.67241317757817,0.764087663367999,0.00867431167422551,0.00186003911402842
239,"Probit Mean loss | Full",0.157679023229172,-0.241637884343414,-0.221241008760918,-0.242403524758603,-0.221942020765988,0.00630709693101275,0.00011383437521232
240,"Probit Mean loss | Full",0.129250124686748,-0.413522003464004,-0.335691970634469,-0.415708731493143,-0.337467128994107,0.0104928114610885,0.00043969639831436
241,"Probit Mean loss | Full",0.144175893224274,-0.237774738865489,-0.216527629663121,-0.23832210655305,-0.217026085590387,0.00458823657196074,0.0000790467369600695
242,"Probit Mean loss | Full",0.17073551431156,-0.427646062674765,-0.361684606863031,-0.429147381499699,-0.362954357613397,0.00698451301720769,0.000337365895998314
243,"Probit Mean loss | Full",0.146973401075386,-0.524647307125289,-0.402031135783811,-0.557618810304956,-0.42729681558774,0.114761965674805,0.00861815428451333
244,"Probit Mean loss | Full",0.177359839781984,-0.313473428872246,-0.281393859305725,-0.315381215988399,-0.283106411407125,0.0120617004313593,0.000356283052364194
245,"Probit Mean loss | Full",0.167961707984831,-0.438964071806795,-0.36791019877846,-0.44133639468087,-0.369898520457215,0.0107217392866715,0.0005399194892611
246,"Probit Mean loss | Full",0.14751458086156,-0.0341308898227328,-0.0337393362549835,-0.0345509002112248,-0.0341545282350789,0.0241647832138565,0.0000105176820263228
247,"Probit Mean loss | Full",0.193958316452081,0.0558339210180332,0.0566182975690152,0.0563592363144517,0.0571509926982104,0.0185547974491016,0.0000224830257064176
248,"Probit Mean loss | Full",0.200700135797022,-0.469936079852911,-0.399924209772819,-0.475912668978837,-0.405010396566714,0.0249586196007477,0.00152878670331056
249,"Probit Mean loss | Full",0.136697947836597,-0.340707039373604,-0.292561110734687,-0.347959053918897,-0.298788329973643,0.0412487777728842,0.00139845808707501
250,"Probit Mean loss | Full",0.190662010945856,-0.603858820177216,-0.469240900772665,-0.60655997337077,-0.471339887349189,0.00888663571264042,0.000725269595785539
251,"Probit Mean loss | Full",0.127528140283236,-0.46162894956213,-0.359705623970468,-0.463573661606489,-0.361220961905887,0.00837249019303864,0.000401115098340544
252,"Probit Mean loss | Full",0.172279631245682,-0.505394277166573,-0.40913017773313,-0.507065541327262,-0.410483110747993,0.00658104257020438,0.000406415143002093
253,"Probit Mean loss | Full",0.128734792658555,-0.451787618340414,-0.355775642089207,-0.454436323777101,-0.357861455952154,0.0116231306377344,0.000548336851250634
254,"Probit Mean loss | Full",0.14356242110733,-0.501493295874727,-0.389442268781262,-0.504118719946416,-0.391481081892827,0.0103887732475607,0.000585785007586756
255,"Probit Mean loss | Full",0.133374359277642,-0.464488223111691,-0.365033044283185,-0.466187937518355,-0.36636881964498,0.00727867755975331,0.000358326708548253
256,"Probit Mean loss | Full",0.167120571076033,1.15272629201795,1.39297534818797,1.15961206263431,1.40129623822777,0.0118407301922397,0.00856699448628951
257,"Probit Mean loss | Full",0.136794255409883,-0.303085783927832,-0.265809401971468,-0.305295516644313,-0.267747360671717,0.0144236358551738,0.000381989922365893
258,"Probit Mean loss | Full",0.150431238387355,-0.525057374419937,-0.404919559866043,-0.528462380864668,-0.407545470439082,0.01284495147454,0.000786894078573937
259,"Probit Mean loss | Full",0.114710913749405,-0.279117749085936,-0.243321969066678,-0.281813848740059,-0.245672304288245,0.0190423780640928,0.000426579887095656
260,"Probit Mean loss | Full",0.156691218619766,-0.506221798187935,-0.400538620871344,-0.509531429279366,-0.403157305166844,0.0129486902904073,0.000776340459735797
261,"Probit Mean loss | Full",0.135240081651056,-0.444348918192897,-0.355864309625019,-0.446297443626527,-0.357424819012654,0.00871289697249312,0.000408836417050811
262,"Probit Mean loss | Full",0.128035876375723,1.118951669894,1.4265838995183,1.14329809465924,1.45762386175743,0.0421363377962491,0.0340299308294591
263,"Probit Mean loss | Full",0.137448863451933,-0.444075178097186,-0.356943590529269,-0.446431462525608,-0.358837550528999,0.0105282281402502,0.000498843920989531
264,"Probit Mean loss | Full",0.173343048321554,-0.47094615633318,-0.3898310768634,-0.473657096451445,-0.392075088607426,0.0114140892617752,0.000646222961752817
265,"Probit Mean loss | Full",0.175482635807617,-0.25321639472703,-0.2327219563798,-0.254177987612368,-0.233605721342009,0.00755198331977114,0.000151194935118284
266,"Probit Mean loss | Full",0.187952050488974,-0.514261338929576,-0.422083637319471,-0.516251121522922,-0.423716765479994,0.0076937285322385,0.000506826667575281
267,"Probit Mean loss | Full",0.182873801081984,-0.0940190311008161,-0.0914977168821192,-0.0942596823620606,-0.0917319145834874,0.00509961535737281,0.0000157041985137851
268,"Probit Mean loss | Full",0.169269719030038,-0.459497358972369,-0.381151662560276,-0.460463364489175,-0.381952961200157,0.00419139632093745,0.000223573154908448
269,"Probit Mean loss | Full",0.166822404145812,-0.291263074071145,-0.262331142487947,-0.294038056774341,-0.264830478818977,0.0187859237728702,0.00048890193524764
270,"Probit Mean loss | Full",0.164793251045668,-0.149904788956035,-0.142672853720474,-0.150558707620196,-0.143295225044076,0.00866769645487655,0.0000653679570499308
271,"Probit Mean loss | Full",0.143086789582871,1.23983194367718,1.5599615276875,1.24478108478113,1.56618855688822,0.0079360178066725,0.00714443818808865
272,"Probit Mean loss | Full",0.159036369314223,-0.0664300053175607,-0.0650188294515151,-0.0671207582181807,-0.065694908654337,0.0204764839374555,0.0000328489115178414
273,"Probit Mean loss | Full",0.13552855157763,-0.402678710151049,-0.332272725274035,-0.40454394375558,-0.333811833842297,0.00920015543631689,0.000376729588510134
274,"Probit Mean loss | Full",0.181925477019837,-0.138798222910772,-0.133161122843139,-0.139469186434691,-0.133804836100832,0.00959852986818352,0.0000631762878878494
275,"Probit Mean loss | Full",0.160449619330016,-0.367096802270727,-0.317531693123676,-0.367846023963221,-0.318179755517767,0.00406941298034142,0.000150613819421368
276,"Probit Mean loss | Full",0.150822664532246,-0.30401585999904,-0.269395490922109,-0.30497273535639,-0.270243400326063,0.00626530906971979,0.000167648349072115
277,"Probit Mean loss | Full",0.1541084681002,1.55778532904352,1.94449199350742,1.56560543572605,1.95425337368545,0.00996493243958217,0.0139959557416414
278,"Probit Mean loss | Full",0.140028806292461,-0.197117572783222,-0.182458846958742,-0.198087251680037,-0.18335641530303,0.00976645894373359,0.000120728208047537
279,"Probit Mean loss | Full",0.147257084785557,-0.271178175492015,-0.243556255434262,-0.271638720482779,-0.243969889802906,0.00338798959573355,0.0000736725072755823
280,"Probit Mean loss | Full",0.159267516498892,-0.347395725212596,-0.303216360426726,-0.35043486795502,-0.305869006197226,0.0172697670936244,0.000598604733263793
281,"Probit Mean loss | Full",0.161831728866414,-0.444092414255636,-0.368620865698113,-0.446011183938543,-0.37021354892999,0.00858562482136347,0.000432153815200831
282,"Probit Mean loss | Full",0.180701695630499,1.34595431001081,1.60738094893149,1.35073406595571,1.61308908373906,0.00706474969036117,0.0067407713124946
283,"Probit Mean loss | Full",0.197139016084399,-0.562535874216223,-0.453643016662104,-0.570115744834529,-0.459755614152864,0.0264138722289552,0.00208799193499329
284,"Probit Mean loss | Full",0.188571294842772,-0.46995544537691,-0.395473089536668,-0.474102129216899,-0.398962573243399,0.0174162878460776,0.00102722926762543
285,"Probit Mean loss | Full",0.129521500855251,-0.387494583398749,-0.32049071823035,-0.39407890707722,-0.325936509514103,0.0331371087157355,0.00132566191660571
286,"Probit Mean loss | Full",0.198300615326424,0.275838848547802,0.292789699603662,0.278989476091104,0.296133939535139,0.0224584638260778,0.000733564379054027
287,"Probit Mean loss | Full",0.18522151435713,-0.308053205561669,-0.278385771638561,-0.309228161820674,-0.27944757232396,0.00758484638413651,0.00021730570265226
288,"Probit Mean loss | Full",0.159896079067716,1.10503143616367,1.34368837306914,1.11068481817298,1.35056273286184,0.0101540852441355,0.00681270795867509
289,"Probit Mean loss | Full",0.170975012103583,-0.456029802787316,-0.37974962464796,-0.458723561570258,-0.38199279796791,0.0117101005426092,0.000629511481945597
290,"Probit Mean loss | Full",0.138022206114145,1.03530903345937,1.28842259145047,1.03775019838026,1.29146057521366,0.00469919190952309,0.00286713517935032
291,"Probit Mean loss | Full",0.179334266809341,0.95087162201429,1.11657335134469,0.956765401512821,1.12349419846475,0.012282271758853,0.00571484638109001
292,"Probit Mean loss | Full",0.188996939541753,0.930447443836486,1.08021636739572,0.935052964765087,1.08556321328198,0.00982656396611182,0.00425811796868448
293,"Probit Mean loss | Full",0.14399595312864,-0.400291782484763,-0.334284887315009,-0.401172824182058,-0.335020647921114,0.00438750676912923,0.00018008919187626
294,"Probit Mean loss | Full",0.136493661988887,-0.418014627724715,-0.34179887558955,-0.418950166046697,-0.34256383912268,0.00446112136452328,0.000191463452723357
295,"Probit Mean loss | Full",0.165638576277931,-0.50240342792537,-0.403885763506696,-0.504869740523023,-0.405868450111091,0.00974623105029573,0.000590306851375446
296,"Probit Mean loss | Full",0.12884634545009,-0.250612493873133,-0.224620853166296,-0.251515182191226,-0.225429921449443,0.0071651216874049,0.000133532414958181
297,"Probit Mean loss | Full",0.172807000326877,-0.511689190491764,-0.412838626770775,-0.513215367332524,-0.41406996947423,0.00593866707679438,0.000372941150276892
298,"Probit Mean loss | Full",0.18450445101437,-0.0151230733165504,-0.0150606490922167,-0.0151801670299298,-0.0151175071371775,0.00750799993975471,0.000000629469438159701
299,"Probit Mean loss | Full",0.132061207064391,-0.151306664893621,-0.142451141607868,-0.151680740551628,-0.142803323744512,0.00492632595536048,0.0000367588213778109
300,"Probit Mean loss | Full",0.163824519264119,0.812116237214082,0.955320490643874,0.813685980030668,0.957167033551168,0.00385462869120099,0.00129078031037918
301,"Probit Mean loss | Full",0.130340357031968,-0.47057629725434,-0.365848555218168,-0.471984617159463,-0.36694345057431,0.00595874849867695,0.00029387725060467
302,"Probit Mean loss | Full",0.161173602458527,1.14193653497178,1.38989367686073,1.15731992561682,1.40861737711151,0.0264078243834296,0.0195956047275215
303,"Probit Mean loss | Full",0.132875558830662,-0.193649396645815,-0.1789236908222,-0.194002058906913,-0.179249535541896,0.00363235033195112,0.0000426482511754005
304,"Probit Mean loss | Full",0.126245492933759,-0.215211346064993,-0.196084294796527,-0.216281822588885,-0.197059632008628,0.00987440715048305,0.000141004547104657
305,"Probit Mean loss | Full",0.17876407147354,-0.122876230482442,-0.118417996441394,-0.123214914883244,-0.118744392588244,0.00548990234367704,0.0000283399240238124
306,"Probit Mean loss | Full",0.16636626435315,-0.512153820122042,-0.40943150524374,-0.512999922388178,-0.410107905400888,0.00329592454707761,0.000202499683051838
307,"Probit Mean loss | Full",0.128113088961022,1.30039605775503,1.68591052541069,1.30510259330596,1.6920123570613,0.00719950919767825,0.00755901152531491
308,"Probit Mean loss | Full",0.13717052354265,-0.339164389121442,-0.291630524722715,-0.339771260098199,-0.292152342776341,0.0035690423346467,0.000111311560933685
309,"Probit Mean loss | Full",0.162527028148085,0.120290195177379,0.124486194421069,0.121216144944192,0.125444443449808,0.01521931224397,0.0000885473158917655
310,"Probit Mean loss | Full",0.15640091477357,0.999319030643379,1.20947617810772,1.00327356791441,1.21426235597293,0.00786773164936075,0.00425718051286749
311,"Probit Mean loss | Full",0.129076102248701,-0.214092694786124,-0.195496671519895,-0.215263737417555,-0.196565997761415,0.0108504793979296,0.000154319501289178
312,"Probit Mean loss | Full",0.133651343057301,0.844643529828487,1.03164230748379,0.848244417020696,1.03604040850602,0.00847219043655779,0.00333934459771304
313,"Probit Mean loss | Full",0.164644589982918,-0.500504060049617,-0.402316602483205,-0.503385002446846,-0.404632369826008,0.011413523907962,0.000688245486452249
314,"Probit Mean loss | Full",0.154970746321511,-0.36007212587423,-0.311120842299542,-0.360696654240824,-0.311660466939975,0.00345990288134028,0.000122786212606769
315,"Probit Mean loss | Full",0.131503707608878,-0.307624552571508,-0.267888040544554,-0.3088384414379,-0.268945128826807,0.00784554712095287,0.000208251603265034
316,"Probit Mean loss | Full",0.169286733047764,-0.131240099786468,-0.125874060947737,-0.131580411555893,-0.126200458325333,0.00516599217651513,0.0000301121679774954
317,"Probit Mean loss | Full",0.172414011959448,0.0912632266064974,0.0935789136359646,0.0917374199321037,0.0940651390074934,0.0103113378724074,0.000033565325632098
318,"Probit Mean loss | Full",0.157742863728558,0.967190437987364,1.16500672598186,0.973443244790583,1.17253839885196,0.0128055225086342,0.00649330456666771
319,"Probit Mean loss | Full",0.143253521327508,-0.312861789353018,-0.274405156868202,-0.313627896003454,-0.275077094518451,0.00487948276486518,0.000135090249479322
320,"Probit Mean loss | Full",0.137527995030468,0.0812059951972185,0.0834446756370805,0.0816280889149,0.0838784056009193,0.010315135714546,0.0000266990242614233
321,"Probit Mean loss | Full",0.127344593775795,-0.253009555712101,-0.226241640336893,-0.254072379326061,-0.227192019294456,0.00834880705981646,0.000158222655132187
322,"Probit Mean loss | Full",0.116529264115834,0.471971119761421,0.546619109281431,0.473997311148545,0.548965767551164,0.00853110627390202,0.000944134406968865
323,"Probit Mean loss | Full",0.148457882019273,-0.194668695288079,-0.18105457380141,-0.195079156316725,-0.181436329309113,0.00420372136263314,0.0000505974888853764
324,"Probit Mean loss | Full",0.14671928834654,0.111865679332905,0.115845249573811,0.112297749806989,0.116292690756864,0.00768028335134187,0.0000381107503737541
325,"Probit Mean loss | Full",0.139277418697166,-0.202772091264422,-0.187150649055453,-0.203889359095637,-0.188181843232505,0.0109295222461954,0.000142477542125829
326,"Probit Mean loss | Full",0.140495922556889,-0.301882553828995,-0.265719055957505,-0.304469186777756,-0.267995827690536,0.0169189239956332,0.000450045587232068
327,"Probit Mean loss | Full",0.183895915586988,-0.0894495272530841,-0.0871841620751407,-0.0897972759848884,-0.0875231038529912,0.00773019855032137,0.0000217281792329137
328,"Probit Mean loss | Full",0.169607669628643,-0.153969839627316,-0.146519127815823,-0.154652565446183,-0.147168816038919,0.00880966757582509,0.0000700891986417639
329,"Probit Mean loss | Full",0.151999702111917,0.606517197624815,0.700192773929686,0.60919330749117,0.703282204531162,0.00876645204686048,0.0015926640057801
330,"Probit Mean loss | Full",0.157501799538274,0.144663879416873,0.150843368777377,0.145270180988462,0.151475569240423,0.00832980771821256,0.0000701729836553216
331,"Probit Mean loss | Full",0.220427910501806,-0.298307371816521,-0.275084172054788,-0.300504055250526,-0.277109843897994,0.0145665559065463,0.000413285842976232
332,"Probit Mean loss | Full",0.161900961198242,0.215253829828423,0.228227515236702,0.216404056810148,0.229447068199855,0.0106021131550732,0.000205401457588927
333,"Probit Mean loss | Full",0.195535846476661,-0.195803632327615,-0.185052552637605,-0.197084421489359,-0.186263016922429,0.012955132940278,0.000165796471817475
334,"Probit Mean loss | Full",0.170320808234199,-0.0828388237635114,-0.0807585685381566,-0.08324386238354,-0.0811534357956827,0.00970770007026569,0.0000235062748138771
335,"Probit Mean loss | Full",0.205020924387052,0.753192350390759,0.849697891860866,0.758672486640472,0.855880190733227,0.0143944691533694,0.00389525155820367
336,"Probit Mean loss | Full",0.149778901376452,-0.261602400541942,-0.236381734037304,-0.262409042394833,-0.237110608847086,0.0061385236000983,0.000126432021891763
337,"Probit Mean loss | Full",0.115048932774606,-0.281126673320903,-0.244853509881865,-0.282307430919779,-0.245881916894936,0.00834755444837636,0.000185297684616639
338,"Probit Mean loss | Full",0.128381046375094,-0.112203706399376,-0.107313162407688,-0.112690317185958,-0.10777856363235,0.00861760221817208,0.000036764364368781
339,"Probit Mean loss | Full",0.171991070747667,0.0105360402429503,0.0105680567043406,0.0105861176011367,0.0106182862354276,0.00943857138916251,0.000000391156676677313
340,"Probit Mean loss | Full",0.1463808889438,-0.112167045017134,-0.107764410132041,-0.113023120325793,-0.108586883886718,0.0150913052896594,0.0000657813244024962
341,"Probit Mean loss | Full",0.143791947426393,-0.239065312556624,-0.217526150195513,-0.240384293630661,-0.21872629450816,0.0109438304000114,0.000192738035321244
342,"Probit Mean loss | Full",0.119202774126707,-0.252995892503697,-0.224835530495919,-0.254138949687392,-0.225851356744085,0.00897529941004858,0.000168200356808796
343,"Probit Mean loss | Full",0.126857863591898,0.0343336573754064,0.0347681112498137,0.0344918617160186,0.0349283174886791,0.00915239210908061,0.00000410298683714233
344,"Probit Mean loss | Full",0.144166292391502,-0.116097277829411,-0.111313039489399,-0.116450037303563,-0.111651262142081,0.00604937841403273,0.0000276242347057448
345,"Probit Mean loss | Full",0.147017244692835,-0.164534216272349,-0.154867738671602,-0.165540367778175,-0.155814778211453,0.0121190236982355,0.000108441956146064
346,"Probit Mean loss | Full",0.203227512126962,0.0629151354383493,0.0638604911845573,0.0633808609183395,0.0643332146032087,0.0146420981711992,0.0000223922046786236
347,"Probit Mean loss | Full",0.158946134290908,-0.301434809457553,-0.268934672362822,-0.302551198267468,-0.269930694220298,0.00736621851291167,0.000196868906405523
348,"Probit Mean loss | Full",0.149502210656189,-0.316490011509144,-0.278436148594941,-0.317048520127738,-0.278927503718525,0.00352007123420014,0.000100065095878819
349,"Probit Mean loss | Full",0.156621604026312,-0.449107369864339,-0.369350999925181,-0.45036268180518,-0.370383382717535,0.00556690198210245,0.000279613432273023
350,"Probit Mean loss | Full",0.118240210872872,-0.171513397818561,-0.159013922400462,-0.173782991615746,-0.161118113772893,0.0259492992676003,0.00025179659234052
351,"Probit Mean loss | Full",0.111668820491906,-0.323796323975543,-0.273309988059947,-0.327410806239519,-0.276360900103299,0.0219573147111443,0.000624297582494437
352,"Probit Mean loss | Full",0.143073967258717,-0.0840957927454375,-0.0816053373769572,-0.0844427878223534,-0.081942056366046,0.00820157988770992,0.0000202164484801827
353,"Probit Mean loss | Full",0.197233314404754,-0.201186631725732,-0.189903678016544,-0.202495388388203,-0.191139036955157,0.0128845138853747,0.000173626455150122
354,"Probit Mean loss | Full",0.159107254407459,-0.0867059725804688,-0.0842813129880416,-0.086966827695858,-0.0845348735095414,0.00598995979632108,0.0000156791310344114
355,"Probit Mean loss | Full",0.218432929466818,-0.060358590777777,-0.0595065891330939,-0.0609208842998798,-0.0600609455082313,0.0183746041354368,0.0000245851903012995
356,"Probit Mean loss | Full",0.166137300529853,0.462329174674458,0.515220011050366,0.464895567381454,0.518080001185726,0.0110102533805009,0.00108796824494852
357,"Probit Mean loss | Full",0.116685219201496,-0.251834742262358,-0.223494915888487,-0.254464305382658,-0.225828565261545,0.0205606560859652,0.000389793159056876
358,"Probit Mean loss | Full",0.142044019572469,0.411361127113611,0.460684103395108,0.412699368117501,0.46218280202356,0.00647479197325841,0.000506864097797273
359,"Probit Mean loss | Full",0.141207102309057,-0.320815991508038,-0.279716529658007,-0.322036790962785,-0.280780933540385,0.00756736834560874,0.000218874972529876
360,"Probit Mean loss | Full",0.145106171648662,-0.190877955060053,-0.177564198897902,-0.191663081560685,-0.178294562747799,0.00817599719830696,0.0000954111997599425
361,"Probit Mean loss | Full",0.170083058737979,-0.178383875863643,-0.168293649440965,-0.179142330106917,-0.169009201964513,0.00844969101354711,0.0000886265441388713
362,"Probit Mean loss | Full",0.191970692638857,-0.448673641515777,-0.38284405918099,-0.450154697344903,-0.384107813886037,0.00656938347593214,0.000355230622185728
363,"Probit Mean loss | Full",0.156652761751259,-0.402979596302231,-0.340667864174248,-0.403922197977342,-0.341464713698079,0.0046617979496248,0.000198834377883237
364,"Probit Mean loss | Full",0.141851590526102,-0.389743749869519,-0.326795518768426,-0.39064869078195,-0.327554301006837,0.00462765027615815,0.000181617883405506
365,"Probit Mean loss | Full",0.151814666794644,-0.380081044709265,-0.323907478822548,-0.382002446676399,-0.325544909774821,0.0100343326843016,0.000391117474267723
366,"Probit Mean loss | Full",0.179277317058788,-0.520580634250613,-0.421181646672178,-0.523152544908638,-0.423262480062379,0.00980818577149421,0.000646109214524299
367,"Probit Mean loss | Full",0.137076574418232,-0.0503314289813788,-0.0494213884152711,-0.0504905705256087,-0.0495776525275676,0.00629387796425189,0.00000566825408963594
368,"Probit Mean loss | Full",0.191253941607287,-0.0101761108472049,-0.0101488888091162,-0.0102290103410653,-0.010201646791936,0.0103162880481016,0.00000039498867340885
369,"Probit Mean loss | Full",0.137469118889092,-0.381935153934429,-0.320183064321042,-0.385015167104666,-0.322765094398235,0.0159354426127005,0.000614229544868279
370,"Probit Mean loss | Full",0.161743895140945,-0.226340292411804,-0.208964184567468,-0.227028437839421,-0.209599501181287,0.00605300830209938,0.0000974104555595417
371,"Probit Mean loss | Full",0.14349437385811,0.132240659270872,0.137860508106935,0.132984798521713,0.138636271142214,0.0111600315175863,0.0000789787372082105
372,"Probit Mean loss | Full",0.168102773805572,0.858012918675207,1.01027888624805,0.860310679239902,1.01298441542324,0.005334566066539,0.00200375509158261
373,"Probit Mean loss | Full",0.100758633199942,-0.289590832290587,-0.246888527909122,-0.292016713359154,-0.248956694919671,0.0165456609366025,0.000379659767944657
374,"Probit Mean loss | Full",0.140469377775304,-0.431306859176976,-0.351384625800504,-0.432337610046093,-0.352224375970787,0.00476258424439717,0.000216158257981027
375,"Probit Mean loss | Full",0.227479696998632,-0.233765517900747,-0.220448394304114,-0.241006832260544,-0.227277186409999,0.0591894236405877,0.00118323401962522
376,"Probit Mean loss | Full",0.143505920131061,1.34623780571108,1.70376344442922,1.35028154297462,1.70888109281145,0.00598050431925777,0.00639710728848546
377,"Probit Mean loss | Full",0.136068766211125,0.274065358683838,0.297951833453205,0.274998356463801,0.298966147704677,0.00677396827195864,0.000221950503400619
378,"Probit Mean loss | Full",0.167429546886112,0.903654738498861,1.06985865316978,0.908778816711718,1.07592517302741,0.0112450516274499,0.00479351355658739
379,"Probit Mean loss | Full",0.143716874675843,-0.322542964115267,-0.281559847812799,-0.324432975730977,-0.283209709822171,0.0116172309585118,0.00034325018104882
380,"Probit Mean loss | Full",0.148839727871283,-0.373452919741911,-0.318514205129492,-0.374901282857579,-0.319749499331623,0.00771171205676467,0.000289300860317312
381,"Probit Mean loss | Full",0.14357484488627,-0.409854184659591,-0.340050632755886,-0.411061736908052,-0.341052522992816,0.00586665438331602,0.00024992254499657
382,"Probit Mean loss | Full",0.178807363326014,0.546880101910111,0.613110725135356,0.550057612782507,0.616673052578421,0.0115200046514548,0.00161365894903945
383,"Probit Mean loss | Full",0.135107374420081,-0.348482193579643,-0.297396644877358,-0.350545954041733,-0.299157869549849,0.011739890166115,0.000387088857724161
384,"Probit Mean loss | Full",0.139265790171966,-0.335018792950327,-0.289321515073275,-0.336114265522535,-0.290267562850242,0.00650783074503693,0.000200949001685094
385,"Probit Mean loss | Full",0.10855220622528,1.5449162573994,2.12284921755593,1.56548053812656,2.15110632666599,0.0260996073609414,0.045150257041896
386,"Probit Mean loss | Full",0.186893059029887,1.13952110890874,1.34253034341831,1.14436048040285,1.34823186401597,0.00843989109813597,0.00563331464734751
387,"Probit Mean loss | Full",0.158387474157183,-0.176393169429169,-0.165900177863718,-0.177462736057153,-0.166906119842049,0.0120176609073686,0.000123376465756454
388,"Probit Mean loss | Full",0.150602873548936,-0.356309125331536,-0.307293581815596,-0.358182536561568,-0.308909277867597,0.0104332945585188,0.000366315535377132
389,"Probit Mean loss | Full",0.112934587211576,-0.367581943467482,-0.301189759295669,-0.370812797503652,-0.303837060575743,0.0173498811647762,0.000593466384277988
390,"Probit Mean loss | Full",0.179573548071289,-0.469507463000991,-0.39160650206082,-0.470657356547886,-0.392565604578091,0.00488036080228703,0.000275180821376333
391,"Probit Mean loss | Full",0.12932470498005,-0.2121433616713,-0.193929263825976,-0.213244070835724,-0.194935468857619,0.0102968244432647,0.000143945176775702
392,"Probit Mean loss | Full",0.113414387574779,-0.275451922647002,-0.240362266717116,-0.277231938557685,-0.241915527463939,0.0128001230229168,0.000276282628654709
393,"Probit Mean loss | Full",0.164588981218999,-0.403271321040938,-0.343531986767449,-0.404291533706608,-0.344401068365064,0.00504054796533013,0.000218785425872262
394,"Probit Mean loss | Full",0.148994130136241,-0.394641965437706,-0.332549062621916,-0.396128061060128,-0.333801336200208,0.00748903288911113,0.000306114290220791
395,"Probit Mean loss | Full",0.141182195548408,-0.471422330749964,-0.37344300252988,-0.473363728904464,-0.374980904976651,0.00818574354356747,0.000422535431439333
396,"Probit Mean loss | Full",0.148252441603554,-0.309230688196163,-0.272789538202077,-0.310039809022572,-0.27350330855221,0.00521265339880031,0.000142715388382543
397,"Probit Mean loss | Full",0.140283515221503,-0.313434383603472,-0.274154163200638,-0.314316277302483,-0.274925536227122,0.00560363286825477,0.00015508055461647
398,"Probit Mean loss | Full",0.182423266937172,-0.160660147922522,-0.153049390252618,-0.161234665589786,-0.153596691993599,0.00711378155874696,0.0000615434454918105
399,"Probit Mean loss | Full",0.131163183885693,-0.38418085637776,-0.319137450593276,-0.385355641283604,-0.320113339562293,0.00608785273264881,0.000228528686247469
400,"Probit Mean loss | Full",0.183090259332771,-0.165524874989438,-0.157455517605622,-0.166141958884736,-0.158042518587477,0.00741459790152807,0.0000679336021056949
401,"Probit Mean loss | Full",0.185375525249918,-0.494604514740663,-0.409342715245135,-0.495890684675309,-0.410407170335261,0.00518058529045928,0.000319360716850477
402,"Probit Mean loss | Full",0.131549499642209,-0.0247675774701421,-0.0245423806786974,-0.0248659315576853,-0.0246398404912568,0.00789510528966311,0.00000175911064588698
403,"Probit Mean loss | Full",0.170784048558306,-0.397483708249119,-0.341543977846604,-0.399166780744782,-0.342990183724337,0.0084151501031813,0.000363506687388709
404,"Probit Mean loss | Full",0.140340678246996,-0.351065484907038,-0.300735023496968,-0.352415509481831,-0.301891501959467,0.00764687545380785,0.000255703451672042
405,"Probit Mean loss | Full",0.134781257416214,1.06448054225737,1.33519732904336,1.06863525713005,1.34040866356825,0.00776062430940827,0.00511648486387361
406,"Probit Mean loss | Full",0.152444818278427,-0.407524202946848,-0.342080859030316,-0.409896113014697,-0.34407186969345,0.011539740584273,0.000503213410372898
407,"Probit Mean loss | Full",0.149455478746251,-0.151359440164674,-0.143338552776886,-0.15194244477045,-0.143890662617958,0.00765929638088262,0.0000581849055395994
408,"Probit Mean loss | Full",0.16440510410197,-0.354446899608689,-0.309543614984146,-0.355592270327022,-0.310543883834123,0.00643167009693187,0.000227294548367696
409,"Probit Mean loss | Full",0.142036228498832,-0.348622082101503,-0.299551326733974,-0.349508944201482,-0.300313357403626,0.00506846494064443,0.000167282144709683
410,"Probit Mean loss | Full",0.150593188645104,-0.38042699726342,-0.32374781906577,-0.381624331796217,-0.324766764741218,0.00626509440394552,0.000242112533006288
411,"Probit Mean loss | Full",0.421719970244094,-0.726581728175419,-0.661834728352399,-1.84205002156513,-1.67790164321302,0.844415579912327,5.56339851038747
412,"Probit Mean loss | Full",0.128123974545266,-0.363489360281042,-0.304928678841262,-0.366052246376149,-0.307078666038679,0.0139538232445832,0.000485861283951257
413,"Probit Mean loss | Full",0.158903091740147,0.68350168852518,0.793991432233527,0.685590845827953,0.796418306997464,0.00608518692306545,0.00141391814500949
414,"Probit Mean loss | Full",0.148675103780484,0.054000816288888,0.0549395493935564,0.0541629864839368,0.0551045387039657,0.00597926471476359,0.00000665034412008606
415,"Probit Mean loss | Full",0.163473543892416,0.434055972052315,0.481957332994455,0.434633852232687,0.482598986625451,0.00265739085272934,0.000225944051644072
416,"Probit Mean loss | Full",0.173446714249345,0.300725452626072,0.323640001059913,0.30403863942877,0.327205644642701,0.0216757612583094,0.000863674621746684
417,"Probit Mean loss | Full",0.18743950841992,-0.250677405645811,-0.231814079988076,-0.251626697615698,-0.232691938301922,0.00753100779703001,0.00014959458171098
418,"Probit Mean loss | Full",0.174466444154135,-0.542298436463869,-0.429621287032427,-0.543065630517576,-0.430229075797054,0.00282342354001383,0.000190818517300654
419,"Probit Mean loss | Full",0.194081821245719,-0.586981140896902,-0.464054546443844,-0.589170501300613,-0.4657854072473,0.00741820088417843,0.00059036564659413
420,"Probit Mean loss | Full",0.108262217165701,0.228104614683672,0.2481546389796,0.230410193339283,0.250662874245755,0.019912689979055,0.000464795843434166
421,"Probit Mean loss | Full",0.155962781639568,-0.355314730789568,-0.308039150726502,-0.358874584042862,-0.311125355935103,0.0197405859562612,0.000709752399888191
422,"Probit Mean loss | Full",0.119036736923912,-0.0401942550472063,-0.0395500777034105,-0.0404289787989954,-0.0397810396309594,0.0115779510498554,0.00000674929764051723
423,"Probit Mean loss | Full",0.171322641447593,-0.149455625830327,-0.142513200469792,-0.150009307532261,-0.143041162872985,0.00736834128946652,0.0000552994375734483
424,"Probit Mean loss | Full",0.160475689596239,-0.482325563638351,-0.390199783229657,-0.485060200902732,-0.39241209571777,0.0112436711540785,0.000637559423190501
425,"Probit Mean loss | Full",0.155976104793694,0.817261400111522,0.969658762236824,0.822889516157775,0.976336371185919,0.0136321324117408,0.00479668120228005
426,"Probit Mean loss | Full",0.204103660883214,0.458519758112611,0.500172735143009,0.460497994390657,0.502330678901032,0.00857327148484006,0.00079447895503753
427,"Probit Mean loss | Full",0.128841811057046,-0.343282472077048,-0.291931578877973,-0.366145066542935,-0.311374206575477,0.120983789154268,0.00485861631986037
428,"Probit Mean loss | Full",0.172192343117604,0.753650057840115,0.873442310999859,0.758283848702187,0.878812640315375,0.0121844414113382,0.00346848156495868
429,"Probit Mean loss | Full",0.108968381509593,-0.280567847658904,-0.242945528218782,-0.282247022935957,-0.244399537037182,0.0118632274082967,0.000261098027451268
430,"Probit Mean loss | Full",0.10830668271906,-0.325076092999823,-0.272948074055283,-0.326448375524907,-0.274100302349971,0.00838967698182001,0.000231440984935917
431,"Probit Mean loss | Full",0.116042771345084,-0.415643244609679,-0.329536725406272,-0.417089103986522,-0.330683054068223,0.00692107893790556,0.000277479534802204
432,"Probit Mean loss | Full",0.154519736487806,-0.45772872856737,-0.373369683450249,-0.461396344590384,-0.376361360721229,0.0158347122574334,0.000829791977834214
433,"Probit Mean loss | Full",0.140970430077189,0.553126018177384,0.638295839227126,0.556225505889238,0.641872583124892,0.0111136650562614,0.00168587596300396
434,"Probit Mean loss | Full",0.142819040159758,0.935574253292062,1.14358465865842,0.939939548580787,1.14892050955976,0.00926689078676392,0.00449546241623439
435,"Probit Mean loss | Full",0.170618578867321,0.54088683572238,0.609130200142238,0.542003379023073,0.610387617034831,0.0041158165702681,0.000560629109987632
436,"Probit Mean loss | Full",0.166580541525308,-0.41211499462013,-0.350065424442724,-0.413380778920808,-0.351140627539564,0.00611468375136252,0.000276195708923329
437,"Probit Mean loss | Full",0.160555134994628,-0.445029873114711,-0.368649007222238,-0.446012469056914,-0.369462959364504,0.00440128313579077,0.000219712025402172
438,"Probit Mean loss | Full",0.146241431990261,-0.345971508742512,-0.29887835943957,-0.347273377217445,-0.300003019430817,0.00748360409461296,0.000247082168700002
439,"Probit Mean loss | Full",0.130822783426333,-0.409419871922754,-0.334111205878434,-0.410926666154019,-0.335340840471534,0.00732019498039771,0.000301928005588355
440,"Probit Mean loss | Full",0.151621828648831,-0.298010779670664,-0.264998236447132,-0.298961206770428,-0.265843378712078,0.0063480901710916,0.000164390815633836
441,"Probit Mean loss | Full",0.164081635608551,-0.275822595487435,-0.249703145607331,-0.276582729770232,-0.250391297791392,0.00548906102850364,0.00012599229770165
442,"Probit Mean loss | Full",0.173993634109532,-0.226697946961263,-0.210358632327355,-0.227767003223625,-0.211350636076158,0.00936524926593571,0.000153755245053435
443,"Probit Mean loss | Full",0.191160886983045,-0.326551164215014,-0.293886932575523,-0.329404585481951,-0.296454932066512,0.0172496844933522,0.000561658535272775
444,"Probit Mean loss | Full",0.121812307084649,-0.235951994722303,-0.212072459117811,-0.236995910162036,-0.213010725033621,0.00879016290859974,0.000146504613359949
445,"Probit Mean loss | Full",0.158258782831525,-0.121247808610415,-0.116410609947733,-0.121707990984555,-0.116852433280252,0.00754777705578342,0.0000378095940466034
446,"Probit Mean loss | Full",0.166789364926547,-0.105418555137218,-0.101950872112814,-0.10583054291007,-0.102349307783721,0.00777064631519904,0.0000298697735324044
447,"Probit Mean loss | Full",0.168245844107262,-0.514606178775317,-0.411805431629874,-0.516653767234717,-0.413443981814658,0.0079106400260845,0.000496262225318617
448,"Probit Mean loss | Full",0.175770564837326,0.663427313897977,0.757833524389406,0.66581468943822,0.760560625281699,0.00715843443136116,0.00151852803920379
449,"Probit Mean loss | Full",0.180143948424796,0.386075531189323,0.421152244386636,0.38765240385237,0.422872383083612,0.00811895134063501,0.000532937194526849
450,"Probit Mean loss | Full",0.17075565981552,-0.303278283979032,-0.272363191703743,-0.304310925192628,-0.273290569203805,0.0067752358433204,0.000185499698220319
451,"Probit Mean loss | Full",0.157191583284679,-0.262808268804514,-0.2383590834859,-0.263863955790504,-0.239316559381058,0.00798574512714274,0.000167864968035212
452,"Probit Mean loss | Full",0.203162031212136,-0.501496659873567,-0.421137010108913,-0.505945245268318,-0.424872755732487,0.0175079341917952,0.00117122587867425
453,"Probit Mean loss | Full",0.128783492020294,1.10858345348688,1.41009262403469,1.12817631655887,1.43501429467177,0.0344320824328097,0.0267368325164091
454,"Probit Mean loss | Full",0.144990566188893,-0.375839422695519,-0.318865375365944,-0.377549897275353,-0.320316556604572,0.00904039425838219,0.000340806000174143
455,"Probit Mean loss | Full",0.163331054293464,-0.424606107997735,-0.357037716499432,-0.425950128664825,-0.358167860557341,0.00630073875164941,0.000296160251549614
456,"Probit Mean loss | Full",0.159682424730568,0.0578106669368113,0.0588208542450456,0.0581494524526154,0.0591655597207189,0.0116182904403473,0.0000149820941790135
457,"Probit Mean loss | Full",0.148284248335467,-0.377280681118489,-0.320901827669184,-0.378502056033295,-0.3219406866992,0.00644331669845926,0.000244729092701835
458,"Probit Mean loss | Full",0.145737112422786,-0.00619963998304229,-0.00618674326526145,-0.00621877408993556,-0.00620583756868593,0.00614419190205587,0.0000000866880509966491
459,"Probit Mean loss | Full",0.144158097833808,-0.372369209809127,-0.316288799997146,-0.374597817607262,-0.318181769844191,0.0118632748341413,0.000442542695197628
460,"Probit Mean loss | Full",0.142097341744439,-0.124539449043004,-0.118947962447185,-0.12485862839954,-0.119252811508321,0.00510611717235746,0.0000265746962024409
461,"Probit Mean loss | Full",0.145013269847483,-0.383999203314248,-0.324234101281251,-0.385801711761986,-0.325756069820664,0.00932239351499878,0.000363577632583795
462,"Probit Mean loss | Full",0.177558610842452,0.759368463828935,0.876530593524598,0.761360577329334,0.878830068038023,0.00522618942830998,0.00147736449525603
463,"Probit Mean loss | Full",0.127158645697707,-0.274885168302353,-0.24288408369636,-0.276280250818053,-0.244116756017677,0.0100735413652774,0.000220796132100873
464,"Probit Mean loss | Full",0.132435725070895,-0.417813147151103,-0.3397211156768,-0.420188317705416,-0.341652351197118,0.0112733147030071,0.000484575264702678
465,"Probit Mean loss | Full",0.161917902644697,-0.504286466435998,-0.40274007560139,-0.505152567376626,-0.403431772843975,0.00342612714267205,0.000203728231267044
466,"Probit Mean loss | Full",0.161692187609408,-0.246803451194273,-0.225928495264238,-0.24742769554114,-0.226499940214795,0.00503950765173555,0.0000946096629065536
467,"Probit Mean loss | Full",0.1775622869657,0.427635326763909,0.470558526348639,0.429391053495778,0.472490481292285,0.00816103290108538,0.000668816730311394
468,"Probit Mean loss | Full",0.114248905989674,0.326515151385367,0.364653353056192,0.339896412563182,0.379597596029015,0.0771873996486586,0.00438830535872347
469,"Probit Mean loss | Full",0.143684938028793,0.132716507676138,0.13836958268109,0.133248570962552,0.138924309264769,0.00797008200159938,0.0000564561880467597
470,"Probit Mean loss | Full",0.153303183264334,0.546525536499939,0.623754568723381,0.549686930623673,0.627362696608572,0.0114694490392173,0.0016626731460347
471,"Probit Mean loss | Full",0.159395568086684,1.08831529340528,1.32251730046213,1.09294609095715,1.32814463099253,0.00845602043384079,0.0054772406508856
472,"Probit Mean loss | Full",0.152728221301435,-0.482531350324341,-0.386044231799234,-0.484235981714705,-0.387408004567888,0.00702810650536156,0.000386772508375434
473,"Probit Mean loss | Full",0.144200980367801,-0.35250115679363,-0.302847928035067,-0.353403091353551,-0.303622816308285,0.00509776880747439,0.000171983022977169
474,"Probit Mean loss | Full",0.174924382306184,-0.560666607592411,-0.438641723847314,-0.563154255299067,-0.440587953680866,0.00881518085622523,0.00062857754363833
475,"Probit Mean loss | Full",0.155635421775631,-0.209600605773653,-0.194322581887455,-0.210180721201171,-0.194860412049023,0.00551254027446168,0.0000766331603771853
476,"Probit Mean loss | Full",0.147006813093202,0.106726711265604,0.110350516523717,0.107119458867396,0.110756599501513,0.00731944713314785,0.0000329325249940625
477,"Probit Mean loss | Full",0.155803277208092,0.180135725238001,0.189672782895536,0.180719108168207,0.190287052295565,0.00644581883030149,0.0000855307057549577
478,"Probit Mean loss | Full",0.144325937925929,-0.474287162475074,-0.376819192581316,-0.476529606809251,-0.378600805347311,0.00938941914785978,0.000494670338595907
479,"Probit Mean loss | Full",0.188093909042642,-0.171830478203457,-0.16332994487598,-0.172301746581993,-0.163777899389597,0.00546278719481456,0.0000536439657977488
480,"Probit Mean loss | Full",0.173337181644688,-0.0514214063156306,-0.0506434999388739,-0.0518237653938298,-0.0510397721027877,0.0154676959376441,0.0000149015055067404
481,"Probit Mean loss | Full",0.163667101014949,0.461346364513135,0.514810866656022,0.462666432429479,0.516283914587753,0.00569820774582078,0.000556178612189652
482,"Probit Mean loss | Full",0.124797162596405,-0.4330093111836,-0.343819783450414,-0.436445232077861,-0.346547987087857,0.0156830501343745,0.000696689663680973
483,"Probit Mean loss | Full",0.121293897705384,1.54600739056096,2.06245522861705,1.55462986313686,2.07395806085211,0.0110618756137945,0.0175176816604598
484,"Probit Mean loss | Full",0.131297914974608,0.925076880762955,1.14630070445438,0.937724152163971,1.16197245716801,0.0267924916824151,0.0135336942375757
485,"Probit Mean loss | Full",0.151863234227163,-0.31991587120882,-0.281473117301594,-0.32129495206365,-0.282686480632876,0.00856609268535457,0.000251388911990783
486,"Probit Mean loss | Full",0.190686140224058,-0.175744544885989,-0.166952920379061,-0.17640087965284,-0.167576421985572,0.00742755654882331,0.0000765114828014035
487,"Probit Mean loss | Full",0.20939195633378,-0.278281327092515,-0.25716428391733,-0.281943860834945,-0.260548890700098,0.0258118409527583,0.000654894932245097
488,"Probit Mean loss | Full",0.189632804588469,-0.480814682152565,-0.402730247501653,-0.482969522358786,-0.404535141074563,0.00890339053288243,0.000535265163840265
489,"Probit Mean loss | Full",0.171566103492597,0.999079674386245,1.18779081136079,1.00328027454475,1.19278484176536,0.00835620232887076,0.00436510312953094
490,"Probit Mean loss | Full",0.219386710035556,-0.197522058973469,-0.187806191649002,-0.199208941291603,-0.189410098299101,0.0168641038694302,0.00022406447892367
491,"Probit Mean loss | Full",0.1807942595464,0.0312225462808215,0.031488411604839,0.0315469226041364,0.0318155500480503,0.0204589622149102,0.00000769762722843804
492,"Probit Mean loss | Full",0.146660967166777,-0.233086153160646,-0.213000370581603,-0.237407458824128,-0.21694929545439,0.0360728120712012,0.000641311896829639
493,"Probit Mean loss | Full",0.163170001996229,0.0525830795303017,0.0534047600841519,0.0532225946624442,0.0540542684907977,0.0238873348701685,0.0000260342324352687
494,"Probit Mean loss | Full",0.147313012693753,-0.480918501153839,-0.382013055696445,-0.482391226060172,-0.383182900774808,0.00609661509577701,0.000327924517330623
495,"Probit Mean loss | Full",0.229659040716256,0.0420747842526114,0.0424462286483923,2.37456953523052,2.39553269789246,0.999686040222903,6652.89793447391
496,"Probit Mean loss | Full",0.173965906892382,1.01116075280477,1.20004501405331,1.01635951216347,1.20621489874312,0.0102039942831616,0.00546123576249634
497,"Probit Mean loss | Full",0.20039746992003,-0.16066674871288,-0.153722980304641,-0.16148219500521,-0.154503184269304,0.0100740194714608,0.0000884488053800025
498,"Probit Mean loss | Full",0.185874365106434,0.369268214783698,0.40054249754092,0.370840216101088,0.402247635726652,0.00846008265584146,0.000502653189572457
499,"Probit Mean loss | Full",0.203315777308568,0.12407894320318,0.127652905449406,0.12535798724807,0.128968791000274,0.0203021593669336,0.000125497876667459
500,"Probit Mean loss | Full",0.204402111851241,-0.327842967981703,-0.297008739584232,-0.330848824365144,-0.299731889698792,0.0180880307243347,0.000602561910741691
501,"Probit Mean loss | Full",0.186837266114557,-0.444056828929669,-0.378043039075828,-0.446242660505193,-0.379903923444413,0.00977261179301762,0.000518609310763925
502,"Probit Mean loss | Full",0.190464661228106,-0.496222418059045,-0.412561783779237,-0.499007741902409,-0.414877515861064,0.0111322937688867,0.000705510206727296
503,"Probit Mean loss | Full",0.155380470168415,-0.365339483287653,-0.314907154137003,-0.368222734682321,-0.317392394667771,0.015599054219877,0.000581214333865691
504,"Probit Mean loss | Full",0.185211566610893,-0.381096736862056,-0.333852979232374,-0.383239976286434,-0.335730525791624,0.01115356751732,0.000462896236370827
505,"Probit Mean loss | Full",0.171793761349862,0.528231639839416,0.593201458126075,0.531225595414164,0.596563655083919,0.0112401161523501,0.00147302657546649
506,"Probit Mean loss | Full",0.216325470331449,0.712120317847506,0.793878153817077,0.717360518621627,0.799719976907822,0.014556310908031,0.00343963563019648
507,"Probit Mean loss | Full",0.234579317768229,0.254123316253109,0.265977214815876,0.258390828442047,0.270443790425475,0.0327586832931205,0.000901908884528767
508,"Probit Mean loss | Full",0.218032200701129,0.273140074296847,0.288040113177243,0.275931797047619,0.290984126937077,0.0201325127445696,0.000633411978433625
509,"Probit Mean loss | Full",0.18701283517588,-0.442654130962202,-0.377172610782502,-0.444926268097211,-0.379108632238812,0.0101874654478199,0.000538589131395331
510,"Probit Mean loss | Full",0.17848565826631,0.0330972240243233,0.0333994222609717,0.033322468232234,0.0336267230885674,0.0134733678135218,0.00000562281100272381
511,"Probit Mean loss | Full",0.171971400470656,-0.189513301263238,-0.178177832946701,-0.190810929547895,-0.179397845442865,0.0135549463968616,0.000161018727354693
512,"Probit Mean loss | Full",0.150385981543575,-0.0174171830212527,-0.0173175533914904,-0.017623036122683,-0.0175222289736711,0.0232253766280922,0.0000026580560747072
513,"Probit Mean loss | Full",0.161086485196265,-0.081115276655358,-0.0790210538022035,-0.0812725978953686,-0.0791743133444711,0.00386769905002208,0.00000886178687154594
514,"Probit Mean loss | Full",0.157317459664572,-0.4227214524401,-0.353556782361432,-0.430208484480294,-0.359818804178134,0.0345036553602542,0.00168460941689108
515,"Probit Mean loss | Full",0.178578663845076,0.22442247885029,0.237223355876164,0.225539186813474,0.238403759960091,0.00987804745845894,0.000206455120548721
516,"Probit Mean loss | Full",0.195348419620955,0.80300418846791,0.917068858938353,0.809772594253148,0.924798699279712,0.016646943354285,0.00527152765347468
517,"Probit Mean loss | Full",0.159963957771819,-0.473419731695262,-0.384977712935408,-0.491807859525071,-0.39993065833068,0.0733797642705221,0.00461169914266681
518,"Probit Mean loss | Full",0.135896486242926,-0.488519995326902,-0.378016451252096,-0.490769394812432,-0.379757035095342,0.00914582100805172,0.000484664987556555
519,"Probit Mean loss | Full",0.172605507582829,-0.531530742985536,-0.423091710784011,-0.53419948092755,-0.425215992241709,0.00996658303154795,0.00066272393224346
520,"Probit Mean loss | Full",0.123325999074748,-0.433595478558267,-0.34322195296907,-0.43518464954497,-0.344479895905817,0.0072900980646492,0.000317289585964433
521,"Probit Mean loss | Full",0.18227004034754,0.623339174223377,0.704802129873947,0.626071828906586,0.707891909757164,0.0087104733460785,0.00160321650523575
522,"Probit Mean loss | Full",0.211056415960134,-0.575661876264662,-0.468494491974291,-0.580849754866914,-0.472716575545219,0.0177832932016768,0.00147307063708105
523,"Probit Mean loss | Full",0.236830530813102,-0.493693743070967,-0.428002068513384,-0.499291031068805,-0.432854572469051,0.0222952688192327,0.00155562908502019
524,"Probit Mean loss | Full",0.180157702372166,-0.0414990830784394,-0.0410124899611961,-0.0419295886631658,-0.0414379476981406,0.0204292731474267,0.0000130385900748488
525,"Probit Mean loss | Full",0.153747654167771,-0.403478505216049,-0.339962705833971,-0.407526124626919,-0.343373146859493,0.0197656952139143,0.000865629190562988
526,"Probit Mean loss | Full",0.160401570868392,0.744101934427092,0.870619940557949,0.754483703080971,0.882766898373998,0.0273308529843259,0.00797254839699442
527,"Probit Mean loss | Full",0.184101406238073,-0.0282615491585523,-0.0280418006684392,-0.0283818602889565,-0.028161176316181,0.00846006067544478,0.00000246366632781381
528,"Probit Mean loss | Full",0.147175771183811,-0.416058658274595,-0.3453494636899,-0.417125810480365,-0.34623525331261,0.00511014713849238,0.000224190916851085
529,"Probit Mean loss | Full",0.135151595032877,-0.46865971437312,-0.368232319381824,-0.471230226720947,-0.370252005936504,0.0108800380893356,0.000549026526670163
530,"Probit Mean loss | Full",0.162445547924934,0.63065838980422,0.724656546999389,0.647863252500621,0.74442575421955,0.0524073984024499,0.0111591408168413
531,"Probit Mean loss | Full",0.154963120210607,0.273877215374406,0.29522440097799,0.274969065570654,0.296401354744313,0.00792585470361635,0.000255552057951797
532,"Probit Mean loss | Full",0.188714966952988,-0.217869427259002,-0.203940620461396,-0.218583315801492,-0.204608868751794,0.00652129159395915,0.000100055508423511
533,"Probit Mean loss | Full",0.215061908102336,-0.650111066358484,-0.507595996883072,-0.654278414204458,-0.51084979333986,0.0126981909987449,0.001222068093523
534,"Probit Mean loss | Full",0.150121194040249,-0.407785842094678,-0.341369115286971,-0.408520280504099,-0.341983934547907,0.00359237108740982,0.000153522698859579
535,"Probit Mean loss | Full",0.180705065470584,-0.575014682314883,-0.449249167744873,-0.576855849057841,-0.450687639930702,0.00637326810360743,0.000474359121130097
536,"Probit Mean loss | Full",0.171810580276589,-0.497560663263165,-0.404549004653305,-0.498698125866933,-0.405473835328557,0.00455652566585919,0.000274005907357597
537,"Probit Mean loss | Full",0.178312489893744,-0.565595764461524,-0.443275376136778,-0.56797105630569,-0.445136967845584,0.00834664022215056,0.000607234127387937
538,"Probit Mean loss | Full",0.143101427703967,-0.43313008967924,-0.353706910470185,-0.435933308841099,-0.355996102592224,0.0128194208401951,0.00059921037975468
539,"Probit Mean loss | Full",0.169706359886981,1.15003570829019,1.38483291469684,1.15371931033308,1.38926857988259,0.00637541817395219,0.00450895410934911
540,"Probit Mean loss | Full",0.194641435048493,-0.0645730409978142,-0.0634690202027671,-0.0648759752481366,-0.0637667751134343,0.00931706947095196,0.0000139235699285614
541,"Probit Mean loss | Full",0.152099515240369,-0.522272991212867,-0.404961476416794,-0.53439109154124,-0.41435764256536,0.0448387059040766,0.00293456748080285
542,"Probit Mean loss | Full",0.125024211327869,-0.476704295686996,-0.364501495547214,-0.480254906761776,-0.367216392514942,0.0147317013161109,0.000734107319303057
543,"Probit Mean loss | Full",0.15484966885642,1.18434706813472,1.45836350149881,1.18732758956993,1.46203361121031,0.00501425300614177,0.00392212234435558
544,"Probit Mean loss | Full",0.178415741464657,0.00592381763321158,0.00593361725647379,0.00595669827610388,0.00596655229299076,0.0110094188804699,0.000000144289982868522
545,"Probit Mean loss | Full",0.161112709180274,-0.3813017613941,-0.327578754864945,-0.382246718895336,-0.328390573830908,0.0049381168402648,0.000194854156871297
546,"Probit Mean loss | Full",0.157472908302432,-0.502033779679839,-0.398923304918349,-0.503207201673519,-0.399855723011972,0.00465833496194293,0.000272447107345741
547,"Probit Mean loss | Full",0.157074524580329,-0.460114787496399,-0.375978989401944,-0.461458871546387,-0.377077296555981,0.00581688504190036,0.000302901836571625
548,"Probit Mean loss | Full",0.112024708048452,-0.428568449544925,-0.333256471849906,-0.430218574411938,-0.334539615282131,0.00765638862069689,0.000314393845817892
549,"Probit Mean loss | Full",0.167513015995793,-0.162703985440104,-0.154256965396881,-0.16441246673426,-0.155876748336807,0.0206748860670378,0.000186765195770588
550,"Probit Mean loss | Full",0.202197519458059,-0.590369550550495,-0.470980919634646,-0.59292207005829,-0.473017250919086,0.00859143337618351,0.000705966279999549
551,"Probit Mean loss | Full",0.19222539215611,1.2213672949403,1.43340706460476,1.22438437921043,1.43694794041274,0.00492225648354463,0.0037188300743607
552,"Probit Mean loss | Full",0.149429922752182,-0.461720894410863,-0.373024315153501,-0.463448345076702,-0.374419922563489,0.00744087770224521,0.000382650881875016
553,"Probit Mean loss | Full",0.186386565884743,-0.582411902850047,-0.456640237414817,-0.583963678819786,-0.457856907856765,0.00530757047558514,0.000407271047666842
554,"Probit Mean loss | Full",0.113268169578308,-0.436576424851957,-0.33786568746059,-0.438206431339648,-0.339127146465657,0.00742560941657809,0.000313264502854654
555,"Probit Mean loss | Full",0.137898636687148,-0.441288991169371,-0.355667803446985,-0.442207225539421,-0.356407877203594,0.00414864782623635,0.00019267425100533
556,"Probit Mean loss | Full",0.11186248685272,-0.432412609043298,-0.334922567981398,-0.434184332460032,-0.336294845625655,0.0081445066344912,0.000338122319284445
557,"Probit Mean loss | Full",0.118249055877595,-0.453741600745517,-0.349315305004771,-0.456065805501117,-0.351104605989653,0.0101664383336754,0.000460995565993305
558,"Probit Mean loss | Full",0.169416668348353,0.531007973827636,0.597531758506218,0.532743358249967,0.599484548966378,0.0065042874104663,0.000856656576915544
559,"Probit Mean loss | Full",0.13950010860993,-0.422782184050337,-0.345992218036644,-0.424093810107018,-0.347065613334993,0.00617598156057903,0.000272544055801182
560,"Probit Mean loss | Full",0.183254525756044,-0.366998353111287,-0.323091893171249,-0.368370587752738,-0.324299958233184,0.00743641755891438,0.000286890558113332
561,"Probit Mean loss | Full",0.195422314100294,-0.414124436116065,-0.360142450102742,-0.41771544740468,-0.363265365562544,0.0171196719146447,0.000836873508197727
562,"Probit Mean loss | Full",0.138104672553528,-0.333407879823882,-0.287879750371501,-0.334196744222966,-0.288560892300136,0.00471538615368018,0.00014363555506104
563,"Probit Mean loss | Full",0.159637441005512,0.205905899006387,0.217974918492435,0.207372292161204,0.2195272631797,0.0140926107480487,0.000250812571020595
564,"Probit Mean loss | Full",0.195416382342454,1.23098632835647,1.43922752141331,1.24457147720835,1.45511081731979,0.0217118977824394,0.0171096131994665
565,"Probit Mean loss | Full",0.177587590884289,-0.528497187412581,-0.424478537370718,-0.530216929705264,-0.425859800526775,0.00647641835216173,0.000430434473477929
566,"Probit Mean loss | Full",0.173335038851216,1.28620453537376,1.55043977533224,1.28936367943755,1.55424792751782,0.00489431168858509,0.00432593557641652
567,"Probit Mean loss | Full",0.127799280559548,-0.487831316065143,-0.371342613493144,-0.490395433060852,-0.37329444781606,0.0104300055000408,0.00053475902052352
568,"Probit Mean loss | Full",0.112776551709641,-0.460664554703,-0.34761485493428,-0.464000668688878,-0.350132267588251,0.0143280864150221,0.000648839263023189
569,"Probit Mean loss | Full",0.146299389345802,-0.529608077520252,-0.403464698634897,-0.534531110499692,-0.407215151284184,0.0183351812817913,0.0011276825944203
570,"Probit Mean loss | Full",0.187981783322619,-0.405189153784896,-0.351802626809668,-0.407480538685256,-0.353792105598645,0.0112149764822512,0.000516903892129079
571,"Probit Mean loss | Full",0.186469305388006,-0.570903670718059,-0.45130794372497,-0.572271985402991,-0.452389617076359,0.00477632623927356,0.000357614880088569
572,"Probit Mean loss | Full",0.182091802217571,-0.574768637527796,-0.450125826415919,-0.575958688260314,-0.451057805884658,0.0041281477657501,0.000307067053605838
573,"Probit Mean loss | Full",0.144054970067705,-0.500451885167468,-0.389323375714749,-0.504320863460808,-0.392333222883625,0.015284466018355,0.000869894715105379
574,"Probit Mean loss | Full",0.136963068608385,-0.487174651867404,-0.378191995350155,-0.490276677656281,-0.380600087228963,0.012614152490091,0.000673792208511843
575,"Probit Mean loss | Full",0.140849607615087,-0.41029963119767,-0.339173675461049,-0.411056591043423,-0.339799415368031,0.0036796046688021,0.00015526173470042
576,"Probit Mean loss | Full",0.197614570762986,-0.584838965798259,-0.465328596604809,-0.587057311150258,-0.467093628673118,0.00754322966055002,0.00060376878675532
577,"Probit Mean loss | Full",0.213908393114896,-0.635804787189657,-0.500472130899503,-0.638999385594375,-0.50298675095772,0.00997375890096267,0.00092798784939058
578,"Probit Mean loss | Full",0.173027961856849,-0.507738220969844,-0.410812915306894,-0.509598813301062,-0.412318327600507,0.00728885423405571,0.000454484090829339
579,"Probit Mean loss | Full",0.166630432954031,-0.377277885300488,-0.326352360777039,-0.378277961542568,-0.327217445255288,0.00528053105232118,0.000206950710031144
580,"Probit Mean loss | Full",0.171603662752509,-0.56218744932024,-0.436926897402424,-0.563408076839914,-0.437875557846019,0.00432832016716821,0.000303474126326796
581,"Probit Mean loss | Full",0.160435620209075,-0.539357370890329,-0.41864879961641,-0.540163453024886,-0.419274479983895,0.0029823590422008,0.000191456881444877
582,"Probit Mean loss | Full",0.134887513540367,-0.51174760851854,-0.386740816713598,-0.512765805867106,-0.387510294611697,0.00396745033069391,0.000217781755991409
583,"Probit Mean loss | Full",0.187356042208451,0.212833205947644,0.223856431883125,0.21438979704479,0.225493643178969,0.0144684145697109,0.000271791607514673
584,"Probit Mean loss | Full",0.183814563067516,-0.561045130990448,-0.444800260493191,-0.563762312341339,-0.446954459693797,0.00961622745328514,0.000706227785631396
585,"Probit Mean loss | Full",0.149295782206409,0.734393576222281,0.867309904313438,0.73757761258546,0.871070212631609,0.00861513080796737,0.00240072797979528
586,"Probit Mean loss | Full",0.185257723983528,-0.533419150054707,-0.431404771326001,-0.534938211648854,-0.432633318181857,0.00567132698686718,0.000388697447356723
587,"Probit Mean loss | Full",0.160593616839935,-0.530618859480291,-0.414815705496381,-0.531921569575862,-0.415834109945632,0.0048921305682413,0.000309517450306977
588,"Probit Mean loss | Full",0.201157903965231,-0.529894876728369,-0.437499858394037,-0.532102469982333,-0.439322525074576,0.00828041188778171,0.00058674180156185
589,"Probit Mean loss | Full",0.200528469792587,0.296254202861779,0.315387576998204,0.298375666414557,0.317646053816886,0.014169531521003,0.000528028328457364
590,"Probit Mean loss | Full",0.145386638465698,-0.331354853977156,-0.288303417150695,-0.332257165686166,-0.289088495582233,0.00542403052130288,0.000165944483583053
591,"Probit Mean loss | Full",0.11276100640317,-0.281299344333818,-0.24442270430282,-0.283359451864303,-0.246212744215455,0.014487737886329,0.000324471565448494
592,"Probit Mean loss | Full",0.161217528428333,0.532624936362525,0.602905889919795,0.536703307187237,0.607522410145619,0.0151401161246473,0.00206583867094322
593,"Probit Mean loss | Full",0.129262735154259,-0.464460528206739,-0.362243935952718,-0.467012379654164,-0.3642341862671,0.0108985527510248,0.000532238691745221
594,"Probit Mean loss | Full",0.168744426453122,-0.446362678109898,-0.372856400728777,-0.447804065967756,-0.374060423186503,0.00642722209927828,0.000329552176468937
595,"Probit Mean loss | Full",0.121232104561927,-0.47917209488277,-0.36227343678921,-0.481123708652435,-0.363748935540436,0.00809627754749724,0.000393220697106063
596,"Probit Mean loss | Full",0.168702172758172,-0.577501173173083,-0.440936720924114,-0.579089515500596,-0.442149460378392,0.00547813079321268,0.000392078742913237
597,"Probit Mean loss | Full",0.213435480931139,-0.453781494547968,-0.393107180782764,-0.458072749936211,-0.396824660071714,0.0186483697565582,0.00108950836292566
598,"Probit Mean loss | Full",0.16163791244586,-0.0359558021209501,-0.0355535482093357,-0.0361521307924563,-0.0357476804627002,0.0108317586544168,0.00000509496944675638
599,"Probit Mean loss | Full",0.201819657752169,-0.590119892951911,-0.470617713119823,-0.595833499546381,-0.475174286286176,0.0190865802236112,0.00159963297091427
600,"Probit Mean loss | Full",0.189522154701064,-0.436214649032829,-0.373684499701868,-0.437840787920297,-0.37507753613005,0.00741419801752359,0.000382609077985951
601,"Probit Mean loss | Full",0.104684873746866,-0.457288497446839,-0.338495944446496,-0.461205481774004,-0.3413953904562,0.0169137234964029,0.000730095947417749
602,"Probit Mean loss | Full",0.1702897410217,-0.589965371883265,-0.446902397817208,-0.593938233122755,-0.449911864641431,0.0133332853693169,0.000995952504446245
603,"Probit Mean loss | Full",0.126165469817813,-0.427677456102352,-0.341827049340872,-0.430642733646949,-0.34419708792739,0.013723991164416,0.000600224036335853
604,"Probit Mean loss | Full",0.153093551379998,-0.496362212796125,-0.39336945893501,-0.500899221736876,-0.396965060506194,0.0180334137013529,0.0010536656967685
605,"Probit Mean loss | Full",0.132914970655725,-0.469282510043221,-0.367036166170745,-0.472460251700487,-0.369521547769254,0.0134066516203059,0.000675583006071343
606,"Probit Mean loss | Full",0.145843535007312,-0.311568677516547,-0.274017747728442,-0.313856916328604,-0.276030203057849,0.0145282595609546,0.000408977733866973
607,"Probit Mean loss | Full",0.18679263246284,-0.108284392808615,-0.104985657726523,-0.109371541494285,-0.106039687922854,0.0197811160741414,0.0000826193259027485
608,"Probit Mean loss | Full",0.107318312452299,-0.43828927662812,-0.33392556915244,-0.441950919095182,-0.33671531581075,0.0165017137781686,0.000692625096591036
609,"Probit Mean loss | Full",0.109408079945272,-0.308751397703636,-0.262561080804241,-0.311549948717979,-0.264940958545611,0.0178846556889415,0.000465407451814438
610,"Probit Mean loss | Full",0.156521244143266,-0.504606618894394,-0.39962862373183,-0.509000323907149,-0.403108265539102,0.0171895439554108,0.00103479669275162
611,"Probit Mean loss | Full",0.163629897476525,-0.578975194757209,-0.436960037465757,-0.58449701063307,-0.441127423035717,0.0188050003185186,0.00135788556477713
612,"Probit Mean loss | Full",0.102145138633577,-0.397881734748005,-0.311636466021504,-0.401387037930383,-0.314381955951526,0.0173896862086314,0.000636858118174888
613,"Probit Mean loss | Full",0.111363194679377,-0.420591347189456,-0.328991024451892,-0.423654468835364,-0.331387030777372,0.0144081950020655,0.000584521578454724
614,"Probit Mean loss | Full",0.139896223981712,-0.483709079351378,-0.378635197092075,-0.485911050542687,-0.380358844283337,0.00904273292302352,0.000480672033258063
615,"Probit Mean loss | Full",0.164216898732694,0.178819780383623,0.187788953084997,0.180365260934255,0.189411951245457,0.017063809609965,0.000226768363694268
616,"Probit Mean loss | Full",0.166906452104584,1.24109980854899,1.50716486294206,1.24378266535524,1.51042286643448,0.00430937558603401,0.00359504285472019
617,"Probit Mean loss | Full",0.183392376256469,0.939145067055004,1.09716864141958,0.941708951427423,1.10016393323585,0.00543776114615404,0.00240946158630056
618,"Probit Mean loss | Full",0.191130318988009,-0.452730201252158,-0.38524782382854,-0.454960168372009,-0.387145399863352,0.00977888717274984,0.000538917763712669
619,"Probit Mean loss | Full",0.180032334804525,1.02974334299175,1.21543731159311,1.03633646581245,1.22321937450299,0.0126834295079744,0.00699851688788001
620,"Probit Mean loss | Full",0.167479430938759,1.5489612507049,1.88719049719778,1.56979565673878,1.91257427814388,0.0263679521706722,0.036069091377255
