"loss_mean","log_volume","log_volume_per_analyst","eps_stddev","surprise","log_market_cap","analysts","log_turnover","log_volatility_6m","open_time_days",".fitted",".resid",".hat",".sigma",".cooksd",".std.resid","model","residual","fitted","std_resid","stud_resid","leverage","cooks_d"
0.70874775,11.1080839101247,8.56524627346063,0.08996,0.29,26.8640512231621,27,15.9458509177242,0.0124203506033438,13.7210648148148,0.141892016841884,0.566855733158116,0.022036387336177,0.186981539631053,0.0208942905772597,3.04512387587864,"OLS Mean loss | Full",0.566855733158119,0.141892016841881,3.04512387587864,3.06557865738238,0.022036387336177,0.0208942905772597
0.00776944444444444,10.6347633341023,7.80193495159608,0.05423,0.09,25.1291019314192,17,15.058925129306,0.0116712063567068,13.7225,0.18349171995335,-0.175722275508906,0.00953780030890222,0.188255718086133,0.000847253925000441,-0.93799740050596,"OLS Mean loss | Full",-0.175722275508905,0.18349171995335,-0.93799740050596,-0.93790681026312,0.00953780030890222,0.000847253925000441
0.660869444444444,10.4587335456671,7.127303542416,0.03727,-0.019999999999999,24.5779931009567,28,15.8953059655976,0.022408179625568,13.7227777777778,0.208110388690587,0.452759055753858,0.00743813724408204,0.187505467019995,0.00436788150665417,2.41424934638153,"OLS Mean loss | Full",0.452759055753858,0.208110388690586,2.41424934638153,2.42367519767004,0.00743813724408204,0.00436788150665417
0.0238777777777778,10.4962531345063,7.27804044535318,0.02763,0.01,26.709858302719,25,16.4433774877375,0.0124361783982803,10.4166319444444,0.192165549726394,-0.168287771948616,0.0115850072513237,0.188266490859796,0.000947786068439507,-0.899242175356535,"OLS Mean loss | Full",-0.168287771948615,0.192165549726393,-0.899242175356535,-0.899103877573283,0.0115850072513237,0.000947786068439507
0.483491666666667,10.9487111712076,7.69105405310622,0.0535,-0.06,26.405733748307,26,16.4433774877375,0.015548431085592,10.4285763888889,0.233333147982335,0.250158518684331,0.0129205923992469,0.188118075433308,0.00234205114056196,1.33762081962862,"OLS Mean loss | Full",0.25015851868433,0.233333147982337,1.33762081962862,1.33847025327553,0.0129205923992469,0.00234205114056196
0.289736111111111,10.5734220000655,7.43849054209325,0.10269,0.12,26.0732293331283,23,16.4420319032209,0.0148425971121528,10.4461226851852,0.187796462029794,0.101939649081317,0.00955399228783999,0.188344017645756,0.000285625568307025,0.544153592169652,"OLS Mean loss | Full",0.101939649081317,0.187796462029794,0.544153592169652,0.543845952924898,0.00955399228783999,0.000285625568307025
0.0616166666666667,10.6056260316505,7.31043314010158,0.11892,0.26,26.3907614345404,27,15.4929304383862,0.0132184482436928,11.4320949074074,0.141023912184982,-0.0794072455183153,0.00822594976832188,0.188361661390271,0.000148822423574163,-0.423591786201962,"OLS Mean loss | Full",-0.079407245518315,0.141023912184982,-0.423591786201962,-0.423312651816729,0.00822594976832188,0.000148822423574163
0.0106472222222222,10.5771266751171,7.28195239428402,0.334929,0.62,26.36296455849,27,14.4917565148796,0.0147887418875905,11.4293402777778,0.0923862810421543,-0.0817390588199321,0.0258267846079145,0.1883595250239,0.000513150522113674,-0.439952013415159,"OLS Mean loss | Full",-0.0817390588199319,0.0923862810421542,-0.439952013415159,-0.439667084757243,0.0258267846079145,0.000513150522113674
0.021425,9.90509694876298,6.68741847705908,0.06217,0.62,25.1397518676719,25,14.4634265995202,0.0120875852607781,12.466400462963,-0.00546701859483075,0.0268920185948308,0.014566113938872,0.188385660772937,0.0000306142103745702,0.143914126444592,"OLS Mean loss | Full",0.0268920185948315,-0.00546701859483152,0.143914126444592,0.143800969464655,0.014566113938872,0.0000306142103745702
0.235347222222222,10.129917066756,7.1861954682001,0.08834,0.3,24.3502000878595,19,14.486447460944,0.0134589545533466,12.4664467592593,0.119252771931342,0.11609445029088,0.00678830108602369,0.188330879724631,0.000261750729666469,0.61884846122265,"OLS Mean loss | Full",0.11609445029088,0.119252771931342,0.61884846122265,0.618541739284625,0.00678830108602369,0.000261750729666469
0.0447027777777778,9.07734833387386,5.94436389580432,0.08215,0.169999999999999,24.1844449232098,23,13.8654892937763,0.012856256727654,12.1090162037037,0.135880740150765,-0.0911779623729869,0.00475234842755196,0.188353145954326,0.000112567560512105,-0.485532237635116,"OLS Mean loss | Full",-0.0911779623729866,0.135880740150764,-0.485532237635116,-0.485234222757381,0.00475234842755196,0.000112567560512105
0.00453,11.1080839101247,8.64901914451803,0.334929,0.22,26.8640512231621,17,16.3184523777483,0.0206602731910951,9.92637731481481,0.243338361673348,-0.238808361673348,0.0360607677149928,0.188136173686556,0.00624629156191628,-1.29216647777811,"OLS Mean loss | Full",-0.238808361673348,0.243338361673348,-1.29216647777811,-1.29286266412414,0.0360607677149928,0.00624629156191628
0.099925,9.79064462622112,7.48856316162192,0.01017,0.089999999999999,25.5469768307931,10,10.9357184943581,0.0220896729660745,15.0074652777778,0.117422402739325,-0.017497402739325,0.0232986261594422,0.188387454682881,0.0000211028654641691,-0.0940559897696068,"OLS Mean loss | Full",-0.0174974027393247,0.117422402739325,-0.0940559897696068,-0.0939811403687958,0.0232986261594422,0.0000211028654641691
0.0898861111111111,8.9133734693845,5.62102950007657,0.13814,0.12,24.327159797989,27,11.1963987648232,0.0245225996865987,14.9609606481481,0.13880838047216,-0.0489222693610485,0.00901922971719386,0.188378486373547,0.0000620354191921068,-0.261076480827791,"OLS Mean loss | Full",-0.0489222693610483,0.138808380472159,-0.261076480827791,-0.260881136571085,0.00901922971719386,0.0000620354191921068
0.0814222222222222,8.35731022424459,5.72129902167328,0.06214,0.229999999999999,23.0029557290816,14,9.28714543357954,0.0158026520360015,14.9880208333333,0.076424875751152,0.00499734647107017,0.0155686216717844,0.188388683989781,0.00000113225886084606,0.0267571901876763,"OLS Mean loss | Full",0.00499734647107046,0.0764248757511518,0.0267571901876763,0.0267357224551907,0.0155686216717844,0.00000113225886084606
0.139377777777778,8.8410573803029,8.1480548589742,0.0785,0.07,21.1432937926241,3,9.28714543357954,0.0228156344900106,17.0058680555556,0.179545275308368,-0.0401674975305905,0.0378775270244794,0.188381636539432,0.000186319362040094,-0.217547133564345,"OLS Mean loss | Full",-0.0401674975305903,0.179545275308368,-0.217547133564345,-0.217380723947828,0.0378775270244794,0.000186319362040094
0.0837694444444445,11.1080839101247,7.42622052728147,0.0247,0.01,26.640950006082,45,13.1260875768139,0.0185199553600054,14.4309606481481,0.182608896508016,-0.0988394520635715,0.0157672841127484,0.188346434159311,0.00044875520206996,-0.529267467253999,"OLS Mean loss | Full",-0.0988394520635714,0.182608896508016,-0.529267467253999,-0.528961457191525,0.0157672841127484,0.00044875520206996
0.0459138888888889,9.54252144901331,6.36611618109181,0.02076,0.07,25.1611055364395,24,16.0243192714236,0.0128991989284322,14.5379513888889,0.157372923181954,-0.111459034293065,0.00716761722292765,0.18833539230194,0.000254941787550956,-0.594252582928716,"OLS Mean loss | Full",-0.111459034293065,0.157372923181954,-0.594252582928716,-0.59394382010006,0.00716761722292765,0.000254941787550956
0.0829416666666667,9.47877614249163,6.30247928917295,0.00887,0.019999999999999,23.8733414504818,24,16.4433774877375,0.0146880131908873,14.5517476851852,0.180245142675344,-0.097303476008677,0.00975183744482614,0.188347989973864,0.000265731238187057,-0.519457596242152,"OLS Mean loss | Full",-0.0973034760086768,0.180245142675343,-0.519457596242152,-0.519152969612742,0.00975183744482614,0.000265731238187057
0.0191944444444444,10.6908652059994,7.69556512370794,0.02544,0.02,25.2116868821698,20,14.9185257217475,0.0149272033460511,14.1492939814815,0.191608830130283,-0.172414385685839,0.00919965995006617,0.188260726471875,0.000786201769911427,-0.920182976990919,"OLS Mean loss | Full",-0.172414385685838,0.191608830130283,-0.920182976990919,-0.920069629553671,0.00919965995006617,0.000786201769911427
0.0667972222222222,9.52671741955206,7.91757097848081,0.04185,0.059999999999999,20.5761326046048,5,9.28714543357954,0.017281874399097,14.5360069444444,0.181771817563447,-0.114974595341225,0.0175348589999068,0.188331370360977,0.00067773403448279,-0.616221836310678,"OLS Mean loss | Full",-0.114974595341225,0.181771817563447,-0.616221836310678,-0.615914811644967,0.0175348589999068,0.00067773403448279
0.206688888888889,11.0071283046806,7.87199884974272,0.02524,0.02,24.8681589418807,23,15.8676895651115,0.0127897619305942,14.8194328703704,0.207424502619729,-0.000735613730840468,0.0124244672613494,0.188388789899301,0.0000000194546904537658,-0.00393240677239179,"OLS Mean loss | Full",-0.000735613730840211,0.207424502619729,-0.00393240677239179,-0.00392924952897987,0.0124244672613494,0.0000000194546904537658
0.0324375,9.72647123585629,8.62797830512168,0.02625,0.07,20.1007726202039,3,9.28714543357954,0.0227975801219196,6.53113425925926,0.191729162201071,-0.159291662201071,0.0242601659637165,0.18827779694256,0.00182473298917172,-0.856682303296091,"OLS Mean loss | Full",-0.15929166220107,0.19172916220107,-0.856682303296091,-0.856499115087729,0.0242601659637165,0.00182473298917172
0.0886861111111111,10.0293500322942,7.19684182844418,0.31648,0.519999999999999,25.8534196754875,17,13.3205939618519,0.014443886747653,8.6033912037037,0.10931919509006,-0.0206330839789485,0.0241404807302212,0.188386930717413,0.0000304570010553715,-0.110959441848997,"OLS Mean loss | Full",-0.0206330839789482,0.109319195090059,-0.110959441848997,-0.110871449113759,0.0241404807302212,0.0000304570010553715
0.020975,10.2429749257397,7.24791895196785,0.02912,0.03,25.9408154334426,20,14.6453651655411,0.0128676234013902,14.6323032407407,0.173758955016477,-0.152783955016477,0.00955109967069318,0.188288200121458,0.000641404885236117,-0.815559179324362,"OLS Mean loss | Full",-0.152783955016477,0.173758955016477,-0.815559179324362,-0.815339733540244,0.00955109967069318,0.000641404885236117
0.485086111111111,10.4865661315804,7.2291670719215,0.03116,-0.049999999999999,26.8640512231621,26,15.9575371598893,0.0116712063567068,14.603275462963,0.205398699299633,0.279687411811478,0.0123371859765085,0.188050531362036,0.0027921071742084,1.49507279118627,"OLS Mean loss | Full",0.279687411811478,0.205398699299633,1.49507279118627,1.49655955397043,0.0123371859765085,0.0027921071742084
0.0854138888888889,9.15173049550911,6.1093265352031,0.01782,0.019999999999999,23.9854505080252,21,15.3099216988253,0.0153688386782775,14.090474537037,0.169376609562952,-0.0839627206740633,0.00660775775831436,0.188358508344046,0.000133221134815714,-0.447527667435024,"OLS Mean loss | Full",-0.083962720674063,0.169376609562952,-0.447527667435024,-0.447240246513989,0.00660775775831436,0.000133221134815714
0.0810027777777778,9.49662191739767,6.20273588022982,0.02786,0.149999999999999,24.034238637082,27,16.3547140793426,0.0234317884653749,14.062025462963,0.135351014250561,-0.0543482364727828,0.00769057261495263,0.188376090503917,0.00006510628176872,-0.289838228635093,"OLS Mean loss | Full",-0.0543482364727825,0.13535101425056,-0.289838228635093,-0.289625047647945,0.00769057261495263,0.00006510628176872
0.0821611111111111,9.28784355557097,6.29386804375567,0.07167,0.05,23.3224961924694,20,13.8111043888521,0.0172619427931496,14.6347569444444,0.176877059045544,-0.0947159479344332,0.00508915547515971,0.188350312600096,0.000130170072873205,-0.504457748130426,"OLS Mean loss | Full",-0.094715947934433,0.176877059045544,-0.504457748130426,-0.504155700863228,0.00508915547515971,0.000130170072873205
0.398386305555556,10.4538111116123,7.19643526778242,0.05819,-0.24,22.9940110629385,26,13.8052092249571,0.0271647346384707,18.6614699074074,0.280328437886859,0.118057867668697,0.0156255984323651,0.18832836624771,0.000634298149014255,0.632133124184781,"OLS Mean loss | Full",0.118057867668697,0.280328437886859,0.632133124184781,0.631828250348149,0.0156255984323651,0.000634298149014255
0.0217451388888889,10.4223799029992,7.16502706265751,0.01572,0.009999999999999,26.5569885574652,26,15.9619310355997,0.0116712063567068,13.7200462962963,0.182672395706977,-0.160927256818088,0.0102312684134507,0.18827711136609,0.00076332374791258,-0.859323151725436,"OLS Mean loss | Full",-0.160927256818088,0.182672395706977,-0.859323151725436,-0.859142527210741,0.0102312684134507,0.00076332374791258
0.585444444444444,10.1204974527331,6.86340656137996,0.26826,-0.31,25.6859207429161,26,15.1656247694377,0.0181743525651407,14.0462731481481,0.366560216645696,0.218884227798748,0.0246573114670378,0.188179073099647,0.00350467484318244,1.17741515468788,"OLS Mean loss | Full",0.218884227798748,0.366560216645696,1.17741515468788,1.17778095456063,0.0246573114670378,0.00350467484318244
0.552775,8.86501767277967,6.15894294304608,0.0161,-0.219999999999999,23.6248342390232,15,14.7773906894779,0.0137404071642588,13.717037037037,0.244914109348755,0.307860890651245,0.0105917472601138,0.187979597547971,0.00289409733425667,1.64422227059769,"OLS Mean loss | Full",0.307860890651245,0.244914109348755,1.64422227059769,1.64647841560834,0.0105917472601138,0.00289409733425667
0.02456375,9.64163377073519,8.25553429110595,0.033,0.439999999999999,22.9328882945395,4,11.987530352409,0.0167739223749054,19.2675231481481,0.0503588688091906,-0.0257951188091906,0.0270895566351066,0.188385873936099,0.0000537426119797291,-0.138929626784824,"OLS Mean loss | Full",-0.0257951188091902,0.0503588688091902,-0.138929626784824,-0.138820231944915,0.0270895566351066,0.0000537426119797291
0.0934888888888889,9.6997095627982,8.0905168254928,0.00829,0.05,22.4566110676967,5,10.0777772683626,0.0147020608672849,10.9712731481481,0.170309075322974,-0.0768201864340852,0.0133783355012398,0.188363267925298,0.000228896440779436,-0.410859943549486,"OLS Mean loss | Full",-0.0768201864340849,0.170309075322974,-0.410859943549486,-0.410585697187826,0.0133783355012398,0.000228896440779436
0.619513888888889,9.73096947113934,6.04440450847,0.05897,-0.04,25.9067733497989,40,11.4384474243496,0.018783462176565,14.3135185185185,0.175633029260194,0.443880859628695,0.0103874305942695,0.187537311621231,0.00589790950333786,2.37043246298397,"OLS Mean loss | Full",0.443880859628695,0.175633029260194,2.37043246298397,2.37928316126371,0.0103874305942695,0.00589790950333786
0.115516666666667,10.0953852852538,6.76429443295222,0.04635,-0.01,25.6375326445943,28,15.1533835410048,0.0116712063567068,13.9508101851852,0.196741874291234,-0.0812252076245673,0.00623511579123106,0.188360461672843,0.00011755644084097,-0.432855336436378,"OLS Mean loss | Full",-0.0812252076245671,0.196741874291234,-0.432855336436378,-0.432572852800098,0.00623511579123106,0.00011755644084097
0.0748277777777778,11.1080839101247,7.96668581808712,0.334929,0.62,25.642416044013,24,14.2238129181034,0.0138751370732859,12.9802777777778,0.108377872612703,-0.0335500948349254,0.0292712271583482,0.188383844349325,0.0000986779611154902,-0.180900001300977,"OLS Mean loss | Full",-0.0335500948349252,0.108377872612703,-0.180900001300977,-0.180759505912805,0.0292712271583482,0.0000986779611154902
0.173782142857143,9.54307264865773,6.54870167613319,0.01588,0.03,24.8536899742436,20,16.4433774877375,0.0122260743448542,5.40113425925926,0.183596354703029,-0.00981421184588613,0.0110556995981608,0.188388376648334,0.00000307284716935686,-0.0524279988787628,"OLS Mean loss | Full",-0.00981421184588588,0.183596354703029,-0.0524279988787628,-0.0523860204991894,0.0110556995981608,0.00000307284716935686
0.0129666666666667,11.0908162072791,7.65728645069453,0.01175,0.019999999999999,26.5790269480718,31,12.6563195928528,0.0299183622825332,13.095625,0.157486543360086,-0.144519876693419,0.017887367497076,0.188298026266004,0.0010931167224662,-0.774712748818864,"OLS Mean loss | Full",-0.144519876693419,0.157486543360086,-0.774712748818864,-0.774463877014388,0.017887367497076,0.0010931167224662
0.0298694444444444,10.5808299903859,7.14760444348964,0.12669,0.06,26.0207200270288,31,16.0813114064413,0.0138859866512755,12.7091666666667,0.213503963395081,-0.183634518950637,0.0081882323704257,0.188243657534962,0.000792187210720666,-0.979565457961133,"OLS Mean loss | Full",-0.183634518950636,0.213503963395081,-0.979565457961133,-0.979533606696842,0.0081882323704257,0.000792187210720666
0.0248555555555556,9.67530967210073,6.54119644182793,0.00796,0.019999999999999,26.0701747479993,23,11.2872275540555,0.0120597728503339,13.7098842592593,0.139294368839571,-0.114438813284016,0.013151455819291,0.188332157090644,0.000499122387683886,-0.611986528602611,"OLS Mean loss | Full",-0.114438813284015,0.139294368839571,-0.611986528602611,-0.611679058915651,0.013151455819291,0.000499122387683886
0.0157581388888889,10.3346841158248,7.07739941215775,0.05144,0.09,25.7360994308427,26,16.4433774877375,0.0165240192699979,13.7118981481481,0.172784636521432,-0.157026497632544,0.00734116905745539,0.188282771051238,0.000518440153953292,-0.837272270314239,"OLS Mean loss | Full",-0.157026497632543,0.172784636521432,-0.837272270314239,-0.837071118069017,0.00734116905745539,0.000518440153953292
0.292630555555556,10.1298468244741,7.13487182409403,0.334929,0.62,24.6740488725066,20,14.5208105135029,0.0171235073896884,13.7102083333333,0.0942471881875239,0.198383367368032,0.0256909958677518,0.188216352574128,0.0030059763592146,1.06770350592354,"OLS Mean loss | Full",0.198383367368032,0.0942471881875236,1.06770350592354,1.06782367785107,0.0256909958677518,0.0030059763592146
0.131533333333333,8.75408174951698,5.18136494140678,0.0068,0.01,24.6477149576259,38,16.4433774877375,0.0251336844730716,14.110462962963,0.154319353459825,-0.0227860201264917,0.0161588425253582,0.188386540389103,0.0000244615947394214,-0.122039312511,"OLS Mean loss | Full",-0.0227860201264915,0.154319353459825,-0.122039312511,-0.121942785908178,0.0161588425253582,0.0000244615947394214
0.0175944444444444,9.51759273811913,6.47454014958,0.05944,0.309999999999999,24.0972558435913,21,10.8989413379022,0.0166557144440108,14.8001273148148,0.0698700565225037,-0.0522756120780593,0.00905071440837064,0.188377024717326,0.0000710830075385234,-0.278976217247778,"OLS Mean loss | Full",-0.052275612078059,0.0698700565225035,-0.278976217247778,-0.278769642954174,0.00905071440837064,0.0000710830075385234
0.0209777777777778,9.28169418575093,6.44996954484429,0.02208,0.029999999999999,25.3758031469499,17,10.0032010825117,0.0116712063567068,13.620625,0.133461538423082,-0.112483760645304,0.0164990885967831,0.188333889659735,0.000609084593846956,-0.602554332338993,"OLS Mean loss | Full",-0.112483760645304,0.133461538423082,-0.602554332338993,-0.602246061119076,0.0164990885967831,0.000609084593846956
0.443472222222222,9.10884618265896,5.67817394804569,0.01479,-0.01,25.1362522873284,31,10.9757312846601,0.0121500893459598,14.0186689814815,0.146246255274868,0.297225966947354,0.0102423816133894,0.18800754309727,0.00260677940810599,1.58714312077023,"OLS Mean loss | Full",0.297225966947355,0.146246255274868,1.58714312077023,1.58908470616407,0.0102423816133894,0.00260677940810599
0.422472222222222,8.50485267044317,5.94233016653942,0.04543,-0.129999999999999,24.7848693032139,13,14.6669135555637,0.0116712063567068,13.9983217592593,0.210264197137285,0.212208025084938,0.0142890613953765,0.188193752339475,0.00186902751832741,1.13548338749917,"OLS Mean loss | Full",0.212208025084938,0.210264197137284,1.13548338749917,1.13574756400366,0.0142890613953765,0.00186902751832741
0.430597222222222,9.11564990237182,5.68495522714827,0.03512,-0.03,24.4928272321867,31,14.535841701182,0.0143457898067444,13.61875,0.183801247405513,0.246795974816709,0.0071892187835555,0.188126831458578,0.00125375423683668,1.31582641027173,"OLS Mean loss | Full",0.246795974816709,0.183801247405513,1.31582641027173,1.31660072207819,0.0071892187835555,0.00125375423683668
0.644875,9.11141142889913,5.93589355235728,0.04426,-0.049999999999999,24.7315941288051,24,16.4433774877375,0.0191130237184518,19.2780792824074,0.191549435574664,0.453325564425336,0.0140018607215732,0.18749734090697,0.00835298156207961,2.42530260025995,"OLS Mean loss | Full",0.453325564425336,0.191549435574664,2.42530260025995,2.43487712901783,0.0140018607215732,0.00835298156207961
0.488058333333333,9.99125975293455,6.0047000843922,0.10271,-0.31,25.8470619927445,46,15.1289685889057,0.0198368774366791,13.5815046296296,0.304025697817818,0.184032635515515,0.0191449650577544,0.188241398391485,0.00190205099354598,0.987156937320571,"OLS Mean loss | Full",0.184032635515515,0.304025697817818,0.987156937320571,0.987136686005685,0.0191449650577544,0.00190205099354598
0.0184166666666667,10.221800220433,6.61219072702157,0.06887,0.109999999999999,25.8160679811275,37,11.5589840105078,0.0203012186822931,13.9600115740741,0.140107370315727,-0.12169070364906,0.00763934142833009,0.188325106345086,0.000324204610140722,-0.648957718434891,"OLS Mean loss | Full",-0.12169070364906,0.140107370315727,-0.648957718434891,-0.648655958225265,0.00763934142833009,0.000324204610140722
0.006869,10.5732854055617,8.27093060146201,0.03804,0.01,23.2052617515937,10,14.3644101387089,0.0177455556558722,13.5822453703704,0.214855336816399,-0.207986336816399,0.00974901899949177,0.188202298649473,0.00121374514080146,-1.11033986918057,"OLS Mean loss | Full",-0.207986336816399,0.214855336816399,-1.11033986918057,-1.11054776338468,0.00974901899949177,0.00121374514080146
0.372577777777778,9.20513743474215,6.37353114507564,0.2207,-0.31,21.5526112416656,17,14.6121270221296,0.021507182088805,19.2780792824074,0.357476763122835,0.0151010146549428,0.0288762401026056,0.188387790247343,0.0000197056734120941,0.0814071607807114,"OLS Mean loss | Full",0.0151010146549429,0.357476763122835,0.0814071607807114,0.081342232379602,0.0288762401026056,0.0000197056734120941
0.0838638888888889,10.1830852795884,6.75023156421263,0.20345,0.48,26.8640512231621,31,15.1979447759278,0.0234009310053287,13.5825,0.073223183905231,0.0106407049836579,0.01488057449387,0.188388301807333,0.00000489970886441409,0.0569534097556921,"OLS Mean loss | Full",0.0106407049836582,0.0732231839052307,0.0569534097556921,0.0569078305494615,0.01488057449387,0.00000489970886441409
0.0992944444444444,8.58440262966445,7.19866911085683,0.15122,-0.19,23.0585810131429,4,9.28714543357954,0.0168784593705799,13.9837615740741,0.264219657815217,-0.164925213370772,0.026708572000457,0.188269505190479,0.00216434514974784,-0.888094896794402,"OLS Mean loss | Full",-0.164925213370772,0.264219657815217,-0.888094896794402,-0.887944096538807,0.026708572000457,0.00216434514974784
0.489309375,11.1080839101247,7.93626548221564,0.07301,0.049999999999999,26.8640512231621,46,12.8282792682766,0.027427256578436,6.93916666666667,0.191733338899246,0.297576036100754,0.0293384620046505,0.187999117691448,0.00778189107960472,1.60456684026455,"OLS Mean loss | Full",0.297576036100754,0.191733338899246,1.60456684026455,1.60660173901521,0.0293384620046505,0.00778189107960472
0.00160772222222222,11.1080839101247,7.93974646907615,0.10495,0.179999999999999,26.8640512231621,46,12.7314771927434,0.0171290992837832,13.9343865740741,0.163003453132548,-0.161395730910326,0.0282874827395068,0.188274372023904,0.00220237024941842,-0.86979501342852,"OLS Mean loss | Full",-0.161395730910326,0.163003453132548,-0.86979501342852,-0.86962484041873,0.0282874827395068,0.00220237024941842
0.020425,9.88201394260676,6.19512483280564,0.01235,0.02,25.4555941745347,40,11.289744710583,0.0280465677168907,13.9268171296296,0.137729046248187,-0.117304046248187,0.0112804595090061,0.188329397783576,0.000448119744840064,-0.626715164286059,"OLS Mean loss | Full",-0.117304046248187,0.137729046248187,-0.626715164286059,-0.626409472448544,0.0112804595090061,0.000448119744840064
0.0130714285714286,10.1110832947254,5.87973560161579,0.30145,0.62,26.8640512231621,46,11.9796074129009,0.0212107956405142,6.03287037037037,0.0484926015106406,-0.035421172939212,0.028137941771064,0.188383283498853,0.000105486403744015,-0.190877348588469,"OLS Mean loss | Full",-0.0354211729392117,0.0484926015106403,-0.190877348588469,-0.190729672160896,0.028137941771064,0.000105486403744015
0.00753125,11.0461957364662,7.21827172923774,0.05448,0.169999999999999,26.8640512231621,46,12.9710254310443,0.0139729608741427,7.07493055555556,0.146225522337473,-0.138694272337473,0.016300316924396,0.188305332831317,0.000914482873606911,-0.742884042766872,"OLS Mean loss | Full",-0.138694272337473,0.146225522337473,-0.742884042766872,-0.74261657984544,0.016300316924396,0.000914482873606911
0.00661785714285714,10.6138035923476,6.53769045128514,0.0831,0.289999999999999,26.8640512231621,46,12.306024848308,0.012149954921116,6.02775462962963,0.102733744168207,-0.0961158870253503,0.0152190080039693,0.18834875893616,0.000409152232793562,-0.514539972204316,"OLS Mean loss | Full",-0.09611588702535,0.102733744168207,-0.514539972204316,-0.514236129972343,0.0152190080039693,0.000409152232793562
0.0157285714285714,10.0882919908438,6.95371175062669,0.06449,0.229999999999999,26.3388773084524,23,15.3875431913076,0.0169721974385585,6.66319444444444,0.12183452276932,-0.106105951340749,0.0101053148145314,0.188340255452772,0.000327671665200933,-0.566551007838638,"OLS Mean loss | Full",-0.106105951340748,0.12183452276932,-0.566551007838638,-0.566242016880265,0.0101053148145314,0.000327671665200933
0.0743107142857143,9.3216134686864,6.06575116883863,0.02288,0.05,25.8293896600824,26,16.4433774877375,0.0116712063567068,5.62195601851852,0.166133957531709,-0.0918232432459948,0.0107932715648294,0.188352418771857,0.00026246522820383,-0.490459178621936,"OLS Mean loss | Full",-0.0918232432459946,0.166133957531709,-0.490459178621936,-0.490160032016926,0.0107932715648294,0.00026246522820383
0.195367857142857,9.62237910028807,5.98724044788623,0.03921,-0.019999999999999,25.4214596724379,38,11.7553561045507,0.0178588175888137,5.73835648148148,0.174575754961431,0.020792102181426,0.00964016917735277,0.188386929590642,0.0000119917609208547,0.110993018264074,"OLS Mean loss | Full",0.0207921021814262,0.174575754961431,0.110993018264074,0.110904999565504,0.00964016917735277,0.0000119917609208547
0.015259375,10.5250576210662,6.81255917880219,0.01734,0.029999999999999,26.8640512231621,41,15.6846241377565,0.0119857867314436,7.05261574074074,0.183276865542763,-0.168017490542763,0.0131889216387035,0.188266685311068,0.00107904058865372,-0.898527254499567,"OLS Mean loss | Full",-0.168017490542762,0.183276865542762,-0.898527254499567,-0.898388138765371,0.0131889216387035,0.00107904058865372
0.01166875,10.1821692319182,6.47010958246171,0.07002,0.519999999999999,26.8640512231621,41,14.8733290587353,0.0116712063567068,6.66481481481481,0.031135693914816,-0.019466943914816,0.0160818147216266,0.188387148762662,0.0000177664301539498,-0.104258639411518,"OLS Mean loss | Full",-0.0194669439148155,0.0311356939148155,-0.104258639411518,-0.104175839950669,0.0160818147216266,0.0000177664301539498
0.0575944444444444,9.91880048587975,6.66193419543512,0.02853,0.04,25.8364094029177,26,16.4433774877375,0.0116712063567068,7.62159722222222,0.181844213825428,-0.124249769380983,0.00894734230143649,0.188322311527811,0.000396898367378601,-0.66304193248986,"OLS Mean loss | Full",-0.124249769380983,0.181844213825428,-0.66304193248986,-0.66274345860078,0.00894734230143649,0.000396898367378601
0.160016666666667,10.3584261002485,7.06341372730101,0.13259,0.04,26.5417492691989,27,15.953545705271,0.0125950375601409,7.6155787037037,0.217851084929237,-0.0578344182625703,0.0107304308064253,0.188374364464994,0.000103501856484524,-0.308903490451691,"OLS Mean loss | Full",-0.0578344182625701,0.217851084929237,-0.308903490451691,-0.308679114980399,0.0107304308064253,0.000103501856484524
0.71285,9.9471390803567,6.51458677713928,0.07801,-0.000000000000000444089209850063,26.224095955873,31,14.7672722680075,0.0155351073325434,7.67594907407407,0.19694194030492,0.51590805969508,0.00663743116290509,0.187241998626428,0.00505261970090514,2.74987014617845,"OLS Mean loss | Full",0.51590805969508,0.19694194030492,2.74987014617845,2.76449079932112,0.00663743116290509,0.00505261970090514
0.0361027777777778,10.0042887459574,6.673304043738,0.05324,0.02,26.8640512231621,28,16.4433774877375,0.0124436130283011,7.61675925925926,0.189088050601818,-0.15298527282404,0.0108981832460559,0.188287797385447,0.000735798496028815,-0.817189719946279,"OLS Mean loss | Full",-0.15298527282404,0.189088050601817,-0.817189719946279,-0.816971582874248,0.0108981832460559,0.000735798496028815
0.198058333333333,8.23764894232911,5.33072819127949,0.04317,0.229999999999999,24.6431095805213,17,15.055750002654,0.0142273861300846,12.0298726851852,0.0861355546333036,0.11192277870003,0.0117756136684351,0.188334695843214,0.000426281928058828,0.598114690741371,"OLS Mean loss | Full",0.11192277870003,0.0861355546333032,0.598114690741371,0.597806131901218,0.0117756136684351,0.000426281928058828
0.0246083333333333,8.7824019371238,5.56720117086308,0.03111,0.04,23.8994084880567,25,14.0998402018254,0.0192643658951565,11.6035648148148,0.152417803206186,-0.127809469872852,0.00506871483228164,0.188318721237802,0.000236061568807466,-0.680707066312682,"OLS Mean loss | Full",-0.127809469872852,0.152417803206186,-0.680707066312682,-0.680413612130436,0.00506871483228164,0.000236061568807466
0.884288138888889,11.1080839101247,7.11948589730328,0.12572,0,26.8640512231621,46,12.8054030974613,0.018426207450294,12.9868171296296,0.214359698120077,0.669928440768812,0.0141152953846419,0.186436199013281,0.0183942498973744,3.58433935065694,"OLS Mean loss | Full",0.669928440768813,0.214359698120076,3.58433935065694,3.61897106618318,0.0141152953846419,0.0183942498973744
0.562144444444445,8.94495263966274,5.54752954214343,0.12036,-0.09,25.5771350373941,30,15.7900792668869,0.0177732603286215,12.5825347222222,0.224774817770888,0.337369626673556,0.0102521749879043,0.187897456138421,0.00336175761668301,1.80151329553712,"OLS Mean loss | Full",0.337369626673556,0.224774817770888,1.80151329553712,1.80477390157349,0.0102521749879043,0.00336175761668301
0.0225944444444445,8.54734082045943,5.71722763323741,0.02135,0.04,25.2516293211365,17,15.051590498745,0.0130835859366472,12.5914467592593,0.143321930644577,-0.120727486200133,0.0116114985827738,0.188325858759042,0.000488914321171477,-0.645113432396164,"OLS Mean loss | Full",-0.120727486200133,0.143321930644577,-0.645113432396164,-0.64481088354083,0.0116114985827738,0.000488914321171477
0.0211055555555556,9.84914713189753,6.63153751781247,0.334929,0.62,24.6765155352798,25,14.2113098696032,0.0136303724903975,11.9682060185185,0.0911659437557811,-0.0700603882002256,0.0254402257516649,0.188367299787153,0.000371053570292628,-0.377017984785329,"OLS Mean loss | Full",-0.0700603882002252,0.0911659437557808,-0.377017984785329,-0.376758263309987,0.0254402257516649,0.000371053570292628
0.0360027777777778,8.99820201611316,5.70557442408131,0.03326,0.01,24.4485602498954,27,11.7287597861483,0.0273092973056245,12.9525578703704,0.140700552487096,-0.104697774709318,0.00755236240146577,0.188341656946441,0.000237208396287027,-0.55831258708993,"OLS Mean loss | Full",-0.104697774709318,0.140700552487095,-0.55831258708993,-0.558003937012774,0.00755236240146577,0.000237208396287027
0.0143138888888889,9.6544848187722,6.61124430457338,0.12616,0.439999999999999,23.7881655108206,21,13.3375011600255,0.0178315891620706,10.6168865740741,0.0729999292304811,-0.0586860403415922,0.00783314249954926,0.188373979799823,0.0000773434872806728,-0.312994149016744,"OLS Mean loss | Full",-0.0586860403415919,0.0729999292304808,-0.312994149016744,-0.312767440929249,0.00783314249954926,0.0000773434872806728
0.159525,9.56367571047524,5.928684844097,0.08233,0.019999999999999,24.5594736547316,38,14.378532883513,0.0342152084071056,10.9438310185185,0.177383868430335,-0.0178588684303353,0.00827425975251828,0.188387419958313,0.00000757253681277848,-0.095269067454333,"OLS Mean loss | Full",-0.0178588684303351,0.177383868430335,-0.095269067454333,-0.0951932702374151,0.00827425975251828,0.00000757253681277848
0.0199722222222222,10.5043587209385,7.17289418745791,0.09878,0.309999999999999,24.1683044742062,28,13.8290316791012,0.0390165601978771,10.9385069444444,0.102558784970362,-0.0825865627481393,0.0103935666920239,0.188359380902707,0.000204289435244144,-0.441033831543592,"OLS Mean loss | Full",-0.082586562748139,0.102558784970361,-0.441033831543592,-0.440748539495401,0.0103935666920239,0.000204289435244144
0.0898916666666667,8.96016210309311,6.25390824367707,0.0108,0.03,23.7748374264882,15,9.91852044692903,0.0153692189696074,10.5727199074074,0.136860957451303,-0.0469692907846362,0.0104471742733604,0.188379279082958,0.0000664257422875574,-0.250835083655462,"OLS Mean loss | Full",-0.046969290784636,0.136860957451303,-0.250835083655462,-0.250646347543409,0.0104471742733604,0.0000664257422875574
0.0336972222222222,9.63176016707436,6.79959605575673,0.06892,0.109999999999999,24.068966957338,17,9.38139064053497,0.0116984913142013,11.6474421296296,0.141240805232888,-0.107543583010666,0.0116068443923051,0.188338855358388,0.000387803071980685,-0.574663225475464,"OLS Mean loss | Full",-0.107543583010666,0.141240805232888,-0.574663225475464,-0.574354079864613,0.0116068443923051,0.000387803071980685
0.0344194444444444,8.69700849768645,5.44308038218181,0.04292,0.2,25.0078595080957,26,14.3892828247894,0.0229735955742843,10.1268287037037,0.0923582557566331,-0.0579388113121886,0.00694662191325372,0.188374367505338,0.0000667352321789491,-0.308870942585355,"OLS Mean loss | Full",-0.0579388113121884,0.0923582557566328,-0.308870942585355,-0.30864658577404,0.00694662191325372,0.0000667352321789491
0.517416666666667,8.86913786472434,6.0986568767509,0.07102,-0.24,24.484840463953,16,13.3771603906085,0.0227446446485806,10.1261342592593,0.250079594173686,0.267337072492981,0.0115750614420624,0.188080007868893,0.00238969145352057,1.42850284572292,"OLS Mean loss | Full",0.267337072492981,0.250079594173686,1.42850284572292,1.4296993063556,0.0115750614420624,0.00238969145352057
0.0745638888888889,9.10121577649442,6.21273823565125,0.06537,0.44,25.0698416370572,18,15.0474356111929,0.0211594465085332,13.9771759259259,0.032388819486451,0.0421750694024379,0.0121965740144395,0.188381108464842,0.0000627474309832971,0.225431349576365,"OLS Mean loss | Full",0.0421750694024382,0.0323888194864507,0.225431349576365,0.225259540491182,0.0121965740144395,0.0000627474309832971
0.0407,8.6425338232064,5.18136494140678,0.00724,0.02,23.9693730414363,36,11.8107475730524,0.0281696342310843,14.3562037037037,0.126820914661923,-0.0861209146619231,0.0126954518024261,0.188356734885782,0.000272615591999841,-0.460444016819131,"OLS Mean loss | Full",-0.086120914661923,0.126820914661923,-0.460444016819131,-0.460152632970888,0.0126954518024261,0.000272615591999841
0.0303055555555556,9.15617863532836,5.79183428036537,0.02946,0.1,25.325208186933,29,15.8585319413537,0.0200305512789058,13.7413888888889,0.134524548992942,-0.104218993437386,0.00710603601872785,0.188342108109474,0.000220954550620271,-0.555634505714189,"OLS Mean loss | Full",-0.104218993437386,0.134524548992942,-0.555634505714189,-0.555326005896074,0.00710603601872785,0.000220954550620271
0.107091666666667,10.40968311675,6.58239706643726,0.03602,0.04,22.6122378046061,46,12.6235263954768,0.0328644010367413,14.3067361111111,0.180130732390387,-0.0730390657237208,0.0268674956437022,0.188365399019647,0.000427150762511091,-0.393335358747812,"OLS Mean loss | Full",-0.0730390657237206,0.180130732390387,-0.393335358747812,-0.393068362857454,0.0268674956437022,0.000427150762511091
0.730411111111111,9.71413114455946,6.4575440562262,0.08755,-0.03,25.6004220341936,26,13.0977235590203,0.0175550766395676,13.8054398148148,0.193333644509357,0.537077466601754,0.00612932970021503,0.187146273035466,0.00505143344718438,2.86197452398665,"OLS Mean loss | Full",0.537077466601754,0.193333644509357,2.86197452398665,2.87866290703255,0.00612932970021503,0.00505143344718438
0.0218361111111111,9.98403578404173,6.6893975928643,0.04856,0.03,25.0360498466918,27,12.4632027742386,0.0431591510576215,14.1025694444444,0.143048104153978,-0.121211993042867,0.0180643813133736,0.188324935556749,0.000776847525892419,-0.649827153058867,"OLS Mean loss | Full",-0.121211993042867,0.143048104153978,-0.649827153058867,-0.649525577610991,0.0180643813133736,0.000776847525892419
0.02405,10.2532189189945,6.21213936282868,0.02879,0.209999999999999,26.6790181221269,46,12.7552121483227,0.037430382123411,7.10019675925926,0.0822941270430128,-0.0582441270430128,0.0186382866598366,0.188374041398067,0.000185284711323728,-0.312342695822746,"OLS Mean loss | Full",-0.0582441270430124,0.0822941270430124,-0.312342695822746,-0.312116357534203,0.0186382866598366,0.000185284711323728
0.0119694444444444,10.1464880317899,6.85167019887418,0.006301,0.019999999999999,26.5520824668862,27,16.4433774877375,0.0116712063567068,13.6785416666667,0.173122707365046,-0.161153262920602,0.0101142224093941,0.188276810609841,0.000756533345758918,-0.860479107561621,"OLS Mean loss | Full",-0.161153262920602,0.173122707365046,-0.860479107561621,-0.860299614325547,0.0101142224093941,0.000756533345758918
0.336902777777778,10.0432708673785,7.04836432211829,0.02682,-0.01,25.3499685974224,20,15.8147510664377,0.0148466206841237,13.5953240740741,0.192692133216323,0.144210644561454,0.00783303694065037,0.188299330451659,0.000467027899123196,0.769128148871894,"OLS Mean loss | Full",0.144210644561455,0.192692133216323,0.769128148871894,0.768875745716206,0.00783303694065037,0.000467027899123196
0.410741666666667,8.81961793940807,5.49139621752727,0.21372,-0.2,22.257551291353,28,10.0403754612645,0.0361818481333792,16.0117361111111,0.267967720834955,0.142773945831712,0.0232868610009112,0.188299716764248,0.00140430794726869,0.767466126787748,"OLS Mean loss | Full",0.142773945831712,0.267967720834955,0.767466126787748,0.767212695050204,0.0232868610009112,0.00140430794726869
0.6124,8.98907386902893,5.66023236849592,0.04685,-0.04,25.204045046566,28,10.3865986523334,0.0155984726126795,13.6079398148148,0.157815589159868,0.454584410840132,0.0115434131754106,0.187494606069452,0.00689026072827599,2.42901114524121,"OLS Mean loss | Full",0.454584410840132,0.157815589159868,2.42901114524121,2.43863588442931,0.0115434131754106,0.00689026072827599
0.0339777777777778,9.18863306944521,5.6367535971474,0.00678,0.01,24.8364381437412,35,14.8792526020609,0.0301920326682351,14.1822453703704,0.146501240347569,-0.112523462569791,0.00971995913840381,0.188334227055511,0.000354178424087341,-0.600700293254152,"OLS Mean loss | Full",-0.112523462569791,0.146501240347568,-0.600700293254152,-0.600391894986148,0.00971995913840381,0.000354178424087341
0.0158,9.25249474926417,5.4067475715869,0.00995,0.039999999999999,24.3965041661049,46,11.0745954952237,0.0339054921623873,13.6101157407407,0.121726524564638,-0.105926524564638,0.0181666856459657,0.188340022270642,0.000596756500296205,-0.567910123602638,"OLS Mean loss | Full",-0.105926524564638,0.121726524564638,-0.567910123602638,-0.567601094137897,0.0181666856459657,0.000596756500296205
0.512238888888889,8.35254306759512,5.18136494140678,0.01337,-0.01,23.9529887465604,30,15.1964127157186,0.017622931496741,19.2780792824074,0.157584383725394,0.354654505163495,0.0199295062339978,0.187840375373036,0.00736512989056484,1.90313936742898,"OLS Mean loss | Full",0.354654505163495,0.157584383725394,1.90313936742898,1.90716328016543,0.0199295062339978,0.00736512989056484
0.062875,8.23764894232911,5.18136494140678,0.11857,0.04,24.7648013051675,37,10.5289711206099,0.0233107834009687,4.51331018518519,0.158891366581861,-0.0960163665818613,0.0228866683306069,0.188348528269841,0.00062369285900982,-0.516020038993797,"OLS Mean loss | Full",-0.0960163665818611,0.158891366581861,-0.516020038993797,-0.515715954349302,0.0228866683306069,0.00062369285900982
0.0320625,8.79306066261316,5.46494591087406,0.03981,0.08,26.3352715072326,28,16.3690209876418,0.0169383469389131,5.03622685185185,0.142149736011309,-0.110087236011309,0.013902394285405,0.188336343015492,0.000489002710965662,-0.588939637748402,"OLS Mean loss | Full",-0.110087236011309,0.142149736011309,-0.588939637748402,-0.588630664032756,0.013902394285405,0.000489002710965662
0.730704166666667,9.82741109269658,6.09195107385234,0.01896,-0.06,24.6050319797359,42,12.2812877931103,0.0194604574921441,5.046875,0.195163279333851,0.535540887332815,0.0145453789214168,0.187142810255313,0.0121234041918058,2.865946558169,"OLS Mean loss | Full",0.535540887332815,0.195163279333851,2.865946558169,2.88271144144196,0.0145453789214168,0.0121234041918058
0.135005555555556,9.03619998750187,5.37715099008272,0.03851,0.08,26.1670064721697,39,14.9581186969174,0.0116712063567068,13.4560532407407,0.139189430699034,-0.00418387514347818,0.0107872487753173,0.188388716729455,0.000000544598263699612,-0.0223474323814921,"OLS Mean loss | Full",-0.00418387514347794,0.139189430699034,-0.0223474323814921,-0.0223294987894144,0.0107872487753173,0.000000544598263699612
0.00644999999999999,9.96872974353998,6.7509774958723,0.006301,0.02,26.5606346624002,25,12.7313235795489,0.0140212316843837,13.4560300925926,0.146795511742908,-0.140345511742908,0.0117158005261593,0.188303729800263,0.000666795806501933,-0.749982917600896,"OLS Mean loss | Full",-0.140345511742908,0.146795511742908,-0.749982917600896,-0.749719281160314,0.0117158005261593,0.000666795806501933
0.442619444444444,11.1080839101247,8.30773549098596,0.07459,-0.189999999999999,26.1068163666061,28,11.3050985368155,0.0135711085680678,13.1728356481481,0.269570742473885,0.173048701970559,0.0190192645935113,0.1882584902648,0.00167030966119814,0.928179293790425,"OLS Mean loss | Full",0.173048701970559,0.269570742473885,0.928179293790425,0.928075985287113,0.0190192645935113,0.00167030966119814
0.0998194444444445,8.47671367865907,5.34579076229497,0.33447,0.009999999999999,22.9787460802843,23,15.3351123442086,0.0204878870683659,7.49079861111111,0.280542449543309,-0.180723005098865,0.0290107639498361,0.188245209392381,0.00283625158471016,-0.97431637322892,"OLS Mean loss | Full",-0.180723005098865,0.280542449543309,-0.97431637322892,-0.974276660826106,0.0290107639498361,0.00283625158471016
0.0346305555555556,10.2243221497242,7.00631659795603,0.03897,0.06,24.9999937020902,25,14.3582619032146,0.0136549040798699,13.1748263888889,0.174078792185942,-0.139448236630386,0.0050616095548713,0.188305376002461,0.000280614336776147,-0.742691924227719,"OLS Mean loss | Full",-0.139448236630386,0.174078792185941,-0.742691924227719,-0.742424360266095,0.0050616095548713,0.000280614336776147
0.174597222222222,9.54840498010068,6.41447846295398,0.02281,0.028999999999999,23.5953082159176,23,13.9511196921629,0.0246541147910266,13.6141782407407,0.164021152775501,0.0105760694467212,0.00405543255035866,0.188388313013383,0.00000129063362210023,0.0562989739004889,"OLS Mean loss | Full",0.0105760694467214,0.164021152775501,0.0562989739004889,0.0562539150860954,0.00405543255035866,0.00000129063362210023
0.024825,8.99435733277037,6.35691210874217,0.09086,0.03,23.8588173924829,14,14.896641925898,0.0144033563362075,4.09830324074074,0.200188182569028,-0.175363182569028,0.0100605137244927,0.188256191598273,0.000890978528711683,-0.936327683609154,"OLS Mean loss | Full",-0.175363182569028,0.200188182569028,-0.936327683609154,-0.936234899750313,0.0100605137244927,0.000890978528711683
0.735515,8.93880018899847,5.8061881794177,0.09147,0.000000000000000222044604925031,23.5030592539153,23,13.4667677448005,0.0203052510984227,4.09830324074074,0.196312308348997,0.539202691651003,0.00783205299404039,0.187134230732821,0.00652825144272427,2.8757638780245,"OLS Mean loss | Full",0.539202691651003,0.196312308348997,2.8757638780245,2.89271880560249,0.00783205299404039,0.00652825144272427
0.454163888888889,8.23764894232911,5.49939268888769,0.18892,-0.189999999999999,23.1180752163168,12,12.3920647393993,0.0136606517640451,13.1028819444444,0.27215058840498,0.182013300483908,0.0181649297776635,0.188244760460775,0.00176177494765203,0.975837770297785,"OLS Mean loss | Full",0.182013300483909,0.27215058840498,0.975837770297785,0.975800322995547,0.0181649297776635,0.00176177494765203
0.0243722222222222,9.23586726787007,5.6018813652277,0.334929,0.489999999999999,24.1109413158343,38,10.3832171072444,0.0297817461208913,14.3798726851852,0.0890266154773499,-0.0646543932551276,0.0293683678368958,0.188370414697143,0.000367751581531653,-0.348629866260875,"OLS Mean loss | Full",-0.0646543932551274,0.0890266154773497,-0.348629866260875,-0.348383939889275,0.0293683678368958,0.000367751581531653
0.131591666666667,9.06901192943507,5.46223193418292,0.05952,-0.01,23.3276036601756,37,14.8510639064903,0.0310971654368206,14.3800810185185,0.181766269963498,-0.0501746032968316,0.0132692374431023,0.188377905284711,0.0000968286913814477,-0.268335654567548,"OLS Mean loss | Full",-0.0501746032968314,0.181766269963498,-0.268335654567548,-0.268135705922003,0.0132692374431023,0.0000968286913814477
0.239027777777778,9.03931888502479,6.09701335766879,0.28905,-0.31,23.2206326698871,19,10.1367457620446,0.0223254003365304,14.3764236111111,0.341904301320254,-0.102876523542476,0.0279967988736558,0.188342325413737,0.000885101516913366,-0.554339979510204,"OLS Mean loss | Full",-0.102876523542476,0.341904301320254,-0.554339979510204,-0.554031559212613,0.0279967988736558,0.000885101516913366
0.188338888888889,10.1250718882252,6.69228583458765,0.07526,0.26,23.6445550876395,31,13.2929190046994,0.0392303341046633,14.3464930555556,0.101195153851319,0.0871437350375697,0.0101698206980445,0.188356052593845,0.000222459928079771,0.465317722472179,"OLS Mean loss | Full",0.08714373503757,0.101195153851319,0.465317722472179,0.465024938863504,0.0101698206980445,0.000222459928079771
0.142780555555556,11.1080839101247,7.92937076042155,0.334929,-0.31,24.4234886089495,37,11.5798854368707,0.0382854894832126,14.3584606481481,0.392268169324026,-0.24948761376847,0.0417545352916642,0.188111418334208,0.00798795530725897,-1.3539554418163,"OLS Mean loss | Full",-0.24948761376847,0.392268169324026,-1.3539554418163,-1.35486319422136,0.0417545352916642,0.00798795530725897
0.0823611111111111,8.61692758683872,5.32578608479046,0.01482,0.04,23.5773095383655,27,14.5238696880566,0.0265044261375687,14.3475347222222,0.139102129268627,-0.0567410181575154,0.00877456806812619,0.188374932265553,0.0000811451676903492,-0.3027643075486,"OLS Mean loss | Full",-0.0567410181575152,0.139102129268626,-0.3027643075486,-0.302543479410147,0.00877456806812619,0.0000811451676903492
0.328933333333333,8.85095700786229,5.21865690192874,0.06638,-0.099999999999999,25.017013884239,38,11.1165857587968,0.0160812271813925,14.3438078703704,0.187600857350096,0.141332475983237,0.0134501611181961,0.188302377248032,0.000779042049496376,0.755920671011634,"OLS Mean loss | Full",0.141332475983237,0.187600857350096,0.755920671011634,0.755660375086808,0.0134501611181961,0.000779042049496376
0.0328194444444444,8.99120440605342,6.50766631995189,0.03976,0.059999999999999,25.6336715007404,12,14.5546826242654,0.0116712063567068,13.9353125,0.149083374720457,-0.116263930276013,0.014353819788427,0.188330264601433,0.000563641473335761,-0.622125850725163,"OLS Mean loss | Full",-0.116263930276013,0.149083374720457,-0.622125850725163,-0.621819535380249,0.014353819788427,0.000563641473335761
0.216588888888889,8.84012606729903,5.31853270984749,0.09403,-0.15,23.285571196393,34,12.4816767970669,0.0296683657581499,14.3271180555556,0.222821257264308,-0.00623236837541932,0.0121181781717739,0.188388624462838,0.00000136119741045383,-0.0333115151964914,"OLS Mean loss | Full",-0.00623236837541919,0.222821257264308,-0.0333115151964914,-0.033284799338876,0.0121181781717739,0.00000136119741045383
0.0121861111111111,10.2361134123968,6.65384850454502,0.03268,0.169999999999999,26.2883730411647,36,11.5587567001432,0.0300382916477498,14.3279282407407,0.0942393127585094,-0.0820532016473983,0.0136984505616039,0.1883596623045,0.00026756580964895,-0.438919062551542,"OLS Mean loss | Full",-0.082053201647398,0.0942393127585092,-0.438919062551542,-0.438634483183004,0.0136984505616039,0.00026756580964895
0.0112444444444444,10.4094305957217,6.42204305634782,0.00659,0.09,25.637619279318,46,11.338827283353,0.0188230419630962,19.2780792824074,0.124889666202639,-0.113645221758194,0.0192096003990292,0.188332594931783,0.000727873348150604,-0.609616687096169,"OLS Mean loss | Full",-0.113645221758194,0.124889666202638,-0.609616687096169,-0.609308991504522,0.0192096003990292,0.000727873348150604
0.310369444444444,8.60676063925498,5.4329038911531,0.334929,0.62,23.4939637523151,24,13.6798723085547,0.0196539236571651,13.9184837962963,0.0653814758786247,0.24498796856582,0.0299875532075288,0.188124587008673,0.00539838021129521,1.32144737380454,"OLS Mean loss | Full",0.24498796856582,0.0653814758786244,1.32144737380454,1.32224076833851,0.0299875532075288,0.00539838021129521
0.6828375,9.79854117838764,6.80386346708406,0.08064,0.159999999999999,25.2456952975509,20,15.2484788072752,0.0224787622689265,4.09830324074074,0.150945806512384,0.531891693487616,0.00988579713100821,0.187165591016634,0.00805146793158715,2.83971223069715,"OLS Mean loss | Full",0.531891693487616,0.150945806512384,2.83971223069715,2.85597599550163,0.00988579713100821,0.00805146793158715
0.023325,8.23764894232911,5.18136494140678,0.07735,0.06,24.462315533189,27,15.0771924822065,0.0231915148063744,4.09830324074074,0.159049723311878,-0.135724723311878,0.0129107524139605,0.188309143685573,0.000688880955760996,-0.725729076483407,"OLS Mean loss | Full",-0.135724723311878,0.159049723311878,-0.725729076483407,-0.725453108465521,0.0129107524139605,0.000688880955760996
0.13678,8.23764894232911,5.18136494140678,0.057,0.03,23.4042283542881,9,11.3448690456393,0.0156606299479686,4.09830324074074,0.14460740105945,-0.00782740105945018,0.0250449439647471,0.188388524088806,0.00000455589372059546,-0.0421132790385319,"OLS Mean loss | Full",-0.00782740105944992,0.14460740105945,-0.0421132790385319,-0.0420795265804889,0.0250449439647471,0.00000455589372059546
0.3884375,8.23764894232911,5.18136494140678,0.02116,-0.03,21.6127186706177,21,12.1903106901694,0.035172545117733,4.09830324074074,0.162526797976373,0.225910702023627,0.0132074141803723,0.18816797809376,0.00195356196138041,1.2081410344791,"OLS Mean loss | Full",0.225910702023627,0.162526797976373,1.2081410344791,1.20858763840203,0.0132074141803723,0.00195356196138041
0.176415,9.22524089937432,5.89569292431057,0.01554,0.099999999999999,21.7510522699201,28,16.3231609562768,0.0298696629436872,4.09830324074074,0.165446073821719,0.0109689261782815,0.0224151524401109,0.188388267068537,0.00000796431703114153,0.0589359993500702,"OLS Mean loss | Full",0.0109689261782817,0.165446073821718,0.0589359993500702,0.0588888443576389,0.0224151524401109,0.00000796431703114153
0.0561555555555556,8.2489935629813,5.61333024836476,0.03502,0.13,23.2929753608726,14,13.9628451973294,0.0174175903912886,7.15862268518519,0.126514271215319,-0.070358715659763,0.008423747762947,0.188367488352612,0.000119695125510674,-0.375360538731096,"OLS Mean loss | Full",-0.0703587156597627,0.126514271215318,-0.375360538731096,-0.375101583546836,0.008423747762947,0.000119695125510674
0.110327777777778,8.23764894232911,7.42555369354114,0.085,0.09,20.1007726202039,3,12.9504352781623,0.0521584717253257,7.15934027777778,0.172198944098181,-0.0618711663204037,0.0358246723071937,0.188371850237322,0.000416326775000648,-0.334737266222979,"OLS Mean loss | Full",-0.0618711663204035,0.172198944098181,-0.334737266222979,-0.334498590646419,0.0358246723071937,0.000416326775000648
0.0488666666666667,8.82234186551496,5.78076314596415,0.006301,0.039999999999999,21.526031187913,21,11.374999669179,0.0303609513592473,7.15938657407407,0.144756147226471,-0.0958894805598046,0.0098479036243959,0.1883491634978,0.000260657026981574,-0.511933770614362,"OLS Mean loss | Full",-0.0958894805598043,0.144756147226471,-0.511933770614362,-0.511630368425923,0.0098479036243959,0.000260657026981574
0.0335555555555556,9.19886993644009,6.31021631370852,0.00832,0.03,23.6740898172161,18,15.3097873690661,0.0178982747025569,7.7978587962963,0.170844605992918,-0.137289050437362,0.00642181251967002,0.188307829041214,0.00034602929337419,-0.731692571726537,"OLS Mean loss | Full",-0.137289050437362,0.170844605992917,-0.731692571726537,-0.731419442276508,0.00642181251967002,0.00034602929337419
0.515155555555556,8.23764894232911,5.18136494140678,0.02302,0.15,25.1272525738144,23,15.7648440236363,0.0143781726787506,7.8616087962963,0.110210198306536,0.404945357249019,0.0122424583019622,0.187679074134311,0.00580695300480961,2.16453701069895,"OLS Mean loss | Full",0.404945357249019,0.110210198306536,2.16453701069895,2.1709778609096,0.0122424583019622,0.00580695300480961
0.0255888888888889,11.1080839101247,7.71467422360972,0.16882,0.29,25.7715342958615,30,11.3287558205615,0.0443218250860475,9.17795138888889,0.115322728117218,-0.0897338392283288,0.026605264002779,0.188353491095366,0.000638101290514048,-0.483176186446914,"OLS Mean loss | Full",-0.0897338392283286,0.115322728117218,-0.483176186446914,-0.482878732856056,0.026605264002779,0.000638101290514048
0.0793138888888889,9.98521606905049,6.61920953850406,0.18855,0.03,23.852292653252,29,14.3993028804301,0.0340846199305691,8.89700231481481,0.227221445235276,-0.147907556346387,0.00907994826940621,0.188294565253516,0.000570918877252937,-0.789341292958183,"OLS Mean loss | Full",-0.147907556346387,0.227221445235276,-0.789341292958183,-0.789102225918053,0.00907994826940621,0.000570918877252937
0.0451611111111111,8.52145178173476,5.48090443471771,0.017,0.06,24.0938818723793,21,12.5050827238745,0.0156814863436511,8.8958912037037,0.131169187287514,-0.0860080761764029,0.00691791555707376,0.188357004873061,0.000146443792533319,-0.458501149749692,"OLS Mean loss | Full",-0.0860080761764026,0.131169187287514,-0.458501149749692,-0.458210338619736,0.00691791555707376,0.000146443792533319
0.0258472222222222,8.65042240451413,5.18136494140678,0.02389,0.099999999999999,23.2236588728149,36,12.1972059122936,0.0334859850524227,9.17681712962963,0.115426617773163,-0.0895793955509406,0.0115597410965425,0.188354148054516,0.000267948326704613,-0.478659501176669,"OLS Mean loss | Full",-0.0895793955509403,0.115426617773163,-0.478659501176669,-0.478363159668405,0.0115597410965425,0.000267948326704613
0.4877,9.05873781407703,6.42119214825681,0.05934,-0.099999999999999,21.8275433327486,14,11.8913975712871,0.0228159786477964,7.20174768518519,0.223428105414734,0.264271894585266,0.00706978034840327,0.188088423904065,0.00141337680038453,1.40891691462504,"OLS Mean loss | Full",0.264271894585266,0.223428105414734,1.40891691462504,1.41003387588459,0.00706978034840327,0.00141337680038453
0.0903388888888889,8.59631455090193,5.76605341372026,0.02942,0.03,23.7188250575871,17,13.385799133035,0.015058952693638,9.76149305555556,0.155754207266242,-0.065415318377353,0.00600886542706443,0.188370421688103,0.0000734469749143394,-0.348563552420804,"OLS Mean loss | Full",-0.0654153183773528,0.155754207266242,-0.348563552420804,-0.348317659900475,0.00600886542706443,0.0000734469749143394
0.0475777777777778,8.72551529402596,5.32901614207403,0.03137,0.25,23.2849350125126,30,10.668514352549,0.0240403044770526,10.1630208333333,0.0666189390047398,-0.019041161226962,0.0100244937198018,0.188387229490004,0.0000104661739366874,-0.101665821600591,"OLS Mean loss | Full",-0.0190411612269616,0.0666189390047394,-0.101665821600591,-0.101585037756196,0.0100244937198018,0.0000104661739366874
0.0617333333333333,8.43569310000808,6.03996530316916,0.1971,0.079999999999999,21.1265385516889,11,12.7620946043131,0.0224463316561198,10.161099537037,0.210992728972639,-0.149259395639306,0.01282131353221,0.18829247074897,0.000827202571730736,-0.798063710068406,"OLS Mean loss | Full",-0.149259395639306,0.210992728972639,-0.798063710068406,-0.797830875992083,0.01282131353221,0.000827202571730736
0.1157,8.23764894232911,6.66440738514499,0.006301,0.02,22.1809941689682,3,11.056607040266,0.0156362253991573,9.82228009259259,0.156175642118519,-0.0404756421185186,0.0140693345712671,0.188381701786507,0.0000669199858930602,-0.216553062063096,"OLS Mean loss | Full",-0.0404756421185184,0.156175642118518,-0.216553062063096,-0.216387337900564,0.0140693345712671,0.0000669199858930602
0.658958333333333,9.5496028968342,6.77808204735922,0.067,-0.09,21.1100980834081,16,10.5545208940051,0.0279655561115275,9.77271990740741,0.223847375192426,0.435110958140907,0.0103129882676451,0.187570759539438,0.00562569732385491,2.32351165202199,"OLS Mean loss | Full",0.435110958140908,0.223847375192426,2.32351165202199,2.33177127847352,0.0103129882676451,0.00562569732385491
0.0656444444444444,8.41921371121737,6.62855657435045,0.01855,0.19,23.5327975011005,6,9.95297928460819,0.0334649042603011,8.09940972222222,0.0739998346104066,-0.00835539016596212,0.0219371520583665,0.188388487664201,0.00000451822369022154,-0.0448825085801703,"OLS Mean loss | Full",-0.0083553901659619,0.0739998346104063,-0.0448825085801703,-0.0448465453434463,0.0219371520583665,0.00000451822369022154
0.107722222222222,8.79790849499208,5.43483310898121,0.013,0.01,21.128566344842,29,11.8245634662059,0.0209415534428196,9.97748842592593,0.168421778577607,-0.0606995563553847,0.020421028652453,0.188372742252069,0.000221287702412818,-0.325806361057992,"OLS Mean loss | Full",-0.0606995563553845,0.168421778577607,-0.325806361057992,-0.325572511713939,0.020421028652453,0.000221287702412818
0.0658944444444444,9.21221311849124,5.95660879483696,0.21466,0.49,23.4849469766532,26,12.0552746593493,0.0417773542510996,9.97612268518519,0.0522667761403168,0.0136276683041276,0.0175247324276256,0.188387985658241,0.00000951565723441603,0.0730389481584088,"OLS Mean loss | Full",0.0136276683041279,0.0522667761403166,0.0730389481584088,0.0729806183418635,0.0175247324276256,0.00000951565723441603
0.0301388888888889,9.52103883074058,6.43153435727516,0.05373,0.13,23.8688044817551,22,13.4763707986659,0.014743201522072,13.9447569444444,0.145370997263775,-0.115232108374886,0.00451716913056802,0.188331867187473,0.000170817891904324,-0.613550607132437,"OLS Mean loss | Full",-0.115232108374886,0.145370997263774,-0.613550607132437,-0.613243295609599,0.00451716913056802,0.000170817891904324
0.0491805555555556,9.34657090547789,7.40118420426157,0.334929,-0.31,23.2237998067205,7,13.1320478511384,0.0122471091881864,13.9359143518519,0.400163759639925,-0.35098320408437,0.035789231207642,0.187842839560051,0.013383466647558,-1.89886510920948,"OLS Mean loss | Full",-0.35098320408437,0.400163759639925,-1.89886510920948,-1.90285502201106,0.035789231207642,0.013383466647558
0.0644444444444444,8.67282627274326,5.73146369998922,0.13798,-0.31,22.0293992994964,19,11.7138391127353,0.0326044757007529,14.2986458333333,0.290877203914662,-0.226432759470217,0.0156679514876313,0.188166400899759,0.00233988775179283,-1.21244547117831,"OLS Mean loss | Full",-0.226432759470217,0.290877203914662,-1.21244547117831,-1.21290383265484,0.0156679514876313,0.00233988775179283
0.406652777777778,9.34890763413547,6.21532691661917,0.01994,-0.04,22.1808534661789,23,10.3227111766915,0.026197009279748,13.9308449074074,0.172127233478093,0.234525544299685,0.0100771341422503,0.188151558176993,0.00159625463442658,1.25222751922514,"OLS Mean loss | Full",0.234525544299685,0.172127233478093,1.25222751922514,1.25279974207836,0.0100771341422503,0.00159625463442658
0.0779916666666667,8.38466119659875,7.28650548989902,0.07318,0.02,21.173713897267,3,13.18575120675,0.0265155575203839,12.4440046296296,0.199378998851515,-0.121387332184849,0.0217037950338008,0.18832451236269,0.000943038044219192,-0.651976513888125,"OLS Mean loss | Full",-0.121387332184848,0.199378998851515,-0.651976513888125,-0.651675405364041,0.0217037950338008,0.000943038044219192
0.442325,8.59637237823986,6.20032314918075,0.0064,-0.01,20.5581874166271,11,9.98575007152754,0.0316081355723516,13.4382291666667,0.154541742761109,0.287783257238891,0.0113953863489461,0.18803098790623,0.00272522506132307,1.53761630788995,"OLS Mean loss | Full",0.287783257238891,0.154541742761109,1.53761630788995,1.5393053525227,0.0113953863489461,0.00272522506132307
0.0396194444444444,8.98788040184211,5.77199804204058,0.07475,0.2,25.0488254481267,25,13.7130226147391,0.0173043855097061,13.0782523148148,0.107951992633557,-0.0683325481891129,0.00520288419384472,0.188368762817946,0.0000692815978596274,-0.363960394162903,"OLS Mean loss | Full",-0.0683325481891127,0.107951992633557,-0.363960394162903,-0.363706842970265,0.00520288419384472,0.0000692815978596274
0.0334111111111111,10.4534295761303,6.71694207455631,0.10738,-0.099999999999999,24.9668335483423,42,11.1089576353809,0.0287584277431807,13.4282291666667,0.225935580918141,-0.19252446980703,0.0133685470610069,0.188228421042254,0.00143659287136292,-1.02967988085305,"OLS Mean loss | Full",-0.19252446980703,0.225935580918141,-1.02967988085305,-1.02972974668787,0.0133685470610069,0.00143659287136292
0.0622222222222222,9.35695475604491,5.95825876143444,0.04895,0.16,22.5322720886012,30,9.57206144277448,0.0324961922726935,13.0801041666667,0.105223230328236,-0.0430010081060134,0.0124060241969131,0.188380802865977,0.00006637745122679,-0.229870473420097,"OLS Mean loss | Full",-0.0430010081060131,0.105223230328235,-0.229870473420097,-0.229695653744842,0.0124060241969131,0.00006637745122679
0.232775,8.47276296024087,5.18234761776787,0.24733,-0.02,25.0412286936032,27,13.5699334557074,0.0391857603955783,13.4333449074074,0.208275412414725,0.024499587585275,0.027176505010077,0.188386159478454,0.0000486441465530519,0.131957937043743,"OLS Mean loss | Full",0.0244995875852751,0.208275412414725,0.131957937043743,0.131853831940252,0.027176505010077,0.0000486441465530519
0.0138888888888889,9.16725429614872,5.58738279484675,0.04254,0.16,25.8266238530798,36,10.9166582859449,0.0180744004418911,13.0513773148148,0.0916511468815337,-0.0777622579926448,0.0103234977582861,0.188362718752595,0.000179872849047099,-0.415256082361082,"OLS Mean loss | Full",-0.0777622579926445,0.0916511468815334,-0.415256082361082,-0.414980111478751,0.0103234977582861,0.000179872849047099
0.144097222222222,9.52043867277671,6.2265067658247,0.09393,0.06,24.5395992971425,27,16.1387373371265,0.0193910210863522,13.4108217592593,0.187154506861934,-0.0430572846397115,0.00589845389616855,0.188380834378031,0.0000312289588235654,-0.229416702164856,"OLS Mean loss | Full",-0.0430572846397113,0.187154506861933,-0.229416702164856,-0.229242189241635,0.00589845389616855,0.0000312289588235654
0.0460194444444444,8.92575782330052,6.729596046618,0.0321,0.399999999999999,24.4449351163237,9,12.5976136348043,0.0186256877039615,13.0581365740741,0.0313260801822589,0.0146933642621856,0.0149578304085313,0.18838785701839,0.0000093926683455437,0.0786479854789653,"OLS Mean loss | Full",0.014693364262186,0.0313260801822585,0.0786479854789653,0.0785852298766918,0.0149578304085313,0.0000093926683455437
0.0165000277777778,9.6126314555938,6.00411827901364,0.08193,-0.31,25.5995820488253,37,11.7170362365795,0.0203060144172735,13.4054976851852,0.272239578174659,-0.255739550396881,0.0147465645256378,0.188105327360477,0.00280400170015269,-1.368729688711,"OLS Mean loss | Full",-0.255739550396881,0.272239578174659,-1.368729688711,-1.36969169651164,0.0147465645256378,0.00280400170015269
0.0169944444444444,8.98821332447188,6.04601953700368,0.04803,0.04,22.7955449810356,19,13.7075334843245,0.0257600936008093,13.0498032407407,0.163484894487341,-0.146490450042897,0.00452460416907458,0.188296785693203,0.000276519456813185,-0.779987813089422,"OLS Mean loss | Full",-0.146490450042897,0.163484894487341,-0.779987813089422,-0.779742383915983,0.00452460416907458,0.000276519456813185
0.148838888888889,9.05830685938454,5.80311659219154,0.27103,0.319999999999999,25.8126584549143,26,14.1737568777561,0.015423599130713,13.9689930555556,0.136069916361011,0.0127689725278778,0.0156049463642902,0.188388085484035,0.00000741007968300151,0.0683699103313085,"OLS Mean loss | Full",0.012768972527878,0.136069916361011,0.0683699103313085,0.068315273066806,0.0156049463642902,0.00000741007968300151
0.215491666666667,8.59601199011095,5.18136494140678,0.08404,-0.209999999999999,23.2344436776045,31,9.62670878538929,0.0160455757481813,14.3844560185185,0.230875536355595,-0.0153838696889287,0.0183770631252511,0.188387763481707,0.0000127381229081241,-0.0824872856416004,"OLS Mean loss | Full",-0.0153838696889285,0.230875536355595,-0.0824872856416004,-0.0824215074690075,0.0183770631252511,0.0000127381229081241
0.319586111111111,8.55732212067024,7.86436705476974,0.04,-0.3,22.3229777163473,3,12.7862087570044,0.0186958549651866,14.3806134259259,0.295890902707947,0.0236952084031642,0.0441320745677348,0.188386285835957,0.0000765362481798959,0.128752407169683,"OLS Mean loss | Full",0.0236952084031643,0.295890902707947,0.128752407169683,0.128650744702644,0.0441320745677348,0.0000765362481798959
0.0832805555555556,8.95200461472615,6.75581532008001,0.015,-0.31,22.1462655707693,9,14.7355093145462,0.0521584717253257,14.3710069444444,0.256992076414306,-0.17371152085875,0.0272221681770954,0.188256382236701,0.00244985378971356,-0.935654604486457,"OLS Mean loss | Full",-0.17371152085875,0.256992076414306,-0.935654604486457,-0.93556093992555,0.0272221681770954,0.00244985378971356
0.0156555555555556,9.18188476048789,5.92635708097241,0.04206,0.09,23.4856602572466,26,10.265629469751,0.0244903873664301,14.3740162037037,0.123249363674854,-0.107593808119298,0.00847508936233009,0.188338966593247,0.000281643104581106,-0.574022919579888,"OLS Mean loss | Full",-0.107593808119298,0.123249363674853,-0.574022919579888,-0.573713779586512,0.00847508936233009,0.000281643104581106
0.0156444444444444,10.1289699100297,6.32406176900032,0.0166,0.02,26.8640512231621,45,12.9695974334232,0.0158363026481417,14.0089699074074,0.153905682798505,-0.138261238354061,0.0123722475053053,0.188306183233071,0.000684306164126326,-0.739090412967485,"OLS Mean loss | Full",-0.138261238354061,0.153905682798505,-0.739090412967485,-0.738820979304852,0.0123722475053053,0.000684306164126326
0.0348027777777778,11.1080839101247,8.16728499569995,0.32144,0.03,24.4200843569919,19,14.5598099860604,0.0116712063567068,14.3881597222222,0.309407122026402,-0.274604344248624,0.027657895579297,0.188057583175609,0.00622562982285705,-1.47942048056441,"OLS Mean loss | Full",-0.274604344248624,0.309407122026402,-1.47942048056441,-1.4808361473227,0.027657895579297,0.00622562982285705
0.0123611111111111,9.30559825377663,7.00383105082789,0.0371,0.01,22.4721096062778,10,11.0383533206953,0.0175771191027351,14.3735300925926,0.175602395605724,-0.163241284494613,0.00722382297242696,0.18827422371929,0.000551203473152139,-0.870358347599424,"OLS Mean loss | Full",-0.163241284494613,0.175602395605724,-0.870358347599424,-0.870188749826649,0.00722382297242696,0.000551203473152139
0.119052777777778,11.1080839101247,7.97517678384573,0.06826,0.07,22.1747683944838,34,14.0528986861359,0.0369581514046998,11.9113541666667,0.210461741689489,-0.0914089639117114,0.0225817963370318,0.188352311487281,0.000557394592222348,-0.491181887796015,"OLS Mean loss | Full",-0.0914089639117112,0.210461741689489,-0.491181887796015,-0.490882579991974,0.0225817963370318,0.000557394592222348
0.407619444444444,8.35908564637959,6.75058432892712,0.06689,-0.09,23.4445594489049,5,14.0368296395962,0.0146970305756015,12.2893171296296,0.220425824295006,0.187193620149438,0.0180791744861485,0.188236455096305,0.0018543652441068,1.0035674730539,"OLS Mean loss | Full",0.187193620149439,0.220425824295006,1.0035674730539,1.00357323931911,0.0180791744861485,0.0018543652441068
0.412191666666667,11.1080839101247,8.64901914451803,0.16008,-0.04,23.2831261189383,35,9.34604540054155,0.013783497594457,13.8426273148148,0.275361572767706,0.136830093898961,0.0438981986225021,0.188305216538666,0.00253740163007849,0.743401316558927,"OLS Mean loss | Full",0.136830093898961,0.275361572767705,0.743401316558927,0.743134126342755,0.0438981986225021,0.00253740163007849
0.317519444444444,11.1080839101247,8.64901914451803,0.07826,0.03,21.9937797251052,16,15.1456092381387,0.0461085135634058,14.1730208333333,0.22319275762643,0.0943266868180146,0.0190077442214776,0.188350086730778,0.000495970813466743,0.50593597334129,"OLS Mean loss | Full",0.0943266868180147,0.22319275762643,0.50593597334129,0.505633647332256,0.0190077442214776,0.000495970813466743
0.0897194444444444,8.62804046198721,6.6832038270408,0.05761,0.06,20.1007726202039,7,13.1757682791789,0.0456713542916439,14.1835763888889,0.163522232252089,-0.0738027878076446,0.0138892121915504,0.188365221587753,0.000219563055255465,-0.394824124691035,"OLS Mean loss | Full",-0.0738027878076445,0.163522232252089,-0.394824124691035,-0.394556489881729,0.0138892121915504,0.000219563055255465
0.0733805555555556,9.18176240868681,6.29313840596936,0.22725,0.34,22.1081199588395,18,10.1767804962314,0.0381275653205798,19.2780792824074,0.102144735076283,-0.028764179520727,0.0235717438592286,0.188385176537528,0.0000577301326354345,-0.154641335042193,"OLS Mean loss | Full",-0.0287641795207269,0.102144735076282,-0.154641335042193,-0.154520140645093,0.0235717438592286,0.0000577301326354345
0.285672222222222,8.64358542102781,5.60258186126143,0.01739,0.25,23.7646926271827,21,10.9537893603555,0.027055265187723,14.4509837962963,0.0503050491302122,0.23536717309201,0.0121882808117473,0.188149340352975,0.00195287040456947,1.25806353131404,"OLS Mean loss | Full",0.23536717309201,0.0503050491302118,1.25806353131404,1.25865325730631,0.0121882808117473,0.00195287040456947
0.113716666666667,10.1662127036454,6.53004809648054,0.06681,0.2,26.6648420631273,38,15.1994638522954,0.0135278455850969,14.0967476851852,0.127882026605514,-0.0141653599388474,0.00758861619651687,0.188387929479255,0.00000436336838493411,-0.075539745057167,"OLS Mean loss | Full",-0.0141653599388471,0.127882026605514,-0.075539745057167,-0.0754794405816194,0.00758861619651687,0.00000436336838493411
0.0410444444444444,11.1080839101247,8.64901914451803,0.01846,0.029999999999999,23.8760248201063,25,15.3151810903029,0.0232194779208502,14.3015393518519,0.214002416045924,-0.172957971601479,0.0177158426186906,0.188258799692121,0.00155008758950853,-0.927076948620811,"OLS Mean loss | Full",-0.172957971601479,0.214002416045924,-0.927076948620811,-0.926972239211593,0.0177158426186906,0.00155008758950853
0.00487236111111111,11.1080839101247,8.64783924893777,0.03531,0.1,26.8640512231621,46,14.6289431643984,0.0216071920550758,15.1998263888889,0.182375346337673,-0.177502985226562,0.0636140823165064,0.188245161763015,0.00645122783698851,-0.974477898546419,"OLS Mean loss | Full",-0.177502985226562,0.182375346337673,-0.974477898546419,-0.974438426110104,0.0636140823165064,0.00645122783698851
0.0924166666666667,8.23764894232911,5.77324221952465,0.05874,0.099999999999999,21.4106780118088,11,12.7801891597876,0.0203895071121985,15.1607523148148,0.145066973262599,-0.0526503065959323,0.0115338582036518,0.188376825428258,0.0000923507356798369,-0.281328528558266,"OLS Mean loss | Full",-0.0526503065959321,0.145066973262599,-0.281328528558266,-0.281120509847048,0.0115338582036518,0.0000923507356798369
0.514855555555556,11.0791291264623,7.64560474622703,0.02256,-0.05,23.9564008036879,31,10.5956604586448,0.0222790852987618,15.1567476851852,0.20095113842643,0.313904417129126,0.0159961509691454,0.187961016673779,0.00459414070244485,1.68109709415654,"OLS Mean loss | Full",0.313904417129126,0.200951138426429,1.68109709415654,1.68357025030435,0.0159961509691454,0.00459414070244485
0.019775,8.46590715489709,5.18136494140678,0.03692,0.62,25.8722428189569,46,16.0765825190134,0.0226629301334103,15.1614930555556,-0.0406579435001392,0.0604329435001392,0.0496731119370531,0.1883723932157,0.000566905105732539,0.329329783342578,"OLS Mean loss | Full",0.0604329435001396,-0.0406579435001396,0.329329783342578,0.329094014821605,0.0496731119370531,0.000566905105732539
0.023146875,9.47979070172276,5.92703619140674,0.08147,0.059999999999999,24.3316464793872,35,11.5347070739662,0.0241033811180339,6.95012731481481,0.161216976323585,-0.138070101323584,0.00672350565414715,0.188306880127308,0.000366642059333075,-0.735966986722742,"OLS Mean loss | Full",-0.138070101323584,0.161216976323584,-0.735966986722742,-0.735695968992264,0.00672350565414715,0.000366642059333075
0.0131305555555556,9.10535957976984,5.18136494140678,0.02822,0.049999999999999,24.7376907811969,46,13.8161441191268,0.0337440379468793,13.9753356481481,0.132337321350443,-0.119206765794888,0.0166608906843076,0.188327119368735,0.000691004601138536,-0.638620739389177,"OLS Mean loss | Full",-0.119206765794887,0.132337321350443,-0.638620739389177,-0.638316962766868,0.0166608906843076,0.000691004601138536
0.491152777777778,9.40731696546502,5.82666813878644,0.04948,0.08,25.7596725761181,36,14.8555946291573,0.0139830575804959,13.5641319444444,0.150859379511949,0.340293398265828,0.00678522119356599,0.18789063893811,0.00224787547742624,1.81395164747609,"OLS Mean loss | Full",0.340293398265829,0.150859379511949,1.81395164747609,1.81730070039432,0.00678522119356599,0.00224787547742624
0.264658333333333,10.1674857978296,7.17248283440713,0.1639,-0.27,24.4116460182031,20,13.9272860162098,0.0176702746015391,13.9604050925926,0.323224995216739,-0.0585666618834055,0.0132254477468272,0.188373959385575,0.000131480995235909,-0.313209747862996,"OLS Mean loss | Full",-0.0585666618834054,0.323224995216739,-0.313209747862996,-0.312982917531055,0.0132254477468272,0.000131480995235909
0.167511111111111,8.4540047257968,6.25848306180679,0.006301,0,21.3200727601423,9,13.0019653631698,0.0521584717253257,12.9372106481481,0.141645973935921,0.0258651371751904,0.0195974822158242,0.188385880494163,0.0000384953748992966,0.138773437512924,"OLS Mean loss | Full",0.0258651371751906,0.141645973935921,0.138773437512924,0.138664160831146,0.0195974822158242,0.0000384953748992966
0.0856638888888889,8.69167723935252,5.60415611788022,0.11411,0.1,23.1700369951327,22,11.7529447999682,0.0320024487695355,13.950474537037,0.139707351723924,-0.0540434628350351,0.00835684212346905,0.188376224127663,0.0000700495313021717,-0.288309682565358,"OLS Mean loss | Full",-0.0540434628350349,0.139707351723924,-0.288309682565358,-0.288097421489425,0.00835684212346905,0.0000700495313021717
0.114041666666667,9.73313265321416,8.64901914451803,0.006301,-0.168,22.3177178321367,3,9.50402857148218,0.0181591436686364,11.9565856481481,0.243261184754387,-0.12921951808772,0.0237327918991011,0.188315796712318,0.00117342462919048,-0.694764365181624,"OLS Mean loss | Full",-0.12921951808772,0.243261184754386,-0.694764365181624,-0.694475635839287,0.0237327918991011,0.00117342462919048
0.0586166666666667,8.23764894232911,5.18136494140678,0.0124,0.029999999999999,20.6157875691336,12,9.39121842710527,0.0374711228016313,14.0705671296296,0.115097888128486,-0.0564812214618196,0.0272276023706391,0.188374798374619,0.000259049417559897,-0.304223129678102,"OLS Mean loss | Full",-0.0564812214618194,0.115097888128486,-0.304223129678102,-0.304001453588648,0.0272276023706391,0.000259049417559897
0.0952305555555555,8.97011847438017,5.39104002179822,0.03777,0.01,23.1659923851602,36,12.1099031846496,0.0276950416315547,13.4662152777778,0.155650305282046,-0.0604197497264905,0.0108229236296031,0.18837304419729,0.000113957231430003,-0.322727273896998,"OLS Mean loss | Full",-0.0604197497264903,0.155650305282046,-0.322727273896998,-0.322495117653239,0.0108229236296031,0.000113957231430003
0.0155833333333333,8.46621506651546,5.18136494140678,0.03909,0.209999999999999,24.5651240701944,32,10.0594807515689,0.0189937336208781,14.4270717592593,0.0662455520561515,-0.0506622187228181,0.0146940647956884,0.188377676591982,0.000109636636169391,-0.27113927174243,"OLS Mean loss | Full",-0.0506622187228178,0.0662455520561512,-0.27113927174243,-0.270937562919978,0.0146940647956884,0.000109636636169391
0.0154777777777778,8.67032496662215,5.18136494140678,0.08531,0.15,24.3135405150291,42,10.685618860514,0.0234667303796519,12.425474537037,0.113271529143114,-0.097793751365336,0.0175627399228754,0.188347250004951,0.000491125370968641,-0.524146225244322,"OLS Mean loss | Full",-0.0977937513653358,0.113271529143114,-0.524146225244322,-0.523840907083094,0.0175627399228754,0.000491125370968641
0.0658694444444444,9.44809199460363,6.88408826807674,0.15131,0.62,23.1736828919125,13,15.2367928255025,0.0521584717253257,13.4407060185185,0.00297431370461894,0.0628951307398255,0.033105582680705,0.188371334028795,0.000395334501373257,0.339798351029885,"OLS Mean loss | Full",0.0628951307398258,0.00297431370461866,0.339798351029885,0.339556997292062,0.033105582680705,0.000395334501373257
0.0111527777777778,9.32986050999625,5.80642394868611,0.03105,0.47,25.3204164570046,34,10.5159337069266,0.0220603892103652,14.401099537037,-0.0131944201554154,0.0243471979331932,0.0159501123553292,0.188386221791986,0.0000275559269967389,0.130386971319777,"OLS Mean loss | Full",0.0243471979331936,-0.0131944201554158,0.130386971319777,0.130284062497878,0.0159501123553292,0.0000275559269967389
0.423463888888889,8.65998864820443,5.82954564361396,0.02109,0.04,23.5565667183129,17,16.4433774877375,0.0217724261892025,12.4082986111111,0.160415605111746,0.263048283777143,0.00938581459850417,0.188090504830282,0.00186776128593366,1.40403188453938,"OLS Mean loss | Full",0.263048283777143,0.160415605111746,1.40403188453938,1.40512942732073,0.00938581459850417,0.00186776128593366
0.0296388888888889,9.02045525201761,5.69151002346372,0.05086,0.37,25.0974739979411,28,14.2413467903181,0.0299224091163548,14.4043402777778,0.0343551895068756,-0.00471630061798671,0.0117738723272149,0.188388696193118,0.000000756827937169997,-0.0252038613855611,"OLS Mean loss | Full",-0.00471630061798641,0.0343551895068753,-0.0252038613855611,-0.0251836382829153,0.0117738723272149,0.000000756827937169997
0.170908333333333,8.33812405831352,5.70217177198035,0.03622,-0.089999999999999,20.2811672272126,14,15.4751640293964,0.039624162395976,14.3662615740741,0.207988724879639,-0.0370803915463062,0.0194316516560415,0.188382808917678,0.0000784205955695177,-0.198929478999025,"OLS Mean loss | Full",-0.0370803915463061,0.207988724879639,-0.198929478999025,-0.198776073628007,0.0194316516560415,0.0000784205955695177
0.0869027777777778,11.1080839101247,8.64901914451803,0.01661,0.01,24.4047217563472,18,12.1858305383435,0.0521584717253257,14.3570949074074,0.165807120101893,-0.0789043423241155,0.0319457058973767,0.188361347550105,0.000598966322502085,-0.426034545248991,"OLS Mean loss | Full",-0.0789043423241153,0.165807120101893,-0.426034545248991,-0.425754510532223,0.0319457058973767,0.000598966322502085
0.162658333333333,8.71594359888683,6.07901536277083,0.0162,0,21.7250876562313,14,13.711615757744,0.0436432353813308,13.9634606481481,0.153519641256531,0.00913869207680229,0.0126665945730294,0.188388431302157,0.00000306258276718963,0.048859148929746,"OLS Mean loss | Full",0.00913869207680248,0.153519641256531,0.048859148929746,0.0488200139160784,0.0126665945730294,0.00000306258276718963
0.0536388888888889,8.23764894232911,5.99757179236252,0.007,0.019999999999999,21.0463563405468,9,10.7929999068539,0.0454824975643081,14.3553356481481,0.125145420625689,-0.0715065317368005,0.017457689622744,0.188366585215361,0.000260953551693048,-0.383233841616868,"OLS Mean loss | Full",-0.0715065317368003,0.125145420625689,-0.383233841616868,-0.382971290942696,0.017457689622744,0.000260953551693048
0.0824361111111111,8.23764894232911,5.18136494140678,0.02603,0.02,22.0625428954998,25,12.8168214508371,0.0250380937588111,13.9597337962963,0.150222618833916,-0.0677865077228053,0.0120093488028253,0.188368945865712,0.000159546707812698,-0.362293557906063,"OLS Mean loss | Full",-0.0677865077228051,0.150222618833916,-0.362293557906063,-0.362040816092616,0.0120093488028253,0.000159546707812698
0.0320138888888889,8.68169516175817,6.89078364899886,0.08796,0.1,22.0902547272138,6,9.28714543357954,0.0246482923624467,13.9663310185185,0.144978651204678,-0.112964762315789,0.0121362554189885,0.188333663626936,0.000447882546203388,-0.603793229180672,"OLS Mean loss | Full",-0.112964762315789,0.144978651204678,-0.603793229180672,-0.603485048417053,0.0121362554189885,0.000447882546203388
0.148691666666667,11.1080839101247,8.64901914451803,0.04764,0.01,20.8483848972347,17,9.73460904127063,0.0284294874254376,13.9558217592593,0.216637120166948,-0.0679454535002816,0.0226072103661286,0.18836863646412,0.000308330903437861,-0.365106534128778,"OLS Mean loss | Full",-0.0679454535002814,0.216637120166948,-0.365106534128778,-0.36485242921883,0.0226072103661286,0.000308330903437861
0.0190083333333333,8.71998936192782,6.77505846681477,0.04247,0.219999999999999,22.0433633421848,7,9.28714543357954,0.0219062474717603,7.35170138888889,0.097941729766924,-0.0789333964335906,0.0110998890319533,0.188361906329583,0.000199582705294484,-0.421675478886142,"OLS Mean loss | Full",-0.0789333964335904,0.0979417297669237,-0.421675478886142,-0.421397059319536,0.0110998890319533,0.000199582705294484
0.131372222222222,11.1080839101247,8.64901914451803,0.32092,-0.31,22.0819969421497,10,13.6430033208885,0.0205773474160634,13.6836921296296,0.430372776687456,-0.299000554465233,0.0404486165498959,0.18799081403763,0.0110840563732324,-1.62155485495064,"OLS Mean loss | Full",-0.299000554465234,0.430372776687456,-1.62155485495064,-1.62368301353569,0.0404486165498959,0.0110840563732324
0.439855555555556,8.55713178106529,6.36144338071419,0.01917,0,21.9854095222258,9,13.2040859041607,0.0445960256343283,14.0465393518519,0.149514071343095,0.290341484212461,0.0151432298821696,0.188023204795569,0.0037143095013637,1.55423371059196,"OLS Mean loss | Full",0.290341484212461,0.149514071343094,1.55423371059196,1.55600541641967,0.0151432298821696,0.0037143095013637
0.183380555555556,8.9100606113498,7.3011626477162,0.04369,-0.039999999999999,20.5731155049477,5,13.1611816286283,0.0329913704431843,13.6660069444444,0.209761588345637,-0.026381032790081,0.0109376739532172,0.188385789703265,0.0000219608314890501,-0.140920356444689,"OLS Mean loss | Full",-0.0263810327900808,0.209761588345636,-0.140920356444689,-0.140809457040604,0.0109376739532172,0.0000219608314890501
0.421330555555556,8.39570080105216,6.60506987555225,0.006301,0.049999999999999,20.1007726202039,6,11.4679798178322,0.038859600994415,9.69373842592593,0.147165435652139,0.274165119903417,0.0105440714366958,0.188064358037974,0.0022846904760483,1.46422474941662,"OLS Mean loss | Full",0.274165119903417,0.147165435652139,1.46422474941662,1.46557307732887,0.0105440714366958,0.0022846904760483
0.288286111111111,11.1080839101247,8.64901914451803,0.04,-0.31,20.1007726202039,6,16.4433774877375,0.0521584717253257,19.2780792824074,0.326848908793161,-0.03856279768205,0.0460319181945874,0.188382140494545,0.000212283378297683,-0.209746817956824,"OLS Mean loss | Full",-0.0385627976820499,0.326848908793161,-0.209746817956824,-0.209585814401752,0.0460319181945874,0.000212283378297683
0.470702777777778,8.69434619438491,6.05746439078589,0.02555,-0.199999999999999,22.484655033838,14,10.0885744621093,0.0305930760303009,9.05186342592593,0.211682179060532,0.259020598717246,0.0112642940576926,0.188099026472042,0.00218172338847828,1.383846638124,"OLS Mean loss | Full",0.259020598717246,0.211682179060531,1.383846638124,1.38486565911743,0.0112642940576926,0.00218172338847828
0.0413296944444444,8.78155553485532,6.58555851627228,0.0685,0.07,20.1007726202039,9,13.5394079877853,0.0438855163745754,19.2780792824074,0.162987326840128,-0.121657632395684,0.0197537201485226,0.188324354192201,0.000858706499638574,-0.652778028103836,"OLS Mean loss | Full",-0.121657632395684,0.162987326840128,-0.652778028103836,-0.652477097412997,0.0197537201485226,0.000858706499638574
0.50065,9.19050899101462,5.93495928039611,0.01595,0.03,25.15028111662,26,11.3510183930673,0.012921519943262,10.0231597222222,0.139971699302663,0.360678300697337,0.00774407207091124,0.187828535421514,0.00288768322382627,1.92354314923554,"OLS Mean loss | Full",0.360678300697337,0.139971699302663,1.92354314923554,1.92773171156969,0.00774407207091124,0.00288768322382627
0.565997222222222,9.33820105385714,6.70028703916558,0.12382,-0.31,22.3238177881958,14,13.524268027614,0.0270665903504903,9.64890046296296,0.318695756755929,0.247301465466294,0.0106899765467565,0.188124825078511,0.00188518012280954,1.32085229283859,"OLS Mean loss | Full",0.247301465466294,0.318695756755929,1.32085229283859,1.32164365755984,0.0106899765467565,0.00188518012280954
0.097925,10.2028686140047,8.25718082329105,0.06413,0.079999999999999,20.2698549169531,7,16.4433774877375,0.0327085867752538,6.32878472222222,0.228381433970917,-0.130456433970917,0.0241545704385955,0.188314360126729,0.00121830435784337,-0.701566358886863,"OLS Mean loss | Full",-0.130456433970917,0.228381433970917,-0.701566358886863,-0.701280152564799,0.0241545704385955,0.00121830435784337
0.0133562222222222,9.33982491890534,5.58230791451381,0.10338,0.179999999999999,23.9981234839381,43,10.3220026221513,0.0338368147368877,11.0509375,0.112164275720331,-0.0988080534981091,0.0147381199405151,0.18834650529241,0.000418322237829409,-0.52882292365201,"OLS Mean loss | Full",-0.0988080534981088,0.112164275720331,-0.52882292365201,-0.528516971008392,0.0147381199405151,0.000418322237829409
0.0258277777777778,8.72596641535816,6.02018605814236,0.006301,0.009999999999999,21.2440873393005,15,14.0548818397288,0.03370011934332,11.0305439814815,0.164742089902556,-0.138914312124779,0.00887103002982676,0.18830569546308,0.000491807596083523,-0.741268724177611,"OLS Mean loss | Full",-0.138914312124778,0.164742089902556,-0.741268724177611,-0.741000415832062,0.00887103002982676,0.000491807596083523
0.0563888888888889,9.34521433151678,5.68496772353169,0.11487,0.279999999999999,24.6654044774924,39,15.8124466758171,0.0176972587202425,11.6202662037037,0.12153661748914,-0.0651477286002513,0.0130796720664115,0.188370441134328,0.000160849146924008,-0.348379025827619,"OLS Mean loss | Full",-0.0651477286002511,0.12153661748914,-0.348379025827619,-0.348133227541536,0.0130796720664115,0.000160849146924008
0.0634527777777778,8.54906846875061,5.295803377393,0.04827,0.14,23.2870522363504,26,15.202041173432,0.0209882695514487,11.637025462963,0.130920952707136,-0.0674681749293579,0.00884980521913256,0.188369194514948,0.000115728475895706,-0.36001698959288,"OLS Mean loss | Full",-0.0674681749293576,0.130920952707135,-0.36001698959288,-0.359765361055574,0.00884980521913256,0.000115728475895706
0.0324916666666667,9.61581913899106,6.28541298621555,0.01654,0.069999999999999,22.2212778542196,28,11.1718817466441,0.0356064595577624,11.9972569444444,0.138099927270999,-0.105608260604333,0.0100114200542567,0.188340714328118,0.000321527876137655,-0.563866854539227,"OLS Mean loss | Full",-0.105608260604332,0.138099927270999,-0.563866854539227,-0.563557954427803,0.0100114200542567,0.000321527876137655
0.0931305555555556,8.23764894232911,5.38388830118185,0.00961,0.149999999999999,21.9064156763226,11,14.5981426644344,0.018605422587796,12.0421412037037,0.114781208030483,-0.021650652474927,0.0147712776227263,0.18838676207013,0.0000201313754380013,-0.11587672863512,"OLS Mean loss | Full",-0.0216506524749268,0.114781208030482,-0.11587672863512,-0.115784940060064,0.0147712776227263,0.0000201313754380013
0.0144,9.19009742354288,5.20650718510662,0.00649,0.02,25.3042039707133,46,10.6053157438517,0.0276885190888313,11.2093865740741,0.120693576361792,-0.106293576361792,0.0161953030714382,0.188339782068268,0.000533547235169698,-0.569306762886242,"OLS Mean loss | Full",-0.106293576361792,0.120693576361792,-0.569306762886242,-0.56899769911741,0.0161953030714382,0.000533547235169698
0.297158333333333,8.47074247699901,5.18136494140678,0.334929,0.3,24.8510198045267,30,11.9084929897588,0.0157975387612941,10.7903587962963,0.153812378812313,0.14334595452102,0.02400420783764,0.188298935410001,0.00146133540975485,0.770824016315998,"OLS Mean loss | Full",0.143345954521021,0.153812378812313,0.770824016315998,0.770572673250247,0.02400420783764,0.00146133540975485
0.0896416666666667,9.38916457490151,6.61782944593118,0.08062,0.299999999999999,22.2300205740463,16,14.2817278982561,0.0385609621564905,11.7747569444444,0.0969925188966032,-0.00735085222993655,0.00904104553667006,0.188388559565125,0.00000140401014873589,-0.0392286739957672,"OLS Mean loss | Full",-0.00735085222993632,0.096992518896603,-0.0392286739957672,-0.0391972260758042,0.00904104553667006,0.00000140401014873589
0.387283333333333,10.9778417086766,8.49312287628821,0.0287,0.12,22.0619496233451,12,15.9531609474739,0.0425577835971471,12.1578356481481,0.17947896728112,0.207804366052213,0.019253125624456,0.188200820012302,0.00243940693087395,1.11473072282883,"OLS Mean loss | Full",0.207804366052214,0.17947896728112,1.11473072282883,1.11494819889676,0.019253125624456,0.00243940693087395
0.0733694444444444,8.61607570247675,6.05329802312404,0.03195,0.1,22.2244862351863,13,14.4654188548456,0.0423506792599173,11.7855902777778,0.128028970693721,-0.0546595262492763,0.0118678696250594,0.18837589026417,0.000102485397297382,-0.292113831890165,"OLS Mean loss | Full",-0.0546595262492761,0.128028970693721,-0.292113831890165,-0.29189928744049,0.0118678696250594,0.000102485397297382
0.136325,8.23764894232911,5.18136494140678,0.334929,0.13,23.7560048357209,26,13.2081585627517,0.0274763831180413,6.03199074074074,0.216297182050624,-0.0799721820506236,0.0254404052216446,0.18836078783371,0.000483473474321538,-0.430356646121724,"OLS Mean loss | Full",-0.0799721820506234,0.216297182050623,-0.430356646121724,-0.430075048435122,0.0254404052216446,0.000483473474321538
0.0260111111111111,9.45105981183121,7.50562118886988,0.02637,0.109999999999999,21.8769540315282,7,12.4749293738761,0.0235166907215315,10.6376967592593,0.157813922647607,-0.131802811536495,0.00563705957698008,0.188314230687116,0.000279511481511099,-0.702175995454553,"OLS Mean loss | Full",-0.131802811536495,0.157813922647606,-0.702175995454553,-0.701890022879812,0.00563705957698008,0.000279511481511099
0.07381875,8.23764894232911,5.18136494140678,0.1282,-0.1,25.0039508881449,23,13.4617674344857,0.0335874865506223,4.09830324074074,0.202798554067773,-0.128979804067773,0.0209121473093918,0.188316276892887,0.00102420353077031,-0.692475879885028,"OLS Mean loss | Full",-0.128979804067773,0.202798554067773,-0.692475879885028,-0.692186336604346,0.0209121473093918,0.00102420353077031
0.530019444444444,8.4560167382689,7.76308215240562,0.334929,-0.31,20.1007726202039,3,9.7932536290654,0.0511487170183307,19.2780792824074,0.369097362763529,0.160922081680916,0.0714821294957885,0.188269749525485,0.0060594857802266,0.887185178358521,"OLS Mean loss | Full",0.160922081680916,0.369097362763529,0.887185178358521,0.887033381388434,0.0714821294957885,0.0060594857802266
0.28465,8.23764894232911,5.18136494140678,0.04309,0.07,23.2908135361739,23,11.3952093020778,0.0378884233078785,4.09830324074074,0.117224491073243,0.167425508926757,0.0140882681311402,0.188267433881079,0.00114660104509295,0.895769723794426,"OLS Mean loss | Full",0.167425508926757,0.117224491073243,0.895769723794426,0.895627473880839,0.0140882681311402,0.00114660104509295
0.399277777777778,10.0907806329682,7.04708705232612,0.03294,-0.089999999999999,23.7583579427089,21,15.7871219408065,0.0160765183997913,13.9343287037037,0.234285672703605,0.164992105074173,0.00883169941325194,0.188271562274436,0.000690658461297924,0.880406480559723,"OLS Mean loss | Full",0.164992105074173,0.234285672703605,0.880406480559723,0.880247367989493,0.00883169941325194,0.000690658461297924
0.121661111111111,10.3061909257628,8.64901914451803,0.07,0.069999999999999,20.4681551505588,3,12.1740182057901,0.0361691535448734,13.8116666666667,0.202392028404017,-0.0807309172929054,0.0125102157705131,0.188360627598557,0.000235975486334562,-0.431586002113514,"OLS Mean loss | Full",-0.0807309172929052,0.202392028404016,-0.431586002113514,-0.431303966918056,0.0125102157705131,0.000235975486334562
0.0686,8.50872102111927,5.51681375390319,0.08641,0.089999999999999,22.7008664145616,20,13.7058505728195,0.0260387586873427,11.9397453703704,0.152152471492328,-0.0835524714923277,0.00619507112633873,0.188358816038101,0.000123580555852079,-0.44524853261537,"OLS Mean loss | Full",-0.0835524714923275,0.152152471492328,-0.44524853261537,-0.444961848579889,0.00619507112633873,0.000123580555852079
0.114486111111111,9.39934236132489,6.69245038802175,0.0161,0.05,23.381146514622,15,15.0029391797083,0.0186286359957336,11.8991666666667,0.168649361775262,-0.0541632506641506,0.00514162893146734,0.188376209149012,0.0000430105695829029,-0.288481429165354,"OLS Mean loss | Full",-0.0541632506641503,0.168649361775261,-0.288481429165354,-0.2882690645667,0.00514162893146734,0.0000430105695829029
0.0654277777777778,9.16894960438102,6.86730210508503,0.10392,-0.31,20.1007726202039,10,9.89201762367853,0.0433289517378049,12.2811111111111,0.293327985381946,-0.227900207604169,0.0166981174712471,0.188163271151183,0.00253145814157244,-1.22094205912837,"OLS Mean loss | Full",-0.227900207604169,0.293327985381946,-1.22094205912837,-1.22142394850935,0.0166981174712471,0.00253145814157244
0.0475972222222222,10.2191503247679,6.53169200579679,0.0473,0.06,25.0549614362868,40,16.4433774877375,0.0219865040840032,12.2839351851852,0.183309694805397,-0.135712472583175,0.0113028199480407,0.188309287603913,0.000601017728698666,-0.725073252358492,"OLS Mean loss | Full",-0.135712472583174,0.183309694805397,-0.725073252358492,-0.724796979788414,0.0113028199480407,0.000601017728698666
0.406172222222222,9.39616818458138,6.56428262514079,0.01068,-0.01,22.741605141879,17,16.3367215323165,0.0188286828683394,12.901412037037,0.197325072099327,0.208847150122896,0.0100039694324998,0.188200702513908,0.0012564641293254,1.1150788945057,"OLS Mean loss | Full",0.208847150122896,0.197325072099327,1.1150788945057,1.11529713480685,0.0100039694324998,0.0012564641293254
0.00365555555555556,10.0975105828527,7.61305683190503,0.04254,0.089999999999999,22.4556434722818,12,14.8286841630478,0.0324067022465651,12.9499074074074,0.174748753955375,-0.17109319839982,0.0073038801558414,0.188262923223026,0.000612313758729727,-0.912259410326903,"OLS Mean loss | Full",-0.17109319839982,0.174748753955375,-0.912259410326903,-0.912136395495482,0.0073038801558414,0.000612313758729727
0.63235325,9.86496914537625,7.56285161449419,0.00857,-0.02,22.3373754122848,10,13.4131603316661,0.0171784727160378,12.8596296296296,0.203162934523746,0.429190315476254,0.00764872444087468,0.187595058538958,0.00403780662329078,2.28881645294643,"OLS Mean loss | Full",0.429190315476254,0.203162934523746,2.28881645294643,2.29665522281425,0.00764872444087468,0.00403780662329078
0.104116666666667,9.43814025923255,6.34876860485176,0.13156,-0.31,21.6252565165489,22,13.8519767809904,0.0356478615295859,12.2780787037037,0.318598861279728,-0.214482194613061,0.0156923196133463,0.188189263147037,0.0021027876860315,-1.14846979319209,"OLS Mean loss | Full",-0.214482194613061,0.318598861279727,-1.14846979319209,-1.14876439379566,0.0156923196133463,0.0021027876860315
0.0417277777777778,8.75000765427245,5.42207244069711,0.05857,0.01,24.504589248976,28,16.0928760740466,0.0261887706865849,12.7047222222222,0.169416296344471,-0.127688518566693,0.0090593837721083,0.188318572116571,0.000424516557322028,-0.681430868071409,"OLS Mean loss | Full",-0.127688518566693,0.169416296344471,-0.681430868071409,-0.681137641219416,0.0090593837721083,0.000424516557322028
0.131955555555556,9.09445336020497,7.70849580305845,0.035,0.07,21.7735978856267,4,9.28714543357954,0.0191527009666636,14.0901388888889,0.15840252502121,-0.0264469694656549,0.0162363260910488,0.188385758422308,0.0000331165866314407,-0.141652515740326,"OLS Mean loss | Full",-0.0264469694656547,0.15840252502121,-0.141652515740326,-0.141541063654934,0.0162363260910488,0.0000331165866314407
0.0196166666666667,8.49605336452706,5.18136494140678,0.04569,0.01,26.8640512231621,43,12.6384461339915,0.0435695408940132,4.09830324074074,0.122529912655903,-0.102913245989237,0.043670124186891,0.188341530044516,0.00142724677862254,-0.559063557758769,"OLS Mean loss | Full",-0.102913245989237,0.122529912655903,-0.559063557758769,-0.558754869006085,0.043670124186891,0.00142724677862254
0.08714375,9.83462238998333,6.74470416078477,0.02318,0.04,23.9868373155613,22,15.5696572460201,0.0134325784195035,4.09830324074074,0.191718283771154,-0.104574533771154,0.0122264437304212,0.188341545317698,0.000386745059794053,-0.558973228702105,"OLS Mean loss | Full",-0.104574533771154,0.191718283771154,-0.558973228702105,-0.55866454452111,0.0122264437304212,0.000386745059794053
0.478135,9.98875611173823,6.94515151830943,0.0738,-0.1,23.2920938409594,21,12.8232453493204,0.0162738191785491,4.09830324074074,0.246860041093395,0.231274958906605,0.0121688176673318,0.188157604064057,0.00188246835665605,1.23617801626856,"OLS Mean loss | Full",0.231274958906605,0.246860041093395,1.23617801626856,1.23670316600868,0.0121688176673318,0.00188246835665605
0.07705,9.51497060454748,6.05151802055612,0.1266,0.209999999999999,24.6987146944363,32,14.5482488971365,0.023858880036557,4.15981481481481,0.144712661656398,-0.0676626616563977,0.00830587296056886,0.18836909217141,0.000109122798544885,-0.360955759715517,"OLS Mean loss | Full",-0.0676626616563975,0.144712661656398,-0.360955759715517,-0.360703671013949,0.00830587296056886,0.000109122798544885
0.0233861111111111,10.8767629166578,7.09338531633471,0.0332,0.179999999999999,25.9394528447122,44,12.5321249665708,0.0373226331632749,9.53769675925926,0.112943787981249,-0.0895576768701375,0.0162794313344653,0.188353998702652,0.000380792953296129,-0.479690052532043,"OLS Mean loss | Full",-0.0895576768701371,0.112943787981248,-0.479690052532043,-0.479393453128076,0.0162794313344653,0.000380792953296129
0.070775,9.92755593667792,6.70985088892214,0.03997,0.039999999999999,25.7217920513099,25,15.2028666210272,0.0187070392309146,13.6603819444444,0.167824141996869,-0.0970491419968693,0.00605146937646383,0.188348354143507,0.000162818588867968,-0.517134510864032,"OLS Mean loss | Full",-0.0970491419968691,0.167824141996869,-0.517134510864032,-0.516830247278547,0.00605146937646383,0.000162818588867968
0.0389972222222222,10.4278831071064,8.03028374703922,0.0787,0.39,23.9086588196827,11,14.1872372126893,0.0258841609443461,11.1491782407407,0.0887853653487903,-0.0497881431265681,0.0108363494235123,0.18837809871962,0.0000774793734732166,-0.265941200028371,"OLS Mean loss | Full",-0.0497881431265677,0.0887853653487899,-0.265941200028371,-0.265742762719123,0.0108363494235123,0.0000774793734732166
0.00503166666666667,11.1080839101247,8.64901914451803,0.006301,0.5,21.1614569685521,3,9.28714543357954,0.0154098027228266,19.2780792824074,0.0341179848736814,-0.0290863182070147,0.0518670499849472,0.188384984761049,0.000137758405872575,-0.158689393506536,"OLS Mean loss | Full",-0.0290863182070143,0.034117984873681,-0.158689393506536,-0.158565188013786,0.0518670499849472,0.000137758405872575
0.0768666666666667,10.1574604358697,8.64901914451803,0.01247,0.109999999999999,21.0325448637205,3,9.28714543357954,0.0291178439090659,8.81748842592593,0.159080975367462,-0.0822143087007958,0.0146868227550685,0.188359518455679,0.000288576943245794,-0.440001374367622,"OLS Mean loss | Full",-0.0822143087007956,0.159080975367462,-0.440001374367622,-0.439716429074988,0.0146868227550685,0.000288576943245794
0.0363,10.0006071364719,8.2090745033855,0.01106,0.199999999999999,21.3127045905426,6,9.28714543357954,0.0240640675103844,14.4732060185185,0.119806911815996,-0.0835069118159964,0.0149664927654805,0.188358582063555,0.000303564105079144,-0.446982675206848,"OLS Mean loss | Full",-0.0835069118159961,0.119806911815996,-0.446982675206848,-0.44669542947546,0.0149664927654805,0.000303564105079144
0.13555,8.97496898041208,6.89641281171659,0.04225,0.138,22.7392345341256,8,14.0764946075528,0.0521584717253257,4.09830324074074,0.123412119512465,0.0121378804875347,0.0237091242829234,0.188388148317545,0.0000103426137142706,0.0652599912006142,"OLS Mean loss | Full",0.0121378804875349,0.123412119512465,0.0652599912006142,0.0652078174540846,0.0237091242829234,0.0000103426137142706
0.216345,10.7145614151682,8.64901914451803,0.05888,0.209999999999999,23.3451009652272,4,14.3515431814155,0.0297380376731769,4.09830324074074,0.156544848231322,0.0598001517686783,0.0193446448017489,0.18837323148244,0.000203011229700401,0.320802580599405,"OLS Mean loss | Full",0.0598001517686785,0.156544848231321,0.320802580599405,0.320571490177839,0.0193446448017489,0.000203011229700401
0.0405208333333333,11.1080839101247,8.36731658990649,0.0393,0.219999999999999,25.3526810863119,37,16.4433774877375,0.0290712539276821,4.34842592592593,0.160149812673316,-0.119628979339983,0.0336850465770235,0.188325587226228,0.00145700178864243,-0.646503404821796,"OLS Mean loss | Full",-0.119628979339983,0.160149812673316,-0.646503404821796,-0.646201135798079,0.0336850465770235,0.00145700178864243
0.0401972222222222,11.1080839101247,7.85061113458222,0.04931,0.129999999999999,26.8640512231621,29,16.4433774877375,0.0124890614632519,19.2780792824074,0.165654363605678,-0.125457141383456,0.0165360123224354,0.188320489893419,0.000759437743665057,-0.672062906701181,"OLS Mean loss | Full",-0.125457141383455,0.165654363605678,-0.672062906701181,-0.671766869919663,0.0165360123224354,0.000759437743665057
0.00806666666666666,10.8298540765612,8.19105410727353,0.01223,0.04,22.9840865440339,14,13.4749252427243,0.0196472136825842,15.2115856481481,0.191867123485057,-0.18380045681839,0.0120040036556119,0.188242833257636,0.00117245574970222,-0.982342114294475,"OLS Mean loss | Full",-0.18380045681839,0.191867123485057,-0.982342114294475,-0.982314474082976,0.0120040036556119,0.00117245574970222
0.00884941666666667,10.5184434343964,7.38354377290737,0.0236,0.03,25.9834025912858,23,11.6016551286389,0.0145271068358772,13.0000694444444,0.160020993157986,-0.15117157649132,0.012446092574069,0.188290023866315,0.000823074650119619,-0.808134235424859,"OLS Mean loss | Full",-0.15117157649132,0.160020993157986,-0.808134235424859,-0.80790896215687,0.012446092574069,0.000823074650119619
0.0199300277777778,10.3788027302497,7.16067265414142,0.08306,0.189999999999999,24.3335695488956,25,16.1132566057361,0.032516509589772,13.3498842592593,0.148307564201266,-0.128377536423488,0.00861629661890913,0.188317843831208,0.000407758199499703,-0.684954808131535,"OLS Mean loss | Full",-0.128377536423488,0.148307564201266,-0.684954808131535,-0.684662712690723,0.00861629661890913,0.000407758199499703
0.0116027777777778,10.3365765527041,7.00524713826358,0.11294,0.35,26.8640512231621,28,15.9476575830799,0.0116712063567068,18.4709953703704,0.096996821103583,-0.0853940433258052,0.0137500961459518,0.188357240076367,0.000290920603855022,-0.456801855849956,"OLS Mean loss | Full",-0.0853940433258049,0.0969968211035827,-0.456801855849956,-0.456511552471655,0.0137500961459518,0.000290920603855022
0.00725416666666666,10.0402281363748,6.78322125004056,0.02987,0.129999999999999,26.2387653523643,26,16.4433774877375,0.0149029664716658,19.2780792824074,0.137688647022533,-0.130434480355866,0.0133304167089254,0.188315201615098,0.000657464954729416,-0.697590104489088,"OLS Mean loss | Full",-0.130434480355866,0.137688647022533,-0.697590104489088,-0.697302404376469,0.0133304167089254,0.000657464954729416
0.0102194444444444,10.0494960359356,6.71845744881041,0.334929,0.62,26.1962711178865,28,14.5319571898655,0.014056501567153,18.4503009259259,0.0770662214924411,-0.0668467770479967,0.0286915468565118,0.188369160851267,0.000383520083034802,-0.360326047605215,"OLS Mean loss | Full",-0.0668467770479964,0.0770662214924409,-0.360326047605215,-0.360074267405691,0.0286915468565118,0.000383520083034802
0.682016666666667,11.1024493951428,7.92474223781728,0.07141,0.34,25.8476401428685,24,16.4428947389964,0.014802918220854,18.277337962963,0.110568481924951,0.571448184741715,0.0162859009239595,0.186966950135083,0.0155101232779194,3.06080864010836,"OLS Mean loss | Full",0.571448184741716,0.110568481924951,3.06080864010836,3.08160922656579,0.0162859009239595,0.0155101232779194
0.0419416666666667,9.59259801394949,6.06848661164086,0.08345,0.12,23.3428276004626,34,9.41515700659751,0.013553979326323,18.1569444444444,0.140643060317645,-0.0987013936509787,0.0199050673662531,0.188346374072064,0.000569720008660856,-0.529642689384132,"OLS Mean loss | Full",-0.0987013936509785,0.140643060317645,-0.529642689384132,-0.529336631248697,0.0199050673662531,0.000569720008660856
0.00668894444444444,11.1080839101247,7.9078213441439,0.05132,0.049999999999999,26.8539528127982,25,15.9377970228542,0.0116712063567068,18.4453472222222,0.189468172242603,-0.182779227798158,0.016745377403968,0.188243755023856,0.00163306759423477,-0.979236535910855,"OLS Mean loss | Full",-0.182779227798158,0.189468172242603,-0.979236535910855,-0.979204188224835,0.016745377403968,0.00163306759423477
0.0327888888888889,10.2265428698442,7.82900949845524,0.0181,0.059999999999999,25.4989925486135,11,11.1857980746158,0.0225104002968656,19.2780792824074,0.135396212666887,-0.102607323777998,0.0263683774334733,0.188342645627406,0.00082649137119884,-0.552426869513064,"OLS Mean loss | Full",-0.102607323777998,0.135396212666886,-0.552426869513064,-0.552118574925396,0.0263683774334733,0.00082649137119884
0.0109361111111111,10.7117339882777,7.45419434370947,0.0268,0.13,26.6041215518539,26,16.4433774877375,0.0125146925109505,18.8420833333333,0.150016479341594,-0.139080368230483,0.0148245570835524,0.18830499315829,0.00083382281300317,-0.744393911072085,"OLS Mean loss | Full",-0.139080368230483,0.150016479341594,-0.744393911072085,-0.744127246835753,0.0148245570835524,0.00083382281300317
0.0119555555555556,9.97099184012495,6.71406302469111,0.0949,0.62,26.2318920613783,26,15.5193177228209,0.013052775474854,18.8413425925926,-0.00347944370557425,0.0154349992611298,0.0198994375549878,0.188387755023421,0.0000139283698046315,0.0828256900708851,"OLS Mean loss | Full",0.0154349992611303,-0.00347944370557474,0.0828256900708851,0.0827596457588338,0.0198994375549878,0.0000139283698046315
0.575938888888889,11.1080839101247,8.64901914451803,0.0879,0,26.8640512231621,46,13.1312099887571,0.0339335415699065,19.2780792824074,0.20979899822158,0.366139890667309,0.0687233548730791,0.18777354497708,0.0299797883280701,2.01558659240931,"OLS Mean loss | Full",0.366139890667309,0.20979899822158,2.01558659240931,2.02056714179153,0.0687233548730791,0.0299797883280701
0.0115944444444444,10.1279521742125,7.08422836134483,0.02459,0.1,25.8662713964723,21,14.6416370491535,0.0124585337879837,19.2780792824074,0.143334894522833,-0.131740450078389,0.0128905586618036,0.188313753755371,0.000647987982977368,-0.704417698454618,"OLS Mean loss | Full",-0.131740450078388,0.143334894522833,-0.704417698454618,-0.704132596222784,0.0128905586618036,0.000647987982977368
0.025775,9.4012411792805,6.10755016708436,0.03075,0.109999999999999,24.4060704967609,27,16.4433774877375,0.0311364363194398,4.09830324074074,0.147008948604492,-0.121233948604492,0.0113374770827768,0.18832534713193,0.000481123220503844,-0.647729957560892,"OLS Mean loss | Full",-0.121233948604491,0.147008948604491,-0.647729957560892,-0.647427940468381,0.0113374770827768,0.000481123220503844
0.08696,8.77719916314222,6.2939873796155,0.08916,0.209999999999999,22.7638423151501,12,14.522615056414,0.0258323025968324,4.09830324074074,0.134732542226295,-0.0477725422262945,0.00886923755582797,0.188378966579578,0.0000581525307718464,-0.254921605004732,"OLS Mean loss | Full",-0.0477725422262942,0.134732542226294,-0.254921605004732,-0.254730216640321,0.00886923755582797,0.0000581525307718464
0.023055,9.29472079482251,6.89774418147726,0.10821,0.62,21.3744596121509,11,12.6311943572017,0.0316013644346687,4.09830324074074,0.0159575778924488,0.00709742210755122,0.0210538513931735,0.188388572670245,0.00000312322129467793,0.0381078987813067,"OLS Mean loss | Full",0.00709742210755158,0.0159575778924484,0.0381078987813067,0.0380773466892114,0.0210538513931735,0.00000312322129467793
0.137469444444444,10.2497836822793,6.99257088239947,0.16127,0.189999999999999,23.9377624681918,26,14.6657854485827,0.0178003423258175,10.132974537037,0.185515571403029,-0.0480461269585845,0.0081456689518912,0.188378860965267,0.0000539430222837694,-0.256287961438061,"OLS Mean loss | Full",-0.0480461269585843,0.185515571403029,-0.256287961438061,-0.256095690829126,0.0081456689518912,0.0000539430222837694
0.0421638888888889,9.23212672205929,6.46100459772634,0.01728,0.03,23.6404622036907,16,14.6931991329877,0.0148650330083725,10.8987384259259,0.172110774986427,-0.129946886097538,0.00534163855903796,0.188316337648367,0.000257303630980552,-0.69218578662618,"OLS Mean loss | Full",-0.129946886097537,0.172110774986426,-0.69218578662618,-0.69189614141872,0.00534163855903796,0.000257303630980552
0.0629777777777778,9.79404063032483,7.30974740582197,0.03053,0.07,23.4286515916578,12,15.1409363390649,0.0179654812322973,19.2780792824074,0.171157597656877,-0.108179819879099,0.0116098920250123,0.188338262513734,0.000392510651366543,-0.578063872584669,"OLS Mean loss | Full",-0.108179819879099,0.171157597656876,-0.578063872584669,-0.57775471619353,0.0116098920250123,0.000392510651366543
0.100091666666667,9.39567393794614,6.30637470121661,0.0248,0.02,23.8182514325048,22,15.3747898286238,0.0162335494620455,18.8429398148148,0.17326045288616,-0.0731687862194937,0.0107766531772213,0.188365697739577,0.00016639276191036,-0.390816094982292,"OLS Mean loss | Full",-0.0731687862194934,0.17326045288616,-0.390816094982292,-0.390550189811818,0.0107766531772213,0.00016639276191036
0.700383333333333,10.1996894298096,6.79956974129716,0.00783,0,26.1545963210739,30,15.6536420849123,0.013367427868495,18.841875,0.17415812321499,0.526225210118343,0.0119075400006719,0.187189140289449,0.00953142241735956,2.81233224736352,"OLS Mean loss | Full",0.526225210118343,0.17415812321499,2.81233224736352,2.82808336900477,0.0119075400006719,0.00953142241735956
0.126377777777778,9.95267446651375,6.90910357909308,0.01768,-0.01,24.8358944629194,21,16.4348751068281,0.0122422648540488,19.2780792824074,0.192380056582632,-0.0660022788048543,0.0131788783518387,0.18836995463193,0.000166382243195261,-0.352966494071039,"OLS Mean loss | Full",-0.066002278804854,0.192380056582632,-0.352966494071039,-0.352718370065891,0.0131788783518387,0.000166382243195261
0.0209388888888889,8.39605090729737,5.56644316885522,0.0389,0.149999999999999,25.0535022126784,17,15.1362786577984,0.0116712063567068,13.3582523148148,0.113305639933824,-0.0923667510449352,0.0120058956910847,0.188351941683596,0.00029614522438201,-0.493664912282099,"OLS Mean loss | Full",-0.0923667510449349,0.113305639933824,-0.493664912282099,-0.493365060070131,0.0120058956910847,0.00029614522438201
0.104047222222222,9.18124764527656,6.00555891200459,0.01149,0.029999999999999,23.7055399017113,24,16.4433774877375,0.0158186556184832,13.3805671296296,0.173272871391477,-0.0692256491692549,0.00959211121559944,0.188368144696163,0.000132253640659324,-0.369533453469424,"OLS Mean loss | Full",-0.0692256491692546,0.173272871391477,-0.369533453469424,-0.369277231595846,0.00959211121559944,0.000132253640659324
0.0339472222222222,9.61006028152468,6.77791917493248,0.08415,0.199999999999999,24.2178819639747,17,14.4628967133733,0.014938008064728,13.9790162037037,0.138304983418117,-0.104357761195894,0.00507176353758623,0.188342079409873,0.000157475330839765,-0.555805249632441,"OLS Mean loss | Full",-0.104357761195894,0.138304983418116,-0.555805249632441,-0.555496739660439,0.00507176353758623,0.000157475330839765
0.0453555555555556,9.01145663314447,5.83620496533241,0.02036,0.099999999999999,25.0038824769775,24,16.0838573773796,0.0137466296479475,13.6197337962963,0.138207770934997,-0.0928522153794412,0.00801516401628723,0.1883517030927,0.000198186663192419,-0.495260307043852,"OLS Mean loss | Full",-0.0928522153794409,0.138207770934996,-0.495260307043852,-0.494960112769047,0.00801516401628723,0.000198186663192419
0.854965027777778,10.7791711851109,7.88915345510558,0.334929,-0.209999999999999,25.8916398575533,18,13.2838141262002,0.0135045323784255,10.9131018518519,0.367210840989076,0.487754186788702,0.0344020331199826,0.187334533700202,0.0247731352961749,2.63691787241812,"OLS Mean loss | Full",0.487754186788702,0.367210840989076,2.63691787241812,2.64962852749248,0.0344020331199826,0.0247731352961749
0.056775,8.23764894232911,5.18136494140678,0.02147,0.08,24.7367653424493,22,15.8634346867476,0.0143516618260428,14.0764930555556,0.129823619901664,-0.0730486199016643,0.0128016583075048,0.18836572631854,0.000197819438873574,-0.390574221523886,"OLS Mean loss | Full",-0.0730486199016641,0.129823619901664,-0.390574221523886,-0.390308421702497,0.0128016583075048,0.000197819438873574
0.0784416666666667,9.31350934549886,6.13752790772804,0.03044,0.1,24.0473096726287,24,13.8521087418853,0.0231055043533749,14.9645486111111,0.134195553318434,-0.0557538866517678,0.00474836303302014,0.188375464472691,0.0000420548364144348,-0.296894714885174,"OLS Mean loss | Full",-0.0557538866517675,0.134195553318434,-0.296894714885174,-0.296677329680678,0.00474836303302014,0.0000420548364144348
0.0369280833333333,8.9139708159798,7.81562748456058,0.02207,0.07,20.1007726202039,3,9.28714543357954,0.0216623436362062,11.687037037037,0.169389694368489,-0.132461611035155,0.0223873120072571,0.188312192708985,0.00115994099274401,-0.711705606717345,"OLS Mean loss | Full",-0.132461611035155,0.169389694368489,-0.711705606717345,-0.711423452235175,0.0223873120072571,0.00115994099274401
0.02607,8.74404270858804,6.66571640180242,0.03619,0.06,21.1520259246303,8,9.58325386521916,0.0281579713965855,4.55986111111111,0.153125314422215,-0.127055314422215,0.0101290973309445,0.188319191810566,0.000470963051206407,-0.678417942193885,"OLS Mean loss | Full",-0.127055314422214,0.153125314422214,-0.678417942193885,-0.67812378035494,0.0101290973309445,0.000470963051206407
0.799175,8.87487874513683,6.4783810810892,0.03919,-0.019999999999999,21.8908767945762,11,12.4729364483099,0.0193745636938117,5.10487268518519,0.196487260096433,0.602687739903567,0.00828180675011939,0.186819391884143,0.00863218587822187,3.21508149547995,"OLS Mean loss | Full",0.602687739903567,0.196487260096433,3.21508149547995,3.23948715796581,0.00828180675011939,0.00863218587822187
0.0166625,10.0003586143483,8.64901914451803,0.025,0.14,20.1007726202039,3,9.28714543357954,0.0318919109230555,6.03335648148148,0.161638870377357,-0.144976370377357,0.018349717295426,0.18829740878665,0.00112952999725419,-0.77734282390628,"OLS Mean loss | Full",-0.144976370377356,0.161638870377356,-0.77734282390628,-0.777095655509542,0.018349717295426,0.00112952999725419
0.033875,8.51219933685527,7.12650779780842,0.07409,0.13,20.1007726202039,4,9.28714543357954,0.0291647237112984,5.06550925925926,0.154687091152052,-0.120812091152052,0.0163185122046326,0.188325468890775,0.000694672177975692,-0.647108227516952,"OLS Mean loss | Full",-0.120812091152052,0.154687091152052,-0.647108227516952,-0.64680608213607,0.0163185122046326,0.000694672177975692
0.0250785714285714,9.134681617165,6.83306678831399,0.07487,0.09,22.8264238172003,10,13.4048012268619,0.0521584717253257,7.14204861111111,0.143879006579234,-0.118800435150663,0.0201872775146364,0.1883273186709,0.000837558606715756,-0.637588189010512,"OLS Mean loss | Full",-0.118800435150663,0.143879006579234,-0.637588189010512,-0.637284229124814,0.0201872775146364,0.000837558606715756
0.315639285714286,11.0568052112984,8.64901914451803,0.04317,0.069999999999999,20.1007726202039,5,9.33213703951305,0.0521584717253257,7.28216435185185,0.17548792649762,0.140151359216666,0.0378840104380966,0.188301657324425,0.00226873227409114,0.759062203695084,"OLS Mean loss | Full",0.140151359216666,0.175487926497619,0.759062203695084,0.758803727088166,0.0378840104380966,0.00226873227409114
0.119221428571429,9.84272128966407,8.23349588474951,0.04648,0,21.1107602241033,5,11.8721935948751,0.042023696577321,7.91063657407407,0.20237956448365,-0.0831581359122218,0.0104295527746148,0.188358971271421,0.000207859214367948,-0.444094256240395,"OLS Mean loss | Full",-0.0831581359122217,0.20237956448365,-0.444094256240395,-0.443807949655474,0.0104295527746148,0.000207859214367948
0.657589285714286,8.50693184602906,5.61998926995238,0.12385,-0.18,20.5428873291615,18,9.45935793876734,0.0381971201069382,7.90700231481481,0.242028194760055,0.41556109095423,0.0173468625042477,0.187637409838734,0.00875543522987201,2.22704259879383,"OLS Mean loss | Full",0.41556109095423,0.242028194760055,2.22704259879383,2.23416542144931,0.0173468625042477,0.00875543522987201
0.0286321428571429,9.45986407446428,7.85073778219649,0.01744,0.03,20.1007726202039,5,9.28714543357954,0.046220088522451,6.03310185185185,0.166974790141499,-0.138342647284356,0.0146566121338936,0.18830589411793,0.000815376300025795,-0.740382334194706,"OLS Mean loss | Full",-0.138342647284356,0.166974790141499,-0.740382334194706,-0.740113565895634,0.0146566121338936,0.000815376300025795
0.575211111111111,9.66767292671828,6.67314257320403,0.00669,-0.01,24.6851655647378,20,11.5340125144752,0.0130847753644204,10.0708796296296,0.165063804627804,0.410147306483307,0.00781379311382759,0.187663943469187,0.00376827686009636,2.18744448686224,"OLS Mean loss | Full",0.410147306483308,0.165063804627804,2.18744448686224,2.19413039166612,0.00781379311382759,0.00376827686009636
0.645327777777778,10.3140238257566,8.64901914451803,0.06683,-0.04,22.1362212567777,3,11.3955095047905,0.0179812625981198,17.1226041666667,0.231796588283757,0.413531189494021,0.0150104629506171,0.187646515389816,0.00746680710171791,2.21353417312017,"OLS Mean loss | Full",0.413531189494021,0.231796588283757,2.21353417312017,2.22050603600857,0.0150104629506171,0.00746680710171791
0.617302777777778,10.5799151593798,8.64901914451803,0.02209,-0.04,22.5538859438481,6,12.5635651724796,0.0188913628408451,13.6157060185185,0.224231591805557,0.393071185972221,0.0117727622346432,0.187720477286931,0.00525647604679557,2.10056714447273,"OLS Mean loss | Full",0.393071185972221,0.224231591805556,2.10056714447273,2.10635296999794,0.0117727622346432,0.00525647604679557
0.0287555555555556,10.0366917736334,6.60401663749287,0.09067,0.139999999999999,26.1516271552268,31,14.7936164771294,0.0152758390391291,9.20722222222222,0.157189401485234,-0.128433845929679,0.00491230114105759,0.188318045937713,0.000230945115338815,-0.683978700828656,"OLS Mean loss | Full",-0.128433845929678,0.157189401485234,-0.683978700828656,-0.683686287897861,0.00491230114105759,0.000230945115338815
0.0173166666666667,9.16435041903324,5.90886812063516,0.334929,0.62,25.3844175459641,26,14.3750380315389,0.0116712063567068,13.344224537037,0.0720134229933402,-0.0546967563266735,0.0264616786429218,0.188375679004707,0.000235733861846584,-0.294495603525364,"OLS Mean loss | Full",-0.0546967563266732,0.0720134229933398,-0.294495603525364,-0.294279639799936,0.0264616786429218,0.000235733861846584
0.0131416666666667,10.879035213658,7.62140979693707,0.00911,0.039999999999999,26.4083033168159,26,16.4433774877375,0.0116712063567068,12.9352662037037,0.184835047618072,-0.171693380951406,0.0121457437094306,0.188261416816306,0.0010354592346219,-0.917700322178405,"OLS Mean loss | Full",-0.171693380951405,0.184835047618072,-0.917700322178405,-0.917583915809763,0.0121457437094306,0.0010354592346219
0.0508111111111111,9.07576373807728,6.36931392892479,0.05918,0.28,23.3056116940565,15,9.50105949458546,0.0188059896791059,13.3129398148148,0.0708343752462032,-0.0200232641350921,0.0114372248445672,0.188387061655869,0.0000132424836149025,-0.106985893742325,"OLS Mean loss | Full",-0.0200232641350918,0.0708343752462029,-0.106985893742325,-0.106900977797107,0.0114372248445672,0.0000132424836149025
0.0175277777777778,10.1622864685804,6.72945656152801,0.16276,0.489999999999999,24.7207404561667,31,16.0068525918868,0.0183775663187466,12.9222569444444,0.0840650774548592,-0.0665372996770814,0.0133778852782177,0.188369644117944,0.000171713190388569,-0.355863559056638,"OLS Mean loss | Full",-0.0665372996770811,0.0840650774548589,-0.355863559056638,-0.355613984712146,0.0133778852782177,0.000171713190388569
0.162716666666667,9.77502154328272,6.51834534955748,0.02679,0.089999999999999,23.6540874990632,26,16.4433774877375,0.0235993484326641,12.9046180555556,0.16512845776869,-0.00241179110202377,0.00797756846037458,0.18838876721763,0.000000133074385739127,-0.0128639016611362,"OLS Mean loss | Full",-0.00241179110202356,0.16512845776869,-0.0128639016611362,-0.0128535750633206,0.00797756846037458,0.000000133074385739127
0.0736305555555555,9.23341453509567,6.14442207807849,0.11217,0.62,25.4645095950131,22,14.2534052652925,0.0159907875921792,12.8949421296296,-0.0098239538732867,0.0834545094288422,0.0147736308863656,0.188358625876576,0.000299159187819172,0.446658459961918,"OLS Mean loss | Full",0.0834545094288426,-0.00982395387328709,0.446658459961918,0.446371318753983,0.0147736308863656,0.000299159187819172
0.521402777777778,9.73976434277211,7.10147234757105,0.0685,-0.18,22.4653790756848,14,11.3373759183925,0.0248871652785523,13.3863078703704,0.25030869693485,0.271094080842928,0.00779963589283247,0.188072469791699,0.00164324823160218,1.44581961781924,"OLS Mean loss | Full",0.271094080842928,0.25030869693485,1.44581961781924,1.4470885803395,0.00779963589283247,0.00164324823160218
0.00930602777777777,9.5008070092264,6.55771337074969,0.02251,0.05,24.6469107537636,19,10.9652048975416,0.0116712063567068,12.8822453703704,0.14360922181766,-0.134303194039883,0.00887182422439552,0.188311121584664,0.000459741284249736,-0.716663356445821,"OLS Mean loss | Full",-0.134303194039882,0.14360922181766,-0.716663356445821,-0.716383311277825,0.00887182422439552,0.000459741284249736
0.632491666666667,11.0694368556697,7.13838998636381,0.02052,-0.31,26.8640512231621,46,13.0224656040519,0.015978607015262,13.3899652777778,0.281691861713301,0.350799804953366,0.0214578659027861,0.187851409671426,0.00778276094861578,1.88392386301334,"OLS Mean loss | Full",0.350799804953366,0.281691861713301,1.88392386301334,1.88779625261988,0.0214578659027861,0.00778276094861578
0.0666083333333333,9.54217526242367,6.36577056484075,0.08408,0.62,25.1641164123774,24,13.6749522394388,0.0185720792459729,12.8775694444444,-0.0163253789397421,0.0829337122730754,0.013383041971934,0.188359043229592,0.000266874720702049,0.443558173920151,"OLS Mean loss | Full",0.0829337122730759,-0.0163253789397426,0.443558173920151,0.443272043604524,0.013383041971934,0.000266874720702049
0.0457861111111111,8.91111957994417,5.91794676224025,0.04728,0.14,26.2287693933139,20,15.5729770100151,0.015022302822953,12.8765046296296,0.118770042295033,-0.0729839311839222,0.0127147674444056,0.188365769181879,0.000196094395809912,-0.390211173427977,"OLS Mean loss | Full",-0.0729839311839219,0.118770042295033,-0.390211173427977,-0.389945531940298,0.0127147674444056,0.000196094395809912
0.237677777777778,10.5416824002162,7.7694897833614,0.05869,-0.069999999999999,23.9119877826671,16,14.5439528919661,0.0226203052710386,12.8691203703704,0.234232405006483,0.00344537277129439,0.00778421548566157,0.188388741187919,0.000000264888167570071,0.0183749819212905,"OLS Mean loss | Full",0.00344537277129466,0.234232405006483,0.0183749819212905,0.0183602337974672,0.00778421548566157,0.000000264888167570071
0.0142371388888889,9.68881206952445,6.69425658990249,0.03033,0.1,23.7716636140526,20,13.8314669089252,0.014393448831974,12.8707175925926,0.154878089934095,-0.140640951045206,0.00478912843393968,0.188303965879206,0.000269921443770583,-0.748941692627892,"OLS Mean loss | Full",-0.140640951045206,0.154878089934095,-0.748941692627892,-0.748677483574978,0.00478912843393968,0.000269921443770583
0.707922222222222,10.6982969713837,7.03559312511996,0.03186,-0.01,25.8012148781233,39,11.4258538264246,0.0222712487744623,13.2508333333333,0.174857358910238,0.533064863311985,0.0109080725342283,0.187158897402126,0.00894174653416313,2.84744600596401,"OLS Mean loss | Full",0.533064863311985,0.174857358910237,2.84744600596401,2.86385648437039,0.0109080725342283,0.00894174653416313
0.0303472222222222,9.38941132068024,6.09574581667253,0.18057,0.399999999999999,25.1617160933444,27,13.4993153875652,0.0133764301512562,13.9122453703704,0.0891087457726873,-0.0587615235504651,0.00887312233700139,0.188373926086511,0.0000880220736071605,-0.313561107585741,"OLS Mean loss | Full",-0.0587615235504648,0.089108745772687,-0.313561107585741,-0.313334078183185,0.00887312233700139,0.0000880220736071605
0.209161111111111,11.088840476091,8.31648095630244,0.17201,0.189999999999999,24.5302956853883,16,13.0624847487502,0.0132035726987764,19.2780792824074,0.189726506679785,0.0194346044313258,0.0178798239055435,0.188387151219795,0.0000197593621202758,0.104180672878089,"OLS Mean loss | Full",0.019434604431326,0.189726506679785,0.104180672878089,0.104097933978455,0.0178798239055435,0.0000197593621202758
0.602597222222222,9.6938690285445,6.39963404862577,0.01964,0,25.9465627382224,27,16.4433774877375,0.0125538296584778,13.908599537037,0.179240339101563,0.423356883120659,0.00845269986115896,0.187615904959095,0.00434879928939833,2.2586226345556,"OLS Mean loss | Full",0.42335688312066,0.179240339101563,2.2586226345556,2.26610617614808,0.00845269986115896,0.00434879928939833
0.0621027777777778,10.5154228409552,7.57147181303193,0.03177,0.03,25.2928386341755,19,10.1703124773136,0.0116712063567068,14.0935185185185,0.163250247205773,-0.101147469427995,0.016020923148563,0.188344421169053,0.000477763966216979,-0.541696287310777,"OLS Mean loss | Full",-0.101147469427995,0.163250247205773,-0.541696287310777,-0.541388877397551,0.016020923148563,0.000477763966216979
0.476538888888889,8.99409472345942,6.69262627334985,0.07581,0.09,22.6308054135485,10,9.28714543357954,0.022342427521114,14.4266550925926,0.141067501986613,0.335471386902276,0.0104923473759438,0.187902858733173,0.00340355562327015,1.7915943105866,"OLS Mean loss | Full",0.335471386902277,0.141067501986612,1.7915943105866,1.79478535872796,0.0104923473759438,0.00340355562327015
0.017875,10.2127506916875,7.91049583857998,0.23447,0.549999999999999,23.3295990682752,10,13.1539471137867,0.0197070790606513,19.2780792824074,0.0853562131787987,-0.0674812131787987,0.0232266357762174,0.188368898359621,0.000312861407589801,-0.362726885362563,"OLS Mean loss | Full",-0.0674812131787984,0.0853562131787984,-0.362726885362563,-0.362473932667764,0.0232266357762174,0.000312861407589801
0.0391611111111111,9.83865087858209,6.66182332850038,0.04067,0.06,24.8287955404752,24,14.4289613924485,0.0136313623939745,14.1193402777778,0.167676181770133,-0.128515070659022,0.00464631337511532,0.18831797534215,0.000218599566363513,-0.684319812300048,"OLS Mean loss | Full",-0.128515070659021,0.167676181770133,-0.684319812300048,-0.68402750996231,0.00464631337511532,0.000218599566363513
0.035825,9.60859869293234,6.51896537222606,0.06822,0.209999999999999,26.3035149287772,22,15.3483201398292,0.0165945905578706,14.2117361111111,0.112923665622031,-0.077098665622031,0.00969098777154027,0.18836317825684,0.000165770727856481,-0.411580949809994,"OLS Mean loss | Full",-0.0770986656220307,0.112923665622031,-0.411580949809994,-0.411306417979631,0.00969098777154027,0.000165770727856481
0.116886111111111,9.41674144866083,6.28303534791141,0.0734,0.11,22.8215375005023,23,14.2413090348534,0.0289569554026646,14.8520023148148,0.155964419075938,-0.0390783079648268,0.00610501853758039,0.188382235872406,0.0000266357562608808,-0.208237658322455,"OLS Mean loss | Full",-0.0390783079648265,0.155964419075938,-0.208237658322455,-0.208077707862247,0.00610501853758039,0.0000266357562608808
0.233722222222222,8.44536059558315,5.67599011561398,0.334929,0.62,21.5694196133591,16,12.3313495113373,0.0208705225039306,15.2380324074074,0.0708220033949477,0.162900218827275,0.0366849243017966,0.188271211795727,0.00296061398979764,0.881721149855501,"OLS Mean loss | Full",0.162900218827275,0.0708220033949474,0.881721149855501,0.881563440772774,0.0366849243017966,0.00296061398979764
0.506708333333333,10.3964413320747,7.21908969755543,0.01104,0.04,25.8316953257529,24,16.4433774877375,0.0117900602310783,19.2780792824074,0.174360361364508,0.332347971968825,0.0139883286580161,0.187910183536734,0.00448513294334867,1.77805738910213,"OLS Mean loss | Full",0.332347971968826,0.174360361364508,1.77805738910213,1.78115489359741,0.0139883286580161,0.00448513294334867
0.0688277777777778,9.22275784672745,6.22890036732564,0.04573,0.12,25.1187785163292,20,14.973653546961,0.0162736515196692,12.806412037037,0.136699354620685,-0.0678715768429073,0.00585895664532871,0.188369019116344,0.0000770704141392351,-0.361624383461093,"OLS Mean loss | Full",-0.0678715768429071,0.136699354620685,-0.361624383461093,-0.361371967948552,0.00585895664532871,0.0000770704141392351
0.156275,8.23764894232911,5.18136494140678,0.08725,0.17,24.2536575731346,19,15.4948824913062,0.022133071235936,14.183125,0.116398280302087,0.0398767196979132,0.0122569329358934,0.188381922702406,0.000056379370063208,0.213152877399541,"OLS Mean loss | Full",0.0398767196979135,0.116398280302087,0.213152877399541,0.212989505563602,0.0122569329358934,0.000056379370063208
0.0520642857142857,8.72979047705539,5.95962426314795,0.06695,0.049999999999999,23.9139629145309,16,9.96122418459237,0.0166261536763351,6.16898148148148,0.146934928423791,-0.0948706427095057,0.0111501576634729,0.188349950140349,0.000289648667465415,-0.50682781076225,"OLS Mean loss | Full",-0.0948706427095055,0.146934928423791,-0.50682781076225,-0.506525319158097,0.0111501576634729,0.000289648667465415
0.256217857142857,8.50237075749664,5.18136494140678,0.01622,0.02,25.1751984198444,30,11.0792401438569,0.0121518040779048,6.14613425925926,0.133372031760309,0.122845825382548,0.012611880563632,0.188323564448405,0.000550950267236409,0.656765336554548,"OLS Mean loss | Full",0.122845825382548,0.133372031760309,0.656765336554548,0.656465320621291,0.012611880563632,0.000550950267236409
0.0844694444444445,9.31168308965253,6.6048971616292,0.00839,0.05,24.3032603520389,15,13.6518761199967,0.0154373113797931,12.7273611111111,0.150616780063666,-0.0661473356192214,0.00581935098525494,0.188370011803904,0.000072703645896849,-0.352430488618278,"OLS Mean loss | Full",-0.0661473356192212,0.150616780063666,-0.352430488618278,-0.352182634516996,0.00581935098525494,0.000072703645896849
0.165521428571429,8.37316035121705,5.66833871438795,0.17077,0.279999999999999,24.2147631407347,15,13.9113523577973,0.013796096025808,6.1068287037037,0.123387157646259,0.0421342709251694,0.0124420212205263,0.188381121417836,0.0000639181561821282,0.225241261757963,"OLS Mean loss | Full",0.0421342709251696,0.123387157646259,0.225241261757963,0.225069582069653,0.0124420212205263,0.0000639181561821282
0.0684678571428571,8.67942833004919,6.73453795036007,0.03354,0.03,23.0355614441884,7,9.69619716531967,0.0131152790156354,6.32016203703704,0.158515916296256,-0.0900480591533992,0.0136397531586979,0.188353710737767,0.000320827540019079,-0.481670829220275,"OLS Mean loss | Full",-0.090048059153399,0.158515916296256,-0.481670829220275,-0.481373741020914,0.0136397531586979,0.000320827540019079
0.0464357142857143,8.31807757794263,7.21995329939562,0.0835,0.02,21.7114520141667,3,9.28714543357954,0.0127346667342979,6.08708333333333,0.194275897675024,-0.147840183389309,0.026876193056099,0.188292929029687,0.0017506691572656,-0.796163407332678,"OLS Mean loss | Full",-0.147840183389309,0.194275897675023,-0.796163407332678,-0.795929190473506,0.026876193056099,0.0017506691572656
0.139875,9.32658509036237,6.1930475250787,0.06199,0.15,23.6254294495181,23,16.1855889360232,0.022417946123546,6.06703703703704,0.155188542362758,-0.0153135423627576,0.00846675507469487,0.188387783054715,0.00000569955965007433,-0.081698821766959,"OLS Mean loss | Full",-0.0153135423627573,0.155188542362757,-0.081698821766959,-0.0816336638607999,0.00846675507469487,0.00000569955965007433
0.130621875,8.37264630861085,6.42812181812815,0.02097,0.01,22.0169238215437,7,12.1927683628697,0.0125621187171616,6.97881944444444,0.17695287138458,-0.0463309963845802,0.0118805256895965,0.188379522465094,0.0000737135893618046,-0.247605723840737,"OLS Mean loss | Full",-0.0463309963845801,0.17695287138458,-0.247605723840737,-0.247419097939005,0.0118805256895965,0.0000737135893618046
0.3938,10.3962432145854,7.30584204311503,0.02721,0.29,25.9858079049305,22,15.14190588138,0.0193197079859765,6.74715277777778,0.0951714771673483,0.298628522832652,0.0116349375155294,0.188003390021134,0.00299763944704296,1.59575554623655,"OLS Mean loss | Full",0.298628522832652,0.095171477167348,1.59575554623655,1.59774296144356,0.0116349375155294,0.00299763944704296
0.23721875,10.125190005006,7.5607212242751,0.02379,0.34,24.5918960745247,13,13.0838720306987,0.0157175928080436,6.69590277777778,0.0794634638803521,0.157755286119648,0.0118184191526327,0.188281299390661,0.000850043711630756,0.843061607908367,"OLS Mean loss | Full",0.157755286119648,0.0794634638803517,0.843061607908367,0.842865652819429,0.0118184191526327,0.000850043711630756
0.089953125,10.8185792263274,8.17978217477892,0.00811,0.02,21.286589598984,14,13.660432771423,0.0387454491146562,7.01201388888889,0.202902120679362,-0.112948995679362,0.0179980462983167,0.188333349985203,0.000671974737770505,-0.60550811347077,"OLS Mean loss | Full",-0.112948995679362,0.202902120679362,-0.60550811347077,-0.605200065287647,0.0179980462983167,0.000671974737770505
0.22836875,8.23764894232911,5.18136494140678,0.06174,0.109999999999999,23.4614695356568,22,16.3712440379147,0.0299876372150364,6.71402777777778,0.140874761773143,0.0874939882268573,0.0127295385831594,0.188355703287587,0.000282152784133924,0.4677932068329,"OLS Mean loss | Full",0.0874939882268575,0.140874761773142,0.4677932068329,0.467499732597305,0.0127295385831594,0.000282152784133924
0.110146875,9.87889839840375,6.62208215790222,0.04459,0.1,24.62579021643,26,16.4433774877375,0.0162275831264693,7.8871875,0.173370404063314,-0.0632235290633138,0.00774390086039626,0.188371602150799,0.0000887272939589336,-0.337179074740915,"OLS Mean loss | Full",-0.0632235290633136,0.173370404063314,-0.337179074740915,-0.336939101847431,0.00774390086039626,0.0000887272939589336
0.141603125,8.54685191817972,7.44862786484938,0.10656,0.62,22.2775625829987,3,12.8392247594802,0.0124220498323212,7.039375,0.0255631786384865,0.116039946361513,0.0383315038000616,0.188329036020957,0.00157509827759429,0.628620578558776,"OLS Mean loss | Full",0.116039946361514,0.0255631786384861,0.628620578558776,0.628315164253301,0.0383315038000616,0.00157509827759429
0.527155555555556,10.5807766179015,7.80856881729781,0.334929,0.62,21.8824925399247,16,14.3983628022989,0.0255790773885867,18.6692592592593,0.11629411259843,0.410861442957126,0.0409596793067061,0.187636222437999,0.0212158837510248,2.22879806969322,"OLS Mean loss | Full",0.410861442957126,0.116294112598429,2.22879806969322,2.23594065633261,0.0409596793067061,0.0212158837510248
0.065571875,9.35518860694567,6.71725534498775,0.14182,0.05,23.074031476731,14,10.1465853740599,0.0193751968123223,6.69914351851852,0.192718705481243,-0.127146830481243,0.00903625628327369,0.188319168372214,0.000419828216972409,-0.678532142080227,"OLS Mean loss | Full",-0.127146830481243,0.192718705481243,-0.678532142080227,-0.678238015138269,0.00903625628327369,0.000419828216972409
0.04369375,9.19093200612674,5.93538121975947,0.01768,0.25,25.6116748697276,26,10.6940731508559,0.0129418981228723,6.69490740740741,0.0643297871001529,-0.0206360371001529,0.0123437570034843,0.188386952425275,0.0000152081320716572,-0.110310578581743,"OLS Mean loss | Full",-0.0206360371001526,0.0643297871001526,-0.110310578581743,-0.110223087705147,0.0123437570034843,0.0000152081320716572
0.087515625,9.88484657900587,6.12578369099563,0.02,0.23,25.925512294409,43,14.031541864621,0.0352674261238896,6.99634259259259,0.0837881679757145,0.00372745702428545,0.0140133592695851,0.188388732109057,0.000000565214146737494,0.0199421004151975,"OLS Mean loss | Full",0.00372745702428576,0.0837881679757142,0.0199421004151975,0.0199260954513656,0.0140133592695851,0.000000565214146737494
0.179390625,8.96395434128251,6.13278593429784,0.02925,0.09,24.3291711974113,17,16.4433774877375,0.0190562415917754,6.725625,0.154459344598458,0.0249312804015417,0.00923011865714575,0.188386115264209,0.0000164944712032413,0.133061358904423,"OLS Mean loss | Full",0.0249312804015419,0.154459344598458,0.133061358904423,0.132956414487149,0.00923011865714575,0.0000164944712032413
0.117096875,8.23764894232911,6.19719962916108,0.01551,0.05,21.0405053075125,6,9.28714543357954,0.014796493566704,6.96412037037037,0.147290959991981,-0.0301940849919809,0.0156759460306848,0.188384840075138,0.000041628316517213,-0.16167638620649,"OLS Mean loss | Full",-0.0301940849919807,0.147290959991981,-0.16167638620649,-0.161549966883373,0.0156759460306848,0.000041628316517213
0.061678125,9.77565892851497,7.37833167348471,0.0092,0.1,23.726380934389,11,9.6198613065892,0.0125907500462595,7.00261574074074,0.138010325765771,-0.076332200765771,0.0140875291321598,0.188363573064665,0.000238320396654664,-0.408396839937645,"OLS Mean loss | Full",-0.0763322007657707,0.138010325765771,-0.408396839937645,-0.408123576541338,0.0140875291321598,0.000238320396654664
0.053365625,10.0253916678889,6.69438150907239,0.12142,0.189999999999999,26.2693315504079,28,11.1616133474804,0.0170209011621651,6.6887037037037,0.130840618246635,-0.0774749932466347,0.0112356808542896,0.188362887169951,0.000194681397528056,-0.413912863193052,"OLS Mean loss | Full",-0.0774749932466345,0.130840618246634,-0.413912863193052,-0.413637415149147,0.0112356808542896,0.000194681397528056
0.139003125,8.23764894232911,5.18136494140678,0.01049,0.01,24.0925338592022,32,11.2902460637342,0.014608114287663,7.05675925925926,0.142902399056692,-0.00389927405669152,0.0154519275665289,0.188388726341932,0.000000684012234671313,-0.0208765661635833,"OLS Mean loss | Full",-0.00389927405669129,0.142902399056691,-0.0208765661635833,-0.0208598118626415,0.0154519275665289,0.000000684012234671313
0.11575625,9.08110520784577,5.75196847302089,0.03706,0.1,25.623897763595,28,15.1765148671249,0.0124472819002405,6.68194444444444,0.143001065896111,-0.0272448158961112,0.00760840719667818,0.188385600604583,0.0000161838888919511,-0.145290128696953,"OLS Mean loss | Full",-0.027244815896111,0.143001065896111,-0.145290128696953,-0.145175936159872,0.00760840719667818,0.0000161838888919511
0.092175,9.69254253212445,6.5159077655603,0.01865,0.09,26.5972153173099,24,15.8670625892285,0.0116712063567068,4.09830324074074,0.150796296993617,-0.0586212969936172,0.0140602163955061,0.1883739191148,0.000140278013335337,-0.313634620731256,"OLS Mean loss | Full",-0.0586212969936169,0.150796296993617,-0.313634620731256,-0.313407549701767,0.0140602163955061,0.000140278013335337
0.266063888888889,9.41952435293292,6.16345387598312,0.04726,-0.02,21.117092136394,26,14.2339049917797,0.0366507367595099,9.00042824074074,0.20271837454929,0.0633455143395988,0.0150162124221639,0.188371408336065,0.000175275619424822,0.339074472493424,"OLS Mean loss | Full",0.0633455143395989,0.20271837454929,0.339074472493424,0.338833499255384,0.0150162124221639,0.000175275619424822
0.0623888888888889,9.40349378070538,8.01744669566057,0.05536,-0.31,22.4764883512047,4,12.1391035061653,0.0190443142232754,10.6202083333333,0.308839730177072,-0.246450841288183,0.0175664554258029,0.188124802903418,0.00311979401624577,-1.32090773320508,"OLS Mean loss | Full",-0.246450841288183,0.308839730177072,-1.32090773320508,-1.32169928693687,0.0175664554258029,0.00311979401624577
0.0691722222222222,9.6241952597192,6.29377411996267,0.0474,0.07,25.1810956666626,28,14.5562667859487,0.0199353055142827,7.57353009259259,0.160400254491805,-0.0912280322695825,0.00421985739375504,0.188353125874444,0.0000999574123609574,-0.48566895784372,"OLS Mean loss | Full",-0.0912280322695822,0.160400254491804,-0.48566895784372,-0.485370910792715,0.00421985739375504,0.0000999574123609574
0.0373138888888889,9.04224170489035,6.00008257901087,0.006301,0.02,21.974904811563,21,11.4059971417666,0.0284427692276276,13.9605902777778,0.147272907906471,-0.109959019017582,0.00866937499528188,0.188336741396581,0.000301023218279842,-0.586699022088603,"OLS Mean loss | Full",-0.109959019017581,0.14727290790647,-0.586699022088603,-0.586389983491104,0.00866937499528188,0.000301023218279842
0.0777388888888889,11.1080839101247,7.62162606229045,0.07799,0.62,26.8640512231621,46,13.1582924737961,0.01765836145203,8.91512731481481,0.0110719109659605,0.0666669779229284,0.0285660512407056,0.188369268843183,0.0003796931244006,0.359333658685472,"OLS Mean loss | Full",0.0666669779229288,0.0110719109659601,0.359333658685472,0.359082366062558,0.0285660512407056,0.0003796931244006
0.0337083333333333,11.0638941559337,6.83085250390329,0.1347,0.389999999999999,26.8640512231621,46,12.9106027626992,0.0177808134238258,9.9202662037037,0.0892189377567459,-0.0555106044234126,0.0150093529104806,0.188375442898692,0.000134535595770353,-0.297134904806139,"OLS Mean loss | Full",-0.0555106044234122,0.0892189377567456,-0.297134904806139,-0.296917377740411,0.0150093529104806,0.000134535595770353
0.1145,8.90194775906377,5.76944378560975,0.08582,0.169999999999999,25.2381342016612,23,13.9294774115294,0.0116712063567068,4.09830324074074,0.133321936617582,-0.0188219366175815,0.00957020697873109,0.18838726596782,0.00000975416483234305,-0.10047227307512,"OLS Mean loss | Full",-0.0188219366175812,0.133321936617581,-0.10047227307512,-0.100392418187331,0.00957020697873109,0.00000975416483234305
0.12166875,8.82875105470641,6.43231932088359,0.05826,0.079999999999999,21.268061394176,11,12.5968536978256,0.0176818144080267,4.09830324074074,0.178418096019865,-0.0567493460198653,0.0127936364402933,0.188374871751938,0.000119312892154095,-0.303424508492694,"OLS Mean loss | Full",-0.0567493460198651,0.178418096019865,-0.303424508492694,-0.303203296222551,0.0127936364402933,0.000119312892154095
0.126683333333333,9.47262380133045,6.83456605280589,0.0094,0,23.3885331032522,14,11.4806823894791,0.0116712063567068,7.91579861111111,0.17543742137991,-0.0487540880465767,0.00851016038138464,0.188378562366381,0.0000580725399572043,-0.260112170087637,"OLS Mean loss | Full",-0.0487540880465765,0.17543742137991,-0.260112170087637,-0.259917442501456,0.00851016038138464,0.0000580725399572043
0.216965625,10.5019780218397,8.55623275140403,0.11573,0.12,20.1956442435307,7,13.3174884969144,0.0521584717253257,6.91681712962963,0.204420318400712,0.0125453065992881,0.0203647433859685,0.188388106712031,0.00000942540945935239,0.0673353071330733,"OLS Mean loss | Full",0.0125453065992882,0.204420318400712,0.0673353071330733,0.0672814890819735,0.0203647433859685,0.00000942540945935239
0.307166666666667,9.82177348145009,8.64901914451803,0.006301,0.009999999999999,22.1999350781895,3,11.0249051302202,0.0174050817315228,16.6243634259259,0.191158823362481,0.116007843304185,0.0216309807735757,0.18833008870404,0.000858288060951083,0.623059864120772,"OLS Mean loss | Full",0.116007843304185,0.191158823362481,0.623059864120772,0.622753670538586,0.0216309807735757,0.000858288060951083
0.0694083333333333,9.30094581794697,5.69331067198366,0.11055,-0.31,25.8345326992355,37,11.1467411643635,0.0159727615687913,7.90376157407407,0.279925834861282,-0.210517501527949,0.0178155198018866,0.188196159542508,0.00230981031128958,-1.12845811103821,"OLS Mean loss | Full",-0.210517501527949,0.279925834861282,-1.12845811103821,-1.12870621569155,0.0178155198018866,0.00230981031128958
0.3217625,9.99158790172608,6.99672513557713,0.01517,0.22,24.2197166300192,20,10.5513116765567,0.0183410305862417,7.04668981481481,0.0965523330596642,0.225210166940336,0.0106580942561723,0.188169912023437,0.00155865597961556,1.20284193094715,"OLS Mean loss | Full",0.225210166940336,0.0965523330596639,1.20284193094715,1.20327420912895,0.0106580942561723,0.00155865597961556
0.049465625,10.4484559322337,7.1170339269815,0.06686,0.62,24.6368521250288,28,10.6687752381753,0.0191174469168762,7.05990740740741,-0.010222103483611,0.059687728483611,0.0202202944333196,0.188373276082466,0.000211781605880594,0.320342529646267,"OLS Mean loss | Full",0.0596877284836115,-0.0102221034836114,0.320342529646267,0.32011169483184,0.0202202944333196,0.000211781605880594
0.0917194444444444,8.31305078183366,5.83083873849612,0.00865,0.11,20.9071489012277,12,9.64894100927304,0.0405961613683343,9.09766203703704,0.10029750496679,-0.00857806052234544,0.0135936796474993,0.188388473929544,0.00000290128965018544,-0.0458833323848781,"OLS Mean loss | Full",-0.00857806052234525,0.10029750496679,-0.0458833323848781,-0.0458465705554474,0.0135936796474993,0.00000290128965018544
0.10455625,8.31276789094903,5.67689521643712,0.03464,0.169999999999999,23.0492877983164,14,15.489070444971,0.0206135625303834,6.70587962962963,0.122726470328358,-0.0181702203283584,0.0103083233051821,0.188387368772763,0.00000980609554876566,-0.0970295469757167,"OLS Mean loss | Full",-0.0181702203283582,0.122726470328358,-0.0970295469757167,-0.0969523754424134,0.0103083233051821,0.00000980609554876566
0.053546875,9.39517123499293,6.623828603359,0.05433,0.019999999999999,21.2313825892709,16,12.7449508753802,0.0330157421091877,7.03578703703704,0.189260670572184,-0.135713795572184,0.00816925650879308,0.188309537296045,0.000431661119665743,-0.723934014940037,"OLS Mean loss | Full",-0.135713795572184,0.189260670572184,-0.723934014940037,-0.723657216903831,0.00816925650879308,0.000431661119665743
0.035703125,8.8923811244055,5.80422058686737,0.07181,0.04,23.8673176795407,22,13.3895356254121,0.0137864677851383,6.72009259259259,0.175357444771135,-0.139654319771135,0.00625315353369569,0.188305028874849,0.000348532956983101,-0.744235292924034,"OLS Mean loss | Full",-0.139654319771134,0.175357444771134,-0.744235292924034,-0.743968544398001,0.00625315353369569,0.000348532956983101
0.040575,9.30916338020406,6.3151508428151,0.05562,0.099999999999999,24.4306583765761,20,12.0002217659285,0.0155550615881532,6.69928240740741,0.144742777945491,-0.104167777945491,0.00595664929037607,0.188342207920359,0.000184605960870537,-0.555040286829553,"OLS Mean loss | Full",-0.104167777945491,0.144742777945491,-0.555040286829553,-0.554731822956967,0.00595664929037607,0.000184605960870537
0.045053125,10.3743058274617,6.61441628380625,0.02,0.13,24.901958238156,43,12.4441614814362,0.0208232649063493,6.67351851851852,0.140710958945815,-0.0956578339458147,0.0133891332210672,0.18834921318681,0.000355213364319514,-0.511612756284567,"OLS Mean loss | Full",-0.0956578339458144,0.140710958945814,-0.511612756284567,-0.511309409457972,0.0133891332210672,0.000355213364319514
0.02687959375,11.1080839101247,7.96948090126694,0.00803,0.03,24.2770288054552,25,13.9742065791334,0.0307053078184508,6.67935185185185,0.18749640040842,-0.16061680665842,0.0130719621910547,0.188277221663627,0.000977100693113111,-0.858898833081612,"OLS Mean loss | Full",-0.16061680665842,0.18749640040842,-0.858898833081612,-0.858717794697323,0.0130719621910547,0.000977100693113111
0.139247222222222,10.0901565661384,6.42817014349374,0.06137,0.01,25.2992684242629,39,11.7551081168742,0.0184749721486467,8.09993055555556,0.180833509520546,-0.0415862872983234,0.00836112461296751,0.188381350404852,0.0000414997466297138,-0.221853940337447,"OLS Mean loss | Full",-0.0415862872983232,0.180833509520545,-0.221853940337447,-0.221684573008446,0.00836112461296751,0.0000414997466297138
0.219153125,10.6214639466244,7.62619491709193,0.01242,0.029999999999999,24.3352616193343,20,14.8966777282271,0.0116712063567068,6.71506944444444,0.200192288951441,0.0189608360485594,0.0127968370390248,0.188387238295452,0.0000133226944400051,0.101378995324153,"OLS Mean loss | Full",0.0189608360485597,0.20019228895144,0.101378995324153,0.101298434657619,0.0127968370390248,0.0000133226944400051
0.0381444444444444,10.3811976015897,6.39385574119689,0.08035,0.62,26.024133108554,46,15.0801545891831,0.0190355376540351,13.7306481481481,-0.00010413318782314,0.0382485776322676,0.0208070236890169,0.188382417031747,0.0000895965938319264,0.205340641177784,"OLS Mean loss | Full",0.038248577632268,-0.000104133187823575,0.205340641177784,0.205182718644113,0.0208070236890169,0.0000895965938319264
0.09975625,9.55714888073651,6.12528025254767,0.06411,0.429999999999999,25.0272794686208,31,15.7519191520501,0.0172218971885847,6.67076388888889,0.0592379020851071,0.0405183479148929,0.010894078538664,0.188381709626536,0.0000515936074374605,0.216433308054119,"OLS Mean loss | Full",0.0405183479148934,0.0592379020851066,0.216433308054119,0.216267666536595,0.010894078538664,0.0000515936074374605
0.180696875,9.9564574007865,6.59048846214174,0.26999,0.08,26.5173961988158,29,16.4433774877375,0.0320234398924054,6.67550925925926,0.230649076822569,-0.0499522018225686,0.0238432061052704,0.188377884697171,0.000176206652536534,-0.268589242618929,"OLS Mean loss | Full",-0.0499522018225684,0.230649076822568,-0.268589242618929,-0.268389134345672,0.0238432061052704,0.000176206652536534
0.546852777777778,9.35085263635459,7.04904925944826,0.14567,-0.149999999999999,23.1154292348585,10,12.3745335263816,0.0157460721549979,7.67913194444444,0.276744570345349,0.270108207432429,0.00982713294401246,0.18807412469199,0.00206380133010289,1.4420357893117,"OLS Mean loss | Full",0.270108207432429,0.276744570345349,1.4420357893117,1.4432887309669,0.00982713294401246,0.00206380133010289
0.0293258888888889,10.7468071119318,6.6705167016074,0.04963,0.469999999999999,26.8640512231621,46,12.2605116542889,0.0116712063567068,7.98373842592593,0.0333615280474884,-0.00403563915859955,0.0183416561828264,0.188388721444577,0.000000874842789580924,-0.0216384383966465,"OLS Mean loss | Full",-0.00403563915859914,0.033361528047488,-0.0216384383966465,-0.0216210732240385,0.0183416561828264,0.000000874842789580924
0.0231622777777778,8.73780225266222,5.56343097214962,0.334929,0.62,24.6569714720266,24,14.1815204941859,0.0148770979601927,13.1489814814815,0.065733691588138,-0.0425714138103602,0.0278786872275815,0.188380837068361,0.000150888129681831,-0.229377920005805,"OLS Mean loss | Full",-0.0425714138103599,0.0657336915881377,-0.229377920005805,-0.229203433310104,0.0278786872275815,0.000150888129681831
0.162185714285714,10.2593444506866,7.00212324553244,0.334929,-0.31,25.8561263706052,26,15.8589310753295,0.0161060559635847,5.70247685185185,0.405214495458876,-0.243028781173162,0.0378610115086664,0.188126669675644,0.00681741200251457,-1.31623238181658,"OLS Mean loss | Full",-0.243028781173162,0.405214495458876,-1.31623238181658,-1.31700806510518,0.0378610115086664,0.00681741200251457
0.744367857142857,9.86528329796175,6.68842353935948,0.26922,-0.24,25.090102091028,24,13.3460884471039,0.0321740314129689,6.10787037037037,0.328590519628868,0.415777337513989,0.0252285080924604,0.187630532040955,0.0129537376220346,2.23719156541576,"OLS Mean loss | Full",0.415777337513989,0.328590519628868,2.23719156541576,2.24442911677425,0.0252285080924604,0.0129537376220346
0.21705,9.3637962140596,6.03390492066043,0.1571,0.43,26.231268621686,28,14.8409841969828,0.0145352585375803,5.97740740740741,0.0750583478910201,0.14199165210898,0.0115450953298643,0.188301737245798,0.000672352408340126,0.758714093036167,"OLS Mean loss | Full",0.14199165210898,0.0750583478910198,0.758714093036167,0.758455413054986,0.0115450953298643,0.000672352408340126
0.562017857142857,9.16664354178127,5.55947937116866,0.01001,0,24.6979802639235,37,16.4433774877375,0.0207475951401483,6.10444444444444,0.177346555569441,0.384671301573416,0.0135279266760045,0.187747643207242,0.00580535473949993,2.05750622832839,"OLS Mean loss | Full",0.384671301573417,0.177346555569441,2.05750622832839,2.06287491797671,0.0135279266760045,0.00580535473949993
0.044945,8.84458503721956,5.3526799958557,0.006301,0.03,22.7996972141737,33,12.031417375553,0.0463174822215146,4.09830324074074,0.129322198092197,-0.0843771980921974,0.0176350465331158,0.188357865255004,0.000367171215281156,-0.452254022860665,"OLS Mean loss | Full",-0.0843771980921971,0.129322198092197,-0.452254022860665,-0.451965109565475,0.0176350465331158,0.000367171215281156
0.0354708333333333,8.90024156427937,5.53675643189871,0.07283,0.24,25.3740278243451,29,15.8977430575943,0.0170328806556263,5.23986111111111,0.10960069466213,-0.074129861328797,0.00988270796404509,0.188365108426283,0.000156342331777885,-0.39577069553944,"OLS Mean loss | Full",-0.0741298613287966,0.10960069466213,-0.39577069553944,-0.395502656689683,0.00988270796404509,0.000156342331777885
0.0268607142857143,9.76133516154893,6.26667030494527,0.01966,0.03,24.5142622520776,33,11.633876949104,0.0206707252762889,5.49421296296296,0.158255418258886,-0.131394703973172,0.00821622655571137,0.188314499061516,0.000406988060502977,-0.700911411320087,"OLS Mean loss | Full",-0.131394703973172,0.158255418258886,-0.700911411320087,-0.700624955278159,0.00821622655571137,0.000406988060502977
0.413745833333333,9.27824193197264,5.78471983739114,0.08125,0.109999999999999,22.7325834165117,33,14.4502152653387,0.0340731048521084,5.15618055555556,0.163031102005762,0.250714731327572,0.0126254385476792,0.188116950722454,0.00229736419461369,1.34039455463719,"OLS Mean loss | Full",0.250714731327572,0.163031102005761,1.34039455463719,1.3412537687183,0.0126254385476792,0.00229736419461369
0.0334458333333333,8.79306329209321,6.71468366249413,0.07467,0.01,24.6018730401074,8,12.5192384905398,0.0165998295038606,5.41946759259259,0.179489312518015,-0.146043479184681,0.014446168215222,0.188296425622379,0.000895249001689144,-0.781512203993222,"OLS Mean loss | Full",-0.146043479184681,0.179489312518014,-0.781512203993222,-0.781267789138997,0.014446168215222,0.000895249001689144
0.0390958333333333,8.42605852461155,5.3859081813851,0.02116,0.03,24.1340750851466,21,12.6447803568466,0.0153216895807653,5.15548611111111,0.144781469168865,-0.105685635835532,0.00937039452370169,0.188340675003798,0.000300991851163192,-0.564097379509161,"OLS Mean loss | Full",-0.105685635835532,0.144781469168865,-0.564097379509161,-0.563788470825873,0.00937039452370169,0.000300991851163192
0.757489285714286,10.5942624168778,6.33333515958256,0.334929,0.53,26.8640512231621,46,11.800400816838,0.0189210696239344,5.54680555555556,0.100787101298257,0.656702184416029,0.0312293111192042,0.186479612975873,0.0404990544560509,3.54447350924406,"OLS Mean loss | Full",0.656702184416029,0.100787101298256,3.54447350924406,3.57788688793637,0.0312293111192042,0.0404990544560509
0.690214285714286,8.90381238386566,5.86200365967742,0.14116,-0.06,22.9206122891223,21,15.3821030341025,0.0213532265475546,5.51648148148148,0.246259287386817,0.443954998327469,0.011941261273866,0.187535683974649,0.00680377764151924,2.37269184321242,"OLS Mean loss | Full",0.443954998327469,0.246259287386817,2.37269184321242,2.38157164733521,0.011941261273866,0.00680377764151924
0.4534875,10.0537164631841,8.10806443410504,0.334929,-0.31,20.1007726202039,7,9.28714543357954,0.0393740104720402,7.54538194444444,0.402295152219461,0.0511923477805388,0.0377744649812138,0.188377170496923,0.00030174647110997,0.277242864787806,"OLS Mean loss | Full",0.0511923477805388,0.402295152219461,0.277242864787806,0.27703735960321,0.0377744649812138,0.00030174647110997
0.0979944444444444,10.9927170236219,7.73504099174795,0.14092,-0.31,23.5464835910807,26,12.3022532767325,0.041561219223106,18.7846759259259,0.316743816940926,-0.218749372496482,0.0269366499625313,0.188178840659274,0.00384186873264479,-1.17806709930177,"OLS Mean loss | Full",-0.218749372496482,0.316743816940926,-1.17806709930177,-1.17843455733323,0.0269366499625313,0.00384186873264479
0.0513964285714286,9.8336072706849,7.26930113418655,0.01479,0.04,25.4277478124938,13,14.6218348498445,0.0170587311686251,6.46743055555556,0.168031293963949,-0.116634865392521,0.0123599849397853,0.188330009415973,0.000486479909875885,-0.623480425172636,"OLS Mean loss | Full",-0.116634865392521,0.168031293963949,-0.623480425172636,-0.623174287271937,0.0123599849397853,0.000486479909875885
0.022734375,11.1080839101247,7.54127132812416,0.05876,0.09,26.8640512231621,46,12.9937038479586,0.0156550520353372,6.40740740740741,0.178992191108709,-0.156257816108709,0.020493850441412,0.188282396667254,0.00147190664971979,-0.838748846444413,"OLS Mean loss | Full",-0.156257816108709,0.178992191108709,-0.838748846444413,-0.838549006838118,0.020493850441412,0.00147190664971979
0.0285888888888889,9.44357675717764,6.44934808869309,0.0883,0.059999999999999,23.3419683647585,20,14.4152479683325,0.0132716405697055,10.4474305555556,0.193642468478678,-0.16505357958979,0.00623376892835335,0.188271781662885,0.0004853104726414,-0.879582538451805,"OLS Mean loss | Full",-0.165053579589789,0.193642468478678,-0.879582538451805,-0.879422550019016,0.00623376892835335,0.0004853104726414
0.06696875,10.4337957267027,6.90840563001687,0.28305,0.32,25.2665662574829,34,11.8047278653254,0.0434044764661369,6.47185185185185,0.142757469128413,-0.0757887191284132,0.0251354441280773,0.188363649162165,0.000428740662815966,-0.40778025783308,"OLS Mean loss | Full",-0.0757887191284131,0.142757469128413,-0.40778025783308,-0.40750724236958,0.0251354441280773,0.000428740662815966
0.0469714285714286,9.55082708927607,6.15169071181567,0.1089,0.62,26.8640512231621,30,15.2386999261976,0.026498504558666,6.03652777777778,-0.0144062497363583,0.0613776783077868,0.0208898271747101,0.188372373761692,0.000231675534051187,0.329525057386738,"OLS Mean loss | Full",0.0613776783077872,-0.0144062497363587,0.329525057386738,0.329289183075367,0.0208898271747101,0.000231675534051187
0.0469785714285714,9.55353903722538,6.22324833710868,0.0468,0.15,24.2953074202249,28,15.1564445635588,0.0263108001753793,6.00773148148148,0.139394917828419,-0.0924163463998474,0.00607995709456354,0.188352122063447,0.000148348358788216,-0.492455327323958,"OLS Mean loss | Full",-0.0924163463998471,0.139394917828419,-0.492455327323958,-0.49215573848925,0.00607995709456354,0.000148348358788216
0.0328142857142857,8.98709770562524,5.99373785106838,0.03196,0.1,25.2194242502427,20,14.8898371954277,0.0116712063567068,6.00928240740741,0.142943207846085,-0.1101289221318,0.00885794710731145,0.188336570462278,0.000308639560648106,-0.587661455236115,"OLS Mean loss | Full",-0.110128922131799,0.142943207846085,-0.587661455236115,-0.587352442766034,0.00885794710731145,0.000308639560648106
0.0149857142857143,10.3122055049386,6.64990561555025,0.04255,0.07,26.8640512231621,39,14.7961295535219,0.0122096888000428,5.99756944444444,0.170039294747983,-0.155053580462269,0.0108984275251377,0.188285047311968,0.000755845780093562,-0.828237942791846,"OLS Mean loss | Full",-0.155053580462269,0.170039294747983,-0.828237942791846,-0.828028950490618,0.0108984275251377,0.000755845780093562
0.053275,9.97428113467673,6.42051563238964,0.08465,0.14,25.2652354590253,35,14.289362349698,0.0278159073891465,6.38793981481481,0.15056205161148,-0.0972870516114803,0.00634810328899142,0.188348143483884,0.00017174063907316,-0.518479605520943,"OLS Mean loss | Full",-0.0972870516114801,0.15056205161148,-0.518479605520943,-0.518175130086364,0.00634810328899142,0.00017174063907316
0.049384375,9.28105457738415,5.88255556344817,0.04541,0.08,23.4062650557767,30,10.7835361184778,0.0302595859396079,6.37831018518519,0.135936197937086,-0.0865518229370861,0.00798308116218916,0.188356567078755,0.000171503253550215,-0.461647458404541,"OLS Mean loss | Full",-0.0865518229370859,0.135936197937086,-0.461647458404541,-0.46135572400143,0.00798308116218916,0.000171503253550215
0.1309,8.54288973190232,6.34722334923916,0.12803,-0.31,22.0525766442401,9,13.7934430948939,0.0243398123746545,6.01527777777778,0.317891523417029,-0.186991523417029,0.0147363786428314,0.188237299922036,0.00149801876753452,-1.000781952771,"OLS Mean loss | Full",-0.186991523417029,0.317891523417029,-1.000781952771,-1.00078321140711,0.0147363786428314,0.00149801876753452
0.0279714285714286,9.29224826934758,5.99880406635766,0.1165,0.32,25.7304706135404,27,12.9003093690413,0.0120112684338196,5.97930555555556,0.0911486961388333,-0.0631772675674047,0.00854743918920957,0.188371613386942,0.0000979493047079568,-0.337068864745467,"OLS Mean loss | Full",-0.0631772675674044,0.091148696138833,-0.337068864745467,-0.336828950197822,0.00854743918920957,0.0000979493047079568
0.121742857142857,9.43468113123089,6.25846341265307,0.02843,0.049999999999999,22.082272837951,24,12.7693629909667,0.027224189204505,5.90195601851852,0.168694131852773,-0.0469512747099154,0.00947389750523399,0.188379295720244,0.0000600729758642481,-0.250615654013975,"OLS Mean loss | Full",-0.0469512747099152,0.168694131852772,-0.250615654013975,-0.250427060890379,0.00947389750523399,0.0000600729758642481
0.0269888888888889,9.92134625634262,7.28292721785779,0.06607,0.29,22.4276913861334,14,13.20033734575,0.019005977165069,12.8955671296296,0.11663311354857,-0.089644224659681,0.00847329238676719,0.188354205894715,0.000195467936434493,-0.47825979796351,"OLS Mean loss | Full",-0.0896442246596807,0.11663311354857,-0.47825979796351,-0.477963557140271,0.00847329238676719,0.000195467936434493
0.127935714285714,9.00652291568468,6.23577161583133,0.02919,0.04,23.8612793852458,16,9.96620153423689,0.0171668232353655,5.90315972222222,0.142914888010079,-0.0149791737243643,0.0110309667831785,0.188387824140749,0.00000714186183450393,-0.0800184768257268,"OLS Mean loss | Full",-0.014979173724364,0.142914888010078,-0.0800184768257268,-0.0799546416207934,0.0110309667831785,0.00000714186183450393
0.0422541666666667,8.50040118593481,6.42238233904178,0.11156,0.1,22.3679777892853,8,12.6841950734296,0.0153411739952802,4.91702546296296,0.179480065380323,-0.137225898713656,0.0107634196597904,0.18830754844006,0.000584533820768219,-0.732959147159089,"OLS Mean loss | Full",-0.137225898713656,0.179480065380323,-0.732959147159089,-0.732686636706756,0.0107634196597904,0.000584533820768219
0.0664714285714286,8.28378707971029,5.45460685329456,0.01309,0.02,22.7454875917858,17,10.4041148654857,0.0192001894524518,5.27596064814815,0.139394213397019,-0.0729227848255909,0.0115208957515318,0.188365835507818,0.00017695599882534,-0.389648732657968,"OLS Mean loss | Full",-0.0729227848255907,0.139394213397019,-0.389648732657968,-0.38938333695265,0.0115208957515318,0.00017695599882534
0.595816666666667,9.99533167905714,6.28358244465137,0.20338,-0.109999999999999,25.0298533225478,41,11.2451473218729,0.0174038666031719,13.2646180555556,0.264105964368033,0.331710702298634,0.016526913046233,0.187910787313725,0.00530607382727415,1.77693692852352,"OLS Mean loss | Full",0.331710702298634,0.264105964368033,1.77693692852352,1.78002676166516,0.016526913046233,0.00530607382727415
0.03261875,10.4908323474948,7.54689346424331,0.06869,0.139999999999999,23.9157437021645,19,9.50850790435126,0.0131053835933867,6.87979166666667,0.154083178412894,-0.121464428412894,0.0162543895156841,0.188324787259183,0.000699343926624982,-0.650581150486852,"OLS Mean loss | Full",-0.121464428412894,0.154083178412894,-0.650581150486852,-0.650279737186162,0.0162543895156841,0.000699343926624982
0.11476875,9.86744564092346,6.53663969634798,0.10014,0.15,26.4672211344796,28,15.9899250226548,0.0118610775033922,6.87888888888889,0.162650130354239,-0.0478813803542394,0.0087851469608835,0.18837892259405,0.0000578541198383864,-0.255491543815625,"OLS Mean loss | Full",-0.0478813803542392,0.162650130354239,-0.255491543815625,-0.255299787167503,0.0087851469608835,0.0000578541198383864
0.056634375,9.34935117379415,6.30656766052178,0.01387,0.02,24.8348492535518,21,15.4713894174955,0.0116712063567068,6.87891203703704,0.175838564366509,-0.119204189366509,0.00806213723413621,0.188327656718656,0.000328588096472101,-0.635832984918974,"OLS Mean loss | Full",-0.119204189366509,0.175838564366509,-0.635832984918974,-0.635528721023723,0.00806213723413621,0.000328588096472101
0.0522035714285714,9.26222897027519,6.17317834463247,0.11461,0.409999999999999,23.96504600463,22,11.1446101546135,0.0170635445381278,5.89952546296296,0.0619818639270035,-0.00977829249843204,0.0104520734230216,0.188388379936484,0.00000288033082486218,-0.0522201814738678,"OLS Mean loss | Full",-0.00977829249843172,0.0619818639270032,-0.0522201814738678,-0.0521783685801135,0.0104520734230216,0.00000288033082486218
0.03443125,9.98818519302565,6.65722028079523,0.07842,0.29,24.4210285446715,28,14.0511179802739,0.0400098980909881,6.22028935185185,0.0937391351896706,-0.0593078851896706,0.0112516585299256,0.188373611909047,0.000114250319192528,-0.31685701260911,"OLS Mean loss | Full",-0.0593078851896703,0.0937391351896703,-0.31685701260911,-0.316628124938882,0.0112516585299256,0.000114250319192528
0.16626875,10.8087705894449,8.24406385898762,0.334929,-0.31,25.126596587988,13,11.9461755538375,0.0325615022325046,6.2140625,0.388851083417071,-0.222582333417071,0.0471789977630195,0.188166793460443,0.00726599321970255,-1.21137553787552,"OLS Mean loss | Full",-0.222582333417071,0.388851083417071,-1.21137553787552,-1.21183096669401,0.0471789977630195,0.00726599321970255
0.0563416666666667,11.1080839101247,7.75911235990344,0.00871,0.039999999999999,26.8640512231621,30,13.1170621222021,0.0312733025098348,7.14548611111111,0.155540146943144,-0.099198480276477,0.0214176365636918,0.188345879454656,0.000621118338259548,-0.532721341743148,"OLS Mean loss | Full",-0.0991984802764767,0.155540146943143,-0.532721341743148,-0.532414902762161,0.0214176365636918,0.000621118338259548
0.409263888888889,9.16163589171578,6.0284488143731,0.02538,0.01,24.9813143838492,23,15.8035606764537,0.0140227174407205,7.13891203703704,0.17712478001278,0.232139108876109,0.0077575996474372,0.188156908246147,0.00119832870997988,1.23803576627461,"OLS Mean loss | Full",0.23213910887611,0.177124780012779,1.23803576627461,1.23856628551011,0.0077575996474372,0.00119832870997988
0.22505625,9.73787118250671,7.0306467245845,0.0435,0.049999999999999,24.6070715457624,15,12.8875889648419,0.0193277418677651,6.85842592592593,0.166964200351488,0.0580920496485124,0.0071775053279082,0.188374287727145,0.0000693507631384584,0.309723861139003,"OLS Mean loss | Full",0.0580920496485127,0.166964200351487,0.309723861139003,0.309499015862636,0.0071775053279082,0.0000693507631384584
0.339258333333333,9.78733397010573,6.65307447678638,0.00821,0,23.9245017900757,23,13.7537100163545,0.0242290423629916,7.73273148148148,0.175358595961166,0.163899737372167,0.00477859724655389,0.188273581174044,0.000365767461098849,0.872794846398393,"OLS Mean loss | Full",0.163899737372167,0.175358595961166,0.872794846398393,0.872627751967955,0.00477859724655389,0.000365767461098849
0.316125,10.4693585541381,7.76170577977518,0.03546,-0.04,23.0601462105839,15,15.4482128601839,0.0521584717253257,7.14180555555556,0.20573685505502,0.11038814494498,0.0233714010884244,0.188335544473894,0.000842671453164528,0.593405388159595,"OLS Mean loss | Full",0.11038814494498,0.20573685505502,0.593405388159595,0.593096586305464,0.0233714010884244,0.000842671453164528
0.10049375,9.73470478143245,7.78914972820567,0.18702,0.06,22.6763770151445,7,13.0289397838057,0.0172459404988312,6.83863425925926,0.242054825908388,-0.141561075908388,0.0117785520157485,0.188302244092461,0.000682116572412643,-0.75650270658511,"OLS Mean loss | Full",-0.141561075908388,0.242054825908388,-0.75650270658511,-0.756242745007659,0.0117785520157485,0.000682116572412643
0.0165305555555556,9.63696989776218,6.69370509854885,0.05488,0.09,22.8983219601707,19,13.7926909553525,0.0292152602741723,8.74893518518519,0.163598905446348,-0.147068349890793,0.00400064239936333,0.188296106953127,0.000246171399290561,-0.782858839373619,"OLS Mean loss | Full",-0.147068349890792,0.163598905446348,-0.782858839373619,-0.782615327847643,0.00400064239936333,0.000246171399290561
0.0122484722222222,10.072595393148,7.770390216003,0.02298,0.059999999999999,22.9493622981838,10,14.3154063277419,0.0174076894053787,8.73618055555556,0.189793244412335,-0.177544772190112,0.0079551378892625,0.188253159230486,0.000719098534539569,-0.946969523039917,"OLS Mean loss | Full",-0.177544772190112,0.189793244412334,-0.946969523039917,-0.94689093684802,0.0079551378892625,0.000719098534539569
0.200383333333333,8.34529232652152,6.73680401115616,0.02494,-0.209999999999999,22.9985978255052,5,9.28714543357954,0.0192514312857948,9.18363425925926,0.220941315841017,-0.0205579825076834,0.020580493642602,0.188386950961254,0.0000255897952834453,-0.110354459164412,"OLS Mean loss | Full",-0.0205579825076832,0.220941315841017,-0.110354459164412,-0.110266934341634,0.020580493642602,0.0000255897952834453
0.041475,9.03024288247001,5.20697502600209,0.06179,0.039999999999999,22.8474959384865,46,12.9077698630421,0.0358858732954344,9.08238425925926,0.162166884588916,-0.120691884588916,0.0225817196589445,0.188325189829716,0.000971716937830836,-0.648532297620052,"OLS Mean loss | Full",-0.120691884588916,0.162166884588916,-0.648532297620052,-0.648230447866807,0.0225817196589445,0.000971716937830836
0.128713888888889,8.23764894232911,5.57944503260625,0.02613,0.09,22.6200809409108,10,10.5193323267708,0.0399143896663706,9.16993055555556,0.0969434114221221,0.0317704774667669,0.0200722833552601,0.188384396992581,0.0000595447831093082,0.17049847154301,"OLS Mean loss | Full",0.0317704774667671,0.0969434114221218,0.17049847154301,0.170365554683787,0.0200722833552601,0.0000595447831093082
0.144141666666667,9.05240906253313,7.4434394747177,0.09708,-0.31,22.9959729127876,5,13.0030522318692,0.0146576279841901,8.7580787037037,0.318948520122723,-0.174806853456056,0.0180045601908615,0.188255965615322,0.00161015625808333,-0.937124925097844,"OLS Mean loss | Full",-0.174806853456056,0.318948520122723,-0.937124925097844,-0.937033187053391,0.0180045601908615,0.00161015625808333
0.0212527777777778,9.77903001545707,7.98755363963648,0.10789,0.07,22.275339673141,6,9.28714543357954,0.0160631181192596,8.71189814814815,0.196101111080436,-0.174848333302658,0.0127339285960606,0.188256612244537,0.00112720918210021,-0.934841879470685,"OLS Mean loss | Full",-0.174848333302658,0.196101111080436,-0.934841879470685,-0.934747154213215,0.0127339285960606,0.00112720918210021
0.489683333333333,9.9090288220548,8.64901914451803,0.006301,0.35,22.2997012376583,3,9.28714543357954,0.0201790022212762,8.75724537037037,0.0750833609493779,0.414599972383955,0.0227413984666002,0.187636751609599,0.0115516558131378,2.22801590675638,"OLS Mean loss | Full",0.414599972383956,0.0750833609493777,2.22801590675638,2.23514968324488,0.0227413984666002,0.0115516558131378
0.444627777777778,9.60946469586728,7.21224010539759,0.01817,-0.01,22.1532399884816,11,14.506290556145,0.0155222148619739,9.32157407407407,0.209588081250146,0.235039696527632,0.00946003050323953,0.188150664736414,0.00150320600263449,1.25458180446002,"OLS Mean loss | Full",0.235039696527632,0.209588081250146,1.25458180446002,1.25516106328845,0.00946003050323953,0.00150320600263449
0.516763888888889,8.32486348745458,6.93929610406757,0.24014,-0.28,20.2237173075694,4,10.6746898297597,0.0521584717253257,18.7382638888889,0.314831053109026,0.201932835779863,0.0422636177095697,0.188207030686572,0.00530244441723852,1.09616951636351,"OLS Mean loss | Full",0.201932835779863,0.314831053109026,1.09616951636351,1.09634719153919,0.0422636177095697,0.00530244441723852
0.0366083333333333,9.71675917013401,7.92530098048169,0.1658,0.01,20.7177146247696,6,16.0787376471113,0.0521584717253257,12.335775462963,0.248965304916424,-0.212356971583091,0.0235930203811801,0.188191616231742,0.00314950554425798,-1.14168121355749,"OLS Mean loss | Full",-0.21235697158309,0.248965304916424,-1.14168121355749,-1.14195979392348,0.0235930203811801,0.00314950554425798
0.500825,11.0486550202095,7.3856977156258,0.06427,-0.109999999999999,26.0754139033144,39,14.9973679366469,0.0116712063567068,6.98578703703704,0.259401644736083,0.241423355263917,0.0167329742573044,0.188135685626854,0.00284692675320958,1.29341327169571,"OLS Mean loss | Full",0.241423355263917,0.259401644736083,1.29341327169571,1.29411348694998,0.0167329742573044,0.00284692675320958
0.0372305555555556,9.87096073499755,6.57646594807809,0.08489,0.06,26.0497159865411,27,11.3905198083206,0.036914714368989,7.38648148148148,0.141052691270949,-0.103822135715393,0.0201523255784513,0.188341846082755,0.000638521453707734,-0.557191451091857,"OLS Mean loss | Full",-0.103822135715393,0.141052691270949,-0.557191451091857,-0.55688286157608,0.0201523255784513,0.000638521453707734
0.0320055555555556,9.46485728963174,5.88404819451048,0.01016,0.06,25.9104811254566,36,11.3324812000788,0.0314839299863661,7.29905092592593,0.113622757128872,-0.0816172015733166,0.0137905768073439,0.1883599683843,0.000266560057744046,-0.436607201839754,"OLS Mean loss | Full",-0.0816172015733164,0.113622757128872,-0.436607201839754,-0.436323412383964,0.0137905768073439,0.000266560057744046
0.0193805555555556,9.48963189196252,5.82894013742928,0.02116,0.14,25.9888075005718,39,11.5880070799653,0.0198799088545743,7.29013888888889,0.104198374598937,-0.0848178190433811,0.00960940012325174,0.188357794643667,0.000198904678436619,-0.452769970869977,"OLS Mean loss | Full",-0.0848178190433809,0.104198374598936,-0.452769970869977,-0.452480897597298,0.00960940012325174,0.000198904678436619
0.0243277777777778,11.1080839101247,8.49128440193079,0.07507,0.069999999999999,25.5355236634344,27,12.8743904204526,0.0362970836229318,7.35094907407407,0.185728687113473,-0.161400909335696,0.0185059206677891,0.18827550540636,0.00141232556484654,-0.865477743821862,"OLS Mean loss | Full",-0.161400909335695,0.185728687113473,-0.865477743821862,-0.865303206483228,0.0185059206677891,0.00141232556484654
0.432944444444444,10.7751261603621,7.01480401692766,0.10948,-0.13,25.3619624259996,43,10.9142598539665,0.0216819582286029,7.3162962962963,0.251356930212344,0.1815875142321,0.017386911480342,0.188245547352204,0.00167577944495299,0.973169479960181,"OLS Mean loss | Full",0.1815875142321,0.251356930212344,0.973169479960181,0.97312806723052,0.017386911480342,0.00167577944495299
0.499216666666667,8.23764894232911,5.43366815112169,0.08195,0.05,24.6813234226602,16,14.9407048748799,0.0130313812322069,7.35331018518518,0.164242081110016,0.33497458555665,0.0116909635570032,0.187903710414899,0.00379032132882992,1.79002560977126,"OLS Mean loss | Full",0.334974585556651,0.164242081110016,1.79002560977126,1.7932057360453,0.0116909635570032,0.00379032132882992
0.456830555555556,9.98767817181005,6.99281881036831,0.29319,-0.05,24.321903822235,20,13.8791845331264,0.0183766665452735,7.34511574074074,0.299527751810509,0.157302803745047,0.0184561876418137,0.188281192344609,0.00133777502239105,0.843481162305896,"OLS Mean loss | Full",0.157302803745047,0.299527751810509,0.843481162305896,0.843285589143081,0.0184561876418137,0.00133777502239105
0.0993,9.18310098571157,5.81867834272321,0.01511,0.03,24.1955526580739,29,15.1145805201228,0.0163467356287668,6.93553240740741,0.168781381028932,-0.0694813810289315,0.00776078170613444,0.188368030246979,0.000107398227297807,-0.370556142615598,"OLS Mean loss | Full",-0.0694813810289313,0.168781381028931,-0.370556142615598,-0.370299436631749,0.00776078170613444,0.000107398227297807
0.03346875,9.36679314193085,6.00188893108038,0.334929,0.32,24.2397791302917,29,14.4086058629745,0.0287750953883757,6.93141203703704,0.174790530853307,-0.141321780853307,0.020907422681544,0.188301732096673,0.00122930238563946,-0.758736525715432,"OLS Mean loss | Full",-0.141321780853307,0.174790530853307,-0.758736525715432,-0.758477858826571,0.020907422681544,0.00122930238563946
0.0658944444444444,8.30663921552877,5.60203926814597,0.03578,0.1,24.0527192511625,15,13.6901028377078,0.0116712063567068,8.03509259259259,0.133492628789308,-0.0675981843448634,0.00924121466441275,0.188369111137072,0.000121408975699942,-0.360781977159408,"OLS Mean loss | Full",-0.0675981843448632,0.133492628789308,-0.360781977159408,-0.360529973526804,0.00924121466441275,0.000121408975699942
0.0264111111111111,8.56062038318927,5.18136494140678,0.0309,0.07,23.9778502845452,35,12.040610621427,0.0270140033384825,7.28983796296296,0.12698013236247,-0.100569021251359,0.0100557810130788,0.188345191629856,0.000292893912056258,-0.536973224588345,"OLS Mean loss | Full",-0.100569021251359,0.12698013236247,-0.536973224588345,-0.536666299647784,0.0100557810130788,0.000292893912056258
0.0554107142857143,8.6569733092784,5.95135488735873,0.04346,0.62,22.100200356282,15,12.4132607407385,0.0423355958445214,5.50460648148148,-0.0418735408244681,0.0972842551101824,0.0234913758047677,0.188347432167176,0.000658004616054311,0.522995901448416,"OLS Mean loss | Full",0.0972842551101829,-0.0418735408244686,0.522995901448416,0.522690747830937,0.0234913758047677,0.000658004616054311
0.0706642857142857,9.16441354755906,5.83503194327558,0.01174,0.04,23.7679482618712,28,14.5273621058593,0.0249455691409966,5.49856481481481,0.157777938367105,-0.087113652652819,0.00714652134302947,0.188356174829645,0.000155268857609378,-0.464448337020924,"OLS Mean loss | Full",-0.0871136526528187,0.157777938367104,-0.464448337020924,-0.464155799221043,0.00714652134302947,0.000155268857609378
0.0942458333333333,8.38065148582851,6.77213019531535,0.04246,0.019999999999999,21.9946572472598,5,12.8976389314652,0.0186767023573841,4.4418287037037,0.186866106905353,-0.0926202735720198,0.0142533201033041,0.188351654609269,0.000355128109819117,-0.495583874915597,"OLS Mean loss | Full",-0.0926202735720196,0.186866106905353,-0.495583874915597,-0.495283612005674,0.0142533201033041,0.000355128109819117
0.0756,10.9160755678856,7.82541448327064,0.05224,0.229999999999999,25.6659983163479,22,16.4433774877375,0.0172075836077846,5.07212962962963,0.148012677005008,-0.0724126770050076,0.0159031234109359,0.188366054768359,0.000243009620256223,-0.38778360660883,"OLS Mean loss | Full",-0.0724126770050073,0.148012677005007,-0.38778360660883,-0.387519030191637,0.0159031234109359,0.000243009620256223
0.05245,9.20378523000181,5.91056204470854,0.06465,0.08,24.9707192613651,27,9.96807443559948,0.0144618171511623,5.02680555555556,0.138464281751266,-0.0860142817512664,0.0118105502271336,0.188356842866723,0.000252533139354545,-0.459667956241451,"OLS Mean loss | Full",-0.0860142817512662,0.138464281751266,-0.459667956241451,-0.459376800158386,0.0118105502271336,0.000252533139354545
0.115770833333333,9.77174382862217,6.88234129440722,0.05471,0.27,25.010549865985,18,14.9914888909876,0.0207202335533047,5.079375,0.107230750715771,0.00854008261756202,0.00937747959707969,0.1883884780846,0.00000196689608877998,0.0455828780774618,"OLS Mean loss | Full",0.00854008261756236,0.107230750715771,0.0455828780774618,0.0455463559681394,0.00937747959707969,0.00000196689608877998
0.146817857142857,8.73021043954706,5.64255643613484,0.334929,-0.31,24.272717507999,22,14.7206130093882,0.01454016195323,5.45113425925926,0.382974555660797,-0.23615669851794,0.0366708409619907,0.188141599668779,0.00621955815546914,-1.27822316749644,"OLS Mean loss | Full",-0.23615669851794,0.382974555660797,-1.27822316749644,-1.27887495787119,0.0366708409619907,0.00621955815546914
0.0141958333333333,8.94813136676535,7.15702158553365,0.13878,0.45,22.5790502103616,6,12.2877999408149,0.01734032839532,5.06516203703704,0.0819741030139466,-0.0677782696806133,0.016177762119812,0.188368866617253,0.000216697384029356,-0.363016135471751,"OLS Mean loss | Full",-0.067778269680613,0.0819741030139463,-0.363016135471751,-0.362763042194146,0.016177762119812,0.000216697384029356
0.464220833333333,9.21991151886899,6.91821745584948,0.12382,0.049999999999999,21.1923137613079,10,11.9373667359051,0.0450235513946653,5.05099537037037,0.191028814907066,0.273192018426267,0.0108701110179322,0.18806655269207,0.00234018871591015,1.45926818242681,"OLS Mean loss | Full",0.273192018426267,0.191028814907066,1.45926818242681,1.46059490139592,0.0108701110179322,0.00234018871591015
0.332514285714286,9.61844822488939,8.23235331602642,0.05,-0.31,21.4269796649865,4,10.6383323126838,0.0287085081069633,6.07673611111111,0.307839089897396,0.0246751958168894,0.016887105463222,0.188386149552184,0.000030023214205363,0.132206461271467,"OLS Mean loss | Full",0.0246751958168894,0.307839089897396,0.132206461271467,0.132102167061252,0.016887105463222,0.000030023214205363
0.064840625,9.12702784565087,6.82542046782862,0.00708,0.01,20.9601899423711,10,10.0685814841809,0.0314901660389913,6.44349537037037,0.164052657881377,-0.0992120328813768,0.00905186235754915,0.188346403430585,0.000256066240410178,-0.529459389759839,"OLS Mean loss | Full",-0.0992120328813766,0.164052657881377,-0.529459389759839,-0.529153355063648,0.00905186235754915,0.000256066240410178
0.142653125,8.35921878485472,5.65444240038059,0.10763,0,21.0487376407285,15,11.1793610901679,0.0443822544575162,6.44960648148148,0.17632743305071,-0.0336743080507098,0.0131715302263962,0.188383888966315,0.0000432850368372583,-0.180082542840133,"OLS Mean loss | Full",-0.0336743080507097,0.17632743305071,-0.180082542840133,-0.179942639710605,0.0131715302263962,0.0000432850368372583
0.0338333333333333,10.0874765354854,8.00832613216,0.02993,0.21,20.1007726202039,8,9.42658522124186,0.0389683274959188,12.9650925925926,0.120361749496694,-0.0865284161633609,0.0163414426314054,0.188356310807901,0.000356867247903573,-0.463479293464739,"OLS Mean loss | Full",-0.0865284161633607,0.120361749496694,-0.463479293464739,-0.463187031643014,0.0163414426314054,0.000356867247903573
0.5636375,9.06272488766424,6.66598801079733,0.006301,0.62,23.845765404421,11,16.2968776236029,0.0521584717253257,6.41729166666667,-0.0479042073020837,0.611541707302084,0.0429649248364974,0.186713912116676,0.0495105838330318,3.32090095488452,"OLS Mean loss | Full",0.611541707302084,-0.047904207302084,3.32090095488452,3.34800020068111,0.0429649248364974,0.0495105838330318
0.0327208333333333,9.36646602220772,6.00156259289576,0.05651,0.18,22.5182603875612,29,9.57214823104886,0.0350834677064024,5.03157407407407,0.10692011830372,-0.0741992849703862,0.0137239062324221,0.18836497162347,0.0002192137077996,-0.396912006186822,"OLS Mean loss | Full",-0.074199284970386,0.106920118303719,-0.396912006186822,-0.396643482443272,0.0137239062324221,0.0002192137077996
0.0313458333333333,9.49324765330933,6.49894617602525,0.20365,-0.16,24.7938371956493,20,14.5653754029115,0.0152016931983654,4.99263888888889,0.29836896715562,-0.267023133822287,0.0158618816761084,0.188079390276674,0.00329555006836152,-1.42992951640301,"OLS Mean loss | Full",-0.267023133822287,0.29836896715562,-1.42992951640301,-1.43113187132307,0.0158618816761084,0.00329555006836152
0.227353571428571,8.7873925652461,5.18136494140678,0.03709,-0.039999999999999,23.8305825529329,38,14.5796871127089,0.0242555505537939,5.33363425925926,0.187621275539271,0.0397322958893002,0.014413382651173,0.188381957450737,0.0000661075681188055,0.212613105620984,"OLS Mean loss | Full",0.0397322958893005,0.187621275539271,0.212613105620984,0.212450108307312,0.014413382651173,0.0000661075681188055
0.036796875,8.96640092149708,5.56889788178971,0.12879,0.2,25.4112317807853,30,15.7861167625483,0.016354307344051,6.97203703703704,0.141843070935965,-0.105046195935965,0.00870141865698162,0.188341287656274,0.000275758744561844,-0.560495146949235,"OLS Mean loss | Full",-0.105046195935965,0.141843070935965,-0.560495146949235,-0.560186388678094,0.00870141865698162,0.000275758744561844
0.155341666666667,10.2380709071639,7.02005347719822,0.01912,0.08,24.9176130359424,25,11.5374526675397,0.0136194942203411,7.3662037037037,0.151628475663134,0.00371319100353282,0.00910222884598293,0.188388732864165,0.000000360721613171538,0.0198164854574551,"OLS Mean loss | Full",0.00371319100353321,0.151628475663133,0.0198164854574551,0.0198005812292577,0.00910222884598293,0.000000360721613171538
0.0312525,10.4498868566182,6.64449742431293,0.03507,0.09,24.7348472524747,45,11.2744770099353,0.0257412733619866,6.92787037037037,0.151432717060257,-0.120180217060257,0.0154273860452622,0.188326186383477,0.000648709637863198,-0.643432327969634,"OLS Mean loss | Full",-0.120180217060257,0.151432717060257,-0.643432327969634,-0.643129448696323,0.0154273860452622,0.000648709637863198
0.095128125,9.70573888624663,6.375178209925,0.10043,0.02,24.7486572394538,28,13.7904843901412,0.0367478131463736,6.99032407407407,0.181555558703717,-0.0864274337037174,0.0088670676070173,0.188356630984476,0.000190286062662772,-0.461189523755316,"OLS Mean loss | Full",-0.0864274337037173,0.181555558703717,-0.461189523755316,-0.460897922366625,0.0088670676070173,0.000190286062662772
0.0402305555555556,8.23764894232911,5.18641498048662,0.0363,0.149999999999999,24.2697034980312,17,14.681841165595,0.0116712063567068,7.3580787037037,0.115341187404312,-0.0751106318487563,0.0118237396761805,0.188364429782087,0.000192786400918022,-0.40140056213545,"OLS Mean loss | Full",-0.0751106318487559,0.115341187404311,-0.40140056213545,-0.401130155610587,0.0118237396761805,0.000192786400918022
0.559928125,9.26576271672543,6.3769980121589,0.01824,-0.02,23.484572924828,18,14.9745366349505,0.0182028933321406,6.87259259259259,0.192469878076098,0.367458246923902,0.00666150192494169,0.18780787615439,0.0025726526814528,1.95863330098531,"OLS Mean loss | Full",0.367458246923902,0.192469878076098,1.95863330098531,1.96311419598308,0.00666150192494169,0.0025726526814528
0.0407555555555556,8.64673802742289,5.18136494140678,0.334929,0.54,23.9889747514824,37,10.2111293516161,0.0205084176666262,7.35266203703704,0.0783007364982155,-0.0375451809426599,0.0334943838528919,0.188382568722177,0.000142645859710886,-0.202883056863878,"OLS Mean loss | Full",-0.0375451809426597,0.0783007364982152,-0.202883056863878,-0.202726861158069,0.0334943838528919,0.000142645859710886
0.0211716944444444,10.1821383239844,7.23838023669769,0.22755,0.339999999999999,24.1804894645837,19,11.1700159440467,0.0470246771719323,7.33631944444444,0.113114425273915,-0.0919427308294701,0.025840973590519,0.188351760662393,0.000649638103759226,-0.494875824576266,"OLS Mean loss | Full",-0.0919427308294699,0.113114425273914,-0.494875824576266,-0.49457571218243,0.025840973590519,0.000649638103759226
0.014825,9.28592423115835,6.29195209140808,0.07818,0.339999999999999,23.6547554982612,20,13.4087582976122,0.018021529038641,6.95328703703704,0.0861113607332637,-0.0712863607332637,0.00671297409716639,0.188366960522615,0.0000975811364861492,-0.37998183145057,"OLS Mean loss | Full",-0.0712863607332633,0.0861113607332633,-0.37998183145057,-0.379720752137486,0.00671297409716639,0.0000975811364861492
0.078490625,8.88387889859989,5.94193171106816,0.01934,0.04,23.5182072550053,19,13.3698889077014,0.0128708314532835,6.91259259259259,0.160855255493456,-0.0823646304934558,0.00714791484479721,0.188359634412383,0.000138828717801551,-0.439129130079695,"OLS Mean loss | Full",-0.0823646304934555,0.160855255493456,-0.439129130079695,-0.438844479494578,0.00714791484479721,0.000138828717801551
0.347908333333333,10.46301198247,6.99816148279168,0.13088,-0.27,23.3549969972681,32,12.4081032539596,0.027100008874048,7.32768518518519,0.316497948013371,0.0314103853199624,0.0164546781948689,0.188384511864088,0.0000473625095086105,0.168255722822705,"OLS Mean loss | Full",0.0314103853199624,0.316497948013371,0.168255722822705,0.168124451843505,0.0164546781948689,0.0000473625095086105
0.238316666666667,8.505115145997,6.20435026770979,0.00652,-0.009999999999999,22.4438287249394,10,14.9574156761243,0.0521584717253257,7.29837962962963,0.151115884885119,0.0872007817815479,0.023540422863976,0.188355560782748,0.000529826915063324,0.468799363092689,"OLS Mean loss | Full",0.0872007817815481,0.151115884885119,0.468799363092689,0.468505612094697,0.023540422863976,0.000529826915063324
0.182552777777778,8.65801784995197,6.46218213427232,0.02972,0.03,23.4378628512177,9,11.3917712650383,0.0129236589433469,7.238125,0.158731320301844,0.0238214574759338,0.00976911965490588,0.188386346963128,0.0000159553632093284,0.127172692369486,"OLS Mean loss | Full",0.0238214574759341,0.158731320301844,0.127172692369486,0.127072236007811,0.00976911965490588,0.0000159553632093284
0.342702777777778,8.23764894232911,6.76282489400089,0.08258,0.209999999999999,23.4283195657035,4,14.24327845376,0.0164215782369252,7.2775462962963,0.13181733852635,0.210885439251428,0.0205769795254123,0.188194939944696,0.00269228937832446,1.13202289358385,"OLS Mean loss | Full",0.210885439251428,0.13181733852635,1.13202289358385,1.13227911968644,0.0205769795254123,0.00269228937832446
0.5956875,8.23764894232911,5.18136494140678,0.17446,-0.31,23.2773759483697,21,13.7811017197742,0.0169224531158804,6.82814814814815,0.316154444828629,0.279533055171371,0.0196880708463908,0.188048369013287,0.00451781527150637,1.49983953281973,"OLS Mean loss | Full",0.279533055171371,0.316154444828629,1.49983953281973,1.50134829950105,0.0196880708463908,0.00451781527150637
0.0247416666666667,9.65651984378861,6.40002219907428,0.01275,0.219999999999999,23.0606369307084,26,10.1094897135696,0.0187558378943053,7.22527777777778,0.0956027626558991,-0.0708610959892324,0.0121785193019209,0.188367100875182,0.000176864563084711,-0.378758511682436,"OLS Mean loss | Full",-0.0708610959892321,0.0956027626558988,-0.378758511682436,-0.378497990872849,0.0121785193019209,0.000176864563084711
0.042165625,8.81892832536653,5.56452263735263,0.334929,0.62,22.9509806499193,26,12.0931483534452,0.0368600570860939,6.86094907407407,0.0565954320171834,-0.0144298070171834,0.0302622458725888,0.188387876032988,0.0000189104181226414,-0.0778443577779261,"OLS Mean loss | Full",-0.0144298070171831,0.0565954320171831,-0.0778443577779261,-0.0777822355636461,0.0302622458725888,0.0000189104181226414
0.0139166666666667,10.1584141791828,7.59392969766463,0.02052,0.089999999999999,22.7375924419758,13,10.8416189682615,0.0148891089807446,7.19622685185185,0.164889996406412,-0.150973329739745,0.0120006634962935,0.188290327237858,0.000790824212699607,-0.806892495328137,"OLS Mean loss | Full",-0.150973329739745,0.164889996406411,-0.806892495328137,-0.806666268509251,0.0120006634962935,0.000790824212699607
0.0798472222222222,9.48169938528349,6.53863168244869,0.00938,0.22,22.2345308651605,19,9.963307070932,0.0274839131459109,7.19284722222222,0.0898213297207989,-0.00997410749857668,0.0110693515044795,0.188388362990315,0.00000317779687014717,-0.0532825370339792,"OLS Mean loss | Full",-0.00997410749857639,0.0898213297207986,-0.0532825370339792,-0.0532398782972784,0.0110693515044795,0.00000317779687014717
0.153580555555556,9.37680543473846,6.01187742595861,0.2013,0.07,22.3820554402377,29,10.3180398556612,0.0383945178787586,10.8735069444444,0.190585389952854,-0.0370048343972986,0.0139412417876216,0.188382866457358,0.0000554115550107051,-0.197970662621631,"OLS Mean loss | Full",-0.0370048343972985,0.190585389952854,-0.197970662621631,-0.197817936224668,0.0139412417876216,0.0000554115550107051
0.251930555555556,8.57898324679226,5.63792284263933,0.02053,0.03,21.8063893775406,19,12.3850140494239,0.0431175527857625,7.17337962962963,0.139491168357098,0.112439387198458,0.0113994321909684,0.188334216004581,0.000416165415859216,0.600761110416112,"OLS Mean loss | Full",0.112439387198458,0.139491168357098,0.600761110416112,0.600452716157603,0.0113994321909684,0.000416165415859216
0.0399277777777778,9.03674621987286,7.09154955983307,0.14874,0.599999999999999,21.8689483196735,7,9.28714543357954,0.0261194326766089,7.20030092592593,0.0158659333561577,0.0240618444216201,0.0201632106610893,0.188386270896553,0.0000343160720820646,0.129135548856122,"OLS Mean loss | Full",0.0240618444216205,0.0158659333561573,0.129135548856122,0.129033594094317,0.0201632106610893,0.0000343160720820646
0.129778125,9.24345120052939,6.60565074145635,0.01155,0.069999999999999,21.5989589555625,14,13.4090624160554,0.0312329841026905,6.84659722222222,0.157949545148088,-0.028171420148088,0.00707116393034012,0.188385381660445,0.0000160642213054518,-0.150190840654769,"OLS Mean loss | Full",-0.0281714201480878,0.157949545148088,-0.150190840654769,-0.150072970760457,0.00707116393034012,0.0000160642213054518
0.154166666666667,8.23764894232911,6.26689628865099,0.01118,-0.01,20.6399229448883,7,9.58761606526304,0.0123799213187692,5.17199074074074,0.176497202648242,-0.0223305359815758,0.0198975492740593,0.188386621267065,0.0000291502625857794,-0.119827687669867,"OLS Mean loss | Full",-0.0223305359815756,0.176497202648242,-0.119827687669867,-0.119732858941003,0.0198975492740593,0.0000291502625857794
0.354133333333333,9.46055680440242,6.06161491072016,0.08409,0.209999999999999,23.5064107699997,30,13.3147014773548,0.0271284020450729,5.11537037037037,0.128156540329839,0.225976793003495,0.00742953679584973,0.188169135689268,0.00108681159553158,1.20497194756976,"OLS Mean loss | Full",0.225976793003495,0.128156540329839,1.20497194756976,1.20540996440834,0.00742953679584973,0.00108681159553158
0.0111685833333333,10.6365534031736,6.64884169638952,0.03213,0.03,26.7562897048224,46,13.0504601695518,0.0343750032535565,5.06967592592593,0.156856970240994,-0.14568838690766,0.0190646306684946,0.188296441472894,0.00118682043594686,-0.781445162104947,"OLS Mean loss | Full",-0.14568838690766,0.156856970240994,-0.781445162104947,-0.78120070245749,0.0190646306684946,0.00118682043594686
0.794620583333333,10.2393620345734,6.43427067810735,0.04238,0.09,26.1452970859725,45,11.8685234402975,0.0322397574894289,4.87699074074074,0.136263466456434,0.6583571168769,0.0161120067362771,0.18649956118429,0.020359584979542,3.52600134331583,"OLS Mean loss | Full",0.6583571168769,0.136263466456433,3.52600134331583,3.5588598863612,0.0161120067362771,0.020359584979542
0.53705,8.58189667619656,6.97320835903318,0.03897,-0.18,21.5286752969359,5,11.2828906451906,0.0521584717253257,6.29387731481481,0.217219247814285,0.319830752185715,0.022763981744003,0.187941613361175,0.00688140747349431,1.71875611306271,"OLS Mean loss | Full",0.319830752185715,0.217219247814285,1.71875611306271,1.72146237895216,0.022763981744003,0.00688140747349431
0.0924714285714286,8.41114129992432,6.21569414934422,0.02533,0.02,21.5291748838894,9,12.8325198874384,0.0229172433478804,5.86561342592593,0.172236342110431,-0.0797649135390028,0.00838344605696844,0.188361412066856,0.000153089841559564,-0.425533527744553,"OLS Mean loss | Full",-0.0797649135390026,0.172236342110431,-0.425533527744553,-0.425253676693057,0.00838344605696844,0.000153089841559564
0.102153125,9.03290373220367,6.63620189936618,0.02342,0.079999999999999,21.3805882114344,11,12.6519302059185,0.0216831682887757,6.21121527777778,0.163943139469028,-0.0617900144690279,0.00855263006203526,0.188372359480536,0.0000937528522836649,-0.329668334106529,"OLS Mean loss | Full",-0.0617900144690277,0.163943139469028,-0.329668334106529,-0.329432382212961,0.00855263006203526,0.0000937528522836649
0.125507142857143,8.5294396406066,5.18136494140678,0.00695,0.02,21.3454085416422,29,16.3159559084362,0.0297387640785115,5.86021990740741,0.176347371774791,-0.0508402289176485,0.0254705262436813,0.188377474551898,0.000195636774528975,-0.273592241315735,"OLS Mean loss | Full",-0.0508402289176483,0.176347371774791,-0.273592241315735,-0.273389000870961,0.0254705262436813,0.000195636774528975
0.033825,9.97355155717509,7.08397196945191,0.10879,0.099999999999999,21.2722033866517,18,11.1150430588129,0.0339154796290071,5.82894675925926,0.184689866611957,-0.150864866611957,0.0129163481369845,0.18829037746824,0.000851521441933138,-0.806686711057159,"OLS Mean loss | Full",-0.150864866611957,0.184689866611957,-0.806686711057159,-0.806460326793439,0.0129163481369845,0.000851521441933138
0.623460714285714,9.33055760745171,6.49876202235942,0.04582,-0.089999999999999,21.0776873833549,17,9.73979560075782,0.0323486879873807,5.81984953703704,0.206951607562863,0.416509106722852,0.0129896041812149,0.187637309690431,0.00652813316221688,2.22719071339267,"OLS Mean loss | Full",0.416509106722852,0.206951607562862,2.22719071339267,2.23431520229595,0.0129896041812149,0.00652813316221688
0.168128125,9.26604278304724,6.62821426486154,0.01526,-0.139999999999999,20.4565318926698,14,15.5730662895075,0.0464490500047383,6.23068287037037,0.236695311291699,-0.0685671862916991,0.0190213535180925,0.188368340922528,0.000262266308800754,-0.3677734047463,"OLS Mean loss | Full",-0.0685671862916989,0.236695311291699,-0.3677734047463,-0.367518020380485,0.0190213535180925,0.000262266308800754
0.244384375,9.10115589082843,8.4081202408583,0.006301,-0.049999999999999,20.1007726202039,3,14.1021745342069,0.0521584717253257,6.21112268518519,0.217572112329944,0.0268122626700559,0.0393177213874138,0.188385599116251,0.0000864337291477559,0.145324000523069,"OLS Mean loss | Full",0.0268122626700562,0.217572112329944,0.145324000523069,0.145209782511239,0.0393177213874138,0.0000864337291477559
0.11598125,8.96195234729633,7.8635964172189,0.04321,0.261,20.1007726202039,3,9.69263148123879,0.0521584717253257,6.16836805555556,0.094673208771434,0.021308041228566,0.0249185714608284,0.18838680535103,0.0000335827275859726,0.114634899636546,"OLS Mean loss | Full",0.0213080412285662,0.0946732087714338,0.114634899636546,0.114544068426382,0.0249185714608284,0.0000335827275859726
0.199678125,8.23764894232911,7.19837220478557,0.006301,-0.14,20.1007726202039,3,10.8413423802428,0.038326469732832,6.2153587962963,0.217540111988666,-0.0178619869886656,0.0221851987176091,0.188387399949309,0.0000208928258784894,-0.0959611036886984,"OLS Mean loss | Full",-0.0178619869886655,0.217540111988666,-0.0959611036886984,-0.0958847660635337,0.0221851987176091,0.0000208928258784894
0.05451875,9.46674342622222,6.42376745212818,0.03274,0.119999999999999,25.3859961319504,21,15.1572628830851,0.0203988565025862,6.78290509259259,0.137642242490501,-0.0831234924905014,0.00749679620547315,0.188359084166625,0.000148404466783308,-0.443252907035825,"OLS Mean loss | Full",-0.0831234924905011,0.137642242490501,-0.443252907035825,-0.442966877369374,0.00749679620547315,0.000148404466783308
0.2475125,8.23764894232911,6.13628980864068,0.334929,0.62,26.8640512231621,3,9.28714543357954,0.0116712063567068,4.09830324074074,0.0245853520600125,0.222927147939988,0.0726905449098773,0.188159974536564,0.0118561041689126,1.22982802372786,"OLS Mean loss | Full",0.222927147939988,0.0245853520600121,1.22982802372786,1.2303349757096,0.0726905449098773,0.0118561041689126
0.582253571428571,10.9762687490677,7.79860820562134,0.0461,0.159999999999999,23.4546218220754,24,11.4474659365023,0.0274416744725493,5.72172453703704,0.151675359391088,0.430578212037484,0.0150625782505966,0.187583879502823,0.00812407039071164,2.30484380808648,"OLS Mean loss | Full",0.430578212037484,0.151675359391087,2.30484380808648,2.31287529593841,0.0150625782505966,0.00812407039071164
0.1478125,9.97654239988425,7.57911179403411,0.01602,0.08,23.1962087390512,11,15.2799618540122,0.0146920721830558,6.81693287037037,0.185339959504993,-0.0375274595049934,0.0108160243046438,0.188382717145929,0.0000439338616374488,-0.200449232592378,"OLS Mean loss | Full",-0.0375274595049931,0.185339959504993,-0.200449232592378,-0.200294752831195,0.0108160243046438,0.0000439338616374488
0.128365625,9.8172206062074,7.0454491229021,0.03645,0.159999999999999,22.5124574767874,16,9.28714543357954,0.0171188915585398,6.69512731481481,0.130790882605434,-0.00242525760543377,0.0139807961490904,0.188388766783414,0.000000238706610007452,-0.0129750475350814,"OLS Mean loss | Full",-0.00242525760543344,0.130790882605433,-0.0129750475350814,-0.012964631743927,0.0139807961490904,0.000000238706610007452
0.3416875,9.1864470659327,6.54872028609294,0.07142,0.12,21.4021359144801,14,11.8905582664618,0.0285479897683521,4.09830324074074,0.160052858266732,0.181634641733268,0.00937929096182279,0.188246631911254,0.000889897741762365,0.969479766070597,"OLS Mean loss | Full",0.181634641733268,0.160052858266732,0.969479766070597,0.969432925058027,0.00937929096182279,0.000889897741762365
0.232159375,9.84109800517949,6.47529119369937,0.00974,0.039999999999999,21.2703955466484,29,11.803788877838,0.0205575272209154,6.66417824074074,0.181399276400387,0.0507600985996129,0.0240059708493556,0.188377527131003,0.000183255663398848,0.272956000334957,"OLS Mean loss | Full",0.0507600985996132,0.181399276400387,0.272956000334957,0.272753156397809,0.0240059708493556,0.000183255663398848
0.0846291666666667,8.23764894232911,6.11511095731596,0.02919,-0.31,20.9759591326825,7,16.4433774877375,0.0366461617945651,5.07575231481481,0.290247634280943,-0.205618467614277,0.022241697986878,0.188204192910306,0.00277598228050146,-1.10468925876493,"OLS Mean loss | Full",-0.205618467614277,0.290247634280943,-1.10468925876493,-1.10488497428359,0.022241697986878,0.00277598228050146
0.0394833333333333,9.98687201095112,6.72992480891303,0.09942,0.13,24.4294704163062,26,16.1945526010783,0.0190634450867792,4.25193287037037,0.186374346960091,-0.146891013626757,0.0109277775275777,0.188295682662304,0.000680226940561586,-0.784648220708626,"OLS Mean loss | Full",-0.146891013626757,0.186374346960091,-0.784648220708626,-0.784405920103291,0.0109277775275777,0.000680226940561586
0.028465,9.78093384788804,7.14261099536474,0.0717,0.319999999999999,23.646367709496,14,14.8257481556414,0.0116712063567068,4.09830324074074,0.119367910818993,-0.0909029108189929,0.0139333779071509,0.188353030788791,0.00033418505037663,-0.486315856361804,"OLS Mean loss | Full",-0.0909029108189926,0.119367910818993,-0.486315856361804,-0.486017657674423,0.0139333779071509,0.00033418505037663
0.0413,10.3153875471151,8.52379366180612,0.01327,0.1,22.9642795756425,6,9.46583128095538,0.0283509062710046,4.09830324074074,0.152040511127201,-0.110740511127201,0.0185814067055153,0.18833546552679,0.0006676834503193,-0.59384506539726,"OLS Mean loss | Full",-0.110740511127201,0.152040511127201,-0.59384506539726,-0.593536283540236,0.0185814067055153,0.0006676834503193
0.05552,8.87628217587307,7.77794917308489,0.334929,0.49,22.2828035865344,3,12.9494570866923,0.015472738131668,4.09830324074074,0.155766198153508,-0.100246198153508,0.0475158188265562,0.188343767155656,0.0014854089439177,-0.545673413240408,"OLS Mean loss | Full",-0.100246198153508,0.155766198153508,-0.545673413240408,-0.545365640073943,0.0475158188265562,0.0014854089439177
0.39555,10.226516669323,7.51897310680022,0.07209,0.049999999999999,21.7947107797215,15,9.4586321362491,0.0346675766326791,4.09830324074074,0.181636705993245,0.213913294006755,0.016296631705573,0.188190198787529,0.0021748665959983,1.14577532517897,"OLS Mean loss | Full",0.213913294006755,0.181636705993245,1.14577532517897,1.14606353660356,0.016296631705573,0.0021748665959983
0.543195833333333,10.1602689656576,8.64901914451803,0.00818,0.01,20.4168392049505,3,12.6247065166279,0.0410319953500378,4.23378472222222,0.207395314272616,0.335800519060717,0.0168005361492008,0.187898775585478,0.0055308278340698,1.79909590774185,"OLS Mean loss | Full",0.335800519060717,0.207395314272616,1.79909590774185,1.80233948215847,0.0168005361492008,0.0055308278340698
0.347283333333333,9.99250552028362,8.60634837411973,0.05019,0.08,20.1007726202039,4,13.3658526142586,0.0521584717253257,4.25820601851852,0.195330149060538,0.151953184272795,0.0221099998065171,0.188288013168229,0.00150666214825318,0.816316494584429,"OLS Mean loss | Full",0.151953184272796,0.195330149060538,0.816316494584429,0.81609765533794,0.0221099998065171,0.00150666214825318
0.336966666666667,9.75026797157675,8.64901914451803,0.006301,0,20.6190419664293,3,11.3255184275836,0.0122738694835254,4.31628472222222,0.226579902364861,0.110386764301806,0.0324489094860398,0.188335046179811,0.00119199336331483,0.596175080571462,"OLS Mean loss | Full",0.110386764301806,0.226579902364861,0.596175080571462,0.595866413929236,0.0324489094860398,0.00119199336331483
0.039945,9.92574083701749,7.84664153413995,0.00881,0.019999999999999,20.9719558711502,8,11.1453176333867,0.0427028807599639,4.09830324074074,0.178287848810901,-0.138342848810901,0.0134018208150498,0.188305999332675,0.000743676666348876,-0.739912439698919,"OLS Mean loss | Full",-0.138342848810901,0.178287848810901,-0.739912439698919,-0.739643428706426,0.0134018208150498,0.000743676666348876
0.191275,9.26214378413154,7.47085895999753,0.07244,0.2,20.4321356361938,6,9.28714543357954,0.0257937530135427,4.09830324074074,0.142217277399874,0.0490577226001265,0.0152409003909396,0.188378363749438,0.000106746322976695,0.262625051743409,"OLS Mean loss | Full",0.0490577226001268,0.142217277399873,0.262625051743409,0.262428719632177,0.0152409003909396,0.000106746322976695
0.104735,9.60957309083077,8.22347995983294,0.05244,-0.31,20.3467152989466,4,9.68496715622063,0.0521584717253257,5.40270833333333,0.291619114383595,-0.186884114383595,0.0233254566941385,0.188236142714484,0.00241025355058849,-1.00459548484267,"OLS Mean loss | Full",-0.186884114383595,0.291619114383595,-1.00459548484267,-1.00460292417142,0.0233254566941385,0.00241025355058849
0.144195833333333,9.81914562938208,6.92969824483766,0.03563,-0.08,23.5811530734178,18,15.0225461498414,0.0521584717253257,5.1481712962963,0.199070847175217,-0.0548750138418838,0.0240014682038225,0.188375626661648,0.00021412940196018,-0.295082755139819,"OLS Mean loss | Full",-0.0548750138418836,0.199070847175217,-0.295082755139819,-0.294866442769121,0.0240014682038225,0.00021412940196018
0.136032142857143,9.90707486931429,6.65022308015884,0.334929,0.62,24.4192920404079,26,13.3318945225034,0.0209031173422884,6.06572916666667,0.088711515226595,0.0473206276305478,0.0262316259467266,0.188378979702882,0.000174824546575614,0.254751313895857,"OLS Mean loss | Full",0.047320627630548,0.0887115152265948,0.254751313895857,0.254560035647717,0.0262316259467266,0.000174824546575614
0.0330785714285714,11.1066391198442,8.06241688352816,0.12769,0.03,23.9224697941115,21,14.6589021325079,0.0521584717253257,5.66483796296296,0.216327320091727,-0.183248748663156,0.0281832692018303,0.188241292152034,0.00282808331371702,-0.98751249851164,"OLS Mean loss | Full",-0.183248748663155,0.216327320091727,-0.98751249851164,-0.987492797222476,0.0281832692018303,0.00282808331371702
0.269435,9.73780414635932,8.35168679948129,0.02055,0,21.4149769742246,4,10.6924694866872,0.0338892772378185,4.13663194444444,0.196354107938613,0.0730808920613867,0.0144272093607152,0.188365667852544,0.000223872187026491,0.391068879016675,"OLS Mean loss | Full",0.0730808920613869,0.196354107938613,0.391068879016675,0.390802863862606,0.0144272093607152,0.000223872187026491
0.544178571428572,9.47693337693481,8.37847427348525,0.006301,0.02,20.1007726202039,3,11.2083276877983,0.0418744471968679,6.17306712962963,0.188954665536041,0.355223905892531,0.0184047226730363,0.187839466290059,0.00680230758890413,1.90471378217679,"OLS Mean loss | Full",0.355223905892531,0.18895466553604,1.90471378217679,1.9087502614818,0.0184047226730363,0.00680230758890413
0.0188416666666667,10.1534898685408,8.64901914451803,0.006301,0.17,20.1007726202039,3,10.5370673524001,0.0521584717253257,5.08925925925926,0.134626405364053,-0.115784738697386,0.0217004969651878,0.188330310161532,0.000857859553161505,-0.621883698186808,"OLS Mean loss | Full",-0.115784738697386,0.134626405364053,-0.621883698186808,-0.621577351700756,0.0217004969651878,0.000857859553161505
0.00768214285714285,10.3179623145461,7.09987900020761,0.00826,0.02,26.3672607380293,25,12.9486741297891,0.0123818500350516,6.15417824074074,0.166255580791617,-0.158573437934474,0.0126544506110821,0.188280089223831,0.000921198817068406,-0.847792606191669,"OLS Mean loss | Full",-0.158573437934474,0.166255580791617,-0.847792606191669,-0.847600999368913,0.0126544506110821,0.000921198817068406
0.0126625,10.7247974528329,7.25974309315136,0.09149,0.09,26.0464729867093,32,15.9621528983587,0.0116712063567068,6.67290509259259,0.201474440909324,-0.188811940909324,0.0115342897100524,0.188234835266286,0.00118772005684572,-1.00888675752749,"OLS Mean loss | Full",-0.188811940909324,0.201474440909324,-1.00888675752749,-1.00890123624773,0.0115342897100524,0.00118772005684572
0.01461875,10.2471315110218,6.75175799649074,0.05303,0.069999999999999,25.92819640361,33,11.468811436554,0.0256483671094049,7.05228009259259,0.147458951401995,-0.132840201401995,0.0100382501060457,0.188312715322361,0.000510114621198647,-0.709274076820504,"OLS Mean loss | Full",-0.132840201401995,0.147458951401995,-0.709274076820504,-0.708990918687335,0.0100382501060457,0.000510114621198647
0.422059375,9.52531996500497,8.64901914451803,0.05,0.04,20.8510751057018,3,11.8170119340319,0.0446531424729928,7.09167824074074,0.196034830504833,0.226024544495167,0.0244003901786116,0.188165217913653,0.00369617290228449,1.21566401931712,"OLS Mean loss | Full",0.226024544495167,0.196034830504833,1.21566401931712,1.21613124326976,0.0244003901786116,0.00369617290228449
0.02506875,9.69207497901212,7.74653538787744,0.03364,-0.26,20.1007726202039,7,12.0248186436966,0.0290602849538327,6.70170138888889,0.297940240845598,-0.272871490845598,0.0149098236078615,0.188065989553782,0.00322867547464596,-1.46054162488321,"OLS Mean loss | Full",-0.272871490845598,0.297940240845598,-1.46054162488321,-1.46187387899603,0.0149098236078615,0.00322867547464596
0.054684375,10.22993262349,8.03299659812037,0.21676,0.409999999999999,20.1007726202039,9,13.5092487695304,0.0521584717253257,7.05320601851852,0.138470608759827,-0.0837862337598271,0.0278607683821211,0.188357976188935,0.000584075549828,-0.451442251516155,"OLS Mean loss | Full",-0.0837862337598268,0.138470608759827,-0.451442251516155,-0.451153591096334,0.0278607683821211,0.000584075549828
0.1600625,9.79780927417486,8.64901914451803,0.315,0.46,20.1007726202039,3,9.28714543357954,0.0521584717253257,6.74734953703704,0.13924398077793,0.02081851922207,0.0395975469783323,0.188386866605821,0.0000525108406867406,0.112854004619893,"OLS Mean loss | Full",0.0208185192220701,0.13924398077793,0.112854004619893,0.112764547839855,0.0395975469783323,0.0000525108406867406
0.0413305555555556,10.7452877974332,8.64901914451803,0.05467,0.10667,22.1987919679854,3,9.28714543357954,0.0248407487443174,18.4929166666667,0.161030018432793,-0.119699462877237,0.024420925325484,0.188326113716758,0.00103755016574023,-0.643805574069878,"OLS Mean loss | Full",-0.119699462877237,0.161030018432792,-0.643805574069878,-0.643502767399698,0.024420925325484,0.00103755016574023
0.469572222222222,9.84361976200063,8.64901914451803,0.006301,0.069999999999999,21.533287524629,3,13.1356965628681,0.0521584717253257,8.16792824074074,0.164974695527892,0.30459752669433,0.0245321462443439,0.187982505259871,0.00675071703801833,1.63837631396897,"OLS Mean loss | Full",0.30459752669433,0.164974695527892,1.63837631396897,1.64059906019405,0.0245321462443439,0.00675071703801833
0.154491666666667,9.1060884614774,7.02742353416164,0.07669,-0.022,20.3096711721433,8,12.0559608492023,0.0488945656305603,7.76427083333333,0.200387496151925,-0.0458958294852586,0.0111501036153989,0.188379702504706,0.0000677878942747308,-0.245189465161055,"OLS Mean loss | Full",-0.0458958294852585,0.200387496151925,-0.245189465161055,-0.245004426289219,0.0111501036153989,0.0000677878942747308
0.0277833333333333,8.40097661382354,5.22807638077611,0.06389,0.1,23.8065852112293,24,14.1286231673316,0.0208439856933699,9.17123842592593,0.138336726770184,-0.11055339343685,0.00641214512204441,0.188336296631458,0.000224038413289511,-0.589199961480584,"OLS Mean loss | Full",-0.11055339343685,0.138336726770183,-0.589199961480584,-0.588890996225869,0.00641214512204441,0.000224038413289511
0.0148916666666667,9.82299356941147,7.42564006099497,0.07743,0.29,23.4803046750099,11,9.28714543357954,0.0145222799802297,14.7022569444444,0.0922186382908497,-0.077326971624183,0.0144376445844438,0.188362902222563,0.000250828958776053,-0.413792598177955,"OLS Mean loss | Full",-0.0773269716241827,0.0922186382908494,-0.413792598177955,-0.413517197121901,0.0144376445844438,0.000250828958776053
0.429741666666667,8.69282327985498,7.59454650619749,0.006301,0.019999999999999,20.1007726202039,3,9.51535697314398,0.0521584717253257,4.27377314814815,0.155462720361671,0.274278946304996,0.0249483532560319,0.188059287355044,0.00557133313403041,1.47561285992971,"OLS Mean loss | Full",0.274278946304996,0.155462720361671,1.47561285992971,1.47701149846099,0.0249483532560319,0.00557133313403041
0.254433333333333,10.7493411544053,7.13919548702163,0.06597,-0.109999999999999,26.6112800023922,37,15.0587162067802,0.0116712063567068,7.94741898148148,0.24791600422298,0.00651732911035335,0.0126500095507037,0.188388608671054,0.00000155551944309367,0.0348439882331294,"OLS Mean loss | Full",0.00651732911035353,0.24791600422298,0.0348439882331294,0.0348160462495819,0.0126500095507037,0.00000155551944309367
0.112291666666667,9.7928917056941,7.71384101781077,0.06088,0.62,22.4394655620627,8,14.7593290564081,0.0257208824982699,11.2027662037037,0.0141950321193388,0.0980966345473278,0.0191185271221462,0.188346925944938,0.00053965614011867,0.526186390846694,"OLS Mean loss | Full",0.0980966345473283,0.0141950321193384,0.526186390846694,0.525880789079207,0.0191185271221462,0.00053965614011867
0.00621388888888888,9.94730798315453,7.64515350404865,0.01446,0.08,21.0335431832129,10,14.5166614577852,0.0264188272558772,15.5514236111111,0.180840578726713,-0.174626689837824,0.0130979207971112,0.188256898616276,0.00115734546382138,-0.933829004528448,"OLS Mean loss | Full",-0.174626689837824,0.180840578726713,-0.933829004528448,-0.93373296152948,0.0130979207971112,0.00115734546382138
0.028925,9.58527675575041,6.69607278183402,0.11257,0.25,23.6081137775505,18,12.4507426732621,0.0203818890911531,15.4514236111111,0.118989895314717,-0.0900648953147171,0.00597151199630501,0.18835396837275,0.000138351949242863,-0.47989906318154,"OLS Mean loss | Full",-0.0900648953147168,0.118989895314717,-0.47989906318154,-0.479602411771703,0.00597151199630501,0.000138351949242863
0.0117694444444444,9.92088691528448,7.2824681699667,0.03502,-0.05,23.5913003257437,14,13.6990995449399,0.0119222104236342,7.92269675925926,0.220324325607821,-0.208554881163377,0.00832679837746483,0.188201546223179,0.00103936754192423,-1.11257638943281,"OLS Mean loss | Full",-0.208554881163376,0.220324325607821,-1.11257638943281,-1.11278915128384,0.00832679837746483,0.00103936754192423
0.0214,9.33901646599169,6.20545475075614,0.01846,0.06,23.5454645908938,23,15.3694366279465,0.0281663055186223,7.91315972222222,0.158516026614706,-0.137116026614706,0.00586654992408899,0.188308078147192,0.00031496143066349,-0.730566317428642,"OLS Mean loss | Full",-0.137116026614706,0.158516026614706,-0.730566317428642,-0.730292642312691,0.00586654992408899,0.00031496143066349
0.0129194444444444,9.28804440026972,7.90202757210311,0.017,0.35,22.542138606705,4,12.998720230377,0.0134404148871958,8.02232638888889,0.0896891395552298,-0.0767696951107853,0.0200673662351009,0.188363127456971,0.000347588264435133,-0.411988861403956,"OLS Mean loss | Full",-0.076769695110785,0.0896891395552295,-0.411988861403956,-0.411714168524928,0.0200673662351009,0.000347588264435133
0.0232805555555556,9.56050191840087,6.99639769282564,0.02871,0.1,22.4427967163211,13,10.1356348575821,0.0248656746546734,15.3686921296296,0.133575575033849,-0.110295019478293,0.00927991675517491,0.188336390486279,0.000324594747917632,-0.5886730955069,"OLS Mean loss | Full",-0.110295019478293,0.133575575033849,-0.5886730955069,-0.588364113327462,0.00927991675517491,0.000324594747917632
0.0212361111111111,9.48152542106954,8.09545977640844,0.07636,-0.31,22.0695152188389,4,9.28714543357954,0.0340134406139453,8.02200231481481,0.294253432562279,-0.273017321451168,0.0200518954194815,0.188063947018214,0.00439255509725155,-1.46515115579468,"OLS Mean loss | Full",-0.273017321451168,0.294253432562279,-1.46515115579468,-1.46650354186936,0.0200518954194815,0.00439255509725155
0.635752777777778,9.43048909029149,6.65910324349327,0.01726,-0.18,21.6554430466505,16,12.6841358960964,0.0239494481730663,7.76457175925926,0.245788191645487,0.389964586132291,0.00961096047419478,0.187732456186857,0.00420526159533481,2.08168985459232,"OLS Mean loss | Full",0.389964586132291,0.245788191645487,2.08168985459232,2.08729048922071,0.00961096047419478,0.00420526159533481
0.224833333333333,8.64287709092948,7.54461749748498,0.08055,0.169999999999999,20.9482626532637,3,13.1383848064599,0.0202155559149707,7.98225694444444,0.170389740757797,0.054443592575536,0.023664657415277,0.18837583733838,0.000207674555294801,0.292712345067276,"OLS Mean loss | Full",0.0544435925755363,0.170389740757797,0.292712345067276,0.292497443216249,0.023664657415277,0.000207674555294801
0.00616666666666666,11.1080839101247,8.64901914451803,0.0328,0.05,26.8640512231621,46,14.5382940853472,0.0198754496466454,8.9903125,0.204907355600707,-0.19874068893404,0.0630369085639371,0.188208829271939,0.00800407334072125,-1.09073517348533,"OLS Mean loss | Full",-0.19874068893404,0.204907355600707,-1.09073517348533,-1.09090154271001,0.0630369085639371,0.00800407334072125
0.00530555555555555,9.93451205138156,5.94809375778543,0.006301,0.04,25.6750092155566,46,11.2864093036613,0.0192962100840225,8.98255787037037,0.140041425198739,-0.134735869643183,0.013067672241107,0.188310287811715,0.000687349278731103,-0.720498882435122,"OLS Mean loss | Full",-0.134735869643183,0.140041425198739,-0.720498882435122,-0.720220527361134,0.013067672241107,0.000687349278731103
0.699586111111111,9.93659050273285,6.38288573651979,0.06032,0.08,25.5613318656914,35,14.8366238412919,0.0131736312206222,8.63607638888889,0.172657292997693,0.526928818113418,0.00630230133356436,0.187192726582864,0.00500128998726119,2.80813885182944,"OLS Mean loss | Full",0.526928818113419,0.172657292997693,2.80813885182944,2.82381238691624,0.00630230133356436,0.00500128998726119
0.182777777777778,9.82776666924027,6.16625238261256,0.13471,0.05,24.4137299370854,39,15.8018126849565,0.0188313113304476,8.63471064814815,0.217542452762242,-0.0347646749844645,0.0139636323268549,0.188383562089089,0.0000489865014555992,-0.185988236279183,"OLS Mean loss | Full",-0.0347646749844643,0.217542452762242,-0.185988236279183,-0.185844067584955,0.0139636323268549,0.0000489865014555992
0.0491277777777778,8.76746642773375,5.8797383714296,0.03606,-0.31,23.9580593454826,18,14.8411839630874,0.0171475356649288,8.64033564814815,0.277220685933294,-0.228092908155516,0.0121347173760773,0.188163933554933,0.00182576687386956,-1.21914872862784,"OLS Mean loss | Full",-0.228092908155516,0.277220685933293,-1.21914872862784,-1.21962561667579,0.0121347173760773,0.00182576687386956
0.0164972222222222,8.82586308560254,6.62981289547144,0.0582,0.429999999999999,22.8648773760556,9,12.8250234581459,0.0210403416076607,8.64399305555555,0.0459643989187143,-0.0294671766964921,0.0100817615055364,0.188385049351342,0.000025211713347955,-0.157337640668255,"OLS Mean loss | Full",-0.0294671766964917,0.045964398918714,-0.157337640668255,-0.157214439283469,0.0100817615055364,0.000025211713347955
0.0202305555555556,10.1349655878665,7.13998672254435,0.22725,0.32,22.6394842482137,20,9.95969744142789,0.0326995512321695,8.6328587962963,0.137476479348443,-0.117245923792888,0.0158274016362135,0.188329182458684,0.000633942880506318,-0.62784998383235,"OLS Mean loss | Full",-0.117245923792887,0.137476479348443,-0.62784998383235,-0.627544455963621,0.0158274016362135,0.000633942880506318
0.00769166666666666,9.79549129809083,6.30076461962671,0.01613,0.25,25.9211263784028,33,10.2496921308177,0.0157560300947569,9.9777662037037,0.0661152142527726,-0.0584235475861059,0.01153186473495,0.188374057082028,0.000113694008742639,-0.312176607593649,"OLS Mean loss | Full",-0.0584235475861056,0.0661152142527723,-0.312176607593649,-0.311950363687607,0.01153186473495,0.000113694008742639
0.109908333333333,8.95289128416265,7.85453768722055,0.006301,-0.199999999999999,20.1007726202039,3,9.28714543357954,0.0521584717253257,4.09830324074074,0.231510158930994,-0.12160182559766,0.0261370551460968,0.188323991252555,0.00115008171748795,-0.654613478864714,"OLS Mean loss | Full",-0.12160182559766,0.231510158930994,-0.654613478864714,-0.654312963026262,0.0261370551460968,0.00115008171748795
0.0155388888888889,10.2287099480017,7.2336636874374,0.0195,0.04,22.9059782310955,20,16.1084557556416,0.0300308018775943,9.97237268518519,0.190370554319899,-0.17483166543101,0.00975252584752735,0.18825703547926,0.000857940858084809,-0.9333445418858,"OLS Mean loss | Full",-0.17483166543101,0.190370554319899,-0.9333445418858,-0.933247870240849,0.00975252584752735,0.000857940858084809
0.710052777777778,9.63162757713987,6.86002267320689,0.025,-0.05,22.1864346302436,16,14.1672390932569,0.0261376824008722,9.68392361111111,0.209916164894342,0.500136612883436,0.00615937892601106,0.187311760913341,0.00440218481034108,2.66516465988916,"OLS Mean loss | Full",0.500136612883436,0.209916164894342,2.66516465988916,2.67833705647956,0.00615937892601106,0.00440218481034108
0.0136671388888889,10.4232400057544,6.99014440527899,0.03009,0.08,23.8709643716129,31,10.6011402426306,0.0181049744455246,14.1126041666667,0.153232851202132,-0.139565712313243,0.0111658193580765,0.18830471944379,0.000627752814457135,-0.74560836295293,"OLS Mean loss | Full",-0.139565712313242,0.153232851202131,-0.74560836295293,-0.745342347070809,0.0111658193580765,0.000627752814457135
0.0104277777777778,9.85978768006144,6.76984152775814,0.04135,0.069999999999999,23.210702695154,22,14.5197746032851,0.0168840057467215,10.7700347222222,0.180315876321507,-0.169888098543729,0.00655143361894429,0.188264784711436,0.000540703299312266,-0.905490776783283,"OLS Mean loss | Full",-0.169888098543729,0.180315876321507,-0.905490776783283,-0.905359722746603,0.00655143361894429,0.000540703299312266
0.0095,9.4069967662018,5.82634885735984,0.0513,0.029999999999999,25.487345568421,36,10.8814681654083,0.0162827304987257,15.2448958333333,0.144484427348762,-0.134984427348762,0.0103011637671667,0.188310218137695,0.000540797963585694,-0.720818472407187,"OLS Mean loss | Full",-0.134984427348762,0.144484427348762,-0.720818472407187,-0.720540260460793,0.0103011637671667,0.000540797963585694
0.0191611111111111,9.91372833551092,6.58285917884589,0.03792,0.12,25.1690048775709,28,14.0806736398205,0.0262737327312317,15.2915393518519,0.130930761711512,-0.111769650600401,0.0060974963068424,0.188335152036816,0.000217620248334025,-0.595587768478677,"OLS Mean loss | Full",-0.1117696506004,0.130930761711511,-0.595587768478677,-0.595279071327317,0.0060974963068424,0.000217620248334025
0.00660555555555555,9.17507627411107,5.77687847961046,0.01909,0.169999999999999,24.841460380422,30,9.93772463846508,0.0162984956473054,15.3439930555556,0.082076118749813,-0.0754705631942574,0.0124606962030739,0.188364179851178,0.00020538855951923,-0.403454129787225,"OLS Mean loss | Full",-0.0754705631942571,0.0820761187498126,-0.403454129787225,-0.403182874823248,0.0124606962030739,0.00020538855951923
0.00628888888888888,9.21989693273783,5.5102789939877,0.14266,0.149999999999999,24.8110274456643,41,10.5885344948837,0.018312339999328,15.3423726851852,0.137295167003152,-0.131006278114263,0.01443909267715,0.1883144713338,0.000720020268271748,-0.701042170475161,"OLS Mean loss | Full",-0.131006278114263,0.137295167003152,-0.701042170475161,-0.700755764173524,0.01443909267715,0.000720020268271748
0.374913888888889,9.39531183599598,6.50635199847193,0.01678,0.01,23.8495012845185,18,16.1425951210262,0.0220805405460463,15.1518634259259,0.176493817062366,0.198420071826523,0.00792389822380278,0.188219379486994,0.000894556253414,1.05829532497403,"OLS Mean loss | Full",0.198420071826523,0.176493817062366,1.05829532497403,1.0583974167485,0.00792389822380278,0.000894556253414
0.0180194444444444,9.45868366939365,6.82063994562819,0.01118,0.029999999999999,22.4996887398713,14,10.1133000998766,0.0349994822688169,14.2908217592593,0.138433100544997,-0.120413656100552,0.0112790572531859,0.188326206632171,0.000472133002194578,-0.643328283761031,"OLS Mean loss | Full",-0.120413656100552,0.138433100544997,-0.643328283761031,-0.643025384326245,0.0112790572531859,0.000472133002194578
0.0486694444444445,9.17564287696646,6.61193511617594,0.0836,0.139999999999999,21.8508706701449,13,14.60428546633,0.0301358436310288,15.353599537037,0.156894540309563,-0.108225095865119,0.00815416488310318,0.188338396426761,0.000273989952792848,-0.577297479419179,"OLS Mean loss | Full",-0.108225095865118,0.156894540309563,-0.577297479419179,-0.576988322652938,0.00815416488310318,0.000273989952792848
0.0464611111111111,9.65151580865636,6.9443657940432,0.07634,0.31,21.2902457366089,15,16.014771456042,0.0521584717253257,15.2402662037037,0.10005281155504,-0.0535917004439293,0.024232349441734,0.188376232293616,0.00020629338589125,-0.288216007882155,"OLS Mean loss | Full",-0.0535917004439291,0.10005281155504,-0.288216007882155,-0.28800380328723,0.024232349441734,0.00020629338589125
0.0319527777777778,9.69724650270585,6.44068509755277,0.18607,0.06,25.6038880346285,26,14.0702004465683,0.0138576606525516,15.7553587962963,0.205247896112956,-0.173295118335179,0.00877363308373147,0.188259469925608,0.000756822391133302,-0.924684707161168,"OLS Mean loss | Full",-0.173295118335179,0.205247896112956,-0.924684707161168,-0.924576976293496,0.00877363308373147,0.000756822391133302
0.200655555555556,9.23207231459314,6.93036748629766,0.03103,-0.31,22.4045131004027,10,13.6742442014372,0.0521584717253257,8.63434027777778,0.26466499955752,-0.0640094440019641,0.0236491754787392,0.188370885048596,0.000286866514739719,-0.34413977885567,"OLS Mean loss | Full",-0.064009444001964,0.26466499955752,-0.34413977885567,-0.343896161137189,0.0236491754787392,0.000286866514739719
0.753516777777778,11.1080839101247,8.40314594623146,0.11066,0.079999999999999,23.6456140177208,29,14.2206189569567,0.0212664338719916,19.2780792824074,0.221636303659529,0.531880474118249,0.0213651240819839,0.187151247884862,0.0178106461107043,2.85625825073333,"OLS Mean loss | Full",0.531880474118249,0.221636303659528,2.85625825073333,2.87283693406777,0.0213651240819839,0.0178106461107043
0.0202722222222222,9.90768003508646,6.61313689304201,0.03493,0.089999999999999,23.4888209852023,27,15.0895534977294,0.0219498200370611,15.1107060185185,0.164200535697051,-0.143928313474829,0.00744331369532316,0.188299715480174,0.000441708437318584,-0.767471657194476,"OLS Mean loss | Full",-0.143928313474829,0.164200535697051,-0.767471657194476,-0.767218228862589,0.00744331369532316,0.000441708437318584
0.77485,9.55729836546212,6.562908177445,0.03595,0,23.1324622359,20,14.540772334703,0.0215278308934002,15.3593634259259,0.187261492077052,0.587588507922948,0.006064815019764,0.18690069352869,0.00598185049437347,3.13103577595863,"OLS Mean loss | Full",0.587588507922949,0.187261492077051,3.13103577595863,3.15343111109295,0.006064815019764,0.00598185049437347
0.00455258333333333,9.80781191853155,6.07239558394646,0.05886,0.53,24.0210334035483,42,10.6232078502909,0.0382837909050605,9.98241898148148,-0.00980343446630629,0.0143560177996396,0.0217400686051346,0.188387893279552,0.0000132131964975736,0.0771082105292136,"OLS Mean loss | Full",0.01435601779964,-0.00980343446630667,0.0771082105292136,0.0770466687298117,0.0217400686051346,0.0000132131964975736
0.00397669444444444,9.54653435095876,5.57995087204146,0.01334,0.02,25.5681643754378,46,10.5798681851565,0.0231079902999829,11.0322222222222,0.132809069757861,-0.128832375313417,0.0143568569005536,0.188316923878402,0.000692241334716329,-0.689380398438977,"OLS Mean loss | Full",-0.128832375313417,0.132809069757861,-0.689380398438977,-0.689089782005309,0.0143568569005536,0.000692241334716329
0.00481388888888889,9.47285496052906,5.64766860664836,0.02161,0.059999999999999,23.3829549333208,46,10.5163517078347,0.0186732462144939,11.0321990740741,0.146911945205995,-0.142098056317106,0.0237919133570089,0.188300512669275,0.00142268378278064,-0.764030518032152,"OLS Mean loss | Full",-0.142098056317105,0.146911945205994,-0.764030518032152,-0.763774992473922,0.0237919133570089,0.00142268378278064
0.0556361111111111,9.35728565280915,6.873328227704,0.01214,0.1,22.003769143212,12,16.1867882117397,0.0457556600863394,11.0308101851852,0.146257592031194,-0.0906214809200826,0.0150641961098016,0.188353211089231,0.000359898435869701,-0.485088480752008,"OLS Mean loss | Full",-0.0906214809200824,0.146257592031194,-0.485088480752008,-0.484790570601127,0.0150641961098016,0.000359898435869701
0.0133777777777778,9.58237600813391,6.87529040320702,0.006301,0.01,21.8310912252977,15,13.9030967683932,0.0343818448475731,11.0296296296296,0.175902615645352,-0.162524837867575,0.00676918176742642,0.18827527946911,0.000511520241768142,-0.866340100853251,"OLS Mean loss | Full",-0.162524837867574,0.175902615645352,-0.866340100853251,-0.866166429036899,0.00676918176742642,0.000511520241768142
0.0102611111111111,9.46291771818486,7.16103149743816,0.10821,0.16,21.5445274301193,10,12.7485542698621,0.0333409275133474,10.5833449074074,0.161670595932818,-0.151409484821707,0.00517008955840938,0.188290437502737,0.000337982410817625,-0.806440692242328,"OLS Mean loss | Full",-0.151409484821707,0.161670595932818,-0.806440692242328,-0.806214119966739,0.00517008955840938,0.000337982410817625
0.0110222222222222,9.74372578521806,5.75784597855115,0.02444,0.39,26.1085024137369,46,15.9229908007445,0.0182393767724766,11.1491666666667,0.049036723657674,-0.0380145014354517,0.0154557973674064,0.188382529053562,0.0000650290056263159,-0.203528606227618,"OLS Mean loss | Full",-0.0380145014354513,0.0490367236576736,-0.203528606227618,-0.203371956350954,0.0154557973674064,0.0000650290056263159
0.00838888888888888,9.65815000226691,5.729514407575,0.02586,0.039999999999999,25.1803350069338,46,13.6519261235466,0.0270630411561424,11.1496527777778,0.150335132383647,-0.141946243494758,0.0114538688777225,0.188301800960192,0.000666490051572536,-0.758436459967691,"OLS Mean loss | Full",-0.141946243494758,0.150335132383647,-0.758436459967691,-0.758177618104726,0.0114538688777225,0.000666490051572536
0.0286805555555556,9.66810079086908,6.33760311064067,0.05939,0.129999999999999,23.8075572221045,28,10.9297025592353,0.0228087607865926,11.1496527777778,0.132028221060258,-0.103347665504703,0.00531473185934847,0.188342968233139,0.000161919392820423,-0.55049274166497,"OLS Mean loss | Full",-0.103347665504703,0.132028221060258,-0.55049274166497,-0.550184584069546,0.00531473185934847,0.000161919392820423
0.0158833333333333,9.86971733682171,7.30538839500423,0.02914,0.24,22.5262046747483,13,15.8922369622679,0.0301442648688309,11.1457175925926,0.124760171035516,-0.108876837702182,0.00942361412170858,0.188337722167244,0.000321292130167626,-0.581146039142826,"OLS Mean loss | Full",-0.108876837702182,0.124760171035515,-0.581146039142826,-0.580836900800702,0.00942361412170858,0.000321292130167626
0.00995277777777778,9.66100286996256,7.46428792743178,0.006301,0.03,21.3073836736548,9,14.5500385450689,0.0223350090648662,10.8626851851852,0.195544351243097,-0.185591573465319,0.010197847236606,0.188240245222609,0.0010118491231622,-0.991009518583599,"OLS Mean loss | Full",-0.185591573465319,0.195544351243096,-0.991009518583599,-0.990995259081682,0.010197847236606,0.0010118491231622
0.0212,9.27079743010755,6.18172982724837,0.01407,0.04,24.0875391727614,22,16.4433774877375,0.0229443193347273,12.140162037037,0.164064808043617,-0.142864808043617,0.00695822999613213,0.188301070203908,0.000406445022193552,-0.761614621198868,"OLS Mean loss | Full",-0.142864808043617,0.164064808043617,-0.761614621198868,-0.761357649337011,0.00695822999613213,0.000406445022193552
0.0525694444444444,9.50160786887989,6.06986010222087,0.09607,0.36,23.910431337004,31,14.9474924937643,0.0207391688463556,11.8266666666667,0.0893906783689934,-0.036821233924549,0.00869100081163317,0.188382956188584,0.0000338404327005431,-0.196466081330608,"OLS Mean loss | Full",-0.0368212339245487,0.0893906783689931,-0.196466081330608,-0.196314422148331,0.00869100081163317,0.0000338404327005431
0.00727777777777777,9.90525875827474,6.86173405301263,0.006301,0.03,23.8104195610276,21,15.5433634285719,0.0298617525744423,12.1378472222222,0.168976634969018,-0.16169885719124,0.00655202232995037,0.188276455234192,0.000489876434399126,-0.861842992187084,"OLS Mean loss | Full",-0.16169885719124,0.168976634969017,-0.861842992187084,-0.861664840855859,0.00655202232995037,0.000489876434399126
0.00858055555555555,9.87412131007326,6.78415956430672,0.00879,0.27,23.3544222667058,22,13.6947081551265,0.0341403493503347,12.138287037037,0.080698618128943,-0.0721180625733874,0.00794883143351315,0.188366420259805,0.000118552517700388,-0.384654469991635,"OLS Mean loss | Full",-0.0721180625733871,0.0806986181289427,-0.384654469991635,-0.384391282672898,0.00794883143351315,0.000118552517700388
0.00334480555555555,9.4261023094506,6.33675087251194,0.03589,0.099999999999999,23.3472661534283,22,10.5616744314873,0.0304645698382667,12.1390277777778,0.122487747335397,-0.119142941779842,0.00731016852728218,0.188327765806492,0.000297183312545508,-0.635265545822411,"OLS Mean loss | Full",-0.119142941779841,0.122487747335397,-0.635265545822411,-0.634961185664632,0.00731016852728218,0.000297183312545508
0.267908333333333,9.99980568450414,7.80294431122157,0.31353,-0.089999999999999,20.2030191219036,9,9.55081359284981,0.0338173662698115,17.1457986111111,0.315325200000957,-0.0474168666676234,0.0313112821427189,0.188378888082162,0.0002117315666369,-0.25593784006407,"OLS Mean loss | Full",-0.0474168666676235,0.315325200000957,-0.25593784006407,-0.25574579530653,0.0313112821427189,0.0002117315666369
0.0124914166666667,9.58457839325093,7.97541556824808,0.01721,0.02,21.9612109759661,5,13.0110740511902,0.0159024389943145,16.8660069444444,0.194645942581479,-0.182154525914812,0.0146256780477611,0.188245055110071,0.00141052568486636,-0.974839493122556,"OLS Mean loss | Full",-0.182154525914812,0.194645942581479,-0.974839493122556,-0.974800558326369,0.0146256780477611,0.00141052568486636
0.497394444444444,9.13584030102331,6.09347023612265,0.07119,0.079999999999999,21.9320475695196,21,10.2867806253421,0.0269630395116455,16.8655439814815,0.145289678251789,0.352104766192655,0.0120230359524887,0.18785257587825,0.00430974777948013,1.88188146001971,"OLS Mean loss | Full",0.352104766192655,0.145289678251789,1.88188146001971,1.88573794456928,0.0120230359524887,0.00430974777948013
0.0228666666666667,10.0268669036555,7.72467949929875,0.05476,0.319999999999999,21.9506324476297,10,13.5128527506299,0.0347047311059559,12.7835185185185,0.0996865173354829,-0.0768198506688162,0.00956471627223814,0.188363366434237,0.000162388152244643,-0.410066390976832,"OLS Mean loss | Full",-0.0768198506688159,0.0996865173354826,-0.410066390976832,-0.409792459995924,0.00956471627223814,0.000162388152244643
0.0135361111111111,9.1490659347692,5.93273851751791,0.02557,0.02,24.4852391420241,25,15.764751151579,0.0157747450450232,11.8186111111111,0.171661197495797,-0.158125086384686,0.00611050210776718,0.188281415106782,0.000436505564996927,-0.842607836955014,"OLS Mean loss | Full",-0.158125086384686,0.171661197495797,-0.842607836955014,-0.842411469598199,0.00611050210776718,0.000436505564996927
0.0248555555555556,9.28623887622728,7.90022254953601,0.08641,0.03,20.349405712833,4,12.6702521698202,0.0313459613966369,11.817662037037,0.215721955336852,-0.190866399781296,0.0128399376010943,0.188231257052796,0.00135467233349479,-1.02053866270438,"OLS Mean loss | Full",-0.190866399781296,0.215721955336852,-1.02053866270438,-1.02057270902168,0.0128399376010943,0.00135467233349479
0.3313,9.97399550596657,8.64901914451803,0.006301,0.02,20.1007726202039,3,9.68804958834625,0.0279409668549589,12.1309027777778,0.194123314579438,0.137176685420562,0.0172292260649706,0.1883070724666,0.000947347802078571,0.73510259793505,"OLS Mean loss | Full",0.137176685420563,0.194123314579437,0.73510259793505,0.734831147946408,0.0172292260649706,0.000947347802078571
0.0525833333333333,9.49079731769801,6.27373290355802,0.06323,0.44,22.9117842136173,25,9.94097789301924,0.0232524221355876,9.43275462962963,0.0322681321151575,0.0203152012181758,0.0135526258379364,0.188387007004167,0.0000162220375027252,0.108662060698755,"OLS Mean loss | Full",0.0203152012181761,0.0322681321151572,0.108662060698755,0.108575845858583,0.0135526258379364,0.0000162220375027252
0.0413722222222222,10.4689683385539,6.62012648397634,0.03397,0.619999999999999,26.8640512231621,46,15.0930746414387,0.0397693118686778,16.0871296296296,-0.0411315226651931,0.0825037448874154,0.0327986296250787,0.188358759867988,0.000673529704730753,0.445665462783776,"OLS Mean loss | Full",0.0825037448874158,-0.0411315226651936,0.445665462783776,0.445378643113214,0.0327986296250787,0.000673529704730753
0.333244444444444,9.78489316560455,6.38532702679586,0.334929,-0.31,24.8727110247137,30,11.7630604325286,0.0133239748788077,14.7499421296296,0.375602757766982,-0.0423583133225379,0.032896746955316,0.188380875647308,0.000178103363470875,-0.228821066548896,"OLS Mean loss | Full",-0.0423583133225379,0.375602757766982,-0.228821066548896,-0.22864695662384,0.032896746955316,0.000178103363470875
0.0123277777777778,9.87244602275119,7.16511763092148,0.19639,0.33,23.7677482206848,15,9.28714543357954,0.0161724502458788,15.0303125,0.114972162345996,-0.102644384568218,0.0164453276041126,0.188343078246416,0.000505479382409097,-0.549831619329343,"OLS Mean loss | Full",-0.102644384568218,0.114972162345995,-0.549831619329343,-0.549523510837352,0.0164453276041126,0.000505479382409097
0.04035,9.80541234854326,6.43965959143683,0.04607,-0.159999999999999,23.38821714119,29,14.4776440994261,0.028302331991353,15.7010069444444,0.238644096800154,-0.198294096800154,0.0092749707216916,0.188219363790295,0.00104860853101286,-1.05834432921007,"OLS Mean loss | Full",-0.198294096800154,0.238644096800154,-1.05834432921007,-1.05844651398184,0.0092749707216916,0.00104860853101286
0.00333602777777778,10.307942557662,6.64564805514354,0.04103,0.099999999999999,25.6939978255095,39,10.9652586281272,0.017577071404561,16.0931944444444,0.134138599063587,-0.130802571285809,0.0114261274558361,0.188314928183288,0.000564548046396537,-0.698884625009168,"OLS Mean loss | Full",-0.130802571285809,0.134138599063586,-0.698884625009168,-0.698597405366916,0.0114261274558361,0.000564548046396537
0.00728980555555556,10.0133916733888,6.9697647545998,0.01361,0.04,22.9008287909383,21,11.957715523778,0.0170888135723898,14.7485532407407,0.168225337239061,-0.160935531683506,0.00896697673150472,0.188277242408779,0.000667361589168111,-0.858819002274332,"OLS Mean loss | Full",-0.160935531683505,0.168225337239061,-0.858819002274332,-0.858637886108528,0.00896697673150472,0.000667361589168111
0.0930388888888889,9.55983085192885,8.64901914451803,0.006301,0.22,20.1007726202039,3,13.9582314722981,0.0521584717253257,14.7488078703704,0.126205829019044,-0.0331669401301548,0.0355054927936843,0.188383925462866,0.000118493459526008,-0.179411094904858,"OLS Mean loss | Full",-0.0331669401301545,0.126205829019043,-0.179411094904858,-0.179271678680855,0.0355054927936843,0.000118493459526008
0.145086111111111,8.92645806725465,6.52989018966699,0.09212,-0.199999999999999,20.2391929933058,11,9.79029857400511,0.0432877522028984,15.0286458333333,0.24286251374522,-0.0977764026341089,0.0165582181903819,0.188347307166855,0.000461925500333981,-0.523785529554159,"OLS Mean loss | Full",-0.0977764026341088,0.24286251374522,-0.523785529554159,-0.523480262628096,0.0165582181903819,0.000461925500333981
0.0202305555555556,10.8507827620526,8.64901914451803,0.006301,0.039999999999999,23.0709219349846,3,16.1420666981168,0.0301018456677362,15.0277893518519,0.194595144857631,-0.174364589302076,0.0210081946616287,0.188256231501177,0.00188076589315519,-0.936186840194574,"OLS Mean loss | Full",-0.174364589302076,0.194595144857631,-0.936186840194574,-0.936093871877317,0.0210081946616287,0.00188076589315519
0.110402777777778,9.84099396975281,7.44363079917687,0.31941,0.04,22.3726770906805,11,13.45512585073,0.0182362242853901,16.0834490740741,0.287373149235166,-0.176970371457388,0.023077864037978,0.188251948951416,0.0021372945232345,-0.951183605925779,"OLS Mean loss | Full",-0.176970371457388,0.287373149235166,-0.951183605925779,-0.951110784708397,0.023077864037978,0.0021372945232345
0.00144908333333333,10.2443640395495,6.417321444458,0.21868,0.62,26.3116690700949,46,12.3822112492508,0.0335141271048195,19.2780792824074,0.0122980699196893,-0.010848986586356,0.0314768035092199,0.188388273683967,0.0000111464469232576,-0.0585636218928008,"OLS Mean loss | Full",-0.0108489865863556,0.012298069919689,-0.0585636218928008,-0.0585167627865936,0.0314768035092199,0.0000111464469232576
0.00411308333333334,9.84355447229656,6.75362625171592,0.01938,0.08,23.9465468539667,22,15.6200690499738,0.013146888334414,19.2780792824074,0.163809787218561,-0.159696703885228,0.0123437391034132,0.188278578000176,0.000910782201030527,-0.853663693181192,"OLS Mean loss | Full",-0.159696703885227,0.163809787218561,-0.853663693181192,-0.853477609862006,0.0123437391034132,0.000910782201030527
0.0171638888888889,9.51299665985866,6.21907896887347,0.07049,0.5,25.8435806027172,27,15.2998012287763,0.0182307280763853,19.2780792824074,0.0145181725092396,0.00264571637964929,0.0170164803601352,0.188388761851953,0.000000347897552811541,0.0141763340009426,"OLS Mean loss | Full",0.00264571637964967,0.0145181725092392,0.0141763340009426,0.0141649542412319,0.0170164803601352,0.000000347897552811541
0.0102361111111111,10.2273685838353,6.53989864166126,0.03558,0.16,25.320573952541,40,16.4433774877375,0.0219782645670594,19.2780792824074,0.137666252947334,-0.127430141836223,0.0160796678599674,0.18831835697269,0.000761182990273954,-0.682473775629742,"OLS Mean loss | Full",-0.127430141836222,0.137666252947333,-0.682473775629742,-0.682180879358799,0.0160796678599674,0.000761182990273954
0.00857222222222222,9.37622535874141,5.94477636126568,0.09218,0.62,24.919155504507,31,14.4840042130606,0.0167170446682263,19.2780792824074,-0.0143004515739366,0.0228726737961589,0.0205344766891503,0.188386513092626,0.0000316028858843437,0.122776748715059,"OLS Mean loss | Full",0.0228726737961592,-0.014300451573937,0.122776748715059,0.122679656615241,0.0205344766891503,0.0000316028858843437
0.0824472222222222,8.83885776951684,5.89702517948402,0.08222,0.169999999999999,23.1178867775105,19,13.3833224844273,0.0191596588982682,19.2780792824074,0.125536480761023,-0.0430892585388005,0.0115690062911427,0.188380776832114,0.0000620481629179635,-0.230244684474714,"OLS Mean loss | Full",-0.0430892585388003,0.125536480761023,-0.230244684474714,-0.230069612001952,0.0115690062911427,0.0000620481629179635
0.156155555555556,10.4653604740565,7.42140801410019,0.1595,0.099999999999999,22.4832984392895,21,15.2933585258718,0.0380370628900578,19.2780792824074,0.207700339806945,-0.0515447842513896,0.0183720229612247,0.188377242811493,0.00014296183532195,-0.276378993871041,"OLS Mean loss | Full",-0.0515447842513894,0.207700339806945,-0.276378993871041,-0.276174023009183,0.0183720229612247,0.00014296183532195
0.004175,9.35618000994671,6.26695093363994,0.02199,0.01,25.0487367200253,22,9.94020965396889,0.0117861749047229,19.2780792824074,0.137455949878077,-0.133280949878077,0.0188919940109128,0.188311518311665,0.000983938279103312,-0.714831099250127,"OLS Mean loss | Full",-0.133280949878077,0.137455949878077,-0.714831099250127,-0.714550264671109,0.0188919940109128,0.000983938279103312
0.0283468888888889,8.96090289758616,6.07271037907048,0.00806,0.03,24.4583488131107,18,10.3996318688817,0.0152521944291301,19.2780792824074,0.123089309557509,-0.0947424206686197,0.0182429022939415,0.18834977518673,0.000479470977589957,-0.507967844115974,"OLS Mean loss | Full",-0.0947424206686195,0.123089309557508,-0.507967844115974,-0.50766514365982,0.0182429022939415,0.000479470977589957
0.0101472222222222,9.02725985840738,6.54367333906682,0.02477,0.059999999999999,22.8344237911925,12,14.4524394827809,0.0229407736768054,19.2780792824074,0.153231013427395,-0.143083791205173,0.0117343539730129,0.188300375667455,0.000694192957209845,-0.764623001912009,"OLS Mean loss | Full",-0.143083791205172,0.153231013427395,-0.764623001912009,-0.764367834332165,0.0117343539730129,0.000694192957209845
0.00259022222222223,9.82298280380056,6.45720319136595,0.01249,0.09,24.3216417081028,29,16.4433774877375,0.0231989842503819,19.2780792824074,0.149575076580527,-0.146984854358305,0.0129135083727004,0.188295376034132,0.000808102671166207,-0.7859388394476,"OLS Mean loss | Full",-0.146984854358305,0.149575076580527,-0.7859388394476,-0.785697419758068,0.0129135083727004,0.000808102671166207
0.0077694375,10.2819576450187,6.35184281916609,0.07557,0.079999999999999,26.8640512231621,46,12.2984260435877,0.0256919820506958,4.09830324074074,0.15340867700686,-0.14563923950686,0.0159315807988582,0.188296797683181,0.000984810395867861,-0.779937001176942,"OLS Mean loss | Full",-0.14563923950686,0.15340867700686,-0.779937001176942,-0.77969153834426,0.0159315807988582,0.000984810395867861
0.00786875,9.74580543103573,6.13699273001525,0.06975,0.219999999999999,26.684590330976,37,10.1569881311148,0.0116712063567068,4.09830324074074,0.0967160696113009,-0.0888473196113009,0.0166388878942619,0.188354535998653,0.000383331435162388,-0.475972196567128,"OLS Mean loss | Full",-0.0888473196113006,0.0967160696113006,-0.475972196567128,-0.475676539059812,0.0166388878942619,0.000383331435162388
0.0085555,9.15919819395945,5.66605288584646,0.17505,0.379999999999999,23.8147151209579,33,10.9893377616087,0.0280099247623891,4.09830324074074,0.0834906564766494,-0.0749351564766494,0.0141680545755807,0.188364485821408,0.000231027257175524,-0.40093866877284,"OLS Mean loss | Full",-0.0749351564766491,0.0834906564766491,-0.40093866877284,-0.400668454205147,0.0141680545755807,0.000231027257175524
0.2337875,8.23764894232911,5.18136494140678,0.14984,-0.31,21.8058265986417,22,13.9452724692703,0.0358102789149151,4.09830324074074,0.307202550380687,-0.0734150503806865,0.0217615752187441,0.188365280910249,0.000345906428975228,-0.394326997014854,"OLS Mean loss | Full",-0.0734150503806864,0.307202550380686,-0.394326997014854,-0.394059575085156,0.0217615752187441,0.000345906428975228
0.700544444444444,9.29425724300892,6.2051438938823,0.03655,-0.29,24.1326527885703,22,15.3543609182198,0.0232030005443315,7.37637731481481,0.277962726702181,0.422581717742264,0.0109801652612654,0.18761676653943,0.00565728190421627,2.25736596379826,"OLS Mean loss | Full",0.422581717742264,0.277962726702181,2.25736596379826,2.26483494093457,0.0109801652612654,0.00565728190421627
0.644505555555556,8.95110685226894,6.18046014768586,0.05458,0.129999999999999,22.1437468718587,16,14.1197110851004,0.0221796454793733,9.37216435185185,0.151578010242557,0.492927545312999,0.00629357861732323,0.187342530621114,0.00437054083879229,2.62692581667224,"OLS Mean loss | Full",0.492927545312999,0.151578010242556,2.62692581667224,2.63947563362882,0.00629357861732323,0.00437054083879229
0.03645,8.91346844574057,5.97144869518368,0.01096,0.01,22.8718113596736,19,16.2246557604875,0.0156881438710469,10.0901041666667,0.18413850253856,-0.14768850253856,0.0110032015622129,0.188294661478461,0.000692484743401139,-0.788938251653421,"OLS Mean loss | Full",-0.147688502538559,0.184138502538559,-0.788938251653421,-0.788698903629988,0.0110032015622129,0.000692484743401139
0.683686111111111,10.5325444728612,8.58679423931309,0.10885,0,23.3113327616368,7,14.5069590051548,0.02442577131953,19.1037962962963,0.234749859557519,0.448936251553592,0.0157073211768726,0.187513041991925,0.00922168970420584,2.40389955881457,"OLS Mean loss | Full",0.448936251553592,0.234749859557519,2.40389955881457,2.41318751229493,0.0157073211768726,0.00922168970420584
0.883446277777778,10.9399705950049,8.64901914451803,0.0835,-0.169999999999999,21.7100375227363,3,9.28714543357954,0.016325728104889,19.2780792824074,0.273468046656713,0.609978231121065,0.0338812146172974,0.186738239518258,0.0381165976933982,3.29680182539289,"OLS Mean loss | Full",0.609978231121065,0.273468046656713,3.29680182539289,3.32327142028549,0.0338812146172974,0.0381165976933982
