"loss_target","log_volume","eps_stddev","surprise","log_market_cap","analysts","log_turnover","log_volatility_6m","open_time_days",".fitted",".resid",".hat",".sigma",".cooksd",".std.resid","model","residual","fitted","std_resid","stud_resid","leverage","cooks_d"
0.1444,11.860899565853,0.08996,0.29,27.5117443028921,27,15.9458509177242,0.0124203506033438,13.7210648148148,0.0830572052905891,0.0613427947094109,0.016951177362707,0.20008689439873,0.000183457780149747,0.309440341382033,"OLS Loss at 6h | Full",0.061342794709407,0.083057205290593,0.309440341382033,0.309212734119786,0.016951177362707,0.000183457780149747
0.00422499999999999,10.6347633341023,0.05423,0.09,25.1291019314192,17,15.058925129306,0.0107258321100694,13.7225,0.117701440058424,-0.113476440058424,0.00793056433877761,0.200049643208227,0.000288396963662274,-0.569817240315579,"OLS Loss at 6h | Full",-0.113476440058423,0.117701440058423,-0.569817240315579,-0.56950414162592,0.00793056433877761,0.000288396963662274
0.6561,10.4587335456671,0.03727,-0.019999999999999,24.5779931009567,28,15.8953059655976,0.022408179625568,13.7227777777778,0.134614211318636,0.521485788681364,0.00561518372536927,0.19898639993895,0.00429239106802252,2.61556882728848,"OLS Loss at 6h | Full",0.521485788681364,0.134614211318636,2.61556882728848,2.62809972474314,0.00561518372536927,0.00429239106802252
0.0144,10.4962531345063,0.02763,0.01,26.709858302719,25,17.3942581346183,0.0124361783982803,10.4166319444444,0.127105752070441,-0.112705752070441,0.0106583825237416,0.200050214750208,0.0003844591783859,-0.566726941926443,"OLS Loss at 6h | Full",-0.112705752070441,0.127105752070441,-0.566726941926443,-0.5664139230246,0.0106583825237416,0.0003844591783859
0.0784,10.9487111712076,0.0535,-0.06,26.405733748307,26,16.5138875349496,0.015548431085592,10.4285763888889,0.124783919771186,-0.0463839197711857,0.00973622002734309,0.200093630786303,0.0000593721545603758,-0.23312718343812,"OLS Loss at 6h | Full",-0.0463839197711858,0.124783919771186,-0.23312718343812,-0.232947865201257,0.00973622002734309,0.0000593721545603758
0.09,10.5734220000655,0.10269,0.12,26.0732293331283,23,16.4420319032209,0.0148425971121528,10.4461226851852,0.123567262020056,-0.0335672620200564,0.00825892196741263,0.200097848949169,0.000026297709319254,-0.168584516490078,"OLS Loss at 6h | Full",-0.0335672620200567,0.123567262020057,-0.168584516490078,-0.168451292476264,0.00825892196741263,0.000026297709319254
0.0196,10.6056260316505,0.11892,0.26,26.3907614345404,27,15.4929304383862,0.0132184482436928,11.4320949074074,0.104451648075431,-0.0848516480754313,0.006697329322397,0.200072972755313,0.000135837080020984,-0.42581445245124,"OLS Loss at 6h | Full",-0.0848516480754315,0.104451648075431,-0.42581445245124,-0.425530854386547,0.006697329322397,0.000135837080020984
0.011025,10.5771266751171,0.58598,2.52,26.36296455849,27,14.4917565148796,0.0147887418875905,11.4293402777778,0.0155451258427885,-0.00452012584278852,0.0349371268143764,0.200102386470934,0.0000021302783153296,-0.0230130212771879,"OLS Loss at 6h | Full",-0.00452012584278883,0.0155451258427888,-0.0230130212771879,-0.0229943137926305,0.0349371268143764,0.0000021302783153296
0.0225,9.90509694876298,0.06217,0.719999999999999,25.1397518676719,25,14.4634265995202,0.0120875852607781,12.466400462963,0.0952294713922195,-0.0727294713922195,0.00511522063958693,0.200080834448446,0.0000759799467608592,-0.364690923699117,"OLS Loss at 6h | Full",-0.0727294713922189,0.0952294713922189,-0.364690923699117,-0.364433714608805,0.00511522063958693,0.0000759799467608592
0.065025,10.129917066756,0.08834,0.3,24.3502000878595,19,14.486447460944,0.0134589545533466,12.4664467592593,0.11981663792106,-0.0547916379210595,0.00441806774575662,0.200090200665237,0.0000371934315709937,-0.274648162130183,"OLS Loss at 6h | Full",-0.0547916379210597,0.11981663792106,-0.274648162130183,-0.274441611162398,0.00441806774575662,0.0000371934315709937
0.0961,9.07734833387386,0.08215,0.169999999999999,24.1844449232098,23,13.8654892937763,0.012856256727654,12.1090162037037,0.126559828512321,-0.0304598285123214,0.0035116741111415,0.200098683529494,0.00000911977257593183,-0.152613257893108,"OLS Loss at 6h | Full",-0.0304598285123216,0.126559828512322,-0.152613257893108,-0.152492019152818,0.0035116741111415,0.00000911977257593183
0.000001,11.492343443069,0.90803,0.22,27.9694440119375,17,16.3184523777483,0.0206602731910951,9.92637731481481,0.0965476889687974,-0.0965466889687974,0.0294341083970648,0.200063384818512,0.000809533692704917,-0.490146368281381,"OLS Loss at 6h | Full",-0.0965466889687975,0.0965476889687975,-0.490146368281381,-0.48984339868155,0.0294341083970648,0.000809533692704917
0.0361,9.79064462622112,0.01017,0.089999999999999,25.5469768307931,10,10.9357184943581,0.0220896729660745,15.0074652777778,0.0872907694040662,-0.0511907694040662,0.018621625001795,0.200091605675448,0.000140827428086752,-0.258448688270337,"OLS Loss at 6h | Full",-0.0511907694040663,0.0872907694040663,-0.258448688270337,-0.25825250680488,0.018621625001795,0.000140827428086752
0.0484,8.9133734693845,0.13814,0.12,24.327159797989,27,11.1963987648232,0.0245225996865987,14.9609606481481,0.102636846138613,-0.0542368461386134,0.00630584968993574,0.200090425088847,0.0000522139234084262,-0.27212533582353,"OLS Loss at 6h | Full",-0.0542368461386135,0.102636846138614,-0.27212533582353,-0.271920377174752,0.00630584968993574,0.0000522139234084262
0.0625,8.35731022424459,0.06214,0.229999999999999,23.0029557290816,14,8.46748927657045,0.0158026520360015,14.9880208333333,0.0970114307728848,-0.0345114307728848,0.013318199161894,0.200097560120193,0.0000452873098558495,-0.17377020876589,"OLS Loss at 6h | Full",-0.034511430772885,0.097011430772885,-0.17377020876589,-0.173633137384478,0.013318199161894,0.0000452873098558495
0.1936,8.8410573803029,0.0785,0.07,21.1432937926241,2,6.94570322612221,0.0228156344900106,17.0058680555556,0.109159859309469,0.0844401406905309,0.0180237615798709,0.200072921221621,0.000370425347734548,0.42618619297662,"OLS Loss at 6h | Full",0.0844401406905307,0.109159859309469,0.42618619297662,0.425902457029419,0.0180237615798709,0.000370425347734548
0.034225,11.2323006456763,0.0247,0.01,26.640950006082,45,13.1260875768139,0.0185199553600054,14.4309606481481,0.0808970593241384,-0.0466720593241383,0.00994586898666938,0.200093518694895,0.0000614324882387136,-0.234600217733101,"OLS Loss at 6h | Full",-0.0466720593241384,0.0808970593241385,-0.234600217733101,-0.234419897779236,0.00994586898666938,0.0000614324882387136
0.0256,9.54252144901331,0.02076,0.07,25.1611055364395,24,16.0243192714236,0.0128991989284322,14.5379513888889,0.127287316599979,-0.101687316599979,0.00549520637711311,0.20006015495404,0.000159684640391696,-0.509993057065586,"OLS Loss at 6h | Full",-0.101687316599979,0.127287316599979,-0.509993057065586,-0.509686048293751,0.00549520637711311,0.000159684640391696
0.024025,9.47877614249163,0.00887,0.019999999999999,23.8733414504818,24,16.946011528158,0.0146880131908873,14.5517476851852,0.150759472090203,-0.126734472090203,0.00886150608373632,0.200036513343905,0.000402705626811094,-0.636690698823401,"OLS Loss at 6h | Full",-0.126734472090203,0.150759472090203,-0.636690698823401,-0.636382622752468,0.00886150608373632,0.000402705626811094
0.0000202499999999995,10.6908652059994,0.02544,0.02,25.2116868821698,20,14.9185257217475,0.0149272033460511,14.1492939814815,0.117215549739763,-0.117195299739763,0.0066238533263941,0.200046197446276,0.000256249463987054,-0.588104154821898,"OLS Loss at 6h | Full",-0.117195299739763,0.117215549739763,-0.588104154821898,-0.587791132411023,0.0066238533263941,0.000256249463987054
0.046225,9.52671741955206,0.04185,0.059999999999999,20.5761326046048,5,8.25604691505872,0.017281874399097,14.5360069444444,0.126367721730981,-0.080142721730981,0.0141197211619154,0.200075958219983,0.000259337465130844,-0.403694576614834,"OLS Loss at 6h | Full",-0.0801427217309811,0.126367721730981,-0.403694576614834,-0.403419690900626,0.0141197211619154,0.000259337465130844
0.000324000000000001,11.0071283046806,0.02524,0.02,24.8681589418807,23,15.8676895651115,0.0127897619305942,14.8194328703704,0.123985099296661,-0.123661099296661,0.00895350368521086,0.200039668309493,0.000387463222689755,-0.621279472966334,"OLS Loss at 6h | Full",-0.123661099296661,0.123985099296661,-0.621279472966334,-0.620969060046347,0.00895350368521086,0.000387463222689755
0.0441,9.72647123585629,0.02625,0.07,20.0824263600869,3,6.28977493834894,0.0227975801219196,6.53113425925926,0.136003482836603,-0.0919034828366026,0.0203634144848476,0.200067382399709,0.000498131349081755,-0.46440874513644,"OLS Loss at 6h | Full",-0.0919034828366028,0.136003482836603,-0.46440874513644,-0.464112410797205,0.0203634144848476,0.000498131349081755
0.126025,10.0293500322942,0.31648,0.519999999999999,25.8534196754875,17,13.3205939618519,0.014443886747653,8.6033912037037,0.096354354315391,0.0296706456846089,0.00941881330462497,0.200098855890982,0.0000234870978579798,0.149101796703256,"OLS Loss at 6h | Full",0.0296706456846087,0.0963543543153913,0.149101796703256,0.148983219199904,0.00941881330462497,0.0000234870978579798
0.00360000000000001,10.2429749257397,0.02912,0.03,25.9408154334426,20,14.6453651655411,0.0128676234013902,14.6323032407407,0.107327881007035,-0.103727881007035,0.00735644480604293,0.200058356769839,0.000223270663699682,-0.520714605775293,"OLS Loss at 6h | Full",-0.103727881007035,0.107327881007035,-0.520714605775293,-0.520405820300056,0.00735644480604293,0.000223270663699682
0.099225,10.4865661315804,0.03116,-0.049999999999999,26.9901180648754,26,15.9575371598893,0.00967254471746884,14.603275462963,0.105321481736144,-0.00609648173614377,0.00948343016558981,0.200102319926255,0.000000998527061714577,-0.0306372176403381,"OLS Loss at 6h | Full",-0.00609648173614385,0.105321481736144,-0.0306372176403381,-0.0306123225606669,0.00948343016558981,0.000000998527061714577
0.011025,9.15173049550911,0.01782,0.019999999999999,23.9854505080252,21,15.3099216988253,0.0153688386782775,14.090474537037,0.140818569692373,-0.129793569692373,0.00494958021883755,0.200033562155687,0.000234068984817515,-0.650776033358768,"OLS Loss at 6h | Full",-0.129793569692373,0.140818569692373,-0.650776033358768,-0.650470738360895,0.00494958021883755,0.000234068984817515
0.000600249999999998,9.49662191739767,0.02786,0.149999999999999,24.034238637082,27,16.3547140793426,0.0234317884653749,14.062025462963,0.141918365876664,-0.141318115876664,0.00630252809821312,0.200020667703455,0.000354292062608832,-0.709041513392995,"OLS Loss at 6h | Full",-0.141318115876664,0.141918365876664,-0.709041513392995,-0.708754571972481,0.00630252809821312,0.000354292062608832
0.011025,9.28784355557097,0.07167,0.05,23.3224961924694,20,13.8111043888521,0.0172619427931496,14.6347569444444,0.13472306103905,-0.12369806103905,0.00379804621347562,0.200039956018738,0.00016276108475492,-0.619855008515415,"OLS Loss at 6h | Full",-0.12369806103905,0.13472306103905,-0.619855008515415,-0.619544416241064,0.00379804621347562,0.00016276108475492
0.05736025,10.4538111116123,0.05819,-0.24,22.9940110629385,26,13.8052092249571,0.0271647346384707,18.6614699074074,0.134754805683179,-0.0773945556831787,0.00889576976476382,0.200077875899339,0.000150773501961221,-0.388822746451383,"OLS Loss at 6h | Full",-0.0773945556831787,0.134754805683179,-0.388822746451383,-0.388554263139534,0.00889576976476382,0.000150773501961221
0.00286225,10.4223799029992,0.01572,0.009999999999999,26.5569885574652,26,15.9619310355997,0.010394016916441,13.7200462962963,0.110463730362268,-0.107601480362268,0.00767322211818375,0.200054984780045,0.000250763409241968,-0.540246308468241,"OLS Loss at 6h | Full",-0.107601480362269,0.110463730362269,-0.540246308468241,-0.539935041250841,0.00767322211818375,0.000250763409241968
0.801025,10.1204974527331,0.26826,-0.31,25.6859207429161,26,15.1656247694377,0.0181743525651407,14.0462731481481,0.127730177865177,0.673294822134823,0.00540756482594848,0.198238920315473,0.0068878123245976,3.37663109811049,"OLS Loss at 6h | Full",0.673294822134823,0.127730177865177,3.37663109811049,3.40560108130884,0.00540756482594848,0.0068878123245976
0.801025,8.86501767277967,0.00729,-0.02,23.6248342390232,15,14.7773906894779,0.0137404071642588,13.717037037037,0.145502229448052,0.655522770551948,0.00569972475716465,0.198335912344349,0.00688578809919367,3.2879856956837,"OLS Loss at 6h | Full",0.655522770551948,0.145502229448052,3.2879856956837,3.31457342515219,0.00569972475716465,0.00688578809919367
0.060025,9.6997095627982,0.00829,0.05,22.4566110676967,5,10.0777772683626,0.0147020608672849,10.9712731481481,0.126179658330651,-0.0661546583306513,0.00911296362330792,0.200084497773606,0.000112899372946452,-0.332391014183748,"OLS Loss at 6h | Full",-0.0661546583306515,0.126179658330651,-0.332391014183748,-0.332150504144053,0.00911296362330792,0.000112899372946452
0.731025,9.73096947113934,0.05897,-0.04,25.9067733497989,40,11.4384474243496,0.018783462176565,14.3135185185185,0.0867284361213961,0.644296563878604,0.0077102000504019,0.19839268692414,0.00903482089292732,3.23494922732642,"OLS Loss at 6h | Full",0.644296563878604,0.086728436121396,3.23494922732642,3.26017484628457,0.0077102000504019,0.00903482089292732
0.133225,10.0953852852538,0.04635,-0.01,25.6375326445943,28,15.1533835410048,0.0115779225150553,13.9508101851852,0.116221295645729,0.0170037043542711,0.00449658452421886,0.200101290690482,0.00000364622670886602,0.0852360048009277,"OLS Loss at 6h | Full",0.0170037043542709,0.116221295645729,0.0852360048009277,0.0851671820973966,0.00449658452421886,0.00000364622670886602
0.0729,11.144407217762,0.73524,1.23,25.642416044013,24,14.2238129181034,0.0138751370732859,12.9802777777778,0.0624699005512201,0.0104300994487799,0.0159791518934234,0.200102022722259,0.00000498977943844722,0.0525880680947372,"OLS Loss at 6h | Full",0.0104300994487796,0.0624699005512204,0.0525880680947372,0.0525454143158825,0.0159791518934234,0.00000498977943844722
0.133225,9.54307264865773,0.01588,0.03,24.8536899742436,20,16.4434311264865,0.0122260743448542,5.40113425925926,0.156971563207864,-0.0237465632078643,0.00862402191117925,0.200100157821546,0.0000137528884774634,-0.119284080023027,"OLS Loss at 6h | Full",-0.0237465632078645,0.156971563207865,-0.119284080023027,-0.119188440426636,0.00862402191117925,0.0000137528884774634
0.00360000000000001,11.0908162072791,0.01175,0.019999999999999,26.5790269480718,31,12.6563195928528,0.0299183622825332,13.095625,0.0864728622151079,-0.0828728622151079,0.0113528536012199,0.200074200193406,0.00022172078374964,-0.416862277641976,"OLS Loss at 6h | Full",-0.082872862215108,0.0864728622151081,-0.416862277641976,-0.416582086133147,0.0113528536012199,0.00022172078374964
0.0196,10.5808299903859,0.12669,0.06,26.0207200270288,31,16.0813114064413,0.0138859866512755,12.7091666666667,0.116586833706213,-0.0969868337062126,0.00601057720771546,0.200063957196542,0.000159051416630316,-0.486544779388523,"OLS Loss at 6h | Full",-0.0969868337062127,0.116586833706213,-0.486544779388523,-0.486242644873068,0.00601057720771546,0.000159051416630316
0.018225,9.67530967210073,0.00796,0.019999999999999,26.0701747479993,23,11.2872275540555,0.0120597728503339,13.7098842592593,0.0856132663415075,-0.0673882663415074,0.00983028434217511,0.200083807612976,0.00012655365532071,-0.338711842404755,"OLS Loss at 6h | Full",-0.0673882663415076,0.0856132663415076,-0.338711842404755,-0.33846792626069,0.00983028434217511,0.00012655365532071
0.00756899999999999,10.3346841158248,0.05144,0.09,25.7360994308427,26,17.8634677694273,0.0165240192699979,13.7118981481481,0.132134684115629,-0.124565684115629,0.00901717380871138,0.200038741875776,0.000395999232684381,-0.625844255905195,"OLS Loss at 6h | Full",-0.124565684115629,0.132134684115629,-0.625844255905195,-0.625534459266722,0.00901717380871138,0.000395999232684381
0.2809,10.1298468244741,0.41334,1.09,24.6740488725066,20,14.5208105135029,0.0171235073896884,13.7102083333333,0.0851623491250015,0.195737650874999,0.00903477954231414,0.199945070590291,0.00097973540701915,0.983435956085874,"OLS Loss at 6h | Full",0.195737650874998,0.0851623491250017,0.983435956085874,0.983409646449665,0.00903477954231414,0.00097973540701915
0.1296,8.75408174951698,0.0068,0.01,24.6477149576259,38,16.8149949519023,0.0251336844730716,14.110462962963,0.144920751948418,-0.0153207519484178,0.0129974595259437,0.200101504814267,0.00000870445170194168,-0.0771297392315065,"OLS Loss at 6h | Full",-0.0153207519484179,0.144920751948418,-0.0771297392315065,-0.077067379358654,0.0129974595259437,0.00000870445170194168
0.030625,9.51759273811913,0.05944,0.309999999999999,24.0972558435913,21,10.8989413379022,0.0166557144440108,14.8001273148148,0.0935876340022691,-0.0629626340022691,0.00506343296244995,0.200086256874324,0.0000563610895348128,-0.315708379393495,"OLS Loss at 6h | Full",-0.0629626340022692,0.0935876340022692,-0.315708379393495,-0.315477166893154,0.00506343296244995,0.0000563610895348128
0.018225,9.28169418575093,0.02208,0.029999999999999,25.3758031469499,17,10.0032010825117,0.0111097061319757,13.620625,0.0866199148374079,-0.0683949148374079,0.0131280943856944,0.200083181530481,0.000175261720348065,-0.344345441002622,"OLS Loss at 6h | Full",-0.0683949148374081,0.0866199148374081,-0.344345441002622,-0.344098544661291,0.0131280943856944,0.000175261720348065
0.497025,9.10884618265896,0.01479,-0.01,25.1362522873284,31,10.9757312846601,0.0121500893459598,14.0186689814815,0.0950470378270171,0.401977962172983,0.00725228019970587,0.199438981113337,0.00330491726610422,2.01782599331096,"OLS Loss at 6h | Full",0.401977962172983,0.0950470378270173,2.01782599331096,2.02289223950854,0.00725228019970587,0.00330491726610422
0.4356,8.50485267044317,0.04543,-0.129999999999999,24.7848693032139,13,14.6669135555637,0.0100004643387995,13.9983217592593,0.136510009983726,0.299089990016274,0.0104121853279974,0.199734260274156,0.00264360334692167,1.50374995006069,"OLS Loss at 6h | Full",0.299089990016274,0.136510009983726,1.50374995006069,1.50529681696438,0.0104121853279974,0.00264360334692167
0.429025,9.11564990237182,0.03512,-0.03,24.4928272321867,31,14.535841701182,0.0143457898067444,13.61875,0.13030366705218,0.29872133294782,0.00531969835963777,0.199737050479433,0.0013335575868315,1.49804685428711,"OLS Loss at 6h | Full",0.298721332947819,0.130303667052181,1.49804685428711,1.49956690623892,0.00531969835963777,0.0013335575868315
0.5476,9.11141142889913,0.04426,-0.049999999999999,24.7315941288051,24,18.114478842641,0.0191130237184518,19.9989236111111,0.142257564970053,0.405342435029947,0.0149341268810908,0.199422538991621,0.00702833993997581,2.04263304040553,"OLS Loss at 6h | Full",0.405342435029947,0.142257564970053,2.04263304040553,2.04793040597225,0.0149341268810908,0.00702833993997581
0.6724,9.99125975293455,0.10271,-0.65,25.8470619927445,54,15.1289685889057,0.0198368774366791,13.5815046296296,0.134315839904909,0.538084160095091,0.0181393607959191,0.19889880131215,0.0151419573462858,2.71597769893536,"OLS Loss at 6h | Full",0.538084160095091,0.134315839904909,2.71597769893536,2.73019154041425,0.0181393607959191,0.0151419573462858
0.01,10.221800220433,0.06887,0.109999999999999,25.8160679811275,37,11.5589840105078,0.0203012186822931,13.9600115740741,0.0826215588966859,-0.072621558896686,0.00617982541858156,0.200080875503789,0.0000917172550134212,-0.364344803769567,"OLS Loss at 6h | Full",-0.0726215588966862,0.0826215588966862,-0.364344803769567,-0.364087764082056,0.00617982541858156,0.0000917172550134212
0.00198025,10.5732854055617,0.03804,0.01,23.2052617515937,10,14.3644101387089,0.0177455556558722,13.5822453703704,0.140211733824529,-0.138231483824529,0.00812880460661494,0.200024058749224,0.000438823010643673,-0.694193028549267,"OLS Loss at 6h | Full",-0.138231483824529,0.140211733824529,-0.694193028549267,-0.693900332126487,0.00812880460661494,0.000438823010643673
0.497025,9.20513743474215,0.2207,-1.38,21.5526112416656,17,14.6121270221296,0.021507182088805,19.5817013888889,0.202329327139146,0.294695672860854,0.0231227356163333,0.199740354860747,0.00584879032137981,1.49126448498055,"OLS Loss at 6h | Full",0.294695672860854,0.202329327139146,1.49126448498055,1.49275295934214,0.0231227356163333,0.00584879032137981
0.216225,10.1830852795884,0.20345,0.48,27.6180407768517,31,15.1979447759278,0.0234009310053287,13.5825,0.0786285670043609,0.137596432995639,0.0119324820672416,0.200024478564384,0.000643178060194426,0.692332599517089,"OLS Loss at 6h | Full",0.137596432995639,0.078628567004361,0.692332599517089,0.692039235049142,0.0119324820672416,0.000643178060194426
0.112225,8.58440262966445,0.15122,-0.19,23.0585810131429,4,6.65372625839113,0.0168784593705799,13.9837615740741,0.101759443808962,0.0104655561910381,0.0237850124597984,0.200102016036197,0.00000759794934560192,0.0529773823261799,"OLS Loss at 6h | Full",0.010465556191038,0.101759443808962,0.0529773823261799,0.0529344145462485,0.0237850124597984,0.00000759794934560192
0.286225,11.8871584758298,0.07301,0.049999999999999,28.121475691333,52,12.8282792682766,0.027427256578436,6.93916666666667,0.0751789513781586,0.211046048621841,0.0207292104891262,0.19991728932311,0.00267602974607254,1.06666180065787,"OLS Loss at 6h | Full",0.211046048621841,0.0751789513781589,1.06666180065787,1.06678148791659,0.0207292104891262,0.00267602974607254
0.00313600000000001,12.1137828621118,0.10495,0.179999999999999,29.0575447943703,65,12.7314771927434,0.0171290992837832,13.9343865740741,0.0376288070235457,-0.0344928070235456,0.0260664720533881,0.200097501187255,0.0000908740794485632,-0.174809406137126,"OLS Loss at 6h | Full",-0.0344928070235458,0.0376288070235458,-0.174809406137126,-0.17467156647266,0.0260664720533881,0.0000908740794485632
0.011025,9.88201394260676,0.01235,0.02,25.4555941745347,40,11.289744710583,0.0280465677168907,13.9268171296296,0.0903867731333959,-0.0793617731333959,0.00786390742982842,0.200076636425545,0.000139854982860116,-0.398498467072556,"OLS Loss at 6h | Full",-0.0793617731333961,0.0903867731333961,-0.398498467072556,-0.398225769637054,0.00786390742982842,0.000139854982860116
0.024025,10.1110832947254,0.30145,0.690000000000001,28.1621033296841,69,11.9796074129009,0.0212107956405142,6.03287037037037,0.0507546063354734,-0.0267296063354733,0.0286887249399305,0.200099479129727,0.0000603863578935061,-0.135648271699954,"OLS Loss at 6h | Full",-0.0267296063354736,0.0507546063354736,-0.135648271699954,-0.135539971340166,0.0286887249399305,0.0000603863578935061
0.00302500000000001,11.0461957364662,0.05448,0.169999999999999,28.9581919104978,46,12.9710254310443,0.0139729608741427,7.07493055555556,0.0649663363962916,-0.0619413363962915,0.0172041248317045,0.200086584811471,0.000189944359755899,-0.312499859003091,"OLS Loss at 6h | Full",-0.0619413363962918,0.0649663363962918,-0.312499859003091,-0.312270484493184,0.0172041248317045,0.000189944359755899
0.00422499999999999,10.6138035923476,0.0831,0.289999999999999,28.8815315040862,59,12.306024848308,0.012149954921116,6.02775462962963,0.0579560773491119,-0.0537310773491119,0.0198797227916394,0.200090484982746,0.000166058839241207,-0.271448082806545,"OLS Loss at 6h | Full",-0.0537310773491122,0.0579560773491122,-0.271448082806545,-0.271243553056962,0.0198797227916394,0.000166058839241207
0.0000722499999999992,10.0882919908438,0.06449,0.229999999999999,26.3388773084524,23,15.3875431913076,0.0169721974385585,6.66319444444444,0.120261987133436,-0.120189737133436,0.008647282557092,0.200043163695478,0.000353278609942172,-0.6037459101272,"OLS Loss at 6h | Full",-0.120189737133436,0.120261987133436,-0.6037459101272,-0.603433713510089,0.008647282557092,0.000353278609942172
0.0841,9.3216134686864,0.02288,0.05,25.8293182748231,26,17.5373247445242,0.0113707694881746,5.62195601851852,0.15254739916372,-0.0684473991637201,0.0106766623179541,0.200083199787677,0.000142047052079958,-0.344182465122121,"OLS Loss at 6h | Full",-0.0684473991637203,0.15254739916372,-0.344182465122121,-0.343935654251358,0.0106766623179541,0.000142047052079958
0.140625,9.62237910028807,0.03921,-0.019999999999999,25.4214596724379,38,11.7553561045507,0.0178588175888137,5.73835648148148,0.114228289416959,0.0263967105830412,0.00698638795230451,0.200099617033206,0.0000137214889792338,0.132486957564869,"OLS Loss at 6h | Full",0.0263967105830409,0.114228289416959,0.132486957564869,0.132381089936161,0.00698638795230451,0.0000137214889792338
0.0016,10.5250576210662,0.01734,0.029999999999999,27.1581765315902,41,15.6846241377565,0.0119857867314436,7.05261574074074,0.113096096670224,-0.111496096670224,0.00895901496879141,0.200051418332226,0.000315177846316669,-0.560163456255416,"OLS Loss at 6h | Full",-0.111496096670224,0.113096096670224,-0.560163456255416,-0.559850694262063,0.00895901496879141,0.000315177846316669
0.00489999999999999,10.1821692319182,0.07002,0.519999999999999,26.8658332955792,41,14.8733290587353,0.0116169582524155,6.66481481481481,0.0949978148801188,-0.0900978148801189,0.00837116442256489,0.200069155719667,0.000192077024502612,-0.452522941900936,"OLS Loss at 6h | Full",-0.090097814880119,0.094997814880119,-0.452522941900936,-0.45223018337425,0.00837116442256489,0.000192077024502612
0.0361,9.91880048587975,0.02853,0.04,25.8364094029177,26,16.9990202124523,0.0115389924061924,7.62159722222222,0.141549510913958,-0.105449510913958,0.00820852930796577,0.200056840842451,0.000257912908704859,-0.529584544874254,"OLS Loss at 6h | Full",-0.105449510913958,0.141549510913958,-0.529584544874254,-0.529274510034351,0.00820852930796577,0.000257912908704859
0.225625,10.3584261002485,0.13259,0.04,26.5417492691989,27,15.953545705271,0.0125950375601409,7.6155787037037,0.123929793573669,0.101695206426331,0.00813563617475386,0.200060035703521,0.000237709880653671,0.510711051515632,"OLS Loss at 6h | Full",0.101695206426331,0.123929793573669,0.510711051515632,0.510403914759212,0.00813563617475386,0.000237709880653671
0.87516025,9.9471390803567,0.07801,-0.000000000000000444089209850063,26.224095955873,31,14.7672722680075,0.0155351073325434,7.67594907407407,0.121715676170477,0.753444573829523,0.00514591480609987,0.197766678335221,0.00820362425643868,3.77809203190125,"OLS Loss at 6h | Full",0.753444573829523,0.121715676170477,3.77809203190125,3.81960538064468,0.00514591480609987,0.00820362425643868
0.0144,10.0042887459574,0.05324,0.02,27.0775433865101,28,16.5608828842458,0.0124436130283011,7.61675925925926,0.124622296795699,-0.110222296795699,0.00984826401453423,0.200052533549119,0.000339198883626336,-0.554012415041487,"OLS Loss at 6h | Full",-0.110222296795699,0.124622296795699,-0.554012415041487,-0.553700000739688,0.00984826401453423,0.000339198883626336
0.164025,8.15937532001324,0.04317,0.229999999999999,24.6431095805213,17,15.055750002654,0.0142273861300846,12.0298726851852,0.133958760909962,0.0300662390900385,0.00935956699768793,0.200098759026632,0.0000239630004649869,0.15108522614808,"OLS Loss at 6h | Full",0.0300662390900383,0.133958760909962,0.15108522614808,0.150965144344849,0.00935956699768793,0.0000239630004649869
0.024025,8.7824019371238,0.03111,0.04,23.8994084880567,25,14.0998402018254,0.0192643658951565,11.6035648148148,0.139471125920588,-0.115446125920588,0.00395706387588161,0.200048011210099,0.000147752552871589,-0.578550470241487,"OLS Loss at 6h | Full",-0.115446125920588,0.139471125920588,-0.578550470241487,-0.578237290125405,0.00395706387588161,0.000147752552871589
0.297025,8.94495263966274,0.12036,-0.09,25.5771350373941,30,15.7900792668869,0.0177732603286215,12.5825347222222,0.133564330412423,0.163460669587577,0.00659230875482021,0.199992984498904,0.00049609902723985,0.820257918656005,"OLS Loss at 6h | Full",0.163460669587576,0.133564330412424,0.820257918656005,0.820039464033638,0.00659230875482021,0.00049609902723985
0.0729,8.54734082045943,0.02135,0.04,25.2516293211365,17,15.051590498745,0.0130835859366472,12.5914467592593,0.130783890758195,-0.0578838907581954,0.00923795948916963,0.200088709721446,0.0000876419619083525,-0.290853271390567,"OLS Loss at 6h | Full",-0.0578838907581956,0.130783890758196,-0.290853271390567,-0.290636698901327,0.00923795948916963,0.0000876419619083525
0.00722499999999999,9.84914713189753,0.72747,4.45,24.6765155352798,25,14.2113098696032,0.0136303724903975,11.9682060185185,-0.035521330693451,0.042746330693451,0.0987225132390889,0.200094221805362,0.000617242987381881,0.225201094523149,"OLS Loss at 6h | Full",0.0427463306934507,-0.0355213306934507,0.225201094523149,0.225027208259655,0.0987225132390889,0.000617242987381881
0.038025,8.99820201611316,0.03326,0.01,24.4485602498954,27,11.7287597861483,0.0273092973056245,12.9525578703704,0.114007481325463,-0.0759824813254631,0.00499500639912354,0.200078858251979,0.00008096024190699,-0.380979632900467,"OLS Loss at 6h | Full",-0.0759824813254634,0.114007481325463,-0.380979632900467,-0.380714696030256,0.00499500639912354,0.00008096024190699
0.00722499999999999,9.6544848187722,0.12616,0.439999999999999,23.7881655108206,21,13.3375011600255,0.0178315891620706,10.6168865740741,0.119356214926727,-0.112131214926727,0.00283417469604818,0.200051152168461,0.0000996102945897917,-0.561621534575307,"OLS Loss at 6h | Full",-0.112131214926727,0.119356214926727,-0.561621534575307,-0.56130870528584,0.00283417469604818,0.0000996102945897917
0.148225,9.56367571047524,0.08233,0.019999999999999,24.5594736547316,38,14.378532883513,0.0342152084071056,10.9438310185185,0.132806523925535,0.0154184760744648,0.00645337753874811,0.200101498884552,0.00000431969215591309,0.0773656614030126,"OLS Loss at 6h | Full",0.0154184760744646,0.132806523925535,0.0773656614030126,0.0773031130763845,0.00645337753874811,0.00000431969215591309
0.00562499999999999,10.5043587209385,0.09878,0.309999999999999,24.1683044742062,28,13.8290316791012,0.0390165601978771,10.9385069444444,0.121207917739129,-0.115582917739129,0.00550058832002643,0.200047797314106,0.000206512675371188,-0.579685323929498,"OLS Loss at 6h | Full",-0.115582917739129,0.121207917739129,-0.579685323929498,-0.579372148974231,0.00550058832002643,0.000206512675371188
0.0961,8.96016210309311,0.0108,0.03,23.7748374264882,15,9.91852044692903,0.0153692189696074,10.5727199074074,0.113476060176178,-0.0173760601761776,0.00748059255205687,0.200101234647305,0.0000063726480538931,-0.0872333850315439,"OLS Loss at 6h | Full",-0.0173760601761778,0.113476060176178,-0.0872333850315439,-0.0871629739814089,0.00748059255205687,0.0000063726480538931
0.070225,9.63176016707436,0.06892,0.109999999999999,24.068966957338,17,9.38139064053497,0.0116984913142013,11.6474421296296,0.0966707057717238,-0.0264457057717238,0.0087258408180961,0.200099601393142,0.0000172619305293316,-0.132849274311496,"OLS Loss at 6h | Full",-0.026445705771724,0.096670705771724,-0.132849274311496,-0.132743127538245,0.0087258408180961,0.0000172619305293316
0.0441,8.69700849768645,0.04292,0.2,25.0078595080957,26,14.3892828247894,0.0229735955742843,10.1268287037037,0.127735167128018,-0.0836351671280184,0.00521694787524268,0.20007385525902,0.000102493641905569,-0.419397326233346,"OLS Loss at 6h | Full",-0.0836351671280186,0.127735167128019,-0.419397326233346,-0.419116153376424,0.00521694787524268,0.000102493641905569
0.5184,8.86913786472434,0.07102,-0.24,24.484840463953,16,13.3771603906085,0.0227446446485806,10.1261342592593,0.143272818117427,0.375127181882573,0.0060051702908721,0.199525508672311,0.00237724241476153,1.88186033681646,"OLS Loss at 6h | Full",0.375127181882573,0.143272818117427,1.88186033681646,1.88576705885636,0.0060051702908721,0.00237724241476153
0.0529,9.10121577649442,0.06537,0.44,25.0698416370572,18,15.0474356111929,0.0211594465085332,13.9771759259259,0.113752045663091,-0.0608520456630907,0.00696212126264215,0.200087296877585,0.0000726640573305097,-0.305416989721421,"OLS Loss at 6h | Full",-0.0608520456630908,0.113752045663091,-0.305416989721421,-0.305191727915571,0.00696212126264215,0.0000726640573305097
0.0361,8.6425338232064,0.00724,0.02,23.9693730414363,36,11.8107475730524,0.0281696342310843,14.3562037037037,0.116295149004829,-0.0801951490048288,0.00943696882739645,0.200076049031882,0.000171918974288089,-0.403002702036886,"OLS Loss at 6h | Full",-0.080195149004829,0.116295149004829,-0.403002702036886,-0.402728104644251,0.00943696882739645,0.000171918974288089
0.00164025,10.7980045282538,0.04327,0.029999999999999,23.7256239874068,14,10.0809610905656,0.0223126240629539,9.89689814814815,0.109733411098859,-0.108093161098859,0.0103836506536512,0.200054418478478,0.000344327813856718,-0.543457646843315,"OLS Loss at 6h | Full",-0.10809316109886,0.10973341109886,-0.543457646843315,-0.543146066887361,0.0103836506536512,0.000344327813856718
0.027225,9.15617863532836,0.02946,0.1,25.325208186933,29,15.8585319413537,0.0200305512789058,13.7413888888889,0.127029427291976,-0.0998044272919757,0.00565347911181695,0.200061701261111,0.000158306669967297,-0.500589625457167,"OLS Loss at 6h | Full",-0.0998044272919759,0.127029427291976,-0.500589625457167,-0.500284410617626,0.00565347911181695,0.000158306669967297
0.000225,10.40968311675,0.03602,0.04,22.6122378046061,46,12.6235263954768,0.0328644010367413,14.3067361111111,0.127331669111434,-0.127106669111434,0.0225291796005741,0.200035197418427,0.00105884837572621,-0.643009448117093,"OLS Loss at 6h | Full",-0.127106669111434,0.127331669111434,-0.643009448117093,-0.64270254255892,0.0225291796005741,0.00105884837572621
0.7569,9.71413114455946,0.08755,-0.03,25.6004220341936,26,13.0977235590203,0.0175550766395676,13.8054398148148,0.105833236918446,0.651066763081554,0.00433463293387289,0.198362352267114,0.00515152604196461,3.26339573679166,"OLS Loss at 6h | Full",0.651066763081554,0.105833236918446,3.26339573679166,3.28934612500739,0.00433463293387289,0.00515152604196461
0.018225,9.98403578404173,0.04856,0.03,25.0360498466918,27,12.4632027742386,0.0431591510576215,14.1025694444444,0.107810870823727,-0.0895858708237268,0.00980774319964474,0.200069485501957,0.000223135360258541,-0.450277943419712,"OLS Loss at 6h | Full",-0.089585870823727,0.107810870823727,-0.450277943419712,-0.449985895558466,0.00980774319964474,0.000223135360258541
0.00562499999999999,10.2532189189945,0.02879,0.209999999999999,26.6790181221269,57,12.7552121483227,0.037430382123411,7.10019675925926,0.0928468094059045,-0.0872218094059045,0.0181627033730128,0.200070937539916,0.000398392310971836,-0.440256976037262,"OLS Loss at 6h | Full",-0.0872218094059045,0.0928468094059045,-0.440256976037262,-0.439968234578262,0.0181627033730128,0.000398392310971836
0.011025,10.1464880317899,0.00629,0.019999999999999,26.5520824668862,27,16.6322841615566,0.0100506242131546,13.6785416666667,0.116180167411072,-0.105155167411072,0.00778724569801257,0.200057114530709,0.000243105525498882,-0.527994177838087,"OLS Loss at 6h | Full",-0.105155167411072,0.116180167411072,-0.527994177838087,-0.527684352147349,0.00778724569801257,0.000243105525498882
0.000036,10.0432708673785,0.02682,-0.01,25.3499685974224,20,15.8147510664377,0.0148466206841237,13.5953240740741,0.127587207087335,-0.127551207087335,0.0059637930399109,0.200035855115287,0.000272927079216893,-0.639859155276635,"OLS Loss at 6h | Full",-0.127551207087335,0.127587207087335,-0.639859155276635,-0.639551650553766,0.0059637930399109,0.000272927079216893
0.4096,8.81961793940807,0.21828,-0.2,22.257551291353,28,10.0403754612645,0.0361818481333792,16.0117361111111,0.128590601196707,0.281009398803293,0.0113273530009786,0.199777167051324,0.00254345708005413,1.41349899318495,"OLS Loss at 6h | Full",0.281009398803293,0.128590601196707,1.41349899318495,1.41464912741231,0.0113273530009786,0.00254345708005413
0.600625,8.98907386902893,0.04685,-0.04,25.204045046566,28,10.3865986523334,0.0155984726126795,13.6079398148148,0.0937753269719611,0.506849673028039,0.00872589919064663,0.19904501540021,0.00634074574064886,2.54614544268789,"OLS Loss at 6h | Full",0.506849673028039,0.0937753269719613,2.54614544268789,2.55759035060779,0.00872589919064663,0.00634074574064886
0.00000224999999999984,9.18863306944521,0.00678,0.01,24.8364381437412,35,14.8792526020609,0.0301920326682351,14.1822453703704,0.127992440325777,-0.127990190325777,0.00676143540610272,0.20003534182774,0.000312064560410352,-0.642319068698557,"OLS Loss at 6h | Full",-0.127990190325777,0.127992440325777,-0.642319068698557,-0.642012029174405,0.00676143540610272,0.000312064560410352
0.013225,9.25249474926417,0.00995,0.039999999999999,24.3965041661049,47,11.0745954952237,0.0339054921623873,13.6101157407407,0.103096628387254,-0.0898716283872539,0.0146485457052849,0.200069111599437,0.000338701198206205,-0.452822446687471,"OLS Loss at 6h | Full",-0.0898716283872541,0.103096628387254,-0.452822446687471,-0.452529594190995,0.0146485457052849,0.000338701198206205
0.00000025,8.35254306759512,0.01337,-0.01,23.9529887465604,30,15.1964127157186,0.017622931496741,27.8520486111111,0.111982023599756,-0.111981773599756,0.0278890540994293,0.200049969521442,0.00102862275253941,-0.568054941621475,"OLS Loss at 6h | Full",-0.111981773599756,0.111982023599756,-0.568054941621475,-0.56774188518729,0.0278890540994293,0.00102862275253941
0.0441,7.66305133979205,0.11857,0.04,24.7648013051675,37,10.5289711206099,0.0233107834009687,4.51331018518519,0.123334380798601,-0.0792343807986012,0.0172924487992115,0.200076472204319,0.000312460104435417,-0.399762855763298,"OLS Loss at 6h | Full",-0.0792343807986015,0.123334380798601,-0.399762855763298,-0.39948962098869,0.0172924487992115,0.000312460104435417
0.024025,8.79306066261316,0.03981,0.08,26.3352715072326,28,16.3690209876418,0.0169383469389131,5.03622685185185,0.141638327755267,-0.117613327755267,0.0109716550640058,0.20004554602221,0.000431247975922892,-0.591497735148477,"OLS Loss at 6h | Full",-0.117613327755267,0.141638327755267,-0.591497735148477,-0.591184831596994,0.0109716550640058,0.000431247975922892
0.8649,9.82741109269658,0.01896,-0.06,24.6050319797359,42,12.2812877931103,0.0194604574921441,5.046875,0.128731532945274,0.736168467054726,0.0101535921748447,0.197861822074123,0.0156098180126594,3.70078813006328,"OLS Loss at 6h | Full",0.736168467054726,0.128731532945274,3.70078813006328,3.73965295740301,0.0101535921748447,0.0156098180126594
0.1089,9.03619998750187,0.03851,0.08,26.1670064721697,39,14.9581186969174,0.00953149009356941,13.4560532407407,0.109033558395536,-0.000133558395535721,0.00795956836927837,0.200102472555582,0.000000000400989022383584,-0.000670667751232294,"OLS Loss at 6h | Full",-0.000133558395535908,0.109033558395536,-0.000670667751232294,-0.000670122271312898,0.00795956836927837,0.000000000400989022383584
0.00422499999999999,9.96872974353998,0.00628,0.02,26.5606346624002,25,12.7313235795489,0.0140212316843837,13.4560300925926,0.0899344436527686,-0.0857094436527686,0.00866547484895739,0.200072313483575,0.000180039824078458,-0.430545919367776,"OLS Loss at 6h | Full",-0.0857094436527688,0.0899344436527688,-0.430545919367776,-0.430260587859389,0.00866547484895739,0.000180039824078458
0.046225,11.6397021782486,0.07459,-0.189999999999999,26.1068163666061,28,11.3050985368155,0.0135711085680678,13.1728356481481,0.0843104595406929,-0.0380854595406929,0.0141623626488762,0.200096484809514,0.0000587492933099092,-0.191848063581003,"OLS Loss at 6h | Full",-0.038085459540693,0.084310459540693,-0.191848063581003,-0.191697762408566,0.0141623626488762,0.0000587492933099092
0.0841,8.47671367865907,0.33447,0.009999999999999,22.9787460802843,23,15.3351123442086,0.0204878870683659,7.49079861111111,0.171103400119899,-0.0870034001198988,0.00881614208750052,0.200071391188266,0.00018879996748408,-0.437079091949271,"OLS Loss at 6h | Full",-0.0870034001198992,0.171103400119899,-0.437079091949271,-0.436791444300455,0.00881614208750052,0.00018879996748408
0.000000249999999999945,10.2243221497242,0.03897,0.06,24.9999937020902,25,14.3582619032146,0.0136549040798699,13.1748263888889,0.117127703979069,-0.117127453979069,0.00364638692863735,0.200046430592846,0.000140059471073884,-0.586884811520945,"OLS Loss at 6h | Full",-0.117127453979069,0.117127703979069,-0.586884811520945,-0.58657175448573,0.00364638692863735,0.000140059471073884
0.225625,9.54840498010068,0.02281,0.028999999999999,23.5953082159176,23,13.9511196921629,0.0246541147910266,13.6141782407407,0.135391208755026,0.0902337912449744,0.00256737429479371,0.200069249534924,0.0000584009328108349,0.451885428462551,"OLS Loss at 6h | Full",0.0902337912449743,0.135391208755026,0.451885428462551,0.451592870615222,0.00256737429479371,0.0000584009328108349
0.018225,8.99435733277037,0.09086,0.03,23.8588173924829,14,14.896641925898,0.0144033563362075,4.02298611111111,0.163949105590972,-0.145724105590972,0.00786008659110869,0.200015349470978,0.000471306695243365,-0.731721565460219,"OLS Loss at 6h | Full",-0.145724105590972,0.163949105590972,-0.731721565460219,-0.731444893628508,0.00786008659110869,0.000471306695243365
0.7744,8.93880018899847,0.09147,0.000000000000000222044604925031,23.5030592539153,23,13.4667677448005,0.0203052510984227,4.04784722222222,0.157907452425449,0.616492547574551,0.00528968581639817,0.198541463266906,0.00564743995667529,3.09157963328396,"OLS Loss at 6h | Full",0.616492547574551,0.157907452425449,3.09157963328396,3.1133525497426,0.00528968581639817,0.00564743995667529
0.5776,7.980543812551,0.18892,-0.189999999999999,23.1180752163168,12,12.3920647393993,0.0136606517640451,13.1028819444444,0.145737593511593,0.431862406488407,0.00935038808779198,0.199334839471468,0.00493900669616053,2.17013264857436,"OLS Loss at 6h | Full",0.431862406488407,0.145737593511593,2.17013264857436,2.17671792114697,0.00935038808779198,0.00493900669616053
0.027225,9.23586726787007,0.46491,0.489999999999999,24.1109413158343,38,10.3832171072444,0.0297817461208913,14.3798726851852,0.0839201120574672,-0.0566951120574672,0.0112112137266401,0.200089242890913,0.000102446264605207,-0.285164046604542,"OLS Loss at 6h | Full",-0.0566951120574674,0.0839201120574674,-0.285164046604542,-0.284950951074615,0.0112112137266401,0.000102446264605207
0.065025,9.06901192943507,0.05952,-0.01,23.3276036601756,37,14.8510639064903,0.0310971654368206,14.3800810185185,0.145070689847607,-0.0800456898476073,0.0116061864904058,0.200076089658101,0.000211575188370784,-0.402692795442356,"OLS Loss at 6h | Full",-0.0800456898476075,0.145070689847607,-0.402692795442356,-0.402418327500819,0.0116061864904058,0.000211575188370784
0.105625,9.03931888502479,0.28905,-0.31,23.2206326698871,19,10.1367457620446,0.0223254003365304,14.3764236111111,0.124627743339299,-0.0190027433392994,0.00671022893348569,0.200100993154456,0.00000682617379252416,-0.0953628535868045,"OLS Loss at 6h | Full",-0.0190027433392995,0.1246277433393,-0.0953628535868045,-0.0952859957742534,0.00671022893348569,0.00000682617379252416
0.180625,10.1250718882252,0.07526,0.26,23.6445550876395,31,13.2929190046994,0.0392303341046633,14.3464930555556,0.118244272217299,0.0623807277827014,0.00599797379699005,0.20008654027016,0.0000656583892372122,0.312937579869592,"OLS Loss at 6h | Full",0.0623807277827012,0.118244272217299,0.312937579869592,0.312707953685085,0.00599797379699005,0.0000656583892372122
0.075625,11.5399383289041,1.29318,-3.1,24.4234886089495,37,11.5798854368707,0.0382854894832126,14.3584606481481,0.209792337605737,-0.134167337605737,0.0668946655426062,0.200023949548154,0.00384399727093289,-0.694676140604816,"OLS Loss at 6h | Full",-0.134167337605737,0.209792337605737,-0.694676140604816,-0.694383619576414,0.0668946655426062,0.00384399727093289
0.065025,8.61692758683872,0.01482,0.04,23.5773095383655,27,14.5238696880566,0.0265044261375687,14.3475347222222,0.141516160968084,-0.0764911609680839,0.00667772978354442,0.200078500448994,0.000110060207288164,-0.383854895310458,"OLS Loss at 6h | Full",-0.076491160968084,0.141516160968084,-0.383854895310458,-0.383588644930681,0.00667772978354442,0.000110060207288164
0.207025,8.85095700786229,0.06638,-0.099999999999999,25.017013884239,38,11.1165857587968,0.0160812271813925,14.3438078703704,0.100329180011599,0.106695819988401,0.00982751671127218,0.200055679302478,0.000317158401528366,0.536281599466136,"OLS Loss at 6h | Full",0.106695819988401,0.1003291800116,0.536281599466136,0.535970755840422,0.00982751671127218,0.000317158401528366
0.000016,8.99120440605342,0.03976,0.059999999999999,25.6336715007404,12,14.5546826242654,0.0110119811449663,13.9353125,0.117671361448247,-0.117655361448247,0.0121750247611933,0.200045435911729,0.000480056791577901,-0.592069430576725,"OLS Loss at 6h | Full",-0.117655361448247,0.117671361448247,-0.592069430576725,-0.591756550315969,0.0121750247611933,0.000480056791577901
0.1444,8.84012606729903,0.09403,-0.15,23.285571196393,34,12.4816767970669,0.0296683657581499,14.3271180555556,0.134739082003038,0.00966091799696167,0.00865288401898564,0.200102089485984,0.00000228404945964109,0.0485295695485408,"OLS Loss at 6h | Full",0.00966091799696154,0.134739082003038,0.0485295695485408,0.0484901914080656,0.00865288401898564,0.00000228404945964109
0.0225,10.2361134123968,0.03268,0.169999999999999,26.2883730411647,36,11.5587567001432,0.0300382916477498,14.3279282407407,0.0762886887213145,-0.0537886887213145,0.00957097082043418,0.200090584304766,0.0000784603984493565,-0.270321254188885,"OLS Loss at 6h | Full",-0.0537886887213147,0.0762886887213147,-0.270321254188885,-0.270117439395791,0.00957097082043418,0.0000784603984493565
0.00562499999999999,10.4094305957217,0.00659,0.09,25.637619279318,54,11.338827283353,0.0188230419630962,19.2799421296296,0.0668704135882022,-0.0612454135882022,0.0195142821934482,0.200086903226278,0.000211629646020392,-0.309352658759651,"OLS Loss at 6h | Full",-0.0612454135882023,0.0668704135882023,-0.309352658759651,-0.309125102353751,0.0195142821934482,0.000211629646020392
0.3969,8.60676063925498,0.36399,0.94,23.4939637523151,24,13.6798723085547,0.0196539236571651,13.9184837962963,0.103753760718335,0.293146239281665,0.00929103121057157,0.19974916313186,0.00226099555585624,1.47303205221136,"OLS Loss at 6h | Full",0.293146239281665,0.103753760718335,1.47303205221136,1.47443730762349,0.00929103121057157,0.00226099555585624
0.7056,9.79854117838764,0.08064,0.159999999999999,25.2456952975509,20,15.2484788072752,0.0224787622689265,2.81195601851852,0.145728815061381,0.559871184938619,0.00911222907191879,0.198810941876056,0.00808558131011455,2.81304577323528,"OLS Loss at 6h | Full",0.559871184938619,0.145728815061381,2.81304577323528,2.82901727226981,0.00911222907191879,0.00808558131011455
0.0169,7.92436815919127,0.07735,0.06,24.462315533189,27,15.0771924822065,0.0231915148063744,2.81447916666667,0.164119044461156,-0.147219044461156,0.0119895456902936,0.200013180631767,0.000739889665258855,-0.740771289417275,"OLS Loss at 6h | Full",-0.147219044461156,0.164119044461156,-0.740771289417275,-0.740499225289669,0.0119895456902936,0.000739889665258855
0.275625,7.29946142317327,0.057,0.03,23.4042283542881,9,11.3448690456393,0.0156606299479686,3.17484953703704,0.154001914868628,0.121623085131372,0.0167534144040445,0.200041239674036,0.000712475268058219,0.6134592359047,"OLS Loss at 6h | Full",0.121623085131372,0.154001914868628,0.6134592359047,0.613147913809078,0.0167534144040445,0.000712475268058219
0.2025,7.23814871996248,0.02116,-0.03,21.6127186706177,20,12.1903106901694,0.035172545117733,2.82424768518519,0.184659968940511,0.0178400310594894,0.0149634852280265,0.20010115773856,0.0000136420185797069,0.0899022080466356,"OLS Loss at 6h | Full",0.0178400310594892,0.184659968940511,0.0899022080466356,0.089829677362894,0.0149634852280265,0.0000136420185797069
0.3025,9.22524089937432,0.01554,0.099999999999999,21.7510522699201,27,16.3231609562768,0.0298696629436872,3.88457175925926,0.194722308969073,0.107777691030927,0.0186317297289585,0.200054297021382,0.000624606107799363,0.544143926749836,"OLS Loss at 6h | Full",0.107777691030927,0.194722308969073,0.544143926749836,0.543832283501415,0.0186317297289585,0.000624606107799363
0.042025,8.2489935629813,0.03502,0.13,23.2929753608726,14,13.9628451973294,0.0174175903912886,7.15862268518519,0.156569947590405,-0.114544947590405,0.0064627543500908,0.200048723029191,0.000238759435896445,-0.574757674234167,"OLS Loss at 6h | Full",-0.114544947590405,0.156569947590405,-0.574757674234167,-0.574444503216869,0.0064627543500908,0.000238759435896445
0.081225,8.11840291427666,0.085,0.09,18.289694546196,2,12.9504352781623,0.062892355568699,7.15934027777778,0.217441589448047,-0.136216589448047,0.02020332633895,0.200025389935814,0.00108535119070254,-0.688276496120729,"OLS Loss at 6h | Full",-0.136216589448048,0.217441589448048,-0.688276496120729,-0.687981715708649,0.02020332633895,0.00108535119070254
0.024025,8.82234186551496,0.0057,0.039999999999999,21.526031187913,21,11.374999669179,0.0303609513592473,7.15938657407407,0.158751966446658,-0.134726966446658,0.00627495389144999,0.20002812404615,0.000320587403536118,-0.675962074819997,"OLS Loss at 6h | Full",-0.134726966446658,0.158751966446658,-0.675962074819997,-0.675663333006003,0.00627495389144999,0.000320587403536118
0.0361,9.19886993644009,0.00832,0.03,23.6740898172161,18,15.3097873690661,0.0178982747025569,7.7978587962963,0.159272725374111,-0.123172725374111,0.00490765270316636,0.200040416848516,0.000208994797675398,-0.617566564442969,"OLS Loss at 6h | Full",-0.123172725374111,0.159272725374111,-0.617566564442969,-0.617255696879973,0.00490765270316636,0.000208994797675398
0.255025,8.1454915068345,0.02302,0.15,25.1272525738144,23,15.7648440236363,0.0143781726787506,7.8616087962963,0.145149679046467,0.109875320953533,0.00996397480070429,0.20005284170537,0.000341106710286353,0.552300676136346,"OLS Loss at 6h | Full",0.109875320953533,0.145149679046467,0.552300676136346,0.551988376834814,0.00996397480070429,0.000341106710286353
0.024025,11.1154401557591,0.16882,0.29,25.7715342958615,30,11.3287558205615,0.0443218250860475,9.17795138888889,0.0875107632005264,-0.0634857632005264,0.0159976758854706,0.200085803080394,0.000185087316965166,-0.320095228166073,"OLS Loss at 6h | Full",-0.0634857632005265,0.0875107632005265,-0.320095228166073,-0.319861528352063,0.0159976758854706,0.000185087316965166
0.000025,9.98521606905049,0.18855,0.03,23.852292653252,29,14.3993028804301,0.0340846199305691,8.89700231481481,0.144966096167645,-0.144941096167645,0.00424606741351709,0.20001659630749,0.000250049063518659,-0.726467924033227,"OLS Loss at 6h | Full",-0.144941096167646,0.144966096167646,-0.726467924033227,-0.726188711814539,0.00424606741351709,0.000250049063518659
0.2916,8.52145178173476,0.017,0.06,24.0938818723793,21,12.5050827238745,0.0156814863436511,8.8958912037037,0.132515400789421,0.159084599210579,0.00481428274194693,0.199998955153905,0.000341931353161882,0.797585019041814,"OLS Loss at 6h | Full",0.159084599210579,0.132515400789421,0.797585019041814,0.797348798455789,0.00481428274194693,0.000341931353161882
0.018225,8.65042240451413,0.02389,0.099999999999999,23.2236588728149,36,12.1972059122936,0.0334859850524227,9.17681712962963,0.137353384666828,-0.119128384666828,0.00922634866136633,0.200044172635284,0.000370741153125761,-0.598589295175456,"OLS Loss at 6h | Full",-0.119128384666828,0.137353384666828,-0.598589295175456,-0.598276747565678,0.00922634866136633,0.000370741153125761
0.49,9.05873781407703,0.05934,-0.099999999999999,21.8275433327486,14,11.8913975712871,0.0228159786477964,7.20174768518519,0.163110130045635,0.326889869954365,0.00473273374788979,0.19966506403751,0.00141904079597312,1.6388247690073,"OLS Loss at 6h | Full",0.326889869954365,0.163110130045635,1.6388247690073,1.64107912163587,0.00473273374788979,0.00141904079597312
0.148225,8.59631455090193,0.02942,0.03,23.7188250575871,17,13.385799133035,0.015058952693638,9.76149305555556,0.142593173015288,0.00563182698471174,0.00448549011865974,0.200102342970454,0.000000398999773531279,0.0282310105522687,"OLS Loss at 6h | Full",0.0056318269847115,0.142593173015288,0.0282310105522687,0.0282080674511641,0.00448549011865974,0.000000398999773531279
0.0625,8.72551529402596,0.03137,0.25,23.2849350125126,30,10.668514352549,0.0240403044770526,10.1630208333333,0.116927286612809,-0.0544272866128088,0.00655792031923432,0.200090337254818,0.000054710883074368,-0.273115485505181,"OLS Loss at 6h | Full",-0.054427286612809,0.116927286612809,-0.273115485505181,-0.272909900897771,0.00655792031923432,0.000054710883074368
0.050625,8.43569310000808,0.1971,0.079999999999999,21.1265385516889,11,12.7620946043131,0.0224463316561198,10.161099537037,0.167254422745084,-0.116629422745084,0.00725318346320042,0.2000467043231,0.00027824491333133,-0.585449974894868,"OLS Loss at 6h | Full",-0.116629422745084,0.167254422745084,-0.585449974894868,-0.585136882570038,0.00725318346320042,0.00027824491333133
0.245025,7.35691660610708,0,0.02,22.1809941689682,2,11.056607040266,0.0156362253991573,9.82228009259259,0.15175320663211,0.0932717933678898,0.0147300421076976,0.200066536309679,0.00036690487814212,0.469973774310253,"OLS Loss at 6h | Full",0.0932717933678896,0.15175320663211,0.469973774310253,0.469675875255569,0.0147300421076976,0.00036690487814212
0.570025,9.5496028968342,0.067,-0.09,21.1100980834081,16,10.5545208940051,0.0279655561115275,9.77271990740741,0.153239259762409,0.416785740237591,0.00669611476764992,0.199389509401138,0.00327675256905328,2.09157143428532,"OLS Loss at 6h | Full",0.416785740237591,0.153239259762409,2.09157143428532,2.09734309160201,0.00669611476764992,0.00327675256905328
0.075625,8.41921371121737,0.01855,0.19,23.5327975011005,6,9.95297928460819,0.0334649042603011,8.09940972222222,0.123941302952177,-0.0483163029521767,0.0155209724724331,0.20009282233412,0.000103908890461708,-0.243551819550703,"OLS Loss at 6h | Full",-0.0483163029521769,0.123941302952177,-0.243551819550703,-0.243365466112888,0.0155209724724331,0.000103908890461708
0.180625,8.79790849499208,0.013,0.01,21.128566344842,29,11.8245634662059,0.0209415534428196,9.97748842592593,0.157808534063587,0.0228164659364129,0.016065192505492,0.200100319440789,0.0000240109511477508,0.115044571802988,"OLS Loss at 6h | Full",0.0228164659364128,0.157808534063587,0.115044571802988,0.114952238513764,0.016065192505492,0.0000240109511477508
0.0529,9.21221311849124,0.21466,0.49,23.4849469766532,26,12.0552746593493,0.0417773542510996,9.97612268518519,0.118253267698967,-0.0653532676989671,0.00588517082923418,0.200084987605452,0.0000706935691913853,-0.327830947168914,"OLS Loss at 6h | Full",-0.0653532676989673,0.118253267698967,-0.327830947168914,-0.327592934694183,0.00588517082923418,0.0000706935691913853
0.021025,9.52103883074058,0.05373,0.13,23.8688044817551,22,13.4763707986659,0.014743201522072,13.9447569444444,0.122960071079186,-0.101935071079186,0.00309222351697697,0.200060050985056,0.0000898602238733904,-0.510619099469278,"OLS Loss at 6h | Full",-0.101935071079187,0.122960071079187,-0.510619099469278,-0.51031197903189,0.00309222351697697,0.0000898602238733904
0.030625,9.34657090547789,0.69535,-1.53,23.2237998067205,7,13.1320478511384,0.0122471091881864,13.9359143518519,0.190680866488966,-0.160055866488966,0.0210274135837507,0.199995951085067,0.00156223841958574,-0.809072143648641,"OLS Loss at 6h | Full",-0.160055866488966,0.190680866488966,-0.809072143648641,-0.808844670112171,0.0210274135837507,0.00156223841958574
0.046225,8.67282627274326,0.13798,-1.05,22.0293992994964,19,11.7138391127353,0.0326044757007529,14.2986458333333,0.180103284414571,-0.133878284414571,0.0120094719474977,0.200028631757561,0.000612911756520126,-0.673650544428171,"OLS Loss at 6h | Full",-0.133878284414571,0.180103284414571,-0.673650544428171,-0.673351115096427,0.0120094719474977,0.000612911756520126
0.140625,9.34890763413547,0.01994,-0.04,22.1808534661789,23,10.3227111766915,0.026197009279748,13.9308449074074,0.127457892691407,0.0131671073085933,0.0061048100567394,0.200101762740308,0.00000297804360995049,0.0660573272548417,"OLS Loss at 6h | Full",0.0131671073085931,0.127457892691407,0.0660573272548417,0.0660038344184304,0.0061048100567394,0.00000297804360995049
0.038025,8.38466119659875,0.07318,0.02,21.173713897267,3,13.18575120675,0.0265155575203839,12.4440046296296,0.169485958093192,-0.131460958093192,0.00743861603767578,0.200031602649933,0.000362685592389653,-0.659962141158996,"OLS Loss at 6h | Full",-0.131460958093192,0.169485958093192,-0.659962141158996,-0.659658998676293,0.00743861603767578,0.000362685592389653
0.3249,8.59637237823986,0.0064,-0.01,20.5581874166271,11,9.98575007152754,0.0316081355723516,13.4382291666667,0.149996963563332,0.174903036436668,0.00811384056441762,0.199976922167552,0.000701224097855474,0.878349485456483,"OLS Loss at 6h | Full",0.174903036436668,0.149996963563332,0.878349485456483,0.87818609069174,0.00811384056441762,0.000701224097855474
0.038025,8.98788040184211,0.07475,0.2,25.0488254481267,25,13.7130226147391,0.0173043855097061,13.0782523148148,0.113333833608506,-0.0753088336085065,0.00418588994212476,0.200079293991515,0.0000665399425357798,-0.377448497194501,"OLS Loss at 6h | Full",-0.0753088336085066,0.113333833608507,-0.377448497194501,-0.377185194461119,0.00418588994212476,0.0000665399425357798
0.1089,10.4534295761303,0.10738,-0.099999999999999,24.9668335483423,42,11.1089576353809,0.0287584277431807,13.4282291666667,0.0969862232002155,0.0119137767997845,0.00903478996771554,0.200101889733768,0.00000362960604008466,0.0598578581430053,"OLS Loss at 6h | Full",0.0119137767997844,0.0969862232002156,0.0598578581430053,0.0598093476426754,0.00903478996771554,0.00000362960604008466
0.024025,9.35695475604491,0.04895,0.16,22.5322720886012,30,9.57206144277448,0.0324961922726935,13.0801041666667,0.112393781721716,-0.0883687817217163,0.0085792875474415,0.200070415566935,0.000189448996323186,-0.44388532871069,"OLS Loss at 6h | Full",-0.0883687817217166,0.112393781721717,-0.44388532871069,-0.44359536491897,0.0085792875474415,0.000189448996323186
0.189225,8.47276296024087,0.24733,-0.02,25.0412286936032,27,13.5699334557074,0.0391857603955783,13.4333449074074,0.125305009998401,0.0639199900015993,0.0130822017252506,0.2000856241817,0.000152528711244801,0.321808213899301,"OLS Loss at 6h | Full",0.0639199900015991,0.125305009998401,0.321808213899301,0.321573550965659,0.0130822017252506,0.000152528711244801
0.0025,9.16725429614872,0.04254,0.16,25.8266238530798,36,10.9166582859449,0.0180744004418911,13.0513773148148,0.0827609927410075,-0.0802609927410075,0.00854427390831143,0.200076029453487,0.000155631280529997,-0.403151965670895,"OLS Loss at 6h | Full",-0.0802609927410076,0.0827609927410076,-0.403151965670895,-0.402877305996689,0.00854427390831143,0.000155631280529997
0.013225,9.52043867277671,0.09393,0.06,24.5395992971425,27,16.1387373371265,0.0193910210863522,13.4108217592593,0.138584058372156,-0.125359058372156,0.00507000866662462,0.200038183451329,0.00022371464961779,-0.62857973739508,"OLS Loss at 6h | Full",-0.125359058372156,0.138584058372156,-0.62857973739508,-0.628270340544806,0.00507000866662462,0.00022371464961779
0.027225,8.92575782330052,0.0321,0.399999999999999,24.4449351163237,9,12.5976136348043,0.0186256877039615,13.0581365740741,0.108525037515822,-0.0813000375158222,0.00957927740011095,0.200075311962022,0.000179404829425948,-0.408584421545667,"OLS Loss at 6h | Full",-0.0813000375158224,0.108525037515822,-0.408584421545667,-0.408307525073038,0.00957927740011095,0.000179404829425948
0.00680625,9.6126314555938,2.04825,0.299999999999997,25.5995820488253,37,8.49836423394971,0.0203060144172735,13.4054976851852,0.0580995502600599,-0.0512933002600599,0.0335841741027912,0.200091393172329,0.00026295850181976,-0.260963364784985,"OLS Loss at 6h | Full",-0.0512933002600601,0.0580995502600602,-0.260963364784985,-0.260765551436669,0.0335841741027912,0.00026295850181976
0.00672399999999999,8.98821332447188,0.04803,0.04,22.7955449810356,19,13.7075334843245,0.0257600936008093,13.0498032407407,0.146976617304208,-0.140252617304208,0.00343008794928121,0.200022129164833,0.000188829997590115,-0.702680669103604,"OLS Loss at 6h | Full",-0.140252617304208,0.146976617304208,-0.702680669103604,-0.702391169790381,0.00343008794928121,0.000188829997590115
0.180625,9.05830685938454,0.27103,0.319999999999999,25.8126584549143,26,14.1737568777561,0.015423599130713,13.9689930555556,0.100791754029071,0.0798332459709291,0.00624442162503303,0.20007637112673,0.000112010815817981,0.400539097709938,"OLS Loss at 6h | Full",0.0798332459709289,0.100791754029071,0.400539097709938,0.400265534592109,0.00624442162503303,0.000112010815817981
0.042025,8.59601199011095,0.08404,-0.209999999999999,23.2344436776045,31,9.62670878538929,0.0160455757481813,14.3844560185185,0.115691299524055,-0.0736662995240547,0.0120725712869655,0.200080117040395,0.000186572111148931,-0.370686909888555,"OLS Loss at 6h | Full",-0.0736662995240549,0.115691299524055,-0.370686909888555,-0.370426800150171,0.0120725712869655,0.000186572111148931
0.3844,8.55732212067024,0.04,-0.3,22.3229777163473,2,12.7862087570044,0.0186958549651866,14.3806134259259,0.1589485037694,0.2254514962306,0.00939544228297015,0.199893551734547,0.00135263977527712,1.13293208970597,"OLS Loss at 6h | Full",0.2254514962306,0.1589485037694,1.13293208970597,1.13319376505726,0.00939544228297015,0.00135263977527712
0.027225,8.95200461472615,0.015,-1.15,22.1462655707693,9,14.7355093145462,0.0881575594322183,14.3710069444444,0.215379309699388,-0.188154309699388,0.0548503812378617,0.199949982241862,0.00604179783260734,-0.967976481888385,"OLS Loss at 6h | Full",-0.188154309699388,0.215379309699388,-0.967976481888385,-0.96792680870947,0.0548503812378617,0.00604179783260734
0.00562499999999999,9.18188476048789,0.04206,0.09,23.4856602572466,26,10.265629469751,0.0244903873664301,14.3740162037037,0.106638088688244,-0.101013088688244,0.0056820775931292,0.200060706469687,0.000162993862462371,-0.506659201283683,"OLS Loss at 6h | Full",-0.101013088688244,0.106638088688244,-0.506659201283683,-0.50635280355933,0.0056820775931292,0.000162993862462371
0.021025,10.1289699100297,0.0166,0.02,27.6576202156865,45,12.9695974334232,0.0158363026481417,14.0089699074074,0.0736748515894733,-0.0526498515894733,0.00998215165912364,0.200091077668306,0.0000784678481234513,-0.264652838515148,"OLS Loss at 6h | Full",-0.0526498515894734,0.0736748515894734,-0.264652838515148,-0.264452645490483,0.00998215165912364,0.0000784678481234513
0.0144,11.1114550874457,0.32144,0.03,24.4200843569919,19,14.5598099860604,0.0105292083298578,14.3881597222222,0.119683093331296,-0.105283093331296,0.00982076863758447,0.200056910701764,0.000308598955542133,-0.529179055955754,"OLS Loss at 6h | Full",-0.105283093331296,0.119683093331296,-0.529179055955754,-0.528869073821688,0.00982076863758447,0.000308598955542133
0.00302500000000001,9.30559825377663,0.0371,0.01,22.4721096062778,10,11.0383533206953,0.0175771191027351,14.3735300925926,0.127949818004607,-0.124924818004607,0.00557718180651949,0.200038595575781,0.000244641096937681,-0.626562072037357,"OLS Loss at 6h | Full",-0.124924818004607,0.127949818004607,-0.626562072037357,-0.626252378090495,0.00557718180651949,0.000244641096937681
0.075625,11.5012034731731,0.06826,0.07,22.1747683944838,34,14.2693307792158,0.0422028600256617,11.9113541666667,0.147803256283585,-0.0721782562835847,0.0216527456731868,0.200080800955824,0.000327566145654091,-0.364973042417443,"OLS Loss at 6h | Full",-0.0721782562835849,0.147803256283585,-0.364973042417443,-0.364715695406287,0.0216527456731868,0.000327566145654091
0.469225,8.35908564637959,0.06689,-0.09,23.4445594489049,5,14.0368296395962,0.0146970305756015,12.2893171296296,0.152418124442529,0.316806875557471,0.00994053102768995,0.199689495996385,0.00282901690977765,1.59244658802294,"OLS Loss at 6h | Full",0.31680687555747,0.15241812444253,1.59244658802294,1.5944420397949,0.00994053102768995,0.00282901690977765
0.648025,12.8631711835317,0.16008,-0.04,23.2831261189383,35,9.34604540054155,0.013783497594457,13.8426273148148,0.0872016665563624,0.560823333443638,0.0383543954339048,0.198766990939577,0.0362573879501201,2.86035189918678,"OLS Loss at 6h | Full",0.560823333443638,0.0872016665563625,2.86035189918678,2.877228051944,0.0383543954339048,0.0362573879501201
0.055225,12.5704829303385,0.07826,0.03,21.9937797251052,16,15.1456092381387,0.0461085135634058,14.1730208333333,0.151970095535164,-0.0967450955351636,0.0294753420601284,0.200063222316557,0.000814072241823345,-0.491164068364289,"OLS Loss at 6h | Full",-0.0967450955351637,0.151970095535164,-0.491164068364289,-0.4908608684059,0.0294753420601284,0.000814072241823345
0.275625,8.62804046198721,0.05761,0.06,19.7041622302255,7,13.1757682791789,0.0456713542916439,14.1835763888889,0.181815544343102,0.0938094556568984,0.0118197180973813,0.200066227841078,0.000296065162615266,0.471986352513336,"OLS Loss at 6h | Full",0.0938094556568982,0.181815544343102,0.471986352513336,0.471687905022099,0.0118197180973813,0.000296065162615266
0.021025,9.18176240868681,0.22725,0.34,22.1018438668894,18,10.1767804962314,0.0381275653205798,22.7299768518519,0.0970224634306232,-0.0759974634306232,0.0156112327965741,0.200078594151067,0.000258619590860839,-0.383104002692161,"OLS Loss at 6h | Full",-0.0759974634306233,0.0970224634306233,-0.383104002692161,-0.382838093855133,0.0156112327965741,0.000258619590860839
0.3969,8.64358542102781,0.01739,0.25,23.7646926271827,21,10.9537893603555,0.027055265187723,14.4509837962963,0.106612571562276,0.290287428437724,0.00697437155116926,0.199756835476863,0.00165653244739899,1.4569643212657,"OLS Loss at 6h | Full",0.290287428437724,0.106612571562276,1.4569643212657,1.45829823516313,0.00697437155116926,0.00165653244739899
0.013225,10.1662127036454,0.06681,0.2,26.6648420631273,38,15.1994638522954,0.0135278455850969,14.0967476851852,0.0951469854367352,-0.0819219854367352,0.00562976676265536,0.200075004326959,0.000106207316483733,-0.41089166232535,"OLS Loss at 6h | Full",-0.0819219854367354,0.0951469854367354,-0.41089166232535,-0.410613833600682,0.00562976676265536,0.000106207316483733
0.000000249999999999945,12.4695925778447,0.01846,0.029999999999999,23.8760248201063,25,15.3151810903029,0.0232194779208502,14.3015393518519,0.126520818105611,-0.126520568105611,0.0221405799352862,0.200035843009432,0.00103019096373319,-0.639917281136514,"OLS Loss at 6h | Full",-0.126520568105611,0.126520818105611,-0.639917281136514,-0.639609787187587,0.0221405799352862,0.00103019096373319
0.00297025,12.8523589672069,0.03531,0.1,29.1756548719472,67,14.6289431643984,0.0216071920550758,15.1998263888889,0.0472726819155094,-0.0443024319155094,0.0319861222596993,0.200094221151964,0.000186214238060645,-0.22521001121253,"OLS Loss at 6h | Full",-0.0443024319155095,0.0472726819155095,-0.22521001121253,-0.225036118798969,0.0319861222596993,0.000186214238060645
0.099225,8.16830652623073,0.05874,0.099999999999999,21.4106780118088,11,12.7801891597876,0.0203895071121985,15.1607523148148,0.152970876786091,-0.0537458767860914,0.00922094606364612,0.200090607415677,0.0000754173863858764,-0.270058381800675,"OLS Loss at 6h | Full",-0.0537458767860916,0.152970876786092,-0.270058381800675,-0.269854734037308,0.00922094606364612,0.0000754173863858764
0.0961,11.0791291264623,0.02256,-0.05,23.9564008036879,31,10.5956604586448,0.0222790852987618,15.1567476851852,0.0969358478090682,-0.00083584780906816,0.00997100371028621,0.200102469756947,0.0000000197540791924136,-0.00420149806923717,"OLS Loss at 6h | Full",-0.000835847809068326,0.0969358478090683,-0.00420149806923717,-0.00419808088771012,0.00997100371028621,0.0000000197540791924136
0.0225,8.46590715489709,0.03692,0.76,25.8808173623815,54,16.0765825190134,0.0226629301334103,15.1614930555556,0.0937598869537922,-0.0712598869537922,0.0253095028296711,0.200081269706847,0.000376010292769805,-0.361004553818133,"OLS Loss at 6h | Full",-0.0712598869537924,0.0937598869537924,-0.361004553818133,-0.360749159871187,0.0253095028296711,0.000376010292769805
0.00722499999999999,9.47979070172276,0.08147,0.059999999999999,24.3316464793872,35,11.5347070739662,0.0241033811180339,6.95012731481481,0.121397610658035,-0.114172610658035,0.00540606591373716,0.200049128684185,0.000198003520657916,-0.572584972476151,"OLS Loss at 6h | Full",-0.114172610658035,0.121397610658035,-0.572584972476151,-0.572271824867539,0.00540606591373716,0.000198003520657916
0.00722499999999999,9.10535957976984,0.02822,0.049999999999999,24.7326828857898,51,13.8161441191268,0.0337440379468793,13.9753356481481,0.118077534051413,-0.110852534051413,0.0175667528172879,0.20005156385618,0.000621635722534343,-0.55936464995891,"OLS Loss at 6h | Full",-0.110852534051414,0.118077534051414,-0.55936464995891,-0.559051927298851,0.0175667528172879,0.000621635722534343
0.81,9.40731696546502,0.04948,0.08,25.7596725761181,36,14.8555946291573,0.0139830575804959,13.5641319444444,0.112262698830753,0.697737301169247,0.00522826577066978,0.198100826872471,0.00714914309687409,3.49889685456684,"OLS Loss at 6h | Full",0.697737301169247,0.112262698830753,3.49889685456684,3.53137578335197,0.00522826577066978,0.00714914309687409
0.099225,10.1674857978296,0.1639,-0.27,24.4116460182031,20,13.9272860162098,0.0176702746015391,13.9604050925926,0.132567274141646,-0.0333422741416463,0.00408471286298878,0.200097929844156,0.000012725255069612,-0.167103265062387,"OLS Loss at 6h | Full",-0.0333422741416464,0.132567274141646,-0.167103265062387,-0.166971144105773,0.00408471286298878,0.000012725255069612
0.0529,8.4540047257968,0.00314,0,21.3200727601423,9,13.0019653631698,0.0694592416476341,12.9372106481481,0.17238455799578,-0.11948455799578,0.0228020518607781,0.200043008545431,0.000947527283016215,-0.604534966001606,"OLS Loss at 6h | Full",-0.11948455799578,0.17238455799578,-0.604534966001606,-0.604222829989081,0.0228020518607781,0.000947527283016215
0.1089,8.69167723935252,0.11411,0.1,23.1700369951327,22,11.7529447999682,0.0320024487695355,13.950474537037,0.126054037443005,-0.0171540374430052,0.00529542459254941,0.200101268732466,0.00000437728263275393,-0.0860241149359981,"OLS Loss at 6h | Full",-0.0171540374430053,0.126054037443005,-0.0860241149359981,-0.0859546653153808,0.00529542459254941,0.00000437728263275393
0.0529,9.73313265321416,0,-0.168,22.3177178321367,1,9.50402857148218,0.0181591436686364,11.9565856481481,0.130450277532303,-0.0775502775323026,0.0120284123987105,0.200077698503969,0.000205989667642194,-0.390222265479065,"OLS Loss at 6h | Full",-0.0775502775323028,0.130450277532303,-0.390222265479065,-0.38995316153979,0.0120284123987105,0.000205989667642194
0.0324,7.42181185639151,0.0124,0.029999999999999,20.6157875691336,12,9.39121842710527,0.0374711228016313,14.0705671296296,0.148357428540836,-0.115957428540836,0.0157628738161748,0.200046868513917,0.000608124344994638,-0.584587630345115,"OLS Loss at 6h | Full",-0.115957428540836,0.148357428540836,-0.584587630345115,-0.584274519642272,0.0157628738161748,0.000608124344994638
0.0529,8.97011847438017,0.03777,0.01,23.1659923851602,36,12.1099031846496,0.0276950416315547,13.4662152777778,0.128201847689801,-0.0753018476898008,0.00915069926597196,0.200079182166342,0.000146895894594163,-0.378357847611591,"OLS Loss at 6h | Full",-0.0753018476898009,0.128201847689801,-0.378357847611591,-0.37809412184664,0.00915069926597196,0.000146895894594163
0.00562499999999999,8.46621506651546,0.03909,0.209999999999999,24.5651240701944,32,10.0594807515689,0.0189937336208781,14.4270717592593,0.0897328163326308,-0.0841078163326308,0.0111750808449344,0.200073356469355,0.000224721129452877,-0.423036240163146,"OLS Loss at 6h | Full",-0.084107816332631,0.089732816332631,-0.423036240163146,-0.422753681637838,0.0111750808449344,0.000224721129452877
0.002116,8.67032496662215,0.08531,0.15,24.3135405150291,42,10.685618860514,0.0234667303796519,12.425474537037,0.101668133399661,-0.0995521333996615,0.0125834763688383,0.200061622421681,0.000355516960662121,-0.501073336420499,"OLS Loss at 6h | Full",-0.0995521333996616,0.101668133399662,-0.501073336420499,-0.500768023997665,0.0125834763688383,0.000355516960662121
0.055225,9.44809199460363,0.15131,2.4,23.1736828919125,13,15.2367928255025,0.0575589607921798,13.4407060185185,0.0723676899650117,-0.0171426899650117,0.0416393265279464,0.200101224729605,0.0000370307915100855,-0.0875821083904604,"OLS Loss at 6h | Full",-0.0171426899650118,0.0723676899650118,-0.0875821083904604,-0.0875114202031391,0.0416393265279464,0.0000370307915100855
0.002025,9.32986050999625,0.03105,0.47,25.3204164570046,34,10.5159337069266,0.0220603892103652,14.401099537037,0.0714973622505068,-0.0694723622505068,0.00861545286627518,0.200082659518022,0.000117591864897652,-0.348973067441244,"OLS Loss at 6h | Full",-0.069472362250507,0.071497362250507,-0.348973067441244,-0.348723762895232,0.00861545286627518,0.000117591864897652
0.697225,8.65998864820443,0.02109,0.04,23.5565667183129,17,16.4515827937598,0.0217724261892025,12.4082986111111,0.161357308410243,0.535867691589757,0.007779360658395,0.198921228053595,0.00630669552740327,2.69063236730907,"OLS Loss at 6h | Full",0.535867691589757,0.161357308410243,2.69063236730907,2.70440863178862,0.007779360658395,0.00630669552740327
0.00902499999999999,9.02045525201761,0.05086,0.37,25.0974739979411,28,14.2413467903181,0.0299224091163548,14.4043402777778,0.108992114639729,-0.0999671146397293,0.00660027927514983,0.200061529229903,0.000185775262749145,-0.501644502940646,"OLS Loss at 6h | Full",-0.0999671146397295,0.10899211463973,-0.501644502940646,-0.501339076027878,0.00660027927514983,0.000185775262749145
0.099225,8.33812405831352,0.03622,-0.089999999999999,20.2811672272126,14,15.4751640293964,0.039624162395976,14.3662615740741,0.196102153691084,-0.0968771536910844,0.0166711733096019,0.200063627612814,0.000449749501300474,-0.488621870842404,"OLS Loss at 6h | Full",-0.0968771536910845,0.196102153691085,-0.488621870842404,-0.488319250948103,0.0166711733096019,0.000449749501300474
0.024025,12.8260345193167,0.01661,0.01,24.4047217563472,18,12.1858305383435,0.0546686355408613,14.3570949074074,0.10379413364334,-0.07976913364334,0.0340129194636053,0.200075663870171,0.000644659445228256,-0.405929050974667,"OLS Loss at 6h | Full",-0.0797691336433401,0.10379413364334,-0.405929050974667,-0.405653240544209,0.0340129194636053,0.000644659445228256
0.366025,8.71594359888683,0.0162,0,21.7250876562313,14,13.711615757744,0.0436432353813308,13.9634606481481,0.163797853852281,0.202227146147719,0.00770203486810584,0.199934681844149,0.000889118219835485,1.01535829198292,"OLS Loss at 6h | Full",0.202227146147719,0.163797853852281,1.01535829198292,1.01538388565256,0.00770203486810584,0.000889118219835485
0.027225,8.19258523501662,0.007,0.019999999999999,21.0463563405468,9,10.7929999068539,0.0454824975643081,14.3553356481481,0.152086864320058,-0.124861864320058,0.0109628480121038,0.200038312410358,0.000485643004122719,-0.6279490813755,"OLS Loss at 6h | Full",-0.124861864320058,0.152086864320058,-0.6279490813755,-0.627639590322342,0.0109628480121038,0.000485643004122719
0.0625,8.18814605450841,0.02603,0.02,22.0625428954998,25,12.8168214508371,0.0250380937588111,13.9597337962963,0.149550856681638,-0.0870508566816382,0.0101552149138245,0.200071315172764,0.000218303321585167,-0.437613203507474,"OLS Loss at 6h | Full",-0.0870508566816384,0.149550856681638,-0.437613203507474,-0.437325370510861,0.0101552149138245,0.000218303321585167
0.018225,8.68169516175817,0.08796,0.1,22.0902547272138,6,8.8399435949093,0.0246482923624467,13.9663310185185,0.118682478293733,-0.100457478293733,0.0105047464352922,0.200060963362701,0.000300941452287491,-0.50509879414947,"OLS Loss at 6h | Full",-0.100457478293733,0.118682478293733,-0.50509879414947,-0.504792691875862,0.0105047464352922,0.000300941452287491
0.105625,12.8098039865313,0.04764,0.01,20.8483848972347,17,9.73460904127063,0.0284294874254376,13.9558217592593,0.121735500285631,-0.0161105002856305,0.0394368822532581,0.200101373009041,0.0000308338771722856,-0.0822142294007441,"OLS Loss at 6h | Full",-0.0161105002856307,0.121735500285631,-0.0822142294007441,-0.0821478127961273,0.0394368822532581,0.0000308338771722856
0.00639999999999999,8.71998936192782,0.04247,0.219999999999999,22.0433633421848,7,8.49756369198971,0.0219062474717603,7.35170138888889,0.126733585721934,-0.120333585721934,0.0101673050078489,0.200042930313435,0.000417652709768535,-0.604932444585495,"OLS Loss at 6h | Full",-0.120333585721934,0.126733585721934,-0.604932444585495,-0.604620339797604,0.0101673050078489,0.000417652709768535
0.119025,13.6536269786065,0.32092,-0.609999999999999,22.0819969421497,10,13.6430033208885,0.0205773474160634,13.6836921296296,0.155699044123781,-0.0366740441237807,0.0509150788707046,0.20009670538949,0.000211306669573179,-0.188281297973106,"OLS Loss at 6h | Full",-0.0366740441237809,0.155699044123781,-0.188281297973106,-0.188133583749957,0.0509150788707046,0.000211306669573179
0.664225,8.55713178106529,0.01917,0,21.9854095222258,9,13.2040859041607,0.0445960256343283,14.0465393518519,0.158927649808953,0.505297350191047,0.00918515761025743,0.19905101145082,0.0066397996010078,2.53893560547273,"OLS Loss at 6h | Full",0.505297350191047,0.158927649808953,2.53893560547273,2.55027128060927,0.00918515761025743,0.0066397996010078
0.189225,8.9100606113498,0.04369,-0.039999999999999,20.5731155049477,5,13.1611816286283,0.0329913704431843,13.6660069444444,0.173699418015389,0.015525581984611,0.00742633968375271,0.200101484341303,0.00000505015165792843,0.0779412619045438,"OLS Loss at 6h | Full",0.015525581984611,0.173699418015389,0.0779412619045438,0.0778782538785231,0.00742633968375271,0.00000505015165792843
0.469225,8.39570080105216,0.00575,0.049999999999999,20.0456037412015,6,11.4679798178322,0.038859600994415,9.69373842592593,0.176284506867479,0.292940493132521,0.00771298358104058,0.199750220918246,0.0018683831012323,1.47082726215522,"OLS Loss at 6h | Full",0.29294049313252,0.17628450686748,1.47082726215522,1.47222261796016,0.00771298358104058,0.0018683831012323
0.4761,8.69434619438491,0.02555,-0.199999999999999,22.484655033838,14,10.0885744621093,0.0305930760303009,9.05186342592593,0.145069011376352,0.331030988623648,0.0058912196490268,0.19965337558597,0.00181565789722033,1.6605525098271,"OLS Loss at 6h | Full",0.331030988623648,0.145069011376352,1.6605525098271,1.66293409959174,0.0058912196490268,0.00181565789722033
0.6889,9.19050899101462,0.01595,0.03,25.15028111662,26,11.3510183930673,0.012921519943262,10.0231597222222,0.106190594806249,0.582709405193751,0.00553123262988777,0.198708103143597,0.00527840863456882,2.92251918624489,"OLS Loss at 6h | Full",0.582709405193751,0.106190594806249,2.92251918624489,2.94063333577671,0.00553123262988777,0.00527840863456882
0.7921,9.33820105385714,0.12382,-1.81,22.3238177881958,14,13.524268027614,0.0270665903504903,9.64890046296296,0.225334992135254,0.566765007864746,0.020150257735881,0.198763872660723,0.0187381634488529,2.86367814317704,"OLS Loss at 6h | Full",0.566765007864746,0.225334992135254,2.86367814317704,2.88061911233866,0.020150257735881,0.0187381634488529
0.0000302499999999994,10.2028686140047,0.06413,0.079999999999999,20.2698549169531,7,17.0935615375251,0.0327085867752538,6.32878472222222,0.212018036619128,-0.211987786619128,0.0243870629754365,0.199914931350418,0.0032002610380623,-1.07342815499492,"OLS Loss at 6h | Full",-0.211987786619129,0.212018036619129,-1.07342815499492,-1.07356126386539,0.0243870629754365,0.0032002610380623
0.00366025,9.33982491890534,0.10338,0.179999999999999,23.9981234839381,43,10.3220026221513,0.0338368147368877,11.0509375,0.103152567978373,-0.0994923179783728,0.0120428589458436,0.200061693830192,0.000339462506413626,-0.50063523702712,"OLS Loss at 6h | Full",-0.0994923179783729,0.103152567978373,-0.50063523702712,-0.500330012961543,0.0120428589458436,0.000339462506413626
0.0196,8.72596641535816,0.00305,0.009999999999999,21.2440873393005,15,14.0548818397288,0.03370011934332,11.0305439814815,0.176005866542929,-0.156405866542929,0.00694758148322241,0.200002197803931,0.000479021167030655,-0.784996768924969,"OLS Loss at 6h | Full",-0.156405866542929,0.176005866542929,-0.784996768924969,-0.784751553158624,0.00694758148322241,0.000479021167030655
0.0361,9.34521433151678,0.11487,0.279999999999999,24.6654044774924,39,15.8124466758171,0.0176972587202425,11.6202662037037,0.128948417399635,-0.0928484173996352,0.00934231597990918,0.20006705552756,0.000228094946343584,-0.466566568497578,"OLS Loss at 6h | Full",-0.0928484173996353,0.128948417399635,-0.466566568497578,-0.466269619070041,0.00934231597990918,0.000228094946343584
0.065025,8.54906846875061,0.04827,0.14,23.2870522363504,26,15.202041173432,0.0209882695514487,11.637025462963,0.151823980098486,-0.0867989800984863,0.00744791230696777,0.200071579731442,0.000158312974717172,-0.435751494956421,"OLS Loss at 6h | Full",-0.0867989800984865,0.151823980098486,-0.435751494956421,-0.435464310644466,0.00744791230696777,0.000158312974717172
0.0121,9.61581913899106,0.01654,0.069999999999999,22.2212778542196,28,11.1718817466441,0.0356064595577624,11.9972569444444,0.133149050882644,-0.121049050882644,0.00640844885472708,0.200042448038007,0.000264374306116989,-0.607377026092617,"OLS Loss at 6h | Full",-0.121049050882644,0.133149050882644,-0.607377026092617,-0.607065123612547,0.00640844885472708,0.000264374306116989
0.1024,7.77760217125326,0.00961,0.149999999999999,21.9403459485106,11,14.5981426644344,0.018605422587796,12.0421412037037,0.167313155233543,-0.0649131552335432,0.010911493095214,0.200085134657581,0.000130628709061085,-0.326449538384185,"OLS Loss at 6h | Full",-0.0649131552335434,0.167313155233543,-0.326449538384185,-0.326212289093422,0.010911493095214,0.000130628709061085
0.00422499999999999,9.19009742354288,0.00649,0.02,25.2982098359108,54,10.6053157438517,0.0276885190888313,11.2093865740741,0.0936101941972403,-0.0893851941972403,0.0188091226119097,0.200069331841748,0.000433862420682571,-0.451325377754841,"OLS Loss at 6h | Full",-0.0893851941972405,0.0936101941972405,-0.451325377754841,-0.451032996942069,0.0188091226119097,0.000433862420682571
0.4096,8.47074247699901,0.88457,0.3,24.8510198045267,30,11.9084929897588,0.0157975387612941,10.7903587962963,0.104330898666695,0.305269101333305,0.0105154689616249,0.19971883395403,0.00278186242735997,1.53489708317522,"OLS Loss at 6h | Full",0.305269101333305,0.104330898666695,1.53489708317522,1.5365946679855,0.0105154689616249,0.00278186242735997
0.050625,9.38916457490151,0.08062,0.299999999999999,22.2300205740463,16,14.2817278982561,0.0385609621564905,11.7747569444444,0.15204732881821,-0.10142232881821,0.0048937180737913,0.200060400690056,0.000141294901847961,-0.508510308837878,"OLS Loss at 6h | Full",-0.101422328818211,0.152047328818211,-0.508510308837878,-0.508203568428135,0.0048937180737913,0.000141294901847961
0.255025,10.9778417086766,0.0287,0.12,22.0619496233451,12,15.9531609474739,0.0425577835971471,12.1578356481481,0.166084614440515,0.0889403855594848,0.0143386036137662,0.200069809717379,0.000324495519121708,0.44805987266358,"OLS Loss at 6h | Full",0.0889403855594847,0.166084614440515,0.44805987266358,0.447768537815912,0.0143386036137662,0.000324495519121708
0.0576,8.61607570247675,0.03195,0.1,22.2244862351863,13,14.4654188548456,0.0423506792599173,11.7855902777778,0.165591609546273,-0.107991609546273,0.00749654820467958,0.200054648278156,0.000246681533363426,-0.542156811294753,"OLS Loss at 6h | Full",-0.107991609546273,0.165591609546273,-0.542156811294753,-0.541845354735279,0.00749654820467958,0.000246681533363426
0.070225,8.11914456181558,0.35635,0.13,23.7560048357209,26,13.2081585627517,0.0274763831180413,6.03199074074074,0.148156236336817,-0.0779312363368171,0.00774952289033956,0.200077562382158,0.000132866284278954,-0.391292771502624,"OLS Loss at 6h | Full",-0.0779312363368173,0.148156236336817,-0.391292771502624,-0.391023195354687,0.00774952289033956,0.000132866284278954
0.207025,9.05148484495908,0.01234,0,23.0570694286478,21,15.9481636141434,0.0257325917023722,13.0657986111111,0.161241192631129,0.0457838073688709,0.00652749493769534,0.200093885925487,0.0000385316827025998,0.229739090098802,"OLS Loss at 6h | Full",0.0457838073688707,0.161241192631129,0.229739090098802,0.229562085222557,0.00652749493769534,0.0000385316827025998
0.001444,10.1286371797339,0.07024,0.04,26.8255136244952,38,10.2701245213424,0.0120847686693604,13.0662847222222,0.0652829468708432,-0.0638389468708432,0.0114670449283658,0.200085694340102,0.000132922947418964,-0.321137524362061,"OLS Loss at 6h | Full",-0.0638389468708433,0.0652829468708434,-0.321137524362061,-0.32090323797391,0.0114670449283658,0.000132922947418964
0.000650249999999998,9.78418368761746,0.10061,0.29,22.3299611035395,10,13.3089803912664,0.0358942153930145,12.6281828703704,0.141116579714092,-0.140466329714092,0.00467670520916443,0.200021783123892,0.00025889010571782,-0.704191968721259,"OLS Loss at 6h | Full",-0.140466329714092,0.141116579714092,-0.704191968721259,-0.703903064525264,0.00467670520916443,0.00025889010571782
0.0025,9.42999558065172,0.00365,0.049999999999999,23.5385845768468,23,15.6904051413625,0.0345832998281913,13.0046412037037,0.151784264928771,-0.149284264928771,0.00547374774274355,0.200011258946355,0.000342799096701498,-0.748698262702493,"OLS Loss at 6h | Full",-0.149284264928771,0.151784264928771,-0.748698262702493,-0.748430477989873,0.00547374774274355,0.000342799096701498
0.001225,9.73423850984138,0.03001,0.01,24.9357738544528,44,12.3843337542426,0.030106764743165,13.0043865740741,0.106889658461815,-0.105664658461815,0.00862911324925184,0.200056634986666,0.000272466227642015,-0.530777604757915,"OLS Loss at 6h | Full",-0.105664658461815,0.106889658461815,-0.530777604757915,-0.530467417308406,0.00862911324925184,0.000272466227642015
0.075625,8.5322529179391,0,0.03,20.0840305690286,2,9.50840408253767,0.0266521905388294,12.9823958333333,0.152623937401978,-0.076998937401978,0.0100329292219498,0.200078098766993,0.00016869998317251,-0.387057310510801,"OLS Loss at 6h | Full",-0.0769989374019782,0.152623937401978,-0.387057310510801,-0.386789615391234,0.0100329292219498,0.00016869998317251
0.030625,7.80026556985089,0.1282,-0.1,25.0039508881449,23,13.4617674344857,0.0335874865506223,2.94199074074074,0.154997469523373,-0.124372469523373,0.0165829750439238,0.200038450597086,0.000737216152931125,-0.627272594406264,"OLS Loss at 6h | Full",-0.124372469523373,0.154997469523373,-0.627272594406264,-0.626963003659687,0.0165829750439238,0.000737216152931125
0.0016,9.28100052618784,0.12816,0.309999999999999,23.6625343174763,18,12.3636043379811,0.0241956030569155,9.75802083333333,0.123789906213757,-0.122189906213757,0.00239654265090434,0.200041557101905,0.0000999307758172283,-0.611867345069451,"OLS Loss at 6h | Full",-0.122189906213757,0.123789906213757,-0.611867345069451,-0.611555860412189,0.00239654265090434,0.0000999307758172283
0.0196,8.38849052581607,0.01557,0.08,24.4946181130528,26,15.7370115621849,0.0158618943675455,9.67653935185185,0.148864178505531,-0.129264178505531,0.00768254185178099,0.200033934963026,0.000362342583503763,-0.649013591242012,"OLS Loss at 6h | Full",-0.129264178505531,0.148864178505531,-0.649013591242012,-0.648707914036489,0.00768254185178099,0.000362342583503763
0.308025,7.28147230537768,0.04309,0.07,23.2908135361739,23,11.3952093020778,0.0378884233078785,1.78162037037037,0.158620792165553,0.149404207834447,0.0173865758992364,0.200010004408327,0.00111720702511639,0.753828234449772,"OLS Loss at 6h | Full",0.149404207834446,0.158620792165554,0.753828234449772,0.753563341518455,0.0173865758992364,0.00111720702511639
0.021025,8.49605336452706,0.04569,0.01,27.8200588361844,43,12.6384461339915,0.0435695408940132,2.09224537037037,0.11019010963253,-0.0891651096325303,0.0337613624680248,0.200068984489565,0.000799098628935933,-0.453684210771348,"OLS Loss at 6h | Full",-0.0891651096325306,0.110190109632531,-0.453684210771348,-0.453391089001659,0.0337613624680248,0.000799098628935933
0.030625,9.83462238998333,0.02318,0.04,23.9868373155613,22,15.5696572460201,0.0134325784195035,2.47525462962963,0.165019955972165,-0.134394955972165,0.0107946756696308,0.200028152007687,0.000553811502122182,-0.675834976199456,"OLS Loss at 6h | Full",-0.134394955972165,0.165019955972165,-0.675834976199456,-0.675536196124895,0.0107946756696308,0.000553811502122182
0.00000625,9.98875611173823,0.0738,-0.1,23.2920938409594,21,12.8232453493204,0.0162738191785491,3.78097222222222,0.154624268695802,-0.154618018695802,0.00775484696489698,0.200004397961959,0.000523377191161288,-0.776339221829256,"OLS Loss at 6h | Full",-0.154618018695802,0.154624268695802,-0.776339221829256,-0.776088173001356,0.00775484696489698,0.000523377191161288
0.0000202499999999995,9.51497060454748,0.1266,0.209999999999999,24.6987146944363,32,14.5482488971365,0.023858880036557,4.15981481481481,0.140791422430424,-0.140771172430424,0.0059106315064264,0.200021331832436,0.000329435052016291,-0.706158075952839,"OLS Loss at 6h | Full",-0.140771172430424,0.140791422430424,-0.706158075952839,-0.70586995772694,0.0059106315064264,0.000329435052016291
0.0000122499999999996,10.8767629166578,0.0332,0.179999999999999,25.9394528447122,44,12.5321249665708,0.0373226331632749,9.53769675925926,0.0946856011465296,-0.0946733511465296,0.0109487510500064,0.200065589656747,0.000278831486871469,-0.476123118409707,"OLS Loss at 6h | Full",-0.0946733511465298,0.0946856011465298,-0.476123118409707,-0.475823572962321,0.0109487510500064,0.000278831486871469
0.0000810000000000001,9.92755593667792,0.03997,0.039999999999999,25.7217920513099,25,15.2028666210272,0.0187070392309146,13.6603819444444,0.117196487781516,-0.117115487781516,0.00467483966217248,0.200046384141235,0.000179897340470262,-0.587127952923919,"OLS Loss at 6h | Full",-0.117115487781516,0.117196487781516,-0.587127952923919,-0.586814902452681,0.00467483966217248,0.000179897340470262
0.000441000000000001,10.4278831071064,0.0787,0.39,23.9086588196827,11,14.1872372126893,0.0258841609443461,11.1491782407407,0.1248366052399,-0.1243956052399,0.00707231700263146,0.200039040326416,0.000308528921126371,-0.624377357112129,"OLS Loss at 6h | Full",-0.1243956052399,0.1248366052399,-0.624377357112129,-0.624067355511158,0.00707231700263146,0.000308528921126371
0.000049,11.300803125639,0.0055,0.5,21.1614569685521,2,7.7981712712576,0.0154098027228266,49.2869791666667,0.0126702058393914,-0.0126212058393914,0.103191506607299,0.200101749772492,0.0000568074836538867,-0.066657943445449,"OLS Loss at 6h | Full",-0.0126212058393915,0.0126702058393915,-0.066657943445449,-0.0666039685499108,0.103191506607299,0.0000568074836538867
0.0000302499999999994,10.1574604358697,0.01247,0.109999999999999,21.0325448637205,3,9.07126529682832,0.0291178439090659,8.81748842592593,0.138309928568653,-0.138279678568653,0.0115562817970768,0.200023731903376,0.000628623018413082,-0.695638012578824,"OLS Loss at 6h | Full",-0.138279678568653,0.138309928568653,-0.695638012578824,-0.695345843117314,0.0115562817970768,0.000628623018413082
0.013225,10.0006071364719,0.01106,0.199999999999999,21.3127045905426,6,9.23041825550354,0.0240640675103844,14.4732060185185,0.119269265762485,-0.106044265762485,0.0103148935715765,0.200056226358729,0.000329157977886264,-0.533137939603637,"OLS Loss at 6h | Full",-0.106044265762485,0.119269265762485,-0.533137939603637,-0.532827461102662,0.0103148935715765,0.000329157977886264
0.04601025,8.13280092853577,0.0204,-0.13,21.7501121766821,5,9.36185157594926,0.0297368364476389,33.5680671296296,0.0932022452095477,-0.0471919952095477,0.0472994701464784,0.200092959140786,0.000322581506103126,-0.241819351882849,"OLS Loss at 6h | Full",-0.0471919952095478,0.0932022452095478,-0.241819351882849,-0.241634158831843,0.0472994701464784,0.000322581506103126
0.00001225,11.5606136369788,0.08137,-0.39,22.2818115516966,20,15.2587283655795,0.0370924534513784,55.2855787037037,0.0723413988985381,-0.0723291488985381,0.121574691216248,0.200078234596953,0.00229097067219761,-0.38597737831286,"OLS Loss at 6h | Full",-0.0723291488985381,0.0723413988985381,-0.38597737831286,-0.385710168239202,0.121574691216248,0.00229097067219761
0.96138025,8.97496898041208,0.04225,0.138,22.7392345341256,8,14.0764946075528,0.064556576626387,2.04395833333333,0.181471219587451,0.779909030412549,0.0237584015697393,0.197550606616394,0.0421453653233761,3.94790061784809,"OLS Loss at 6h | Full",0.779909030412549,0.181471219587451,3.94790061784809,3.99564528595796,0.0237584015697393,0.0421453653233761
0.207025,10.7145614151682,0.05888,0.209999999999999,23.3451009652272,4,14.3515431814155,0.0297380376731769,3.43476851851852,0.157427933140105,0.0495970668598951,0.0164306851901098,0.200092294516449,0.000116122678227711,0.250123458357983,"OLS Loss at 6h | Full",0.0495970668598949,0.157427933140105,0.250123458357983,0.249932735925718,0.0164306851901098,0.000116122678227711
0.00722499999999999,11.9780084182292,0.0393,0.219999999999999,25.3526810863119,37,16.626510373877,0.0290712539276821,4.34842592592593,0.136604742799266,-0.129379742799266,0.0218684004022067,0.200032816384942,0.00106344327658359,-0.654287398411353,"OLS Loss at 6h | Full",-0.129379742799266,0.136604742799266,-0.654287398411353,-0.653982894343411,0.0218684004022067,0.00106344327658359
0.02325625,11.217530811494,0.04931,0.129999999999999,26.9198910802129,29,16.572698164528,0.0124890614632519,35.0168402777778,0.0535880403915672,-0.0303317903915672,0.0380557292563299,0.200098580389024,0.000105166069080341,-0.15467638273359,"OLS Loss at 6h | Full",-0.0303317903915672,0.0535880403915672,-0.15467638273359,-0.154553584673844,0.0380557292563299,0.000105166069080341
0.0000202499999999995,10.8298540765612,0.01223,0.04,22.9840865440339,14,13.4749252427243,0.0196472136825842,15.2115856481481,0.129661351983627,-0.129641101983627,0.00824252126776014,0.200033495679742,0.00039146583122366,-0.651089796040537,"OLS Loss at 6h | Full",-0.129641101983628,0.129661351983628,-0.651089796040537,-0.650784570120199,0.00824252126776014,0.00039146583122366
0.00931225000000001,10.5184434343964,0.0236,0.03,25.9834025912858,23,11.6016551286389,0.0145271068358772,13.0000694444444,0.0867017671222238,-0.0773895171222238,0.00909579034226409,0.200077874137366,0.000154205794424825,-0.388836671897905,"OLS Loss at 6h | Full",-0.077389517122224,0.086701767122224,-0.388836671897905,-0.388568182392393,0.00909579034226409,0.000154205794424825
0.000000249999999999945,10.3788027302497,0.08306,0.189999999999999,24.3335695488956,25,16.1132566057361,0.032516509589772,13.3498842592593,0.134958033044169,-0.134957783044169,0.00623179239384086,0.200027872270594,0.000319446382949374,-0.677105440326139,"OLS Loss at 6h | Full",-0.134957783044169,0.134958033044169,-0.677105440326139,-0.676807045098681,0.00623179239384086,0.000319446382949374
0.0000302499999999994,10.3365765527041,0.11294,0.35,27.454731473297,28,15.9476575830799,0.0109184104957436,18.4709953703704,0.0771220345978481,-0.0770917845978481,0.0121041063594372,0.200077988719196,0.000204873550624087,-0.387930053493891,"OLS Loss at 6h | Full",-0.0770917845978482,0.0771220345978482,-0.387930053493891,-0.387661967994574,0.0121041063594372,0.000204873550624087
0.000000249999999999945,10.0402281363748,0.02987,0.129999999999999,26.2387653523643,26,16.5876177977425,0.0149029664716658,19.3772453703704,0.10377944096712,-0.10377919096712,0.0100035471568058,0.200058195020575,0.000305538986034716,-0.521668217952496,"OLS Loss at 6h | Full",-0.10377919096712,0.10377944096712,-0.521668217952496,-0.52135928850651,0.0100035471568058,0.000305538986034716
0.0000302499999999994,10.0494960359356,0.62295,1.78,26.1962711178865,28,14.5319571898655,0.014056501567153,18.4503009259259,0.0304022090357011,-0.0303719590357011,0.0214630412389655,0.200098636247869,0.0000574700703933621,-0.153562475992415,"OLS Loss at 6h | Full",-0.0303719590357013,0.0304022090357013,-0.153562475992415,-0.153440519432746,0.0214630412389655,0.0000574700703933621
0.632025,11.1024493951428,0.07141,0.34,25.8476401428685,24,16.4428947389964,0.014802918220854,18.277337962963,0.0974465174539216,0.534578482546079,0.0111624651795249,0.198922887918272,0.00906760312118687,2.68874687977816,"OLS Loss at 6h | Full",0.534578482546078,0.0974465174539219,2.68874687977816,2.70249093992226,0.0111624651795249,0.00906760312118687
0.099225,9.59259801394949,0.08345,0.12,23.3428276004626,34,9.41515700659751,0.013553979326323,18.1569444444444,0.0866236734675528,0.0126013265324472,0.0143159980693065,0.20010181702005,0.00000650336412776856,0.0634816678792614,"OLS Loss at 6h | Full",0.012601326532447,0.0866236734675529,0.0634816678792614,0.0634302435905834,0.0143159980693065,0.00000650336412776856
0.00000624999999999973,11.1263439657107,0.05132,0.049999999999999,26.8539528127982,25,15.9377970228542,0.0107328773940093,18.4453472222222,0.0916493402962149,-0.0916430902962149,0.0126277664105658,0.20006785436457,0.000302359414504065,-0.461275287003849,"OLS Loss at 6h | Full",-0.091643090296215,0.091649340296215,-0.461275287003849,-0.460979864626207,0.0126277664105658,0.000302359414504065
0.024025,10.2265428698442,0.0181,0.059999999999999,25.4989925486135,11,11.1857980746158,0.0225104002968656,20.4602893518519,0.0760416351915039,-0.0520166351915039,0.0209736934111763,0.200091225244489,0.000164562178544521,-0.262933542005569,"OLS Loss at 6h | Full",-0.0520166351915041,0.0760416351915041,-0.262933542005569,-0.262734455740768,0.0209736934111763,0.000164562178544521
0.0169,10.7117339882777,0.0268,0.13,26.6041215518539,26,17.4503511718426,0.0125146925109505,18.8420833333333,0.103755848046971,-0.086855848046971,0.0122848242087656,0.20007138774014,0.000264035880396929,-0.437103333824132,"OLS Loss at 6h | Full",-0.0868558480469711,0.103755848046971,-0.437103333824132,-0.436815677749701,0.0122848242087656,0.000264035880396929
0.018225,9.97099184012495,0.0949,0.739999999999999,26.2318920613783,26,15.5193177228209,0.013052775474854,18.8413425925926,0.075076967074638,-0.056851967074638,0.00995032501985572,0.200089186526146,0.0000911955427468732,-0.285770845815788,"OLS Loss at 6h | Full",-0.0568519670746381,0.0750769670746381,-0.285770845815788,-0.285557377281883,0.00995032501985572,0.0000911955427468732
0.697225,13.4964917010849,0.0879,0,28.0285019476244,55,13.1312099887571,0.0339335415699065,26.1755555555556,0.0290744710195847,0.668150528980415,0.0435657399751863,0.198193855421092,0.0590939205935256,3.41702118630144,"OLS Loss at 6h | Full",0.668150528980415,0.0290744710195846,3.41702118630144,3.44712131925991,0.0435657399751863,0.0590939205935256
0.000000249999999999945,10.1279521742125,0.02459,0.1,25.8662713964723,21,14.6416370491535,0.0124585337879837,20.4609606481481,0.0924232150422477,-0.0924229650422477,0.0102399241328893,0.200067347561918,0.000248173836706145,-0.464639201627713,"OLS Loss at 6h | Full",-0.0924229650422478,0.0924232150422478,-0.464639201627713,-0.464342801092761,0.0102399241328893,0.000248173836706145
0.0000202499999999995,9.4012411792805,0.03075,0.109999999999999,24.4060704967609,27,16.9352523800663,0.0311364363194398,3.1330787037037,0.170497344702161,-0.170477094702161,0.0104627142557074,0.199982914572082,0.000863120505103741,-0.857138240223532,"OLS Loss at 6h | Full",-0.170477094702161,0.170497344702161,-0.857138240223532,-0.856953112264257,0.0104627142557074,0.000863120505103741
0.0225,8.77719916314222,0.08916,0.209999999999999,22.7638423151501,12,14.522615056414,0.0258323025968324,3.80342592592593,0.170837026207173,-0.148337026207173,0.00691172924585595,0.200012282637384,0.000428617080108397,-0.744486040843211,"OLS Loss at 6h | Full",-0.148337026207174,0.170837026207174,-0.744486040843211,-0.744215953682083,0.00691172924585595,0.000428617080108397
0.013225,9.29472079482251,0.10821,0.74,21.3744596121509,11,12.6311943572017,0.0316013644346687,3.83208333333333,0.151971327119326,-0.138746327119326,0.00931028044370684,0.200023379209367,0.000507562778209647,-0.69719390911631,"OLS Loss at 6h | Full",-0.138746327119327,0.151971327119327,-0.69719390911631,-0.696902314995451,0.00931028044370684,0.000507562778209647
0.36,10.2497836822793,0.16127,0.189999999999999,23.9377624681918,26,14.6657854485827,0.0178003423258175,10.132974537037,0.133798850387299,0.226201149612701,0.0050114627841616,0.199893086456695,0.000719908489614082,1.13419227821646,"OLS Loss at 6h | Full",0.226201149612701,0.133798850387299,1.13419227821646,1.1344568852295,0.0050114627841616,0.000719908489614082
0.000025,9.23212672205929,0.01728,0.03,23.6404622036907,16,14.6931991329877,0.0148650330083725,10.8987384259259,0.147685053575598,-0.147660053575598,0.00411990565338373,0.200013354740001,0.00025174365618175,-0.740048892320024,"OLS Loss at 6h | Full",-0.147660053575598,0.147685053575598,-0.740048892320024,-0.739776449544813,0.00411990565338373,0.00025174365618175
0.050625,9.79404063032483,0.03053,0.07,23.4286515916578,12,15.1409363390649,0.0179654812322973,25.1725578703704,0.117788985305664,-0.067163985305664,0.0158036680282184,0.200083819117452,0.000204562797767654,-0.338607445991949,"OLS Loss at 6h | Full",-0.0671639853056641,0.117788985305664,-0.338607445991949,-0.338363585571418,0.0158036680282184,0.000204562797767654
0.1369,9.39567393794614,0.0248,0.02,23.8182514325048,22,15.3747898286238,0.0162335494620455,18.8429398148148,0.131026924669338,0.00587307533066153,0.00772100307718769,0.200102331164515,0.000000751790087497941,0.0294882900053333,"OLS Loss at 6h | Full",0.00587307533066136,0.131026924669339,0.0294882900053333,0.0294643268623384,0.00772100307718769,0.000000751790087497941
0.5329,10.1996894298096,0.00783,0,26.1545963210739,30,15.6536420849123,0.013367427868495,18.841875,0.101985558291719,0.430914441708281,0.00775444190085063,0.199339443834135,0.00406493535257715,2.16362696203764,"OLS Loss at 6h | Full",0.430914441708281,0.101985558291719,2.16362696203764,2.17014236576325,0.00775444190085063,0.00406493535257715
0.16,9.95267446651375,0.01768,-0.01,24.8358944629194,21,16.4348751068281,0.0122422648540488,26.2152314814815,0.108531849033458,0.0514681509665421,0.0178313307871489,0.200091496425379,0.000136096846232818,0.259744550792525,"OLS Loss at 6h | Full",0.051468150966542,0.108531849033458,0.259744550792525,0.259547527385611,0.0178313307871489,0.000136096846232818
0.000000249999999999945,8.39605090729737,0.0389,0.149999999999999,25.0535022126784,17,15.1362786577984,0.010889812841118,13.3582523148148,0.128138839154861,-0.128138589154861,0.00965241695304318,0.200034989587705,0.000449138187968555,-0.644001727169559,"OLS Loss at 6h | Full",-0.128138589154862,0.128138839154862,-0.644001727169559,-0.643695016781298,0.00965241695304318,0.000449138187968555
0.000025,9.18124764527656,0.01149,0.029999999999999,23.7055399017113,24,16.8898975221927,0.0158186556184832,13.3805671296296,0.156120797903671,-0.156095797903671,0.00891408050569317,0.200002396865793,0.000614604433462597,-0.784217403695888,"OLS Loss at 6h | Full",-0.156095797903671,0.156120797903671,-0.784217403695888,-0.78397165110043,0.00891408050569317,0.000614604433462597
0.024025,9.61006028152468,0.08415,0.199999999999999,24.2178819639747,17,14.4628967133733,0.014938008064728,13.9790162037037,0.124336116336815,-0.100311116336815,0.00394039027925281,0.200061357032236,0.000111077483345395,-0.502698183432678,"OLS Loss at 6h | Full",-0.100311116336815,0.124336116336815,-0.502698183432678,-0.502392547406251,0.00394039027925281,0.000111077483345395
0.0000122499999999996,9.01145663314447,0.02036,0.099999999999999,25.0038824769775,24,16.0838573773796,0.0137466296479475,13.6197337962963,0.133100350720496,-0.133088100720496,0.0062871962844299,0.200029921280835,0.000313453430670011,-0.667743550012396,"OLS Loss at 6h | Full",-0.133088100720497,0.133100350720497,-0.667743550012396,-0.667442443469739,0.0062871962844299,0.000313453430670011
0.00002025,10.7791711851109,0.41258,-0.209999999999999,25.8916398575533,18,13.2838141262002,0.0135045323784255,10.9131018518519,0.11287923399312,-0.11285898399312,0.010441904484577,0.200050084002646,0.000377510226985667,-0.567435372778859,"OLS Loss at 6h | Full",-0.11285898399312,0.11287923399312,-0.567435372778859,-0.56712233324739,0.010441904484577,0.000377510226985667
0.0841,8.20313077663915,0.02147,0.08,24.7367653424493,22,15.8634346867476,0.0143516618260428,14.0764930555556,0.138372367555747,-0.0542723675557474,0.0101454029978065,0.200090362508648,0.0000847702285364152,-0.272831168133563,"OLS Loss at 6h | Full",-0.0542723675557475,0.138372367555748,-0.272831168133563,-0.272625763134172,0.0101454029978065,0.0000847702285364152
0.0484,9.31350934549886,0.03044,0.1,24.0473096726287,24,13.8521087418853,0.0231055043533749,14.9645486111111,0.124551631690718,-0.0761516316907181,0.00316934369610986,0.200078796433513,0.0000514096110891523,-0.381477947799321,"OLS Loss at 6h | Full",-0.0761516316907182,0.124551631690718,-0.381477947799321,-0.381212782179683,0.00316934369610986,0.0000514096110891523
0.00207025,8.9139708159798,0.02207,0.07,19.9757333445307,3,6.69598529480749,0.0216623436362062,11.687037037037,0.131839736214584,-0.129769486214584,0.0166422160185098,0.200032768510697,0.000805550052624782,-0.654512164194556,"OLS Loss at 6h | Full",-0.129769486214584,0.131839736214584,-0.654512164194556,-0.654207712093873,0.0166422160185098,0.000805550052624782
0.000000249999999999945,8.74404270858804,0.03619,0.06,21.1520259246303,8,9.58325386521916,0.0281579713965855,4.55986111111111,0.157645402634368,-0.157645152634368,0.00801038302453454,0.200000492871291,0.000562289012797084,-0.791640446835701,"OLS Loss at 6h | Full",-0.157645152634368,0.157645402634368,-0.791640446835701,-0.791399902073634,0.00801038302453454,0.000562289012797084
0.8464,8.87487874513683,0.03919,-0.019999999999999,21.8908767945762,11,12.4729364483099,0.0193745636938117,5.10487268518519,0.169463101250554,0.676936898749446,0.00640230827959525,0.198216713564638,0.00825983047823799,3.39659540420846,"OLS Loss at 6h | Full",0.676936898749446,0.169463101250554,3.39659540420846,3.42612046669666,0.00640230827959525,0.00825983047823799
0.0000490000000000001,10.0003586143483,0.025,0.14,18.7756335612419,2,6.48093783946942,0.0318919109230555,6.03335648148148,0.151122402619344,-0.151073402619344,0.0239380515214247,0.200007291441302,0.00159393049486316,-0.764804151919511,"OLS Loss at 6h | Full",-0.151073402619344,0.151122402619344,-0.764804151919511,-0.764545772503034,0.0239380515214247,0.00159393049486316
0.00489999999999999,8.51219933685527,0.07409,0.13,18.9170903371634,4,8.49732894317391,0.0291647237112984,5.06550925925926,0.172846850158705,-0.167946850158705,0.0157142735109017,0.199985818980504,0.00127161307367035,-0.846666129922373,"OLS Loss at 6h | Full",-0.167946850158705,0.172846850158705,-0.846666129922373,-0.846470970231815,0.0157142735109017,0.00127161307367035
0.000016,9.134681617165,0.07487,0.09,22.8264238172003,10,13.4048012268619,0.0792839504323425,7.14204861111111,0.16706724298233,-0.16705124298233,0.0350225282784917,0.199984750204943,0.00291723821101376,-0.850534709352576,"OLS Loss at 6h | Full",-0.167051242982331,0.167067242982331,-0.850534709352576,-0.850343202392469,0.0350225282784917,0.00291723821101376
0.000025,11.0568052112984,0.04317,0.069999999999999,19.9828736649515,5,9.33213703951305,0.0540275280321549,7.28216435185185,0.156795367912309,-0.156770367912309,0.0206785414748099,0.2000003168982,0.00147284363363728,-0.792322993246504,"OLS Loss at 6h | Full",-0.156770367912309,0.156795367912309,-0.792322993246504,-0.792082938013261,0.0206785414748099,0.00147284363363728
0.00007225,9.84272128966407,0.04648,0,21.1107602241033,5,11.8721935948751,0.042023696577321,7.91063657407407,0.167410412955746,-0.167338162955746,0.00721270394791537,0.199987655263653,0.000569554126823514,-0.839977800785874,"OLS Loss at 6h | Full",-0.167338162955746,0.167410412955746,-0.839977800785874,-0.839776471896384,0.00721270394791537,0.000569554126823514
0.00000625,8.50693184602906,0.12385,-0.18,20.5428873291615,18,9.45935793876734,0.0381971201069382,7.90700231481481,0.165264206480296,-0.165257956480296,0.00993890587553982,0.199990184509029,0.000769659562566183,-0.830677214595456,"OLS Loss at 6h | Full",-0.165257956480296,0.165264206480296,-0.830677214595456,-0.830467611973678,0.00993890587553982,0.000769659562566183
0.0000490000000000001,9.45986407446428,0.01744,0.03,20.0564357722493,5,8.76805607419626,0.046220088522451,6.03310185185185,0.162136871363528,-0.162087871363528,0.0111793664742578,0.1999943167625,0.000834915484033394,-0.815253507453465,"OLS Loss at 6h | Full",-0.162087871363528,0.162136871363528,-0.815253507453465,-0.815030956256634,0.0111793664742578,0.000834915484033394
0.000001,9.66767292671828,0.00669,-0.01,24.6851655647378,20,11.5340125144752,0.0130847753644204,10.0708796296296,0.1131150977959,-0.1131140977959,0.00493621584208252,0.200050138074951,0.00017729035018658,-0.567142499619894,"OLS Loss at 6h | Full",-0.1131140977959,0.1131150977959,-0.567142499619894,-0.566829468448518,0.00493621584208252,0.00017729035018658
0.6084,10.3140238257566,0.06683,-0.04,22.1362212567777,3,11.3955095047905,0.0179812625981198,17.1226041666667,0.126625856759473,0.481774143240527,0.0112855336064778,0.199144825015664,0.00744777626183594,2.42330992269834,"OLS Loss at 6h | Full",0.481774143240527,0.126625856759473,2.42330992269834,2.43298268497974,0.0112855336064778,0.00744777626183594
0.000016,10.5799151593798,0.02209,-0.04,22.5538859438481,6,12.5635651724796,0.0188913628408451,13.6157060185185,0.136987948983716,-0.136971948983716,0.00927583609795029,0.200025392337452,0.000492799377525073,-0.688265775911936,"OLS Loss at 6h | Full",-0.136971948983716,0.136987948983716,-0.688265775911936,-0.687970991830955,0.00927583609795029,0.000492799377525073
0.00000224999999999984,10.0366917736334,0.09067,0.139999999999999,26.1516271552268,31,14.7936164771294,0.0152758390391291,9.20722222222222,0.113643654601982,-0.113641404601982,0.00438188297001001,0.200049678349143,0.000158674706471898,-0.569627719133745,"OLS Loss at 6h | Full",-0.113641404601982,0.113643654601982,-0.569627719133745,-0.569314624574326,0.00438188297001001,0.000158674706471898
0.0529,9.16435041903324,0.46269,1.71,25.3844175459641,26,14.3750380315389,0.0113065362157179,13.344224537037,0.0566949519778793,-0.00379495197787927,0.0172474170034354,0.200102412991506,0.000000714837899350558,-0.0191463108129523,"OLS Loss at 6h | Full",-0.00379495197787948,0.0566949519778795,-0.0191463108129523,-0.0191307440753687,0.0172474170034354,0.000000714837899350558
0.0676,10.879035213658,0.00911,0.039999999999999,26.4083033168159,26,16.5636659720618,0.00898658304090996,12.9352662037037,0.114893992716411,-0.0472939927164107,0.00954678423375312,0.200093282170954,0.0000605007083720919,-0.237678508843748,"OLS Loss at 6h | Full",-0.0472939927164109,0.114893992716411,-0.237678508843748,-0.237496103569936,0.00954678423375312,0.0000605007083720919
0.0484,9.07576373807728,0.05918,0.28,23.3056116940565,15,9.50105949458546,0.0188059896791059,13.3129398148148,0.100304512467453,-0.0519045124674527,0.00743674189236256,0.200091426421112,0.0000565243889510334,-0.260571513708242,"OLS Loss at 6h | Full",-0.0519045124674529,0.100304512467453,-0.260571513708242,-0.260373954121909,0.00743674189236256,0.0000565243889510334
0.0196,10.1622864685804,0.16276,0.489999999999999,24.7207404561667,31,16.0068525918868,0.0183775663187466,12.9222569444444,0.117119472170741,-0.0975194721707409,0.00653884400152355,0.200063512242661,0.000175122199496604,-0.489346868680696,"OLS Loss at 6h | Full",-0.0975194721707412,0.117119472170741,-0.489346868680696,-0.489044081786678,0.00653884400152355,0.000175122199496604
0.2209,9.77502154328272,0.02679,0.089999999999999,23.6540874990632,26,16.469921546687,0.0235993484326641,12.9046180555556,0.150779303984265,0.070120696015735,0.00698698954025451,0.200082321074674,0.0000968349153219716,0.351940839836502,"OLS Loss at 6h | Full",0.0701206960157348,0.150779303984265,0.351940839836502,0.351690010019169,0.00698698954025451,0.0000968349153219716
0.172225,9.23341453509567,0.11217,0.62,25.4645095950131,22,14.2534052652925,0.0159907875921792,12.8949421296296,0.0971009320275926,0.0751240679724074,0.0059498532667974,0.200079366661527,0.0000944511362205297,0.376856375809111,"OLS Loss at 6h | Full",0.0751240679724073,0.0971009320275928,0.376856375809111,0.376593349350247,0.0059498532667974,0.0000944511362205297
0.0961,9.73976434277211,0.0685,-0.18,22.4653790756848,14,11.3373759183925,0.0248871652785523,13.3863078703704,0.137846566643649,-0.041746566643649,0.00398394662926767,0.200095351774541,0.0000194527805507294,-0.209212925156033,"OLS Loss at 6h | Full",-0.0417465666436492,0.137846566643649,-0.209212925156033,-0.209050203416185,0.00398394662926767,0.0000194527805507294
0.00697225,9.5008070092264,0.02251,0.05,24.6469107537636,19,10.9652048975416,0.011668174694763,12.8822453703704,0.101425132200223,-0.0944528822002234,0.00626755837602803,0.200065934206357,0.000157379878579285,-0.473894204924896,"OLS Loss at 6h | Full",-0.0944528822002236,0.101425132200224,-0.473894204924896,-0.473595246145921,0.00626755837602803,0.000157379878579285
0.000025,11.0694368556697,0.02052,-6.363,26.9863172195708,51,13.0224656040519,0.015978607015262,13.3899652777778,0.308697304664414,-0.308672304664414,0.218187308747291,0.199605902038929,0.0945319697351845,-1.74601199783086,"OLS Loss at 6h | Full",-0.308672304664414,0.308697304664414,-1.74601199783086,-1.74893201566714,0.218187308747291,0.0945319697351845
0.2809,9.54217526242367,0.08408,1.18,25.1641164123774,24,13.6749522394388,0.0185720792459729,12.8775694444444,0.0745954743425128,0.206304525657487,0.00827356103902677,0.19992774384642,0.00099514308011863,1.0361287548968,"OLS Loss at 6h | Full",0.206304525657487,0.0745954743425129,1.0361287548968,1.03619082930934,0.00827356103902677,0.00099514308011863
0.055225,8.91111957994417,0.04728,0.14,26.2287693933139,20,15.5729770100151,0.015022302822953,12.8765046296296,0.117507809680645,-0.0622828096806445,0.0107350691761089,0.200086514194655,0.000118270201551528,-0.313193547749725,"OLS Loss at 6h | Full",-0.0622828096806447,0.117507809680645,-0.313193547749725,-0.312963774527843,0.0107350691761089,0.000118270201551528
0.140625,10.5416824002162,0.05869,-0.069999999999999,23.9119877826671,16,14.5439528919661,0.0226203052710386,12.8691203703704,0.137992886731292,0.00263211326870771,0.00541886652316517,0.200102444281036,0.000000105486405578596,0.0132003480809283,"OLS Loss at 6h | Full",0.00263211326870749,0.137992886731293,0.0132003480809283,0.0131896135929905,0.00541886652316517,0.000000105486405578596
0.011236,9.68881206952445,0.03033,0.1,23.7716636140526,20,13.8314669089252,0.014393448831974,12.8707175925926,0.129800176769744,-0.118564176769744,0.00321423577919845,0.200045072003119,0.000126398052513877,-0.593954933342352,"OLS Loss at 6h | Full",-0.118564176769744,0.129800176769744,-0.593954933342352,-0.593642136596023,0.00321423577919845,0.000126398052513877
0.837225,10.6982969713837,0.03186,-0.01,25.8012148781233,39,11.4258538264246,0.0222712487744623,13.2508333333333,0.0855696041450801,0.75165539585492,0.00763916163405445,0.197771948786338,0.0121815723312618,3.77385220503553,"OLS Loss at 6h | Full",0.75165539585492,0.0855696041450802,3.77385220503553,3.81521729198227,0.00763916163405445,0.0121815723312618
0.034225,9.38941132068024,0.18057,0.399999999999999,25.1617160933444,27,13.4993153875652,0.0133764301512562,13.9122453703704,0.098277996124509,-0.064052996124509,0.00388692356554313,0.200085710173742,0.0000446711302279569,-0.320985966506021,"OLS Loss at 6h | Full",-0.0640529961245092,0.0982779961245093,-0.320985966506021,-0.320751765304681,0.00388692356554313,0.0000446711302279569
0.1764,11.088840476091,0.17201,0.189999999999999,24.5302956853883,16,13.0624847487502,0.0132035726987764,22.1264236111111,0.0851931013266802,0.0912068986733199,0.0138726501011262,0.200068139861451,0.000329843649207181,0.459369444001837,"OLS Loss at 6h | Full",0.0912068986733197,0.0851931013266803,0.459369444001837,0.459074587116086,0.0138726501011262,0.000329843649207181
0.7569,9.6938690285445,0.01964,0,25.9465627382224,27,17.3217726043593,0.0125538296584778,13.908599537037,0.13068768207631,0.62621231792369,0.00790536501939668,0.198487387218124,0.00875423625031297,3.14445926326304,"OLS Loss at 6h | Full",0.626212317923689,0.130687682076311,3.14445926326304,3.16746730457031,0.00790536501939668,0.00875423625031297
0.000625000000000001,10.5154228409552,0.03177,0.03,25.2928386341755,19,10.1703124773136,0.0115864460071542,14.0935185185185,0.0816543369672655,-0.0810293369672655,0.0117136807148021,0.200075434271162,0.000218862678739398,-0.407663482957137,"OLS Loss at 6h | Full",-0.0810293369672657,0.0816543369672657,-0.407663482957137,-0.407386961559942,0.0117136807148021,0.000218862678739398
0.001024,8.99409472345942,0.07581,0.09,22.6308054135485,10,9.28214636625359,0.022342427521114,14.4266550925926,0.112550441533634,-0.111526441533634,0.00853334640430116,0.200051412468929,0.000300108411133379,-0.560195617026843,"OLS Loss at 6h | Full",-0.111526441533634,0.112550441533634,-0.560195617026843,-0.559882853486404,0.00853334640430116,0.000300108411133379
0.013225,10.2127506916875,0.23447,0.549999999999999,23.3295990682752,10,13.1539471137867,0.0197070790606513,20.8791319444444,0.0954313827944319,-0.0822063827944319,0.0111375660592977,0.200074659198062,0.000213938496013652,-0.413464775873552,"OLS Loss at 6h | Full",-0.082206382794432,0.095431382794432,-0.413464775873552,-0.413185920055771,0.0111375660592977,0.000213938496013652
0.000000249999999999945,9.83865087858209,0.04067,0.06,24.8287955404752,24,14.4289613924485,0.0136313623939745,14.1193402777778,0.119352028274578,-0.119351778274578,0.00339823085456195,0.20004429601363,0.000135464869935308,-0.597955664545426,"OLS Loss at 6h | Full",-0.119351778274578,0.119352028274578,-0.597955664545426,-0.597643079180088,0.00339823085456195,0.000135464869935308
0.0225,9.60859869293234,0.06822,0.209999999999999,26.3035149287772,22,15.3483201398292,0.0165945905578706,14.2117361111111,0.106056121732662,-0.0835561217326624,0.0081790746920307,0.20007382401916,0.000161344257768087,-0.419626162823278,"OLS Loss at 6h | Full",-0.0835561217326626,0.106056121732663,-0.419626162823278,-0.419344902026658,0.0081790746920307,0.000161344257768087
0.0841,9.41674144866083,0.0734,0.11,22.8215375005023,23,14.2413090348534,0.0289569554026646,14.8520023148148,0.141672297034078,-0.057572297034078,0.00473084960511262,0.200088919160023,0.0000439991712148009,-0.288631816866736,"OLS Loss at 6h | Full",-0.0575722970340782,0.141672297034078,-0.288631816866736,-0.288416596602638,0.00473084960511262,0.0000439991712148009
0.255025,8.44536059558315,0.64611,0.64,21.5694196133591,16,12.3313495113373,0.0208705225039306,15.2380324074074,0.125448005087282,0.129576994912718,0.0125760452931729,0.200033261419099,0.000601938203024815,0.652194288893593,"OLS Loss at 6h | Full",0.129576994912717,0.125448005087283,0.652194288893593,0.65188930862763,0.0125760452931729,0.000601938203024815
0.632025,10.3964413320747,0.01104,0.04,25.8316953257529,24,16.7744225569584,0.0117900602310783,21.0859722222222,0.107219892163393,0.524805107836607,0.0117820932809799,0.198965032225905,0.00923575598421498,2.64041755110889,"OLS Loss at 6h | Full",0.524805107836607,0.107219892163393,2.64041755110889,2.65335242038009,0.0117820932809799,0.00923575598421498
0.081225,9.22275784672745,0.04573,0.12,25.1187785163292,20,14.973653546961,0.0162736515196692,12.806412037037,0.125116950206775,-0.0438919502067752,0.00495068454323161,0.200094593415069,0.0000267734984870079,-0.220071342285894,"OLS Loss at 6h | Full",-0.0438919502067754,0.125116950206775,-0.220071342285894,-0.219901008503335,0.00495068454323161,0.0000267734984870079
0.2704,8.04235484992128,0.08725,0.17,24.2536575731346,19,15.4948824913062,0.022133071235936,14.183125,0.140243288985906,0.130156711014094,0.0106436921272402,0.200032777051228,0.000512011017256831,0.654472072739088,"OLS Loss at 6h | Full",0.130156711014094,0.140243288985906,0.654472072739088,0.65416761135718,0.0106436921272402,0.000512011017256831
0.000132249999999999,8.72979047705539,0.06695,0.049999999999999,23.9139629145309,16,9.96122418459237,0.0166261536763351,6.16898148148148,0.122696110059751,-0.122563860059751,0.00861878670538513,0.200040798888677,0.000366141493772898,-0.615662930312657,"OLS Loss at 6h | Full",-0.122563860059751,0.122696110059751,-0.615662930312657,-0.615351845783371,0.00861878670538513,0.000366141493772898
0.1089,8.50237075749664,0.01622,0.02,25.1751984198444,30,11.0792401438569,0.0121518040779048,6.14613425925926,0.11541756386046,-0.0065175638604605,0.0093569118864143,0.200102298125819,0.00000112571389696583,-0.0327512292854782,"OLS Loss at 6h | Full",-0.00651756386046075,0.115417563860461,-0.0327512292854782,-0.0327246199750897,0.0093569118864143,0.00000112571389696583
0.042025,9.31168308965253,0.00839,0.05,24.3032603520389,15,13.6518761199967,0.0154373113797931,12.7273611111111,0.127700270742469,-0.0856752707424694,0.0042396088223306,0.200072471481697,0.0000872341208975865,-0.429416748419986,"OLS Loss at 6h | Full",-0.0856752707424697,0.12770027074247,-0.429416748419986,-0.429131826348492,0.0042396088223306,0.0000872341208975865
0.342225,8.37316035121705,0.17077,0.279999999999999,24.2147631407347,15,13.9113523577973,0.013796096025808,6.1068287037037,0.141390125366971,0.200834874633028,0.00767033342351023,0.199936990508405,0.000873252577880897,1.00835175634501,"OLS Loss at 6h | Full",0.200834874633028,0.141390125366972,1.00835175634501,1.00836552971413,0.00767033342351023,0.000873252577880897
0.0000202499999999995,8.67942833004919,0.03354,0.03,23.0355614441884,7,9.69619716531967,0.0131152790156354,6.32016203703704,0.132368158926234,-0.132347908926234,0.0109814664941813,0.200030385595867,0.000546568971622963,-0.665603789768084,"OLS Loss at 6h | Full",-0.132347908926234,0.132368158926234,-0.665603789768084,-0.66530210379274,0.0109814664941813,0.000546568971622963
0.0484,8.31807757794263,0.0835,0.02,21.7114520141667,3,7.49762311008808,0.0127346667342979,6.08708333333333,0.134227212353157,-0.0858272123531574,0.0169480886121191,0.200071975718909,0.000359068378871806,-0.432949954317201,"OLS Loss at 6h | Full",-0.0858272123531576,0.134227212353158,-0.432949954317201,-0.432663760034673,0.0169480886121191,0.000359068378871806
0.36,9.32658509036237,0.06199,0.15,23.6254294495181,23,16.1855889360232,0.022417946123546,6.06703703703704,0.165026639659138,0.194973360340862,0.00716952928711537,0.199946591397959,0.000768511421856042,0.978675339449797,"OLS Loss at 6h | Full",0.194973360340862,0.165026639659138,0.978675339449797,0.978641713499779,0.00716952928711537,0.000768511421856042
0.0000202499999999995,8.37264630861085,0.02097,0.01,22.0169238215437,7,12.1927683628697,0.0125621187171616,6.97881944444444,0.162528495028079,-0.162508245028079,0.00821217481324521,0.199994080225117,0.000612816945116829,-0.816144260924697,"OLS Loss at 6h | Full",-0.162508245028079,0.162528495028079,-0.816144260924697,-0.815922431574591,0.00821217481324521,0.000612816945116829
0.4225,10.3962432145854,0.02721,0.29,25.9858079049305,22,15.14190588138,0.0193197079859765,6.74715277777778,0.119257511631996,0.303242488368004,0.00854136093023142,0.199724670102469,0.00222084014718836,1.52318855637644,"OLS Loss at 6h | Full",0.303242488368004,0.119257511631996,1.52318855637644,1.52482863337016,0.00854136093023142,0.00222084014718836
0.172225,10.125190005006,0.02379,0.34,24.5918960745247,13,13.0838720306987,0.0157175928080436,6.69590277777778,0.120407670990764,0.0518173290092359,0.00813066977462996,0.200091455796984,0.000061677501183654,0.260224815520915,"OLS Loss at 6h | Full",0.0518173290092357,0.120407670990764,0.260224815520915,0.260027480618298,0.00813066977462996,0.000061677501183654
0.2601,10.8185792263274,0.00811,0.02,21.286589598984,14,13.660432771423,0.0387454491146562,7.01201388888889,0.172999024748029,0.0871009752519706,0.0129816905998308,0.200071189948683,0.000280986979911665,0.438491652715004,"OLS Loss at 6h | Full",0.0871009752519704,0.17299902474803,0.438491652715004,0.438203516203016,0.0129816905998308,0.000280986979911665
0.286225,8.19126896795103,0.06174,0.109999999999999,23.4614695356568,22,16.3712440379147,0.0299876372150364,6.71402777777778,0.174983098382696,0.111241901617304,0.010413906533972,0.200051576161557,0.000365765417920705,0.559297051262605,"OLS Loss at 6h | Full",0.111241901617303,0.174983098382697,0.559297051262605,0.558984332011088,0.010413906533972,0.000365765417920705
0.000400000000000001,9.87889839840375,0.04459,0.1,24.62579021643,26,18.2599870917397,0.0162275831264693,7.8871875,0.162479548172268,-0.162079548172268,0.0116928651458862,0.199994271668397,0.000874083332993594,-0.815423398168598,"OLS Loss at 6h | Full",-0.162079548172268,0.162479548172268,-0.815423398168598,-0.815200984403324,0.0116928651458862,0.000874083332993594
0.000016,8.54685191817972,0.10656,0.73,22.2775625829987,3,12.8392247594802,0.0124220498323212,7.039375,0.138070152102996,-0.138054152102996,0.0109150550239333,0.200024039479181,0.000591040195329009,-0.694278304814685,"OLS Loss at 6h | Full",-0.138054152102996,0.138070152102996,-0.694278304814685,-0.693985639294026,0.0109150550239333,0.000591040195329009
0.616225,10.5807766179015,0.34654,1.4,21.8824925399247,16,14.3983628022989,0.0255790773885867,18.6692592592593,0.0929516326915502,0.52327336730845,0.0224445444841577,0.198959311765936,0.0178749393009711,2.64702989757648,"OLS Loss at 6h | Full",0.52327336730845,0.0929516326915503,2.64702989757648,2.66007363938545,0.0224445444841577,0.0178749393009711
0.075625,9.35518860694567,0.14182,0.05,23.074031476731,14,10.1465853740599,0.0193751968123223,6.69914351851852,0.130127953012107,-0.0545029530121067,0.00590544967748172,0.200090311475853,0.0000493397538632771,-0.27340541005261,"OLS Loss at 6h | Full",-0.054502953012107,0.130127953012107,-0.27340541005261,-0.273199642405882,0.00590544967748172,0.0000493397538632771
0.030625,9.19093200612674,0.01768,0.25,25.6116748697276,26,10.6940731508559,0.0129418981228723,6.69490740740741,0.0959391689472128,-0.0653141689472128,0.00898381462307877,0.200084953913553,0.000108460954566862,-0.328146630150941,"OLS Loss at 6h | Full",-0.065314168947213,0.095939168947213,-0.328146630150941,-0.327908443699253,0.00898381462307877,0.000108460954566862
0.1444,9.88484657900587,0.02,0.23,25.925512294409,43,14.031541864621,0.0352674261238896,6.99634259259259,0.114298905940116,0.0301010940598844,0.00897917965849261,0.200098751840132,0.0000230247535504086,0.151231342912108,"OLS Loss at 6h | Full",0.0301010940598842,0.114298905940116,0.151231342912108,0.151111150403104,0.00897917965849261,0.0000230247535504086
0.000025,8.96395434128251,0.02925,0.09,24.3291711974113,17,16.9999391130987,0.0190562415917754,6.725625,0.1661719569953,-0.1661469569953,0.00893404410569243,0.199989087926646,0.00069789017481887,-0.83472232626534,"OLS Loss at 6h | Full",-0.1661469569953,0.1661719569953,-0.83472232626534,-0.834516278754868,0.00893404410569243,0.00069789017481887
0.000000249999999999945,7.98726172386405,0.01551,0.05,21.0405053075125,6,7.98382102300369,0.014796493566704,6.96412037037037,0.143475902772813,-0.143475652772813,0.0148460093877687,0.200017418816476,0.000875219998474639,-0.722981302797853,"OLS Loss at 6h | Full",-0.143475652772814,0.143475902772814,-0.722981302797853,-0.722700458743052,0.0148460093877687,0.000875219998474639
0.133225,9.77565892851497,0.0092,0.1,23.726380934389,11,9.6198613065892,0.0125907500462595,7.00261574074074,0.114071628872834,0.0191533711271662,0.0109460124748742,0.20010096316995,0.0000114094764161688,0.0963243621721557,"OLS Loss at 6h | Full",0.0191533711271659,0.114071628872834,0.0963243621721557,0.0962467438528161,0.0109460124748742,0.0000114094764161688
0.0196,10.0253916678889,0.12142,0.189999999999999,26.2693315504079,28,11.1616133474804,0.0170209011621651,6.6887037037037,0.0906434516795075,-0.0710434516795075,0.00948646341580147,0.200081734986655,0.000135640986061514,-0.357021823059142,"OLS Loss at 6h | Full",-0.0710434516795077,0.0906434516795077,-0.357021823059142,-0.356768417060565,0.00948646341580147,0.000135640986061514
0.000000249999999999945,8.18673325186071,0.01049,0.01,24.0925338592022,32,11.2902460637342,0.014608114287663,7.05675925925926,0.128747890992552,-0.128747640992552,0.00975645011238286,0.200034339291823,0.000458401119155898,-0.647096701945974,"OLS Loss at 6h | Full",-0.128747640992552,0.128747890992552,-0.647096701945974,-0.646790620212561,0.00975645011238286,0.000458401119155898
0.0529,9.08110520784577,0.03706,0.1,25.623897763595,28,15.1765148671249,0.0124472819002405,6.68194444444444,0.134137264942404,-0.0812372649424036,0.00605359445485183,0.200075450091607,0.00011239766775461,-0.407544209333622,"OLS Loss at 6h | Full",-0.0812372649424038,0.134137264942404,-0.407544209333622,-0.40726773663704,0.00605359445485183,0.00011239766775461
0.0361,9.69254253212445,0.01865,0.09,26.5972153173099,24,15.8670625892285,0.00997872397320835,3.6900462962963,0.133219667658827,-0.0971196676588266,0.0117198636880271,0.200063628477041,0.000314583635898074,-0.488616435888162,"OLS Loss at 6h | Full",-0.0971196676588269,0.133219667658827,-0.488616435888162,-0.48831381725051,0.0117198636880271,0.000314583635898074
0.2209,9.41952435293292,0.04726,-0.02,21.117092136394,26,14.2339049917797,0.0366507367595099,9.00042824074074,0.17951839899587,0.0413816010041302,0.0131112978367307,0.20009541102667,0.000064074205729317,0.208340699288228,"OLS Loss at 6h | Full",0.04138160100413,0.17951839899587,0.208340699288228,0.208178594302944,0.0131112978367307,0.000064074205729317
0.060025,9.40349378070538,0.22142,0.549999999999999,22.4764883512047,4,10.752825183854,0.0190443142232754,10.6202083333333,0.115779112245272,-0.0557541122452723,0.00822153588198157,0.200089716991599,0.0000722165512163663,-0.280008029557657,"OLS Loss at 6h | Full",-0.0557541122452725,0.115779112245272,-0.280008029557657,-0.279798124015952,0.00822153588198157,0.0000722165512163663
0.038025,9.6241952597192,0.0474,0.07,25.1810956666626,28,14.5562667859487,0.0199353055142827,7.57353009259259,0.13238356979297,-0.0943585697929697,0.00346167558813364,0.200066109827361,0.0000862621699934223,-0.472754056601852,"OLS Loss at 6h | Full",-0.0943585697929699,0.13238356979297,-0.472754056601852,-0.472455402363013,0.00346167558813364,0.0000862621699934223
0.00902499999999999,9.04224170489035,0.00593,0.02,21.974904811563,21,11.4059971417666,0.0284427692276276,13.9605902777778,0.137695147670404,-0.128670147670404,0.0052460435840555,0.200034729910234,0.000243958226633184,-0.645239400430801,"OLS Loss at 6h | Full",-0.128670147670404,0.137695147670404,-0.645239400430801,-0.644932937818175,0.0052460435840555,0.000243958226633184
0.034225,11.8552498032995,0.07799,0.81,28.8105525619221,69,13.1582924737961,0.01765836145203,8.91512731481481,0.0327158404637408,0.0015091595362592,0.030337456123371,0.200102463070056,0.000000204252579884812,0.00766524003964049,"OLS Loss at 6h | Full",0.00150915953625896,0.0327158404637411,0.00766524003964049,0.00765900596767715,0.030337456123371,0.000000204252579884812
0.0196,11.0638941559337,0.1347,0.389999999999999,28.5274078797446,69,12.9106027626992,0.0177808134238258,9.9202662037037,0.0505722614642395,-0.0309722614642395,0.0250833448677352,0.200098468280255,0.0000703648276551612,-0.156888130934958,"OLS Loss at 6h | Full",-0.0309722614642397,0.0505722614642397,-0.156888130934958,-0.156763664791075,0.0250833448677352,0.0000703648276551612
0.0441,8.90194775906377,0.08582,0.169999999999999,25.2381342016612,23,13.9294774115294,0.0107973975977383,3.67717592592593,0.135175472811441,-0.0910754728114411,0.00782317437965276,0.200068447490929,0.000183217539631209,-0.457306961062684,"OLS Loss at 6h | Full",-0.0910754728114413,0.135175472811441,-0.457306961062684,-0.45701272531572,0.00782317437965276,0.000183217539631209
0.164025,8.82875105470641,0.05826,0.079999999999999,21.268061394176,11,12.5968536978256,0.0176818144080267,2.61498842592593,0.179289068094315,-0.0152640680943153,0.0110502666942217,0.200101513854002,0.00000731685146496756,-0.0767686852873421,"OLS Loss at 6h | Full",-0.0152640680943156,0.179289068094316,-0.0767686852873421,-0.0767066138635657,0.0110502666942217,0.00000731685146496756
0.000004,9.47262380133045,0.0094,0,23.3885331032522,14,11.4806823894791,0.0110903678234771,7.91579861111111,0.13350052519868,-0.13349652519868,0.00582170235807795,0.200029509406051,0.000291756599648923,-0.66963591659849,"OLS Loss at 6h | Full",-0.13349652519868,0.13350052519868,-0.66963591659849,-0.669335334933838,0.00582170235807795,0.000291756599648923
0.1936,10.5019780218397,0.11573,0.12,20.1956442435307,7,13.3174884969144,0.0564558900483684,6.91681712962963,0.185220199406676,0.00837980059332391,0.0163392297850533,0.200102182111784,0.00000329585100881916,0.042258290632468,"OLS Loss at 6h | Full",0.00837980059332375,0.185220199406676,0.042258290632468,0.0422239816237725,0.0163392297850533,0.00000329585100881916
0.3136,9.82177348145009,0,0.009999999999999,22.1999350781895,2,11.0249051302202,0.0174050817315228,16.6243634259259,0.124963690527907,0.188636309472093,0.0103447039408808,0.199956095008448,0.00104462416249357,0.948384029091741,"OLS Loss at 6h | Full",0.188636309472093,0.124963690527907,0.948384029091741,0.948306370201386,0.0103447039408808,0.00104462416249357
0.011025,9.30094581794697,2.76375,3.89,25.8345326992355,37,7.92822582976596,0.0159727615687922,7.90376157407407,-0.0660715240928747,0.0770965240928747,0.126003500453547,0.200074794347492,0.00272516087500653,0.412459080060099,"OLS Loss at 6h | Full",0.0770965240928743,-0.0660715240928744,0.412459080060099,0.412180624094533,0.126003500453547,0.00272516087500653
0.5329,9.99158790172608,0.01517,0.22,24.2197166300192,20,10.5513116765567,0.0183410305862417,7.04668981481481,0.109157165131375,0.423742834868625,0.00641946533216277,0.199365670046312,0.00324531434097529,2.12618841547243,"OLS Loss at 6h | Full",0.423742834868624,0.109157165131375,2.12618841547243,2.13231054052365,0.00641946533216277,0.00324531434097529
0.034225,10.4484559322337,0.06686,0.86,24.6368521250288,28,10.6687752381753,0.0191174469168762,7.05990740740741,0.0785006725213282,-0.0442756725213282,0.00990894869785068,0.200094414891164,0.0000550765803404715,-0.222550470159716,"OLS Loss at 6h | Full",-0.0442756725213284,0.0785006725213285,-0.222550470159716,-0.222378415953841,0.00990894869785068,0.0000550765803404715
0.01,8.31305078183366,0.00865,0.11,20.9071489012277,12,9.64894100927304,0.0405961613683343,9.09766203703704,0.152024275007175,-0.142024275007175,0.00813326242803501,0.200019695406038,0.000463492402488217,-0.713241878203117,"OLS Loss at 6h | Full",-0.142024275007175,0.152024275007175,-0.713241878203117,-0.712956702612123,0.00813326242803501,0.000463492402488217
0.112225,8.31276789094903,0.03464,0.169999999999999,23.0492877983164,14,15.489070444971,0.0206135625303834,6.70587962962963,0.17035070959075,-0.05812570959075,0.00805719626305173,0.200088611004415,0.000076896494294534,-0.291894471396419,"OLS Loss at 6h | Full",-0.0581257095907502,0.17035070959075,-0.291894471396419,-0.291677267522142,0.00805719626305173,0.000076896494294534
0.000025,9.39517123499293,0.05433,0.019999999999999,21.2313825892709,16,12.7449508753802,0.0330157421091877,7.03578703703704,0.171914693406886,-0.171889693406886,0.00614325457560592,0.199981452834461,0.000510751830998947,-0.862360507175265,"OLS Loss at 6h | Full",-0.171889693406886,0.171914693406886,-0.862360507175265,-0.862180553238132,0.00614325457560592,0.000510751830998947
0.030625,8.8923811244055,0.07181,0.04,23.8673176795407,22,13.3895356254121,0.0137864677851383,6.72009259259259,0.144947937657946,-0.114322937657946,0.00445987680174728,0.20004903894076,0.000163467492950157,-0.573066351264085,"OLS Loss at 6h | Full",-0.114322937657946,0.144947937657946,-0.573066351264085,-0.572753197329722,0.00445987680174728,0.000163467492950157
0.021025,9.30916338020406,0.05562,0.099999999999999,24.4306583765761,20,12.0002217659285,0.0155550615881532,6.69928240740741,0.125198984646719,-0.104173984646719,0.00447434850118532,0.200058105285386,0.000136176690472316,-0.522196511139228,"OLS Loss at 6h | Full",-0.104173984646719,0.125198984646719,-0.522196511139228,-0.521887502930776,0.00447434850118532,0.000136176690472316
0.0441,10.3743058274617,0.02,0.13,24.901958238156,43,12.4441614814362,0.0208232649063493,6.67351851851852,0.113515146149611,-0.0694151461496114,0.00972253281606561,0.200082670026914,0.000132780234982397,-0.348880511929388,"OLS Loss at 6h | Full",-0.0694151461496116,0.113515146149612,-0.348880511929388,-0.348631255193479,0.00972253281606561,0.000132780234982397
0.00855625,11.1880246468679,0.00803,0.03,24.2770288054552,25,13.9742065791334,0.0307053078184508,6.67935185185185,0.137057572649247,-0.128501322649247,0.00924285619243294,0.20003463498053,0.000432161716256872,-0.645691261277848,"OLS Loss at 6h | Full",-0.128501322649247,0.137057572649247,-0.645691261277848,-0.645384890327397,0.00924285619243294,0.000432161716256872
0.070225,10.0901565661384,0.06137,0.01,25.2992684242629,39,11.7551081168742,0.0184749721486467,8.09993055555556,0.106787598287079,-0.0365625982870794,0.00634903173244978,0.200096997487084,0.0000238931386994791,-0.183451403212669,"OLS Loss at 6h | Full",-0.0365625982870796,0.10678759828708,-0.183451403212669,-0.183307210646916,0.00634903173244978,0.0000238931386994791
0.0225,10.6214639466244,0.01242,0.029999999999999,24.3352616193343,20,14.8966777282271,0.0111357243219955,6.71506944444444,0.143190243554955,-0.120690243554955,0.00936756909887185,0.200042625142459,0.000386460822930238,-0.606480455826698,"OLS Loss at 6h | Full",-0.120690243554955,0.143190243554955,-0.606480455826698,-0.606168477094905,0.00936756909887185,0.000386460822930238
0.011025,10.3811976015897,0.08035,2.42,26.024133108554,54,15.0801545891831,0.0190355376540351,13.7306481481481,0.0184727008824169,-0.00744770088241694,0.0410388262270929,0.200102237236127,0.0000068801302469206,-0.0380384341753776,"OLS Loss at 6h | Full",-0.00744770088241717,0.0184727008824172,-0.0380384341753776,-0.038007540748109,0.0410388262270929,0.0000068801302469206
0.0529,9.55714888073651,0.06411,0.429999999999999,25.0272794686208,31,15.7519191520501,0.0172218971885847,6.67076388888889,0.131079359709662,-0.078179359709662,0.00624630252405405,0.200077441421097,0.000107450648907096,-0.392241596230157,"OLS Loss at 6h | Full",-0.0781793597096622,0.131079359709662,-0.392241596230157,-0.391971603376169,0.00624630252405405,0.000107450648907096
0.0225,9.9564574007865,0.26999,0.08,26.5173961988158,29,16.6227647497754,0.0320234398924054,6.67550925925926,0.13466985190134,-0.11216985190134,0.0112269528351869,0.200050680822372,0.000401587583794715,-0.564194377495358,"OLS Loss at 6h | Full",-0.11216985190134,0.13466985190134,-0.564194377495358,-0.563881443681234,0.0112269528351869,0.000401587583794715
0.7225,9.35085263635459,0.14567,-0.149999999999999,23.1154292348585,10,12.3745335263816,0.0157460721549979,7.67913194444444,0.151187575024988,0.571312424975012,0.0052883697785689,0.198762623996314,0.00484879794059602,2.8650089864562,"OLS Loss at 6h | Full",0.571312424975012,0.151187575024988,2.8650089864562,2.88197593363505,0.0052883697785689,0.00484879794059602
0.00255025,10.7468071119318,0.04963,0.469999999999999,29.004852478312,59,12.2605116542889,0.0115797097081508,7.98373842592593,0.0445372038994907,-0.0419869538994907,0.0197300352978931,0.200095153824016,0.000100606150376772,-0.212100863860935,"OLS Loss at 6h | Full",-0.041986953899491,0.044537203899491,-0.212100863860935,-0.211936105602947,0.0197300352978931,0.000100606150376772
0.02907025,8.73780225266222,1.22953,3.66,24.6569714720266,24,14.1815204941859,0.0148770979601927,13.1489814814815,-0.00448197760358614,0.0335522276035861,0.0746286998241912,0.200097521761946,0.000272694178512454,0.17444730453317,"OLS Loss at 6h | Full",0.0335522276035859,-0.00448197760358587,0.17444730453317,0.174309732467783,0.0746286998241912,0.000272694178512454
0.133225,10.2593444506866,1.92037,-5.09,25.8561263706052,26,15.8589310753295,0.0161060559635847,5.70247685185185,0.320942361237205,-0.187717361237205,0.153083855277194,0.199933077268479,0.0209033924087262,-1.02019960694099,"OLS Loss at 6h | Full",-0.187717361237205,0.320942361237205,-1.02019960694099,-1.02023351052686,0.153083855277194,0.0209033924087262
0.783225,9.86528329796175,0.26922,-0.24,25.090102091028,24,13.3460884471039,0.0321740314129689,6.10787037037037,0.140870673254032,0.642354326745968,0.00643010946558382,0.198405222687996,0.00747016431481197,3.22311914560216,"OLS Loss at 6h | Full",0.642354326745968,0.140870673254032,3.22311914560216,3.24804728232862,0.00643010946558382,0.00747016431481197
0.0000122499999999996,9.3637962140596,0.1571,0.43,26.231268621686,28,14.8409841969828,0.0145352585375803,5.97740740740741,0.113567200189663,-0.113554950189663,0.00706517248706677,0.200049616185133,0.000256834137532947,-0.569962937757334,"OLS Loss at 6h | Full",-0.113554950189663,0.113567200189663,-0.569962937757334,-0.569649835960398,0.00706517248706677,0.000256834137532947
0.6084,9.16664354178127,0.01001,0,24.6979802639235,37,16.6063363209169,0.0207475951401483,6.10444444444444,0.159136817948269,0.449263182051731,0.0107851491967128,0.199270394507715,0.00618309450440623,2.25920911786022,"OLS Loss at 6h | Full",0.449263182051731,0.159136817948269,2.25920911786022,2.26679754894919,0.0107851491967128,0.00618309450440623
0.070225,8.84458503721956,0.0048,0.03,22.7996972141737,33,12.031417375553,0.0463174822215146,3.50648148148148,0.158506408793922,-0.0882814087939224,0.0116151479019351,0.20007038065457,0.000257555256268491,-0.444126954523492,"OLS Loss at 6h | Full",-0.0882814087939226,0.158506408793923,-0.444126954523492,-0.443836910341762,0.0116151479019351,0.000257555256268491
0.00639999999999999,8.90024156427937,0.07283,0.24,25.3740278243451,29,15.8977430575943,0.0170328806556263,5.23986111111111,0.141878762027326,-0.135478762027326,0.00761170456474116,0.20002719053557,0.000394294228947063,-0.680191687127187,"OLS Loss at 6h | Full",-0.135478762027327,0.141878762027327,-0.680191687127187,-0.679894249029873,0.00761170456474116,0.000394294228947063
0.00489999999999999,9.76133516154893,0.01966,0.03,24.5142622520776,33,11.633876949104,0.0206707252762889,5.49421296296296,0.123081747177743,-0.118181747177743,0.00564826755528199,0.200045302127441,0.000221766186630358,-0.592763298438981,"OLS Loss at 6h | Full",-0.118181747177743,0.123081747177743,-0.592763298438981,-0.592450447715177,0.00564826755528199,0.000221766186630358
0.483025,9.27824193197264,0.08125,0.109999999999999,22.7325834165117,33,14.4502152653387,0.0340731048521084,5.15618055555556,0.166013429812563,0.317011570187437,0.010732984704043,0.199688630021167,0.00306339503504686,1.5941135965386,"OLS Loss at 6h | Full",0.317011570187437,0.166013429812563,1.5941135965386,1.59611805893342,0.010732984704043,0.00306339503504686
0.000000249999999999945,8.79306329209321,0.07467,0.01,24.6018730401074,8,12.5192384905398,0.0165998295038606,5.41946759259259,0.13834524669926,-0.13834499669926,0.0120772455415366,0.200023615912843,0.000658276207733118,-0.696150084577744,"OLS Loss at 6h | Full",-0.13834499669926,0.13834524669926,-0.696150084577744,-0.695858103561774,0.0120772455415366,0.000658276207733118
0.011025,8.42605852461155,0.02116,0.03,24.1340750851466,21,12.6447803568466,0.0153216895807653,5.15548611111111,0.14316534090944,-0.13214034090944,0.00647608119074482,0.200030937505103,0.000318409342079361,-0.663051369670215,"OLS Loss at 6h | Full",-0.13214034090944,0.14316534090944,-0.663051369670215,-0.66274901197465,0.00647608119074482,0.000318409342079361
0.632025,8.90381238386566,0.14116,-0.06,22.9206122891223,21,15.3821030341025,0.0213532265475546,5.51648148148148,0.177941167922564,0.454083832077436,0.00774010124416733,0.199255018047763,0.00450533577627371,2.2799442938556,"OLS Loss at 6h | Full",0.454083832077436,0.177941167922564,2.2799442938556,2.28777890578818,0.00774010124416733,0.00450533577627371
0.580644,10.0537164631841,0.35196,-1.28,19.9787617422279,7,6.90049275007374,0.0393740104720402,7.54538194444444,0.1886135986522,0.3920304013478,0.0243078839170506,0.19946041622332,0.010907378435813,1.98501716444474,"OLS Loss at 6h | Full",0.3920304013478,0.1886135986522,1.98501716444474,1.98978717962194,0.0243078839170506,0.010907378435813
0.000225,10.9927170236219,0.14092,-0.47,23.5464835910807,26,12.3022532767325,0.041561219223106,18.7846759259259,0.125698929088337,-0.125473929088337,0.0122784907204626,0.200037595432776,0.000550734500985383,-0.631447370627571,"OLS Loss at 6h | Full",-0.125473929088337,0.125698929088337,-0.631447370627571,-0.631138417534332,0.0122784907204626,0.000550734500985383
0.000000249999999999945,9.8336072706849,0.01479,0.04,25.4277478124938,13,14.6218348498445,0.0170587311686251,6.46743055555556,0.135398716388562,-0.135398466388562,0.0103227568518644,0.200027073745496,0.000537026040226698,-0.680718996412929,"OLS Loss at 6h | Full",-0.135398466388562,0.135398716388562,-0.680718996412929,-0.680421725009312,0.0103227568518644,0.000537026040226698
0.021025,11.4119525382068,0.05876,0.09,29.0110053492519,48,12.9937038479586,0.0156550520353372,6.40740740740741,0.0671838119297151,-0.046158811929715,0.0193366990693134,0.200093630677951,0.000119072387392606,-0.233128611834737,"OLS Loss at 6h | Full",-0.0461588119297153,0.0671838119297153,-0.233128611834737,-0.232949292625315,0.0193366990693134,0.000119072387392606
0.024025,9.44357675717764,0.0883,0.059999999999999,23.3419683647585,20,14.4152479683325,0.0132716405697055,10.4474305555556,0.146763185733426,-0.122738185733426,0.00465873751068259,0.200040869407209,0.000196898745184977,-0.615310905479298,"OLS Loss at 6h | Full",-0.122738185733426,0.146763185733426,-0.615310905479298,-0.614999782022288,0.00465873751068259,0.000196898745184977
0.099225,10.4337957267027,0.28305,0.32,25.2665662574829,34,11.8047278653254,0.0434044764661369,6.47185185185185,0.1038089773974,-0.00458397739739966,0.0108277737625703,0.200102386179295,0.000000646308109553337,-0.0230519372009377,"OLS Loss at 6h | Full",-0.00458397739739982,0.1038089773974,-0.0230519372009377,-0.0230331981148581,0.0108277737625703,0.000000646308109553337
0.0484,9.55082708927607,0.1089,1.1,27.3765277791308,30,15.2386999261976,0.026498504558666,6.03652777777778,0.0802826010267871,-0.0318826010267871,0.0173464573181605,0.200098262835082,0.0000507547575232543,-0.160862365053239,"OLS Loss at 6h | Full",-0.0318826010267873,0.0802826010267873,-0.160862365053239,-0.160734911007244,0.0173464573181605,0.0000507547575232543
0.042025,9.55353903722538,0.0468,0.15,24.2953074202249,28,15.1564445635588,0.0263108001753793,6.00773148148148,0.148812776929851,-0.106787776929851,0.0047989084243806,0.200055835474951,0.000153575943196868,-0.535386037528108,"OLS Loss at 6h | Full",-0.106787776929852,0.148812776929852,-0.535386037528108,-0.535075295290952,0.0047989084243806,0.000153575943196868
0.030625,8.98709770562524,0.03196,0.1,25.2194242502427,20,14.8898371954277,0.00981271168734249,6.00928240740741,0.139688639431054,-0.109063639431054,0.00732824693222833,0.200053702217954,0.000245871427980128,-0.547492369935107,"OLS Loss at 6h | Full",-0.109063639431054,0.139688639431054,-0.547492369935107,-0.547180435841616,0.00732824693222833,0.000245871427980128
0.00422499999999999,10.3122055049386,0.04255,0.07,26.9541463982909,39,14.7961295535219,0.0122096888000428,5.99756944444444,0.111238508479145,-0.107013508479145,0.00806745920490743,0.200055483732876,0.000260981085399631,-0.537400976313725,"OLS Loss at 6h | Full",-0.107013508479145,0.111238508479145,-0.537400976313725,-0.537090008912501,0.00806745920490743,0.000260981085399631
0.000676000000000001,9.97428113467673,0.08465,0.14,25.2652354590253,35,14.289362349698,0.0278159073891465,6.38793981481481,0.128021010940233,-0.127345010940233,0.00503046995947208,0.20003613265982,0.00022904045229097,-0.638525082198028,"OLS Loss at 6h | Full",-0.127345010940234,0.128021010940234,-0.638525082198028,-0.638217333096613,0.00503046995947208,0.00022904045229097
0.011025,9.28105457738415,0.04541,0.08,23.4062650557767,30,10.7835361184778,0.0302595859396079,6.37831018518519,0.129852878147699,-0.118827878147699,0.00551388872001858,0.200044683006346,0.000218804657286595,-0.595963824117219,"OLS Loss at 6h | Full",-0.118827878147699,0.129852878147699,-0.595963824117219,-0.595651127691904,0.00551388872001858,0.000218804657286595
0.099225,8.54288973190232,0.12803,-0.69,22.0525766442401,9,13.7934430948939,0.0243398123746545,6.01527777777778,0.202305461765414,-0.103080461765414,0.00900875370226523,0.200058833162542,0.000270917533261256,-0.517895769449406,"OLS Loss at 6h | Full",-0.103080461765414,0.202305461765414,-0.517895769449406,-0.517587423038659,0.00900875370226523,0.000270917533261256
0.027225,9.29224826934758,0.1165,0.32,25.7304706135404,27,12.9003093690413,0.0120112684338196,5.97930555555556,0.108988732088853,-0.0817637320888527,0.00613927667819395,0.200075096327433,0.000115490666635934,-0.410203025954229,"OLS Loss at 6h | Full",-0.0817637320888529,0.108988732088853,-0.410203025954229,-0.409925474362296,0.00613927667819395,0.000115490666635934
0.140625,9.43468113123089,0.02843,0.049999999999999,22.082272837951,24,12.7693629909667,0.027224189204505,5.90195601851852,0.161304474827187,-0.0206794748271867,0.0068581436087398,0.200100720287022,0.00000826460951240836,-0.103785045375366,"OLS Loss at 6h | Full",-0.020679474827187,0.161304474827187,-0.103785045375366,-0.103701541099142,0.0068581436087398,0.00000826460951240836
0.027225,9.92134625634262,0.06607,0.29,22.4276913861334,14,13.20033734575,0.019005977165069,12.8955671296296,0.134128011670719,-0.106903011670719,0.00518645236519377,0.200055716546992,0.000166466257968591,-0.536068158892786,"OLS Loss at 6h | Full",-0.106903011670719,0.134128011670719,-0.536068158892786,-0.535757339240782,0.00518645236519377,0.000166466257968591
0.1521,9.00652291568468,0.02919,0.04,23.8612793852458,16,9.96620153423689,0.0171668232353655,5.90315972222222,0.123146180578207,0.0289538194217929,0.00802026500563217,0.200099033393905,0.0000189912769039519,0.14539697751266,"OLS Loss at 6h | Full",0.0289538194217927,0.123146180578207,0.14539697751266,0.145281217498099,0.00802026500563217,0.0000189912769039519
0.0121,8.50040118593481,0.11156,0.1,22.3679777892853,8,12.6841950734296,0.0153411739952802,4.91702546296296,0.163352043074554,-0.151252043074554,0.0076655220866545,0.200008631020181,0.0004949797156996,-0.759404430270693,"OLS Loss at 6h | Full",-0.151252043074554,0.163352043074554,-0.759404430270693,-0.759142790609051,0.0076655220866545,0.0004949797156996
0.021025,8.28378707971029,0.01309,0.02,22.7454875917858,17,10.4041148654857,0.0192001894524518,5.27596064814815,0.144428486729129,-0.123403486729129,0.0075414525591826,0.20004001874622,0.00032407418455597,-0.619544006126921,"OLS Loss at 6h | Full",-0.123403486729129,0.144428486729129,-0.619544006126921,-0.619233375511344,0.0075414525591826,0.00032407418455597
0.3969,9.99533167905714,0.20338,-0.109999999999999,25.0298533225478,41,11.2451473218729,0.0174038666031719,13.2646180555556,0.0982041529722965,0.298695847027704,0.00803382668354725,0.199736112305873,0.00202463353737972,1.49996688150242,"OLS Loss at 6h | Full",0.298695847027703,0.0982041529722968,1.49996688150242,1.50149593427641,0.00803382668354725,0.00202463353737972
0.00422499999999999,10.4908323474948,0.06869,0.139999999999999,23.9157437021645,19,9.50850790435126,0.0131053835933867,6.87979166666667,0.105077338707281,-0.100852338707281,0.0113070440655733,0.200060602420159,0.000327007321979749,-0.507289847602508,"OLS Loss at 6h | Full",-0.100852338707281,0.105077338707281,-0.507289847602508,-0.50698333217715,0.0113070440655733,0.000327007321979749
0.429025,9.86744564092346,0.10014,0.15,26.4672211344796,28,15.9899250226548,0.0118610775033922,6.87888888888889,0.124686541580038,0.304338458419962,0.00749330757021353,0.199722333896449,0.00195830200693548,1.52788628204437,"OLS Loss at 6h | Full",0.304338458419962,0.124686541580038,1.52788628204437,1.5295493086056,0.00749330757021353,0.00195830200693548
0.01,9.34935117379415,0.01387,0.02,24.8348492535518,21,15.4713894174955,0.0107336607375664,6.87891203703704,0.147427676664804,-0.137427676664804,0.00619320045691786,0.200025119199172,0.000329169011459249,-0.689483916132145,"OLS Loss at 6h | Full",-0.137427676664804,0.147427676664804,-0.689483916132145,-0.689189551422733,0.00619320045691786,0.000329169011459249
0.046225,9.26222897027519,0.11461,0.409999999999999,23.96504600463,22,11.1446101546135,0.0170635445381278,5.89952546296296,0.114728566451401,-0.0685035664514014,0.00519231317093948,0.200083274573189,0.0000684334293105759,-0.343514072660304,"OLS Loss at 6h | Full",-0.0685035664514016,0.114728566451402,-0.343514072660304,-0.343267612785315,0.00519231317093948,0.0000684334293105759
0.0841,9.98818519302565,0.07842,0.29,24.4210285446715,28,14.0511179802739,0.0400098980909881,6.22028935185185,0.134197337517678,-0.050097337517678,0.00619395784710452,0.200092195116839,0.0000437475358173554,-0.251341814544961,"OLS Loss at 6h | Full",-0.0500973375176782,0.134197337517678,-0.251341814544961,-0.251150287863679,0.00619395784710452,0.0000437475358173554
0.1089,10.8087705894449,12.40225,-1.25,25.126596587988,13,11.9461755538375,0.0325615022325046,6.2140625,0.154266348130096,-0.0453663481300964,0.858483029920953,0.200043279330606,0.245211954255922,-0.603157145867111,"OLS Loss at 6h | Full",-0.0453663481300969,0.154266348130097,-0.603157145867111,-0.602844905224584,0.858483029920953,0.245211954255922
0.015625,11.159897048974,0.00871,0.039999999999999,26.8920519833863,30,13.1170621222021,0.0312733025098348,7.14548611111111,0.0994892708941983,-0.0838642708941983,0.0148453972694218,0.20007341700051,0.000299017302035689,-0.422596306904941,"OLS Loss at 6h | Full",-0.0838642708941985,0.0994892708941985,-0.422596306904941,-0.422313914455299,0.0148453972694218,0.000299017302035689
0.416025,9.16163589171578,0.02538,0.01,24.9813143838492,23,15.8035606764537,0.0140227174407205,7.13891203703704,0.149040043891834,0.266984956108166,0.00600914358275199,0.199810422492781,0.00120498241398506,1.33935749759804,"OLS Loss at 6h | Full",0.266984956108166,0.149040043891834,1.33935749759804,1.3402242071535,0.00600914358275199,0.00120498241398506
0.1156,9.73787118250671,0.0435,0.049999999999999,24.6070715457624,15,12.8875889648419,0.0193277418677651,6.85842592592593,0.130944485028688,-0.0153444850286876,0.00587623025593379,0.200101508767771,0.00000389118473388166,-0.076972041607095,"OLS Loss at 6h | Full",-0.0153444850286878,0.130944485028688,-0.076972041607095,-0.0769098077142054,0.00587623025593379,0.00000389118473388166
0.00007225,9.78733397010573,0.00821,0,23.9245017900757,23,13.7537100163545,0.0242290423629916,7.73273148148148,0.143715012630299,-0.143642762630299,0.00266563888659392,0.200018261926759,0.000153690341092824,-0.719389799177361,"OLS Loss at 6h | Full",-0.143642762630299,0.143715012630299,-0.719389799177361,-0.719107319082036,0.00266563888659392,0.000153690341092824
0.207025,10.4693585541381,0.03546,-0.04,23.0601462105839,15,15.4482128601839,0.0638976480277993,7.14180555555556,0.174229758564516,0.0327952414354845,0.0202990434766963,0.200098004947726,0.0000632221847350209,0.165716206703872,"OLS Loss at 6h | Full",0.0327952414354844,0.174229758564516,0.165716206703872,0.165585120281521,0.0202990434766963,0.0000632221847350209
0.0576,9.73470478143245,0.18702,0.06,22.6763770151445,7,13.0289397838057,0.0172459404988312,6.83863425925926,0.154276437273223,-0.0966764372732226,0.00691942745461698,0.200064168328249,0.0001822643739286,-0.485209518047283,"OLS Loss at 6h | Full",-0.0966764372732228,0.154276437273223,-0.485209518047283,-0.484907700968937,0.00691942745461698,0.0001822643739286
0.00902499999999999,9.63696989776218,0.05488,0.09,22.8983219601707,19,13.7926909553525,0.0292152602741723,8.74893518518519,0.152180712704777,-0.143155712704777,0.00281293367825495,0.200018819787589,0.000161132412888964,-0.717003510663437,"OLS Loss at 6h | Full",-0.143155712704777,0.152180712704777,-0.717003510663437,-0.716719968615618,0.00281293367825495,0.000161132412888964
0.00302500000000001,10.072595393148,0.02298,0.059999999999999,22.9493622981838,10,14.3154063277419,0.0174076894053787,8.73618055555556,0.154302234944977,-0.151277234944977,0.00690503637824553,0.200008671652766,0.000445339167228167,-0.759240043327972,"OLS Loss at 6h | Full",-0.151277234944977,0.154302234944977,-0.759240043327972,-0.75897830611341,0.00690503637824553,0.000445339167228167
0.148225,8.34529232652152,0.02494,-0.209999999999999,22.9985978255052,5,6.38202750096404,0.0192514312857948,9.18363425925926,0.113644024492731,0.0345809755072692,0.0238554125048026,0.200097487057609,0.0000832132405675544,0.175057645170365,"OLS Loss at 6h | Full",0.0345809755072689,0.113644024492731,0.175057645170365,0.174919622117685,0.0238554125048026,0.0000832132405675544
0.0841,9.03024288247001,0.06179,0.039999999999999,22.8474959384865,46,12.9077698630421,0.0358858732954344,9.08238425925926,0.145720972586671,-0.0616209725866706,0.0193949394408223,0.200086713607297,0.000212871043834193,-0.31123067937289,"OLS Loss at 6h | Full",-0.0616209725866708,0.145720972586671,-0.31123067937289,-0.311002036247108,0.0193949394408223,0.000212871043834193
0.093025,7.87862714825957,0.02613,0.09,22.6200809409108,10,10.5193323267708,0.0399143896663706,9.16993055555556,0.142220528341055,-0.0491955283410549,0.0126613833971042,0.200092496888368,0.0000873694287255576,-0.247624427540925,"OLS Loss at 6h | Full",-0.0491955283410551,0.142220528341055,-0.247624427540925,-0.247435360398223,0.0126613833971042,0.0000873694287255576
0.1089,9.05240906253313,0.09708,-0.73,22.9959729127876,5,13.0030522318692,0.0146576279841901,8.7580787037037,0.177911293433938,-0.0690112934339376,0.010134294960003,0.200082891646049,0.000136911725445433,-0.346922881856192,"OLS Loss at 6h | Full",-0.0690112934339378,0.177911293433938,-0.346922881856192,-0.346674639753836,0.010134294960003,0.000136911725445433
0.0169,9.77903001545707,0.10789,0.07,22.275339673141,6,8.99701168588105,0.0160631181192596,8.71189814814815,0.124333016926814,-0.107433016926814,0.010912164244974,0.200054978338325,0.000357829417115631,-0.540282945047753,"OLS Loss at 6h | Full",-0.107433016926815,0.124333016926815,-0.540282945047753,-0.539971674108849,0.010912164244974,0.000357829417115631
0.5476,9.9090288220548,0,0.35,22.2997012376583,1,9.08145687877323,0.0201790022212762,8.75724537037037,0.115701678844047,0.431898321155953,0.0136618062841245,0.199331349064683,0.0072807945894974,2.17505131630178,"OLS Loss at 6h | Full",0.431898321155953,0.115701678844047,2.17505131630178,2.18168971655822,0.0136618062841245,0.0072807945894974
0.009216,9.60946469586728,0.01817,-0.01,22.1532399884816,11,14.506290556145,0.0155222148619739,9.32157407407407,0.167324663866054,-0.158108663866054,0.00777716890178896,0.199999916266996,0.000548875392944746,-0.793874729475546,"OLS Loss at 6h | Full",-0.158108663866054,0.167324663866054,-0.793874729475546,-0.793635793876518,0.00777716890178896,0.000548875392944746
0.021025,9.71675917013401,0.1658,0.01,20.7177146247696,6,13.9548129537703,0.14126906295673,12.335775462963,0.194761151196266,-0.173736151196266,0.128066134648678,0.199961544078377,0.0141321073473425,-0.93057062799515,"OLS Loss at 6h | Full",-0.173736151196266,0.194761151196266,-0.93057062799515,-0.930469071242292,0.128066134648678,0.0141321073473425
0.6084,11.0486550202095,0.06427,-0.109999999999999,26.0754139033144,39,14.9973679366469,0.00911494473342148,6.98578703703704,0.122746434684999,0.485653565315001,0.0114853113861508,0.199129105267812,0.00770529033796355,2.44307013639699,"OLS Loss at 6h | Full",0.485653565315001,0.122746434684999,2.44307013639699,2.45301540441958,0.0114853113861508,0.00770529033796355
0.042025,9.87096073499755,0.08489,0.06,26.0497159865411,27,11.3905198083206,0.036914714368989,7.38648148148148,0.102421148932033,-0.060396148932033,0.0134891285180203,0.200087424512859,0.000140526413010909,-0.304129975342159,"OLS Loss at 6h | Full",-0.0603961489320333,0.102421148932033,-0.304129975342159,-0.303905468919435,0.0134891285180203,0.000140526413010909
0.00722499999999999,9.46485728963174,0.01016,0.06,25.9104811254566,36,11.3324812000788,0.0314839299863661,7.29905092592593,0.102835529759407,-0.0956105297594071,0.00949095630134406,0.200064911127235,0.000245789800707636,-0.48048232804688,"OLS Loss at 6h | Full",-0.0956105297594074,0.102835529759407,-0.48048232804688,-0.4801816686237,0.00949095630134406,0.000245789800707636
0.00639999999999999,9.48963189196252,0.02116,0.14,25.9888075005718,39,11.5880070799653,0.0198799088545743,7.29013888888889,0.0981150333432517,-0.0917150333432517,0.00740519831104243,0.20006798243232,0.00017572480982973,-0.460421342916096,"OLS Loss at 6h | Full",-0.0917150333432519,0.0981150333432518,-0.460421342916096,-0.460126172907699,0.00740519831104243,0.00017572480982973
0.027225,11.7869236007645,0.07507,0.069999999999999,25.5355236634344,27,12.8743904204526,0.0362970836229318,7.35094907407407,0.109798040562195,-0.0825730405621946,0.0156062961416308,0.200074283120757,0.000305209514151225,-0.416250511590869,"OLS Loss at 6h | Full",-0.0825730405621948,0.109798040562195,-0.416250511590869,-0.415970558864247,0.0156062961416308,0.000305209514151225
0.1444,10.7751261603621,0.10948,-0.13,25.3619624259996,43,10.9142598539665,0.0216819582286029,7.3162962962963,0.103356692331189,0.0410433076688107,0.0113460018414888,0.200095538417282,0.000054349834623237,0.206452956636406,"OLS Loss at 6h | Full",0.0410433076688105,0.103356692331189,0.206452956636406,0.206292189123377,0.0113460018414888,0.000054349834623237
0.5184,8.2021543626259,0.08195,0.05,24.6813234226602,16,14.9407048748799,0.0130313812322069,7.35331018518518,0.149742032410562,0.368657967589438,0.00952282016548026,0.199543282882864,0.00366676610985161,1.8526880685305,"OLS Loss at 6h | Full",0.368657967589438,0.149742032410562,1.8526880685305,1.85636885946426,0.00952282016548026,0.00366676610985161
0.133225,9.98767817181005,0.29319,-0.05,24.321903822235,20,13.8791845331264,0.0183766665452735,7.34511574074074,0.141319961488971,-0.00809496148897118,0.00400480002847002,0.200102204883493,0.000000735284216094093,-0.0405683254350237,"OLS Loss at 6h | Full",-0.00809496148897137,0.141319961488971,-0.0405683254350237,-0.0405353838762346,0.00400480002847002,0.000000735284216094093
0.021025,9.18310098571157,0.01511,0.03,24.1955526580739,29,15.1145805201228,0.0163467356287668,6.93553240740741,0.15154815941422,-0.13052315941422,0.00587178806251513,0.200032720472908,0.000281332596621597,-0.654737620191667,"OLS Loss at 6h | Full",-0.13052315941422,0.15154815941422,-0.654737620191667,-0.654433220380014,0.00587178806251513,0.000281332596621597
0.0225,9.36679314193085,0.49323,0.32,24.2397791302917,29,14.4086058629745,0.0287750953883757,6.93141203703704,0.13637922993474,-0.11387922993474,0.00504723738535534,0.200049421658285,0.000183779546341535,-0.571010649159415,"OLS Loss at 6h | Full",-0.11387922993474,0.13637922993474,-0.571010649159415,-0.570697526758001,0.00504723738535534,0.000183779546341535
0.0001,8.30663921552877,0.03578,0.1,24.0527192511625,15,13.6901028377078,0.00986231106250729,8.03509259259259,0.143357496795636,-0.143257496795636,0.00750897886531804,0.200018304309391,0.000434832253679434,-0.71920878266646,"OLS Loss at 6h | Full",-0.143257496795636,0.143357496795636,-0.71920878266646,-0.718926221314192,0.00750897886531804,0.000434832253679434
0.00809999999999999,8.56062038318927,0.0309,0.07,23.9778502845452,35,12.040610621427,0.0270140033384825,7.28983796296296,0.132702330074157,-0.124602330074157,0.00765799914605592,0.200038791721369,0.0003355862973631,-0.625599501903133,"OLS Loss at 6h | Full",-0.124602330074157,0.132702330074157,-0.625599501903133,-0.625289670609859,0.00765799914605592,0.0003355862973631
0.065025,8.6569733092784,0.04346,0.65,22.100200356282,15,12.4132607407385,0.0423355958445214,5.50460648148148,0.145836898234023,-0.0808118982340227,0.00753616413695737,0.200075692407161,0.000138877186316142,-0.405712959250627,"OLS Loss at 6h | Full",-0.0808118982340229,0.145836898234023,-0.405712959250627,-0.405437237816809,0.00753616413695737,0.000138877186316142
0.0441,9.16441354755906,0.01174,0.04,23.7679482618712,28,14.5273621058593,0.0249455691409966,5.49856481481481,0.15679055765491,-0.11269055765491,0.00522585551417173,0.200050514185189,0.000186398666588735,-0.565101162554573,"OLS Loss at 6h | Full",-0.11269055765491,0.15679055765491,-0.565101162554573,-0.564788196241001,0.00522585551417173,0.000186398666588735
0.0289,8.38065148582851,0.04246,0.019999999999999,21.9946572472598,5,12.8976389314652,0.0186767023573841,4.4418287037037,0.174892421181728,-0.145992421181728,0.00850355621533234,0.200014971510313,0.00051243432444598,-0.733306691206569,"OLS Loss at 6h | Full",-0.145992421181728,0.174892421181728,-0.733306691206569,-0.733030805199429,0.00850355621533234,0.00051243432444598
0.027225,10.9160755678856,0.05224,0.229999999999999,25.6659983163479,22,17.6670334686535,0.0172075836077846,5.07212962962963,0.144563103821018,-0.117338103821018,0.0153326325191089,0.200045561194881,0.000605166797784666,-0.591418915048495,"OLS Loss at 6h | Full",-0.117338103821018,0.144563103821018,-0.591418915048495,-0.591106008359939,0.0153326325191089,0.000605166797784666
0.075625,9.20378523000181,0.06465,0.08,24.9707192613651,27,9.96807443559948,0.0144618171511623,5.02680555555556,0.107703980568424,-0.0320789805684236,0.00908308003420184,0.200098246354882,0.000026458126867541,-0.161176920442737,"OLS Loss at 6h | Full",-0.0320789805684239,0.107703980568424,-0.161176920442737,-0.161049230433145,0.00908308003420184,0.000026458126867541
0.055225,9.77174382862217,0.05471,0.27,25.010549865985,18,14.9914888909876,0.0207202335533047,5.079375,0.137487773095083,-0.082262773095083,0.00712509110401179,0.200074733588146,0.000135946291959674,-0.412911515492182,"OLS Loss at 6h | Full",-0.0822627730950832,0.137487773095083,-0.412911515492182,-0.412632879391803,0.00712509110401179,0.000135946291959674
0.2704,8.73021043954706,0.34669,-0.8,24.272717507999,22,14.7206130093882,0.01454016195323,5.45113425925926,0.184223060132831,0.0861769398671691,0.0105814901249722,0.200071924512463,0.000223114723575719,0.433313250783485,"OLS Loss at 6h | Full",0.0861769398671689,0.184223060132831,0.433313250783485,0.433026927178907,0.0105814901249722,0.000223114723575719
0.00422499999999999,8.94813136676535,0.13878,0.45,22.5790502103616,6,12.2877999408149,0.01734032839532,5.06516203703704,0.143763436252062,-0.139538436252062,0.00785948912654031,0.200022590359471,0.000432110659398011,-0.700661375542376,"OLS Loss at 6h | Full",-0.139538436252062,0.143763436252062,-0.700661375542376,-0.70037109330509,0.00785948912654031,0.000432110659398011
0.697225,9.21991151886899,0.12382,0.049999999999999,21.1923137613079,10,11.9373667359051,0.0450235513946653,5.05099537037037,0.174073073810919,0.523151926189081,0.00670987888402074,0.198977995316877,0.00517341634602575,2.62537102455136,"OLS Loss at 6h | Full",0.523151926189081,0.174073073810919,2.62537102455136,2.63806030743313,0.00670987888402074,0.00517341634602575
0.4225,9.61844822488939,0.05,-0.36,21.4269796649865,4,10.6383323126838,0.0287085081069633,6.07673611111111,0.170940470406439,0.251559529593561,0.00838863057026924,0.199842593539816,0.00150054473160198,1.26348747851638,"OLS Loss at 6h | Full",0.251559529593561,0.170940470406439,1.26348747851638,1.26410156166352,0.00838863057026924,0.00150054473160198
0.0784,9.12702784565087,0.00708,0.01,20.9601899423711,10,10.0685814841809,0.0314901660389913,6.44349537037037,0.159259912429901,-0.080859912429901,0.00642511603173002,0.200075690556894,0.000118278449798792,-0.405726973583134,"OLS Loss at 6h | Full",-0.0808599124299012,0.159259912429901,-0.405726973583134,-0.405451246374759,0.00642511603173002,0.000118278449798792
0.075625,8.35921878485472,0.10763,0,21.0487376407285,15,11.1793610901679,0.0443822544575162,6.44960648148148,0.171531921393584,-0.0959069213935839,0.00776995098984118,0.20006474342425,0.000201768216275362,-0.481553651034842,"OLS Loss at 6h | Full",-0.0959069213935842,0.171531921393584,-0.481553651034842,-0.481252724643305,0.00776995098984118,0.000201768216275362
0.0256,10.0874765354854,0.02993,0.21,19.1086081997203,8,9.42658522124186,0.0389683274959188,12.9650925925926,0.150170336114014,-0.124570336114014,0.0160033751838687,0.200038284531347,0.000712874314238918,-0.628085473446971,"OLS Loss at 6h | Full",-0.124570336114014,0.150170336114014,-0.628085473446971,-0.627776002663712,0.0160033751838687,0.000712874314238918
0.378225,9.06272488766424,0.00484,2.18,23.845765404421,11,16.2968776236029,0.0701559905590569,6.41729166666667,0.101422481079036,0.276802518920964,0.0537023487576939,0.199772696279433,0.0127713602959841,1.42317096216154,"OLS Loss at 6h | Full",0.276802518920964,0.101422481079036,1.42317096216154,1.42436084174204,0.0537023487576939,0.0127713602959841
0.0529,9.36646602220772,0.05651,0.18,22.5182603875612,29,9.57214823104886,0.0350834677064024,5.03157407407407,0.130984488115145,-0.0780844881151447,0.00892177058473293,0.200077434725995,0.000153930272814267,-0.392294045912031,"OLS Loss at 6h | Full",-0.0780844881151449,0.130984488115145,-0.392294045912031,-0.392024030073319,0.00892177058473293,0.000153930272814267
0.00639999999999999,9.49324765330933,0.20365,-0.16,24.7938371956493,20,14.5653754029115,0.0152016931983654,4.99263888888889,0.152295675068595,-0.145895675068595,0.00612763626093546,0.200015296413258,0.000367008319452965,-0.731944291046168,"OLS Loss at 6h | Full",-0.145895675068595,0.152295675068595,-0.731944291046168,-0.731667729087717,0.00612763626093546,0.000367008319452965
0.148225,8.7873925652461,0.03709,-0.039999999999999,23.8305825529329,38,14.5796871127089,0.0242555505537939,5.33363425925926,0.159283698874362,-0.0110586988743616,0.0112886322190474,0.200101969257675,0.00000392527111878403,-0.0556250207357715,"OLS Loss at 6h | Full",-0.0110586988743618,0.159283698874362,-0.0556250207357715,-0.0555799185581238,0.0112886322190474,0.00000392527111878403
0.075625,8.96640092149708,0.12879,0.2,25.4112317807853,30,15.7861167625483,0.016354307344051,6.97203703703704,0.137425372837262,-0.0618003728372618,0.00647348312996268,0.200086827869545,0.0000696178505339841,-0.310100367509705,"OLS Loss at 6h | Full",-0.061800372837262,0.137425372837262,-0.310100367509705,-0.30987237780163,0.00647348312996268,0.0000696178505339841
0.0676,10.2380709071639,0.01912,0.08,24.9176130359424,25,11.5374526675397,0.0136194942203411,7.3662037037037,0.109948725664089,-0.0423487256640887,0.0060505157850131,0.200095129628786,0.0000305283822130288,-0.212451160193554,"OLS Loss at 6h | Full",-0.0423487256640888,0.109948725664089,-0.212451160193554,-0.21228615549752,0.0060505157850131,0.0000305283822130288
0.012321,10.4498868566182,0.03507,0.09,24.7348472524747,45,11.2744770099353,0.0257412733619866,6.92787037037037,0.107771627585595,-0.0954506275855951,0.0117818416818283,0.200064949879985,0.000305509292529204,-0.480234427018237,"OLS Loss at 6h | Full",-0.0954506275855953,0.107771627585595,-0.480234427018237,-0.479933829754285,0.0117818416818283,0.000305509292529204
0.1849,9.70573888624663,0.10043,0.02,24.7486572394538,28,13.7904843901412,0.0367478131463736,6.99032407407407,0.137350178447744,0.0475498215522563,0.00510093169577342,0.200093223986664,0.000032385347952868,0.238429669346101,"OLS Loss at 6h | Full",0.047549821552256,0.137350178447744,0.238429669346101,0.23824675687641,0.00510093169577342,0.000032385347952868
0.0676,8.01435134961141,0.0363,0.149999999999999,24.2697034980312,17,14.681841165595,0.0111054176088326,7.3580787037037,0.149129064957645,-0.0815290649576449,0.00946168105805853,0.200075161952243,0.00017815991242846,-0.409711107634992,"OLS Loss at 6h | Full",-0.0815290649576451,0.149129064957645,-0.409711107634992,-0.40943375459022,0.00946168105805853,0.00017815991242846
0.36,9.26576271672543,0.01824,-0.02,23.484572924828,18,14.9745366349505,0.0182028933321406,6.87259259259259,0.162599304592401,0.197400695407599,0.00497305191704871,0.199943037233639,0.000544013890668163,0.989765186365314,"OLS Loss at 6h | Full",0.197400695407599,0.162599304592401,0.989765186365314,0.989748772730331,0.00497305191704871,0.000544013890668163
0.105625,8.64673802742289,0.37274,0.54,23.9889747514824,37,10.2111293516161,0.0205084176666262,7.35266203703704,0.0997030996314596,0.00592190036854037,0.0118556439802438,0.200102328200845,0.00000118349350276768,0.0297955781181462,"OLS Loss at 6h | Full",0.00592190036854012,0.0997030996314598,0.0297955781181462,0.0297713657037792,0.0118556439802438,0.00000118349350276768
0.00960399999999999,10.1821383239844,0.22755,0.339999999999999,24.1804894645837,19,11.1700159440467,0.0470246771719323,7.33631944444444,0.113462587032728,-0.103858587032728,0.0118112786469538,0.200058046106425,0.000362627949569486,-0.522544619883534,"OLS Loss at 6h | Full",-0.103858587032728,0.113462587032728,-0.522544619883534,-0.522235560164692,0.0118112786469538,0.000362627949569486
0.011025,9.28592423115835,0.07818,0.339999999999999,23.6547554982612,20,13.4087582976122,0.018021529038641,6.95328703703704,0.135402055411958,-0.124377055411958,0.00350459857886723,0.200039286318631,0.000151749597995243,-0.623165696326383,"OLS Loss at 6h | Full",-0.124377055411959,0.135402055411959,-0.623165696326383,-0.622855530373035,0.00350459857886723,0.000151749597995243
0.013225,8.88387889859989,0.01934,0.04,23.5182072550053,19,13.3698889077014,0.0128708314532835,6.91259259259259,0.148775423066069,-0.135550423066069,0.00480241825311712,0.200027323633467,0.00024762953183588,-0.679590248517269,"OLS Loss at 6h | Full",-0.135550423066069,0.148775423066069,-0.679590248517269,-0.679292621419814,0.00480241825311712,0.00024762953183588
0.511225,10.46301198247,0.13088,-0.27,23.3549969972681,32,12.4081032539596,0.027100008874048,7.32768518518519,0.146328015827599,0.364896984172401,0.008046043154256,0.199555466467388,0.00302621097598675,1.83242173339224,"OLS Loss at 6h | Full",0.364896984172401,0.146328015827599,1.83242173339224,1.83595016233446,0.008046043154256,0.00302621097598675
0.36,8.505115145997,0.00652,-0.009999999999999,22.4438287249394,10,14.9574156761243,0.113055035259809,7.29837962962963,0.195051348460373,0.164948651539627,0.0878315833216775,0.199981048925896,0.00798284163507103,0.863797954313715,"OLS Loss at 6h | Full",0.164948651539627,0.195051348460373,0.863797954313715,0.863619444694079,0.0878315833216775,0.00798284163507103
0.2304,8.65801784995197,0.02972,0.03,23.4378628512177,9,11.3917712650383,0.0129236589433469,7.238125,0.137878095569244,0.0925219044307564,0.00794922370047855,0.200067353598442,0.000192178751676638,0.464599277430939,"OLS Loss at 6h | Full",0.0925219044307562,0.137878095569244,0.464599277430939,0.464302888355088,0.00794922370047855,0.000192178751676638
0.297025,8.148251909764,0.08258,0.209999999999999,23.4283195657035,4,14.24327845376,0.0164215782369252,7.2775462962963,0.156260545702754,0.140764454297246,0.0112338500694326,0.200020902693591,0.000632829578791148,0.708022604245337,"OLS Loss at 6h | Full",0.140764454297246,0.156260545702754,0.708022604245337,0.707735243698234,0.0112338500694326,0.000632829578791148
0.3481,8.06289289971028,0.17446,-0.79,23.2773759483697,21,13.7811017197742,0.0169224531158804,6.82814814814815,0.188714156998197,0.159385843001803,0.011566925152551,0.199997852574054,0.000835953651637755,0.80182026130011,"OLS Loss at 6h | Full",0.159385843001803,0.188714156998197,0.80182026130011,0.80158720545588,0.011566925152551,0.000835953651637755
0.01,9.65651984378861,0.01275,0.219999999999999,23.0606369307084,26,10.1094897135696,0.0187558378943053,7.22527777777778,0.118761148315699,-0.108761148315699,0.00687925798019884,0.20005399433735,0.000229321294505872,-0.545850453136359,"OLS Loss at 6h | Full",-0.108761148315699,0.118761148315699,-0.545850453136359,-0.545538657927691,0.00687925798019884,0.000229321294505872
0.0529,8.81892832536653,0.52621,1.67,22.9509806499193,26,12.0931483534452,0.0368600570860939,6.86094907407407,0.0895327533600909,-0.0366327533600909,0.0186492817579429,0.200096907565613,0.0000722290777916649,-0.184951712460987,"OLS Loss at 6h | Full",-0.0366327533600912,0.0895327533600912,-0.184951712460987,-0.184806423704154,0.0186492817579429,0.0000722290777916649
0.00722499999999999,10.1584141791828,0.02052,0.089999999999999,22.7375924419758,13,10.8416189682615,0.0148891089807446,7.19622685185185,0.132161352181592,-0.124936352181592,0.0083117720345004,0.200038407575593,0.000366674134487349,-0.627483282439956,"OLS Loss at 6h | Full",-0.124936352181592,0.132161352181592,-0.627483282439956,-0.627173722591995,0.0083117720345004,0.000366674134487349
0.1225,9.48169938528349,0.00938,0.22,22.2345308651605,19,9.963307070932,0.0274839131459109,7.19284722222222,0.130775720552156,-0.00827572055215565,0.00543464368909374,0.200102192390263,0.000001045864400377,-0.0415040111232829,"OLS Loss at 6h | Full",-0.00827572055215581,0.130775720552156,-0.0415040111232829,-0.041470312375071,0.00543464368909374,0.000001045864400377
0.207025,9.37680543473846,0.20317,0.07,22.3820554402377,29,10.3180398556612,0.0383945178787586,10.8735069444444,0.128930487314814,0.078094512685186,0.00725517842173429,0.200077470342744,0.000124788107919948,0.392014942313055,"OLS Loss at 6h | Full",0.0780945126851858,0.128930487314814,0.392014942313055,0.391745048844816,0.00725517842173429,0.000124788107919948
0.330625,8.57898324679226,0.02053,0.03,21.8063893775406,19,12.3850140494239,0.0431175527857625,7.17337962962963,0.167212108783732,0.163412891216268,0.00635130728323746,0.199993075059429,0.0004774515928661,0.819918712775291,"OLS Loss at 6h | Full",0.163412891216268,0.167212108783732,0.819918712775291,0.819699977316374,0.00635130728323746,0.0004774515928661
0.034225,9.03674621987286,0.14874,0.599999999999999,21.8689483196735,7,8.51906019747528,0.0261194326766089,7.20030092592593,0.114619611341664,-0.0803946113416641,0.0104958026775236,0.200075888999821,0.000192572195007378,-0.404221153241687,"OLS Loss at 6h | Full",-0.0803946113416644,0.114619611341664,-0.404221153241687,-0.403946048721288,0.0104958026775236,0.000192572195007378
0.148225,9.24345120052939,0.01155,0.069999999999999,21.5989589555625,14,13.4090624160554,0.0312329841026905,6.84659722222222,0.172153444780912,-0.0239284447809115,0.00515095657150283,0.200100130431443,0.00000828250649762504,-0.119987718778406,"OLS Loss at 6h | Full",-0.0239284447809117,0.172153444780912,-0.119987718778406,-0.119891531429483,0.00515095657150283,0.00000828250649762504
0.1521,8.21117816080733,0.01118,-0.01,20.6399229448883,7,9.58761606526304,0.0123799213187692,5.17199074074074,0.164317438583205,-0.0122174385832055,0.0140740190888662,0.200101856507966,0.00000600688292034361,-0.0615402032220174,"OLS Loss at 6h | Full",-0.0122174385832057,0.164317438583206,-0.0615402032220174,-0.0614903395118061,0.0140740190888662,0.00000600688292034361
0.265225,9.46055680440242,0.08409,0.209999999999999,23.5064107699997,30,13.3147014773548,0.0271284020450729,5.11537037037037,0.144077391367005,0.121147608632995,0.00542588788199387,0.200042409644968,0.000223761585495569,0.607571211696723,"OLS Loss at 6h | Full",0.121147608632995,0.144077391367005,0.607571211696723,0.607259326045666,0.00542588788199387,0.000223761585495569
0.01600225,10.6365534031736,0.03213,0.03,26.7562897048224,54,13.0504601695518,0.0343750032535565,5.06967592592593,0.103648591021115,-0.0876463410211152,0.0165785326743244,0.200070681088079,0.000366010568915589,-0.442043353788913,"OLS Loss at 6h | Full",-0.0876463410211155,0.103648591021115,-0.442043353788913,-0.441754006980733,0.0165785326743244,0.000366010568915589
0.00013225,10.2393620345734,0.04238,0.09,26.1452970859725,45,11.8685234402975,0.0322397574894289,4.87699074074074,0.103329048633606,-0.103196798633606,0.0116184864713896,0.20005861909394,0.000352040073874388,-0.519164317001885,"OLS Loss at 6h | Full",-0.103196798633607,0.103329048633607,-0.519164317001885,-0.518855770509637,0.0116184864713896,0.000352040073874388
0.4624,8.58189667619656,0.03897,-0.18,21.5286752969359,5,11.2828906451906,0.0745486985115778,6.29387731481481,0.180406983711113,0.281993016288887,0.0286536563022566,0.199769035648522,0.00671224590224742,1.43104145638413,"OLS Loss at 6h | Full",0.281993016288887,0.180406983711113,1.43104145638413,1.43226416107868,0.0286536563022566,0.00671224590224742
0.00360000000000001,8.41114129992432,0.02533,0.02,21.5291748838894,9,9.51592413925809,0.0231086559893331,5.86561342592593,0.151827849951835,-0.148227849951835,0.00823395350902857,0.200012295286768,0.000511221231139871,-0.744433842716216,"OLS Loss at 6h | Full",-0.148227849951835,0.151827849951835,-0.744433842716216,-0.744163727428529,0.00823395350902857,0.000511221231139871
0.156025,9.03290373220367,0.02342,0.079999999999999,21.3805882114344,11,12.6519302059185,0.0216831682887757,6.21121527777778,0.169975333161499,-0.0139503331614994,0.00675529519090043,0.200101675253153,0.0000037039089184505,-0.0700095631116618,"OLS Loss at 6h | Full",-0.0139503331614997,0.1699753331615,-0.0700095631116618,-0.0699529003621593,0.00675529519090043,0.0000037039089184505
0.0961,8.5294396406066,0.00695,0.02,21.3454085416422,29,16.3159559084362,0.0297387640785115,5.86021990740741,0.200303194809515,-0.104203194809515,0.0224807001493583,0.200057262580574,0.000710036288427644,-0.527131878545463,"OLS Loss at 6h | Full",-0.104203194809515,0.200303194809515,-0.527131878545463,-0.52682216898142,0.0224807001493583,0.000710036288427644
0.030625,9.97355155717509,0.10879,0.099999999999999,21.2722033866517,18,11.1150430588129,0.0339154796290071,5.82894675925926,0.156421865581798,-0.125796865581798,0.0083091529837495,0.200037522053447,0.000371623449711373,-0.6318043109429,"OLS Loss at 6h | Full",-0.125796865581798,0.156421865581798,-0.6318043109429,-0.631495414856746,0.0083091529837495,0.000371623449711373
0.255025,9.33055760745171,0.04582,-0.089999999999999,21.0776873833549,17,9.73979560075782,0.0323486879873807,5.81984953703704,0.158341186114159,0.0966838138858407,0.00792075791651015,0.200064123810973,0.00020909367072562,0.485491364530444,"OLS Loss at 6h | Full",0.0966838138858405,0.15834118611416,0.485491364530444,0.485189480095781,0.00792075791651015,0.00020909367072562
0.1089,9.26604278304724,0.01526,-0.139999999999999,20.4565318926698,14,15.5730662895075,0.0464490500047383,6.23068287037037,0.212394840069549,-0.103494840069549,0.0147407452652896,0.200058225604418,0.000452079814061118,-0.521488040988176,"OLS Loss at 6h | Full",-0.10349484006955,0.21239484006955,-0.521488040988176,-0.521179138567013,0.0147407452652896,0.000452079814061118
0.1369,9.10115589082843,0,-0.049999999999999,19.4599641948194,2,11.8606274911694,0.0703099766499285,6.21112268518519,0.200591126384102,-0.0636911263841015,0.0189292319368802,0.200085644920934,0.000221742788723875,-0.321610099791343,"OLS Loss at 6h | Full",-0.0636911263841017,0.200591126384102,-0.321610099791343,-0.321375548011593,0.0189292319368802,0.000221742788723875
0.0676,8.23876162691288,0.037,0.1,19.2036336619044,4,13.3944020635688,0.033128057322736,6.19934027777778,0.206073767252289,-0.138473767252289,0.0144957248845617,0.20002327509956,0.000795457997814056,-0.697652521837089,"OLS Loss at 6h | Full",-0.138473767252289,0.206073767252289,-0.697652521837089,-0.697361098874436,0.0144957248845617,0.000795457997814056
0.3481,8.96195234729633,0.04321,0.261,18.0180302044274,3,5.77061371947533,0.0829003128936121,6.16836805555556,0.163441683170284,0.184658316829716,0.0366493749794253,0.199958374301101,0.00374278496050855,0.940973944550089,"OLS Loss at 6h | Full",0.184658316829715,0.163441683170285,0.940973944550089,0.940886167309057,0.0366493749794253,0.00374278496050855
0.2116,7.19837220478557,0,-0.14,17.9206109783305,1,7.19034039964092,0.0397857384094551,6.2153587962963,0.190129101873173,0.021470898126827,0.0227484011882055,0.200100552876025,0.000030520935923218,0.108629538296687,"OLS Loss at 6h | Full",0.0214708981268267,0.190129101873173,0.108629538296687,0.108542227006212,0.0227484011882055,0.000030520935923218
0.00722499999999999,9.46674342622222,0.03274,0.119999999999999,25.3859961319504,21,15.1572628830851,0.0203988565025862,6.78290509259259,0.136793746328679,-0.129568746328679,0.0060085507612812,0.200033727544249,0.000283768559711556,-0.649994751126184,"OLS Loss at 6h | Full",-0.129568746328679,0.136793746328679,-0.649994751126184,-0.649689285481226,0.0060085507612812,0.000283768559711556
0.801025,10.9762687490677,0.0461,0.159999999999999,23.4546218220754,24,11.4474659365023,0.0274416744725493,5.72172453703704,0.125710271225647,0.675314728774353,0.00965277163404906,0.198219594481236,0.0124752374160191,3.39401215870982,"OLS Loss at 6h | Full",0.675314728774353,0.125710271225647,3.39401215870982,3.42346500897425,0.00965277163404906,0.0124752374160191
0.0196,9.97654239988425,0.01602,0.08,23.1962087390512,11,15.2799618540122,0.0146920721830558,6.81693287037037,0.162081016348201,-0.142481016348201,0.00901722120185912,0.200019087697227,0.000518100298243391,-0.715854678777784,"OLS Loss at 6h | Full",-0.142481016348201,0.162081016348201,-0.715854678777784,-0.715570632589197,0.00901722120185912,0.000518100298243391
0.1681,9.8172206062074,0.03645,0.159999999999999,22.5124574767874,16,9.16976818349139,0.0171188915585398,6.69512731481481,0.122359370297171,0.045740629702829,0.00913519685145172,0.200093879558165,0.0000541069071452555,0.229824252013887,"OLS Loss at 6h | Full",0.0457406297028288,0.122359370297171,0.229824252013887,0.229647188831515,0.00913519685145172,0.0000541069071452555
0.455625,9.1864470659327,0.07142,0.12,21.4021359144801,14,11.8905582664618,0.0285479897683521,3.05283564814815,0.169850230871575,0.285774769128425,0.00753813542069579,0.199767316649109,0.00173717419411932,1.43472242258481,"OLS Loss at 6h | Full",0.285774769128425,0.169850230871575,1.43472242258481,1.43596062870249,0.00753813542069579,0.00173717419411932
0.3969,9.84109800517949,0.00974,0.039999999999999,21.2703955466484,29,11.803788877838,0.0205575272209154,6.66417824074074,0.157746395381552,0.239153604618448,0.0178440855519281,0.199865346175685,0.00294067216889422,1.2069454174525,"OLS Loss at 6h | Full",0.239153604618448,0.157746395381552,1.2069454174525,1.20739455466169,0.0178440855519281,0.00294067216889422
0.0529,8.05912568494402,0.02919,-0.34,20.9759591326825,7,16.5252747268841,0.0366461617945651,5.07575231481481,0.228740762731197,-0.175840762731197,0.0165292139097318,0.199974485663001,0.00146868180694292,-0.886828709453363,"OLS Loss at 6h | Full",-0.175840762731197,0.228740762731197,-0.886828709453363,-0.886674540522228,0.0165292139097318,0.00146868180694292
0.021025,9.98687201095112,0.09942,0.13,24.4294704163062,26,16.1945526010783,0.0190634450867792,4.25193287037037,0.156762615498073,-0.135737615498073,0.0087033315427279,0.20002681929543,0.000453563388052056,-0.681866429939706,"OLS Loss at 6h | Full",-0.135737615498073,0.156762615498073,-0.681866429939706,-0.681569524459166,0.0087033315427279,0.000453563388052056
0.027225,9.78093384788804,0.0717,0.319999999999999,23.646367709496,14,14.8257481556414,0.0114866504898293,3.8828125,0.151462986472935,-0.124237986472935,0.00997654165593505,0.200039015360975,0.000436673847802406,-0.624500195557004,"OLS Loss at 6h | Full",-0.124237986472936,0.151462986472936,-0.624500195557004,-0.624190210867802,0.00997654165593505,0.000436673847802406
0.00489999999999999,10.3153875471151,0.01327,0.1,22.9642795756425,6,9.46583128095538,0.0283509062710046,3.90054398148148,0.129946584193815,-0.125046584193815,0.0150643176028048,0.200037854392396,0.000674895777940686,-0.630186092230362,"OLS Loss at 6h | Full",-0.125046584193815,0.129946584193815,-0.630186092230362,-0.629876940842281,0.0150643176028048,0.000674895777940686
0.046225,8.87628217587307,0.42,0.49,22.2828035865344,3,12.9494570866923,0.015472738131668,3.86646990740741,0.153592499564116,-0.107367499564116,0.0111800814728343,0.200055023401487,0.00036636633436601,-0.540026601103135,"OLS Loss at 6h | Full",-0.107367499564116,0.153592499564116,-0.540026601103135,-0.539715356277606,0.0111800814728343,0.00036636633436601
0.600625,10.226516669323,0.07209,0.049999999999999,21.7947107797215,15,9.4586321362491,0.0346675766326791,3.88869212962963,0.144368476074912,0.456256523925088,0.0105017719970979,0.199244478314343,0.00620597530633085,2.2940479653415,"OLS Loss at 6h | Full",0.456256523925088,0.144368476074912,2.2940479653415,2.30205281065596,0.0105017719970979,0.00620597530633085
0.714025,10.1602689656576,0.00818,0.01,20.4168392049505,3,12.6247065166279,0.0410319953500378,4.23378472222222,0.187543800391228,0.526481199608771,0.0128103617528537,0.198956538501915,0.010127104164479,2.65022953979262,"OLS Loss at 6h | Full",0.526481199608771,0.187543800391229,2.65022953979262,2.66332617214965,0.0128103617528537,0.010127104164479
0.3844,9.99250552028362,0.05019,0.08,18.3938377931925,4,13.3658526142586,0.0722110594590085,4.25820601851852,0.219038702603256,0.165361297396744,0.0277308709237075,0.199987986022959,0.00222955188401214,0.838767394867834,"OLS Loss at 6h | Full",0.165361297396744,0.219038702603256,0.838767394867834,0.838564969191331,0.0277308709237075,0.00222955188401214
0.403225,9.75026797157675,0,0,20.6190419664293,3,11.3255184275836,0.0122738694835254,4.31628472222222,0.172625486683476,0.230599513316524,0.0170409807185867,0.199882195379192,0.00260675286029365,1.16329965031822,"OLS Loss at 6h | Full",0.230599513316524,0.172625486683476,1.16329965031822,1.16363444813642,0.0170409807185867,0.00260675286029365
0.0324,9.92574083701749,0.00881,0.019999999999999,20.9719558711502,8,11.1453176333867,0.0427028807599639,4.09153935185185,0.170842234832381,-0.138442234832381,0.00939315640467561,0.20002371900852,0.000509923977181716,-0.695694959091413,"OLS Loss at 6h | Full",-0.138442234832382,0.170842234832382,-0.695694959091413,-0.695402810542521,0.00939315640467561,0.000509923977181716
0.140625,9.26214378413154,0.07244,0.2,20.4321356361938,6,8.64784149492271,0.0257937530135427,4.08299768518518,0.152368897468902,-0.0117438974689022,0.0124149274111147,0.200101904299806,0.00000487954106796287,-0.0591052297230292,"OLS Loss at 6h | Full",-0.0117438974689025,0.152368897468903,-0.0591052297230292,-0.0590573248750806,0.0124149274111147,0.00000487954106796287
0.00000025,9.60957309083077,0.05244,-0.42,20.3467152989466,4,9.68496715622063,0.055351702264578,5.40270833333333,0.184539267027295,-0.184539017027295,0.013873971991554,0.199961885438482,0.00135042882856036,-0.929443317327851,"OLS Loss at 6h | Full",-0.184539017027295,0.184539267027295,-0.929443317327851,-0.929340297099184,0.013873971991554,0.00135042882856036
0.093025,9.81914562938208,0.03563,-0.08,23.5811530734178,18,15.0225461498414,0.0673353553048936,5.1481712962963,0.174362464870484,-0.0813374648704836,0.0230969733704761,0.200074910744927,0.000445033549951781,-0.411590954514871,"OLS Loss at 6h | Full",-0.0813374648704838,0.174362464870484,-0.411590954514871,-0.411312845341735,0.0230969733704761,0.000445033549951781
0.011025,9.90707486931429,0.50685,1.11,24.4192920404079,26,13.3318945225034,0.0209031173422884,6.06572916666667,0.096542809787179,-0.085517809787179,0.00963599212908606,0.200072418780902,0.000199700523413438,-0.429793716944821,"OLS Loss at 6h | Full",-0.0855178097871793,0.0965428097871793,-0.429793716944821,-0.42950865788739,0.00963599212908606,0.000199700523413438
0.0196,11.1066391198442,0.12769,0.03,23.9224697941115,21,14.6589021325079,0.0756314508282876,5.66483796296296,0.157597130869305,-0.137997130869305,0.0333631929385215,0.200022283962166,0.00188990680992819,-0.702003552933527,"OLS Loss at 6h | Full",-0.137997130869305,0.157597130869305,-0.702003552933527,-0.7017137895302,0.0333631929385215,0.00188990680992819
0.00007225,9.73780414635932,0.02055,0,21.4149769742246,4,10.6924694866872,0.0338892772378185,4.13663194444444,0.163306410435658,-0.163234160435658,0.00912386046408337,0.199993008780644,0.000688210537551546,-0.82016698211462,"OLS Loss at 6h | Full",-0.163234160435658,0.163306410435658,-0.82016698211462,-0.819948452158499,0.00912386046408337,0.000688210537551546
0.7396,9.47693337693481,0,0.02,18.7954972946915,3,8.41564830364951,0.0416192487099324,6.17306712962963,0.17311196412645,0.56648803587355,0.0151773953666578,0.198771960294837,0.0139579629028566,2.85504300957537,"OLS Loss at 6h | Full",0.56648803587355,0.17311196412645,2.85504300957537,2.87181604173307,0.0151773953666578,0.0139579629028566
0.0121,10.1534898685408,0,0.17,17.4682298128706,1,6.91568769795652,0.116006110127493,5.08925925925926,0.184686003363227,-0.172586003363227,0.071327353034164,0.199971903838222,0.00684701481919731,-0.895725961465934,"OLS Loss at 6h | Full",-0.172586003363227,0.184686003363227,-0.895725961465934,-0.895581808461729,0.071327353034164,0.00684701481919731
0.001521,10.3179623145461,0.00826,0.02,26.3672607380293,25,12.9486741297891,0.0123818500350516,6.15417824074074,0.10858190448878,-0.10706090448878,0.00936680572196984,0.200055380402214,0.000304079331011197,-0.53799146663008,"OLS Loss at 6h | Full",-0.10706090448878,0.10858190448878,-0.53799146663008,-0.537680435258607,0.00936680572196984,0.000304079331011197
0.021025,10.7247974528329,0.09149,0.09,26.0464729867093,32,15.9621528983587,0.0105987230436678,6.67290509259259,0.126803310737649,-0.105778310737649,0.00922706862398702,0.200056508590064,0.000292326417331097,-0.531508822619096,"OLS Loss at 6h | Full",-0.105778310737649,0.126803310737649,-0.531508822619096,-0.531198543457886,0.00922706862398702,0.000292326417331097
0.00245025,10.2471315110218,0.05303,0.069999999999999,25.92819640361,33,11.468811436554,0.0256483671094049,7.05228009259259,0.0997632851885042,-0.0973130351885042,0.00762356035073355,0.200063634623328,0.000203754080220927,-0.488577781367097,"OLS Loss at 6h | Full",-0.0973130351885043,0.0997632851885043,-0.488577781367097,-0.488275171669027,0.00762356035073355,0.000203754080220927
0.416025,9.52531996500497,0.05,0.04,20.8510751057018,2,11.8170119340319,0.0446531424729928,7.09167824074074,0.172883142120871,0.243141857879129,0.00817500376553224,0.19985975738105,0.00136551554781412,1.221077203444,"OLS Loss at 6h | Full",0.243141857879129,0.172883142120871,1.221077203444,1.22156575787359,0.00817500376553224,0.00136551554781412
0.0225,9.69207497901212,0.03364,-0.26,19.2984034751525,7,9.37334106040948,0.0289041322256097,6.70170138888889,0.179329458478417,-0.156829458478417,0.0158604792888854,0.200000740483401,0.00111948318048897,-0.790679035496846,"OLS Loss at 6h | Full",-0.156829458478417,0.179329458478417,-0.790679035496846,-0.790437804258011,0.0158604792888854,0.00111948318048897
0.018225,10.22993262349,0.21676,0.409999999999999,19.2538024173405,9,13.5092487695304,0.0547950503841367,7.05320601851852,0.186719134287063,-0.168494134287063,0.0204133662546609,0.199984493836053,0.00167864099262921,-0.851460054828349,"OLS Loss at 6h | Full",-0.168494134287063,0.186719134287063,-0.851460054828349,-0.851269430795045,0.0204133662546609,0.00167864099262921
0.164025,9.79780927417486,0.315,0.46,19.0823358182042,3,8.53872226871606,0.0646224691650916,6.74734953703704,0.155984539124946,0.00804046087505386,0.0204711031047523,0.20010220403612,0.00000383378674402587,0.0406324709815124,"OLS Loss at 6h | Full",0.00804046087505367,0.155984539124946,0.0406324709815124,0.040599477508342,0.0204711031047523,0.00000383378674402587
0.081225,10.7452877974332,0.082,0.94,22.1987919679854,2,8.8255738482182,0.0248407487443174,18.4929166666667,0.0678586496929365,0.0133663503070635,0.0224589028346686,0.200101728855364,0.0000116708769317685,0.0676154968643446,"OLS Loss at 6h | Full",0.0133663503070634,0.0678586496929366,0.0676154968643446,0.0675607536719576,0.0224589028346686,0.0000116708769317685
0.6084,9.84361976200063,0.00471,0.069999999999999,21.533287524629,3,13.1356965628681,0.0742117926784761,8.16792824074074,0.175135163660812,0.433264836339188,0.0262142462574001,0.199316429301495,0.0144237023944299,2.19595103512723,"OLS Loss at 6h | Full",0.433264836339188,0.175135163660812,2.19595103512723,2.20281810155983,0.0262142462574001,0.0144237023944299
0.075625,9.1060884614774,0.07669,-0.022,20.3096711721433,8,12.0559608492023,0.0488945656305603,7.76427083333333,0.182786810576302,-0.107161810576302,0.00793252865399928,0.200055359799839,0.000257257852546559,-0.538109122836664,"OLS Loss at 6h | Full",-0.107161810576302,0.182786810576302,-0.538109122836664,-0.537798078828345,0.00793252865399928,0.000257257852546559
0.000025,8.40097661382354,0.06389,0.1,23.8065852112293,24,14.1286231673316,0.0208439856933699,9.17123842592593,0.14636397255219,-0.14633897255219,0.00519716212900317,0.200014847783359,0.000312587467552035,-0.733824843994164,"OLS Loss at 6h | Full",-0.146338972552191,0.146363972552191,-0.733824843994164,-0.7335492168117,0.00519716212900317,0.000312587467552035
0.00000624999999999973,9.82299356941147,0.07743,0.29,23.4803046750099,11,9.01271371596992,0.0145222799802297,14.7022569444444,0.087809199914867,-0.087802949914867,0.0112993538834262,0.200070737737552,0.000247686030863552,-0.441649370042808,"OLS Loss at 6h | Full",-0.0878029499148671,0.0878091999148671,-0.441649370042808,-0.441360156153288,0.0112993538834262,0.000247686030863552
0.4096,8.69282327985498,0,0.019999999999999,17.6937579869208,3,9.51535697314398,0.10409972376517,4.27377314814815,0.212728968222899,0.196871031777101,0.0503287449423851,0.19993631515975,0.00601163320221491,1.01040639930035,"OLS Loss at 6h | Full",0.196871031777101,0.212728968222899,1.01040639930035,1.01042361375084,0.0503287449423851,0.00601163320221491
0.000025,10.7493411544053,0.06597,-0.109999999999999,26.6112800023922,37,15.0587162067802,0.0116650011541511,7.94741898148148,0.117284475633997,-0.117259475633997,0.00797593438618667,0.200046058993153,0.000309736493355944,-0.588827061146416,"OLS Loss at 6h | Full",-0.117259475633997,0.117284475633997,-0.588827061146416,-0.588514061277727,0.00797593438618667,0.000309736493355944
0.018225,9.7928917056941,0.06088,0.8,22.4394655620627,8,14.7593290564081,0.0257208824982699,11.2027662037037,0.133903311324323,-0.115678311324323,0.00858140952355845,0.200047536807742,0.000324719011745446,-0.581064479983871,"OLS Loss at 6h | Full",-0.115678311324323,0.133903311324323,-0.581064479983871,-0.580751316205974,0.00858140952355845,0.000324719011745446
0.00360000000000001,9.94730798315453,0.01446,0.08,21.0335431832129,10,14.5166614577852,0.0264188272558772,15.5514236111111,0.16285622148233,-0.159256221482329,0.0109101617544938,0.199998092088745,0.000786161640330541,-0.800902140888132,"OLS Loss at 6h | Full",-0.15925622148233,0.16285622148233,-0.800902140888132,-0.80066839303386,0.0109101617544938,0.000786161640330541
0.00302500000000001,9.58527675575041,0.11257,0.25,23.6081137775505,18,12.4507426732621,0.0203818890911531,15.4514236111111,0.112016115353754,-0.108991115353754,0.00340012490589572,0.200053959063435,0.000113030261759303,-0.546048979604876,"OLS Loss at 6h | Full",-0.108991115353754,0.112016115353754,-0.546048979604876,-0.545737167221369,0.00340012490589572,0.000113030261759303
0.0000360000000000001,9.92088691528448,0.03502,-0.05,23.5913003257437,14,13.6990995449399,0.0119222104236342,7.92269675925926,0.147379798319361,-0.147343798319361,0.00607337339074095,0.200013561715687,0.000370974774189261,-0.739189204712628,"OLS Loss at 6h | Full",-0.147343798319361,0.147379798319361,-0.739189204712628,-0.738916313786684,0.00607337339074095,0.000370974774189261
0.000196,9.33901646599169,0.01846,0.06,23.5454645908938,23,15.3694366279465,0.0281663055186223,7.91315972222222,0.159959476553907,-0.159763476553907,0.00443685694611726,0.199998109127458,0.000317579262568337,-0.800836787042547,"OLS Loss at 6h | Full",-0.159763476553907,0.159959476553907,-0.800836787042547,-0.800602990055291,0.00443685694611726,0.000317579262568337
0.00302500000000001,9.28804440026972,0.017,0.35,22.542138606705,4,12.998720230377,0.0134404148871958,8.02232638888889,0.14444458798879,-0.14141958798879,0.00803617188342268,0.200020406954403,0.000453979252531088,-0.710170399897051,"OLS Loss at 6h | Full",-0.14141958798879,0.14444458798879,-0.710170399897051,-0.709883927040572,0.00803617188342268,0.000453979252531088
0.0225,9.56050191840087,0.02871,0.1,22.4427967163211,13,10.1356348575821,0.0248656746546734,15.3686921296296,0.115633354693943,-0.0931333546939434,0.00593776837053878,0.200066959851507,0.000144865818015002,-0.467196281025787,"OLS Loss at 6h | Full",-0.0931333546939436,0.115633354693944,-0.467196281025787,-0.466899154093957,0.00593776837053878,0.000144865818015002
0.00302500000000001,9.48152542106954,0.22907,-0.339999999999999,22.0695152188389,4,7.97934159183943,0.0340134406139453,8.02200231481481,0.140535855747771,-0.137510855747771,0.0137772167390012,0.200024429833682,0.000744465750550874,-0.692548808323191,"OLS Loss at 6h | Full",-0.137510855747771,0.140535855747771,-0.692548808323191,-0.692255520890191,0.0137772167390012,0.000744465750550874
0.001296,9.43048909029149,0.02363,-0.01,21.6554430466505,16,10.1922502908581,0.0241296726162494,7.76457175925926,0.146140918760757,-0.144844918760757,0.0060950948188673,0.20001655067893,0.00035979626619616,-0.726660853623272,"OLS Loss at 6h | Full",-0.144844918760757,0.146140918760757,-0.726660853623272,-0.726381732958629,0.0060950948188673,0.00035979626619616
0.216225,8.64287709092948,0.08055,0.169999999999999,20.9482626532637,3,13.1383848064599,0.0202155559149707,7.98225694444444,0.174142454270917,0.042082545729083,0.00848430147377831,0.200095203849512,0.0000424795820789053,0.211374758207881,"OLS Loss at 6h | Full",0.0420825457290828,0.174142454270917,0.211374758207881,0.211210511178538,0.00848430147377831,0.0000424795820789053
0.02117025,13.8106295948798,0.0328,0.05,29.1427094757062,65,14.5382940853472,0.0198754496466454,8.9903125,0.0587673225534473,-0.0375970725534473,0.0441800606411055,0.200096454136805,0.000189994715318597,-0.192338801072205,"OLS Loss at 6h | Full",-0.0375970725534475,0.0587673225534474,-0.192338801072205,-0.192188144897533,0.0441800606411055,0.000189994715318597
0.00722499999999999,9.93451205138156,0.00574,0.04,25.6750092155566,54,11.2864093036613,0.0192962100840225,8.98255787037037,0.093871501238665,-0.086646501238665,0.0157695436240521,0.200071427881389,0.00033969324553571,-0.436821039423947,"OLS Loss at 6h | Full",-0.0866465012386652,0.0938715012386652,-0.436821039423947,-0.436533481542674,0.0157695436240521,0.00033969324553571
0.403225,9.93659050273285,0.06032,0.08,25.5613318656914,35,14.8366238412919,0.0131736312206222,8.63607638888889,0.123284762289582,0.279940237710418,0.00491077523506256,0.199781723105774,0.00108022938967527,1.40357373414654,"OLS Loss at 6h | Full",0.279940237710418,0.123284762289582,1.40357373414654,1.40468375763016,0.00491077523506256,0.00108022938967527
0.245025,9.82776666924027,0.13471,0.05,24.4137299370854,39,15.8018126849565,0.0188313113304476,8.63471064814815,0.144839059812764,0.100185940187236,0.010290873776952,0.200061196405407,0.000293096061493531,0.50367907389309,"OLS Loss at 6h | Full",0.100185940187236,0.144839059812764,0.50367907389309,0.503373245646238,0.010290873776952,0.000293096061493531
0.015625,8.76746642773375,0.03606,-0.519999999999999,23.9580593454826,18,14.8411839630874,0.0171475356649288,8.64033564814815,0.172501895651254,-0.156876895651254,0.00679283209817296,0.200001608492019,0.000471029912950092,-0.787299510289273,"OLS Loss at 6h | Full",-0.156876895651254,0.172501895651254,-0.787299510289273,-0.787055894278636,0.00679283209817296,0.000471029912950092
0.002025,8.82586308560254,0.0582,0.429999999999999,22.8640195582289,9,12.8250234581459,0.0210403416076607,8.64399305555555,0.13770563388762,-0.13568063388762,0.00493771118826704,0.200027168920333,0.000255164470045825,-0.680289311160758,"OLS Loss at 6h | Full",-0.13568063388762,0.13770563388762,-0.680289311160758,-0.679991903854794,0.00493771118826704,0.000255164470045825
0.00000400000000000001,10.1349655878665,0.22725,0.32,22.6394842482137,20,9.95969744142789,0.0326995512321695,8.6328587962963,0.116853588980276,-0.116849588980276,0.00613312028382067,0.200046556638407,0.000235634430456696,-0.586224543592157,"OLS Loss at 6h | Full",-0.116849588980276,0.116853588980276,-0.586224543592157,-0.585911469586121,0.00613312028382067,0.000235634430456696
0.002025,9.79549129809083,0.01613,0.25,25.9211263784028,33,10.2496921308177,0.0157560300947569,9.9777662037037,0.0779602801389369,-0.0759352801389369,0.00845011179417654,0.200078805395501,0.000137746267192201,-0.381405746114524,"OLS Loss at 6h | Full",-0.0759352801389371,0.0779602801389371,-0.381405746114524,-0.381140613610171,0.00845011179417654,0.000137746267192201
0.000256,8.95289128416265,0,-0.199999999999999,18.8636138416293,3,7.58417743531352,0.0606580661875506,2.81875,0.187819833317377,-0.187563833317377,0.0198354456150345,0.199956353531827,0.00201883813732432,-0.947546475632151,"OLS Loss at 6h | Full",-0.187563833317377,0.187819833317377,-0.947546475632151,-0.947467660343655,0.0198354456150345,0.00201883813732432
0.00722499999999999,10.2287099480017,0.0195,0.04,22.9059782310955,20,16.1084557556416,0.0300308018775943,9.97237268518519,0.165320223021182,-0.158095223021182,0.00789895731943389,0.199999921116684,0.000557512712962107,-0.793855963678089,"OLS Loss at 6h | Full",-0.158095223021182,0.165320223021182,-0.793855963678089,-0.793617014483093,0.00789895731943389,0.000557512712962107
0.6561,9.63162757713987,0.025,-0.05,22.1864346302436,16,14.1672390932569,0.0261376824008722,9.68392361111111,0.165867040349655,0.490232959650346,0.00474302381861894,0.199117352230165,0.00319852082694746,2.45773926922541,"OLS Loss at 6h | Full",0.490232959650345,0.165867040349655,2.45773926922541,2.46788991275183,0.00474302381861894,0.00319852082694746
0.013689,10.4232400057544,0.02495,0.08,23.8709643716129,31,10.6011402426306,0.0181049744455246,14.1126041666667,0.0978843156864437,-0.0841953156864437,0.00735327716561753,0.200073408195054,0.000147037020568099,-0.422660332384209,"OLS Loss at 6h | Full",-0.0841953156864438,0.0978843156864438,-0.422660332384209,-0.422377915740009,0.00735327716561753,0.000147037020568099
0.000000249999999999945,9.85978768006144,0.04135,0.069999999999999,23.210702695154,22,14.5197746032851,0.0168840057467215,10.7700347222222,0.146244690182495,-0.146244440182495,0.00505507564027577,0.200014973479862,0.000303562157175415,-0.733298440019938,"OLS Loss at 6h | Full",-0.146244440182495,0.146244690182495,-0.733298440019938,-0.733022549898994,0.00505507564027577,0.000303562157175415
0.001225,9.4069967662018,0.0513,0.029999999999999,25.487345568421,36,10.8814681654083,0.0162827304987257,15.2448958333333,0.0844931999238948,-0.0832681999238948,0.00814221519153784,0.200074022187982,0.00015950027675453,-0.418172423982256,"OLS Loss at 6h | Full",-0.083268199923895,0.084493199923895,-0.418172423982256,-0.41789172366336,0.00814221519153784,0.00015950027675453
0.00902499999999999,9.91372833551092,0.03792,0.12,25.1690048775709,28,14.0806736398205,0.0262737327312317,15.2915393518519,0.109266121573766,-0.100241121573766,0.00397913067810251,0.200061412799986,0.000112021784067358,-0.502357181684977,"OLS Loss at 6h | Full",-0.100241121573766,0.109266121573766,-0.502357181684977,-0.502051613036072,0.00397913067810251,0.000112021784067358
0.00562499999999999,9.17507627411107,0.01909,0.169999999999999,24.841460380422,30,9.93772463846508,0.0162984956473054,15.3439930555556,0.0817814972947311,-0.0761564972947311,0.00889026433860532,0.200078656717502,0.000145896353331326,-0.382601798459417,"OLS Loss at 6h | Full",-0.0761564972947313,0.0817814972947313,-0.382601798459417,-0.382336118637506,0.00889026433860532,0.000145896353331326
0.002025,9.21989693273783,0.14266,0.149999999999999,24.8110274456643,41,10.5885344948837,0.018312339999328,15.3423726851852,0.0854032433618542,-0.0833782433618542,0.0108851836535269,0.200073867823514,0.000214984501879582,-0.419305254234895,"OLS Loss at 6h | Full",-0.0833782433618544,0.0854032433618544,-0.419305254234895,-0.419024116790581,0.0108851836535269,0.000214984501879582
0.4225,9.39531183599598,0.01678,0.01,23.8495012845185,18,16.1425951210262,0.0220805405460463,15.1518634259259,0.147068735326249,0.275431264673751,0.00607905566574808,0.19979161518201,0.0012975324647469,1.38177786775034,"OLS Loss at 6h | Full",0.275431264673751,0.147068735326249,1.38177786775034,1.38280218521248,0.00607905566574808,0.0012975324647469
0.00000624999999999973,9.45868366939365,0.01118,0.029999999999999,22.4996887398713,14,10.1133000998766,0.0349994822688169,14.2908217592593,0.121970838688656,-0.121964588688656,0.0060678851820003,0.200041557372594,0.000253951477394558,-0.611865985803623,"OLS Loss at 6h | Full",-0.121964588688656,0.121970838688656,-0.611865985803623,-0.611554501010792,0.0060678851820003,0.000253951477394558
0.00902499999999999,9.17564287696646,0.0836,0.139999999999999,21.8508706701449,13,14.60428546633,0.0301358436310288,15.353599537037,0.156256161806033,-0.147231161806033,0.00661746020460663,0.200013648995368,0.000404033240489206,-0.738826382491198,"OLS Loss at 6h | Full",-0.147231161806033,0.156256161806033,-0.738826382491198,-0.738553303228884,0.00661746020460663,0.000404033240489206
0.119025,9.65151580865636,0.07634,0.31,21.2902457366089,15,16.014771456042,0.0522706666927696,15.2402662037037,0.168340423439197,-0.0493154234391968,0.0152524536314652,0.200092421826915,0.000106319948224401,-0.248554270861643,"OLS Loss at 6h | Full",-0.049315423439197,0.168340423439197,-0.248554270861643,-0.248364586931384,0.0152524536314652,0.000106319948224401
0.070225,9.69724650270585,0.18607,0.06,25.6038880346285,26,14.0702004465683,0.0138576606525516,15.7553587962963,0.10450100758533,-0.0342760075853302,0.00466165353665745,0.200097669058851,0.000015365203130206,-0.171832686230387,"OLS Loss at 6h | Full",-0.0342760075853303,0.10450100758533,-0.171832686230387,-0.171697049706182,0.00466165353665745,0.000015365203130206
0.164025,9.23207231459314,0.03103,-1.399,22.4045131004027,10,13.6742442014372,0.0578864128850184,8.63434027777778,0.21996158440727,-0.0559365844072701,0.0242798982235829,0.200089422043862,0.000221792864518416,-0.283226727867315,"OLS Loss at 6h | Full",-0.0559365844072702,0.21996158440727,-0.283226727867315,-0.283014826642673,0.0242798982235829,0.000221792864518416
0.00000025,11.7702253214682,0.11066,0.079999999999999,23.6456140177208,29,14.2206189569567,0.0212664338719916,21.745787037037,0.104062864411917,-0.104062614411917,0.0185886053310679,0.200057563328864,0.000580889337401576,-0.525375845339296,"OLS Loss at 6h | Full",-0.104062614411917,0.104062864411917,-0.525375845339296,-0.525066378171928,0.0185886053310679,0.000580889337401576
0.00722499999999999,9.90768003508646,0.03493,0.089999999999999,23.4888209852023,27,15.0895534977294,0.0219498200370611,15.1107060185185,0.136284835205732,-0.129059835205732,0.0059439238152652,0.200034271034997,0.000278479354159954,-0.647420700356083,"OLS Loss at 6h | Full",-0.129059835205732,0.136284835205732,-0.647420700356083,-0.647114686180981,0.0059439238152652,0.000278479354159954
0.225625,9.55729836546212,0.03595,0,23.1324622359,20,14.540772334703,0.0215278308934002,15.3593634259259,0.14189040712721,0.0837345928727904,0.00447771531130601,0.200073808474988,0.0000880488436798442,0.419739979684568,"OLS Loss at 6h | Full",0.0837345928727903,0.14189040712721,0.419739979684568,0.419458675189131,0.00447771531130601,0.0000880488436798442
0.001444,9.80781191853155,0.05886,0.53,24.0210334035483,42,10.6232078502909,0.0382837909050605,9.98241898148148,0.0937771922447495,-0.0923331922447495,0.0117944974452377,0.200067360616762,0.000286193609040521,-0.464552855547268,"OLS Loss at 6h | Full",-0.0923331922447496,0.0937771922447496,-0.464552855547268,-0.464256479800037,0.0117944974452377,0.000286193609040521
0.00148225,9.54653435095876,0.01334,0.02,25.5681643754378,53,10.5798681851565,0.0231079902999829,11.0322222222222,0.0885602112023035,-0.0870779612023035,0.0162102435857107,0.200071103863215,0.000352988679520146,-0.439094524193845,"OLS Loss at 6h | Full",-0.0870779612023037,0.0885602112023037,-0.439094524193845,-0.438806180336967,0.0162102435857107,0.000352988679520146
0.00409599999999999,9.47285496052906,0.02161,0.059999999999999,23.3829549333208,46,10.5163517078347,0.0186732462144939,11.0321990740741,0.111890167603939,-0.107794167603939,0.0183168958876411,0.200054297745636,0.000613845526905105,-0.544139836995414,"OLS Loss at 6h | Full",-0.107794167603939,0.111890167603939,-0.544139836995414,-0.543828194120469,0.0183168958876411,0.000613845526905105
0.0144,9.35728565280915,0.01214,0.1,22.003769143212,12,16.1867882117397,0.0457556600863394,11.0308101851852,0.179830924317594,-0.165430924317594,0.0102277142649503,0.199989916423584,0.00079414668199107,-0.831667956701385,"OLS Loss at 6h | Full",-0.165430924317594,0.179830924317594,-0.831667956701385,-0.831459218653501,0.0102277142649503,0.00079414668199107
0.00489999999999999,9.58237600813391,0.00324,0.01,21.8310912252977,15,13.9030967683932,0.0343818448475731,11.0296296296296,0.164549260690032,-0.159649260690032,0.00457910216187969,0.199998243437106,0.000327385901540453,-0.800321440705033,"OLS Loss at 6h | Full",-0.159649260690032,0.164549260690032,-0.800321440705033,-0.800087256866168,0.00457910216187969,0.000327385901540453
0.00562499999999999,9.46291771818486,0.10821,0.16,21.5445274301193,10,12.7485542698621,0.0333409275133474,10.5833449074074,0.15616101517152,-0.15053601517152,0.00405524847934372,0.200009854653849,0.000257505868968956,-0.754438267675208,"OLS Loss at 6h | Full",-0.15053601517152,0.15616101517152,-0.754438267675208,-0.754173725056301,0.00405524847934372,0.000257505868968956
0.00360000000000001,9.74372578521806,0.02444,0.39,26.1085024137369,54,15.9229908007445,0.0182393767724766,11.1491666666667,0.106068521765543,-0.102468521765543,0.0159206867091869,0.200059046897044,0.000479779688710901,-0.516626092821728,"OLS Loss at 6h | Full",-0.102468521765543,0.106068521765543,-0.516626092821728,-0.516317950742507,0.0159206867091869,0.000479779688710901
0.00489999999999999,9.65815000226691,0.02586,0.039999999999999,25.1803350069338,51,13.6519261235466,0.0270630411561424,11.1496527777778,0.115012401782764,-0.110112401782764,0.0130591196842544,0.200052470928176,0.000451817888352165,-0.554359613860225,"OLS Loss at 6h | Full",-0.110112401782765,0.115012401782765,-0.554359613860225,-0.554047177198043,0.0130591196842544,0.000451817888352165
0.000000249999999999945,9.66810079086908,0.05939,0.129999999999999,23.8075572221045,28,10.9297025592353,0.0228087607865926,11.1496527777778,0.110935038720943,-0.110934788720943,0.00363919752779216,0.200052201038618,0.000125391242930784,-0.555853520811977,"OLS Loss at 6h | Full",-0.110934788720943,0.110935038720943,-0.555853520811977,-0.555540991661891,0.00363919752779216,0.000125391242930784
0.00000624999999999973,9.86971733682171,0.02914,0.24,22.5262046747483,13,15.8922369622679,0.0301442648688309,11.1457175925926,0.16111646732269,-0.16111021732269,0.00711360995477492,0.199996055561912,0.000520590723731026,-0.808675380957799,"OLS Loss at 6h | Full",-0.16111021732269,0.16111646732269,-0.808675380957799,-0.808447596643759,0.00711360995477492,0.000520590723731026
0.00722499999999999,9.66100286996256,0.00173,0.03,21.3073836736548,9,14.5500385450689,0.0223350090648662,10.8626851851852,0.173466040605578,-0.166241040605578,0.00889828761387332,0.199988963538144,0.000695834261002488,-0.835179936313415,"OLS Loss at 6h | Full",-0.166241040605579,0.173466040605578,-0.835179936313415,-0.834974295178274,0.00889828761387332,0.000695834261002488
0.000900000000000002,9.27079743010755,0.01407,0.04,24.0875391727614,22,17.0266142711927,0.0229443193347273,12.140162037037,0.156664494501361,-0.155764494501361,0.00699136602069361,0.200003014327535,0.00047813689306174,-0.781794975377129,"OLS Loss at 6h | Full",-0.155764494501362,0.156664494501362,-0.781794975377129,-0.781547569055709,0.00699136602069361,0.00047813689306174
0.00902499999999999,9.50160786887989,0.09607,0.36,23.910431337004,31,14.9474924937643,0.0207391688463556,11.8266666666667,0.129113149593535,-0.120088149593535,0.00553007939764906,0.200043449546162,0.000224133975350079,-0.602289433815661,"OLS Loss at 6h | Full",-0.120088149593535,0.129113149593535,-0.602289433815661,-0.601977130149276,0.00553007939764906,0.000224133975350079
0.00302500000000001,9.90525875827474,0.00484,0.03,23.8104195610276,21,15.5433634285719,0.0298617525744423,12.1378472222222,0.147772151965731,-0.144747151965731,0.00420963276005274,0.200016829157727,0.0002472223602814,-0.725482572127933,"OLS Loss at 6h | Full",-0.144747151965731,0.147772151965731,-0.725482572127933,-0.72520289437321,0.00420963276005274,0.0002472223602814
0.00422499999999999,9.87412131007326,0.00879,0.27,23.3544222667058,22,13.6947081551265,0.0341403493503347,12.138287037037,0.131286851295427,-0.127061851295427,0.00302207666649346,0.200036560471446,0.000136434460165466,-0.636463239682219,"OLS Loss at 6h | Full",-0.127061851295427,0.131286851295427,-0.636463239682219,-0.636155123797361,0.00302207666649346,0.000136434460165466
0.000506249999999998,9.4261023094506,0.03589,0.099999999999999,23.3472661534283,22,10.5616744314873,0.0304645698382667,12.1390277777778,0.115919336626296,-0.115413086626296,0.00392416678351044,0.200048044180182,0.000146430682802402,-0.57837534489796,"OLS Loss at 6h | Full",-0.115413086626296,0.115919336626296,-0.57837534489796,-0.578062164309563,0.00392416678351044,0.000146430682802402
0.366025,9.99980568450414,0.31353,-0.089999999999999,20.2030191219036,9,9.55081359284981,0.0338173662698115,17.1457986111111,0.139194454350558,0.226830545649442,0.0128151757280675,0.199890253689503,0.00188057225639178,1.14183465393271,"OLS Loss at 6h | Full",0.226830545649442,0.139194454350558,1.14183465393271,1.14211722932497,0.0128151757280675,0.00188057225639178
0.00705599999999999,9.58457839325093,0.01721,0.02,21.9612109759661,5,13.0110740511902,0.0159024389943145,16.8660069444444,0.141452959295627,-0.134396959295627,0.00853452532617019,0.200028319249745,0.000435875432403834,-0.675074280731241,"OLS Loss at 6h | Full",-0.134396959295627,0.141452959295627,-0.675074280731241,-0.674775272778143,0.00853452532617019,0.000435875432403834
0.442225,9.13584030102331,0.07119,0.079999999999999,21.9320475695196,21,10.2867806253421,0.0269630395116455,16.8655439814815,0.120342288813103,0.321882711186897,0.00799646903880738,0.199676978820651,0.00234005707577986,1.61637438265343,"OLS Loss at 6h | Full",0.321882711186897,0.120342288813103,1.61637438265343,1.61850127052971,0.00799646903880738,0.00234005707577986
0.001296,10.0268669036555,0.05476,0.319999999999999,21.9506324476297,10,13.5128527506299,0.0347047311059559,12.7835185185185,0.144084504632399,-0.142788504632399,0.00566081435214027,0.200019010069901,0.000324455857145274,-0.716187744779819,"OLS Loss at 6h | Full",-0.142788504632399,0.144084504632399,-0.716187744779819,-0.715903844274935,0.00566081435214027,0.000324455857145274
0.000676000000000001,9.1490659347692,0.02557,0.02,24.4852391420241,25,15.764751151579,0.0157747450450232,11.8186111111111,0.143088568983495,-0.142412568983495,0.00490167887335111,0.20001951241505,0.000279041523873205,-0.714029641726399,"OLS Loss at 6h | Full",-0.142412568983495,0.143088568983495,-0.714029641726399,-0.713744804143848,0.00490167887335111,0.000279041523873205
0.00140625,9.28623887622728,0.08641,0.03,20.349405712833,4,12.6702521698202,0.0313459613966369,11.817662037037,0.172440064755334,-0.171033814755334,0.00747971042690885,0.199982493979797,0.00061734692201296,-0.858644124991924,"OLS Loss at 6h | Full",-0.171033814755334,0.172440064755334,-0.858644124991924,-0.858460477249466,0.00747971042690885,0.00061734692201296
0.2704,9.97399550596657,0,0.02,19.7764784133799,3,9.68804958834625,0.0279409668549589,12.1309027777778,0.15305963649061,0.11734036350939,0.0128754199693144,0.200045700695634,0.000505675199712319,0.590693733139813,"OLS Loss at 6h | Full",0.11734036350939,0.15305963649061,0.590693733139813,0.590380798429948,0.0128754199693144,0.000505675199712319
0.00722499999999999,9.49079731769801,0.06323,0.44,22.9117842136173,25,9.94097789301924,0.0232524221355876,9.43275462962963,0.107865568854071,-0.100640568854071,0.0059438127713604,0.200061003069918,0.000169335785174316,-0.504857175964999,"OLS Loss at 6h | Full",-0.100640568854071,0.107865568854071,-0.504857175964999,-0.504551119976863,0.0059438127713604,0.000169335785174316
0.055225,10.4689683385539,0.03397,0.619999999999999,27.1792258852832,47,15.0930746414387,0.0397693118686778,16.0871296296296,0.0703787207006968,-0.0151537207006968,0.016624584912796,0.200101522309741,0.000010972611415537,-0.0764294126988831,"OLS Loss at 6h | Full",-0.015153720700697,0.070378720700697,-0.0764294126988831,-0.0763676123673296,0.016624584912796,0.000010972611415537
0.189225,9.78489316560455,1.23239,-1.54,24.8727110247137,30,11.7630604325286,0.0133239748788077,14.7499421296296,0.153780266824513,0.0354447331754869,0.0242783430428344,0.200097232616021,0.0000890491753302449,0.179469088136357,"OLS Loss at 6h | Full",0.0354447331754868,0.153780266824513,0.179469088136357,0.179327814941512,0.0242783430428344,0.0000890491753302449
0.011025,9.87244602275119,0.19639,0.33,23.7677482206848,15,8.60221584680249,0.0161724502458788,15.0303125,0.0785444349558317,-0.0675194349558317,0.0115766687556246,0.200083701769279,0.000150146272127107,-0.3396708063888,"OLS Loss at 6h | Full",-0.067519434955832,0.078544434955832,-0.3396708063888,-0.339426379222648,0.0115766687556246,0.000150146272127107
0.027225,9.80541234854326,0.04607,-0.159999999999999,23.38821714119,29,14.4776440994261,0.028302331991353,15.7010069444444,0.141814000289152,-0.114589000289152,0.00607731567051434,0.200048702535389,0.000224518315870509,-0.574867221700401,"OLS Loss at 6h | Full",-0.114589000289152,0.141814000289152,-0.574867221700401,-0.574554049853087,0.00607731567051434,0.000224518315870509
0.001936,10.307942557662,0.04103,0.099999999999999,25.6939978255095,39,10.9652586281272,0.017577071404561,16.0931944444444,0.0737916536664743,-0.0718556536664743,0.00850082450259395,0.200081279176349,0.000124095933239436,-0.360923934413948,"OLS Loss at 6h | Full",-0.0718556536664745,0.0737916536664745,-0.360923934413948,-0.360668580431663,0.00850082450259395,0.000124095933239436
0.00302500000000001,10.0133916733888,0.01361,0.04,22.9008287909383,21,11.957715523778,0.0170888135723898,14.7485532407407,0.122376679386092,-0.119351679386092,0.00517833720276041,0.200044191995432,0.000207164937571307,-0.598489912219241,"OLS Loss at 6h | Full",-0.119351679386092,0.122376679386092,-0.598489912219241,-0.598177358610088,0.00517833720276041,0.000207164937571307
0.024025,9.55983085192885,0,0.22,19.3053740082334,2,13.9582314722981,0.0526038150256923,14.7488078703704,0.182926370851182,-0.158901370851182,0.0160560281900474,0.199998013242809,0.00116389015861094,-0.801204493592994,"OLS Loss at 6h | Full",-0.158901370851182,0.182926370851182,-0.801204493592994,-0.800970973264902,0.0160560281900474,0.00116389015861094
0.1764,8.92645806725465,0.09212,-0.199999999999999,20.2391929933058,11,9.79029857400511,0.0432877522028984,15.0286458333333,0.15585116342228,0.0205488365777199,0.0101809689248136,0.200100736548737,0.0000121958286500454,0.103302362916661,"OLS Loss at 6h | Full",0.0205488365777197,0.15585116342228,0.103302362916661,0.10321923861291,0.0101809689248136,0.0000121958286500454
0.00902499999999999,10.8507827620526,0,0.039999999999999,23.0709219349846,1,16.1420666981168,0.0301018456677362,15.0277893518519,0.153179338510085,-0.144154338510085,0.0168267337922734,0.200016439062793,0.00100543607130207,-0.727132580151774,"OLS Loss at 6h | Full",-0.144154338510085,0.153179338510085,-0.727132580151774,-0.726853683899768,0.0168267337922734,0.00100543607130207
0.024025,9.84099396975281,0.31941,0.04,22.3726770906805,11,13.45512585073,0.0182362242853901,16.0834490740741,0.138962720583982,-0.114937720583982,0.00666467683690271,0.200048342731409,0.000248011501773496,-0.57678712502981,"OLS Loss at 6h | Full",-0.114937720583982,0.138962720583982,-0.57678712502981,-0.576473944107595,0.00666467683690271,0.000248011501773496
0.001369,10.2443640395495,0.21868,1,26.3116690700949,46,12.3822112492508,0.0335141271048195,22.4219212962963,0.0317227751172225,-0.0303537751172225,0.0217183900227867,0.200098639840103,0.0000581145123786587,-0.153490564946271,"OLS Loss at 6h | Full",-0.0303537751172226,0.0317227751172226,-0.153490564946271,-0.15336866274374,0.0217183900227867,0.0000581145123786587
0.002116,9.84355447229656,0.01938,0.08,23.9465468539667,22,15.6200690499738,0.013146888334414,22.1125578703704,0.119077674229582,-0.116961674229582,0.0114193070200603,0.200046149686864,0.000444285334942388,-0.588353621805346,"OLS Loss at 6h | Full",-0.116961674229582,0.119077674229582,-0.588353621805346,-0.588040607003922,0.0114193070200603,0.000444285334942388
0.00722499999999999,9.51299665985866,0.07049,0.5,25.8435806027172,27,15.2998012287763,0.0182307280763853,23.1796527777778,0.0793509387513492,-0.0721259387513492,0.0137971483690176,0.200081004747785,0.000205115797040784,-0.363253049523449,"OLS Loss at 6h | Full",-0.0721259387513493,0.0793509387513493,-0.363253049523449,-0.362996545571062,0.0137971483690176,0.000205115797040784
0.011025,10.2273685838353,0.03558,0.16,25.320573952541,40,16.5169052859791,0.0219782645670594,23.4189814814815,0.100586757864364,-0.0895617578643643,0.0162445760535965,0.200069287518141,0.00037423003911613,-0.451627060792056,"OLS Loss at 6h | Full",-0.0895617578643644,0.100586757864364,-0.451627060792056,-0.451334584530057,0.0162445760535965,0.00037423003911613
0.00562499999999999,9.37622535874141,0.09218,0.79,24.919155504507,31,14.4840042130606,0.0167170446682263,23.419212962963,0.0720848177940299,-0.0664598177940299,0.0145324878749723,0.200084231783707,0.000183710070466732,-0.334841213891637,"OLS Loss at 6h | Full",-0.06645981779403,0.07208481779403,-0.334841213891637,-0.334599375759471,0.0145324878749723,0.000183710070466732
0.042025,8.83885776951684,0.08222,0.169999999999999,23.1178867775105,19,13.3833224844273,0.0191596588982682,23.14375,0.112526660651332,-0.070501660651332,0.0129741462954899,0.200081977927877,0.000183983871009314,-0.354924516767635,"OLS Loss at 6h | Full",-0.070501660651332,0.112526660651332,-0.354924516767635,-0.354672168743075,0.0129741462954899,0.000183983871009314
0.0361,10.4653604740565,0.1595,0.099999999999999,22.4832984392895,21,15.2933585258718,0.0380370628900578,23.1447222222222,0.131563008901505,-0.0954630089015048,0.0161826403508986,0.200064772238335,0.000423496652419944,-0.481369750123224,"OLS Loss at 6h | Full",-0.0954630089015049,0.131563008901505,-0.481369750123224,-0.481068869367342,0.0161826403508986,0.000423496652419944
0.00489999999999999,9.35618000994671,0.02199,0.01,25.0487367200253,22,9.94020965396889,0.0117861749047229,23.1453935185185,0.0673280840407022,-0.0624280840407022,0.0181893880792429,0.200086317924941,0.000204400513616845,-0.315113538512153,"OLS Loss at 6h | Full",-0.0624280840407024,0.0673280840407024,-0.315113538512153,-0.314882665572598,0.0181893880792429,0.000204400513616845
0.047961,8.96090289758616,0.00806,0.03,24.4583488131107,18,10.3996318688817,0.0152521944291301,24.0997916666667,0.0776219020431056,-0.0296609020431056,0.0192220988444684,0.200098822138641,0.0000488638291238474,-0.149795903180355,"OLS Loss at 6h | Full",-0.0296609020431058,0.0776219020431057,-0.149795903180355,-0.149676798916044,0.0192220988444684,0.0000488638291238474
0.00422499999999999,9.02725985840738,0.02477,0.059999999999999,22.8344237911925,12,14.4524394827809,0.0229407736768054,24.1002546296296,0.12661238447977,-0.12238738447977,0.0147957179451654,0.200040590769642,0.000634623418685799,-0.616700677327114,"OLS Loss at 6h | Full",-0.12238738447977,0.12661238447977,-0.616700677327114,-0.616389709722371,0.0147957179451654,0.000634623418685799
0.001156,9.82298280380056,0.01249,0.09,24.3216417081028,29,16.8917794561371,0.0231989842503819,24.1007638888889,0.11977601631676,-0.11862001631676,0.0161914910657638,0.200044259929389,0.000654245854347217,-0.598141050837621,"OLS Loss at 6h | Full",-0.11862001631676,0.11977601631676,-0.598141050837621,-0.597828476397398,0.0161914910657638,0.000654245854347217
0.00133225,10.2819576450187,0.07557,0.079999999999999,28.3029466216146,51,12.2984260435877,0.0256919820506958,2.41743055555556,0.0858938507393606,-0.0845616007393606,0.019970075880989,0.200072777278068,0.000413244191381394,-0.4272228219641,"OLS Loss at 6h | Full",-0.0845616007393608,0.0858938507393608,-0.4272228219641,-0.426938703038471,0.019970075880989,0.000413244191381394
0.00639999999999999,9.74580543103573,0.06975,0.219999999999999,26.684590330976,37,10.1569881311148,0.010510620430634,2.4049537037037,0.0857330315562967,-0.0793330315562967,0.0154161631640623,0.200076457090901,0.000278187953555574,-0.399879017575823,"OLS Loss at 6h | Full",-0.079333031556297,0.085733031556297,-0.399879017575823,-0.39960573359103,0.0154161631640623,0.000278187953555574
0.00697225,9.15919819395945,0.17505,0.379999999999999,23.8147151209579,33,10.9893377616087,0.0280099247623891,2.40634259259259,0.124525798259674,-0.117553548259674,0.00904312032505672,0.200045714573954,0.000353703701853503,-0.590621539237798,"OLS Loss at 6h | Full",-0.117553548259674,0.124525798259674,-0.590621539237798,-0.590308601821349,0.00904312032505672,0.000353703701853503
0.1936,7.42066971745493,0.14984,-0.45,21.8058265986417,22,13.9452724692703,0.0358102789149151,2.40703703703704,0.210321242904677,-0.0167212429046768,0.0173427320480065,0.200101314690306,0.0000139575698296898,-0.0843661901812038,"OLS Loss at 6h | Full",-0.016721242904677,0.210321242904677,-0.0843661901812038,-0.0842980596876026,0.0173427320480065,0.0000139575698296898
0.7396,8.18050029733196,0.00355,-0.01,21.9381285518515,20,9.99386252482146,0.0295362484831394,0.389027777777778,0.16446467843619,0.57513532156381,0.0117553974281139,0.198735654942701,0.0110664370974287,2.89360157372905,"OLS Loss at 6h | Full",0.57513532156381,0.16446467843619,2.89360157372905,2.91113284612565,0.0117553974281139,0.0110664370974287
0.7056,9.29425724300892,0.03655,-0.29,24.1326527885703,22,15.3543609182198,0.0232030005443315,7.37637731481481,0.166744686970672,0.538855313029328,0.00494049360139449,0.198911398144374,0.00402694685707257,2.70177114986378,"OLS Loss at 6h | Full",0.538855313029328,0.166744686970672,2.70177114986378,2.71573864703297,0.00494049360139449,0.00402694685707257
0.5776,8.95110685226894,0.05458,0.129999999999999,22.1437468718587,16,14.1197110851004,0.0221796454793733,9.37216435185185,0.162583169502356,0.415016830497644,0.00517742875374505,0.199396640215712,0.00250445720048304,2.08110413127519,"OLS Loss at 6h | Full",0.415016830497643,0.162583169502357,2.08110413127519,2.08677227450517,0.00517742875374505,0.00250445720048304
0.2916,8.91346844574057,0.01096,0.01,22.8718113596736,19,16.2246557604875,0.0156881438710469,10.0901041666667,0.171047249506859,0.120552750493141,0.00899718555710043,0.200042783764511,0.000370058576267661,0.605676323190482,"OLS Loss at 6h | Full",0.12055275049314,0.17104724950686,0.605676323190482,0.605364278093075,0.00899718555710043,0.000370058576267661
0.64,10.5325444728612,0.10885,0,23.3113327616368,7,14.5069590051548,0.02442577131953,19.1037962962963,0.129685180355017,0.510314819644983,0.0111907891048408,0.199027788511808,0.00828459706597002,2.56674571711171,"OLS Loss at 6h | Full",0.510314819644983,0.129685180355017,2.56674571711171,2.57850638693575,0.0111907891048408,0.00828459706597002
