"loss_mean","eps_stddev","log_market_cap","analysts","log_turnover","log_volatility_6m","open_time_days",".fitted",".resid",".hat",".sigma",".cooksd",".std.resid","model","residual","fitted","std_resid","stud_resid","leverage","cooks_d"
0.6040665,0.08996,27.5117443028921,27,15.9458509177242,0.0124203506033438,13.7210648148148,0.132411514312213,0.471654985687787,0.0107653872945762,0.198446558769352,0.00880988673892421,2.38050449073918,"OLS Mean loss | Ex-ante",0.471654985687791,0.132411514312209,2.38050449073918,2.3896329910258,0.0107653872945762,0.00880988673892421
0.00950833333333333,0.05423,25.1291019314192,17,15.058925129306,0.0107258321100694,13.7225,0.156688630283279,-0.147180296949945,0.00599232799922629,0.1992809015368,0.000472939805733167,-0.741052597656613,"OLS Mean loss | Ex-ante",-0.147180296949946,0.156688630283279,-0.741052597656613,-0.740779793364418,0.00599232799922629,0.000472939805733167
0.613279166666667,0.03727,24.5779931009567,28,15.8953059655976,0.022408179625568,13.7227777777778,0.164826296037408,0.448452870629258,0.00466596100185678,0.19854051233733,0.00340978835233757,2.25645463903849,"OLS Mean loss | Ex-ante",0.448452870629258,0.164826296037409,2.25645463903849,2.2640355496833,0.00466596100185678,0.00340978835233757
0.0270916666666667,0.02763,26.709858302719,25,17.3942581346183,0.0124361783982803,10.4166319444444,0.153780241440747,-0.12668857477408,0.0098160042125661,0.199303791042275,0.000578453224647193,-0.639107223936886,"OLS Mean loss | Ex-ante",-0.12668857477408,0.153780241440747,-0.639107223936886,-0.638798576148965,0.0098160042125661,0.000578453224647193
0.41515,0.0535,26.405733748307,26,16.5138875349496,0.015548431085592,10.4285763888889,0.150482939653318,0.264667060346682,0.00716683485910525,0.199080892546164,0.00183343301376058,1.33338628271508,"OLS Mean loss | Ex-ante",0.264667060346683,0.150482939653317,1.33338628271508,1.33423453141086,0.00716683485910525,0.00183343301376058
0.202433333333333,0.10269,26.0732293331283,23,16.4420319032209,0.0148425971121528,10.4461226851852,0.154303721862916,0.0481296114704171,0.0070848820184785,0.199360664411529,0.0000599271331977172,0.242465817800613,"OLS Mean loss | Ex-ante",0.0481296114704171,0.154303721862916,0.242465817800613,0.24227958541531,0.0070848820184785,0.0000599271331977172
0.0869458333333333,0.11892,26.3907614345404,27,15.4929304383862,0.0132184482436928,11.4320949074074,0.144634163439428,-0.0576883301060944,0.00565311103763505,0.199356509439309,0.0000684980214864187,-0.290411115778231,"OLS Mean loss | Ex-ante",-0.0576883301060944,0.144634163439428,-0.290411115778231,-0.290194105794738,0.00565311103763505,0.0000684980214864187
0.00826666666666666,0.58598,26.36296455849,27,14.4917565148796,0.0147887418875905,11.4293402777778,0.138000369788213,-0.129733703121546,0.00517365570129466,0.199300883596657,0.000316737156183628,-0.652940193220339,"OLS Mean loss | Ex-ante",-0.129733703121546,0.138000369788213,-0.652940193220339,-0.652634385632382,0.00517365570129466,0.000316737156183628
0.0246166666666667,0.06217,25.1397518676719,25,14.4634265995202,0.0120875852607781,12.466400462963,0.15350432358526,-0.128887656918593,0.00332112966569967,0.199301912439059,0.000199934804008653,-0.648078972073874,"OLS Mean loss | Ex-ante",-0.128887656918593,0.15350432358526,-0.648078972073874,-0.647772097295424,0.00332112966569967,0.000199934804008653
0.1595,0.08834,24.3502000878595,19,14.486447460944,0.0134589545533466,12.4664467592593,0.162476772701093,-0.00297677270109323,0.0035134945281603,0.199370188486487,0.000000112869915816722,-0.0149693930139679,"OLS Mean loss | Ex-ante",-0.00297677270109303,0.162476772701093,-0.0149693930139679,-0.0149571808187598,0.0035134945281603,0.000000112869915816722
0.0530958333333333,0.08215,24.1844449232098,23,13.8654892937763,0.012856256727654,12.1090162037037,0.161383391589489,-0.108287558256156,0.00303578337688647,0.199322020342325,0.000128931541130525,-0.544418660950846,"OLS Mean loss | Ex-ante",-0.108287558256156,0.161383391589489,-0.544418660950846,-0.544105975069064,0.00303578337688647,0.000128931541130525
0.00431583333333334,0.90803,27.9694440119375,17,16.3184523777483,0.0206602731910951,9.92637731481481,0.126835264288114,-0.12251943095478,0.0242603404540774,0.199307172333954,0.00137698539182115,-0.622633121520635,"OLS Mean loss | Ex-ante",-0.12251943095478,0.126835264288114,-0.622633121520635,-0.622321871655561,0.0242603404540774,0.00137698539182115
0.0677958333333333,0.01017,25.5469768307931,10,10.9357184943581,0.0220896729660745,15.0074652777778,0.11724072945156,-0.049444896118227,0.0182361158676205,0.199360020107997,0.000166514321328306,-0.250502561022524,"OLS Mean loss | Ex-ante",-0.0494448961182269,0.11724072945156,-0.250502561022524,-0.250310964767881,0.0182361158676205,0.000166514321328306
0.0525583333333333,0.13814,24.327159797989,27,11.1963987648232,0.0245225996865987,14.9609606481481,0.135263866509706,-0.0827055331763728,0.00447957496900265,0.199342066530606,0.000111300215630516,-0.416105738985531,"OLS Mean loss | Ex-ante",-0.0827055331763726,0.135263866509706,-0.416105738985531,-0.415824929109781,0.00447957496900265,0.000111300215630516
0.056325,0.06214,23.0029557290816,14,8.46748927657045,0.0158026520360015,14.9880208333333,0.136844493671967,-0.0805194936719669,0.0107299499971117,0.19934336685986,0.000255894211035094,-0.406385152217256,"OLS Mean loss | Ex-ante",-0.0805194936719668,0.136844493671967,-0.406385152217256,-0.406108253214104,0.0107299499971117,0.000255894211035094
0.133195833333333,0.0785,21.1432937926241,2,6.94570322612221,0.0228156344900106,17.0058680555556,0.144834119591748,-0.0116382862584143,0.0182504663054734,0.199369659551913,0.00000923296188416211,-0.058963453260214,"OLS Mean loss | Ex-ante",-0.0116382862584141,0.144834119591747,-0.058963453260214,-0.0589155065319869,0.0182504663054734,0.00000923296188416211
0.0642166666666667,0.0247,26.640950006082,45,13.1260875768139,0.0185199553600054,14.4309606481481,0.123416465629219,-0.0591997989625518,0.00753671013305106,0.199355753876041,0.0000965347747417523,-0.298302733763989,"OLS Mean loss | Ex-ante",-0.0591997989625517,0.123416465629218,-0.298302733763989,-0.298080956491382,0.00753671013305106,0.0000965347747417523
0.0267666666666667,0.02076,25.1611055364395,24,16.0243192714236,0.0128991989284322,14.5379513888889,0.161875120301858,-0.135108453635191,0.0054367694229971,0.199294998077112,0.000361186556878706,-0.680080858086765,"OLS Mean loss | Ex-ante",-0.135108453635191,0.161875120301858,-0.680080858086765,-0.679782413577294,0.0054367694229971,0.000361186556878706
0.0568875,0.00887,23.8733414504818,24,16.946011528158,0.0146880131908873,14.5517476851852,0.183529159212162,-0.126641659212162,0.00905829882906292,0.199303891013486,0.000532591256384364,-0.638626251466446,"OLS Mean loss | Ex-ante",-0.126641659212161,0.183529159212161,-0.638626251466446,-0.638317515775933,0.00905829882906292,0.000532591256384364
0.0131666666666667,0.02544,25.2116868821698,20,14.9185257217475,0.0149272033460511,14.1492939814815,0.152763677535742,-0.139597010869075,0.00481239631269124,0.199289966066289,0.000340874192944533,-0.702453963888011,"OLS Mean loss | Ex-ante",-0.139597010869075,0.152763677535741,-0.702453963888011,-0.702163430200991,0.00481239631269124,0.000340874192944533
0.0641208333333333,0.04185,20.5761326046048,5,8.25604691505872,0.017281874399097,14.5360069444444,0.165008621463129,-0.100887788129795,0.0137041792238434,0.199327931355171,0.000516186045724487,-0.509951920326366,"OLS Mean loss | Ex-ante",-0.100887788129795,0.165008621463128,-0.509951920326366,-0.509643916562355,0.0137041792238434,0.000516186045724487
0.252816666666667,0.02524,24.8681589418807,23,15.8676895651115,0.0127897619305942,14.8194328703704,0.16437357189354,0.0884430947731269,0.00540214990302468,0.199337993929807,0.000153776465765597,0.445178723813192,"OLS Mean loss | Ex-ante",0.0884430947731271,0.16437357189354,0.445178723813192,0.444887383113325,0.00540214990302468,0.000153776465765597
0.0327458333333333,0.02625,20.0824263600869,3,6.28977493834894,0.0227975801219196,6.53113425925926,0.159912696368773,-0.12716686303544,0.0181932322708075,0.199302717164306,0.00109874307879695,-0.64425110905108,"OLS Mean loss | Ex-ante",-0.127166863035439,0.159912696368773,-0.64425110905108,-0.643943446758102,0.0181932322708075,0.00109874307879695
0.119525,0.31648,25.8534196754875,17,13.3205939618519,0.014443886747653,8.6033912037037,0.137240818850841,-0.0177158188508411,0.00865198762533205,0.199368927579877,0.00000994664196746812,-0.0893186989030608,"OLS Mean loss | Ex-ante",-0.0177158188508409,0.137240818850841,-0.0893186989030608,-0.0892463961619271,0.00865198762533205,0.00000994664196746812
0.0142875,0.02912,25.9408154334426,20,14.6453651655411,0.0128676234013902,14.6323032407407,0.142369226072762,-0.128081726072762,0.00704575492318819,0.199302511132531,0.000422020761775452,-0.645233311408759,"OLS Mean loss | Ex-ante",-0.128081726072762,0.142369226072762,-0.645233311408759,-0.644925846765256,0.00704575492318819,0.000422020761775452
0.479729166666667,0.03116,26.9901180648754,26,15.9575371598893,0.00967254471746884,14.603275462963,0.139809753147609,0.339919413519057,0.00891953924952059,0.198891900461683,0.00377717359503444,1.71401942348091,"OLS Mean loss | Ex-ante",0.339919413519057,0.139809753147609,1.71401942348091,1.7167395567043,0.00891953924952059,0.00377717359503444
0.0819958333333333,0.01782,23.9854505080252,21,15.3099216988253,0.0153688386782775,14.090474537037,0.170916054044167,-0.0889202207108333,0.00461394112590076,0.199337671009498,0.000132550209850539,-0.447403093299586,"OLS Mean loss | Ex-ante",-0.0889202207108332,0.170916054044166,-0.447403093299586,-0.44711102119728,0.00461394112590076,0.000132550209850539
0.0584583333333333,0.02786,24.034238637082,27,16.3547140793426,0.0234317884653749,14.062025462963,0.174014109311342,-0.115555775978008,0.00640041707586999,0.199315145400466,0.00031164431246799,-0.581942647310647,"OLS Mean loss | Ex-ante",-0.115555775978008,0.174014109311342,-0.581942647310647,-0.581628470910005,0.00640041707586999,0.00031164431246799
0.0500333333333333,0.07167,23.3224961924694,20,13.8111043888521,0.0172619427931496,14.6347569444444,0.168209196372776,-0.118175863039443,0.0038677600543295,0.199312765479774,0.000195962743544576,-0.59438044370351,"OLS Mean loss | Ex-ante",-0.118175863039442,0.168209196372776,-0.59438044370351,-0.59406664589252,0.0038677600543295,0.000195962743544576
0.330121125,0.05819,22.9940110629385,26,13.8052092249571,0.0271647346384707,18.6614699074074,0.166037983067628,0.164083141932372,0.00808528442097567,0.199258966459155,0.00079646184783789,0.827029544102108,"OLS Mean loss | Ex-ante",0.164083141932372,0.166037983067628,0.827029544102108,0.826816097644284,0.00808528442097567,0.00079646184783789
0.0118927083333333,0.01572,26.5569885574652,26,15.9619310355997,0.010394016916441,13.7200462962963,0.145499714544393,-0.13360700621106,0.00713496305154254,0.199296535224712,0.000465114815337436,-0.673098079229542,"OLS Mean loss | Ex-ante",-0.13360700621106,0.145499714544393,-0.673098079229542,-0.672797509782922,0.00713496305154254,0.000465114815337436
0.649045833333333,0.26826,25.6859207429161,26,15.1656247694377,0.0181743525651407,14.0462731481481,0.147676395806003,0.50136943752733,0.00439858463850832,0.198332888101331,0.00401557804073184,2.52237313015741,"OLS Mean loss | Ex-ante",0.50136943752733,0.147676395806003,2.52237313015741,2.5334968460174,0.00439858463850832,0.00401557804073184
0.613070833333333,0.00729,23.6248342390232,15,14.7773906894779,0.0137404071642588,13.717037037037,0.172347540810698,0.440723292522635,0.00485610679622496,0.198568771660885,0.00342877421045609,2.21777401208155,"OLS Mean loss | Ex-ante",0.440723292522636,0.172347540810698,2.21777401208155,2.22490828614803,0.00485610679622496,0.00342877421045609
0.075025,0.00829,22.4566110676967,5,10.0777772683626,0.0147020608672849,10.9712731481481,0.156227462446709,-0.0812024624467087,0.00834747758877893,0.199342974905439,0.000201495352359267,-0.409339510819422,"OLS Mean loss | Ex-ante",-0.0812024624467085,0.156227462446709,-0.409339510819422,-0.409061403110193,0.00834747758877893,0.000201495352359267
0.654033333333333,0.05897,25.9067733497989,40,11.4384474243496,0.018783462176565,14.3135185185185,0.121080615455823,0.532952717877511,0.00713845300194112,0.19819443570067,0.00740447889880172,2.68496459407887,"OLS Mean loss | Ex-ante",0.532952717877511,0.121080615455822,2.68496459407887,2.69868924495266,0.00713845300194112,0.00740447889880172
0.114395833333333,0.04635,25.6375326445943,28,15.1533835410048,0.0115779225150553,13.9508101851852,0.151430268753655,-0.0370344354203216,0.0043245666953232,0.199364580002511,0.0000215381743024857,-0.186312099505912,"OLS Mean loss | Ex-ante",-0.0370344354203214,0.151430268753655,-0.186312099505912,-0.186165341067471,0.0043245666953232,0.0000215381743024857
0.07095,0.73524,25.642416044013,24,14.2238129181034,0.0138751370732859,12.9802777777778,0.144804807118485,-0.0738548071184854,0.00404154646874959,0.199347780989343,0.0000800042546353345,-0.371494496697576,"OLS Mean loss | Ex-ante",-0.0738548071184852,0.144804807118485,-0.371494496697576,-0.37123315082586,0.00404154646874959,0.0000800042546353345
0.177395833333333,0.01588,24.8536899742436,20,16.4434311264865,0.0122260743448542,5.40113425925926,0.173531869048248,0.00386396428508567,0.00882344027876095,0.199370163199709,0.000000482716925270505,0.0194828200592156,"OLS Mean loss | Ex-ante",0.00386396428508589,0.173531869048247,0.0194828200592156,0.0194669282297141,0.00882344027876095,0.000000482716925270505
0.0116041666666667,0.01175,26.5790269480718,31,12.6563195928528,0.0299183622825332,13.095625,0.114964748955696,-0.10336058228903,0.00955296150885188,0.19932601853443,0.000374520695851853,-0.521355003372444,"OLS Mean loss | Ex-ante",-0.10336058228903,0.114964748955696,-0.521355003372444,-0.52104511243883,0.00955296150885188,0.000374520695851853
0.0192333333333333,0.12669,26.0207200270288,31,16.0813114064413,0.0138859866512755,12.7091666666667,0.15263985702163,-0.133406523688296,0.00509402433695044,0.199296906988591,0.000329717111386832,-0.671398358535855,"OLS Mean loss | Ex-ante",-0.133406523688296,0.152639857021629,-0.671398358535855,-0.671097296241356,0.00509402433695044,0.000329717111386832
0.0207708333333333,0.00796,26.0701747479993,23,11.2872275540555,0.0120597728503339,13.7098842592593,0.119719162112762,-0.0989483287794287,0.00928570000011083,0.199329723446456,0.000333445704204468,-0.499032091570591,"OLS Mean loss | Ex-ante",-0.0989483287794286,0.119719162112762,-0.499032091570591,-0.498726199347301,0.00928570000011083,0.000333445704204468
0.00969554166666667,0.05144,25.7360994308427,26,17.8634677694273,0.0165240192699979,13.7118981481481,0.165659331350098,-0.155963789683431,0.00874930280842993,0.199269640231446,0.000779730296824201,-0.786368763284269,"OLS Mean loss | Ex-ante",-0.155963789683431,0.165659331350097,-0.786368763284269,-0.786123700335328,0.00874930280842993,0.000779730296824201
0.300975,0.41334,24.6740488725066,20,14.5208105135029,0.0171235073896884,13.7102083333333,0.156503972320587,0.144471027679413,0.00346430618281705,0.199284378848312,0.000262109335955612,0.726488192289846,"OLS Mean loss | Ex-ante",0.144471027679413,0.156503972320587,0.726488192289846,0.726208077784001,0.00346430618281705,0.000262109335955612
0.1576125,0.0068,24.6477149576259,38,16.8149949519023,0.0251336844730716,14.110462962963,0.169518264612118,-0.0119057646121181,0.0102177484639274,0.199369638067375,0.00000532207366955087,-0.0600733274773432,"OLS Mean loss | Ex-ante",-0.0119057646121179,0.169518264612118,-0.0600733274773432,-0.0600244847120519,0.0102177484639274,0.00000532207366955087
0.01535,0.05944,24.0972558435913,21,10.8989413379022,0.0166557144440108,14.8001273148148,0.139371985418305,-0.124021985418305,0.0049732828291236,0.199306868611187,0.000278138717522961,-0.624130686341717,"OLS Mean loss | Ex-ante",-0.124021985418305,0.139371985418305,-0.624130686341717,-0.623819638488911,0.0049732828291236,0.000278138717522961
0.0149541666666667,0.02208,25.3758031469499,17,10.0032010825117,0.0111097061319757,13.620625,0.119983316617772,-0.105029149951105,0.0121972099375722,0.199324457384633,0.000496398108233175,-0.530479925193187,"OLS Mean loss | Ex-ante",-0.105029149951105,0.119983316617772,-0.530479925193187,-0.530168762806797,0.0121972099375722,0.000496398108233175
0.4473,0.01479,25.1362522873284,31,10.9757312846601,0.0121500893459598,14.0186689814815,0.130198857610262,0.317101142389738,0.00586122096907008,0.198955310029312,0.00214674318426916,1.59649854291232,"OLS Mean loss | Ex-ante",0.317101142389738,0.130198857610262,1.59649854291232,1.59852253983907,0.00586122096907008,0.00214674318426916
0.437308333333333,0.04543,24.7848693032139,13,14.6669135555637,0.0100004643387995,13.9983217592593,0.158259781892921,0.279048551440412,0.00695933849851852,0.199048635914362,0.00197826221955059,1.40569300569831,"OLS Mean loss | Ex-ante",0.279048551440412,0.158259781892921,1.40569300569831,1.40681519625008,0.00695933849851852,0.00197826221955059
0.452025,0.03512,24.4928272321867,31,14.535841701182,0.0143457898067444,13.61875,0.161127055786771,0.290897944213229,0.00452032109839439,0.199021576997304,0.00138955648868464,1.46358746039513,"OLS Mean loss | Ex-ante",0.290897944213229,0.161127055786771,1.46358746039513,1.46495501694549,0.00452032109839439,0.00138955648868464
0.632433333333333,0.04426,24.7315941288051,24,18.114478842641,0.0191130237184518,19.9989236111111,0.175206402934327,0.457226930399007,0.0140863030388375,0.198499396692809,0.0109061946824471,2.31156749821883,"OLS Mean loss | Ex-ante",0.457226930399007,0.175206402934326,2.31156749821883,2.31981397808339,0.0140863030388375,0.0109061946824471
0.491720833333333,0.10271,25.8470619927445,54,15.1289685889057,0.0198368774366791,13.5815046296296,0.147621758066961,0.344099075266372,0.0151127429839302,0.198876964412555,0.00664091139087377,1.74054186462089,"OLS Mean loss | Ex-ante",0.344099075266373,0.147621758066961,1.74054186462089,1.74343501426477,0.0151127429839302,0.00664091139087377
0.0150875,0.06887,25.8160679811275,37,11.5589840105078,0.0203012186822931,13.9600115740741,0.122205811277023,-0.107118311277023,0.0060960546538,0.199322910580655,0.000254904717127151,-0.539368696374658,"OLS Mean loss | Ex-ante",-0.107118311277023,0.122205811277023,-0.539368696374658,-0.539056503325632,0.0060960546538,0.000254904717127151
0.0052785,0.03804,23.2052617515937,10,14.3644101387089,0.0177455556558722,13.5822453703704,0.1726497032899,-0.1673712032899,0.00504459217266415,0.199254815346158,0.00051389065422113,-0.842312328644295,"OLS Mean loss | Ex-ante",-0.1673712032899,0.1726497032899,-0.842312328644295,-0.842112481404149,0.00504459217266415,0.00051389065422113
0.382625,0.2207,21.5526112416656,17,14.6121270221296,0.021507182088805,19.5817013888889,0.191132489275504,0.191492510724496,0.0140194939478052,0.199217763622827,0.00190366130322456,0.96808135646325,"OLS Mean loss | Ex-ante",0.191492510724496,0.191132489275504,0.96808135646325,0.968031676132253,0.0140194939478052,0.00190366130322456
0.0856125,0.20345,27.6180407768517,31,15.1979447759278,0.0234009310053287,13.5825,0.121480160056708,-0.0358676600567082,0.0116110314116416,0.199364891058115,0.0000550441950932043,-0.181106203884653,"OLS Mean loss | Ex-ante",-0.035867660056708,0.121480160056708,-0.181106203884653,-0.180963263796078,0.0116110314116416,0.0000550441950932043
0.0977083333333333,0.15122,23.0585810131429,4,6.65372625839113,0.0168784593705799,13.9837615740741,0.123228330734026,-0.0255199974006922,0.02171734132198,0.199367496839885,0.0000532022026393197,-0.129521741632569,"OLS Mean loss | Ex-ante",-0.0255199974006921,0.123228330734025,-0.129521741632569,-0.129417823610772,0.02171734132198,0.0000532022026393197
0.491641666666667,0.07301,28.121475691333,52,12.8282792682766,0.027427256578436,6.93916666666667,0.103245729028488,0.388395937638179,0.0155178063178601,0.198741319562959,0.0086946953280527,1.96501094381255,"OLS Mean loss | Ex-ante",0.388395937638179,0.103245729028488,1.96501094381255,1.96962059647194,0.0155178063178601,0.0086946953280527
0.001142875,0.10495,29.0575447943703,65,12.7314771927434,0.0171290992837832,13.9343865740741,0.0930518949869263,-0.0919090199869263,0.0214369706625189,0.199334847659132,0.000680757588564183,-0.466399376037497,"OLS Mean loss | Ex-ante",-0.0919090199869262,0.0930518949869262,-0.466399376037497,-0.466101504550952,0.0214369706625189,0.000680757588564183
0.015325,0.01235,25.4555941745347,40,11.289744710583,0.0280465677168907,13.9268171296296,0.121632139708471,-0.106307139708471,0.00755699796657738,0.199323555935704,0.000312142884218723,-0.535678077935269,"OLS Mean loss | Ex-ante",-0.106307139708471,0.121632139708471,-0.535678077935269,-0.535366287685382,0.00755699796657738,0.000312142884218723
0.0117458333333333,0.30145,28.1621033296841,69,11.9796074129009,0.0212107956405142,6.03287037037037,0.102521407870503,-0.0907755745371695,0.0266355942898049,0.199335530586911,0.000833949777106548,-0.461876114084265,"OLS Mean loss | Ex-ante",-0.0907755745371693,0.102521407870503,-0.461876114084265,-0.461579550045752,0.0266355942898049,0.000833949777106548
0.00452083333333333,0.05448,28.9581919104978,46,12.9710254310443,0.0139729608741427,7.07493055555556,0.099190846893857,-0.0946700135605237,0.0161352403810863,0.199332892310738,0.000537798916484281,-0.479114113314832,"OLS Mean loss | Ex-ante",-0.0946700135605236,0.0991908468938569,-0.479114113314832,-0.478812818260685,0.0161352403810863,0.000537798916484281
0.00570416666666666,0.0831,28.8815315040862,59,12.306024848308,0.012149954921116,6.02775462962963,0.0985937705162887,-0.092889603849622,0.0196145181860124,0.199334155858487,0.000633882172991904,-0.47093709708116,"OLS Mean loss | Ex-ante",-0.0928896038496219,0.0985937705162886,-0.47093709708116,-0.470637960895743,0.0196145181860124,0.000633882172991904
0.0126458333333333,0.06449,26.3388773084524,23,15.3875431913076,0.0169721974385585,6.66319444444444,0.145001674892961,-0.132355841559628,0.00856395706972018,0.19929780489785,0.000549441826424871,-0.667275208187944,"OLS Mean loss | Ex-ante",-0.132355841559627,0.145001674892961,-0.667275208187944,-0.666972989788728,0.00856395706972018,0.000549441826424871
0.0711916666666667,0.02288,25.8293896600824,26,17.5373247445242,0.0113707694881746,5.62195601851852,0.169223300268863,-0.0980316336021965,0.0107681531809507,0.199330410905602,0.000380686907117602,-0.494779186797343,"OLS Mean loss | Ex-ante",-0.0980316336021963,0.169223300268863,-0.494779186797343,-0.494474196112153,0.0107681531809507,0.000380686907117602
0.1366625,0.03921,25.4214596724379,38,11.7553561045507,0.0178588175888137,5.73835648148148,0.134335822616647,0.00232667738335263,0.00697315490338242,0.199370202587172,0.000000137806621528723,0.0117206015222703,"OLS Mean loss | Ex-ante",0.00232667738335273,0.134335822616647,0.0117206015222703,0.0117110388985613,0.00697315490338242,0.000000137806621528723
0.0111375,0.01734,27.1581765315902,41,15.6846241377565,0.0119857867314436,7.05261574074074,0.140495250785811,-0.129357750785811,0.00824042552859287,0.199301071752412,0.000504675429332602,-0.652053877870538,"OLS Mean loss | Ex-ante",-0.129357750785811,0.140495250785811,-0.652053877870538,-0.651747870091113,0.00824042552859287,0.000504675429332602
0.00579166666666666,0.07002,26.8658332955792,41,14.8733290587353,0.0116169582524155,6.66481481481481,0.139296566378214,-0.133504899711547,0.00764364325412031,0.199296610111777,0.000498023598270734,-0.672756037944897,"OLS Mean loss | Ex-ante",-0.133504899711547,0.139296566378213,-0.672756037944897,-0.672455368555738,0.00764364325412031,0.000498023598270734
0.0413541666666667,0.02853,25.8364094029177,26,16.9990202124523,0.0115389924061924,7.62159722222222,0.164393010493242,-0.123038843826575,0.00814308398233359,0.19930766994807,0.000451092659159984,-0.620171716402563,"OLS Mean loss | Ex-ante",-0.123038843826575,0.164393010493241,-0.620171716402563,-0.619860149359424,0.00814308398233359,0.000451092659159984
0.178666666666667,0.13259,26.5417492691989,27,15.953545705271,0.0125950375601409,7.6155787037037,0.148173754011989,0.0304929126546775,0.00762042603495057,0.199366385357552,0.0000259007209557216,0.15365766481082,"OLS Mean loss | Ex-ante",0.0304929126546777,0.148173754011989,0.15365766481082,0.15353523799494,0.00762042603495057,0.0000259007209557216
0.762270833333333,0.07801,26.224095955873,31,14.7672722680075,0.0155351073325434,7.67594907407407,0.143330263137758,0.618940570195575,0.00507609591955485,0.197786079115104,0.00707193736232055,3.11492966926548,"OLS Mean loss | Ex-ante",0.618940570195575,0.143330263137758,3.11492966926548,3.13731623462451,0.00507609591955485,0.00707193736232055
0.0337166666666667,0.05324,27.0775433865101,28,16.5608828842458,0.0124436130283011,7.61675925925926,0.145462615772651,-0.111745949105984,0.0098113334480253,0.199318540439975,0.000449827627308382,-0.563724668987364,"OLS Mean loss | Ex-ante",-0.111745949105984,0.145462615772651,-0.563724668987364,-0.563410731150571,0.0098113334480253,0.000449827627308382
0.215704166666667,0.04317,24.6431095805213,17,15.055750002654,0.0142273861300846,12.0298726851852,0.162134702532012,0.0535694641346551,0.00451857843760845,0.199358411589429,0.0000471042969087831,0.269522452467187,"OLS Mean loss | Ex-ante",0.0535694641346553,0.162134702532011,0.269522452467187,0.269318481868528,0.00451857843760845,0.0000471042969087831
0.0245208333333333,0.03111,23.8994084880567,25,14.0998402018254,0.0192643658951565,11.6035648148148,0.163972203501416,-0.139451370168083,0.00259003334156575,0.19929031196996,0.000182261077645391,-0.700938897754877,"OLS Mean loss | Ex-ante",-0.139451370168082,0.163972203501416,-0.700938897754877,-0.700647774595917,0.00259003334156575,0.000182261077645391
0.550045833333333,0.12036,25.5771350373941,30,15.7900792668869,0.0177732603286215,12.5825347222222,0.154490169241184,0.395555664092149,0.00421003705551073,0.198725300609372,0.00239142111484479,1.98983911090928,"OLS Mean loss | Ex-ante",0.39555566409215,0.154490169241184,1.98983911090928,1.99466778139567,0.00421003705551073,0.00239142111484479
0.0218708333333333,0.02135,25.2516293211365,17,15.051590498745,0.0130835859366472,12.5914467592593,0.154557758381706,-0.132686925048373,0.00583894185405572,0.199297641601733,0.000374427147462316,-0.668026949672315,"OLS Mean loss | Ex-ante",-0.132686925048373,0.154557758381706,-0.668026949672315,-0.667724937904048,0.00583894185405572,0.000374427147462316
0.0191125,0.72747,24.6765155352798,25,14.2113098696032,0.0136303724903975,11.9682060185185,0.157821046498202,-0.138708546498202,0.00283291494717872,0.199291141963339,0.000197330639315478,-0.697290070560722,"OLS Mean loss | Ex-ante",-0.138708546498202,0.157821046498202,-0.697290070560722,-0.696997560063375,0.00283291494717872,0.000197330639315478
0.0311625,0.03326,24.4485602498954,27,11.7287597861483,0.0273092973056245,12.9525578703704,0.136938817796222,-0.105776317796222,0.00329055649182897,0.199324218689639,0.000133413417419569,-0.531861293480632,"OLS Mean loss | Ex-ante",-0.105776317796222,0.136938817796222,-0.531861293480632,-0.531549957369856,0.00329055649182897,0.000133413417419569
0.0128625,0.12616,23.7881655108206,21,13.3375011600255,0.0178315891620706,10.6168865740741,0.161242016855646,-0.148379516855646,0.00216780472007928,0.199279787709682,0.000172561319367872,-0.745657557184318,"OLS Mean loss | Ex-ante",-0.148379516855646,0.161242016855646,-0.745657557184318,-0.745387223806495,0.00216780472007928,0.000172561319367872
0.171929166666667,0.08233,24.5594736547316,38,14.378532883513,0.0342152084071056,10.9438310185185,0.152046709913957,0.0198824567527096,0.00610594490043893,0.199368595029859,0.00000879636420805875,0.100113864834386,"OLS Mean loss | Ex-ante",0.0198824567527098,0.152046709913957,0.100113864834386,0.100032990352905,0.00610594490043893,0.00000879636420805875
0.0113375,0.09878,24.1683044742062,28,13.8290316791012,0.0390165601978771,10.9385069444444,0.150103941842371,-0.138766441842371,0.00426148194449493,0.199290962343673,0.000297940373622304,-0.698081335161856,"OLS Mean loss | Ex-ante",-0.13876644184237,0.15010394184237,-0.698081335161856,-0.697789121644349,0.00426148194449493,0.000297940373622304
0.0856041666666667,0.0108,23.7748374264882,15,9.91852044692903,0.0153692189696074,10.5727199074074,0.139300190718542,-0.0536960240518751,0.00681016062511157,0.199358328316283,0.0000716584636729929,-0.2704706985748,"OLS Mean loss | Ex-ante",-0.053696024051875,0.139300190718542,-0.2704706985748,-0.270266123249239,0.00681016062511157,0.0000716584636729929
0.035625,0.06892,24.068966957338,17,9.38139064053497,0.0116984913142013,11.6474421296296,0.133399903996703,-0.0977749039967034,0.00868599127309721,0.199330702383075,0.000304188024828392,-0.492964906826054,"OLS Mean loss | Ex-ante",-0.0977749039967032,0.133399903996703,-0.492964906826054,-0.492660314086481,0.00868599127309721,0.000304188024828392
0.0365375,0.04292,25.0078595080957,26,14.3892828247894,0.0229735955742843,10.1268287037037,0.150911933013778,-0.114374433013778,0.00256823846500729,0.199316473307869,0.000121567443065948,-0.574885804385045,"OLS Mean loss | Ex-ante",-0.114374433013778,0.150911933013778,-0.574885804385045,-0.574571609801278,0.00256823846500729,0.000121567443065948
0.5311,0.07102,24.484840463953,16,13.3771603906085,0.0227446446485806,10.1261342592593,0.149990618243013,0.381109381756987,0.00381223640350588,0.198771856634146,0.00200857065272956,1.91678439852112,"OLS Mean loss | Ex-ante",0.381109381756987,0.149990618243013,1.91678439852112,1.92098575418109,0.00381223640350588,0.00200857065272956
0.0717666666666667,0.06537,25.0698416370572,18,15.0474356111929,0.0211594465085332,13.9771759259259,0.152384553782842,-0.0806178871161751,0.0054107214396588,0.199343445177486,0.000127973741438396,-0.405792253707439,"OLS Mean loss | Ex-ante",-0.080617887116175,0.152384553782842,-0.405792253707439,-0.405515599369895,0.0054107214396588,0.000127973741438396
0.0438291666666667,0.00724,23.9693730414363,36,11.8107475730524,0.0281696342310843,14.3562037037037,0.143321609423974,-0.0994924427573069,0.00624828478650196,0.199329401914428,0.000225463183921468,-0.501008824775962,"OLS Mean loss | Ex-ante",-0.0994924427573067,0.143321609423973,-0.501008824775962,-0.500702528538748,0.00624828478650196,0.000225463183921468
0.0240583333333333,0.04327,23.7256239874068,14,10.0809610905656,0.0223126240629539,9.89689814814815,0.138000048809049,-0.113941715475716,0.00637952162937531,0.199316674666166,0.000301997236709125,-0.573808152534693,"OLS Mean loss | Ex-ante",-0.113941715475716,0.138000048809049,-0.573808152534693,-0.573493967555287,0.00637952162937531,0.000301997236709125
0.0358875,0.02946,25.325208186933,29,15.8585319413537,0.0200305512789058,13.7413888888889,0.156266207999066,-0.120378707999065,0.00442587915205153,0.199310569628489,0.000232938955546052,-0.605629617640689,"OLS Mean loss | Ex-ante",-0.120378707999065,0.156266207999065,-0.605629617640689,-0.605316549770372,0.00442587915205153,0.000232938955546052
0.0981791666666667,0.03602,22.6122378046061,46,12.6235263954768,0.0328644010367413,14.3067361111111,0.164866507977124,-0.0666873413104572,0.0213322739563414,0.199351602764217,0.00035656921134977,-0.33839192996847,"OLS Mean loss | Ex-ante",-0.066687341310457,0.164866507977124,-0.33839192996847,-0.338147388950437,0.0213322739563414,0.00035656921134977
0.731391666666667,0.08755,25.6004220341936,26,13.0977235590203,0.0175550766395676,13.8054398148148,0.135387403558252,0.596004263108415,0.00405422020274732,0.197903252188646,0.00522667010304816,2.99795939030978,"OLS Mean loss | Ex-ante",0.596004263108415,0.135387403558252,2.99795939030978,3.01771754051825,0.00405422020274732,0.00522667010304816
0.0208791666666667,0.04856,25.0360498466918,27,12.4632027742386,0.0431591510576215,14.1025694444444,0.126142245852366,-0.105263079185699,0.00973566292356744,0.199324367546968,0.000396009683671509,-0.531000252875113,"OLS Mean loss | Ex-ante",-0.105263079185699,0.126142245852366,-0.531000252875113,-0.530689024468534,0.00973566292356744,0.000396009683671509
0.0156958333333333,0.02879,26.6790181221269,57,12.7552121483227,0.037430382123411,7.10019675925926,0.116810714599,-0.101114881265667,0.0177108302172625,0.199327567412315,0.000675586208698436,-0.512141094996474,"OLS Mean loss | Ex-ante",-0.101114881265667,0.116810714599,-0.512141094996474,-0.511832703531474,0.0177108302172625,0.000675586208698436
0.0131458333333333,0.00629,26.5520824668862,27,16.6322841615566,0.0100506242131546,13.6785416666667,0.150274185352981,-0.137128352019648,0.00762257929196519,0.19929256078962,0.000523953963893433,-0.691007954832035,"OLS Mean loss | Ex-ante",-0.137128352019648,0.150274185352981,-0.691007954832035,-0.690713162219258,0.00762257929196519,0.000523953963893433
0.2509125,0.02682,25.3499685974224,20,15.8147510664377,0.0148466206841237,13.5953240740741,0.157267681059152,0.0936448189408481,0.00573805097352674,0.199334078585252,0.000183240170482426,0.47144124189666,"OLS Mean loss | Ex-ante",0.0936448189408483,0.157267681059152,0.47144124189666,0.471141968123103,0.00573805097352674,0.000183240170482426
0.436104166666667,0.21828,22.257551291353,28,10.0403754612645,0.0361818481333792,16.0117361111111,0.148078652683791,0.288025513982875,0.00969150161920809,0.199026647935687,0.00295122550835314,1.45291408730168,"OLS Mean loss | Ex-ante",0.288025513982875,0.148078652683791,1.45291408730168,1.454234617857,0.00969150161920809,0.00295122550835314
0.603858333333333,0.04685,25.204045046566,28,10.3865986523334,0.0155984726126795,13.6079398148148,0.123744877586332,0.480113455747001,0.00667445273822259,0.198417003286568,0.00561320136274668,2.4182004770611,"OLS Mean loss | Ex-ante",0.480113455747001,0.123744877586332,2.4182004770611,2.42783511754674,0.00667445273822259,0.00561320136274668
0.0334625,0.00678,24.8364381437412,35,14.8792526020609,0.0301920326682351,14.1822453703704,0.151565803975489,-0.118103303975489,0.00533507426580153,0.199312751356162,0.000270770514832044,-0.594453478459712,"OLS Mean loss | Ex-ante",-0.118103303975489,0.151565803975489,-0.594453478459712,-0.594139684192342,0.00533507426580153,0.000270770514832044
0.0152166666666667,0.00995,24.3965041661049,47,11.0745954952237,0.0339054921623873,13.6101157407407,0.131841034150729,-0.116624367484063,0.0132358878099577,0.199313733170671,0.00066557255033486,-0.589354841564856,"OLS Mean loss | Ex-ante",-0.116624367484062,0.131841034150729,-0.589354841564856,-0.589040837101028,0.0132358878099577,0.00066557255033486
0.526791666666667,0.01337,23.9529887465604,30,15.1964127157186,0.017622931496741,27.8520486111111,0.162812388127493,0.363979278539174,0.0236954874171175,0.198813381335816,0.0118560162963824,1.84917596015469,"OLS Mean loss | Ex-ante",0.363979278539174,0.162812388127492,1.84917596015469,1.85284205597463,0.0236954874171175,0.0118560162963824
0.062875,0.11857,24.7648013051675,37,10.5289711206099,0.0233107834009687,4.51331018518519,0.132659387686901,-0.069784387686901,0.00883015244644936,0.199350090063585,0.000157571981644129,-0.351866935483091,"OLS Mean loss | Ex-ante",-0.0697843876869009,0.132659387686901,-0.351866935483091,-0.351615324762647,0.00883015244644936,0.000157571981644129
0.0320625,0.03981,26.3352715072326,28,16.3690209876418,0.0169383469389131,5.03622685185185,0.152950339943019,-0.120887839943019,0.00905666095294422,0.199309782689075,0.000485205945640127,-0.609610492703015,"OLS Mean loss | Ex-ante",-0.120887839943019,0.152950339943019,-0.609610492703015,-0.609297772695539,0.00905666095294422,0.000485205945640127
0.730704166666667,0.01896,24.6050319797359,42,12.2812877931103,0.0194604574921441,5.046875,0.148249553051667,0.582454613615,0.00999908594179555,0.19796098648897,0.0124595886371126,2.93858677150107,"OLS Mean loss | Ex-ante",0.582454613615,0.148249553051667,2.93858677150107,2.95709095259474,0.00999908594179555,0.0124595886371126
0.1449375,0.03851,26.1670064721697,39,14.9581186969174,0.00953149009356941,13.4560532407407,0.145766617145129,-0.000829117145128705,0.00588526202453589,0.199370222092779,0.0000000147372002623927,-0.00417437890513407,"OLS Mean loss | Ex-ante",-0.000829117145128552,0.145766617145129,-0.00417437890513407,-0.00417097269791343,0.00588526202453589,0.0000000147372002623927
0.00669999999999999,0.00628,26.5606346624002,25,12.7313235795489,0.0140212316843837,13.4560300925926,0.122418766494378,-0.115718766494378,0.00827685223140459,0.199314885366377,0.000405678794740178,-0.583314534457511,"OLS Mean loss | Ex-ante",-0.115718766494378,0.122418766494378,-0.583314534457511,-0.583000378013405,0.00827685223140459,0.000405678794740178
0.422416666666667,0.07459,26.1068163666061,28,11.3050985368155,0.0135711085680678,13.1728356481481,0.11952167167769,0.302894994988977,0.00741906734249819,0.198991093589137,0.00248709323238161,1.52617157449429,"OLS Mean loss | Ex-ante",0.302894994988977,0.119521671677689,1.52617157449429,1.52783162119405,0.00741906734249819,0.00248709323238161
0.1066875,0.33447,22.9787460802843,23,15.3351123442086,0.0204878870683659,7.49079861111111,0.185613186915602,-0.0789256869156022,0.00699083933605405,0.199344516838915,0.000158982736059006,-0.39759047383439,"OLS Mean loss | Ex-ante",-0.078925686915602,0.185613186915602,-0.39759047383439,-0.397317275210936,0.00699083933605405,0.000158982736059006
0.0262875,0.03897,24.9999937020902,25,14.3582619032146,0.0136549040798699,13.1748263888889,0.153437042840529,-0.127149542840529,0.00310860306590471,0.199303756952371,0.000182049544047821,-0.639271151415655,"OLS Mean loss | Ex-ante",-0.127149542840529,0.153437042840529,-0.639271151415655,-0.638962533752584,0.00310860306590471,0.000182049544047821
0.151508333333333,0.02281,23.5953082159176,23,13.9511196921629,0.0246541147910266,13.6141782407407,0.162980760855606,-0.0114724275222723,0.00265228104223116,0.199369684143616,0.00000126336081856645,-0.0576668528644698,"OLS Mean loss | Ex-ante",-0.0114724275222721,0.162980760855605,-0.0576668528644698,-0.0576199533727013,0.00265228104223116,0.00000126336081856645
0.024825,0.09086,23.8588173924829,14,14.896641925898,0.0144033563362075,4.02298611111111,0.175171266973014,-0.150346266973014,0.00821179788186934,0.199276807821838,0.000679322640539177,-0.75783979652869,"OLS Mean loss | Ex-ante",-0.150346266973014,0.175171266973014,-0.75783979652869,-0.757576374814816,0.00821179788186934,0.000679322640539177
0.735515,0.09147,23.5030592539153,23,13.4667677448005,0.0203052510984227,4.04784722222222,0.168380221001412,0.567134778998588,0.00547076559680893,0.198040493264621,0.00640436353090902,2.85477399009657,"OLS Mean loss | Ex-ante",0.567134778998588,0.168380221001412,2.85477399009657,2.87159708969758,0.00547076559680893,0.00640436353090902
0.452304166666667,0.18892,23.1180752163168,12,12.3920647393993,0.0136606517640451,13.1028819444444,0.163263191109524,0.289040975557143,0.00446629448478413,0.199026036562647,0.00135532878295756,1.45420508028906,"OLS Mean loss | Ex-ante",0.289040975557143,0.163263191109524,1.45420508028906,1.45553125533015,0.00446629448478413,0.00135532878295756
0.0264458333333333,0.46491,24.1109413158343,38,10.3832171072444,0.0297817461208913,14.3798726851852,0.131875370649395,-0.105429537316061,0.00877787549239208,0.199324266838063,0.000357488814820058,-0.531582939552364,"OLS Mean loss | Ex-ante",-0.105429537316061,0.131875370649395,-0.531582939552364,-0.531271638048784,0.00877787549239208,0.000357488814820058
0.134766666666667,0.05952,23.3276036601756,37,14.8510639064903,0.0310971654368206,14.3800810185185,0.170340794728837,-0.0355741280621704,0.0108034505536892,0.199364982287778,0.0000502986403977823,-0.179550738238107,"OLS Mean loss | Ex-ante",-0.0355741280621702,0.170340794728837,-0.179550738238107,-0.179408943720327,0.0108034505536892,0.0000502986403977823
0.188058333333333,0.28905,23.2206326698871,19,10.1367457620446,0.0223254003365304,14.3764236111111,0.143037263642699,0.0450210696906339,0.00521816424700007,0.199361875221127,0.0000384754834288751,0.226592803934159,"OLS Mean loss | Ex-ante",0.0450210696906341,0.143037263642699,0.226592803934159,0.226417388105985,0.00521816424700007,0.0000384754834288751
0.21525,0.07526,23.6445550876395,31,13.2929190046994,0.0392303341046633,14.3464930555556,0.151546245106585,0.0637037548934148,0.00595288972214286,0.199353494785447,0.0000880104782882184,0.320741957590243,"OLS Mean loss | Ex-ante",0.063703754893415,0.151546245106585,0.320741957590243,0.32050712954051,0.00595288972214286,0.0000880104782882184
0.1542125,1.29318,24.4234886089495,37,11.5798854368707,0.0382854894832126,14.3584606481481,0.132321948919709,0.0218905510802912,0.00813210082502385,0.19936824513252,0.0000142593224145073,0.110337719777497,"OLS Mean loss | Ex-ante",0.0218905510802913,0.132321948919709,0.110337719777497,0.110248779700161,0.00813210082502385,0.0000142593224145073
0.0842666666666667,0.01482,23.5773095383655,27,14.5238696880566,0.0265044261375687,14.3475347222222,0.166118510574639,-0.0818518439079726,0.00428391399097409,0.199342650294225,0.000104211835596063,-0.411770218727515,"OLS Mean loss | Ex-ante",-0.0818518439079725,0.166118510574639,-0.411770218727515,-0.411491129655265,0.00428391399097409,0.000104211835596063
0.292825,0.06638,25.017013884239,38,11.1165857587968,0.0160812271813925,14.3438078703704,0.13137129784366,0.16145370215634,0.00700483735466203,0.199262621926501,0.00066663823759148,0.813333515394634,"OLS Mean loss | Ex-ante",0.16145370215634,0.13137129784366,0.813333515394634,0.813108686988152,0.00700483735466203,0.00066663823759148
0.0313916666666667,0.03976,25.6336715007404,12,14.5546826242654,0.0110119811449663,13.9353125,0.146134455177687,-0.114742788511021,0.0104268346875413,0.19931569680104,0.000504658837728152,-0.579022809756592,"OLS Mean loss | Ex-ante",-0.114742788511021,0.146134455177687,-0.579022809756592,-0.578708608720321,0.0104268346875413,0.000504658837728152
0.230516666666667,0.09403,23.285571196393,34,12.4816767970669,0.0296683657581499,14.3271180555556,0.155645067944556,0.0748715987221104,0.00679087561430757,0.199347094854234,0.000138921352366967,0.377129915390059,"OLS Mean loss | Ex-ante",0.0748715987221106,0.155645067944556,0.377129915390059,0.376865902143694,0.00679087561430757,0.000138921352366967
0.0110708333333333,0.03268,26.2883730411647,36,11.5587567001432,0.0300382916477498,14.3279282407407,0.111216692739898,-0.100145859406564,0.00949187797374588,0.199328728429443,0.000349295084976331,-0.505124233761133,"OLS Mean loss | Ex-ante",-0.100145859406564,0.111216692739898,-0.505124233761133,-0.50481712718455,0.00949187797374588,0.000349295084976331
0.00959166666666666,0.00659,25.637619279318,54,11.338827283353,0.0188230419630962,19.2799421296296,0.122496771441496,-0.11290510477483,0.0198260213924427,0.199316923316273,0.000946993076280403,-0.572474598344628,"OLS Mean loss | Ex-ante",-0.11290510477483,0.122496771441496,-0.572474598344628,-0.572160429766809,0.0198260213924427,0.000946993076280403
0.316008333333333,0.36399,23.4939637523151,24,13.6798723085547,0.0196539236571651,13.9184837962963,0.165062858993819,0.150945474339514,0.00333961108969149,0.199276521958229,0.000275760530607472,0.758998163063832,"OLS Mean loss | Ex-ante",0.150945474339514,0.165062858993819,0.758998163063832,0.758735427116831,0.00333961108969149,0.000275760530607472
0.6828375,0.08064,25.2456952975509,20,15.2484788072752,0.0224787622689265,2.81195601851852,0.1572513156653,0.5255861843347,0.00946773158090097,0.198224111389748,0.00959592791491014,2.65096414655388,"OLS Mean loss | Ex-ante",0.5255861843347,0.1572513156653,2.65096414655388,2.66411609979608,0.00946773158090097,0.00959592791491014
0.023325,0.07735,24.462315533189,27,15.0771924822065,0.0231915148063744,2.81447916666667,0.166498928655302,-0.143173928655302,0.00741037646844475,0.199285578497612,0.000555033388359098,-0.721395292539614,"OLS Mean loss | Ex-ante",-0.143173928655302,0.166498928655302,-0.721395292539614,-0.721112800775634,0.00741037646844475,0.000555033388359098
0.13678,0.057,23.4042283542881,9,11.3448690456393,0.0156606299479686,3.17484953703704,0.15682955097728,-0.0200495509772799,0.00990444525311705,0.199368561160319,0.0000146209519774282,-0.101148704041747,"OLS Mean loss | Ex-ante",-0.0200495509772797,0.15682955097728,-0.101148704041747,-0.101067010760968,0.00990444525311705,0.0000146209519774282
0.3884375,0.02116,21.6127186706177,20,12.1903106901694,0.035172545117733,2.82424768518519,0.177313975668991,0.211123524331009,0.00817889300477351,0.199185978568282,0.00133410958081637,1.06417776682634,"OLS Mean loss | Ex-ante",0.211123524331009,0.177313975668991,1.06417776682634,1.06429296218291,0.00817889300477351,0.00133410958081637
0.176415,0.01554,21.7510522699201,27,16.3231609562768,0.0298696629436872,3.88457175925926,0.205510583936391,-0.0290955839363909,0.0188235089886711,0.199366689277382,0.000059586913180268,-0.14745100538332,"OLS Mean loss | Ex-ante",-0.0290955839363907,0.205510583936391,-0.14745100538332,-0.147333299127121,0.0188235089886711,0.000059586913180268
0.0436125,0.03502,23.2929753608726,14,13.9628451973294,0.0174175903912886,7.15862268518519,0.173006512408963,-0.129394012408963,0.00442039168793573,0.199301298505239,0.000268798934763502,-0.650984144918278,"OLS Mean loss | Ex-ante",-0.129394012408963,0.173006512408963,-0.650984144918278,-0.650677898860359,0.00442039168793573,0.000268798934763502
0.117870833333333,0.085,18.289694546196,2,12.9504352781623,0.062892355568699,7.15934027777778,0.207347579662751,-0.0894767463294182,0.0192709596313113,0.199336769539738,0.00057745221589345,-0.453554931085455,"OLS Mean loss | Ex-ante",-0.0894767463294179,0.207347579662751,-0.453554931085455,-0.453260892755327,0.0192709596313113,0.00057745221589345
0.0286791666666667,0.0057,21.526031187913,21,11.374999669179,0.0303609513592473,7.15938657407407,0.17300674588311,-0.144327579216443,0.00627145605054924,0.199284307202834,0.000476235672387588,-0.726791220259076,"OLS Mean loss | Ex-ante",-0.144327579216443,0.173006745883109,-0.726791220259076,-0.726511250104512,0.00627145605054924,0.000476235672387588
0.034725,0.00832,23.6740898172161,18,15.3097873690661,0.0178982747025569,7.7978587962963,0.176855372165084,-0.142130372165084,0.00491585988128091,0.199287017344465,0.000361030662129791,-0.715239051170875,"OLS Mean loss | Ex-ante",-0.142130372165084,0.176855372165084,-0.715239051170875,-0.714953808150067,0.00491585988128091,0.000361030662129791
0.457958333333333,0.02302,25.1272525738144,23,15.7648440236363,0.0143781726787506,7.8616087962963,0.163488745348867,0.294469587984467,0.00533894653426073,0.199012661007454,0.00168452188397624,1.48216693116793,"OLS Mean loss | Ex-ante",0.294469587984467,0.163488745348866,1.48216693116793,1.48361831290976,0.00533894653426073,0.00168452188397624
0.0224083333333333,0.16882,25.7715342958615,30,11.3287558205615,0.0443218250860475,9.17795138888889,0.111846765518547,-0.0894384321852133,0.0139202917610676,0.199336979582719,0.00041225227797444,-0.45212903126556,"OLS Mean loss | Ex-ante",-0.0894384321852132,0.111846765518547,-0.45212903126556,-0.451835441238953,0.0139202917610676,0.00041225227797444
0.0793,0.18855,23.852292653252,29,14.3993028804301,0.0340846199305691,8.89700231481481,0.161553449681867,-0.0822534496818667,0.00392342624295209,0.199342389100141,0.0000963116220505081,-0.41371568404017,"OLS Mean loss | Ex-ante",-0.0822534496818665,0.161553449681867,-0.41371568404017,-0.413435818088455,0.00392342624295209,0.0000963116220505081
0.0454666666666667,0.017,24.0938818723793,21,12.5050827238745,0.0156814863436511,8.8958912037037,0.15372953067416,-0.108262864007493,0.00280845668303059,0.199322053313304,0.00011916809436134,-0.54423246583009,"OLS Mean loss | Ex-ante",-0.108262864007493,0.15372953067416,-0.54423246583009,-0.543919796916304,0.00280845668303059,0.00011916809436134
0.0246,0.02389,23.2236588728149,36,12.1972059122936,0.0334859850524227,9.17681712962963,0.155748776556091,-0.131148776556091,0.00722705066919584,0.199299215797921,0.000454025380485088,-0.660744418674006,"OLS Mean loss | Ex-ante",-0.131148776556091,0.155748776556091,-0.660744418674006,-0.660440482668763,0.00722705066919584,0.000454025380485088
0.467525,0.05934,21.8275433327486,14,11.8913975712871,0.0228159786477964,7.20174768518519,0.175447976072896,0.292077023927104,0.00479391583769607,0.199018645747607,0.00148644746513868,1.46972171520151,"OLS Mean loss | Ex-ante",0.292077023927104,0.175447976072896,1.46972171520151,1.4711166705667,0.00479391583769607,0.00148644746513868
0.113383333333333,0.02942,23.7188250575871,17,13.385799133035,0.015058952693638,9.76149305555556,0.163744757948811,-0.0503614246154772,0.00303726137085337,0.19935979967055,0.000027900420015967,-0.25319362738972,"OLS Mean loss | Ex-ante",-0.050361424615477,0.16374475794881,-0.25319362738972,-0.253000252628541,0.00303726137085337,0.000027900420015967
0.0416791666666667,0.03137,23.2849350125126,30,10.668514352549,0.0240403044770526,10.1630208333333,0.148188804526425,-0.106509637859758,0.00513117680469915,0.199323492193384,0.000211715945084901,-0.536043735215913,"OLS Mean loss | Ex-ante",-0.106509637859758,0.148188804526424,-0.536043735215913,-0.535731903459433,0.00513117680469915,0.000211715945084901
0.0647541666666667,0.1971,21.1265385516889,11,12.7620946043131,0.0224463316561198,10.161099537037,0.188478541954903,-0.123724375288237,0.00650820140777029,0.199307074931172,0.00036335686165536,-0.623113777378051,"OLS Mean loss | Ex-ante",-0.123724375288236,0.188478541954903,-0.623113777378051,-0.622802591604433,0.00650820140777029,0.00036335686165536
0.133245833333333,0,22.1809941689682,2,11.056607040266,0.0156362253991573,9.82228009259259,0.16608688986106,-0.0328410565277268,0.00799896465857458,0.199365769541344,0.0000315597956503002,-0.165521832194673,"OLS Mean loss | Ex-ante",-0.0328410565277266,0.16608688986106,-0.165521832194673,-0.165390463467024,0.00799896465857458,0.0000315597956503002
0.6534,0.067,21.1100980834081,16,10.5545208940051,0.0279655561115275,9.77271990740741,0.172111014323059,0.481288985676941,0.00623641641661831,0.198412741724787,0.00526588306261623,2.4235869832402,"OLS Mean loss | Ex-ante",0.481288985676941,0.172111014323059,2.4235869832402,2.43329534659043,0.00623641641661831,0.00526588306261623
0.0747958333333333,0.01855,23.5327975011005,6,9.95297928460819,0.0334649042603011,8.09940972222222,0.134463617297294,-0.0596677839639608,0.0126503779485542,0.199355448029987,0.000166315147126593,-0.301438454084292,"OLS Mean loss | Ex-ante",-0.0596677839639607,0.134463617297294,-0.301438454084292,-0.301214807632642,0.0126503779485542,0.000166315147126593
0.122379166666667,0.013,21.128566344842,29,11.8245634662059,0.0209415534428196,9.97748842592593,0.184796941537776,-0.0624177748711092,0.0160983576632713,0.199353997829294,0.000233230412643963,-0.315883300486504,"OLS Mean loss | Ex-ante",-0.062417774871109,0.184796941537776,-0.315883300486504,-0.315651233147698,0.0160983576632713,0.000233230412643963
0.0731416666666667,0.21466,23.4849469766532,26,12.0552746593493,0.0417773542510996,9.97612268518519,0.14620920543975,-0.0730675387730835,0.00454020613821221,0.199348245950396,0.000088057732079747,-0.367626529310595,"OLS Mean loss | Ex-ante",-0.0730675387730833,0.14620920543975,-0.367626529310595,-0.367367047697542,0.00454020613821221,0.000088057732079747
0.0283,0.05373,23.8688044817551,22,13.4763707986659,0.014743201522072,13.9447569444444,0.160799272810403,-0.132499272810403,0.00318408247709486,0.199298039597935,0.000202521802579583,-0.666193268288895,"OLS Mean loss | Ex-ante",-0.132499272810402,0.160799272810402,-0.666193268288895,-0.665890755739287,0.00318408247709486,0.000202521802579583
0.0241125,0.69535,23.2237998067205,7,13.1320478511384,0.0122471091881864,13.9359143518519,0.166896808946559,-0.142784308946559,0.00656681899792927,0.199286110165648,0.000488347653850489,-0.719126645158057,"OLS Mean loss | Ex-ante",-0.142784308946559,0.166896808946559,-0.719126645158057,-0.718843123995457,0.00656681899792927,0.000488347653850489
0.0670416666666667,0.13798,22.0293992994964,19,11.7138391127353,0.0326044757007529,14.2986458333333,0.163697709632676,-0.0966560429660089,0.00455387607187813,0.199331762166858,0.000154558938176222,-0.486311297581291,"OLS Mean loss | Ex-ante",-0.0966560429660088,0.163697709632675,-0.486311297581291,-0.486008232002747,0.00455387607187813,0.000154558938176222
0.280566666666667,0.01994,22.1808534661789,23,10.3227111766915,0.026197009279748,13.9308449074074,0.156142073597665,0.124424593069001,0.00626762030215515,0.199306373463727,0.000353725744497515,0.626564429259125,"OLS Mean loss | Ex-ante",0.124424593069001,0.156142073597665,0.626564429259125,0.626253724334158,0.00626762030215515,0.000353725744497515
0.0831625,0.07318,21.173713897267,3,13.18575120675,0.0265155575203839,12.4440046296296,0.186548625661854,-0.103386125661854,0.00642263521439463,0.199326136039172,0.000250336867824977,-0.520661713750243,"OLS Mean loss | Ex-ante",-0.103386125661854,0.186548625661854,-0.520661713750243,-0.520351928151858,0.00642263521439463,0.000250336867824977
0.444929166666667,0.0064,20.5581874166271,11,9.98575007152754,0.0316081355723516,13.4382291666667,0.171065364986361,0.273863801680306,0.00782545506665051,0.199060213820331,0.00214631331919682,1.38017710739801,"OLS Mean loss | Ex-ante",0.273863801680306,0.171065364986361,1.38017710739801,1.3811985890438,0.00782545506665051,0.00214631331919682
0.04165,0.07475,25.0488254481267,25,13.7130226147391,0.0173043855097061,13.0782523148148,0.146899044458216,-0.105249044458216,0.00268329497617263,0.199324703999666,0.000107579363009987,-0.529048932259494,"OLS Mean loss | Ex-ante",-0.105249044458216,0.146899044458216,-0.529048932259494,-0.528737955064044,0.00268329497617263,0.000107579363009987
0.0303958333333333,0.10738,24.9668335483423,42,11.1089576353809,0.0287584277431807,13.4282291666667,0.126895119423424,-0.0964992860900904,0.00838090706887317,0.199331738860176,0.000285719499126328,-0.486458602306015,"OLS Mean loss | Ex-ante",-0.0964992860900902,0.126895119423424,-0.486458602306015,-0.486155501771545,0.00838090706887317,0.000285719499126328
0.0639458333333333,0.04895,22.5322720886012,30,9.57206144277448,0.0324961922726935,13.0801041666667,0.144927750184346,-0.0809819168510128,0.00860598037153647,0.199343115669103,0.000206716089642615,-0.4082809647446,"OLS Mean loss | Ex-ante",-0.0809819168510126,0.144927750184346,-0.4082809647446,-0.408003288111242,0.00860598037153647,0.000206716089642615
0.227508333333333,0.24733,25.0412286936032,27,13.5699334557074,0.0391857603955783,13.4333449074074,0.135805242458906,0.0917030908744272,0.00679126576743674,0.199335525404153,0.000208414547003778,0.46191060809979,"OLS Mean loss | Ex-ante",0.0917030908744274,0.135805242458906,0.46191060809979,0.461614033915206,0.00679126576743674,0.000208414547003778
0.0114833333333333,0.04254,25.8266238530798,36,10.9166582859449,0.0180744004418911,13.0513773148148,0.119263494249285,-0.107780160915952,0.00675208323637173,0.199322292381829,0.00028621377496866,-0.542880476631286,"OLS Mean loss | Ex-ante",-0.107780160915952,0.119263494249285,-0.542880476631286,-0.542567933693101,0.00675208323637173,0.00028621377496866
0.1842625,0.09393,24.5395992971425,27,16.1387373371265,0.0193910210863522,13.4108217592593,0.168471883043149,0.0157906169568509,0.00506558537742716,0.199369197943734,0.00000459334795200375,0.0794686983168196,"OLS Mean loss | Ex-ante",0.0157906169568512,0.168471883043149,0.0794686983168196,0.079404261388952,0.00506558537742716,0.00000459334795200375
0.046625,0.0321,24.4449351163237,9,12.5976136348043,0.0186256877039615,13.0581365740741,0.14492230578237,-0.0982973057823697,0.0080142859340412,0.199330305933668,0.000283287649676053,-0.495430948968261,"OLS Mean loss | Ex-ante",-0.0982973057823695,0.14492230578237,-0.495430948968261,-0.495125817269815,0.0080142859340412,0.000283287649676053
0.0167250416666667,2.04825,25.5995820488253,37,8.49836423394971,0.0203060144172735,13.4054976851852,0.106622989895495,-0.089897948228828,0.0130973001276276,0.199336665072719,0.000391221829547699,-0.454262449721939,"OLS Mean loss | Ex-ante",-0.0898979482288279,0.106622989895495,-0.454262449721939,-0.453968190622029,0.0130973001276276,0.000391221829547699
0.0147333333333333,0.04803,22.7955449810356,19,13.7075334843245,0.0257600936008093,13.0498032407407,0.170967683211517,-0.156234349878183,0.00306159987118244,0.199269866850102,0.000270679425323439,-0.785482637387225,"OLS Mean loss | Ex-ante",-0.156234349878183,0.170967683211517,-0.785482637387225,-0.785236957581614,0.00306159987118244,0.000270679425323439
0.177216666666667,0.27103,25.8126584549143,26,14.1737568777561,0.015423599130713,13.9689930555556,0.140857071099587,0.0363595955670799,0.00424489806882257,0.199364784289403,0.0000203746749087739,0.182909811037437,"OLS Mean loss | Ex-ante",0.03635959556708,0.140857071099587,0.182909811037437,0.182765545310857,0.00424489806882257,0.0000203746749087739
0.187125,0.08404,23.2344436776045,31,9.62670878538929,0.0160455757481813,14.3844560185185,0.143552271380862,0.0435727286191377,0.00966005216624926,0.199362368735054,0.0000673179381018217,0.219794507601692,"OLS Mean loss | Ex-ante",0.0435727286191378,0.143552271380862,0.219794507601692,0.219623810973194,0.00966005216624926,0.0000673179381018217
0.273466666666667,0.04,22.3229777163473,2,12.7862087570044,0.0186958549651866,14.3806134259259,0.171755667466427,0.101710999200239,0.00746431193809044,0.199327508538609,0.000282178404827478,0.512494350694138,"OLS Mean loss | Ex-ante",0.101710999200239,0.171755667466427,0.512494350694138,0.512185897792324,0.00746431193809044,0.000282178404827478
0.0736458333333333,0.015,22.1462655707693,9,14.7355093145462,0.0881575594322183,14.3710069444444,0.154609757906552,-0.0809639245732182,0.0440690238164714,0.199342122393819,0.00113803044014922,-0.415692808789031,"OLS Mean loss | Ex-ante",-0.080963924573218,0.154609757906551,-0.415692808789031,-0.41541216116588,0.0440690238164714,0.00113803044014922
0.012225,0.04206,23.4856602572466,26,10.265629469751,0.0244903873664301,14.3740162037037,0.14001087098399,-0.12778587098399,0.00529652738023017,0.199302942195283,0.000314673407542311,-0.643176618042584,"OLS Mean loss | Ex-ante",-0.12778587098399,0.14001087098399,-0.643176618042584,-0.642868743015533,0.00529652738023017,0.000314673407542311
0.0136083333333333,0.0166,27.6576202156865,45,12.9695974334232,0.0158363026481417,14.0089699074074,0.110912880283586,-0.0973045469502531,0.00943163238671042,0.199331052293321,0.000327623193303896,-0.490778054421951,"OLS Mean loss | Ex-ante",-0.097304546950253,0.110912880283586,-0.490778054421951,-0.490473951902291,0.00943163238671042,0.000327623193303896
0.0323166666666667,0.32144,24.4200843569919,19,14.5598099860604,0.0105292083298578,14.3881597222222,0.1625815106023,-0.130264843935634,0.00460247624719761,0.199300354679032,0.000283754857964971,-0.655425256726491,"OLS Mean loss | Ex-ante",-0.130264843935634,0.1625815106023,-0.655425256726491,-0.655120023847491,0.00460247624719761,0.000283754857964971
0.0109166666666667,0.0371,22.4721096062778,10,11.0383533206953,0.0175771191027351,14.3735300925926,0.159667383181027,-0.14875071651436,0.0056839584342816,0.19927901306349,0.000457942076024431,-0.748843510743024,"OLS Mean loss | Ex-ante",-0.14875071651436,0.159667383181027,-0.748843510743024,-0.748574932200385,0.0056839584342816,0.000457942076024431
0.103041666666667,0.06826,22.1747683944838,34,14.2693307792158,0.0422028600256617,11.9113541666667,0.176994866085027,-0.0739531994183602,0.0129738882162533,0.199347517479478,0.000262190660279299,-0.373668831391982,"OLS Mean loss | Ex-ante",-0.07395319941836,0.176994866085027,-0.373668831391982,-0.373406449469836,0.0129738882162533,0.000262190660279299
0.413941666666667,0.06689,23.4445594489049,5,14.0368296395962,0.0146970305756015,12.2893171296296,0.169100431547573,0.244841235119094,0.00729332842876874,0.199122610329337,0.00159714162210142,1.23358283802989,"OLS Mean loss | Ex-ante",0.244841235119094,0.169100431547573,1.23358283802989,1.23410898573382,0.00729332842876874,0.00159714162210142
0.398279166666667,0.16008,23.2831261189383,35,9.34604540054155,0.013783497594457,13.8426273148148,0.142927157842329,0.255352008824338,0.0127493650742142,0.199099390103645,0.0030704546403271,1.29008936545943,"OLS Mean loss | Ex-ante",0.255352008824338,0.142927157842329,1.29008936545943,1.29079013685128,0.0127493650742142,0.0030704546403271
0.236708333333333,0.07826,21.9937797251052,16,15.1456092381387,0.0461085135634058,14.1730208333333,0.180124469606463,0.0565838637268708,0.00919752440397166,0.199356982400847,0.000107987228657369,0.285360123958766,"OLS Mean loss | Ex-ante",0.056583863726871,0.180124469606462,0.285360123958766,0.285146211841195,0.00919752440397166,0.000107987228657369
0.0895791666666667,0.05761,19.7041622302255,7,13.1757682791789,0.0456713542916439,14.1835763888889,0.195572739879439,-0.105993573212772,0.0117934147647233,0.199323631960586,0.000488420142909864,-0.535241635045461,"OLS Mean loss | Ex-ante",-0.105993573212772,0.195572739879438,-0.535241635045461,-0.534929894796215,0.0117934147647233,0.000488420142909864
0.0655666666666667,0.22725,22.1081199588395,18,10.1767804962314,0.0381275653205798,22.7299768518519,0.1452072744784,-0.0796406078117333,0.0160797638879918,0.199343807147845,0.000379244619835146,-0.403040646575682,"OLS Mean loss | Ex-ante",-0.0796406078117332,0.1452072744784,-0.403040646575682,-0.402765136837331,0.0160797638879918,0.000379244619835146
0.2772,0.01739,23.7646926271827,21,10.9537893603555,0.027055265187723,14.4509837962963,0.139198091890202,0.138001908109798,0.00434785013500608,0.199291826701987,0.000300690627718931,0.694265366124796,"OLS Mean loss | Ex-ante",0.138001908109799,0.139198091890201,0.694265366124796,0.69397174008195,0.00434785013500608,0.000300690627718931
0.08005,0.06681,26.6648420631273,38,15.1994638522954,0.0135278455850969,14.0967476851852,0.138674764033297,-0.0586247640332972,0.00564937590739294,0.199356060585412,0.0000706926077125728,-0.295124700738124,"OLS Mean loss | Ex-ante",-0.0586247640332971,0.138674764033297,-0.295124700738124,-0.294904832506018,0.00564937590739294,0.0000706926077125728
0.0260208333333333,0.01846,23.8760248201063,25,15.3151810903029,0.0232194779208502,14.3015393518519,0.168916890201427,-0.142896056868093,0.00441002555424814,0.199286160969723,0.000327047611085342,-0.718909487223687,"OLS Mean loss | Ex-ante",-0.142896056868093,0.168916890201427,-0.718909487223687,-0.718625868477727,0.00441002555424814,0.000327047611085342
0.00509604166666666,0.03531,29.1756548719472,67,14.6289431643984,0.0216071920550758,15.1998263888889,0.101406485630229,-0.0963104439635626,0.0226078792947666,0.199331331287099,0.000790240607912842,-0.489027402522065,"OLS Mean loss | Ex-ante",-0.0963104439635625,0.101406485630229,-0.489027402522065,-0.488723700722654,0.0226078792947666,0.000790240607912842
0.0956541666666667,0.05874,21.4106780118088,11,12.7801891597876,0.0203895071121985,15.1607523148148,0.183068413778287,-0.0874142471116207,0.0072560919702074,0.199338680702067,0.000202527114342651,-0.440410671169711,"OLS Mean loss | Ex-ante",-0.0874142471116205,0.183068413778287,-0.440410671169711,-0.440120934518754,0.0072560919702074,0.000202527114342651
0.3952625,0.02256,23.9564008036879,31,10.5956604586448,0.0222790852987618,15.1567476851852,0.137305498043536,0.257957001956464,0.00612212190276124,0.199095676453401,0.00148463939722695,1.29889796417688,"OLS Mean loss | Ex-ante",0.257957001956464,0.137305498043536,1.29889796417688,1.29962776133745,0.00612212190276124,0.00148463939722695
0.019375,0.03692,25.8808173623815,54,16.0765825190134,0.0226629301334103,15.1614930555556,0.151182120868881,-0.131807120868881,0.0169159725279639,0.199297793958856,0.00109467160529938,-0.667325592855483,"OLS Mean loss | Ex-ante",-0.131807120868881,0.151182120868881,-0.667325592855483,-0.667023388247704,0.0169159725279639,0.00109467160529938
0.0172291666666667,0.08147,24.3316464793872,35,11.5347070739662,0.0241033811180339,6.95012731481481,0.142867173238279,-0.125638006571613,0.00541157207300338,0.199305177846052,0.000310863070197495,-0.632402478700579,"OLS Mean loss | Ex-ante",-0.125638006571613,0.142867173238279,-0.632402478700579,-0.632092670621442,0.00541157207300338,0.000310863070197495
0.0108083333333333,0.02822,24.7326828857898,51,13.8161441191268,0.0337440379468793,13.9753356481481,0.145970875755513,-0.13516254242218,0.0153635459561105,0.199294178657326,0.00104218006593375,-0.68377406508206,"OLS Mean loss | Ex-ante",-0.13516254242218,0.145970875755513,-0.68377406508206,-0.683476810035452,0.0153635459561105,0.00104218006593375
0.546454166666667,0.04948,25.7596725761181,36,14.8555946291573,0.0139830575804959,13.5641319444444,0.147809271921425,0.398644894745242,0.0045559984236395,0.198714943044099,0.00263034506268188,2.00572790645658,"OLS Mean loss | Ex-ante",0.398644894745242,0.147809271921425,2.00572790645658,2.01069993141431,0.0045559984236395,0.00263034506268188
0.126716666666667,0.1639,24.4116460182031,20,13.9272860162098,0.0176702746015391,13.9604050925926,0.155333544605069,-0.0286168779384024,0.00300193825155878,0.199366858941776,0.00000890323924221008,-0.143869694510689,"OLS Mean loss | Ex-ante",-0.0286168779384022,0.155333544605069,-0.143869694510689,-0.143754724783008,0.00300193825155878,0.00000890323924221008
0.165791666666667,0.00314,21.3200727601423,9,13.0019653631698,0.0694592416476341,12.9372106481481,0.163363290961487,0.00242837570517959,0.0195866776284139,0.199370200278524,0.000000432578111850942,0.012311345083543,"OLS Mean loss | Ex-ante",0.00242837570517978,0.163363290961487,0.012311345083543,0.012301300625448,0.0195866776284139,0.000000432578111850942
0.081925,0.11411,23.1700369951327,22,11.7529447999682,0.0320024487695355,13.950474537037,0.150174139405508,-0.0682491394055075,0.00332815721204637,0.199351072609812,0.0000561803225534169,-0.34317473918081,"OLS Mean loss | Ex-ante",-0.0682491394055073,0.150174139405507,-0.34317473918081,-0.34292765381582,0.00332815721204637,0.0000561803225534169
0.1025375,0,22.3177178321367,1,9.50402857148218,0.0181591436686364,11.9565856481481,0.151598380459177,-0.0490608804591773,0.0109079862946041,0.199360252447585,0.0000966122693872167,-0.247634538740902,"OLS Mean loss | Ex-ante",-0.0490608804591771,0.151598380459177,-0.247634538740902,-0.247444847706944,0.0109079862946041,0.0000966122693872167
0.0499333333333333,0.0124,20.6157875691336,12,9.39121842710527,0.0374711228016313,14.0705671296296,0.163375290910038,-0.113441957576705,0.00872954382023595,0.199317017592261,0.000411571281519578,-0.571968166311942,"OLS Mean loss | Ex-ante",-0.113441957576705,0.163375290910038,-0.571968166311942,-0.571654005269457,0.00872954382023595,0.000411571281519578
0.0734666666666667,0.03777,23.1659923851602,36,12.1099031846496,0.0276950416315547,13.4662152777778,0.156291678167533,-0.0828250115008659,0.00820614231806818,0.199341878993672,0.000206020122177802,-0.417488988344812,"OLS Mean loss | Ex-ante",-0.0828250115008658,0.156291678167532,-0.417488988344812,-0.417207637480583,0.00820614231806818,0.000206020122177802
0.0140166666666667,0.03909,24.5651240701944,32,10.0594807515689,0.0189937336208781,14.4270717592593,0.128077831885714,-0.114061165219047,0.00696336670245153,0.199316530759753,0.000330715651570101,-0.574578533153862,"OLS Mean loss | Ex-ante",-0.114061165219047,0.128077831885713,-0.574578533153862,-0.574264340975684,0.00696336670245153,0.000330715651570101
0.0131458333333333,0.08531,24.3135405150291,42,10.685618860514,0.0234667303796519,12.425474537037,0.135484993950153,-0.12233916061682,0.0095507919617136,0.199308291582715,0.000524561454231467,-0.61708305262072,"OLS Mean loss | Ex-ante",-0.122339160616819,0.135484993950153,-0.61708305262072,-0.616771113595667,0.0095507919617136,0.000524561454231467
0.050025,0.15131,23.1736828919125,13,15.2367928255025,0.0575589607921798,13.4407060185185,0.160386309309869,-0.110361309309869,0.0161153418329849,0.199319490466158,0.000729919973776148,-0.558520318860871,"OLS Mean loss | Ex-ante",-0.110361309309868,0.160386309309868,-0.558520318860871,-0.558206618702638,0.0161153418329849,0.000729919973776148
0.00859166666666666,0.03105,25.3204164570046,34,10.5159337069266,0.0220603892103652,14.401099537037,0.120216157356439,-0.111624490689772,0.00710953987463754,0.199318793100001,0.000323480580542857,-0.562345272816265,"OLS Mean loss | Ex-ante",-0.111624490689772,0.120216157356439,-0.562345272816265,-0.562031390722314,0.00710953987463754,0.000323480580542857
0.4195375,0.02109,23.5565667183129,17,16.4515827937598,0.0217724261892025,12.4082986111111,0.181409970673834,0.238127529326166,0.00623134993684476,0.199136261969045,0.00128801577836585,1.19911597073989,"OLS Mean loss | Ex-ante",0.238127529326166,0.181409970673834,1.19911597073989,1.19954517806325,0.00623134993684476,0.00128801577836585
0.0313708333333333,0.05086,25.0974739979411,28,14.2413467903181,0.0299224091163548,14.4043402777778,0.143333404052599,-0.111962570719265,0.00426508312709888,0.199318628874668,0.000194122629171623,-0.563242244689833,"OLS Mean loss | Ex-ante",-0.111962570719265,0.143333404052598,-0.563242244689833,-0.562928325751777,0.00426508312709888,0.000194122629171623
0.163183333333333,0.03622,20.2811672272126,14,15.4751640293964,0.039624162395976,14.3662615740741,0.206885063013468,-0.0437017296801343,0.01559336580439,0.199362274513952,0.000110631415917436,-0.221108576075751,"OLS Mean loss | Ex-ante",-0.043701729680134,0.206885063013467,-0.221108576075751,-0.220936963334002,0.01559336580439,0.000110631415917436
0.108979166666667,0.01661,24.4047217563472,18,12.1858305383435,0.0546686355408613,14.3570949074074,0.125796873258837,-0.0168177065921708,0.0180109726171247,0.199369044642595,0.0000190172560195929,-0.0851937394132363,"OLS Mean loss | Ex-ante",-0.0168177065921706,0.125796873258837,-0.0851937394132363,-0.0851247258100034,0.0180109726171247,0.0000190172560195929
0.17315,0.0162,21.7250876562313,14,13.711615757744,0.0436432353813308,13.9634606481481,0.175107591459297,-0.00195759145929739,0.00665532994531025,0.199370209117548,0.0000000930473903326371,-0.00985975914322628,"OLS Mean loss | Ex-ante",-0.00195759145929716,0.175107591459297,-0.00985975914322628,-0.00985171442397473,0.00665532994531025,0.0000000930473903326371
0.0532,0.007,21.0463563405468,9,10.7929999068539,0.0454824975643081,14.3553356481481,0.162865187590998,-0.109665187590998,0.00801343867822806,0.19932053776498,0.000352561858534133,-0.552726286059091,"OLS Mean loss | Ex-ante",-0.109665187590998,0.162865187590998,-0.552726286059091,-0.552412937611022,0.00801343867822806,0.000352561858534133
0.0986958333333333,0.02603,22.0625428954998,25,12.8168214508371,0.0250380937588111,13.9597337962963,0.174878646420553,-0.0761828130872193,0.00724663881857384,0.199346266569976,0.000153623731131456,-0.383822605687541,"OLS Mean loss | Ex-ante",-0.0761828130872191,0.174878646420552,-0.383822605687541,-0.38355550082961,0.00724663881857384,0.000153623731131456
0.0315083333333333,0.08796,22.0902547272138,6,8.8399435949093,0.0246482923624467,13.9663310185185,0.146505398148662,-0.114997064815328,0.00974957829986884,0.199315492289141,0.00047332526342994,-0.580107479386778,"OLS Mean loss | Ex-ante",-0.114997064815328,0.146505398148662,-0.580107479386778,-0.579793284673813,0.00974957829986884,0.00047332526342994
0.170679166666667,0.04764,20.8483848972347,17,9.73460904127063,0.0284294874254376,13.9558217592593,0.167581937320083,0.00309722934658371,0.00921750247478274,0.199370185250582,0.000000324260282476874,0.0156199065018316,"OLS Mean loss | Ex-ante",0.00309722934658386,0.167581937320083,0.0156199065018316,0.0156071638638906,0.00921750247478274,0.000000324260282476874
0.0142583333333333,0.04247,22.0433633421848,7,8.49756369198971,0.0219062474717603,7.35170138888889,0.149877982895893,-0.135619649562559,0.010007333165909,0.199294077630436,0.000676067491746827,-0.684228021955042,"OLS Mean loss | Ex-ante",-0.135619649562559,0.149877982895893,-0.684228021955042,-0.683930916261733,0.010007333165909,0.000676067491746827
0.147733333333333,0.32092,22.0819969421497,10,13.6430033208885,0.0205773474160634,13.6836921296296,0.181038258704725,-0.0333049253713912,0.00521280565235437,0.199365655622996,0.0000210338370832565,-0.167624540040055,"OLS Mean loss | Ex-ante",-0.033304925371391,0.181038258704724,-0.167624540040055,-0.16749159817411,0.00521280565235437,0.0000210338370832565
0.486495833333333,0.01917,21.9854095222258,9,13.2040859041607,0.0445960256343283,14.0465393518519,0.167417188724858,0.319078644608476,0.00719464077691932,0.198949548597093,0.00267526483475703,1.60753304615676,"OLS Mean loss | Ex-ante",0.319078644608476,0.167417188724858,1.60753304615676,1.60961764431329,0.00719464077691932,0.00267526483475703
0.21535,0.04369,20.5731155049477,5,13.1611816286283,0.0329913704431843,13.6660069444444,0.190480292342846,0.024869707657154,0.00760359121586845,0.199367670947951,0.0000171901698304383,0.125320556725516,"OLS Mean loss | Ex-ante",0.0248697076571543,0.190480292342846,0.125320556725516,0.125219900048061,0.00760359121586845,0.0000171901698304383
0.448883333333333,0.00575,20.0493564182939,6,11.4679798178322,0.038859600994415,9.69373842592593,0.185463150933274,0.263420182400059,0.00717392904869939,0.199083612191243,0.00181802243491487,1.32710928298862,"OLS Mean loss | Ex-ante",0.26342018240006,0.185463150933274,1.32710928298862,1.32793539756818,0.00717392904869939,0.00181802243491487
0.4745125,0.02555,22.484655033838,14,10.0885744621093,0.0305930760303009,9.05186342592593,0.150405164303512,0.324107335696488,0.004510934867495,0.198937341210283,0.00172132035669153,1.63066534317975,"OLS Mean loss | Ex-ante",0.324107335696488,0.150405164303512,1.63066534317975,1.63288013080173,0.004510934867495,0.00172132035669153
0.545104166666667,0.01595,25.15028111662,26,11.3510183930673,0.012921519943262,10.0231597222222,0.133829700649148,0.411274466017519,0.004784247133984,0.198672530736696,0.0029412573879353,2.06950916324883,"OLS Mean loss | Ex-ante",0.411274466017519,0.133829700649148,2.06950916324883,2.07508218721011,0.004784247133984,0.0029412573879353
0.61205,0.12382,22.3238177881958,14,13.524268027614,0.0270665903504903,9.64890046296296,0.176581184093954,0.435468815906046,0.00311854412034105,0.198589172083833,0.00214224626239662,2.18942225952601,"OLS Mean loss | Ex-ante",0.435468815906046,0.176581184093954,2.18942225952601,2.19623969412786,0.00311854412034105,0.00214224626239662
0.0901791666666667,0.06413,20.2698549169531,7,17.0935615375251,0.0327085867752538,6.32878472222222,0.224758488225539,-0.134579321558872,0.0195803636880407,0.199294509316344,0.00132813993750932,-0.682286159501888,"OLS Mean loss | Ex-ante",-0.134579321558872,0.224758488225539,-0.682286159501888,-0.681988419766638,0.0195803636880407,0.00132813993750932
0.008026,0.10338,23.9981234839381,43,10.3220026221513,0.0338368147368877,11.0509375,0.133061275934476,-0.125035275934476,0.0113222240862201,0.199305415344646,0.0006518951209605,-0.631247103351555,"OLS Mean loss | Ex-ante",-0.125035275934476,0.133061275934476,-0.631247103351555,-0.630937109434655,0.0113222240862201,0.0006518951209605
0.0282208333333333,0.00305,21.2440873393005,15,14.0548818397288,0.03370011934332,11.0305439814815,0.189954756179988,-0.161733922846655,0.00665024750800145,0.199262286541642,0.000634638023796579,-0.814599715111812,"OLS Mean loss | Ex-ante",-0.161733922846655,0.189954756179988,-0.814599715111812,-0.814375907392254,0.00665024750800145,0.000634638023796579
0.0466125,0.11487,24.6654044774924,39,15.8124466758171,0.0176972587202425,11.6202662037037,0.167770341395514,-0.121157841395514,0.00879628071430229,0.199309528303528,0.000473114984788691,-0.610891796300115,"OLS Mean loss | Ex-ante",-0.121157841395514,0.167770341395514,-0.610891796300115,-0.610579198307335,0.00879628071430229,0.000473114984788691
0.0574708333333333,0.04827,23.2870522363504,26,15.202041173432,0.0209882695514487,11.637025462963,0.178348278708879,-0.120877445375546,0.0056506135778692,0.199310000119169,0.000300606626143343,-0.60851318862299,"OLS Mean loss | Ex-ante",-0.120877445375545,0.178348278708879,-0.60851318862299,-0.608200368019093,0.0056506135778692,0.000300606626143343
0.0276666666666667,0.01654,22.2212778542196,28,11.1718817466441,0.0356064595577624,11.9972569444444,0.158356201210285,-0.130689534543618,0.00647554082586114,0.199299765664303,0.000403358261316919,-0.658181630068222,"OLS Mean loss | Ex-ante",-0.130689534543618,0.158356201210285,-0.658181630068222,-0.657877057838515,0.00647554082586114,0.000403358261316919
0.115583333333333,0.00961,21.9064156763226,11,14.5981426644344,0.018605422587796,12.0421412037037,0.191292619507278,-0.075709286173945,0.00697004471360025,0.199346570087196,0.000145847699384818,-0.381383767047426,"OLS Mean loss | Ex-ante",-0.0757092861739447,0.191292619507278,-0.381383767047426,-0.38111777911873,0.00697004471360025,0.000145847699384818
0.0102916666666667,0.00649,25.3042039707133,54,10.6053157438517,0.0276885190888313,11.2093865740741,0.122166590558017,-0.11187492389135,0.0166560582893674,0.199318060412886,0.000776099242414156,-0.566336114626454,"OLS Mean loss | Ex-ante",-0.11187492389135,0.122166590558016,-0.566336114626454,-0.566022085651993,0.0166560582893674,0.000776099242414156
0.339191666666667,0.88457,24.8510198045267,30,11.9084929897588,0.0157975387612941,10.7903587962963,0.140645973155866,0.198545693510801,0.00328176340223753,0.19920808743385,0.000468785118301007,0.998317069135563,"OLS Mean loss | Ex-ante",0.198545693510801,0.140645973155866,0.998317069135563,0.998314326197745,0.00328176340223753,0.000468785118301007
0.0703708333333333,0.08062,22.2300205740463,16,14.2817278982561,0.0385609621564905,11.7747569444444,0.176318272803451,-0.105947439470118,0.00473275024112944,0.199324002807963,0.000193065869151542,-0.53310755327457,"OLS Mean loss | Ex-ante",-0.105947439470117,0.176318272803451,-0.53310755327457,-0.532796064693957,0.00473275024112944,0.000193065869151542
0.3722125,0.0287,22.0619496233451,12,15.9531609474739,0.0425577835971471,12.1578356481481,0.186939520107054,0.185272979892946,0.00904382659565432,0.199228226773222,0.00113804102890968,0.934284384676174,"OLS Mean loss | Ex-ante",0.185272979892946,0.186939520107054,0.934284384676174,0.934187374134164,0.00904382659565432,0.00113804102890968
0.0690083333333333,0.03195,22.2244862351863,13,14.4654188548456,0.0423506792599173,11.7855902777778,0.175446419070261,-0.106438085736928,0.00589806214158633,0.199323518961748,0.00024340641974501,-0.535890209127148,"OLS Mean loss | Ex-ante",-0.106438085736928,0.175446419070261,-0.535890209127148,-0.535578394755045,0.00589806214158633,0.00024340641974501
0.117379166666667,0.35635,23.7560048357209,26,13.2081585627517,0.0274763831180413,6.03199074074074,0.15946014493698,-0.0420809782703132,0.00334831736249261,0.199362943868918,0.0000214882909578119,-0.211596438052556,"OLS Mean loss | Ex-ante",-0.0420809782703131,0.15946014493698,-0.211596438052556,-0.211431498250348,0.00334831736249261,0.0000214882909578119
0.459570833333333,0.01234,23.0570694286478,21,15.9481636141434,0.0257325917023722,13.0657986111111,0.182619572491878,0.276951260841455,0.00622081340882417,0.199053691211757,0.00173925992158036,1.39460952037643,"OLS Mean loss | Ex-ante",0.276951260841456,0.182619572491878,1.39460952037643,1.39568741608992,0.00622081340882417,0.00173925992158036
0.008453375,0.07024,26.8251138527157,38,10.2701245213424,0.0120847686693604,13.0662847222222,0.105318074922697,-0.0968646999226971,0.0112068031879101,0.199331335973818,0.000387161617075975,-0.488997940383102,"OLS Mean loss | Ex-ante",-0.0968646999226971,0.105318074922697,-0.488997940383102,-0.488694245390351,0.0112068031879101,0.000387161617075975
0.012675375,0.10061,22.3299611035395,10,13.3089803912664,0.0358942153930145,12.6281828703704,0.168802112035142,-0.156126737035142,0.00429318725442257,0.19926988109587,0.000379980977256703,-0.785426900050707,"OLS Mean loss | Ex-ante",-0.156126737035142,0.168802112035142,-0.785426900050707,-0.785181181545909,0.00429318725442257,0.000379980977256703
0.007825,0.00365,23.5385845768468,23,15.6904051413625,0.0345832998281913,13.0046412037037,0.170803467681206,-0.162978467681206,0.00543676113607808,0.199260752286511,0.000525564862927396,-0.820367139926063,"OLS Mean loss | Ex-ante",-0.162978467681206,0.170803467681206,-0.820367139926063,-0.820148062506393,0.00543676113607808,0.000525564862927396
0.0153458333333333,0.03001,24.9357738544528,44,12.3843337542426,0.030106764743165,13.0043865740741,0.135459255315201,-0.120113421981868,0.00828579236107459,0.199310601109741,0.000437556833022295,-0.605469819236722,"OLS Mean loss | Ex-ante",-0.120113421981868,0.135459255315201,-0.605469819236722,-0.605156738385972,0.00828579236107459,0.000437556833022295
0.0630833333333333,0,20.0840305690286,2,9.50840408253767,0.0266521905388294,12.9823958333333,0.175628136324402,-0.112544802991069,0.00995477233335822,0.199317791136269,0.000463086977153167,-0.567795773302044,"OLS Mean loss | Ex-ante",-0.112544802991069,0.175628136324402,-0.567795773302044,-0.567481701620041,0.00995477233335822,0.000463086977153167
0.07381875,0.1282,25.0039508881449,23,13.4617674344857,0.0335874865506223,2.94199074074074,0.143530623326884,-0.0697118733268839,0.00867446013067995,0.199350135044897,0.000154423640431402,-0.351473699931087,"OLS Mean loss | Ex-ante",-0.0697118733268838,0.143530623326884,-0.351473699931087,-0.35122229115324,0.00867446013067995,0.000154423640431402
0.0273083333333333,0.12816,23.6625343174763,18,12.3636043379811,0.0241956030569155,9.75802083333333,0.153553206822211,-0.126244873488877,0.00212343816239718,0.199304764283376,0.000122349976929302,-0.634409339427938,"OLS Mean loss | Ex-ante",-0.126244873488877,0.153553206822211,-0.634409339427938,-0.634099863977757,0.00212343816239718,0.000122349976929302
0.0222166666666667,0.01557,24.5335909444693,26,15.7370115621849,0.0158618943675455,9.67653935185185,0.169474183551026,-0.147257516884359,0.00456327126194968,0.199280936158708,0.000359496217123648,-0.740908999244117,"OLS Mean loss | Ex-ante",-0.147257516884359,0.169474183551026,-0.740908999244117,-0.740636119141098,0.00456327126194968,0.000359496217123648
0.28465,0.04309,23.2908135361739,23,11.3952093020778,0.0378884233078785,1.78162037037037,0.15026626446968,0.13438373553032,0.00806099763716643,0.199295606168694,0.000532601877998216,0.67732710159795,"OLS Mean loss | Ex-ante",0.13438373553032,0.15026626446968,0.67732710159795,0.677027799781834,0.00806099763716643,0.000532601877998216
0.0196166666666667,0.04569,27.8200588361844,43,12.6384461339915,0.0435695408940132,2.09224537037037,0.0999003709844243,-0.0802837043177577,0.0254800253737015,0.199343119773252,0.000622534731495496,-0.408250060261226,"OLS Mean loss | Ex-ante",-0.0802837043177576,0.0999003709844243,-0.408250060261226,-0.407972396246884,0.0254800253737015,0.000622534731495496
0.08714375,0.02318,23.9868373155613,22,15.5696572460201,0.0134325784195035,2.47525462962963,0.180080728948672,-0.0929369789486723,0.0104238797646907,0.199334454415793,0.000330977519404641,-0.468984160449814,"OLS Mean loss | Ex-ante",-0.0929369789486721,0.180080728948672,-0.468984160449814,-0.468685562772503,0.0104238797646907,0.000330977519404641
0.478135,0.0738,23.2920938409594,21,12.8232453493204,0.0162738191785491,3.78097222222222,0.168660875745032,0.309474124254968,0.00644588627573508,0.198974816134001,0.00225132755712408,1.55855741999794,"OLS Mean loss | Ex-ante",0.309474124254968,0.168660875745032,1.55855741999794,1.5603803323991,0.00644588627573508,0.00225132755712408
0.07705,0.1266,24.6987146944363,32,14.5482488971365,0.023858880036557,4.15981481481481,0.159483235444057,-0.0824332354440575,0.00616912126818809,0.199342204095575,0.000152789475928529,-0.4150881450869,"OLS Mean loss | Ex-ante",-0.0824332354440573,0.159483235444057,-0.4150881450869,-0.414807735679881,0.00616912126818809,0.000152789475928529
0.0166333333333333,0.0332,25.9394528447122,44,12.5321249665708,0.0373226331632749,9.53769675925926,0.122126565807633,-0.1054932324743,0.00954981581076976,0.199324175417397,0.000390004246510972,-0.532111333106379,"OLS Mean loss | Ex-ante",-0.105493232474299,0.122126565807633,-0.532111333106379,-0.531799966080672,0.00954981581076976,0.000390004246510972
0.0681166666666667,0.03997,25.7217920513099,25,15.2028666210272,0.0187070392309146,13.6603819444444,0.147140392159503,-0.0790237254928362,0.00462678102978205,0.199344514141499,0.000104981423682612,-0.397611330489291,"OLS Mean loss | Ex-ante",-0.0790237254928361,0.147140392159503,-0.397611330489291,-0.397338122911036,0.00462678102978205,0.000104981423682612
0.0346416666666667,0.0787,23.9086588196827,11,14.1872372126893,0.0258841609443461,11.1491782407407,0.160123470752324,-0.125481804085658,0.00489491962380346,0.199305373208115,0.000280194496507699,-0.631452242123314,"OLS Mean loss | Ex-ante",-0.125481804085658,0.160123470752324,-0.631452242123314,-0.631142280900651,0.00489491962380346,0.000280194496507699
0.00462245833333333,0.0055,21.1614569685521,2,7.7981712712576,0.0154098027228266,49.2869791666667,0.135801214340367,-0.131178756007034,0.113752641261045,0.199290642526379,0.00897158162139221,-0.699487984073241,"OLS Mean loss | Ex-ante",-0.131178756007034,0.135801214340367,-0.699487984073241,-0.699196303792448,0.113752641261045,0.00897158162139221
0.069875,0.01247,21.0325448637205,3,9.07126529682832,0.0291178439090659,8.81748842592593,0.161888803687722,-0.0920138036877225,0.00841840881113535,0.199335232511971,0.000260957320149392,-0.463855791809602,"OLS Mean loss | Ex-ante",-0.0920138036877223,0.161888803687722,-0.463855791809602,-0.463558649827435,0.00841840881113535,0.000260957320149392
0.030425,0.01106,21.3127045905426,6,9.23041825550354,0.0240640675103844,14.4732060185185,0.158941690938639,-0.128516690938639,0.00886189629216052,0.199301925418339,0.000536374104225805,-0.648017412636119,"OLS Mean loss | Ex-ante",-0.128516690938639,0.158941690938639,-0.648017412636119,-0.647710524825643,0.00886189629216052,0.000536374104225805
0.13555,0.04225,22.7392345341256,8,14.0764946075528,0.064556576626387,2.04395833333333,0.160650343723638,-0.0251003437236378,0.023171303604944,0.199367581896492,0.0000550761280465406,-0.127486644767847,"OLS Mean loss | Ex-ante",-0.0251003437236377,0.160650343723638,-0.127486644767847,-0.127384305200879,0.023171303604944,0.0000550761280465406
0.216345,0.05888,23.3451009652272,4,14.3515431814155,0.0297380376731769,3.43476851851852,0.170102637147392,0.0462423628526079,0.0114336952225465,0.199361360672947,0.0000900628018171445,0.233470139498962,"OLS Mean loss | Ex-ante",0.0462423628526081,0.170102637147392,0.233470139498962,0.233290001727393,0.0114336952225465,0.0000900628018171445
0.0405208333333333,0.0393,25.3526810863119,37,16.626510373877,0.0290712539276821,4.34842592592593,0.162741017858372,-0.122220184525039,0.0102895928607145,0.19930836585505,0.0005648826055064,-0.616712986755165,"OLS Mean loss | Ex-ante",-0.122220184525039,0.162741017858372,-0.616712986755165,-0.616401005098385,0.0102895928607145,0.0005648826055064
0.0361949583333333,0.04931,26.9198910802129,29,16.572698164528,0.0124890614632519,35.0168402777778,0.132443322859153,-0.0962483645258196,0.0431809491506742,0.199330546137775,0.00157293106075948,-0.493938273142321,"OLS Mean loss | Ex-ante",-0.0962483645258194,0.132443322859153,-0.493938273142321,-0.493633465914408,0.0431809491506742,0.00157293106075948
0.00633333333333333,0.01223,22.9840865440339,14,13.4749252427243,0.0196472136825842,15.2115856481481,0.168182715912744,-0.161849382579411,0.00416461538677928,0.199262402208254,0.000396015605696876,-0.814163254317752,"OLS Mean loss | Ex-ante",-0.161849382579411,0.168182715912744,-0.814163254317752,-0.813939094043264,0.00416461538677928,0.000396015605696876
0.00754341666666666,0.0236,25.9834025912858,23,11.6016551286389,0.0145271068358772,13.0000694444444,0.12213784910016,-0.114594432433494,0.00809462830229213,0.199315965627495,0.000388932179534729,-0.577593934891885,"OLS Mean loss | Ex-ante",-0.114594432433493,0.12213784910016,-0.577593934891885,-0.57727973061619,0.00809462830229213,0.000388932179534729
0.0177825416666667,0.08306,24.3335695488956,25,16.1132566057361,0.032516509589772,13.3498842592593,0.164515366091502,-0.146732824424836,0.00569839803791499,0.199281470222857,0.000446746823003252,-0.738690366091857,"OLS Mean loss | Ex-ante",-0.146732824424836,0.164515366091502,-0.738690366091857,-0.738416324198075,0.00569839803791499,0.000446746823003252
0.00958333333333333,0.11294,27.454731473297,28,15.9476575830799,0.0109184104957436,18.4709953703704,0.131353463994964,-0.121770130661631,0.0124854697189603,0.199308684094073,0.000683423416805848,-0.61512482165014,"OLS Mean loss | Ex-ante",-0.12177013066163,0.131353463994964,-0.61512482165014,-0.614812661729744,0.0124854697189603,0.000683423416805848
0.00700625,0.02987,26.2387653523643,26,16.5876177977425,0.0149029664716658,19.3772453703704,0.148427993681839,-0.141421743681839,0.0105952559584421,0.199287372177973,0.00077926696520287,-0.713712693448711,"OLS Mean loss | Ex-ante",-0.141421743681839,0.148427993681839,-0.713712693448711,-0.713426788884456,0.0105952559584421,0.00077926696520287
0.00927083333333333,0.62295,26.1962711178865,28,14.5319571898655,0.014056501567153,18.4503009259259,0.136982115164336,-0.127711281831003,0.00759148335625275,0.199302865295301,0.000452579232321617,-0.643544006472231,"OLS Mean loss | Ex-ante",-0.127711281831003,0.136982115164336,-0.643544006472231,-0.643236203773392,0.00759148335625275,0.000452579232321617
0.686816666666667,0.07141,25.8476401428685,24,16.4428947389964,0.014802918220854,18.277337962963,0.152944660845503,0.533872005821164,0.00903330653124554,0.198188101118819,0.00943829057357582,2.6921660739576,"OLS Mean loss | Ex-ante",0.533872005821164,0.152944660845503,2.6921660739576,2.70601402455054,0.00903330653124554,0.00943829057357582
0.0454541666666667,0.08345,23.3428276004626,34,9.41515700659751,0.013553979326323,18.1569444444444,0.140174923621157,-0.09472075695449,0.0147778771758627,0.199332903769467,0.000491727477335145,-0.479040585835557,"OLS Mean loss | Ex-ante",-0.0947207569544899,0.140174923621157,-0.479040585835557,-0.478739309499284,0.0147778771758627,0.000491727477335145
0.00567508333333333,0.05132,26.8539528127982,25,15.9377970228542,0.0107328773940093,18.4453472222222,0.138695534953865,-0.133020451620531,0.0111523581649926,0.199296884129542,0.000726499291177781,-0.671502995339571,"OLS Mean loss | Ex-ante",-0.133020451620531,0.138695534953865,-0.671502995339571,-0.671201963110631,0.0111523581649926,0.000726499291177781
0.0371708333333333,0.0181,25.4989925486135,11,11.1857980746158,0.0225104002968656,20.4602893518519,0.11639316191671,-0.0792223285833762,0.0214120993448965,0.199343941482178,0.00050517888235353,-0.402014677990424,"OLS Mean loss | Ex-ante",-0.0792223285833761,0.116393161916709,-0.402014677990424,-0.401739598856331,0.0214120993448965,0.00050517888235353
0.0110916666666667,0.0268,26.6041215518539,26,17.4503511718426,0.0125146925109505,18.8420833333333,0.150895595869257,-0.13980392920259,0.0122710729206949,0.199289119929737,0.000884985511523862,-0.706146349580683,"OLS Mean loss | Ex-ante",-0.13980392920259,0.150895595869257,-0.706146349580683,-0.705857285627374,0.0122710729206949,0.000884985511523862
0.0135416666666667,0.0949,26.2318920613783,26,15.5193177228209,0.013052775474854,18.8413425925926,0.142684333980306,-0.129142667313639,0.00888495574583878,0.19930125673411,0.000543046540170639,-0.65118133723483,"OLS Mean loss | Ex-ante",-0.129142667313639,0.142684333980306,-0.65118133723483,-0.650875134826157,0.00888495574583878,0.000543046540170639
0.6047,0.0879,28.0285019476244,55,13.1312099887571,0.0339335415699065,26.1755555555556,0.0930037797142283,0.511696220285772,0.0331211972601824,0.198257406262891,0.0333946412000261,2.61228415868776,"OLS Mean loss | Ex-ante",0.511696220285772,0.0930037797142282,2.61228415868776,2.62480333570671,0.0331211972601824,0.0333946412000261
0.0145458333333333,0.02459,25.8662713964723,21,14.6416370491535,0.0124585337879837,20.4609606481481,0.140359392305655,-0.125813558972322,0.010908927377814,0.199304633308678,0.000635411099184572,-0.63504358612489,"OLS Mean loss | Ex-ante",-0.125813558972322,0.140359392305655,-0.63504358612489,-0.634734218399195,0.010908927377814,0.000635411099184572
0.025775,0.03075,24.4060704967609,27,16.9352523800663,0.0311364363194398,3.1330787037037,0.175506552497871,-0.149731552497871,0.0108253496949972,0.199277325473835,0.000892921022899411,-0.75573766233194,"OLS Mean loss | Ex-ante",-0.149731552497871,0.175506552497871,-0.75573766233194,-0.755473008853755,0.0108253496949972,0.000892921022899411
0.08696,0.08916,22.7638423151501,12,14.522615056414,0.0258323025968324,3.80342592592593,0.181154810022458,-0.0941948100224576,0.00696784084726829,0.199333607416922,0.00022569189321738,-0.47450363666221,"OLS Mean loss | Ex-ante",-0.0941948100224574,0.181154810022457,-0.47450363666221,-0.474203539742335,0.00696784084726829,0.00022569189321738
0.023055,0.10821,21.3744596121509,11,12.6311943572017,0.0316013644346687,3.83208333333333,0.183539443857076,-0.160484443857076,0.00681664073126545,0.199263930493429,0.000640719341592948,-0.808374214119743,"OLS Mean loss | Ex-ante",-0.160484443857076,0.183539443857076,-0.808374214119743,-0.808145449475673,0.00681664073126545,0.000640719341592948
0.147504166666667,0.16127,23.9377624681918,26,14.6657854485827,0.0178003423258175,10.132974537037,0.168940211812031,-0.0214360451453639,0.00358170485173181,0.199368335160722,0.00000596741374077201,-0.107799822035261,"OLS Mean loss | Ex-ante",-0.0214360451453637,0.16894021181203,-0.107799822035261,-0.107712879045018,0.00358170485173181,0.00000596741374077201
0.0263416666666667,0.01728,23.6404622036907,16,14.6931991329877,0.0148650330083725,10.8987384259259,0.172731625101874,-0.146389958435207,0.00402865674763979,0.199282032745644,0.000313313833209776,-0.736346273751652,"OLS Mean loss | Ex-ante",-0.146389958435207,0.172731625101874,-0.736346273751652,-0.736071023729073,0.00402865674763979,0.000313313833209776
0.0690208333333333,0.03053,23.4286515916578,12,15.1409363390649,0.0179654812322973,25.1725578703704,0.168603118398046,-0.0995822850647129,0.0178352432569018,0.19932884562228,0.000660031913204064,-0.504410527203507,"OLS Mean loss | Ex-ante",-0.0995822850647126,0.168603118398046,-0.504410527203507,-0.504103558166462,0.0178352432569018,0.000660031913204064
0.1118625,0.0248,23.8182514325048,22,15.3747898286238,0.0162335494620455,18.8429398148148,0.170542319137965,-0.0586798191379646,0.00813074246178263,0.199355998465332,0.000102444652486938,-0.295771128986863,"OLS Mean loss | Ex-ante",-0.0586798191379643,0.170542319137964,-0.295771128986863,-0.295550871259724,0.00813074246178263,0.000102444652486938
0.689325,0.00783,26.1545963210739,30,15.6536420849123,0.013367427868495,18.841875,0.144754473582797,0.544570526417203,0.00813349663783176,0.198141218983434,0.00882611381568513,2.74486979342123,"OLS Mean loss | Ex-ante",0.544570526417203,0.144754473582797,2.74486979342123,2.75964164468277,0.00813349663783176,0.00882611381568513
0.135258333333333,0.01768,24.8358944629194,21,16.4348751068281,0.0122422648540488,26.2152314814815,0.162262622263606,-0.0270042889302722,0.0199196377131597,0.19936717587042,0.0000544394799043115,-0.136929218562045,"OLS Mean loss | Ex-ante",-0.027004288930272,0.162262622263605,-0.136929218562045,-0.136819577636606,0.0199196377131597,0.0000544394799043115
0.0217958333333333,0.0389,25.0535022126784,17,15.1362786577984,0.010889812841118,13.3582523148148,0.158276161499115,-0.136480328165781,0.00579800543826013,0.199293434440678,0.000393332551253424,-0.687111109409425,"OLS Mean loss | Ex-ante",-0.136480328165781,0.158276161499115,-0.687111109409425,-0.686814968406486,0.00579800543826013,0.000393332551253424
0.130554166666667,0.01149,23.7055399017113,24,16.8898975221927,0.0158186556184832,13.3805671296296,0.18541360175394,-0.0548594350872733,0.00882698333819441,0.199357781928574,0.0000973433847059097,-0.276611876766479,"OLS Mean loss | Ex-ante",-0.054859435087273,0.18541360175394,-0.276611876766479,-0.276403413999142,0.00882698333819441,0.0000973433847059097
0.0439083333333333,0.08415,24.2178819639747,17,14.4628967133733,0.014938008064728,13.9790162037037,0.162257473791705,-0.118349140458372,0.00399010930146779,0.199312589750008,0.00020280474931392,-0.595288523460183,"OLS Mean loss | Ex-ante",-0.118349140458372,0.162257473791705,-0.595288523460183,-0.594974770813072,0.00399010930146779,0.00020280474931392
0.0544125,0.02036,25.0038824769775,24,16.0838573773796,0.0137466296479475,13.6197337962963,0.164380676787655,-0.109968176787655,0.00512237250065787,0.199320407999907,0.00022529745823683,-0.55344748692252,"OLS Mean loss | Ex-ante",-0.109968176787655,0.164380676787655,-0.55344748692252,-0.553134089726186,0.00512237250065787,0.00022529745823683
0.856172541666667,0.41258,25.8916398575533,18,13.2838141262002,0.0135045323784255,10.9131018518519,0.135856248506539,0.720316293160128,0.00771425726788418,0.197215852213237,0.0146338132006812,3.62993702016042,"OLS Mean loss | Ex-ante",0.720316293160128,0.135856248506539,3.62993702016042,3.66659584602009,0.00771425726788418,0.0146338132006812
0.0767125,0.02147,24.7367653424493,22,15.8634346867476,0.0143516618260428,14.0764930555556,0.165585026208885,-0.0888725262088855,0.00500489624331473,0.199337693146672,0.000143740336210525,-0.447250959282248,"OLS Mean loss | Ex-ante",-0.0888725262088853,0.165585026208885,-0.447250959282248,-0.446958936859114,0.00500489624331473,0.000143740336210525
0.06095,0.03044,24.0473096726287,24,13.8521087418853,0.0231055043533749,14.9645486111111,0.156656378164506,-0.0957063781645058,0.0029470618128312,0.199332575112266,0.0000977518504370832,-0.481145025440701,"OLS Mean loss | Ex-ante",-0.0957063781645056,0.156656378164506,-0.481145025440701,-0.480843218395807,0.0029470618128312,0.0000977518504370832
0.0483129583333333,0.02207,19.9757333445307,3,6.69598529480749,0.0216623436362062,11.687037037037,0.161636030173237,-0.113323071839903,0.0169037767987412,0.199316687530015,0.000808572163153698,-0.573739237528091,"OLS Mean loss | Ex-ante",-0.113323071839903,0.161636030173237,-0.573739237528091,-0.573425053273946,0.0169037767987412,0.000808572163153698
0.02607,0.03619,21.1520259246303,8,9.58325386521916,0.0281579713965855,4.55986111111111,0.16710130017392,-0.14103130017392,0.00837487624742807,0.199288013661214,0.000609824389194464,-0.710944954323502,"OLS Mean loss | Ex-ante",-0.14103130017392,0.16710130017392,-0.710944954323502,-0.710657870955299,0.00837487624742807,0.000609824389194464
0.799175,0.03919,21.8908767945762,11,12.4729364483099,0.0193745636938117,5.10487268518519,0.180951894922754,0.618223105077246,0.00670822269089357,0.197787156954135,0.00935480350215928,3.11387402877729,"OLS Mean loss | Ex-ante",0.618223105077246,0.180951894922754,3.11387402877729,3.13623591641753,0.00670822269089357,0.00935480350215928
0.0166625,0.025,18.7756335612419,2,6.48093783946942,0.0318919109230555,6.03335648148148,0.173700681386386,-0.157038181386386,0.0191447604518066,0.199267168247837,0.00176661141775459,-0.795970598987967,"OLS Mean loss | Ex-ante",-0.157038181386386,0.173700681386386,-0.795970598987967,-0.79573241497051,0.0191447604518066,0.00176661141775459
0.033875,0.07409,18.9170903371634,4,8.49732894317391,0.0291647237112984,5.06550925925926,0.187297870448255,-0.153422870448255,0.0161281399126416,0.199272161565923,0.00141181511098137,-0.776452801967317,"OLS Mean loss | Ex-ante",-0.153422870448254,0.187297870448254,-0.776452801967317,-0.776201008039018,0.0161281399126416,0.00141181511098137
0.0219083333333333,0.07487,22.8264238172003,10,13.4048012268619,0.0792839504323425,7.14204861111111,0.145512068128974,-0.123603734795641,0.0335007208433042,0.199305437533276,0.00197244401316911,-0.631139052732877,"OLS Mean loss | Ex-ante",-0.123603734795641,0.145512068128974,-0.631139052732877,-0.630829041647597,0.0335007208433042,0.00197244401316911
0.315041666666667,0.04317,19.9828736649515,5,9.33213703951305,0.0540275280321549,7.28216435185185,0.166256768906025,0.148784897760641,0.0115485698908149,0.199278429584755,0.000941945238863663,0.751234304124279,"OLS Mean loss | Ex-ante",0.148784897760642,0.166256768906025,0.751234304124279,0.750967066898096,0.0115485698908149,0.000941945238863663
0.077075,0.04648,21.1107602241033,5,11.8721935948751,0.042023696577321,7.91063657407407,0.174005597115798,-0.0969305971157981,0.00604480825876693,0.199331485298216,0.000206947939891924,-0.488058310504799,"OLS Mean loss | Ex-ante",-0.096930597115798,0.174005597115798,-0.488058310504799,-0.487754833684505,0.00604480825876693,0.000206947939891924
0.652370833333333,0.12385,20.5428873291615,18,9.45935793876734,0.0381971201069382,7.90700231481481,0.168538877503512,0.483831955829821,0.00926324549841956,0.198399608677866,0.00795291127002746,2.44011131577617,"OLS Mean loss | Ex-ante",0.483831955829821,0.168538877503512,2.44011131577617,2.4500480420234,0.00926324549841956,0.00795291127002746
0.0280041666666667,0.01744,20.0564357722493,5,8.76805607419626,0.046220088522451,6.03310185185185,0.165971264667198,-0.137967098000532,0.0107436767398521,0.199291359544107,0.000752275185329817,-0.696330373638506,"OLS Mean loss | Ex-ante",-0.137967098000531,0.165971264667198,-0.696330373638506,-0.696037505815083,0.0107436767398521,0.000752275185329817
0.582429166666667,0.00669,24.6851655647378,20,11.5340125144752,0.0130847753644204,10.0708796296296,0.140238945413979,0.442190221252687,0.00469103624744117,0.198563550798486,0.00333320205698636,2.22497125145165,"OLS Mean loss | Ex-ante",0.442190221252688,0.140238945413979,2.22497125145165,2.23218736775494,0.00469103624744117,0.00333320205698636
0.6076875,0.06683,22.1362212567777,3,11.3955095047905,0.0179812625981198,17.1226041666667,0.163893982795909,0.443793517204091,0.00937092795903002,0.198553832023143,0.00677037592389902,2.23830696806718,"OLS Mean loss | Ex-ante",0.443793517204092,0.163893982795908,2.23830696806718,2.24567625085871,0.00937092795903002,0.00677037592389902
0.611908333333333,0.02209,22.5538859438481,6,12.5635651724796,0.0188913628408451,13.6157060185185,0.168070571408864,0.443837761924469,0.00548260135906143,0.198556867975911,0.00393097980202782,2.2341497737205,"OLS Mean loss | Ex-ante",0.44383776192447,0.168070571408864,2.2341497737205,2.24147109676331,0.00548260135906143,0.00393097980202782
0.0266333333333333,0.09067,26.1516271552268,31,14.7936164771294,0.0152758390391291,9.20722222222222,0.143713386290138,-0.117080052956805,0.00432810455130087,0.199313800219112,0.00021543758946949,-0.589005043094607,"OLS Mean loss | Ex-ante",-0.117080052956805,0.143713386290138,-0.589005043094607,-0.588691026967553,0.00432810455130087,0.00021543758946949
0.01915,0.46269,25.3844175459641,26,14.3750380315389,0.0113065362157179,13.344224537037,0.15010517577124,-0.13095517577124,0.00364018595661054,0.19929968024811,0.000226374192618869,-0.65858038814042,"OLS Mean loss | Ex-ante",-0.13095517577124,0.15010517577124,-0.65858038814042,-0.658275913511095,0.00364018595661054,0.000226374192618869
0.0154916666666667,0.00911,26.4083033168159,26,16.5636659720618,0.00898658304090996,12.9352662037037,0.152471078294872,-0.136979411628205,0.00740480905525713,0.199292746444224,0.000507657186031257,-0.690181700840783,"OLS Mean loss | Ex-ante",-0.136979411628205,0.152471078294871,-0.690181700840783,-0.689886618041857,0.00740480905525713,0.000507657186031257
0.0535916666666667,0.05918,23.3056116940565,15,9.50105949458546,0.0188059896791059,13.3129398148148,0.139415772296438,-0.0858241056297718,0.00701319391803659,0.199339825423057,0.000188598345651812,-0.432346327917301,"OLS Mean loss | Ex-ante",-0.0858241056297717,0.139415772296438,-0.432346327917301,-0.432059415481732,0.00701319391803659,0.000188598345651812
0.0167208333333333,0.16276,24.7207404561667,31,16.0068525918868,0.0183775663187466,12.9222569444444,0.166511467422885,-0.149790634089552,0.00535925664557789,0.199277763183827,0.000437554140513822,-0.753955587312346,"OLS Mean loss | Ex-ante",-0.149790634089551,0.166511467422885,-0.753955587312346,-0.753689902433203,0.00535925664557789,0.000437554140513822
0.1786625,0.02679,23.6540874990632,26,16.469921546687,0.0235993484326641,12.9046180555556,0.18008300026012,-0.00142050026012017,0.00704936245761479,0.199370216599003,0.0000000519358893857302,-0.00715602279718916,"OLS Mean loss | Ex-ante",-0.00142050026011999,0.18008300026012,-0.00715602279718916,-0.00715018382698365,0.00704936245761479,0.0000000519358893857302
0.0838333333333333,0.11217,25.4645095950131,22,14.2534052652925,0.0159907875921792,12.8949421296296,0.145609756936806,-0.0617764236034731,0.00415024260944796,0.199354520318812,0.0000574939014606005,-0.310756397859611,"OLS Mean loss | Ex-ante",-0.0617764236034729,0.145609756936806,-0.310756397859611,-0.310527283194374,0.00415024260944796,0.0000574939014606005
0.517404166666667,0.0685,22.4653790756848,14,11.3373759183925,0.0248871652785523,13.3863078703704,0.15924443726953,0.358159729397137,0.00354932083313463,0.198841984414346,0.00165073577851202,1.80112177545806,"OLS Mean loss | Ex-ante",0.358159729397137,0.15924443726953,1.80112177545806,1.80443299920537,0.00354932083313463,0.00165073577851202
0.00716737499999999,0.02251,24.6469107537636,19,10.9652048975416,0.011668174694763,12.8822453703704,0.135991837456858,-0.128824462456858,0.00608305254159954,0.199301789747239,0.000367881940364492,-0.648660598392728,"OLS Mean loss | Ex-ante",-0.128824462456858,0.135991837456858,-0.648660598392728,-0.648353847337506,0.00608305254159954,0.000367881940364492
0.672225,0.02052,26.9863172195708,51,13.0224656040519,0.015978607015262,13.3899652777778,0.120728997265092,0.551496002734908,0.010115921778687,0.198107128263456,0.0113034739403416,2.78255928983975,"OLS Mean loss | Ex-ante",0.551496002734908,0.120728997265092,2.78255928983975,2.79801537765354,0.010115921778687,0.0113034739403416
0.0721416666666667,0.08408,25.1641164123774,24,13.6749522394388,0.0185720792459729,12.8775694444444,0.144589185058574,-0.0724475183919078,0.00296465692470832,0.199348651543411,0.0000563495923423999,-0.36421888824893,"OLS Mean loss | Ex-ante",-0.0724475183919076,0.144589185058574,-0.36421888824893,-0.363961071335621,0.00296465692470832,0.0000563495923423999
0.0611208333333333,0.04728,26.2287693933139,20,15.5729770100151,0.015022302822953,12.8765046296296,0.144788754397972,-0.0836679210646387,0.00812917915083926,0.199341301307691,0.000208230737293306,-0.421721408398813,"OLS Mean loss | Ex-ante",-0.0836679210646386,0.144788754397972,-0.421721408398813,-0.421438426569883,0.00812917915083926,0.000208230737293306
0.133391666666667,0.05869,23.9119877826671,16,14.5439528919661,0.0226203052710386,12.8691203703704,0.163538174229258,-0.0301465075625914,0.00333323612924068,0.199366488242317,0.0000109781853037163,-0.151585006345432,"OLS Mean loss | Ex-ante",-0.0301465075625912,0.163538174229258,-0.151585006345432,-0.151464152756748,0.00333323612924068,0.0000109781853037163
0.01389025,0.03033,23.7716636140526,20,13.8314669089252,0.014393448831974,12.8707175925926,0.164920243463034,-0.151029993463034,0.00316055388807745,0.199276433823873,0.000261173789819313,-0.759354941309141,"OLS Mean loss | Ex-ante",-0.151029993463034,0.164920243463034,-0.759354941309141,-0.759092417584301,0.00316055388807745,0.000261173789819313
0.691570833333333,0.03186,25.8012148781233,39,11.4258538264246,0.0222712487744623,13.2508333333333,0.121151262913755,0.570419570419579,0.00654230710966289,0.19802353692791,0.00776446294940726,2.87285664972322,"OLS Mean loss | Ex-ante",0.570419570419579,0.121151262913755,2.87285664972322,2.89003375619911,0.00654230710966289,0.00776446294940726
0.0368416666666667,0.18057,25.1617160933444,27,13.4993153875652,0.0133764301512562,13.9122453703704,0.145741767588352,-0.108900100921685,0.00319649226964636,0.19932146552112,0.000137341416559288,-0.547542369171752,"OLS Mean loss | Ex-ante",-0.108900100921685,0.145741767588352,-0.547542369171752,-0.547229412429781,0.00319649226964636,0.000137341416559288
0.208454166666667,0.17201,24.5302956853883,16,13.0624847487502,0.0132035726987764,22.1264236111111,0.145291702319015,0.0631624643476521,0.0119078935812915,0.199353678774554,0.000175165523749902,0.318973481439931,"OLS Mean loss | Ex-ante",0.0631624643476522,0.145291702319014,0.318973481439931,0.31873965398846,0.0119078935812915,0.000175165523749902
0.595725,0.01964,25.9465627382224,27,17.3217726043593,0.0125538296584778,13.908599537037,0.161250005586212,0.434474994413788,0.00776229143803436,0.198589094160243,0.00535770103964455,2.1895312588913,"OLS Mean loss | Ex-ante",0.434474994413788,0.161250005586212,2.1895312588913,2.19634989471266,0.00776229143803436,0.00535770103964455
0.0635291666666667,0.03177,25.2928386341755,19,10.1703124773136,0.0115864460071542,14.0935185185185,0.121872859390987,-0.05834369272432,0.0104211005508896,0.199356128434865,0.000130404018543546,-0.294417030079423,"OLS Mean loss | Ex-ante",-0.0583436927243199,0.121872859390987,-0.294417030079423,-0.29419758893464,0.0104211005508896,0.000130404018543546
0.484695833333333,0.07581,22.6308054135485,10,9.28214636625359,0.022342427521114,14.4266550925926,0.143776143315373,0.340919690017961,0.00828980925537007,0.19888938368588,0.0035267085454634,1.71851736238469,"OLS Mean loss | Ex-ante",0.340919690017961,0.143776143315372,1.71851736238469,1.72126641468144,0.00828980925537007,0.0035267085454634
0.0154416666666667,0.23447,23.3295990682752,10,13.1539471137867,0.0197070790606513,20.8791319444444,0.158244769972045,-0.142803103305378,0.0104531137788588,0.199285757510927,0.000783679758959299,-0.720632234236472,"OLS Mean loss | Ex-ante",-0.142803103305378,0.158244769972045,-0.720632234236472,-0.720349394207033,0.0104531137788588,0.000783679758959299
0.0423833333333333,0.04067,24.8287955404752,24,14.4289613924485,0.0136313623939745,14.1193402777778,0.155473675055443,-0.11309034172211,0.00342260124375154,0.199317628580634,0.000158663008152064,-0.568675118653162,"OLS Mean loss | Ex-ante",-0.11309034172211,0.155473675055443,-0.568675118653162,-0.56836102410089,0.00342260124375154,0.000158663008152064
0.0409708333333333,0.06822,26.3035149287772,22,15.3483201398292,0.0165945905578706,14.2117361111111,0.141088000245126,-0.100117166911793,0.00777498472342369,0.199328823976223,0.00028496184781226,-0.504542428139953,"OLS Mean loss | Ex-ante",-0.100117166911793,0.141088000245126,-0.504542428139953,-0.504235433589272,0.00777498472342369,0.00028496184781226
0.122083333333333,0.0734,22.8215375005023,23,14.2413090348534,0.0289569554026646,14.8520023148148,0.172081085945274,-0.0499977526119407,0.00497872541727575,0.199359929648034,0.0000452527340665019,-0.25161036481643,"OLS Mean loss | Ex-ante",-0.0499977526119405,0.172081085945274,-0.25161036481643,-0.251418035342217,0.00497872541727575,0.0000452527340665019
0.2077625,0.64611,21.5694196133591,16,12.3313495113373,0.0208705225039306,15.2380324074074,0.178791974776381,0.0289705252236186,0.00732123875335575,0.199366760223058,0.0000224476179457492,0.145964159611687,"OLS Mean loss | Ex-ante",0.0289705252236187,0.178791974776381,0.145964159611687,0.145847588364704,0.00732123875335575,0.0000224476179457492
0.5823875,0.01104,25.8316953257529,24,16.7744225569584,0.0117900602310783,21.0859722222222,0.155164937172724,0.427222562827276,0.0124923956204768,0.198611379199586,0.00841712174267896,2.15813289263855,"OLS Mean loss | Ex-ante",0.427222562827276,0.155164937172724,2.15813289263855,2.16461084192775,0.0124923956204768,0.00841712174267896
0.0471208333333333,0.04573,25.1187785163292,20,14.973653546961,0.0162736515196692,12.806412037037,0.154434314181438,-0.107313480848104,0.00425928702007251,0.199322825595525,0.000178091567479098,-0.539852823421896,"OLS Mean loss | Ex-ante",-0.107313480848104,0.154434314181438,-0.539852823421896,-0.53954058019778,0.00425928702007251,0.000178091567479098
0.166266666666667,0.08725,24.2536575731346,19,15.4948824913062,0.022133071235936,14.183125,0.165299425830055,0.000967240836611399,0.00439547564049942,0.199370221075768,0.0000000149345388599461,0.00486614920001654,"OLS Mean loss | Ex-ante",0.000967240836611604,0.165299425830055,0.00486614920001654,0.00486217854728393,0.00439547564049942,0.0000000149345388599461
0.051925,0.06695,23.9139629145309,16,9.96122418459237,0.0166261536763351,6.16898148148148,0.139799702488887,-0.0878747024888866,0.00796869790303815,0.199338324580815,0.000225089253617042,-0.442889523352522,"OLS Mean loss | Ex-ante",-0.0878747024888865,0.139799702488887,-0.442889523352522,-0.442598946627363,0.00796869790303815,0.000225089253617042
0.291916666666667,0.01622,25.1751984198444,30,11.0792401438569,0.0121518040779048,6.14613425925926,0.134646158423804,0.157270508242862,0.00682063758735284,0.199268145934572,0.000615679362036814,0.792186932646257,"OLS Mean loss | Ex-ante",0.157270508242862,0.134646158423804,0.792186932646257,0.791945995229565,0.00682063758735284,0.000615679362036814
0.0840833333333333,0.00839,24.3032603520389,15,13.6518761199967,0.0154373113797931,12.7273611111111,0.155997986645102,-0.0719146533117685,0.00395312294095557,0.19934894664921,0.0000741832680391198,-0.361719339721465,"OLS Mean loss | Ex-ante",-0.0719146533117684,0.155997986645102,-0.361719339721465,-0.361462757053533,0.00395312294095557,0.0000741832680391198
0.187708333333333,0.17077,24.2147631407347,15,13.9113523577973,0.013796096025808,6.1068287037037,0.163420042907151,0.0242882904261824,0.00573195405319891,0.199367793554852,0.0000123134583418679,0.122275496112725,"OLS Mean loss | Ex-ante",0.0242882904261826,0.163420042907151,0.122275496112725,0.122177210072268,0.00573195405319891,0.0000123134583418679
0.0744791666666667,0.03354,23.0355614441884,7,9.69619716531967,0.0131152790156354,6.32016203703704,0.149878839358526,-0.075399672691859,0.0107459324572675,0.199346673619569,0.000224728293092932,-0.380548282002781,"OLS Mean loss | Ex-ante",-0.0753996726918589,0.149878839358526,-0.380548282002781,-0.380282679262097,0.0107459324572675,0.000224728293092932
0.0481583333333333,0.0835,21.7114520141667,3,7.49762311008808,0.0127346667342979,6.08708333333333,0.152180248689745,-0.104021915356412,0.0167456025764568,0.199325123403824,0.000674697486360774,-0.526606390217649,"OLS Mean loss | Ex-ante",-0.104021915356412,0.152180248689745,-0.526606390217649,-0.526295741366521,0.0167456025764568,0.000674697486360774
0.150120833333333,0.06199,23.6254294495181,23,16.1855889360232,0.022417946123546,6.06703703703704,0.18263762549774,-0.0325167921644069,0.00733355432257485,0.199365860018564,0.0000283278513185042,-0.163832572842394,"OLS Mean loss | Ex-ante",-0.0325167921644067,0.18263762549774,-0.163832572842394,-0.163702470526849,0.00733355432257485,0.0000283278513185042
0.114620833333333,0.02097,22.0169238215437,7,12.1927683628697,0.0125621187171616,6.97881944444444,0.179259671696419,-0.0646388383630856,0.00774608954608181,0.199352968878267,0.000118335316239725,-0.32574395185497,"OLS Mean loss | Ex-ante",-0.0646388383630854,0.179259671696419,-0.32574395185497,-0.325506320350987,0.00774608954608181,0.000118335316239725
0.403383333333333,0.02721,25.9858079049305,22,15.14190588138,0.0193197079859765,6.74715277777778,0.146588397231403,0.25679493610193,0.00755467946429826,0.19909775318086,0.00182081654601244,1.29397947769016,"OLS Mean loss | Ex-ante",0.256794936101931,0.146588397231403,1.29397947769016,1.29469300667054,0.00755467946429826,0.00182081654601244
0.21245,0.02379,24.5918960745247,13,13.0838720306987,0.0157175928080436,6.69590277777778,0.151576844684811,0.060873155315189,0.00682486501460526,0.199354935164449,0.0000922963299125108,0.306624689893775,"OLS Mean loss | Ex-ante",0.0608731553151891,0.151576844684811,0.306624689893775,0.306397983859575,0.00682486501460526,0.0000922963299125108
0.106395833333333,0.00811,21.286589598984,14,13.660432771423,0.0387454491146562,7.01201388888889,0.186537344804549,-0.0801415114712155,0.00625643042003269,0.199343738226066,0.000146481719327966,-0.403566018931231,"OLS Mean loss | Ex-ante",-0.0801415114712153,0.186537344804549,-0.403566018931231,-0.403290289494773,0.00625643042003269,0.000146481719327966
0.245970833333333,0.06174,23.4614695356568,22,16.3712440379147,0.0299876372150364,6.71402777777778,0.181898206571854,0.0640726267614792,0.00713730312534742,0.199353280276457,0.00010700183523098,0.322791551509626,"OLS Mean loss | Ex-ante",0.0640726267614794,0.181898206571854,0.322791551509626,0.322555569947274,0.00713730312534742,0.00010700183523098
0.122141666666667,0.04459,24.62579021643,26,18.2599870917397,0.0162275831264693,7.8871875,0.185809853019384,-0.063668186352717,0.0114996031490598,0.199353419687335,0.000171737259883667,-0.321460993143437,"OLS Mean loss | Ex-ante",-0.0636681863527168,0.185809853019383,-0.321460993143437,-0.321225759667343,0.0114996031490598,0.000171737259883667
0.1399625,0.10656,22.2775625829987,3,12.8392247594802,0.0124220498323212,7.039375,0.179891383553968,-0.0399288835539684,0.00869853335237422,0.199363634188481,0.0000508041610970468,-0.201316105413977,"OLS Mean loss | Ex-ante",-0.0399288835539682,0.179891383553968,-0.201316105413977,-0.201158482612618,0.00869853335237422,0.0000508041610970468
0.548058333333333,0.34654,21.8824925399247,16,14.3983628022989,0.0255790773885867,18.6692592592593,0.184078944885331,0.363979388448002,0.0100460910154518,0.198821069316926,0.00488890001445284,1.83638412976874,"OLS Mean loss | Ex-ante",0.363979388448002,0.184078944885331,1.83638412976874,1.83995371527686,0.0100460910154518,0.00488890001445284
0.065425,0.14182,23.074031476731,14,10.1465853740599,0.0193751968123223,6.69914351851852,0.149993437201094,-0.0845684372010941,0.00610290181683647,0.19934073554994,0.000159059847827968,-0.425825653001768,"OLS Mean loss | Ex-ante",-0.0845684372010939,0.149993437201094,-0.425825653001768,-0.425541124902528,0.00610290181683647,0.000159059847827968
0.0369208333333333,0.01768,25.6116748697276,26,10.6940731508559,0.0129418981228723,6.69490740740741,0.125438490869331,-0.0885176575359975,0.00851554179348951,0.19933783816867,0.000244337824516131,-0.446253036715388,"OLS Mean loss | Ex-ante",-0.0885176575359974,0.125438490869331,-0.446253036715388,-0.445961341417843,0.00851554179348951,0.000244337824516131
0.0924833333333333,0.02,25.925512294409,43,14.031541864621,0.0352674261238896,6.99634259259259,0.134482536296238,-0.0419992029629047,0.0087069706593183,0.199362932933013,0.0000562646327480646,-0.211755280910407,"OLS Mean loss | Ex-ante",-0.0419992029629046,0.134482536296238,-0.211755280910407,-0.211590228896531,0.0087069706593183,0.0000562646327480646
0.175979166666667,0.02925,24.3291711974113,17,16.9999391130987,0.0190562415917754,6.725625,0.17962216622892,-0.00364299956225292,0.0086033286935532,0.199370170069847,0.000000418196366982772,-0.0183666359670522,"OLS Mean loss | Ex-ante",-0.00364299956225275,0.179622166228919,-0.0183666359670522,-0.0183516539589533,0.0086033286935532,0.000000418196366982772
0.1082875,0.01551,21.0405053075125,6,7.98382102300369,0.014796493566704,6.96412037037037,0.162745447354595,-0.0544579473545948,0.0137983574301894,0.199357901583954,0.000151463817211366,-0.275278716272679,"OLS Mean loss | Ex-ante",-0.0544579473545947,0.162745447354595,-0.275278716272679,-0.275071093115094,0.0137983574301894,0.000151463817211366
0.0674666666666667,0.0092,23.726380934389,11,9.6198613065892,0.0125907500462595,7.00261574074074,0.140827083944687,-0.0733604172780199,0.010400631344385,0.199347938176839,0.000205757125659941,-0.370191391644978,"OLS Mean loss | Ex-ante",-0.0733604172780198,0.140827083944686,-0.370191391644978,-0.36993067081227,0.010400631344385,0.000205757125659941
0.04635,0.12142,26.2693315504079,28,11.1616133474804,0.0170209011621651,6.6887037037037,0.118492856399199,-0.0721428563991992,0.00959395111161916,0.199348689418373,0.000183251701075385,-0.363899047573982,"OLS Mean loss | Ex-ante",-0.0721428563991991,0.118492856399199,-0.363899047573982,-0.363641387974385,0.00959395111161916,0.000183251701075385
0.138429166666667,0.01049,24.0925338592022,32,11.2902460637342,0.014608114287663,7.05675925925926,0.148385782816982,-0.00995661615031565,0.00628584140243966,0.199369816117165,0.00000227171793736319,-0.0501389520895603,"OLS Mean loss | Ex-ante",-0.00995661615031551,0.148385782816982,-0.0501389520895603,-0.0500981417515535,0.00628584140243966,0.00000227171793736319
0.105066666666667,0.03706,25.623897763595,28,15.1765148671249,0.0124472819002405,6.68194444444444,0.155365925597227,-0.0502992589305608,0.00550388196011767,0.199359799598675,0.0000506846573147732,-0.253194500163896,"OLS Mean loss | Ex-ante",-0.0502992589305606,0.155365925597227,-0.253194500163896,-0.253001124827356,0.00550388196011767,0.0000506846573147732
0.092175,0.01865,26.5972153173099,24,15.8670625892285,0.00997872397320835,3.6900462962963,0.149911202649568,-0.0577362026495685,0.0121656555448135,0.199356396089485,0.000149607760160044,-0.291608637215291,"OLS Mean loss | Ex-ante",-0.0577362026495683,0.149911202649568,-0.291608637215291,-0.291390898061359,0.0121656555448135,0.000149607760160044
0.228925,0.04726,21.117092136394,26,14.2339049917797,0.0366507367595099,9.00042824074074,0.193659075092267,0.035265924907733,0.0130375733820089,0.199365061073782,0.0000599234071083565,0.178196510799998,"OLS Mean loss | Ex-ante",0.0352659249077332,0.193659075092267,0.178196510799998,0.178055715375607,0.0130375733820089,0.0000599234071083565
0.0606166666666667,0.22142,22.4764883512047,4,10.752825183854,0.0190443142232754,10.6202083333333,0.158631979927104,-0.0980153132604372,0.00704850603548041,0.199330573272857,0.000247240314893789,-0.493769366594007,"OLS Mean loss | Ex-ante",-0.0980153132604371,0.158631979927104,-0.493769366594007,-0.493464596421746,0.00704850603548041,0.000247240314893789
0.0502166666666667,0.0474,25.1810956666626,28,14.5562667859487,0.0199353055142827,7.57353009259259,0.152874627591943,-0.102657960925277,0.00347958430488449,0.199326883364474,0.000132932338359531,-0.516230619809791,"OLS Mean loss | Ex-ante",-0.102657960925277,0.152874627591943,-0.516230619809791,-0.515921536319742,0.00347958430488449,0.000132932338359531
0.0223833333333333,0.00593,21.974904811563,21,11.4059971417666,0.0284427692276276,13.9605902777778,0.164625726627557,-0.142242393294223,0.00522276064097983,0.199286860387562,0.000384412020106227,-0.715913180618736,"OLS Mean loss | Ex-ante",-0.142242393294223,0.164625726627557,-0.715913180618736,-0.715628232372968,0.00522276064097983,0.000384412020106227
0.0668958333333333,0.07799,28.8105525619221,69,13.1582924737961,0.01765836145203,8.91512731481481,0.101948193260447,-0.0350523599271134,0.0236881934913116,0.199365067775043,0.000109920779372731,-0.178080849710293,"OLS Mean loss | Ex-ante",-0.0350523599271133,0.101948193260447,-0.178080849710293,-0.177940139690156,0.0236881934913116,0.000109920779372731
0.0255875,0.1347,28.5274078797446,69,12.9106027626992,0.0177808134238258,9.9202662037037,0.103353968114392,-0.0777664681143919,0.0236166803690894,0.199344841495119,0.000539328430083247,-0.395072160056991,"OLS Mean loss | Ex-ante",-0.0777664681143918,0.103353968114392,-0.395072160056991,-0.394800048878197,0.0236166803690894,0.000539328430083247
0.1145,0.08582,25.2381342016612,23,13.9294774115294,0.0107973975977383,3.67717592592593,0.154016792796755,-0.0395167927967545,0.00775812716658953,0.199363775647897,0.0000442971298111006,-0.199143961402058,"OLS Mean loss | Ex-ante",-0.0395167927967544,0.154016792796754,-0.199143961402058,-0.198987898113469,0.00775812716658953,0.0000442971298111006
0.12166875,0.05826,21.268061394176,11,12.5968536978256,0.0176818144080267,2.61498842592593,0.191916543159972,-0.0702477931599723,0.0116714255017688,0.199349763090962,0.000212264312843577,-0.354712290611154,"OLS Mean loss | Ex-ante",-0.0702477931599721,0.191916543159972,-0.354712290611154,-0.354459226634208,0.0116714255017688,0.000212264312843577
0.128279166666667,0.0094,23.3885331032522,14,11.4806823894791,0.0110903678234771,7.91579861111111,0.157951383049313,-0.0296722163826459,0.00567488232007557,0.199366596370728,0.0000181924181196331,-0.149375719307579,"OLS Mean loss | Ex-ante",-0.0296722163826457,0.157951383049312,-0.149375719307579,-0.149256546157801,0.00567488232007557,0.0000181924181196331
0.193845833333333,0.11573,20.1956442435307,7,13.3174884969144,0.0564558900483684,6.91681712962963,0.189190071053528,0.00465576227980558,0.0117245270535432,0.199370135046706,0.000000936723268280147,0.0235096420194215,"OLS Mean loss | Ex-ante",0.0046557622798058,0.189190071053528,0.0235096420194215,0.023490468891745,0.0117245270535432,0.000000936723268280147
0.357904166666667,0,22.1999350781895,2,11.0249051302202,0.0174050817315228,16.6243634259259,0.161025152817201,0.196879013849466,0.00993009003115719,0.199209728223577,0.00141354854540644,0.99325491287125,"OLS Mean loss | Ex-ante",0.196879013849466,0.1610251528172,0.99325491287125,0.993244002926387,0.00993009003115719,0.00141354854540644
0.0449333333333333,2.76375,25.8345326992355,37,7.92822582976596,0.0159727615687922,7.90376157407407,0.105534563060851,-0.0606012297275173,0.015674248061145,0.199354935226503,0.000213876126406192,-0.306624067700702,"OLS Mean loss | Ex-ante",-0.0606012297275172,0.105534563060851,-0.306624067700702,-0.306397362031154,0.015674248061145,0.000213876126406192
0.302866666666667,0.01517,24.2197166300192,20,10.5513116765567,0.0183410305862417,7.04668981481481,0.138870754774226,0.16399591189244,0.00573615581652994,0.199259347417227,0.000561790130237629,0.825612816157905,"OLS Mean loss | Ex-ante",0.163995911892441,0.138870754774226,0.825612816157905,0.825398157283241,0.00573615581652994,0.000561790130237629
0.0438,0.06686,24.6368521250288,28,10.6687752381753,0.0191174469168762,7.05990740740741,0.134820272813857,-0.0910202728138567,0.00538020002441325,0.199336088769253,0.000162200019291619,-0.458145905913913,"OLS Mean loss | Ex-ante",-0.0910202728138566,0.134820272813857,-0.458145905913913,-0.457850454908936,0.00538020002441325,0.000162200019291619
0.0825666666666667,0.00865,20.9071489012277,12,9.64894100927304,0.0405961613683343,9.09766203703704,0.162629917133577,-0.0800632504669105,0.00666619368428545,0.19934377902912,0.000155899364936289,-0.403255070808655,"OLS Mean loss | Ex-ante",-0.0800632504669103,0.162629917133577,-0.403255070808655,-0.40297947133745,0.00666619368428545,0.000155899364936289
0.106854166666667,0.03464,23.0492877983164,14,15.489070444971,0.0206135625303834,6.70587962962963,0.184933048322363,-0.0780788816556961,0.00643832258782594,0.199345079557771,0.000143133289362981,-0.393215288823627,"OLS Mean loss | Ex-ante",-0.0780788816556959,0.184933048322363,-0.393215288823627,-0.392943987325821,0.00643832258782594,0.000143133289362981
0.0411875,0.05433,21.2313825892709,16,12.7449508753802,0.0330157421091877,7.03578703703704,0.18414531432223,-0.14295781432223,0.00598989395314316,0.199285954522297,0.00044600912877225,-0.719791522008513,"OLS Mean loss | Ex-ante",-0.142957814322229,0.184145314322229,-0.719791522008513,-0.719508300652377,0.00598989395314316,0.00044600912877225
0.0328291666666667,0.07181,23.8673176795407,22,13.3895356254121,0.0137864677851383,6.72009259259259,0.16471793187397,-0.131888765207303,0.00423992788547652,0.199298627540204,0.000267765779411214,-0.663475171841632,"OLS Mean loss | Ex-ante",-0.131888765207303,0.164717931873969,-0.663475171841632,-0.663171937155256,0.00423992788547652,0.000267765779411214
0.0278333333333333,0.05562,24.4306583765761,20,12.0002217659285,0.0155550615881532,6.69928240740741,0.147301175608473,-0.11946784227514,0.00458144679093733,0.199311459945272,0.000237565646598162,-0.601093984436032,"OLS Mean loss | Ex-ante",-0.119467842275139,0.147301175608473,-0.601093984436032,-0.600780577492535,0.00458144679093733,0.000237565646598162
0.0355833333333333,0.02,24.901958238156,43,12.4441614814362,0.0208232649063493,6.67351851851852,0.144092960874845,-0.108509627541511,0.00853350067621108,0.199321553979254,0.000367957872094654,-0.547045535329592,"OLS Mean loss | Ex-ante",-0.108509627541511,0.144092960874845,-0.547045535329592,-0.546732619923151,0.00853350067621108,0.000367957872094654
0.017718625,0.00803,24.2770288054552,25,13.9742065791334,0.0307053078184508,6.67935185185185,0.155600924958196,-0.137882299958196,0.00342332438703892,0.199292035185762,0.000235903329113226,-0.693341805703184,"OLS Mean loss | Ex-ante",-0.137882299958196,0.155600924958196,-0.693341805703184,-0.693047845248939,0.00342332438703892,0.000235903329113226
0.120079166666667,0.06137,25.2992684242629,39,11.7551081168742,0.0184749721486467,8.09993055555556,0.134412975913569,-0.0143338092469024,0.00599435961238115,0.199369377906607,0.00000448723435347555,-0.0721707840786133,"OLS Mean loss | Ex-ante",-0.0143338092469023,0.134412975913569,-0.0721707840786133,-0.0721121995471662,0.00599435961238115,0.00000448723435347555
0.1872625,0.01242,24.3352616193343,20,14.8966777282271,0.0111357243219955,6.71506944444444,0.169712999711512,0.0175495002884877,0.00573160912273835,0.199368955564332,0.00000642819767947083,0.0883501244603834,"OLS Mean loss | Ex-ante",0.0175495002884879,0.169712999711512,0.0883501244603834,0.0882785933809348,0.00573160912273835,0.00000642819767947083
0.0272166666666667,0.08035,26.024133108554,54,15.0801545891831,0.0190355376540351,13.7306481481481,0.145320138067715,-0.118103471401049,0.0144950958252918,0.199312216911475,0.000749409599389799,-0.597210583396401,"OLS Mean loss | Ex-ante",-0.118103471401049,0.145320138067715,-0.597210583396401,-0.596896934277364,0.0144950958252918,0.000749409599389799
0.0848,0.06411,25.0272794686208,31,15.7519191520501,0.0172218971885847,6.67076388888889,0.164851566285115,-0.0800515662851147,0.00589736789865889,0.199343807196224,0.000137665734492856,-0.403040277556858,"OLS Mean loss | Ex-ante",-0.0800515662851145,0.164851566285114,-0.403040277556858,-0.402764767973014,0.00589736789865889,0.000137665734492856
0.191825,0.26999,26.5173961988158,29,16.6227647497754,0.0320234398924054,6.67550925925926,0.144516226300365,0.0473087736996349,0.0112649380545587,0.199360948689535,0.000092841625124784,0.238833889062362,"OLS Mean loss | Ex-ante",0.047308773699635,0.144516226300365,0.238833889062362,0.238650105974779,0.0112649380545587,0.000092841625124784
0.545904166666667,0.14567,23.1154292348585,10,12.3745335263816,0.0157460721549979,7.67913194444444,0.164954945703633,0.380949220963034,0.00506825564949163,0.198771604320492,0.00267483213428132,1.91718787319249,"OLS Mean loss | Ex-ante",0.380949220963034,0.164954945703633,1.91718787319249,1.92139255216406,0.00506825564949163,0.00267483213428132
0.026443,0.04963,29.004852478312,59,12.2605116542889,0.0115797097081508,7.98373842592593,0.0958796252180625,-0.0694366252180625,0.0188744502507752,0.199350086161073,0.000340324147016366,-0.351901031290921,"OLS Mean loss | Ex-ante",-0.0694366252180625,0.0958796252180625,-0.351901031290921,-0.351649403073417,0.0188744502507752,0.000340324147016366
0.0183725833333333,1.22953,24.6569714720266,24,14.1815204941859,0.0148770979601927,13.1489814814815,0.156922125156549,-0.138549541823215,0.0028448168637273,0.199291322262442,0.000197710354243617,-0.696494908129068,"OLS Mean loss | Ex-ante",-0.138549541823215,0.156922125156549,-0.696494908129068,-0.696202101343831,0.0028448168637273,0.000197710354243617
0.135066666666667,1.92037,25.8561263706052,26,15.8589310753295,0.0161060559635847,5.70247685185185,0.157006410445545,-0.0219397437788778,0.0071191470451836,0.199368238253364,0.0000125137423659893,-0.110529246894285,"OLS Mean loss | Ex-ante",-0.0219397437788777,0.157006410445544,-0.110529246894285,-0.110440156243136,0.0071191470451836,0.0000125137423659893
0.740825,0.26922,25.090102091028,24,13.3460884471039,0.0321740314129689,6.10787037037037,0.14079948152578,0.60002551847422,0.00585628060131534,0.197880609957509,0.00767986149589764,3.02092095444768,"OLS Mean loss | Ex-ante",0.60002551847422,0.14079948152578,3.02092095444768,3.04117837666463,0.00585628060131534,0.00767986149589764
0.238225,0.1571,26.231268621686,28,14.8409841969828,0.0145352585375803,5.97740740740741,0.144893602235436,0.0933313977645639,0.00665763103105098,0.199334286917914,0.000211576660420511,0.470080804624842,"OLS Mean loss | Ex-ante",0.0933313977645641,0.144893602235436,0.470080804624842,0.469781903475781,0.00665763103105098,0.000211576660420511
0.566870833333333,0.01001,24.6979802639235,37,16.6063363209169,0.0207475951401483,6.10444444444444,0.173917996961619,0.392952836371714,0.0105355848102939,0.198729698341496,0.00598176790201266,1.98305411298158,"OLS Mean loss | Ex-ante",0.392952836371714,0.173917996961619,1.98305411298158,1.98782232863912,0.0105355848102939,0.00598176790201266
0.044945,0.0048,22.7996972141737,33,12.031417375553,0.0463174822215146,3.50648148148148,0.156784348548958,-0.111839348548958,0.0109095656610889,0.19931839650374,0.00050212879734411,-0.56450898034275,"OLS Mean loss | Ex-ante",-0.111839348548958,0.156784348548958,-0.56450898034275,-0.564195013152323,0.0109095656610889,0.00050212879734411
0.0354708333333333,0.07283,25.3740278243451,29,15.8977430575943,0.0170328806556263,5.23986111111111,0.162073150163826,-0.126602316830492,0.00677373721544795,0.199304084736334,0.000396191976882712,-0.637693196303912,"OLS Mean loss | Ex-ante",-0.126602316830492,0.162073150163826,-0.637693196303912,-0.637384292151154,0.00677373721544795,0.000396191976882712
0.0243333333333333,0.01966,24.5142622520776,33,11.633876949104,0.0206707252762889,5.49421296296296,0.14337313044041,-0.119039797107077,0.0056419703824447,0.199311818118288,0.000291085118122019,-0.59925961757303,"OLS Mean loss | Ex-ante",-0.119039797107076,0.14337313044041,-0.59925961757303,-0.598946090720713,0.0056419703824447,0.000291085118122019
0.413745833333333,0.08125,22.7325834165117,33,14.4502152653387,0.0340731048521084,5.15618055555556,0.178585305463599,0.235160527869735,0.0108269663634004,0.199140998541629,0.00220283271834328,1.18692292886474,"OLS Mean loss | Ex-ante",0.235160527869735,0.178585305463599,1.18692292886474,1.18731953076366,0.0108269663634004,0.00220283271834328
0.0334458333333333,0.07467,24.6018730401074,8,12.5192384905398,0.0165998295038606,5.41946759259259,0.147528456505664,-0.11408262317233,0.011318328020462,0.199316273918534,0.000542498724549846,-0.575950930564768,"OLS Mean loss | Ex-ante",-0.11408262317233,0.147528456505664,-0.575950930564768,-0.575636729700591,0.011318328020462,0.000542498724549846
0.0390958333333333,0.02116,24.1340750851466,21,12.6447803568466,0.0153216895807653,5.15548611111111,0.156387295884302,-0.117291462550969,0.00485976851397543,0.199313565977004,0.000243035789483631,-0.590226204235574,"OLS Mean loss | Ex-ante",-0.117291462550969,0.156387295884302,-0.590226204235574,-0.589912230361253,0.00485976851397543,0.000243035789483631
0.768920833333333,0.38338,28.2697254461313,71,11.800400816838,0.0189210696239344,5.54680555555556,0.101593913916082,0.667326919417251,0.0292083469168698,0.197481487552509,0.049684693416329,3.39992905470752,"OLS Mean loss | Ex-ante",0.667326919417251,0.101593913916082,3.39992905470752,3.42964554241377,0.0292083469168698,0.049684693416329
0.710245833333333,0.14116,22.9206122891223,21,15.3821030341025,0.0213532265475546,5.51648148148148,0.18698745449127,0.523258378842063,0.00770711162608829,0.198236291420271,0.00771497794466509,2.63688068642251,"OLS Mean loss | Ex-ante",0.523258378842064,0.186987454491269,2.63688068642251,2.64979994989281,0.00770711162608829,0.00771497794466509
0.0978166666666667,0.14092,23.5464835910807,26,12.3022532767325,0.041561219223106,18.7846759259259,0.142217428467994,-0.0444007618013273,0.0097020797838649,0.199362066955706,0.0000702108717789256,-0.223976119195777,"OLS Mean loss | Ex-ante",-0.044400761801327,0.142217428467994,-0.223976119195777,-0.223802513822495,0.0097020797838649,0.0000702108717789256
0.0406958333333333,0.01479,25.4277478124938,13,14.6218348498445,0.0170587311686251,6.46743055555556,0.150556916800682,-0.109861083467348,0.0101117291288087,0.199320254357986,0.000448364522252572,-0.554300175332411,"OLS Mean loss | Ex-ante",-0.109861083467348,0.150556916800681,-0.554300175332411,-0.553986722318572,0.0101117291288087,0.000448364522252572
0.0176041666666667,0.05876,29.0110053492519,48,12.9937038479586,0.0156550520353372,6.40740740740741,0.0984489567046267,-0.0808447900379601,0.0169206332426562,0.199342978882472,0.000411939976307916,-0.409309641025374,"OLS Mean loss | Ex-ante",-0.0808447900379599,0.0984489567046266,-0.409309641025374,-0.409031545449393,0.0169206332426562,0.000411939976307916
0.0292625,0.0883,23.3419683647585,20,14.4152479683325,0.0132716405697055,10.4474305555556,0.176182283506876,-0.146919783506876,0.00464748231845414,0.199281337824473,0.000364514561189343,-0.739241002678708,"OLS Mean loss | Ex-ante",-0.146919783506876,0.176182283506876,-0.739241002678708,-0.738967247462044,0.00464748231845414,0.000364514561189343
0.06425,0.28305,25.2665662574829,34,11.8047278653254,0.0434044764661369,6.47185185185185,0.123876536753827,-0.0596265367538269,0.0102179600514335,0.199355504719456,0.000133491817939153,-0.300859706899312,"OLS Mean loss | Ex-ante",-0.0596265367538267,0.123876536753827,-0.300859706899312,-0.300636404347878,0.0102179600514335,0.000133491817939153
0.0371958333333333,0.1089,27.3765277791308,30,15.2386999261976,0.026498504558666,6.03652777777778,0.127363412749693,-0.0901675794163601,0.0129770303195051,0.199336467555627,0.000389863014906877,-0.455597160420407,"OLS Mean loss | Ex-ante",-0.0901675794163599,0.127363412749693,-0.455597160420407,-0.455302487876926,0.0129770303195051,0.000389863014906877
0.0372041666666667,0.0468,24.2953074202249,28,15.1564445635588,0.0263108001753793,6.00773148148148,0.165981365872915,-0.128777199206248,0.00491640519611644,0.199301920150829,0.000296412764283247,-0.648042396619693,"OLS Mean loss | Ex-ante",-0.128777199206248,0.165981365872915,-0.648042396619693,-0.647735514096833,0.00491640519611644,0.000296412764283247
0.0305791666666667,0.03196,25.2194242502427,20,14.8898371954277,0.00981271168734249,6.00928240740741,0.159421906916667,-0.12884274025,0.00700737801542258,0.199301706591367,0.000424691748944275,-0.649054506158507,"OLS Mean loss | Ex-ante",-0.12884274025,0.159421906916667,-0.649054506158507,-0.648747839505554,0.00700737801542258,0.000424691748944275
0.0111458333333333,0.04255,26.9541463982909,39,14.7961295535219,0.0122096888000428,5.99756944444444,0.137518501649979,-0.126372668316645,0.00781124232053698,0.199304255584799,0.000456171588579567,-0.636869179164697,"OLS Mean loss | Ex-ante",-0.126372668316645,0.137518501649978,-0.636869179164697,-0.636560128497715,0.00781124232053698,0.000456171588579567
0.0513166666666667,0.08465,25.2652354590253,35,14.289362349698,0.0278159073891465,6.38793981481481,0.147707931814193,-0.0963912651475265,0.00499857746809115,0.199331955528846,0.000168874781284656,-0.485087470263146,"OLS Mean loss | Ex-ante",-0.0963912651475263,0.147707931814193,-0.485087470263146,-0.48478469709876,0.00499857746809115,0.000168874781284656
0.045075,0.04541,23.4062650557767,30,10.7835361184778,0.0302595859396079,6.37831018518519,0.146555763672073,-0.101480763672073,0.00552632365946943,0.199327784604308,0.000207160810298231,-0.51083577956641,"OLS Mean loss | Ex-ante",-0.101480763672073,0.146555763672073,-0.51083577956641,-0.510527617828767,0.00552632365946943,0.000207160810298231
0.123316666666667,0.12803,22.0525766442401,9,13.7934430948939,0.0243398123746545,6.01527777777778,0.184614061766213,-0.0612973950995466,0.005816415851875,0.199354737024086,0.000079597004954012,-0.308604995967323,"OLS Mean loss | Ex-ante",-0.0612973950995464,0.184614061766213,-0.308604995967323,-0.308377132272343,0.005816415851875,0.000079597004954012
0.0234291666666667,0.1165,25.7304706135404,27,12.9003093690413,0.0120112684338196,5.97930555555556,0.139521780209468,-0.116092613542801,0.00602293560760742,0.199314653489434,0.000295770656185914,-0.584535153024056,"OLS Mean loss | Ex-ante",-0.116092613542801,0.139521780209467,-0.584535153024056,-0.584221018855032,0.00602293560760742,0.000295770656185914
0.122195833333333,0.02843,22.082272837951,24,12.7693629909667,0.027224189204505,5.90195601851852,0.17763950534894,-0.0554436720156067,0.00682184519399335,0.199357541140326,0.0000765318001738144,-0.27927536867315,"OLS Mean loss | Ex-ante",-0.0554436720156065,0.17763950534894,-0.27927536867315,-0.279065235681209,0.00682184519399335,0.0000765318001738144
0.0263041666666667,0.06607,22.4276913861334,14,13.20033734575,0.019005977165069,12.8955671296296,0.175098554884868,-0.148794388218201,0.00402881469670951,0.199279111188743,0.000323703402034103,-0.748440693463993,"OLS Mean loss | Ex-ante",-0.148794388218201,0.175098554884868,-0.748440693463993,-0.748171890994057,0.00402881469670951,0.000323703402034103
0.123254166666667,0.02919,23.8612793852458,16,9.96620153423689,0.0171668232353655,5.90315972222222,0.140365305609119,-0.0171111389424525,0.00794781029432267,0.199369015490409,0.00000851190372019941,-0.0862394315355238,"OLS Mean loss | Ex-ante",-0.0171111389424525,0.140365305609119,-0.0862394315355238,-0.086169583439658,0.00794781029432267,0.00000851190372019941
0.0422541666666667,0.11156,22.3679777892853,8,12.6841950734296,0.0153411739952802,4.91702546296296,0.178026413275567,-0.1357722466089,0.00760254488094864,0.199294091113611,0.000512271426077919,-0.684167453737148,"OLS Mean loss | Ex-ante",-0.1357722466089,0.178026413275567,-0.684167453737148,-0.683870328076771,0.00760254488094864,0.000512271426077919
0.0358833333333333,0.01309,22.7454875917858,17,10.4041148654857,0.0192001894524518,5.27596064814815,0.156968156840659,-0.121084823507326,0.00624360146907234,0.199309757200553,0.000333691496052825,-0.609738996188903,"OLS Mean loss | Ex-ante",-0.121084823507325,0.156968156840659,-0.609738996188903,-0.609426288197123,0.00624360146907234,0.000333691496052825
0.5907375,0.20338,25.0298533225478,41,11.2451473218729,0.0174038666031719,13.2646180555556,0.132447313521305,0.458290186478695,0.00765399769923856,0.198501016315879,0.00587670118343581,2.30942159640901,"OLS Mean loss | Ex-ante",0.458290186478695,0.132447313521305,2.30942159640901,2.31764151038995,0.00765399769923856,0.00587670118343581
0.0294833333333333,0.06869,23.9157437021645,19,9.50850790435126,0.0131053835933867,6.87979166666667,0.13837677775223,-0.108893444418897,0.00841042372592671,0.19932121509782,0.000365130285066886,-0.548946456746725,"OLS Mean loss | Ex-ante",-0.108893444418897,0.13837677775223,-0.548946456746725,-0.548633386767133,0.00841042372592671,0.000365130285066886
0.09835,0.10014,26.4672211344796,28,15.9899250226548,0.0118610775033922,6.87888888888889,0.150200044278977,-0.0518500442789766,0.00768360426224134,0.199359122485527,0.0000755184960541988,-0.261287284511113,"OLS Mean loss | Ex-ante",-0.0518500442789764,0.150200044278976,-0.261287284511113,-0.261088615144497,0.00768360426224134,0.0000755184960541988
0.049675,0.01387,24.8348492535518,21,15.4713894174955,0.0107336607375664,6.87891203703704,0.167341352991792,-0.117666352991792,0.00626767445922848,0.199313122357059,0.000316346181804594,-0.592532002683674,"OLS Mean loss | Ex-ante",-0.117666352991792,0.167341352991792,-0.592532002683674,-0.592218120350846,0.00626767445922848,0.000316346181804594
0.0374666666666667,0.11461,23.96504600463,22,11.1446101546135,0.0170635445381278,5.89952546296296,0.147569743387821,-0.110103076721154,0.00501802904262589,0.199320290924756,0.000221203539836254,-0.554097354578276,"OLS Mean loss | Ex-ante",-0.110103076721154,0.147569743387821,-0.554097354578276,-0.553783914662466,0.00501802904262589,0.000221203539836254
0.0348041666666667,0.07842,24.4210285446715,28,14.0511179802739,0.0400098980909881,6.22028935185185,0.150474213770841,-0.115670047104175,0.00591209108778705,0.19931506351114,0.000288153416508604,-0.582375027602446,"OLS Mean loss | Ex-ante",-0.115670047104175,0.150474213770841,-0.582375027602446,-0.582060856912151,0.00591209108778705,0.000288153416508604
0.0948833333333333,12.40225,25.126596587988,13,11.9461755538375,0.0325615022325046,6.2140625,0.139342664156296,-0.0444593308229628,0.0136139208413385,0.199362012979501,0.0000995647505892063,-0.224715837565389,"OLS Mean loss | Ex-ante",-0.0444593308229627,0.139342664156296,-0.224715837565389,-0.22454171962496,0.0136139208413385,0.0000995647505892063
0.0262083333333333,0.00871,26.8920519833863,30,13.1170621222021,0.0312733025098348,7.14548611111111,0.116563627638773,-0.0903552943054401,0.0121917677844104,0.199336353791877,0.000367213825667017,-0.456364140341991,"OLS Mean loss | Ex-ante",-0.09035529430544,0.116563627638773,-0.456364140341991,-0.456069232013123,0.0121917677844104,0.000367213825667017
0.449175,0.02538,24.9813143838492,23,15.8035606764537,0.0140227174407205,7.13891203703704,0.166177902794631,0.282997097205369,0.00575910511556225,0.199039862542714,0.0016796783977745,1.42472287395715,"OLS Mean loss | Ex-ante",0.28299709720537,0.16617790279463,1.42472287395715,1.425923106134,0.00575910511556225,0.0016796783977745
0.168220833333333,0.0435,24.6070715457624,15,12.8875889648419,0.0193277418677651,6.85842592592593,0.148504741268333,0.0197160920650008,0.00575832851254288,0.199368622752249,0.00000815163272110183,0.0992588145139746,"OLS Mean loss | Ex-ante",0.019716092065001,0.148504741268332,0.0992588145139746,0.0991786169726267,0.00575832851254288,0.00000815163272110183
0.3417,0.00821,23.9245017900757,23,13.7537100163545,0.0242290423629916,7.73273148148148,0.16092657263478,0.18077342736522,0.00240967683550157,0.199235941776257,0.000284848506107679,0.908558102091958,"OLS Mean loss | Ex-ante",0.18077342736522,0.16092657263478,0.908558102091958,0.908428584419205,0.00240967683550157,0.000284848506107679
0.2959875,0.03546,23.0601462105839,15,15.4482128601839,0.0638976480277993,7.14180555555556,0.163828224980506,0.132159275019494,0.0189483139075411,0.199297255459618,0.00123786277693184,0.669801214517438,"OLS Mean loss | Ex-ante",0.132159275019494,0.163828224980506,0.669801214517438,0.669499697778098,0.0189483139075411,0.00123786277693184
0.0969708333333333,0.18702,22.6763770151445,7,13.0289397838057,0.0172459404988312,6.83863425925926,0.174355742744363,-0.07738490941103,0.00604578539669701,0.199345534342959,0.000131923735425668,-0.389643392635563,"OLS Mean loss | Ex-ante",-0.0773849094110299,0.174355742744363,-0.389643392635563,-0.38937366727547,0.00604578539669701,0.000131923735425668
0.0114208333333333,0.05488,22.8983219601707,19,13.7926909553525,0.0292152602741723,8.74893518518519,0.170967327328325,-0.159546493994991,0.00267373380305525,0.199265606178424,0.000246325060157183,-0.801978755496042,"OLS Mean loss | Ex-ante",-0.159546493994991,0.170967327328324,-0.801978755496042,-0.80174505855079,0.00267373380305525,0.000246325060157183
0.010551875,0.02298,22.9493622981838,10,14.3154063277419,0.0174076894053787,8.73618055555556,0.178425635114547,-0.167873760114547,0.00510490705446985,0.199254113993923,0.000523225994859331,-0.844867104753824,"OLS Mean loss | Ex-ante",-0.167873760114547,0.178425635114547,-0.844867104753824,-0.844669624499147,0.00510490705446985,0.000523225994859331
0.185366666666667,0.02494,22.9985978255052,5,6.38202750096404,0.0192514312857948,9.18363425925926,0.123735445645664,0.0616312210210025,0.0211174930299632,0.199354323115757,0.000301351378867647,0.312701320713222,"OLS Mean loss | Ex-ante",0.0616312210210026,0.123735445645664,0.312701320713222,0.312471081192931,0.0211174930299632,0.000301351378867647
0.0442,0.06179,22.8474959384865,46,12.9077698630421,0.0358858732954344,9.08238425925926,0.165224229721256,-0.121024229721256,0.0185756387508028,0.199309058553421,0.00101686935095765,-0.613250819937142,"OLS Mean loss | Ex-ante",-0.121024229721256,0.165224229721256,-0.613250819937142,-0.612938459440874,0.0185756387508028,0.00101686935095765
0.106229166666667,0.02613,22.6200809409108,10,10.5193323267708,0.0399143896663706,9.16993055555556,0.146615785299703,-0.0403866186330359,0.00686771610157894,0.19936349464077,0.0000408849561107337,-0.203436169949389,"OLS Mean loss | Ex-ante",-0.0403866186330357,0.146615785299702,-0.203436169949389,-0.203277029505638,0.00686771610157894,0.0000408849561107337
0.117625,0.09708,22.9959729127876,5,13.0030522318692,0.0146576279841901,8.7580787037037,0.169993255857434,-0.0523682558574335,0.00673389102285345,0.199358910274259,0.0000673847286061818,-0.263772507895982,"OLS Mean loss | Ex-ante",-0.0523682558574333,0.169993255857433,-0.263772507895982,-0.263572229457782,0.00673389102285345,0.0000673847286061818
0.0172541666666667,0.10789,22.275339673141,6,8.99701168588105,0.0160631181192596,8.71189814814815,0.152187934659509,-0.134933767992843,0.0099201355282218,0.199294852681336,0.000663298262879326,-0.680737634732772,"OLS Mean loss | Ex-ante",-0.134933767992842,0.152187934659509,-0.680737634732772,-0.680439398420478,0.0099201355282218,0.000663298262879326
0.5078,0,22.2997012376583,1,9.08145687877323,0.0201790022212762,8.75724537037037,0.149850078214982,0.357949921785018,0.0117177966879104,0.198838237139602,0.00553374276588775,1.80749045194822,"OLS Mean loss | Ex-ante",0.357949921785018,0.149850078214982,1.80749045194822,1.81084751032674,0.0117177966879104,0.00553374276588775
0.405695833333333,0.01817,22.1532399884816,11,14.506290556145,0.0155222148619739,9.32157407407407,0.190515752271453,0.21518008106188,0.00705996035649538,0.199179042630718,0.00119357788451936,1.08401372833496,"OLS Mean loss | Ex-ante",0.215180081061881,0.190515752271453,1.08401372833496,1.0841688231914,0.00705996035649538,0.00119357788451936
0.0310375,0.1658,20.7177146247696,6,13.9548129537703,0.14126906295673,12.335775462963,0.143387652660811,-0.112350152660811,0.127895393262124,0.199310904857039,0.00764109305999485,-0.603925828735367,"OLS Mean loss | Ex-ante",-0.11235015266081,0.14338765266081,-0.603925828735367,-0.603612626363334,0.127895393262124,0.00764109305999485
0.501958333333333,0.06427,26.0754139033144,39,14.9973679366469,0.00911494473342148,6.98578703703704,0.150999412805981,0.350958920527352,0.00743218874639478,0.198861051656959,0.00334502480211353,1.76835892818543,"OLS Mean loss | Ex-ante",0.350958920527352,0.150999412805981,1.76835892818543,1.7714400540365,0.00743218874639478,0.00334502480211353
0.0332666666666667,0.08489,26.0497159865411,27,11.3905198083206,0.036914714368989,7.38648148148148,0.112838614276196,-0.079571947609529,0.0132226680275821,0.199343929044824,0.000309521738788144,-0.402109777357763,"OLS Mean loss | Ex-ante",-0.079571947609529,0.112838614276196,-0.402109777357763,-0.401834658222828,0.0132226680275821,0.000309521738788144
0.0234833333333333,0.01016,25.9104811254566,36,11.3324812000788,0.0314839299863661,7.29905092592593,0.117734667494703,-0.0942513341613693,0.00853701507335589,0.199333505424111,0.000277727232164631,-0.475163947207409,"OLS Mean loss | Ex-ante",-0.0942513341613691,0.117734667494702,-0.475163947207409,-0.474863675651153,0.00853701507335589,0.000277727232164631
0.0105,0.02116,25.9888075005718,39,11.5880070799653,0.0198799088545743,7.29013888888889,0.124260583114347,-0.113760583114347,0.00695579913159455,0.199316813829198,0.000328612369206485,-0.573062179343453,"OLS Mean loss | Ex-ante",-0.113760583114347,0.124260583114347,-0.573062179343453,-0.572748002923863,0.00695579913159455,0.000328612369206485
0.0195666666666667,0.07507,25.5355236634344,27,12.8743904204526,0.0362970836229318,7.35094907407407,0.129509291473126,-0.10994262480646,0.00784194759448765,0.199320294645487,0.000346644911868919,-0.554076713057686,"OLS Mean loss | Ex-ante",-0.109942624806459,0.129509291473126,-0.554076713057686,-0.553763274481149,0.00784194759448765,0.000346644911868919
0.363091666666667,0.10948,25.3619624259996,43,10.9142598539665,0.0216819582286029,7.3162962962963,0.127421735361101,0.235669931305566,0.00893913351592642,0.199140442585669,0.00181967376498004,1.18836058453932,"OLS Mean loss | Ex-ante",0.235669931305566,0.127421735361101,1.18836058453932,1.18876098556854,0.00893913351592642,0.00181967376498004
0.542945833333333,0.08195,24.6813234226602,16,14.9407048748799,0.0130313812322069,7.35331018518518,0.163974271022563,0.37897156231077,0.00605487271404837,0.198777223857995,0.00316871995479873,1.90818134174222,"OLS Mean loss | Ex-ante",0.37897156231077,0.163974271022563,1.90818134174222,1.91231220443866,0.00605487271404837,0.00316871995479873
0.399758333333333,0.29319,24.321903822235,20,13.8791845331264,0.0183766665452735,7.34511574074074,0.159594854850638,0.240163478482696,0.00328916583274251,0.199132944699489,0.000687466843872636,1.20758192252993,"OLS Mean loss | Ex-ante",0.240163478482696,0.159594854850637,1.20758192252993,1.20803428391124,0.00328916583274251,0.000687466843872636
0.0361458333333333,0.01511,24.1955526580739,29,15.1145805201228,0.0163467356287668,6.93553240740741,0.171274624567568,-0.135128791234235,0.00585965643247911,0.199294943407996,0.000389729207664942,-0.680327881916018,"OLS Mean loss | Ex-ante",-0.135128791234235,0.171274624567568,-0.680327881916018,-0.680029515544019,0.00585965643247911,0.000389729207664942
0.0252166666666667,0.49323,24.2397791302917,29,14.4086058629745,0.0287750953883757,6.93141203703704,0.160524607246625,-0.135307940579958,0.00380407407242768,0.199294899406235,0.000252636691378547,-0.680526639844341,"OLS Mean loss | Ex-ante",-0.135307940579958,0.160524607246625,-0.680526639844341,-0.680228336490217,0.00380407407242768,0.000252636691378547
0.0406333333333333,0.03578,24.0527192511625,15,13.6901028377078,0.00986231106250729,8.03509259259259,0.164717971067459,-0.124084637734126,0.00528394118950617,0.199306784763407,0.000295996220416779,-0.624543481398543,"OLS Mean loss | Ex-ante",-0.124084637734126,0.164717971067459,-0.624543481398543,-0.624232490433836,0.00528394118950617,0.000295996220416779
0.0181583333333333,0.0309,23.9778502845452,35,12.040610621427,0.0270140033384825,7.28983796296296,0.149113087176831,-0.130954753843497,0.00530888807389682,0.19929956233621,0.000331253172619114,-0.659130452952688,"OLS Mean loss | Ex-ante",-0.130954753843497,0.149113087176831,-0.659130452952688,-0.658826113799666,0.00530888807389682,0.000331253172619114
0.0565791666666667,0.04346,22.100200356282,15,12.4132607407385,0.0423355958445214,5.50460648148148,0.167177879252755,-0.110598712586088,0.00527932734521831,0.199319827056931,0.000234945354275532,-0.556664757737025,"OLS Mean loss | Ex-ante",-0.110598712586088,0.167177879252755,-0.556664757737025,-0.556351160268624,0.00527932734521831,0.000234945354275532
0.0716041666666667,0.01174,23.7679482618712,28,14.5273621058593,0.0249455691409966,5.49856481481481,0.169456050994281,-0.0978518843276145,0.00526920548362156,0.199330776101174,0.000183553559387588,-0.492504994644939,"OLS Mean loss | Ex-ante",-0.0978518843276144,0.169456050994281,-0.492504994644939,-0.492200504045928,0.00526920548362156,0.000183553559387588
0.0942458333333333,0.04246,21.9946572472598,5,12.8976389314652,0.0186767023573841,4.4418287037037,0.18251264893141,-0.0882668155980771,0.00829817739902516,0.199338028538048,0.000236649627126654,-0.444939672163799,"OLS Mean loss | Ex-ante",-0.088266815598077,0.18251264893141,-0.444939672163799,-0.444648410709761,0.00829817739902516,0.000236649627126654
0.0756,0.05224,25.6659983163479,22,17.6670334686535,0.0172075836077846,5.07212962962963,0.169305489495918,-0.0937054894959184,0.0115865125312961,0.199333817553481,0.000374883125209785,-0.473140287606469,"OLS Mean loss | Ex-ante",-0.0937054894959183,0.169305489495918,-0.473140287606469,-0.47284055446205,0.0115865125312961,0.000374883125209785
0.05245,0.06465,24.9707192613651,27,9.96807443559948,0.0144618171511623,5.02680555555556,0.129163210058489,-0.0767132100584891,0.00918385987506876,0.199345884284135,0.000198184566347864,-0.386872488701795,"OLS Mean loss | Ex-ante",-0.076713210058489,0.129163210058489,-0.386872488701795,-0.386604002798305,0.00918385987506876,0.000198184566347864
0.115770833333333,0.05471,25.0105419582671,18,14.9914888909876,0.0207202335533047,5.079375,0.157903716609882,-0.0421328832765485,0.00712061125155335,0.199362898163729,0.0000461590711251418,-0.212259511267287,"OLS Mean loss | Ex-ante",-0.0421328832765483,0.157903716609882,-0.212259511267287,-0.212094103222207,0.00712061125155335,0.0000461590711251418
0.128783333333333,0.34669,24.272717507999,22,14.7206130093882,0.01454016195323,5.45113425925926,0.168904545036358,-0.0401212117030245,0.00556622523550466,0.199363591502999,0.0000326172648193601,-0.201966962987408,"OLS Mean loss | Ex-ante",-0.0401212117030244,0.168904545036358,-0.201966962987408,-0.201808873798522,0.00556622523550466,0.0000326172648193601
0.0141958333333333,0.13878,22.5790502103616,6,12.2877999408149,0.01734032839532,5.06516203703704,0.171496415796059,-0.157300582462725,0.00751465601570348,0.199268035453783,0.000679535229776226,-0.792615401541547,"OLS Mean loss | Ex-ante",-0.157300582462725,0.171496415796058,-0.792615401541547,-0.792374773127954,0.00751465601570348,0.000679535229776226
0.464220833333333,0.12382,21.1923137613079,10,11.9373667359051,0.0450235513946653,5.05099537037037,0.174136543775372,0.290084289557962,0.0068658820364617,0.199022706794489,0.00210872218064162,1.46121622299681,"OLS Mean loss | Ex-ante",0.290084289557962,0.174136543775372,1.46121622299681,1.46257326122125,0.0068658820364617,0.00210872218064162
0.341995833333333,0.05,21.4269796649865,4,10.6383323126838,0.0287085081069633,6.07673611111111,0.169058057306018,0.172937776027316,0.00679376651272771,0.199246791425698,0.000741484194258354,0.871092708998769,"OLS Mean loss | Ex-ante",0.172937776027316,0.169058057306018,0.871092708998769,0.870921105000931,0.00679376651272771,0.000741484194258354
0.0682666666666667,0.00708,20.9601899423711,10,10.0685814841809,0.0314901660389913,6.44349537037037,0.170313475489318,-0.102046808822652,0.00654300991649008,0.199327265857379,0.000248524214465244,-0.513947929226037,"OLS Mean loss | Ex-ante",-0.102046808822651,0.170313475489318,-0.513947929226037,-0.513639226820518,0.00654300991649008,0.000248524214465244
0.0704333333333333,0.10763,21.0487376407285,15,11.1793610901679,0.0443822544575162,6.44960648148148,0.170995457689478,-0.100562124356145,0.00652979830906225,0.199328507476299,0.000240851507781886,-0.50646710573513,"OLS Mean loss | Ex-ante",-0.100562124356145,0.170995457689478,-0.50646710573513,-0.506159743787289,0.00652979830906225,0.000240851507781886
0.0337166666666667,0.02993,19.1086081997203,8,9.42658522124186,0.0389683274959188,12.9650925925926,0.182339359909984,-0.148622693243317,0.0128699516124993,0.199278507032729,0.00105024068587552,-0.750917401002599,"OLS Mean loss | Ex-ante",-0.148622693243317,0.182339359909984,-0.750917401002599,-0.7506499847745,0.0128699516124993,0.00105024068587552
0.601108333333333,0.00484,23.845765404421,11,16.2968776236029,0.0701559905590569,6.41729166666667,0.156401480563288,0.444706852770045,0.031946388018717,0.198531303659203,0.0242695096147192,2.26891561660673,"OLS Mean loss | Ex-ante",0.444706852770045,0.156401480563288,2.26891561660673,2.2766439868269,0.031946388018717,0.0242695096147192
0.0327208333333333,0.05651,22.5182603875612,29,9.57214823104886,0.0350834677064024,5.03157407407407,0.148241701953251,-0.115520868619918,0.00906441934362359,0.199315030671919,0.000443466124049824,-0.582548330352862,"OLS Mean loss | Ex-ante",-0.115520868619918,0.148241701953251,-0.582548330352862,-0.582234162100984,0.00906441934362359,0.000443466124049824
0.0313458333333333,0.20365,24.7938371956493,20,14.5653754029115,0.0152016931983654,4.99263888888889,0.160848395243531,-0.129502561910198,0.00608482491691572,0.199301067151412,0.000371874653404231,-0.652075565450228,"OLS Mean loss | Ex-ante",-0.129502561910197,0.160848395243531,-0.652075565450228,-0.6517695625394,0.00608482491691572,0.000371874653404231
0.181229166666667,0.03709,23.8305825529329,38,14.5796871127089,0.0242555505537939,5.33363425925926,0.17048024822983,0.0107489184368362,0.0104156922340769,0.1993697464776,0.00000442387134746767,0.0542416128827024,"OLS Mean loss | Ex-ante",0.0107489184368364,0.17048024822983,0.0542416128827024,0.0541974821364808,0.0104156922340769,0.00000442387134746767
0.0342416666666667,0.12879,25.4112317807853,30,15.7861167625483,0.016354307344051,6.97203703703704,0.160371348281413,-0.126129681614747,0.00551004887314482,0.199304661159386,0.000319065367100815,-0.634908771778052,"OLS Mean loss | Ex-ante",-0.126129681614747,0.160371348281413,-0.634908771778052,-0.634599381049961,0.00551004887314482,0.000319065367100815
0.143554166666667,0.01912,24.9176130359424,25,11.5374526675397,0.0136194942203411,7.3662037037037,0.139070128980524,0.00448403768614297,0.00499347690862191,0.199370142118733,0.000000365073334600856,0.0225657887083263,"OLS Mean loss | Ex-ante",0.00448403768614308,0.139070128980524,0.0225657887083263,0.0225473845339616,0.00499347690862191,0.000000365073334600856
0.0330616666666667,0.03507,24.7348472524747,45,11.2744770099353,0.0257412733619866,6.92787037037037,0.136239003812052,-0.103177337145386,0.0104673686992485,0.199326134447385,0.000409672041789196,-0.520671111621394,"OLS Mean loss | Ex-ante",-0.103177337145386,0.136239003812052,-0.520671111621394,-0.520361324586946,0.0104673686992485,0.000409672041789196
0.100566666666667,0.10043,24.7486572394538,28,13.7904843901412,0.0367478131463736,6.99032407407407,0.145711920068069,-0.0451452534014024,0.00503871587162142,0.199361830608146,0.0000373441097547861,-0.227197334302671,"OLS Mean loss | Ex-ante",-0.0451452534014022,0.145711920068069,-0.227197334302671,-0.227021501282578,0.00503871587162142,0.0000373441097547861
0.0308458333333333,0.0363,24.2697034980312,17,14.681841165595,0.0111054176088326,7.3580787037037,0.168495368910247,-0.137649535576914,0.00556303899847073,0.199292131299834,0.000383705040835946,-0.692915615942305,"OLS Mean loss | Ex-ante",-0.137649535576913,0.168495368910247,-0.692915615942305,-0.692621502146601,0.00556303899847073,0.000383705040835946
0.512516666666667,0.01824,23.484572924828,18,14.9745366349505,0.0182028933321406,6.87259259259259,0.177434293384142,0.335082373282525,0.00504873716354937,0.198907242828525,0.00206144962724062,1.68633908639262,"OLS Mean loss | Ex-ante",0.335082373282525,0.177434293384141,1.68633908639262,1.68888501189393,0.00504873716354937,0.00206144962724062
0.0462416666666667,0.37274,23.9889747514824,37,10.2111293516161,0.0205084176666262,7.35266203703704,0.140417239762891,-0.0941755730962245,0.00875392375712459,0.199333556414578,0.000284450535386481,-0.474833945203772,"OLS Mean loss | Ex-ante",-0.0941755730962244,0.140417239762891,-0.474833945203772,-0.474533760798507,0.00875392375712459,0.000284450535386481
0.0172825416666667,0.22755,24.1804894645837,19,11.1700159440467,0.0470246771719323,7.33631944444444,0.12973963515605,-0.112457093489383,0.0113641237058159,0.199317798201157,0.000529331018428323,-0.567757524862334,"OLS Mean loss | Ex-ante",-0.112457093489383,0.12973963515605,-0.567757524862334,-0.567443454223919,0.0113641237058159,0.000529331018428323
0.0135583333333333,0.07818,23.6547554982612,20,13.4087582976122,0.018021529038641,6.95328703703704,0.165213601134168,-0.151655267800835,0.00335442465993435,0.199275637028333,0.000279603093005511,-0.762572880145594,"OLS Mean loss | Ex-ante",-0.151655267800835,0.165213601134168,-0.762572880145594,-0.762312291979458,0.00335442465993435,0.000279603093005511
0.0785125,0.01934,23.5182072550053,19,13.3698889077014,0.0128708314532835,6.91259259259259,0.169017437027863,-0.0905049370278634,0.0046921884905743,0.199336497582021,0.000139667571082378,-0.455394510968541,"OLS Mean loss | Ex-ante",-0.0905049370278632,0.169017437027863,-0.455394510968541,-0.455099900942822,0.0046921884905743,0.000139667571082378
0.357383333333333,0.13088,23.3549969972681,32,12.4081032539596,0.027100008874048,7.32768518518519,0.159194485527748,0.198188847805585,0.00525392103424924,0.199208349540093,0.000750771727472831,0.997510147150014,"OLS Mean loss | Ex-ante",0.198188847805586,0.159194485527748,0.997510147150014,0.997506093969625,0.00525392103424924,0.000750771727472831
0.23025,0.00652,22.4438287249394,10,14.9574156761243,0.113055035259809,7.29837962962963,0.144471036387592,0.0857789636124076,0.0803952115580572,0.199337433948829,0.00251813922797331,0.449029020485257,"OLS Mean loss | Ex-ante",0.0857789636124077,0.144471036387592,0.449029020485257,0.448736420606985,0.0803952115580572,0.00251813922797331
0.192220833333333,0.02972,23.4378628512177,9,11.3917712650383,0.0129236589433469,7.238125,0.155736357750879,0.0364844755824544,0.00732051747485594,0.199364729879125,0.0000355983871175767,0.183822137894944,"OLS Mean loss | Ex-ante",0.0364844755824545,0.155736357750879,0.183822137894944,0.183677202721288,0.00732051747485594,0.0000355983871175767
0.378029166666667,0.08258,23.4283195657035,4,14.24327845376,0.0164215782369252,7.2775462962963,0.172539326281901,0.205489840384766,0.0087154436289801,0.199195590082402,0.00134822986222943,1.03606120521499,"OLS Mean loss | Ex-ante",0.205489840384766,0.1725393262819,1.03606120521499,1.03612335993868,0.0087154436289801,0.00134822986222943
0.643495833333333,0.17446,23.2773759483697,21,13.7811017197742,0.0169224531158804,6.82814814814815,0.17326065713458,0.470235176198753,0.004515219093988,0.198457901775709,0.00362685523243975,2.36587627162537,"OLS Mean loss | Ex-ante",0.470235176198753,0.17326065713458,2.36587627162537,2.37481293527816,0.004515219093988,0.00362685523243975
0.0138583333333333,0.01275,23.0606369307084,26,10.1094897135696,0.0187558378943053,7.22527777777778,0.151065127211678,-0.137206793878344,0.00653672293858455,0.199292556894767,0.000448846753583701,-0.691025278245741,"OLS Mean loss | Ex-ante",-0.137206793878344,0.151065127211677,-0.691025278245741,-0.690730491741796,0.00653672293858455,0.000448846753583701
0.0378125,0.52621,22.9509806499193,26,12.0931483534452,0.0368600570860939,6.86094907407407,0.15758236347155,-0.11976986347155,0.00422566994975322,0.199311183508866,0.000220069189408649,-0.602505920186929,"OLS Mean loss | Ex-ante",-0.119769863471549,0.157582363471549,-0.602505920186929,-0.602192612283462,0.00422566994975322,0.000220069189408649
0.00828333333333333,0.02052,22.7375924419758,13,10.8416189682615,0.0148891089807446,7.19622685185185,0.16053360966269,-0.152250276329357,0.00587713927777873,0.19927465120222,0.00049624078461423,-0.766535524047351,"OLS Mean loss | Ex-ante",-0.152250276329357,0.16053360966269,-0.766535524047351,-0.766277372568219,0.00587713927777873,0.00049624078461423
0.0851916666666667,0.00938,22.2345308651605,19,9.963307070932,0.0274839131459109,7.19284722222222,0.155782334847815,-0.070590668181148,0.00523294950054434,0.19934969658627,0.0000948612319257067,-0.355288233127797,"OLS Mean loss | Ex-ante",-0.0705906681811479,0.155782334847815,-0.355288233127797,-0.355034876696107,0.00523294950054434,0.0000948612319257067
0.186083333333333,0.20317,22.3820554402377,29,10.3180398556612,0.0383945178787586,10.8735069444444,0.150213779174121,0.0358695541592128,0.00718668412626979,0.199364914267288,0.0000337703640221903,0.180711757364466,"OLS Mean loss | Ex-ante",0.0358695541592129,0.15021377917412,0.180711757364466,0.180569107576148,0.00718668412626979,0.0000337703640221903
0.224591666666667,0.02053,21.8063893775406,19,12.3850140494239,0.0431175527857625,7.17337962962963,0.169840644621858,0.0547510220448087,0.00525238702386333,0.199357875599504,0.000057280366004124,0.27556877468276,"OLS Mean loss | Ex-ante",0.0547510220448088,0.169840644621858,0.27556877468276,0.275360968645489,0.00525238702386333,0.000057280366004124
0.0119041666666667,0.14874,21.8689483196735,7,8.51906019747528,0.0261194326766089,7.20030092592593,0.150412592565757,-0.13850842589909,0.00941924623454684,0.199290845629026,0.000662947566636052,-0.698595008392177,"OLS Mean loss | Ex-ante",-0.13850842589909,0.150412592565757,-0.698595008392177,-0.698302988814283,0.00941924623454684,0.000662947566636052
0.124266666666667,0.01155,21.5989589555625,14,13.4090624160554,0.0312329841026905,6.84659722222222,0.184553570565557,-0.0602869038988905,0.00519221040585713,0.199355252872816,0.0000686452205888526,-0.303422386233442,"OLS Mean loss | Ex-ante",-0.0602869038988904,0.184553570565557,-0.303422386233442,-0.303197564654019,0.00519221040585713,0.0000686452205888526
0.154166666666667,0.01118,20.6399229448883,7,9.58761606526304,0.0123799213187692,5.17199074074074,0.180695331525962,-0.0265286648592953,0.0142596877577754,0.199367299226833,0.0000371797257569719,-0.134130752735084,"OLS Mean loss | Ex-ante",-0.0265286648592951,0.180695331525962,-0.134130752735084,-0.134023269650444,0.0142596877577754,0.0000371797257569719
0.354133333333333,0.08409,23.5064107699997,30,13.3147014773548,0.0271284020450729,5.11537037037037,0.164220996498297,0.189912336835037,0.00551787855496928,0.199221552777925,0.000724394172740538,0.955980239066246,"OLS Mean loss | Ex-ante",0.189912336835037,0.164220996498297,0.955980239066246,0.955912998119852,0.00551787855496928,0.000724394172740538
0.0111685833333333,0.03213,26.7562897048224,54,13.0504601695518,0.0343750032535565,5.06967592592593,0.120043630116093,-0.10887504678276,0.0158309186553536,0.199320862210944,0.000697451169861079,-0.550918965647453,"OLS Mean loss | Ex-ante",-0.10887504678276,0.120043630116093,-0.550918965647453,-0.550605745541296,0.0158309186553536,0.000697451169861079
0.794620583333333,0.04238,26.1452970859725,45,11.8685234402975,0.0322397574894289,4.87699074074074,0.12022422400269,0.674396359330643,0.011436201082753,0.19747591011711,0.0191598994978378,3.40492141697097,"OLS Mean loss | Ex-ante",0.674396359330643,0.12022422400269,3.40492141697097,3.43477854740476,0.011436201082753,0.0191598994978378
0.518433333333333,0.03897,21.5286752969359,5,11.2828906451906,0.0745486985115778,6.29387731481481,0.150220948413644,0.368212384919689,0.0258591379155422,0.19879906748754,0.0133001861423391,1.87275833603719,"OLS Mean loss | Ex-ante",0.368212384919689,0.150220948413644,1.87275833603719,1.8766062941523,0.0258591379155422,0.0133001861423391
0.0508458333333333,0.02533,21.5291748838894,9,9.51592413925809,0.0231086559893331,5.86561342592593,0.163614105862476,-0.112768272529142,0.00790841567921636,0.199317691274264,0.000367832608650922,-0.568336138478152,"OLS Mean loss | Ex-ante",-0.112768272529142,0.163614105862475,-0.568336138478152,-0.568022052487336,0.00790841567921636,0.000367832608650922
0.1251,0.02342,21.3805882114344,11,12.6519302059185,0.0216831682887757,6.21121527777778,0.186923069188972,-0.0618230691889717,0.00691882556975062,0.199354452742423,0.000096528247498061,-0.311424240855386,"OLS Mean loss | Ex-ante",-0.0618230691889715,0.186923069188971,-0.311424240855386,-0.311194739289994,0.00691882556975062,0.000096528247498061
0.104758333333333,0.00695,21.3454085416422,29,16.3159559084362,0.0297387640785115,5.86021990740741,0.209806489088418,-0.105048155755084,0.0222298145728977,0.199323970985852,0.000923697011285259,-0.533291012210824,"OLS Mean loss | Ex-ante",-0.105048155755084,0.209806489088417,-0.533291012210824,-0.532979501527543,0.0222298145728977,0.000923697011285259
0.0317583333333333,0.10879,21.2722033866517,18,11.1150430588129,0.0339154796290071,5.82894675925926,0.173347235746704,-0.14158890241337,0.00645103586100712,0.199287522638492,0.000471628185243568,-0.713064482713589,"OLS Mean loss | Ex-ante",-0.14158890241337,0.173347235746703,-0.713064482713589,-0.712778299672175,0.00645103586100712,0.000471628185243568
0.619366666666667,0.04582,21.0776873833549,17,9.73979560075782,0.0323486879873807,5.81984953703704,0.16733733736393,0.452029329302737,0.00786970447772461,0.198524469199616,0.0058809115106963,2.27811941868423,"OLS Mean loss | Ex-ante",0.452029329302737,0.16733733736393,2.27811941868423,2.2859578331763,0.00786970447772461,0.0058809115106963
0.141666666666667,0.01526,20.4565318926698,14,15.5730662895075,0.0464490500047383,6.23068287037037,0.206545705624439,-0.0648790389577722,0.0146467947378368,0.199352718631835,0.000228590384945022,-0.328097309198795,"OLS Mean loss | Ex-ante",-0.0648790389577719,0.206545705624439,-0.328097309198795,-0.327858372469696,0.0146467947378368,0.000228590384945022
0.1929125,0,19.4599641948194,2,11.8606274911694,0.0703099766499285,6.21112268518519,0.182149864847225,0.0107626351527747,0.0189495274515835,0.199369741083217,0.00000821000332143508,0.054546535264168,"OLS Mean loss | Ex-ante",0.0107626351527749,0.182149864847225,0.054546535264168,0.0545021579090646,0.0189495274515835,0.00000821000332143508
0.0713083333333333,0.04321,18.0180302044274,3,5.77061371947533,0.0829003128936121,6.16836805555556,0.154488819661988,-0.0831804863286548,0.0367405849911728,0.199340788167366,0.000986263286705628,-0.425445614489951,"OLS Mean loss | Ex-ante",-0.0831804863286547,0.154488819661988,-0.425445614489951,-0.425161228100393,0.0367405849911728,0.000986263286705628
0.182904166666667,0,17.9206109783305,1,7.19034039964092,0.0397857384094551,6.2153587962963,0.185323377506382,-0.00241921083971561,0.0196368856429553,0.199370200462966,0.000000430463705282327,-0.0122651952380839,"OLS Mean loss | Ex-ante",-0.00241921083971544,0.185323377506382,-0.0122651952380839,-0.0122551884209293,0.0196368856429553,0.000000430463705282327
0.0119208333333333,0.03274,25.3859961319504,21,15.1572628830851,0.0203988565025862,6.78290509259259,0.153711055900747,-0.141790222567414,0.005970893135584,0.199287327308979,0.00043734491227155,-0.713905883051705,"OLS Mean loss | Ex-ante",-0.141790222567414,0.153711055900747,-0.713905883051705,-0.713620061767622,0.005970893135584,0.00043734491227155
0.2475125,220.97746,27.6604980765474,3,5.95306068773879,0.00908561659334235,1.48005787037037,0.245934354615364,0.00157814538463569,0.996434151859291,0.199367362775255,0.702598713439643,0.132666054984865,"OLS Mean loss | Ex-ante",0.00157814538463641,0.245934354615364,0.132666054984865,0.132559703353971,0.996434151859291,0.702598713439643
0.628879166666667,0.0461,23.4546218220754,24,11.4474659365023,0.0274416744725493,5.72172453703704,0.151405744377739,0.477473422288928,0.00391626631308715,0.198430099059765,0.0032394355234442,2.40157141512764,"OLS Mean loss | Ex-ante",0.477473422288928,0.151405744377739,2.40157141512764,2.41098067401323,0.00391626631308715,0.0032394355234442
0.1388625,0.01602,23.1962087390512,11,15.2799618540122,0.0146920721830558,6.81693287037037,0.184101529852523,-0.0452390298525232,0.00748965249073166,0.199361774881713,0.0000560155444650128,-0.227950205824477,"OLS Mean loss | Ex-ante",-0.045239029852523,0.184101529852523,-0.227950205824477,-0.227773853808812,0.00748965249073166,0.0000560155444650128
0.3416875,0.07142,21.4021359144801,14,11.8905582664618,0.0285479897683521,3.05283564814815,0.180456972190269,0.161230527809731,0.00779051924617666,0.199262834283095,0.000740533357079925,0.812530770772415,"OLS Mean loss | Ex-ante",0.161230527809731,0.180456972190269,0.812530770772415,0.812305298583655,0.00779051924617666,0.000740533357079925
0.254691666666667,0.00974,21.2703955466484,29,11.803788877838,0.0205575272209154,6.66417824074074,0.184866464059214,0.0698252026074527,0.0161042065181539,0.199349917461758,0.000291981911503088,0.353371792906317,"OLS Mean loss | Ex-ante",0.069825202607453,0.184866464059214,0.353371792906317,0.353119411841003,0.0161042065181539,0.000291981911503088
0.0846291666666667,0.02919,20.9759591326825,7,16.5252747268841,0.0366461617945651,5.07575231481481,0.210790784835281,-0.126161618168615,0.0143643623936981,0.199304038568982,0.000847224436361552,-0.63791568269927,"OLS Mean loss | Ex-ante",-0.126161618168614,0.210790784835281,-0.63791568269927,-0.637606818469176,0.0143643623936981,0.000847224436361552
0.0394833333333333,0.09942,24.4294704163062,26,16.1945526010783,0.0190634450867792,4.25193287037037,0.175378760353194,-0.13589542701986,0.00825024201396097,0.199293903056839,0.000557651124218281,-0.685011745928361,"OLS Mean loss | Ex-ante",-0.13589542701986,0.175378760353194,-0.685011745928361,-0.684714899708913,0.00825024201396097,0.000557651124218281
0.028465,0.0717,23.646367709496,14,14.8257481556414,0.0114866504898293,3.8828125,0.178861331320738,-0.150396331320738,0.00907395691941965,0.199276664231127,0.000752452566166312,-0.75842187114844,"OLS Mean loss | Ex-ante",-0.150396331320738,0.178861331320738,-0.75842187114844,-0.758158793406232,0.00907395691941965,0.000752452566166312
0.0413,0.01327,22.9642795756425,6,9.46583128095538,0.0283509062710046,3.90054398148148,0.143250776301215,-0.101950776301215,0.012378571739517,0.19932709330022,0.000474855003390991,-0.514978991379514,"OLS Mean loss | Ex-ante",-0.101950776301215,0.143250776301215,-0.514978991379514,-0.514670115216096,0.012378571739517,0.000474855003390991
0.05552,0.42,22.2828035865344,3,12.9494570866923,0.015472738131668,3.86646990740741,0.181111754264851,-0.125591754264851,0.0101695351391364,0.199304913245525,0.000589375578987532,-0.633687216189882,"OLS Mean loss | Ex-ante",-0.125591754264851,0.181111754264851,-0.633687216189882,-0.6333776196114,0.0101695351391364,0.000589375578987532
0.39555,0.07209,21.7947107797215,15,9.4586321362491,0.0346675766326791,3.88869212962963,0.156113242374388,0.239436757625613,0.00788714186672341,0.199133285685157,0.00165374885430024,1.20671444365959,"OLS Mean loss | Ex-ante",0.239436757625613,0.156113242374387,1.20671444365959,1.20716441299223,0.00788714186672341,0.00165374885430024
0.543195833333333,0.00818,20.4168392049505,3,12.6247065166279,0.0410319953500378,4.23378472222222,0.19010269310619,0.353093140227143,0.00897131326186523,0.198854030627795,0.00409970441083211,1.78049350885116,"OLS Mean loss | Ex-ante",0.353093140227143,0.19010269310619,1.78049350885116,1.78365875178752,0.00897131326186523,0.00409970441083211
0.347283333333333,0.05019,18.3938377931925,4,13.3658526142586,0.0722110594590085,4.25820601851852,0.206125611249185,0.141157722084149,0.024739627908447,0.199286483914337,0.00186574250309095,0.717527548399714,"OLS Mean loss | Ex-ante",0.141157722084149,0.206125611249184,0.717527548399714,0.717243312548037,0.024739627908447,0.00186574250309095
0.336966666666667,0,20.6190419664293,3,11.3255184275836,0.0122738694835254,4.31628472222222,0.192545617073347,0.144421049593319,0.014070303069335,0.199283515207099,0.00108683337007908,0.730132617462788,"OLS Mean loss | Ex-ante",0.144421049593319,0.192545617073347,0.730132617462788,0.729854260742191,0.014070303069335,0.00108683337007908
0.039945,0.00881,20.9719558711502,8,11.1453176333867,0.0427028807599639,4.09153935185185,0.173049580802424,-0.133104580802424,0.00759887985721476,0.199297054304986,0.000492097892644527,-0.670723629060251,"OLS Mean loss | Ex-ante",-0.133104580802424,0.173049580802424,-0.670723629060251,-0.670422373758584,0.00759887985721476,0.000492097892644527
0.191275,0.07244,20.4321356361938,6,8.64784149492271,0.0257937530135427,4.08299768518518,0.171314005184258,0.019960994815742,0.0120282553278008,0.19936857228015,0.0000176753640857502,0.100810123570342,"OLS Mean loss | Ex-ante",0.0199609948157422,0.171314005184258,0.100810123570342,0.100728698127687,0.0120282553278008,0.0000176753640857502
0.104735,0.05244,20.3467152989466,4,9.68496715622063,0.055351702264578,5.40270833333333,0.164262237329829,-0.0595272373298285,0.0124088891416388,0.199355521160535,0.000162293239617559,-0.300691650238208,"OLS Mean loss | Ex-ante",-0.0595272373298283,0.164262237329828,-0.300691650238208,-0.300468447640949,0.0124088891416388,0.000162293239617559
0.144195833333333,0.03563,23.5811530734178,18,15.0225461498414,0.0673353553048936,5.1481712962963,0.154151900938096,-0.0099560676047622,0.0227723628313286,0.19936980926606,0.00000850908185917871,-0.0505573374112051,"OLS Mean loss | Ex-ante",-0.00995606760476206,0.154151900938095,-0.0505573374112051,-0.0505161882665806,0.0227723628313286,0.00000850908185917871
0.1320375,0.50685,24.4192920404079,26,13.3318945225034,0.0209031173422884,6.06572916666667,0.155037951277369,-0.0230004512773689,0.00338819139286748,0.199368049685689,0.00000649649347187826,-0.115655840775954,"OLS Mean loss | Ex-ante",-0.0230004512773688,0.155037951277369,-0.115655840775954,-0.115562727203221,0.00338819139286748,0.00000649649347187826
0.0285875,0.12769,23.9224697941115,21,14.6589021325079,0.0756314508282876,5.66483796296296,0.143551991949061,-0.114964491949061,0.030734877202137,0.19931433879862,0.00155655393734136,-0.586187642676579,"OLS Mean loss | Ex-ante",-0.114964491949061,0.143551991949061,-0.586187642676579,-0.585873545460435,0.030734877202137,0.00155655393734136
0.269435,0.02055,21.4149769742246,4,10.6924694866872,0.0338892772378185,4.13663194444444,0.168160144684044,0.101274855315956,0.00796260980128065,0.199327852858759,0.00029873976108742,0.510424883332843,"OLS Mean loss | Ex-ante",0.101274855315956,0.168160144684044,0.510424883332843,0.510116794792588,0.00796260980128065,0.00029873976108742
0.5589375,0,18.7954972946915,3,8.41564830364951,0.0416192487099324,6.17306712962963,0.18161724937632,0.37732025062368,0.0138584408360623,0.198777729426968,0.00730375996344813,1.90736895977301,"OLS Mean loss | Ex-ante",0.377320250623681,0.18161724937632,1.90736895977301,1.91149320212943,0.0138584408360623,0.00730375996344813
0.0188416666666667,0,17.4682298128706,1,6.91568769795652,0.116006110127493,5.08925925925926,0.153701430952575,-0.134859764285909,0.0696151803999846,0.199290103673154,0.00526543103258806,-0.701851634671926,"OLS Mean loss | Ex-ante",-0.134859764285908,0.153701430952575,-0.701851634671926,-0.701560865689457,0.0696151803999846,0.00526543103258806
0.00635833333333333,0.00826,26.3672607380293,25,12.9486741297891,0.0123818500350516,6.15417824074074,0.131149890777235,-0.124791557443901,0.00861350973019134,0.199305844207311,0.000491309294690331,-0.629155408059054,"OLS Mean loss | Ex-ante",-0.124791557443901,0.131149890777235,-0.629155408059054,-0.628845088195234,0.00861350973019134,0.000491309294690331
0.0127166666666667,0.09149,26.0464729867093,32,15.9621528983587,0.0105987230436678,6.67290509259259,0.156507086045572,-0.143790419378906,0.00702452107126958,0.199284880999223,0.000530261367111652,-0.724360760077343,"OLS Mean loss | Ex-ante",-0.143790419378906,0.156507086045572,-0.724360760077343,-0.72407964133816,0.00702452107126958,0.000530261367111652
0.0104708333333333,0.05303,25.92819640361,33,11.468811436554,0.0256483671094049,7.05228009259259,0.121040615055488,-0.110569781722155,0.00729630046538496,0.199319751065712,0.000325856770192577,-0.557084223369585,"OLS Mean loss | Ex-ante",-0.110569781722155,0.121040615055488,-0.557084223369585,-0.556770601865223,0.00729630046538496,0.000325856770192577
0.454370833333333,0.05,20.8510751057018,2,11.8170119340319,0.0446531424729928,7.09167824074074,0.175850630858661,0.278520202474672,0.00772397259522806,0.199049606457685,0.00219068303398731,1.40357194859092,"OLS Mean loss | Ex-ante",0.278520202474672,0.175850630858661,1.40357194859092,1.40468559674266,0.00772397259522806,0.00219068303398731
0.0198833333333333,0.03364,19.2984034751525,7,9.37334106040948,0.0289041322256097,6.70170138888889,0.18771719316077,-0.167833859827437,0.0132315364371817,0.199253213128914,0.00137793691264819,-0.848137331079036,"OLS Mean loss | Ex-ante",-0.167833859827436,0.18771719316077,-0.848137331079036,-0.847942920145796,0.0132315364371817,0.00137793691264819
0.0548708333333333,0.21676,19.2538024173405,9,13.5092487695304,0.0547950503841367,7.05320601851852,0.203475358675485,-0.148604525342152,0.0151248604021904,0.199278319471392,0.00123960554222374,-0.751684637893352,"OLS Mean loss | Ex-ante",-0.148604525342152,0.203475358675485,-0.751684637893352,-0.75141765567317,0.0151248604021904,0.00123960554222374
0.164395833333333,0.315,19.0823358182042,3,8.53872226871606,0.0646224691650916,6.74734953703704,0.167776631830395,-0.00338079849706199,0.0179452790218783,0.199370177232754,0.00000076561040634672,-0.0171255950342,"OLS Mean loss | Ex-ante",-0.00338079849706185,0.167776631830395,-0.0171255950342,-0.0171116247515952,0.0179452790218783,0.00000076561040634672
0.0311208333333333,0.082,22.1987919679854,2,8.8255738482182,0.0248407487443174,18.4929166666667,0.142005049013137,-0.110884215679803,0.0156864434327433,0.199319030811778,0.000716617529141617,-0.561044388564639,"OLS Mean loss | Ex-ante",-0.110884215679803,0.142005049013137,-0.561044388564639,-0.560730563841196,0.0156864434327433,0.000716617529141617
0.4799,0.00471,21.533287524629,3,13.1356965628681,0.0742117926784761,8.16792824074074,0.161291052258481,0.318608947741519,0.0258805636431784,0.198942733045999,0.00996679817637995,1.62048901441904,"OLS Mean loss | Ex-ante",0.31860894774152,0.16129105225848,1.62048901441904,1.62264600156324,0.0258805636431784,0.00996679817637995
0.173233333333333,0.07669,20.3096711721433,8,12.0559608492023,0.0488945656305603,7.76427083333333,0.182594065027346,-0.00936073169401264,0.00803532901148253,0.199369862948568,0.00000257585411732105,-0.0471797811642333,"OLS Mean loss | Ex-ante",-0.00936073169401248,0.182594065027346,-0.0471797811642333,-0.0471413683545619,0.00803532901148253,0.00000257585411732105
0.024825,0.06389,23.8065852112293,24,14.1286231673316,0.0208439856933699,9.17123842592593,0.165866907765797,-0.141041907765797,0.00261700412205405,0.199288476064009,0.000188394078970745,-0.708943167255564,"OLS Mean loss | Ex-ante",-0.141041907765797,0.165866907765797,-0.708943167255564,-0.708655247945325,0.00261700412205405,0.000188394078970745
0.00925833333333333,0.07743,23.4803046750099,11,9.01271371596992,0.0145222799802297,14.7022569444444,0.134823834964868,-0.125565501631535,0.0110438400170524,0.199304882826227,0.000640910096960542,-0.633834746594397,"OLS Mean loss | Ex-ante",-0.125565501631535,0.134823834964868,-0.633834746594397,-0.633525174630918,0.0110438400170524,0.000640910096960542
0.429741666666667,0,17.6937579869208,3,9.51535697314398,0.10409972376517,4.27377314814815,0.174316502577712,0.255425164088955,0.050078418102999,0.199088578166803,0.0130344547562209,1.31557021096266,"OLS Mean loss | Ex-ante",0.255425164088955,0.174316502577711,1.31557021096266,1.31635630714896,0.050078418102999,0.0130344547562209
0.261795833333333,0.06597,26.6112800023922,37,15.0587162067802,0.0116650011541511,7.94741898148148,0.142617076187584,0.11917875714575,0.00606178783024603,0.199311656926322,0.000313740132329683,0.600085849250617,"OLS Mean loss | Ex-ante",0.11917875714575,0.142617076187583,0.600085849250617,0.59977237518335,0.00606178783024603,0.000313740132329683
0.108916666666667,0.06088,22.4394655620627,8,14.7593290564081,0.0257208824982699,11.2027662037037,0.182371298927015,-0.0734546322603482,0.00523109707663501,0.199347997014356,0.000102677945674884,-0.369702439207128,"OLS Mean loss | Ex-ante",-0.073454632260348,0.182371298927015,-0.369702439207128,-0.369441953696322,0.00523109707663501,0.000102677945674884
0.00650833333333333,0.01446,21.0335431832129,10,14.5166614577852,0.0264188272558772,15.5514236111111,0.196134816593137,-0.189626483259804,0.00991542372141261,0.1992213415673,0.00130934798507087,-0.956658799774751,"OLS Mean loss | Ex-ante",-0.189626483259803,0.196134816593137,-0.956658799774751,-0.95659252526019,0.00991542372141261,0.00130934798507087
0.0281875,0.11257,23.6081137775505,18,12.4507426732621,0.0203818890911531,15.4514236111111,0.153466513525492,-0.125279013525492,0.0035394677150569,0.19930567063074,0.000201402481032939,-0.630002831571103,"OLS Mean loss | Ex-ante",-0.125279013525491,0.153466513525491,-0.630002831571103,-0.62969264213334,0.0035394677150569,0.000201402481032939
0.00784583333333333,0.03502,23.5913003257437,14,13.6990995449399,0.0119222104236342,7.92269675925926,0.169644126432377,-0.161798293099044,0.00499178158782111,0.199262380684299,0.000475160712764817,-0.814244491364968,"OLS Mean loss | Ex-ante",-0.161798293099043,0.169644126432377,-0.814244491364968,-0.814020396652787,0.00499178158782111,0.000475160712764817
0.0192083333333333,0.01846,23.5454645908938,23,15.3694366279465,0.0281663055186223,7.91315972222222,0.174476807620835,-0.155268474287502,0.00444238724437728,0.199270966684492,0.000388991941054508,-0.781167765532923,"OLS Mean loss | Ex-ante",-0.155268474287502,0.174476807620835,-0.781167765532923,-0.780919125170516,0.00444238724437728,0.000388991941054508
0.0086375,0.017,22.542138606705,4,12.998720230377,0.0134404148871958,8.02232638888889,0.176573618574205,-0.167936118574205,0.00751232526588586,0.199253745756419,0.000774288442244439,-0.846205371125855,"OLS Mean loss | Ex-ante",-0.167936118574204,0.176573618574204,-0.846205371125855,-0.846009141555592,0.00751232526588586,0.000774288442244439
0.0192416666666667,0.22907,22.0695152188389,4,7.97934159183943,0.0340134406139453,8.02200231481481,0.139834687740526,-0.120593021073859,0.0129797701423943,0.199309838079239,0.00069750874773647,-0.60933114295153,"OLS Mean loss | Ex-ante",-0.120593021073859,0.139834687740526,-0.60933114295153,-0.609018396993565,0.0129797701423943,0.00069750874773647
0.6895375,0.02363,21.6554430466505,16,10.1922502908581,0.0241296726162494,7.76457175925926,0.165659830589744,0.523877669410256,0.00590707632655373,0.198235662065656,0.00590566497567053,2.63761025684313,"OLS Mean loss | Ex-ante",0.523877669410256,0.165659830589744,2.63761025684313,2.65054150966624,0.00590707632655373,0.00590566497567053
0.1695125,0.08055,20.9482626532637,3,13.1383848064599,0.0202155559149707,7.98225694444444,0.194583593471783,-0.0250710934717828,0.00842908902337109,0.199367627257026,0.0000193985849967909,-0.126387933958036,"OLS Mean loss | Ex-ante",-0.0250710934717826,0.194583593471783,-0.126387933958036,-0.126286447645306,0.00842908902337109,0.0000193985849967909
0.00667083333333333,0.0328,29.1427094757062,65,14.5382940853472,0.0198754496466454,8.9903125,0.105282714299333,-0.0986118809659995,0.0203340977694467,0.199329544725838,0.000741682142702143,-0.500131805349893,"OLS Mean loss | Ex-ante",-0.0986118809659994,0.105282714299333,-0.500131805349893,-0.49982568718159,0.0203340977694467,0.000741682142702143
0.00446666666666666,0.00574,25.6750092155566,54,11.2864093036613,0.0192962100840225,8.98255787037037,0.127155813164208,-0.122689146497541,0.0153858431077832,0.199307567471926,0.000859986934308912,-0.620679404372013,"OLS Mean loss | Ex-ante",-0.122689146497541,0.127155813164208,-0.620679404372013,-0.620367901241065,0.0153858431077832,0.000859986934308912
0.682429166666667,0.06032,25.5613318656914,35,14.8366238412919,0.0131736312206222,8.63607638888889,0.153235444641642,0.529193722025025,0.00481579726981589,0.198213724953101,0.00490208717986478,2.6629142026131,"OLS Mean loss | Ex-ante",0.529193722025025,0.153235444641642,2.6629142026131,2.6762656719069,0.00481579726981589,0.00490208717986478
0.1806875,0.13471,24.4137299370854,39,15.8018126849565,0.0188313113304476,8.63471064814815,0.172043218025237,0.00864428197476333,0.0100740569396599,0.199369915602372,0.0000027653318392174,0.0436135862674401,"OLS Mean loss | Ex-ante",0.00864428197476359,0.172043218025236,0.0436135862674401,0.0435780654714576,0.0100740569396599,0.0000027653318392174
0.0406833333333333,0.03606,23.9580593454826,18,14.8411839630874,0.0171475356649288,8.64033564814815,0.170047500139265,-0.129364166805931,0.00384442042439121,0.1993013701451,0.000233396822024246,-0.650645809640648,"OLS Mean loss | Ex-ante",-0.129364166805931,0.170047500139264,-0.650645809640648,-0.650339488979833,0.00384442042439121,0.000233396822024246
0.0121666666666667,0.0582,22.8640195582289,9,12.8250234581459,0.0210403416076607,8.64399305555555,0.167916485002335,-0.155749818335669,0.00407779623171662,0.199270386731648,0.000359021289611127,-0.783446002020512,"OLS Mean loss | Ex-ante",-0.155749818335669,0.167916485002335,-0.783446002020512,-0.783198915911985,0.00407779623171662,0.000359021289611127
0.0202666666666667,0.22725,22.6394842482137,20,9.95969744142789,0.0326995512321695,8.6328587962963,0.147593138952328,-0.127326472285662,0.00459202075446539,0.199303472464277,0.000270476435731445,-0.640637527208354,"OLS Mean loss | Ex-ante",-0.127326472285662,0.147593138952328,-0.640637527208354,-0.640329163919021,0.00459202075446539,0.000270476435731445
0.00691666666666666,0.01613,25.9211263784028,33,10.2496921308177,0.0157560300947569,9.9777662037037,0.116123104834906,-0.109206438168239,0.00820944813594715,0.199320942908664,0.000358311650817767,-0.55046851849905,"OLS Mean loss | Ex-ante",-0.109206438168239,0.116123104834905,-0.55046851849905,-0.550155331752886,0.00820944813594715,0.000358311650817767
0.109908333333333,0,18.8636138416293,3,7.58417743531352,0.0606580661875506,2.81875,0.168070335603533,-0.0581620022701994,0.0200189752269199,0.199356078891667,0.000253849096314308,-0.294933933554652,"OLS Mean loss | Ex-ante",-0.0581620022701993,0.168070335603533,-0.294933933554652,-0.294714180381613,0.0200189752269199,0.000253849096314308
0.0130333333333333,0.0195,22.9059782310955,20,16.1084557556416,0.0300308018775943,9.97237268518519,0.185181484222697,-0.172148150889363,0.00638506252694733,0.199247966704436,0.000689960248354039,-0.866936989976426,"OLS Mean loss | Ex-ante",-0.172148150889363,0.185181484222696,-0.866936989976426,-0.866761091965194,0.00638506252694733,0.000689960248354039
0.757058333333333,0.025,22.1864346302436,16,14.1672390932569,0.0261376824008722,9.68392361111111,0.1831334700773,0.573924863256033,0.00434724349114357,0.198009893845377,0.00519994390376232,2.88732264202707,"OLS Mean loss | Ex-ante",0.573924863256033,0.1831334700773,2.88732264202707,2.90478637110256,0.00434724349114357,0.00519994390376232
0.016442375,0.02495,23.8709643716129,31,10.6011402426306,0.0181049744455246,14.1126041666667,0.140995091154056,-0.124552716154056,0.00609532286182222,0.199306252969543,0.000344591107734413,-0.627155251137364,"OLS Mean loss | Ex-ante",-0.124552716154056,0.140995091154056,-0.627155251137364,-0.626844632201705,0.00609532286182222,0.000344591107734413
0.00856249999999999,0.04135,23.210702695154,22,14.5197746032851,0.0168840057467215,10.7700347222222,0.176823487180935,-0.168260987180935,0.00448569801964396,0.199253650138918,0.000461309401607365,-0.84655252243289,"OLS Mean loss | Ex-ante",-0.168260987180935,0.176823487180935,-0.84655252243289,-0.846356618508449,0.00448569801964396,0.000461309401607365
0.00619166666666666,0.0513,25.487345568421,36,10.8814681654083,0.0162827304987257,15.2448958333333,0.123001929287342,-0.116810262620676,0.00725556867647379,0.199313894351771,0.000361617095271453,-0.588513592480244,"OLS Mean loss | Ex-ante",-0.116810262620675,0.123001929287342,-0.588513592480244,-0.588199560563081,0.00725556867647379,0.000361617095271453
0.0152666666666667,0.03792,25.1690048775709,28,14.0806736398205,0.0262737327312317,15.2915393518519,0.142590066940678,-0.127323400274011,0.0041314462590094,0.199303506561562,0.000243111185550466,-0.640473914263005,"OLS Mean loss | Ex-ante",-0.127323400274011,0.142590066940678,-0.640473914263005,-0.640165520205875,0.0041314462590094,0.000243111185550466
0.00629583333333333,0.01909,24.841460380422,30,9.93772463846508,0.0162984956473054,15.3439930555556,0.124295915259499,-0.118000081926166,0.00783642798923188,0.19931270712541,0.000399030988784855,-0.594682142480591,"OLS Mean loss | Ex-ante",-0.118000081926166,0.124295915259499,-0.594682142480591,-0.594368359408338,0.00783642798923188,0.000399030988784855
0.00545416666666666,0.14266,24.8110274456643,41,10.5885344948837,0.018312339999328,15.3423726851852,0.129269200704706,-0.123815034038039,0.00977755215620556,0.199306773499515,0.000550302877925617,-0.62459891441081,"OLS Mean loss | Ex-ante",-0.123815034038039,0.129269200704706,-0.62459891441081,-0.624287931125125,0.00977755215620556,0.000550302877925617
0.3935625,0.01678,23.8495012845185,18,16.1425951210262,0.0220805405460463,15.1518634259259,0.17406402877105,0.21949847122895,0.00612330146647001,0.199171475767745,0.00107516232651662,1.1052473258845,"OLS Mean loss | Ex-ante",0.21949847122895,0.17406402877105,1.1052473258845,1.10544745496259,0.00612330146647001,0.00107516232651662
0.019625,0.01118,22.4996887398713,14,10.1133000998766,0.0349994822688169,14.2908217592593,0.145368366271767,-0.125743366271767,0.0062075951370412,0.199305016487467,0.00035776068849648,-0.633186247115745,"OLS Mean loss | Ex-ante",-0.125743366271767,0.145368366271767,-0.633186247115745,-0.632876567456171,0.0062075951370412,0.00035776068849648
0.0582583333333333,0.0836,21.8508706701449,13,14.60428546633,0.0301358436310288,15.353599537037,0.184996082486275,-0.126737749152942,0.00688029695599271,0.19930393601761,0.000403372587473297,-0.638409613327843,"OLS Mean loss | Ex-ante",-0.126737749152942,0.184996082486275,-0.638409613327843,-0.638100838280918,0.00688029695599271,0.000403372587473297
0.0526166666666667,0.07634,21.2902457366089,15,16.014771456042,0.0522706666927696,15.2402662037037,0.191220113228603,-0.138603446561936,0.0154793275248066,0.199290247279831,0.00110443683906262,-0.701222491079075,"OLS Mean loss | Ex-ante",-0.138603446561936,0.191220113228603,-0.701222491079075,-0.700931477658501,0.0154793275248066,0.00110443683906262
0.0387833333333333,0.18607,25.6038880346285,26,14.0702004465683,0.0138576606525516,15.7553587962963,0.142522590475978,-0.103739257142644,0.00462983864837474,0.199325914268636,0.00018103948397167,-0.521969410486017,"OLS Mean loss | Ex-ante",-0.103739257142644,0.142522590475977,-0.521969410486017,-0.521659427227475,0.00462983864837474,0.00018103948397167
0.239475,0.03103,22.4045131004027,10,13.6742442014372,0.0578864128850184,8.63434027777778,0.161977022671111,0.0774979773288887,0.0127811118431748,0.199345293179058,0.000283539045722434,0.39154156021917,"OLS Mean loss | Ex-ante",0.0774979773288888,0.161977022671111,0.39154156021917,0.391270994229439,0.0127811118431748,0.000283539045722434
0.766100166666667,0.11066,23.6456140177208,29,14.2206189569567,0.0212664338719916,21.745787037037,0.161914158339166,0.604186008327501,0.0117422535899352,0.197850771188445,0.0157994781630687,3.05091267684148,"OLS Mean loss | Ex-ante",0.604186008327501,0.161914158339166,3.05091267684148,3.07183442224979,0.0117422535899352,0.0157994781630687
0.0153666666666667,0.03493,23.4888209852023,27,15.0895534977294,0.0219498200370611,15.1107060185185,0.172741664304134,-0.157374997637467,0.00604011252041646,0.199268090500148,0.000545091237294782,-0.792401948574114,"OLS Mean loss | Ex-ante",-0.157374997637467,0.172741664304133,-0.792401948574114,-0.792161166133412,0.00604011252041646,0.000545091237294782
0.760233333333333,0.03595,23.1324622359,20,14.540772334703,0.0215278308934002,15.3593634259259,0.172998938383169,0.587234394950165,0.00474251534805557,0.197945271760263,0.0059436225897908,2.95486732726983,"OLS Mean loss | Ex-ante",0.587234394950165,0.172998938383169,2.95486732726983,2.97371008837375,0.00474251534805557,0.0059436225897908
0.00382054166666667,0.05886,24.0210334035483,42,10.6232078502909,0.0382837909050605,9.98241898148148,0.133100048425815,-0.129279506759149,0.0107104714933437,0.199300982916419,0.000658432945132133,-0.652472493568464,"OLS Mean loss | Ex-ante",-0.129279506759149,0.133100048425815,-0.652472493568464,-0.652166580028606,0.0107104714933437,0.000658432945132133
0.00281920833333333,0.01334,25.5681643754378,53,10.5798681851565,0.0231079902999829,11.0322222222222,0.120806052753765,-0.117986844420431,0.0152312421037042,0.199312288153642,0.000787089980688825,-0.596843793905348,"OLS Mean loss | Ex-ante",-0.117986844420431,0.120806052753765,-0.596843793905348,-0.59653012419679,0.0152312421037042,0.000787089980688825
0.0037125,0.02161,23.3829549333208,46,10.5163517078347,0.0186732462144939,11.0321990740741,0.149653706906709,-0.145941206906709,0.0181628054157091,0.199281310645016,0.00144460878393744,-0.739353989558998,"OLS Mean loss | Ex-ante",-0.145941206906709,0.149653706906709,-0.739353989558998,-0.739080293302326,0.0181628054157091,0.00144460878393744
0.0505333333333333,0.01214,22.003769143212,12,16.1867882117397,0.0457556600863394,11.0308101851852,0.188318181603511,-0.137784848270178,0.0103047255920073,0.199291602697434,0.000718996501864421,-0.695256313599059,"OLS Mean loss | Ex-ante",-0.137784848270178,0.188318181603511,-0.695256313599059,-0.694963049594589,0.0103047255920073,0.000718996501864421
0.0106916666666667,0.00324,21.8310912252977,15,13.9030967683932,0.0343818448475731,11.0296296296296,0.18113907438287,-0.170447407716204,0.00445681365817829,0.199250603414524,0.000470300546641803,-0.857540372943461,"OLS Mean loss | Ex-ante",-0.170447407716204,0.18113907438287,-0.857540372943461,-0.857355035822974,0.00445681365817829,0.000470300546641803
0.00837916666666666,0.10821,21.5445274301193,10,12.7485542698621,0.0333409275133474,10.5833449074074,0.1774726722108,-0.169093505544134,0.00389146543529298,0.199252563624607,0.000403686406350011,-0.850487283777426,"OLS Mean loss | Ex-ante",-0.169093505544133,0.1774726722108,-0.850487283777426,-0.85029510588657,0.00389146543529298,0.000403686406350011
0.00734583333333333,0.02444,26.1085024137369,54,15.9229908007445,0.0182393767724766,11.1491666666667,0.15157744436344,-0.144231611030106,0.015167053472122,0.19928364625207,0.0011710822637061,-0.729580801637358,"OLS Mean loss | Ex-ante",-0.144231611030106,0.151577444363439,-0.729580801637358,-0.729302175716798,0.015167053472122,0.0011710822637061
0.00693749999999999,0.02586,25.1803350069338,51,13.6519261235466,0.0270630411561424,11.1496527777778,0.143911947338443,-0.136974447338443,0.0125571753976689,0.199292347737291,0.00086983638926422,-0.691954925418623,"OLS Mean loss | Ex-ante",-0.136974447338443,0.143911947338443,-0.691954925418623,-0.691660468231205,0.0125571753976689,0.00086983638926422
0.0228625,0.05939,23.8075572221045,28,10.9297025592353,0.0228087607865926,11.1496527777778,0.143099164657082,-0.120236664657082,0.00361694197718782,0.199310758674963,0.000189606459493338,-0.604669385329251,"OLS Mean loss | Ex-ante",-0.120236664657082,0.143099164657082,-0.604669385329251,-0.604356240598325,0.00361694197718782,0.000189606459493338
0.0123208333333333,0.02914,22.5262046747483,13,15.8922369622679,0.0301442648688309,11.1457175925926,0.187174912941659,-0.174854079608326,0.00636017365863302,0.199244094974526,0.000709010957374873,-0.880553001415813,"OLS Mean loss | Ex-ante",-0.174854079608326,0.187174912941659,-0.880553001415813,-0.880391448287518,0.00636017365863302,0.000709010957374873
0.00868333333333333,0.00173,21.3073836736548,9,14.5500385450689,0.0223350090648662,10.8626851851852,0.197286199948662,-0.188602866615329,0.00797307613155694,0.199223233660495,0.00103744715992215,-0.950562740572814,"OLS Mean loss | Ex-ante",-0.188602866615329,0.197286199948662,-0.950562740572814,-0.950487861171734,0.00797307613155694,0.00103744715992215
0.0176291666666667,0.01407,24.0875391727614,22,17.0266142711927,0.0229443193347273,12.140162037037,0.178540427528189,-0.160911260861522,0.00677824788529073,0.199263368330057,0.000640454517211802,-0.810508463293139,"OLS Mean loss | Ex-ante",-0.160911260861522,0.178540427528189,-0.810508463293139,-0.81028138063615,0.00677824788529073,0.000640454517211802
0.0450166666666667,0.09607,23.910431337004,31,14.9474924937643,0.0207391688463556,11.8266666666667,0.169282950544339,-0.124266283877672,0.00514873214142922,0.19930660750779,0.000289188501001519,-0.625415239715886,"OLS Mean loss | Ex-ante",-0.124266283877672,0.169282950544339,-0.625415239715886,-0.625104370603018,0.00514873214142922,0.000289188501001519
0.00686666666666666,0.00484,23.8104195610276,21,15.5433634285719,0.0298617525744423,12.1378472222222,0.168879929570036,-0.16201326290337,0.00408730931313936,0.199262192075849,0.000389391550868445,-0.814956002324209,"OLS Mean loss | Ex-ante",-0.162013262903369,0.168879929570036,-0.814956002324209,-0.814732482962736,0.00408730931313936,0.000389391550868445
0.0067875,0.00879,23.3544222667058,22,13.6947081551265,0.0341403493503347,12.138287037037,0.160557294442989,-0.153769794442989,0.00277025241083548,0.19927303729635,0.000237116280343662,-0.772978916821909,"OLS Mean loss | Ex-ante",-0.153769794442989,0.160557294442989,-0.772978916821909,-0.77272485357961,0.00277025241083548,0.000237116280343662
0.00277554166666667,0.03589,23.3472661534283,22,10.5616744314873,0.0304645698382667,12.1390277777778,0.141713807478761,-0.138938265812094,0.00386491775557433,0.199290797532461,0.000270668644506232,-0.698806576400158,"OLS Mean loss | Ex-ante",-0.138938265812094,0.141713807478761,-0.698806576400158,-0.698514636963271,0.00386491775557433,0.000270668644506232
0.274704166666667,0.31353,20.2030191219036,9,9.55081359284981,0.0338173662698115,17.1457986111111,0.169655076234205,0.105049090432462,0.0117587900963055,0.199324460316637,0.000478312494008357,0.530462934811523,"OLS Mean loss | Ex-ante",0.105049090432462,0.169655076234205,0.530462934811523,0.530151774592765,0.0117587900963055,0.000478312494008357
0.0115287916666667,0.01721,21.9612109759661,5,13.0110740511902,0.0159024389943145,16.8660069444444,0.178099809876572,-0.166571018209905,0.008617087719236,0.199255504513204,0.000875723394000204,-0.839794359439429,"OLS Mean loss | Ex-ante",-0.166571018209905,0.178099809876572,-0.839794359439429,-0.839592205697134,0.008617087719236,0.000875723394000204
0.4583875,0.07119,21.9320475695196,21,10.2867806253421,0.0269630395116455,16.8655439814815,0.156921691604783,0.301465808395217,0.00831545353544062,0.198994326531308,0.00276633893739872,1.51965679759781,"OLS Mean loss | Ex-ante",0.301465808395217,0.156921691604783,1.51965679759781,1.52128504223465,0.00831545353544062,0.00276633893739872
0.0176541666666667,0.05476,21.9506324476297,10,13.5128527506299,0.0347047311059559,12.7835185185185,0.17543152000512,-0.157777353338454,0.00440228097130923,0.199267736372637,0.000398006092048234,-0.793774142563607,"OLS Mean loss | Ex-ante",-0.157777353338453,0.17543152000512,-0.793774142563607,-0.793534353385025,0.00440228097130923,0.000398006092048234
0.00829166666666667,0.02557,24.4852391420241,25,15.764751151579,0.0157747450450232,11.8186111111111,0.169032552819296,-0.160740886152629,0.00438464420200224,0.199263850976087,0.000411428446879377,-0.808676443519171,"OLS Mean loss | Ex-ante",-0.160740886152629,0.169032552819296,-0.808676443519171,-0.808447915961632,0.00438464420200224,0.000411428446879377
0.0257791666666667,0.08641,20.349405712833,4,12.6702521698202,0.0313459613966369,11.817662037037,0.191826953948585,-0.166047787281919,0.00737865914389978,0.199256366575671,0.000743304620571809,-0.8366340116759,"OLS Mean loss | Ex-ante",-0.166047787281918,0.191826953948585,-0.8366340116759,-0.836428999945745,0.00737865914389978,0.000743304620571809
0.326808333333333,0,19.7764784133799,3,9.68804958834625,0.0279409668549589,12.1309027777778,0.180702897674756,0.146105435658578,0.0101269792468105,0.199281833971509,0.000794226011872393,0.737175439080336,"OLS Mean loss | Ex-ante",0.146105435658578,0.180702897674756,0.737175439080336,0.736900614134018,0.0101269792468105,0.000794226011872393
0.0437625,0.06323,22.9117842136173,25,9.94097789301924,0.0232524221355876,9.43275462962963,0.148427769064401,-0.104665269064401,0.00532045250242779,0.199325088263507,0.000212069297319096,-0.526811476623421,"OLS Mean loss | Ex-ante",-0.104665269064401,0.148427769064401,-0.526811476623421,-0.526500799610602,0.00532045250242779,0.000212069297319096
0.03545,0.03397,27.1792258852832,47,15.0930746414387,0.0397693118686778,16.0871296296296,0.118749611584283,-0.0832996115842831,0.0158569304515678,0.199341330274377,0.000408958285885017,-0.421510196135917,"OLS Mean loss | Ex-ante",-0.083299611584283,0.118749611584283,-0.421510196135917,-0.421227294824416,0.0158569304515678,0.000408958285885017
0.382925,1.23239,24.8727110247137,30,11.7630604325286,0.0133239748788077,14.7499421296296,0.138664802913959,0.244260197086041,0.0046354128894433,0.19912444337367,0.0010048931232324,1.22901119202098,"OLS Mean loss | Ex-ante",0.244260197086041,0.138664802913959,1.22901119202098,1.22952407131224,0.0046354128894433,0.0010048931232324
0.00773333333333333,0.19639,23.7677482206848,15,8.60221584680249,0.0161724502458788,15.0303125,0.127988155428236,-0.120254822094903,0.0114487300819979,0.199310269376414,0.000609893963327742,-0.607151578339902,"OLS Mean loss | Ex-ante",-0.120254822094902,0.127988155428236,-0.607151578339902,-0.60683863789716,0.0114487300819979,0.000609893963327742
0.0291,0.04607,23.38821714119,29,14.4776440994261,0.028302331991353,15.7010069444444,0.16685399382786,-0.13775399382786,0.00617000863557665,0.199291964929059,0.000426737086122757,-0.693653172723974,"OLS Mean loss | Ex-ante",-0.13775399382786,0.16685399382786,-0.693653172723974,-0.69335932468845,0.00617000863557665,0.000426737086122757
0.00298720833333334,0.04103,25.6939978255095,39,10.9652586281272,0.017577071404561,16.0931944444444,0.120137222583657,-0.117150014250323,0.00848029693857141,0.199313496149902,0.000426170582484164,-0.59058974110885,"OLS Mean loss | Ex-ante",-0.117150014250323,0.120137222583656,-0.59058974110885,-0.59027578064521,0.00848029693857141,0.000426170582484164
0.003576375,0.01361,22.9008287909383,21,11.957715523778,0.0170888135723898,14.7485532407407,0.161419634234007,-0.157843259234007,0.00460638195298487,0.199267629672997,0.000416977610838427,-0.794187123297778,"OLS Mean loss | Ex-ante",-0.157843259234006,0.161419634234006,-0.794187123297778,-0.79394763448907,0.00460638195298487,0.000416977610838427
0.0523666666666667,0,19.3053740082334,2,13.9582314722981,0.0526038150256923,14.7488078703704,0.201660057391438,-0.149293390724771,0.0159484747369781,0.199277387576501,0.00132146314500813,-0.755485076151323,"OLS Mean loss | Ex-ante",-0.149293390724771,0.201660057391438,-0.755485076151323,-0.755220275770473,0.0159484747369781,0.00132146314500813
0.14855,0.09212,20.2391929933058,11,9.79029857400511,0.0432877522028984,15.0286458333333,0.167482910359482,-0.0189329103594822,0.0102501542738928,0.199368740805805,0.0000135022047222597,-0.0955320032322643,"OLS Mean loss | Ex-ante",-0.0189329103594821,0.167482910359482,-0.0955320032322643,-0.0954547602976829,0.0102501542738928,0.0000135022047222597
0.0129333333333333,0,23.0709219349846,1,16.1420666981168,0.0301018456677362,15.0277893518519,0.178474820628668,-0.165541487295334,0.0129408074697871,0.199256422175838,0.00131032522359159,-0.836429769354671,"OLS Mean loss | Ex-ante",-0.165541487295334,0.178474820628667,-0.836429769354671,-0.836224574334048,0.0129408074697871,0.00131032522359159
0.0430666666666667,0.31941,22.3726770906805,11,13.45512585073,0.0182362242853901,16.0834490740741,0.175972468727216,-0.132905802060549,0.00608924378339218,0.19929738355442,0.000391964627467031,-0.669213159990972,"OLS Mean loss | Ex-ante",-0.132905802060549,0.175972468727216,-0.669213159990972,-0.668911478038325,0.00608924378339218,0.000391964627467031
0.001055375,0.21868,26.3116690700949,46,12.3822112492508,0.0335141271048195,22.4219212962963,0.111409161306873,-0.110353786306873,0.0193298460542433,0.19931933108438,0.00088114497976756,-0.559396812005728,"OLS Mean loss | Ex-ante",-0.110353786306872,0.111409161306872,-0.559396812005728,-0.559083066613196,0.0193298460542433,0.00088114497976756
0.002304875,0.01938,23.9465468539667,22,15.6200690499738,0.013146888334414,22.1125578703704,0.170175541067851,-0.167870666067851,0.0126885553277014,0.199253226185315,0.00132051663665091,-0.848090025252465,"OLS Mean loss | Ex-ante",-0.167870666067851,0.170175541067851,-0.848090025252465,-0.847895569602937,0.0126885553277014,0.00132051663665091
0.0126666666666667,0.07049,25.8435806027172,27,15.2998012287763,0.0182307280763853,23.1796527777778,0.141408581798242,-0.128741915131575,0.0133710584243736,0.199301372482372,0.00081957448614518,-0.650634768386945,"OLS Mean loss | Ex-ante",-0.128741915131575,0.141408581798242,-0.650634768386945,-0.650328445297682,0.0133710584243736,0.00081957448614518
0.01145,0.03558,25.320573952541,40,16.5169052859791,0.0219782645670594,23.4189814814815,0.155533134671719,-0.144083134671719,0.017930741665881,0.199283581255751,0.00138941099721319,-0.729854546114549,"OLS Mean loss | Ex-ante",-0.144083134671719,0.155533134671719,-0.729854546114549,-0.72957605360242,0.017930741665881,0.00138941099721319
0.0083125,0.09218,24.919155504507,31,14.4840042130606,0.0167170446682263,23.419212962963,0.148831617911201,-0.140519117911201,0.0127694767513965,0.199288246451297,0.000931316285625756,-0.709937889308597,"OLS Mean loss | Ex-ante",-0.140519117911201,0.148831617911201,-0.709937889308597,-0.709650383649764,0.0127694767513965,0.000931316285625756
0.0491291666666667,0.08222,23.1178867775105,19,13.3833224844273,0.0191596588982682,23.14375,0.162279806939001,-0.113150640272334,0.0125121346734452,0.199317087755794,0.000591387746091776,-0.571590970252722,"OLS Mean loss | Ex-ante",-0.113150640272334,0.162279806939001,-0.571590970252722,-0.571276815289397,0.0125121346734452,0.000591387746091776
0.145875,0.1595,22.4832984392895,21,15.2933585258718,0.0380370628900578,23.1447222222222,0.174299419461057,-0.0284244194610567,0.017370362667783,0.199366855505299,0.0000523242232324422,-0.143943116513647,"OLS Mean loss | Ex-ante",-0.0284244194610565,0.174299419461057,-0.143943116513647,-0.143828090591838,0.017370362667783,0.0000523242232324422
0.0039625,0.02199,25.0487367200253,22,9.94020965396889,0.0117861749047229,23.1453935185185,0.11865828905512,-0.11469578905512,0.0179201549247155,0.199315325699337,0.00087990042027523,-0.580989524217234,"OLS Mean loss | Ex-ante",-0.11469578905512,0.11865828905512,-0.580989524217234,-0.580675337109887,0.0179201549247155,0.00087990042027523
0.0274495,0.00806,24.4583488131107,18,10.3996318688817,0.0152521944291301,24.0997916666667,0.12662503217285,-0.09917553217285,0.0178853796359715,0.199329180906316,0.000656558312567459,-0.502363038751299,"OLS Mean loss | Ex-ante",-0.0991755321728499,0.12662503217285,-0.502363038751299,-0.502056471262466,0.0178853796359715,0.000656558312567459
0.0113166666666667,0.02477,22.8344237911925,12,14.4524394827809,0.0229407736768054,24.1002546296296,0.169862199461339,-0.158545532794672,0.0154084315667114,0.199265578552922,0.00143828398072453,-0.802084605494539,"OLS Mean loss | Ex-ante",-0.158545532794672,0.169862199461338,-0.802084605494539,-0.801850988870435,0.0154084315667114,0.00143828398072453
0.00198116666666667,0.01249,24.3216417081028,29,16.8917794561371,0.0231989842503819,24.1007638888889,0.168637349925135,-0.166656183258469,0.0180203100216922,0.199254287158646,0.0018684889116641,-0.844237047013966,"OLS Mean loss | Ex-ante",-0.166656183258468,0.168637349925135,-0.844237047013966,-0.844038980505235,0.0180203100216922,0.0018684889116641
0.0077694375,0.07557,28.3029466216146,51,12.2984260435877,0.0256919820506958,2.41743055555556,0.10065812176486,-0.0928886842648603,0.0202107332855005,0.199334134622627,0.000653932245443026,-0.471075697523044,"OLS Mean loss | Ex-ante",-0.0928886842648602,0.10065812176486,-0.471075697523044,-0.47077652345322,0.0202107332855005,0.000653932245443026
0.00786875,0.06975,26.684590330976,37,10.1569881311148,0.010510620430634,2.4049537037037,0.112916547828841,-0.105047797828841,0.0161229992601442,0.199324258425308,0.000661650334872184,-0.531631585582998,"OLS Mean loss | Ex-ante",-0.105047797828841,0.112916547828841,-0.531631585582998,-0.53132027801681,0.0161229992601442,0.000661650334872184
0.0085555,0.17505,23.8147151209579,33,10.9893377616087,0.0280099247623891,2.40634259259259,0.146388951718973,-0.137833451718973,0.00902703989698549,0.199291648670001,0.000628668112080217,-0.695053056263581,"OLS Mean loss | Ex-ante",-0.137833451718973,0.146388951718973,-0.695053056263581,-0.694759717727383,0.00902703989698549,0.000628668112080217
0.2337875,0.14984,21.8058265986417,22,13.9452724692703,0.0358102789149151,2.40703703703704,0.186684490183637,0.0471030098163635,0.0103289254013233,0.199361037905032,0.0000842288980171343,0.237682631758008,"OLS Mean loss | Ex-ante",0.0471030098163636,0.186684490183636,0.237682631758008,0.237499628282059,0.0103289254013233,0.0000842288980171343
0.728916666666667,0.03655,24.1326527885703,22,15.3543609182198,0.0232030005443315,7.37637731481481,0.169450815306699,0.559465851359968,0.0041501277715203,0.198078050160183,0.00471532145398608,2.81430313586469,"OLS Mean loss | Ex-ante",0.559465851359969,0.169450815306698,2.81430313586469,2.83035098704987,0.0041501277715203,0.00471532145398608
0.607983333333333,0.05458,22.1437468718587,16,14.1197110851004,0.0221796454793733,9.37216435185185,0.18544039455123,0.422542938782104,0.0051390897702089,0.198633439822612,0.00333728719186401,2.12659061209799,"OLS Mean loss | Ex-ante",0.422542938782104,0.18544039455123,2.12659061209799,2.13273699034978,0.0051390897702089,0.00333728719186401
0.0396541666666667,0.01096,22.8718113596736,19,16.2246557604875,0.0156881438710469,10.0901041666667,0.193021850231635,-0.153367683564969,0.00885836834195928,0.199272951045957,0.000763555181711197,-0.773321752064533,"OLS Mean loss | Ex-ante",-0.153367683564968,0.193021850231635,-0.773321752064533,-0.773067910742188,0.00885836834195928,0.000763555181711197
0.647020833333333,0.10885,23.3113327616368,7,14.5069590051548,0.02442577131953,19.1037962962963,0.165749445476655,0.481271387856679,0.0102594681232574,0.198408910835191,0.00873278233863839,2.42841883455086,"OLS Mean loss | Ex-ante",0.481271387856679,0.165749445476654,2.42841883455086,2.43819362910935,0.0102594681232574,0.00873278233863839
0.872162708333333,0.0835,21.7100375227363,3,7.71871327259045,0.016325728104889,20.0911226851852,0.144190990463216,0.727971717870117,0.0199522094206817,0.19714192400648,0.039629255681756,3.6913489979315,"OLS Mean loss | Ex-ante",0.727971717870117,0.144190990463216,3.6913489979315,3.7300262601398,0.0199522094206817,0.039629255681756
