"obs_number","model","fitted","deviance_residual","pearson_residual","std_deviance_resid","std_pearson_resid","leverage","cooks_d"
1,"Probit Loss at 6h | Full",0.11334202028247,0.224661476526412,0.243494297726732,0.227158617300691,0.246200767694609,0.021865032865185,0.000356799615125839
2,"Probit Loss at 6h | Full",0.154277034175789,-0.54742772702228,-0.417140503008823,-0.551030955057038,-0.419886166556138,0.0130353735230637,0.000613167669895638
3,"Probit Loss at 6h | Full",0.180171467718155,1.08167030947738,1.28074379819203,1.08730499764983,1.2874155094042,0.0103376476672438,0.00455896619573376
4,"Probit Loss at 6h | Full",0.163931962707875,-0.516365688377199,-0.410119648465584,-0.520431159686592,-0.413348619138472,0.0155624506251706,0.000711241386736958
5,"Probit Loss at 6h | Full",0.199284035489283,-0.571830430718229,-0.45976594623392,-0.577176121532486,-0.464064015142921,0.018437822534486,0.00106522616053026
6,"Probit Loss at 6h | Full",0.157848502093787,-0.170607112678886,-0.160789029491429,-0.171774631896861,-0.161889360415639,0.0135474196982219,0.0000947788006385415
7,"Probit Loss at 6h | Full",0.114933056842525,-0.214989813190984,-0.194496882086203,-0.216148096027677,-0.195544756852765,0.0106887766852272,0.000108788162406676
8,"Probit Loss at 6h | Full",0.0782797534696928,-0.309969265123264,-0.250379459048098,-0.313724867668429,-0.253413068632856,0.0237987087283278,0.000412255305599743
9,"Probit Loss at 6h | Full",0.0427723383534447,-0.10983658766446,-0.100187774406423,-0.110302307269714,-0.100612581947698,0.00842659475686029,0.0000226530168874702
10,"Probit Loss at 6h | Full",0.105857089665961,-0.215764591477,-0.193828031390328,-0.216781769095168,-0.194741793625152,0.00936233001140661,0.0000943803666529696
11,"Probit Loss at 6h | Full",0.128890402687432,-0.217352967345216,-0.198133820243975,-0.218007520061591,-0.198730495006829,0.00599584905361626,0.0000627315102660254
12,"Probit Loss at 6h | Full",0.208529680438364,-0.607551580615997,-0.483510438635684,-0.620855058713145,-0.494097803948124,0.0423961974210147,0.00284617181092691
13,"Probit Loss at 6h | Full",0.114253660936195,-0.282533574069774,-0.245674217273191,-0.285890571386056,-0.248593260402069,0.0233466109536007,0.000389006006717097
14,"Probit Loss at 6h | Full",0.131659829720677,-0.260741723644789,-0.23293415727466,-0.26222765714298,-0.234261619033864,0.0113010460851333,0.000165177570518984
15,"Probit Loss at 6h | Full",0.0938732709786438,-0.113899421811592,-0.107570789087818,-0.114714062231169,-0.108340165361752,0.0141525428464599,0.0000443708724201518
16,"Probit Loss at 6h | Full",0.184320857592972,0.0237791548642948,0.0239310040409253,0.0242888105874596,0.0244439143289546,0.0415260047788974,0.00000681672137303526
17,"Probit Loss at 6h | Full",0.139450049932089,-0.355903032904956,-0.303753829277536,-0.359028952459992,-0.306421718975203,0.0173373845005031,0.000436226914994385
18,"Probit Loss at 6h | Full",0.143034062173399,-0.438034893463238,-0.356487743936396,-0.439980264898451,-0.358070953594819,0.00882344442720671,0.000300551943880813
19,"Probit Loss at 6h | Full",0.165448455489855,-0.336470535444845,-0.2966306891464,-0.338507169034862,-0.298426174818115,0.01199683231019,0.000284758238477743
20,"Probit Loss at 6h | Full",0.161668164495945,-0.517352471256546,-0.409193943423738,-0.520619559598996,-0.411778009097791,0.012511390182281,0.000565710180297667
21,"Probit Loss at 6h | Full",0.172203299567643,-0.369112890705824,-0.32201305940335,-0.372719248712313,-0.325159236099462,0.0192579847387406,0.000546691684722225
22,"Probit Loss at 6h | Full",0.171004432513707,1.45936862642769,1.7694498079946,1.47111257005613,1.78368906079346,0.0159023418167233,0.0135380279210563
23,"Probit Loss at 6h | Full",0.183671901767782,-0.42731488116616,-0.365808123513306,-0.434813414464362,-0.372227334535003,0.0341934054021556,0.00129170379510405
24,"Probit Loss at 6h | Full",0.0959798120691857,0.0756933086405558,0.0782350279416988,0.0766871375220936,0.0792622287829991,0.0257511008570054,0.0000437272996116785
25,"Probit Loss at 6h | Full",0.150016611662684,-0.533954286568959,-0.408279563514993,-0.537209319380262,-0.410768472039289,0.0120815902676378,0.000543364738374301
26,"Probit Loss at 6h | Full",0.175167815659165,0.140043201186596,0.145305570116419,0.141128442709504,0.146431591493137,0.0153203548156162,0.000087849167445527
27,"Probit Loss at 6h | Full",0.159916976376778,-0.389143394604389,-0.332557486935367,-0.390856736396595,-0.334021689202648,0.00874789338126671,0.000259276356909415
28,"Probit Loss at 6h | Full",0.126969405441699,-0.462374448544601,-0.359659020583921,-0.464448358903988,-0.361272216492526,0.00891070011737478,0.000309002782195145
29,"Probit Loss at 6h | Full",0.16505902217935,-0.512813609189357,-0.408998367768365,-0.51471276701485,-0.410513055438196,0.00736587178261337,0.000329293471638259
30,"Probit Loss at 6h | Full",0.26090420066981,-0.533692739233179,-0.463518739616808,-0.539276708327257,-0.468368485783985,0.0206018886303865,0.00121511484446587
31,"Probit Loss at 6h | Full",0.154694655850816,-0.561980457229114,-0.422795240486499,-0.565591218927496,-0.425511727938988,0.0127273406632525,0.000614635795779841
32,"Probit Loss at 6h | Full",0.378085630607032,0.846174382296596,0.85379780303994,0.861202769584811,0.868961585255949,0.0345964078478241,0.00712553495891432
33,"Probit Loss at 6h | Full",0.248197349343958,1.28117209408701,1.40619018298057,1.29126894261973,1.41727229236406,0.0155775035585284,0.00836983978225161
34,"Probit Loss at 6h | Full",0.0745174850763364,-0.222865661915208,-0.192860166674561,-0.225146376471134,-0.194833817463171,0.0201572227333988,0.000205635078262274
35,"Probit Loss at 6h | Full",0.161227146461968,-0.273512828971277,-0.24746305448449,-0.275430558199135,-0.249198136287362,0.0138768406266742,0.00023011410713372
36,"Probit Loss at 6h | Full",0.148527771842786,1.23699789997288,1.54292099820734,1.24446947622632,1.55224037691558,0.0119716029676801,0.00768767566257526
37,"Probit Loss at 6h | Full",0.169138782293257,-0.218555058754147,-0.203038062280222,-0.219502253760893,-0.203918008230078,0.00861176890004213,0.0000951160903396018
38,"Probit Loss at 6h | Full",0.0835592996596654,-0.108599674279144,-0.102391263617717,-0.110109216906019,-0.103814508927397,0.0272310553013036,0.0000794447320263572
39,"Probit Loss at 6h | Full",0.170488481684827,-0.038910165112311,-0.038460428451476,-0.0392477525575138,-0.038794113948437,0.0171289081855062,0.00000690651589605031
40,"Probit Loss at 6h | Full",0.127298282968023,-0.420768164998565,-0.338721800191258,-0.424909278637926,-0.342055430402388,0.0193967722245408,0.000609429325552613
41,"Probit Loss at 6h | Full",0.17720045185432,-0.598530492912135,-0.456149823462857,-0.601886525485013,-0.458707510470925,0.011120621758604,0.000623091279196651
42,"Probit Loss at 6h | Full",0.124210195434294,-0.378661584970019,-0.312851920968986,-0.381465333621018,-0.315168390836001,0.0146458653392675,0.000388778485802486
43,"Probit Loss at 6h | Full",0.147396672023316,-0.511717380303301,-0.396818933958886,-0.514187333091536,-0.398734295973315,0.00958413516245972,0.000405132185616506
44,"Probit Loss at 6h | Full",0.0846487297282523,0.807138330155089,1.05467058053129,0.817234573293956,1.06786312784893,0.0245556861812771,0.00755918539781994
45,"Probit Loss at 6h | Full",0.149268772278811,-0.0351199945076641,-0.0347093056687518,-0.0354275031809084,-0.0350132183738947,0.0172845426308948,0.00000567790852673436
46,"Probit Loss at 6h | Full",0.0783203659537487,-0.288789861607158,-0.23790956509997,-0.29012047639069,-0.239005746187159,0.00915180768995303,0.000138934681825806
47,"Probit Loss at 6h | Full",0.124576177492412,-0.393786126842864,-0.322044303791324,-0.397398169022965,-0.324998287006734,0.018095840014711,0.000512585142363385
48,"Probit Loss at 6h | Full",0.132169874807476,0.921813941582104,1.1404140117672,0.927170911863284,1.14704134044352,0.0115221359312014,0.00403848439672073
49,"Probit Loss at 6h | Full",0.215473784626508,0.693295871603565,0.77204362469759,0.700234833569432,0.779770746071291,0.0197207590595678,0.00322108302709131
50,"Probit Loss at 6h | Full",0.170460518949555,0.521478370832026,0.585486414796528,0.524224939001518,0.588570106164177,0.0104511362496934,0.000963422727972358
51,"Probit Loss at 6h | Full",0.181914902479298,0.928469206151996,1.08537560133417,0.935955452492126,1.09412698379179,0.0159330381013156,0.00510391723055516
52,"Probit Loss at 6h | Full",0.286346924288545,0.501042903106135,0.529313627331019,0.507681195214008,0.536326476835759,0.0259804459121987,0.00202037330472648
53,"Probit Loss at 6h | Full",0.115194713270297,-0.46016753754769,-0.349545320286402,-0.46223417247125,-0.351115145420353,0.00892194958931223,0.000292243765862788
54,"Probit Loss at 6h | Full",0.191492499617175,-0.610241340631102,-0.472563495507045,-0.614880861328866,-0.476156284084996,0.0150338625702048,0.000911260485116684
55,"Probit Loss at 6h | Full",0.385498878381698,-0.0275908397665646,-0.0275293239142324,-0.028145086039883,-0.0280823344538003,0.0389971473797695,0.00000842691861399246
56,"Probit Loss at 6h | Full",0.074333861335356,0.192147717137705,0.2106874113374,0.193468254060596,0.212135362476264,0.0136046112665291,0.000163438913413712
57,"Probit Loss at 6h | Full",0.277438749753074,-0.580726970760359,-0.501499387689559,-0.591146670487195,-0.510497545681214,0.0349418177244216,0.00248469757086682
58,"Probit Loss at 6h | Full",0.151449277738921,0.125103855304894,0.12992331447849,0.127267407455496,0.132170214590147,0.0337110961448486,0.00016048235686777
59,"Probit Loss at 6h | Full",0.121864204628198,-0.498427097134888,-0.369588877378397,-0.505450261115452,-0.374796626527955,0.0275966659969996,0.00104977384084852
60,"Probit Loss at 6h | Full",0.119419700327684,-0.420811677300277,-0.334260899799907,-0.423368890456734,-0.336292156099973,0.0120438238789544,0.000363039944960441
61,"Probit Loss at 6h | Full",0.0560303675865567,-0.198365408717905,-0.17014656281174,-0.200519265935127,-0.171994019002142,0.0213674181237613,0.000170080016470638
62,"Probit Loss at 6h | Full",0.109311735704009,-0.441159672984938,-0.336784147998788,-0.445212756163832,-0.339878297914931,0.0181245218032504,0.000561501905339995
63,"Probit Loss at 6h | Full",0.0826628409348834,-0.336241143700014,-0.267412306544361,-0.338842792740161,-0.269481395897879,0.015297130769577,0.000297068480229038
64,"Probit Loss at 6h | Full",0.110269709195337,-0.384985008047321,-0.309823645826953,-0.387594917980583,-0.311924018033405,0.0134218626981962,0.000348556478761295
65,"Probit Loss at 6h | Full",0.154059844997975,-0.227974425763802,-0.209580512821925,-0.229725376934638,-0.211190190061293,0.0151857698861881,0.00018110239896582
66,"Probit Loss at 6h | Full",0.151083935872806,-0.122968495092546,-0.11778922847849,-0.123853383031453,-0.118636846134828,0.0142382357925372,0.0000535325115734395
67,"Probit Loss at 6h | Full",0.150787041605991,-0.555538790960872,-0.416908534247542,-0.559558872495647,-0.419925436626798,0.0143171374534398,0.00067446213884568
68,"Probit Loss at 6h | Full",0.0525210412662122,-0.290284904923024,-0.221880437837019,-0.292086712860011,-0.223257657000595,0.012299433097306,0.000163443155616956
69,"Probit Loss at 6h | Full",0.160695907585943,-0.429087838931954,-0.358872224217021,-0.431972828303659,-0.361285116074416,0.0133126682331285,0.000463745724944005
70,"Probit Loss at 6h | Full",0.186820569383322,0.204217438301176,0.214434110261339,0.205877671127228,0.216177401881499,0.0160633119266157,0.000200901299641271
71,"Probit Loss at 6h | Full",0.171354908352371,1.45824077396061,1.76708301635742,1.466199418978,1.77672723060145,0.0108266922509028,0.00909827673588951
72,"Probit Loss at 6h | Full",0.165666473592,-0.495434546088617,-0.400145472015631,-0.49925687051184,-0.403232632211871,0.0152534406127006,0.000663206702875822
73,"Probit Loss at 6h | Full",0.102954562548383,0.0846600310370965,0.0876784442228795,0.0851729582069278,0.0882096589613994,0.012008099985463,0.0000249027563358063
74,"Probit Loss at 6h | Full",0.147548774163672,-0.367727989229726,-0.314248145422106,-0.369071041012452,-0.315395872938882,0.00726476990560038,0.000191687884023486
75,"Probit Loss at 6h | Full",0.163771995107097,1.63817141492039,2.00389971788525,1.65211778195651,2.02095966699354,0.0168117588185819,0.0183901804004084
76,"Probit Loss at 6h | Full",0.214675563353149,0.192707574613392,0.200560207908853,0.19396529354605,0.201869177580289,0.0129264491542544,0.000140528359552137
77,"Probit Loss at 6h | Full",0.145288196876683,-0.422484550305321,-0.348442887661852,-0.425380651292281,-0.350831438415075,0.0135701625244874,0.000445871875272964
78,"Probit Loss at 6h | Full",0.0827807437197797,-0.309428578530203,-0.252424645368884,-0.313226797901403,-0.255523144487364,0.0241051570501503,0.000424679845583269
79,"Probit Loss at 6h | Full",0.136915256298393,-0.317142237791517,-0.276038067210386,-0.318654222776527,-0.277354086848198,0.00946730193630071,0.000193606873987258
80,"Probit Loss at 6h | Full",0.0794327619320044,-0.284825860245223,-0.235964094088352,-0.286231084659958,-0.237128252798268,0.00979470841385963,0.00014646271936886
81,"Probit Loss at 6h | Full",0.159922156078819,0.67968187379562,0.788406984181012,0.683357055095262,0.792670064772801,0.0107273305388323,0.00179413363534574
82,"Probit Loss at 6h | Full",0.0945118856564461,-0.40377108284924,-0.308631380707882,-0.406183189416636,-0.310475127850586,0.0118416739991386,0.000304182634931587
83,"Probit Loss at 6h | Full",0.132839672197534,-0.162265046558628,-0.152075612900028,-0.163409907233263,-0.153148582048177,0.0139630480054613,0.0000874595468444844
84,"Probit Loss at 6h | Full",0.124930205566589,-0.100479241574746,-0.0964953694573378,-0.101236894127097,-0.0972229820648132,0.0149119041893818,0.0000376781986215095
85,"Probit Loss at 6h | Full",0.10385501187348,-0.236275985000061,-0.209311032493823,-0.237145370521558,-0.210081199555615,0.00731864945547785,0.0000856820171346996
86,"Probit Loss at 6h | Full",0.255738193349298,0.559763183417949,0.602055134177767,0.564748641188849,0.607417259691042,0.0175775636469563,0.00173831663072778
87,"Probit Loss at 6h | Full",0.0653797156057567,0.0193827334038611,0.0196010870898555,0.0194841813777064,0.0197036779127802,0.0103862582796651,0.00000107295676449055
88,"Probit Loss at 6h | Full",0.127149600712559,-0.283489773396191,-0.249293032736912,-0.285657531659132,-0.251199299143403,0.0151197348709894,0.000255089045725032
89,"Probit Loss at 6h | Full",0.128451460523775,-0.328268207607842,-0.281616155079746,-0.329619518124199,-0.282775423212072,0.0081824074189482,0.000173710806505642
90,"Probit Loss at 6h | Full",0.147022769725513,-0.1120279778967,-0.107652328196429,-0.113686203111758,-0.109245785549017,0.028959218378707,0.0000937244653763059
91,"Probit Loss at 6h | Full",0.170978279452129,1.21453706402112,1.46490410167705,1.21969549607459,1.47112590296842,0.00844067039175075,0.00485123310116057
92,"Probit Loss at 6h | Full",0.13150576331283,-0.374758732583811,-0.313374555610054,-0.378373035902951,-0.316396848616187,0.0190131994809168,0.000510917244281448
93,"Probit Loss at 6h | Full",0.0807091634771831,-0.330565128582901,-0.263169365277002,-0.333365271412637,-0.265398613759278,0.0167286936932726,0.000315558719766198
94,"Probit Loss at 6h | Full",0.149646884786501,-0.418288617017232,-0.347738173323602,-0.420864409184046,-0.34987952077249,0.0122030272680085,0.000398227418712481
95,"Probit Loss at 6h | Full",0.174045547106018,0.0849871502558944,0.0869829112432976,0.0854233216005703,0.0874293252393733,0.0101859256097051,0.0000207135887908379
96,"Probit Loss at 6h | Full",0.265786918764115,0.284651097301686,0.296802916039777,0.288848826694631,0.301179847435377,0.0288540372047905,0.00070968907242257
97,"Probit Loss at 6h | Full",0.144472097293291,1.16568326490958,1.45527525113538,1.17356346160321,1.46511313383262,0.0133844314974071,0.00766811310354841
98,"Probit Loss at 6h | Full",0.140682392284547,-0.374509428170996,-0.316535548562217,-0.376944020744183,-0.318593267374378,0.0128758129052319,0.000348634429458287
99,"Probit Loss at 6h | Full",0.113093167104433,-0.378709983782958,-0.307755352971948,-0.382072801371948,-0.310488117246452,0.017525553457975,0.000452829454483496
100,"Probit Loss at 6h | Full",0.155959369091311,0.931751914270802,1.12051208601972,0.941612135412381,1.13236985286811,0.0208336202156852,0.00718421082899911
101,"Probit Loss at 6h | Full",0.156417497436995,-0.252455602303518,-0.229916968335154,-0.255603123071787,-0.2327834859573,0.0244765501930188,0.000358023101303358
102,"Probit Loss at 6h | Full",0.141722704204163,-0.384658577541262,-0.323491577388506,-0.387424053900511,-0.325817297811543,0.0142252717210501,0.000403390241032112
103,"Probit Loss at 6h | Full",0.167512422006205,1.37273308217949,1.67255709780371,1.38703941741749,1.68998813582305,0.0205222074736758,0.0157576341634927
104,"Probit Loss at 6h | Full",0.126872764465211,0.0189523100651659,0.0190855035916484,0.0190597824608499,0.0191937312845669,0.0112456050959016,0.00000110333512478876
105,"Probit Loss at 6h | Full",0.12817477490288,-0.475816912244885,-0.366603427388497,-0.479039215108821,-0.369086120297476,0.0134079432298192,0.000487499525091372
106,"Probit Loss at 6h | Full",0.23167744253217,-0.238218941974638,-0.224642186905578,-0.241353749893492,-0.227598333467992,0.0258081740433989,0.000361364241296493
107,"Probit Loss at 6h | Full",0.285568786778166,-0.507939153387986,-0.452403398518227,-0.518398716082068,-0.461719360239734,0.0399462528416643,0.00233577438686728
108,"Probit Loss at 6h | Full",0.147781053672492,-0.462176835324394,-0.372393498128462,-0.463976327225983,-0.373843417364713,0.00774178426634166,0.000287137595589086
109,"Probit Loss at 6h | Full",0.151169906579744,-0.220579975304794,-0.203146227147215,-0.22128440810171,-0.20379498442799,0.0063566300365594,0.0000699644785028269
110,"Probit Loss at 6h | Full",0.19492679231801,-0.625302165151174,-0.481394716922801,-0.630957058047252,-0.485748189078584,0.0178444859382447,0.00112886077933872
111,"Probit Loss at 6h | Full",0.1897411225978,1.36125366306848,1.60492215832307,1.36724231537724,1.6119827973866,0.00874100633980843,0.00603377792865877
112,"Probit Loss at 6h | Full",0.284172505673167,0.202749483292694,0.208533149185484,0.205297557435064,0.211153910119801,0.0246691808418062,0.000296958156890876
113,"Probit Loss at 6h | Full",0.0844937924684984,-0.229100891723542,-0.199886403081687,-0.232075865811503,-0.202482014409212,0.02547361848643,0.000282204651062231
114,"Probit Loss at 6h | Full",0.169697540706329,-0.219938632919907,-0.204260277875155,-0.221643185826339,-0.20584332149827,0.0153219098076073,0.000173614666671692
115,"Probit Loss at 6h | Full",0.361510547861891,-0.684652493599585,-0.60629165050749,-0.69822063766295,-0.618306873610311,0.038487297955793,0.00402962625071465
116,"Probit Loss at 6h | Full",0.0958393157440842,0.433273348212317,0.506795195534379,0.435551643161657,0.509460092738649,0.0104342908702248,0.000720664060081935
117,"Probit Loss at 6h | Full",0.391213729845485,-0.67519426986023,-0.611014837304489,-0.694685371906762,-0.628653246096543,0.0553276849798936,0.00609505820941461
118,"Probit Loss at 6h | Full",0.139844227617197,-0.209734184879167,-0.193019998884042,-0.210769499431091,-0.193972806905167,0.00980001172745025,0.000098057225557229
119,"Probit Loss at 6h | Full",0.169669029180023,-0.00418541617049972,-0.00418026789263056,-0.00421817027805872,-0.00421298171094706,0.0154697119964638,0.0000000734389597611466
120,"Probit Loss at 6h | Full",0.146250360523369,-0.364592838786668,-0.311725394784396,-0.367661213250319,-0.31434884247528,0.0166216644713189,0.000439816813633545
121,"Probit Loss at 6h | Full",0.213496874123218,-0.275507103103138,-0.255254095479247,-0.2776049147914,-0.257197693371794,0.0150565438814283,0.000266282334465833
122,"Probit Loss at 6h | Full",0.0877161302685631,-0.380342990984476,-0.292758965248032,-0.382733718648661,-0.294599164683139,0.0124538851200865,0.000288207125931566
123,"Probit Loss at 6h | Full",0.0997481991242315,-0.364028937759083,-0.292488278274455,-0.367114733210095,-0.294967638855318,0.0167404154255533,0.000390068614776864
124,"Probit Loss at 6h | Full",0.0784391087053452,0.91008158467052,1.23171633096046,0.922117289769825,1.24800561180642,0.0259341381361169,0.0109197022154563
125,"Probit Loss at 6h | Full",0.138571287774602,1.45429138319565,1.86586487790776,1.46584627491014,1.88068987575016,0.0157033514110261,0.014859183235842
126,"Probit Loss at 6h | Full",0.16245837333136,-0.481925073564379,-0.391013282292261,-0.486169787026411,-0.394457260276024,0.0173856271235148,0.000724938856401333
127,"Probit Loss at 6h | Full",0.148949185137296,0.50675254425481,0.575993568461053,0.515064880759114,0.585441675667705,0.0320164033627801,0.00298514916465434
128,"Probit Loss at 6h | Full",0.170219631886767,0.454844529110681,0.504969192746484,0.459302361204663,0.509918285743819,0.0193171181757667,0.00134868067979904
129,"Probit Loss at 6h | Full",0.158638450817539,0.246687213415957,0.263827991758988,0.250230815183243,0.267617816634429,0.0281221215966692,0.000545708417771349
130,"Probit Loss at 6h | Full",0.135758874286234,-0.322484666167569,-0.279561558894156,-0.324460224125275,-0.281274167648256,0.0121404318290126,0.000256031170803326
131,"Probit Loss at 6h | Full",0.198813413829062,-0.251413654052838,-0.233492128145138,-0.257093579440343,-0.238767171266525,0.0436975717529205,0.000685970589433318
132,"Probit Loss at 6h | Full",0.144028754760478,-0.405082131837669,-0.337289616888056,-0.408013184181959,-0.339730143005067,0.0143158335480221,0.000441409062705733
133,"Probit Loss at 6h | Full",0.164168964859483,-0.414477992887238,-0.35079333843691,-0.416784006806258,-0.352745032700578,0.0110351378065722,0.000365605680641564
134,"Probit Loss at 6h | Full",0.120424252205612,0.536367272461781,0.628272720230051,0.540072738221537,0.63261311005644,0.0136750248865461,0.00146109580116457
135,"Probit Loss at 6h | Full",0.0961621045578959,-0.304014185487689,-0.254863241535673,-0.308012863225427,-0.258215440277524,0.0257958185484291,0.00046489830373534
136,"Probit Loss at 6h | Full",0.205059960329264,-0.265846798479482,-0.246281326576402,-0.267681326652793,-0.24798083935876,0.0136598381004734,0.000224258704018945
137,"Probit Loss at 6h | Full",0.132482343437757,-0.122061280220754,-0.116388395133158,-0.12266638857157,-0.116965380641632,0.0098415852996386,0.0000358071105593761
138,"Probit Loss at 6h | Full",0.118210189038049,-0.356089085904699,-0.296447764675066,-0.358394575830529,-0.2983671083507,0.0128242706396997,0.000304532969880945
139,"Probit Loss at 6h | Full",0.219911310464637,0.593009788455586,0.652094630055573,0.597275655587441,0.65678552909867,0.0142334054178139,0.00164012177943681
140,"Probit Loss at 6h | Full",0.15465402715712,0.014716728074714,0.0147852573266047,0.0147868073697074,0.014855662949681,0.00945616310813049,0.000000554778409605069
141,"Probit Loss at 6h | Full",0.0824392787491485,-0.0853212895354643,-0.0814967462272353,-0.0857552289754932,-0.0819112342479225,0.0100948136439477,0.0000180171406231748
142,"Probit Loss at 6h | Full",0.211838858518234,-0.407214431019721,-0.35929959646815,-0.411103241358343,-0.362730830429848,0.0188294177559177,0.000664898777640537
143,"Probit Loss at 6h | Full",0.166603948966464,0.260400263935185,0.278555967124778,0.262873020800376,0.281201130265701,0.0187248327530611,0.000397333776127791
144,"Probit Loss at 6h | Full",0.211412281027872,1.04131139900519,1.18981316535488,1.05040352216333,1.20020191923284,0.0172367532908563,0.00665287578541056
145,"Probit Loss at 6h | Full",0.101120669112318,0.3128371486057,0.351271614010827,0.316337813807774,0.355202363031922,0.0220099872791519,0.000747706724116168
146,"Probit Loss at 6h | Full",0.158429595385813,-0.101774034859426,-0.0983986053071037,-0.103030974882536,-0.0996138577572949,0.0242504338408269,0.0000649403890852001
147,"Probit Loss at 6h | Full",0.0728985934590832,0.0421320957541069,0.0430873084046314,0.0424790914617049,0.0434421711476484,0.0162705207220475,0.0000082194551991118
148,"Probit Loss at 6h | Full",0.131210782415439,-0.395970550177685,-0.326349976767801,-0.39730726967264,-0.327451670759761,0.00671757571764569,0.000190953869180979
149,"Probit Loss at 6h | Full",0.446086416859045,-0.959654853109389,-0.835795811950269,-0.983991145626891,-0.856991110758607,0.0488527712209113,0.0099331801922139
150,"Probit Loss at 6h | Full",0.31066557501086,-0.621020030897378,-0.54161393383979,-0.628365129626965,-0.548019858962084,0.0232418036741721,0.00188178316610467
151,"Probit Loss at 6h | Full",0.158138095078044,-0.0381130858156899,-0.0376519815614912,-0.0383645577238329,-0.0379004110823759,0.0130666296859878,0.00000500792495718379
152,"Probit Loss at 6h | Full",0.214601087794782,-0.278000865121547,-0.257465089208398,-0.281868560648267,-0.261047080125522,0.0272549728733083,0.000502780744201388
153,"Probit Loss at 6h | Full",0.158822179682011,0.436161256556155,0.485835492092352,0.439414697330489,0.489459465968602,0.0147532456385095,0.000944648515495687
154,"Probit Loss at 6h | Full",0.107879459455595,-0.256395209880623,-0.225171274549356,-0.257253388413708,-0.225924943676699,0.00666072565950477,0.0000901252592104476
155,"Probit Loss at 6h | Full",0.188577476832983,-0.430252271468115,-0.369344561836328,-0.433916229040622,-0.372489839372195,0.016816556886384,0.000624921703107315
156,"Probit Loss at 6h | Full",0.102222250428339,-0.281881047879336,-0.242035265083031,-0.283711323509998,-0.243606818938017,0.01286076199033,0.000203592318976139
157,"Probit Loss at 6h | Full",0.207023033939982,0.0685090195171507,0.0696048921615457,0.0696093314892995,0.0707228047620362,0.0313640615332372,0.0000426466471064192
158,"Probit Loss at 6h | Full",0.0915545223116765,-0.361273641008218,-0.286167294248751,-0.363088314933318,-0.287604709737024,0.00997079269230949,0.00021936527898199
159,"Probit Loss at 6h | Full",0.169501858831113,-0.337500175609052,-0.298250194650692,-0.338874796459845,-0.299464952348462,0.00809639926370325,0.000192756342243774
160,"Probit Loss at 6h | Full",0.0677089439051722,-0.128157081119105,-0.118147033970897,-0.128978716154266,-0.118904493032567,0.012700048855116,0.0000478902417204527
161,"Probit Loss at 6h | Full",0.255144480742054,-0.748348889866514,-0.579650503580246,-0.755882381570719,-0.585485739416353,0.0198336425468304,0.00182654154473977
162,"Probit Loss at 6h | Full",0.158574487924464,-0.56825149561889,-0.428575316661871,-0.570256913277395,-0.430087802796372,0.0070210159464791,0.000344404150642281
163,"Probit Loss at 6h | Full",0.122813906804555,0.334556416306768,0.372341107872422,0.337410124439949,0.375517112863098,0.0168438351244894,0.000636168503014435
164,"Probit Loss at 6h | Full",0.221758371396957,-0.436788530623608,-0.383358440467793,-0.44245200841201,-0.388329134202554,0.0254365709014505,0.00103643632174901
165,"Probit Loss at 6h | Full",0.334195176194249,0.0418397757062255,0.0420383148193321,0.0431530806043901,0.0433578516435843,0.0599410546004737,0.0000315645080579834
166,"Probit Loss at 6h | Full",0.285177351779873,-0.739721429904879,-0.599729854576971,-0.753899636710498,-0.611224849262727,0.037259298086076,0.0038073391295731
167,"Probit Loss at 6h | Full",0.116855282786607,-0.44920686360925,-0.346244535716958,-0.451414741238674,-0.34794634756947,0.00975811396303047,0.000314154568154466
168,"Probit Loss at 6h | Full",0.125667271991511,-0.45372023049146,-0.354680228604257,-0.456716308172376,-0.357022309572594,0.0130770477486943,0.000444745325742857
169,"Probit Loss at 6h | Full",0.274339232668373,-0.697509307512343,-0.570932879898885,-0.710838434869002,-0.581843181720401,0.0371509407456444,0.00343967750255504
170,"Probit Loss at 6h | Full",0.165797880897983,-0.571394837409518,-0.436134099638446,-0.574511264510059,-0.438512805287494,0.0108195427600062,0.00055385000228729
171,"Probit Loss at 6h | Full",0.174546826522542,-0.366192285743716,-0.320478267621386,-0.371402969761116,-0.325038470148939,0.0278626300234822,0.000797366934679087
172,"Probit Loss at 6h | Full",0.23355953227127,0.444524649843823,0.477529662015094,0.449963850659028,0.483372711951312,0.024030046187778,0.0015148744416735
173,"Probit Loss at 6h | Full",0.229917765457267,0.700113211594513,0.772630443914084,0.720380302533044,0.794996785827588,0.0554762392721224,0.0097750523619573
174,"Probit Loss at 6h | Full",0.200432903521716,-0.424050988046164,-0.368533459327497,-0.429382072434293,-0.37316658842496,0.0246772751941218,0.000927787649684157
175,"Probit Loss at 6h | Full",0.175958101369011,0.0684141272979072,0.0697031982333989,0.0690068917823759,0.070307131689814,0.0171060763937629,0.0000226535745423257
176,"Probit Loss at 6h | Full",0.102610330938449,-0.150970856586081,-0.140337569153829,-0.152656958941608,-0.141904914741381,0.0219680888760147,0.000119104548689873
177,"Probit Loss at 6h | Full",0.0770692329044764,0.81508291512232,1.08344354521985,0.819445519272619,1.0892425077785,0.0106193544909351,0.00335334388647441
178,"Probit Loss at 6h | Full",0.107155001032861,-0.363275608425066,-0.295916519087862,-0.364793470590447,-0.297152937052674,0.00830444876725457,0.000194709311617921
179,"Probit Loss at 6h | Full",0.181514881815792,-0.607104762079092,-0.463075804249075,-0.613915351364479,-0.468270655793214,0.0220643187119597,0.00130277176895213
180,"Probit Loss at 6h | Full",0.144786151856646,-0.536647638321368,-0.404773895592327,-0.554545151760301,-0.418273342377844,0.0635068189502812,0.00312413890704421
181,"Probit Loss at 6h | Full",0.150944677880119,-0.0713129084859643,-0.0696090212635193,-0.0718069251239276,-0.0700912343072248,0.0137122504967622,0.0000179856748286355
182,"Probit Loss at 6h | Full",0.159182381120166,-0.250172638792301,-0.228394909249432,-0.252634936807866,-0.230642862241114,0.0193979399178673,0.000277100346137998
183,"Probit Loss at 6h | Full",0.036676889378805,-0.117335768096496,-0.105214536650044,-0.118716436683804,-0.106452576917197,0.0231246836340865,0.0000706387887368213
184,"Probit Loss at 6h | Full",0.142118566130276,-0.468188547952031,-0.372362835872524,-0.470723564961618,-0.374379002493437,0.0107417227649955,0.000400757292743978
185,"Probit Loss at 6h | Full",0.123869244081124,-0.460546154167882,-0.356580810117905,-0.464415617894466,-0.359576767195953,0.0165943761960819,0.00057452074204475
186,"Probit Loss at 6h | Full",0.133521551275181,1.45442509856859,1.88417440583492,1.4602715947021,1.89174840767897,0.00799137959388781,0.00759149464873966
187,"Probit Loss at 6h | Full",0.318867390559131,-0.555784970009926,-0.497475796418825,-0.561043607556506,-0.502182733530702,0.0186580614575263,0.00126259462051026
188,"Probit Loss at 6h | Full",0.162401982177415,-0.101945977396817,-0.0986309426858847,-0.10308026087592,-0.0997283420308483,0.0218866872522789,0.0000586033283216358
189,"Probit Loss at 6h | Full",0.138347966873247,0.0392997317977143,0.0398303901681511,0.0394989962008175,0.0400323452085335,0.010064143296078,0.00000429028402731541
190,"Probit Loss at 6h | Full",0.240582320824579,-0.353798104921505,-0.323281070753532,-0.359786389950214,-0.328752833233683,0.0330109792011448,0.000971561047212606
191,"Probit Loss at 6h | Full",0.127635693342888,-0.267571868040559,-0.237457476219019,-0.271369256420923,-0.240827480201978,0.0277910561723559,0.000436567845123442
192,"Probit Loss at 6h | Full",0.146279129902918,-0.298342283755094,-0.264241295270449,-0.300396534869146,-0.266060742277274,0.0136301648954134,0.000257582969857003
193,"Probit Loss at 6h | Full",0.0825627302537618,-0.329392763250693,-0.263653416057569,-0.331442315049999,-0.265293923662961,0.0123292335518547,0.000231351706718394
194,"Probit Loss at 6h | Full",0.109499094781044,-0.441617888149981,-0.337131294890546,-0.445391491838978,-0.340012065647829,0.0168733248227145,0.000522485288062723
195,"Probit Loss at 6h | Full",0.0558292987111113,-0.0724497203147772,-0.0689454052308447,-0.0732498579711907,-0.0697068410890124,0.0217274835952958,0.0000284180716151367
196,"Probit Loss at 6h | Full",0.0411906338437605,-0.216786004284652,-0.175064049348016,-0.217823262817014,-0.175901680354203,0.00950117856230404,0.0000781551705819774
197,"Probit Loss at 6h | Full",0.162936761179884,0.772173829232962,0.904633180037552,0.776829466853134,0.910087449666999,0.0119503363468157,0.00263792125249621
198,"Probit Loss at 6h | Full",0.0660817762690917,-0.298938764342972,-0.23691970975898,-0.300371532007833,-0.238055229603845,0.00951721699630022,0.000143387969743349
199,"Probit Loss at 6h | Full",0.223203430576902,-0.219126183275006,-0.207264048608723,-0.221877126378506,-0.209866072687279,0.0246432732104013,0.000293031022931293
200,"Probit Loss at 6h | Full",0.148469632161294,-0.259694391818514,-0.234681858016514,-0.264076865333893,-0.238642232440063,0.0329154843404845,0.000510416433171173
201,"Probit Loss at 6h | Full",0.162314179958258,0.559881682539845,0.636184295144452,0.564147987917839,0.641032027378623,0.0150675841905831,0.00165535396851411
202,"Probit Loss at 6h | Full",0.143481365045453,-0.16212194789247,-0.152558470359787,-0.163694127980917,-0.15403790847746,0.019116509587073,0.000121770088668914
203,"Probit Loss at 6h | Full",0.152715022446656,-0.233867557889557,-0.214310050565276,-0.235474557537136,-0.215782662580551,0.0136024559743389,0.000169080165321698
204,"Probit Loss at 6h | Full",0.14769197516897,-0.230266106531065,-0.210803717103263,-0.232007550144365,-0.212397971647884,0.0149556166885333,0.000180361350509116
205,"Probit Loss at 6h | Full",0.181406894165538,0.0998539496426284,0.102485011397384,0.101354275765999,0.104024869764567,0.0293864586447358,0.0000862719252387146
206,"Probit Loss at 6h | Full",0.109715195586178,-0.431835635616261,-0.333051928974837,-0.435118204195869,-0.335583600072037,0.0150312561524765,0.000452552018187423
207,"Probit Loss at 6h | Full",0.456940936406857,-0.729535000126141,-0.678351995775389,-0.751831275335303,-0.69908400011223,0.0584324362437703,0.00798648079922507
208,"Probit Loss at 6h | Full",0.165651510251637,1.28571478313249,1.56703709070709,1.29734341163688,1.58121013469748,0.017846488884903,0.0119631848324
209,"Probit Loss at 6h | Full",0.221250715380003,0.0799884417548103,0.0813663785283795,0.080555184655043,0.0819428845377097,0.0140214252806635,0.0000251444072264093
210,"Probit Loss at 6h | Full",0.164268218207484,0.753174471931388,0.879123526796699,0.757422382838384,0.884081791524525,0.0111853017768615,0.00232815508320275
211,"Probit Loss at 6h | Full",0.338864122636839,0.412197020941984,0.425419053567435,0.426265981367554,0.439939303653778,0.0649209045882527,0.00353847362214833
212,"Probit Loss at 6h | Full",0.215413270269968,0.663643643879039,0.736999004881799,0.669695214940258,0.743719481889643,0.0179909576837393,0.00266840246569231
213,"Probit Loss at 6h | Full",0.170271499058962,-0.506019253539631,-0.408387960008665,-0.511679083587934,-0.412955783132495,0.0220002252265242,0.00101015891017571
214,"Probit Loss at 6h | Full",0.12897540392686,1.32647712691452,1.72038047753156,1.33349582642688,1.72948341144103,0.0104990631708494,0.00835721090893569
215,"Probit Loss at 6h | Full",0.338700546976296,0.891949824719189,0.920619106487893,0.900083025904436,0.929013727127463,0.0179904629218038,0.00416356277673105
216,"Probit Loss at 6h | Full",0.221274428249027,-0.410455777453747,-0.36388257051631,-0.418191546642539,-0.370740584782307,0.0366541148334265,0.00137713010557898
217,"Probit Loss at 6h | Full",0.103639480131823,-0.426107335799974,-0.325741445326245,-0.4293280602229,-0.328203556020847,0.0149472822209757,0.00043041118360399
218,"Probit Loss at 6h | Full",0.169354255350208,-0.462954880181434,-0.38327874011596,-0.465851330461375,-0.385676701259969,0.0123964264575123,0.000491648688785418
219,"Probit Loss at 6h | Full",0.11008641874083,-0.219103463022553,-0.197082820244927,-0.220617424345514,-0.198444623308899,0.0136776742454194,0.00014380245071661
220,"Probit Loss at 6h | Full",0.131973688723642,-0.252723401821415,-0.226757072550559,-0.254043884690609,-0.227941881031346,0.0103686891153732,0.00014334841764026
221,"Probit Loss at 6h | Full",0.129301492820003,-0.444579906071164,-0.352502960501691,-0.446946331183105,-0.354379275302188,0.0105612698841435,0.000352986493300544
222,"Probit Loss at 6h | Full",0.128329214968589,0.17184819598517,0.182074119970996,0.173119245828357,0.183420804353167,0.0146301906819787,0.000131535246737662
223,"Probit Loss at 6h | Full",0.111200256327685,-0.435489280824912,-0.33582056658415,-0.439046667595275,-0.33856378827383,0.0161393998567777,0.000495141177551617
224,"Probit Loss at 6h | Full",0.139412889579508,0.564913749505242,0.654235690384706,0.572476712723193,0.662994479609757,0.0262473776605006,0.00311997652478973
225,"Probit Loss at 6h | Full",0.104709040382299,-0.327791191442478,-0.273318136534925,-0.329611801325717,-0.274836193498123,0.0110164855085966,0.000221562413249129
226,"Probit Loss at 6h | Full",0.160498708572594,0.457436093457157,0.511080567399029,0.463049548054428,0.517352323392221,0.0240986272071884,0.00174041734969818
227,"Probit Loss at 6h | Full",0.141152233410648,-0.302605712261126,-0.266392751445063,-0.304764877172112,-0.268293528126254,0.0141191886879933,0.00027145631131105
228,"Probit Loss at 6h | Full",0.212318493833686,-0.142772373754067,-0.137654041596693,-0.145190073017797,-0.139985067314533,0.0330266318954912,0.000176241189625236
229,"Probit Loss at 6h | Full",0.153340645026126,-0.454901842876595,-0.371176450939188,-0.457269842825705,-0.373108616813428,0.0103303052655769,0.000382637617362252
230,"Probit Loss at 6h | Full",0.210391449247951,-0.528797745668693,-0.441050863167125,-0.536437967191379,-0.447423292559969,0.028282165067481,0.00153427737047274
231,"Probit Loss at 6h | Full",0.441582791884824,0.797686218587994,0.778365121384825,0.838244563076647,0.817941084959775,0.0944286222767491,0.0183704262880943
232,"Probit Loss at 6h | Full",0.129585122260145,0.412799439282535,0.466403296415334,0.41652936831539,0.470617573448613,0.0178293727529075,0.00105871636225527
233,"Probit Loss at 6h | Full",0.213916884727165,-0.5498470151712,-0.455269622656741,-0.553424490705172,-0.4582317482871,0.0128867180316259,0.000721838270409903
234,"Probit Loss at 6h | Full",0.190038730988211,-0.191564597542687,-0.18100440480967,-0.193334889000918,-0.182677107155757,0.0182293691159271,0.000163163899285226
235,"Probit Loss at 6h | Full",0.152615062087318,-0.322589533009819,-0.283608202409992,-0.323992066350852,-0.284841255311489,0.00863908573233666,0.000186181273063949
236,"Probit Loss at 6h | Full",0.160117640090071,-0.126631830033753,-0.121395702823328,-0.12717688393222,-0.121918219169048,0.00855321953716967,0.0000337669360345221
237,"Probit Loss at 6h | Full",0.313505070018661,-0.173255723236344,-0.168736973030355,-0.17549162902177,-0.170914563283459,0.0253192949499605,0.000199821217313491
238,"Probit Loss at 6h | Full",0.154677503117279,-0.451095465457765,-0.369617314136673,-0.454213018581955,-0.372171765911692,0.0136801638048063,0.000505888256868172
239,"Probit Loss at 6h | Full",0.188347368259208,0.324911646326037,0.349249019779203,0.32717999282122,0.351687275837181,0.0138179796765853,0.000456346792554175
240,"Probit Loss at 6h | Full",0.162208573143349,-0.585239099707748,-0.437575090893416,-0.588524636898939,-0.44003164110646,0.0111341682417471,0.000574093252640034
241,"Probit Loss at 6h | Full",0.191023327454049,1.69205866189237,1.95716667429262,1.70008176093127,1.96644681476123,0.0094162148499434,0.00967929610903267
242,"Probit Loss at 6h | Full",0.334311079143364,-0.672744693236723,-0.586564126866135,-0.680534395792156,-0.5933559457001,0.0227618776804993,0.00215939704909582
243,"Probit Loss at 6h | Full",0.165830129740693,-0.386991778157382,-0.332873842814491,-0.389130821083409,-0.334713756422273,0.0109637359789961,0.000327030078325144
244,"Probit Loss at 6h | Full",0.156253424778992,-0.0436548844733452,-0.0430421961942958,-0.0440839913760546,-0.0434652806605031,0.0193729496147716,0.00000982813420764194
245,"Probit Loss at 6h | Full",0.130990212824786,-0.40251796846027,-0.330153021336216,-0.411422587381448,-0.33745676196653,0.0428185310909823,0.00134142987497458
246,"Probit Loss at 6h | Full",0.174862081478001,-0.453459987532415,-0.379722063032418,-0.456416652032359,-0.382197939128395,0.0129140243189473,0.00050324274437969
247,"Probit Loss at 6h | Full",0.229322794073832,0.732294126437734,0.810429191979353,0.737680923915145,0.816390755467799,0.0145513573362772,0.00259155176757307
248,"Probit Loss at 6h | Full",0.131904665113237,-0.140199761415326,-0.132628182621048,-0.140798996793847,-0.133195055905375,0.00849381359547034,0.0000400200593416888
249,"Probit Loss at 6h | Full",0.095982136812232,-0.303502185993715,-0.254465714584158,-0.305730445514999,-0.256333956980851,0.0145235087063962,0.000254995071229843
250,"Probit Loss at 6h | Full",0.150374456184848,-0.0801516136764981,-0.0779840144467205,-0.080478334473297,-0.0783018994919356,0.00810299067027431,0.0000131891733078466
251,"Probit Loss at 6h | Full",0.0906305960495075,-0.339008678108803,-0.27354659082835,-0.34062180736358,-0.274848227148314,0.00944924524282386,0.000189758172554327
252,"Probit Loss at 6h | Full",0.0539276758042917,-0.285417960752289,-0.220898472378549,-0.289753500953793,-0.224253952198122,0.0297018269204834,0.000405370725840503
253,"Probit Loss at 6h | Full",0.150193417537046,-0.308089365606234,-0.272331553599885,-0.310338334677485,-0.274319500311278,0.0144411429262344,0.000290353178711677
254,"Probit Loss at 6h | Full",0.115599059142145,-0.398524612461012,-0.320175558524644,-0.40127292378709,-0.322383557946293,0.0136510569007329,0.000378770095313548
255,"Probit Loss at 6h | Full",0.141798060575777,0.040238123804547,0.0407832274187869,0.0407137030250649,0.0412652492844247,0.0232256734519152,0.0000106619648753946
256,"Probit Loss at 6h | Full",0.143549565503063,0.195312074770188,0.207269585430347,0.197219317477465,0.209293594471863,0.0192478158351578,0.000226374897160077
257,"Probit Loss at 6h | Full",0.133550312945978,-0.37229136724443,-0.312566579393073,-0.378511333887487,-0.317788708801953,0.0325953842832298,0.000896022874903948
258,"Probit Loss at 6h | Full",0.131781127627555,-0.386527628054589,-0.320839687151391,-0.39021411706222,-0.32389968052327,0.0188054458965012,0.000529472937772737
259,"Probit Loss at 6h | Full",0.164910525944158,-0.506390664347953,-0.405579672459944,-0.509833854229871,-0.408337400678184,0.0134614952342593,0.000599117220751128
260,"Probit Loss at 6h | Full",0.134107700878465,-0.478854105076448,-0.372343363436798,-0.482013771049786,-0.374800230034323,0.0130673028112962,0.000489770177622676
261,"Probit Loss at 6h | Full",0.131735386535083,-0.411284187100406,-0.335628109579685,-0.413309401312571,-0.33728078390766,0.00977598107118776,0.00029573608180275
262,"Probit Loss at 6h | Full",0.087929438306553,-0.338133797874269,-0.271562648621889,-0.340477491780899,-0.273444920458792,0.0137197171365654,0.000273891622585799
263,"Probit Loss at 6h | Full",0.12270779659537,-0.440309662642349,-0.346196366522156,-0.443851792910045,-0.348981389728473,0.015897182142011,0.000518058056851152
264,"Probit Loss at 6h | Full",0.0738712440882086,-0.310134732683683,-0.247919927126479,-0.314026988709533,-0.251031374277001,0.0246356815217141,0.00041912922699739
265,"Probit Loss at 6h | Full",0.0927237338083065,1.32738540126112,1.85937166782831,1.33742464686714,1.87343441767358,0.0149564557946392,0.0140328044625529
266,"Probit Loss at 6h | Full",0.119250174458507,-0.0634071189207196,-0.0617903298930063,-0.0640804919189693,-0.0624465328621858,0.0209060510196547,0.0000219259552028784
267,"Probit Loss at 6h | Full",0.153190708763571,-0.523261008545462,-0.40620042980538,-0.52850098609943,-0.410268153369398,0.019731281667673,0.000892154329542797
268,"Probit Loss at 6h | Full",0.124182273185566,-0.363903218523536,-0.303700721659148,-0.368851102720132,-0.307830050350686,0.0266486824972895,0.000683159905886153
269,"Probit Loss at 6h | Full",0.124819121629289,-0.40130461084303,-0.326519355586344,-0.40467937653396,-0.32926521568584,0.0166091686321648,0.00048217830738709
270,"Probit Loss at 6h | Full",0.0429329890096284,-0.137172825503149,-0.12189072590175,-0.138034859417677,-0.12265672265955,0.0124510894978287,0.0000499488708681285
271,"Probit Loss at 6h | Full",0.173542578662119,1.11935532011135,1.33895286955957,1.16648898646983,1.39533332060105,0.0791801981521542,0.0440851260325641
272,"Probit Loss at 6h | Full",0.126160207019644,-0.418013816011259,-0.336596884756644,-0.421190329044204,-0.339154705456162,0.0150266261016297,0.00046209035649569
273,"Probit Loss at 6h | Full",0.143590580862327,-0.418500837931873,-0.345308022761119,-0.420898327322426,-0.347286208336884,0.0113598037150782,0.000364923522548242
274,"Probit Loss at 6h | Full",0.141307131725559,-0.31987256890455,-0.279059723853764,-0.321308514588756,-0.280312455863501,0.00891813916190787,0.000186184589644471
275,"Probit Loss at 6h | Full",0.0592804592558937,-0.233773929769749,-0.195027231107519,-0.23540505813815,-0.196388009230142,0.0138100456612252,0.000142219352658225
276,"Probit Loss at 6h | Full",0.157105656888364,0.631814917662219,0.72930498244901,0.634744272661163,0.732686341667302,0.00920873370480057,0.00131385717778601
277,"Probit Loss at 6h | Full",0.165570236233877,-0.454561955192476,-0.376573424662165,-0.456063559312058,-0.377817400756817,0.0065742243542252,0.000248752371863658
278,"Probit Loss at 6h | Full",0.159491093119743,-0.313585481914261,-0.278289515182154,-0.315978659264026,-0.28041332576275,0.0150903517545439,0.000317244783595806
279,"Probit Loss at 6h | Full",0.161339970397107,-0.0678979201345246,-0.0664410850824846,-0.0684144615524909,-0.0669465434563454,0.0150433524215347,0.0000180251153850919
280,"Probit Loss at 6h | Full",0.149621311202409,0.891118441165678,1.07451321238521,0.898315407168952,1.08319133495833,0.0159590634878914,0.00501070474818763
281,"Probit Loss at 6h | Full",0.173098928406203,-0.0349806183579812,-0.0346227692586527,-0.0353008346909193,-0.0349397098025479,0.0180598551500001,0.00000591237614353782
282,"Probit Loss at 6h | Full",0.122616403955663,-0.395859494314939,-0.322309672595965,-0.398468346548471,-0.324433805833431,0.0130515355434559,0.000366533402933397
283,"Probit Loss at 6h | Full",0.165040616009594,-0.179207520164411,-0.168743839640126,-0.180308978047383,-0.169780984912847,0.012180132608499,0.0000935936919672127
284,"Probit Loss at 6h | Full",0.128328250246023,-0.374312292719297,-0.311860391697429,-0.375522037438269,-0.312868297313277,0.00643262446134671,0.000166881507556042
285,"Probit Loss at 6h | Full",0.134951217366825,-0.383231669348236,-0.320047853859951,-0.385143167147192,-0.321644200970967,0.00990153532378992,0.000272439345007393
286,"Probit Loss at 6h | Full",0.36431436910505,1.19829018187952,1.17602229619484,1.22596363652606,1.20318149366571,0.0446361048516356,0.0178104122950216
287,"Probit Loss at 6h | Full",0.137460262702209,-0.165269921895481,-0.154967211423877,-0.166536974054289,-0.156155277210604,0.0151585814709913,0.0000988325066522211
288,"Probit Loss at 6h | Full",0.12888006108835,-0.270873140590222,-0.240190846957154,-0.271788083921079,-0.241002152991698,0.00672143746645735,0.000103496858276702
289,"Probit Loss at 6h | Full",0.173235171465513,-0.402360221928959,-0.34561768855975,-0.407148313121485,-0.3497305429633,0.0233818336167568,0.000771107830662078
290,"Probit Loss at 6h | Full",0.158609912640253,-0.516496719225868,-0.406802787682362,-0.519226284759985,-0.408952646194735,0.0104863369576369,0.000466704814233187
291,"Probit Loss at 6h | Full",0.197371294087628,1.44026504007314,1.67714498584778,1.44706385274738,1.68506199714019,0.0093746258122341,0.00707571748143919
292,"Probit Loss at 6h | Full",0.155499495701127,-0.536243169705942,-0.413583577661395,-0.541179317816372,-0.417390637425899,0.0181589961408348,0.000848457902709877
293,"Probit Loss at 6h | Full",0.164993235893084,-0.530149549755762,-0.417575181505188,-0.53459251795968,-0.421074709619523,0.0165528151870926,0.000785838608809803
294,"Probit Loss at 6h | Full",0.154961513610188,-0.524992572943801,-0.40826079477833,-0.530591105210757,-0.412614496812785,0.0209916666694735,0.000961266305657194
295,"Probit Loss at 6h | Full",0.157625837539192,0.237469537699616,0.253503693537942,0.242206931843119,0.258560960776328,0.0387360022217036,0.000709401737166316
296,"Probit Loss at 6h | Full",0.202901169375967,-0.37916956840248,-0.336436564159129,-0.381355014440416,-0.338375707005577,0.0114286365462332,0.000348561142071548
297,"Probit Loss at 6h | Full",0.251916418203902,0.784220100949569,0.857341631404804,0.79299859117249,0.866938637551265,0.0220174446710524,0.00445560564197728
298,"Probit Loss at 6h | Full",0.171725575465254,-0.482074575357756,-0.395675032264736,-0.485769484797816,-0.39870772365035,0.015154748318216,0.000644145908068555
299,"Probit Loss at 6h | Full",0.149433189927812,1.18213872306086,1.46688604712705,1.18732313250214,1.47331924969765,0.00871387159665702,0.00502458358728155
300,"Probit Loss at 6h | Full",0.216234397949543,0.845756641965336,0.952607524209721,0.853800990931709,0.961668177088459,0.0187548454402771,0.00465458189499455
301,"Probit Loss at 6h | Full",0.205661006748898,0.972863810496673,1.1144409437212,0.979812735721729,1.12240111934096,0.0141338926366367,0.0047559168789536
302,"Probit Loss at 6h | Full",0.135208130662291,-0.446013146523173,-0.356732413504538,-0.447305123072299,-0.357765768499012,0.00576836990371574,0.000195549773529563
303,"Probit Loss at 6h | Full",0.0777649389013843,-0.198927401508653,-0.17602578235456,-0.201242908723226,-0.178074715613134,0.0228796739213349,0.000195524202787276
304,"Probit Loss at 6h | Full",0.153529364166815,-0.448489551074203,-0.367560224651014,-0.451564739581856,-0.370080499596127,0.0135737674403561,0.000496275020815957
305,"Probit Loss at 6h | Full",0.0851390549079328,-0.0244458304030048,-0.0241466584044502,-0.0245685635542486,-0.0242678895276777,0.00996611723081695,0.00000156111240149354
306,"Probit Loss at 6h | Full",0.0811415631401865,-0.259413527938214,-0.220164937060726,-0.261005593233084,-0.221516127024594,0.0121622658423786,0.000159086673716291
307,"Probit Loss at 6h | Full",0.151504994136712,0.0679785733607175,0.0694343082597276,0.0683105188046564,0.0697733621871698,0.00969510782312536,0.000012550390607874
308,"Probit Loss at 6h | Full",0.044916291197923,0.299458400490687,0.357805147044171,0.300892236470659,0.359518352927895,0.00950785358412261,0.000326714042691305
309,"Probit Loss at 6h | Full",0.242533848458051,0.301080650093903,0.316580188834106,0.302725737918599,0.318309965271178,0.0108389721033054,0.000292358546196197
310,"Probit Loss at 6h | Full",0.131592651838441,-0.471997598765487,-0.367394223616908,-0.474305726082879,-0.369190827341164,0.00970897519585702,0.000351889716269081
311,"Probit Loss at 6h | Full",0.242785882981719,1.19434821663775,1.32289679658579,1.21321883372118,1.34379847211184,0.0308664160665995,0.0151448532717348
312,"Probit Loss at 6h | Full",0.041267728941306,0.408624632933657,0.518490285393868,0.410293193826873,0.520607467139642,0.00811696662842197,0.000584047684800261
313,"Probit Loss at 6h | Full",0.121903094592738,-0.029930269808574,-0.0295808925512597,-0.0301370131800323,-0.0297852225989308,0.0136731685115458,0.00000323850253034431
314,"Probit Loss at 6h | Full",0.213361800762269,-0.113662077106913,-0.110480588393946,-0.114233878794105,-0.111036384913362,0.00998601477095906,0.0000327473169943037
315,"Probit Loss at 6h | Full",0.140816472907243,-0.463370478540504,-0.369098223349399,-0.464728082157046,-0.370179623883279,0.00583403798653498,0.000211753015792891
316,"Probit Loss at 6h | Full",0.140662348345189,1.35399132187857,1.72270440127462,1.36270460372173,1.73379044646428,0.0127473334753265,0.0102206487871654
317,"Probit Loss at 6h | Full",0.0887752113639719,-0.190624244820236,-0.171490686840749,-0.191534777931456,-0.172309826865575,0.00948515814229209,0.0000748682880672269
318,"Probit Loss at 6h | Full",0.151008732248341,0.0693936254327698,0.0709139607541613,0.0701012994451954,0.0716371390984389,0.0200881303593925,0.000027702769508924
319,"Probit Loss at 6h | Full",0.162427972725042,1.02190316117487,1.23032585966918,1.02773948889494,1.23735253811809,0.011325352605416,0.00461827152924319
320,"Probit Loss at 6h | Full",0.135859911353975,-0.370381321787078,-0.31216434306031,-0.373487574143693,-0.314782350959855,0.0165645949288255,0.000439490965352371
321,"Probit Loss at 6h | Full",0.139365992989209,1.18403604732184,1.4920362883557,1.19104276172808,1.50086564129634,0.0117310728709974,0.0070410989074772
322,"Probit Loss at 6h | Full",0.0844257229434586,-0.38192921261166,-0.290713642304786,-0.385982839743846,-0.293799147862439,0.0208938892369953,0.000485048105337239
323,"Probit Loss at 6h | Full",0.148786728846533,-0.489206768994039,-0.387103674226949,-0.490794498230202,-0.388360026060061,0.00645957147126295,0.000258214977174835
324,"Probit Loss at 6h | Full",0.109315492446622,-0.113628010766583,-0.107970360662537,-0.114230575346286,-0.108542922960813,0.0105221446762419,0.000032990996735881
325,"Probit Loss at 6h | Full",0.147033518897034,-0.142138795342435,-0.134999180257104,-0.142728589140097,-0.135559348781209,0.00824747454017764,0.0000402411921298696
326,"Probit Loss at 6h | Full",0.0853626496769571,0.502515935438484,0.607193437618075,0.510727729719539,0.617115804744951,0.0318987071574347,0.00330430282467471
327,"Probit Loss at 6h | Full",0.149624188327054,1.26824595112405,1.58227248752399,1.27952302310118,1.59634184111698,0.0175493157308411,0.0119865842897988
328,"Probit Loss at 6h | Full",0.132457854441264,-0.0610688722902993,-0.0596860733132169,-0.0612938973627368,-0.0599060030821337,0.00732901710367139,0.00000697710596705733
329,"Probit Loss at 6h | Full",0.127358901844375,0.407494617691855,0.460566301142969,0.410416073893207,0.463868244820728,0.0141858884974224,0.000815351771226861
330,"Probit Loss at 6h | Full",0.144855175831527,-0.384583354690367,-0.324559257195522,-0.386820188512341,-0.326446975722274,0.0115317995760608,0.000327381326670546
331,"Probit Loss at 6h | Full",0.131668484242333,0.564041634314218,0.657606595368049,0.567644282043289,0.661806861382641,0.0126530485542397,0.0014780262177371
332,"Probit Loss at 6h | Full",0.145092079508055,-0.20479066513319,-0.189361958325192,-0.205525500236095,-0.190041431747683,0.00713800904244863,0.0000683721155272167
333,"Probit Loss at 6h | Full",0.128509639633446,0.64372693387531,0.764636066738645,0.647816588388903,0.769493867736295,0.0125861104171554,0.00198745293880167
334,"Probit Loss at 6h | Full",0.160584747494576,-0.398521659349242,-0.339059227352657,-0.401384207072658,-0.341494661403962,0.0142125189367884,0.000442741076924486
335,"Probit Loss at 6h | Full",0.203495002036228,-0.485375325862926,-0.411005984982502,-0.492708262507345,-0.417215367058106,0.029544334654232,0.0013954469426527
336,"Probit Loss at 6h | Full",0.148512097200676,0.481463757235053,0.544738903730672,0.48357962235426,0.547132841027423,0.00873170050919075,0.000694364329786119
337,"Probit Loss at 6h | Full",0.184452352201251,-0.127256151078522,-0.122604168339929,-0.128098331867935,-0.123415562322875,0.0131057496836996,0.0000532629632643428
338,"Probit Loss at 6h | Full",0.0921989456675708,0.888712414671709,1.16425298238859,0.892934336775982,1.16978388903529,0.00943393260404967,0.00343174346850214
339,"Probit Loss at 6h | Full",0.0853642738791985,0.789477310692175,1.02617079842347,0.793123753013098,1.03091048198016,0.00917400322305704,0.00259118027025521
340,"Probit Loss at 6h | Full",0.184142396310255,-0.126485885446464,-0.121884320518734,-0.127727832994339,-0.123081085932189,0.0193522359011355,0.0000787217912266694
341,"Probit Loss at 6h | Full",0.152146917466801,0.391613758867262,0.43400344236305,0.394337312118,0.437021802825406,0.0137656155827761,0.000701965758282938
342,"Probit Loss at 6h | Full",0.155717434346375,0.0337941948991674,0.0341505819652338,0.0339364584677856,0.0342943458180274,0.00836654067824599,0.0000026129675866809
343,"Probit Loss at 6h | Full",0.068874819972935,0.0799125339608495,0.0834192238362526,0.0809598498239604,0.0845124975954717,0.0257051291939605,0.0000496209951490387
344,"Probit Loss at 6h | Full",0.097985828236474,1.26897114212071,1.74317874650635,1.29340932813469,1.77674934953169,0.0374317907324167,0.0323262734372275
345,"Probit Loss at 6h | Full",0.179455549087487,-0.317211217278099,-0.284652245657787,-0.318819455804779,-0.286095412491864,0.0100632645493804,0.000219102563561818
346,"Probit Loss at 6h | Full",0.0785587007581774,-0.18409952402684,-0.16477943244232,-0.184967775525638,-0.165556566386286,0.0093661036915136,0.0000682390261904286
347,"Probit Loss at 6h | Full",0.0870631424588893,0.269912050592788,0.302069993263861,0.271544521215512,0.30389696019226,0.0119874529170212,0.000295060713534482
348,"Probit Loss at 6h | Full",0.155398560384178,-0.154375866673018,-0.146290009675561,-0.155141574171865,-0.147015611156084,0.00984672113579896,0.0000565992058830448
349,"Probit Loss at 6h | Full",0.155364694995359,-0.221917544582077,-0.204663318343021,-0.223732276753674,-0.206336953966749,0.0161565634658949,0.000184107402239988
350,"Probit Loss at 6h | Full",0.127812171099961,0.244580849377997,0.264803773547776,0.24624045948354,0.266600606863562,0.0134341642591474,0.000254859643508441
351,"Probit Loss at 6h | Full",0.11322385832789,-0.228052234805949,-0.204577987303637,-0.229267445566398,-0.205668111992544,0.0105727195736675,0.000119023023217553
352,"Probit Loss at 6h | Full",0.14358633359728,0.0240837358619412,0.0242783004321309,0.0242820802994636,0.0244782472290404,0.0162699704533826,0.00000260955041022998
353,"Probit Loss at 6h | Full",0.136228514651863,-0.246070599048724,-0.222147566447522,-0.247050489300496,-0.223032191574044,0.00791698051381995,0.000104529984346072
354,"Probit Loss at 6h | Full",0.139005267100045,-0.207504516477975,-0.191082180589392,-0.208937377611153,-0.192401642133924,0.0136686693051791,0.000135087504347754
355,"Probit Loss at 6h | Full",0.195048975351064,-0.0036602698453304,-0.00365682714633219,-0.00369289574245385,-0.00368942235688114,0.0175914936053007,0.0000000641832305379414
356,"Probit Loss at 6h | Full",0.334750601294197,-0.666004069896933,-0.582165150730057,-0.674204111986342,-0.589332942872397,0.0241771749186354,0.0022659495615899
357,"Probit Loss at 6h | Full",0.146409463329445,-0.364977711227937,-0.312035065597609,-0.365875566630516,-0.312802680607573,0.00490196022779745,0.000126922631180292
358,"Probit Loss at 6h | Full",0.144134516209125,-0.506624123491469,-0.392153444950464,-0.509233385035527,-0.394173149216079,0.0102215480028678,0.000422519710832839
359,"Probit Loss at 6h | Full",0.040882130754634,-0.0637598471552235,-0.0605105780710526,-0.0642406905464054,-0.0609669171756811,0.0149140310882501,0.0000148184781173292
360,"Probit Loss at 6h | Full",0.0727250304227944,-0.271300036458944,-0.224599481740178,-0.272905374876479,-0.225928483318291,0.0117301962072043,0.000159538662279848
361,"Probit Loss at 6h | Full",0.129781656108621,-0.339636544232907,-0.289771976619465,-0.341209007872158,-0.291113575174288,0.00919577296774592,0.000207118802952864
362,"Probit Loss at 6h | Full",0.177737624994738,0.168581155278113,0.176010546175084,0.169751505752145,0.177232474129076,0.0137414508650603,0.000115245142892408
363,"Probit Loss at 6h | Full",0.16347156330418,0.0235050969041819,0.0236710287528822,0.0236146959904969,0.0237814015428361,0.00926073781026228,0.0000013920515822303
364,"Probit Loss at 6h | Full",0.196113493104862,-0.328806945255838,-0.296466168218782,-0.332574639359053,-0.299863279654283,0.0225293922371467,0.000545740977101278
365,"Probit Loss at 6h | Full",0.183319713600836,0.313305408462952,0.336703850827731,0.317176254041401,0.340863780969434,0.0242592279059543,0.000760673799450184
366,"Probit Loss at 6h | Full",0.269947022254493,-0.737760683956136,-0.587752218242309,-0.746992380747239,-0.595106839307253,0.0245642448784799,0.00234849073983467
367,"Probit Loss at 6h | Full",0.09408539155154,0.571266698336334,0.695123687865471,0.573798984779015,0.698205002242616,0.00880691243304273,0.00114057946240561
368,"Probit Loss at 6h | Full",0.0382207366774011,-0.097802074492664,-0.0896878379182978,-0.0982972117684301,-0.0901418956871803,0.0100489165020527,0.00002171966378925
369,"Probit Loss at 6h | Full",0.120449673016183,-0.203217221350346,-0.185644099012605,-0.20453019821639,-0.186843536765475,0.0127977439535016,0.000119172941368852
370,"Probit Loss at 6h | Full",0.135702453931185,-0.0703610405897109,-0.0685528486924172,-0.0707243166311102,-0.0689067889879402,0.0102466329390826,0.0000129441172444329
371,"Probit Loss at 6h | Full",0.183913023071198,-0.487527712781169,-0.404446736844004,-0.489731629522408,-0.406275077902167,0.00898025578123663,0.000393859192326348
372,"Probit Loss at 6h | Full",0.167551975520955,-0.437197136409989,-0.366636480752491,-0.438729918895804,-0.367921882530218,0.00697515666568126,0.000250379813768104
373,"Probit Loss at 6h | Full",0.136010547172619,-0.421524114359328,-0.343598682164197,-0.422822632212217,-0.344657148353486,0.0061327083016723,0.000193015734023481
374,"Probit Loss at 6h | Full",0.116169905579867,-0.262453323204759,-0.231392940829602,-0.264145950262566,-0.232885251720739,0.0127747856344471,0.000184805791209685
375,"Probit Loss at 6h | Full",0.158694559363601,-0.504459045471117,-0.400897400487054,-0.507890527742915,-0.403624425277136,0.0134670364991112,0.000585611419819323
376,"Probit Loss at 6h | Full",0.15166416205433,-0.408254181662079,-0.342252171077685,-0.410241033233615,-0.343917810511429,0.00966280853706137,0.000303895200857138
377,"Probit Loss at 6h | Full",0.172627521216899,-0.255438618408061,-0.23424630631641,-0.257186572503105,-0.23584924244614,0.0135466960205042,0.000201150004653265
378,"Probit Loss at 6h | Full",0.0400966537372231,-0.0106487291056735,-0.0105596457733513,-0.0107123487973401,-0.0106227332461888,0.0118425523676897,0.000000356111451108352
379,"Probit Loss at 6h | Full",0.0739642279487937,-0.0144007584803841,-0.0142875313146257,-0.0144611292233531,-0.0143474273875882,0.00833195353505635,0.00000045543123481775
380,"Probit Loss at 6h | Full",0.211595434752739,-0.271199546991857,-0.25143366501295,-0.275111746950218,-0.255060731446891,0.0282385864731495,0.00049781127280619
381,"Probit Loss at 6h | Full",0.280278488982961,0.763374199422305,0.818787937193963,0.768091484016855,0.823847651977684,0.0122454133001418,0.00221570751724305
382,"Probit Loss at 6h | Full",0.0492781598759458,-0.29260289843364,-0.219517464701251,-0.29418381555677,-0.220703505306556,0.0107189395690075,0.00013897760121145
383,"Probit Loss at 6h | Full",0.0784230446942223,-0.210518985538195,-0.184844174942788,-0.213103805221835,-0.187113751060005,0.0241116627157618,0.000227788956033739
384,"Probit Loss at 6h | Full",0.431330696725796,-0.637185563190586,-0.594494731728402,-0.653900247531478,-0.610089547991041,0.050469648950443,0.00520958134972295
385,"Probit Loss at 6h | Full",0.336744224795096,1.01294153550598,1.03969383004715,1.02964813966308,1.05684166400827,0.0321878253828944,0.00978170654898766
386,"Probit Loss at 6h | Full",0.0827602424675636,0.287274372342953,0.324713000390889,0.288705120774035,0.326330209096532,0.00988692695419796,0.000280017588445558
387,"Probit Loss at 6h | Full",0.167073307533755,0.942795607018154,1.12092597668196,0.950204371398788,1.12973454174903,0.0155332504319359,0.005302837620793
388,"Probit Loss at 6h | Full",0.134506774664283,-0.417939277615379,-0.34080639500687,-0.421618488206646,-0.343806588013938,0.017376645315014,0.00055042920015106
389,"Probit Loss at 6h | Full",0.11240807939468,-0.348387390219027,-0.289307941189617,-0.35001406297823,-0.290658763177343,0.00927330065234831,0.000208229155397823
390,"Probit Loss at 6h | Full",0.139825268908399,-0.46901841485966,-0.371390335346472,-0.471036548719181,-0.372988386482878,0.0085505490619172,0.000315942658221668
391,"Probit Loss at 6h | Full",0.153972502513236,0.742168158923034,0.87346340091927,0.747205162890396,0.879391489537569,0.0134368087323105,0.00277351146745115
392,"Probit Loss at 6h | Full",0.182216155266884,-0.530688444493927,-0.42825514927289,-0.534967226646856,-0.431708042413151,0.0159324557985244,0.000794570275629591
393,"Probit Loss at 6h | Full",0.14743487805575,-0.461390465909032,-0.371778319363374,-0.46362659989783,-0.373580147094228,0.00962300869058567,0.000357085434124257
394,"Probit Loss at 6h | Full",0.0788449413361434,1.76192195773001,2.67973719478624,1.78400206965447,2.71331921408593,0.0246002765422263,0.0488937517846047
395,"Probit Loss at 6h | Full",0.247902716167957,1.03174071175578,1.13872841148693,1.03942835816058,1.14721323841958,0.0147373646322839,0.00518382506908379
396,"Probit Loss at 6h | Full",0.448180612570305,0.028566357567778,0.0285927467124597,0.0293036851635735,0.029330755439707,0.0496900932988673,0.0000118452784674465
397,"Probit Loss at 6h | Full",0.304158461920567,-0.560832759615638,-0.49675777332916,-0.571896845831892,-0.506557790782626,0.0383183147355539,0.00269232370585895
398,"Probit Loss at 6h | Full",0.158140919075294,-0.283890439941306,-0.255200842929568,-0.285759906521274,-0.256881383659066,0.0130413779511946,0.000229606417007511
399,"Probit Loss at 6h | Full",0.137296279710728,-0.480614959049113,-0.375396127227058,-0.485696296743323,-0.379365030931831,0.020814477439318,0.000805581236907373
400,"Probit Loss at 6h | Full",0.178480746212808,-0.489822698816027,-0.403366206051277,-0.49168093300161,-0.404896451332285,0.00754441591158183,0.00032816835907764
401,"Probit Loss at 6h | Full",0.119790566281525,-0.0853767832413688,-0.0824274980648563,-0.0864254111675688,-0.083439901824708,0.0241194398368735,0.0000453119070921499
402,"Probit Loss at 6h | Full",0.0428883659362299,-0.0540240364906635,-0.0517674513275352,-0.0543436366671071,-0.0520737017977527,0.0117276058884761,0.00000847351932114607
403,"Probit Loss at 6h | Full",0.131647686126507,-0.312001076732412,-0.271060919073994,-0.312970016993508,-0.271902716930755,0.00618231978864033,0.000121106112456561
404,"Probit Loss at 6h | Full",0.140121914392361,-0.325215399567225,-0.282607625101601,-0.326672552282247,-0.283873870392417,0.00890128554461635,0.00019058156115582
405,"Probit Loss at 6h | Full",0.141160251320716,-0.466002546614547,-0.370663845387512,-0.468671508783852,-0.372786768938157,0.0113570490086838,0.000420379207608588
406,"Probit Loss at 6h | Full",0.132833575495203,-0.132955573756014,-0.126205758057133,-0.133417636931774,-0.126644363462831,0.00691457379025564,0.0000294065963291083
407,"Probit Loss at 6h | Full",0.128927776334026,-0.397485521628823,-0.326234724860583,-0.399118371207425,-0.327574879920398,0.00816554479639288,0.000232627673544056
408,"Probit Loss at 6h | Full",0.35971296042345,-0.528670173195978,-0.486934941480658,-0.534088921077071,-0.491925912819985,0.0201886201361513,0.00131297899872951
409,"Probit Loss at 6h | Full",0.0925830321435311,-0.262048229019644,-0.225491315170085,-0.263048349382756,-0.22635191421649,0.00758962461926955,0.000103179059611362
410,"Probit Loss at 6h | Full",0.158450549808076,0.23505707038385,0.250708492161469,0.236219758272184,0.251948598348714,0.00981989387241273,0.000165771822710297
411,"Probit Loss at 6h | Full",0.109983819671177,-0.311387310862943,-0.264515385486797,-0.312677700350399,-0.26561153764456,0.00823676796944826,0.000154289695664492
412,"Probit Loss at 6h | Full",0.139436289083405,-0.070592538254214,-0.0688112142666139,-0.0709902880043834,-0.0691989272453544,0.0111743589198083,0.0000142493758833678
413,"Probit Loss at 6h | Full",0.183322381512588,-0.551226170870227,-0.439606956308433,-0.554509072111834,-0.442225094377613,0.011805697703462,0.000615219796066101
414,"Probit Loss at 6h | Full",0.145426961865527,-0.469531669103514,-0.37500826640833,-0.47230764170032,-0.377225396241368,0.0117203894610769,0.000444383859477537
415,"Probit Loss at 6h | Full",0.232178907043843,0.274688466088553,0.28858264353926,0.277800812438497,0.291852417294476,0.0222815168097992,0.000511153969793799
416,"Probit Loss at 6h | Full",0.127763781340564,-0.415268269102205,-0.335919252748317,-0.418513930229959,-0.338544736421959,0.0154502658634874,0.000473614130725799
417,"Probit Loss at 6h | Full",0.142880747204492,0.150339247152695,0.157576980713725,0.151037218941978,0.15830855473223,0.00922102596690765,0.000061419383575917
418,"Probit Loss at 6h | Full",0.165857341145897,-0.495849092338108,-0.400474065078941,-0.498046989584815,-0.402249203641491,0.00880658892534237,0.000378559305469791
419,"Probit Loss at 6h | Full",0.076573312390173,-0.168534805698949,-0.152204965554651,-0.169242718663182,-0.152844286719736,0.0083481573823172,0.000051787392607152
420,"Probit Loss at 6h | Full",0.0960754745619427,-0.230592258429102,-0.203517303082218,-0.23172887346126,-0.2045204626313,0.00978581135677555,0.000108851758452137
421,"Probit Loss at 6h | Full",0.409891979169894,-0.902312317961518,-0.774667549489634,-0.931919102150879,-0.800086037633579,0.0625300734652683,0.0112434398070732
422,"Probit Loss at 6h | Full",0.129437783730125,-0.405717798783183,-0.331302162280269,-0.409959428041487,-0.334765803631676,0.0205858728630146,0.000620267920853275
423,"Probit Loss at 6h | Full",0.169448152098208,0.551925541897154,0.623160196588552,0.554374031500226,0.62592470220855,0.00881384182359267,0.000917378226868485
424,"Probit Loss at 6h | Full",0.155318124926089,-0.113985796421079,-0.109655666860208,-0.114425067618009,-0.110078250879833,0.0076631465068777,0.0000246402590950243
425,"Probit Loss at 6h | Full",0.161754701340385,0.006153943925698,0.00616550953176336,0.00617061845268754,0.00618221539654422,0.00539718920657753,0.000000054613555033141
426,"Probit Loss at 6h | Full",0.198809348300416,-0.00196624521809178,-0.00196527179952622,-0.00199287047934894,-0.00199188387955686,0.0265420170233013,0.0000000284864918104011
427,"Probit Loss at 6h | Full",0.233081312234354,-0.41830975866792,-0.372418878704252,-0.4212330304787,-0.375021451528241,0.013831433639887,0.000519424564900001
428,"Probit Loss at 6h | Full",0.154258422543333,-0.542987298452209,-0.415379187757489,-0.544213279646152,-0.416317049608029,0.00450044245464537,0.000206327329738955
429,"Probit Loss at 6h | Full",0.175804824781455,-0.528380348329104,-0.423386627482981,-0.530690717871281,-0.425237906721118,0.00868807518696752,0.000417322120336672
430,"Probit Loss at 6h | Full",0.236223172239291,-0.344445541592702,-0.315055331065472,-0.348933660601251,-0.319160496176802,0.0255593286358863,0.000703568722997742
431,"Probit Loss at 6h | Full",0.1508580989051,-0.229122456285457,-0.210200865529153,-0.23210742254792,-0.212939324701236,0.0255551716538134,0.00031313204491481
432,"Probit Loss at 6h | Full",0.119307357944849,-0.0429449508259652,-0.0422099803202325,-0.043356986557411,-0.0426149643703026,0.0189163458227029,0.0000092203983906825
433,"Probit Loss at 6h | Full",0.351549144995552,-0.626079283237008,-0.560156857758949,-0.633993559744778,-0.567237808013535,0.0248105949597062,0.00215562279083887
434,"Probit Loss at 6h | Full",0.181246906195186,-0.522314612638792,-0.423188823042897,-0.525978661055299,-0.426157501880198,0.0138837809358882,0.000673308579599649
435,"Probit Loss at 6h | Full",0.0879248018212571,1.18599359956793,1.64944952192273,1.19612517304524,1.66354025481923,0.0168689110896683,0.0125036402653707
436,"Probit Loss at 6h | Full",0.201234992779149,0.393952342564304,0.426178820053043,0.39616246349879,0.428569735476728,0.0111265261044547,0.000544196925367527
437,"Probit Loss at 6h | Full",0.368687761450009,0.362967847046684,0.370841718197505,0.374434187891259,0.382556798678706,0.0603084530094971,0.00247331219646762
438,"Probit Loss at 6h | Full",0.261548414562822,-0.667862979294476,-0.547293513720048,-0.678276203748452,-0.555826836238677,0.0304692689108601,0.00255666425169576
439,"Probit Loss at 6h | Full",0.219526388648261,0.820910189332795,0.920693098995261,0.82952411035091,0.930354055503931,0.0206605129195838,0.00480837760261684
440,"Probit Loss at 6h | Full",0.130331943749719,-0.341032148658176,-0.290885570983948,-0.344463798208162,-0.293812618603041,0.0198253402376995,0.00045978234214009
441,"Probit Loss at 6h | Full",0.110480009074539,-0.385525084992565,-0.310236056762105,-0.38808761742309,-0.312298153335111,0.0131623486471121,0.000342547445779957
442,"Probit Loss at 6h | Full",0.0993971826717539,-0.405804024064321,-0.313415403379616,-0.407639953296838,-0.314833350139293,0.00898731779227399,0.00023670453012105
443,"Probit Loss at 6h | Full",0.157911719368343,-0.497319292231247,-0.396773516722611,-0.50219430892492,-0.400662924489102,0.0193206281430284,0.0008328115446961
444,"Probit Loss at 6h | Full",0.211071941699467,-0.0760264113171859,-0.0746121787374416,-0.076856322096157,-0.0754266516331618,0.0214798205437731,0.0000328855221435415
445,"Probit Loss at 6h | Full",0.169305437852132,1.11581198901419,1.34150867602403,1.12322204900223,1.35041757811659,0.0131507699129335,0.00639927478951961
446,"Probit Loss at 6h | Full",0.288561269276613,-0.259829315461644,-0.247545561205468,-0.262799363616006,-0.250375196636991,0.0224754352112835,0.000379539742737865
447,"Probit Loss at 6h | Full",0.158758393300496,-0.473747101555816,-0.384548226883939,-0.475797603060146,-0.386212652302318,0.00860064473455609,0.000340745079137398
448,"Probit Loss at 6h | Full",0.155893982401415,-0.467360119901961,-0.379509741705932,-0.472887706171891,-0.383998299347518,0.0232413751058001,0.000923905152402092
449,"Probit Loss at 6h | Full",0.140407229892196,-0.114120575960877,-0.109401960612964,-0.114672900127557,-0.109931447484371,0.00960983852735481,0.0000308779093322498
450,"Probit Loss at 6h | Full",0.128673694733599,-0.436898853913318,-0.348149088834527,-0.439266771167707,-0.35003599750267,0.0107521676866589,0.000350679647960004
451,"Probit Loss at 6h | Full",0.041358285484282,0.09898492349931,0.106177080412539,0.0995840647544605,0.106819754740888,0.0119966765527287,0.0000364837876406926
452,"Probit Loss at 6h | Full",0.152054152359646,-0.370598516147572,-0.317565046513361,-0.372010717855211,-0.318775159024427,0.00757785293862267,0.000204320945335999
453,"Probit Loss at 6h | Full",0.199621977773056,-0.513626230880038,-0.42710797323804,-0.517716614711391,-0.430509348485136,0.0157392095602167,0.000780426716358229
454,"Probit Loss at 6h | Full",0.124567708610403,-0.223775618494383,-0.202792281059669,-0.225415454098836,-0.204278350029235,0.0144965298306704,0.00016163849581111
455,"Probit Loss at 6h | Full",0.127635853365291,-0.147741493711946,-0.139086284812166,-0.148597259131049,-0.139891916526204,0.0114847510029441,0.0000598711599975564
456,"Probit Loss at 6h | Full",0.106863195816067,-0.125666132135389,-0.118593533060533,-0.126190486741071,-0.119088376533533,0.00829325892408097,0.0000312302118903743
457,"Probit Loss at 6h | Full",0.428153990317431,-0.710186723754338,-0.651822295798523,-0.728438511254394,-0.668574118428804,0.0494842829555829,0.00612775399368043
458,"Probit Loss at 6h | Full",0.0972009691714593,-0.410752053641412,-0.313862821381209,-0.413654407096773,-0.316080560370143,0.0139835157517268,0.000373097204922076
459,"Probit Loss at 6h | Full",0.194212118109712,1.09068578145903,1.27154161682705,1.09730881714835,1.27926287408726,0.012034986379645,0.00524949893702974
460,"Probit Loss at 6h | Full",0.333259477465863,-0.0419202574373262,-0.0417063602625284,-0.0423998296953489,-0.0421834855138442,0.0224934915836988,0.0000107824229117141
461,"Probit Loss at 6h | Full",0.164864507782379,-0.245745103108631,-0.225408045177718,-0.246936102099716,-0.226500481002453,0.00962294961168555,0.000131262334154844
462,"Probit Loss at 6h | Full",0.187038212292961,-0.298897124790867,-0.271356145244409,-0.301136677726004,-0.273389341287946,0.0148186874903036,0.000296040380057891
463,"Probit Loss at 6h | Full",0.117564055146744,-0.291515857440138,-0.252922316447699,-0.293705914423309,-0.254822433615252,0.0148576630656422,0.00025788201906584
464,"Probit Loss at 6h | Full",0.0414644972818171,1.83645591571763,3.37356479009969,1.85620620218251,3.40984601549805,0.0211670595374719,0.0662087992265181
465,"Probit Loss at 6h | Full",0.106473368575948,-0.285723868330688,-0.245907625487411,-0.287478550913963,-0.247417789234172,0.0121701431319207,0.000198595591381919
466,"Probit Loss at 6h | Full",0.299949156351623,-0.795476664325387,-0.636897916532576,-0.803466009677602,-0.643294581120594,0.019788326638762,0.00219990136037306
467,"Probit Loss at 6h | Full",0.180541438810863,-0.158357364807688,-0.150898951365436,-0.159730386486449,-0.152207305617091,0.017117851533773,0.000106246107063486
468,"Probit Loss at 6h | Full",0.134745667393862,-0.367635161226297,-0.309987220073649,-0.369390752720991,-0.311467521699886,0.00948274752579804,0.000244563645749379
469,"Probit Loss at 6h | Full",0.129483237189858,-0.306416511003923,-0.266530149854826,-0.307781723279798,-0.267717651896673,0.00885162678819432,0.000168551514149463
470,"Probit Loss at 6h | Full",0.123266770871006,0.0783444689668211,0.0806168196690154,0.0789519485760302,0.081241918986862,0.0153293884790267,0.0000270575470516476
471,"Probit Loss at 6h | Full",0.168852479686713,-0.309864144499548,-0.27715296806488,-0.311437523325463,-0.278560251286361,0.0100784546652552,0.000208029862931411
472,"Probit Loss at 6h | Full",0.125385072410199,-0.312239644151737,-0.269617138359797,-0.31402183219907,-0.271156047496868,0.0113185172660324,0.000221649088114896
473,"Probit Loss at 6h | Full",0.186408595091306,0.292115918394265,0.31228851931796,0.293238158079812,0.313488257324864,0.00763947130364042,0.000199218928162389
474,"Probit Loss at 6h | Full",0.0829562216995237,0.215144490652375,0.236638807169795,0.218198887209808,0.239998357562105,0.0278004946314354,0.000433718441296315
475,"Probit Loss at 6h | Full",0.10709051593953,-0.356786990051504,-0.292082800688913,-0.361006828684019,-0.295537361310819,0.0232415305088941,0.000547263574795767
476,"Probit Loss at 6h | Full",0.0933780912638813,-0.346673783381239,-0.279343065708651,-0.347711715109671,-0.2801794111288,0.00596116007598003,0.000123963573883566
477,"Probit Loss at 6h | Full",0.156491488653129,-0.494206170096367,-0.394325190042066,-0.496092606639974,-0.395830370457792,0.0075907193394797,0.000315576434119
478,"Probit Loss at 6h | Full",0.304767867331662,0.443985747009589,0.464105879010725,0.448970763735715,0.469316802075587,0.0220831389590047,0.00130974062465102
479,"Probit Loss at 6h | Full",0.173270253289028,0.328918801813109,0.356041223499289,0.333250501686439,0.360730112411175,0.0258277027048754,0.000908466714068181
480,"Probit Loss at 6h | Full",0.161056221920953,-0.217424059450222,-0.201400124812322,-0.218567023323999,-0.20245885339745,0.0104313576339213,0.000113779148201781
481,"Probit Loss at 6h | Full",0.1473620065059,0.445546153507629,0.500859832170217,0.450215512976385,0.506108883433373,0.020635208992339,0.00142117162390598
482,"Probit Loss at 6h | Full",0.347198630038504,-0.0349472140732913,-0.0348127322709821,-0.0354325911641349,-0.0352962415624114,0.0272095593545114,0.00000917599909990186
483,"Probit Loss at 6h | Full",0.0939648306239775,-0.30533773708918,-0.254866290235171,-0.30686539360687,-0.256141429538715,0.0099317421369142,0.000173306231237529
484,"Probit Loss at 6h | Full",0.0760632732585005,-0.148665138493557,-0.136036835854039,-0.150516901644196,-0.137731301700684,0.0244540286740238,0.000125216685349067
485,"Probit Loss at 6h | Full",0.145893137235821,-0.525075771186556,-0.40132724715359,-0.528260075468606,-0.403761082690747,0.012019484641719,0.000522252589044637
486,"Probit Loss at 6h | Full",0.0959504157715334,0.120250755674449,0.126559063359363,0.120804418713433,0.127141771345167,0.00914526618246078,0.0000392877447340958
487,"Probit Loss at 6h | Full",0.174069484072024,0.0734819799857284,0.0749810751790166,0.0740863091860194,0.0755977332114851,0.0162476554977974,0.0000248551672813205
488,"Probit Loss at 6h | Full",0.150038165576097,-0.150154203214473,-0.142290421600601,-0.151054261662922,-0.143143342753345,0.0118815177351614,0.0000648782952133949
489,"Probit Loss at 6h | Full",0.0591920622081444,-0.141808649032067,-0.12836499793811,-0.142793948345559,-0.129256889548446,0.0137526830729826,0.0000613483976080121
490,"Probit Loss at 6h | Full",0.157905589034001,0.038805358050633,0.0392686535171001,0.0389468410297687,0.0394118256553135,0.00725224389747946,0.00000298800152578832
491,"Probit Loss at 6h | Full",0.183220775004209,-0.134485319637538,-0.129239004955871,-0.135978952786809,-0.130674371005497,0.0218479384355164,0.000100433627099927
492,"Probit Loss at 6h | Full",0.120662261816522,0.829858873435852,1.02833095952175,0.832878704255951,1.03207302413566,0.00723840384220349,0.00204509231277798
493,"Probit Loss at 6h | Full",0.130016634725248,-0.473245071607479,-0.366834408524261,-0.47782955902494,-0.370388059330298,0.0190967454007997,0.000703301201100588
494,"Probit Loss at 6h | Full",0.116824097499685,1.7382097636624,2.35504753719476,1.75187772522344,2.37356584257176,0.0155429153326213,0.0234224586779718
495,"Probit Loss at 6h | Full",0.244642098789859,1.04010606947772,1.15140013572702,1.05486063780552,1.16773348140564,0.0277787986440572,0.010259591265301
496,"Probit Loss at 6h | Full",0.181975573990429,-0.530185378722055,-0.427851571207889,-0.532636176242876,-0.429829327690958,0.00918134836351361,0.000450815254886912
497,"Probit Loss at 6h | Full",0.163394449152831,-0.314319068037025,-0.279584558631694,-0.315722988731171,-0.280833336028745,0.00887359709341651,0.000185935450299226
498,"Probit Loss at 6h | Full",0.179805537404222,-0.291048716189916,-0.264059455432656,-0.295262899020432,-0.267882852552861,0.0283415835485381,0.000551181391617627
499,"Probit Loss at 6h | Full",0.167764026928327,-0.452287805678794,-0.376118139436334,-0.455406012187683,-0.378711209635831,0.0136472997875097,0.000522546611787649
500,"Probit Loss at 6h | Full",0.200370452734702,0.180514343928446,0.188005905366607,0.181895271879795,0.189444143481592,0.015126132902345,0.000145145604255687
501,"Probit Loss at 6h | Full",0.250721360534517,-0.347455521740565,-0.319536899698055,-0.351654457630284,-0.323398444190168,0.0237384572684962,0.000669663123096291
502,"Probit Loss at 6h | Full",0.244726971657299,-0.500550427912898,-0.435254713920786,-0.512720037731772,-0.445836824623053,0.0469074103570892,0.00257603915583723
503,"Probit Loss at 6h | Full",0.118242844736421,-0.0292764738558442,-0.0289345811844565,-0.0295951551879172,-0.0292495409340575,0.0214200970391445,0.00000493125512606397
504,"Probit Loss at 6h | Full",0.247256203557259,0.137428117644141,0.140858624821716,0.139271754712285,0.142748283113926,0.0263001542408977,0.000144933641187347
505,"Probit Loss at 6h | Full",0.132827858638279,-0.486459968190603,-0.374800038676571,-0.488317878950006,-0.376231492588538,0.00759495577823369,0.000285259948418114
506,"Probit Loss at 6h | Full",0.0646020024809615,0.574220831479203,0.733957116631468,0.588666581978192,0.752421374287365,0.0484773661038495,0.00759515012381074
507,"Probit Loss at 6h | Full",0.125011993226643,1.52555083354677,2.01700160011029,1.53624472366765,2.03114048883881,0.0138736616071669,0.0152838472195446
508,"Probit Loss at 6h | Full",0.172395961389073,-0.369557949339514,-0.322380593396256,-0.371699300335449,-0.324248581910569,0.0114887644795025,0.000321767450320814
509,"Probit Loss at 6h | Full",0.119227350257839,-0.0427023055807723,-0.0419753279039476,-0.042979583488806,-0.0422478853443935,0.0128611527665725,0.00000612358608143435
510,"Probit Loss at 6h | Full",0.156751120241361,0.591038090295597,0.677934426082633,0.593899844922654,0.681216925150863,0.00961394367398022,0.00118621151967583
511,"Probit Loss at 6h | Full",0.159796480060397,0.526647876246981,0.596119722218603,0.533339749555433,0.603694342449077,0.0249367930055886,0.00245434869958808
512,"Probit Loss at 6h | Full",0.341779278419658,-0.220795704121646,-0.214374841415266,-0.224370798693871,-0.217845970235521,0.0316138468223437,0.000407964202607499
513,"Probit Loss at 6h | Full",0.166105168313146,-0.558523392126413,-0.431195437864003,-0.561759287286468,-0.433693638029102,0.011487394652469,0.00057557199473042
514,"Probit Loss at 6h | Full",0.11359977503839,-0.263901660526774,-0.23193848839461,-0.265540804951203,-0.233379103354379,0.0123076024095394,0.000178718661407231
515,"Probit Loss at 6h | Full",0.141746731097282,-0.329271659853691,-0.285907501120306,-0.332320369236704,-0.28855470398534,0.0182638515323145,0.000407894758454827
516,"Probit Loss at 6h | Full",0.153400010900909,-0.34129545319054,-0.297400511988962,-0.350148165174653,-0.305114652484987,0.0499263018216479,0.00128822716486463
517,"Probit Loss at 6h | Full",0.163836290959274,0.5278429863849,0.595913666234041,0.532466355927915,0.601133265936601,0.0172904721150221,0.00167423890941143
518,"Probit Loss at 6h | Full",0.206675937736578,1.05465583050801,1.21146864398375,1.06471227222323,1.22302034023918,0.0188012279445106,0.00754728587523265
519,"Probit Loss at 6h | Full",0.199884369949877,0.410889568583526,0.445948288663296,0.415976947025921,0.451469742318081,0.0243103339228029,0.00133730583326834
520,"Probit Loss at 6h | Full",0.222270229683157,0.473559602261611,0.513093431467977,0.482773085997817,0.52307607771442,0.0378047850151109,0.00283078912672077
521,"Probit Loss at 6h | Full",0.17523232969397,-0.482810275831667,-0.39774058848593,-0.486288969745093,-0.40060634721881,0.0142559326592179,0.000611169027357902
522,"Probit Loss at 6h | Full",0.141511902669597,-0.0556320829479813,-0.0545458806744678,-0.0560534368979424,-0.0549590077956972,0.0149775040880795,0.0000120938697446925
523,"Probit Loss at 6h | Full",0.321893636299778,-0.561590226221448,-0.502712773807081,-0.570366546023143,-0.510568979035248,0.030537550126186,0.00216225182133825
524,"Probit Loss at 6h | Full",0.199578020263743,-0.101742303972711,-0.0990234853957205,-0.103172094065239,-0.100415067783951,0.0275245525170833,0.00007515080122165
525,"Probit Loss at 6h | Full",0.0835327587703644,-0.297222088627068,-0.245432749081179,-0.300585200762726,-0.248209857137769,0.0222519136360402,0.000369209325683251
526,"Probit Loss at 6h | Full",0.194147261254223,-0.590060277907733,-0.465555848472952,-0.599520121833719,-0.473019637903076,0.0313090754418606,0.00190430968681474
527,"Probit Loss at 6h | Full",0.196358003145614,-0.00695523639980236,-0.00694287172923672,-0.00701018316269867,-0.00699772081053276,0.0156148338923136,0.000000204540706926454
528,"Probit Loss at 6h | Full",0.196965017152453,1.11742519492008,1.30010714738301,1.12852246989595,1.31301865732407,0.0195702132534077,0.00906181261220929
529,"Probit Loss at 6h | Full",0.138013017547531,-0.439667119307253,-0.35483669109257,-0.444203201401794,-0.358497570631361,0.0203191758318019,0.000701920840220204
530,"Probit Loss at 6h | Full",0.142676272695478,-0.518079323961474,-0.395866410318217,-0.521409297186159,-0.398410855707066,0.0127321849792672,0.000539044363215559
531,"Probit Loss at 6h | Full",0.166189581587441,-0.538207721466038,-0.422200870892274,-0.541565848180989,-0.424835177252199,0.0123630957749739,0.000594928927261659
532,"Probit Loss at 6h | Full",0.126478106892477,-0.476953741568362,-0.36577228998473,-0.479382859462828,-0.36763516249723,0.0101086781107626,0.000363442037217797
533,"Probit Loss at 6h | Full",0.205296191208228,0.736316839683818,0.829200225533465,0.746260080626338,0.840397766031944,0.0264706604321664,0.00505684605668619
534,"Probit Loss at 6h | Full",0.315257158948424,-0.765530143592503,-0.633277283399448,-0.773428946922169,-0.639811490780549,0.0203211148958183,0.0022359499425691
535,"Probit Loss at 6h | Full",0.132337994925412,-0.485347033990299,-0.37394143525751,-0.492158094603154,-0.37918909848161,0.0274868216808318,0.00107012605427681
536,"Probit Loss at 6h | Full",0.137019067460528,-0.134705406553036,-0.127939017907931,-0.137441219878579,-0.130537408566524,0.0394144448011301,0.000184112619570931
537,"Probit Loss at 6h | Full",0.139526790881481,-0.180489988150522,-0.168261368212883,-0.182787911630883,-0.170403601988928,0.024985014101583,0.000195938631834022
538,"Probit Loss at 6h | Full",0.173237550225875,1.12031930415852,1.34068988307646,1.13485339854695,1.35808288276318,0.0254500275739041,0.0126832606137272
539,"Probit Loss at 6h | Full",0.21024061727752,-0.315157174280567,-0.287660194889382,-0.317185746367115,-0.289511777177158,0.0127501642761459,0.000285046296421188
540,"Probit Loss at 6h | Full",0.141819527178628,-0.496242163937495,-0.385806970974611,-0.498117809006134,-0.387265204464512,0.00751675084512968,0.000299101193952132
541,"Probit Loss at 6h | Full",0.0920244361997753,-0.374853112754724,-0.293362299957551,-0.377241134114303,-0.295231179832245,0.0126203787855264,0.000293364052660785
542,"Probit Loss at 6h | Full",0.176325880210763,0.745529619459017,0.860080139547187,0.755239158396035,0.871281547762127,0.0255472050903966,0.00524075483657189
543,"Probit Loss at 6h | Full",0.212259450989474,-0.399620360664886,-0.353770563655779,-0.402806084981362,-0.356590779035236,0.0157551077844598,0.000535985015380393
544,"Probit Loss at 6h | Full",0.0567236850038624,0.201607684733215,0.225565003809811,0.202864182137766,0.226970812532923,0.0123492097333978,0.000169617242144018
545,"Probit Loss at 6h | Full",0.170518490585957,-0.581032592809581,-0.44382867144606,-0.585480893008975,-0.447226558573431,0.0151376478973651,0.000809528713382391
546,"Probit Loss at 6h | Full",0.112390346589702,-0.170828449121726,-0.157957774895254,-0.171455414265729,-0.15853750280119,0.00730007655237826,0.0000486707091497827
547,"Probit Loss at 6h | Full",0.204507044125879,-0.620838423133286,-0.486950431165673,-0.623899507683706,-0.489351372193355,0.00978867621926537,0.000623349934022236
548,"Probit Loss at 6h | Full",0.153892141511291,-0.506262480358855,-0.398764042632456,-0.507918372270085,-0.400068326829492,0.00650967860386996,0.000276158533763488
549,"Probit Loss at 6h | Full",0.102651217033513,-0.424636062260246,-0.324300862031327,-0.428136263369516,-0.326974017558857,0.0162840365109926,0.000466029122959145
550,"Probit Loss at 6h | Full",0.127697462809711,-0.380096682554107,-0.31519590273141,-0.382031696230624,-0.316800516532481,0.0101044662777191,0.000269767730270331
551,"Probit Loss at 6h | Full",0.31716186229155,-0.712510151803724,-0.60395218288529,-0.721992466139462,-0.611989772844361,0.0260945830248285,0.00264250690647919
552,"Probit Loss at 6h | Full",0.244237170430216,1.05918529338001,1.1730631843156,1.06583096879928,1.1804233669182,0.0124315337728239,0.00461878043762281
553,"Probit Loss at 6h | Full",0.179624252871731,0.127961503570428,0.132271850276115,0.129609584889602,0.133975446743881,0.0252697828905295,0.000122535444528125
554,"Probit Loss at 6h | Full",0.167779465413388,-0.561989843034475,-0.433950602672513,-0.5822464706022,-0.449592123333568,0.0683705605435877,0.00390622762058411
555,"Probit Loss at 6h | Full",0.118027450128062,-0.466872046774098,-0.354659153952566,-0.470037542077212,-0.357063821128081,0.0134237626322093,0.000456803614502729
556,"Probit Loss at 6h | Full",0.148245019072254,1.15240133443664,1.42919773796072,1.15666225469335,1.43448209282092,0.00735404312882744,0.00401435964964103
557,"Probit Loss at 6h | Full",0.191576403723532,0.108007781944257,0.110912318207577,0.108956645282173,0.111886698299234,0.0173414239142738,0.0000581745783838989
558,"Probit Loss at 6h | Full",0.293875232481236,-0.702666679860697,-0.585355564821507,-0.709011759305086,-0.590641325009743,0.0178182877997486,0.00166654101728786
559,"Probit Loss at 6h | Full",0.0773280681219007,-0.351229220671733,-0.271153157801572,-0.352646540298425,-0.272247345499442,0.00802203506675923,0.000157835271135076
560,"Probit Loss at 6h | Full",0.119429209794815,-0.444521783212487,-0.345996523045836,-0.447997632876155,-0.348701974035365,0.0154570715865666,0.000502684616568419
561,"Probit Loss at 6h | Full",0.0735399584970243,-0.345761639938726,-0.265553439534477,-0.347319668930355,-0.266750044101989,0.00895160612643747,0.000169242458103141
562,"Probit Loss at 6h | Full",0.257884377450777,-0.477971763906474,-0.422850402656128,-0.485714703687147,-0.429700399771524,0.0316285396841856,0.00158804533533107
563,"Probit Loss at 6h | Full",0.17488797788699,-0.585623853399819,-0.449265307765932,-0.588831600737877,-0.451726152874446,0.0108656192865255,0.00059026071321348
564,"Probit Loss at 6h | Full",0.201979939254519,1.24815846923999,1.44776559701183,1.25287865336649,1.45324063913054,0.00752074837445178,0.00421413954360596
565,"Probit Loss at 6h | Full",0.125716370330633,-0.180679761689094,-0.167379921370396,-0.181748491112633,-0.168369981602963,0.0117259539324307,0.0000885715702665293
566,"Probit Loss at 6h | Full",0.161909127803749,-0.554501701795571,-0.426229671236601,-0.556584338310706,-0.427830534632108,0.00746963200403427,0.00036273810470178
567,"Probit Loss at 6h | Full",0.127620153904518,-0.463893114329633,-0.360824951808359,-0.466840861436191,-0.363117765982168,0.0125886183153854,0.000442658853228237
568,"Probit Loss at 6h | Full",0.119803767561455,-0.433906011382516,-0.341139130854483,-0.435629987218699,-0.342494529495991,0.00789920174698579,0.000245939851750968
569,"Probit Loss at 6h | Full",0.0874231391105439,-0.37397009823164,-0.28959796048906,-0.376157801445426,-0.291292091629126,0.0115980126070684,0.000262181217803916
570,"Probit Loss at 6h | Full",0.119909086559927,-0.484115909763211,-0.362881950127427,-0.488168748723831,-0.365919863312932,0.0165353287331192,0.00059281647115144
571,"Probit Loss at 6h | Full",0.170117760505174,0.591540967830971,0.671700584414973,0.594800189444334,0.675401462598375,0.0109290218138494,0.0013273090312991
572,"Probit Loss at 6h | Full",0.136338485534144,-0.422303482739944,-0.34420602602611,-0.42492077883858,-0.34633930014263,0.0122810444746809,0.000392735073087029
573,"Probit Loss at 6h | Full",0.15551753517013,-0.268410120166109,-0.24259983634471,-0.269822751629671,-0.243876629342171,0.0104434011285429,0.000165285939219416
574,"Probit Loss at 6h | Full",0.110521845598523,-0.155878993948731,-0.145107406364958,-0.157675641753602,-0.146779901782793,0.022659324685956,0.00013153108301686
575,"Probit Loss at 6h | Full",0.180854563413911,-0.320476953372886,-0.287425936213411,-0.322453327211614,-0.289198485206172,0.0122207891743059,0.00027247434666333
576,"Probit Loss at 6h | Full",0.288772667199739,-0.26027376575565,-0.247958173040723,-0.265007251498131,-0.252467680456548,0.0354044020587891,0.000616052593496122
577,"Probit Loss at 6h | Full",0.183283325861562,0.770984821728889,0.886710107867762,0.78153604403999,0.898845075003214,0.0268189761986879,0.00586289978816767
578,"Probit Loss at 6h | Full",0.146393348138424,-0.483866911404378,-0.382937204209532,-0.486178025953234,-0.384766243813374,0.00948467978521048,0.000373292810114172
579,"Probit Loss at 6h | Full",0.174898708904141,1.29263578591859,1.5550321236433,1.29831543424491,1.56186470223553,0.00873012058509857,0.00565730214933646
580,"Probit Loss at 6h | Full",0.0415739224637877,-0.272459338031723,-0.202480952272469,-0.274100739681796,-0.203700776748184,0.0119407706573492,0.00013204713103524
581,"Probit Loss at 6h | Full",0.116812848403782,-0.484606613562435,-0.359973927856733,-0.488346608288543,-0.362752058724209,0.0152583157856965,0.000536906016140304
582,"Probit Loss at 6h | Full",0.126350119981384,-0.505977508472712,-0.376606634750874,-0.512238635511639,-0.381266885343821,0.0242967301590451,0.000953196557049551
583,"Probit Loss at 6h | Full",0.15396150964183,-0.463022659907891,-0.376093247665895,-0.466805414370819,-0.379165815240381,0.0161413196358322,0.000621096223565574
584,"Probit Loss at 6h | Full",0.171450579252067,-0.55971659635349,-0.435724635222796,-0.561923243509306,-0.437442451941645,0.00783848854618007,0.000398094363616567
585,"Probit Loss at 6h | Full",0.155676366550848,-0.550374527570529,-0.419465175928668,-0.553124273854057,-0.421560881218066,0.00991788466851387,0.000468773083956
586,"Probit Loss at 6h | Full",0.0647940115604906,-0.307424947183389,-0.240366112860355,-0.309237683787955,-0.241783435869666,0.0116895424549657,0.000182075467353709
587,"Probit Loss at 6h | Full",0.132396226864097,-0.490475511547835,-0.37618269390703,-0.49386499833466,-0.378782347183105,0.0136792664432222,0.000523984366732734
588,"Probit Loss at 6h | Full",0.11938904127918,-0.420736573913558,-0.334203441532291,-0.42200447738988,-0.3352105745737,0.00599993056775102,0.000178603289207552
589,"Probit Loss at 6h | Full",0.123419966834579,-0.459489392060245,-0.355771758976098,-0.461627726062344,-0.357427420374056,0.00924286531265888,0.000313840777769053
590,"Probit Loss at 6h | Full",0.189610846436286,-0.619063466220471,-0.474525844421779,-0.622731963325111,-0.477337828622632,0.0117472421895293,0.000713204074932874
591,"Probit Loss at 6h | Full",0.159095697298269,-0.538933081529476,-0.417469060950701,-0.541351468675481,-0.419342395220686,0.00891467166125634,0.000416510611024389
592,"Probit Loss at 6h | Full",0.0910268792247742,-0.353411453797564,-0.281688271576985,-0.354939655083497,-0.28290633164332,0.00859251092549874,0.000182661682829515
593,"Probit Loss at 6h | Full",0.158101559241473,-0.531713355770421,-0.413546016891559,-0.533848077522028,-0.415206320639749,0.00798149787740525,0.000365247089831876
594,"Probit Loss at 6h | Full",0.08940206563077,-0.379366724522778,-0.293621624880534,-0.380710656041097,-0.294661798756178,0.00704765898972152,0.000162277523414902
595,"Probit Loss at 6h | Full",0.119183566743546,-0.496358121916499,-0.366067777877171,-0.498323995291844,-0.367517623999003,0.00787437786586276,0.000282293025174378
596,"Probit Loss at 6h | Full",0.315676614331699,0.106925642369155,0.10832623634418,0.109218157397749,0.110648780490819,0.0415398843112454,0.000139726481374857
597,"Probit Loss at 6h | Full",0.188428180623949,-0.595147639589568,-0.463803763031169,-0.600520749936494,-0.467991074938858,0.0178147803038346,0.00104605962481092
598,"Probit Loss at 6h | Full",0.137674173985314,0.738965664655994,0.883889236741853,0.744194532019572,0.890143572774054,0.0140030531756322,0.00296320372210595
599,"Probit Loss at 6h | Full",0.103481748539791,-0.445031410918227,-0.333096058021358,-0.447025286498766,-0.334588429300707,0.00890074445274976,0.000264743460048456
600,"Probit Loss at 6h | Full",0.163095002500064,-0.580968503225173,-0.437120002402726,-0.583355492416633,-0.438915970196701,0.00816690902945812,0.00041771119271389
601,"Probit Loss at 6h | Full",0.220830850926657,-0.642080832084852,-0.508262905049531,-0.647039638459094,-0.512188232216154,0.0152689397636338,0.00107113610717731
602,"Probit Loss at 6h | Full",0.186271463465541,0.193548465841917,0.202795657618171,0.195379586470673,0.204714263950034,0.0186564003123901,0.000209795992362265
603,"Probit Loss at 6h | Full",0.0602274783325493,-0.213703009702141,-0.182118767499016,-0.214693279297866,-0.182962680172574,0.00920369558821347,0.0000818836355800012
604,"Probit Loss at 6h | Full",0.0306098875515969,0.128747447091938,0.142896523857087,0.129729125768601,0.143986086979372,0.0150770217566125,0.0000835696478983836
605,"Probit Loss at 6h | Full",0.384057088000452,0.0918519955598543,0.0924558933049147,0.094018630127734,0.0946367728080507,0.0455584133377583,0.000112572757005259
606,"Probit Loss at 6h | Full",0.102866788393925,-0.378862378058343,-0.302325148091048,-0.381867401119357,-0.304723100737056,0.0156766425317812,0.000389421785977026
607,"Probit Loss at 6h | Full",0.224567899129383,-0.571163188085417,-0.472907038796728,-0.575340786374152,-0.476365972560702,0.0144694464199831,0.000877318946258019
608,"Probit Loss at 6h | Full",0.110075808010999,-0.461815120143436,-0.345512008921826,-0.464734001118768,-0.347695801495091,0.012522064571926,0.00040368410871841
609,"Probit Loss at 6h | Full",0.14759192225996,-0.533203233412936,-0.405959825010076,-0.535962224253583,-0.408060411369435,0.0102689683748513,0.000454938589878842
610,"Probit Loss at 6h | Full",0.140804134517381,-0.293150788620138,-0.259270001342508,-0.298346054420922,-0.263864826338491,0.0345238805597781,0.000655594489873534
611,"Probit Loss at 6h | Full",0.253684181190111,-0.184726172376898,-0.177616207637984,-0.186826388312039,-0.179635587917566,0.0223567037337215,0.000194314999699555
612,"Probit Loss at 6h | Full",0.179073145291109,-0.564962711728263,-0.443511042338497,-0.57182611218363,-0.448898997732287,0.0238611388416475,0.00129709282880604
613,"Probit Loss at 6h | Full",0.277091883307578,-0.684392272075866,-0.56543392757514,-0.695131457448628,-0.574306470431097,0.0306596102152266,0.00274708413450955
614,"Probit Loss at 6h | Full",0.0438531701298412,-0.288586126651961,-0.211228561593096,-0.291261190069971,-0.213186555224017,0.0182844749903833,0.000222900314773091
615,"Probit Loss at 6h | Full",0.144539521129024,-0.538020902068267,-0.405031161664674,-0.541636712335584,-0.407753204297777,0.013306857281615,0.000590448979185898
616,"Probit Loss at 6h | Full",0.0521245146622981,-0.251671559451671,-0.20199703222234,-0.253092335802875,-0.203137378024703,0.0111958227682271,0.000123032437817697
617,"Probit Loss at 6h | Full",0.115991014949516,-0.412356999091194,-0.327799431126051,-0.415532519270095,-0.330323781896057,0.0152256985464646,0.000444236691827291
618,"Probit Loss at 6h | Full",0.0404227085695201,-0.134689083527208,-0.119435832716604,-0.135472230854641,-0.120130290283188,0.0115283211347761,0.0000443201386085194
619,"Probit Loss at 6h | Full",0.123468446317764,-0.282219336917792,-0.247567923431497,-0.283907321226078,-0.2490486538965,0.0118557443748773,0.000195961653706492
620,"Probit Loss at 6h | Full",0.184679284893437,-0.452627023078223,-0.382899618200641,-0.457993018831812,-0.387438979795409,0.0232953807375161,0.000942773611474434
621,"Probit Loss at 6h | Full",0.125710659553735,-0.47518076712159,-0.36441111173335,-0.480179678467236,-0.368244724048844,0.0207126247993593,0.000755252672862099
622,"Probit Loss at 6h | Full",0.121718140194333,-0.253392586482657,-0.225584605545518,-0.255946886639586,-0.227858589963705,0.0198600145590384,0.000277023421303075
623,"Probit Loss at 6h | Full",0.151760950216539,-0.537680907282,-0.411205304739746,-0.541244706194132,-0.413930811630259,0.0131255457759788,0.000600074532837058
624,"Probit Loss at 6h | Full",0.134167304264672,-0.523919740440507,-0.390254764779843,-0.527394264209664,-0.39284285099151,0.0131327879614849,0.000540791855650159
625,"Probit Loss at 6h | Full",0.125249275716931,-0.4959389026267,-0.372140552249421,-0.500838269049788,-0.375816918262862,0.019468970759379,0.000738462637396802
626,"Probit Loss at 6h | Full",0.0894123656651749,-0.379394664015387,-0.29364247042556,-0.381966913305195,-0.295633330360214,0.0134230906080702,0.000313128493495184
627,"Probit Loss at 6h | Full",0.0884012585745479,-0.405827757555565,-0.303952361838113,-0.408328519448092,-0.305825354676767,0.0122112659631771,0.000304465311640144
628,"Probit Loss at 6h | Full",0.345491747497044,-0.250271800511015,-0.242029209164976,-0.254087948481569,-0.245719673985558,0.0298124379526861,0.000488557711456324
629,"Probit Loss at 6h | Full",0.286844568873127,0.918266544358451,0.982073536893719,0.925556352945633,0.989869887688023,0.0156902403591117,0.00411290097464303
630,"Probit Loss at 6h | Full",0.150452227180949,0.528877377219742,0.602976927557461,0.530718809243576,0.605076357542298,0.00692734980831458,0.000672513004625541
631,"Probit Loss at 6h | Full",0.181644031627819,-0.496601125090491,-0.408815131149315,-0.499872839648557,-0.411508492780131,0.0130473490867738,0.000589491831604988
632,"Probit Loss at 6h | Full",0.215906772371668,0.960908587591585,1.08960581604639,0.970711769322603,1.10072196587355,0.0200959359040499,0.00654295851086621
633,"Probit Loss at 6h | Full",0.245850776913222,1.06593607304828,1.17878409228922,1.09141561056591,1.20696108551057,0.0461457986034617,0.0185579896030327
