variable,n,mean,std,min,p01,p05,p10,p25,median,p75,p90,p95,p99,max
observed_span_hours,409,239.39254549877748,141.77935821914767,9.000278,57.4175,92.6152226,120.8173332,149.000278,189.4175,312.001389,408.0007222,480.0043888,623.0421440000001,1308.003333
