variable,n,mean,std,min,p01,p05,p10,p25,median,p75,p90,p95,p99,max
observed_span_hours,424,242.53121985613208,140.42615381053082,9.000278,57.4175,92.91359765,121.2505001,151.18749975,191.2501385,324.00124999999997,395.8509999,480.00368065000004,621.2425189999998,1308.003333
