resolvedOutcome_marketsjsonl,count,pct
YES,308,75.30562347188264
NO,101,24.69437652811736
