resolvedOutcome_marketsjsonl,count,pct
YES,322,75.94339622641509
NO,102,24.056603773584907
