snapshot,n_both,n_violations,violation_rate_pct
4w,4,0,0.0
3w,19,2,10.526315789473683
2w,95,8,8.421052631578947
1w,262,3,1.1450381679389312
6d,341,2,0.5865102639296188
5d,385,4,1.0389610389610389
4d,400,2,0.5
3d,413,5,1.2106537530266344
2d,422,5,1.1848341232227488
1d,423,5,1.1820330969267139
12h,423,8,1.8912529550827424
6h,424,2,0.4716981132075472
