tag,count,pct_of_all_non_earnings_tags
finance,357,39.31718061674009
hide-from-new,341,37.55506607929515
economy,141,15.52863436123348
equities,39,4.295154185022026
tech,13,1.4317180616740088
big-tech,13,1.4317180616740088
tesla,1,0.11013215859030838
stocks,1,0.11013215859030838
warner-bros,1,0.11013215859030838
climate-science,1,0.11013215859030838
