variable,n,mean,std,min,p01,p05,p10,p25,median,p75,p90,p95,p99,max
volumeNum,424,25109.47621263915,61942.84694100996,1336.252219,2960.81530072,4078.8129225,5135.2577909,9373.75660775,15082.034843000001,25044.3574855,44698.6882936,63295.60095014999,138681.59014805983,995129.929459
