variable,n,mean,std,min,p01,p05,p10,p25,median,p75,p90,p95,p99,max
volumeNum,408,25196.175144458335,63020.43545119707,1336.252219,2947.88399448,4074.98172945,5143.4045601,9278.38689175,15279.034262000001,24980.261003,44459.0836264,63192.71911834999,140169.66393654008,995129.929459
