variable,n,mean,std,min,p01,p05,p10,p25,median,p75,p90,p95,p99,max
diff_eikon_mean_minus_poly_est,374,-0.02277016042780749,0.3738789688616876,-6.25338,-0.7796453000000004,-0.10636300000000032,-0.022161000000000094,-0.005417499999999964,0.001125000000000001,0.010500000000000027,0.046865999999999984,0.09224049999999968,0.3875901999999988,0.9526500000000001
