variable,n,mean,std,min,p01,p05,p10,p25,median,p75,p90,p95,p99,max
diff_eikon_actual_minus_poly_est,388,0.11044329896907218,0.612801981144411,-6.363,-1.3075599999999998,-0.20999999999999966,-0.07999999999999997,0.02,0.07000000000000017,0.17249999999999996,0.4099999999999999,0.6464999999999999,1.8631999999999964,3.8900000000000006
