variable,n,mean,std,min,p01,p05,p10,p25,median,p75,p90,p95,p99,max
surprise,389,1.8861602313624686,35.02795927753227,-6.363,-1.30544,-0.2099999999999996,-0.07999999999999997,0.02,0.07000000000000028,0.17999999999999972,0.41399999999999965,0.6919999999999975,2.4320000000000004,690.8643300000003
