variable,n,mean,std,min,p01,p05,p10,p25,median,p75,p90,p95,p99,max
volumeNum,408,25196.175144458335,63020.43545119707,1336.252219,2947.88399448,4074.98172945,5143.4045601,9278.38689175,15279.034262000001,24980.261003,44459.0836264,63192.71911834999,140169.66393654008,995129.929459
observed_span_hours,409,239.39254549877748,141.77935821914767,9.000278,57.4175,92.6152226,120.8173332,149.000278,189.4175,312.001389,408.0007222,480.0043888,623.0421440000001,1308.003333
diff_eikon_mean_minus_poly_est,374,-0.02277016042780749,0.3738789688616876,-6.25338,-0.7796453000000004,-0.10636300000000032,-0.022161000000000094,-0.005417499999999964,0.001125000000000001,0.010500000000000027,0.046865999999999984,0.09224049999999968,0.3875901999999988,0.9526500000000001
diff_eikon_actual_minus_poly_est,375,0.11232533333333333,0.6231426183083839,-6.363,-1.3351199999999999,-0.219,-0.08600000000000001,0.02,0.07000000000000028,0.18499999999999978,0.42200000000000026,0.6710000000000007,1.9463999999999937,3.8900000000000006
surprise,375,0.11232533333333333,0.6231426183083839,-6.363,-1.3351199999999999,-0.219,-0.08600000000000001,0.02,0.07000000000000028,0.18499999999999978,0.42200000000000026,0.6710000000000007,1.9463999999999937,3.8900000000000006
