a_intercept,b_slope_log10_volume,n_obs
-213.87510143618587,108.93057488775376,424
