a_intercept,b_slope_log10_volume,n_obs
-221.66247418812435,110.17561265047426,408
