snapshot,n,mean,std,min,p25,median,p75,p90,p95,p99,max,variable,p01,p05,p10
1d,423,0.2191501182033097,0.1252855243062697,0.0004999999999999449,0.12,0.19999999999999996,0.30500000000000005,0.41500000000000004,0.44499999999999995,0.495,0.585,distance_to_1_from_max_outcome__1d,0.0031099999999999904,0.055500000000000056,0.07499999999999996
12h,423,0.20193144208037822,0.1316789819728764,0.0004999999999999449,0.09499999999999997,0.18000000000000005,0.29000000000000004,0.395,0.44949999999999984,0.48389999999999983,0.585,distance_to_1_from_max_outcome__12h,0.0004999999999999449,0.006599999999999951,0.04510000000000003
6h,424,0.1797063679245283,0.14228850335253382,0.0004999999999999449,0.06474999999999995,0.15000000000000002,0.28500000000000003,0.4,0.44424999999999976,0.4838499999999999,0.495,distance_to_1_from_max_outcome__6h,0.0004999999999999449,0.0024999999999999467,0.0050000000000000044
