snapshot,n,mean,std,min,p25,median,p75,p90,p95,p99,max,variable,p01,p05,p10
1d,408,0.21886151960784314,0.12622966594569315,0.0004999999999999449,0.11925000000000005,0.19499999999999995,0.30500000000000005,0.41500000000000004,0.45149999999999973,0.495,0.585,distance_to_1_from_max_outcome__1d,0.003034999999999999,0.05370000000000005,0.07499999999999996
12h,408,0.2017205882352941,0.13264001129823583,0.0004999999999999449,0.09499999999999997,0.18000000000000005,0.29000000000000004,0.395,0.4482499999999998,0.48465,0.585,distance_to_1_from_max_outcome__12h,0.0004999999999999449,0.005849999999999951,0.04350000000000005
6h,409,0.18083985330073352,0.14347844564151063,0.0004999999999999449,0.06499999999999995,0.15000000000000002,0.28500000000000003,0.4,0.4509999999999996,0.4846000000000001,0.495,distance_to_1_from_max_outcome__6h,0.0004999999999999449,0.0024999999999999467,0.0050000000000000044
