n_markets_for_firm,n_firms,pct_of_firms
1,352,90.72164948453609
2,36,9.278350515463918
