variable,n,mean,std,min,p01,p05,p10,p25,median,p75,p90,p95,p99,max
n_markets_per_ticker,388,1.092783505154639,0.29050341147504316,1.0,1.0,1.0,1.0,1.0,1.0,1.0,1.0,2.0,2.0,2.0
