gics_sector,count,pct
Consumer Discretionary,91,23.57512953367876
Financials,77,19.94818652849741
Information Technology,61,15.803108808290157
Industrials,41,10.621761658031089
Communication Services,35,9.067357512953368
Consumer Staples,34,8.808290155440414
Health Care,24,6.217616580310881
Energy,11,2.849740932642487
Utilities,4,1.0362694300518136
Real Estate,4,1.0362694300518136
Materials,4,1.0362694300518136
