variable,n,mean,std,min,p01,p05,p10,p25,median,p75,p90,p95,p99,max
turnover_6m_sum_volume_mean,386,1013349450.5375648,2518249157.4929757,10133.0,5680619.75,22783966.75,41160593.25,110042293.0,300840665.5,837181793.25,2002778532.5,4712515454.875,11591578080.34997,28408981223.0
