ric,ticker,company_name,market_cap_usd,gics_sector,gics_industry,trbc_industry,hq_country,hq_country_code,country_of_risk,exchange_country,country_source,primary_exchange,analysts_covering_latest,analysts_covering_sample_mean,analysts_covering_sample_median,turnover_6m_sum_volume_mean,turnover_6m_sum_volume_median,volatility_6m_mean,volatility_6m_median,sample_markets_n,market_ids,slugs,markets,retrieved_at_utc,notes
AAL.N,AAL,American Airlines Group Inc,8782004364.0,Industrials,Passenger Airlines,Airlines,United States of America,US,United States of America,United States of America,Country of Headquarters,New York Stock Exchange,26.0,24.5,24.5,161405284.0,161405284.0,0.02929411029471131,0.02929411029471131,2,"[""627739"", ""1139368""]","[""aal-quarterly-earnings-nongaap-eps-10-23-2025-neg0pt28"", ""aal-quarterly-earnings-nongaap-eps-01-22-2026-0pt4""]","[{""market_id"": ""627739"", ""slug"": ""aal-quarterly-earnings-nongaap-eps-10-23-2025-neg0pt28"", ""ticker"": ""AAL"", ""anchor_date"": ""2025-10-23"", ""bucket"": ""correct"", ""status"": ""MATCHED_CORRECT"", ""polymarket_resolved_outcome"": ""YES"", ""expected_resolution"": ""YES"", ""label"": ""BEAT"", ""turnover_6m_window_start"": ""2025-04-23"", ""turnover_6m_window_end"": ""2025-10-23"", ""turnover_6m_sum_volume"": 194664871.0, ""turnover_6m_avg_daily_volume"": 1520819.3046875, ""volatility_6m"": 0.029787289543109063, ""analysts_covering_asof_anchor"": 23.0}, {""market_id"": ""1139368"", ""slug"": ""aal-quarterly-earnings-nongaap-eps-01-22-2026-0pt4"", ""ticker"": ""AAL"", ""anchor_date"": ""2026-01-22"", ""bucket"": ""correct"", ""status"": ""MATCHED_CORRECT"", ""polymarket_resolved_outcome"": ""NO"", ""expected_resolution"": ""NO"", ""label"": ""MISS"", ""turnover_6m_window_start"": ""2025-07-23"", ""turnover_6m_window_end"": ""2026-01-22"", ""turnover_6m_sum_volume"": 128145697.0, ""turnover_6m_avg_daily_volume"": 1009021.2362204725, ""volatility_6m"": 0.028800931046313556, ""analysts_covering_asof_anchor"": 26.0}]",2026-01-31T10:45:17Z,[]
AAPL.N,AAPL,Apple Inc,3815057374440.0,Information Technology,"Technology Hardware, Storage & Peripherals",Phones & Handheld Devices,United States of America,US,United States of America,United States of America,Country of Headquarters,New York Stock Exchange,46.0,46.5,46.5,55864823.5,55864823.5,0.014903775347382683,0.014903775347382683,2,"[""647853"", ""1244866""]","[""aapl-quarterly-earnings-gaap-eps-10-30-2025-1pt76"", ""aapl-quarterly-earnings-gaap-eps-01-29-2026-2pt67""]","[{""market_id"": ""647853"", ""slug"": ""aapl-quarterly-earnings-gaap-eps-10-30-2025-1pt76"", ""ticker"": ""AAPL"", ""anchor_date"": ""2025-10-30"", ""bucket"": ""correct"", ""status"": ""MATCHED_CORRECT"", ""polymarket_resolved_outcome"": ""YES"", ""expected_resolution"": ""YES"", ""label"": ""BEAT"", ""turnover_6m_window_start"": ""2025-04-30"", ""turnover_6m_window_end"": ""2025-10-30"", ""turnover_6m_sum_volume"": 57091314.0, ""turnover_6m_avg_daily_volume"": 446025.890625, ""volatility_6m"": 0.0157758744238885, ""analysts_covering_asof_anchor"": 47.0}, {""market_id"": ""1244866"", ""slug"": ""aapl-quarterly-earnings-gaap-eps-01-29-2026-2pt67"", ""ticker"": ""AAPL"", ""anchor_date"": ""2026-01-29"", ""bucket"": ""correct"", ""status"": ""MATCHED_CORRECT"", ""polymarket_resolved_outcome"": ""YES"", ""expected_resolution"": ""YES"", ""label"": ""BEAT"", ""turnover_6m_window_start"": ""2025-07-30"", ""turnover_6m_window_end"": ""2026-01-29"", ""turnover_6m_sum_volume"": 54638333.0, ""turnover_6m_avg_daily_volume"": 430223.094488189, ""volatility_6m"": 0.014031676270876868, ""analysts_covering_asof_anchor"": 46.0}]",2026-01-31T10:45:17Z,[]
AB,AB,AllianceBernstein Holding LP,3870852897.54,Financials,Capital Markets,Investment Management & Fund Operators,United States of America,US,United States of America,United States of America,Country of Headquarters,New York Consolidated,7.0,7.0,7.0,25203856.0,25203856.0,0.012564045312116981,0.012564045312116981,1,"[""637864""]","[""ab-quarterly-earnings-nongaap-eps-10-23-2025-0pt85""]","[{""market_id"": ""637864"", ""slug"": ""ab-quarterly-earnings-nongaap-eps-10-23-2025-0pt85"", ""ticker"": ""AB"", ""anchor_date"": ""2025-10-23"", ""bucket"": ""correct"", ""status"": ""MATCHED_CORRECT"", ""polymarket_resolved_outcome"": ""YES"", ""expected_resolution"": ""YES"", ""label"": ""BEAT"", ""turnover_6m_window_start"": ""2025-04-23"", ""turnover_6m_window_end"": ""2025-10-23"", ""turnover_6m_sum_volume"": 25203856.0, ""turnover_6m_avg_daily_volume"": 196905.125, ""volatility_6m"": 0.012564045312116981, ""analysts_covering_asof_anchor"": 7.0}]",2026-01-31T10:45:17Z,[]
ABNB.N,ABNB,Airbnb Inc,78443467933.72,Consumer Discretionary,"Hotels, Restaurants & Leisure",Online Services,United States of America,US,United States of America,United States of America,Country of Headquarters,New York Stock Exchange,38.0,41.0,41.0,9703431.0,9703431.0,0.01742869748364462,0.01742869748364462,1,"[""648227""]","[""abnb-quarterly-earnings-gaap-eps-11-06-2025-2pt32""]","[{""market_id"": ""648227"", ""slug"": ""abnb-quarterly-earnings-gaap-eps-11-06-2025-2pt32"", ""ticker"": ""ABNB"", ""anchor_date"": ""2025-11-06"", ""bucket"": ""correct"", ""status"": ""MATCHED_CORRECT"", ""polymarket_resolved_outcome"": ""NO"", ""expected_resolution"": ""NO"", ""label"": ""MISS"", ""turnover_6m_window_start"": ""2025-05-07"", ""turnover_6m_window_end"": ""2025-11-06"", ""turnover_6m_sum_volume"": 9703431.0, ""turnover_6m_avg_daily_volume"": 75808.0546875, ""volatility_6m"": 0.01742869748364462, ""analysts_covering_asof_anchor"": 41.0}]",2026-01-31T10:45:17Z,[]
ABT,ABT,Abbott Laboratories,190058703807.1,Health Care,Health Care Equipment & Supplies,"Medical Equipment, Supplies & Distribution",United States of America,US,United States of America,United States of America,Country of Headquarters,New York Consolidated,31.0,30.0,30.0,807948068.0,807948068.0,0.01365831132503687,0.01365831132503687,1,"[""614644""]","[""abt-quarterly-earnings-nongaap-eps-2025-10-15-1pt30""]","[{""market_id"": ""614644"", ""slug"": ""abt-quarterly-earnings-nongaap-eps-2025-10-15-1pt30"", ""ticker"": ""ABT"", ""anchor_date"": ""2025-10-15"", ""bucket"": ""correct"", ""status"": ""MATCHED_CORRECT"", ""polymarket_resolved_outcome"": ""NO"", ""expected_resolution"": ""NO"", ""label"": ""TIE"", ""turnover_6m_window_start"": ""2025-04-15"", ""turnover_6m_window_end"": ""2025-10-15"", ""turnover_6m_sum_volume"": 807948068.0, ""turnover_6m_avg_daily_volume"": 6361795.811023622, ""volatility_6m"": 0.01365831132503687, ""analysts_covering_asof_anchor"": 30.0}]",2026-01-31T10:45:17Z,[]
ACM,ACM,AECOM,12466372041.4,Industrials,Construction & Engineering,Construction & Engineering,United States of America,US,United States of America,United States of America,Country of Headquarters,New York Consolidated,14.0,14.0,14.0,115660805.0,115660805.0,0.012436374911099333,0.012436374911099333,1,"[""675008""]","[""acm-quarterly-earnings-nongaap-eps-11-18-2025-1pt34""]","[{""market_id"": ""675008"", ""slug"": ""acm-quarterly-earnings-nongaap-eps-11-18-2025-1pt34"", ""ticker"": ""ACM"", ""anchor_date"": ""2025-11-18"", ""bucket"": ""correct"", ""status"": ""MATCHED_CORRECT"", ""polymarket_resolved_outcome"": ""YES"", ""expected_resolution"": ""YES"", ""label"": ""BEAT"", ""turnover_6m_window_start"": ""2025-05-19"", ""turnover_6m_window_end"": ""2025-11-18"", ""turnover_6m_sum_volume"": 115660805.0, ""turnover_6m_avg_daily_volume"": 903600.0390625, ""volatility_6m"": 0.012436374911099333, ""analysts_covering_asof_anchor"": 14.0}]",2026-01-31T10:45:17Z,[]
ACN,ACN,Accenture PLC,162219472624.56,Information Technology,IT Services,IT Services & Consulting,Ireland,IE,Ireland,United States of America,Country of Headquarters,New York Consolidated,29.0,26.0,26.0,537903562.5,537903562.5,0.01854037868325922,0.01854037868325922,2,"[""598110"", ""703120""]","[""will-acn-beat-earnings-estimate-2025-09-25-2pt99"", ""acn-quarterly-earnings-gaap-eps-12-18-2025-3pt44""]","[{""market_id"": ""598110"", ""slug"": ""will-acn-beat-earnings-estimate-2025-09-25-2pt99"", ""ticker"": ""ACN"", ""anchor_date"": ""2025-09-25"", ""bucket"": ""correct"", ""status"": ""MATCHED_CORRECT"", ""polymarket_resolved_outcome"": ""YES"", ""expected_resolution"": ""YES"", ""label"": ""BEAT"", ""turnover_6m_window_start"": ""2025-03-26"", ""turnover_6m_window_end"": ""2025-09-25"", ""turnover_6m_sum_volume"": 504046163.0, ""turnover_6m_avg_daily_volume"": 3968867.42519685, ""volatility_6m"": 0.018708173703960867, ""analysts_covering_asof_anchor"": 25.0}, {""market_id"": ""703120"", ""slug"": ""acn-quarterly-earnings-gaap-eps-12-18-2025-3pt44"", ""ticker"": ""ACN"", ""anchor_date"": ""2025-12-18"", ""bucket"": ""correct"", ""status"": ""MATCHED_CORRECT"", ""polymarket_resolved_outcome"": ""YES"", ""expected_resolution"": ""YES"", ""label"": ""BEAT"", ""turnover_6m_window_start"": ""2025-06-18"", ""turnover_6m_window_end"": ""2025-12-18"", ""turnover_6m_sum_volume"": 571760962.0, ""turnover_6m_avg_daily_volume"": 4466882.515625, ""volatility_6m"": 0.018372583662557573, ""analysts_covering_asof_anchor"": 27.0}]",2026-01-31T10:45:17Z,[]
ADBE.N,ADBE,Adobe Inc,120379125000.0,Information Technology,Software,Software,United States of America,US,United States of America,United States of America,Country of Headquarters,New York Stock Exchange,39.0,39.0,39.0,7461283.0,7461283.0,0.017732598255907638,0.017732598255907638,1,"[""701961""]","[""adbe-quarterly-earnings-nongaap-eps-12-10-2025-5pt4""]","[{""market_id"": ""701961"", ""slug"": ""adbe-quarterly-earnings-nongaap-eps-12-10-2025-5pt4"", ""ticker"": ""ADBE"", ""anchor_date"": ""2025-12-10"", ""bucket"": ""correct"", ""status"": ""MATCHED_CORRECT"", ""polymarket_resolved_outcome"": ""YES"", ""expected_resolution"": ""YES"", ""label"": ""BEAT"", ""turnover_6m_window_start"": ""2025-06-10"", ""turnover_6m_window_end"": ""2025-12-10"", ""turnover_6m_sum_volume"": 7461283.0, ""turnover_6m_avg_daily_volume"": 58291.2734375, ""volatility_6m"": 0.017732598255907638, ""analysts_covering_asof_anchor"": 39.0}]",2026-01-31T10:45:17Z,[]
ADI.N,ADI,Analog Devices Inc,151904857613.6,Information Technology,Semiconductors & Semiconductor Equipment,Semiconductors,United States of America,US,United States of America,United States of America,Country of Headquarters,New York Stock Exchange,36.0,35.0,35.0,6910284.0,6910284.0,0.016954343614823016,0.016954343614823016,1,"[""675613""]","[""adi-quarterly-earnings-nongaap-eps-11-25-2025-2pt23""]","[{""market_id"": ""675613"", ""slug"": ""adi-quarterly-earnings-nongaap-eps-11-25-2025-2pt23"", ""ticker"": ""ADI"", ""anchor_date"": ""2025-11-25"", ""bucket"": ""correct"", ""status"": ""MATCHED_CORRECT"", ""polymarket_resolved_outcome"": ""YES"", ""expected_resolution"": ""YES"", ""label"": ""BEAT"", ""turnover_6m_window_start"": ""2025-05-26"", ""turnover_6m_window_end"": ""2025-11-25"", ""turnover_6m_sum_volume"": 6910284.0, ""turnover_6m_avg_daily_volume"": 53986.59375, ""volatility_6m"": 0.016954343614823016, ""analysts_covering_asof_anchor"": 35.0}]",2026-01-31T10:45:17Z,[]
ADSK.N,ADSK,Autodesk Inc,53608440000.0,Information Technology,Software,Software,United States of America,US,United States of America,United States of America,Country of Headquarters,New York Stock Exchange,32.0,30.0,30.0,2657133.0,2657133.0,0.0164426937183756,0.0164426937183756,1,"[""675615""]","[""adsk-quarterly-earnings-nongaap-eps-11-25-2025-2pt5""]","[{""market_id"": ""675615"", ""slug"": ""adsk-quarterly-earnings-nongaap-eps-11-25-2025-2pt5"", ""ticker"": ""ADSK"", ""anchor_date"": ""2025-11-25"", ""bucket"": ""correct"", ""status"": ""MATCHED_CORRECT"", ""polymarket_resolved_outcome"": ""YES"", ""expected_resolution"": ""YES"", ""label"": ""BEAT"", ""turnover_6m_window_start"": ""2025-05-26"", ""turnover_6m_window_end"": ""2025-11-25"", ""turnover_6m_sum_volume"": 2657133.0, ""turnover_6m_avg_daily_volume"": 20758.8515625, ""volatility_6m"": 0.0164426937183756, ""analysts_covering_asof_anchor"": 30.0}]",2026-01-31T10:45:17Z,[]
AEO,AEO,American Eagle Outfitters Inc,3951324859.86,Consumer Discretionary,Specialty Retail,Apparel & Accessories Retailers,United States of America,US,United States of America,United States of America,Country of Headquarters,New York Consolidated,12.0,12.0,12.0,1377491741.0,1377491741.0,0.04668781843933986,0.04668781843933986,1,"[""696258""]","[""aeo-quarterly-earnings-gaap-eps-12-02-2025-0pt43""]","[{""market_id"": ""696258"", ""slug"": ""aeo-quarterly-earnings-gaap-eps-12-02-2025-0pt43"", ""ticker"": ""AEO"", ""anchor_date"": ""2025-12-02"", ""bucket"": ""correct"", ""status"": ""MATCHED_CORRECT"", ""polymarket_resolved_outcome"": ""YES"", ""expected_resolution"": ""YES"", ""label"": ""BEAT"", ""turnover_6m_window_start"": ""2025-06-02"", ""turnover_6m_window_end"": ""2025-12-02"", ""turnover_6m_sum_volume"": 1377491741.0, ""turnover_6m_avg_daily_volume"": 10761654.2265625, ""volatility_6m"": 0.04668781843933986, ""analysts_covering_asof_anchor"": 12.0}]",2026-01-31T10:45:17Z,[]
AKAM.N,AKAM,Akamai Technologies Inc,13976507774.55,Information Technology,IT Services,IT Services & Consulting,United States of America,US,United States of America,United States of America,Country of Headquarters,New York Stock Exchange,26.0,26.0,26.0,3190236.0,3190236.0,0.01897827623474622,0.01897827623474622,1,"[""657073""]","[""akam-quarterly-earnings-nongaap-eps-11-06-2025-1pt64""]","[{""market_id"": ""657073"", ""slug"": ""akam-quarterly-earnings-nongaap-eps-11-06-2025-1pt64"", ""ticker"": ""AKAM"", ""anchor_date"": ""2025-11-06"", ""bucket"": ""correct"", ""status"": ""MATCHED_CORRECT"", ""polymarket_resolved_outcome"": ""YES"", ""expected_resolution"": ""YES"", ""label"": ""BEAT"", ""turnover_6m_window_start"": ""2025-05-07"", ""turnover_6m_window_end"": ""2025-11-06"", ""turnover_6m_sum_volume"": 3190236.0, ""turnover_6m_avg_daily_volume"": 24923.71875, ""volatility_6m"": 0.01897827623474622, ""analysts_covering_asof_anchor"": 26.0}]",2026-01-31T10:45:17Z,[]
ALL,ALL,Allstate Corp,52072043074.92,Financials,Insurance,Property & Casualty Insurance,United States of America,US,United States of America,United States of America,Country of Headquarters,New York Consolidated,25.0,24.0,24.0,184660254.0,184660254.0,0.014967169549239082,0.014967169549239082,1,"[""647504""]","[""all-quarterly-earnings-nongaap-eps-11-05-2025-7pt51""]","[{""market_id"": ""647504"", ""slug"": ""all-quarterly-earnings-nongaap-eps-11-05-2025-7pt51"", ""ticker"": ""ALL"", ""anchor_date"": ""2025-11-05"", ""bucket"": ""correct"", ""status"": ""MATCHED_CORRECT"", ""polymarket_resolved_outcome"": ""YES"", ""expected_resolution"": ""YES"", ""label"": ""BEAT"", ""turnover_6m_window_start"": ""2025-05-06"", ""turnover_6m_window_end"": ""2025-11-05"", ""turnover_6m_sum_volume"": 184660254.0, ""turnover_6m_avg_daily_volume"": 1442658.234375, ""volatility_6m"": 0.014967169549239082, ""analysts_covering_asof_anchor"": 24.0}]",2026-01-31T10:45:17Z,[]
ALLY.N,ALLY,Ally Financial Inc,13043084040.0,Financials,Consumer Finance,Consumer Lending,United States of America,US,United States of America,United States of America,Country of Headquarters,New York Stock Exchange,20.0,20.0,20.0,126862581.0,126862581.0,0.01752789870914431,0.01752789870914431,1,"[""1126201""]","[""ally-quarterly-earnings-nongaap-eps-01-21-2026-1pt04""]","[{""market_id"": ""1126201"", ""slug"": ""ally-quarterly-earnings-nongaap-eps-01-21-2026-1pt04"", ""ticker"": ""ALLY"", ""anchor_date"": ""2026-01-21"", ""bucket"": ""correct"", ""status"": ""MATCHED_CORRECT"", ""polymarket_resolved_outcome"": ""YES"", ""expected_resolution"": ""YES"", ""label"": ""BEAT"", ""turnover_6m_window_start"": ""2025-07-22"", ""turnover_6m_window_end"": ""2026-01-21"", ""turnover_6m_sum_volume"": 126862581.0, ""turnover_6m_avg_daily_volume"": 998917.9606299213, ""volatility_6m"": 0.01752789870914431, ""analysts_covering_asof_anchor"": 20.0}]",2026-01-31T10:45:17Z,[]
AMAT.N,AMAT,Applied Materials Inc,255832301309.52,Information Technology,Semiconductors & Semiconductor Equipment,Semiconductor Equipment & Testing,United States of America,US,United States of America,United States of America,Country of Headquarters,New York Stock Exchange,36.0,35.0,35.0,12174147.0,12174147.0,0.026061207373392088,0.026061207373392088,1,"[""668506""]","[""amat-quarterly-earnings-nongaap-eps-11-13-2025-2pt1""]","[{""market_id"": ""668506"", ""slug"": ""amat-quarterly-earnings-nongaap-eps-11-13-2025-2pt1"", ""ticker"": ""AMAT"", ""anchor_date"": ""2025-11-13"", ""bucket"": ""correct"", ""status"": ""MATCHED_CORRECT"", ""polymarket_resolved_outcome"": ""YES"", ""expected_resolution"": ""YES"", ""label"": ""BEAT"", ""turnover_6m_window_start"": ""2025-05-14"", ""turnover_6m_window_end"": ""2025-11-13"", ""turnover_6m_sum_volume"": 12174147.0, ""turnover_6m_avg_daily_volume"": 95110.5234375, ""volatility_6m"": 0.026061207373392088, ""analysts_covering_asof_anchor"": 35.0}]",2026-01-31T10:45:17Z,[]
AMC,AMC,AMC Entertainment Holdings Inc,712991549.79,Communication Services,Entertainment,Leisure & Recreation,United States of America,US,United States of America,United States of America,Country of Headquarters,New York Consolidated,7.0,7.0,7.0,1941388653.0,1941388653.0,0.03730164319325134,0.03730164319325134,1,"[""658909""]","[""amc-quarterly-earnings-nongaap-eps-11-05-2025-neg0pt22""]","[{""market_id"": ""658909"", ""slug"": ""amc-quarterly-earnings-nongaap-eps-11-05-2025-neg0pt22"", ""ticker"": ""AMC"", ""anchor_date"": ""2025-11-05"", ""bucket"": ""incorrect"", ""status"": ""MATCHED_INCORRECT"", ""polymarket_resolved_outcome"": ""YES"", ""expected_resolution"": ""NO"", ""label"": ""MISS"", ""turnover_6m_window_start"": ""2025-05-06"", ""turnover_6m_window_end"": ""2025-11-05"", ""turnover_6m_sum_volume"": 1941388653.0, ""turnover_6m_avg_daily_volume"": 15167098.8515625, ""volatility_6m"": 0.03730164319325134, ""analysts_covering_asof_anchor"": 7.0}]",2026-01-31T10:45:17Z,[]
AMD.N,AMD,Advanced Micro Devices Inc,385406273764.2,Information Technology,Semiconductors & Semiconductor Equipment,Semiconductors,United States of America,US,United States of America,United States of America,Country of Headquarters,New York Stock Exchange,57.0,54.0,54.0,59275924.0,59275924.0,0.03491468422945587,0.03491468422945587,1,"[""657445""]","[""amd-quarterly-earnings-nongaap-eps-11-04-2025-1pt17""]","[{""market_id"": ""657445"", ""slug"": ""amd-quarterly-earnings-nongaap-eps-11-04-2025-1pt17"", ""ticker"": ""AMD"", ""anchor_date"": ""2025-11-04"", ""bucket"": ""correct"", ""status"": ""MATCHED_CORRECT"", ""polymarket_resolved_outcome"": ""YES"", ""expected_resolution"": ""YES"", ""label"": ""BEAT"", ""turnover_6m_window_start"": ""2025-05-05"", ""turnover_6m_window_end"": ""2025-11-04"", ""turnover_6m_sum_volume"": 59275924.0, ""turnover_6m_avg_daily_volume"": 463093.15625, ""volatility_6m"": 0.03491468422945587, ""analysts_covering_asof_anchor"": 54.0}]",2026-01-31T10:45:17Z,[]
AMP,AMP,Ameriprise Financial Inc,48132447000.0,Financials,Capital Markets,Investment Management & Fund Operators,United States of America,US,United States of America,United States of America,Country of Headquarters,New York Consolidated,15.0,16.0,16.0,61240630.0,61240630.0,0.01411624084044657,0.01411624084044657,1,"[""627672""]","[""amp-quarterly-earnings-nongaap-eps-10-30-2025-9pt68""]","[{""market_id"": ""627672"", ""slug"": ""amp-quarterly-earnings-nongaap-eps-10-30-2025-9pt68"", ""ticker"": ""AMP"", ""anchor_date"": ""2025-10-30"", ""bucket"": ""correct"", ""status"": ""MATCHED_CORRECT"", ""polymarket_resolved_outcome"": ""YES"", ""expected_resolution"": ""YES"", ""label"": ""BEAT"", ""turnover_6m_window_start"": ""2025-04-30"", ""turnover_6m_window_end"": ""2025-10-30"", ""turnover_6m_sum_volume"": 61240630.0, ""turnover_6m_avg_daily_volume"": 478442.421875, ""volatility_6m"": 0.01411624084044657, ""analysts_covering_asof_anchor"": 16.0}]",2026-01-31T10:45:17Z,[]
AMPL.N,AMPL,Amplitude Inc,1225902215.58,Information Technology,Software,Software,United States of America,US,United States of America,United States of America,Country of Headquarters,New York Stock Exchange,11.0,10.0,10.0,3025789.0,3025789.0,0.032026627642735755,0.032026627642735755,1,"[""656791""]","[""ampl-quarterly-earnings-nongaap-eps-11-05-2025-0pt01""]","[{""market_id"": ""656791"", ""slug"": ""ampl-quarterly-earnings-nongaap-eps-11-05-2025-0pt01"", ""ticker"": ""AMPL"", ""anchor_date"": ""2025-11-05"", ""bucket"": ""correct"", ""status"": ""MATCHED_CORRECT"", ""polymarket_resolved_outcome"": ""YES"", ""expected_resolution"": ""YES"", ""label"": ""BEAT"", ""turnover_6m_window_start"": ""2025-05-06"", ""turnover_6m_window_end"": ""2025-11-05"", ""turnover_6m_sum_volume"": 3025789.0, ""turnover_6m_avg_daily_volume"": 23638.9765625, ""volatility_6m"": 0.032026627642735755, ""analysts_covering_asof_anchor"": 10.0}]",2026-01-31T10:45:17Z,[]
AMZN.N,AMZN,Amazon.com Inc,2558168691432.3,Consumer Discretionary,Broadline Retail,Department Stores,United States of America,US,United States of America,United States of America,Country of Headquarters,New York Stock Exchange,69.0,69.0,69.0,52309224.0,52309224.0,0.01813096286064341,0.01813096286064341,1,"[""642131""]","[""amzn-quarterly-earnings-gaap-eps-10-30-2025-1pt56""]","[{""market_id"": ""642131"", ""slug"": ""amzn-quarterly-earnings-gaap-eps-10-30-2025-1pt56"", ""ticker"": ""AMZN"", ""anchor_date"": ""2025-10-30"", ""bucket"": ""correct"", ""status"": ""MATCHED_CORRECT"", ""polymarket_resolved_outcome"": ""YES"", ""expected_resolution"": ""YES"", ""label"": ""BEAT"", ""turnover_6m_window_start"": ""2025-04-30"", ""turnover_6m_window_end"": ""2025-10-30"", ""turnover_6m_sum_volume"": 52309224.0, ""turnover_6m_avg_daily_volume"": 408665.8125, ""volatility_6m"": 0.01813096286064341, ""analysts_covering_asof_anchor"": 69.0}]",2026-01-31T10:45:17Z,[]
ANF,ANF,Abercrombie & Fitch Co,4477073192.28,Consumer Discretionary,Specialty Retail,Apparel & Accessories Retailers,United States of America,US,United States of America,United States of America,Country of Headquarters,New York Consolidated,13.0,13.0,13.0,292298734.0,292298734.0,0.0416539240185517,0.0416539240185517,1,"[""675619""]","[""anf-quarterly-earnings-gaap-eps-11-25-2025-2pt22""]","[{""market_id"": ""675619"", ""slug"": ""anf-quarterly-earnings-gaap-eps-11-25-2025-2pt22"", ""ticker"": ""ANF"", ""anchor_date"": ""2025-11-25"", ""bucket"": ""correct"", ""status"": ""MATCHED_CORRECT"", ""polymarket_resolved_outcome"": ""YES"", ""expected_resolution"": ""YES"", ""label"": ""BEAT"", ""turnover_6m_window_start"": ""2025-05-26"", ""turnover_6m_window_end"": ""2025-11-25"", ""turnover_6m_sum_volume"": 292298734.0, ""turnover_6m_avg_daily_volume"": 2283583.859375, ""volatility_6m"": 0.0416539240185517, ""analysts_covering_asof_anchor"": 13.0}]",2026-01-31T10:45:17Z,[]
APLD.N,APLD,Applied Digital Corp,9472367683.24,Information Technology,IT Services,Blockchain & Cryptocurrency,United States of America,US,United States of America,United States of America,Country of Headquarters,New York Stock Exchange,14.0,10.0,10.0,84223691.0,84223691.0,0.08251165808748287,0.08251165808748287,1,"[""619984""]","[""apld-quarterly-earnings-nongaap-eps-2025-10-09-neg0pt16""]","[{""market_id"": ""619984"", ""slug"": ""apld-quarterly-earnings-nongaap-eps-2025-10-09-neg0pt16"", ""ticker"": ""APLD"", ""anchor_date"": ""2025-10-09"", ""bucket"": ""correct"", ""status"": ""MATCHED_CORRECT"", ""polymarket_resolved_outcome"": ""YES"", ""expected_resolution"": ""YES"", ""label"": ""BEAT"", ""turnover_6m_window_start"": ""2025-04-09"", ""turnover_6m_window_end"": ""2025-10-09"", ""turnover_6m_sum_volume"": 84223691.0, ""turnover_6m_avg_daily_volume"": 663178.6692913385, ""volatility_6m"": 0.08251165808748287, ""analysts_covering_asof_anchor"": 10.0}]",2026-01-31T10:45:17Z,[]
APO,APO,Apollo Global Management Inc,78090052971.42,Financials,Financial Services,Pension Funds,United States of America,US,United States of America,United States of America,Country of Headquarters,New York Consolidated,18.0,17.0,17.0,419850648.0,419850648.0,0.02128057524378909,0.02128057524378909,1,"[""656760""]","[""apo-quarterly-earnings-nongaap-eps-11-04-2025-1pt9""]","[{""market_id"": ""656760"", ""slug"": ""apo-quarterly-earnings-nongaap-eps-11-04-2025-1pt9"", ""ticker"": ""APO"", ""anchor_date"": ""2025-11-04"", ""bucket"": ""correct"", ""status"": ""MATCHED_CORRECT"", ""polymarket_resolved_outcome"": ""YES"", ""expected_resolution"": ""YES"", ""label"": ""BEAT"", ""turnover_6m_window_start"": ""2025-05-05"", ""turnover_6m_window_end"": ""2025-11-04"", ""turnover_6m_sum_volume"": 419850648.0, ""turnover_6m_avg_daily_volume"": 3280083.1875, ""volatility_6m"": 0.02128057524378909, ""analysts_covering_asof_anchor"": 17.0}]",2026-01-31T10:45:17Z,[]
APP.N,APP,Applovin Corp,159889890050.0,Information Technology,Software,Software,United States of America,US,United States of America,United States of America,Country of Headquarters,New York Stock Exchange,30.0,27.0,27.0,11412861.0,11412861.0,0.03761078350660841,0.03761078350660841,1,"[""655266""]","[""app-quarterly-earnings-gaap-eps-11-05-2025-2pt39""]","[{""market_id"": ""655266"", ""slug"": ""app-quarterly-earnings-gaap-eps-11-05-2025-2pt39"", ""ticker"": ""APP"", ""anchor_date"": ""2025-11-05"", ""bucket"": ""correct"", ""status"": ""MATCHED_CORRECT"", ""polymarket_resolved_outcome"": ""YES"", ""expected_resolution"": ""YES"", ""label"": ""BEAT"", ""turnover_6m_window_start"": ""2025-05-06"", ""turnover_6m_window_end"": ""2025-11-05"", ""turnover_6m_sum_volume"": 11412861.0, ""turnover_6m_avg_daily_volume"": 89162.9765625, ""volatility_6m"": 0.03761078350660841, ""analysts_covering_asof_anchor"": 27.0}]",2026-01-31T10:45:17Z,[]
ARCC.N,ARCC,Ares Capital Corp,14235802074.0,Financials,Capital Markets,Investment Management & Fund Operators,United States of America,US,United States of America,United States of America,Country of Headquarters,New York Stock Exchange,15.0,15.0,15.0,12541057.0,12541057.0,0.011169672141836232,0.011169672141836232,1,"[""642134""]","[""arcc-quarterly-earnings-nongaap-eps-10-28-2025-0pt5""]","[{""market_id"": ""642134"", ""slug"": ""arcc-quarterly-earnings-nongaap-eps-10-28-2025-0pt5"", ""ticker"": ""ARCC"", ""anchor_date"": ""2025-10-28"", ""bucket"": ""correct"", ""status"": ""MATCHED_CORRECT"", ""polymarket_resolved_outcome"": ""NO"", ""expected_resolution"": ""NO"", ""label"": ""TIE"", ""turnover_6m_window_start"": ""2025-04-28"", ""turnover_6m_window_end"": ""2025-10-28"", ""turnover_6m_sum_volume"": 12541057.0, ""turnover_6m_avg_daily_volume"": 97977.0078125, ""volatility_6m"": 0.011169672141836232, ""analysts_covering_asof_anchor"": 15.0}]",2026-01-31T10:45:17Z,[]
ARES.N,ARES,Ares Management Corp,48922500292.38,Financials,Capital Markets,Investment Management & Fund Operators,United States of America,US,United States of America,United States of America,Country of Headquarters,New York Stock Exchange,16.0,15.0,15.0,50523010.0,50523010.0,0.019814565865550686,0.019814565865550686,1,"[""652512""]","[""ares-quarterly-earnings-nongaap-eps-11-03-2025-1pt14""]","[{""market_id"": ""652512"", ""slug"": ""ares-quarterly-earnings-nongaap-eps-11-03-2025-1pt14"", ""ticker"": ""ARES"", ""anchor_date"": ""2025-11-03"", ""bucket"": ""correct"", ""status"": ""MATCHED_CORRECT"", ""polymarket_resolved_outcome"": ""YES"", ""expected_resolution"": ""YES"", ""label"": ""BEAT"", ""turnover_6m_window_start"": ""2025-05-04"", ""turnover_6m_window_end"": ""2025-11-03"", ""turnover_6m_sum_volume"": 50523010.0, ""turnover_6m_avg_daily_volume"": 397818.9763779527, ""volatility_6m"": 0.019814565865550686, ""analysts_covering_asof_anchor"": 15.0}]",2026-01-31T10:45:17Z,[]
ARM.N,ARM,Arm Holdings PLC,111786960000.0,Information Technology,Semiconductors & Semiconductor Equipment,Semiconductors,United Kingdom,GB,United Kingdom,United States of America,Country of Headquarters,New York Stock Exchange,41.0,36.0,36.0,10722099.0,10722099.0,0.032168540227760965,0.032168540227760965,1,"[""655388""]","[""arm-quarterly-earnings-nongaap-eps-11-05-2025-0pt33""]","[{""market_id"": ""655388"", ""slug"": ""arm-quarterly-earnings-nongaap-eps-11-05-2025-0pt33"", ""ticker"": ""ARM"", ""anchor_date"": ""2025-11-05"", ""bucket"": ""correct"", ""status"": ""MATCHED_CORRECT"", ""polymarket_resolved_outcome"": ""YES"", ""expected_resolution"": ""YES"", ""label"": ""BEAT"", ""turnover_6m_window_start"": ""2025-05-06"", ""turnover_6m_window_end"": ""2025-11-05"", ""turnover_6m_sum_volume"": 10722099.0, ""turnover_6m_avg_daily_volume"": 83766.3984375, ""volatility_6m"": 0.032168540227760965, ""analysts_covering_asof_anchor"": 36.0}]",2026-01-31T10:45:17Z,[]
AS,AS,Amer Sports Inc,20279510709.48,Consumer Discretionary,"Textiles, Apparel & Luxury Goods",Miscellaneous Specialty Retailers,Finland,FI,Finland,United States of America,Country of Headquarters,New York Consolidated,25.0,23.0,23.0,620615884.0,620615884.0,0.029265836982176496,0.029265836982176496,1,"[""675024""]","[""as-quarterly-earnings-nongaap-eps-11-18-2025-0pt25""]","[{""market_id"": ""675024"", ""slug"": ""as-quarterly-earnings-nongaap-eps-11-18-2025-0pt25"", ""ticker"": ""AS"", ""anchor_date"": ""2025-11-18"", ""bucket"": ""correct"", ""status"": ""MATCHED_CORRECT"", ""polymarket_resolved_outcome"": ""YES"", ""expected_resolution"": ""YES"", ""label"": ""BEAT"", ""turnover_6m_window_start"": ""2025-05-19"", ""turnover_6m_window_end"": ""2025-11-18"", ""turnover_6m_sum_volume"": 620615884.0, ""turnover_6m_avg_daily_volume"": 4848561.59375, ""volatility_6m"": 0.029265836982176496, ""analysts_covering_asof_anchor"": 23.0}]",2026-01-31T10:45:17Z,[]
ASAN.N,ASAN,Asana Inc,2430275010.25,Information Technology,Software,Software,United States of America,US,United States of America,United States of America,Country of Headquarters,New York Stock Exchange,15.0,15.0,15.0,141021509.0,141021509.0,0.03512538213461126,0.03512538213461126,1,"[""696259""]","[""asan-quarterly-earnings-nongaap-eps-12-02-2025-0pt06""]","[{""market_id"": ""696259"", ""slug"": ""asan-quarterly-earnings-nongaap-eps-12-02-2025-0pt06"", ""ticker"": ""ASAN"", ""anchor_date"": ""2025-12-02"", ""bucket"": ""correct"", ""status"": ""MATCHED_CORRECT"", ""polymarket_resolved_outcome"": ""YES"", ""expected_resolution"": ""YES"", ""label"": ""BEAT"", ""turnover_6m_window_start"": ""2025-06-02"", ""turnover_6m_window_end"": ""2025-12-02"", ""turnover_6m_sum_volume"": 141021509.0, ""turnover_6m_avg_daily_volume"": 1101730.5390625, ""volatility_6m"": 0.03512538213461126, ""analysts_covering_asof_anchor"": 15.0}]",2026-01-31T10:45:17Z,[]
ASO.N,ASO,Academy Sports and Outdoors Inc,3668138313.0,Consumer Discretionary,Specialty Retail,Apparel & Accessories Retailers,United States of America,US,United States of America,United States of America,Country of Headquarters,New York Stock Exchange,19.0,21.0,21.0,3869152.0,3869152.0,0.028201133169043355,0.028201133169043355,1,"[""697473""]","[""aso-quarterly-earnings-nongaap-eps-12-09-2025-1pt06""]","[{""market_id"": ""697473"", ""slug"": ""aso-quarterly-earnings-nongaap-eps-12-09-2025-1pt06"", ""ticker"": ""ASO"", ""anchor_date"": ""2025-12-09"", ""bucket"": ""correct"", ""status"": ""MATCHED_CORRECT"", ""polymarket_resolved_outcome"": ""YES"", ""expected_resolution"": ""YES"", ""label"": ""BEAT"", ""turnover_6m_window_start"": ""2025-06-09"", ""turnover_6m_window_end"": ""2025-12-09"", ""turnover_6m_sum_volume"": 3869152.0, ""turnover_6m_avg_daily_volume"": 30227.75, ""volatility_6m"": 0.028201133169043355, ""analysts_covering_asof_anchor"": 21.0}]",2026-01-31T10:45:17Z,[]
ATO,ATO,Atmos Energy Corp,26896069510.24,Utilities,Gas Utilities,Natural Gas Utilities,United States of America,US,United States of America,United States of America,Country of Headquarters,New York Consolidated,15.0,15.0,15.0,112834260.0,112834260.0,0.009935874304942185,0.009935874304942185,1,"[""655451""]","[""ato-quarterly-earnings-gaap-eps-11-05-2025-0pt97""]","[{""market_id"": ""655451"", ""slug"": ""ato-quarterly-earnings-gaap-eps-11-05-2025-0pt97"", ""ticker"": ""ATO"", ""anchor_date"": ""2025-11-05"", ""bucket"": ""correct"", ""status"": ""MATCHED_CORRECT"", ""polymarket_resolved_outcome"": ""YES"", ""expected_resolution"": ""YES"", ""label"": ""BEAT"", ""turnover_6m_window_start"": ""2025-05-06"", ""turnover_6m_window_end"": ""2025-11-05"", ""turnover_6m_sum_volume"": 112834260.0, ""turnover_6m_avg_daily_volume"": 881517.65625, ""volatility_6m"": 0.009935874304942185, ""analysts_covering_asof_anchor"": 15.0}]",2026-01-31T10:45:17Z,[]
AVGO.N,AVGO,Broadcom Inc,1570784009608.7,Information Technology,Semiconductors & Semiconductor Equipment,Semiconductors,United States of America,US,United States of America,United States of America,Country of Headquarters,New York Stock Exchange,53.0,47.5,47.5,33733488.0,33733488.0,0.03524349438873203,0.03524349438873203,2,"[""549606"", ""898889""]","[""will-broadcom-beat-q2-earnings-estimate"", ""avgo-quarterly-earnings-nongaap-eps-12-11-2025-1pt87""]","[{""market_id"": ""549606"", ""slug"": ""will-broadcom-beat-q2-earnings-estimate"", ""ticker"": ""AVGO"", ""anchor_date"": ""2025-06-05"", ""bucket"": ""correct"", ""status"": ""MATCHED_CORRECT"", ""polymarket_resolved_outcome"": ""YES"", ""expected_resolution"": ""YES"", ""label"": ""BEAT"", ""turnover_6m_window_start"": ""2024-12-04"", ""turnover_6m_window_end"": ""2025-06-05"", ""turnover_6m_sum_volume"": 39134429.0, ""turnover_6m_avg_daily_volume"": 313075.432, ""volatility_6m"": 0.04454147970453504, ""analysts_covering_asof_anchor"": 43.0}, {""market_id"": ""898889"", ""slug"": ""avgo-quarterly-earnings-nongaap-eps-12-11-2025-1pt87"", ""ticker"": ""AVGO"", ""anchor_date"": ""2025-12-11"", ""bucket"": ""correct"", ""status"": ""MATCHED_CORRECT"", ""polymarket_resolved_outcome"": ""YES"", ""expected_resolution"": ""YES"", ""label"": ""BEAT"", ""turnover_6m_window_start"": ""2025-06-11"", ""turnover_6m_window_end"": ""2025-12-11"", ""turnover_6m_sum_volume"": 28332547.0, ""turnover_6m_avg_daily_volume"": 221348.0234375, ""volatility_6m"": 0.025945509072929022, ""analysts_covering_asof_anchor"": 52.0}]",2026-01-31T10:45:17Z,[]
AVR.N,AVR,Anteris Technologies Global Corp,547535821.71,Health Care,Health Care Equipment & Supplies,"Medical Equipment, Supplies & Distribution",United States of America,US,United States of America,United States of America,Country of Headquarters,New York Stock Exchange,3.0,3.0,3.0,249345.0,249345.0,0.06087175311945896,0.06087175311945896,1,"[""675514""]","[""avr-quarterly-earnings-gaap-eps-11-20-2025-neg0pt54""]","[{""market_id"": ""675514"", ""slug"": ""avr-quarterly-earnings-gaap-eps-11-20-2025-neg0pt54"", ""ticker"": ""AVR"", ""anchor_date"": ""2025-11-20"", ""bucket"": ""correct"", ""status"": ""MATCHED_CORRECT"", ""polymarket_resolved_outcome"": ""NO"", ""expected_resolution"": ""NO"", ""label"": ""MISS"", ""turnover_6m_window_start"": ""2025-05-21"", ""turnover_6m_window_end"": ""2025-11-20"", ""turnover_6m_sum_volume"": 249345.0, ""turnover_6m_avg_daily_volume"": 1948.0078125, ""volatility_6m"": 0.06087175311945896, ""analysts_covering_asof_anchor"": 3.0}]",2026-01-31T10:45:17Z,[]
AXP,AXP,American Express Co,242592886637.01,Financials,Consumer Finance,Consumer Lending,United States of America,US,United States of America,United States of America,Country of Headquarters,New York Consolidated,30.0,30.5,30.5,336959262.0,336959262.0,0.016092876243174202,0.016092876243174202,2,"[""627451"", ""1244959""]","[""axp-quarterly-earnings-gaap-eps-10-17-2025-4"", ""axp-quarterly-earnings-gaap-eps-01-30-2026-3pt53""]","[{""market_id"": ""627451"", ""slug"": ""axp-quarterly-earnings-gaap-eps-10-17-2025-4"", ""ticker"": ""AXP"", ""anchor_date"": ""2025-10-17"", ""bucket"": ""correct"", ""status"": ""MATCHED_CORRECT"", ""polymarket_resolved_outcome"": ""YES"", ""expected_resolution"": ""YES"", ""label"": ""BEAT"", ""turnover_6m_window_start"": ""2025-04-17"", ""turnover_6m_window_end"": ""2025-10-17"", ""turnover_6m_sum_volume"": 340284716.0, ""turnover_6m_avg_daily_volume"": 2679407.2125984253, ""volatility_6m"": 0.01657338340813647, ""analysts_covering_asof_anchor"": 31.0}, {""market_id"": ""1244959"", ""slug"": ""axp-quarterly-earnings-gaap-eps-01-30-2026-3pt53"", ""ticker"": ""AXP"", ""anchor_date"": ""2026-01-30"", ""bucket"": ""correct"", ""status"": ""MATCHED_CORRECT"", ""polymarket_resolved_outcome"": ""NO"", ""expected_resolution"": ""NO"", ""label"": ""TIE"", ""turnover_6m_window_start"": ""2025-07-31"", ""turnover_6m_window_end"": ""2026-01-30"", ""turnover_6m_sum_volume"": 333633808.0, ""turnover_6m_avg_daily_volume"": 2627037.8582677166, ""volatility_6m"": 0.015612369078211933, ""analysts_covering_asof_anchor"": 30.0}]",2026-01-31T10:45:17Z,[]
AZO,AZO,Autozone Inc,61372013652.09,Consumer Discretionary,Specialty Retail,"Auto Vehicles, Parts & Service Retailers",United States of America,US,United States of America,United States of America,Country of Headquarters,New York Consolidated,30.0,30.0,30.0,16790198.0,16790198.0,0.014920030574705858,0.014920030574705858,1,"[""701950""]","[""azo-quarterly-earnings-gaap-eps-12-09-2025-32pt58""]","[{""market_id"": ""701950"", ""slug"": ""azo-quarterly-earnings-gaap-eps-12-09-2025-32pt58"", ""ticker"": ""AZO"", ""anchor_date"": ""2025-12-09"", ""bucket"": ""correct"", ""status"": ""MATCHED_CORRECT"", ""polymarket_resolved_outcome"": ""NO"", ""expected_resolution"": ""NO"", ""label"": ""MISS"", ""turnover_6m_window_start"": ""2025-06-09"", ""turnover_6m_window_end"": ""2025-12-09"", ""turnover_6m_sum_volume"": 16790198.0, ""turnover_6m_avg_daily_volume"": 131173.421875, ""volatility_6m"": 0.014920030574705858, ""analysts_covering_asof_anchor"": 30.0}]",2026-01-31T10:45:17Z,[]
AZZ,AZZ,AZZ Inc,3710760727.14,Industrials,Building Products,Iron & Steel,United States of America,US,United States of America,United States of America,Country of Headquarters,New York Consolidated,11.0,11.0,11.0,33710025.0,33710025.0,0.019562952162559377,0.019562952162559377,1,"[""619857""]","[""azz-quarterly-earnings-nongaap-eps-2025-10-08-1pt57""]","[{""market_id"": ""619857"", ""slug"": ""azz-quarterly-earnings-nongaap-eps-2025-10-08-1pt57"", ""ticker"": ""AZZ"", ""anchor_date"": ""2025-10-08"", ""bucket"": ""correct"", ""status"": ""MATCHED_CORRECT"", ""polymarket_resolved_outcome"": ""NO"", ""expected_resolution"": ""NO"", ""label"": ""MISS"", ""turnover_6m_window_start"": ""2025-04-08"", ""turnover_6m_window_end"": ""2025-10-08"", ""turnover_6m_sum_volume"": 33710025.0, ""turnover_6m_avg_daily_volume"": 265433.2677165354, ""volatility_6m"": 0.019562952162559377, ""analysts_covering_asof_anchor"": 11.0}]",2026-01-31T10:45:17Z,[]
BA,BA,Boeing Co,183399679664.4,Industrials,Aerospace & Defense,Aerospace & Defense,United States of America,US,United States of America,United States of America,Country of Headquarters,New York Consolidated,27.0,26.0,26.0,998718480.0,998718480.0,0.016682289708533984,0.016682289708533984,1,"[""647505""]","[""ba-quarterly-earnings-nongaap-eps-10-29-2025-neg2pt38""]","[{""market_id"": ""647505"", ""slug"": ""ba-quarterly-earnings-nongaap-eps-10-29-2025-neg2pt38"", ""ticker"": ""BA"", ""anchor_date"": ""2025-10-29"", ""bucket"": ""correct"", ""status"": ""MATCHED_CORRECT"", ""polymarket_resolved_outcome"": ""NO"", ""expected_resolution"": ""NO"", ""label"": ""MISS"", ""turnover_6m_window_start"": ""2025-04-29"", ""turnover_6m_window_end"": ""2025-10-29"", ""turnover_6m_sum_volume"": 998718480.0, ""turnover_6m_avg_daily_volume"": 7802488.125, ""volatility_6m"": 0.016682289708533984, ""analysts_covering_asof_anchor"": 26.0}]",2026-01-31T10:45:17Z,[]
BAC,BAC,Bank of America Corp,383703103154.0,Financials,Banks,Banks,United States of America,US,United States of America,United States of America,Country of Headquarters,New York Consolidated,26.0,26.0,26.0,4741322350.5,4741322350.5,0.012872737364825627,0.012872737364825627,2,"[""614613"", ""1099134""]","[""bac-quarterly-earnings-gaap-eps-2025-10-15-0pt93"", ""bac-quarterly-earnings-gaap-eps-01-14-2026-0pt97""]","[{""market_id"": ""614613"", ""slug"": ""bac-quarterly-earnings-gaap-eps-2025-10-15-0pt93"", ""ticker"": ""BAC"", ""anchor_date"": ""2025-10-15"", ""bucket"": ""correct"", ""status"": ""MATCHED_CORRECT"", ""polymarket_resolved_outcome"": ""YES"", ""expected_resolution"": ""YES"", ""label"": ""BEAT"", ""turnover_6m_window_start"": ""2025-04-15"", ""turnover_6m_window_end"": ""2025-10-15"", ""turnover_6m_sum_volume"": 4840496430.0, ""turnover_6m_avg_daily_volume"": 38114145.11811024, ""volatility_6m"": 0.012872909009921881, ""analysts_covering_asof_anchor"": 26.0}, {""market_id"": ""1099134"", ""slug"": ""bac-quarterly-earnings-gaap-eps-01-14-2026-0pt97"", ""ticker"": ""BAC"", ""anchor_date"": ""2026-01-14"", ""bucket"": ""correct"", ""status"": ""MATCHED_CORRECT"", ""polymarket_resolved_outcome"": ""YES"", ""expected_resolution"": ""YES"", ""label"": ""BEAT"", ""turnover_6m_window_start"": ""2025-07-15"", ""turnover_6m_window_end"": ""2026-01-14"", ""turnover_6m_sum_volume"": 4642148271.0, ""turnover_6m_avg_daily_volume"": 36266783.3671875, ""volatility_6m"": 0.012872565719729374, ""analysts_covering_asof_anchor"": 26.0}]",2026-01-31T10:45:17Z,[]
BBBY.N,BBBY,Bed Bath & Beyond Inc,406896082.95,Consumer Discretionary,Specialty Retail,Online Services,United States of America,US,United States of America,United States of America,Country of Headquarters,New York Stock Exchange,7.0,7.0,7.0,77741724.0,77741724.0,0.05806768504260048,0.05806768504260048,1,"[""642137""]","[""bbby-quarterly-earnings-nongaap-eps-10-27-2025-neg0pt31""]","[{""market_id"": ""642137"", ""slug"": ""bbby-quarterly-earnings-nongaap-eps-10-27-2025-neg0pt31"", ""ticker"": ""BBBY"", ""anchor_date"": ""2025-10-27"", ""bucket"": ""correct"", ""status"": ""MATCHED_CORRECT"", ""polymarket_resolved_outcome"": ""YES"", ""expected_resolution"": ""YES"", ""label"": ""BEAT"", ""turnover_6m_window_start"": ""2025-04-27"", ""turnover_6m_window_end"": ""2025-10-27"", ""turnover_6m_sum_volume"": 77741724.0, ""turnover_6m_avg_daily_volume"": 612139.5590551181, ""volatility_6m"": 0.05806768504260048, ""analysts_covering_asof_anchor"": 7.0}]",2026-01-31T10:45:17Z,[]
BBW,BBW,Build-A-Bear Workshop Inc,772606477.92,Consumer Discretionary,Specialty Retail,Miscellaneous Specialty Retailers,United States of America,US,United States of America,United States of America,Country of Headquarters,New York Consolidated,5.0,4.0,4.0,42540928.0,42540928.0,0.035986128439309095,0.035986128439309095,1,"[""697476""]","[""bbw-quarterly-earnings-gaap-eps-12-04-2025-0pt59""]","[{""market_id"": ""697476"", ""slug"": ""bbw-quarterly-earnings-gaap-eps-12-04-2025-0pt59"", ""ticker"": ""BBW"", ""anchor_date"": ""2025-12-04"", ""bucket"": ""correct"", ""status"": ""MATCHED_CORRECT"", ""polymarket_resolved_outcome"": ""YES"", ""expected_resolution"": ""YES"", ""label"": ""BEAT"", ""turnover_6m_window_start"": ""2025-06-04"", ""turnover_6m_window_end"": ""2025-12-04"", ""turnover_6m_sum_volume"": 42540928.0, ""turnover_6m_avg_daily_volume"": 332351.0, ""volatility_6m"": 0.035986128439309095, ""analysts_covering_asof_anchor"": 4.0}]",2026-01-31T10:45:17Z,[]
BBWI.N,BBWI,Bath & Body Works Inc,4462930989.0,Consumer Discretionary,Specialty Retail,Miscellaneous Specialty Retailers,United States of America,US,United States of America,United States of America,Country of Headquarters,New York Stock Exchange,16.0,16.0,16.0,188289940.0,188289940.0,0.035936859715598714,0.035936859715598714,1,"[""675540""]","[""bbwi-quarterly-earnings-nongaap-eps-11-20-2025-0pt4""]","[{""market_id"": ""675540"", ""slug"": ""bbwi-quarterly-earnings-nongaap-eps-11-20-2025-0pt4"", ""ticker"": ""BBWI"", ""anchor_date"": ""2025-11-20"", ""bucket"": ""correct"", ""status"": ""MATCHED_CORRECT"", ""polymarket_resolved_outcome"": ""NO"", ""expected_resolution"": ""NO"", ""label"": ""MISS"", ""turnover_6m_window_start"": ""2025-05-21"", ""turnover_6m_window_end"": ""2025-11-20"", ""turnover_6m_sum_volume"": 188289940.0, ""turnover_6m_avg_daily_volume"": 1471015.15625, ""volatility_6m"": 0.035936859715598714, ""analysts_covering_asof_anchor"": 16.0}]",2026-01-31T10:45:17Z,[]
BBY,BBY,Best Buy Co Inc,13640735205.3,Consumer Discretionary,Specialty Retail,Computer & Electronics Retailers,United States of America,US,United States of America,United States of America,Country of Headquarters,New York Consolidated,26.0,27.0,27.0,461685571.0,461685571.0,0.022574969966141722,0.022574969966141722,1,"[""675628""]","[""bby-quarterly-earnings-nongaap-eps-11-25-2025-1pt31""]","[{""market_id"": ""675628"", ""slug"": ""bby-quarterly-earnings-nongaap-eps-11-25-2025-1pt31"", ""ticker"": ""BBY"", ""anchor_date"": ""2025-11-25"", ""bucket"": ""correct"", ""status"": ""MATCHED_CORRECT"", ""polymarket_resolved_outcome"": ""YES"", ""expected_resolution"": ""YES"", ""label"": ""BEAT"", ""turnover_6m_window_start"": ""2025-05-26"", ""turnover_6m_window_end"": ""2025-11-25"", ""turnover_6m_sum_volume"": 461685571.0, ""turnover_6m_avg_daily_volume"": 3606918.5234375, ""volatility_6m"": 0.022574969966141722, ""analysts_covering_asof_anchor"": 27.0}]",2026-01-31T10:45:17Z,[]
BCSF.N,BCSF,Bain Capital Specialty Finance Inc,854318237.19,Financials,Capital Markets,Investment Management & Fund Operators,United States of America,US,United States of America,United States of America,Country of Headquarters,New York Stock Exchange,3.0,3.0,3.0,10536351.0,10536351.0,0.012302836050411239,0.012302836050411239,1,"[""667924""]","[""bcsf-quarterly-earnings-gaap-eps-11-10-2025-0pt45""]","[{""market_id"": ""667924"", ""slug"": ""bcsf-quarterly-earnings-gaap-eps-11-10-2025-0pt45"", ""ticker"": ""BCSF"", ""anchor_date"": ""2025-11-10"", ""bucket"": ""correct"", ""status"": ""MATCHED_CORRECT"", ""polymarket_resolved_outcome"": ""NO"", ""expected_resolution"": ""NO"", ""label"": ""TIE"", ""turnover_6m_window_start"": ""2025-05-11"", ""turnover_6m_window_end"": ""2025-11-10"", ""turnover_6m_sum_volume"": 10536351.0, ""turnover_6m_avg_daily_volume"": 82963.3937007874, ""volatility_6m"": 0.012302836050411239, ""analysts_covering_asof_anchor"": 3.0}]",2026-01-31T10:45:17Z,[]
BEN,BEN,Franklin Resources Inc,13879419715.26,Financials,Capital Markets,Investment Management & Fund Operators,United States of America,US,United States of America,United States of America,Country of Headquarters,New York Consolidated,11.0,11.0,11.0,559502708.0,559502708.0,0.015288253201275618,0.015288253201275618,1,"[""658619""]","[""ben-quarterly-earnings-nongaap-eps-11-07-2025-0pt59""]","[{""market_id"": ""658619"", ""slug"": ""ben-quarterly-earnings-nongaap-eps-11-07-2025-0pt59"", ""ticker"": ""BEN"", ""anchor_date"": ""2025-11-07"", ""bucket"": ""correct"", ""status"": ""MATCHED_CORRECT"", ""polymarket_resolved_outcome"": ""YES"", ""expected_resolution"": ""YES"", ""label"": ""BEAT"", ""turnover_6m_window_start"": ""2025-05-08"", ""turnover_6m_window_end"": ""2025-11-07"", ""turnover_6m_sum_volume"": 559502708.0, ""turnover_6m_avg_daily_volume"": 4371114.90625, ""volatility_6m"": 0.015288253201275618, ""analysts_covering_asof_anchor"": 11.0}]",2026-01-31T10:45:17Z,[]
BFC.N,BFC,Bank First Corp,1565304043.54,Financials,Banks,Banks,United States of America,US,United States of America,United States of America,Country of Headquarters,New York Stock Exchange,2.0,2.0,2.0,129905.0,129905.0,0.022845317939917197,0.022845317939917197,1,"[""1118261""]","[""bfc-quarterly-earnings-gaap-eps-01-20-2026-1pt8""]","[{""market_id"": ""1118261"", ""slug"": ""bfc-quarterly-earnings-gaap-eps-01-20-2026-1pt8"", ""ticker"": ""BFC"", ""anchor_date"": ""2026-01-20"", ""bucket"": ""correct"", ""status"": ""MATCHED_CORRECT"", ""polymarket_resolved_outcome"": ""YES"", ""expected_resolution"": ""YES"", ""label"": ""BEAT"", ""turnover_6m_window_start"": ""2025-07-21"", ""turnover_6m_window_end"": ""2026-01-20"", ""turnover_6m_sum_volume"": 129905.0, ""turnover_6m_avg_daily_volume"": 1022.8740157480315, ""volatility_6m"": 0.022845317939917197, ""analysts_covering_asof_anchor"": 2.0}]",2026-01-31T10:45:17Z,[]
BGC.N,BGC,Bgc Group Inc,4270292503.55,Financials,Capital Markets,Investment Banking & Brokerage Services,United States of America,US,United States of America,United States of America,Country of Headquarters,New York Stock Exchange,2.0,2.0,2.0,7969991.0,7969991.0,0.017473829073577016,0.017473829073577016,1,"[""642138""]","[""bgc-quarterly-earnings-nongaap-eps-11-06-2025-0pt28""]","[{""market_id"": ""642138"", ""slug"": ""bgc-quarterly-earnings-nongaap-eps-11-06-2025-0pt28"", ""ticker"": ""BGC"", ""anchor_date"": ""2025-11-06"", ""bucket"": ""correct"", ""status"": ""MATCHED_CORRECT"", ""polymarket_resolved_outcome"": ""YES"", ""expected_resolution"": ""YES"", ""label"": ""BEAT"", ""turnover_6m_window_start"": ""2025-05-07"", ""turnover_6m_window_end"": ""2025-11-06"", ""turnover_6m_sum_volume"": 7969991.0, ""turnover_6m_avg_daily_volume"": 62265.5546875, ""volatility_6m"": 0.017473829073577016, ""analysts_covering_asof_anchor"": 2.0}]",2026-01-31T10:45:17Z,[]
BIRD.N,BIRD,Allbirds Inc,32113189.72,Consumer Discretionary,"Textiles, Apparel & Luxury Goods",Footwear,United States of America,US,United States of America,United States of America,Country of Headquarters,New York Stock Exchange,2.0,3.0,3.0,36280.0,36280.0,0.08643349973796041,0.08643349973796041,1,"[""658526""]","[""bird-quarterly-earnings-gaap-eps-11-06-2025-neg2pt66""]","[{""market_id"": ""658526"", ""slug"": ""bird-quarterly-earnings-gaap-eps-11-06-2025-neg2pt66"", ""ticker"": ""BIRD"", ""anchor_date"": ""2025-11-06"", ""bucket"": ""correct"", ""status"": ""MATCHED_CORRECT"", ""polymarket_resolved_outcome"": ""YES"", ""expected_resolution"": ""YES"", ""label"": ""BEAT"", ""turnover_6m_window_start"": ""2025-05-07"", ""turnover_6m_window_end"": ""2025-11-06"", ""turnover_6m_sum_volume"": 36280.0, ""turnover_6m_avg_daily_volume"": 318.2456140350877, ""volatility_6m"": 0.08643349973796041, ""analysts_covering_asof_anchor"": 3.0}]",2026-01-31T10:45:17Z,[]
BJ,BJ,BJ's Wholesale Club Holdings Inc,12095562774.6,Consumer Staples,Consumer Staples Distribution & Retail,Discount Stores,United States of America,US,United States of America,United States of America,Country of Headquarters,New York Consolidated,22.0,22.0,22.0,263795425.0,263795425.0,0.01701691274725521,0.01701691274725521,1,"[""675612""]","[""bj-quarterly-earnings-nongaap-eps-11-21-2025-1pt09""]","[{""market_id"": ""675612"", ""slug"": ""bj-quarterly-earnings-nongaap-eps-11-21-2025-1pt09"", ""ticker"": ""BJ"", ""anchor_date"": ""2025-11-21"", ""bucket"": ""correct"", ""status"": ""MATCHED_CORRECT"", ""polymarket_resolved_outcome"": ""YES"", ""expected_resolution"": ""YES"", ""label"": ""BEAT"", ""turnover_6m_window_start"": ""2025-05-22"", ""turnover_6m_window_end"": ""2025-11-21"", ""turnover_6m_sum_volume"": 263795425.0, ""turnover_6m_avg_daily_volume"": 2060901.7578125, ""volatility_6m"": 0.01701691274725521, ""analysts_covering_asof_anchor"": 22.0}]",2026-01-31T10:45:17Z,[]
BK,BK,Bank of New York Mellon Corp,82533261120.0,Financials,Capital Markets,Investment Management & Fund Operators,United States of America,US,United States of America,United States of America,Country of Headquarters,New York Consolidated,17.0,17.0,17.0,463404462.0,463404462.0,0.010841328658197893,0.010841328658197893,2,"[""619465"", ""1069149""]","[""bk-quarterly-earnings-gaap-eps-2025-10-16-1pt76"", ""bk-quarterly-earnings-nongaap-eps-01-13-2026-1pt99""]","[{""market_id"": ""619465"", ""slug"": ""bk-quarterly-earnings-gaap-eps-2025-10-16-1pt76"", ""ticker"": ""BK"", ""anchor_date"": ""2025-10-16"", ""bucket"": ""correct"", ""status"": ""MATCHED_CORRECT"", ""polymarket_resolved_outcome"": ""YES"", ""expected_resolution"": ""YES"", ""label"": ""BEAT"", ""turnover_6m_window_start"": ""2025-04-16"", ""turnover_6m_window_end"": ""2025-10-16"", ""turnover_6m_sum_volume"": 478824730.0, ""turnover_6m_avg_daily_volume"": 3770273.4645669293, ""volatility_6m"": 0.010832054527052125, ""analysts_covering_asof_anchor"": 17.0}, {""market_id"": ""1069149"", ""slug"": ""bk-quarterly-earnings-nongaap-eps-01-13-2026-1pt99"", ""ticker"": ""BK"", ""anchor_date"": ""2026-01-13"", ""bucket"": ""correct"", ""status"": ""MATCHED_CORRECT"", ""polymarket_resolved_outcome"": ""YES"", ""expected_resolution"": ""YES"", ""label"": ""BEAT"", ""turnover_6m_window_start"": ""2025-07-14"", ""turnover_6m_window_end"": ""2026-01-13"", ""turnover_6m_sum_volume"": 447984194.0, ""turnover_6m_avg_daily_volume"": 3499876.515625, ""volatility_6m"": 0.01085060278934366, ""analysts_covering_asof_anchor"": 17.0}]",2026-01-31T10:45:17Z,[]
BKNG.N,BKNG,Booking Holdings Inc,161228385219.6,Consumer Discretionary,"Hotels, Restaurants & Leisure",Leisure & Recreation,United States of America,US,United States of America,United States of America,Country of Headquarters,New York Stock Exchange,37.0,37.0,37.0,359332.0,359332.0,0.016363326852100527,0.016363326852100527,1,"[""642139""]","[""bkng-quarterly-earnings-nongaap-eps-10-28-2025-95pt61""]","[{""market_id"": ""642139"", ""slug"": ""bkng-quarterly-earnings-nongaap-eps-10-28-2025-95pt61"", ""ticker"": ""BKNG"", ""anchor_date"": ""2025-10-28"", ""bucket"": ""correct"", ""status"": ""MATCHED_CORRECT"", ""polymarket_resolved_outcome"": ""YES"", ""expected_resolution"": ""YES"", ""label"": ""BEAT"", ""turnover_6m_window_start"": ""2025-04-28"", ""turnover_6m_window_end"": ""2025-10-28"", ""turnover_6m_sum_volume"": 359332.0, ""turnover_6m_avg_daily_volume"": 2807.28125, ""volatility_6m"": 0.016363326852100527, ""analysts_covering_asof_anchor"": 37.0}]",2026-01-31T10:45:17Z,[]
BLK,BLK,BlackRock Inc,173604558116.46,Financials,Capital Markets,Investment Management & Fund Operators,United States of America,US,United States of America,United States of America,Country of Headquarters,New York Consolidated,19.0,18.0,18.0,76562902.0,76562902.0,0.013995976763552076,0.013995976763552076,2,"[""619556"", ""1125598""]","[""blk-quarterly-earnings-nongaap-eps-2025-10-14-11pt76"", ""blk-quarterly-earnings-nongaap-eps-01-15-2026-12pt64""]","[{""market_id"": ""619556"", ""slug"": ""blk-quarterly-earnings-nongaap-eps-2025-10-14-11pt76"", ""ticker"": ""BLK"", ""anchor_date"": ""2025-10-14"", ""bucket"": ""correct"", ""status"": ""MATCHED_CORRECT"", ""polymarket_resolved_outcome"": ""NO"", ""expected_resolution"": ""NO"", ""label"": ""MISS"", ""turnover_6m_window_start"": ""2025-04-14"", ""turnover_6m_window_end"": ""2025-10-14"", ""turnover_6m_sum_volume"": 75339586.0, ""turnover_6m_avg_daily_volume"": 593225.0866141733, ""volatility_6m"": 0.013863617152634311, ""analysts_covering_asof_anchor"": 17.0}, {""market_id"": ""1125598"", ""slug"": ""blk-quarterly-earnings-nongaap-eps-01-15-2026-12pt64"", ""ticker"": ""BLK"", ""anchor_date"": ""2026-01-15"", ""bucket"": ""correct"", ""status"": ""MATCHED_CORRECT"", ""polymarket_resolved_outcome"": ""YES"", ""expected_resolution"": ""YES"", ""label"": ""BEAT"", ""turnover_6m_window_start"": ""2025-07-16"", ""turnover_6m_window_end"": ""2026-01-15"", ""turnover_6m_sum_volume"": 77786218.0, ""turnover_6m_avg_daily_volume"": 607704.828125, ""volatility_6m"": 0.01412833637446984, ""analysts_covering_asof_anchor"": 19.0}]",2026-01-31T10:45:17Z,[]
BLSH.N,BLSH,Bullish,4414748917.8,Financials,Capital Markets,Blockchain & Cryptocurrency,Cayman Islands,KY,Cayman Islands,United States of America,Country of Headquarters,New York Stock Exchange,10.0,9.5,9.5,46426855.0,46426855.0,0.06284350899653636,0.06284350899653636,2,"[""599915"", ""675626""]","[""will-blsh-beat-earnings-estimate-2025-09-17-neg0pt04"", ""blsh-quarterly-earnings-gaap-eps-11-19-2025-1pt59""]","[{""market_id"": ""599915"", ""slug"": ""will-blsh-beat-earnings-estimate-2025-09-17-neg0pt04"", ""ticker"": ""BLSH"", ""anchor_date"": ""2025-09-17"", ""bucket"": ""correct"", ""status"": ""MATCHED_CORRECT"", ""polymarket_resolved_outcome"": ""YES"", ""expected_resolution"": ""YES"", ""label"": ""BEAT"", ""turnover_6m_window_start"": ""2025-03-18"", ""turnover_6m_window_end"": ""2025-09-17"", ""turnover_6m_sum_volume"": 32018041.0, ""turnover_6m_avg_daily_volume"": 1280721.64, ""volatility_6m"": 0.06671444175243803, ""analysts_covering_asof_anchor"": 9.0}, {""market_id"": ""675626"", ""slug"": ""blsh-quarterly-earnings-gaap-eps-11-19-2025-1pt59"", ""ticker"": ""BLSH"", ""anchor_date"": ""2025-11-19"", ""bucket"": ""correct"", ""status"": ""MATCHED_CORRECT"", ""polymarket_resolved_outcome"": ""NO"", ""expected_resolution"": ""NO"", ""label"": ""MISS"", ""turnover_6m_window_start"": ""2025-05-20"", ""turnover_6m_window_end"": ""2025-11-19"", ""turnover_6m_sum_volume"": 60835669.0, ""turnover_6m_avg_daily_volume"": 869080.9857142858, ""volatility_6m"": 0.058972576240634685, ""analysts_covering_asof_anchor"": 10.0}]",2026-01-31T10:45:17Z,[]
BMBL.N,BMBL,Bumble Inc,881880361.15,Communication Services,Interactive Media & Services,Online Services,United States of America,US,United States of America,United States of America,Country of Headquarters,New York Stock Exchange,14.0,15.0,15.0,9240977.0,9240977.0,0.045333148972482494,0.045333148972482494,1,"[""656792""]","[""bmbl-quarterly-earnings-gaap-eps-11-05-2025-0pt33""]","[{""market_id"": ""656792"", ""slug"": ""bmbl-quarterly-earnings-gaap-eps-11-05-2025-0pt33"", ""ticker"": ""BMBL"", ""anchor_date"": ""2025-11-05"", ""bucket"": ""correct"", ""status"": ""MATCHED_CORRECT"", ""polymarket_resolved_outcome"": ""NO"", ""expected_resolution"": ""NO"", ""label"": ""TIE"", ""turnover_6m_window_start"": ""2025-05-06"", ""turnover_6m_window_end"": ""2025-11-05"", ""turnover_6m_sum_volume"": 9240977.0, ""turnover_6m_avg_daily_volume"": 72195.1328125, ""volatility_6m"": 0.045333148972482494, ""analysts_covering_asof_anchor"": 15.0}]",2026-01-31T10:45:17Z,[]
BRKa,BRK.A,Berkshire Hathaway Inc,1037555986393.67,Financials,Financial Services,Consumer Goods Conglomerates,United States of America,US,United States of America,United States of America,Country of Headquarters,New York Consolidated,4.0,3.0,3.0,48730.0,48730.0,0.009016253345329918,0.009016253345329918,1,"[""658579""]","[""brka-quarterly-earnings-gaap-eps-11-01-2025-8849""]","[{""market_id"": ""658579"", ""slug"": ""brka-quarterly-earnings-gaap-eps-11-01-2025-8849"", ""ticker"": ""BRK.A"", ""anchor_date"": ""2025-11-01"", ""bucket"": ""correct"", ""status"": ""MATCHED_CORRECT"", ""polymarket_resolved_outcome"": ""YES"", ""expected_resolution"": ""YES"", ""label"": ""BEAT"", ""turnover_6m_window_start"": ""2025-05-02"", ""turnover_6m_window_end"": ""2025-11-01"", ""turnover_6m_sum_volume"": 48730.0, ""turnover_6m_avg_daily_volume"": 383.7007874015748, ""volatility_6m"": 0.009016253345329918, ""analysts_covering_asof_anchor"": 3.0}]",2026-01-31T10:45:17Z,[]
BRZE.N,BRZE,Braze Inc,2336326668.36,Information Technology,Software,Software,United States of America,US,United States of America,United States of America,Country of Headquarters,New York Stock Exchange,21.0,20.0,20.0,2825816.0,2825816.0,0.029906192720807485,0.029906192720807485,1,"[""899878""]","[""brze-quarterly-earnings-nongaap-eps-12-09-2025-0pt07""]","[{""market_id"": ""899878"", ""slug"": ""brze-quarterly-earnings-nongaap-eps-12-09-2025-0pt07"", ""ticker"": ""BRZE"", ""anchor_date"": ""2025-12-09"", ""bucket"": ""correct"", ""status"": ""MATCHED_CORRECT"", ""polymarket_resolved_outcome"": ""NO"", ""expected_resolution"": ""NO"", ""label"": ""MISS"", ""turnover_6m_window_start"": ""2025-06-09"", ""turnover_6m_window_end"": ""2025-12-09"", ""turnover_6m_sum_volume"": 2825816.0, ""turnover_6m_avg_daily_volume"": 22076.6875, ""volatility_6m"": 0.029906192720807485, ""analysts_covering_asof_anchor"": 20.0}]",2026-01-31T10:45:17Z,[]
BTM.N,BTM,Bitcoin Depot Inc,74808911.4,Industrials,Commercial Services & Supplies,Business Support Services,United States of America,US,United States of America,United States of America,Country of Headquarters,New York Stock Exchange,3.0,3.0,3.0,4728740.0,4728740.0,0.06918105517552056,0.06918105517552056,1,"[""668515""]","[""btm-quarterly-earnings-gaap-eps-11-13-2025-0pt1""]","[{""market_id"": ""668515"", ""slug"": ""btm-quarterly-earnings-gaap-eps-11-13-2025-0pt1"", ""ticker"": ""BTM"", ""anchor_date"": ""2025-11-13"", ""bucket"": ""correct"", ""status"": ""MATCHED_CORRECT"", ""polymarket_resolved_outcome"": ""NO"", ""expected_resolution"": ""NO"", ""label"": ""MISS"", ""turnover_6m_window_start"": ""2025-05-14"", ""turnover_6m_window_end"": ""2025-11-13"", ""turnover_6m_sum_volume"": 4728740.0, ""turnover_6m_avg_daily_volume"": 36943.28125, ""volatility_6m"": 0.06918105517552056, ""analysts_covering_asof_anchor"": 3.0}]",2026-01-31T10:45:17Z,[]
BUD,BUD,Anheuser-Busch Inbev SA,127930368519.893,Consumer Staples,Beverages,Brewers,Belgium,BE,Belgium,United States of America,Country of Headquarters,New York Consolidated,12.0,13.0,13.0,289569715.0,289569715.0,0.01728399417449326,0.01728399417449326,1,"[""647852""]","[""bud-quarterly-earnings-nongaap-eps-10-30-2025-0pt95""]","[{""market_id"": ""647852"", ""slug"": ""bud-quarterly-earnings-nongaap-eps-10-30-2025-0pt95"", ""ticker"": ""BUD"", ""anchor_date"": ""2025-10-30"", ""bucket"": ""correct"", ""status"": ""MATCHED_CORRECT"", ""polymarket_resolved_outcome"": ""YES"", ""expected_resolution"": ""YES"", ""label"": ""BEAT"", ""turnover_6m_window_start"": ""2025-04-30"", ""turnover_6m_window_end"": ""2025-10-30"", ""turnover_6m_sum_volume"": 289569715.0, ""turnover_6m_avg_daily_volume"": 2262263.3984375, ""volatility_6m"": 0.01728399417449326, ""analysts_covering_asof_anchor"": 13.0}]",2026-01-31T10:45:17Z,[]
BURL.N,BURL,Burlington Stores Inc,18617583995.16,Consumer Discretionary,Specialty Retail,Apparel & Accessories Retailers,United States of America,US,United States of America,United States of America,Country of Headquarters,New York Stock Exchange,17.0,18.0,18.0,33146989.0,33146989.0,0.023613569408897778,0.023613569408897778,1,"[""674923""]","[""burl-quarterly-earnings-gaap-eps-11-25-2025-1pt55""]","[{""market_id"": ""674923"", ""slug"": ""burl-quarterly-earnings-gaap-eps-11-25-2025-1pt55"", ""ticker"": ""BURL"", ""anchor_date"": ""2025-11-25"", ""bucket"": ""correct"", ""status"": ""MATCHED_CORRECT"", ""polymarket_resolved_outcome"": ""YES"", ""expected_resolution"": ""YES"", ""label"": ""BEAT"", ""turnover_6m_window_start"": ""2025-05-26"", ""turnover_6m_window_end"": ""2025-11-25"", ""turnover_6m_sum_volume"": 33146989.0, ""turnover_6m_avg_daily_volume"": 258960.8515625, ""volatility_6m"": 0.023613569408897778, ""analysts_covering_asof_anchor"": 18.0}]",2026-01-31T10:45:17Z,[]
BX,BX,Blackstone Inc,170088557199.6,Financials,Capital Markets,Investment Management & Fund Operators,United States of America,US,United States of America,United States of America,Country of Headquarters,New York Consolidated,21.0,22.0,22.0,482189115.0,482189115.0,0.019598344193898016,0.019598344193898016,1,"[""637865""]","[""bx-quarterly-earnings-gaap-eps-10-23-2025-1pt23""]","[{""market_id"": ""637865"", ""slug"": ""bx-quarterly-earnings-gaap-eps-10-23-2025-1pt23"", ""ticker"": ""BX"", ""anchor_date"": ""2025-10-23"", ""bucket"": ""incorrect"", ""status"": ""MATCHED_INCORRECT"", ""polymarket_resolved_outcome"": ""NO"", ""expected_resolution"": ""YES"", ""label"": ""BEAT"", ""turnover_6m_window_start"": ""2025-04-23"", ""turnover_6m_window_end"": ""2025-10-23"", ""turnover_6m_sum_volume"": 482189115.0, ""turnover_6m_avg_daily_volume"": 3767102.4609375, ""volatility_6m"": 0.019598344193898016, ""analysts_covering_asof_anchor"": 22.0}]",2026-01-31T10:45:17Z,[]
BYND.N,BYND,Beyond Meat Inc,346164762.1392,Consumer Staples,Food Products,Food Processing,United States of America,US,United States of America,United States of America,Country of Headquarters,New York Stock Exchange,6.0,6.0,6.0,139010027.0,139010027.0,0.1499363520022988,0.1499363520022988,1,"[""655224""]","[""bynd-quarterly-earnings-gaap-eps-11-04-2025-neg0pt48""]","[{""market_id"": ""655224"", ""slug"": ""bynd-quarterly-earnings-gaap-eps-11-04-2025-neg0pt48"", ""ticker"": ""BYND"", ""anchor_date"": ""2025-11-04"", ""bucket"": ""incorrect"", ""status"": ""MATCHED_INCORRECT"", ""polymarket_resolved_outcome"": ""NO"", ""expected_resolution"": ""YES"", ""label"": ""BEAT"", ""turnover_6m_window_start"": ""2025-05-05"", ""turnover_6m_window_end"": ""2025-11-04"", ""turnover_6m_sum_volume"": 139010027.0, ""turnover_6m_avg_daily_volume"": 1086015.8359375, ""volatility_6m"": 0.1499363520022988, ""analysts_covering_asof_anchor"": 6.0}]",2026-01-31T10:45:17Z,[]
BYRN.N,BYRN,Byrna Technologies Inc,311566810.65,Industrials,Aerospace & Defense,Aerospace & Defense,United States of America,US,United States of America,United States of America,Country of Headquarters,New York Stock Exchange,5.0,5.0,5.0,830053.0,830053.0,0.04940348313260281,0.04940348313260281,1,"[""620038""]","[""byrn-quarterly-earnings-gaap-eps-2025-10-09-0pt06""]","[{""market_id"": ""620038"", ""slug"": ""byrn-quarterly-earnings-gaap-eps-2025-10-09-0pt06"", ""ticker"": ""BYRN"", ""anchor_date"": ""2025-10-09"", ""bucket"": ""correct"", ""status"": ""MATCHED_CORRECT"", ""polymarket_resolved_outcome"": ""YES"", ""expected_resolution"": ""YES"", ""label"": ""BEAT"", ""turnover_6m_window_start"": ""2025-04-09"", ""turnover_6m_window_end"": ""2025-10-09"", ""turnover_6m_sum_volume"": 830053.0, ""turnover_6m_avg_daily_volume"": 6535.850393700787, ""volatility_6m"": 0.04940348313260281, ""analysts_covering_asof_anchor"": 5.0}]",2026-01-31T10:45:17Z,[]
BZFD.N,BZFD,BuzzFeed Inc,32757812.2696,Communication Services,Interactive Media & Services,Online Services,United States of America,US,United States of America,United States of America,Country of Headquarters,New York Stock Exchange,1.0,1.0,1.0,171828.0,171828.0,0.04001305931094847,0.04001305931094847,1,"[""658547""]","[""bzfd-quarterly-earnings-gaap-eps-11-06-2025-neg0pt06""]","[{""market_id"": ""658547"", ""slug"": ""bzfd-quarterly-earnings-gaap-eps-11-06-2025-neg0pt06"", ""ticker"": ""BZFD"", ""anchor_date"": ""2025-11-06"", ""bucket"": ""correct"", ""status"": ""MATCHED_CORRECT"", ""polymarket_resolved_outcome"": ""NO"", ""expected_resolution"": ""NO"", ""label"": ""MISS"", ""turnover_6m_window_start"": ""2025-05-07"", ""turnover_6m_window_end"": ""2025-11-06"", ""turnover_6m_sum_volume"": 171828.0, ""turnover_6m_avg_daily_volume"": 1342.40625, ""volatility_6m"": 0.04001305931094847, ""analysts_covering_asof_anchor"": 1.0}]",2026-01-31T10:45:17Z,[]
C,C,Citigroup Inc,207039903000.0,Financials,Banks,Investment Banking & Brokerage Services,United States of America,US,United States of America,United States of America,Country of Headquarters,New York Consolidated,24.0,24.0,24.0,1785017508.0,1785017508.0,0.015098870384368562,0.015098870384368562,2,"[""613057"", ""1099148""]","[""c-quarterly-earnings-gaap-eps-2025-10-14-1pt90"", ""c-quarterly-earnings-gaap-eps-01-14-2026-1pt69""]","[{""market_id"": ""613057"", ""slug"": ""c-quarterly-earnings-gaap-eps-2025-10-14-1pt90"", ""ticker"": ""C"", ""anchor_date"": ""2025-10-14"", ""bucket"": ""incorrect"", ""status"": ""MATCHED_INCORRECT"", ""polymarket_resolved_outcome"": ""NO"", ""expected_resolution"": ""YES"", ""label"": ""BEAT"", ""turnover_6m_window_start"": ""2025-04-14"", ""turnover_6m_window_end"": ""2025-10-14"", ""turnover_6m_sum_volume"": 1781318847.0, ""turnover_6m_avg_daily_volume"": 14026132.653543307, ""volatility_6m"": 0.015216135917451266, ""analysts_covering_asof_anchor"": 24.0}, {""market_id"": ""1099148"", ""slug"": ""c-quarterly-earnings-gaap-eps-01-14-2026-1pt69"", ""ticker"": ""C"", ""anchor_date"": ""2026-01-14"", ""bucket"": ""incorrect"", ""status"": ""MATCHED_INCORRECT"", ""polymarket_resolved_outcome"": ""NO"", ""expected_resolution"": ""YES"", ""label"": ""BEAT"", ""turnover_6m_window_start"": ""2025-07-15"", ""turnover_6m_window_end"": ""2026-01-14"", ""turnover_6m_sum_volume"": 1788716169.0, ""turnover_6m_avg_daily_volume"": 13974345.0703125, ""volatility_6m"": 0.014981604851285855, ""analysts_covering_asof_anchor"": 24.0}]",2026-01-31T10:45:17Z,[]
CAG,CAG,Conagra Brands Inc,8854618982.25,Consumer Staples,Food Products,Food Processing,United States of America,US,United States of America,United States of America,Country of Headquarters,New York Consolidated,18.0,19.0,19.0,1447091658.0,1447091658.0,0.015962347129447583,0.015962347129447583,1,"[""899881""]","[""cag-quarterly-earnings-nongaap-eps-12-19-2025-0pt44""]","[{""market_id"": ""899881"", ""slug"": ""cag-quarterly-earnings-nongaap-eps-12-19-2025-0pt44"", ""ticker"": ""CAG"", ""anchor_date"": ""2025-12-19"", ""bucket"": ""correct"", ""status"": ""MATCHED_CORRECT"", ""polymarket_resolved_outcome"": ""YES"", ""expected_resolution"": ""YES"", ""label"": ""BEAT"", ""turnover_6m_window_start"": ""2025-06-19"", ""turnover_6m_window_end"": ""2025-12-19"", ""turnover_6m_sum_volume"": 1447091658.0, ""turnover_6m_avg_daily_volume"": 11305403.578125, ""volatility_6m"": 0.015962347129447583, ""analysts_covering_asof_anchor"": 19.0}]",2026-01-31T10:45:17Z,[]
CASH.N,CASH,Pathward Financial Inc,2001687315.15,Financials,Banks,Banks,United States of America,US,United States of America,United States of America,Country of Headquarters,New York Stock Exchange,2.0,2.0,2.0,299094.0,299094.0,0.01810824728395857,0.01810824728395857,1,"[""599650""]","[""will-cash-beat-earnings-estimate-2025-09-19-1pt29""]","[{""market_id"": ""599650"", ""slug"": ""will-cash-beat-earnings-estimate-2025-09-19-1pt29"", ""ticker"": ""CASH"", ""anchor_date"": ""2025-09-19"", ""bucket"": ""incorrect"", ""status"": ""MATCHED_INCORRECT"", ""polymarket_resolved_outcome"": ""NO"", ""expected_resolution"": ""YES"", ""label"": ""BEAT"", ""turnover_6m_window_start"": ""2025-03-20"", ""turnover_6m_window_end"": ""2025-09-19"", ""turnover_6m_sum_volume"": 299094.0, ""turnover_6m_avg_daily_volume"": 2355.0708661417325, ""volatility_6m"": 0.01810824728395857, ""analysts_covering_asof_anchor"": 2.0}]",2026-01-31T10:45:17Z,[]
CASY.N,CASY,Caseys General Stores Inc,22481094864.5,Consumer Staples,Consumer Staples Distribution & Retail,Food Retail & Distribution,United States of America,US,United States of America,United States of America,Country of Headquarters,New York Stock Exchange,18.0,15.0,15.0,698574.0,698574.0,0.016239713605092722,0.016239713605092722,1,"[""701955""]","[""casy-quarterly-earnings-gaap-eps-12-09-2025-5pt2""]","[{""market_id"": ""701955"", ""slug"": ""casy-quarterly-earnings-gaap-eps-12-09-2025-5pt2"", ""ticker"": ""CASY"", ""anchor_date"": ""2025-12-09"", ""bucket"": ""correct"", ""status"": ""MATCHED_CORRECT"", ""polymarket_resolved_outcome"": ""YES"", ""expected_resolution"": ""YES"", ""label"": ""BEAT"", ""turnover_6m_window_start"": ""2025-06-09"", ""turnover_6m_window_end"": ""2025-12-09"", ""turnover_6m_sum_volume"": 698574.0, ""turnover_6m_avg_daily_volume"": 5457.609375, ""volatility_6m"": 0.016239713605092722, ""analysts_covering_asof_anchor"": 15.0}]",2026-01-31T10:45:17Z,[]
CAT,CAT,Caterpillar Inc,307631067226.56,Industrials,Machinery,Heavy Machinery & Vehicles,United States of America,US,United States of America,United States of America,Country of Headquarters,New York Consolidated,30.0,28.0,28.0,361662830.0,361662830.0,0.01736194604885608,0.01736194604885608,1,"[""647509""]","[""cat-quarterly-earnings-nongaap-eps-10-29-2025-4pt52""]","[{""market_id"": ""647509"", ""slug"": ""cat-quarterly-earnings-nongaap-eps-10-29-2025-4pt52"", ""ticker"": ""CAT"", ""anchor_date"": ""2025-10-29"", ""bucket"": ""correct"", ""status"": ""MATCHED_CORRECT"", ""polymarket_resolved_outcome"": ""YES"", ""expected_resolution"": ""YES"", ""label"": ""BEAT"", ""turnover_6m_window_start"": ""2025-04-29"", ""turnover_6m_window_end"": ""2025-10-29"", ""turnover_6m_sum_volume"": 361662830.0, ""turnover_6m_avg_daily_volume"": 2825490.859375, ""volatility_6m"": 0.01736194604885608, ""analysts_covering_asof_anchor"": 28.0}]",2026-01-31T10:45:17Z,[]
CB,CB,Chubb Ltd,121827603912.04,Financials,Insurance,Multiline Insurance & Brokers,Switzerland,CH,United States of America,United States of America,Country of Headquarters,New York Consolidated,27.0,26.0,26.0,225087558.0,225087558.0,0.011331851002783434,0.011331851002783434,1,"[""627454""]","[""cb-quarterly-earnings-nongaap-eps-10-21-2025-5pt78""]","[{""market_id"": ""627454"", ""slug"": ""cb-quarterly-earnings-nongaap-eps-10-21-2025-5pt78"", ""ticker"": ""CB"", ""anchor_date"": ""2025-10-21"", ""bucket"": ""correct"", ""status"": ""MATCHED_CORRECT"", ""polymarket_resolved_outcome"": ""YES"", ""expected_resolution"": ""YES"", ""label"": ""BEAT"", ""turnover_6m_window_start"": ""2025-04-21"", ""turnover_6m_window_end"": ""2025-10-21"", ""turnover_6m_sum_volume"": 225087558.0, ""turnover_6m_avg_daily_volume"": 1758496.546875, ""volatility_6m"": 0.011331851002783434, ""analysts_covering_asof_anchor"": 26.0}]",2026-01-31T10:45:17Z,[]
CBOE.N,CBOE,Cboe Global Markets Inc,27737074880.84,Financials,Capital Markets,Financial & Commodity Market Operators & Service Providers,United States of America,US,United States of America,United States of America,Country of Headquarters,New York Stock Exchange,17.0,19.0,19.0,1756201.0,1756201.0,0.013449684470637097,0.013449684470637097,1,"[""648228""]","[""cboe-quarterly-earnings-nongaap-eps-10-31-2025-2pt53""]","[{""market_id"": ""648228"", ""slug"": ""cboe-quarterly-earnings-nongaap-eps-10-31-2025-2pt53"", ""ticker"": ""CBOE"", ""anchor_date"": ""2025-10-31"", ""bucket"": ""correct"", ""status"": ""MATCHED_CORRECT"", ""polymarket_resolved_outcome"": ""YES"", ""expected_resolution"": ""YES"", ""label"": ""BEAT"", ""turnover_6m_window_start"": ""2025-05-01"", ""turnover_6m_window_end"": ""2025-10-31"", ""turnover_6m_sum_volume"": 1756201.0, ""turnover_6m_avg_daily_volume"": 13720.3203125, ""volatility_6m"": 0.013449684470637097, ""analysts_covering_asof_anchor"": 19.0}]",2026-01-31T10:45:17Z,[]
CBRE.N,CBRE,CBRE Group Inc,50689015179.01,Real Estate,Real Estate Management & Development,Real Estate Services,United States of America,US,United States of America,United States of America,Country of Headquarters,New York Stock Exchange,13.0,13.0,13.0,61866145.0,61866145.0,0.015577469852634362,0.015577469852634362,1,"[""637868""]","[""cbre-quarterly-earnings-gaap-eps-10-23-2025-1pt27""]","[{""market_id"": ""637868"", ""slug"": ""cbre-quarterly-earnings-gaap-eps-10-23-2025-1pt27"", ""ticker"": ""CBRE"", ""anchor_date"": ""2025-10-23"", ""bucket"": ""incorrect"", ""status"": ""MATCHED_INCORRECT"", ""polymarket_resolved_outcome"": ""NO"", ""expected_resolution"": ""YES"", ""label"": ""BEAT"", ""turnover_6m_window_start"": ""2025-04-23"", ""turnover_6m_window_end"": ""2025-10-23"", ""turnover_6m_sum_volume"": 61866145.0, ""turnover_6m_avg_daily_volume"": 483329.2578125, ""volatility_6m"": 0.015577469852634362, ""analysts_covering_asof_anchor"": 13.0}]",2026-01-31T10:45:17Z,[]
CBRL.N,CBRL,Cracker Barrel Old Country Store Inc,672522221.4,Consumer Discretionary,"Hotels, Restaurants & Leisure",Restaurants & Bars,United States of America,US,United States of America,United States of America,Country of Headquarters,New York Stock Exchange,9.0,9.0,9.0,1709678.0,1709678.0,0.03597409617365075,0.03597409617365075,1,"[""697471""]","[""cbrl-quarterly-earnings-nongaap-eps-11-27-2025-neg0pt65""]","[{""market_id"": ""697471"", ""slug"": ""cbrl-quarterly-earnings-nongaap-eps-11-27-2025-neg0pt65"", ""ticker"": ""CBRL"", ""anchor_date"": ""2025-11-27"", ""bucket"": ""correct"", ""status"": ""MATCHED_CORRECT"", ""polymarket_resolved_outcome"": ""NO"", ""expected_resolution"": ""NO"", ""label"": ""MISS"", ""turnover_6m_window_start"": ""2025-05-28"", ""turnover_6m_window_end"": ""2025-11-27"", ""turnover_6m_sum_volume"": 1709678.0, ""turnover_6m_avg_daily_volume"": 13356.859375, ""volatility_6m"": 0.03597409617365075, ""analysts_covering_asof_anchor"": 9.0}]",2026-01-31T10:45:17Z,[]
CBT,CBT,Cabot Corp,3769877592.76,Materials,Chemicals,Specialty Chemicals,United States of America,US,United States of America,United States of America,Country of Headquarters,New York Consolidated,5.0,5.0,5.0,51237357.0,51237357.0,0.018953620016945113,0.018953620016945113,1,"[""656735""]","[""cbt-quarterly-earnings-nongaap-eps-11-03-2025-1pt68""]","[{""market_id"": ""656735"", ""slug"": ""cbt-quarterly-earnings-nongaap-eps-11-03-2025-1pt68"", ""ticker"": ""CBT"", ""anchor_date"": ""2025-11-03"", ""bucket"": ""correct"", ""status"": ""MATCHED_CORRECT"", ""polymarket_resolved_outcome"": ""YES"", ""expected_resolution"": ""YES"", ""label"": ""BEAT"", ""turnover_6m_window_start"": ""2025-05-04"", ""turnover_6m_window_end"": ""2025-11-03"", ""turnover_6m_sum_volume"": 51237357.0, ""turnover_6m_avg_daily_volume"": 403443.7559055118, ""volatility_6m"": 0.018953620016945113, ""analysts_covering_asof_anchor"": 5.0}]",2026-01-31T10:45:17Z,[]
CCL,CCL,Carnival Corp,41426973889.7515,Consumer Discretionary,"Hotels, Restaurants & Leisure","Hotels, Motels & Cruise Lines",United States of America,US,United States of America,United States of America,Country of Headquarters,New York Consolidated,28.0,27.0,27.0,2886651131.5,2886651131.5,0.02832890313419488,0.02832890313419488,2,"[""614619"", ""703176""]","[""ccl-quarterly-earnings-nongaap-eps-2025-09-29-1pt32"", ""ccl-quarterly-earnings-nongaap-eps-12-19-2025-0pt25""]","[{""market_id"": ""614619"", ""slug"": ""ccl-quarterly-earnings-nongaap-eps-2025-09-29-1pt32"", ""ticker"": ""CCL"", ""anchor_date"": ""2025-09-29"", ""bucket"": ""correct"", ""status"": ""MATCHED_CORRECT"", ""polymarket_resolved_outcome"": ""YES"", ""expected_resolution"": ""YES"", ""label"": ""BEAT"", ""turnover_6m_window_start"": ""2025-03-30"", ""turnover_6m_window_end"": ""2025-09-29"", ""turnover_6m_sum_volume"": 2936183752.0, ""turnover_6m_avg_daily_volume"": 23303045.65079365, ""volatility_6m"": 0.03181853488179401, ""analysts_covering_asof_anchor"": 27.0}, {""market_id"": ""703176"", ""slug"": ""ccl-quarterly-earnings-nongaap-eps-12-19-2025-0pt25"", ""ticker"": ""CCL"", ""anchor_date"": ""2025-12-19"", ""bucket"": ""correct"", ""status"": ""MATCHED_CORRECT"", ""polymarket_resolved_outcome"": ""YES"", ""expected_resolution"": ""YES"", ""label"": ""BEAT"", ""turnover_6m_window_start"": ""2025-06-19"", ""turnover_6m_window_end"": ""2025-12-19"", ""turnover_6m_sum_volume"": 2837118511.0, ""turnover_6m_avg_daily_volume"": 22164988.3671875, ""volatility_6m"": 0.024839271386595748, ""analysts_covering_asof_anchor"": 27.0}]",2026-01-31T10:45:17Z,[]
CELH.N,CELH,Celsius Holdings Inc,13528572386.56,Consumer Staples,Beverages,Non-Alcoholic Beverages,United States of America,US,United States of America,United States of America,Country of Headquarters,New York Stock Exchange,23.0,24.0,24.0,12406568.0,12406568.0,0.037773190323724753,0.037773190323724753,1,"[""658589""]","[""celh-quarterly-earnings-gaap-eps-11-06-2025-0pt26""]","[{""market_id"": ""658589"", ""slug"": ""celh-quarterly-earnings-gaap-eps-11-06-2025-0pt26"", ""ticker"": ""CELH"", ""anchor_date"": ""2025-11-06"", ""bucket"": ""incorrect"", ""status"": ""MATCHED_INCORRECT"", ""polymarket_resolved_outcome"": ""NO"", ""expected_resolution"": ""YES"", ""label"": ""BEAT"", ""turnover_6m_window_start"": ""2025-05-07"", ""turnover_6m_window_end"": ""2025-11-06"", ""turnover_6m_sum_volume"": 12406568.0, ""turnover_6m_avg_daily_volume"": 96926.3125, ""volatility_6m"": 0.037773190323724753, ""analysts_covering_asof_anchor"": 24.0}]",2026-01-31T10:45:17Z,[]
CFG,CFG,Citizens Financial Group Inc,27033672118.52,Financials,Banks,Banks,United States of America,US,United States of America,United States of America,Country of Headquarters,New York Consolidated,21.0,21.5,21.5,592383318.5,592383318.5,0.016531914818302986,0.016531914818302986,2,"[""614639"", ""1126021""]","[""cfg-quarterly-earnings-gaap-eps-2025-10-15-1pt03"", ""cfg-quarterly-earnings-nongaap-eps-01-21-2026-1pt11""]","[{""market_id"": ""614639"", ""slug"": ""cfg-quarterly-earnings-gaap-eps-2025-10-15-1pt03"", ""ticker"": ""CFG"", ""anchor_date"": ""2025-10-15"", ""bucket"": ""correct"", ""status"": ""MATCHED_CORRECT"", ""polymarket_resolved_outcome"": ""YES"", ""expected_resolution"": ""YES"", ""label"": ""BEAT"", ""turnover_6m_window_start"": ""2025-04-15"", ""turnover_6m_window_end"": ""2025-10-15"", ""turnover_6m_sum_volume"": 606727047.0, ""turnover_6m_avg_daily_volume"": 4777378.322834645, ""volatility_6m"": 0.016459727242899656, ""analysts_covering_asof_anchor"": 22.0}, {""market_id"": ""1126021"", ""slug"": ""cfg-quarterly-earnings-nongaap-eps-01-21-2026-1pt11"", ""ticker"": ""CFG"", ""anchor_date"": ""2026-01-21"", ""bucket"": ""correct"", ""status"": ""MATCHED_CORRECT"", ""polymarket_resolved_outcome"": ""YES"", ""expected_resolution"": ""YES"", ""label"": ""BEAT"", ""turnover_6m_window_start"": ""2025-07-22"", ""turnover_6m_window_end"": ""2026-01-21"", ""turnover_6m_sum_volume"": 578039590.0, ""turnover_6m_avg_daily_volume"": 4551492.834645669, ""volatility_6m"": 0.016604102393706317, ""analysts_covering_asof_anchor"": 21.0}]",2026-01-31T10:45:17Z,[]
CFLT.N,CFLT,Confluent Inc,10885392509.1,Information Technology,Software,Software,United States of America,US,United States of America,United States of America,Country of Headquarters,New York Stock Exchange,30.0,33.0,33.0,21635204.0,21635204.0,0.04749551050070264,0.04749551050070264,1,"[""647803""]","[""cflt-quarterly-earnings-nongaap-eps-10-27-2025-0pt1""]","[{""market_id"": ""647803"", ""slug"": ""cflt-quarterly-earnings-nongaap-eps-10-27-2025-0pt1"", ""ticker"": ""CFLT"", ""anchor_date"": ""2025-10-27"", ""bucket"": ""correct"", ""status"": ""MATCHED_CORRECT"", ""polymarket_resolved_outcome"": ""YES"", ""expected_resolution"": ""YES"", ""label"": ""BEAT"", ""turnover_6m_window_start"": ""2025-04-27"", ""turnover_6m_window_end"": ""2025-10-27"", ""turnover_6m_sum_volume"": 21635204.0, ""turnover_6m_avg_daily_volume"": 170355.93700787402, ""volatility_6m"": 0.04749551050070264, ""analysts_covering_asof_anchor"": 33.0}]",2026-01-31T10:45:17Z,[]
CGBD.N,CGBD,Carlyle Secured Lending Inc,893061517.25,Financials,Capital Markets,Investment Management & Fund Operators,United States of America,US,United States of America,United States of America,Country of Headquarters,New York Stock Exchange,7.0,7.0,7.0,1862795.0,1862795.0,0.012445611934927304,0.012445611934927304,1,"[""657371""]","[""cgbd-quarterly-earnings-gaap-eps-11-04-2025-0pt39""]","[{""market_id"": ""657371"", ""slug"": ""cgbd-quarterly-earnings-gaap-eps-11-04-2025-0pt39"", ""ticker"": ""CGBD"", ""anchor_date"": ""2025-11-04"", ""bucket"": ""correct"", ""status"": ""MATCHED_CORRECT"", ""polymarket_resolved_outcome"": ""NO"", ""expected_resolution"": ""NO"", ""label"": ""MISS"", ""turnover_6m_window_start"": ""2025-05-05"", ""turnover_6m_window_end"": ""2025-11-04"", ""turnover_6m_sum_volume"": 1862795.0, ""turnover_6m_avg_daily_volume"": 14553.0859375, ""volatility_6m"": 0.012445611934927304, ""analysts_covering_asof_anchor"": 7.0}]",2026-01-31T10:45:17Z,[]
CHDN.N,CHDN,Churchill Downs Inc,6858519063.12,Consumer Discretionary,"Hotels, Restaurants & Leisure",Casinos & Gaming,United States of America,US,United States of America,United States of America,Country of Headquarters,New York Stock Exchange,10.0,10.0,10.0,1379467.0,1379467.0,0.022431476161373323,0.022431476161373323,1,"[""627695""]","[""chdn-quarterly-earnings-gaap-eps-10-22-2025-1""]","[{""market_id"": ""627695"", ""slug"": ""chdn-quarterly-earnings-gaap-eps-10-22-2025-1"", ""ticker"": ""CHDN"", ""anchor_date"": ""2025-10-22"", ""bucket"": ""incorrect"", ""status"": ""MATCHED_INCORRECT"", ""polymarket_resolved_outcome"": ""NO"", ""expected_resolution"": ""YES"", ""label"": ""BEAT"", ""turnover_6m_window_start"": ""2025-04-22"", ""turnover_6m_window_end"": ""2025-10-22"", ""turnover_6m_sum_volume"": 1379467.0, ""turnover_6m_avg_daily_volume"": 10777.0859375, ""volatility_6m"": 0.022431476161373323, ""analysts_covering_asof_anchor"": 10.0}]",2026-01-31T10:45:17Z,[]
CHGG.N,CHGG,Chegg Inc,84031020.052,Consumer Discretionary,Diversified Consumer Services,Professional Information Services,United States of America,US,United States of America,United States of America,Country of Headquarters,New York Stock Exchange,2.0,4.0,4.0,80726014.0,80726014.0,0.07458235121579773,0.07458235121579773,1,"[""667915""]","[""chgg-quarterly-earnings-nongaap-eps-11-10-2025-neg0pt08""]","[{""market_id"": ""667915"", ""slug"": ""chgg-quarterly-earnings-nongaap-eps-11-10-2025-neg0pt08"", ""ticker"": ""CHGG"", ""anchor_date"": ""2025-11-10"", ""bucket"": ""correct"", ""status"": ""MATCHED_CORRECT"", ""polymarket_resolved_outcome"": ""YES"", ""expected_resolution"": ""YES"", ""label"": ""BEAT"", ""turnover_6m_window_start"": ""2025-05-11"", ""turnover_6m_window_end"": ""2025-11-10"", ""turnover_6m_sum_volume"": 80726014.0, ""turnover_6m_avg_daily_volume"": 635637.905511811, ""volatility_6m"": 0.07458235121579773, ""analysts_covering_asof_anchor"": 4.0}]",2026-01-31T10:45:17Z,[]
CHWY.N,CHWY,Chewy Inc,12080607877.83,Consumer Discretionary,Specialty Retail,Miscellaneous Specialty Retailers,United States of America,US,United States of America,United States of America,Country of Headquarters,New York Stock Exchange,28.0,29.0,29.0,250904267.0,250904267.0,0.028619070742925596,0.028619070742925596,1,"[""701960""]","[""chwy-quarterly-earnings-nongaap-eps-12-10-2025-0pt3""]","[{""market_id"": ""701960"", ""slug"": ""chwy-quarterly-earnings-nongaap-eps-12-10-2025-0pt3"", ""ticker"": ""CHWY"", ""anchor_date"": ""2025-12-10"", ""bucket"": ""incorrect"", ""status"": ""MATCHED_INCORRECT"", ""polymarket_resolved_outcome"": ""YES"", ""expected_resolution"": ""NO"", ""label"": ""MISS"", ""turnover_6m_window_start"": ""2025-06-10"", ""turnover_6m_window_end"": ""2025-12-10"", ""turnover_6m_sum_volume"": 250904267.0, ""turnover_6m_avg_daily_volume"": 1960189.5859375, ""volatility_6m"": 0.028619070742925596, ""analysts_covering_asof_anchor"": 29.0}]",2026-01-31T10:45:17Z,[]
CHYM.N,CHYM,Chime Financial Inc,9521772404.12,Financials,Financial Services,Financial Technology (Fintech),United States of America,US,United States of America,United States of America,Country of Headquarters,New York Stock Exchange,12.0,10.0,10.0,3918146.0,3918146.0,0.041256315382296224,0.041256315382296224,1,"[""652651""]","[""chym-quarterly-earnings-gaap-eps-11-05-2025-neg0pt24""]","[{""market_id"": ""652651"", ""slug"": ""chym-quarterly-earnings-gaap-eps-11-05-2025-neg0pt24"", ""ticker"": ""CHYM"", ""anchor_date"": ""2025-11-05"", ""bucket"": ""correct"", ""status"": ""MATCHED_CORRECT"", ""polymarket_resolved_outcome"": ""YES"", ""expected_resolution"": ""YES"", ""label"": ""BEAT"", ""turnover_6m_window_start"": ""2025-05-06"", ""turnover_6m_window_end"": ""2025-11-05"", ""turnover_6m_sum_volume"": 3918146.0, ""turnover_6m_avg_daily_volume"": 38413.19607843137, ""volatility_6m"": 0.041256315382296224, ""analysts_covering_asof_anchor"": 10.0}]",2026-01-31T10:45:17Z,[]
CL,CL,Colgate-Palmolive Co,72779603613.18,Consumer Staples,Household Products,Personal Products,United States of America,US,United States of America,United States of America,Country of Headquarters,New York Consolidated,21.0,21.0,21.0,684920175.0,684920175.0,0.010785282392511525,0.010785282392511525,1,"[""648376""]","[""cl-quarterly-earnings-nongaap-eps-10-31-2025-0pt89""]","[{""market_id"": ""648376"", ""slug"": ""cl-quarterly-earnings-nongaap-eps-10-31-2025-0pt89"", ""ticker"": ""CL"", ""anchor_date"": ""2025-10-31"", ""bucket"": ""correct"", ""status"": ""MATCHED_CORRECT"", ""polymarket_resolved_outcome"": ""YES"", ""expected_resolution"": ""YES"", ""label"": ""BEAT"", ""turnover_6m_window_start"": ""2025-05-01"", ""turnover_6m_window_end"": ""2025-10-31"", ""turnover_6m_sum_volume"": 684920175.0, ""turnover_6m_avg_daily_volume"": 5350938.8671875, ""volatility_6m"": 0.010785282392511525, ""analysts_covering_asof_anchor"": 21.0}]",2026-01-31T10:45:17Z,[]
CLX,CLX,Clorox Co,13758166947.41,Consumer Staples,Household Products,Household Products,United States of America,US,United States of America,United States of America,Country of Headquarters,New York Consolidated,20.0,20.0,20.0,233554420.0,233554420.0,0.013592800428557844,0.013592800428557844,1,"[""647860""]","[""clx-quarterly-earnings-nongaap-eps-11-03-2025-0pt79""]","[{""market_id"": ""647860"", ""slug"": ""clx-quarterly-earnings-nongaap-eps-11-03-2025-0pt79"", ""ticker"": ""CLX"", ""anchor_date"": ""2025-11-03"", ""bucket"": ""correct"", ""status"": ""MATCHED_CORRECT"", ""polymarket_resolved_outcome"": ""YES"", ""expected_resolution"": ""YES"", ""label"": ""BEAT"", ""turnover_6m_window_start"": ""2025-05-04"", ""turnover_6m_window_end"": ""2025-11-03"", ""turnover_6m_sum_volume"": 233554420.0, ""turnover_6m_avg_daily_volume"": 1839011.1811023622, ""volatility_6m"": 0.013592800428557844, ""analysts_covering_asof_anchor"": 20.0}]",2026-01-31T10:45:17Z,[]
CME.N,CME,CME Group Inc,104234066781.82,Financials,Capital Markets,Financial & Commodity Market Operators & Service Providers,United States of America,US,United States of America,United States of America,Country of Headquarters,New York Stock Exchange,17.0,19.0,19.0,3351759.0,3351759.0,0.011472502777296223,0.011472502777296223,1,"[""627694""]","[""cme-quarterly-earnings-nongaap-eps-10-22-2025-2pt65""]","[{""market_id"": ""627694"", ""slug"": ""cme-quarterly-earnings-nongaap-eps-10-22-2025-2pt65"", ""ticker"": ""CME"", ""anchor_date"": ""2025-10-22"", ""bucket"": ""correct"", ""status"": ""MATCHED_CORRECT"", ""polymarket_resolved_outcome"": ""YES"", ""expected_resolution"": ""YES"", ""label"": ""BEAT"", ""turnover_6m_window_start"": ""2025-04-22"", ""turnover_6m_window_end"": ""2025-10-22"", ""turnover_6m_sum_volume"": 3351759.0, ""turnover_6m_avg_daily_volume"": 26185.6171875, ""volatility_6m"": 0.011472502777296223, ""analysts_covering_asof_anchor"": 19.0}]",2026-01-31T10:45:17Z,[]
CMG,CMG,Chipotle Mexican Grill Inc,51396945860.0,Consumer Discretionary,"Hotels, Restaurants & Leisure",Restaurants & Bars,United States of America,US,United States of America,United States of America,Country of Headquarters,New York Consolidated,38.0,37.0,37.0,2097597524.0,2097597524.0,0.020983907242682384,0.020983907242682384,1,"[""647510""]","[""cmg-quarterly-earnings-nongaap-eps-10-29-2025-0pt29""]","[{""market_id"": ""647510"", ""slug"": ""cmg-quarterly-earnings-nongaap-eps-10-29-2025-0pt29"", ""ticker"": ""CMG"", ""anchor_date"": ""2025-10-29"", ""bucket"": ""correct"", ""status"": ""MATCHED_CORRECT"", ""polymarket_resolved_outcome"": ""NO"", ""expected_resolution"": ""NO"", ""label"": ""TIE"", ""turnover_6m_window_start"": ""2025-04-29"", ""turnover_6m_window_end"": ""2025-10-29"", ""turnover_6m_sum_volume"": 2097597524.0, ""turnover_6m_avg_daily_volume"": 16387480.65625, ""volatility_6m"": 0.020983907242682384, ""analysts_covering_asof_anchor"": 37.0}]",2026-01-31T10:45:17Z,[]
CNXC.N,CNXC,Concentrix Corp,2300659304.4,Industrials,Professional Services,Business Support Services,United States of America,US,United States of America,United States of America,Country of Headquarters,New York Stock Exchange,5.0,6.0,6.0,1577371.0,1577371.0,0.04445513991638055,0.04445513991638055,1,"[""599653""]","[""will-cnxc-beat-earnings-estimate-2025-09-25-2pt91""]","[{""market_id"": ""599653"", ""slug"": ""will-cnxc-beat-earnings-estimate-2025-09-25-2pt91"", ""ticker"": ""CNXC"", ""anchor_date"": ""2025-09-25"", ""bucket"": ""correct"", ""status"": ""MATCHED_CORRECT"", ""polymarket_resolved_outcome"": ""NO"", ""expected_resolution"": ""NO"", ""label"": ""MISS"", ""turnover_6m_window_start"": ""2025-03-26"", ""turnover_6m_window_end"": ""2025-09-25"", ""turnover_6m_sum_volume"": 1577371.0, ""turnover_6m_avg_daily_volume"": 12420.24409448819, ""volatility_6m"": 0.04445513991638055, ""analysts_covering_asof_anchor"": 6.0}]",2026-01-31T10:45:17Z,[]
COF,COF,Capital One Financial Corp,136853143000.0,Financials,Consumer Finance,Consumer Lending,United States of America,US,United States of America,United States of America,Country of Headquarters,New York Consolidated,26.0,26.0,26.0,494467431.0,494467431.0,0.018395838141218607,0.018395838141218607,1,"[""1139906""]","[""cof-quarterly-earnings-nongaap-eps-01-22-2026-4pt17""]","[{""market_id"": ""1139906"", ""slug"": ""cof-quarterly-earnings-nongaap-eps-01-22-2026-4pt17"", ""ticker"": ""COF"", ""anchor_date"": ""2026-01-22"", ""bucket"": ""correct"", ""status"": ""MATCHED_CORRECT"", ""polymarket_resolved_outcome"": ""NO"", ""expected_resolution"": ""NO"", ""label"": ""MISS"", ""turnover_6m_window_start"": ""2025-07-23"", ""turnover_6m_window_end"": ""2026-01-22"", ""turnover_6m_sum_volume"": 494467431.0, ""turnover_6m_avg_daily_volume"": 3893444.3385826773, ""volatility_6m"": 0.018395838141218607, ""analysts_covering_asof_anchor"": 26.0}]",2026-01-31T10:45:17Z,[]
COIN.N,COIN,Coinbase Global Inc,52513123750.36,Financials,Capital Markets,Blockchain & Cryptocurrency,United States of America,US,United States of America,United States of America,Country of Headquarters,New York Stock Exchange,37.0,36.0,36.0,17213737.0,17213737.0,0.0449930587338141,0.0449930587338141,1,"[""647869""]","[""coin-quarterly-earnings-gaap-eps-11-03-2025-1pt18""]","[{""market_id"": ""647869"", ""slug"": ""coin-quarterly-earnings-gaap-eps-11-03-2025-1pt18"", ""ticker"": ""COIN"", ""anchor_date"": ""2025-11-03"", ""bucket"": ""correct"", ""status"": ""MATCHED_CORRECT"", ""polymarket_resolved_outcome"": ""YES"", ""expected_resolution"": ""YES"", ""label"": ""BEAT"", ""turnover_6m_window_start"": ""2025-05-04"", ""turnover_6m_window_end"": ""2025-11-03"", ""turnover_6m_sum_volume"": 17213737.0, ""turnover_6m_avg_daily_volume"": 135541.23622047243, ""volatility_6m"": 0.0449930587338141, ""analysts_covering_asof_anchor"": 36.0}]",2026-01-31T10:45:17Z,[]
COP,COP,ConocoPhillips,128798913197.5,Energy,"Oil, Gas & Consumable Fuels",Oil & Gas Exploration and Production,United States of America,US,United States of America,United States of America,Country of Headquarters,New York Consolidated,30.0,30.0,30.0,919712121.0,919712121.0,0.01662167474124756,0.01662167474124756,1,"[""656855""]","[""cop-quarterly-earnings-nongaap-eps-11-06-2025-1pt41""]","[{""market_id"": ""656855"", ""slug"": ""cop-quarterly-earnings-nongaap-eps-11-06-2025-1pt41"", ""ticker"": ""COP"", ""anchor_date"": ""2025-11-06"", ""bucket"": ""correct"", ""status"": ""MATCHED_CORRECT"", ""polymarket_resolved_outcome"": ""YES"", ""expected_resolution"": ""YES"", ""label"": ""BEAT"", ""turnover_6m_window_start"": ""2025-05-07"", ""turnover_6m_window_end"": ""2025-11-06"", ""turnover_6m_sum_volume"": 919712121.0, ""turnover_6m_avg_daily_volume"": 7185250.9453125, ""volatility_6m"": 0.01662167474124756, ""analysts_covering_asof_anchor"": 30.0}]",2026-01-31T10:45:17Z,[]
COST.N,COST,Costco Wholesale Corp,417348213692.75,Consumer Staples,Consumer Staples Distribution & Retail,Discount Stores,United States of America,US,United States of America,United States of America,Country of Headquarters,New York Stock Exchange,38.0,37.0,37.0,3316032.0,3316032.0,0.01059823928671532,0.01059823928671532,1,"[""899875""]","[""cost-quarterly-earnings-gaap-eps-12-11-2025-4pt28""]","[{""market_id"": ""899875"", ""slug"": ""cost-quarterly-earnings-gaap-eps-12-11-2025-4pt28"", ""ticker"": ""COST"", ""anchor_date"": ""2025-12-11"", ""bucket"": ""correct"", ""status"": ""MATCHED_CORRECT"", ""polymarket_resolved_outcome"": ""YES"", ""expected_resolution"": ""YES"", ""label"": ""BEAT"", ""turnover_6m_window_start"": ""2025-06-11"", ""turnover_6m_window_end"": ""2025-12-11"", ""turnover_6m_sum_volume"": 3316032.0, ""turnover_6m_avg_daily_volume"": 25906.5, ""volatility_6m"": 0.01059823928671532, ""analysts_covering_asof_anchor"": 37.0}]",2026-01-31T10:45:17Z,[]
COUR.N,COUR,Coursera Inc,1017526437.18,Consumer Discretionary,Diversified Consumer Services,Online Services,United States of America,US,United States of America,United States of America,Country of Headquarters,New York Stock Exchange,13.0,14.0,14.0,110906905.0,110906905.0,0.03943674864465909,0.03943674864465909,1,"[""637869""]","[""cour-quarterly-earnings-nongaap-eps-10-23-2025-0pt08""]","[{""market_id"": ""637869"", ""slug"": ""cour-quarterly-earnings-nongaap-eps-10-23-2025-0pt08"", ""ticker"": ""COUR"", ""anchor_date"": ""2025-10-23"", ""bucket"": ""correct"", ""status"": ""MATCHED_CORRECT"", ""polymarket_resolved_outcome"": ""YES"", ""expected_resolution"": ""YES"", ""label"": ""BEAT"", ""turnover_6m_window_start"": ""2025-04-23"", ""turnover_6m_window_end"": ""2025-10-23"", ""turnover_6m_sum_volume"": 110906905.0, ""turnover_6m_avg_daily_volume"": 866460.1953125, ""volatility_6m"": 0.03943674864465909, ""analysts_covering_asof_anchor"": 14.0}]",2026-01-31T10:45:17Z,[]
CPB.N,CPB,Campbell's Co,8341796175.1,Consumer Staples,Food Products,Food Processing,United States of America,US,United States of America,United States of America,Country of Headquarters,New York Stock Exchange,20.0,21.0,21.0,20369845.0,20369845.0,0.017848382119795083,0.017848382119795083,1,"[""701985""]","[""cpb-quarterly-earnings-nongaap-eps-12-09-2025-0pt73""]","[{""market_id"": ""701985"", ""slug"": ""cpb-quarterly-earnings-nongaap-eps-12-09-2025-0pt73"", ""ticker"": ""CPB"", ""anchor_date"": ""2025-12-09"", ""bucket"": ""correct"", ""status"": ""MATCHED_CORRECT"", ""polymarket_resolved_outcome"": ""YES"", ""expected_resolution"": ""YES"", ""label"": ""BEAT"", ""turnover_6m_window_start"": ""2025-06-09"", ""turnover_6m_window_end"": ""2025-12-09"", ""turnover_6m_sum_volume"": 20369845.0, ""turnover_6m_avg_daily_volume"": 159139.4140625, ""volatility_6m"": 0.017848382119795083, ""analysts_covering_asof_anchor"": 21.0}]",2026-01-31T10:45:17Z,[]
CRCL.N,CRCL,Circle Internet Group Inc,15053954532.63,Information Technology,Software,Financial Technology (Fintech),United States of America,US,United States of America,United States of America,Country of Headquarters,New York Stock Exchange,23.0,21.0,21.0,263104176.0,263104176.0,0.07904602122767643,0.07904602122767643,1,"[""668460""]","[""crcl-quarterly-earnings-gaap-eps-11-12-2025-0pt17""]","[{""market_id"": ""668460"", ""slug"": ""crcl-quarterly-earnings-gaap-eps-11-12-2025-0pt17"", ""ticker"": ""CRCL"", ""anchor_date"": ""2025-11-12"", ""bucket"": ""correct"", ""status"": ""MATCHED_CORRECT"", ""polymarket_resolved_outcome"": ""YES"", ""expected_resolution"": ""YES"", ""label"": ""BEAT"", ""turnover_6m_window_start"": ""2025-05-13"", ""turnover_6m_window_end"": ""2025-11-12"", ""turnover_6m_sum_volume"": 263104176.0, ""turnover_6m_avg_daily_volume"": 2349144.4285714286, ""volatility_6m"": 0.07904602122767643, ""analysts_covering_asof_anchor"": 21.0}]",2026-01-31T10:45:17Z,[]
CRL,CRL,Charles River Laboratories International Inc,10358872336.08,Health Care,Life Sciences Tools & Services,Biotechnology & Medical Research,United States of America,US,United States of America,United States of America,Country of Headquarters,New York Consolidated,19.0,19.0,19.0,127163807.0,127163807.0,0.02986263468421145,0.02986263468421145,1,"[""652577""]","[""crl-quarterly-earnings-nongaap-eps-11-05-2025-2pt34""]","[{""market_id"": ""652577"", ""slug"": ""crl-quarterly-earnings-nongaap-eps-11-05-2025-2pt34"", ""ticker"": ""CRL"", ""anchor_date"": ""2025-11-05"", ""bucket"": ""correct"", ""status"": ""MATCHED_CORRECT"", ""polymarket_resolved_outcome"": ""YES"", ""expected_resolution"": ""YES"", ""label"": ""BEAT"", ""turnover_6m_window_start"": ""2025-05-06"", ""turnover_6m_window_end"": ""2025-11-05"", ""turnover_6m_sum_volume"": 127163807.0, ""turnover_6m_avg_daily_volume"": 993467.2421875, ""volatility_6m"": 0.02986263468421145, ""analysts_covering_asof_anchor"": 19.0}]",2026-01-31T10:45:17Z,[]
CRM,CRM,Salesforce Inc,198915730000.0,Information Technology,Software,IT Services & Consulting,United States of America,US,United States of America,United States of America,Country of Headquarters,New York Consolidated,55.0,55.0,55.0,1057085037.0,1057085037.0,0.018389628105799534,0.018389628105799534,1,"[""697446""]","[""crm-quarterly-earnings-nongaap-eps-12-03-2025-2pt86""]","[{""market_id"": ""697446"", ""slug"": ""crm-quarterly-earnings-nongaap-eps-12-03-2025-2pt86"", ""ticker"": ""CRM"", ""anchor_date"": ""2025-12-03"", ""bucket"": ""correct"", ""status"": ""MATCHED_CORRECT"", ""polymarket_resolved_outcome"": ""YES"", ""expected_resolution"": ""YES"", ""label"": ""BEAT"", ""turnover_6m_window_start"": ""2025-06-03"", ""turnover_6m_window_end"": ""2025-12-03"", ""turnover_6m_sum_volume"": 1057085037.0, ""turnover_6m_avg_daily_volume"": 8258476.8515625, ""volatility_6m"": 0.018389628105799534, ""analysts_covering_asof_anchor"": 55.0}]",2026-01-31T10:45:17Z,[]
CRSP.N,CRSP,CRISPR Therapeutics AG,4761199640.68,Health Care,Biotechnology,Biotechnology & Medical Research,Switzerland,CH,Switzerland,United States of America,Country of Headquarters,New York Stock Exchange,28.0,29.0,29.0,3880412.0,3880412.0,0.040918535615121474,0.040918535615121474,1,"[""657086""]","[""crsp-quarterly-earnings-gaap-eps-11-04-2025-neg1pt24""]","[{""market_id"": ""657086"", ""slug"": ""crsp-quarterly-earnings-gaap-eps-11-04-2025-neg1pt24"", ""ticker"": ""CRSP"", ""anchor_date"": ""2025-11-04"", ""bucket"": ""correct"", ""status"": ""MATCHED_CORRECT"", ""polymarket_resolved_outcome"": ""YES"", ""expected_resolution"": ""YES"", ""label"": ""BEAT"", ""turnover_6m_window_start"": ""2025-05-05"", ""turnover_6m_window_end"": ""2025-11-04"", ""turnover_6m_sum_volume"": 3880412.0, ""turnover_6m_avg_daily_volume"": 30315.71875, ""volatility_6m"": 0.040918535615121474, ""analysts_covering_asof_anchor"": 29.0}]",2026-01-31T10:45:17Z,[]
CRWD.N,CRWD,CrowdStrike Holdings Inc,111277511908.2,Information Technology,Software,Software,United States of America,US,United States of America,United States of America,Country of Headquarters,New York Stock Exchange,53.0,53.0,53.0,5077924.0,5077924.0,0.023375338137740523,0.023375338137740523,1,"[""696252""]","[""crwd-quarterly-earnings-nongaap-eps-12-02-2025-0pt94""]","[{""market_id"": ""696252"", ""slug"": ""crwd-quarterly-earnings-nongaap-eps-12-02-2025-0pt94"", ""ticker"": ""CRWD"", ""anchor_date"": ""2025-12-02"", ""bucket"": ""correct"", ""status"": ""MATCHED_CORRECT"", ""polymarket_resolved_outcome"": ""YES"", ""expected_resolution"": ""YES"", ""label"": ""BEAT"", ""turnover_6m_window_start"": ""2025-06-02"", ""turnover_6m_window_end"": ""2025-12-02"", ""turnover_6m_sum_volume"": 5077924.0, ""turnover_6m_avg_daily_volume"": 39671.28125, ""volatility_6m"": 0.023375338137740523, ""analysts_covering_asof_anchor"": 53.0}]",2026-01-31T10:45:17Z,[]
CSCO.N,CSCO,Cisco Systems Inc,309449726174.16,Information Technology,Communications Equipment,Communications & Networking,United States of America,US,United States of America,United States of America,Country of Headquarters,New York Stock Exchange,25.0,25.0,25.0,53920173.0,53920173.0,0.01272682467705427,0.01272682467705427,1,"[""668496""]","[""csco-quarterly-earnings-nongaap-eps-11-12-2025-0pt98""]","[{""market_id"": ""668496"", ""slug"": ""csco-quarterly-earnings-nongaap-eps-11-12-2025-0pt98"", ""ticker"": ""CSCO"", ""anchor_date"": ""2025-11-12"", ""bucket"": ""correct"", ""status"": ""MATCHED_CORRECT"", ""polymarket_resolved_outcome"": ""YES"", ""expected_resolution"": ""YES"", ""label"": ""BEAT"", ""turnover_6m_window_start"": ""2025-05-13"", ""turnover_6m_window_end"": ""2025-11-12"", ""turnover_6m_sum_volume"": 53920173.0, ""turnover_6m_avg_daily_volume"": 421251.3515625, ""volatility_6m"": 0.01272682467705427, ""analysts_covering_asof_anchor"": 25.0}]",2026-01-31T10:45:17Z,[]
CSGP.N,CSGP,CoStar Group Inc,26065101646.5,Real Estate,Real Estate Management & Development,Online Services,United States of America,US,United States of America,United States of America,Country of Headquarters,New York Stock Exchange,21.0,20.0,20.0,4883331.0,4883331.0,0.0183663513276186,0.0183663513276186,1,"[""643016""]","[""csgp-quarterly-earnings-gaap-eps-10-28-2025-0pt01""]","[{""market_id"": ""643016"", ""slug"": ""csgp-quarterly-earnings-gaap-eps-10-28-2025-0pt01"", ""ticker"": ""CSGP"", ""anchor_date"": ""2025-10-28"", ""bucket"": ""incorrect"", ""status"": ""MATCHED_INCORRECT"", ""polymarket_resolved_outcome"": ""NO"", ""expected_resolution"": ""YES"", ""label"": ""BEAT"", ""turnover_6m_window_start"": ""2025-04-28"", ""turnover_6m_window_end"": ""2025-10-28"", ""turnover_6m_sum_volume"": 4883331.0, ""turnover_6m_avg_daily_volume"": 38151.0234375, ""volatility_6m"": 0.0183663513276186, ""analysts_covering_asof_anchor"": 20.0}]",2026-01-31T10:45:17Z,[]
CTAS.N,CTAS,Cintas Corp,76534879347.94,Industrials,Commercial Services & Supplies,Business Support Services,United States of America,US,United States of America,United States of America,Country of Headquarters,New York Stock Exchange,23.0,22.0,22.0,2700564.0,2700564.0,0.011920565505394973,0.011920565505394973,1,"[""703173""]","[""ctas-quarterly-earnings-gaap-eps-12-18-2025-1pt2""]","[{""market_id"": ""703173"", ""slug"": ""ctas-quarterly-earnings-gaap-eps-12-18-2025-1pt2"", ""ticker"": ""CTAS"", ""anchor_date"": ""2025-12-18"", ""bucket"": ""correct"", ""status"": ""MATCHED_CORRECT"", ""polymarket_resolved_outcome"": ""YES"", ""expected_resolution"": ""YES"", ""label"": ""BEAT"", ""turnover_6m_window_start"": ""2025-06-18"", ""turnover_6m_window_end"": ""2025-12-18"", ""turnover_6m_sum_volume"": 2700564.0, ""turnover_6m_avg_daily_volume"": 21098.15625, ""volatility_6m"": 0.011920565505394973, ""analysts_covering_asof_anchor"": 22.0}]",2026-01-31T10:45:17Z,[]
CVNA.N,CVNA,Carvana Co,87258537957.04,Consumer Discretionary,Specialty Retail,"Auto Vehicles, Parts & Service Retailers",United States of America,US,United States of America,United States of America,Country of Headquarters,New York Stock Exchange,27.0,24.0,24.0,80380923.0,80380923.0,0.03277626272304141,0.03277626272304141,1,"[""647508""]","[""cvna-quarterly-earnings-gaap-eps-10-29-2025-1pt27""]","[{""market_id"": ""647508"", ""slug"": ""cvna-quarterly-earnings-gaap-eps-10-29-2025-1pt27"", ""ticker"": ""CVNA"", ""anchor_date"": ""2025-10-29"", ""bucket"": ""correct"", ""status"": ""MATCHED_CORRECT"", ""polymarket_resolved_outcome"": ""NO"", ""expected_resolution"": ""NO"", ""label"": ""MISS"", ""turnover_6m_window_start"": ""2025-04-29"", ""turnover_6m_window_end"": ""2025-10-29"", ""turnover_6m_sum_volume"": 80380923.0, ""turnover_6m_avg_daily_volume"": 627975.9609375, ""volatility_6m"": 0.03277626272304141, ""analysts_covering_asof_anchor"": 24.0}]",2026-01-31T10:45:17Z,[]
CVS,CVS,CVS Health Corp,94598108782.2,Health Care,Health Care Providers & Services,Healthcare Facilities & Services,United States of America,US,United States of America,United States of America,Country of Headquarters,New York Consolidated,29.0,29.0,29.0,1035775330.0,1035775330.0,0.01722219310006141,0.01722219310006141,1,"[""647808""]","[""cvs-quarterly-earnings-nongaap-eps-10-29-2025-1pt36""]","[{""market_id"": ""647808"", ""slug"": ""cvs-quarterly-earnings-nongaap-eps-10-29-2025-1pt36"", ""ticker"": ""CVS"", ""anchor_date"": ""2025-10-29"", ""bucket"": ""correct"", ""status"": ""MATCHED_CORRECT"", ""polymarket_resolved_outcome"": ""YES"", ""expected_resolution"": ""YES"", ""label"": ""BEAT"", ""turnover_6m_window_start"": ""2025-04-29"", ""turnover_6m_window_end"": ""2025-10-29"", ""turnover_6m_sum_volume"": 1035775330.0, ""turnover_6m_avg_daily_volume"": 8091994.765625, ""volatility_6m"": 0.01722219310006141, ""analysts_covering_asof_anchor"": 29.0}]",2026-01-31T10:45:17Z,[]
CVX,CVX,Chevron Corp,356191970509.3,Energy,"Oil, Gas & Consumable Fuels",Integrated Oil & Gas,United States of America,US,United States of America,United States of America,Country of Headquarters,New York Consolidated,27.0,27.5,27.5,1113165318.0,1113165318.0,0.012388894674514032,0.012388894674514032,2,"[""648240"", ""1244958""]","[""cvx-quarterly-earnings-nongaap-eps-10-31-2025-1pt7"", ""cvx-quarterly-earnings-nongaap-eps-01-30-2026-1pt48""]","[{""market_id"": ""648240"", ""slug"": ""cvx-quarterly-earnings-nongaap-eps-10-31-2025-1pt7"", ""ticker"": ""CVX"", ""anchor_date"": ""2025-10-31"", ""bucket"": ""correct"", ""status"": ""MATCHED_CORRECT"", ""polymarket_resolved_outcome"": ""YES"", ""expected_resolution"": ""YES"", ""label"": ""BEAT"", ""turnover_6m_window_start"": ""2025-05-01"", ""turnover_6m_window_end"": ""2025-10-31"", ""turnover_6m_sum_volume"": 1124925525.0, ""turnover_6m_avg_daily_volume"": 8788480.6640625, ""volatility_6m"": 0.011997959281476761, ""analysts_covering_asof_anchor"": 28.0}, {""market_id"": ""1244958"", ""slug"": ""cvx-quarterly-earnings-nongaap-eps-01-30-2026-1pt48"", ""ticker"": ""CVX"", ""anchor_date"": ""2026-01-30"", ""bucket"": ""correct"", ""status"": ""MATCHED_CORRECT"", ""polymarket_resolved_outcome"": ""YES"", ""expected_resolution"": ""YES"", ""label"": ""BEAT"", ""turnover_6m_window_start"": ""2025-07-31"", ""turnover_6m_window_end"": ""2026-01-30"", ""turnover_6m_sum_volume"": 1101405111.0, ""turnover_6m_avg_daily_volume"": 8672481.188976377, ""volatility_6m"": 0.012779830067551302, ""analysts_covering_asof_anchor"": 27.0}]",2026-01-31T10:45:17Z,[]
CXM,CXM,Sprinklr Inc,1573857547.68,Information Technology,Software,Software,United States of America,US,United States of America,United States of America,Country of Headquarters,New York Consolidated,9.0,9.0,9.0,276630882.0,276630882.0,0.02260758492692536,0.02260758492692536,1,"[""697452""]","[""cxm-quarterly-earnings-nongaap-eps-12-03-2025-0pt09""]","[{""market_id"": ""697452"", ""slug"": ""cxm-quarterly-earnings-nongaap-eps-12-03-2025-0pt09"", ""ticker"": ""CXM"", ""anchor_date"": ""2025-12-03"", ""bucket"": ""correct"", ""status"": ""MATCHED_CORRECT"", ""polymarket_resolved_outcome"": ""YES"", ""expected_resolution"": ""YES"", ""label"": ""BEAT"", ""turnover_6m_window_start"": ""2025-06-03"", ""turnover_6m_window_end"": ""2025-12-03"", ""turnover_6m_sum_volume"": 276630882.0, ""turnover_6m_avg_daily_volume"": 2161178.765625, ""volatility_6m"": 0.02260758492692536, ""analysts_covering_asof_anchor"": 9.0}]",2026-01-31T10:45:17Z,[]
DAL,DAL,Delta Air Lines Inc,43023716783.52,Industrials,Passenger Airlines,Airlines,United States of America,US,United States of America,United States of America,Country of Headquarters,New York Consolidated,28.0,26.5,26.5,1148900494.0,1148900494.0,0.025001662598470652,0.025001662598470652,2,"[""613051"", ""1069150""]","[""dal-quarterly-earnings-nongaap-eps-2025-10-09-1pt52"", ""dal-quarterly-earnings-nongaap-eps-01-13-2026-1pt57""]","[{""market_id"": ""613051"", ""slug"": ""dal-quarterly-earnings-nongaap-eps-2025-10-09-1pt52"", ""ticker"": ""DAL"", ""anchor_date"": ""2025-10-09"", ""bucket"": ""correct"", ""status"": ""MATCHED_CORRECT"", ""polymarket_resolved_outcome"": ""YES"", ""expected_resolution"": ""YES"", ""label"": ""BEAT"", ""turnover_6m_window_start"": ""2025-04-09"", ""turnover_6m_window_end"": ""2025-10-09"", ""turnover_6m_sum_volume"": 1260365333.0, ""turnover_6m_avg_daily_volume"": 9924136.48031496, ""volatility_6m"": 0.027339441882115015, ""analysts_covering_asof_anchor"": 25.0}, {""market_id"": ""1069150"", ""slug"": ""dal-quarterly-earnings-nongaap-eps-01-13-2026-1pt57"", ""ticker"": ""DAL"", ""anchor_date"": ""2026-01-13"", ""bucket"": ""correct"", ""status"": ""MATCHED_CORRECT"", ""polymarket_resolved_outcome"": ""NO"", ""expected_resolution"": ""NO"", ""label"": ""MISS"", ""turnover_6m_window_start"": ""2025-07-14"", ""turnover_6m_window_end"": ""2026-01-13"", ""turnover_6m_sum_volume"": 1037435655.0, ""turnover_6m_avg_daily_volume"": 8104966.0546875, ""volatility_6m"": 0.02266388331482629, ""analysts_covering_asof_anchor"": 28.0}]",2026-01-31T10:45:17Z,[]
DASH.N,DASH,DoorDash Inc,88190916957.78,Consumer Discretionary,"Hotels, Restaurants & Leisure",Online Services,United States of America,US,United States of America,United States of America,Country of Headquarters,New York Stock Exchange,42.0,43.0,43.0,7063700.0,7063700.0,0.020782024069756745,0.020782024069756745,1,"[""655439""]","[""dash-quarterly-earnings-gaap-eps-11-05-2025-0pt68""]","[{""market_id"": ""655439"", ""slug"": ""dash-quarterly-earnings-gaap-eps-11-05-2025-0pt68"", ""ticker"": ""DASH"", ""anchor_date"": ""2025-11-05"", ""bucket"": ""correct"", ""status"": ""MATCHED_CORRECT"", ""polymarket_resolved_outcome"": ""NO"", ""expected_resolution"": ""NO"", ""label"": ""MISS"", ""turnover_6m_window_start"": ""2025-05-06"", ""turnover_6m_window_end"": ""2025-11-05"", ""turnover_6m_sum_volume"": 7063700.0, ""turnover_6m_avg_daily_volume"": 55185.15625, ""volatility_6m"": 0.020782024069756745, ""analysts_covering_asof_anchor"": 43.0}]",2026-01-31T10:45:17Z,[]
DBI,DBI,Designer Brands Inc,314692823.28,Consumer Discretionary,Specialty Retail,Apparel & Accessories Retailers,United States of America,US,United States of America,United States of America,Country of Headquarters,New York Consolidated,2.0,2.0,2.0,157582042.0,157582042.0,0.06393574944720848,0.06393574944720848,1,"[""701986""]","[""dbi-quarterly-earnings-nongaap-eps-12-09-2025-0pt16""]","[{""market_id"": ""701986"", ""slug"": ""dbi-quarterly-earnings-nongaap-eps-12-09-2025-0pt16"", ""ticker"": ""DBI"", ""anchor_date"": ""2025-12-09"", ""bucket"": ""correct"", ""status"": ""MATCHED_CORRECT"", ""polymarket_resolved_outcome"": ""YES"", ""expected_resolution"": ""YES"", ""label"": ""BEAT"", ""turnover_6m_window_start"": ""2025-06-09"", ""turnover_6m_window_end"": ""2025-12-09"", ""turnover_6m_sum_volume"": 157582042.0, ""turnover_6m_avg_daily_volume"": 1231109.703125, ""volatility_6m"": 0.06393574944720848, ""analysts_covering_asof_anchor"": 2.0}]",2026-01-31T10:45:17Z,[]
DBX.N,DBX,Dropbox Inc,6592677899.08,Information Technology,Software,Software,United States of America,US,<NA>,United States of America,Country of Headquarters,New York Stock Exchange,11.0,13.0,13.0,6602939.0,6602939.0,0.014955485752487766,0.014955485752487766,1,"[""657080""]","[""dbx-quarterly-earnings-nongaap-eps-11-06-2025-0pt65""]","[{""market_id"": ""657080"", ""slug"": ""dbx-quarterly-earnings-nongaap-eps-11-06-2025-0pt65"", ""ticker"": ""DBX"", ""anchor_date"": ""2025-11-06"", ""bucket"": ""correct"", ""status"": ""MATCHED_CORRECT"", ""polymarket_resolved_outcome"": ""YES"", ""expected_resolution"": ""YES"", ""label"": ""BEAT"", ""turnover_6m_window_start"": ""2025-05-07"", ""turnover_6m_window_end"": ""2025-11-06"", ""turnover_6m_sum_volume"": 6602939.0, ""turnover_6m_avg_daily_volume"": 51585.4609375, ""volatility_6m"": 0.014955485752487766, ""analysts_covering_asof_anchor"": 13.0}]",2026-01-31T10:45:17Z,[]
DD,DD,Dupont De Nemours Inc,18401396230.08,Materials,Chemicals,Electronic Equipment & Parts,United States of America,US,United States of America,United States of America,Country of Headquarters,New York Consolidated,18.0,18.0,18.0,429323062.0,429323062.0,0.018828657271108648,0.018828657271108648,1,"[""657005""]","[""dd-quarterly-earnings-nongaap-eps-11-06-2025-1pt11""]","[{""market_id"": ""657005"", ""slug"": ""dd-quarterly-earnings-nongaap-eps-11-06-2025-1pt11"", ""ticker"": ""DD"", ""anchor_date"": ""2025-11-06"", ""bucket"": ""correct"", ""status"": ""MATCHED_CORRECT"", ""polymarket_resolved_outcome"": ""NO"", ""expected_resolution"": ""NO"", ""label"": ""MISS"", ""turnover_6m_window_start"": ""2025-05-07"", ""turnover_6m_window_end"": ""2025-11-06"", ""turnover_6m_sum_volume"": 429323062.0, ""turnover_6m_avg_daily_volume"": 3354086.421875, ""volatility_6m"": 0.018828657271108648, ""analysts_covering_asof_anchor"": 18.0}]",2026-01-31T10:45:17Z,[]
DDOG.N,DDOG,Datadog Inc,45348741260.68,Information Technology,Software,Software,United States of America,US,<NA>,United States of America,Country of Headquarters,New York Stock Exchange,47.0,45.0,45.0,10156098.0,10156098.0,0.031877299600848556,0.031877299600848556,1,"[""656996""]","[""ddog-quarterly-earnings-nongaap-eps-11-06-2025-0pt46""]","[{""market_id"": ""656996"", ""slug"": ""ddog-quarterly-earnings-nongaap-eps-11-06-2025-0pt46"", ""ticker"": ""DDOG"", ""anchor_date"": ""2025-11-06"", ""bucket"": ""correct"", ""status"": ""MATCHED_CORRECT"", ""polymarket_resolved_outcome"": ""YES"", ""expected_resolution"": ""YES"", ""label"": ""BEAT"", ""turnover_6m_window_start"": ""2025-05-07"", ""turnover_6m_window_end"": ""2025-11-06"", ""turnover_6m_sum_volume"": 10156098.0, ""turnover_6m_avg_daily_volume"": 79344.515625, ""volatility_6m"": 0.031877299600848556, ""analysts_covering_asof_anchor"": 45.0}]",2026-01-31T10:45:17Z,[]
DE,DE,Deere & Co,143127313824.0,Industrials,Machinery,Heavy Machinery & Vehicles,United States of America,US,United States of America,United States of America,Country of Headquarters,New York Consolidated,26.0,26.0,26.0,171499751.0,171499751.0,0.01490252700353164,0.01490252700353164,1,"[""675621""]","[""de-quarterly-earnings-gaap-eps-11-26-2025-3pt87""]","[{""market_id"": ""675621"", ""slug"": ""de-quarterly-earnings-gaap-eps-11-26-2025-3pt87"", ""ticker"": ""DE"", ""anchor_date"": ""2025-11-26"", ""bucket"": ""correct"", ""status"": ""MATCHED_CORRECT"", ""polymarket_resolved_outcome"": ""YES"", ""expected_resolution"": ""YES"", ""label"": ""BEAT"", ""turnover_6m_window_start"": ""2025-05-27"", ""turnover_6m_window_end"": ""2025-11-26"", ""turnover_6m_sum_volume"": 171499751.0, ""turnover_6m_avg_daily_volume"": 1329455.4341085271, ""volatility_6m"": 0.01490252700353164, ""analysts_covering_asof_anchor"": 26.0}]",2026-01-31T10:45:17Z,[]
DEFT.N,DEFT,DeFi Technologies Inc,252326882.575479,Financials,Capital Markets,Financial Technology (Fintech),Canada,CA,<NA>,United States of America,Country of Headquarters,New York Stock Exchange,8.0,8.0,8.0,22485010.0,22485010.0,0.049801227747414155,0.049801227747414155,1,"[""668522""]","[""deft-quarterly-earnings-gaap-eps-11-13-2025-0pt05""]","[{""market_id"": ""668522"", ""slug"": ""deft-quarterly-earnings-gaap-eps-11-13-2025-0pt05"", ""ticker"": ""DEFT"", ""anchor_date"": ""2025-11-13"", ""bucket"": ""correct"", ""status"": ""MATCHED_CORRECT"", ""polymarket_resolved_outcome"": ""NO"", ""expected_resolution"": ""NO"", ""label"": ""MISS"", ""turnover_6m_window_start"": ""2025-05-14"", ""turnover_6m_window_end"": ""2025-11-13"", ""turnover_6m_sum_volume"": 22485010.0, ""turnover_6m_avg_daily_volume"": 175664.140625, ""volatility_6m"": 0.049801227747414155, ""analysts_covering_asof_anchor"": 8.0}]",2026-01-31T10:45:17Z,[]
DELL.N,DELL,Dell Technologies Inc,75838198396.2,Information Technology,"Technology Hardware, Storage & Peripherals",Computer Hardware,United States of America,US,United States of America,United States of America,Country of Headquarters,New York Stock Exchange,27.0,28.0,28.0,167811123.0,167811123.0,0.026534504965403178,0.026534504965403178,1,"[""675614""]","[""dell-quarterly-earnings-nongaap-eps-11-25-2025-2pt47""]","[{""market_id"": ""675614"", ""slug"": ""dell-quarterly-earnings-nongaap-eps-11-25-2025-2pt47"", ""ticker"": ""DELL"", ""anchor_date"": ""2025-11-25"", ""bucket"": ""correct"", ""status"": ""MATCHED_CORRECT"", ""polymarket_resolved_outcome"": ""YES"", ""expected_resolution"": ""YES"", ""label"": ""BEAT"", ""turnover_6m_window_start"": ""2025-05-26"", ""turnover_6m_window_end"": ""2025-11-25"", ""turnover_6m_sum_volume"": 167811123.0, ""turnover_6m_avg_daily_volume"": 1311024.3984375, ""volatility_6m"": 0.026534504965403178, ""analysts_covering_asof_anchor"": 28.0}]",2026-01-31T10:45:17Z,[]
DG,DG,Dollar General Corp,31571649667.53,Consumer Staples,Consumer Staples Distribution & Retail,Discount Stores,United States of America,US,United States of America,United States of America,Country of Headquarters,New York Consolidated,32.0,31.0,31.0,396494337.0,396494337.0,0.02009105740804849,0.02009105740804849,1,"[""697463""]","[""dg-quarterly-earnings-gaap-eps-12-04-2025-0pt92""]","[{""market_id"": ""697463"", ""slug"": ""dg-quarterly-earnings-gaap-eps-12-04-2025-0pt92"", ""ticker"": ""DG"", ""anchor_date"": ""2025-12-04"", ""bucket"": ""correct"", ""status"": ""MATCHED_CORRECT"", ""polymarket_resolved_outcome"": ""YES"", ""expected_resolution"": ""YES"", ""label"": ""BEAT"", ""turnover_6m_window_start"": ""2025-06-04"", ""turnover_6m_window_end"": ""2025-12-04"", ""turnover_6m_sum_volume"": 396494337.0, ""turnover_6m_avg_daily_volume"": 3097612.0078125, ""volatility_6m"": 0.02009105740804849, ""analysts_covering_asof_anchor"": 31.0}]",2026-01-31T10:45:17Z,[]
DGX,DGX,Quest Diagnostics Inc,20805658964.86,Health Care,Health Care Providers & Services,Healthcare Facilities & Services,United States of America,US,United States of America,United States of America,Country of Headquarters,New York Consolidated,19.0,20.0,20.0,132407436.0,132407436.0,0.014663941217573917,0.014663941217573917,1,"[""627660""]","[""dgx-quarterly-earnings-nongaap-eps-10-21-2025-2pt5""]","[{""market_id"": ""627660"", ""slug"": ""dgx-quarterly-earnings-nongaap-eps-10-21-2025-2pt5"", ""ticker"": ""DGX"", ""anchor_date"": ""2025-10-21"", ""bucket"": ""correct"", ""status"": ""MATCHED_CORRECT"", ""polymarket_resolved_outcome"": ""YES"", ""expected_resolution"": ""YES"", ""label"": ""BEAT"", ""turnover_6m_window_start"": ""2025-04-21"", ""turnover_6m_window_end"": ""2025-10-21"", ""turnover_6m_sum_volume"": 132407436.0, ""turnover_6m_avg_daily_volume"": 1034433.09375, ""volatility_6m"": 0.014663941217573917, ""analysts_covering_asof_anchor"": 20.0}]",2026-01-31T10:45:17Z,[]
DIS,DIS,Walt Disney Co,200038047621.6,Communication Services,Entertainment,Broadcasting,United States of America,US,United States of America,United States of America,Country of Headquarters,New York Consolidated,31.0,31.0,31.0,1122029059.0,1122029059.0,0.012844938445293662,0.012844938445293662,1,"[""668497""]","[""dis-quarterly-earnings-nongaap-eps-11-13-2025-1pt02""]","[{""market_id"": ""668497"", ""slug"": ""dis-quarterly-earnings-nongaap-eps-11-13-2025-1pt02"", ""ticker"": ""DIS"", ""anchor_date"": ""2025-11-13"", ""bucket"": ""correct"", ""status"": ""MATCHED_CORRECT"", ""polymarket_resolved_outcome"": ""YES"", ""expected_resolution"": ""YES"", ""label"": ""BEAT"", ""turnover_6m_window_start"": ""2025-05-14"", ""turnover_6m_window_end"": ""2025-11-13"", ""turnover_6m_sum_volume"": 1122029059.0, ""turnover_6m_avg_daily_volume"": 8765852.0234375, ""volatility_6m"": 0.012844938445293662, ""analysts_covering_asof_anchor"": 31.0}]",2026-01-31T10:45:17Z,[]
DKNG.N,DKNG,Draftkings Inc,13693721695.08,Consumer Discretionary,"Hotels, Restaurants & Leisure",Casinos & Gaming,United States of America,US,<NA>,United States of America,Country of Headquarters,New York Stock Exchange,34.0,32.0,32.0,31854795.0,31854795.0,0.02730046971014539,0.02730046971014539,1,"[""657027""]","[""dkng-quarterly-earnings-nongaap-eps-11-06-2025-neg0pt25""]","[{""market_id"": ""657027"", ""slug"": ""dkng-quarterly-earnings-nongaap-eps-11-06-2025-neg0pt25"", ""ticker"": ""DKNG"", ""anchor_date"": ""2025-11-06"", ""bucket"": ""correct"", ""status"": ""MATCHED_CORRECT"", ""polymarket_resolved_outcome"": ""NO"", ""expected_resolution"": ""NO"", ""label"": ""MISS"", ""turnover_6m_window_start"": ""2025-05-07"", ""turnover_6m_window_end"": ""2025-11-06"", ""turnover_6m_sum_volume"": 31854795.0, ""turnover_6m_avg_daily_volume"": 248865.5859375, ""volatility_6m"": 0.02730046971014539, ""analysts_covering_asof_anchor"": 32.0}]",2026-01-31T10:45:17Z,[]
DKS,DKS,DICK'S Sporting Goods Inc,18173719012.0,Consumer Discretionary,Specialty Retail,Miscellaneous Specialty Retailers,United States of America,US,United States of America,United States of America,Country of Headquarters,New York Consolidated,28.0,29.0,29.0,195068205.0,195068205.0,0.02152669349936225,0.02152669349936225,1,"[""675627""]","[""dks-quarterly-earnings-nongaap-eps-11-25-2025-2pt7""]","[{""market_id"": ""675627"", ""slug"": ""dks-quarterly-earnings-nongaap-eps-11-25-2025-2pt7"", ""ticker"": ""DKS"", ""anchor_date"": ""2025-11-25"", ""bucket"": ""incorrect"", ""status"": ""MATCHED_INCORRECT"", ""polymarket_resolved_outcome"": ""NO"", ""expected_resolution"": ""YES"", ""label"": ""BEAT"", ""turnover_6m_window_start"": ""2025-05-26"", ""turnover_6m_window_end"": ""2025-11-25"", ""turnover_6m_sum_volume"": 195068205.0, ""turnover_6m_avg_daily_volume"": 1523970.3515625, ""volatility_6m"": 0.02152669349936225, ""analysts_covering_asof_anchor"": 29.0}]",2026-01-31T10:45:17Z,[]
DLB,DLB,Dolby Laboratories Inc,6132700596.47,Information Technology,Software,Software,United States of America,US,United States of America,United States of America,Country of Headquarters,New York Consolidated,6.0,5.0,5.0,57054087.0,57054087.0,0.01349475839803696,0.01349475839803696,1,"[""675495""]","[""dlb-quarterly-earnings-nongaap-eps-11-18-2025-0pt71""]","[{""market_id"": ""675495"", ""slug"": ""dlb-quarterly-earnings-nongaap-eps-11-18-2025-0pt71"", ""ticker"": ""DLB"", ""anchor_date"": ""2025-11-18"", ""bucket"": ""correct"", ""status"": ""MATCHED_CORRECT"", ""polymarket_resolved_outcome"": ""YES"", ""expected_resolution"": ""YES"", ""label"": ""BEAT"", ""turnover_6m_window_start"": ""2025-05-19"", ""turnover_6m_window_end"": ""2025-11-18"", ""turnover_6m_sum_volume"": 57054087.0, ""turnover_6m_avg_daily_volume"": 445735.0546875, ""volatility_6m"": 0.01349475839803696, ""analysts_covering_asof_anchor"": 5.0}]",2026-01-31T10:45:17Z,[]
DLTR.N,DLTR,Dollar Tree Inc,23383146259.33,Consumer Staples,Consumer Staples Distribution & Retail,Discount Stores,United States of America,US,<NA>,United States of America,Country of Headquarters,New York Stock Exchange,29.0,28.0,28.0,7210952.0,7210952.0,0.022627188553550934,0.022627188553550934,1,"[""697448""]","[""dltr-quarterly-earnings-nongaap-eps-12-03-2025-1pt08""]","[{""market_id"": ""697448"", ""slug"": ""dltr-quarterly-earnings-nongaap-eps-12-03-2025-1pt08"", ""ticker"": ""DLTR"", ""anchor_date"": ""2025-12-03"", ""bucket"": ""correct"", ""status"": ""MATCHED_CORRECT"", ""polymarket_resolved_outcome"": ""YES"", ""expected_resolution"": ""YES"", ""label"": ""BEAT"", ""turnover_6m_window_start"": ""2025-06-03"", ""turnover_6m_window_end"": ""2025-12-03"", ""turnover_6m_sum_volume"": 7210952.0, ""turnover_6m_avg_daily_volume"": 56335.5625, ""volatility_6m"": 0.022627188553550934, ""analysts_covering_asof_anchor"": 28.0}]",2026-01-31T10:45:17Z,[]
DOCU.N,DOCU,DocuSign Inc,10522329759.6,Information Technology,Software,Software,United States of America,US,<NA>,United States of America,Country of Headquarters,New York Stock Exchange,23.0,22.0,22.0,4976317.0,4976317.0,0.03085119003582379,0.03085119003582379,1,"[""697470""]","[""docu-quarterly-earnings-nongaap-eps-12-04-2025-0pt91""]","[{""market_id"": ""697470"", ""slug"": ""docu-quarterly-earnings-nongaap-eps-12-04-2025-0pt91"", ""ticker"": ""DOCU"", ""anchor_date"": ""2025-12-04"", ""bucket"": ""correct"", ""status"": ""MATCHED_CORRECT"", ""polymarket_resolved_outcome"": ""YES"", ""expected_resolution"": ""YES"", ""label"": ""BEAT"", ""turnover_6m_window_start"": ""2025-06-04"", ""turnover_6m_window_end"": ""2025-12-04"", ""turnover_6m_sum_volume"": 4976317.0, ""turnover_6m_avg_daily_volume"": 38877.4765625, ""volatility_6m"": 0.03085119003582379, ""analysts_covering_asof_anchor"": 22.0}]",2026-01-31T10:45:17Z,[]
DOW,DOW,Dow Inc,19759477478.15,Materials,Chemicals,Commodity Chemicals,United States of America,US,United States of America,United States of America,Country of Headquarters,New York Consolidated,20.0,22.0,22.0,1678134228.0,1678134228.0,0.032237303653457144,0.032237303653457144,1,"[""637870""]","[""dow-quarterly-earnings-nongaap-eps-10-23-2025-neg0pt3""]","[{""market_id"": ""637870"", ""slug"": ""dow-quarterly-earnings-nongaap-eps-10-23-2025-neg0pt3"", ""ticker"": ""DOW"", ""anchor_date"": ""2025-10-23"", ""bucket"": ""correct"", ""status"": ""MATCHED_CORRECT"", ""polymarket_resolved_outcome"": ""YES"", ""expected_resolution"": ""YES"", ""label"": ""BEAT"", ""turnover_6m_window_start"": ""2025-04-23"", ""turnover_6m_window_end"": ""2025-10-23"", ""turnover_6m_sum_volume"": 1678134228.0, ""turnover_6m_avg_daily_volume"": 13110423.65625, ""volatility_6m"": 0.032237303653457144, ""analysts_covering_asof_anchor"": 22.0}]",2026-01-31T10:45:17Z,[]
DPZ.N,DPZ,Domino's Pizza Inc,13863498831.94,Consumer Discretionary,"Hotels, Restaurants & Leisure",Restaurants & Bars,United States of America,US,United States of America,United States of America,Country of Headquarters,New York Stock Exchange,35.0,35.0,35.0,1598659.0,1598659.0,0.014007339355898452,0.014007339355898452,1,"[""613066""]","[""dpz-quarterly-earnings-gaap-eps-2025-10-14-3pt96""]","[{""market_id"": ""613066"", ""slug"": ""dpz-quarterly-earnings-gaap-eps-2025-10-14-3pt96"", ""ticker"": ""DPZ"", ""anchor_date"": ""2025-10-14"", ""bucket"": ""correct"", ""status"": ""MATCHED_CORRECT"", ""polymarket_resolved_outcome"": ""YES"", ""expected_resolution"": ""YES"", ""label"": ""BEAT"", ""turnover_6m_window_start"": ""2025-04-14"", ""turnover_6m_window_end"": ""2025-10-14"", ""turnover_6m_sum_volume"": 1598659.0, ""turnover_6m_avg_daily_volume"": 12587.866141732284, ""volatility_6m"": 0.014007339355898452, ""analysts_covering_asof_anchor"": 35.0}]",2026-01-31T10:45:17Z,[]
DY,DY,Dycom Industries Inc,10919718856.8,Industrials,Construction & Engineering,Construction & Engineering,United States of America,US,United States of America,United States of America,Country of Headquarters,New York Consolidated,12.0,9.0,9.0,48184855.0,48184855.0,0.02264482979715098,0.02264482979715098,1,"[""675509""]","[""dy-quarterly-earnings-gaap-eps-11-19-2025-3pt2""]","[{""market_id"": ""675509"", ""slug"": ""dy-quarterly-earnings-gaap-eps-11-19-2025-3pt2"", ""ticker"": ""DY"", ""anchor_date"": ""2025-11-19"", ""bucket"": ""correct"", ""status"": ""MATCHED_CORRECT"", ""polymarket_resolved_outcome"": ""YES"", ""expected_resolution"": ""YES"", ""label"": ""BEAT"", ""turnover_6m_window_start"": ""2025-05-20"", ""turnover_6m_window_end"": ""2025-11-19"", ""turnover_6m_sum_volume"": 48184855.0, ""turnover_6m_avg_daily_volume"": 376444.1796875, ""volatility_6m"": 0.02264482979715098, ""analysts_covering_asof_anchor"": 9.0}]",2026-01-31T10:45:17Z,[]
EA.N,EA,Electronic Arts Inc,51001641825.68,Communication Services,Entertainment,Software,United States of America,US,<NA>,United States of America,Country of Headquarters,New York Stock Exchange,30.0,28.0,28.0,5451712.0,5451712.0,0.019153321303470073,0.019153321303470073,1,"[""643017""]","[""ea-quarterly-earnings-gaap-eps-10-28-2025-0pt35""]","[{""market_id"": ""643017"", ""slug"": ""ea-quarterly-earnings-gaap-eps-10-28-2025-0pt35"", ""ticker"": ""EA"", ""anchor_date"": ""2025-10-28"", ""bucket"": ""correct"", ""status"": ""MATCHED_CORRECT"", ""polymarket_resolved_outcome"": ""YES"", ""expected_resolution"": ""YES"", ""label"": ""BEAT"", ""turnover_6m_window_start"": ""2025-04-28"", ""turnover_6m_window_end"": ""2025-10-28"", ""turnover_6m_sum_volume"": 5451712.0, ""turnover_6m_avg_daily_volume"": 42591.5, ""volatility_6m"": 0.019153321303470073, ""analysts_covering_asof_anchor"": 28.0}]",2026-01-31T10:45:17Z,[]
EB,EB,Eventbrite Inc,443919071.18,Communication Services,Entertainment,Online Services,United States of America,US,United States of America,United States of America,Country of Headquarters,New York Consolidated,3.0,4.0,4.0,84803438.0,84803438.0,0.0337640521228758,0.0337640521228758,1,"[""658508""]","[""eb-quarterly-earnings-gaap-eps-11-06-2025-neg0pt04""]","[{""market_id"": ""658508"", ""slug"": ""eb-quarterly-earnings-gaap-eps-11-06-2025-neg0pt04"", ""ticker"": ""EB"", ""anchor_date"": ""2025-11-06"", ""bucket"": ""correct"", ""status"": ""MATCHED_CORRECT"", ""polymarket_resolved_outcome"": ""YES"", ""expected_resolution"": ""YES"", ""label"": ""BEAT"", ""turnover_6m_window_start"": ""2025-05-07"", ""turnover_6m_window_end"": ""2025-11-06"", ""turnover_6m_sum_volume"": 84803438.0, ""turnover_6m_avg_daily_volume"": 662526.859375, ""volatility_6m"": 0.0337640521228758, ""analysts_covering_asof_anchor"": 4.0}]",2026-01-31T10:45:17Z,[]
EBAY.N,EBAY,eBay Inc,41231440000.0,Consumer Discretionary,Broadline Retail,Online Services,United States of America,US,United States of America,United States of America,Country of Headquarters,New York Stock Exchange,35.0,33.0,33.0,14489843.0,14489843.0,0.02081590565902206,0.02081590565902206,1,"[""647811""]","[""ebay-quarterly-earnings-nongaap-eps-10-29-2025-1pt33""]","[{""market_id"": ""647811"", ""slug"": ""ebay-quarterly-earnings-nongaap-eps-10-29-2025-1pt33"", ""ticker"": ""EBAY"", ""anchor_date"": ""2025-10-29"", ""bucket"": ""correct"", ""status"": ""MATCHED_CORRECT"", ""polymarket_resolved_outcome"": ""YES"", ""expected_resolution"": ""YES"", ""label"": ""BEAT"", ""turnover_6m_window_start"": ""2025-04-29"", ""turnover_6m_window_end"": ""2025-10-29"", ""turnover_6m_sum_volume"": 14489843.0, ""turnover_6m_avg_daily_volume"": 113201.8984375, ""volatility_6m"": 0.02081590565902206, ""analysts_covering_asof_anchor"": 33.0}]",2026-01-31T10:45:17Z,[]
ED,ED,Consolidated Edison Inc,38486563881.04,Utilities,Multi-Utilities,Electric Utilities,United States of America,US,United States of America,United States of America,Country of Headquarters,New York Consolidated,19.0,17.0,17.0,305283083.0,305283083.0,0.011190443923316624,0.011190443923316624,1,"[""657004""]","[""ed-quarterly-earnings-nongaap-eps-11-06-2025-1pt75""]","[{""market_id"": ""657004"", ""slug"": ""ed-quarterly-earnings-nongaap-eps-11-06-2025-1pt75"", ""ticker"": ""ED"", ""anchor_date"": ""2025-11-06"", ""bucket"": ""correct"", ""status"": ""MATCHED_CORRECT"", ""polymarket_resolved_outcome"": ""YES"", ""expected_resolution"": ""YES"", ""label"": ""BEAT"", ""turnover_6m_window_start"": ""2025-05-07"", ""turnover_6m_window_end"": ""2025-11-06"", ""turnover_6m_sum_volume"": 305283083.0, ""turnover_6m_avg_daily_volume"": 2385024.0859375, ""volatility_6m"": 0.011190443923316624, ""analysts_covering_asof_anchor"": 17.0}]",2026-01-31T10:45:17Z,[]
EFX,EFX,Equifax Inc,24650159051.8,Industrials,Professional Services,Professional Information Services,United States of America,US,United States of America,United States of America,Country of Headquarters,New York Consolidated,25.0,26.0,26.0,134061287.0,134061287.0,0.02324851843433896,0.02324851843433896,1,"[""619560""]","[""efx-quarterly-earnings-nongaap-eps-2025-10-21-1pt94""]","[{""market_id"": ""619560"", ""slug"": ""efx-quarterly-earnings-nongaap-eps-2025-10-21-1pt94"", ""ticker"": ""EFX"", ""anchor_date"": ""2025-10-21"", ""bucket"": ""correct"", ""status"": ""MATCHED_CORRECT"", ""polymarket_resolved_outcome"": ""YES"", ""expected_resolution"": ""YES"", ""label"": ""BEAT"", ""turnover_6m_window_start"": ""2025-04-21"", ""turnover_6m_window_end"": ""2025-10-21"", ""turnover_6m_sum_volume"": 134061287.0, ""turnover_6m_avg_daily_volume"": 1047353.8046875, ""volatility_6m"": 0.02324851843433896, ""analysts_covering_asof_anchor"": 26.0}]",2026-01-31T10:45:17Z,[]
EL,EL,Estee Lauder Companies Inc,41542328467.2,Consumer Staples,Personal Care Products,Personal Products,United States of America,US,United States of America,United States of America,Country of Headquarters,New York Consolidated,27.0,28.0,28.0,491600269.0,491600269.0,0.026706876717032087,0.026706876717032087,1,"[""647888""]","[""el-quarterly-earnings-nongaap-eps-10-30-2025-0pt17""]","[{""market_id"": ""647888"", ""slug"": ""el-quarterly-earnings-nongaap-eps-10-30-2025-0pt17"", ""ticker"": ""EL"", ""anchor_date"": ""2025-10-30"", ""bucket"": ""correct"", ""status"": ""MATCHED_CORRECT"", ""polymarket_resolved_outcome"": ""YES"", ""expected_resolution"": ""YES"", ""label"": ""BEAT"", ""turnover_6m_window_start"": ""2025-04-30"", ""turnover_6m_window_end"": ""2025-10-30"", ""turnover_6m_sum_volume"": 491600269.0, ""turnover_6m_avg_daily_volume"": 3840627.1015625, ""volatility_6m"": 0.026706876717032087, ""analysts_covering_asof_anchor"": 28.0}]",2026-01-31T10:45:17Z,[]
ETOR.N,ETOR,eToro Group Ltd,2460897247.2,Financials,Capital Markets,Investment Banking & Brokerage Services,Israel,IL,<NA>,United States of America,Country of Headquarters,New York Stock Exchange,13.0,15.0,15.0,1636384.0,1636384.0,0.03587952184700209,0.03587952184700209,1,"[""667905""]","[""etor-quarterly-earnings-gaap-eps-11-10-2025-0pt55""]","[{""market_id"": ""667905"", ""slug"": ""etor-quarterly-earnings-gaap-eps-11-10-2025-0pt55"", ""ticker"": ""ETOR"", ""anchor_date"": ""2025-11-10"", ""bucket"": ""incorrect"", ""status"": ""MATCHED_INCORRECT"", ""polymarket_resolved_outcome"": ""NO"", ""expected_resolution"": ""YES"", ""label"": ""BEAT"", ""turnover_6m_window_start"": ""2025-05-11"", ""turnover_6m_window_end"": ""2025-11-10"", ""turnover_6m_sum_volume"": 1636384.0, ""turnover_6m_avg_daily_volume"": 13091.072, ""volatility_6m"": 0.03587952184700209, ""analysts_covering_asof_anchor"": 15.0}]",2026-01-31T10:45:17Z,[]
ETSY.N,ETSY,ETSY Inc,5227470183.68,Consumer Discretionary,Broadline Retail,Department Stores,United States of America,US,United States of America,United States of America,Country of Headquarters,New York Stock Exchange,34.0,33.0,33.0,240745785.0,240745785.0,0.036734627607177356,0.036734627607177356,1,"[""647815""]","[""etsy-quarterly-earnings-gaap-eps-10-29-2025-0pt52""]","[{""market_id"": ""647815"", ""slug"": ""etsy-quarterly-earnings-gaap-eps-10-29-2025-0pt52"", ""ticker"": ""ETSY"", ""anchor_date"": ""2025-10-29"", ""bucket"": ""correct"", ""status"": ""MATCHED_CORRECT"", ""polymarket_resolved_outcome"": ""YES"", ""expected_resolution"": ""YES"", ""label"": ""BEAT"", ""turnover_6m_window_start"": ""2025-04-29"", ""turnover_6m_window_end"": ""2025-10-29"", ""turnover_6m_sum_volume"": 240745785.0, ""turnover_6m_avg_daily_volume"": 1880826.4453125, ""volatility_6m"": 0.036734627607177356, ""analysts_covering_asof_anchor"": 33.0}]",2026-01-31T10:45:17Z,[]
EVR,EVR,Evercore Inc,14491532828.75,Financials,Capital Markets,Investment Banking & Brokerage Services,United States of America,US,United States of America,United States of America,Country of Headquarters,New York Consolidated,12.0,10.0,10.0,66837326.0,66837326.0,0.0218498136292875,0.0218498136292875,1,"[""627698""]","[""evr-quarterly-earnings-nongaap-eps-10-29-2025-2pt93""]","[{""market_id"": ""627698"", ""slug"": ""evr-quarterly-earnings-nongaap-eps-10-29-2025-2pt93"", ""ticker"": ""EVR"", ""anchor_date"": ""2025-10-29"", ""bucket"": ""correct"", ""status"": ""MATCHED_CORRECT"", ""polymarket_resolved_outcome"": ""YES"", ""expected_resolution"": ""YES"", ""label"": ""BEAT"", ""turnover_6m_window_start"": ""2025-04-29"", ""turnover_6m_window_end"": ""2025-10-29"", ""turnover_6m_sum_volume"": 66837326.0, ""turnover_6m_avg_daily_volume"": 522166.609375, ""volatility_6m"": 0.0218498136292875, ""analysts_covering_asof_anchor"": 10.0}]",2026-01-31T10:45:17Z,[]
EWBC.N,EWBC,East West Bancorp Inc,15745296521.76,Financials,Banks,Banks,United States of America,US,<NA>,United States of America,Country of Headquarters,New York Stock Exchange,17.0,15.0,15.0,1717493.0,1717493.0,0.018938885045418952,0.018938885045418952,1,"[""627585""]","[""ewbc-quarterly-earnings-gaap-eps-10-21-2025-2pt34""]","[{""market_id"": ""627585"", ""slug"": ""ewbc-quarterly-earnings-gaap-eps-10-21-2025-2pt34"", ""ticker"": ""EWBC"", ""anchor_date"": ""2025-10-21"", ""bucket"": ""correct"", ""status"": ""MATCHED_CORRECT"", ""polymarket_resolved_outcome"": ""YES"", ""expected_resolution"": ""YES"", ""label"": ""BEAT"", ""turnover_6m_window_start"": ""2025-04-21"", ""turnover_6m_window_end"": ""2025-10-21"", ""turnover_6m_sum_volume"": 1717493.0, ""turnover_6m_avg_daily_volume"": 13417.9140625, ""volatility_6m"": 0.018938885045418952, ""analysts_covering_asof_anchor"": 15.0}]",2026-01-31T10:45:17Z,[]
EWCZ.N,EWCZ,European Wax Center Inc,213636061.53,Consumer Discretionary,Diversified Consumer Services,Personal Services,United States of America,US,<NA>,United States of America,Country of Headquarters,New York Stock Exchange,6.0,7.0,7.0,1597029.0,1597029.0,0.041275827964255836,0.041275827964255836,1,"[""656803""]","[""ewcz-quarterly-earnings-gaap-eps-11-12-2025-0pt04""]","[{""market_id"": ""656803"", ""slug"": ""ewcz-quarterly-earnings-gaap-eps-11-12-2025-0pt04"", ""ticker"": ""EWCZ"", ""anchor_date"": ""2025-11-12"", ""bucket"": ""correct"", ""status"": ""MATCHED_CORRECT"", ""polymarket_resolved_outcome"": ""YES"", ""expected_resolution"": ""YES"", ""label"": ""BEAT"", ""turnover_6m_window_start"": ""2025-05-13"", ""turnover_6m_window_end"": ""2025-11-12"", ""turnover_6m_sum_volume"": 1597029.0, ""turnover_6m_avg_daily_volume"": 12476.7890625, ""volatility_6m"": 0.041275827964255836, ""analysts_covering_asof_anchor"": 7.0}]",2026-01-31T10:45:17Z,[]
EXPE.N,EXPE,Expedia Group Inc,32451511272.6,Consumer Discretionary,"Hotels, Restaurants & Leisure",Leisure & Recreation,United States of America,US,<NA>,United States of America,Country of Headquarters,New York Stock Exchange,38.0,37.0,37.0,3577420.0,3577420.0,0.020837724022767786,0.020837724022767786,1,"[""657007""]","[""expe-quarterly-earnings-nongaap-eps-11-06-2025-7pt03""]","[{""market_id"": ""657007"", ""slug"": ""expe-quarterly-earnings-nongaap-eps-11-06-2025-7pt03"", ""ticker"": ""EXPE"", ""anchor_date"": ""2025-11-06"", ""bucket"": ""correct"", ""status"": ""MATCHED_CORRECT"", ""polymarket_resolved_outcome"": ""YES"", ""expected_resolution"": ""YES"", ""label"": ""BEAT"", ""turnover_6m_window_start"": ""2025-05-07"", ""turnover_6m_window_end"": ""2025-11-06"", ""turnover_6m_sum_volume"": 3577420.0, ""turnover_6m_avg_daily_volume"": 27948.59375, ""volatility_6m"": 0.020837724022767786, ""analysts_covering_asof_anchor"": 37.0}]",2026-01-31T10:45:17Z,[]
F,F,Ford Motor Co,55304840096.08,Consumer Discretionary,Automobiles,Auto & Truck Manufacturers,United States of America,US,United States of America,United States of America,Country of Headquarters,New York Consolidated,24.0,26.0,26.0,11398005590.0,11398005590.0,0.019037139974358398,0.019037139974358398,1,"[""637871""]","[""f-quarterly-earnings-nongaap-eps-10-24-2025-0pt35""]","[{""market_id"": ""637871"", ""slug"": ""f-quarterly-earnings-nongaap-eps-10-24-2025-0pt35"", ""ticker"": ""F"", ""anchor_date"": ""2025-10-24"", ""bucket"": ""correct"", ""status"": ""MATCHED_CORRECT"", ""polymarket_resolved_outcome"": ""YES"", ""expected_resolution"": ""YES"", ""label"": ""BEAT"", ""turnover_6m_window_start"": ""2025-04-24"", ""turnover_6m_window_end"": ""2025-10-24"", ""turnover_6m_sum_volume"": 11398005590.0, ""turnover_6m_avg_daily_volume"": 89046918.671875, ""volatility_6m"": 0.019037139974358398, ""analysts_covering_asof_anchor"": 26.0}]",2026-01-31T10:45:17Z,[]
FAST.N,FAST,Fastenal Co,49779772029.28,Industrials,Trading Companies & Distributors,Industrial Machinery & Equipment,United States of America,US,<NA>,United States of America,Country of Headquarters,New York Stock Exchange,20.0,20.0,20.0,12962676.0,12962676.0,0.014952110555714195,0.014952110555714195,1,"[""620048""]","[""fast-quarterly-earnings-gaap-eps-2025-10-13-0pt30""]","[{""market_id"": ""620048"", ""slug"": ""fast-quarterly-earnings-gaap-eps-2025-10-13-0pt30"", ""ticker"": ""FAST"", ""anchor_date"": ""2025-10-13"", ""bucket"": ""correct"", ""status"": ""MATCHED_CORRECT"", ""polymarket_resolved_outcome"": ""NO"", ""expected_resolution"": ""NO"", ""label"": ""MISS"", ""turnover_6m_window_start"": ""2025-04-13"", ""turnover_6m_window_end"": ""2025-10-13"", ""turnover_6m_sum_volume"": 12962676.0, ""turnover_6m_avg_daily_volume"": 102878.38095238095, ""volatility_6m"": 0.014952110555714195, ""analysts_covering_asof_anchor"": 20.0}]",2026-01-31T10:45:17Z,[]
FCN,FCN,FTI Consulting Inc,5393123146.9,Industrials,Professional Services,Business Support Services,United States of America,US,United States of America,United States of America,Country of Headquarters,New York Consolidated,3.0,3.0,3.0,49749047.0,49749047.0,0.012552932077022282,0.012552932077022282,1,"[""637874""]","[""fcn-quarterly-earnings-gaap-eps-10-23-2025-1pt87""]","[{""market_id"": ""637874"", ""slug"": ""fcn-quarterly-earnings-gaap-eps-10-23-2025-1pt87"", ""ticker"": ""FCN"", ""anchor_date"": ""2025-10-23"", ""bucket"": ""correct"", ""status"": ""MATCHED_CORRECT"", ""polymarket_resolved_outcome"": ""YES"", ""expected_resolution"": ""YES"", ""label"": ""BEAT"", ""turnover_6m_window_start"": ""2025-04-23"", ""turnover_6m_window_end"": ""2025-10-23"", ""turnover_6m_sum_volume"": 49749047.0, ""turnover_6m_avg_daily_volume"": 388664.4296875, ""volatility_6m"": 0.012552932077022282, ""analysts_covering_asof_anchor"": 3.0}]",2026-01-31T10:45:17Z,[]
FDS,FDS,Factset Research Systems Inc,9436567519.24,Financials,Capital Markets,Professional Information Services,United States of America,US,United States of America,United States of America,Country of Headquarters,New York Consolidated,19.0,20.0,20.0,67778959.0,67778959.0,0.019821981376782337,0.019821981376782337,2,"[""598105"", ""703171""]","[""will-fds-beat-earnings-estimate-2025-09-18-4pt15"", ""fds-quarterly-earnings-nongaap-eps-12-18-2025-4pt34""]","[{""market_id"": ""598105"", ""slug"": ""will-fds-beat-earnings-estimate-2025-09-18-4pt15"", ""ticker"": ""FDS"", ""anchor_date"": ""2025-09-18"", ""bucket"": ""correct"", ""status"": ""MATCHED_CORRECT"", ""polymarket_resolved_outcome"": ""NO"", ""expected_resolution"": ""NO"", ""label"": ""MISS"", ""turnover_6m_window_start"": ""2025-03-19"", ""turnover_6m_window_end"": ""2025-09-18"", ""turnover_6m_sum_volume"": 50202434.0, ""turnover_6m_avg_daily_volume"": 395294.7559055118, ""volatility_6m"": 0.019113377259569735, ""analysts_covering_asof_anchor"": 21.0}, {""market_id"": ""703171"", ""slug"": ""fds-quarterly-earnings-nongaap-eps-12-18-2025-4pt34"", ""ticker"": ""FDS"", ""anchor_date"": ""2025-12-18"", ""bucket"": ""correct"", ""status"": ""MATCHED_CORRECT"", ""polymarket_resolved_outcome"": ""YES"", ""expected_resolution"": ""YES"", ""label"": ""BEAT"", ""turnover_6m_window_start"": ""2025-06-18"", ""turnover_6m_window_end"": ""2025-12-18"", ""turnover_6m_sum_volume"": 85355484.0, ""turnover_6m_avg_daily_volume"": 666839.71875, ""volatility_6m"": 0.020530585493994943, ""analysts_covering_asof_anchor"": 19.0}]",2026-01-31T10:45:17Z,[]
FDX,FDX,FedEx Corp,75768327456.0,Industrials,Air Freight & Logistics,"Courier, Postal, Air Freight & Land-based Logistics",United States of America,US,United States of America,United States of America,Country of Headquarters,New York Consolidated,31.0,31.5,31.5,260375157.5,260375157.5,0.020477760253726343,0.020477760253726343,2,"[""598106"", ""703122""]","[""will-fdx-beat-earnings-estimate-2025-09-18-3pt62"", ""fdx-quarterly-earnings-nongaap-eps-12-18-2025-4pt03""]","[{""market_id"": ""598106"", ""slug"": ""will-fdx-beat-earnings-estimate-2025-09-18-3pt62"", ""ticker"": ""FDX"", ""anchor_date"": ""2025-09-18"", ""bucket"": ""correct"", ""status"": ""MATCHED_CORRECT"", ""polymarket_resolved_outcome"": ""YES"", ""expected_resolution"": ""YES"", ""label"": ""BEAT"", ""turnover_6m_window_start"": ""2025-03-19"", ""turnover_6m_window_end"": ""2025-09-18"", ""turnover_6m_sum_volume"": 269044188.0, ""turnover_6m_avg_daily_volume"": 2118458.1732283463, ""volatility_6m"": 0.024142215909486328, ""analysts_covering_asof_anchor"": 32.0}, {""market_id"": ""703122"", ""slug"": ""fdx-quarterly-earnings-nongaap-eps-12-18-2025-4pt03"", ""ticker"": ""FDX"", ""anchor_date"": ""2025-12-18"", ""bucket"": ""correct"", ""status"": ""MATCHED_CORRECT"", ""polymarket_resolved_outcome"": ""YES"", ""expected_resolution"": ""YES"", ""label"": ""BEAT"", ""turnover_6m_window_start"": ""2025-06-18"", ""turnover_6m_window_end"": ""2025-12-18"", ""turnover_6m_sum_volume"": 251706127.0, ""turnover_6m_avg_daily_volume"": 1966454.1171875, ""volatility_6m"": 0.01681330459796636, ""analysts_covering_asof_anchor"": 31.0}]",2026-01-31T10:45:17Z,[]
FEMY.N,FEMY,Femasys Inc,31298401.8048,Health Care,Health Care Equipment & Supplies,"Medical Equipment, Supplies & Distribution",United States of America,US,<NA>,United States of America,Country of Headquarters,New York Stock Exchange,3.0,3.0,3.0,1345894.0,1345894.0,0.10831348482348781,0.10831348482348781,1,"[""674911""]","[""femy-quarterly-earnings-gaap-eps-11-11-2025-neg0pt12""]","[{""market_id"": ""674911"", ""slug"": ""femy-quarterly-earnings-gaap-eps-11-11-2025-neg0pt12"", ""ticker"": ""FEMY"", ""anchor_date"": ""2025-11-11"", ""bucket"": ""correct"", ""status"": ""MATCHED_CORRECT"", ""polymarket_resolved_outcome"": ""YES"", ""expected_resolution"": ""YES"", ""label"": ""BEAT"", ""turnover_6m_window_start"": ""2025-05-12"", ""turnover_6m_window_end"": ""2025-11-11"", ""turnover_6m_sum_volume"": 1345894.0, ""turnover_6m_avg_daily_volume"": 13325.683168316831, ""volatility_6m"": 0.10831348482348781, ""analysts_covering_asof_anchor"": 3.0}]",2026-01-31T10:45:17Z,[]
FIG,FIG,Figma Inc,12845737330.56,Information Technology,Software,Software,United States of America,US,,United States of America,Country of Headquarters,New York Consolidated,12.0,11.0,11.0,827402226.0,827402226.0,0.0722014865739879,0.0722014865739879,1,"[""656808""]","[""fig-quarterly-earnings-gaap-eps-11-05-2025-neg2pt08""]","[{""market_id"": ""656808"", ""slug"": ""fig-quarterly-earnings-gaap-eps-11-05-2025-neg2pt08"", ""ticker"": ""FIG"", ""anchor_date"": ""2025-11-05"", ""bucket"": ""incorrect"", ""status"": ""MATCHED_INCORRECT"", ""polymarket_resolved_outcome"": ""NO"", ""expected_resolution"": ""YES"", ""label"": ""BEAT"", ""turnover_6m_window_start"": ""2025-05-06"", ""turnover_6m_window_end"": ""2025-11-05"", ""turnover_6m_sum_volume"": 827402226.0, ""turnover_6m_avg_daily_volume"": 11991336.608695652, ""volatility_6m"": 0.0722014865739879, ""analysts_covering_asof_anchor"": 11.0}]",2026-01-31T10:45:17Z,[]
FIS,FIS,Fidelity National Information Services Inc,28611254711.0,Financials,Financial Services,Financial Technology (Fintech),United States of America,US,United States of America,United States of America,Country of Headquarters,New York Consolidated,29.0,29.0,29.0,474412847.0,474412847.0,0.01643618717866609,0.01643618717866609,1,"[""655449""]","[""fis-quarterly-earnings-nongaap-eps-11-05-2025-1pt48""]","[{""market_id"": ""655449"", ""slug"": ""fis-quarterly-earnings-nongaap-eps-11-05-2025-1pt48"", ""ticker"": ""FIS"", ""anchor_date"": ""2025-11-05"", ""bucket"": ""correct"", ""status"": ""MATCHED_CORRECT"", ""polymarket_resolved_outcome"": ""YES"", ""expected_resolution"": ""YES"", ""label"": ""BEAT"", ""turnover_6m_window_start"": ""2025-05-06"", ""turnover_6m_window_end"": ""2025-11-05"", ""turnover_6m_sum_volume"": 474412847.0, ""turnover_6m_avg_daily_volume"": 3706350.3671875, ""volatility_6m"": 0.01643618717866609, ""analysts_covering_asof_anchor"": 29.0}]",2026-01-31T10:45:17Z,[]
FIVE.N,FIVE,Five Below Inc,10570303769.4,Consumer Discretionary,Specialty Retail,Department Stores,United States of America,US,<NA>,United States of America,Country of Headquarters,New York Stock Exchange,26.0,25.0,25.0,2680052.0,2680052.0,0.023360740129477423,0.023360740129477423,1,"[""700377""]","[""five-quarterly-earnings-nongaap-eps-12-03-2025-0pt24""]","[{""market_id"": ""700377"", ""slug"": ""five-quarterly-earnings-nongaap-eps-12-03-2025-0pt24"", ""ticker"": ""FIVE"", ""anchor_date"": ""2025-12-03"", ""bucket"": ""incorrect"", ""status"": ""MATCHED_INCORRECT"", ""polymarket_resolved_outcome"": ""YES"", ""expected_resolution"": ""NO"", ""label"": ""BEAT"", ""turnover_6m_window_start"": ""2025-06-03"", ""turnover_6m_window_end"": ""2025-12-03"", ""turnover_6m_sum_volume"": 2680052.0, ""turnover_6m_avg_daily_volume"": 20937.90625, ""volatility_6m"": 0.023360740129477423, ""analysts_covering_asof_anchor"": 25.0}]",2026-01-31T10:45:17Z,[]
FLUT.N,FLUT,Flutter Entertainment PLC,28938254499.9,Consumer Discretionary,"Hotels, Restaurants & Leisure",Casinos & Gaming,United States of America,US,United States of America,United States of America,Country of Headquarters,New York Stock Exchange,27.0,26.0,26.0,78925973.0,78925973.0,0.020991528149533104,0.020991528149533104,1,"[""668459""]","[""flut-quarterly-earnings-nongaap-eps-11-12-2025-0pt53""]","[{""market_id"": ""668459"", ""slug"": ""flut-quarterly-earnings-nongaap-eps-11-12-2025-0pt53"", ""ticker"": ""FLUT"", ""anchor_date"": ""2025-11-12"", ""bucket"": ""correct"", ""status"": ""MATCHED_CORRECT"", ""polymarket_resolved_outcome"": ""YES"", ""expected_resolution"": ""YES"", ""label"": ""BEAT"", ""turnover_6m_window_start"": ""2025-05-13"", ""turnover_6m_window_end"": ""2025-11-12"", ""turnover_6m_sum_volume"": 78925973.0, ""turnover_6m_avg_daily_volume"": 616609.1640625, ""volatility_6m"": 0.020991528149533104, ""analysts_covering_asof_anchor"": 26.0}]",2026-01-31T10:45:17Z,[]
FNF,FNF,Fidelity National Financial Inc,14758004363.97,Financials,Insurance,Property & Casualty Insurance,United States of America,US,United States of America,United States of America,Country of Headquarters,New York Consolidated,5.0,4.0,4.0,196926233.0,196926233.0,0.016578639373383688,0.016578639373383688,1,"[""657071""]","[""fnf-quarterly-earnings-nongaap-eps-11-06-2025-1pt42""]","[{""market_id"": ""657071"", ""slug"": ""fnf-quarterly-earnings-nongaap-eps-11-06-2025-1pt42"", ""ticker"": ""FNF"", ""anchor_date"": ""2025-11-06"", ""bucket"": ""correct"", ""status"": ""MATCHED_CORRECT"", ""polymarket_resolved_outcome"": ""YES"", ""expected_resolution"": ""YES"", ""label"": ""BEAT"", ""turnover_6m_window_start"": ""2025-05-07"", ""turnover_6m_window_end"": ""2025-11-06"", ""turnover_6m_sum_volume"": 196926233.0, ""turnover_6m_avg_daily_volume"": 1538486.1953125, ""volatility_6m"": 0.016578639373383688, ""analysts_covering_asof_anchor"": 4.0}]",2026-01-31T10:45:17Z,[]
FOXA.N,FOXA,Fox Corp,30611612044.13,Communication Services,Media,Broadcasting,United States of America,US,United States of America,United States of America,Country of Headquarters,New York Stock Exchange,21.0,22.0,22.0,8939788.0,8939788.0,0.018369588614611087,0.018369588614611087,1,"[""648377""]","[""foxa-quarterly-earnings-nongaap-eps-10-30-2025-1pt1""]","[{""market_id"": ""648377"", ""slug"": ""foxa-quarterly-earnings-nongaap-eps-10-30-2025-1pt1"", ""ticker"": ""FOXA"", ""anchor_date"": ""2025-10-30"", ""bucket"": ""correct"", ""status"": ""MATCHED_CORRECT"", ""polymarket_resolved_outcome"": ""YES"", ""expected_resolution"": ""YES"", ""label"": ""BEAT"", ""turnover_6m_window_start"": ""2025-04-30"", ""turnover_6m_window_end"": ""2025-10-30"", ""turnover_6m_sum_volume"": 8939788.0, ""turnover_6m_avg_daily_volume"": 69842.09375, ""volatility_6m"": 0.018369588614611087, ""analysts_covering_asof_anchor"": 22.0}]",2026-01-31T10:45:17Z,[]
FRGE.N,FRGE,Forge Global Holdings Inc,614918053.2,Financials,Capital Markets,Financial Technology (Fintech),United States of America,US,United States of America,United States of America,Country of Headquarters,New York Stock Exchange,4.0,6.0,6.0,4205721.0,4205721.0,0.050214802179242624,0.050214802179242624,1,"[""653003""]","[""frge-quarterly-earnings-gaap-eps-11-05-2025-neg1pt09""]","[{""market_id"": ""653003"", ""slug"": ""frge-quarterly-earnings-gaap-eps-11-05-2025-neg1pt09"", ""ticker"": ""FRGE"", ""anchor_date"": ""2025-11-05"", ""bucket"": ""correct"", ""status"": ""MATCHED_CORRECT"", ""polymarket_resolved_outcome"": ""NO"", ""expected_resolution"": ""NO"", ""label"": ""MISS"", ""turnover_6m_window_start"": ""2025-05-06"", ""turnover_6m_window_end"": ""2025-11-05"", ""turnover_6m_sum_volume"": 4205721.0, ""turnover_6m_avg_daily_volume"": 32857.1953125, ""volatility_6m"": 0.050214802179242624, ""analysts_covering_asof_anchor"": 6.0}]",2026-01-31T10:45:17Z,[]
FRO,FRO,Frontline Plc,6362562167.62,Energy,"Oil, Gas & Consumable Fuels",Oil & Gas Transportation Services,Cyprus,CY,Cyprus,United States of America,Country of Headquarters,New York Consolidated,8.0,9.0,9.0,341782376.0,341782376.0,0.025256056708099,0.025256056708099,1,"[""674921""]","[""fro-quarterly-earnings-nongaap-eps-11-28-2025-0pt23""]","[{""market_id"": ""674921"", ""slug"": ""fro-quarterly-earnings-nongaap-eps-11-28-2025-0pt23"", ""ticker"": ""FRO"", ""anchor_date"": ""2025-11-28"", ""bucket"": ""correct"", ""status"": ""MATCHED_CORRECT"", ""polymarket_resolved_outcome"": ""NO"", ""expected_resolution"": ""NO"", ""label"": ""MISS"", ""turnover_6m_window_start"": ""2025-05-29"", ""turnover_6m_window_end"": ""2025-11-28"", ""turnover_6m_sum_volume"": 341782376.0, ""turnover_6m_avg_daily_volume"": 2670174.8125, ""volatility_6m"": 0.025256056708099, ""analysts_covering_asof_anchor"": 9.0}]",2026-01-31T10:45:17Z,[]
FSK,FSK,FS KKR Capital Corp,3862116111.07,Financials,Capital Markets,Closed End Funds,United States of America,US,United States of America,United States of America,Country of Headquarters,New York Consolidated,11.0,11.0,11.0,256975610.0,256975610.0,0.015648699783568597,0.015648699783568597,1,"[""652823""]","[""fsk-quarterly-earnings-gaap-eps-11-05-2025-0pt58""]","[{""market_id"": ""652823"", ""slug"": ""fsk-quarterly-earnings-gaap-eps-11-05-2025-0pt58"", ""ticker"": ""FSK"", ""anchor_date"": ""2025-11-05"", ""bucket"": ""incorrect"", ""status"": ""MATCHED_INCORRECT"", ""polymarket_resolved_outcome"": ""YES"", ""expected_resolution"": ""NO"", ""label"": ""MISS"", ""turnover_6m_window_start"": ""2025-05-06"", ""turnover_6m_window_end"": ""2025-11-05"", ""turnover_6m_sum_volume"": 256975610.0, ""turnover_6m_avg_daily_volume"": 2007621.953125, ""volatility_6m"": 0.015648699783568597, ""analysts_covering_asof_anchor"": 11.0}]",2026-01-31T10:45:17Z,[]
FTDR.N,FTDR,Frontdoor Inc,4262611192.89,Consumer Discretionary,Diversified Consumer Services,Personal Services,United States of America,US,United States of America,United States of America,Country of Headquarters,New York Stock Exchange,6.0,6.0,6.0,1041853.0,1041853.0,0.022198220252131362,0.022198220252131362,1,"[""652657""]","[""ftdr-quarterly-earnings-nongaap-eps-11-05-2025-1pt51""]","[{""market_id"": ""652657"", ""slug"": ""ftdr-quarterly-earnings-nongaap-eps-11-05-2025-1pt51"", ""ticker"": ""FTDR"", ""anchor_date"": ""2025-11-05"", ""bucket"": ""correct"", ""status"": ""MATCHED_CORRECT"", ""polymarket_resolved_outcome"": ""YES"", ""expected_resolution"": ""YES"", ""label"": ""BEAT"", ""turnover_6m_window_start"": ""2025-05-06"", ""turnover_6m_window_end"": ""2025-11-05"", ""turnover_6m_sum_volume"": 1041853.0, ""turnover_6m_avg_daily_volume"": 8139.4765625, ""volatility_6m"": 0.022198220252131362, ""analysts_covering_asof_anchor"": 6.0}]",2026-01-31T10:45:17Z,[]
GAMB.N,GAMB,Gambling.com Group Ltd,167746093.92,Communication Services,Media,Advertising & Marketing,Jersey,JE,Jersey,United States of America,Country of Headquarters,New York Stock Exchange,8.0,7.0,7.0,1569961.0,1569961.0,0.03723892062913373,0.03723892062913373,1,"[""668512""]","[""gamb-quarterly-earnings-nongaap-eps-11-13-2025-0pt16""]","[{""market_id"": ""668512"", ""slug"": ""gamb-quarterly-earnings-nongaap-eps-11-13-2025-0pt16"", ""ticker"": ""GAMB"", ""anchor_date"": ""2025-11-13"", ""bucket"": ""incorrect"", ""status"": ""MATCHED_INCORRECT"", ""polymarket_resolved_outcome"": ""YES"", ""expected_resolution"": ""NO"", ""label"": ""MISS"", ""turnover_6m_window_start"": ""2025-05-14"", ""turnover_6m_window_end"": ""2025-11-13"", ""turnover_6m_sum_volume"": 1569961.0, ""turnover_6m_avg_daily_volume"": 12265.3203125, ""volatility_6m"": 0.03723892062913373, ""analysts_covering_asof_anchor"": 7.0}]",2026-01-31T10:45:17Z,[]
GAP,GAP,Gap Inc,10406370285.2,Consumer Discretionary,Specialty Retail,Apparel & Accessories Retailers,United States of America,US,United States of America,United States of America,Country of Headquarters,New York Consolidated,21.0,20.0,20.0,1274922200.0,1274922200.0,0.03053712506332888,0.03053712506332888,1,"[""675520""]","[""gap-quarterly-earnings-gaap-eps-11-20-2025-0pt58""]","[{""market_id"": ""675520"", ""slug"": ""gap-quarterly-earnings-gaap-eps-11-20-2025-0pt58"", ""ticker"": ""GAP"", ""anchor_date"": ""2025-11-20"", ""bucket"": ""correct"", ""status"": ""MATCHED_CORRECT"", ""polymarket_resolved_outcome"": ""YES"", ""expected_resolution"": ""YES"", ""label"": ""BEAT"", ""turnover_6m_window_start"": ""2025-05-21"", ""turnover_6m_window_end"": ""2025-11-20"", ""turnover_6m_sum_volume"": 1274922200.0, ""turnover_6m_avg_daily_volume"": 9960329.6875, ""volatility_6m"": 0.03053712506332888, ""analysts_covering_asof_anchor"": 20.0}]",2026-01-31T10:45:17Z,[]
GBCI.N,GBCI,Glacier Bancorp Inc,6586966364.16,Financials,Banks,Banks,United States of America,US,United States of America,United States of America,Country of Headquarters,New York Stock Exchange,6.0,6.0,6.0,36709205.0,36709205.0,0.019942171876391083,0.019942171876391083,1,"[""620069""]","[""gbci-quarterly-earnings-gaap-eps-2025-10-16-0pt61""]","[{""market_id"": ""620069"", ""slug"": ""gbci-quarterly-earnings-gaap-eps-2025-10-16-0pt61"", ""ticker"": ""GBCI"", ""anchor_date"": ""2025-10-16"", ""bucket"": ""correct"", ""status"": ""MATCHED_CORRECT"", ""polymarket_resolved_outcome"": ""NO"", ""expected_resolution"": ""NO"", ""label"": ""MISS"", ""turnover_6m_window_start"": ""2025-04-16"", ""turnover_6m_window_end"": ""2025-10-16"", ""turnover_6m_sum_volume"": 36709205.0, ""turnover_6m_avg_daily_volume"": 289048.85826771654, ""volatility_6m"": 0.019942171876391083, ""analysts_covering_asof_anchor"": 6.0}]",2026-01-31T10:45:17Z,[]
GD,GD,General Dynamics Corp,94931140487.31,Industrials,Aerospace & Defense,Aerospace & Defense,United States of America,US,United States of America,United States of America,Country of Headquarters,New York Consolidated,25.0,23.0,23.0,141453910.0,141453910.0,0.010489187055577574,0.010489187055577574,1,"[""642132""]","[""gd-quarterly-earnings-gaap-eps-10-24-2025-3pt71""]","[{""market_id"": ""642132"", ""slug"": ""gd-quarterly-earnings-gaap-eps-10-24-2025-3pt71"", ""ticker"": ""GD"", ""anchor_date"": ""2025-10-24"", ""bucket"": ""correct"", ""status"": ""MATCHED_CORRECT"", ""polymarket_resolved_outcome"": ""YES"", ""expected_resolution"": ""YES"", ""label"": ""BEAT"", ""turnover_6m_window_start"": ""2025-04-24"", ""turnover_6m_window_end"": ""2025-10-24"", ""turnover_6m_sum_volume"": 141453910.0, ""turnover_6m_avg_daily_volume"": 1105108.671875, ""volatility_6m"": 0.010489187055577574, ""analysts_covering_asof_anchor"": 23.0}]",2026-01-31T10:45:17Z,[]
GETY.N,GETY,Getty Images Holdings Inc,544776837.11,Communication Services,Interactive Media & Services,Online Services,United States of America,US,United States of America,United States of America,Country of Headquarters,New York Stock Exchange,3.0,3.0,3.0,38861297.0,38861297.0,0.041519673666934036,0.041519673666934036,1,"[""667914""]","[""gety-quarterly-earnings-gaap-eps-11-10-2025-0pt04""]","[{""market_id"": ""667914"", ""slug"": ""gety-quarterly-earnings-gaap-eps-11-10-2025-0pt04"", ""ticker"": ""GETY"", ""anchor_date"": ""2025-11-10"", ""bucket"": ""correct"", ""status"": ""MATCHED_CORRECT"", ""polymarket_resolved_outcome"": ""YES"", ""expected_resolution"": ""YES"", ""label"": ""BEAT"", ""turnover_6m_window_start"": ""2025-05-11"", ""turnover_6m_window_end"": ""2025-11-10"", ""turnover_6m_sum_volume"": 38861297.0, ""turnover_6m_avg_daily_volume"": 305994.46456692915, ""volatility_6m"": 0.041519673666934036, ""analysts_covering_asof_anchor"": 3.0}]",2026-01-31T10:45:17Z,[]
GIS,GIS,General Mills Inc,24683507067.06,Consumer Staples,Food Products,Food Processing,United States of America,US,United States of America,United States of America,Country of Headquarters,New York Consolidated,21.0,22.0,22.0,769829411.0,769829411.0,0.013512961468148774,0.013512961468148774,2,"[""598104"", ""703111""]","[""will-gis-beat-earnings-estimate-2025-09-17-0pt82"", ""gis-quarterly-earnings-nongaap-eps-12-17-2025-1pt02""]","[{""market_id"": ""598104"", ""slug"": ""will-gis-beat-earnings-estimate-2025-09-17-0pt82"", ""ticker"": ""GIS"", ""anchor_date"": ""2025-09-17"", ""bucket"": ""correct"", ""status"": ""MATCHED_CORRECT"", ""polymarket_resolved_outcome"": ""YES"", ""expected_resolution"": ""YES"", ""label"": ""BEAT"", ""turnover_6m_window_start"": ""2025-03-18"", ""turnover_6m_window_end"": ""2025-09-17"", ""turnover_6m_sum_volume"": 746633822.0, ""turnover_6m_avg_daily_volume"": 5879006.472440945, ""volatility_6m"": 0.013515929319250547, ""analysts_covering_asof_anchor"": 22.0}, {""market_id"": ""703111"", ""slug"": ""gis-quarterly-earnings-nongaap-eps-12-17-2025-1pt02"", ""ticker"": ""GIS"", ""anchor_date"": ""2025-12-17"", ""bucket"": ""correct"", ""status"": ""MATCHED_CORRECT"", ""polymarket_resolved_outcome"": ""YES"", ""expected_resolution"": ""YES"", ""label"": ""BEAT"", ""turnover_6m_window_start"": ""2025-06-17"", ""turnover_6m_window_end"": ""2025-12-17"", ""turnover_6m_sum_volume"": 793025000.0, ""turnover_6m_avg_daily_volume"": 6195507.8125, ""volatility_6m"": 0.013509993617046998, ""analysts_covering_asof_anchor"": 22.0}]",2026-01-31T10:45:17Z,[]
GM,GM,General Motors Co,75933299652.0,Consumer Discretionary,Automobiles,Auto & Truck Manufacturers,United States of America,US,United States of America,United States of America,Country of Headquarters,New York Consolidated,30.0,32.0,32.0,1181239793.0,1181239793.0,0.022039228633065188,0.022039228633065188,1,"[""627587""]","[""gm-quarterly-earnings-nongaap-eps-10-21-2025-2pt31""]","[{""market_id"": ""627587"", ""slug"": ""gm-quarterly-earnings-nongaap-eps-10-21-2025-2pt31"", ""ticker"": ""GM"", ""anchor_date"": ""2025-10-21"", ""bucket"": ""correct"", ""status"": ""MATCHED_CORRECT"", ""polymarket_resolved_outcome"": ""YES"", ""expected_resolution"": ""YES"", ""label"": ""BEAT"", ""turnover_6m_window_start"": ""2025-04-21"", ""turnover_6m_window_end"": ""2025-10-21"", ""turnover_6m_sum_volume"": 1181239793.0, ""turnover_6m_avg_daily_volume"": 9228435.8828125, ""volatility_6m"": 0.022039228633065188, ""analysts_covering_asof_anchor"": 32.0}]",2026-01-31T10:45:17Z,[]
GME,GME,GameStop Corp,10698466382.4,Consumer Discretionary,Specialty Retail,Computer & Electronics Retailers,United States of America,US,United States of America,United States of America,Country of Headquarters,New York Consolidated,1.0,1.0,1.0,1309970016.0,1309970016.0,0.03044678642766814,0.03044678642766814,1,"[""701993""]","[""gme-quarterly-earnings-nongaap-eps-12-09-2025-0pt2""]","[{""market_id"": ""701993"", ""slug"": ""gme-quarterly-earnings-nongaap-eps-12-09-2025-0pt2"", ""ticker"": ""GME"", ""anchor_date"": ""2025-12-09"", ""bucket"": ""correct"", ""status"": ""MATCHED_CORRECT"", ""polymarket_resolved_outcome"": ""YES"", ""expected_resolution"": ""YES"", ""label"": ""BEAT"", ""turnover_6m_window_start"": ""2025-06-09"", ""turnover_6m_window_end"": ""2025-12-09"", ""turnover_6m_sum_volume"": 1309970016.0, ""turnover_6m_avg_daily_volume"": 10234140.75, ""volatility_6m"": 0.03044678642766814, ""analysts_covering_asof_anchor"": 1.0}]",2026-01-31T10:45:17Z,[]
GOOGL.N,GOOGL,Alphabet Inc,4081511710000.0,Communication Services,Interactive Media & Services,Online Services,United States of America,US,United States of America,United States of America,Country of Headquarters,New York Stock Exchange,65.0,68.0,68.0,66309961.0,66309961.0,0.017862126136794772,0.017862126136794772,1,"[""642130""]","[""googl-quarterly-earnings-gaap-eps-10-29-2025-2pt29""]","[{""market_id"": ""642130"", ""slug"": ""googl-quarterly-earnings-gaap-eps-10-29-2025-2pt29"", ""ticker"": ""GOOGL"", ""anchor_date"": ""2025-10-29"", ""bucket"": ""correct"", ""status"": ""MATCHED_CORRECT"", ""polymarket_resolved_outcome"": ""YES"", ""expected_resolution"": ""YES"", ""label"": ""BEAT"", ""turnover_6m_window_start"": ""2025-04-29"", ""turnover_6m_window_end"": ""2025-10-29"", ""turnover_6m_sum_volume"": 66309961.0, ""turnover_6m_avg_daily_volume"": 518046.5703125, ""volatility_6m"": 0.017862126136794772, ""analysts_covering_asof_anchor"": 68.0}]",2026-01-31T10:45:17Z,[]
GPRO.N,GPRO,GoPro Inc,185284799.0,Consumer Discretionary,Household Durables,Household Electronics,United States of America,US,United States of America,United States of America,Country of Headquarters,New York Stock Exchange,2.0,2.0,2.0,18179317.0,18179317.0,0.07293042754701025,0.07293042754701025,1,"[""658499""]","[""gpro-quarterly-earnings-nongaap-eps-11-06-2025-neg0pt04""]","[{""market_id"": ""658499"", ""slug"": ""gpro-quarterly-earnings-nongaap-eps-11-06-2025-neg0pt04"", ""ticker"": ""GPRO"", ""anchor_date"": ""2025-11-06"", ""bucket"": ""correct"", ""status"": ""MATCHED_CORRECT"", ""polymarket_resolved_outcome"": ""NO"", ""expected_resolution"": ""NO"", ""label"": ""MISS"", ""turnover_6m_window_start"": ""2025-05-07"", ""turnover_6m_window_end"": ""2025-11-06"", ""turnover_6m_sum_volume"": 18179317.0, ""turnover_6m_avg_daily_volume"": 142025.9140625, ""volatility_6m"": 0.07293042754701025, ""analysts_covering_asof_anchor"": 2.0}]",2026-01-31T10:45:17Z,[]
GRAB.N,GRAB,Grab Holdings Ltd,17574100000.0,Industrials,Ground Transportation,Software,Singapore,SG,Singapore,United States of America,Country of Headquarters,New York Stock Exchange,23.0,23.0,23.0,120751027.0,120751027.0,0.024458633487980844,0.024458633487980844,1,"[""652566""]","[""grab-quarterly-earnings-gaap-eps-11-03-2025-0pt01""]","[{""market_id"": ""652566"", ""slug"": ""grab-quarterly-earnings-gaap-eps-11-03-2025-0pt01"", ""ticker"": ""GRAB"", ""anchor_date"": ""2025-11-03"", ""bucket"": ""correct"", ""status"": ""MATCHED_CORRECT"", ""polymarket_resolved_outcome"": ""NO"", ""expected_resolution"": ""NO"", ""label"": ""TIE"", ""turnover_6m_window_start"": ""2025-05-04"", ""turnover_6m_window_end"": ""2025-11-03"", ""turnover_6m_sum_volume"": 120751027.0, ""turnover_6m_avg_daily_volume"": 950795.4881889764, ""volatility_6m"": 0.024458633487980844, ""analysts_covering_asof_anchor"": 23.0}]",2026-01-31T10:45:17Z,[]
GRMN.N,GRMN,Garmin Ltd,38782390281.84,Consumer Discretionary,Household Durables,Communications & Networking,Switzerland,CH,Switzerland,United States of America,Country of Headquarters,New York Stock Exchange,9.0,8.0,8.0,35336885.0,35336885.0,0.01994759890402752,0.01994759890402752,1,"[""647816""]","[""grmn-quarterly-earnings-nongaap-eps-10-29-2025-1pt98""]","[{""market_id"": ""647816"", ""slug"": ""grmn-quarterly-earnings-nongaap-eps-10-29-2025-1pt98"", ""ticker"": ""GRMN"", ""anchor_date"": ""2025-10-29"", ""bucket"": ""correct"", ""status"": ""MATCHED_CORRECT"", ""polymarket_resolved_outcome"": ""YES"", ""expected_resolution"": ""YES"", ""label"": ""BEAT"", ""turnover_6m_window_start"": ""2025-04-29"", ""turnover_6m_window_end"": ""2025-10-29"", ""turnover_6m_sum_volume"": 35336885.0, ""turnover_6m_avg_daily_volume"": 276069.4140625, ""volatility_6m"": 0.01994759890402752, ""analysts_covering_asof_anchor"": 8.0}]",2026-01-31T10:45:17Z,[]
GS,GS,Goldman Sachs Group Inc,280556128474.51,Financials,Capital Markets,Investment Banking & Brokerage Services,United States of America,US,United States of America,United States of America,Country of Headquarters,New York Consolidated,27.0,27.5,27.5,258378437.5,258378437.5,0.014784941539404635,0.014784941539404635,2,"[""613056"", ""1099181""]","[""gs-quarterly-earnings-gaap-eps-2025-10-14-10pt47"", ""gs-quarterly-earnings-gaap-eps-01-15-2026-11pt49""]","[{""market_id"": ""613056"", ""slug"": ""gs-quarterly-earnings-gaap-eps-2025-10-14-10pt47"", ""ticker"": ""GS"", ""anchor_date"": ""2025-10-14"", ""bucket"": ""correct"", ""status"": ""MATCHED_CORRECT"", ""polymarket_resolved_outcome"": ""YES"", ""expected_resolution"": ""YES"", ""label"": ""BEAT"", ""turnover_6m_window_start"": ""2025-04-14"", ""turnover_6m_window_end"": ""2025-10-14"", ""turnover_6m_sum_volume"": 262651080.0, ""turnover_6m_avg_daily_volume"": 2068118.7401574804, ""volatility_6m"": 0.01426202624623179, ""analysts_covering_asof_anchor"": 28.0}, {""market_id"": ""1099181"", ""slug"": ""gs-quarterly-earnings-gaap-eps-01-15-2026-11pt49"", ""ticker"": ""GS"", ""anchor_date"": ""2026-01-15"", ""bucket"": ""correct"", ""status"": ""MATCHED_CORRECT"", ""polymarket_resolved_outcome"": ""YES"", ""expected_resolution"": ""YES"", ""label"": ""BEAT"", ""turnover_6m_window_start"": ""2025-07-16"", ""turnover_6m_window_end"": ""2026-01-15"", ""turnover_6m_sum_volume"": 254105795.0, ""turnover_6m_avg_daily_volume"": 1985201.5234375, ""volatility_6m"": 0.015307856832577479, ""analysts_covering_asof_anchor"": 27.0}]",2026-01-31T10:45:17Z,[]
GT.N,GT,Goodyear Tire & Rubber Co,2692774153.69,Consumer Discretionary,Automobile Components,Tires & Rubber Products,United States of America,US,United States of America,United States of America,Country of Headquarters,New York Stock Exchange,14.0,14.0,14.0,18918678.0,18918678.0,0.028960129903100255,0.028960129903100255,1,"[""658859""]","[""gt-quarterly-earnings-nongaap-eps-11-03-2025-0pt16""]","[{""market_id"": ""658859"", ""slug"": ""gt-quarterly-earnings-nongaap-eps-11-03-2025-0pt16"", ""ticker"": ""GT"", ""anchor_date"": ""2025-11-03"", ""bucket"": ""correct"", ""status"": ""MATCHED_CORRECT"", ""polymarket_resolved_outcome"": ""YES"", ""expected_resolution"": ""YES"", ""label"": ""BEAT"", ""turnover_6m_window_start"": ""2025-05-04"", ""turnover_6m_window_end"": ""2025-11-03"", ""turnover_6m_sum_volume"": 18918678.0, ""turnover_6m_avg_daily_volume"": 148965.968503937, ""volatility_6m"": 0.028960129903100255, ""analysts_covering_asof_anchor"": 14.0}]",2026-01-31T10:45:17Z,[]
GTM.N,GTM,Zoominfo Technologies Inc,2508319898.7,Communication Services,Interactive Media & Services,IT Services & Consulting,United States of America,US,United States of America,United States of America,Country of Headquarters,New York Stock Exchange,21.0,21.0,21.0,11467536.0,11467536.0,0.029174280162982784,0.029174280162982784,1,"[""642129""]","[""gtm-quarterly-earnings-nongaap-eps-11-03-2025-0pt26""]","[{""market_id"": ""642129"", ""slug"": ""gtm-quarterly-earnings-nongaap-eps-11-03-2025-0pt26"", ""ticker"": ""GTM"", ""anchor_date"": ""2025-11-03"", ""bucket"": ""correct"", ""status"": ""MATCHED_CORRECT"", ""polymarket_resolved_outcome"": ""YES"", ""expected_resolution"": ""YES"", ""label"": ""BEAT"", ""turnover_6m_window_start"": ""2025-05-04"", ""turnover_6m_window_end"": ""2025-11-03"", ""turnover_6m_sum_volume"": 11467536.0, ""turnover_6m_avg_daily_volume"": 90295.55905511811, ""volatility_6m"": 0.029174280162982784, ""analysts_covering_asof_anchor"": 21.0}]",2026-01-31T10:45:17Z,[]
H,H,Hyatt Hotels Corp,14849319588.18,Consumer Discretionary,"Hotels, Restaurants & Leisure","Hotels, Motels & Cruise Lines",United States of America,US,United States of America,United States of America,Country of Headquarters,New York Consolidated,24.0,22.0,22.0,125184071.0,125184071.0,0.017819453275483888,0.017819453275483888,1,"[""657072""]","[""h-quarterly-earnings-nongaap-eps-11-06-2025-0pt49""]","[{""market_id"": ""657072"", ""slug"": ""h-quarterly-earnings-nongaap-eps-11-06-2025-0pt49"", ""ticker"": ""H"", ""anchor_date"": ""2025-11-06"", ""bucket"": ""correct"", ""status"": ""MATCHED_CORRECT"", ""polymarket_resolved_outcome"": ""NO"", ""expected_resolution"": ""NO"", ""label"": ""MISS"", ""turnover_6m_window_start"": ""2025-05-07"", ""turnover_6m_window_end"": ""2025-11-06"", ""turnover_6m_sum_volume"": 125184071.0, ""turnover_6m_avg_daily_volume"": 978000.5546875, ""volatility_6m"": 0.017819453275483888, ""analysts_covering_asof_anchor"": 22.0}]",2026-01-31T10:45:17Z,[]
HAL,HAL,Halliburton Co,28211323967.2,Energy,Energy Equipment & Services,Oil Related Services and Equipment,United States of America,US,United States of America,United States of America,Country of Headquarters,New York Consolidated,28.0,26.5,26.5,1737974572.5,1737974572.5,0.024763564983834217,0.024763564983834217,2,"[""1126184"", ""627639""]","[""hal-quarterly-earnings-nongaap-eps-01-21-2026-0pt54"", ""hal-quarterly-earnings-gaap-eps-10-21-2025-0pt49""]","[{""market_id"": ""1126184"", ""slug"": ""hal-quarterly-earnings-nongaap-eps-01-21-2026-0pt54"", ""ticker"": ""HAL"", ""anchor_date"": ""2026-01-21"", ""bucket"": ""correct"", ""status"": ""MATCHED_CORRECT"", ""polymarket_resolved_outcome"": ""YES"", ""expected_resolution"": ""YES"", ""label"": ""BEAT"", ""turnover_6m_window_start"": ""2025-07-22"", ""turnover_6m_window_end"": ""2026-01-21"", ""turnover_6m_sum_volume"": 1625896717.0, ""turnover_6m_avg_daily_volume"": 12802336.35433071, ""volatility_6m"": 0.02389056740720927, ""analysts_covering_asof_anchor"": 27.0}, {""market_id"": ""627639"", ""slug"": ""hal-quarterly-earnings-gaap-eps-10-21-2025-0pt49"", ""ticker"": ""HAL"", ""anchor_date"": ""2025-10-21"", ""bucket"": ""incorrect"", ""status"": ""MATCHED_INCORRECT"", ""polymarket_resolved_outcome"": ""NO"", ""expected_resolution"": ""YES"", ""label"": ""BEAT"", ""turnover_6m_window_start"": ""2025-04-21"", ""turnover_6m_window_end"": ""2025-10-21"", ""turnover_6m_sum_volume"": 1850052428.0, ""turnover_6m_avg_daily_volume"": 14453534.59375, ""volatility_6m"": 0.02563656256045916, ""analysts_covering_asof_anchor"": 26.0}]",2026-01-31T10:45:17Z,[]
HAS.N,HAS,Hasbro Inc,12533499524.13,Consumer Discretionary,Leisure Products,Toys & Children's Products,United States of America,US,United States of America,United States of America,Country of Headquarters,New York Stock Exchange,15.0,14.0,14.0,3317088.0,3317088.0,0.019771271111021994,0.019771271111021994,1,"[""637876""]","[""has-quarterly-earnings-nongaap-eps-10-23-2025-1pt63""]","[{""market_id"": ""637876"", ""slug"": ""has-quarterly-earnings-nongaap-eps-10-23-2025-1pt63"", ""ticker"": ""HAS"", ""anchor_date"": ""2025-10-23"", ""bucket"": ""correct"", ""status"": ""MATCHED_CORRECT"", ""polymarket_resolved_outcome"": ""YES"", ""expected_resolution"": ""YES"", ""label"": ""BEAT"", ""turnover_6m_window_start"": ""2025-04-23"", ""turnover_6m_window_end"": ""2025-10-23"", ""turnover_6m_sum_volume"": 3317088.0, ""turnover_6m_avg_daily_volume"": 25914.75, ""volatility_6m"": 0.019771271111021994, ""analysts_covering_asof_anchor"": 14.0}]",2026-01-31T10:45:17Z,[]
HD,HD,Home Depot Inc,372908647166.15,Consumer Discretionary,Specialty Retail,Home Improvement Products & Services Retailers,United States of America,US,United States of America,United States of America,Country of Headquarters,New York Consolidated,38.0,37.0,37.0,452100876.0,452100876.0,0.012901580710287597,0.012901580710287597,1,"[""674912""]","[""hd-quarterly-earnings-nongaap-eps-11-18-2025-3pt85""]","[{""market_id"": ""674912"", ""slug"": ""hd-quarterly-earnings-nongaap-eps-11-18-2025-3pt85"", ""ticker"": ""HD"", ""anchor_date"": ""2025-11-18"", ""bucket"": ""correct"", ""status"": ""MATCHED_CORRECT"", ""polymarket_resolved_outcome"": ""NO"", ""expected_resolution"": ""NO"", ""label"": ""MISS"", ""turnover_6m_window_start"": ""2025-05-19"", ""turnover_6m_window_end"": ""2025-11-18"", ""turnover_6m_sum_volume"": 452100876.0, ""turnover_6m_avg_daily_volume"": 3532038.09375, ""volatility_6m"": 0.012901580710287597, ""analysts_covering_asof_anchor"": 37.0}]",2026-01-31T10:45:17Z,[]
HELE.N,HELE,Helen of Troy Ltd,382074025.68,Consumer Discretionary,Household Durables,"Appliances, Tools & Housewares",Bermuda,BM,United States of America,United States of America,Country of Headquarters,New York Stock Exchange,5.0,5.0,5.0,1434369.0,1434369.0,0.05551365796907039,0.05551365796907039,1,"[""620021""]","[""hele-quarterly-earnings-nongaap-eps-2025-10-09-0pt52""]","[{""market_id"": ""620021"", ""slug"": ""hele-quarterly-earnings-nongaap-eps-2025-10-09-0pt52"", ""ticker"": ""HELE"", ""anchor_date"": ""2025-10-09"", ""bucket"": ""correct"", ""status"": ""MATCHED_CORRECT"", ""polymarket_resolved_outcome"": ""YES"", ""expected_resolution"": ""YES"", ""label"": ""BEAT"", ""turnover_6m_window_start"": ""2025-04-09"", ""turnover_6m_window_end"": ""2025-10-09"", ""turnover_6m_sum_volume"": 1434369.0, ""turnover_6m_avg_daily_volume"": 11294.24409448819, ""volatility_6m"": 0.05551365796907039, ""analysts_covering_asof_anchor"": 5.0}]",2026-01-31T10:45:17Z,[]
HESM.N,HESM,Hess Midstream LP,7366256156.78,Energy,"Oil, Gas & Consumable Fuels",Oil & Gas Transportation Services,United States of America,US,United States of America,United States of America,Country of Headquarters,New York Stock Exchange,7.0,7.0,7.0,58255596.0,58255596.0,0.017440228972234576,0.017440228972234576,1,"[""652568""]","[""hesm-quarterly-earnings-gaap-eps-11-03-2025-0pt69""]","[{""market_id"": ""652568"", ""slug"": ""hesm-quarterly-earnings-gaap-eps-11-03-2025-0pt69"", ""ticker"": ""HESM"", ""anchor_date"": ""2025-11-03"", ""bucket"": ""correct"", ""status"": ""MATCHED_CORRECT"", ""polymarket_resolved_outcome"": ""YES"", ""expected_resolution"": ""YES"", ""label"": ""BEAT"", ""turnover_6m_window_start"": ""2025-05-04"", ""turnover_6m_window_end"": ""2025-11-03"", ""turnover_6m_sum_volume"": 58255596.0, ""turnover_6m_avg_daily_volume"": 458705.48031496065, ""volatility_6m"": 0.017440228972234576, ""analysts_covering_asof_anchor"": 7.0}]",2026-01-31T10:45:17Z,[]
HGV,HGV,Hilton Grand Vacations Inc,3858848925.23,Consumer Discretionary,"Hotels, Restaurants & Leisure","Hotels, Motels & Cruise Lines",United States of America,US,United States of America,United States of America,Country of Headquarters,New York Consolidated,10.0,9.0,9.0,126667240.0,126667240.0,0.025391933577146978,0.025391933577146978,1,"[""647968""]","[""hgv-quarterly-earnings-nongaap-eps-10-30-2025-0pt97""]","[{""market_id"": ""647968"", ""slug"": ""hgv-quarterly-earnings-nongaap-eps-10-30-2025-0pt97"", ""ticker"": ""HGV"", ""anchor_date"": ""2025-10-30"", ""bucket"": ""correct"", ""status"": ""MATCHED_CORRECT"", ""polymarket_resolved_outcome"": ""NO"", ""expected_resolution"": ""NO"", ""label"": ""MISS"", ""turnover_6m_window_start"": ""2025-04-30"", ""turnover_6m_window_end"": ""2025-10-30"", ""turnover_6m_sum_volume"": 126667240.0, ""turnover_6m_avg_daily_volume"": 989587.8125, ""volatility_6m"": 0.025391933577146978, ""analysts_covering_asof_anchor"": 9.0}]",2026-01-31T10:45:17Z,[]
HHH,HHH,Howard Hughes Holdings Inc,4849865793.6,Real Estate,Real Estate Management & Development,"Real Estate Rental, Development & Operations",United States of America,US,United States of America,United States of America,Country of Headquarters,New York Consolidated,2.0,3.0,3.0,53345235.0,53345235.0,0.018085736028107414,0.018085736028107414,1,"[""667903""]","[""hhh-quarterly-earnings-gaap-eps-11-10-2025-1pt53""]","[{""market_id"": ""667903"", ""slug"": ""hhh-quarterly-earnings-gaap-eps-11-10-2025-1pt53"", ""ticker"": ""HHH"", ""anchor_date"": ""2025-11-10"", ""bucket"": ""correct"", ""status"": ""MATCHED_CORRECT"", ""polymarket_resolved_outcome"": ""YES"", ""expected_resolution"": ""YES"", ""label"": ""BEAT"", ""turnover_6m_window_start"": ""2025-05-11"", ""turnover_6m_window_end"": ""2025-11-10"", ""turnover_6m_sum_volume"": 53345235.0, ""turnover_6m_avg_daily_volume"": 420041.22047244094, ""volatility_6m"": 0.018085736028107414, ""analysts_covering_asof_anchor"": 3.0}]",2026-01-31T10:45:17Z,[]
HIMS.N,HIMS,Hims & Hers Health Inc,6166998244.26,Health Care,Health Care Providers & Services,Healthcare Facilities & Services,United States of America,US,United States of America,United States of America,Country of Headquarters,New York Stock Exchange,16.0,15.0,15.0,647625073.0,647625073.0,0.06598178497560225,0.06598178497560225,1,"[""652567""]","[""hims-quarterly-earnings-gaap-eps-11-03-2025-0pt1""]","[{""market_id"": ""652567"", ""slug"": ""hims-quarterly-earnings-gaap-eps-11-03-2025-0pt1"", ""ticker"": ""HIMS"", ""anchor_date"": ""2025-11-03"", ""bucket"": ""correct"", ""status"": ""MATCHED_CORRECT"", ""polymarket_resolved_outcome"": ""NO"", ""expected_resolution"": ""NO"", ""label"": ""MISS"", ""turnover_6m_window_start"": ""2025-05-04"", ""turnover_6m_window_end"": ""2025-11-03"", ""turnover_6m_sum_volume"": 647625073.0, ""turnover_6m_avg_daily_volume"": 5099410.023622047, ""volatility_6m"": 0.06598178497560225, ""analysts_covering_asof_anchor"": 15.0}]",2026-01-31T10:45:17Z,[]
HLT,HLT,Hilton Worldwide Holdings Inc,69384221402.66,Consumer Discretionary,"Hotels, Restaurants & Leisure","Hotels, Motels & Cruise Lines",United States of America,US,United States of America,United States of America,Country of Headquarters,New York Consolidated,25.0,24.0,24.0,237416005.0,237416005.0,0.013826504594955161,0.013826504594955161,1,"[""627735""]","[""hlt-quarterly-earnings-nongaap-eps-10-22-2025-2pt05""]","[{""market_id"": ""627735"", ""slug"": ""hlt-quarterly-earnings-nongaap-eps-10-22-2025-2pt05"", ""ticker"": ""HLT"", ""anchor_date"": ""2025-10-22"", ""bucket"": ""correct"", ""status"": ""MATCHED_CORRECT"", ""polymarket_resolved_outcome"": ""YES"", ""expected_resolution"": ""YES"", ""label"": ""BEAT"", ""turnover_6m_window_start"": ""2025-04-22"", ""turnover_6m_window_end"": ""2025-10-22"", ""turnover_6m_sum_volume"": 237416005.0, ""turnover_6m_avg_daily_volume"": 1854812.5390625, ""volatility_6m"": 0.013826504594955161, ""analysts_covering_asof_anchor"": 24.0}]",2026-01-31T10:45:17Z,[]
HNGE.N,HNGE,Hinge Health Inc,2747307548.6,Health Care,Health Care Providers & Services,Software,United States of America,US,United States of America,United States of America,Country of Headquarters,New York Stock Exchange,17.0,15.0,15.0,28770486.0,28770486.0,0.04338441988117528,0.04338441988117528,1,"[""656723""]","[""hnge-quarterly-earnings-gaap-eps-11-04-2025-neg0pt21""]","[{""market_id"": ""656723"", ""slug"": ""hnge-quarterly-earnings-gaap-eps-11-04-2025-neg0pt21"", ""ticker"": ""HNGE"", ""anchor_date"": ""2025-11-04"", ""bucket"": ""correct"", ""status"": ""MATCHED_CORRECT"", ""polymarket_resolved_outcome"": ""YES"", ""expected_resolution"": ""YES"", ""label"": ""BEAT"", ""turnover_6m_window_start"": ""2025-05-05"", ""turnover_6m_window_end"": ""2025-11-04"", ""turnover_6m_sum_volume"": 28770486.0, ""turnover_6m_avg_daily_volume"": 250178.13913043478, ""volatility_6m"": 0.04338441988117528, ""analysts_covering_asof_anchor"": 15.0}]",2026-01-31T10:45:17Z,[]
HOG,HOG,Harley-Davidson Inc,2339208887.4,Consumer Discretionary,Automobiles,Auto & Truck Manufacturers,United States of America,US,United States of America,United States of America,Country of Headquarters,New York Consolidated,17.0,16.0,16.0,233960133.0,233960133.0,0.026398850663842656,0.026398850663842656,1,"[""637875""]","[""hog-quarterly-earnings-gaap-eps-11-4-2025-1pt7""]","[{""market_id"": ""637875"", ""slug"": ""hog-quarterly-earnings-gaap-eps-11-4-2025-1pt7"", ""ticker"": ""HOG"", ""anchor_date"": ""2025-11-04"", ""bucket"": ""correct"", ""status"": ""MATCHED_CORRECT"", ""polymarket_resolved_outcome"": ""YES"", ""expected_resolution"": ""YES"", ""label"": ""BEAT"", ""turnover_6m_window_start"": ""2025-05-05"", ""turnover_6m_window_end"": ""2025-11-04"", ""turnover_6m_sum_volume"": 233960133.0, ""turnover_6m_avg_daily_volume"": 1827813.5390625, ""volatility_6m"": 0.026398850663842656, ""analysts_covering_asof_anchor"": 16.0}]",2026-01-31T10:45:17Z,[]
HON.N,HON,Honeywell International Inc,144449537564.16,Industrials,Industrial Conglomerates,Consumer Goods Conglomerates,United States of America,US,United States of America,United States of America,Country of Headquarters,New York Stock Exchange,27.0,26.0,26.0,5695763.0,5695763.0,0.014209256145675881,0.014209256145675881,1,"[""637877""]","[""hon-quarterly-earnings-nongaap-eps-10-23-2025-2pt57""]","[{""market_id"": ""637877"", ""slug"": ""hon-quarterly-earnings-nongaap-eps-10-23-2025-2pt57"", ""ticker"": ""HON"", ""anchor_date"": ""2025-10-23"", ""bucket"": ""correct"", ""status"": ""MATCHED_CORRECT"", ""polymarket_resolved_outcome"": ""YES"", ""expected_resolution"": ""YES"", ""label"": ""BEAT"", ""turnover_6m_window_start"": ""2025-04-23"", ""turnover_6m_window_end"": ""2025-10-23"", ""turnover_6m_sum_volume"": 5695763.0, ""turnover_6m_avg_daily_volume"": 44498.1484375, ""volatility_6m"": 0.014209256145675881, ""analysts_covering_asof_anchor"": 26.0}]",2026-01-31T10:45:17Z,[]
HOOD.N,HOOD,Robinhood Markets Inc,89451308688.12,Financials,Capital Markets,Financial Technology (Fintech),United States of America,US,United States of America,United States of America,Country of Headquarters,New York Stock Exchange,27.0,27.0,27.0,49643303.0,49643303.0,0.03709001910307246,0.03709001910307246,1,"[""655400""]","[""hood-quarterly-earnings-gaap-eps-11-05-2025-0pt54""]","[{""market_id"": ""655400"", ""slug"": ""hood-quarterly-earnings-gaap-eps-11-05-2025-0pt54"", ""ticker"": ""HOOD"", ""anchor_date"": ""2025-11-05"", ""bucket"": ""correct"", ""status"": ""MATCHED_CORRECT"", ""polymarket_resolved_outcome"": ""YES"", ""expected_resolution"": ""YES"", ""label"": ""BEAT"", ""turnover_6m_window_start"": ""2025-05-06"", ""turnover_6m_window_end"": ""2025-11-05"", ""turnover_6m_sum_volume"": 49643303.0, ""turnover_6m_avg_daily_volume"": 387838.3046875, ""volatility_6m"": 0.03709001910307246, ""analysts_covering_asof_anchor"": 27.0}]",2026-01-31T10:45:17Z,[]
HPE,HPE,Hewlett Packard Enterprise Co,28719153839.92,Information Technology,"Technology Hardware, Storage & Peripherals",Computer Hardware,United States of America,US,United States of America,United States of America,Country of Headquarters,New York Consolidated,22.0,22.0,22.0,3185082971.0,3185082971.0,0.02329683534186492,0.02329683534186492,1,"[""697462""]","[""hpe-quarterly-earnings-nongaap-eps-12-04-2025-0pt58""]","[{""market_id"": ""697462"", ""slug"": ""hpe-quarterly-earnings-nongaap-eps-12-04-2025-0pt58"", ""ticker"": ""HPE"", ""anchor_date"": ""2025-12-04"", ""bucket"": ""correct"", ""status"": ""MATCHED_CORRECT"", ""polymarket_resolved_outcome"": ""YES"", ""expected_resolution"": ""YES"", ""label"": ""BEAT"", ""turnover_6m_window_start"": ""2025-06-04"", ""turnover_6m_window_end"": ""2025-12-04"", ""turnover_6m_sum_volume"": 3185082971.0, ""turnover_6m_avg_daily_volume"": 24883460.7109375, ""volatility_6m"": 0.02329683534186492, ""analysts_covering_asof_anchor"": 22.0}]",2026-01-31T10:45:17Z,[]
HPQ,HPQ,HP Inc,17845619127.12,Information Technology,"Technology Hardware, Storage & Peripherals",Computer Hardware,United States of America,US,United States of America,United States of America,Country of Headquarters,New York Consolidated,17.0,18.0,18.0,1324155960.0,1324155960.0,0.022237633003184425,0.022237633003184425,1,"[""675617""]","[""hpq-quarterly-earnings-nongaap-eps-11-25-2025-0pt92""]","[{""market_id"": ""675617"", ""slug"": ""hpq-quarterly-earnings-nongaap-eps-11-25-2025-0pt92"", ""ticker"": ""HPQ"", ""anchor_date"": ""2025-11-25"", ""bucket"": ""correct"", ""status"": ""MATCHED_CORRECT"", ""polymarket_resolved_outcome"": ""YES"", ""expected_resolution"": ""YES"", ""label"": ""BEAT"", ""turnover_6m_window_start"": ""2025-05-26"", ""turnover_6m_window_end"": ""2025-11-25"", ""turnover_6m_sum_volume"": 1324155960.0, ""turnover_6m_avg_daily_volume"": 10344968.4375, ""volatility_6m"": 0.022237633003184425, ""analysts_covering_asof_anchor"": 18.0}]",2026-01-31T10:45:17Z,[]
HTZ.N,HTZ,Hertz Global Holdings Inc,1526805234.5,Industrials,Ground Transportation,"Passenger Transportation, Ground & Sea",United States of America,US,United States of America,United States of America,Country of Headquarters,New York Stock Exchange,9.0,10.0,10.0,21046610.0,21046610.0,0.053359699194576886,0.053359699194576886,1,"[""656783""]","[""htz-quarterly-earnings-nongaap-eps-11-04-2025-0pt07""]","[{""market_id"": ""656783"", ""slug"": ""htz-quarterly-earnings-nongaap-eps-11-04-2025-0pt07"", ""ticker"": ""HTZ"", ""anchor_date"": ""2025-11-04"", ""bucket"": ""correct"", ""status"": ""MATCHED_CORRECT"", ""polymarket_resolved_outcome"": ""YES"", ""expected_resolution"": ""YES"", ""label"": ""BEAT"", ""turnover_6m_window_start"": ""2025-05-05"", ""turnover_6m_window_end"": ""2025-11-04"", ""turnover_6m_sum_volume"": 21046610.0, ""turnover_6m_avg_daily_volume"": 164426.640625, ""volatility_6m"": 0.053359699194576886, ""analysts_covering_asof_anchor"": 10.0}]",2026-01-31T10:45:17Z,[]
HUBS.N,HUBS,HubSpot Inc,14667954280.0,Information Technology,Software,Software,United States of America,US,United States of America,United States of America,Country of Headquarters,New York Stock Exchange,36.0,35.0,35.0,21769880.0,21769880.0,0.027573429627242508,0.027573429627242508,1,"[""655460""]","[""hubs-quarterly-earnings-nongaap-eps-11-05-2025-2pt59""]","[{""market_id"": ""655460"", ""slug"": ""hubs-quarterly-earnings-nongaap-eps-11-05-2025-2pt59"", ""ticker"": ""HUBS"", ""anchor_date"": ""2025-11-05"", ""bucket"": ""correct"", ""status"": ""MATCHED_CORRECT"", ""polymarket_resolved_outcome"": ""YES"", ""expected_resolution"": ""YES"", ""label"": ""BEAT"", ""turnover_6m_window_start"": ""2025-05-06"", ""turnover_6m_window_end"": ""2025-11-05"", ""turnover_6m_sum_volume"": 21769880.0, ""turnover_6m_avg_daily_volume"": 170077.1875, ""volatility_6m"": 0.027573429627242508, ""analysts_covering_asof_anchor"": 35.0}]",2026-01-31T10:45:17Z,[]
HUM,HUM,Humana Inc,23477302873.6,Health Care,Health Care Providers & Services,Managed Healthcare,United States of America,US,United States of America,United States of America,Country of Headquarters,New York Consolidated,29.0,29.0,29.0,233367270.0,233367270.0,0.029557484049698723,0.029557484049698723,1,"[""655450""]","[""hum-quarterly-earnings-nongaap-eps-11-05-2025-2pt92""]","[{""market_id"": ""655450"", ""slug"": ""hum-quarterly-earnings-nongaap-eps-11-05-2025-2pt92"", ""ticker"": ""HUM"", ""anchor_date"": ""2025-11-05"", ""bucket"": ""correct"", ""status"": ""MATCHED_CORRECT"", ""polymarket_resolved_outcome"": ""YES"", ""expected_resolution"": ""YES"", ""label"": ""BEAT"", ""turnover_6m_window_start"": ""2025-05-06"", ""turnover_6m_window_end"": ""2025-11-05"", ""turnover_6m_sum_volume"": 233367270.0, ""turnover_6m_avg_daily_volume"": 1823181.796875, ""volatility_6m"": 0.029557484049698723, ""analysts_covering_asof_anchor"": 29.0}]",2026-01-31T10:45:17Z,[]
IART.N,IART,Integra Lifesciences Holdings Corp,867718116.54,Health Care,Health Care Equipment & Supplies,"Medical Equipment, Supplies & Distribution",United States of America,US,United States of America,United States of America,Country of Headquarters,New York Stock Exchange,12.0,12.0,12.0,2016050.0,2016050.0,0.04278404073967467,0.04278404073967467,1,"[""643018""]","[""iart-quarterly-earnings-nongaap-eps-11-03-2025-0pt43""]","[{""market_id"": ""643018"", ""slug"": ""iart-quarterly-earnings-nongaap-eps-11-03-2025-0pt43"", ""ticker"": ""IART"", ""anchor_date"": ""2025-11-03"", ""bucket"": ""correct"", ""status"": ""MATCHED_CORRECT"", ""polymarket_resolved_outcome"": ""YES"", ""expected_resolution"": ""YES"", ""label"": ""BEAT"", ""turnover_6m_window_start"": ""2025-05-04"", ""turnover_6m_window_end"": ""2025-11-03"", ""turnover_6m_sum_volume"": 2016050.0, ""turnover_6m_avg_daily_volume"": 15874.409448818898, ""volatility_6m"": 0.04278404073967467, ""analysts_covering_asof_anchor"": 12.0}]",2026-01-31T10:45:17Z,[]
IBKR.N,IBKR,Interactive Brokers Group Inc,127004052839.04,Financials,Capital Markets,Investment Banking & Brokerage Services,United States of America,US,United States of America,United States of America,Country of Headquarters,New York Stock Exchange,10.0,10.5,10.5,8210681.5,8210681.5,0.021717972659211632,0.021717972659211632,2,"[""614609"", ""1118155""]","[""ibkr-quarterly-earnings-nongaap-eps-2025-10-16-0pt51"", ""ibkr-quarterly-earnings-nongaap-eps-01-20-2026-0pt56""]","[{""market_id"": ""614609"", ""slug"": ""ibkr-quarterly-earnings-nongaap-eps-2025-10-16-0pt51"", ""ticker"": ""IBKR"", ""anchor_date"": ""2025-10-16"", ""bucket"": ""correct"", ""status"": ""MATCHED_CORRECT"", ""polymarket_resolved_outcome"": ""YES"", ""expected_resolution"": ""YES"", ""label"": ""BEAT"", ""turnover_6m_window_start"": ""2025-04-16"", ""turnover_6m_window_end"": ""2025-10-16"", ""turnover_6m_sum_volume"": 9218482.0, ""turnover_6m_avg_daily_volume"": 72586.47244094488, ""volatility_6m"": 0.021070584576116373, ""analysts_covering_asof_anchor"": 11.0}, {""market_id"": ""1118155"", ""slug"": ""ibkr-quarterly-earnings-nongaap-eps-01-20-2026-0pt56"", ""ticker"": ""IBKR"", ""anchor_date"": ""2026-01-20"", ""bucket"": ""correct"", ""status"": ""MATCHED_CORRECT"", ""polymarket_resolved_outcome"": ""YES"", ""expected_resolution"": ""YES"", ""label"": ""BEAT"", ""turnover_6m_window_start"": ""2025-07-21"", ""turnover_6m_window_end"": ""2026-01-20"", ""turnover_6m_sum_volume"": 7202881.0, ""turnover_6m_avg_daily_volume"": 56715.59842519685, ""volatility_6m"": 0.022365360742306894, ""analysts_covering_asof_anchor"": 10.0}]",2026-01-31T10:45:17Z,[]
IBM,IBM,International Business Machines Corp,286683287680.2,Information Technology,IT Services,IT Services & Consulting,United States of America,US,United States of America,United States of America,Country of Headquarters,New York Consolidated,23.0,22.5,22.5,605076562.0,605076562.0,0.01689403150197448,0.01689403150197448,2,"[""627736"", ""1244920""]","[""ibm-quarterly-earnings-nongaap-eps-10-22-2025-2pt44"", ""ibm-quarterly-earnings-nongaap-eps-01-28-2026-4pt29""]","[{""market_id"": ""627736"", ""slug"": ""ibm-quarterly-earnings-nongaap-eps-10-22-2025-2pt44"", ""ticker"": ""IBM"", ""anchor_date"": ""2025-10-22"", ""bucket"": ""correct"", ""status"": ""MATCHED_CORRECT"", ""polymarket_resolved_outcome"": ""YES"", ""expected_resolution"": ""YES"", ""label"": ""BEAT"", ""turnover_6m_window_start"": ""2025-04-22"", ""turnover_6m_window_end"": ""2025-10-22"", ""turnover_6m_sum_volume"": 597869028.0, ""turnover_6m_avg_daily_volume"": 4670851.78125, ""volatility_6m"": 0.01667463324014145, ""analysts_covering_asof_anchor"": 22.0}, {""market_id"": ""1244920"", ""slug"": ""ibm-quarterly-earnings-nongaap-eps-01-28-2026-4pt29"", ""ticker"": ""IBM"", ""anchor_date"": ""2026-01-28"", ""bucket"": ""correct"", ""status"": ""MATCHED_CORRECT"", ""polymarket_resolved_outcome"": ""YES"", ""expected_resolution"": ""YES"", ""label"": ""BEAT"", ""turnover_6m_window_start"": ""2025-07-29"", ""turnover_6m_window_end"": ""2026-01-28"", ""turnover_6m_sum_volume"": 612284096.0, ""turnover_6m_avg_daily_volume"": 4821134.614173228, ""volatility_6m"": 0.017113429763807506, ""analysts_covering_asof_anchor"": 23.0}]",2026-01-31T10:45:17Z,[]
ICE,ICE,Intercontinental Exchange Inc,99085634501.3,Financials,Capital Markets,Financial & Commodity Market Operators & Service Providers,United States of America,US,United States of America,United States of America,Country of Headquarters,New York Consolidated,17.0,20.0,20.0,384871339.0,384871339.0,0.010470475956774136,0.010470475956774136,1,"[""647937""]","[""ice-quarterly-earnings-nongaap-eps-10-30-2025-1pt61""]","[{""market_id"": ""647937"", ""slug"": ""ice-quarterly-earnings-nongaap-eps-10-30-2025-1pt61"", ""ticker"": ""ICE"", ""anchor_date"": ""2025-10-30"", ""bucket"": ""correct"", ""status"": ""MATCHED_CORRECT"", ""polymarket_resolved_outcome"": ""YES"", ""expected_resolution"": ""YES"", ""label"": ""BEAT"", ""turnover_6m_window_start"": ""2025-04-30"", ""turnover_6m_window_end"": ""2025-10-30"", ""turnover_6m_sum_volume"": 384871339.0, ""turnover_6m_avg_daily_volume"": 3006807.3359375, ""volatility_6m"": 0.010470475956774136, ""analysts_covering_asof_anchor"": 20.0}]",2026-01-31T10:45:17Z,[]
ICUI.N,ICUI,ICU Medical Inc,3700530334.0,Health Care,Health Care Equipment & Supplies,"Medical Equipment, Supplies & Distribution",United States of America,US,United States of America,United States of America,Country of Headquarters,New York Stock Exchange,7.0,7.0,7.0,642898.0,642898.0,0.02651630516513861,0.02651630516513861,1,"[""657295""]","[""icui-quarterly-earnings-nongaap-eps-11-06-2025-1pt43""]","[{""market_id"": ""657295"", ""slug"": ""icui-quarterly-earnings-nongaap-eps-11-06-2025-1pt43"", ""ticker"": ""ICUI"", ""anchor_date"": ""2025-11-06"", ""bucket"": ""correct"", ""status"": ""MATCHED_CORRECT"", ""polymarket_resolved_outcome"": ""YES"", ""expected_resolution"": ""YES"", ""label"": ""BEAT"", ""turnover_6m_window_start"": ""2025-05-07"", ""turnover_6m_window_end"": ""2025-11-06"", ""turnover_6m_sum_volume"": 642898.0, ""turnover_6m_avg_daily_volume"": 5022.640625, ""volatility_6m"": 0.02651630516513861, ""analysts_covering_asof_anchor"": 7.0}]",2026-01-31T10:45:17Z,[]
IEP.N,IEP,Icahn Enterprises LP,4669622262.26,Industrials,Industrial Conglomerates,Oil & Gas Refining and Marketing,United States of America,US,United States of America,United States of America,Country of Headquarters,New York Stock Exchange,1.0,1.0,1.0,1142963.0,1142963.0,0.02166711951102732,0.02166711951102732,1,"[""652658""]","[""iep-quarterly-earnings-gaap-eps-11-05-2025-0pt14""]","[{""market_id"": ""652658"", ""slug"": ""iep-quarterly-earnings-gaap-eps-11-05-2025-0pt14"", ""ticker"": ""IEP"", ""anchor_date"": ""2025-11-05"", ""bucket"": ""correct"", ""status"": ""MATCHED_CORRECT"", ""polymarket_resolved_outcome"": ""YES"", ""expected_resolution"": ""YES"", ""label"": ""BEAT"", ""turnover_6m_window_start"": ""2025-05-06"", ""turnover_6m_window_end"": ""2025-11-05"", ""turnover_6m_sum_volume"": 1142963.0, ""turnover_6m_avg_daily_volume"": 8929.3984375, ""volatility_6m"": 0.02166711951102732, ""analysts_covering_asof_anchor"": 1.0}]",2026-01-31T10:45:17Z,[]
IHRT.N,IHRT,iHeartMedia Inc,486513604.8,Communication Services,Media,Broadcasting,United States of America,US,United States of America,United States of America,Country of Headquarters,New York Stock Exchange,4.0,4.0,4.0,2041289.0,2041289.0,0.05691226775407873,0.05691226775407873,1,"[""668448""]","[""ihrt-quarterly-earnings-gaap-eps-11-10-2025-neg0pt01""]","[{""market_id"": ""668448"", ""slug"": ""ihrt-quarterly-earnings-gaap-eps-11-10-2025-neg0pt01"", ""ticker"": ""IHRT"", ""anchor_date"": ""2025-11-10"", ""bucket"": ""correct"", ""status"": ""MATCHED_CORRECT"", ""polymarket_resolved_outcome"": ""NO"", ""expected_resolution"": ""NO"", ""label"": ""MISS"", ""turnover_6m_window_start"": ""2025-05-11"", ""turnover_6m_window_end"": ""2025-11-10"", ""turnover_6m_sum_volume"": 2041289.0, ""turnover_6m_avg_daily_volume"": 16073.141732283464, ""volatility_6m"": 0.05691226775407873, ""analysts_covering_asof_anchor"": 4.0}]",2026-01-31T10:45:17Z,[]
IMAX.N,IMAX,Imax Corp,1878120785.94,Communication Services,Entertainment,Entertainment Production,Canada,CA,Canada,United States of America,Country of Headquarters,New York Stock Exchange,11.0,11.0,11.0,37707851.0,37707851.0,0.017221320777907067,0.017221320777907067,1,"[""642133""]","[""imax-quarterly-earnings-nongaap-eps-10-23-2025-0pt39""]","[{""market_id"": ""642133"", ""slug"": ""imax-quarterly-earnings-nongaap-eps-10-23-2025-0pt39"", ""ticker"": ""IMAX"", ""anchor_date"": ""2025-10-23"", ""bucket"": ""correct"", ""status"": ""MATCHED_CORRECT"", ""polymarket_resolved_outcome"": ""YES"", ""expected_resolution"": ""YES"", ""label"": ""BEAT"", ""turnover_6m_window_start"": ""2025-04-23"", ""turnover_6m_window_end"": ""2025-10-23"", ""turnover_6m_sum_volume"": 37707851.0, ""turnover_6m_avg_daily_volume"": 294592.5859375, ""volatility_6m"": 0.017221320777907067, ""analysts_covering_asof_anchor"": 11.0}]",2026-01-31T10:45:17Z,[]
INTC.N,INTC,Intel Corp,232117650000.0,Information Technology,Semiconductors & Semiconductor Equipment,Semiconductors,United States of America,US,United States of America,United States of America,Country of Headquarters,New York Stock Exchange,45.0,43.0,43.0,158554165.0,158554165.0,0.03578667265442567,0.03578667265442567,1,"[""637878""]","[""intc-quarterly-earnings-nongaap-eps-10-23-2025-0""]","[{""market_id"": ""637878"", ""slug"": ""intc-quarterly-earnings-nongaap-eps-10-23-2025-0"", ""ticker"": ""INTC"", ""anchor_date"": ""2025-10-23"", ""bucket"": ""correct"", ""status"": ""MATCHED_CORRECT"", ""polymarket_resolved_outcome"": ""YES"", ""expected_resolution"": ""YES"", ""label"": ""BEAT"", ""turnover_6m_window_start"": ""2025-04-23"", ""turnover_6m_window_end"": ""2025-10-23"", ""turnover_6m_sum_volume"": 158554165.0, ""turnover_6m_avg_daily_volume"": 1238704.4140625, ""volatility_6m"": 0.03578667265442567, ""analysts_covering_asof_anchor"": 43.0}]",2026-01-31T10:45:17Z,[]
INTU.N,INTU,Intuit Inc,138836502496.84,Information Technology,Software,Financial Technology (Fintech),United States of America,US,United States of America,United States of America,Country of Headquarters,New York Stock Exchange,34.0,33.0,33.0,3643675.0,3643675.0,0.01589482837127747,0.01589482837127747,1,"[""675513""]","[""intu-quarterly-earnings-nongaap-eps-11-20-2025-3pt09""]","[{""market_id"": ""675513"", ""slug"": ""intu-quarterly-earnings-nongaap-eps-11-20-2025-3pt09"", ""ticker"": ""INTU"", ""anchor_date"": ""2025-11-20"", ""bucket"": ""correct"", ""status"": ""MATCHED_CORRECT"", ""polymarket_resolved_outcome"": ""YES"", ""expected_resolution"": ""YES"", ""label"": ""BEAT"", ""turnover_6m_window_start"": ""2025-05-21"", ""turnover_6m_window_end"": ""2025-11-20"", ""turnover_6m_sum_volume"": 3643675.0, ""turnover_6m_avg_daily_volume"": 28466.2109375, ""volatility_6m"": 0.01589482837127747, ""analysts_covering_asof_anchor"": 33.0}]",2026-01-31T10:45:17Z,[]
IOT,IOT,Samsara Inc,16184963798.85,Information Technology,Software,Software,United States of America,US,United States of America,United States of America,Country of Headquarters,New York Consolidated,22.0,21.0,21.0,728745004.0,728745004.0,0.030585222010642038,0.030585222010642038,1,"[""697468""]","[""iot-quarterly-earnings-nongaap-eps-12-04-2025-0pt12""]","[{""market_id"": ""697468"", ""slug"": ""iot-quarterly-earnings-nongaap-eps-12-04-2025-0pt12"", ""ticker"": ""IOT"", ""anchor_date"": ""2025-12-04"", ""bucket"": ""correct"", ""status"": ""MATCHED_CORRECT"", ""polymarket_resolved_outcome"": ""YES"", ""expected_resolution"": ""YES"", ""label"": ""BEAT"", ""turnover_6m_window_start"": ""2025-06-04"", ""turnover_6m_window_end"": ""2025-12-04"", ""turnover_6m_sum_volume"": 728745004.0, ""turnover_6m_avg_daily_volume"": 5693320.34375, ""volatility_6m"": 0.030585222010642038, ""analysts_covering_asof_anchor"": 21.0}]",2026-01-31T10:45:17Z,[]
IVZ,IVZ,Invesco Ltd,12116760000.0,Financials,Capital Markets,Investment Management & Fund Operators,United States of America,US,United States of America,United States of America,Country of Headquarters,New York Consolidated,12.0,14.0,14.0,693011098.0,693011098.0,0.020763618999729658,0.020763618999729658,1,"[""643019""]","[""ivz-quarterly-earnings-nongaap-eps-10-28-2025-0pt44""]","[{""market_id"": ""643019"", ""slug"": ""ivz-quarterly-earnings-nongaap-eps-10-28-2025-0pt44"", ""ticker"": ""IVZ"", ""anchor_date"": ""2025-10-28"", ""bucket"": ""correct"", ""status"": ""MATCHED_CORRECT"", ""polymarket_resolved_outcome"": ""YES"", ""expected_resolution"": ""YES"", ""label"": ""BEAT"", ""turnover_6m_window_start"": ""2025-04-28"", ""turnover_6m_window_end"": ""2025-10-28"", ""turnover_6m_sum_volume"": 693011098.0, ""turnover_6m_avg_daily_volume"": 5414149.203125, ""volatility_6m"": 0.020763618999729658, ""analysts_covering_asof_anchor"": 14.0}]",2026-01-31T10:45:17Z,[]
JBL,JBL,Jabil Inc,25046141379.73,Information Technology,"Electronic Equipment, Instruments & Components",Electronic Equipment & Parts,United States of America,US,United States of America,United States of America,Country of Headquarters,New York Consolidated,12.0,12.0,12.0,185500189.0,185500189.0,0.026844234124976565,0.026844234124976565,1,"[""598111""]","[""will-jbl-beat-earnings-estimate-2025-09-25-2pt9""]","[{""market_id"": ""598111"", ""slug"": ""will-jbl-beat-earnings-estimate-2025-09-25-2pt9"", ""ticker"": ""JBL"", ""anchor_date"": ""2025-09-25"", ""bucket"": ""correct"", ""status"": ""MATCHED_CORRECT"", ""polymarket_resolved_outcome"": ""YES"", ""expected_resolution"": ""YES"", ""label"": ""BEAT"", ""turnover_6m_window_start"": ""2025-03-26"", ""turnover_6m_window_end"": ""2025-09-25"", ""turnover_6m_sum_volume"": 185500189.0, ""turnover_6m_avg_daily_volume"": 1460631.409448819, ""volatility_6m"": 0.026844234124976565, ""analysts_covering_asof_anchor"": 12.0}]",2026-01-31T10:45:17Z,[]
JBLU.N,JBLU,JetBlue Airways Corp,1771271206.4,Industrials,Passenger Airlines,Airlines,United States of America,US,United States of America,United States of America,Country of Headquarters,New York Stock Exchange,17.0,16.0,16.0,44501918.0,44501918.0,0.035475466737892744,0.035475466737892744,1,"[""643022""]","[""jblu-quarterly-earnings-nongaap-eps-10-28-2025-neg0pt42""]","[{""market_id"": ""643022"", ""slug"": ""jblu-quarterly-earnings-nongaap-eps-10-28-2025-neg0pt42"", ""ticker"": ""JBLU"", ""anchor_date"": ""2025-10-28"", ""bucket"": ""correct"", ""status"": ""MATCHED_CORRECT"", ""polymarket_resolved_outcome"": ""YES"", ""expected_resolution"": ""YES"", ""label"": ""BEAT"", ""turnover_6m_window_start"": ""2025-04-28"", ""turnover_6m_window_end"": ""2025-10-28"", ""turnover_6m_sum_volume"": 44501918.0, ""turnover_6m_avg_daily_volume"": 347671.234375, ""volatility_6m"": 0.035475466737892744, ""analysts_covering_asof_anchor"": 16.0}]",2026-01-31T10:45:17Z,[]
JEF,JEF,Jefferies Financial Group Inc,12645372204.5,Financials,Capital Markets,Investment Banking & Brokerage Services,United States of America,US,United States of America,United States of America,Country of Headquarters,New York Consolidated,7.0,5.5,5.5,237521366.0,237521366.0,0.027424917161748358,0.027424917161748358,2,"[""613036"", ""973541""]","[""jef-quarterly-earnings-gaap-eps-2025-09-29-0pt8"", ""jef-quarterly-earnings-gaap-eps-01-07-2026-0pt96""]","[{""market_id"": ""613036"", ""slug"": ""jef-quarterly-earnings-gaap-eps-2025-09-29-0pt8"", ""ticker"": ""JEF"", ""anchor_date"": ""2025-09-29"", ""bucket"": ""correct"", ""status"": ""MATCHED_CORRECT"", ""polymarket_resolved_outcome"": ""YES"", ""expected_resolution"": ""YES"", ""label"": ""BEAT"", ""turnover_6m_window_start"": ""2025-03-30"", ""turnover_6m_window_end"": ""2025-09-29"", ""turnover_6m_sum_volume"": 216463693.0, ""turnover_6m_avg_daily_volume"": 1717965.8174603174, ""volatility_6m"": 0.030063514630809567, ""analysts_covering_asof_anchor"": 4.0}, {""market_id"": ""973541"", ""slug"": ""jef-quarterly-earnings-gaap-eps-01-07-2026-0pt96"", ""ticker"": ""JEF"", ""anchor_date"": ""2026-01-07"", ""bucket"": ""correct"", ""status"": ""MATCHED_CORRECT"", ""polymarket_resolved_outcome"": ""NO"", ""expected_resolution"": ""NO"", ""label"": ""TIE"", ""turnover_6m_window_start"": ""2025-07-08"", ""turnover_6m_window_end"": ""2026-01-07"", ""turnover_6m_sum_volume"": 258579039.0, ""turnover_6m_avg_daily_volume"": 2020148.7421875, ""volatility_6m"": 0.024786319692687145, ""analysts_covering_asof_anchor"": 7.0}]",2026-01-31T10:45:17Z,[]
JNJ,JNJ,Johnson & Johnson,547512311929.5,Health Care,Pharmaceuticals,Pharmaceuticals,United States of America,US,United States of America,United States of America,Country of Headquarters,New York Consolidated,27.0,26.0,26.0,1079703509.0,1079703509.0,0.010142797240792145,0.010142797240792145,2,"[""613067"", ""1125915""]","[""jnj-quarterly-earnings-nongaap-eps-2025-10-14-2pt75"", ""jnj-quarterly-earnings-nongaap-eps-01-21-2026-2pt51""]","[{""market_id"": ""613067"", ""slug"": ""jnj-quarterly-earnings-nongaap-eps-2025-10-14-2pt75"", ""ticker"": ""JNJ"", ""anchor_date"": ""2025-10-14"", ""bucket"": ""correct"", ""status"": ""MATCHED_CORRECT"", ""polymarket_resolved_outcome"": ""YES"", ""expected_resolution"": ""YES"", ""label"": ""BEAT"", ""turnover_6m_window_start"": ""2025-04-14"", ""turnover_6m_window_end"": ""2025-10-14"", ""turnover_6m_sum_volume"": 1065739439.0, ""turnover_6m_avg_daily_volume"": 8391649.125984251, ""volatility_6m"": 0.010748852661188276, ""analysts_covering_asof_anchor"": 25.0}, {""market_id"": ""1125915"", ""slug"": ""jnj-quarterly-earnings-nongaap-eps-01-21-2026-2pt51"", ""ticker"": ""JNJ"", ""anchor_date"": ""2026-01-21"", ""bucket"": ""correct"", ""status"": ""MATCHED_CORRECT"", ""polymarket_resolved_outcome"": ""NO"", ""expected_resolution"": ""NO"", ""label"": ""MISS"", ""turnover_6m_window_start"": ""2025-07-22"", ""turnover_6m_window_end"": ""2026-01-21"", ""turnover_6m_sum_volume"": 1093667579.0, ""turnover_6m_avg_daily_volume"": 8611555.74015748, ""volatility_6m"": 0.009536741820396013, ""analysts_covering_asof_anchor"": 27.0}]",2026-01-31T10:45:17Z,[]
JPM,JPM,JPMorgan Chase & Co,841122206400.06,Financials,Banks,Banks,United States of America,US,United States of America,United States of America,Country of Headquarters,New York Consolidated,28.0,27.5,27.5,1085770493.5,1085770493.5,0.012081599384441227,0.012081599384441227,2,"[""613052"", ""1069148""]","[""jpm-quarterly-earnings-gaap-eps-2025-10-14-4pt72"", ""jpm-quarterly-earnings-gaap-eps-01-13-2026-4pt94""]","[{""market_id"": ""613052"", ""slug"": ""jpm-quarterly-earnings-gaap-eps-2025-10-14-4pt72"", ""ticker"": ""JPM"", ""anchor_date"": ""2025-10-14"", ""bucket"": ""correct"", ""status"": ""MATCHED_CORRECT"", ""polymarket_resolved_outcome"": ""YES"", ""expected_resolution"": ""YES"", ""label"": ""BEAT"", ""turnover_6m_window_start"": ""2025-04-14"", ""turnover_6m_window_end"": ""2025-10-14"", ""turnover_6m_sum_volume"": 1078730726.0, ""turnover_6m_avg_daily_volume"": 8493942.724409448, ""volatility_6m"": 0.011100469445239822, ""analysts_covering_asof_anchor"": 28.0}, {""market_id"": ""1069148"", ""slug"": ""jpm-quarterly-earnings-gaap-eps-01-13-2026-4pt94"", ""ticker"": ""JPM"", ""anchor_date"": ""2026-01-13"", ""bucket"": ""incorrect"", ""status"": ""MATCHED_INCORRECT"", ""polymarket_resolved_outcome"": ""NO"", ""expected_resolution"": ""YES"", ""label"": ""BEAT"", ""turnover_6m_window_start"": ""2025-07-14"", ""turnover_6m_window_end"": ""2026-01-13"", ""turnover_6m_sum_volume"": 1092810261.0, ""turnover_6m_avg_daily_volume"": 8537580.1640625, ""volatility_6m"": 0.01306272932364263, ""analysts_covering_asof_anchor"": 27.0}]",2026-01-31T10:45:17Z,[]
KBH,KBH,KB Home,3635009576.94,Consumer Discretionary,Household Durables,Homebuilding,United States of America,US,United States of America,United States of America,Country of Headquarters,New York Consolidated,16.0,16.0,16.0,175317352.0,175317352.0,0.022078701351095815,0.022078701351095815,1,"[""899880""]","[""kbh-quarterly-earnings-gaap-eps-12-18-2025-1pt79""]","[{""market_id"": ""899880"", ""slug"": ""kbh-quarterly-earnings-gaap-eps-12-18-2025-1pt79"", ""ticker"": ""KBH"", ""anchor_date"": ""2025-12-18"", ""bucket"": ""incorrect"", ""status"": ""MATCHED_INCORRECT"", ""polymarket_resolved_outcome"": ""NO"", ""expected_resolution"": ""YES"", ""label"": ""BEAT"", ""turnover_6m_window_start"": ""2025-06-18"", ""turnover_6m_window_end"": ""2025-12-18"", ""turnover_6m_sum_volume"": 175317352.0, ""turnover_6m_avg_daily_volume"": 1369666.8125, ""volatility_6m"": 0.022078701351095815, ""analysts_covering_asof_anchor"": 16.0}]",2026-01-31T10:45:17Z,[]
KEY,KEY,KeyCorp,23723669520.0,Financials,Banks,Banks,United States of America,US,United States of America,United States of America,Country of Headquarters,New York Consolidated,24.0,24.0,24.0,2841338964.0,2841338964.0,0.01571236249113199,0.01571236249113199,2,"[""619538"", ""1118342""]","[""key-quarterly-earnings-gaap-eps-2025-10-16-0pt38"", ""key-quarterly-earnings-gaap-eps-01-20-2026-0pt39""]","[{""market_id"": ""619538"", ""slug"": ""key-quarterly-earnings-gaap-eps-2025-10-16-0pt38"", ""ticker"": ""KEY"", ""anchor_date"": ""2025-10-16"", ""bucket"": ""correct"", ""status"": ""MATCHED_CORRECT"", ""polymarket_resolved_outcome"": ""YES"", ""expected_resolution"": ""YES"", ""label"": ""BEAT"", ""turnover_6m_window_start"": ""2025-04-16"", ""turnover_6m_window_end"": ""2025-10-16"", ""turnover_6m_sum_volume"": 2776587258.0, ""turnover_6m_avg_daily_volume"": 21862891.79527559, ""volatility_6m"": 0.016680993547066078, ""analysts_covering_asof_anchor"": 24.0}, {""market_id"": ""1118342"", ""slug"": ""key-quarterly-earnings-gaap-eps-01-20-2026-0pt39"", ""ticker"": ""KEY"", ""anchor_date"": ""2026-01-20"", ""bucket"": ""correct"", ""status"": ""MATCHED_CORRECT"", ""polymarket_resolved_outcome"": ""YES"", ""expected_resolution"": ""YES"", ""label"": ""BEAT"", ""turnover_6m_window_start"": ""2025-07-21"", ""turnover_6m_window_end"": ""2026-01-20"", ""turnover_6m_sum_volume"": 2906090670.0, ""turnover_6m_avg_daily_volume"": 22882603.700787403, ""volatility_6m"": 0.014743731435197898, ""analysts_covering_asof_anchor"": 24.0}]",2026-01-31T10:45:17Z,[]
KFY,KFY,Korn Ferry,3625982759.68,Industrials,Professional Services,Employment Services,United States of America,US,United States of America,United States of America,Country of Headquarters,New York Consolidated,5.0,5.0,5.0,56953601.0,56953601.0,0.01594686480874203,0.01594686480874203,1,"[""697472""]","[""kfy-quarterly-earnings-nongaap-eps-12-04-2025-1pt31""]","[{""market_id"": ""697472"", ""slug"": ""kfy-quarterly-earnings-nongaap-eps-12-04-2025-1pt31"", ""ticker"": ""KFY"", ""anchor_date"": ""2025-12-04"", ""bucket"": ""correct"", ""status"": ""MATCHED_CORRECT"", ""polymarket_resolved_outcome"": ""YES"", ""expected_resolution"": ""YES"", ""label"": ""BEAT"", ""turnover_6m_window_start"": ""2025-06-04"", ""turnover_6m_window_end"": ""2025-12-04"", ""turnover_6m_sum_volume"": 56953601.0, ""turnover_6m_avg_daily_volume"": 444950.0078125, ""volatility_6m"": 0.01594686480874203, ""analysts_covering_asof_anchor"": 5.0}]",2026-01-31T10:45:17Z,[]
KHC.N,KHC,Kraft Heinz Co,28101982662.08,Consumer Staples,Food Products,Food Processing,United States of America,US,United States of America,United States of America,Country of Headquarters,New York Stock Exchange,21.0,21.0,21.0,40014909.0,40014909.0,0.015879212957840953,0.015879212957840953,1,"[""647818""]","[""khc-quarterly-earnings-nongaap-eps-10-29-2025-0pt58""]","[{""market_id"": ""647818"", ""slug"": ""khc-quarterly-earnings-nongaap-eps-10-29-2025-0pt58"", ""ticker"": ""KHC"", ""anchor_date"": ""2025-10-29"", ""bucket"": ""correct"", ""status"": ""MATCHED_CORRECT"", ""polymarket_resolved_outcome"": ""YES"", ""expected_resolution"": ""YES"", ""label"": ""BEAT"", ""turnover_6m_window_start"": ""2025-04-29"", ""turnover_6m_window_end"": ""2025-10-29"", ""turnover_6m_sum_volume"": 40014909.0, ""turnover_6m_avg_daily_volume"": 312616.4765625, ""volatility_6m"": 0.015879212957840953, ""analysts_covering_asof_anchor"": 21.0}]",2026-01-31T10:45:17Z,[]
KKR,KKR,KKR & Co Inc,101846040626.6,Financials,Capital Markets,Investment Management & Fund Operators,United States of America,US,United States of America,United States of America,Country of Headquarters,New York Consolidated,20.0,21.0,21.0,496374357.0,496374357.0,0.02048229715506457,0.02048229715506457,1,"[""658568""]","[""kkr-quarterly-earnings-nongaap-eps-11-07-2025-1pt29""]","[{""market_id"": ""658568"", ""slug"": ""kkr-quarterly-earnings-nongaap-eps-11-07-2025-1pt29"", ""ticker"": ""KKR"", ""anchor_date"": ""2025-11-07"", ""bucket"": ""correct"", ""status"": ""MATCHED_CORRECT"", ""polymarket_resolved_outcome"": ""YES"", ""expected_resolution"": ""YES"", ""label"": ""BEAT"", ""turnover_6m_window_start"": ""2025-05-08"", ""turnover_6m_window_end"": ""2025-11-07"", ""turnover_6m_sum_volume"": 496374357.0, ""turnover_6m_avg_daily_volume"": 3877924.6640625, ""volatility_6m"": 0.02048229715506457, ""analysts_covering_asof_anchor"": 21.0}]",2026-01-31T10:45:17Z,[]
KMI,KMI,Kinder Morgan Inc,67832944291.1,Energy,"Oil, Gas & Consumable Fuels",Oil & Gas Transportation Services,United States of America,US,United States of America,United States of America,Country of Headquarters,New York Consolidated,21.0,20.5,20.5,1751376502.5,1751376502.5,0.0127713900772095,0.0127713900772095,2,"[""614647"", ""1198858""]","[""kmi-quarterly-earnings-nongaap-eps-2025-10-15-0pt3"", ""kmi-quarterly-earnings-gaap-eps-01-21-2026-0pt36""]","[{""market_id"": ""614647"", ""slug"": ""kmi-quarterly-earnings-nongaap-eps-2025-10-15-0pt3"", ""ticker"": ""KMI"", ""anchor_date"": ""2025-10-15"", ""bucket"": ""correct"", ""status"": ""MATCHED_CORRECT"", ""polymarket_resolved_outcome"": ""NO"", ""expected_resolution"": ""NO"", ""label"": ""MISS"", ""turnover_6m_window_start"": ""2025-04-15"", ""turnover_6m_window_end"": ""2025-10-15"", ""turnover_6m_sum_volume"": 1746306648.0, ""turnover_6m_avg_daily_volume"": 13750446.047244094, ""volatility_6m"": 0.013100983378446446, ""analysts_covering_asof_anchor"": 21.0}, {""market_id"": ""1198858"", ""slug"": ""kmi-quarterly-earnings-gaap-eps-01-21-2026-0pt36"", ""ticker"": ""KMI"", ""anchor_date"": ""2026-01-21"", ""bucket"": ""correct"", ""status"": ""MATCHED_CORRECT"", ""polymarket_resolved_outcome"": ""YES"", ""expected_resolution"": ""YES"", ""label"": ""BEAT"", ""turnover_6m_window_start"": ""2025-07-22"", ""turnover_6m_window_end"": ""2026-01-21"", ""turnover_6m_sum_volume"": 1756446357.0, ""turnover_6m_avg_daily_volume"": 13830286.275590552, ""volatility_6m"": 0.012441796775972553, ""analysts_covering_asof_anchor"": 20.0}]",2026-01-31T10:45:17Z,[]
KMX,KMX,Carmax Inc,6315622390.14,Consumer Discretionary,Specialty Retail,"Auto Vehicles, Parts & Service Retailers",United States of America,US,United States of America,United States of America,Country of Headquarters,New York Consolidated,21.0,20.5,20.5,516440396.5,516440396.5,0.03686540898818286,0.03686540898818286,2,"[""599654"", ""703172""]","[""will-kmx-beat-earnings-estimate-2025-09-25-1pt03"", ""kmx-quarterly-earnings-gaap-eps-12-18-2025-0pt33""]","[{""market_id"": ""599654"", ""slug"": ""will-kmx-beat-earnings-estimate-2025-09-25-1pt03"", ""ticker"": ""KMX"", ""anchor_date"": ""2025-09-25"", ""bucket"": ""correct"", ""status"": ""MATCHED_CORRECT"", ""polymarket_resolved_outcome"": ""NO"", ""expected_resolution"": ""NO"", ""label"": ""MISS"", ""turnover_6m_window_start"": ""2025-03-26"", ""turnover_6m_window_end"": ""2025-09-25"", ""turnover_6m_sum_volume"": 460905588.0, ""turnover_6m_avg_daily_volume"": 3629177.8582677166, ""volatility_6m"": 0.03481580208439616, ""analysts_covering_asof_anchor"": 20.0}, {""market_id"": ""703172"", ""slug"": ""kmx-quarterly-earnings-gaap-eps-12-18-2025-0pt33"", ""ticker"": ""KMX"", ""anchor_date"": ""2025-12-18"", ""bucket"": ""correct"", ""status"": ""MATCHED_CORRECT"", ""polymarket_resolved_outcome"": ""YES"", ""expected_resolution"": ""YES"", ""label"": ""BEAT"", ""turnover_6m_window_start"": ""2025-06-18"", ""turnover_6m_window_end"": ""2025-12-18"", ""turnover_6m_sum_volume"": 571975205.0, ""turnover_6m_avg_daily_volume"": 4468556.2890625, ""volatility_6m"": 0.03891501589196955, ""analysts_covering_asof_anchor"": 21.0}]",2026-01-31T10:45:17Z,[]
KO,KO,Coca-Cola Co,321803357694.45,Consumer Staples,Beverages,Non-Alcoholic Beverages,United States of America,US,United States of America,United States of America,Country of Headquarters,New York Consolidated,27.0,27.0,27.0,2018777296.0,2018777296.0,0.009642963823787563,0.009642963823787563,1,"[""627582""]","[""ko-quarterly-earnings-nongaap-eps-10-21-2025-0pt78""]","[{""market_id"": ""627582"", ""slug"": ""ko-quarterly-earnings-nongaap-eps-10-21-2025-0pt78"", ""ticker"": ""KO"", ""anchor_date"": ""2025-10-21"", ""bucket"": ""correct"", ""status"": ""MATCHED_CORRECT"", ""polymarket_resolved_outcome"": ""YES"", ""expected_resolution"": ""YES"", ""label"": ""BEAT"", ""turnover_6m_window_start"": ""2025-04-21"", ""turnover_6m_window_end"": ""2025-10-21"", ""turnover_6m_sum_volume"": 2018777296.0, ""turnover_6m_avg_daily_volume"": 15771697.625, ""volatility_6m"": 0.009642963823787563, ""analysts_covering_asof_anchor"": 27.0}]",2026-01-31T10:45:17Z,[]
KR,KR,Kroger Co,39774569706.0,Consumer Staples,Consumer Staples Distribution & Retail,Food Retail & Distribution,United States of America,US,United States of America,United States of America,Country of Headquarters,New York Consolidated,26.0,25.0,25.0,911248493.0,911248493.0,0.016386749037653567,0.016386749037653567,1,"[""697475""]","[""kr-quarterly-earnings-nongaap-eps-12-04-2025-1pt03""]","[{""market_id"": ""697475"", ""slug"": ""kr-quarterly-earnings-nongaap-eps-12-04-2025-1pt03"", ""ticker"": ""KR"", ""anchor_date"": ""2025-12-04"", ""bucket"": ""correct"", ""status"": ""MATCHED_CORRECT"", ""polymarket_resolved_outcome"": ""YES"", ""expected_resolution"": ""YES"", ""label"": ""BEAT"", ""turnover_6m_window_start"": ""2025-06-04"", ""turnover_6m_window_end"": ""2025-12-04"", ""turnover_6m_sum_volume"": 911248493.0, ""turnover_6m_avg_daily_volume"": 7119128.8515625, ""volatility_6m"": 0.016386749037653567, ""analysts_covering_asof_anchor"": 25.0}]",2026-01-31T10:45:17Z,[]
KSS,KSS,Kohls Corp,1959945166.77,Consumer Discretionary,Broadline Retail,Department Stores,United States of America,US,United States of America,United States of America,Country of Headquarters,New York Consolidated,14.0,15.0,15.0,1180856707.0,1180856707.0,0.061768153690068425,0.061768153690068425,1,"[""675620""]","[""kss-quarterly-earnings-gaap-eps-11-25-2025-neg0pt21""]","[{""market_id"": ""675620"", ""slug"": ""kss-quarterly-earnings-gaap-eps-11-25-2025-neg0pt21"", ""ticker"": ""KSS"", ""anchor_date"": ""2025-11-25"", ""bucket"": ""correct"", ""status"": ""MATCHED_CORRECT"", ""polymarket_resolved_outcome"": ""YES"", ""expected_resolution"": ""YES"", ""label"": ""BEAT"", ""turnover_6m_window_start"": ""2025-05-26"", ""turnover_6m_window_end"": ""2025-11-25"", ""turnover_6m_sum_volume"": 1180856707.0, ""turnover_6m_avg_daily_volume"": 9225443.0234375, ""volatility_6m"": 0.061768153690068425, ""analysts_covering_asof_anchor"": 15.0}]",2026-01-31T10:45:17Z,[]
LEN,LEN,Lennar Corp,26755456024.08,Consumer Discretionary,Household Durables,Homebuilding,United States of America,US,United States of America,United States of America,Country of Headquarters,New York Consolidated,22.0,22.0,22.0,595074749.0,595074749.0,0.02334855060038779,0.02334855060038779,1,"[""899879""]","[""len-quarterly-earnings-gaap-eps-12-16-2025-2pt22""]","[{""market_id"": ""899879"", ""slug"": ""len-quarterly-earnings-gaap-eps-12-16-2025-2pt22"", ""ticker"": ""LEN"", ""anchor_date"": ""2025-12-16"", ""bucket"": ""correct"", ""status"": ""MATCHED_CORRECT"", ""polymarket_resolved_outcome"": ""NO"", ""expected_resolution"": ""NO"", ""label"": ""MISS"", ""turnover_6m_window_start"": ""2025-06-16"", ""turnover_6m_window_end"": ""2025-12-16"", ""turnover_6m_sum_volume"": 595074749.0, ""turnover_6m_avg_daily_volume"": 4649021.4765625, ""volatility_6m"": 0.02334855060038779, ""analysts_covering_asof_anchor"": 22.0}]",2026-01-31T10:45:17Z,[]
LEVI.N,LEVI,Levi Strauss & Co,7762489665.56,Consumer Discretionary,"Textiles, Apparel & Luxury Goods",Apparel & Accessories,United States of America,US,United States of America,United States of America,Country of Headquarters,New York Stock Exchange,16.0,14.0,14.0,90341810.0,90341810.0,0.019841490431724767,0.019841490431724767,1,"[""613049""]","[""levi-quarterly-earnings-nongaap-eps-2025-10-09-0pt30""]","[{""market_id"": ""613049"", ""slug"": ""levi-quarterly-earnings-nongaap-eps-2025-10-09-0pt30"", ""ticker"": ""LEVI"", ""anchor_date"": ""2025-10-09"", ""bucket"": ""correct"", ""status"": ""MATCHED_CORRECT"", ""polymarket_resolved_outcome"": ""YES"", ""expected_resolution"": ""YES"", ""label"": ""BEAT"", ""turnover_6m_window_start"": ""2025-04-09"", ""turnover_6m_window_end"": ""2025-10-09"", ""turnover_6m_sum_volume"": 90341810.0, ""turnover_6m_avg_daily_volume"": 711352.8346456693, ""volatility_6m"": 0.019841490431724767, ""analysts_covering_asof_anchor"": 14.0}]",2026-01-31T10:45:17Z,[]
LH,LH,Labcorp Holdings Inc,22509008000.0,Health Care,Health Care Providers & Services,Healthcare Facilities & Services,United States of America,US,United States of America,United States of America,Country of Headquarters,New York Consolidated,22.0,22.0,22.0,85765601.0,85765601.0,0.01486386746117678,0.01486386746117678,1,"[""643023""]","[""lh-quarterly-earnings-nongaap-eps-10-28-2025-4pt14""]","[{""market_id"": ""643023"", ""slug"": ""lh-quarterly-earnings-nongaap-eps-10-28-2025-4pt14"", ""ticker"": ""LH"", ""anchor_date"": ""2025-10-28"", ""bucket"": ""correct"", ""status"": ""MATCHED_CORRECT"", ""polymarket_resolved_outcome"": ""YES"", ""expected_resolution"": ""YES"", ""label"": ""BEAT"", ""turnover_6m_window_start"": ""2025-04-28"", ""turnover_6m_window_end"": ""2025-10-28"", ""turnover_6m_sum_volume"": 85765601.0, ""turnover_6m_avg_daily_volume"": 670043.7578125, ""volatility_6m"": 0.01486386746117678, ""analysts_covering_asof_anchor"": 22.0}]",2026-01-31T10:45:17Z,[]
LLY,LLY,Eli Lilly and Co,980504763572.55,Health Care,Pharmaceuticals,Pharmaceuticals,United States of America,US,United States of America,United States of America,Country of Headquarters,New York Consolidated,31.0,30.0,30.0,534959310.0,534959310.0,0.027021755216152337,0.027021755216152337,1,"[""647871""]","[""lly-quarterly-earnings-nongaap-eps-10-30-2025-5pt92""]","[{""market_id"": ""647871"", ""slug"": ""lly-quarterly-earnings-nongaap-eps-10-30-2025-5pt92"", ""ticker"": ""LLY"", ""anchor_date"": ""2025-10-30"", ""bucket"": ""correct"", ""status"": ""MATCHED_CORRECT"", ""polymarket_resolved_outcome"": ""YES"", ""expected_resolution"": ""YES"", ""label"": ""BEAT"", ""turnover_6m_window_start"": ""2025-04-30"", ""turnover_6m_window_end"": ""2025-10-30"", ""turnover_6m_sum_volume"": 534959310.0, ""turnover_6m_avg_daily_volume"": 4179369.609375, ""volatility_6m"": 0.027021755216152337, ""analysts_covering_asof_anchor"": 30.0}]",2026-01-31T10:45:17Z,[]
LMT,LMT,Lockheed Martin Corp,145921489812.8,Industrials,Aerospace & Defense,Aerospace & Defense,United States of America,US,United States of America,United States of America,Country of Headquarters,New York Consolidated,26.0,24.0,24.0,195488689.5,195488689.5,0.015370959509851078,0.015370959509851078,2,"[""627649"", ""1198857""]","[""lmt-quarterly-earnings-gaap-eps-10-21-2025-6pt33"", ""lmt-quarterly-earnings-gaap-eps-01-29-2026-6pt2""]","[{""market_id"": ""627649"", ""slug"": ""lmt-quarterly-earnings-gaap-eps-10-21-2025-6pt33"", ""ticker"": ""LMT"", ""anchor_date"": ""2025-10-21"", ""bucket"": ""correct"", ""status"": ""MATCHED_CORRECT"", ""polymarket_resolved_outcome"": ""YES"", ""expected_resolution"": ""YES"", ""label"": ""BEAT"", ""turnover_6m_window_start"": ""2025-04-21"", ""turnover_6m_window_end"": ""2025-10-21"", ""turnover_6m_sum_volume"": 199532834.0, ""turnover_6m_avg_daily_volume"": 1558850.265625, ""volatility_6m"": 0.016373673359527618, ""analysts_covering_asof_anchor"": 22.0}, {""market_id"": ""1198857"", ""slug"": ""lmt-quarterly-earnings-gaap-eps-01-29-2026-6pt2"", ""ticker"": ""LMT"", ""anchor_date"": ""2026-01-29"", ""bucket"": ""incorrect"", ""status"": ""MATCHED_INCORRECT"", ""polymarket_resolved_outcome"": ""NO"", ""expected_resolution"": ""YES"", ""label"": ""BEAT"", ""turnover_6m_window_start"": ""2025-07-30"", ""turnover_6m_window_end"": ""2026-01-29"", ""turnover_6m_sum_volume"": 191444545.0, ""turnover_6m_avg_daily_volume"": 1507437.3622047245, ""volatility_6m"": 0.014368245660174538, ""analysts_covering_asof_anchor"": 26.0}]",2026-01-31T10:45:17Z,[]
LOW,LOW,Lowe's Companies Inc,149807696106.42,Consumer Discretionary,Specialty Retail,Home Improvement Products & Services Retailers,United States of America,US,United States of America,United States of America,Country of Headquarters,New York Consolidated,36.0,35.0,35.0,363190222.0,363190222.0,0.013790226546534372,0.013790226546534372,1,"[""675506""]","[""low-quarterly-earnings-gaap-eps-11-19-2025-2pt98""]","[{""market_id"": ""675506"", ""slug"": ""low-quarterly-earnings-gaap-eps-11-19-2025-2pt98"", ""ticker"": ""LOW"", ""anchor_date"": ""2025-11-19"", ""bucket"": ""incorrect"", ""status"": ""MATCHED_INCORRECT"", ""polymarket_resolved_outcome"": ""NO"", ""expected_resolution"": ""YES"", ""label"": ""BEAT"", ""turnover_6m_window_start"": ""2025-05-20"", ""turnover_6m_window_end"": ""2025-11-19"", ""turnover_6m_sum_volume"": 363190222.0, ""turnover_6m_avg_daily_volume"": 2837423.609375, ""volatility_6m"": 0.013790226546534372, ""analysts_covering_asof_anchor"": 35.0}]",2026-01-31T10:45:17Z,[]
LULU.N,LULU,Lululemon Athletica Inc,20469897349.0,Consumer Discretionary,"Textiles, Apparel & Luxury Goods",Apparel & Accessories,Canada,CA,Canada,United States of America,Country of Headquarters,New York Stock Exchange,34.0,33.0,33.0,7590742.0,7590742.0,0.028338706180655163,0.028338706180655163,1,"[""899876""]","[""lulu-quarterly-earnings-gaap-eps-12-11-2025-2pt21""]","[{""market_id"": ""899876"", ""slug"": ""lulu-quarterly-earnings-gaap-eps-12-11-2025-2pt21"", ""ticker"": ""LULU"", ""anchor_date"": ""2025-12-11"", ""bucket"": ""correct"", ""status"": ""MATCHED_CORRECT"", ""polymarket_resolved_outcome"": ""YES"", ""expected_resolution"": ""YES"", ""label"": ""BEAT"", ""turnover_6m_window_start"": ""2025-06-11"", ""turnover_6m_window_end"": ""2025-12-11"", ""turnover_6m_sum_volume"": 7590742.0, ""turnover_6m_avg_daily_volume"": 59302.671875, ""volatility_6m"": 0.028338706180655163, ""analysts_covering_asof_anchor"": 33.0}]",2026-01-31T10:45:17Z,[]
LUV,LUV,Southwest Airlines Co,24575209401.6,Industrials,Passenger Airlines,Airlines,United States of America,US,United States of America,United States of America,Country of Headquarters,New York Consolidated,26.0,23.0,23.0,1368993718.0,1368993718.0,0.02270157632312846,0.02270157632312846,1,"[""637863""]","[""luv-quarterly-earnings-nongaap-eps-10-22-2025-neg0pt04""]","[{""market_id"": ""637863"", ""slug"": ""luv-quarterly-earnings-nongaap-eps-10-22-2025-neg0pt04"", ""ticker"": ""LUV"", ""anchor_date"": ""2025-10-22"", ""bucket"": ""correct"", ""status"": ""MATCHED_CORRECT"", ""polymarket_resolved_outcome"": ""YES"", ""expected_resolution"": ""YES"", ""label"": ""BEAT"", ""turnover_6m_window_start"": ""2025-04-22"", ""turnover_6m_window_end"": ""2025-10-22"", ""turnover_6m_sum_volume"": 1368993718.0, ""turnover_6m_avg_daily_volume"": 10695263.421875, ""volatility_6m"": 0.02270157632312846, ""analysts_covering_asof_anchor"": 23.0}]",2026-01-31T10:45:17Z,[]
LVS,LVS,Las Vegas Sands Corp,35652571499.51,Consumer Discretionary,"Hotels, Restaurants & Leisure",Casinos & Gaming,United States of America,US,United States of America,United States of America,Country of Headquarters,New York Consolidated,19.0,19.0,19.0,683623492.0,683623492.0,0.02206843070867222,0.02206843070867222,1,"[""627753""]","[""lvs-quarterly-earnings-nongaap-eps-10-22-2025-0pt61""]","[{""market_id"": ""627753"", ""slug"": ""lvs-quarterly-earnings-nongaap-eps-10-22-2025-0pt61"", ""ticker"": ""LVS"", ""anchor_date"": ""2025-10-22"", ""bucket"": ""correct"", ""status"": ""MATCHED_CORRECT"", ""polymarket_resolved_outcome"": ""YES"", ""expected_resolution"": ""YES"", ""label"": ""BEAT"", ""turnover_6m_window_start"": ""2025-04-22"", ""turnover_6m_window_end"": ""2025-10-22"", ""turnover_6m_sum_volume"": 683623492.0, ""turnover_6m_avg_daily_volume"": 5340808.53125, ""volatility_6m"": 0.02206843070867222, ""analysts_covering_asof_anchor"": 19.0}]",2026-01-31T10:45:17Z,[]
LW,LW,Lamb Weston Holdings Inc,6378753072.12,Consumer Staples,Food Products,Food Processing,United States of America,US,United States of America,United States of America,Country of Headquarters,New York Consolidated,12.0,12.0,12.0,263997802.0,263997802.0,0.030800467854471672,0.030800467854471672,2,"[""614632"", ""703175""]","[""lw-quarterly-earnings-nongaap-eps-2025-09-30-0pt53"", ""lw-quarterly-earnings-nongaap-eps-12-19-2025-0pt63""]","[{""market_id"": ""614632"", ""slug"": ""lw-quarterly-earnings-nongaap-eps-2025-09-30-0pt53"", ""ticker"": ""LW"", ""anchor_date"": ""2025-09-30"", ""bucket"": ""correct"", ""status"": ""MATCHED_CORRECT"", ""polymarket_resolved_outcome"": ""YES"", ""expected_resolution"": ""YES"", ""label"": ""BEAT"", ""turnover_6m_window_start"": ""2025-03-31"", ""turnover_6m_window_end"": ""2025-09-30"", ""turnover_6m_sum_volume"": 264087011.0, ""turnover_6m_avg_daily_volume"": 2079425.283464567, ""volatility_6m"": 0.026236608358809293, ""analysts_covering_asof_anchor"": 12.0}, {""market_id"": ""703175"", ""slug"": ""lw-quarterly-earnings-nongaap-eps-12-19-2025-0pt63"", ""ticker"": ""LW"", ""anchor_date"": ""2025-12-19"", ""bucket"": ""correct"", ""status"": ""MATCHED_CORRECT"", ""polymarket_resolved_outcome"": ""YES"", ""expected_resolution"": ""YES"", ""label"": ""BEAT"", ""turnover_6m_window_start"": ""2025-06-19"", ""turnover_6m_window_end"": ""2025-12-19"", ""turnover_6m_sum_volume"": 263908593.0, ""turnover_6m_avg_daily_volume"": 2061785.8828125, ""volatility_6m"": 0.035364327350134055, ""analysts_covering_asof_anchor"": 12.0}]",2026-01-31T10:45:17Z,[]
LYFT.N,LYFT,Lyft Inc,6737091824.26,Industrials,Ground Transportation,Online Services,United States of America,US,United States of America,United States of America,Country of Headquarters,New York Stock Exchange,46.0,47.0,47.0,51785316.0,51785316.0,0.0370764418659977,0.0370764418659977,1,"[""652646""]","[""lyft-quarterly-earnings-gaap-eps-11-05-2025-0pt07""]","[{""market_id"": ""652646"", ""slug"": ""lyft-quarterly-earnings-gaap-eps-11-05-2025-0pt07"", ""ticker"": ""LYFT"", ""anchor_date"": ""2025-11-05"", ""bucket"": ""correct"", ""status"": ""MATCHED_CORRECT"", ""polymarket_resolved_outcome"": ""YES"", ""expected_resolution"": ""YES"", ""label"": ""BEAT"", ""turnover_6m_window_start"": ""2025-05-06"", ""turnover_6m_window_end"": ""2025-11-05"", ""turnover_6m_sum_volume"": 51785316.0, ""turnover_6m_avg_daily_volume"": 404572.78125, ""volatility_6m"": 0.0370764418659977, ""analysts_covering_asof_anchor"": 47.0}]",2026-01-31T10:45:17Z,[]
LYV,LYV,Live Nation Entertainment Inc,33774834976.15,Communication Services,Entertainment,Entertainment Production,United States of America,US,United States of America,United States of America,Country of Headquarters,New York Consolidated,23.0,22.0,22.0,317332802.0,317332802.0,0.014595705771194395,0.014595705771194395,1,"[""656761""]","[""lyv-quarterly-earnings-gaap-eps-11-04-2025-1pt53""]","[{""market_id"": ""656761"", ""slug"": ""lyv-quarterly-earnings-gaap-eps-11-04-2025-1pt53"", ""ticker"": ""LYV"", ""anchor_date"": ""2025-11-04"", ""bucket"": ""correct"", ""status"": ""MATCHED_CORRECT"", ""polymarket_resolved_outcome"": ""NO"", ""expected_resolution"": ""NO"", ""label"": ""MISS"", ""turnover_6m_window_start"": ""2025-05-05"", ""turnover_6m_window_end"": ""2025-11-04"", ""turnover_6m_sum_volume"": 317332802.0, ""turnover_6m_avg_daily_volume"": 2479162.515625, ""volatility_6m"": 0.014595705771194395, ""analysts_covering_asof_anchor"": 22.0}]",2026-01-31T10:45:17Z,[]
LZB,LZB,La-Z-Boy Inc,1501874997.7,Consumer Discretionary,Household Durables,Home Furnishings,United States of America,US,United States of America,United States of America,Country of Headquarters,New York Consolidated,3.0,3.0,3.0,65529110.0,65529110.0,0.020473779507461452,0.020473779507461452,1,"[""675503""]","[""lzb-quarterly-earnings-nongaap-eps-11-18-2025-0pt54""]","[{""market_id"": ""675503"", ""slug"": ""lzb-quarterly-earnings-nongaap-eps-11-18-2025-0pt54"", ""ticker"": ""LZB"", ""anchor_date"": ""2025-11-18"", ""bucket"": ""correct"", ""status"": ""MATCHED_CORRECT"", ""polymarket_resolved_outcome"": ""YES"", ""expected_resolution"": ""YES"", ""label"": ""BEAT"", ""turnover_6m_window_start"": ""2025-05-19"", ""turnover_6m_window_end"": ""2025-11-18"", ""turnover_6m_sum_volume"": 65529110.0, ""turnover_6m_avg_daily_volume"": 511946.171875, ""volatility_6m"": 0.020473779507461452, ""analysts_covering_asof_anchor"": 3.0}]",2026-01-31T10:45:17Z,[]
M,M,Macy's Inc,5322979842.18,Consumer Discretionary,Broadline Retail,Department Stores,United States of America,US,United States of America,United States of America,Country of Headquarters,New York Consolidated,13.0,13.0,13.0,1036879370.0,1036879370.0,0.03051886784752162,0.03051886784752162,1,"[""697451""]","[""m-quarterly-earnings-nongaap-eps-12-03-2025-neg0pt15""]","[{""market_id"": ""697451"", ""slug"": ""m-quarterly-earnings-nongaap-eps-12-03-2025-neg0pt15"", ""ticker"": ""M"", ""anchor_date"": ""2025-12-03"", ""bucket"": ""correct"", ""status"": ""MATCHED_CORRECT"", ""polymarket_resolved_outcome"": ""YES"", ""expected_resolution"": ""YES"", ""label"": ""BEAT"", ""turnover_6m_window_start"": ""2025-06-03"", ""turnover_6m_window_end"": ""2025-12-03"", ""turnover_6m_sum_volume"": 1036879370.0, ""turnover_6m_avg_daily_volume"": 8100620.078125, ""volatility_6m"": 0.03051886784752162, ""analysts_covering_asof_anchor"": 13.0}]",2026-01-31T10:45:17Z,[]
MA,MA,Mastercard Inc,481678260000.0,Financials,Financial Services,Online Services,United States of America,US,United States of America,United States of America,Country of Headquarters,New York Consolidated,41.0,40.0,40.0,358693721.5,358693721.5,0.012284170741657004,0.012284170741657004,2,"[""647938"", ""1244936""]","[""ma-quarterly-earnings-nongaap-eps-10-30-2025-4pt31"", ""ma-quarterly-earnings-nongaap-eps-01-29-2026-4pt24""]","[{""market_id"": ""647938"", ""slug"": ""ma-quarterly-earnings-nongaap-eps-10-30-2025-4pt31"", ""ticker"": ""MA"", ""anchor_date"": ""2025-10-30"", ""bucket"": ""correct"", ""status"": ""MATCHED_CORRECT"", ""polymarket_resolved_outcome"": ""YES"", ""expected_resolution"": ""YES"", ""label"": ""BEAT"", ""turnover_6m_window_start"": ""2025-04-30"", ""turnover_6m_window_end"": ""2025-10-30"", ""turnover_6m_sum_volume"": 345532534.0, ""turnover_6m_avg_daily_volume"": 2699472.921875, ""volatility_6m"": 0.012319106069721216, ""analysts_covering_asof_anchor"": 39.0}, {""market_id"": ""1244936"", ""slug"": ""ma-quarterly-earnings-nongaap-eps-01-29-2026-4pt24"", ""ticker"": ""MA"", ""anchor_date"": ""2026-01-29"", ""bucket"": ""correct"", ""status"": ""MATCHED_CORRECT"", ""polymarket_resolved_outcome"": ""YES"", ""expected_resolution"": ""YES"", ""label"": ""BEAT"", ""turnover_6m_window_start"": ""2025-07-30"", ""turnover_6m_window_end"": ""2026-01-29"", ""turnover_6m_sum_volume"": 371854909.0, ""turnover_6m_avg_daily_volume"": 2927991.409448819, ""volatility_6m"": 0.01224923541359279, ""analysts_covering_asof_anchor"": 41.0}]",2026-01-31T10:45:17Z,[]
MAR.N,MAR,Marriott International Inc,84611320963.5,Consumer Discretionary,"Hotels, Restaurants & Leisure","Hotels, Motels & Cruise Lines",United States of America,US,United States of America,United States of America,Country of Headquarters,New York Stock Exchange,28.0,27.0,27.0,2838431.0,2838431.0,0.014738273733248895,0.014738273733248895,1,"[""656755""]","[""mar-quarterly-earnings-nongaap-eps-11-04-2025-2pt39""]","[{""market_id"": ""656755"", ""slug"": ""mar-quarterly-earnings-nongaap-eps-11-04-2025-2pt39"", ""ticker"": ""MAR"", ""anchor_date"": ""2025-11-04"", ""bucket"": ""correct"", ""status"": ""MATCHED_CORRECT"", ""polymarket_resolved_outcome"": ""YES"", ""expected_resolution"": ""YES"", ""label"": ""BEAT"", ""turnover_6m_window_start"": ""2025-05-05"", ""turnover_6m_window_end"": ""2025-11-04"", ""turnover_6m_sum_volume"": 2838431.0, ""turnover_6m_avg_daily_volume"": 22175.2421875, ""volatility_6m"": 0.014738273733248895, ""analysts_covering_asof_anchor"": 27.0}]",2026-01-31T10:45:17Z,[]
MAT.N,MAT,Mattel Inc,6492612000.0,Consumer Discretionary,Leisure Products,Toys & Children's Products,United States of America,US,United States of America,United States of America,Country of Headquarters,New York Stock Exchange,15.0,14.0,14.0,10840999.0,10840999.0,0.025187144504653043,0.025187144504653043,1,"[""627652""]","[""mat-quarterly-earnings-nongaap-eps-10-21-2025-1pt07""]","[{""market_id"": ""627652"", ""slug"": ""mat-quarterly-earnings-nongaap-eps-10-21-2025-1pt07"", ""ticker"": ""MAT"", ""anchor_date"": ""2025-10-21"", ""bucket"": ""correct"", ""status"": ""MATCHED_CORRECT"", ""polymarket_resolved_outcome"": ""NO"", ""expected_resolution"": ""NO"", ""label"": ""MISS"", ""turnover_6m_window_start"": ""2025-04-21"", ""turnover_6m_window_end"": ""2025-10-21"", ""turnover_6m_sum_volume"": 10840999.0, ""turnover_6m_avg_daily_volume"": 84695.3046875, ""volatility_6m"": 0.025187144504653043, ""analysts_covering_asof_anchor"": 14.0}]",2026-01-31T10:45:17Z,[]
MBWM.N,MBWM,Mercantile Bank Corp,893074097.8,Financials,Banks,Banks,United States of America,US,United States of America,United States of America,Country of Headquarters,New York Stock Exchange,5.0,5.0,5.0,490180.0,490180.0,0.017357423736885442,0.017357423736885442,1,"[""1118344""]","[""mbwm-quarterly-earnings-gaap-eps-01-20-2026-1pt34""]","[{""market_id"": ""1118344"", ""slug"": ""mbwm-quarterly-earnings-gaap-eps-01-20-2026-1pt34"", ""ticker"": ""MBWM"", ""anchor_date"": ""2026-01-20"", ""bucket"": ""correct"", ""status"": ""MATCHED_CORRECT"", ""polymarket_resolved_outcome"": ""YES"", ""expected_resolution"": ""YES"", ""label"": ""BEAT"", ""turnover_6m_window_start"": ""2025-07-21"", ""turnover_6m_window_end"": ""2026-01-20"", ""turnover_6m_sum_volume"": 490180.0, ""turnover_6m_avg_daily_volume"": 3859.685039370079, ""volatility_6m"": 0.017357423736885442, ""analysts_covering_asof_anchor"": 5.0}]",2026-01-31T10:45:17Z,[]
MCD,MCD,McDonald's Corp,224328620250.0,Consumer Discretionary,"Hotels, Restaurants & Leisure",Restaurants & Bars,United States of America,US,United States of America,United States of America,Country of Headquarters,New York Consolidated,39.0,39.0,39.0,420761067.0,420761067.0,0.009359619498804846,0.009359619498804846,1,"[""655260""]","[""mcd-quarterly-earnings-nongaap-eps-11-05-2025-3pt33""]","[{""market_id"": ""655260"", ""slug"": ""mcd-quarterly-earnings-nongaap-eps-11-05-2025-3pt33"", ""ticker"": ""MCD"", ""anchor_date"": ""2025-11-05"", ""bucket"": ""correct"", ""status"": ""MATCHED_CORRECT"", ""polymarket_resolved_outcome"": ""NO"", ""expected_resolution"": ""NO"", ""label"": ""MISS"", ""turnover_6m_window_start"": ""2025-05-06"", ""turnover_6m_window_end"": ""2025-11-05"", ""turnover_6m_sum_volume"": 420761067.0, ""turnover_6m_avg_daily_volume"": 3287195.8359375, ""volatility_6m"": 0.009359619498804846, ""analysts_covering_asof_anchor"": 39.0}]",2026-01-31T10:45:17Z,[]
MCO,MCO,Moody's Corp,91975904000.0,Financials,Capital Markets,Professional Information Services,United States of America,US,United States of America,United States of America,Country of Headquarters,New York Consolidated,25.0,27.0,27.0,94376667.0,94376667.0,0.01330936406665488,0.01330936406665488,1,"[""627671""]","[""mco-quarterly-earnings-nongaap-eps-10-22-2025-3pt52""]","[{""market_id"": ""627671"", ""slug"": ""mco-quarterly-earnings-nongaap-eps-10-22-2025-3pt52"", ""ticker"": ""MCO"", ""anchor_date"": ""2025-10-22"", ""bucket"": ""correct"", ""status"": ""MATCHED_CORRECT"", ""polymarket_resolved_outcome"": ""YES"", ""expected_resolution"": ""YES"", ""label"": ""BEAT"", ""turnover_6m_window_start"": ""2025-04-22"", ""turnover_6m_window_end"": ""2025-10-22"", ""turnover_6m_sum_volume"": 94376667.0, ""turnover_6m_avg_daily_volume"": 737317.7109375, ""volatility_6m"": 0.01330936406665488, ""analysts_covering_asof_anchor"": 27.0}]",2026-01-31T10:45:17Z,[]
MDB.N,MDB,MongoDB Inc,30223202240.8,Information Technology,IT Services,Software,United States of America,US,United States of America,United States of America,Country of Headquarters,New York Stock Exchange,43.0,42.0,42.0,5240004.0,5240004.0,0.03902018458049004,0.03902018458049004,1,"[""696247""]","[""mdb-quarterly-earnings-nongaap-eps-12-01-2025-0pt79""]","[{""market_id"": ""696247"", ""slug"": ""mdb-quarterly-earnings-nongaap-eps-12-01-2025-0pt79"", ""ticker"": ""MDB"", ""anchor_date"": ""2025-12-01"", ""bucket"": ""correct"", ""status"": ""MATCHED_CORRECT"", ""polymarket_resolved_outcome"": ""YES"", ""expected_resolution"": ""YES"", ""label"": ""BEAT"", ""turnover_6m_window_start"": ""2025-06-01"", ""turnover_6m_window_end"": ""2025-12-01"", ""turnover_6m_sum_volume"": 5240004.0, ""turnover_6m_avg_daily_volume"": 41259.87401574803, ""volatility_6m"": 0.03902018458049004, ""analysts_covering_asof_anchor"": 42.0}]",2026-01-31T10:45:17Z,[]
MET,MET,MetLife Inc,51973373825.28,Financials,Insurance,Life & Health Insurance,United States of America,US,United States of America,United States of America,Country of Headquarters,New York Consolidated,17.0,16.0,16.0,395286794.0,395286794.0,0.01309556460117504,0.01309556460117504,1,"[""655443""]","[""met-quarterly-earnings-nongaap-eps-11-05-2025-2pt32""]","[{""market_id"": ""655443"", ""slug"": ""met-quarterly-earnings-nongaap-eps-11-05-2025-2pt32"", ""ticker"": ""MET"", ""anchor_date"": ""2025-11-05"", ""bucket"": ""correct"", ""status"": ""MATCHED_CORRECT"", ""polymarket_resolved_outcome"": ""YES"", ""expected_resolution"": ""YES"", ""label"": ""BEAT"", ""turnover_6m_window_start"": ""2025-05-06"", ""turnover_6m_window_end"": ""2025-11-05"", ""turnover_6m_sum_volume"": 395286794.0, ""turnover_6m_avg_daily_volume"": 3088178.078125, ""volatility_6m"": 0.01309556460117504, ""analysts_covering_asof_anchor"": 16.0}]",2026-01-31T10:45:17Z,[]
META.N,META,Meta Platforms Inc,1812426489956.0,Communication Services,Interactive Media & Services,Online Services,United States of America,US,United States of America,United States of America,Country of Headquarters,New York Stock Exchange,67.0,69.0,69.0,18742250.0,18742250.0,0.020174198303740506,0.020174198303740506,2,"[""1244865"", ""647819""]","[""meta-quarterly-earnings-gaap-eps-01-28-2026-8pt19"", ""meta-quarterly-earnings-gaap-eps-10-29-2025-6pt72""]","[{""market_id"": ""1244865"", ""slug"": ""meta-quarterly-earnings-gaap-eps-01-28-2026-8pt19"", ""ticker"": ""META"", ""anchor_date"": ""2026-01-28"", ""bucket"": ""correct"", ""status"": ""MATCHED_CORRECT"", ""polymarket_resolved_outcome"": ""YES"", ""expected_resolution"": ""YES"", ""label"": ""BEAT"", ""turnover_6m_window_start"": ""2025-07-29"", ""turnover_6m_window_end"": ""2026-01-28"", ""turnover_6m_sum_volume"": 20287123.0, ""turnover_6m_avg_daily_volume"": 159741.12598425196, ""volatility_6m"": 0.021254571939593736, ""analysts_covering_asof_anchor"": 67.0}, {""market_id"": ""647819"", ""slug"": ""meta-quarterly-earnings-gaap-eps-10-29-2025-6pt72"", ""ticker"": ""META"", ""anchor_date"": ""2025-10-29"", ""bucket"": ""incorrect"", ""status"": ""MATCHED_INCORRECT"", ""polymarket_resolved_outcome"": ""NO"", ""expected_resolution"": ""YES"", ""label"": ""BEAT"", ""turnover_6m_window_start"": ""2025-04-29"", ""turnover_6m_window_end"": ""2025-10-29"", ""turnover_6m_sum_volume"": 17197377.0, ""turnover_6m_avg_daily_volume"": 134354.5078125, ""volatility_6m"": 0.019093824667887276, ""analysts_covering_asof_anchor"": 71.0}]",2026-01-31T10:45:17Z,[]
MGM,MGM,MGM Resorts International,9173405997.6,Consumer Discretionary,"Hotels, Restaurants & Leisure",Casinos & Gaming,United States of America,US,United States of America,United States of America,Country of Headquarters,New York Consolidated,23.0,21.0,21.0,614921088.0,614921088.0,0.021728795582127296,0.021728795582127296,1,"[""647822""]","[""mgm-quarterly-earnings-nongaap-eps-10-29-2025-0pt3""]","[{""market_id"": ""647822"", ""slug"": ""mgm-quarterly-earnings-nongaap-eps-10-29-2025-0pt3"", ""ticker"": ""MGM"", ""anchor_date"": ""2025-10-29"", ""bucket"": ""correct"", ""status"": ""MATCHED_CORRECT"", ""polymarket_resolved_outcome"": ""NO"", ""expected_resolution"": ""NO"", ""label"": ""MISS"", ""turnover_6m_window_start"": ""2025-04-29"", ""turnover_6m_window_end"": ""2025-10-29"", ""turnover_6m_sum_volume"": 614921088.0, ""turnover_6m_avg_daily_volume"": 4804071.0, ""volatility_6m"": 0.021728795582127296, ""analysts_covering_asof_anchor"": 21.0}]",2026-01-31T10:45:17Z,[]
MKC,MKC,McCormick & Company Inc,16595160040.73,Consumer Staples,Food Products,Food Processing,United States of America,US,United States of America,United States of America,Country of Headquarters,New York Consolidated,15.0,15.5,15.5,332486344.5,332486344.5,0.015452569934450967,0.015452569934450967,2,"[""614637"", ""1139951""]","[""mkc-quarterly-earnings-nongaap-eps-2025-10-07-0pt82"", ""mkc-quarterly-earnings-nongaap-eps-01-22-2026-0pt88""]","[{""market_id"": ""614637"", ""slug"": ""mkc-quarterly-earnings-nongaap-eps-2025-10-07-0pt82"", ""ticker"": ""MKC"", ""anchor_date"": ""2025-10-07"", ""bucket"": ""correct"", ""status"": ""MATCHED_CORRECT"", ""polymarket_resolved_outcome"": ""YES"", ""expected_resolution"": ""YES"", ""label"": ""BEAT"", ""turnover_6m_window_start"": ""2025-04-07"", ""turnover_6m_window_end"": ""2025-10-07"", ""turnover_6m_sum_volume"": 312293348.0, ""turnover_6m_avg_daily_volume"": 2459002.7401574804, ""volatility_6m"": 0.015280371848504806, ""analysts_covering_asof_anchor"": 16.0}, {""market_id"": ""1139951"", ""slug"": ""mkc-quarterly-earnings-nongaap-eps-01-22-2026-0pt88"", ""ticker"": ""MKC"", ""anchor_date"": ""2026-01-22"", ""bucket"": ""correct"", ""status"": ""MATCHED_CORRECT"", ""polymarket_resolved_outcome"": ""NO"", ""expected_resolution"": ""NO"", ""label"": ""MISS"", ""turnover_6m_window_start"": ""2025-07-23"", ""turnover_6m_window_end"": ""2026-01-22"", ""turnover_6m_sum_volume"": 352679341.0, ""turnover_6m_avg_daily_volume"": 2777002.68503937, ""volatility_6m"": 0.015624768020397127, ""analysts_covering_asof_anchor"": 15.0}]",2026-01-31T10:45:17Z,[]
MKTX.N,MKTX,Marketaxess Holdings Inc,6290534298.84,Financials,Capital Markets,Financial & Commodity Market Operators & Service Providers,United States of America,US,United States of America,United States of America,Country of Headquarters,New York Stock Exchange,14.0,16.0,16.0,1231441.0,1231441.0,0.017532663293696998,0.017532663293696998,1,"[""658624""]","[""mktx-quarterly-earnings-gaap-eps-11-07-2025-1pt68""]","[{""market_id"": ""658624"", ""slug"": ""mktx-quarterly-earnings-gaap-eps-11-07-2025-1pt68"", ""ticker"": ""MKTX"", ""anchor_date"": ""2025-11-07"", ""bucket"": ""correct"", ""status"": ""MATCHED_CORRECT"", ""polymarket_resolved_outcome"": ""YES"", ""expected_resolution"": ""YES"", ""label"": ""BEAT"", ""turnover_6m_window_start"": ""2025-05-08"", ""turnover_6m_window_end"": ""2025-11-07"", ""turnover_6m_sum_volume"": 1231441.0, ""turnover_6m_avg_daily_volume"": 9620.6328125, ""volatility_6m"": 0.017532663293696998, ""analysts_covering_asof_anchor"": 16.0}]",2026-01-31T10:45:17Z,[]
MLKN.N,MLKN,MillerKnoll Inc,1370459598.4,Industrials,Commercial Services & Supplies,Business Support Supplies,United States of America,US,United States of America,United States of America,Country of Headquarters,New York Stock Exchange,3.0,3.0,3.0,1106147.0,1106147.0,0.02969978195405763,0.02969978195405763,1,"[""599651""]","[""will-mlkn-beat-earnings-estimate-2025-09-23-0pt34""]","[{""market_id"": ""599651"", ""slug"": ""will-mlkn-beat-earnings-estimate-2025-09-23-0pt34"", ""ticker"": ""MLKN"", ""anchor_date"": ""2025-09-23"", ""bucket"": ""correct"", ""status"": ""MATCHED_CORRECT"", ""polymarket_resolved_outcome"": ""YES"", ""expected_resolution"": ""YES"", ""label"": ""BEAT"", ""turnover_6m_window_start"": ""2025-03-24"", ""turnover_6m_window_end"": ""2025-09-23"", ""turnover_6m_sum_volume"": 1106147.0, ""turnover_6m_avg_daily_volume"": 8709.818897637795, ""volatility_6m"": 0.02969978195405763, ""analysts_covering_asof_anchor"": 3.0}]",2026-01-31T10:45:17Z,[]
MMM,MMM,3M Co,81217551703.96,Industrials,Industrial Conglomerates,Consumer Goods Conglomerates,United States of America,US,United States of America,United States of America,Country of Headquarters,New York Consolidated,20.0,20.0,20.0,402144127.5,402144127.5,0.016926164501722255,0.016926164501722255,2,"[""627752"", ""1118343""]","[""mmm-quarterly-earnings-nongaap-eps-10-21-2025-2pt07"", ""mmm-quarterly-earnings-nongaap-eps-01-20-2026-1pt81""]","[{""market_id"": ""627752"", ""slug"": ""mmm-quarterly-earnings-nongaap-eps-10-21-2025-2pt07"", ""ticker"": ""MMM"", ""anchor_date"": ""2025-10-21"", ""bucket"": ""correct"", ""status"": ""MATCHED_CORRECT"", ""polymarket_resolved_outcome"": ""YES"", ""expected_resolution"": ""YES"", ""label"": ""BEAT"", ""turnover_6m_window_start"": ""2025-04-21"", ""turnover_6m_window_end"": ""2025-10-21"", ""turnover_6m_sum_volume"": 412718374.0, ""turnover_6m_avg_daily_volume"": 3224362.296875, ""volatility_6m"": 0.01752626383747298, ""analysts_covering_asof_anchor"": 20.0}, {""market_id"": ""1118343"", ""slug"": ""mmm-quarterly-earnings-nongaap-eps-01-20-2026-1pt81"", ""ticker"": ""MMM"", ""anchor_date"": ""2026-01-20"", ""bucket"": ""correct"", ""status"": ""MATCHED_CORRECT"", ""polymarket_resolved_outcome"": ""YES"", ""expected_resolution"": ""YES"", ""label"": ""BEAT"", ""turnover_6m_window_start"": ""2025-07-21"", ""turnover_6m_window_end"": ""2026-01-20"", ""turnover_6m_sum_volume"": 391569881.0, ""turnover_6m_avg_daily_volume"": 3083227.409448819, ""volatility_6m"": 0.016326065165971532, ""analysts_covering_asof_anchor"": 20.0}]",2026-01-31T10:45:17Z,[]
MNST.N,MNST,Monster Beverage Corp,78904233404.16,Consumer Staples,Beverages,Non-Alcoholic Beverages,United States of America,US,United States of America,United States of America,Country of Headquarters,New York Stock Exchange,25.0,25.0,25.0,13261246.0,13261246.0,0.0138604412398103,0.0138604412398103,1,"[""656874""]","[""mnst-quarterly-earnings-gaap-eps-11-06-2025-0pt48""]","[{""market_id"": ""656874"", ""slug"": ""mnst-quarterly-earnings-gaap-eps-11-06-2025-0pt48"", ""ticker"": ""MNST"", ""anchor_date"": ""2025-11-06"", ""bucket"": ""correct"", ""status"": ""MATCHED_CORRECT"", ""polymarket_resolved_outcome"": ""YES"", ""expected_resolution"": ""YES"", ""label"": ""BEAT"", ""turnover_6m_window_start"": ""2025-05-07"", ""turnover_6m_window_end"": ""2025-11-06"", ""turnover_6m_sum_volume"": 13261246.0, ""turnover_6m_avg_daily_volume"": 103603.484375, ""volatility_6m"": 0.0138604412398103, ""analysts_covering_asof_anchor"": 25.0}]",2026-01-31T10:45:17Z,[]
MPC,MPC,Marathon Petroleum Corp,52963150775.01,Energy,"Oil, Gas & Consumable Fuels",Oil & Gas Refining and Marketing,United States of America,US,United States of America,United States of America,Country of Headquarters,New York Consolidated,20.0,20.0,20.0,273987785.0,273987785.0,0.01627924670301681,0.01627924670301681,1,"[""656819""]","[""mpc-quarterly-earnings-gaap-eps-11-04-2025-3pt17""]","[{""market_id"": ""656819"", ""slug"": ""mpc-quarterly-earnings-gaap-eps-11-04-2025-3pt17"", ""ticker"": ""MPC"", ""anchor_date"": ""2025-11-04"", ""bucket"": ""incorrect"", ""status"": ""MATCHED_INCORRECT"", ""polymarket_resolved_outcome"": ""YES"", ""expected_resolution"": ""NO"", ""label"": ""MISS"", ""turnover_6m_window_start"": ""2025-05-05"", ""turnover_6m_window_end"": ""2025-11-04"", ""turnover_6m_sum_volume"": 273987785.0, ""turnover_6m_avg_daily_volume"": 2140529.5703125, ""volatility_6m"": 0.01627924670301681, ""analysts_covering_asof_anchor"": 20.0}]",2026-01-31T10:45:17Z,[]
MRNA.N,MRNA,Moderna Inc,17217246093.84,Health Care,Biotechnology,Pharmaceuticals,United States of America,US,United States of America,United States of America,Country of Headquarters,New York Stock Exchange,26.0,26.0,26.0,22811760.0,22811760.0,0.03578113079635865,0.03578113079635865,1,"[""657079""]","[""mrna-quarterly-earnings-gaap-eps-11-06-2025-neg2pt18""]","[{""market_id"": ""657079"", ""slug"": ""mrna-quarterly-earnings-gaap-eps-11-06-2025-neg2pt18"", ""ticker"": ""MRNA"", ""anchor_date"": ""2025-11-06"", ""bucket"": ""correct"", ""status"": ""MATCHED_CORRECT"", ""polymarket_resolved_outcome"": ""YES"", ""expected_resolution"": ""YES"", ""label"": ""BEAT"", ""turnover_6m_window_start"": ""2025-05-07"", ""turnover_6m_window_end"": ""2025-11-06"", ""turnover_6m_sum_volume"": 22811760.0, ""turnover_6m_avg_daily_volume"": 178216.875, ""volatility_6m"": 0.03578113079635865, ""analysts_covering_asof_anchor"": 26.0}]",2026-01-31T10:45:17Z,[]
MRX.N,MRX,Marex Group PLC,2878055599.44,Financials,Capital Markets,Investment Banking & Brokerage Services,United Kingdom,GB,United Kingdom,United States of America,Country of Headquarters,New York Stock Exchange,7.0,9.0,9.0,1729702.0,1729702.0,0.023433644701763644,0.023433644701763644,1,"[""658481""]","[""mrx-quarterly-earnings-nongaap-eps-11-06-2025-0pt94""]","[{""market_id"": ""658481"", ""slug"": ""mrx-quarterly-earnings-nongaap-eps-11-06-2025-0pt94"", ""ticker"": ""MRX"", ""anchor_date"": ""2025-11-06"", ""bucket"": ""correct"", ""status"": ""MATCHED_CORRECT"", ""polymarket_resolved_outcome"": ""YES"", ""expected_resolution"": ""YES"", ""label"": ""BEAT"", ""turnover_6m_window_start"": ""2025-05-07"", ""turnover_6m_window_end"": ""2025-11-06"", ""turnover_6m_sum_volume"": 1729702.0, ""turnover_6m_avg_daily_volume"": 13513.296875, ""volatility_6m"": 0.023433644701763644, ""analysts_covering_asof_anchor"": 9.0}]",2026-01-31T10:45:17Z,[]
MS,MS,Morgan Stanley,289372400000.0,Financials,Capital Markets,Investment Banking & Brokerage Services,United States of America,US,United States of America,United States of America,Country of Headquarters,New York Consolidated,27.0,27.0,27.0,699732622.5,699732622.5,0.01382554320236168,0.01382554320236168,2,"[""614614"", ""1099149""]","[""ms-quarterly-earnings-gaap-eps-2025-10-15-2pt06"", ""ms-quarterly-earnings-gaap-eps-01-15-2026-2pt42""]","[{""market_id"": ""614614"", ""slug"": ""ms-quarterly-earnings-gaap-eps-2025-10-15-2pt06"", ""ticker"": ""MS"", ""anchor_date"": ""2025-10-15"", ""bucket"": ""correct"", ""status"": ""MATCHED_CORRECT"", ""polymarket_resolved_outcome"": ""YES"", ""expected_resolution"": ""YES"", ""label"": ""BEAT"", ""turnover_6m_window_start"": ""2025-04-15"", ""turnover_6m_window_end"": ""2025-10-15"", ""turnover_6m_sum_volume"": 705821142.0, ""turnover_6m_avg_daily_volume"": 5557646.787401575, ""volatility_6m"": 0.013616237926085895, ""analysts_covering_asof_anchor"": 27.0}, {""market_id"": ""1099149"", ""slug"": ""ms-quarterly-earnings-gaap-eps-01-15-2026-2pt42"", ""ticker"": ""MS"", ""anchor_date"": ""2026-01-15"", ""bucket"": ""correct"", ""status"": ""MATCHED_CORRECT"", ""polymarket_resolved_outcome"": ""YES"", ""expected_resolution"": ""YES"", ""label"": ""BEAT"", ""turnover_6m_window_start"": ""2025-07-16"", ""turnover_6m_window_end"": ""2026-01-15"", ""turnover_6m_sum_volume"": 693644103.0, ""turnover_6m_avg_daily_volume"": 5419094.5546875, ""volatility_6m"": 0.014034848478637466, ""analysts_covering_asof_anchor"": 27.0}]",2026-01-31T10:45:17Z,[]
MSCI.N,MSCI,MSCI Inc,44838592000.0,Financials,Capital Markets,Professional Information Services,United States of America,US,United States of America,United States of America,Country of Headquarters,New York Stock Exchange,18.0,20.0,20.0,20941195.0,20941195.0,0.017189566896702653,0.017189566896702653,1,"[""643033""]","[""msci-quarterly-earnings-nongaap-eps-10-28-2025-4pt37""]","[{""market_id"": ""643033"", ""slug"": ""msci-quarterly-earnings-nongaap-eps-10-28-2025-4pt37"", ""ticker"": ""MSCI"", ""anchor_date"": ""2025-10-28"", ""bucket"": ""correct"", ""status"": ""MATCHED_CORRECT"", ""polymarket_resolved_outcome"": ""YES"", ""expected_resolution"": ""YES"", ""label"": ""BEAT"", ""turnover_6m_window_start"": ""2025-04-28"", ""turnover_6m_window_end"": ""2025-10-28"", ""turnover_6m_sum_volume"": 20941195.0, ""turnover_6m_avg_daily_volume"": 163603.0859375, ""volatility_6m"": 0.017189566896702653, ""analysts_covering_asof_anchor"": 20.0}]",2026-01-31T10:45:17Z,[]
MSFT.N,MSFT,Microsoft Corp,3195173935112.04,Information Technology,Software,Software,United States of America,US,United States of America,United States of America,Country of Headquarters,New York Stock Exchange,59.0,59.5,59.5,27852593.5,27852593.5,0.012016171658619871,0.012016171658619871,2,"[""643054"", ""1244871""]","[""msft-quarterly-earnings-gaap-eps-10-29-2025-3pt66"", ""msft-quarterly-earnings-gaap-eps-01-28-2026-3pt85""]","[{""market_id"": ""643054"", ""slug"": ""msft-quarterly-earnings-gaap-eps-10-29-2025-3pt66"", ""ticker"": ""MSFT"", ""anchor_date"": ""2025-10-29"", ""bucket"": ""correct"", ""status"": ""MATCHED_CORRECT"", ""polymarket_resolved_outcome"": ""YES"", ""expected_resolution"": ""YES"", ""label"": ""BEAT"", ""turnover_6m_window_start"": ""2025-04-29"", ""turnover_6m_window_end"": ""2025-10-29"", ""turnover_6m_sum_volume"": 27301435.0, ""turnover_6m_avg_daily_volume"": 213292.4609375, ""volatility_6m"": 0.011696883299171902, ""analysts_covering_asof_anchor"": 60.0}, {""market_id"": ""1244871"", ""slug"": ""msft-quarterly-earnings-gaap-eps-01-28-2026-3pt85"", ""ticker"": ""MSFT"", ""anchor_date"": ""2026-01-28"", ""bucket"": ""correct"", ""status"": ""MATCHED_CORRECT"", ""polymarket_resolved_outcome"": ""YES"", ""expected_resolution"": ""YES"", ""label"": ""BEAT"", ""turnover_6m_window_start"": ""2025-07-29"", ""turnover_6m_window_end"": ""2026-01-28"", ""turnover_6m_sum_volume"": 28403752.0, ""turnover_6m_avg_daily_volume"": 223651.5905511811, ""volatility_6m"": 0.01233546001806784, ""analysts_covering_asof_anchor"": 59.0}]",2026-01-31T10:45:17Z,[]
MSTR.N,MSTR,Strategy Inc,43905657034.504,Information Technology,Software,Software,United States of America,US,United States of America,United States of America,Country of Headquarters,New York Stock Exchange,12.0,13.0,13.0,19670995.0,19670995.0,0.033743345462926275,0.033743345462926275,1,"[""648382""]","[""mstr-quarterly-earnings-gaap-eps-10-30-2025-9pt67""]","[{""market_id"": ""648382"", ""slug"": ""mstr-quarterly-earnings-gaap-eps-10-30-2025-9pt67"", ""ticker"": ""MSTR"", ""anchor_date"": ""2025-10-30"", ""bucket"": ""correct"", ""status"": ""MATCHED_CORRECT"", ""polymarket_resolved_outcome"": ""NO"", ""expected_resolution"": ""NO"", ""label"": ""MISS"", ""turnover_6m_window_start"": ""2025-04-30"", ""turnover_6m_window_end"": ""2025-10-30"", ""turnover_6m_sum_volume"": 19670995.0, ""turnover_6m_avg_daily_volume"": 153679.6484375, ""volatility_6m"": 0.033743345462926275, ""analysts_covering_asof_anchor"": 13.0}]",2026-01-31T10:45:17Z,[]
MTB,MTB,M&T Bank Corp,33643188800.0,Financials,Banks,Banks,United States of America,US,United States of America,United States of America,Country of Headquarters,New York Consolidated,23.0,23.0,23.0,133184430.0,133184430.0,0.012723935060479833,0.012723935060479833,1,"[""1099457""]","[""mtb-quarterly-earnings-gaap-eps-01-16-2026-4pt5""]","[{""market_id"": ""1099457"", ""slug"": ""mtb-quarterly-earnings-gaap-eps-01-16-2026-4pt5"", ""ticker"": ""MTB"", ""anchor_date"": ""2026-01-16"", ""bucket"": ""correct"", ""status"": ""MATCHED_CORRECT"", ""polymarket_resolved_outcome"": ""YES"", ""expected_resolution"": ""YES"", ""label"": ""BEAT"", ""turnover_6m_window_start"": ""2025-07-17"", ""turnover_6m_window_end"": ""2026-01-16"", ""turnover_6m_sum_volume"": 133184430.0, ""turnover_6m_avg_daily_volume"": 1040503.359375, ""volatility_6m"": 0.012723935060479833, ""analysts_covering_asof_anchor"": 23.0}]",2026-01-31T10:45:17Z,[]
MTN,MTN,Vail Resorts Inc,4760655765.25,Consumer Discretionary,"Hotels, Restaurants & Leisure",Leisure & Recreation,United States of America,US,United States of America,United States of America,Country of Headquarters,New York Consolidated,10.0,11.0,11.0,89579608.0,89579608.0,0.018540752731099053,0.018540752731099053,1,"[""701994""]","[""mtn-quarterly-earnings-gaap-eps-12-10-2025-neg5pt24""]","[{""market_id"": ""701994"", ""slug"": ""mtn-quarterly-earnings-gaap-eps-12-10-2025-neg5pt24"", ""ticker"": ""MTN"", ""anchor_date"": ""2025-12-10"", ""bucket"": ""correct"", ""status"": ""MATCHED_CORRECT"", ""polymarket_resolved_outcome"": ""YES"", ""expected_resolution"": ""YES"", ""label"": ""BEAT"", ""turnover_6m_window_start"": ""2025-06-10"", ""turnover_6m_window_end"": ""2025-12-10"", ""turnover_6m_sum_volume"": 89579608.0, ""turnover_6m_avg_daily_volume"": 699840.6875, ""volatility_6m"": 0.018540752731099053, ""analysts_covering_asof_anchor"": 11.0}]",2026-01-31T10:45:17Z,[]
MU.N,MU,Micron Technology Inc,466951282203.68,Information Technology,Semiconductors & Semiconductor Equipment,Semiconductors,United States of America,US,United States of America,United States of America,Country of Headquarters,New York Stock Exchange,47.0,45.0,45.0,32858910.0,32858910.0,0.036032342607058676,0.036032342607058676,2,"[""598107"", ""703110""]","[""will-mu-beat-earnings-estimate-2025-09-23-2pt85"", ""mu-quarterly-earnings-nongaap-eps-12-17-2025-3pt78""]","[{""market_id"": ""598107"", ""slug"": ""will-mu-beat-earnings-estimate-2025-09-23-2pt85"", ""ticker"": ""MU"", ""anchor_date"": ""2025-09-23"", ""bucket"": ""correct"", ""status"": ""MATCHED_CORRECT"", ""polymarket_resolved_outcome"": ""YES"", ""expected_resolution"": ""YES"", ""label"": ""BEAT"", ""turnover_6m_window_start"": ""2025-03-24"", ""turnover_6m_window_end"": ""2025-09-23"", ""turnover_6m_sum_volume"": 35216784.0, ""turnover_6m_avg_daily_volume"": 277297.51181102364, ""volatility_6m"": 0.037880807504448374, ""analysts_covering_asof_anchor"": 44.0}, {""market_id"": ""703110"", ""slug"": ""mu-quarterly-earnings-nongaap-eps-12-17-2025-3pt78"", ""ticker"": ""MU"", ""anchor_date"": ""2025-12-17"", ""bucket"": ""correct"", ""status"": ""MATCHED_CORRECT"", ""polymarket_resolved_outcome"": ""YES"", ""expected_resolution"": ""YES"", ""label"": ""BEAT"", ""turnover_6m_window_start"": ""2025-06-17"", ""turnover_6m_window_end"": ""2025-12-17"", ""turnover_6m_sum_volume"": 30501036.0, ""turnover_6m_avg_daily_volume"": 238289.34375, ""volatility_6m"": 0.034183877709668985, ""analysts_covering_asof_anchor"": 46.0}]",2026-01-31T10:45:17Z,[]
NDAQ.N,NDAQ,Nasdaq Inc,55323747503.37,Financials,Capital Markets,Financial & Commodity Market Operators & Service Providers,United States of America,US,United States of America,United States of America,Country of Headquarters,New York Stock Exchange,17.0,20.0,20.0,7428508.0,7428508.0,0.01170490962812296,0.01170490962812296,1,"[""627653""]","[""ndaq-quarterly-earnings-nongaap-eps-10-21-2025-0pt83""]","[{""market_id"": ""627653"", ""slug"": ""ndaq-quarterly-earnings-nongaap-eps-10-21-2025-0pt83"", ""ticker"": ""NDAQ"", ""anchor_date"": ""2025-10-21"", ""bucket"": ""correct"", ""status"": ""MATCHED_CORRECT"", ""polymarket_resolved_outcome"": ""YES"", ""expected_resolution"": ""YES"", ""label"": ""BEAT"", ""turnover_6m_window_start"": ""2025-04-21"", ""turnover_6m_window_end"": ""2025-10-21"", ""turnover_6m_sum_volume"": 7428508.0, ""turnover_6m_avg_daily_volume"": 58035.21875, ""volatility_6m"": 0.01170490962812296, ""analysts_covering_asof_anchor"": 20.0}]",2026-01-31T10:45:17Z,[]
NEOG.N,NEOG,Neogen Corp,2223115525.82,Health Care,Health Care Equipment & Supplies,"Medical Equipment, Supplies & Distribution",United States of America,US,United States of America,United States of America,Country of Headquarters,New York Stock Exchange,5.0,5.0,5.0,18189839.0,18189839.0,0.042919192073226135,0.042919192073226135,1,"[""620023""]","[""neog-quarterly-earnings-nongaap-eps-2025-10-09-0pt04""]","[{""market_id"": ""620023"", ""slug"": ""neog-quarterly-earnings-nongaap-eps-2025-10-09-0pt04"", ""ticker"": ""NEOG"", ""anchor_date"": ""2025-10-09"", ""bucket"": ""correct"", ""status"": ""MATCHED_CORRECT"", ""polymarket_resolved_outcome"": ""NO"", ""expected_resolution"": ""NO"", ""label"": ""TIE"", ""turnover_6m_window_start"": ""2025-04-09"", ""turnover_6m_window_end"": ""2025-10-09"", ""turnover_6m_sum_volume"": 18189839.0, ""turnover_6m_avg_daily_volume"": 143227.07874015748, ""volatility_6m"": 0.042919192073226135, ""analysts_covering_asof_anchor"": 5.0}]",2026-01-31T10:45:17Z,[]
NFLX.N,NFLX,Netflix Inc,352508317903.5,Communication Services,Entertainment,Online Services,United States of America,US,United States of America,United States of America,Country of Headquarters,New York Stock Exchange,47.0,48.0,48.0,61374632.0,61374632.0,0.01733405677815151,0.01733405677815151,2,"[""627654"", ""1118262""]","[""nflx-quarterly-earnings-nongaap-eps-10-21-2025-6pt95"", ""nflx-quarterly-earnings-gaap-eps-01-20-2026-0pt55""]","[{""market_id"": ""627654"", ""slug"": ""nflx-quarterly-earnings-nongaap-eps-10-21-2025-6pt95"", ""ticker"": ""NFLX"", ""anchor_date"": ""2025-10-21"", ""bucket"": ""correct"", ""status"": ""MATCHED_CORRECT"", ""polymarket_resolved_outcome"": ""NO"", ""expected_resolution"": ""NO"", ""label"": ""MISS"", ""turnover_6m_window_start"": ""2025-04-21"", ""turnover_6m_window_end"": ""2025-10-21"", ""turnover_6m_sum_volume"": 58259572.0, ""turnover_6m_avg_daily_volume"": 455152.90625, ""volatility_6m"": 0.016042918060916442, ""analysts_covering_asof_anchor"": 51.0}, {""market_id"": ""1118262"", ""slug"": ""nflx-quarterly-earnings-gaap-eps-01-20-2026-0pt55"", ""ticker"": ""NFLX"", ""anchor_date"": ""2026-01-20"", ""bucket"": ""correct"", ""status"": ""MATCHED_CORRECT"", ""polymarket_resolved_outcome"": ""YES"", ""expected_resolution"": ""YES"", ""label"": ""BEAT"", ""turnover_6m_window_start"": ""2025-07-21"", ""turnover_6m_window_end"": ""2026-01-20"", ""turnover_6m_sum_volume"": 64489692.0, ""turnover_6m_avg_daily_volume"": 507792.85039370076, ""volatility_6m"": 0.018625195495386576, ""analysts_covering_asof_anchor"": 45.0}]",2026-01-31T10:45:17Z,[]
NKE,NKE,Nike Inc,91502498077.62,Consumer Discretionary,"Textiles, Apparel & Luxury Goods",Footwear,United States of America,US,United States of America,United States of America,Country of Headquarters,New York Consolidated,40.0,39.0,39.0,2033075760.0,2033075760.0,0.025688475690377445,0.025688475690377445,2,"[""613037"", ""703121""]","[""nke-quarterly-earnings-gaap-eps-2025-09-30-0pt27"", ""nke-quarterly-earnings-gaap-eps-12-18-2025-0pt37""]","[{""market_id"": ""613037"", ""slug"": ""nke-quarterly-earnings-gaap-eps-2025-09-30-0pt27"", ""ticker"": ""NKE"", ""anchor_date"": ""2025-09-30"", ""bucket"": ""correct"", ""status"": ""MATCHED_CORRECT"", ""polymarket_resolved_outcome"": ""YES"", ""expected_resolution"": ""YES"", ""label"": ""BEAT"", ""turnover_6m_window_start"": ""2025-03-31"", ""turnover_6m_window_end"": ""2025-09-30"", ""turnover_6m_sum_volume"": 2137363511.0, ""turnover_6m_avg_daily_volume"": 16829633.94488189, ""volatility_6m"": 0.02926250282598075, ""analysts_covering_asof_anchor"": 38.0}, {""market_id"": ""703121"", ""slug"": ""nke-quarterly-earnings-gaap-eps-12-18-2025-0pt37"", ""ticker"": ""NKE"", ""anchor_date"": ""2025-12-18"", ""bucket"": ""correct"", ""status"": ""MATCHED_CORRECT"", ""polymarket_resolved_outcome"": ""YES"", ""expected_resolution"": ""YES"", ""label"": ""BEAT"", ""turnover_6m_window_start"": ""2025-06-18"", ""turnover_6m_window_end"": ""2025-12-18"", ""turnover_6m_sum_volume"": 1928788009.0, ""turnover_6m_avg_daily_volume"": 15068656.3203125, ""volatility_6m"": 0.022114448554774138, ""analysts_covering_asof_anchor"": 40.0}]",2026-01-31T10:45:17Z,[]
NMAX.N,NMAX,Newsmax Inc,890990921.1,Communication Services,Media,Broadcasting,United States of America,US,United States of America,United States of America,Country of Headquarters,New York Stock Exchange,2.0,2.0,2.0,17528727.0,17528727.0,0.04565551501755052,0.04565551501755052,1,"[""668511""]","[""nmax-quarterly-earnings-gaap-eps-11-13-2025-neg0pt07""]","[{""market_id"": ""668511"", ""slug"": ""nmax-quarterly-earnings-gaap-eps-11-13-2025-neg0pt07"", ""ticker"": ""NMAX"", ""anchor_date"": ""2025-11-13"", ""bucket"": ""correct"", ""status"": ""MATCHED_CORRECT"", ""polymarket_resolved_outcome"": ""YES"", ""expected_resolution"": ""YES"", ""label"": ""BEAT"", ""turnover_6m_window_start"": ""2025-05-14"", ""turnover_6m_window_end"": ""2025-11-13"", ""turnover_6m_sum_volume"": 17528727.0, ""turnover_6m_avg_daily_volume"": 136943.1796875, ""volatility_6m"": 0.04565551501755052, ""analysts_covering_asof_anchor"": 2.0}]",2026-01-31T10:45:17Z,[]
NOC,NOC,Northrop Grumman Corp,98246661353.46,Industrials,Aerospace & Defense,Aerospace & Defense,United States of America,US,United States of America,United States of America,Country of Headquarters,New York Consolidated,25.0,24.0,24.0,112312848.0,112312848.0,0.018631063299617306,0.018631063299617306,1,"[""627657""]","[""noc-quarterly-earnings-gaap-eps-10-21-2025-6pt49""]","[{""market_id"": ""627657"", ""slug"": ""noc-quarterly-earnings-gaap-eps-10-21-2025-6pt49"", ""ticker"": ""NOC"", ""anchor_date"": ""2025-10-21"", ""bucket"": ""correct"", ""status"": ""MATCHED_CORRECT"", ""polymarket_resolved_outcome"": ""YES"", ""expected_resolution"": ""YES"", ""label"": ""BEAT"", ""turnover_6m_window_start"": ""2025-04-21"", ""turnover_6m_window_end"": ""2025-10-21"", ""turnover_6m_sum_volume"": 112312848.0, ""turnover_6m_avg_daily_volume"": 877444.125, ""volatility_6m"": 0.018631063299617306, ""analysts_covering_asof_anchor"": 24.0}]",2026-01-31T10:45:17Z,[]
NRIX.N,NRIX,Nurix Therapeutics Inc,1698966558.24,Health Care,Biotechnology,Biotechnology & Medical Research,United States of America,US,United States of America,United States of America,Country of Headquarters,New York Stock Exchange,17.0,18.0,18.0,1628984.0,1628984.0,0.0389360078721745,0.0389360078721745,1,"[""620032""]","[""nrix-quarterly-earnings-gaap-eps-2025-10-9-neg0pt85""]","[{""market_id"": ""620032"", ""slug"": ""nrix-quarterly-earnings-gaap-eps-2025-10-9-neg0pt85"", ""ticker"": ""NRIX"", ""anchor_date"": ""2025-10-09"", ""bucket"": ""correct"", ""status"": ""MATCHED_CORRECT"", ""polymarket_resolved_outcome"": ""NO"", ""expected_resolution"": ""NO"", ""label"": ""MISS"", ""turnover_6m_window_start"": ""2025-04-09"", ""turnover_6m_window_end"": ""2025-10-09"", ""turnover_6m_sum_volume"": 1628984.0, ""turnover_6m_avg_daily_volume"": 12826.645669291338, ""volatility_6m"": 0.0389360078721745, ""analysts_covering_asof_anchor"": 18.0}]",2026-01-31T10:45:17Z,[]
NTRS.N,NTRS,Northern Trust Corp,27844487340.0,Financials,Capital Markets,Investment Management & Fund Operators,United States of America,US,United States of America,United States of America,Country of Headquarters,New York Stock Exchange,16.0,16.0,16.0,2740960.0,2740960.0,0.016756937894898547,0.016756937894898547,1,"[""637819""]","[""ntrs-quarterly-earnings-gaap-eps-10-22-2025-2pt24""]","[{""market_id"": ""637819"", ""slug"": ""ntrs-quarterly-earnings-gaap-eps-10-22-2025-2pt24"", ""ticker"": ""NTRS"", ""anchor_date"": ""2025-10-22"", ""bucket"": ""correct"", ""status"": ""MATCHED_CORRECT"", ""polymarket_resolved_outcome"": ""YES"", ""expected_resolution"": ""YES"", ""label"": ""BEAT"", ""turnover_6m_window_start"": ""2025-04-22"", ""turnover_6m_window_end"": ""2025-10-22"", ""turnover_6m_sum_volume"": 2740960.0, ""turnover_6m_avg_daily_volume"": 21413.75, ""volatility_6m"": 0.016756937894898547, ""analysts_covering_asof_anchor"": 16.0}]",2026-01-31T10:45:17Z,[]
NVDA.N,NVDA,NVIDIA Corp,4644459000000.0,Information Technology,Semiconductors & Semiconductor Equipment,Semiconductors,United States of America,US,United States of America,United States of America,Country of Headquarters,New York Stock Exchange,68.0,65.0,65.0,262373019.0,262373019.0,0.020306870563656536,0.020306870563656536,1,"[""675504""]","[""nvda-quarterly-earnings-nongaap-eps-11-19-2025-1pt25""]","[{""market_id"": ""675504"", ""slug"": ""nvda-quarterly-earnings-nongaap-eps-11-19-2025-1pt25"", ""ticker"": ""NVDA"", ""anchor_date"": ""2025-11-19"", ""bucket"": ""correct"", ""status"": ""MATCHED_CORRECT"", ""polymarket_resolved_outcome"": ""YES"", ""expected_resolution"": ""YES"", ""label"": ""BEAT"", ""turnover_6m_window_start"": ""2025-05-20"", ""turnover_6m_window_end"": ""2025-11-19"", ""turnover_6m_sum_volume"": 262373019.0, ""turnover_6m_avg_daily_volume"": 2049789.2109375, ""volatility_6m"": 0.020306870563656536, ""analysts_covering_asof_anchor"": 65.0}]",2026-01-31T10:45:17Z,[]
NWSA.N,NWSA,News Corp,15938804279.83,Communication Services,Media,Consumer Publishing,United States of America,US,United States of America,United States of America,Country of Headquarters,New York Stock Exchange,9.0,9.0,9.0,11583968.0,11583968.0,0.013082295182496633,0.013082295182496633,1,"[""657065""]","[""nwsa-quarterly-earnings-nongaap-eps-11-06-2025-0pt19""]","[{""market_id"": ""657065"", ""slug"": ""nwsa-quarterly-earnings-nongaap-eps-11-06-2025-0pt19"", ""ticker"": ""NWSA"", ""anchor_date"": ""2025-11-06"", ""bucket"": ""correct"", ""status"": ""MATCHED_CORRECT"", ""polymarket_resolved_outcome"": ""YES"", ""expected_resolution"": ""YES"", ""label"": ""BEAT"", ""turnover_6m_window_start"": ""2025-05-07"", ""turnover_6m_window_end"": ""2025-11-06"", ""turnover_6m_sum_volume"": 11583968.0, ""turnover_6m_avg_daily_volume"": 90499.75, ""volatility_6m"": 0.013082295182496633, ""analysts_covering_asof_anchor"": 9.0}]",2026-01-31T10:45:17Z,[]
NYT,NYT,New York Times Co,11901805849.79,Communication Services,Media,Consumer Publishing,United States of America,US,United States of America,United States of America,Country of Headquarters,New York Consolidated,10.0,10.0,10.0,215210185.0,215210185.0,0.017511255947923115,0.017511255947923115,1,"[""652605""]","[""nyt-quarterly-earnings-nongaap-eps-11-05-2025-0pt53""]","[{""market_id"": ""652605"", ""slug"": ""nyt-quarterly-earnings-nongaap-eps-11-05-2025-0pt53"", ""ticker"": ""NYT"", ""anchor_date"": ""2025-11-05"", ""bucket"": ""correct"", ""status"": ""MATCHED_CORRECT"", ""polymarket_resolved_outcome"": ""YES"", ""expected_resolution"": ""YES"", ""label"": ""BEAT"", ""turnover_6m_window_start"": ""2025-05-06"", ""turnover_6m_window_end"": ""2025-11-05"", ""turnover_6m_sum_volume"": 215210185.0, ""turnover_6m_avg_daily_volume"": 1681329.5703125, ""volatility_6m"": 0.017511255947923115, ""analysts_covering_asof_anchor"": 10.0}]",2026-01-31T10:45:17Z,[]
OKLO.N,OKLO,Oklo Inc,12440392111.5,Utilities,Electric Utilities,Electric Utilities,United States of America,US,United States of America,United States of America,Country of Headquarters,New York Stock Exchange,19.0,18.0,18.0,426502909.0,426502909.0,0.06972538090124449,0.06972538090124449,1,"[""668453""]","[""oklo-quarterly-earnings-gaap-eps-11-11-2025-neg0pt12""]","[{""market_id"": ""668453"", ""slug"": ""oklo-quarterly-earnings-gaap-eps-11-11-2025-neg0pt12"", ""ticker"": ""OKLO"", ""anchor_date"": ""2025-11-11"", ""bucket"": ""correct"", ""status"": ""MATCHED_CORRECT"", ""polymarket_resolved_outcome"": ""NO"", ""expected_resolution"": ""NO"", ""label"": ""MISS"", ""turnover_6m_window_start"": ""2025-05-12"", ""turnover_6m_window_end"": ""2025-11-11"", ""turnover_6m_sum_volume"": 426502909.0, ""turnover_6m_avg_daily_volume"": 3332053.9765625, ""volatility_6m"": 0.06972538090124449, ""analysts_covering_asof_anchor"": 18.0}]",2026-01-31T10:45:17Z,[]
OKTA.N,OKTA,Okta Inc,14972409070.08,Information Technology,IT Services,IT Services & Consulting,United States of America,US,United States of America,United States of America,Country of Headquarters,New York Stock Exchange,46.0,46.0,46.0,4775690.0,4775690.0,0.018844355255293654,0.018844355255293654,1,"[""696257""]","[""okta-quarterly-earnings-nongaap-eps-12-02-2025-0pt76""]","[{""market_id"": ""696257"", ""slug"": ""okta-quarterly-earnings-nongaap-eps-12-02-2025-0pt76"", ""ticker"": ""OKTA"", ""anchor_date"": ""2025-12-02"", ""bucket"": ""correct"", ""status"": ""MATCHED_CORRECT"", ""polymarket_resolved_outcome"": ""YES"", ""expected_resolution"": ""YES"", ""label"": ""BEAT"", ""turnover_6m_window_start"": ""2025-06-02"", ""turnover_6m_window_end"": ""2025-12-02"", ""turnover_6m_sum_volume"": 4775690.0, ""turnover_6m_avg_daily_volume"": 37310.078125, ""volatility_6m"": 0.018844355255293654, ""analysts_covering_asof_anchor"": 46.0}]",2026-01-31T10:45:17Z,[]
OMC,OMC,Omnicom Group Inc,24237066274.56,Communication Services,Media,Advertising & Marketing,United States of America,US,United States of America,United States of America,Country of Headquarters,New York Consolidated,12.0,12.0,12.0,481423264.0,481423264.0,0.018005306912249268,0.018005306912249268,1,"[""614638""]","[""omc-quarterly-earnings-nongaap-eps-2025-10-21-2pt17""]","[{""market_id"": ""614638"", ""slug"": ""omc-quarterly-earnings-nongaap-eps-2025-10-21-2pt17"", ""ticker"": ""OMC"", ""anchor_date"": ""2025-10-21"", ""bucket"": ""correct"", ""status"": ""MATCHED_CORRECT"", ""polymarket_resolved_outcome"": ""YES"", ""expected_resolution"": ""YES"", ""label"": ""BEAT"", ""turnover_6m_window_start"": ""2025-04-21"", ""turnover_6m_window_end"": ""2025-10-21"", ""turnover_6m_sum_volume"": 481423264.0, ""turnover_6m_avg_daily_volume"": 3761119.25, ""volatility_6m"": 0.018005306912249268, ""analysts_covering_asof_anchor"": 12.0}]",2026-01-31T10:45:17Z,[]
OPEN.N,OPEN,Opendoor Technologies Inc,4912008812.85,Real Estate,Real Estate Management & Development,Real Estate Services,United States of America,US,United States of America,United States of America,Country of Headquarters,New York Stock Exchange,8.0,10.0,10.0,401359971.0,401359971.0,0.1188866480320469,0.1188866480320469,1,"[""657064""]","[""open-quarterly-earnings-gaap-eps-11-06-2025-neg0pt07""]","[{""market_id"": ""657064"", ""slug"": ""open-quarterly-earnings-gaap-eps-11-06-2025-neg0pt07"", ""ticker"": ""OPEN"", ""anchor_date"": ""2025-11-06"", ""bucket"": ""correct"", ""status"": ""MATCHED_CORRECT"", ""polymarket_resolved_outcome"": ""NO"", ""expected_resolution"": ""NO"", ""label"": ""MISS"", ""turnover_6m_window_start"": ""2025-05-07"", ""turnover_6m_window_end"": ""2025-11-06"", ""turnover_6m_sum_volume"": 401359971.0, ""turnover_6m_avg_daily_volume"": 3135624.7734375, ""volatility_6m"": 0.1188866480320469, ""analysts_covering_asof_anchor"": 10.0}]",2026-01-31T10:45:17Z,[]
ORCL.N,ORCL,Oracle Corp,472859735400.0,Information Technology,Software,Software,United States of America,US,United States of America,United States of America,Country of Headquarters,New York Stock Exchange,47.0,47.0,47.0,455755431.0,455755431.0,0.04073192715718318,0.04073192715718318,1,"[""701948""]","[""orcl-quarterly-earnings-nongaap-eps-12-08-2025-1pt64""]","[{""market_id"": ""701948"", ""slug"": ""orcl-quarterly-earnings-nongaap-eps-12-08-2025-1pt64"", ""ticker"": ""ORCL"", ""anchor_date"": ""2025-12-08"", ""bucket"": ""correct"", ""status"": ""MATCHED_CORRECT"", ""polymarket_resolved_outcome"": ""YES"", ""expected_resolution"": ""YES"", ""label"": ""BEAT"", ""turnover_6m_window_start"": ""2025-06-08"", ""turnover_6m_window_end"": ""2025-12-08"", ""turnover_6m_sum_volume"": 455755431.0, ""turnover_6m_avg_daily_volume"": 3588625.440944882, ""volatility_6m"": 0.04073192715718318, ""analysts_covering_asof_anchor"": 47.0}]",2026-01-31T10:45:17Z,[]
ORLY.N,ORLY,O'Reilly Automotive Inc,83068283693.72,Consumer Discretionary,Specialty Retail,"Auto Vehicles, Parts & Service Retailers",United States of America,US,United States of America,United States of America,Country of Headquarters,New York Stock Exchange,31.0,30.0,30.0,8331128.0,8331128.0,0.012125187748347602,0.012125187748347602,1,"[""637843""]","[""orly-quarterly-earnings-gaap-eps-10-22-2025-0pt83""]","[{""market_id"": ""637843"", ""slug"": ""orly-quarterly-earnings-gaap-eps-10-22-2025-0pt83"", ""ticker"": ""ORLY"", ""anchor_date"": ""2025-10-22"", ""bucket"": ""correct"", ""status"": ""MATCHED_CORRECT"", ""polymarket_resolved_outcome"": ""YES"", ""expected_resolution"": ""YES"", ""label"": ""BEAT"", ""turnover_6m_window_start"": ""2025-04-22"", ""turnover_6m_window_end"": ""2025-10-22"", ""turnover_6m_sum_volume"": 8331128.0, ""turnover_6m_avg_daily_volume"": 65086.9375, ""volatility_6m"": 0.012125187748347602, ""analysts_covering_asof_anchor"": 30.0}]",2026-01-31T10:45:17Z,[]
OS.N,OS,OneStream Inc,5789651046.9,Information Technology,Software,Software,United States of America,US,United States of America,United States of America,Country of Headquarters,New York Stock Exchange,21.0,19.0,19.0,2834207.0,2834207.0,0.028923039117059766,0.028923039117059766,1,"[""657085""]","[""os-quarterly-earnings-gaap-eps-11-06-2025-neg0pt14""]","[{""market_id"": ""657085"", ""slug"": ""os-quarterly-earnings-gaap-eps-11-06-2025-neg0pt14"", ""ticker"": ""OS"", ""anchor_date"": ""2025-11-06"", ""bucket"": ""correct"", ""status"": ""MATCHED_CORRECT"", ""polymarket_resolved_outcome"": ""YES"", ""expected_resolution"": ""YES"", ""label"": ""BEAT"", ""turnover_6m_window_start"": ""2025-05-07"", ""turnover_6m_window_end"": ""2025-11-06"", ""turnover_6m_sum_volume"": 2834207.0, ""turnover_6m_avg_daily_volume"": 22142.2421875, ""volatility_6m"": 0.028923039117059766, ""analysts_covering_asof_anchor"": 19.0}]",2026-01-31T10:45:17Z,[]
OTIS.N,OTIS,Otis Worldwide Corp,33289527992.42,Industrials,Machinery,Heavy Electrical Equipment,United States of America,US,United States of America,United States of America,Country of Headquarters,New York Stock Exchange,15.0,15.0,15.0,108290295.0,108290295.0,0.015597037739080923,0.015597037739080923,1,"[""637846""]","[""otis-quarterly-earnings-nongaap-eps-10-29-2025-1""]","[{""market_id"": ""637846"", ""slug"": ""otis-quarterly-earnings-nongaap-eps-10-29-2025-1"", ""ticker"": ""OTIS"", ""anchor_date"": ""2025-10-29"", ""bucket"": ""correct"", ""status"": ""MATCHED_CORRECT"", ""polymarket_resolved_outcome"": ""YES"", ""expected_resolution"": ""YES"", ""label"": ""BEAT"", ""turnover_6m_window_start"": ""2025-04-29"", ""turnover_6m_window_end"": ""2025-10-29"", ""turnover_6m_sum_volume"": 108290295.0, ""turnover_6m_avg_daily_volume"": 846017.9296875, ""volatility_6m"": 0.015597037739080923, ""analysts_covering_asof_anchor"": 15.0}]",2026-01-31T10:45:17Z,[]
OTLY.N,OTLY,Oatly Group AB (publ),348876974.21,Consumer Staples,Food Products,Food Processing,Sweden,SE,Sweden,United States of America,Country of Headquarters,New York Stock Exchange,7.0,7.0,7.0,124965.0,124965.0,0.04008059586469133,0.04008059586469133,1,"[""647823""]","[""otly-quarterly-earnings-gaap-eps-10-29-2025-neg0pt87""]","[{""market_id"": ""647823"", ""slug"": ""otly-quarterly-earnings-gaap-eps-10-29-2025-neg0pt87"", ""ticker"": ""OTLY"", ""anchor_date"": ""2025-10-29"", ""bucket"": ""correct"", ""status"": ""MATCHED_CORRECT"", ""polymarket_resolved_outcome"": ""NO"", ""expected_resolution"": ""NO"", ""label"": ""MISS"", ""turnover_6m_window_start"": ""2025-04-29"", ""turnover_6m_window_end"": ""2025-10-29"", ""turnover_6m_sum_volume"": 124965.0, ""turnover_6m_avg_daily_volume"": 983.9763779527559, ""volatility_6m"": 0.04008059586469133, ""analysts_covering_asof_anchor"": 7.0}]",2026-01-31T10:45:17Z,[]
OXY,OXY,Occidental Petroleum Corp,44718701599.26,Energy,"Oil, Gas & Consumable Fuels",Oil & Gas Exploration and Production,United States of America,US,United States of America,United States of America,Country of Headquarters,New York Consolidated,26.0,26.0,26.0,1371166598.0,1371166598.0,0.018944941810453433,0.018944941810453433,1,"[""667880""]","[""oxy-quarterly-earnings-nongaap-eps-11-10-2025-0pt51""]","[{""market_id"": ""667880"", ""slug"": ""oxy-quarterly-earnings-nongaap-eps-11-10-2025-0pt51"", ""ticker"": ""OXY"", ""anchor_date"": ""2025-11-10"", ""bucket"": ""correct"", ""status"": ""MATCHED_CORRECT"", ""polymarket_resolved_outcome"": ""YES"", ""expected_resolution"": ""YES"", ""label"": ""BEAT"", ""turnover_6m_window_start"": ""2025-05-11"", ""turnover_6m_window_end"": ""2025-11-10"", ""turnover_6m_sum_volume"": 1371166598.0, ""turnover_6m_avg_daily_volume"": 10796587.385826772, ""volatility_6m"": 0.018944941810453433, ""analysts_covering_asof_anchor"": 26.0}]",2026-01-31T10:45:17Z,[]
PAG,PAG,Penske Automotive Group Inc,10325962368.08,Consumer Discretionary,Specialty Retail,"Auto Vehicles, Parts & Service Retailers",United States of America,US,United States of America,United States of America,Country of Headquarters,New York Consolidated,12.0,10.0,10.0,30746801.0,30746801.0,0.015943748477744234,0.015943748477744234,1,"[""643053""]","[""pag-quarterly-earnings-gaap-eps-10-29-2025-3pt38""]","[{""market_id"": ""643053"", ""slug"": ""pag-quarterly-earnings-gaap-eps-10-29-2025-3pt38"", ""ticker"": ""PAG"", ""anchor_date"": ""2025-10-29"", ""bucket"": ""correct"", ""status"": ""MATCHED_CORRECT"", ""polymarket_resolved_outcome"": ""NO"", ""expected_resolution"": ""NO"", ""label"": ""MISS"", ""turnover_6m_window_start"": ""2025-04-29"", ""turnover_6m_window_end"": ""2025-10-29"", ""turnover_6m_sum_volume"": 30746801.0, ""turnover_6m_avg_daily_volume"": 240209.3828125, ""volatility_6m"": 0.015943748477744234, ""analysts_covering_asof_anchor"": 10.0}]",2026-01-31T10:45:17Z,[]
PANW.N,PANW,Palo Alto Networks Inc,123348090000.0,Information Technology,Software,Software,United States of America,US,United States of America,United States of America,Country of Headquarters,New York Stock Exchange,54.0,54.0,54.0,10217571.0,10217571.0,0.01942967173820328,0.01942967173820328,1,"[""675505""]","[""panw-quarterly-earnings-nongaap-eps-11-19-2025-0pt89""]","[{""market_id"": ""675505"", ""slug"": ""panw-quarterly-earnings-nongaap-eps-11-19-2025-0pt89"", ""ticker"": ""PANW"", ""anchor_date"": ""2025-11-19"", ""bucket"": ""correct"", ""status"": ""MATCHED_CORRECT"", ""polymarket_resolved_outcome"": ""YES"", ""expected_resolution"": ""YES"", ""label"": ""BEAT"", ""turnover_6m_window_start"": ""2025-05-20"", ""turnover_6m_window_end"": ""2025-11-19"", ""turnover_6m_sum_volume"": 10217571.0, ""turnover_6m_avg_daily_volume"": 79824.7734375, ""volatility_6m"": 0.01942967173820328, ""analysts_covering_asof_anchor"": 54.0}]",2026-01-31T10:45:17Z,[]
PAYX.N,PAYX,Paychex Inc,37020313118.5,Industrials,Professional Services,Employment Services,United States of America,US,United States of America,United States of America,Country of Headquarters,New York Stock Exchange,18.0,18.0,18.0,4249710.0,4249710.0,0.015425548693144777,0.015425548693144777,1,"[""703174""]","[""payx-quarterly-earnings-nongaap-eps-12-18-2025-1pt23""]","[{""market_id"": ""703174"", ""slug"": ""payx-quarterly-earnings-nongaap-eps-12-18-2025-1pt23"", ""ticker"": ""PAYX"", ""anchor_date"": ""2025-12-18"", ""bucket"": ""correct"", ""status"": ""MATCHED_CORRECT"", ""polymarket_resolved_outcome"": ""YES"", ""expected_resolution"": ""YES"", ""label"": ""BEAT"", ""turnover_6m_window_start"": ""2025-06-18"", ""turnover_6m_window_end"": ""2025-12-18"", ""turnover_6m_sum_volume"": 4249710.0, ""turnover_6m_avg_daily_volume"": 33200.859375, ""volatility_6m"": 0.015425548693144777, ""analysts_covering_asof_anchor"": 18.0}]",2026-01-31T10:45:17Z,[]
PCG,PCG,PG&E Corp,33891778753.5,Utilities,Electric Utilities,Electric Utilities,United States of America,US,United States of America,United States of America,Country of Headquarters,New York Consolidated,18.0,17.0,17.0,3105619426.0,3105619426.0,0.019051119337681423,0.019051119337681423,1,"[""637879""]","[""pcg-quarterly-earnings-nongaap-eps-10-23-2025-0pt41""]","[{""market_id"": ""637879"", ""slug"": ""pcg-quarterly-earnings-nongaap-eps-10-23-2025-0pt41"", ""ticker"": ""PCG"", ""anchor_date"": ""2025-10-23"", ""bucket"": ""correct"", ""status"": ""MATCHED_CORRECT"", ""polymarket_resolved_outcome"": ""YES"", ""expected_resolution"": ""YES"", ""label"": ""BEAT"", ""turnover_6m_window_start"": ""2025-04-23"", ""turnover_6m_window_end"": ""2025-10-23"", ""turnover_6m_sum_volume"": 3105619426.0, ""turnover_6m_avg_daily_volume"": 24262651.765625, ""volatility_6m"": 0.019051119337681423, ""analysts_covering_asof_anchor"": 17.0}]",2026-01-31T10:45:17Z,[]
PD,PD,PagerDuty Inc,972834122.4,Information Technology,Software,Software,United States of America,US,United States of America,United States of America,Country of Headquarters,New York Consolidated,9.0,10.0,10.0,259395219.0,259395219.0,0.026735761259354774,0.026735761259354774,1,"[""674922""]","[""pd-quarterly-earnings-nongaap-eps-11-25-2025-0pt25""]","[{""market_id"": ""674922"", ""slug"": ""pd-quarterly-earnings-nongaap-eps-11-25-2025-0pt25"", ""ticker"": ""PD"", ""anchor_date"": ""2025-11-25"", ""bucket"": ""correct"", ""status"": ""MATCHED_CORRECT"", ""polymarket_resolved_outcome"": ""YES"", ""expected_resolution"": ""YES"", ""label"": ""BEAT"", ""turnover_6m_window_start"": ""2025-05-26"", ""turnover_6m_window_end"": ""2025-11-25"", ""turnover_6m_sum_volume"": 259395219.0, ""turnover_6m_avg_daily_volume"": 2026525.1484375, ""volatility_6m"": 0.026735761259354774, ""analysts_covering_asof_anchor"": 10.0}]",2026-01-31T10:45:17Z,[]
PENG.N,PENG,Penguin Solutions Inc,1009680615.97,Information Technology,Semiconductors & Semiconductor Equipment,Semiconductors,United States of America,US,United States of America,United States of America,Country of Headquarters,New York Stock Exchange,8.0,8.0,8.0,1877515.0,1877515.0,0.029511191411862342,0.029511191411862342,1,"[""619853""]","[""peng-quarterly-earnings-nongaap-eps-2025-10-07-0pt37""]","[{""market_id"": ""619853"", ""slug"": ""peng-quarterly-earnings-nongaap-eps-2025-10-07-0pt37"", ""ticker"": ""PENG"", ""anchor_date"": ""2025-10-07"", ""bucket"": ""correct"", ""status"": ""MATCHED_CORRECT"", ""polymarket_resolved_outcome"": ""YES"", ""expected_resolution"": ""YES"", ""label"": ""BEAT"", ""turnover_6m_window_start"": ""2025-04-07"", ""turnover_6m_window_end"": ""2025-10-07"", ""turnover_6m_sum_volume"": 1877515.0, ""turnover_6m_avg_daily_volume"": 14783.582677165354, ""volatility_6m"": 0.029511191411862342, ""analysts_covering_asof_anchor"": 8.0}]",2026-01-31T10:45:17Z,[]
PEP.N,PEP,PepsiCo Inc,210064462942.86,Consumer Staples,Beverages,Non-Alcoholic Beverages,United States of America,US,United States of America,United States of America,Country of Headquarters,New York Stock Exchange,23.0,23.0,23.0,13989222.0,13989222.0,0.014689973240494997,0.014689973240494997,1,"[""613050""]","[""pep-quarterly-earnings-nongaap-eps-2025-10-09-2pt26""]","[{""market_id"": ""613050"", ""slug"": ""pep-quarterly-earnings-nongaap-eps-2025-10-09-2pt26"", ""ticker"": ""PEP"", ""anchor_date"": ""2025-10-09"", ""bucket"": ""correct"", ""status"": ""MATCHED_CORRECT"", ""polymarket_resolved_outcome"": ""YES"", ""expected_resolution"": ""YES"", ""label"": ""BEAT"", ""turnover_6m_window_start"": ""2025-04-09"", ""turnover_6m_window_end"": ""2025-10-09"", ""turnover_6m_sum_volume"": 13989222.0, ""turnover_6m_avg_daily_volume"": 110151.35433070867, ""volatility_6m"": 0.014689973240494997, ""analysts_covering_asof_anchor"": 23.0}]",2026-01-31T10:45:17Z,[]
PFE,PFE,Pfizer Inc,150330107674.88,Health Care,Pharmaceuticals,Pharmaceuticals,United States of America,US,United States of America,United States of America,Country of Headquarters,New York Consolidated,26.0,22.0,22.0,6237183313.0,6237183313.0,0.017269319484700115,0.017269319484700115,1,"[""656746""]","[""pfe-quarterly-earnings-gaap-eps-11-04-2025-0pt64""]","[{""market_id"": ""656746"", ""slug"": ""pfe-quarterly-earnings-gaap-eps-11-04-2025-0pt64"", ""ticker"": ""PFE"", ""anchor_date"": ""2025-11-04"", ""bucket"": ""incorrect"", ""status"": ""MATCHED_INCORRECT"", ""polymarket_resolved_outcome"": ""NO"", ""expected_resolution"": ""YES"", ""label"": ""BEAT"", ""turnover_6m_window_start"": ""2025-05-05"", ""turnover_6m_window_end"": ""2025-11-04"", ""turnover_6m_sum_volume"": 6237183313.0, ""turnover_6m_avg_daily_volume"": 48727994.6328125, ""volatility_6m"": 0.017269319484700115, ""analysts_covering_asof_anchor"": 22.0}]",2026-01-31T10:45:17Z,[]
PG,PG,Procter & Gamble Co,352713583962.45,Consumer Staples,Household Products,Personal Products,United States of America,US,United States of America,United States of America,Country of Headquarters,New York Consolidated,26.0,25.5,25.5,1051643682.5,1051643682.5,0.009974264294276922,0.009974264294276922,2,"[""642123"", ""1139580""]","[""pg-quarterly-earnings-nongaap-eps-10-24-2025-1pt9"", ""pg-quarterly-earnings-nongaap-eps-01-22-2026-1pt87""]","[{""market_id"": ""642123"", ""slug"": ""pg-quarterly-earnings-nongaap-eps-10-24-2025-1pt9"", ""ticker"": ""PG"", ""anchor_date"": ""2025-10-24"", ""bucket"": ""correct"", ""status"": ""MATCHED_CORRECT"", ""polymarket_resolved_outcome"": ""YES"", ""expected_resolution"": ""YES"", ""label"": ""BEAT"", ""turnover_6m_window_start"": ""2025-04-24"", ""turnover_6m_window_end"": ""2025-10-24"", ""turnover_6m_sum_volume"": 998792842.0, ""turnover_6m_avg_daily_volume"": 7803069.078125, ""volatility_6m"": 0.009392473590045672, ""analysts_covering_asof_anchor"": 25.0}, {""market_id"": ""1139580"", ""slug"": ""pg-quarterly-earnings-nongaap-eps-01-22-2026-1pt87"", ""ticker"": ""PG"", ""anchor_date"": ""2026-01-22"", ""bucket"": ""correct"", ""status"": ""MATCHED_CORRECT"", ""polymarket_resolved_outcome"": ""YES"", ""expected_resolution"": ""YES"", ""label"": ""BEAT"", ""turnover_6m_window_start"": ""2025-07-23"", ""turnover_6m_window_end"": ""2026-01-22"", ""turnover_6m_sum_volume"": 1104494523.0, ""turnover_6m_avg_daily_volume"": 8696807.267716536, ""volatility_6m"": 0.01055605499850817, ""analysts_covering_asof_anchor"": 26.0}]",2026-01-31T10:45:17Z,[]
PHM,PHM,Pultegroup Inc,24382152143.93,Consumer Discretionary,Household Durables,Homebuilding,United States of America,US,United States of America,United States of America,Country of Headquarters,New York Consolidated,18.0,16.0,16.0,270259112.0,270259112.0,0.022720981176636127,0.022720981176636127,1,"[""627659""]","[""phm-quarterly-earnings-gaap-eps-10-21-2025-3pt03""]","[{""market_id"": ""627659"", ""slug"": ""phm-quarterly-earnings-gaap-eps-10-21-2025-3pt03"", ""ticker"": ""PHM"", ""anchor_date"": ""2025-10-21"", ""bucket"": ""correct"", ""status"": ""MATCHED_CORRECT"", ""polymarket_resolved_outcome"": ""NO"", ""expected_resolution"": ""NO"", ""label"": ""MISS"", ""turnover_6m_window_start"": ""2025-04-21"", ""turnover_6m_window_end"": ""2025-10-21"", ""turnover_6m_sum_volume"": 270259112.0, ""turnover_6m_avg_daily_volume"": 2111399.3125, ""volatility_6m"": 0.022720981176636127, ""analysts_covering_asof_anchor"": 16.0}]",2026-01-31T10:45:17Z,[]
PINS.N,PINS,Pinterest Inc,14950094003.35,Communication Services,Interactive Media & Services,Online Services,United States of America,US,United States of America,United States of America,Country of Headquarters,New York Stock Exchange,37.0,38.0,38.0,275691456.0,275691456.0,0.024503700237791488,0.024503700237791488,1,"[""656831""]","[""pins-quarterly-earnings-nongaap-eps-11-04-2025-0pt42""]","[{""market_id"": ""656831"", ""slug"": ""pins-quarterly-earnings-nongaap-eps-11-04-2025-0pt42"", ""ticker"": ""PINS"", ""anchor_date"": ""2025-11-04"", ""bucket"": ""correct"", ""status"": ""MATCHED_CORRECT"", ""polymarket_resolved_outcome"": ""NO"", ""expected_resolution"": ""NO"", ""label"": ""MISS"", ""turnover_6m_window_start"": ""2025-05-05"", ""turnover_6m_window_end"": ""2025-11-04"", ""turnover_6m_sum_volume"": 275691456.0, ""turnover_6m_avg_daily_volume"": 2153839.5, ""volatility_6m"": 0.024503700237791488, ""analysts_covering_asof_anchor"": 38.0}]",2026-01-31T10:45:17Z,[]
PIPR.N,PIPR,Piper Sandler Companies,6126791920.95,Financials,Capital Markets,Investment Banking & Brokerage Services,United States of America,US,United States of America,United States of America,Country of Headquarters,New York Stock Exchange,4.0,4.0,4.0,5949596.0,5949596.0,0.018461548625262194,0.018461548625262194,1,"[""642125""]","[""pipr-quarterly-earnings-nongaap-eps-10-28-2025-3pt27""]","[{""market_id"": ""642125"", ""slug"": ""pipr-quarterly-earnings-nongaap-eps-10-28-2025-3pt27"", ""ticker"": ""PIPR"", ""anchor_date"": ""2025-10-28"", ""bucket"": ""correct"", ""status"": ""MATCHED_CORRECT"", ""polymarket_resolved_outcome"": ""YES"", ""expected_resolution"": ""YES"", ""label"": ""BEAT"", ""turnover_6m_window_start"": ""2025-04-28"", ""turnover_6m_window_end"": ""2025-10-28"", ""turnover_6m_sum_volume"": 5949596.0, ""turnover_6m_avg_daily_volume"": 46481.21875, ""volatility_6m"": 0.018461548625262194, ""analysts_covering_asof_anchor"": 4.0}]",2026-01-31T10:45:17Z,[]
PJT,PJT,PJT Partners Inc,6869985542.42,Financials,Capital Markets,Investment Banking & Brokerage Services,United States of America,US,United States of America,United States of America,Country of Headquarters,New York Consolidated,7.0,6.0,6.0,28388309.0,28388309.0,0.017369560771876125,0.017369560771876125,1,"[""656782""]","[""pjt-quarterly-earnings-nongaap-eps-11-04-2025-1pt4""]","[{""market_id"": ""656782"", ""slug"": ""pjt-quarterly-earnings-nongaap-eps-11-04-2025-1pt4"", ""ticker"": ""PJT"", ""anchor_date"": ""2025-11-04"", ""bucket"": ""correct"", ""status"": ""MATCHED_CORRECT"", ""polymarket_resolved_outcome"": ""YES"", ""expected_resolution"": ""YES"", ""label"": ""BEAT"", ""turnover_6m_window_start"": ""2025-05-05"", ""turnover_6m_window_end"": ""2025-11-04"", ""turnover_6m_sum_volume"": 28388309.0, ""turnover_6m_avg_daily_volume"": 221783.6640625, ""volatility_6m"": 0.017369560771876125, ""analysts_covering_asof_anchor"": 6.0}]",2026-01-31T10:45:17Z,[]
PLAY.N,PLAY,Dave & Buster's Entertainment Inc,650948574.05,Consumer Discretionary,"Hotels, Restaurants & Leisure",Restaurants & Bars,United States of America,US,United States of America,United States of America,Country of Headquarters,New York Stock Exchange,11.0,11.0,11.0,2346661.0,2346661.0,0.04408159422745315,0.04408159422745315,1,"[""701987""]","[""play-quarterly-earnings-nongaap-eps-12-09-2025-neg1pt02""]","[{""market_id"": ""701987"", ""slug"": ""play-quarterly-earnings-nongaap-eps-12-09-2025-neg1pt02"", ""ticker"": ""PLAY"", ""anchor_date"": ""2025-12-09"", ""bucket"": ""correct"", ""status"": ""MATCHED_CORRECT"", ""polymarket_resolved_outcome"": ""NO"", ""expected_resolution"": ""NO"", ""label"": ""MISS"", ""turnover_6m_window_start"": ""2025-06-09"", ""turnover_6m_window_end"": ""2025-12-09"", ""turnover_6m_sum_volume"": 2346661.0, ""turnover_6m_avg_daily_volume"": 18333.2890625, ""volatility_6m"": 0.04408159422745315, ""analysts_covering_asof_anchor"": 11.0}]",2026-01-31T10:45:17Z,[]
PLBY.N,PLBY,Playboy Inc,162713631.72,Consumer Discretionary,"Textiles, Apparel & Luxury Goods",Apparel & Accessories Retailers,United States of America,US,United States of America,United States of America,Country of Headquarters,New York Stock Exchange,3.0,3.0,3.0,571433.0,571433.0,0.042426266325653564,0.042426266325653564,1,"[""668474""]","[""plby-quarterly-earnings-gaap-eps-11-12-2025-neg0pt02""]","[{""market_id"": ""668474"", ""slug"": ""plby-quarterly-earnings-gaap-eps-11-12-2025-neg0pt02"", ""ticker"": ""PLBY"", ""anchor_date"": ""2025-11-12"", ""bucket"": ""correct"", ""status"": ""MATCHED_CORRECT"", ""polymarket_resolved_outcome"": ""YES"", ""expected_resolution"": ""YES"", ""label"": ""BEAT"", ""turnover_6m_window_start"": ""2025-05-13"", ""turnover_6m_window_end"": ""2025-11-12"", ""turnover_6m_sum_volume"": 571433.0, ""turnover_6m_avg_daily_volume"": 4464.3203125, ""volatility_6m"": 0.042426266325653564, ""analysts_covering_asof_anchor"": 3.0}]",2026-01-31T10:45:17Z,[]
PLTR.N,PLTR,Palantir Technologies Inc,349240609837.42,Information Technology,Software,Software,United States of America,US,United States of America,United States of America,Country of Headquarters,New York Stock Exchange,31.0,30.0,30.0,62776271.0,62776271.0,0.0318757919871139,0.0318757919871139,1,"[""652465""]","[""pltr-quarterly-earnings-nongaap-eps-11-03-2025-0pt17""]","[{""market_id"": ""652465"", ""slug"": ""pltr-quarterly-earnings-nongaap-eps-11-03-2025-0pt17"", ""ticker"": ""PLTR"", ""anchor_date"": ""2025-11-03"", ""bucket"": ""correct"", ""status"": ""MATCHED_CORRECT"", ""polymarket_resolved_outcome"": ""YES"", ""expected_resolution"": ""YES"", ""label"": ""BEAT"", ""turnover_6m_window_start"": ""2025-05-04"", ""turnover_6m_window_end"": ""2025-11-03"", ""turnover_6m_sum_volume"": 62776271.0, ""turnover_6m_avg_daily_volume"": 494301.3464566929, ""volatility_6m"": 0.0318757919871139, ""analysts_covering_asof_anchor"": 30.0}]",2026-01-31T10:45:17Z,[]
PM,PM,Philip Morris International Inc,279323257120.56,Consumer Staples,Tobacco,Tobacco,United States of America,US,United States of America,United States of America,Country of Headquarters,New York Consolidated,20.0,20.0,20.0,766711216.0,766711216.0,0.015406571385674453,0.015406571385674453,1,"[""627658""]","[""pm-quarterly-earnings-nongaap-eps-10-21-2025-2pt1""]","[{""market_id"": ""627658"", ""slug"": ""pm-quarterly-earnings-nongaap-eps-10-21-2025-2pt1"", ""ticker"": ""PM"", ""anchor_date"": ""2025-10-21"", ""bucket"": ""correct"", ""status"": ""MATCHED_CORRECT"", ""polymarket_resolved_outcome"": ""YES"", ""expected_resolution"": ""YES"", ""label"": ""BEAT"", ""turnover_6m_window_start"": ""2025-04-21"", ""turnover_6m_window_end"": ""2025-10-21"", ""turnover_6m_sum_volume"": 766711216.0, ""turnover_6m_avg_daily_volume"": 5989931.375, ""volatility_6m"": 0.015406571385674453, ""analysts_covering_asof_anchor"": 20.0}]",2026-01-31T10:45:17Z,[]
PNC,PNC,PNC Financial Services Group Inc,87087000000.0,Financials,Banks,Banks,United States of America,US,United States of America,United States of America,Country of Headquarters,New York Consolidated,25.0,25.0,25.0,244898485.0,244898485.0,0.012574992802566758,0.012574992802566758,1,"[""1099182""]","[""pnc-quarterly-earnings-gaap-eps-01-16-2026-4pt16""]","[{""market_id"": ""1099182"", ""slug"": ""pnc-quarterly-earnings-gaap-eps-01-16-2026-4pt16"", ""ticker"": ""PNC"", ""anchor_date"": ""2026-01-16"", ""bucket"": ""correct"", ""status"": ""MATCHED_CORRECT"", ""polymarket_resolved_outcome"": ""YES"", ""expected_resolution"": ""YES"", ""label"": ""BEAT"", ""turnover_6m_window_start"": ""2025-07-17"", ""turnover_6m_window_end"": ""2026-01-16"", ""turnover_6m_sum_volume"": 244898485.0, ""turnover_6m_avg_daily_volume"": 1913269.4140625, ""volatility_6m"": 0.012574992802566758, ""analysts_covering_asof_anchor"": 25.0}]",2026-01-31T10:45:17Z,[]
POWL.N,POWL,Powell Industries Inc,5385396853.97,Industrials,Electrical Equipment,Electrical Components & Equipment,United States of America,US,United States of America,United States of America,Country of Headquarters,New York Stock Exchange,5.0,4.0,4.0,373583.0,373583.0,0.03446972748183205,0.03446972748183205,1,"[""675497""]","[""powl-quarterly-earnings-gaap-eps-11-18-2025-3pt76""]","[{""market_id"": ""675497"", ""slug"": ""powl-quarterly-earnings-gaap-eps-11-18-2025-3pt76"", ""ticker"": ""POWL"", ""anchor_date"": ""2025-11-18"", ""bucket"": ""correct"", ""status"": ""MATCHED_CORRECT"", ""polymarket_resolved_outcome"": ""YES"", ""expected_resolution"": ""YES"", ""label"": ""BEAT"", ""turnover_6m_window_start"": ""2025-05-19"", ""turnover_6m_window_end"": ""2025-11-18"", ""turnover_6m_sum_volume"": 373583.0, ""turnover_6m_avg_daily_volume"": 2918.6171875, ""volatility_6m"": 0.03446972748183205, ""analysts_covering_asof_anchor"": 4.0}]",2026-01-31T10:45:17Z,[]
PRGS.N,PRGS,Progress Software Corp,1723290476.16,Information Technology,Software,Software,United States of America,US,United States of America,United States of America,Country of Headquarters,New York Stock Exchange,6.0,6.0,6.0,1301257.0,1301257.0,0.0243025796047116,0.0243025796047116,1,"[""599652""]","[""will-prgs-beat-earnings-estimate-2025-09-29-1pt3""]","[{""market_id"": ""599652"", ""slug"": ""will-prgs-beat-earnings-estimate-2025-09-29-1pt3"", ""ticker"": ""PRGS"", ""anchor_date"": ""2025-09-29"", ""bucket"": ""correct"", ""status"": ""MATCHED_CORRECT"", ""polymarket_resolved_outcome"": ""YES"", ""expected_resolution"": ""YES"", ""label"": ""BEAT"", ""turnover_6m_window_start"": ""2025-03-30"", ""turnover_6m_window_end"": ""2025-09-29"", ""turnover_6m_sum_volume"": 1301257.0, ""turnover_6m_avg_daily_volume"": 10327.436507936507, ""volatility_6m"": 0.0243025796047116, ""analysts_covering_asof_anchor"": 6.0}]",2026-01-31T10:45:17Z,[]
PSKY.N,PSKY,Paramount Skydance Corp,12013386812.17,Communication Services,Media,Entertainment Production,United States of America,US,United States of America,United States of America,Country of Headquarters,New York Stock Exchange,22.0,26.0,26.0,27964204.0,27964204.0,0.04243697707996859,0.04243697707996859,1,"[""647847""]","[""psky-quarterly-earnings-gaap-eps-11-10-2025-0pt35""]","[{""market_id"": ""647847"", ""slug"": ""psky-quarterly-earnings-gaap-eps-11-10-2025-0pt35"", ""ticker"": ""PSKY"", ""anchor_date"": ""2025-11-10"", ""bucket"": ""correct"", ""status"": ""MATCHED_CORRECT"", ""polymarket_resolved_outcome"": ""NO"", ""expected_resolution"": ""NO"", ""label"": ""MISS"", ""turnover_6m_window_start"": ""2025-05-11"", ""turnover_6m_window_end"": ""2025-11-10"", ""turnover_6m_sum_volume"": 27964204.0, ""turnover_6m_avg_daily_volume"": 220190.58267716537, ""volatility_6m"": 0.04243697707996859, ""analysts_covering_asof_anchor"": 26.0}]",2026-01-31T10:45:17Z,[]
PTON.N,PTON,Peloton Interactive Inc,2335538178.48,Consumer Discretionary,Leisure Products,Recreational Products,United States of America,US,United States of America,United States of America,Country of Headquarters,New York Stock Exchange,20.0,19.0,19.0,30812773.0,30812773.0,0.04435066711251861,0.04435066711251861,1,"[""657290""]","[""pton-quarterly-earnings-gaap-eps-11-06-2025-0""]","[{""market_id"": ""657290"", ""slug"": ""pton-quarterly-earnings-gaap-eps-11-06-2025-0"", ""ticker"": ""PTON"", ""anchor_date"": ""2025-11-06"", ""bucket"": ""correct"", ""status"": ""MATCHED_CORRECT"", ""polymarket_resolved_outcome"": ""YES"", ""expected_resolution"": ""YES"", ""label"": ""BEAT"", ""turnover_6m_window_start"": ""2025-05-07"", ""turnover_6m_window_end"": ""2025-11-06"", ""turnover_6m_sum_volume"": 30812773.0, ""turnover_6m_avg_daily_volume"": 240724.7890625, ""volatility_6m"": 0.04435066711251861, ""analysts_covering_asof_anchor"": 19.0}]",2026-01-31T10:45:17Z,[]
PXLW.N,PXLW,Pixelworks Inc,39208785.35,Information Technology,Semiconductors & Semiconductor Equipment,Semiconductors,United States of America,US,United States of America,United States of America,Country of Headquarters,New York Stock Exchange,1.0,1.0,1.0,112743.0,112743.0,0.12228814539231596,0.12228814539231596,1,"[""668475""]","[""pxlw-quarterly-earnings-nongaap-eps-11-11-2025-neg0pt86""]","[{""market_id"": ""668475"", ""slug"": ""pxlw-quarterly-earnings-nongaap-eps-11-11-2025-neg0pt86"", ""ticker"": ""PXLW"", ""anchor_date"": ""2025-11-11"", ""bucket"": ""correct"", ""status"": ""MATCHED_CORRECT"", ""polymarket_resolved_outcome"": ""YES"", ""expected_resolution"": ""YES"", ""label"": ""BEAT"", ""turnover_6m_window_start"": ""2025-05-12"", ""turnover_6m_window_end"": ""2025-11-11"", ""turnover_6m_sum_volume"": 112743.0, ""turnover_6m_avg_daily_volume"": 1006.6339285714286, ""volatility_6m"": 0.12228814539231596, ""analysts_covering_asof_anchor"": 1.0}]",2026-01-31T10:45:17Z,[]
PYPL.N,PYPL,PayPal Holdings Inc,49299501403.57,Financials,Financial Services,Business Support Services,United States of America,US,United States of America,United States of America,Country of Headquarters,New York Stock Exchange,42.0,43.0,43.0,33423315.0,33423315.0,0.02114469477481322,0.02114469477481322,1,"[""643036""]","[""pypl-quarterly-earnings-nongaap-eps-10-28-2025-1pt21""]","[{""market_id"": ""643036"", ""slug"": ""pypl-quarterly-earnings-nongaap-eps-10-28-2025-1pt21"", ""ticker"": ""PYPL"", ""anchor_date"": ""2025-10-28"", ""bucket"": ""correct"", ""status"": ""MATCHED_CORRECT"", ""polymarket_resolved_outcome"": ""YES"", ""expected_resolution"": ""YES"", ""label"": ""BEAT"", ""turnover_6m_window_start"": ""2025-04-28"", ""turnover_6m_window_end"": ""2025-10-28"", ""turnover_6m_sum_volume"": 33423315.0, ""turnover_6m_avg_daily_volume"": 261119.6484375, ""volatility_6m"": 0.02114469477481322, ""analysts_covering_asof_anchor"": 43.0}]",2026-01-31T10:45:17Z,[]
PZZA.N,PZZA,Papa John's International Inc,1153203760.72,Consumer Discretionary,"Hotels, Restaurants & Leisure",Restaurants & Bars,United States of America,US,United States of America,United States of America,Country of Headquarters,New York Stock Exchange,17.0,17.0,17.0,2255963.0,2255963.0,0.033087505518573285,0.033087505518573285,1,"[""658493""]","[""pzza-quarterly-earnings-nongaap-eps-11-06-2025-0pt41""]","[{""market_id"": ""658493"", ""slug"": ""pzza-quarterly-earnings-nongaap-eps-11-06-2025-0pt41"", ""ticker"": ""PZZA"", ""anchor_date"": ""2025-11-06"", ""bucket"": ""correct"", ""status"": ""MATCHED_CORRECT"", ""polymarket_resolved_outcome"": ""NO"", ""expected_resolution"": ""NO"", ""label"": ""MISS"", ""turnover_6m_window_start"": ""2025-05-07"", ""turnover_6m_window_end"": ""2025-11-06"", ""turnover_6m_sum_volume"": 2255963.0, ""turnover_6m_avg_daily_volume"": 17624.7109375, ""volatility_6m"": 0.033087505518573285, ""analysts_covering_asof_anchor"": 17.0}]",2026-01-31T10:45:17Z,[]
QCOM.N,QCOM,Qualcomm Inc,161904956860.59,Information Technology,Semiconductors & Semiconductor Equipment,Semiconductors,United States of America,US,United States of America,United States of America,Country of Headquarters,New York Stock Exchange,37.0,38.0,38.0,13997396.0,13997396.0,0.020653896518342815,0.020653896518342815,1,"[""655399""]","[""qcom-quarterly-earnings-nongaap-eps-11-05-2025-2pt86""]","[{""market_id"": ""655399"", ""slug"": ""qcom-quarterly-earnings-nongaap-eps-11-05-2025-2pt86"", ""ticker"": ""QCOM"", ""anchor_date"": ""2025-11-05"", ""bucket"": ""correct"", ""status"": ""MATCHED_CORRECT"", ""polymarket_resolved_outcome"": ""YES"", ""expected_resolution"": ""YES"", ""label"": ""BEAT"", ""turnover_6m_window_start"": ""2025-05-06"", ""turnover_6m_window_end"": ""2025-11-05"", ""turnover_6m_sum_volume"": 13997396.0, ""turnover_6m_avg_daily_volume"": 109354.65625, ""volatility_6m"": 0.020653896518342815, ""analysts_covering_asof_anchor"": 38.0}]",2026-01-31T10:45:17Z,[]
QUBT.N,QUBT,Quantum Computing Inc,2077623028.08,Information Technology,"Technology Hardware, Storage & Peripherals",Software,United States of America,US,United States of America,United States of America,Country of Headquarters,New York Stock Exchange,4.0,3.0,3.0,64560722.0,64560722.0,0.0771379764423554,0.0771379764423554,1,"[""668521""]","[""qubt-quarterly-earnings-gaap-eps-11-14-2025-neg0pt06""]","[{""market_id"": ""668521"", ""slug"": ""qubt-quarterly-earnings-gaap-eps-11-14-2025-neg0pt06"", ""ticker"": ""QUBT"", ""anchor_date"": ""2025-11-14"", ""bucket"": ""correct"", ""status"": ""MATCHED_CORRECT"", ""polymarket_resolved_outcome"": ""YES"", ""expected_resolution"": ""YES"", ""label"": ""BEAT"", ""turnover_6m_window_start"": ""2025-05-15"", ""turnover_6m_window_end"": ""2025-11-14"", ""turnover_6m_sum_volume"": 64560722.0, ""turnover_6m_avg_daily_volume"": 504380.640625, ""volatility_6m"": 0.0771379764423554, ""analysts_covering_asof_anchor"": 3.0}]",2026-01-31T10:45:17Z,[]
RBLX.N,RBLX,Roblox Corp,46158621406.08,Communication Services,Entertainment,Software,United States of America,US,United States of America,United States of America,Country of Headquarters,New York Stock Exchange,38.0,35.0,35.0,207982291.0,207982291.0,0.03215310644596628,0.03215310644596628,1,"[""647962""]","[""rblx-quarterly-earnings-gaap-eps-10-30-2025-neg0pt51""]","[{""market_id"": ""647962"", ""slug"": ""rblx-quarterly-earnings-gaap-eps-10-30-2025-neg0pt51"", ""ticker"": ""RBLX"", ""anchor_date"": ""2025-10-30"", ""bucket"": ""correct"", ""status"": ""MATCHED_CORRECT"", ""polymarket_resolved_outcome"": ""YES"", ""expected_resolution"": ""YES"", ""label"": ""BEAT"", ""turnover_6m_window_start"": ""2025-04-30"", ""turnover_6m_window_end"": ""2025-10-30"", ""turnover_6m_sum_volume"": 207982291.0, ""turnover_6m_avg_daily_volume"": 1624861.6484375, ""volatility_6m"": 0.03215310644596628, ""analysts_covering_asof_anchor"": 35.0}]",2026-01-31T10:45:17Z,[]
RBRK.N,RBRK,Rubrik Inc,11197919442.75,Information Technology,Software,Software,United States of America,US,United States of America,United States of America,Country of Headquarters,New York Stock Exchange,24.0,22.0,22.0,114783907.0,114783907.0,0.034826322284171075,0.034826322284171075,1,"[""697469""]","[""rbrk-quarterly-earnings-nongaap-eps-12-04-2025-neg0pt17""]","[{""market_id"": ""697469"", ""slug"": ""rbrk-quarterly-earnings-nongaap-eps-12-04-2025-neg0pt17"", ""ticker"": ""RBRK"", ""anchor_date"": ""2025-12-04"", ""bucket"": ""correct"", ""status"": ""MATCHED_CORRECT"", ""polymarket_resolved_outcome"": ""YES"", ""expected_resolution"": ""YES"", ""label"": ""BEAT"", ""turnover_6m_window_start"": ""2025-06-04"", ""turnover_6m_window_end"": ""2025-12-04"", ""turnover_6m_sum_volume"": 114783907.0, ""turnover_6m_avg_daily_volume"": 896749.2734375, ""volatility_6m"": 0.034826322284171075, ""analysts_covering_asof_anchor"": 22.0}]",2026-01-31T10:45:17Z,[]
RCL,RCL,Royal Caribbean Cruises Ltd,87792834092.3,Consumer Discretionary,"Hotels, Restaurants & Leisure","Hotels, Motels & Cruise Lines",United States of America,US,United States of America,United States of America,Country of Headquarters,New York Consolidated,29.0,28.0,28.0,275529489.0,275529489.0,0.021601519974253497,0.021601519974253497,1,"[""642128""]","[""rcl-quarterly-earnings-nongaap-eps-10-28-2025-5pt68""]","[{""market_id"": ""642128"", ""slug"": ""rcl-quarterly-earnings-nongaap-eps-10-28-2025-5pt68"", ""ticker"": ""RCL"", ""anchor_date"": ""2025-10-28"", ""bucket"": ""correct"", ""status"": ""MATCHED_CORRECT"", ""polymarket_resolved_outcome"": ""YES"", ""expected_resolution"": ""YES"", ""label"": ""BEAT"", ""turnover_6m_window_start"": ""2025-04-28"", ""turnover_6m_window_end"": ""2025-10-28"", ""turnover_6m_sum_volume"": 275529489.0, ""turnover_6m_avg_daily_volume"": 2152574.1328125, ""volatility_6m"": 0.021601519974253497, ""analysts_covering_asof_anchor"": 28.0}]",2026-01-31T10:45:17Z,[]
RDDT.N,RDDT,Reddit Inc,34160401556.55,Communication Services,Interactive Media & Services,Online Services,United States of America,US,United States of America,United States of America,Country of Headquarters,New York Stock Exchange,27.0,28.0,28.0,162834163.0,162834163.0,0.04128811212365616,0.04128811212365616,1,"[""648379""]","[""rddt-quarterly-earnings-gaap-eps-10-30-2025-0pt51""]","[{""market_id"": ""648379"", ""slug"": ""rddt-quarterly-earnings-gaap-eps-10-30-2025-0pt51"", ""ticker"": ""RDDT"", ""anchor_date"": ""2025-10-30"", ""bucket"": ""correct"", ""status"": ""MATCHED_CORRECT"", ""polymarket_resolved_outcome"": ""YES"", ""expected_resolution"": ""YES"", ""label"": ""BEAT"", ""turnover_6m_window_start"": ""2025-04-30"", ""turnover_6m_window_end"": ""2025-10-30"", ""turnover_6m_sum_volume"": 162834163.0, ""turnover_6m_avg_daily_volume"": 1272141.8984375, ""volatility_6m"": 0.04128811212365616, ""analysts_covering_asof_anchor"": 28.0}]",2026-01-31T10:45:17Z,[]
REAL.N,REAL,RealReal Inc,1711737365.49,Consumer Discretionary,Specialty Retail,Department Stores,United States of America,US,United States of America,United States of America,Country of Headquarters,New York Stock Exchange,9.0,8.0,8.0,8637519.0,8637519.0,0.042852404625610886,0.042852404625610886,1,"[""668446""]","[""real-quarterly-earnings-nongaap-eps-11-10-2025-neg0pt06""]","[{""market_id"": ""668446"", ""slug"": ""real-quarterly-earnings-nongaap-eps-11-10-2025-neg0pt06"", ""ticker"": ""REAL"", ""anchor_date"": ""2025-11-10"", ""bucket"": ""correct"", ""status"": ""MATCHED_CORRECT"", ""polymarket_resolved_outcome"": ""YES"", ""expected_resolution"": ""YES"", ""label"": ""BEAT"", ""turnover_6m_window_start"": ""2025-05-11"", ""turnover_6m_window_end"": ""2025-11-10"", ""turnover_6m_sum_volume"": 8637519.0, ""turnover_6m_avg_daily_volume"": 68011.96062992126, ""volatility_6m"": 0.042852404625610886, ""analysts_covering_asof_anchor"": 8.0}]",2026-01-31T10:45:17Z,[]
RELL.N,RELL,Richardson Electronics Ltd,175521676.98,Information Technology,"Electronic Equipment, Instruments & Components",Electronic Equipment & Parts,United States of America,US,United States of America,United States of America,Country of Headquarters,New York Stock Exchange,2.0,2.0,2.0,82120.0,82120.0,0.033486424576480885,0.033486424576480885,1,"[""619980""]","[""rell-quarterly-earnings-nongaap-eps-2025-10-08-neg0pt01""]","[{""market_id"": ""619980"", ""slug"": ""rell-quarterly-earnings-nongaap-eps-2025-10-08-neg0pt01"", ""ticker"": ""RELL"", ""anchor_date"": ""2025-10-08"", ""bucket"": ""correct"", ""status"": ""MATCHED_CORRECT"", ""polymarket_resolved_outcome"": ""YES"", ""expected_resolution"": ""YES"", ""label"": ""BEAT"", ""turnover_6m_window_start"": ""2025-04-08"", ""turnover_6m_window_end"": ""2025-10-08"", ""turnover_6m_sum_volume"": 82120.0, ""turnover_6m_avg_daily_volume"": 646.6141732283464, ""volatility_6m"": 0.033486424576480885, ""analysts_covering_asof_anchor"": 2.0}]",2026-01-31T10:45:17Z,[]
RGP.N,RGP,Resources Connection Inc,151764757.62,Industrials,Professional Services,Business Support Services,United States of America,US,United States of America,United States of America,Country of Headquarters,New York Stock Exchange,4.0,4.0,4.0,626462.0,626462.0,0.029559530851680994,0.029559530851680994,1,"[""619983""]","[""rgp-quarterly-earnings-nongaap-eps-2025-10-08-neg0pt10""]","[{""market_id"": ""619983"", ""slug"": ""rgp-quarterly-earnings-nongaap-eps-2025-10-08-neg0pt10"", ""ticker"": ""RGP"", ""anchor_date"": ""2025-10-08"", ""bucket"": ""correct"", ""status"": ""MATCHED_CORRECT"", ""polymarket_resolved_outcome"": ""YES"", ""expected_resolution"": ""YES"", ""label"": ""BEAT"", ""turnover_6m_window_start"": ""2025-04-08"", ""turnover_6m_window_end"": ""2025-10-08"", ""turnover_6m_sum_volume"": 626462.0, ""turnover_6m_avg_daily_volume"": 4932.771653543307, ""volatility_6m"": 0.029559530851680994, ""analysts_covering_asof_anchor"": 4.0}]",2026-01-31T10:45:17Z,[]
RH,RH,RH,3733569892.17,Consumer Discretionary,Specialty Retail,Home Furnishings Retailers,United States of America,US,United States of America,United States of America,Country of Headquarters,New York Consolidated,22.0,22.0,22.0,147165304.0,147165304.0,0.03618914475288697,0.03618914475288697,1,"[""899877""]","[""rh-quarterly-earnings-nongaap-eps-12-11-2025-2pt16""]","[{""market_id"": ""899877"", ""slug"": ""rh-quarterly-earnings-nongaap-eps-12-11-2025-2pt16"", ""ticker"": ""RH"", ""anchor_date"": ""2025-12-11"", ""bucket"": ""correct"", ""status"": ""MATCHED_CORRECT"", ""polymarket_resolved_outcome"": ""NO"", ""expected_resolution"": ""NO"", ""label"": ""MISS"", ""turnover_6m_window_start"": ""2025-06-11"", ""turnover_6m_window_end"": ""2025-12-11"", ""turnover_6m_sum_volume"": 147165304.0, ""turnover_6m_avg_daily_volume"": 1149728.9375, ""volatility_6m"": 0.03618914475288697, ""analysts_covering_asof_anchor"": 22.0}]",2026-01-31T10:45:17Z,[]
RIVN.N,RIVN,Rivian Automotive Inc,18082218446.25,Consumer Discretionary,Automobiles,Auto & Truck Manufacturers,United States of America,US,United States of America,United States of America,Country of Headquarters,New York Stock Exchange,31.0,30.0,30.0,77827874.0,77827874.0,0.027798775443310293,0.027798775443310293,1,"[""657435""]","[""rivn-quarterly-earnings-gaap-eps-11-04-2025-neg0pt86""]","[{""market_id"": ""657435"", ""slug"": ""rivn-quarterly-earnings-gaap-eps-11-04-2025-neg0pt86"", ""ticker"": ""RIVN"", ""anchor_date"": ""2025-11-04"", ""bucket"": ""incorrect"", ""status"": ""MATCHED_INCORRECT"", ""polymarket_resolved_outcome"": ""NO"", ""expected_resolution"": ""YES"", ""label"": ""BEAT"", ""turnover_6m_window_start"": ""2025-05-05"", ""turnover_6m_window_end"": ""2025-11-04"", ""turnover_6m_sum_volume"": 77827874.0, ""turnover_6m_avg_daily_volume"": 608030.265625, ""volatility_6m"": 0.027798775443310293, ""analysts_covering_asof_anchor"": 30.0}]",2026-01-31T10:45:17Z,[]
RJF,RJF,Raymond James Financial Inc,32709224062.4,Financials,Capital Markets,Investment Banking & Brokerage Services,United States of America,US,United States of America,United States of America,Country of Headquarters,New York Consolidated,15.0,15.0,15.0,141088683.0,141088683.0,0.013668476671373908,0.013668476671373908,1,"[""637847""]","[""rjf-quarterly-earnings-nongaap-eps-10-22-2025-2pt83""]","[{""market_id"": ""637847"", ""slug"": ""rjf-quarterly-earnings-nongaap-eps-10-22-2025-2pt83"", ""ticker"": ""RJF"", ""anchor_date"": ""2025-10-22"", ""bucket"": ""correct"", ""status"": ""MATCHED_CORRECT"", ""polymarket_resolved_outcome"": ""YES"", ""expected_resolution"": ""YES"", ""label"": ""BEAT"", ""turnover_6m_window_start"": ""2025-04-22"", ""turnover_6m_window_end"": ""2025-10-22"", ""turnover_6m_sum_volume"": 141088683.0, ""turnover_6m_avg_daily_volume"": 1102255.3359375, ""volatility_6m"": 0.013668476671373908, ""analysts_covering_asof_anchor"": 15.0}]",2026-01-31T10:45:17Z,[]
RL,RL,Ralph Lauren Corp,21431014943.78,Consumer Discretionary,"Textiles, Apparel & Luxury Goods",Apparel & Accessories,United States of America,US,United States of America,United States of America,Country of Headquarters,New York Consolidated,21.0,20.0,20.0,86744036.0,86744036.0,0.01827390952737132,0.01827390952737132,1,"[""657013""]","[""rl-quarterly-earnings-nongaap-eps-11-06-2025-3pt45""]","[{""market_id"": ""657013"", ""slug"": ""rl-quarterly-earnings-nongaap-eps-11-06-2025-3pt45"", ""ticker"": ""RL"", ""anchor_date"": ""2025-11-06"", ""bucket"": ""correct"", ""status"": ""MATCHED_CORRECT"", ""polymarket_resolved_outcome"": ""YES"", ""expected_resolution"": ""YES"", ""label"": ""BEAT"", ""turnover_6m_window_start"": ""2025-05-07"", ""turnover_6m_window_end"": ""2025-11-06"", ""turnover_6m_sum_volume"": 86744036.0, ""turnover_6m_avg_daily_volume"": 677687.78125, ""volatility_6m"": 0.01827390952737132, ""analysts_covering_asof_anchor"": 20.0}]",2026-01-31T10:45:17Z,[]
ROKU.N,ROKU,Roku Inc,14065968599.2,Communication Services,Entertainment,Entertainment Production,United States of America,US,United States of America,United States of America,Country of Headquarters,New York Stock Exchange,30.0,30.0,30.0,6156107.0,6156107.0,0.0306873532549242,0.0306873532549242,1,"[""647966""]","[""roku-quarterly-earnings-gaap-eps-10-30-2025-0pt08""]","[{""market_id"": ""647966"", ""slug"": ""roku-quarterly-earnings-gaap-eps-10-30-2025-0pt08"", ""ticker"": ""ROKU"", ""anchor_date"": ""2025-10-30"", ""bucket"": ""correct"", ""status"": ""MATCHED_CORRECT"", ""polymarket_resolved_outcome"": ""YES"", ""expected_resolution"": ""YES"", ""label"": ""BEAT"", ""turnover_6m_window_start"": ""2025-04-30"", ""turnover_6m_window_end"": ""2025-10-30"", ""turnover_6m_sum_volume"": 6156107.0, ""turnover_6m_avg_daily_volume"": 48094.5859375, ""volatility_6m"": 0.0306873532549242, ""analysts_covering_asof_anchor"": 30.0}]",2026-01-31T10:45:17Z,[]
RUM.N,RUM,Rumble Inc,1929315714.07,Communication Services,Interactive Media & Services,Online Services,United States of America,US,United States of America,United States of America,Country of Headquarters,New York Stock Exchange,3.0,4.0,4.0,6093357.0,6093357.0,0.035536183789586964,0.035536183789586964,1,"[""668465""]","[""rum-quarterly-earnings-gaap-eps-11-12-2025-neg0pt06""]","[{""market_id"": ""668465"", ""slug"": ""rum-quarterly-earnings-gaap-eps-11-12-2025-neg0pt06"", ""ticker"": ""RUM"", ""anchor_date"": ""2025-11-12"", ""bucket"": ""correct"", ""status"": ""MATCHED_CORRECT"", ""polymarket_resolved_outcome"": ""NO"", ""expected_resolution"": ""NO"", ""label"": ""TIE"", ""turnover_6m_window_start"": ""2025-05-13"", ""turnover_6m_window_end"": ""2025-11-12"", ""turnover_6m_sum_volume"": 6093357.0, ""turnover_6m_avg_daily_volume"": 47604.3515625, ""volatility_6m"": 0.035536183789586964, ""analysts_covering_asof_anchor"": 4.0}]",2026-01-31T10:45:17Z,[]
SAM,SAM,Boston Beer Company Inc,2276840572.16,Consumer Staples,Beverages,Brewers,United States of America,US,United States of America,United States of America,Country of Headquarters,New York Consolidated,15.0,16.0,16.0,29097602.0,29097602.0,0.02105759380011797,0.02105759380011797,1,"[""627748""]","[""sam-quarterly-earnings-gaap-eps-10-23-2025-3pt61""]","[{""market_id"": ""627748"", ""slug"": ""sam-quarterly-earnings-gaap-eps-10-23-2025-3pt61"", ""ticker"": ""SAM"", ""anchor_date"": ""2025-10-23"", ""bucket"": ""correct"", ""status"": ""MATCHED_CORRECT"", ""polymarket_resolved_outcome"": ""YES"", ""expected_resolution"": ""YES"", ""label"": ""BEAT"", ""turnover_6m_window_start"": ""2025-04-23"", ""turnover_6m_window_end"": ""2025-10-23"", ""turnover_6m_sum_volume"": 29097602.0, ""turnover_6m_avg_daily_volume"": 227325.015625, ""volatility_6m"": 0.02105759380011797, ""analysts_covering_asof_anchor"": 16.0}]",2026-01-31T10:45:17Z,[]
SBUX.N,SBUX,Starbucks Corp,104758635000.0,Consumer Discretionary,"Hotels, Restaurants & Leisure",Restaurants & Bars,United States of America,US,United States of America,United States of America,Country of Headquarters,New York Stock Exchange,38.0,38.0,38.0,16423890.5,16423890.5,0.01830762881298073,0.01830762881298073,2,"[""1244922"", ""643045""]","[""sbux-quarterly-earnings-gaap-eps-01-28-2026-0pt58"", ""sbux-quarterly-earnings-gaap-eps-10-29-2025-0pt51""]","[{""market_id"": ""1244922"", ""slug"": ""sbux-quarterly-earnings-gaap-eps-01-28-2026-0pt58"", ""ticker"": ""SBUX"", ""anchor_date"": ""2026-01-28"", ""bucket"": ""correct"", ""status"": ""MATCHED_CORRECT"", ""polymarket_resolved_outcome"": ""NO"", ""expected_resolution"": ""NO"", ""label"": ""MISS"", ""turnover_6m_window_start"": ""2025-07-29"", ""turnover_6m_window_end"": ""2026-01-28"", ""turnover_6m_sum_volume"": 16379588.0, ""turnover_6m_avg_daily_volume"": 128973.13385826771, ""volatility_6m"": 0.017950878504198842, ""analysts_covering_asof_anchor"": 38.0}, {""market_id"": ""643045"", ""slug"": ""sbux-quarterly-earnings-gaap-eps-10-29-2025-0pt51"", ""ticker"": ""SBUX"", ""anchor_date"": ""2025-10-29"", ""bucket"": ""incorrect"", ""status"": ""MATCHED_INCORRECT"", ""polymarket_resolved_outcome"": ""NO"", ""expected_resolution"": ""YES"", ""label"": ""BEAT"", ""turnover_6m_window_start"": ""2025-04-29"", ""turnover_6m_window_end"": ""2025-10-29"", ""turnover_6m_sum_volume"": 16468193.0, ""turnover_6m_avg_daily_volume"": 128657.7578125, ""volatility_6m"": 0.018664379121762623, ""analysts_covering_asof_anchor"": 38.0}]",2026-01-31T10:45:17Z,[]
SCHW.N,SCHW,Charles Schwab Corp,184659269138.4,Financials,Capital Markets,Investment Banking & Brokerage Services,United States of America,US,United States of America,United States of America,Country of Headquarters,New York Stock Exchange,20.0,20.5,20.5,291889506.5,291889506.5,0.012783594574429517,0.012783594574429517,2,"[""614616"", ""1125627""]","[""schw-quarterly-earnings-nongaap-eps-2025-10-16-1pt21"", ""schw-quarterly-earnings-nongaap-eps-01-21-2026-1pt36""]","[{""market_id"": ""614616"", ""slug"": ""schw-quarterly-earnings-nongaap-eps-2025-10-16-1pt21"", ""ticker"": ""SCHW"", ""anchor_date"": ""2025-10-16"", ""bucket"": ""correct"", ""status"": ""MATCHED_CORRECT"", ""polymarket_resolved_outcome"": ""YES"", ""expected_resolution"": ""YES"", ""label"": ""BEAT"", ""turnover_6m_window_start"": ""2025-04-16"", ""turnover_6m_window_end"": ""2025-10-16"", ""turnover_6m_sum_volume"": 291556647.0, ""turnover_6m_avg_daily_volume"": 2295721.62992126, ""volatility_6m"": 0.012435402733179701, ""analysts_covering_asof_anchor"": 21.0}, {""market_id"": ""1125627"", ""slug"": ""schw-quarterly-earnings-nongaap-eps-01-21-2026-1pt36"", ""ticker"": ""SCHW"", ""anchor_date"": ""2026-01-21"", ""bucket"": ""correct"", ""status"": ""MATCHED_CORRECT"", ""polymarket_resolved_outcome"": ""YES"", ""expected_resolution"": ""YES"", ""label"": ""BEAT"", ""turnover_6m_window_start"": ""2025-07-22"", ""turnover_6m_window_end"": ""2026-01-21"", ""turnover_6m_sum_volume"": 292222366.0, ""turnover_6m_avg_daily_volume"": 2300963.5118110236, ""volatility_6m"": 0.013131786415679334, ""analysts_covering_asof_anchor"": 20.0}]",2026-01-31T10:45:17Z,[]
SEIC.N,SEIC,SEI Investments Co,10738081200.0,Financials,Capital Markets,Investment Management & Fund Operators,United States of America,US,United States of America,United States of America,Country of Headquarters,New York Stock Exchange,6.0,7.0,7.0,2090131.0,2090131.0,0.012934384548081643,0.012934384548081643,1,"[""637848""]","[""seic-quarterly-earnings-gaap-eps-10-22-2025-1pt26""]","[{""market_id"": ""637848"", ""slug"": ""seic-quarterly-earnings-gaap-eps-10-22-2025-1pt26"", ""ticker"": ""SEIC"", ""anchor_date"": ""2025-10-22"", ""bucket"": ""correct"", ""status"": ""MATCHED_CORRECT"", ""polymarket_resolved_outcome"": ""YES"", ""expected_resolution"": ""YES"", ""label"": ""BEAT"", ""turnover_6m_window_start"": ""2025-04-22"", ""turnover_6m_window_end"": ""2025-10-22"", ""turnover_6m_sum_volume"": 2090131.0, ""turnover_6m_avg_daily_volume"": 16329.1484375, ""volatility_6m"": 0.012934384548081643, ""analysts_covering_asof_anchor"": 7.0}]",2026-01-31T10:45:17Z,[]
SFBS.N,SFBS,ServisFirst Bancshares Inc,4471052566.75,Financials,Banks,Banks,United States of America,US,United States of America,United States of America,Country of Headquarters,New York Stock Exchange,3.0,3.0,3.0,11289382.0,11289382.0,0.018112688861254507,0.018112688861254507,1,"[""620052""]","[""sfbs-quarterly-earnings-nongaap-eps-2025-10-20-1pt34""]","[{""market_id"": ""620052"", ""slug"": ""sfbs-quarterly-earnings-nongaap-eps-2025-10-20-1pt34"", ""ticker"": ""SFBS"", ""anchor_date"": ""2025-10-20"", ""bucket"": ""correct"", ""status"": ""MATCHED_CORRECT"", ""polymarket_resolved_outcome"": ""NO"", ""expected_resolution"": ""NO"", ""label"": ""MISS"", ""turnover_6m_window_start"": ""2025-04-20"", ""turnover_6m_window_end"": ""2025-10-20"", ""turnover_6m_sum_volume"": 11289382.0, ""turnover_6m_avg_daily_volume"": 88892.77165354331, ""volatility_6m"": 0.018112688861254507, ""analysts_covering_asof_anchor"": 3.0}]",2026-01-31T10:45:17Z,[]
SG,SG,Sweetgreen Inc,726813541.74,Consumer Discretionary,"Hotels, Restaurants & Leisure",Restaurants & Bars,United States of America,US,United States of America,United States of America,Country of Headquarters,New York Consolidated,14.0,14.0,14.0,748618749.0,748618749.0,0.04760010073320164,0.04760010073320164,1,"[""658498""]","[""sg-quarterly-earnings-gaap-eps-11-06-2025-neg0pt17""]","[{""market_id"": ""658498"", ""slug"": ""sg-quarterly-earnings-gaap-eps-11-06-2025-neg0pt17"", ""ticker"": ""SG"", ""anchor_date"": ""2025-11-06"", ""bucket"": ""correct"", ""status"": ""MATCHED_CORRECT"", ""polymarket_resolved_outcome"": ""NO"", ""expected_resolution"": ""NO"", ""label"": ""MISS"", ""turnover_6m_window_start"": ""2025-05-07"", ""turnover_6m_window_end"": ""2025-11-06"", ""turnover_6m_sum_volume"": 748618749.0, ""turnover_6m_avg_daily_volume"": 5848583.9765625, ""volatility_6m"": 0.04760010073320164, ""analysts_covering_asof_anchor"": 14.0}]",2026-01-31T10:45:17Z,[]
SHAK.N,SHAK,Shake Shack Inc,3780909639.46,Consumer Discretionary,"Hotels, Restaurants & Leisure",Restaurants & Bars,United States of America,US,United States of America,United States of America,Country of Headquarters,New York Stock Exchange,25.0,24.0,24.0,45533434.0,45533434.0,0.027631578697093845,0.027631578697093845,1,"[""648033""]","[""shak-quarterly-earnings-nongaap-eps-10-30-2025-0pt31""]","[{""market_id"": ""648033"", ""slug"": ""shak-quarterly-earnings-nongaap-eps-10-30-2025-0pt31"", ""ticker"": ""SHAK"", ""anchor_date"": ""2025-10-30"", ""bucket"": ""correct"", ""status"": ""MATCHED_CORRECT"", ""polymarket_resolved_outcome"": ""YES"", ""expected_resolution"": ""YES"", ""label"": ""BEAT"", ""turnover_6m_window_start"": ""2025-04-30"", ""turnover_6m_window_end"": ""2025-10-30"", ""turnover_6m_sum_volume"": 45533434.0, ""turnover_6m_avg_daily_volume"": 355729.953125, ""volatility_6m"": 0.027631578697093845, ""analysts_covering_asof_anchor"": 24.0}]",2026-01-31T10:45:17Z,[]
SHOP.N,SHOP,Shopify Inc,170840842979.62,Information Technology,IT Services,Online Services,Canada,CA,United States of America,United States of America,Country of Headquarters,New York Stock Exchange,44.0,45.0,45.0,18478972.0,18478972.0,0.03313208390272731,0.03313208390272731,1,"[""657454""]","[""shop-quarterly-earnings-gaap-eps-11-04-2025-0pt25""]","[{""market_id"": ""657454"", ""slug"": ""shop-quarterly-earnings-gaap-eps-11-04-2025-0pt25"", ""ticker"": ""SHOP"", ""anchor_date"": ""2025-11-04"", ""bucket"": ""incorrect"", ""status"": ""MATCHED_INCORRECT"", ""polymarket_resolved_outcome"": ""NO"", ""expected_resolution"": ""YES"", ""label"": ""BEAT"", ""turnover_6m_window_start"": ""2025-05-05"", ""turnover_6m_window_end"": ""2025-11-04"", ""turnover_6m_sum_volume"": 18478972.0, ""turnover_6m_avg_daily_volume"": 144366.96875, ""volatility_6m"": 0.03313208390272731, ""analysts_covering_asof_anchor"": 45.0}]",2026-01-31T10:45:17Z,[]
SJM,SJM,J M Smucker Co,11187967129.22,Consumer Staples,Food Products,Food Processing,United States of America,US,United States of America,United States of America,Country of Headquarters,New York Consolidated,20.0,20.0,20.0,266403563.0,266403563.0,0.021926193759679965,0.021926193759679965,1,"[""675629""]","[""sjm-quarterly-earnings-nongaap-eps-11-25-2025-2pt1""]","[{""market_id"": ""675629"", ""slug"": ""sjm-quarterly-earnings-nongaap-eps-11-25-2025-2pt1"", ""ticker"": ""SJM"", ""anchor_date"": ""2025-11-25"", ""bucket"": ""correct"", ""status"": ""MATCHED_CORRECT"", ""polymarket_resolved_outcome"": ""NO"", ""expected_resolution"": ""NO"", ""label"": ""TIE"", ""turnover_6m_window_start"": ""2025-05-26"", ""turnover_6m_window_end"": ""2025-11-25"", ""turnover_6m_sum_volume"": 266403563.0, ""turnover_6m_avg_daily_volume"": 2081277.8359375, ""volatility_6m"": 0.021926193759679965, ""analysts_covering_asof_anchor"": 20.0}]",2026-01-31T10:45:17Z,[]
SMTC.N,SMTC,Semtech Corp,7380069545.75,Information Technology,Semiconductors & Semiconductor Equipment,Semiconductors,United States of America,US,United States of America,United States of America,Country of Headquarters,New York Stock Exchange,15.0,14.0,14.0,3142769.0,3142769.0,0.03640467570047185,0.03640467570047185,1,"[""675618""]","[""smtc-quarterly-earnings-nongaap-eps-11-24-2025-0pt45""]","[{""market_id"": ""675618"", ""slug"": ""smtc-quarterly-earnings-nongaap-eps-11-24-2025-0pt45"", ""ticker"": ""SMTC"", ""anchor_date"": ""2025-11-24"", ""bucket"": ""correct"", ""status"": ""MATCHED_CORRECT"", ""polymarket_resolved_outcome"": ""YES"", ""expected_resolution"": ""YES"", ""label"": ""BEAT"", ""turnover_6m_window_start"": ""2025-05-25"", ""turnover_6m_window_end"": ""2025-11-24"", ""turnover_6m_sum_volume"": 3142769.0, ""turnover_6m_avg_daily_volume"": 24746.212598425198, ""volatility_6m"": 0.03640467570047185, ""analysts_covering_asof_anchor"": 14.0}]",2026-01-31T10:45:17Z,[]
SNDK.N,SNDK,Sandisk Corp,85285000000.0,Information Technology,"Technology Hardware, Storage & Peripherals",Computer Hardware,United States of America,US,United States of America,United States of America,Country of Headquarters,New York Stock Exchange,24.0,19.0,19.0,9227530.0,9227530.0,0.04839735572340339,0.04839735572340339,1,"[""657012""]","[""sndk-quarterly-earnings-nongaap-eps-11-06-2025-0pt88""]","[{""market_id"": ""657012"", ""slug"": ""sndk-quarterly-earnings-nongaap-eps-11-06-2025-0pt88"", ""ticker"": ""SNDK"", ""anchor_date"": ""2025-11-06"", ""bucket"": ""correct"", ""status"": ""MATCHED_CORRECT"", ""polymarket_resolved_outcome"": ""YES"", ""expected_resolution"": ""YES"", ""label"": ""BEAT"", ""turnover_6m_window_start"": ""2025-05-07"", ""turnover_6m_window_end"": ""2025-11-06"", ""turnover_6m_sum_volume"": 9227530.0, ""turnover_6m_avg_daily_volume"": 72090.078125, ""volatility_6m"": 0.04839735572340339, ""analysts_covering_asof_anchor"": 19.0}]",2026-01-31T10:45:17Z,[]
SNEX.N,SNEX,StoneX Group Inc,5878573931.04,Financials,Capital Markets,Investment Banking & Brokerage Services,United States of America,US,United States of America,United States of America,Country of Headquarters,New York Stock Exchange,2.0,2.0,2.0,865149.0,865149.0,0.024973417364786178,0.024973417364786178,1,"[""668520""]","[""snex-quarterly-earnings-gaap-eps-11-18-2025-1pt56""]","[{""market_id"": ""668520"", ""slug"": ""snex-quarterly-earnings-gaap-eps-11-18-2025-1pt56"", ""ticker"": ""SNEX"", ""anchor_date"": ""2025-11-18"", ""bucket"": ""correct"", ""status"": ""MATCHED_CORRECT"", ""polymarket_resolved_outcome"": ""YES"", ""expected_resolution"": ""YES"", ""label"": ""BEAT"", ""turnover_6m_window_start"": ""2025-05-19"", ""turnover_6m_window_end"": ""2025-11-18"", ""turnover_6m_sum_volume"": 865149.0, ""turnover_6m_avg_daily_volume"": 6758.9765625, ""volatility_6m"": 0.024973417364786178, ""analysts_covering_asof_anchor"": 2.0}]",2026-01-31T10:45:17Z,[]
SNOW.N,SNOW,Snowflake Inc,65941940000.0,Information Technology,IT Services,IT Services & Consulting,United States of America,US,United States of America,United States of America,Country of Headquarters,New York Stock Exchange,51.0,51.0,51.0,109217791.0,109217791.0,0.027484124238206075,0.027484124238206075,1,"[""697447""]","[""snow-quarterly-earnings-nongaap-eps-12-03-2025-0pt31""]","[{""market_id"": ""697447"", ""slug"": ""snow-quarterly-earnings-nongaap-eps-12-03-2025-0pt31"", ""ticker"": ""SNOW"", ""anchor_date"": ""2025-12-03"", ""bucket"": ""correct"", ""status"": ""MATCHED_CORRECT"", ""polymarket_resolved_outcome"": ""YES"", ""expected_resolution"": ""YES"", ""label"": ""BEAT"", ""turnover_6m_window_start"": ""2025-06-03"", ""turnover_6m_window_end"": ""2025-12-03"", ""turnover_6m_sum_volume"": 109217791.0, ""turnover_6m_avg_daily_volume"": 853263.9921875, ""volatility_6m"": 0.027484124238206075, ""analysts_covering_asof_anchor"": 51.0}]",2026-01-31T10:45:17Z,[]
SOFI.N,SOFI,SoFi Technologies Inc,28907042904.87,Financials,Consumer Finance,Consumer Lending,United States of America,US,United States of America,United States of America,Country of Headquarters,New York Stock Exchange,26.0,25.0,25.0,151895461.0,151895461.0,0.03130017870805062,0.03130017870805062,1,"[""643038""]","[""sofi-quarterly-earnings-gaap-eps-10-28-2025-0pt08""]","[{""market_id"": ""643038"", ""slug"": ""sofi-quarterly-earnings-gaap-eps-10-28-2025-0pt08"", ""ticker"": ""SOFI"", ""anchor_date"": ""2025-10-28"", ""bucket"": ""correct"", ""status"": ""MATCHED_CORRECT"", ""polymarket_resolved_outcome"": ""YES"", ""expected_resolution"": ""YES"", ""label"": ""BEAT"", ""turnover_6m_window_start"": ""2025-04-28"", ""turnover_6m_window_end"": ""2025-10-28"", ""turnover_6m_sum_volume"": 151895461.0, ""turnover_6m_avg_daily_volume"": 1186683.2890625, ""volatility_6m"": 0.03130017870805062, ""analysts_covering_asof_anchor"": 25.0}]",2026-01-31T10:45:17Z,[]
SONO.N,SONO,Sonos Inc,1734522627.95,Consumer Discretionary,Household Durables,Household Electronics,United States of America,US,United States of America,United States of America,Country of Headquarters,New York Stock Exchange,4.0,4.0,4.0,5368895.0,5368895.0,0.029062827316089557,0.029062827316089557,1,"[""656785""]","[""sono-quarterly-earnings-nongaap-eps-11-05-2025-0pt05""]","[{""market_id"": ""656785"", ""slug"": ""sono-quarterly-earnings-nongaap-eps-11-05-2025-0pt05"", ""ticker"": ""SONO"", ""anchor_date"": ""2025-11-05"", ""bucket"": ""correct"", ""status"": ""MATCHED_CORRECT"", ""polymarket_resolved_outcome"": ""NO"", ""expected_resolution"": ""NO"", ""label"": ""MISS"", ""turnover_6m_window_start"": ""2025-05-06"", ""turnover_6m_window_end"": ""2025-11-05"", ""turnover_6m_sum_volume"": 5368895.0, ""turnover_6m_avg_daily_volume"": 41944.4921875, ""volatility_6m"": 0.029062827316089557, ""analysts_covering_asof_anchor"": 4.0}]",2026-01-31T10:45:17Z,[]
SPCE.N,SPCE,Virgin Galactic Holdings Inc,208418641.8,Industrials,Aerospace & Defense,Aerospace & Defense,United States of America,US,United States of America,United States of America,Country of Headquarters,New York Stock Exchange,9.0,9.0,9.0,95029302.0,95029302.0,0.055573986597545075,0.055573986597545075,1,"[""668514""]","[""spce-quarterly-earnings-gaap-eps-11-13-2025-neg1pt5""]","[{""market_id"": ""668514"", ""slug"": ""spce-quarterly-earnings-gaap-eps-11-13-2025-neg1pt5"", ""ticker"": ""SPCE"", ""anchor_date"": ""2025-11-13"", ""bucket"": ""correct"", ""status"": ""MATCHED_CORRECT"", ""polymarket_resolved_outcome"": ""YES"", ""expected_resolution"": ""YES"", ""label"": ""BEAT"", ""turnover_6m_window_start"": ""2025-05-14"", ""turnover_6m_window_end"": ""2025-11-13"", ""turnover_6m_sum_volume"": 95029302.0, ""turnover_6m_avg_daily_volume"": 742416.421875, ""volatility_6m"": 0.055573986597545075, ""analysts_covering_asof_anchor"": 9.0}]",2026-01-31T10:45:17Z,[]
SPGI.N,SPGI,S&P Global Inc,159814812000.0,Financials,Capital Markets,Professional Information Services,United States of America,US,United States of America,United States of America,Country of Headquarters,New York Stock Exchange,26.0,27.0,27.0,51428596.0,51428596.0,0.012838676835436448,0.012838676835436448,1,"[""648017""]","[""spgi-quarterly-earnings-nongaap-eps-10-30-2025-4pt41""]","[{""market_id"": ""648017"", ""slug"": ""spgi-quarterly-earnings-nongaap-eps-10-30-2025-4pt41"", ""ticker"": ""SPGI"", ""anchor_date"": ""2025-10-30"", ""bucket"": ""correct"", ""status"": ""MATCHED_CORRECT"", ""polymarket_resolved_outcome"": ""YES"", ""expected_resolution"": ""YES"", ""label"": ""BEAT"", ""turnover_6m_window_start"": ""2025-04-30"", ""turnover_6m_window_end"": ""2025-10-30"", ""turnover_6m_sum_volume"": 51428596.0, ""turnover_6m_avg_daily_volume"": 401785.90625, ""volatility_6m"": 0.012838676835436448, ""analysts_covering_asof_anchor"": 27.0}]",2026-01-31T10:45:17Z,[]
SSNC.N,SSNC,SS&C Technologies Holdings Inc,19983404031.67,Industrials,Professional Services,IT Services & Consulting,United States of America,US,United States of America,United States of America,Country of Headquarters,New York Stock Exchange,11.0,11.0,11.0,1953844.0,1953844.0,0.01250185575971261,0.01250185575971261,1,"[""637883""]","[""ssnc-quarterly-earnings-nongaap-eps-10-23-2025-1pt47""]","[{""market_id"": ""637883"", ""slug"": ""ssnc-quarterly-earnings-nongaap-eps-10-23-2025-1pt47"", ""ticker"": ""SSNC"", ""anchor_date"": ""2025-10-23"", ""bucket"": ""correct"", ""status"": ""MATCHED_CORRECT"", ""polymarket_resolved_outcome"": ""YES"", ""expected_resolution"": ""YES"", ""label"": ""BEAT"", ""turnover_6m_window_start"": ""2025-04-23"", ""turnover_6m_window_end"": ""2025-10-23"", ""turnover_6m_sum_volume"": 1953844.0, ""turnover_6m_avg_daily_volume"": 15264.40625, ""volatility_6m"": 0.01250185575971261, ""analysts_covering_asof_anchor"": 11.0}]",2026-01-31T10:45:17Z,[]
SSTK.N,SSTK,Shutterstock Inc,705079007.05,Communication Services,Interactive Media & Services,Online Services,United States of America,US,United States of America,United States of America,Country of Headquarters,New York Stock Exchange,3.0,4.0,4.0,10535557.0,10535557.0,0.033369935328040945,0.033369935328040945,1,"[""643037""]","[""sstk-quarterly-earnings-nongaap-eps-11-04-2025-1pt15""]","[{""market_id"": ""643037"", ""slug"": ""sstk-quarterly-earnings-nongaap-eps-11-04-2025-1pt15"", ""ticker"": ""SSTK"", ""anchor_date"": ""2025-11-04"", ""bucket"": ""correct"", ""status"": ""MATCHED_CORRECT"", ""polymarket_resolved_outcome"": ""NO"", ""expected_resolution"": ""NO"", ""label"": ""MISS"", ""turnover_6m_window_start"": ""2025-05-05"", ""turnover_6m_window_end"": ""2025-11-04"", ""turnover_6m_sum_volume"": 10535557.0, ""turnover_6m_avg_daily_volume"": 82309.0390625, ""volatility_6m"": 0.033369935328040945, ""analysts_covering_asof_anchor"": 4.0}]",2026-01-31T10:45:17Z,[]
STBA.N,STBA,S&T Bancorp Inc,1594851341.2,Financials,Banks,Banks,United States of America,US,United States of America,United States of America,Country of Headquarters,New York Stock Exchange,6.0,6.0,6.0,379336.0,379336.0,0.014590875720000208,0.014590875720000208,1,"[""637880""]","[""stba-quarterly-earnings-gaap-eps-10-23-2025-0pt86""]","[{""market_id"": ""637880"", ""slug"": ""stba-quarterly-earnings-gaap-eps-10-23-2025-0pt86"", ""ticker"": ""STBA"", ""anchor_date"": ""2025-10-23"", ""bucket"": ""correct"", ""status"": ""MATCHED_CORRECT"", ""polymarket_resolved_outcome"": ""YES"", ""expected_resolution"": ""YES"", ""label"": ""BEAT"", ""turnover_6m_window_start"": ""2025-04-23"", ""turnover_6m_window_end"": ""2025-10-23"", ""turnover_6m_sum_volume"": 379336.0, ""turnover_6m_avg_daily_volume"": 2963.5625, ""volatility_6m"": 0.014590875720000208, ""analysts_covering_asof_anchor"": 6.0}]",2026-01-31T10:45:17Z,[]
STT,STT,State Street Corp,36520134910.02,Financials,Capital Markets,Investment Management & Fund Operators,United States of America,US,United States of America,United States of America,Country of Headquarters,New York Consolidated,19.0,18.5,18.5,246190425.0,246190425.0,0.014812985436771444,0.014812985436771444,2,"[""619541"", ""1099187""]","[""stt-quarterly-earnings-gaap-eps-2025-10-17-2pt58"", ""stt-quarterly-earnings-gaap-eps-01-16-2026-2pt67""]","[{""market_id"": ""619541"", ""slug"": ""stt-quarterly-earnings-gaap-eps-2025-10-17-2pt58"", ""ticker"": ""STT"", ""anchor_date"": ""2025-10-17"", ""bucket"": ""correct"", ""status"": ""MATCHED_CORRECT"", ""polymarket_resolved_outcome"": ""YES"", ""expected_resolution"": ""YES"", ""label"": ""BEAT"", ""turnover_6m_window_start"": ""2025-04-17"", ""turnover_6m_window_end"": ""2025-10-17"", ""turnover_6m_sum_volume"": 245958584.0, ""turnover_6m_avg_daily_volume"": 1936681.7637795275, ""volatility_6m"": 0.015213706428814764, ""analysts_covering_asof_anchor"": 18.0}, {""market_id"": ""1099187"", ""slug"": ""stt-quarterly-earnings-gaap-eps-01-16-2026-2pt67"", ""ticker"": ""STT"", ""anchor_date"": ""2026-01-16"", ""bucket"": ""incorrect"", ""status"": ""MATCHED_INCORRECT"", ""polymarket_resolved_outcome"": ""NO"", ""expected_resolution"": ""YES"", ""label"": ""BEAT"", ""turnover_6m_window_start"": ""2025-07-17"", ""turnover_6m_window_end"": ""2026-01-16"", ""turnover_6m_sum_volume"": 246422266.0, ""turnover_6m_avg_daily_volume"": 1925173.953125, ""volatility_6m"": 0.014412264444728125, ""analysts_covering_asof_anchor"": 19.0}]",2026-01-31T10:45:17Z,[]
STZ,STZ,Constellation Brands Inc,27173475807.4,Consumer Staples,Beverages,Brewers,United States of America,US,United States of America,United States of America,Country of Headquarters,New York Consolidated,24.0,26.0,26.0,296398248.0,296398248.0,0.01807272242113673,0.01807272242113673,1,"[""614636""]","[""stz-quarterly-earnings-nongaap-eps-2025-10-06-3pt44""]","[{""market_id"": ""614636"", ""slug"": ""stz-quarterly-earnings-nongaap-eps-2025-10-06-3pt44"", ""ticker"": ""STZ"", ""anchor_date"": ""2025-10-06"", ""bucket"": ""correct"", ""status"": ""MATCHED_CORRECT"", ""polymarket_resolved_outcome"": ""YES"", ""expected_resolution"": ""YES"", ""label"": ""BEAT"", ""turnover_6m_window_start"": ""2025-04-06"", ""turnover_6m_window_end"": ""2025-10-06"", ""turnover_6m_sum_volume"": 296398248.0, ""turnover_6m_avg_daily_volume"": 2352367.0476190476, ""volatility_6m"": 0.01807272242113673, ""analysts_covering_asof_anchor"": 26.0}]",2026-01-31T10:45:17Z,[]
SUN,SUN,Sunoco LP,10832539334.36,Energy,"Oil, Gas & Consumable Fuels",Oil & Gas Refining and Marketing,United States of America,US,United States of America,United States of America,Country of Headquarters,New York Consolidated,7.0,5.0,5.0,55801161.0,55801161.0,0.014715568967297052,0.014715568967297052,1,"[""652652""]","[""sun-quarterly-earnings-gaap-eps-11-05-2025-1pt37""]","[{""market_id"": ""652652"", ""slug"": ""sun-quarterly-earnings-gaap-eps-11-05-2025-1pt37"", ""ticker"": ""SUN"", ""anchor_date"": ""2025-11-05"", ""bucket"": ""correct"", ""status"": ""MATCHED_CORRECT"", ""polymarket_resolved_outcome"": ""NO"", ""expected_resolution"": ""NO"", ""label"": ""MISS"", ""turnover_6m_window_start"": ""2025-05-06"", ""turnover_6m_window_end"": ""2025-11-05"", ""turnover_6m_sum_volume"": 55801161.0, ""turnover_6m_avg_daily_volume"": 435946.5703125, ""volatility_6m"": 0.014715568967297052, ""analysts_covering_asof_anchor"": 5.0}]",2026-01-31T10:45:17Z,[]
SWBI.N,SWBI,Smith & Wesson Brands Inc,485871695.4,Consumer Discretionary,Leisure Products,Aerospace & Defense,United States of America,US,United States of America,United States of America,Country of Headquarters,New York Stock Exchange,2.0,3.0,3.0,2072644.0,2072644.0,0.028297750089333655,0.028297750089333655,1,"[""697477""]","[""swbi-quarterly-earnings-nongaap-eps-12-04-2025-0pt02""]","[{""market_id"": ""697477"", ""slug"": ""swbi-quarterly-earnings-nongaap-eps-12-04-2025-0pt02"", ""ticker"": ""SWBI"", ""anchor_date"": ""2025-12-04"", ""bucket"": ""correct"", ""status"": ""MATCHED_CORRECT"", ""polymarket_resolved_outcome"": ""YES"", ""expected_resolution"": ""YES"", ""label"": ""BEAT"", ""turnover_6m_window_start"": ""2025-06-04"", ""turnover_6m_window_end"": ""2025-12-04"", ""turnover_6m_sum_volume"": 2072644.0, ""turnover_6m_avg_daily_volume"": 16192.53125, ""volatility_6m"": 0.028297750089333655, ""analysts_covering_asof_anchor"": 3.0}]",2026-01-31T10:45:17Z,[]
SYY,SYY,Sysco Corp,40158334918.65,Consumer Staples,Consumer Staples Distribution & Retail,Food Retail & Distribution,United States of America,US,United States of America,United States of America,Country of Headquarters,New York Consolidated,19.0,21.0,21.0,381055580.0,381055580.0,0.011407809513788707,0.011407809513788707,1,"[""643046""]","[""syy-quarterly-earnings-nongaap-eps-10-28-2025-1pt12""]","[{""market_id"": ""643046"", ""slug"": ""syy-quarterly-earnings-nongaap-eps-10-28-2025-1pt12"", ""ticker"": ""SYY"", ""anchor_date"": ""2025-10-28"", ""bucket"": ""correct"", ""status"": ""MATCHED_CORRECT"", ""polymarket_resolved_outcome"": ""YES"", ""expected_resolution"": ""YES"", ""label"": ""BEAT"", ""turnover_6m_window_start"": ""2025-04-28"", ""turnover_6m_window_end"": ""2025-10-28"", ""turnover_6m_sum_volume"": 381055580.0, ""turnover_6m_avg_daily_volume"": 2976996.71875, ""volatility_6m"": 0.011407809513788707, ""analysts_covering_asof_anchor"": 21.0}]",2026-01-31T10:45:17Z,[]
T,T,AT&T Inc,184439770000.0,Communication Services,Diversified Telecommunication Services,Wireless Telecommunications Services,United States of America,US,United States of America,United States of America,Country of Headquarters,New York Consolidated,26.0,26.0,26.0,4858822498.5,4858822498.5,0.012373336150734559,0.012373336150734559,2,"[""627673"", ""1244921""]","[""t-quarterly-earnings-nongaap-eps-10-22-2025-0pt54"", ""t-quarterly-earnings-nongaap-eps-01-28-2026-0pt47""]","[{""market_id"": ""627673"", ""slug"": ""t-quarterly-earnings-nongaap-eps-10-22-2025-0pt54"", ""ticker"": ""T"", ""anchor_date"": ""2025-10-22"", ""bucket"": ""correct"", ""status"": ""MATCHED_CORRECT"", ""polymarket_resolved_outcome"": ""NO"", ""expected_resolution"": ""NO"", ""label"": ""TIE"", ""turnover_6m_window_start"": ""2025-04-22"", ""turnover_6m_window_end"": ""2025-10-22"", ""turnover_6m_sum_volume"": 4381768570.0, ""turnover_6m_avg_daily_volume"": 34232566.953125, ""volatility_6m"": 0.012518883347434458, ""analysts_covering_asof_anchor"": 26.0}, {""market_id"": ""1244921"", ""slug"": ""t-quarterly-earnings-nongaap-eps-01-28-2026-0pt47"", ""ticker"": ""T"", ""anchor_date"": ""2026-01-28"", ""bucket"": ""correct"", ""status"": ""MATCHED_CORRECT"", ""polymarket_resolved_outcome"": ""YES"", ""expected_resolution"": ""YES"", ""label"": ""BEAT"", ""turnover_6m_window_start"": ""2025-07-29"", ""turnover_6m_window_end"": ""2026-01-28"", ""turnover_6m_sum_volume"": 5335876427.0, ""turnover_6m_avg_daily_volume"": 42014775.01574803, ""volatility_6m"": 0.012227788954034658, ""analysts_covering_asof_anchor"": 26.0}]",2026-01-31T10:45:17Z,[]
TBPH.N,TBPH,Theravance Biopharma Inc,959735843.14,Health Care,Pharmaceuticals,Pharmaceuticals,Cayman Islands,KY,United States of America,United States of America,Country of Headquarters,New York Stock Exchange,7.0,6.0,6.0,722113.0,722113.0,0.026047924108833356,0.026047924108833356,1,"[""668447""]","[""tbph-quarterly-earnings-gaap-eps-11-10-2025-neg0pt13""]","[{""market_id"": ""668447"", ""slug"": ""tbph-quarterly-earnings-gaap-eps-11-10-2025-neg0pt13"", ""ticker"": ""TBPH"", ""anchor_date"": ""2025-11-10"", ""bucket"": ""correct"", ""status"": ""MATCHED_CORRECT"", ""polymarket_resolved_outcome"": ""YES"", ""expected_resolution"": ""YES"", ""label"": ""BEAT"", ""turnover_6m_window_start"": ""2025-05-11"", ""turnover_6m_window_end"": ""2025-11-10"", ""turnover_6m_sum_volume"": 722113.0, ""turnover_6m_avg_daily_volume"": 5685.929133858268, ""volatility_6m"": 0.026047924108833356, ""analysts_covering_asof_anchor"": 6.0}]",2026-01-31T10:45:17Z,[]
TDOC.N,TDOC,Teladoc Health Inc,966555538.0,Health Care,Health Care Technology,Healthcare Facilities & Services,United States of America,US,United States of America,United States of America,Country of Headquarters,New York Stock Exchange,27.0,26.0,26.0,195140729.0,195140729.0,0.03730709613474806,0.03730709613474806,1,"[""642124""]","[""tdoc-quarterly-earnings-gaap-eps-10-29-2025-neg0pt26""]","[{""market_id"": ""642124"", ""slug"": ""tdoc-quarterly-earnings-gaap-eps-10-29-2025-neg0pt26"", ""ticker"": ""TDOC"", ""anchor_date"": ""2025-10-29"", ""bucket"": ""correct"", ""status"": ""MATCHED_CORRECT"", ""polymarket_resolved_outcome"": ""NO"", ""expected_resolution"": ""NO"", ""label"": ""MISS"", ""turnover_6m_window_start"": ""2025-04-29"", ""turnover_6m_window_end"": ""2025-10-29"", ""turnover_6m_sum_volume"": 195140729.0, ""turnover_6m_avg_daily_volume"": 1524536.9453125, ""volatility_6m"": 0.03730709613474806, ""analysts_covering_asof_anchor"": 26.0}]",2026-01-31T10:45:17Z,[]
TFC,TFC,Truist Financial Corp,64916207400.0,Financials,Banks,Banks,United States of America,US,United States of America,United States of America,Country of Headquarters,New York Consolidated,23.0,22.5,22.5,1002772653.5,1002772653.5,0.014219736408265937,0.014219736408265937,2,"[""619557"", ""1125126""]","[""tfc-quarterly-earnings-nongaap-eps-2025-10-17-0pt99"", ""tfc-quarterly-earnings-nongaap-eps-01-21-2026-1pt1""]","[{""market_id"": ""619557"", ""slug"": ""tfc-quarterly-earnings-nongaap-eps-2025-10-17-0pt99"", ""ticker"": ""TFC"", ""anchor_date"": ""2025-10-17"", ""bucket"": ""correct"", ""status"": ""MATCHED_CORRECT"", ""polymarket_resolved_outcome"": ""YES"", ""expected_resolution"": ""YES"", ""label"": ""BEAT"", ""turnover_6m_window_start"": ""2025-04-17"", ""turnover_6m_window_end"": ""2025-10-17"", ""turnover_6m_sum_volume"": 999106450.0, ""turnover_6m_avg_daily_volume"": 7866979.921259843, ""volatility_6m"": 0.015460097038872687, ""analysts_covering_asof_anchor"": 22.0}, {""market_id"": ""1125126"", ""slug"": ""tfc-quarterly-earnings-nongaap-eps-01-21-2026-1pt1"", ""ticker"": ""TFC"", ""anchor_date"": ""2026-01-21"", ""bucket"": ""correct"", ""status"": ""MATCHED_CORRECT"", ""polymarket_resolved_outcome"": ""YES"", ""expected_resolution"": ""YES"", ""label"": ""BEAT"", ""turnover_6m_window_start"": ""2025-07-22"", ""turnover_6m_window_end"": ""2026-01-21"", ""turnover_6m_sum_volume"": 1006438857.0, ""turnover_6m_avg_daily_volume"": 7924715.409448819, ""volatility_6m"": 0.012979375777659187, ""analysts_covering_asof_anchor"": 23.0}]",2026-01-31T10:45:17Z,[]
TFX,TFX,Teleflex Inc,4612570362.96,Health Care,Health Care Equipment & Supplies,"Medical Equipment, Supplies & Distribution",United States of America,US,United States of America,United States of America,Country of Headquarters,New York Consolidated,14.0,14.0,14.0,71714566.0,71714566.0,0.022751083058164884,0.022751083058164884,1,"[""648038""]","[""tfx-quarterly-earnings-nongaap-eps-11-06-2025-3pt38""]","[{""market_id"": ""648038"", ""slug"": ""tfx-quarterly-earnings-nongaap-eps-11-06-2025-3pt38"", ""ticker"": ""TFX"", ""anchor_date"": ""2025-11-06"", ""bucket"": ""correct"", ""status"": ""MATCHED_CORRECT"", ""polymarket_resolved_outcome"": ""YES"", ""expected_resolution"": ""YES"", ""label"": ""BEAT"", ""turnover_6m_window_start"": ""2025-05-07"", ""turnover_6m_window_end"": ""2025-11-06"", ""turnover_6m_sum_volume"": 71714566.0, ""turnover_6m_avg_daily_volume"": 560270.046875, ""volatility_6m"": 0.022751083058164884, ""analysts_covering_asof_anchor"": 14.0}]",2026-01-31T10:45:17Z,[]
TGT,TGT,Target Corp,47757492906.46,Consumer Staples,Consumer Staples Distribution & Retail,Discount Stores,United States of America,US,United States of America,United States of America,Country of Headquarters,New York Consolidated,40.0,39.0,39.0,946210140.0,946210140.0,0.019087353134001814,0.019087353134001814,1,"[""675507""]","[""tgt-quarterly-earnings-nongaap-eps-11-19-2025-1pt73""]","[{""market_id"": ""675507"", ""slug"": ""tgt-quarterly-earnings-nongaap-eps-11-19-2025-1pt73"", ""ticker"": ""TGT"", ""anchor_date"": ""2025-11-19"", ""bucket"": ""correct"", ""status"": ""MATCHED_CORRECT"", ""polymarket_resolved_outcome"": ""YES"", ""expected_resolution"": ""YES"", ""label"": ""BEAT"", ""turnover_6m_window_start"": ""2025-05-20"", ""turnover_6m_window_end"": ""2025-11-19"", ""turnover_6m_sum_volume"": 946210140.0, ""turnover_6m_avg_daily_volume"": 7392266.71875, ""volatility_6m"": 0.019087353134001814, ""analysts_covering_asof_anchor"": 39.0}]",2026-01-31T10:45:17Z,[]
TKO,TKO,TKO Group Holdings Inc,39519504320.66,Communication Services,Entertainment,Entertainment Production,United States of America,US,United States of America,United States of America,Country of Headquarters,New York Consolidated,20.0,20.0,20.0,137249749.0,137249749.0,0.018539953795378095,0.018539953795378095,1,"[""655448""]","[""tko-quarterly-earnings-gaap-eps-11-05-2025-0pt52""]","[{""market_id"": ""655448"", ""slug"": ""tko-quarterly-earnings-gaap-eps-11-05-2025-0pt52"", ""ticker"": ""TKO"", ""anchor_date"": ""2025-11-05"", ""bucket"": ""correct"", ""status"": ""MATCHED_CORRECT"", ""polymarket_resolved_outcome"": ""NO"", ""expected_resolution"": ""NO"", ""label"": ""MISS"", ""turnover_6m_window_start"": ""2025-05-06"", ""turnover_6m_window_end"": ""2025-11-05"", ""turnover_6m_sum_volume"": 137249749.0, ""turnover_6m_avg_daily_volume"": 1072263.6640625, ""volatility_6m"": 0.018539953795378095, ""analysts_covering_asof_anchor"": 20.0}]",2026-01-31T10:45:17Z,[]
TMUS.N,TMUS,T-Mobile US Inc,220580691713.46,Communication Services,Wireless Telecommunication Services,Wireless Telecommunications Services,United States of America,US,United States of America,United States of America,Country of Headquarters,New York Stock Exchange,28.0,28.0,28.0,9115839.0,9115839.0,0.017310445885922145,0.017310445885922145,1,"[""637884""]","[""tmus-quarterly-earnings-gaap-eps-10-23-2025-2pt4""]","[{""market_id"": ""637884"", ""slug"": ""tmus-quarterly-earnings-gaap-eps-10-23-2025-2pt4"", ""ticker"": ""TMUS"", ""anchor_date"": ""2025-10-23"", ""bucket"": ""correct"", ""status"": ""MATCHED_CORRECT"", ""polymarket_resolved_outcome"": ""YES"", ""expected_resolution"": ""YES"", ""label"": ""BEAT"", ""turnover_6m_window_start"": ""2025-04-23"", ""turnover_6m_window_end"": ""2025-10-23"", ""turnover_6m_sum_volume"": 9115839.0, ""turnover_6m_avg_daily_volume"": 71217.4921875, ""volatility_6m"": 0.017310445885922145, ""analysts_covering_asof_anchor"": 28.0}]",2026-01-31T10:45:17Z,[]
TOST.N,TOST,Toast Inc,18292680000.0,Financials,Financial Services,Software,United States of America,US,United States of America,United States of America,Country of Headquarters,New York Stock Exchange,27.0,28.0,28.0,261524118.0,261524118.0,0.025159646331932774,0.025159646331932774,1,"[""656730""]","[""tost-quarterly-earnings-gaap-eps-11-04-2025-0pt12""]","[{""market_id"": ""656730"", ""slug"": ""tost-quarterly-earnings-gaap-eps-11-04-2025-0pt12"", ""ticker"": ""TOST"", ""anchor_date"": ""2025-11-04"", ""bucket"": ""correct"", ""status"": ""MATCHED_CORRECT"", ""polymarket_resolved_outcome"": ""YES"", ""expected_resolution"": ""YES"", ""label"": ""BEAT"", ""turnover_6m_window_start"": ""2025-05-05"", ""turnover_6m_window_end"": ""2025-11-04"", ""turnover_6m_sum_volume"": 261524118.0, ""turnover_6m_avg_daily_volume"": 2043157.171875, ""volatility_6m"": 0.025159646331932774, ""analysts_covering_asof_anchor"": 28.0}]",2026-01-31T10:45:17Z,[]
TRIP.N,TRIP,Tripadvisor Inc,1553711825.31,Communication Services,Interactive Media & Services,Leisure & Recreation,United States of America,US,United States of America,United States of America,Country of Headquarters,New York Stock Exchange,16.0,18.0,18.0,8569601.0,8569601.0,0.033062846789301784,0.033062846789301784,1,"[""658488""]","[""trip-quarterly-earnings-nongaap-eps-11-06-2025-0pt55""]","[{""market_id"": ""658488"", ""slug"": ""trip-quarterly-earnings-nongaap-eps-11-06-2025-0pt55"", ""ticker"": ""TRIP"", ""anchor_date"": ""2025-11-06"", ""bucket"": ""correct"", ""status"": ""MATCHED_CORRECT"", ""polymarket_resolved_outcome"": ""YES"", ""expected_resolution"": ""YES"", ""label"": ""BEAT"", ""turnover_6m_window_start"": ""2025-05-07"", ""turnover_6m_window_end"": ""2025-11-06"", ""turnover_6m_sum_volume"": 8569601.0, ""turnover_6m_avg_daily_volume"": 66950.0078125, ""volatility_6m"": 0.033062846789301784, ""analysts_covering_asof_anchor"": 18.0}]",2026-01-31T10:45:17Z,[]
TSCO.N,TSCO,Tractor Supply Co,26885174913.6,Consumer Discretionary,Specialty Retail,Miscellaneous Specialty Retailers,United States of America,US,United States of America,United States of America,Country of Headquarters,New York Stock Exchange,33.0,32.0,32.0,10420659.0,10420659.0,0.014866985317274572,0.014866985317274572,1,"[""637885""]","[""tsco-quarterly-earnings-gaap-eps-10-23-2025-0pt48""]","[{""market_id"": ""637885"", ""slug"": ""tsco-quarterly-earnings-gaap-eps-10-23-2025-0pt48"", ""ticker"": ""TSCO"", ""anchor_date"": ""2025-10-23"", ""bucket"": ""correct"", ""status"": ""MATCHED_CORRECT"", ""polymarket_resolved_outcome"": ""YES"", ""expected_resolution"": ""YES"", ""label"": ""BEAT"", ""turnover_6m_window_start"": ""2025-04-23"", ""turnover_6m_window_end"": ""2025-10-23"", ""turnover_6m_sum_volume"": 10420659.0, ""turnover_6m_avg_daily_volume"": 81411.3984375, ""volatility_6m"": 0.014866985317274572, ""analysts_covering_asof_anchor"": 32.0}]",2026-01-31T10:45:17Z,[]
TSEM.N,TSEM,Tower Semiconductor Ltd,15068955936.51,Information Technology,Semiconductors & Semiconductor Equipment,Semiconductors,Israel,IL,Israel,United States of America,Country of Headquarters,New York Stock Exchange,6.0,6.0,6.0,1695654.0,1695654.0,0.031234728055163124,0.031234728055163124,1,"[""667902""]","[""tsem-quarterly-earnings-gaap-eps-11-10-2025-0pt45""]","[{""market_id"": ""667902"", ""slug"": ""tsem-quarterly-earnings-gaap-eps-11-10-2025-0pt45"", ""ticker"": ""TSEM"", ""anchor_date"": ""2025-11-10"", ""bucket"": ""correct"", ""status"": ""MATCHED_CORRECT"", ""polymarket_resolved_outcome"": ""YES"", ""expected_resolution"": ""YES"", ""label"": ""BEAT"", ""turnover_6m_window_start"": ""2025-05-11"", ""turnover_6m_window_end"": ""2025-11-10"", ""turnover_6m_sum_volume"": 1695654.0, ""turnover_6m_avg_daily_volume"": 13351.606299212599, ""volatility_6m"": 0.031234728055163124, ""analysts_covering_asof_anchor"": 6.0}]",2026-01-31T10:45:17Z,[]
TSLA.N,TSLA,Tesla Inc,1615084250233.44,Consumer Discretionary,Automobiles,Auto & Truck Manufacturers,United States of America,US,United States of America,United States of America,Country of Headquarters,New York Stock Exchange,53.0,53.0,53.0,55513083.0,55513083.0,0.030970265450990686,0.030970265450990686,2,"[""614615"", ""1238170""]","[""tsla-quarterly-earnings-nongaap-eps-2025-10-22-0pt5"", ""tsla-quarterly-earnings-nongaap-eps-01-28-2026-0pt45""]","[{""market_id"": ""614615"", ""slug"": ""tsla-quarterly-earnings-nongaap-eps-2025-10-22-0pt5"", ""ticker"": ""TSLA"", ""anchor_date"": ""2025-10-22"", ""bucket"": ""correct"", ""status"": ""MATCHED_CORRECT"", ""polymarket_resolved_outcome"": ""NO"", ""expected_resolution"": ""NO"", ""label"": ""TIE"", ""turnover_6m_window_start"": ""2025-04-22"", ""turnover_6m_window_end"": ""2025-10-22"", ""turnover_6m_sum_volume"": 64014298.0, ""turnover_6m_avg_daily_volume"": 500111.703125, ""volatility_6m"": 0.03425773097294063, ""analysts_covering_asof_anchor"": 55.0}, {""market_id"": ""1238170"", ""slug"": ""tsla-quarterly-earnings-nongaap-eps-01-28-2026-0pt45"", ""ticker"": ""TSLA"", ""anchor_date"": ""2026-01-28"", ""bucket"": ""correct"", ""status"": ""MATCHED_CORRECT"", ""polymarket_resolved_outcome"": ""YES"", ""expected_resolution"": ""YES"", ""label"": ""BEAT"", ""turnover_6m_window_start"": ""2025-07-29"", ""turnover_6m_window_end"": ""2026-01-28"", ""turnover_6m_sum_volume"": 47011868.0, ""turnover_6m_avg_daily_volume"": 370172.18897637795, ""volatility_6m"": 0.027682799929040745, ""analysts_covering_asof_anchor"": 51.0}]",2026-01-31T10:45:17Z,[]
TSM,TSM,Taiwan Semiconductor Manufacturing Co Ltd,1468409449860.43,Information Technology,Semiconductors & Semiconductor Equipment,Semiconductors,Taiwan,TW,Taiwan,United States of America,Country of Headquarters,New York Consolidated,18.0,17.0,17.0,1592408862.0,1592408862.0,0.021029240637255368,0.021029240637255368,1,"[""1114909""]","[""tsm-quarterly-earnings-gaap-eps-01-15-2026-2pt92""]","[{""market_id"": ""1114909"", ""slug"": ""tsm-quarterly-earnings-gaap-eps-01-15-2026-2pt92"", ""ticker"": ""TSM"", ""anchor_date"": ""2026-01-15"", ""bucket"": ""correct"", ""status"": ""MATCHED_CORRECT"", ""polymarket_resolved_outcome"": ""YES"", ""expected_resolution"": ""YES"", ""label"": ""BEAT"", ""turnover_6m_window_start"": ""2025-07-16"", ""turnover_6m_window_end"": ""2026-01-15"", ""turnover_6m_sum_volume"": 1592408862.0, ""turnover_6m_avg_daily_volume"": 12440694.234375, ""volatility_6m"": 0.021029240637255368, ""analysts_covering_asof_anchor"": 17.0}]",2026-01-31T10:45:17Z,[]
TSN,TSN,Tyson Foods Inc,23065204794.46,Consumer Staples,Food Products,Food Processing,United States of America,US,United States of America,United States of America,Country of Headquarters,New York Consolidated,14.0,14.0,14.0,352160250.0,352160250.0,0.01168288500587623,0.01168288500587623,1,"[""667887""]","[""tsn-quarterly-earnings-nongaap-eps-11-10-2025-0pt83""]","[{""market_id"": ""667887"", ""slug"": ""tsn-quarterly-earnings-nongaap-eps-11-10-2025-0pt83"", ""ticker"": ""TSN"", ""anchor_date"": ""2025-11-10"", ""bucket"": ""correct"", ""status"": ""MATCHED_CORRECT"", ""polymarket_resolved_outcome"": ""YES"", ""expected_resolution"": ""YES"", ""label"": ""BEAT"", ""turnover_6m_window_start"": ""2025-05-11"", ""turnover_6m_window_end"": ""2025-11-10"", ""turnover_6m_sum_volume"": 352160250.0, ""turnover_6m_avg_daily_volume"": 2772915.3543307087, ""volatility_6m"": 0.01168288500587623, ""analysts_covering_asof_anchor"": 14.0}]",2026-01-31T10:45:17Z,[]
TW.N,TW,Tradeweb Markets Inc,21997314735.33,Financials,Capital Markets,Financial & Commodity Market Operators & Service Providers,United States of America,US,United States of America,United States of America,Country of Headquarters,New York Stock Exchange,15.0,16.0,16.0,2781839.0,2781839.0,0.017417304930585412,0.017417304930585412,1,"[""648217""]","[""tw-quarterly-earnings-nongaap-eps-10-30-2025-0pt83""]","[{""market_id"": ""648217"", ""slug"": ""tw-quarterly-earnings-nongaap-eps-10-30-2025-0pt83"", ""ticker"": ""TW"", ""anchor_date"": ""2025-10-30"", ""bucket"": ""correct"", ""status"": ""MATCHED_CORRECT"", ""polymarket_resolved_outcome"": ""YES"", ""expected_resolution"": ""YES"", ""label"": ""BEAT"", ""turnover_6m_window_start"": ""2025-04-30"", ""turnover_6m_window_end"": ""2025-10-30"", ""turnover_6m_sum_volume"": 2781839.0, ""turnover_6m_avg_daily_volume"": 21733.1171875, ""volatility_6m"": 0.017417304930585412, ""analysts_covering_asof_anchor"": 16.0}]",2026-01-31T10:45:17Z,[]
TXN.N,TXN,Texas Instruments Inc,195503850000.0,Information Technology,Semiconductors & Semiconductor Equipment,Semiconductors,United States of America,US,United States of America,United States of America,Country of Headquarters,New York Stock Exchange,40.0,39.5,39.5,11818384.0,11818384.0,0.02063687901982869,0.02063687901982869,2,"[""627663"", ""1175891""]","[""txn-quarterly-earnings-gaap-eps-10-21-2025-1pt49"", ""txn-quarterly-earnings-gaap-eps-01-27-2026-1pt31""]","[{""market_id"": ""627663"", ""slug"": ""txn-quarterly-earnings-gaap-eps-10-21-2025-1pt49"", ""ticker"": ""TXN"", ""anchor_date"": ""2025-10-21"", ""bucket"": ""correct"", ""status"": ""MATCHED_CORRECT"", ""polymarket_resolved_outcome"": ""NO"", ""expected_resolution"": ""NO"", ""label"": ""MISS"", ""turnover_6m_window_start"": ""2025-04-21"", ""turnover_6m_window_end"": ""2025-10-21"", ""turnover_6m_sum_volume"": 11786040.0, ""turnover_6m_avg_daily_volume"": 92078.4375, ""volatility_6m"": 0.022388772993423445, ""analysts_covering_asof_anchor"": 39.0}, {""market_id"": ""1175891"", ""slug"": ""txn-quarterly-earnings-gaap-eps-01-27-2026-1pt31"", ""ticker"": ""TXN"", ""anchor_date"": ""2026-01-27"", ""bucket"": ""correct"", ""status"": ""MATCHED_CORRECT"", ""polymarket_resolved_outcome"": ""NO"", ""expected_resolution"": ""NO"", ""label"": ""MISS"", ""turnover_6m_window_start"": ""2025-07-28"", ""turnover_6m_window_end"": ""2026-01-27"", ""turnover_6m_sum_volume"": 11850728.0, ""turnover_6m_avg_daily_volume"": 93312.8188976378, ""volatility_6m"": 0.018884985046233937, ""analysts_covering_asof_anchor"": 40.0}]",2026-01-31T10:45:17Z,[]
UAA,UAA,Under Armour Inc,2595336865.94,Consumer Discretionary,"Textiles, Apparel & Luxury Goods",Apparel & Accessories,United States of America,US,United States of America,United States of America,Country of Headquarters,New York Consolidated,27.0,29.0,29.0,1567836428.0,1567836428.0,0.03018180743003701,0.03018180743003701,1,"[""658487""]","[""uaa-quarterly-earnings-nongaap-eps-11-06-2025-0pt02""]","[{""market_id"": ""658487"", ""slug"": ""uaa-quarterly-earnings-nongaap-eps-11-06-2025-0pt02"", ""ticker"": ""UAA"", ""anchor_date"": ""2025-11-06"", ""bucket"": ""incorrect"", ""status"": ""MATCHED_INCORRECT"", ""polymarket_resolved_outcome"": ""YES"", ""expected_resolution"": ""NO"", ""label"": ""BEAT"", ""turnover_6m_window_start"": ""2025-05-07"", ""turnover_6m_window_end"": ""2025-11-06"", ""turnover_6m_sum_volume"": 1567836428.0, ""turnover_6m_avg_daily_volume"": 12248722.09375, ""volatility_6m"": 0.03018180743003701, ""analysts_covering_asof_anchor"": 29.0}]",2026-01-31T10:45:17Z,[]
UAL.N,UAL,United Airlines Holdings Inc,33124871034.48,Industrials,Passenger Airlines,Airlines,United States of America,US,United States of America,United States of America,Country of Headquarters,New York Stock Exchange,27.0,27.0,27.0,9365041.0,9365041.0,0.02505863228748854,0.02505863228748854,1,"[""1118156""]","[""ual-quarterly-earnings-nongaap-eps-01-20-2026-2pt98""]","[{""market_id"": ""1118156"", ""slug"": ""ual-quarterly-earnings-nongaap-eps-01-20-2026-2pt98"", ""ticker"": ""UAL"", ""anchor_date"": ""2026-01-20"", ""bucket"": ""correct"", ""status"": ""MATCHED_CORRECT"", ""polymarket_resolved_outcome"": ""YES"", ""expected_resolution"": ""YES"", ""label"": ""BEAT"", ""turnover_6m_window_start"": ""2025-07-21"", ""turnover_6m_window_end"": ""2026-01-20"", ""turnover_6m_sum_volume"": 9365041.0, ""turnover_6m_avg_daily_volume"": 73740.48031496063, ""volatility_6m"": 0.02505863228748854, ""analysts_covering_asof_anchor"": 27.0}]",2026-01-31T10:45:17Z,[]
UBER.N,UBER,Uber Technologies Inc,166330321999.05,Industrials,Ground Transportation,Online Services,United States of America,US,United States of America,United States of America,Country of Headquarters,New York Stock Exchange,54.0,54.0,54.0,459696335.0,459696335.0,0.019842706331404118,0.019842706331404118,1,"[""643047""]","[""uber-quarterly-earnings-gaap-eps-11-04-2025-0pt69""]","[{""market_id"": ""643047"", ""slug"": ""uber-quarterly-earnings-gaap-eps-11-04-2025-0pt69"", ""ticker"": ""UBER"", ""anchor_date"": ""2025-11-04"", ""bucket"": ""correct"", ""status"": ""MATCHED_CORRECT"", ""polymarket_resolved_outcome"": ""YES"", ""expected_resolution"": ""YES"", ""label"": ""BEAT"", ""turnover_6m_window_start"": ""2025-05-05"", ""turnover_6m_window_end"": ""2025-11-04"", ""turnover_6m_sum_volume"": 459696335.0, ""turnover_6m_avg_daily_volume"": 3591377.6171875, ""volatility_6m"": 0.019842706331404118, ""analysts_covering_asof_anchor"": 54.0}]",2026-01-31T10:45:17Z,[]
UBSI.N,UBSI,United Bankshares Inc,5921130855.51,Financials,Banks,Banks,United States of America,US,United States of America,United States of America,Country of Headquarters,New York Stock Exchange,5.0,5.0,5.0,2954611.0,2954611.0,0.015840312973258237,0.015840312973258237,1,"[""1160451""]","[""ubsi-quarterly-earnings-gaap-eps-01-23-2026-0pt86""]","[{""market_id"": ""1160451"", ""slug"": ""ubsi-quarterly-earnings-gaap-eps-01-23-2026-0pt86"", ""ticker"": ""UBSI"", ""anchor_date"": ""2026-01-23"", ""bucket"": ""correct"", ""status"": ""MATCHED_CORRECT"", ""polymarket_resolved_outcome"": ""YES"", ""expected_resolution"": ""YES"", ""label"": ""BEAT"", ""turnover_6m_window_start"": ""2025-07-24"", ""turnover_6m_window_end"": ""2026-01-23"", ""turnover_6m_sum_volume"": 2954611.0, ""turnover_6m_avg_daily_volume"": 23264.653543307086, ""volatility_6m"": 0.015840312973258237, ""analysts_covering_asof_anchor"": 5.0}]",2026-01-31T10:45:17Z,[]
UHAL.B,UHAL.B,U-Haul Holding Co,10163500831.92,Industrials,Ground Transportation,Ground Freight & Logistics,United States of America,US,United States of America,United States of America,Country of Headquarters,Boston Stock Exchange Inc,4.0,5.0,5.0,75745.0,75745.0,0.019243077627067964,0.019243077627067964,1,"[""652607""]","[""uhalb-quarterly-earnings-gaap-eps-11-05-2025-0pt7-725""]","[{""market_id"": ""652607"", ""slug"": ""uhalb-quarterly-earnings-gaap-eps-11-05-2025-0pt7-725"", ""ticker"": ""UHAL.B"", ""anchor_date"": ""2025-11-05"", ""bucket"": ""correct"", ""status"": ""MATCHED_CORRECT"", ""polymarket_resolved_outcome"": ""NO"", ""expected_resolution"": ""NO"", ""label"": ""MISS"", ""turnover_6m_window_start"": ""2025-05-06"", ""turnover_6m_window_end"": ""2025-11-05"", ""turnover_6m_sum_volume"": 75745.0, ""turnover_6m_avg_daily_volume"": 591.7578125, ""volatility_6m"": 0.019243077627067964, ""analysts_covering_asof_anchor"": 5.0}]",2026-01-31T10:45:17Z,[]
UNFI.N,UNFI,United Natural Foods Inc,2268491546.91,Consumer Staples,Consumer Staples Distribution & Retail,Food Retail & Distribution,United States of America,US,United States of America,United States of America,Country of Headquarters,New York Stock Exchange,11.0,10.5,10.5,42172394.5,42172394.5,0.03493282150034786,0.03493282150034786,2,"[""614635"", ""696263""]","[""unfi-quarterly-earnings-nongaap-eps-2025-09-30-neg0pt18"", ""unfi-quarterly-earnings-nongaap-eps-12-02-2025-0pt4""]","[{""market_id"": ""614635"", ""slug"": ""unfi-quarterly-earnings-nongaap-eps-2025-09-30-neg0pt18"", ""ticker"": ""UNFI"", ""anchor_date"": ""2025-09-30"", ""bucket"": ""correct"", ""status"": ""MATCHED_CORRECT"", ""polymarket_resolved_outcome"": ""YES"", ""expected_resolution"": ""YES"", ""label"": ""BEAT"", ""turnover_6m_window_start"": ""2025-03-31"", ""turnover_6m_window_end"": ""2025-09-30"", ""turnover_6m_sum_volume"": 39752615.0, ""turnover_6m_avg_daily_volume"": 313012.7165354331, ""volatility_6m"": 0.03519616711688432, ""analysts_covering_asof_anchor"": 11.0}, {""market_id"": ""696263"", ""slug"": ""unfi-quarterly-earnings-nongaap-eps-12-02-2025-0pt4"", ""ticker"": ""UNFI"", ""anchor_date"": ""2025-12-02"", ""bucket"": ""correct"", ""status"": ""MATCHED_CORRECT"", ""polymarket_resolved_outcome"": ""YES"", ""expected_resolution"": ""YES"", ""label"": ""BEAT"", ""turnover_6m_window_start"": ""2025-06-02"", ""turnover_6m_window_end"": ""2025-12-02"", ""turnover_6m_sum_volume"": 44592174.0, ""turnover_6m_avg_daily_volume"": 348376.359375, ""volatility_6m"": 0.034669475883811404, ""analysts_covering_asof_anchor"": 10.0}]",2026-01-31T10:45:17Z,[]
UNH,UNH,UnitedHealth Group Inc,259912275236.6,Health Care,Health Care Providers & Services,Managed Healthcare,United States of America,US,United States of America,United States of America,Country of Headquarters,New York Consolidated,30.0,29.0,29.0,2113736014.0,2113736014.0,0.03230107796205171,0.03230107796205171,1,"[""643051""]","[""unh-quarterly-earnings-nongaap-eps-10-28-2025-2pt84""]","[{""market_id"": ""643051"", ""slug"": ""unh-quarterly-earnings-nongaap-eps-10-28-2025-2pt84"", ""ticker"": ""UNH"", ""anchor_date"": ""2025-10-28"", ""bucket"": ""correct"", ""status"": ""MATCHED_CORRECT"", ""polymarket_resolved_outcome"": ""YES"", ""expected_resolution"": ""YES"", ""label"": ""BEAT"", ""turnover_6m_window_start"": ""2025-04-28"", ""turnover_6m_window_end"": ""2025-10-28"", ""turnover_6m_sum_volume"": 2113736014.0, ""turnover_6m_avg_daily_volume"": 16513562.609375, ""volatility_6m"": 0.03230107796205171, ""analysts_covering_asof_anchor"": 29.0}]",2026-01-31T10:45:17Z,[]
UNP,UNP,Union Pacific Corp,139452125003.9,Industrials,Ground Transportation,Ground Freight & Logistics,United States of America,US,United States of America,United States of America,Country of Headquarters,New York Consolidated,28.0,28.0,28.0,493565094.0,493565094.0,0.012116120617465132,0.012116120617465132,2,"[""637886"", ""1175892""]","[""unp-quarterly-earnings-gaap-eps-10-23-2025-2pt98"", ""unp-quarterly-earnings-gaap-eps-01-27-2026-2pt87""]","[{""market_id"": ""637886"", ""slug"": ""unp-quarterly-earnings-gaap-eps-10-23-2025-2pt98"", ""ticker"": ""UNP"", ""anchor_date"": ""2025-10-23"", ""bucket"": ""correct"", ""status"": ""MATCHED_CORRECT"", ""polymarket_resolved_outcome"": ""YES"", ""expected_resolution"": ""YES"", ""label"": ""BEAT"", ""turnover_6m_window_start"": ""2025-04-23"", ""turnover_6m_window_end"": ""2025-10-23"", ""turnover_6m_sum_volume"": 501386015.0, ""turnover_6m_avg_daily_volume"": 3917078.2421875, ""volatility_6m"": 0.01265334836126076, ""analysts_covering_asof_anchor"": 28.0}, {""market_id"": ""1175892"", ""slug"": ""unp-quarterly-earnings-gaap-eps-01-27-2026-2pt87"", ""ticker"": ""UNP"", ""anchor_date"": ""2026-01-27"", ""bucket"": ""incorrect"", ""status"": ""MATCHED_INCORRECT"", ""polymarket_resolved_outcome"": ""YES"", ""expected_resolution"": ""NO"", ""label"": ""MISS"", ""turnover_6m_window_start"": ""2025-07-28"", ""turnover_6m_window_end"": ""2026-01-27"", ""turnover_6m_sum_volume"": 485744173.0, ""turnover_6m_avg_daily_volume"": 3824757.2677165354, ""volatility_6m"": 0.011578892873669503, ""analysts_covering_asof_anchor"": 28.0}]",2026-01-31T10:45:17Z,[]
UNTY.N,UNTY,Unity Bancorp Inc,538628720.0,Financials,Banks,Banks,United States of America,US,United States of America,United States of America,Country of Headquarters,New York Stock Exchange,3.0,3.0,3.0,84145.5,84145.5,0.023585678318378264,0.023585678318378264,2,"[""619852"", ""1125566""]","[""unty-quarterly-earnings-gaap-eps-2025-10-10-1pt29"", ""unty-quarterly-earnings-gaap-eps-01-21-2026-1pt36""]","[{""market_id"": ""619852"", ""slug"": ""unty-quarterly-earnings-gaap-eps-2025-10-10-1pt29"", ""ticker"": ""UNTY"", ""anchor_date"": ""2025-10-10"", ""bucket"": ""correct"", ""status"": ""MATCHED_CORRECT"", ""polymarket_resolved_outcome"": ""YES"", ""expected_resolution"": ""YES"", ""label"": ""BEAT"", ""turnover_6m_window_start"": ""2025-04-10"", ""turnover_6m_window_end"": ""2025-10-10"", ""turnover_6m_sum_volume"": 102284.0, ""turnover_6m_avg_daily_volume"": 805.3858267716536, ""volatility_6m"": 0.022205139892947246, ""analysts_covering_asof_anchor"": 3.0}, {""market_id"": ""1125566"", ""slug"": ""unty-quarterly-earnings-gaap-eps-01-21-2026-1pt36"", ""ticker"": ""UNTY"", ""anchor_date"": ""2026-01-21"", ""bucket"": ""correct"", ""status"": ""MATCHED_CORRECT"", ""polymarket_resolved_outcome"": ""YES"", ""expected_resolution"": ""YES"", ""label"": ""BEAT"", ""turnover_6m_window_start"": ""2025-07-22"", ""turnover_6m_window_end"": ""2026-01-21"", ""turnover_6m_sum_volume"": 66007.0, ""turnover_6m_avg_daily_volume"": 523.8650793650794, ""volatility_6m"": 0.02496621674380928, ""analysts_covering_asof_anchor"": 3.0}]",2026-01-31T10:45:17Z,[]
UPS,UPS,United Parcel Service Inc,90115518325.78,Industrials,Air Freight & Logistics,"Courier, Postal, Air Freight & Land-based Logistics",United States of America,US,United States of America,United States of America,Country of Headquarters,New York Consolidated,30.0,31.0,31.0,915699068.0,915699068.0,0.01867638889843788,0.01867638889843788,1,"[""643048""]","[""ups-quarterly-earnings-nongaap-eps-10-28-2025-1pt31""]","[{""market_id"": ""643048"", ""slug"": ""ups-quarterly-earnings-nongaap-eps-10-28-2025-1pt31"", ""ticker"": ""UPS"", ""anchor_date"": ""2025-10-28"", ""bucket"": ""correct"", ""status"": ""MATCHED_CORRECT"", ""polymarket_resolved_outcome"": ""YES"", ""expected_resolution"": ""YES"", ""label"": ""BEAT"", ""turnover_6m_window_start"": ""2025-04-28"", ""turnover_6m_window_end"": ""2025-10-28"", ""turnover_6m_sum_volume"": 915699068.0, ""turnover_6m_avg_daily_volume"": 7153898.96875, ""volatility_6m"": 0.01867638889843788, ""analysts_covering_asof_anchor"": 31.0}]",2026-01-31T10:45:17Z,[]
URBN.N,URBN,Urban Outfitters Inc,6353752828.15,Consumer Discretionary,Specialty Retail,Apparel & Accessories Retailers,United States of America,US,United States of America,United States of America,Country of Headquarters,New York Stock Exchange,13.0,13.0,13.0,3268955.0,3268955.0,0.026484600184363084,0.026484600184363084,1,"[""675496""]","[""urbn-quarterly-earnings-gaap-eps-11-25-2025-1pt18""]","[{""market_id"": ""675496"", ""slug"": ""urbn-quarterly-earnings-gaap-eps-11-25-2025-1pt18"", ""ticker"": ""URBN"", ""anchor_date"": ""2025-11-25"", ""bucket"": ""correct"", ""status"": ""MATCHED_CORRECT"", ""polymarket_resolved_outcome"": ""YES"", ""expected_resolution"": ""YES"", ""label"": ""BEAT"", ""turnover_6m_window_start"": ""2025-05-26"", ""turnover_6m_window_end"": ""2025-11-25"", ""turnover_6m_sum_volume"": 3268955.0, ""turnover_6m_avg_daily_volume"": 25538.7109375, ""volatility_6m"": 0.026484600184363084, ""analysts_covering_asof_anchor"": 13.0}]",2026-01-31T10:45:17Z,[]
USAR.N,USAR,USA Rare Earth Inc,4684569387.26,Materials,Metals & Mining,Non-Gold Precious Metals & Minerals,United States of America,US,United States of America,United States of America,Country of Headquarters,New York Stock Exchange,5.0,5.0,5.0,10412952.0,10412952.0,0.07760174183353973,0.07760174183353973,1,"[""658478""]","[""usar-quarterly-earnings-nongaap-eps-11-06-2025-neg0pt07""]","[{""market_id"": ""658478"", ""slug"": ""usar-quarterly-earnings-nongaap-eps-11-06-2025-neg0pt07"", ""ticker"": ""USAR"", ""anchor_date"": ""2025-11-06"", ""bucket"": ""correct"", ""status"": ""MATCHED_CORRECT"", ""polymarket_resolved_outcome"": ""NO"", ""expected_resolution"": ""NO"", ""label"": ""MISS"", ""turnover_6m_window_start"": ""2025-05-07"", ""turnover_6m_window_end"": ""2025-11-06"", ""turnover_6m_sum_volume"": 10412952.0, ""turnover_6m_avg_daily_volume"": 81351.1875, ""volatility_6m"": 0.07760174183353973, ""analysts_covering_asof_anchor"": 5.0}]",2026-01-31T10:45:17Z,[]
USB,USB,US Bancorp,87251050000.0,Financials,Banks,Banks,United States of America,US,United States of America,United States of America,Country of Headquarters,New York Consolidated,24.0,24.0,24.0,1198949593.5,1198949593.5,0.013363656600324458,0.013363656600324458,2,"[""619549"", ""1118263""]","[""usb-quarterly-earnings-gaap-eps-2025-10-16-1pt12"", ""usb-quarterly-earnings-gaap-eps-01-20-2026-1pt19""]","[{""market_id"": ""619549"", ""slug"": ""usb-quarterly-earnings-gaap-eps-2025-10-16-1pt12"", ""ticker"": ""USB"", ""anchor_date"": ""2025-10-16"", ""bucket"": ""correct"", ""status"": ""MATCHED_CORRECT"", ""polymarket_resolved_outcome"": ""YES"", ""expected_resolution"": ""YES"", ""label"": ""BEAT"", ""turnover_6m_window_start"": ""2025-04-16"", ""turnover_6m_window_end"": ""2025-10-16"", ""turnover_6m_sum_volume"": 1237158909.0, ""turnover_6m_avg_daily_volume"": 9741408.732283464, ""volatility_6m"": 0.013795658528427438, ""analysts_covering_asof_anchor"": 24.0}, {""market_id"": ""1118263"", ""slug"": ""usb-quarterly-earnings-gaap-eps-01-20-2026-1pt19"", ""ticker"": ""USB"", ""anchor_date"": ""2026-01-20"", ""bucket"": ""correct"", ""status"": ""MATCHED_CORRECT"", ""polymarket_resolved_outcome"": ""YES"", ""expected_resolution"": ""YES"", ""label"": ""BEAT"", ""turnover_6m_window_start"": ""2025-07-21"", ""turnover_6m_window_end"": ""2026-01-20"", ""turnover_6m_sum_volume"": 1160740278.0, ""turnover_6m_avg_daily_volume"": 9139687.228346456, ""volatility_6m"": 0.012931654672221477, ""analysts_covering_asof_anchor"": 24.0}]",2026-01-31T10:45:17Z,[]
USFD.N,USFD,US Foods Holding Corp,18642360871.44,Consumer Staples,Consumer Staples Distribution & Retail,Food Retail & Distribution,United States of America,US,United States of America,United States of America,Country of Headquarters,New York Stock Exchange,17.0,19.0,19.0,82304784.0,82304784.0,0.012996761378460465,0.012996761378460465,1,"[""657018""]","[""usfd-quarterly-earnings-nongaap-eps-11-06-2025-1pt03""]","[{""market_id"": ""657018"", ""slug"": ""usfd-quarterly-earnings-nongaap-eps-11-06-2025-1pt03"", ""ticker"": ""USFD"", ""anchor_date"": ""2025-11-06"", ""bucket"": ""correct"", ""status"": ""MATCHED_CORRECT"", ""polymarket_resolved_outcome"": ""YES"", ""expected_resolution"": ""YES"", ""label"": ""BEAT"", ""turnover_6m_window_start"": ""2025-05-07"", ""turnover_6m_window_end"": ""2025-11-06"", ""turnover_6m_sum_volume"": 82304784.0, ""turnover_6m_avg_daily_volume"": 643006.125, ""volatility_6m"": 0.012996761378460465, ""analysts_covering_asof_anchor"": 19.0}]",2026-01-31T10:45:17Z,[]
V,V,Visa Inc,614523232625.01,Financials,Financial Services,Business Support Services,United States of America,US,United States of America,United States of America,Country of Headquarters,New York Consolidated,41.0,41.0,41.0,826095327.0,826095327.0,0.012133597856871606,0.012133597856871606,1,"[""1244935""]","[""v-quarterly-earnings-nongaap-eps-01-29-2026-3pt14""]","[{""market_id"": ""1244935"", ""slug"": ""v-quarterly-earnings-nongaap-eps-01-29-2026-3pt14"", ""ticker"": ""V"", ""anchor_date"": ""2026-01-29"", ""bucket"": ""correct"", ""status"": ""MATCHED_CORRECT"", ""polymarket_resolved_outcome"": ""YES"", ""expected_resolution"": ""YES"", ""label"": ""BEAT"", ""turnover_6m_window_start"": ""2025-07-30"", ""turnover_6m_window_end"": ""2026-01-29"", ""turnover_6m_sum_volume"": 826095327.0, ""turnover_6m_avg_daily_volume"": 6504687.614173228, ""volatility_6m"": 0.012133597856871606, ""analysts_covering_asof_anchor"": 41.0}]",2026-01-31T10:45:17Z,[]
VIK,VIK,Viking Holdings Ltd,32006483577.9,Consumer Discretionary,"Hotels, Restaurants & Leisure",Leisure & Recreation,Bermuda,BM,Bermuda,United States of America,Country of Headquarters,New York Consolidated,18.0,18.0,18.0,356972791.0,356972791.0,0.017142630949122103,0.017142630949122103,1,"[""675508""]","[""vik-quarterly-earnings-nongaap-eps-11-19-2025-1pt19""]","[{""market_id"": ""675508"", ""slug"": ""vik-quarterly-earnings-nongaap-eps-11-19-2025-1pt19"", ""ticker"": ""VIK"", ""anchor_date"": ""2025-11-19"", ""bucket"": ""incorrect"", ""status"": ""MATCHED_INCORRECT"", ""polymarket_resolved_outcome"": ""YES"", ""expected_resolution"": ""NO"", ""label"": ""MISS"", ""turnover_6m_window_start"": ""2025-05-20"", ""turnover_6m_window_end"": ""2025-11-19"", ""turnover_6m_sum_volume"": 356972791.0, ""turnover_6m_avg_daily_volume"": 2788849.9296875, ""volatility_6m"": 0.017142630949122103, ""analysts_covering_asof_anchor"": 18.0}]",2026-01-31T10:45:17Z,[]
VIRT.N,VIRT,Virtu Financial Inc,6349727748.28,Financials,Capital Markets,Investment Banking & Brokerage Services,United States of America,US,United States of America,United States of America,Country of Headquarters,New York Stock Exchange,7.0,8.0,8.0,41346352.0,41346352.0,0.015454730598911193,0.015454730598911193,1,"[""648218""]","[""virt-quarterly-earnings-nongaap-eps-10-29-2025-0pt95""]","[{""market_id"": ""648218"", ""slug"": ""virt-quarterly-earnings-nongaap-eps-10-29-2025-0pt95"", ""ticker"": ""VIRT"", ""anchor_date"": ""2025-10-29"", ""bucket"": ""correct"", ""status"": ""MATCHED_CORRECT"", ""polymarket_resolved_outcome"": ""YES"", ""expected_resolution"": ""YES"", ""label"": ""BEAT"", ""turnover_6m_window_start"": ""2025-04-29"", ""turnover_6m_window_end"": ""2025-10-29"", ""turnover_6m_sum_volume"": 41346352.0, ""turnover_6m_avg_daily_volume"": 323018.375, ""volatility_6m"": 0.015454730598911193, ""analysts_covering_asof_anchor"": 8.0}]",2026-01-31T10:45:17Z,[]
VSCO.N,VSCO,Victoria's Secret & Co,4375459047.24,Consumer Discretionary,Specialty Retail,Apparel & Accessories Retailers,United States of America,US,United States of America,United States of America,Country of Headquarters,New York Stock Exchange,10.0,9.0,9.0,95866375.0,95866375.0,0.0381199954532943,0.0381199954532943,1,"[""697474""]","[""vsco-quarterly-earnings-nongaap-eps-12-05-2025-neg0pt59""]","[{""market_id"": ""697474"", ""slug"": ""vsco-quarterly-earnings-nongaap-eps-12-05-2025-neg0pt59"", ""ticker"": ""VSCO"", ""anchor_date"": ""2025-12-05"", ""bucket"": ""correct"", ""status"": ""MATCHED_CORRECT"", ""polymarket_resolved_outcome"": ""YES"", ""expected_resolution"": ""YES"", ""label"": ""BEAT"", ""turnover_6m_window_start"": ""2025-06-05"", ""turnover_6m_window_end"": ""2025-12-05"", ""turnover_6m_sum_volume"": 95866375.0, ""turnover_6m_avg_daily_volume"": 748956.0546875, ""volatility_6m"": 0.0381199954532943, ""analysts_covering_asof_anchor"": 9.0}]",2026-01-31T10:45:17Z,[]
VZ,VZ,Verizon Communications Inc,187715262770.28,Communication Services,Diversified Telecommunication Services,Integrated Telecommunications Services,United States of America,US,United States of America,United States of America,Country of Headquarters,New York Consolidated,26.0,25.0,25.0,2861306648.5,2861306648.5,0.01364039081445706,0.01364039081445706,2,"[""1244937"", ""627749""]","[""vz-quarterly-earnings-nongaap-eps-01-30-2026-1pt05"", ""vz-quarterly-earnings-gaap-eps-10-29-2025-1pt17""]","[{""market_id"": ""1244937"", ""slug"": ""vz-quarterly-earnings-nongaap-eps-01-30-2026-1pt05"", ""ticker"": ""VZ"", ""anchor_date"": ""2026-01-30"", ""bucket"": ""correct"", ""status"": ""MATCHED_CORRECT"", ""polymarket_resolved_outcome"": ""YES"", ""expected_resolution"": ""YES"", ""label"": ""BEAT"", ""turnover_6m_window_start"": ""2025-07-31"", ""turnover_6m_window_end"": ""2026-01-30"", ""turnover_6m_sum_volume"": 3206175159.0, ""turnover_6m_avg_daily_volume"": 25245473.692913387, ""volatility_6m"": 0.015351970777627594, ""analysts_covering_asof_anchor"": 26.0}, {""market_id"": ""627749"", ""slug"": ""vz-quarterly-earnings-gaap-eps-10-29-2025-1pt17"", ""ticker"": ""VZ"", ""anchor_date"": ""2025-10-29"", ""bucket"": ""incorrect"", ""status"": ""MATCHED_INCORRECT"", ""polymarket_resolved_outcome"": ""NO"", ""expected_resolution"": ""YES"", ""label"": ""BEAT"", ""turnover_6m_window_start"": ""2025-04-29"", ""turnover_6m_window_end"": ""2025-10-29"", ""turnover_6m_sum_volume"": 2516438138.0, ""turnover_6m_avg_daily_volume"": 19659672.953125, ""volatility_6m"": 0.011928810851286524, ""analysts_covering_asof_anchor"": 24.0}]",2026-01-31T10:45:17Z,[]
WAY.N,WAY,Waystar Holding Corp,5081368444.48,Health Care,Health Care Technology,Software,United States of America,US,United States of America,United States of America,Country of Headquarters,New York Stock Exchange,22.0,17.0,17.0,4256870.0,4256870.0,0.01937915936215794,0.01937915936215794,1,"[""648224""]","[""way-quarterly-earnings-nongaap-eps-10-29-2025-0pt35""]","[{""market_id"": ""648224"", ""slug"": ""way-quarterly-earnings-nongaap-eps-10-29-2025-0pt35"", ""ticker"": ""WAY"", ""anchor_date"": ""2025-10-29"", ""bucket"": ""correct"", ""status"": ""MATCHED_CORRECT"", ""polymarket_resolved_outcome"": ""YES"", ""expected_resolution"": ""YES"", ""label"": ""BEAT"", ""turnover_6m_window_start"": ""2025-04-29"", ""turnover_6m_window_end"": ""2025-10-29"", ""turnover_6m_sum_volume"": 4256870.0, ""turnover_6m_avg_daily_volume"": 33256.796875, ""volatility_6m"": 0.01937915936215794, ""analysts_covering_asof_anchor"": 17.0}]",2026-01-31T10:45:17Z,[]
WB.N,WB,Weibo Corp,2621509740.33312,Communication Services,Interactive Media & Services,Online Services,China,CN,China,United States of America,Country of Headquarters,New York Stock Exchange,16.0,16.0,16.0,3430909.0,3430909.0,0.0242495094861027,0.0242495094861027,1,"[""675502""]","[""wb-quarterly-earnings-nongaap-eps-11-18-2025-0pt43""]","[{""market_id"": ""675502"", ""slug"": ""wb-quarterly-earnings-nongaap-eps-11-18-2025-0pt43"", ""ticker"": ""WB"", ""anchor_date"": ""2025-11-18"", ""bucket"": ""correct"", ""status"": ""MATCHED_CORRECT"", ""polymarket_resolved_outcome"": ""NO"", ""expected_resolution"": ""NO"", ""label"": ""MISS"", ""turnover_6m_window_start"": ""2025-05-19"", ""turnover_6m_window_end"": ""2025-11-18"", ""turnover_6m_sum_volume"": 3430909.0, ""turnover_6m_avg_daily_volume"": 26803.9765625, ""volatility_6m"": 0.0242495094861027, ""analysts_covering_asof_anchor"": 16.0}]",2026-01-31T10:45:17Z,[]
WBD.N,WBD,Warner Bros Discovery Inc,68255102869.38,Communication Services,Entertainment,Broadcasting,United States of America,US,United States of America,United States of America,Country of Headquarters,New York Stock Exchange,23.0,28.0,28.0,124604084.0,124604084.0,0.03745162172779943,0.03745162172779943,1,"[""657003""]","[""wbd-quarterly-earnings-gaap-eps-11-06-2025-neg0pt08""]","[{""market_id"": ""657003"", ""slug"": ""wbd-quarterly-earnings-gaap-eps-11-06-2025-neg0pt08"", ""ticker"": ""WBD"", ""anchor_date"": ""2025-11-06"", ""bucket"": ""correct"", ""status"": ""MATCHED_CORRECT"", ""polymarket_resolved_outcome"": ""YES"", ""expected_resolution"": ""YES"", ""label"": ""BEAT"", ""turnover_6m_window_start"": ""2025-05-07"", ""turnover_6m_window_end"": ""2025-11-06"", ""turnover_6m_sum_volume"": 124604084.0, ""turnover_6m_avg_daily_volume"": 973469.40625, ""volatility_6m"": 0.03745162172779943, ""analysts_covering_asof_anchor"": 28.0}]",2026-01-31T10:45:17Z,[]
WDAY.N,WDAY,Workday Inc,46190690000.0,Information Technology,Software,Software,United States of America,US,United States of America,United States of America,Country of Headquarters,New York Stock Exchange,42.0,41.0,41.0,5096801.0,5096801.0,0.018653041653511285,0.018653041653511285,1,"[""675616""]","[""wday-quarterly-earnings-nongaap-eps-11-25-2025-2pt17""]","[{""market_id"": ""675616"", ""slug"": ""wday-quarterly-earnings-nongaap-eps-11-25-2025-2pt17"", ""ticker"": ""WDAY"", ""anchor_date"": ""2025-11-25"", ""bucket"": ""correct"", ""status"": ""MATCHED_CORRECT"", ""polymarket_resolved_outcome"": ""YES"", ""expected_resolution"": ""YES"", ""label"": ""BEAT"", ""turnover_6m_window_start"": ""2025-05-26"", ""turnover_6m_window_end"": ""2025-11-25"", ""turnover_6m_sum_volume"": 5096801.0, ""turnover_6m_avg_daily_volume"": 39818.7578125, ""volatility_6m"": 0.018653041653511285, ""analysts_covering_asof_anchor"": 41.0}]",2026-01-31T10:45:17Z,[]
WDFC.N,WDFC,WD-40 Co,3118437611.46,Consumer Staples,Household Products,Household Products,United States of America,US,United States of America,United States of America,Country of Headquarters,New York Stock Exchange,3.0,3.0,3.0,261788.0,261788.0,0.014737305954644658,0.014737305954644658,2,"[""637859"", ""973542""]","[""wdfc-quarterly-earnings-gaap-eps-10-22-2025-1pt26"", ""wdfc-quarterly-earnings-gaap-eps-01-08-2026-1pt45""]","[{""market_id"": ""637859"", ""slug"": ""wdfc-quarterly-earnings-gaap-eps-10-22-2025-1pt26"", ""ticker"": ""WDFC"", ""anchor_date"": ""2025-10-22"", ""bucket"": ""correct"", ""status"": ""MATCHED_CORRECT"", ""polymarket_resolved_outcome"": ""YES"", ""expected_resolution"": ""YES"", ""label"": ""BEAT"", ""turnover_6m_window_start"": ""2025-04-22"", ""turnover_6m_window_end"": ""2025-10-22"", ""turnover_6m_sum_volume"": 231908.0, ""turnover_6m_avg_daily_volume"": 1811.78125, ""volatility_6m"": 0.01281634064779952, ""analysts_covering_asof_anchor"": 3.0}, {""market_id"": ""973542"", ""slug"": ""wdfc-quarterly-earnings-gaap-eps-01-08-2026-1pt45"", ""ticker"": ""WDFC"", ""anchor_date"": ""2026-01-08"", ""bucket"": ""correct"", ""status"": ""MATCHED_CORRECT"", ""polymarket_resolved_outcome"": ""NO"", ""expected_resolution"": ""NO"", ""label"": ""MISS"", ""turnover_6m_window_start"": ""2025-07-09"", ""turnover_6m_window_end"": ""2026-01-08"", ""turnover_6m_sum_volume"": 291668.0, ""turnover_6m_avg_daily_volume"": 2278.65625, ""volatility_6m"": 0.016658271261489797, ""analysts_covering_asof_anchor"": 3.0}]",2026-01-31T10:45:17Z,[]
WEN.N,WEN,Wendy's Co,1482746893.99,Consumer Discretionary,"Hotels, Restaurants & Leisure",Restaurants & Bars,United States of America,US,United States of America,United States of America,Country of Headquarters,New York Stock Exchange,29.0,29.0,29.0,17679894.0,17679894.0,0.02075576930391886,0.02075576930391886,1,"[""658905""]","[""wen-quarterly-earnings-nongaap-eps-11-07-2025-0pt2""]","[{""market_id"": ""658905"", ""slug"": ""wen-quarterly-earnings-nongaap-eps-11-07-2025-0pt2"", ""ticker"": ""WEN"", ""anchor_date"": ""2025-11-07"", ""bucket"": ""correct"", ""status"": ""MATCHED_CORRECT"", ""polymarket_resolved_outcome"": ""YES"", ""expected_resolution"": ""YES"", ""label"": ""BEAT"", ""turnover_6m_window_start"": ""2025-05-08"", ""turnover_6m_window_end"": ""2025-11-07"", ""turnover_6m_sum_volume"": 17679894.0, ""turnover_6m_avg_daily_volume"": 138124.171875, ""volatility_6m"": 0.02075576930391886, ""analysts_covering_asof_anchor"": 29.0}]",2026-01-31T10:45:17Z,[]
WFC,WFC,Wells Fargo & Co,279849374000.0,Financials,Banks,Banks,United States of America,US,United States of America,United States of America,Country of Headquarters,New York Consolidated,27.0,26.5,26.5,1986779769.0,1986779769.0,0.01576692325840509,0.01576692325840509,2,"[""613055"", ""1099135""]","[""wfc-quarterly-earnings-gaap-eps-2025-10-14-1pt53"", ""wfc-quarterly-earnings-gaap-eps-01-14-2026-1pt68""]","[{""market_id"": ""613055"", ""slug"": ""wfc-quarterly-earnings-gaap-eps-2025-10-14-1pt53"", ""ticker"": ""WFC"", ""anchor_date"": ""2025-10-14"", ""bucket"": ""correct"", ""status"": ""MATCHED_CORRECT"", ""polymarket_resolved_outcome"": ""YES"", ""expected_resolution"": ""YES"", ""label"": ""BEAT"", ""turnover_6m_window_start"": ""2025-04-14"", ""turnover_6m_window_end"": ""2025-10-14"", ""turnover_6m_sum_volume"": 2051289993.0, ""turnover_6m_avg_daily_volume"": 16151889.708661417, ""volatility_6m"": 0.016109413983867178, ""analysts_covering_asof_anchor"": 26.0}, {""market_id"": ""1099135"", ""slug"": ""wfc-quarterly-earnings-gaap-eps-01-14-2026-1pt68"", ""ticker"": ""WFC"", ""anchor_date"": ""2026-01-14"", ""bucket"": ""correct"", ""status"": ""MATCHED_CORRECT"", ""polymarket_resolved_outcome"": ""NO"", ""expected_resolution"": ""NO"", ""label"": ""MISS"", ""turnover_6m_window_start"": ""2025-07-15"", ""turnover_6m_window_end"": ""2026-01-14"", ""turnover_6m_sum_volume"": 1922269545.0, ""turnover_6m_avg_daily_volume"": 15017730.8203125, ""volatility_6m"": 0.015424432532943004, ""analysts_covering_asof_anchor"": 27.0}]",2026-01-31T10:45:17Z,[]
WING.N,WING,Wingstop Inc,7375464657.22,Consumer Discretionary,"Hotels, Restaurants & Leisure",Restaurants & Bars,United States of America,US,United States of America,United States of America,Country of Headquarters,New York Stock Exchange,30.0,29.0,29.0,1898116.0,1898116.0,0.036575323138516636,0.036575323138516636,1,"[""656817""]","[""wing-quarterly-earnings-gaap-eps-11-04-2025-0pt91""]","[{""market_id"": ""656817"", ""slug"": ""wing-quarterly-earnings-gaap-eps-11-04-2025-0pt91"", ""ticker"": ""WING"", ""anchor_date"": ""2025-11-04"", ""bucket"": ""correct"", ""status"": ""MATCHED_CORRECT"", ""polymarket_resolved_outcome"": ""YES"", ""expected_resolution"": ""YES"", ""label"": ""BEAT"", ""turnover_6m_window_start"": ""2025-05-05"", ""turnover_6m_window_end"": ""2025-11-04"", ""turnover_6m_sum_volume"": 1898116.0, ""turnover_6m_avg_daily_volume"": 14829.03125, ""volatility_6m"": 0.036575323138516636, ""analysts_covering_asof_anchor"": 29.0}]",2026-01-31T10:45:17Z,[]
WIX.N,WIX,Wix.Com Ltd,4750413035.68,Information Technology,IT Services,Online Services,Israel,IL,United States of America,United States of America,Country of Headquarters,New York Stock Exchange,18.0,20.0,20.0,2820713.0,2820713.0,0.03864378759312321,0.03864378759312321,1,"[""675510""]","[""wix-quarterly-earnings-nongaap-eps-11-19-2025-1pt49""]","[{""market_id"": ""675510"", ""slug"": ""wix-quarterly-earnings-nongaap-eps-11-19-2025-1pt49"", ""ticker"": ""WIX"", ""anchor_date"": ""2025-11-19"", ""bucket"": ""correct"", ""status"": ""MATCHED_CORRECT"", ""polymarket_resolved_outcome"": ""YES"", ""expected_resolution"": ""YES"", ""label"": ""BEAT"", ""turnover_6m_window_start"": ""2025-05-20"", ""turnover_6m_window_end"": ""2025-11-19"", ""turnover_6m_sum_volume"": 2820713.0, ""turnover_6m_avg_daily_volume"": 22036.8203125, ""volatility_6m"": 0.03864378759312321, ""analysts_covering_asof_anchor"": 20.0}]",2026-01-31T10:45:17Z,[]
WMB,WMB,Williams Companies Inc,82139180994.42,Energy,"Oil, Gas & Consumable Fuels",Oil & Gas Transportation Services,United States of America,US,United States of America,United States of America,Country of Headquarters,New York Consolidated,23.0,23.0,23.0,932869342.0,932869342.0,0.014232479736145108,0.014232479736145108,1,"[""652509""]","[""wmb-quarterly-earnings-nongaap-eps-11-03-2025-0pt52""]","[{""market_id"": ""652509"", ""slug"": ""wmb-quarterly-earnings-nongaap-eps-11-03-2025-0pt52"", ""ticker"": ""WMB"", ""anchor_date"": ""2025-11-03"", ""bucket"": ""incorrect"", ""status"": ""MATCHED_INCORRECT"", ""polymarket_resolved_outcome"": ""NO"", ""expected_resolution"": ""YES"", ""label"": ""BEAT"", ""turnover_6m_window_start"": ""2025-05-04"", ""turnover_6m_window_end"": ""2025-11-03"", ""turnover_6m_sum_volume"": 932869342.0, ""turnover_6m_avg_daily_volume"": 7345427.88976378, ""volatility_6m"": 0.014232479736145108, ""analysts_covering_asof_anchor"": 23.0}]",2026-01-31T10:45:17Z,[]
WMT.N,WMT,Walmart Inc,949565692090.96,Consumer Staples,Consumer Staples Distribution & Retail,Food Retail & Distribution,United States of America,US,United States of America,United States of America,Country of Headquarters,New York Stock Exchange,44.0,41.0,41.0,,,,,1,"[""675511""]","[""wmt-quarterly-earnings-nongaap-eps-11-20-2025-0pt6""]","[{""market_id"": ""675511"", ""slug"": ""wmt-quarterly-earnings-nongaap-eps-11-20-2025-0pt6"", ""ticker"": ""WMT"", ""anchor_date"": ""2025-11-20"", ""bucket"": ""correct"", ""status"": ""MATCHED_CORRECT"", ""polymarket_resolved_outcome"": ""YES"", ""expected_resolution"": ""YES"", ""label"": ""BEAT"", ""turnover_6m_window_start"": ""2025-05-21"", ""turnover_6m_window_end"": ""2025-11-20"", ""turnover_6m_sum_volume"": null, ""turnover_6m_avg_daily_volume"": null, ""volatility_6m"": null, ""analysts_covering_asof_anchor"": 41.0}]",2026-01-31T10:45:17Z,[]
WRBY.N,WRBY,Warby Parker Inc,3116424379.63,Consumer Discretionary,Specialty Retail,Miscellaneous Specialty Retailers,United States of America,US,United States of America,United States of America,Country of Headquarters,New York Stock Exchange,14.0,14.0,14.0,86671338.0,86671338.0,0.03333304298411843,0.03333304298411843,1,"[""657300""]","[""wrby-quarterly-earnings-gaap-eps-11-06-2025-0pt05""]","[{""market_id"": ""657300"", ""slug"": ""wrby-quarterly-earnings-gaap-eps-11-06-2025-0pt05"", ""ticker"": ""WRBY"", ""anchor_date"": ""2025-11-06"", ""bucket"": ""incorrect"", ""status"": ""MATCHED_INCORRECT"", ""polymarket_resolved_outcome"": ""NO"", ""expected_resolution"": ""YES"", ""label"": ""BEAT"", ""turnover_6m_window_start"": ""2025-05-07"", ""turnover_6m_window_end"": ""2025-11-06"", ""turnover_6m_sum_volume"": 86671338.0, ""turnover_6m_avg_daily_volume"": 677119.828125, ""volatility_6m"": 0.03333304298411843, ""analysts_covering_asof_anchor"": 14.0}]",2026-01-31T10:45:17Z,[]
WSM,WSM,Williams-Sonoma Inc,24431262506.15,Consumer Discretionary,Specialty Retail,Home Furnishings Retailers,United States of America,US,United States of America,United States of America,Country of Headquarters,New York Consolidated,22.0,24.0,24.0,177363420.0,177363420.0,0.02118765159016254,0.02118765159016254,1,"[""674909""]","[""wsm-quarterly-earnings-gaap-eps-11-19-2025-1pt86""]","[{""market_id"": ""674909"", ""slug"": ""wsm-quarterly-earnings-gaap-eps-11-19-2025-1pt86"", ""ticker"": ""WSM"", ""anchor_date"": ""2025-11-19"", ""bucket"": ""correct"", ""status"": ""MATCHED_CORRECT"", ""polymarket_resolved_outcome"": ""YES"", ""expected_resolution"": ""YES"", ""label"": ""BEAT"", ""turnover_6m_window_start"": ""2025-05-20"", ""turnover_6m_window_end"": ""2025-11-19"", ""turnover_6m_sum_volume"": 177363420.0, ""turnover_6m_avg_daily_volume"": 1385651.71875, ""volatility_6m"": 0.02118765159016254, ""analysts_covering_asof_anchor"": 24.0}]",2026-01-31T10:45:17Z,[]
WTFC.N,WTFC,Wintrust Financial Corp,9878129918.37,Financials,Banks,Banks,United States of America,US,United States of America,United States of America,Country of Headquarters,New York Stock Exchange,14.0,14.0,14.0,605428.0,605428.0,0.01588108500787663,0.01588108500787663,1,"[""1118157""]","[""wtfc-quarterly-earnings-gaap-eps-01-20-2026-2pt92""]","[{""market_id"": ""1118157"", ""slug"": ""wtfc-quarterly-earnings-gaap-eps-01-20-2026-2pt92"", ""ticker"": ""WTFC"", ""anchor_date"": ""2026-01-20"", ""bucket"": ""correct"", ""status"": ""MATCHED_CORRECT"", ""polymarket_resolved_outcome"": ""YES"", ""expected_resolution"": ""YES"", ""label"": ""BEAT"", ""turnover_6m_window_start"": ""2025-07-21"", ""turnover_6m_window_end"": ""2026-01-20"", ""turnover_6m_sum_volume"": 605428.0, ""turnover_6m_avg_daily_volume"": 4767.149606299213, ""volatility_6m"": 0.01588108500787663, ""analysts_covering_asof_anchor"": 14.0}]",2026-01-31T10:45:17Z,[]
WWD.N,WWD,Woodward Inc,19028755014.0,Industrials,Aerospace & Defense,Aerospace & Defense,United States of America,US,United States of America,United States of America,Country of Headquarters,New York Stock Exchange,11.0,11.0,11.0,1050027.0,1050027.0,0.014588370651186565,0.014588370651186565,1,"[""674910""]","[""wwd-quarterly-earnings-gaap-eps-11-24-2025-1pt88""]","[{""market_id"": ""674910"", ""slug"": ""wwd-quarterly-earnings-gaap-eps-11-24-2025-1pt88"", ""ticker"": ""WWD"", ""anchor_date"": ""2025-11-24"", ""bucket"": ""correct"", ""status"": ""MATCHED_CORRECT"", ""polymarket_resolved_outcome"": ""YES"", ""expected_resolution"": ""YES"", ""label"": ""BEAT"", ""turnover_6m_window_start"": ""2025-05-25"", ""turnover_6m_window_end"": ""2025-11-24"", ""turnover_6m_sum_volume"": 1050027.0, ""turnover_6m_avg_daily_volume"": 8267.929133858268, ""volatility_6m"": 0.014588370651186565, ""analysts_covering_asof_anchor"": 11.0}]",2026-01-31T10:45:17Z,[]
XOM,XOM,Exxon Mobil Corp,596307217819.6,Energy,"Oil, Gas & Consumable Fuels",Oil & Gas Refining and Marketing,United States of America,US,United States of America,United States of America,Country of Headquarters,New York Consolidated,28.0,28.5,28.5,2018579626.5,2018579626.5,0.012520699325900051,0.012520699325900051,2,"[""613046"", ""1244960""]","[""xom-quarterly-earnings-nongaap-eps-2025-10-31-1pt75"", ""xom-quarterly-earnings-nongaap-eps-01-30-2026-1pt69""]","[{""market_id"": ""613046"", ""slug"": ""xom-quarterly-earnings-nongaap-eps-2025-10-31-1pt75"", ""ticker"": ""XOM"", ""anchor_date"": ""2025-10-31"", ""bucket"": ""correct"", ""status"": ""MATCHED_CORRECT"", ""polymarket_resolved_outcome"": ""YES"", ""expected_resolution"": ""YES"", ""label"": ""BEAT"", ""turnover_6m_window_start"": ""2025-05-01"", ""turnover_6m_window_end"": ""2025-10-31"", ""turnover_6m_sum_volume"": 2023223910.0, ""turnover_6m_avg_daily_volume"": 15806436.796875, ""volatility_6m"": 0.012434065385768392, ""analysts_covering_asof_anchor"": 29.0}, {""market_id"": ""1244960"", ""slug"": ""xom-quarterly-earnings-nongaap-eps-01-30-2026-1pt69"", ""ticker"": ""XOM"", ""anchor_date"": ""2026-01-30"", ""bucket"": ""correct"", ""status"": ""MATCHED_CORRECT"", ""polymarket_resolved_outcome"": ""YES"", ""expected_resolution"": ""YES"", ""label"": ""BEAT"", ""turnover_6m_window_start"": ""2025-07-31"", ""turnover_6m_window_end"": ""2026-01-30"", ""turnover_6m_sum_volume"": 2013935343.0, ""turnover_6m_avg_daily_volume"": 15857758.606299212, ""volatility_6m"": 0.01260733326603171, ""analysts_covering_asof_anchor"": 28.0}]",2026-01-31T10:45:17Z,[]
YELP.N,YELP,Yelp Inc,1683650658.82,Communication Services,Interactive Media & Services,Online Services,United States of America,US,United States of America,United States of America,Country of Headquarters,New York Stock Exchange,11.0,11.0,11.0,40148792.0,40148792.0,0.021885093356020017,0.021885093356020017,1,"[""658486""]","[""yelp-quarterly-earnings-gaap-eps-11-06-2025-0pt53""]","[{""market_id"": ""658486"", ""slug"": ""yelp-quarterly-earnings-gaap-eps-11-06-2025-0pt53"", ""ticker"": ""YELP"", ""anchor_date"": ""2025-11-06"", ""bucket"": ""correct"", ""status"": ""MATCHED_CORRECT"", ""polymarket_resolved_outcome"": ""YES"", ""expected_resolution"": ""YES"", ""label"": ""BEAT"", ""turnover_6m_window_start"": ""2025-05-07"", ""turnover_6m_window_end"": ""2025-11-06"", ""turnover_6m_sum_volume"": 40148792.0, ""turnover_6m_avg_daily_volume"": 313662.4375, ""volatility_6m"": 0.021885093356020017, ""analysts_covering_asof_anchor"": 11.0}]",2026-01-31T10:45:17Z,[]
ZM.N,ZM,Zoom Communications Inc,27270899244.9,Information Technology,Software,Software,United States of America,US,United States of America,United States of America,Country of Headquarters,New York Stock Exchange,31.0,31.0,31.0,5143246.0,5143246.0,0.01819666353384093,0.01819666353384093,1,"[""675603""]","[""zm-quarterly-earnings-nongaap-eps-11-24-2025-1pt44""]","[{""market_id"": ""675603"", ""slug"": ""zm-quarterly-earnings-nongaap-eps-11-24-2025-1pt44"", ""ticker"": ""ZM"", ""anchor_date"": ""2025-11-24"", ""bucket"": ""correct"", ""status"": ""MATCHED_CORRECT"", ""polymarket_resolved_outcome"": ""YES"", ""expected_resolution"": ""YES"", ""label"": ""BEAT"", ""turnover_6m_window_start"": ""2025-05-25"", ""turnover_6m_window_end"": ""2025-11-24"", ""turnover_6m_sum_volume"": 5143246.0, ""turnover_6m_avg_daily_volume"": 40498.0, ""volatility_6m"": 0.01819666353384093, ""analysts_covering_asof_anchor"": 31.0}]",2026-01-31T10:45:17Z,[]
