market_id,slug,ticker,ric,uma_end_date,close_date,asof_date,company_name,market_cap_usd_asof,analysts_covering_asof,gics_sector,gics_industry,trbc_industry,hq_country,hq_country_code,country_of_risk,exchange_country,country_source,primary_exchange,turnover_6m_window_start,turnover_6m_window_end,turnover_6m_sum_volume,turnover_6m_avg_daily_volume,volatility_6m,retrieved_at_utc,notes
549606,will-broadcom-beat-q2-earnings-estimate,AVGO,AVGO.N,2025-06-05T23:46:44Z,2025-06-05,2025-06-03,Broadcom Inc,1208086520956.15,43.0,Information Technology,Semiconductors & Semiconductor Equipment,Semiconductors,United States of America,US,United States of America,United States of America,Country of Headquarters,New York Stock Exchange,2024-12-02,2025-06-03,38522638.0,308181.104,0.044532629519321236,2026-02-18T13:16:16Z,[]
598104,will-gis-beat-earnings-estimate-2025-09-17-0pt82,GIS,GIS,2025-09-17T13:19:02Z,2025-09-17,2025-09-15,General Mills Inc,26142738842.2199,22.0,Consumer Staples,Food Products,Food Processing,United States of America,US,United States of America,United States of America,Country of Headquarters,New York Consolidated,2025-03-16,2025-09-15,728092734.0,5778513.761904762,0.013523200810515664,2026-02-18T13:16:16Z,[]
599915,will-blsh-beat-earnings-estimate-2025-09-17-neg0pt04,BLSH,BLSH.N,2025-09-18T06:13:44Z,2025-09-18,2025-09-16,Bullish,7507996835.04,8.0,Financials,Capital Markets,Blockchain & Cryptocurrency,Cayman Islands,KY,Cayman Islands,United States of America,Country of Headquarters,New York Stock Exchange,2025-03-17,2025-09-16,31156943.0,1298205.9583333333,0.06668592602860535,2026-02-18T13:16:16Z,[]
598105,will-fds-beat-earnings-estimate-2025-09-18-4pt15,FDS,FDS,2025-09-18T20:39:18Z,2025-09-18,2025-09-16,Factset Research Systems Inc,13050520317.06,21.0,Financials,Capital Markets,Professional Information Services,United States of America,US,United States of America,United States of America,Country of Headquarters,New York Consolidated,2025-03-17,2025-09-16,47083338.0,370734.94488188974,0.01640695902462116,2026-02-18T13:16:16Z,[]
598106,will-fdx-beat-earnings-estimate-2025-09-18-3pt62,FDX,FDX,2025-09-19T05:44:48Z,2025-09-19,2025-09-17,FedEx Corp,53274023984.58,32.0,Industrials,Air Freight & Logistics,"Courier, Postal, Air Freight & Land-based Logistics",United States of America,US,United States of America,United States of America,Country of Headquarters,New York Consolidated,2025-03-18,2025-09-17,264257748.0,2080769.6692913387,0.024145780277217834,2026-02-18T13:16:16Z,[]
613036,jef-quarterly-earnings-gaap-eps-2025-09-29-0pt8,JEF,JEF,2025-09-30T00:37:21Z,2025-09-30,2025-09-28,Jefferies Financial Group Inc,13760953542.9099,4.0,Financials,Capital Markets,Investment Banking & Brokerage Services,United States of America,US,United States of America,United States of America,Country of Headquarters,New York Consolidated,2025-03-29,2025-09-28,213651413.0,1709211.304,0.030184629040120918,2026-02-18T13:16:16Z,[]
614619,ccl-quarterly-earnings-nongaap-eps-2025-09-29-1pt32,CCL,CCL,2025-09-29T22:45:27Z,2025-09-29,2025-09-27,Carnival Corp,39757744798.2794,27.0,Consumer Discretionary,"Hotels, Restaurants & Leisure","Hotels, Motels & Cruise Lines",United States of America,US,United States of America,United States of America,Country of Headquarters,New York Consolidated,2025-03-28,2025-09-27,2852707108.0,22640532.603174604,0.0316262455731496,2026-02-18T13:16:16Z,[]
613037,nke-quarterly-earnings-gaap-eps-2025-09-30-0pt27,NKE,NKE,2025-09-30T22:32:59Z,2025-09-30,2025-09-28,Nike Inc,102454136469.53,37.0,Consumer Discretionary,"Textiles, Apparel & Luxury Goods",Footwear,United States of America,US,United States of America,United States of America,Country of Headquarters,New York Consolidated,2025-03-29,2025-09-28,2078316548.0,16626532.384,0.029497947634059055,2026-02-18T13:16:16Z,[]
614632,lw-quarterly-earnings-nongaap-eps-2025-09-30-0pt53,LW,LW,2025-09-30T14:51:47Z,2025-09-30,2025-09-28,Lamb Weston Holdings Inc,7695043945.59999,12.0,Consumer Staples,Food Products,Food Processing,United States of America,US,United States of America,United States of America,Country of Headquarters,New York Consolidated,2025-03-29,2025-09-28,253513669.0,2028109.352,0.026168848192407706,2026-02-18T13:16:16Z,[]
614635,unfi-quarterly-earnings-nongaap-eps-2025-09-30-neg0pt18,UNFI,UNFI.N,2025-09-30T15:25:21Z,2025-09-30,2025-09-28,United Natural Foods Inc,1917828919.62,11.0,Consumer Staples,Consumer Staples Distribution & Retail,Food Retail & Distribution,United States of America,US,United States of America,United States of America,Country of Headquarters,New York Stock Exchange,2025-03-29,2025-09-28,38244290.0,305954.32,0.03210598913361742,2026-02-18T13:16:16Z,[]
598107,will-mu-beat-earnings-estimate-2025-09-23-2pt85,MU,MU.N,2025-09-24T14:48:55Z,2025-09-24,2025-09-22,Micron Technology Inc,184230374126.62,44.0,Information Technology,Semiconductors & Semiconductor Equipment,Semiconductors,United States of America,US,United States of America,United States of America,Country of Headquarters,New York Stock Exchange,2025-03-23,2025-09-22,34914168.0,277096.5714285714,0.03802786903364036,2026-02-18T13:16:16Z,[]
599651,will-mlkn-beat-earnings-estimate-2025-09-23-0pt34,MLKN,MLKN.N,2025-09-24T20:01:59Z,2025-09-24,2025-09-22,MillerKnoll Inc,1362442475.39999,3.0,Industrials,Commercial Services & Supplies,Business Support Supplies,United States of America,US,United States of America,United States of America,Country of Headquarters,New York Stock Exchange,2025-03-23,2025-09-22,1096279.0,8700.626984126984,0.029545913041619073,2026-02-18T13:16:16Z,[]
598110,will-acn-beat-earnings-estimate-2025-09-25-2pt99,ACN,ACN,2025-09-28T17:45:55Z,2025-09-28,2025-09-26,Accenture PLC,148194591021.24,25.0,Information Technology,IT Services,IT Services & Consulting,Ireland,IE,Ireland,United States of America,Country of Headquarters,New York Consolidated,2025-03-27,2025-09-26,508539504.0,4004248.062992126,0.018883112109669385,2026-02-18T13:16:16Z,[]
598111,will-jbl-beat-earnings-estimate-2025-09-25-2pt9,JBL,JBL,2025-09-26T05:29:49Z,2025-09-26,2025-09-24,Jabil Inc,24176787599.36,11.0,Information Technology,"Electronic Equipment, Instruments & Components",Electronic Equipment & Parts,United States of America,US,United States of America,United States of America,Country of Headquarters,New York Consolidated,2025-03-25,2025-09-24,184179910.0,1450235.5118110236,0.026222064993000307,2026-02-18T13:16:16Z,[]
599654,will-kmx-beat-earnings-estimate-2025-09-25-1pt03,KMX,KMX,2025-11-10T07:15:58Z,2025-11-10,2025-11-08,Carmax Inc,4751905591.48,20.0,Consumer Discretionary,Specialty Retail,"Auto Vehicles, Parts & Service Retailers",United States of America,US,United States of America,United States of America,Country of Headquarters,New York Consolidated,2025-05-09,2025-11-08,537755856.0,4234298.078740157,0.037788963574455055,2026-02-18T13:16:16Z,[]
599653,will-cnxc-beat-earnings-estimate-2025-09-25-2pt91,CNXC,CNXC.N,2025-10-19T14:02:47Z,2025-10-19,2025-10-17,Concentrix Corp,2792246139.15,5.0,Industrials,Professional Services,Business Support Services,United States of America,US,United States of America,United States of America,Country of Headquarters,New York Stock Exchange,2025-04-17,2025-10-17,1477634.0,11634.913385826772,0.030183391556778225,2026-02-18T13:16:16Z,[]
614636,stz-quarterly-earnings-nongaap-eps-2025-10-06-3pt44,STZ,STZ,2025-10-06T22:39:20Z,2025-10-06,2025-10-04,Constellation Brands Inc,24890759526.6,26.0,Consumer Staples,Beverages,Brewers,United States of America,US,United States of America,United States of America,Country of Headquarters,New York Consolidated,2025-04-04,2025-10-04,294876425.0,2340289.087301587,0.017959712630249466,2026-02-18T13:16:16Z,[]
599652,will-prgs-beat-earnings-estimate-2025-09-29-1pt3,PRGS,PRGS.N,2025-09-30T11:46:15Z,2025-09-30,2025-09-28,Progress Software Corp,1802976217.46,6.0,Information Technology,Software,Software,United States of America,US,United States of America,United States of America,Country of Headquarters,New York Stock Exchange,2025-03-29,2025-09-28,1275226.0,10201.808,0.02435594372341971,2026-02-18T13:16:16Z,[]
614637,mkc-quarterly-earnings-nongaap-eps-2025-10-07-0pt82,MKC,MKC,2025-10-07T17:02:42Z,2025-10-07,2025-10-05,McCormick & Company Inc,18489377292.16,16.0,Consumer Staples,Food Products,Food Processing,United States of America,US,United States of America,United States of America,Country of Headquarters,New York Consolidated,2025-04-05,2025-10-05,300666566.0,2405332.528,0.01497606710450583,2026-02-18T13:16:16Z,[]
619853,peng-quarterly-earnings-nongaap-eps-2025-10-07-0pt37,PENG,PENG.N,2025-10-08T10:14:10Z,2025-10-08,2025-10-06,Penguin Solutions Inc,1535352640.2,8.0,Information Technology,Semiconductors & Semiconductor Equipment,Semiconductors,United States of America,US,United States of America,United States of America,Country of Headquarters,New York Stock Exchange,2025-04-06,2025-10-06,1829342.0,14518.587301587302,0.02855815435639983,2026-02-18T13:16:16Z,[]
619857,azz-quarterly-earnings-nongaap-eps-2025-10-08-1pt57,AZZ,AZZ,2025-10-08T23:19:39Z,2025-10-08,2025-10-06,AZZ Inc,3214304349.08,11.0,Industrials,Building Products,Iron & Steel,United States of America,US,United States of America,United States of America,Country of Headquarters,New York Consolidated,2025-04-06,2025-10-06,32907611.0,261171.5158730159,0.01956346856386,2026-02-18T13:16:16Z,[]
619980,rell-quarterly-earnings-nongaap-eps-2025-10-08-neg0pt01,RELL,RELL.N,2025-10-09T22:38:05Z,2025-10-09,2025-10-07,Richardson Electronics Ltd,142611336.48,2.0,Information Technology,"Electronic Equipment, Instruments & Components",Electronic Equipment & Parts,United States of America,US,United States of America,United States of America,Country of Headquarters,New York Stock Exchange,2025-04-07,2025-10-07,82751.0,651.5826771653543,0.03240590747240316,2026-02-18T13:16:16Z,[]
619983,rgp-quarterly-earnings-nongaap-eps-2025-10-08-neg0pt10,RGP,RGP.N,2025-10-08T23:25:37Z,2025-10-08,2025-10-06,Resources Connection Inc,164281230.48,4.0,Industrials,Professional Services,Business Support Services,United States of America,US,United States of America,United States of America,Country of Headquarters,New York Stock Exchange,2025-04-06,2025-10-06,617483.0,4900.658730158731,0.029594179081754445,2026-02-18T13:16:16Z,[]
613049,levi-quarterly-earnings-nongaap-eps-2025-10-09-0pt30,LEVI,LEVI.N,2025-10-11T19:15:52Z,2025-10-11,2025-10-09,Levi Strauss & Co,9590957304.24,14.0,Consumer Discretionary,"Textiles, Apparel & Luxury Goods",Apparel & Accessories,United States of America,US,United States of America,United States of America,Country of Headquarters,New York Stock Exchange,2025-04-09,2025-10-09,90341810.0,711352.8346456693,0.019841490431724767,2026-02-18T13:16:16Z,[]
613050,pep-quarterly-earnings-nongaap-eps-2025-10-09-2pt26,PEP,PEP.N,2025-10-09T14:11:13Z,2025-10-09,2025-10-07,PepsiCo Inc,192507815776.379,23.0,Consumer Staples,Beverages,Non-Alcoholic Beverages,United States of America,US,United States of America,United States of America,Country of Headquarters,New York Stock Exchange,2025-04-07,2025-10-07,13878245.0,109277.51968503937,0.01463313807258583,2026-02-18T13:16:16Z,[]
613051,dal-quarterly-earnings-nongaap-eps-2025-10-09-1pt52,DAL,DAL,2025-10-09T22:35:01Z,2025-10-09,2025-10-07,Delta Air Lines Inc,36977281551.84,25.0,Industrials,Passenger Airlines,Airlines,United States of America,US,United States of America,United States of America,Country of Headquarters,New York Consolidated,2025-04-07,2025-10-07,1263869131.0,9951725.440944882,0.03305094825055587,2026-02-18T13:16:16Z,[]
619984,apld-quarterly-earnings-nongaap-eps-2025-10-09-neg0pt16,APLD,APLD.N,2025-10-11T01:16:30Z,2025-10-11,2025-10-09,Applied Digital Corp,8191999278.75,10.0,Information Technology,IT Services,Blockchain & Cryptocurrency,United States of America,US,United States of America,United States of America,Country of Headquarters,New York Stock Exchange,2025-04-09,2025-10-09,84223691.0,663178.6692913385,0.08251165808748287,2026-02-18T13:16:16Z,[]
620021,hele-quarterly-earnings-nongaap-eps-2025-10-09-0pt52,HELE,HELE.N,2025-10-11T04:07:36Z,2025-10-11,2025-10-09,Helen of Troy Ltd,476926841.49,5.0,Consumer Discretionary,Household Durables,"Appliances, Tools & Housewares",Bermuda,BM,United States of America,United States of America,Country of Headquarters,New York Stock Exchange,2025-04-09,2025-10-09,1434369.0,11294.24409448819,0.05551365796907039,2026-02-18T13:16:16Z,[]
620023,neog-quarterly-earnings-nongaap-eps-2025-10-09-0pt04,NEOG,NEOG.N,2025-10-11T19:39:58Z,2025-10-11,2025-10-09,Neogen Corp,1473284684.28,5.0,Health Care,Health Care Equipment & Supplies,"Medical Equipment, Supplies & Distribution",United States of America,US,United States of America,United States of America,Country of Headquarters,New York Stock Exchange,2025-04-09,2025-10-09,18189839.0,143227.07874015748,0.042919192073226135,2026-02-18T13:16:16Z,[]
620032,nrix-quarterly-earnings-gaap-eps-2025-10-9-neg0pt85,NRIX,NRIX.N,2025-10-11T19:33:44Z,2025-10-11,2025-10-09,Nurix Therapeutics Inc,834954114.959999,18.0,Health Care,Biotechnology,Biotechnology & Medical Research,United States of America,US,United States of America,United States of America,Country of Headquarters,New York Stock Exchange,2025-04-09,2025-10-09,1628984.0,12826.645669291338,0.0389360078721745,2026-02-18T13:16:16Z,[]
620038,byrn-quarterly-earnings-gaap-eps-2025-10-09-0pt06,BYRN,BYRN.N,2025-10-09T22:34:01Z,2025-10-09,2025-10-07,Byrna Technologies Inc,513333234.539999,5.0,Industrials,Aerospace & Defense,Aerospace & Defense,United States of America,US,United States of America,United States of America,Country of Headquarters,New York Stock Exchange,2025-04-07,2025-10-07,815933.0,6424.669291338582,0.04730488537839866,2026-02-18T13:16:16Z,[]
619852,unty-quarterly-earnings-gaap-eps-2025-10-10-1pt29,UNTY,UNTY.N,2025-10-15T14:15:21Z,2025-10-15,2025-10-13,Unity Bancorp Inc,473533560.0,3.0,Financials,Banks,Banks,United States of America,US,United States of America,United States of America,Country of Headquarters,New York Stock Exchange,2025-04-13,2025-10-13,101827.0,808.1507936507936,0.021898675618642272,2026-02-18T13:16:16Z,[]
620048,fast-quarterly-earnings-gaap-eps-2025-10-13-0pt30,FAST,FAST.N,2025-10-13T23:27:23Z,2025-10-13,2025-10-11,Fastenal Co,52557075307.38,20.0,Industrials,Trading Companies & Distributors,Industrial Machinery & Equipment,United States of America,US,United States of America,United States of America,Country of Headquarters,New York Stock Exchange,2025-04-11,2025-10-11,12868392.0,102130.09523809524,0.013170755639182127,2026-02-18T13:16:16Z,[]
613052,jpm-quarterly-earnings-gaap-eps-2025-10-14-4pt72,JPM,JPM,2025-10-15T01:29:27Z,2025-10-15,2025-10-13,JPMorgan Chase & Co,838375118991.15,28.0,Financials,Banks,Banks,United States of America,US,United States of America,United States of America,Country of Headquarters,New York Consolidated,2025-04-13,2025-10-13,1062551971.0,8432952.150793651,0.010978233866749487,2026-02-18T13:16:16Z,[]
613055,wfc-quarterly-earnings-gaap-eps-2025-10-14-1pt53,WFC,WFC,2025-10-15T23:14:23Z,2025-10-15,2025-10-13,Wells Fargo & Co,248514082864.52,26.0,Financials,Banks,Banks,United States of America,US,United States of America,United States of America,Country of Headquarters,New York Consolidated,2025-04-13,2025-10-13,2015029439.0,15992297.134920634,0.015014569392148073,2026-02-18T13:16:16Z,[]
613056,gs-quarterly-earnings-gaap-eps-2025-10-14-10pt47,GS,GS,2025-10-15T00:59:27Z,2025-10-15,2025-10-13,Goldman Sachs Group Inc,238174900763.76,28.0,Financials,Capital Markets,Investment Banking & Brokerage Services,United States of America,US,United States of America,United States of America,Country of Headquarters,New York Consolidated,2025-04-13,2025-10-13,257940271.0,2047145.007936508,0.014155758709418483,2026-02-18T13:16:16Z,[]
613057,c-quarterly-earnings-gaap-eps-2025-10-14-1pt90,C,C,2025-10-14T20:50:25Z,2025-10-14,2025-10-12,Citigroup Inc,168068949000.0,24.0,Financials,Banks,Investment Banking & Brokerage Services,United States of America,US,United States of America,United States of America,Country of Headquarters,New York Consolidated,2025-04-12,2025-10-12,1729690632.0,13837525.056,0.01491302403973485,2026-02-18T13:16:16Z,[]
613066,dpz-quarterly-earnings-gaap-eps-2025-10-14-3pt96,DPZ,DPZ.N,2025-10-14T17:57:03Z,2025-10-14,2025-10-12,Domino's Pizza Inc,13729705408.66,34.0,Consumer Discretionary,"Hotels, Restaurants & Leisure",Restaurants & Bars,United States of America,US,United States of America,United States of America,Country of Headquarters,New York Stock Exchange,2025-04-12,2025-10-12,1534000.0,12272.0,0.013646250915222166,2026-02-18T13:16:16Z,[]
613067,jnj-quarterly-earnings-nongaap-eps-2025-10-14-2pt75,JNJ,JNJ,2025-10-15T00:52:23Z,2025-10-15,2025-10-13,Johnson & Johnson,459751890664.8,25.0,Health Care,Pharmaceuticals,Pharmaceuticals,United States of America,US,United States of America,United States of America,Country of Headquarters,New York Consolidated,2025-04-13,2025-10-13,1052126099.0,8350207.134920635,0.010790681338373317,2026-02-18T13:16:16Z,[]
619556,blk-quarterly-earnings-nongaap-eps-2025-10-14-11pt76,BLK,BLK,2025-10-14T19:35:29Z,2025-10-14,2025-10-12,BlackRock Inc,175629036000.0,18.0,Financials,Capital Markets,Investment Management & Fund Operators,United States of America,US,United States of America,United States of America,Country of Headquarters,New York Consolidated,2025-04-12,2025-10-12,73450786.0,587606.288,0.013596130441029473,2026-02-18T13:16:16Z,[]
614613,bac-quarterly-earnings-gaap-eps-2025-10-15-0pt93,BAC,BAC,2025-10-15T15:41:47Z,2025-10-15,2025-10-13,Bank of America Corp,358115555450.94,26.0,Financials,Banks,Banks,United States of America,US,United States of America,United States of America,Country of Headquarters,New York Consolidated,2025-04-13,2025-10-13,4774872230.0,37895811.34920635,0.012593328969915265,2026-02-18T13:16:16Z,[]
614614,ms-quarterly-earnings-gaap-eps-2025-10-15-2pt06,MS,MS,2025-10-15T15:42:43Z,2025-10-15,2025-10-13,Morgan Stanley,246811830000.0,26.0,Financials,Capital Markets,Investment Banking & Brokerage Services,United States of America,US,United States of America,United States of America,Country of Headquarters,New York Consolidated,2025-04-13,2025-10-13,692348118.0,5494826.333333333,0.013138334805624347,2026-02-18T13:16:16Z,[]
614639,cfg-quarterly-earnings-gaap-eps-2025-10-15-1pt03,CFG,CFG,2025-10-15T15:42:41Z,2025-10-15,2025-10-13,Citizens Financial Group Inc,22086920385.5,22.0,Financials,Banks,Banks,United States of America,US,United States of America,United States of America,Country of Headquarters,New York Consolidated,2025-04-13,2025-10-13,599179349.0,4755391.658730159,0.01636602942864677,2026-02-18T13:16:16Z,[]
614644,abt-quarterly-earnings-nongaap-eps-2025-10-15-1pt30,ABT,ABT,2025-10-15T15:41:49Z,2025-10-15,2025-10-13,Abbott Laboratories,228452996396.86,30.0,Health Care,Health Care Equipment & Supplies,"Medical Equipment, Supplies & Distribution",United States of America,US,United States of America,United States of America,Country of Headquarters,New York Consolidated,2025-04-13,2025-10-13,791882700.0,6284783.333333333,0.01345717136647377,2026-02-18T13:16:16Z,[]
614609,ibkr-quarterly-earnings-nongaap-eps-2025-10-16-0pt51,IBKR,IBKR.N,2025-10-17T06:29:58Z,2025-10-17,2025-10-15,Interactive Brokers Group Inc,118596468749.84,11.0,Financials,Capital Markets,Investment Banking & Brokerage Services,United States of America,US,United States of America,United States of America,Country of Headquarters,New York Stock Exchange,2025-04-15,2025-10-15,9156470.0,72098.18897637795,0.02276567117573643,2026-02-18T13:16:16Z,[]
614616,schw-quarterly-earnings-nongaap-eps-2025-10-16-1pt21,SCHW,SCHW.N,2025-10-17T06:36:58Z,2025-10-17,2025-10-15,Charles Schwab Corp,171229636569.0,21.0,Financials,Capital Markets,Investment Banking & Brokerage Services,United States of America,US,United States of America,United States of America,Country of Headquarters,New York Stock Exchange,2025-04-15,2025-10-15,290125370.0,2284451.7322834646,0.012536464618405197,2026-02-18T13:16:16Z,[]
619465,bk-quarterly-earnings-gaap-eps-2025-10-16-1pt76,BK,BK,2025-10-17T06:12:12Z,2025-10-17,2025-10-15,Bank of New York Mellon Corp,75962240077.32,17.0,Financials,Capital Markets,Investment Management & Fund Operators,United States of America,US,United States of America,United States of America,Country of Headquarters,New York Consolidated,2025-04-15,2025-10-15,475779694.0,3746296.803149606,0.010949322673781625,2026-02-18T13:16:16Z,[]
619538,key-quarterly-earnings-gaap-eps-2025-10-16-0pt38,KEY,KEY,2025-10-17T06:42:58Z,2025-10-17,2025-10-15,KeyCorp,19732638960.0,24.0,Financials,Banks,Banks,United States of America,US,United States of America,United States of America,Country of Headquarters,New York Consolidated,2025-04-15,2025-10-15,2747849829.0,21636612.826771654,0.015944432885183046,2026-02-18T13:16:16Z,[]
619549,usb-quarterly-earnings-gaap-eps-2025-10-16-1pt12,USB,USB,2025-10-17T12:26:42Z,2025-10-17,2025-10-15,US Bancorp,72285000091.85,24.0,Financials,Banks,Banks,United States of America,US,United States of America,United States of America,Country of Headquarters,New York Consolidated,2025-04-15,2025-10-15,1227253227.0,9663411.236220472,0.013841549002990446,2026-02-18T13:16:16Z,[]
620069,gbci-quarterly-earnings-gaap-eps-2025-10-16-0pt61,GBCI,GBCI.N,2025-10-17T12:14:56Z,2025-10-17,2025-10-15,Glacier Bancorp Inc,6237753533.48,6.0,Financials,Banks,Banks,United States of America,US,United States of America,United States of America,Country of Headquarters,New York Stock Exchange,2025-04-15,2025-10-15,36315266.0,285946.9763779527,0.019070933632429364,2026-02-18T13:16:16Z,[]
619541,stt-quarterly-earnings-gaap-eps-2025-10-17-2pt58,STT,STT,2025-10-17T20:56:44Z,2025-10-17,2025-10-15,State Street Corp,32937641655.49,17.0,Financials,Capital Markets,Investment Management & Fund Operators,United States of America,US,United States of America,United States of America,Country of Headquarters,New York Consolidated,2025-04-15,2025-10-15,242638509.0,1910539.4409448819,0.015050137742823941,2026-02-18T13:16:16Z,[]
619557,tfc-quarterly-earnings-nongaap-eps-2025-10-17-0pt99,TFC,TFC,2025-10-17T23:15:48Z,2025-10-17,2025-10-15,Truist Financial Corp,55340195413.86,22.0,Financials,Banks,Banks,United States of America,US,United States of America,United States of America,Country of Headquarters,New York Consolidated,2025-04-15,2025-10-15,984477542.0,7751791.669291339,0.014455141366471982,2026-02-18T13:16:16Z,[]
627451,axp-quarterly-earnings-gaap-eps-10-17-2025-4,AXP,AXP,2025-10-17T20:43:44Z,2025-10-17,2025-10-15,American Express Co,227775687580.98,31.0,Financials,Consumer Finance,Consumer Lending,United States of America,US,United States of America,United States of America,Country of Headquarters,New York Consolidated,2025-04-15,2025-10-15,337745492.0,2659413.322834646,0.015393111050164946,2026-02-18T13:16:16Z,[]
620052,sfbs-quarterly-earnings-nongaap-eps-2025-10-20-1pt34,SFBS,SFBS.N,2025-10-21T00:20:32Z,2025-10-21,2025-10-19,ServisFirst Bancshares Inc,4108078577.61,3.0,Financials,Banks,Banks,United States of America,US,United States of America,United States of America,Country of Headquarters,New York Stock Exchange,2025-04-19,2025-10-19,11203986.0,88920.52380952382,0.018143898839658914,2026-02-18T13:16:16Z,[]
614638,omc-quarterly-earnings-nongaap-eps-2025-10-21-2pt17,OMC,OMC,2025-10-21T23:37:02Z,2025-10-21,2025-10-19,Omnicom Group Inc,14960086501.44,12.0,Communication Services,Media,Advertising & Marketing,United States of America,US,United States of America,United States of America,Country of Headquarters,New York Consolidated,2025-04-19,2025-10-19,474237107.0,3763786.5634920634,0.018127831265115434,2026-02-18T13:16:16Z,[]
619560,efx-quarterly-earnings-nongaap-eps-2025-10-21-1pt94,EFX,EFX,2025-10-21T14:38:39Z,2025-10-21,2025-10-19,Equifax Inc,27772430935.67,24.0,Industrials,Professional Services,Professional Information Services,United States of America,US,United States of America,United States of America,Country of Headquarters,New York Consolidated,2025-04-19,2025-10-19,130696668.0,1037275.1428571428,0.023374504317079315,2026-02-18T13:16:16Z,[]
627582,ko-quarterly-earnings-nongaap-eps-10-21-2025-0pt78,KO,KO,2025-10-21T14:43:43Z,2025-10-21,2025-10-19,Coca-Cola Co,294428880000.0,26.0,Consumer Staples,Beverages,Non-Alcoholic Beverages,United States of America,US,United States of America,United States of America,Country of Headquarters,New York Consolidated,2025-04-19,2025-10-19,1967339216.0,15613803.301587302,0.00902708360794661,2026-02-18T13:16:16Z,[]
627587,gm-quarterly-earnings-nongaap-eps-10-21-2025-2pt31,GM,GM,2025-10-21T14:35:45Z,2025-10-21,2025-10-19,General Motors Co,54460442869.14,31.0,Consumer Discretionary,Automobiles,Auto & Truck Manufacturers,United States of America,US,United States of America,United States of America,Country of Headquarters,New York Consolidated,2025-04-19,2025-10-19,1127348652.0,8947211.523809524,0.01854747301859408,2026-02-18T13:16:16Z,[]
627639,hal-quarterly-earnings-gaap-eps-10-21-2025-0pt49,HAL,HAL,2025-10-21T14:38:39Z,2025-10-21,2025-10-19,Halliburton Co,18743024604.7,26.0,Energy,Energy Equipment & Services,Oil Related Services and Equipment,United States of America,US,United States of America,United States of America,Country of Headquarters,New York Consolidated,2025-04-19,2025-10-19,1791292715.0,14216608.849206349,0.02388001656877467,2026-02-18T13:16:16Z,[]
627649,lmt-quarterly-earnings-gaap-eps-10-21-2025-6pt33,LMT,LMT,2025-10-21T14:37:43Z,2025-10-21,2025-10-19,Lockheed Martin Corp,114576618689.4,22.0,Industrials,Aerospace & Defense,Aerospace & Defense,United States of America,US,United States of America,United States of America,Country of Headquarters,New York Consolidated,2025-04-19,2025-10-19,195229535.0,1549440.753968254,0.01611932445736559,2026-02-18T13:16:16Z,[]
627653,ndaq-quarterly-earnings-nongaap-eps-10-21-2025-0pt83,NDAQ,NDAQ.N,2025-10-21T14:35:47Z,2025-10-21,2025-10-19,Nasdaq Inc,50584485409.47,19.0,Financials,Capital Markets,Financial & Commodity Market Operators & Service Providers,United States of America,US,United States of America,United States of America,Country of Headquarters,New York Stock Exchange,2025-04-19,2025-10-19,7286031.0,57825.642857142855,0.011736513382385794,2026-02-18T13:16:16Z,[]
627657,noc-quarterly-earnings-gaap-eps-10-21-2025-6pt49,NOC,NOC,2025-10-21T14:39:45Z,2025-10-21,2025-10-19,Northrop Grumman Corp,84847079831.5,24.0,Industrials,Aerospace & Defense,Aerospace & Defense,United States of America,US,United States of America,United States of America,Country of Headquarters,New York Consolidated,2025-04-19,2025-10-19,109477871.0,868871.9920634921,0.01874561293885386,2026-02-18T13:16:16Z,[]
627658,pm-quarterly-earnings-nongaap-eps-10-21-2025-2pt1,PM,PM,2025-10-21T14:40:43Z,2025-10-21,2025-10-19,Philip Morris International Inc,246042320666.94,20.0,Consumer Staples,Tobacco,Tobacco,United States of America,US,United States of America,United States of America,Country of Headquarters,New York Consolidated,2025-04-19,2025-10-19,730513847.0,5797728.944444444,0.015135704755145507,2026-02-18T13:16:16Z,[]
627659,phm-quarterly-earnings-gaap-eps-10-21-2025-3pt03,PHM,PHM,2025-10-21T14:33:39Z,2025-10-21,2025-10-19,Pultegroup Inc,24257405342.65,16.0,Consumer Discretionary,Household Durables,Homebuilding,United States of America,US,United States of America,United States of America,Country of Headquarters,New York Consolidated,2025-04-19,2025-10-19,261053080.0,2071849.8412698412,0.022878084387684457,2026-02-18T13:16:16Z,[]
627660,dgx-quarterly-earnings-nongaap-eps-10-21-2025-2pt5,DGX,DGX,2025-10-21T14:38:39Z,2025-10-21,2025-10-19,Quest Diagnostics Inc,21081540022.62,20.0,Health Care,Health Care Providers & Services,Healthcare Facilities & Services,United States of America,US,United States of America,United States of America,Country of Headquarters,New York Consolidated,2025-04-19,2025-10-19,128026500.0,1016083.3333333334,0.014497533295190698,2026-02-18T13:16:16Z,[]
627752,mmm-quarterly-earnings-nongaap-eps-10-21-2025-2pt07,MMM,MMM,2025-10-21T14:39:45Z,2025-10-21,2025-10-19,3M Co,81086191326.72,20.0,Industrials,Industrial Conglomerates,Consumer Goods Conglomerates,United States of America,US,United States of America,United States of America,Country of Headquarters,New York Consolidated,2025-04-19,2025-10-19,401185768.0,3184014.0317460317,0.01640678861498383,2026-02-18T13:16:16Z,[]
627454,cb-quarterly-earnings-nongaap-eps-10-21-2025-5pt78,CB,CB,2025-10-22T00:15:21Z,2025-10-22,2025-10-20,Chubb Ltd,105757814271.6,26.0,Financials,Insurance,Multiline Insurance & Brokers,Switzerland,CH,United States of America,United States of America,Country of Headquarters,New York Consolidated,2025-04-20,2025-10-20,222230246.0,1749844.4566929133,0.01137069667917644,2026-02-18T13:16:16Z,[]
627585,ewbc-quarterly-earnings-gaap-eps-10-21-2025-2pt34,EWBC,EWBC.N,2025-10-21T23:52:18Z,2025-10-21,2025-10-19,East West Bancorp Inc,13228133100.68,15.0,Financials,Banks,Banks,United States of America,US,United States of America,United States of America,Country of Headquarters,New York Stock Exchange,2025-04-19,2025-10-19,1684984.0,13372.888888888889,0.01898393603847134,2026-02-18T13:16:16Z,[]
627652,mat-quarterly-earnings-nongaap-eps-10-21-2025-1pt07,MAT,MAT.N,2025-10-22T02:34:18Z,2025-10-22,2025-10-20,Mattel Inc,5709396000.0,14.0,Consumer Discretionary,Leisure Products,Toys & Children's Products,United States of America,US,United States of America,United States of America,Country of Headquarters,New York Stock Exchange,2025-04-20,2025-10-20,10655120.0,83898.58267716535,0.025199435905152105,2026-02-18T13:16:16Z,[]
627654,nflx-quarterly-earnings-nongaap-eps-10-21-2025-6pt95,NFLX,NFLX.N,2025-10-22T02:50:34Z,2025-10-22,2025-10-20,Netflix Inc,524817919599.04,51.0,Communication Services,Entertainment,Online Services,United States of America,US,United States of America,United States of America,Country of Headquarters,New York Stock Exchange,2025-04-20,2025-10-20,57462923.0,452463.96062992123,0.01610694761315535,2026-02-18T13:16:16Z,[]
627663,txn-quarterly-earnings-gaap-eps-10-21-2025-1pt49,TXN,TXN.N,2025-10-21T23:57:19Z,2025-10-21,2025-10-19,Texas Instruments Inc,160444652871.6,39.0,Information Technology,Semiconductors & Semiconductor Equipment,Semiconductors,United States of America,US,United States of America,United States of America,Country of Headquarters,New York Stock Exchange,2025-04-19,2025-10-19,11549178.0,91660.14285714286,0.022521104453830893,2026-02-18T13:16:16Z,[]
614615,tsla-quarterly-earnings-nongaap-eps-2025-10-22-0pt5,TSLA,TSLA.N,2025-10-22T23:44:57Z,2025-10-22,2025-10-20,Tesla Inc,1488071269890.81,55.0,Consumer Discretionary,Automobiles,Auto & Truck Manufacturers,United States of America,US,United States of America,United States of America,Country of Headquarters,New York Stock Exchange,2025-04-20,2025-10-20,64064125.0,504441.92913385824,0.03451585214404222,2026-02-18T13:16:16Z,[]
614647,kmi-quarterly-earnings-nongaap-eps-2025-10-15-0pt3,KMI,KMI,2025-10-23T00:39:29Z,2025-10-23,2025-10-21,Kinder Morgan Inc,61107134440.0,21.0,Energy,"Oil, Gas & Consumable Fuels",Oil & Gas Transportation Services,United States of America,US,United States of America,United States of America,Country of Headquarters,New York Consolidated,2025-04-21,2025-10-21,1757055613.0,13726996.9765625,0.012317508114230187,2026-02-18T13:16:16Z,[]
627671,mco-quarterly-earnings-nongaap-eps-10-22-2025-3pt52,MCO,MCO,2025-10-22T15:57:24Z,2025-10-22,2025-10-20,Moody's Corp,84643664000.0,27.0,Financials,Capital Markets,Professional Information Services,United States of America,US,United States of America,United States of America,Country of Headquarters,New York Consolidated,2025-04-20,2025-10-20,92572354.0,728916.1732283465,0.01346629483556241,2026-02-18T13:16:16Z,[]
627673,t-quarterly-earnings-nongaap-eps-10-22-2025-0pt54,T,T,2025-10-22T15:57:28Z,2025-10-22,2025-10-20,AT&T Inc,185544900000.0,27.0,Communication Services,Diversified Telecommunication Services,Wireless Telecommunications Services,United States of America,US,United States of America,United States of America,Country of Headquarters,New York Consolidated,2025-04-20,2025-10-20,4232080956.0,33323472.09448819,0.01263295975992983,2026-02-18T13:16:16Z,[]
627694,cme-quarterly-earnings-nongaap-eps-10-22-2025-2pt65,CME,CME.N,2025-10-22T20:41:46Z,2025-10-22,2025-10-20,CME Group Inc,96502874670.14,19.0,Financials,Capital Markets,Financial & Commodity Market Operators & Service Providers,United States of America,US,United States of America,United States of America,Country of Headquarters,New York Stock Exchange,2025-04-20,2025-10-20,3316635.0,26115.23622047244,0.011653828863835343,2026-02-18T13:16:16Z,[]
627735,hlt-quarterly-earnings-nongaap-eps-10-22-2025-2pt05,HLT,HLT,2025-10-22T21:32:38Z,2025-10-22,2025-10-20,Hilton Worldwide Holdings Inc,60674875732.64,24.0,Consumer Discretionary,"Hotels, Restaurants & Leisure","Hotels, Motels & Cruise Lines",United States of America,US,United States of America,United States of America,Country of Headquarters,New York Consolidated,2025-04-20,2025-10-20,234542634.0,1846792.3937007873,0.013724693006637296,2026-02-18T13:16:16Z,[]
637819,ntrs-quarterly-earnings-gaap-eps-10-22-2025-2pt24,NTRS,NTRS.N,2025-10-23T01:03:23Z,2025-10-23,2025-10-21,Northern Trust Corp,24305364263.88,16.0,Financials,Capital Markets,Investment Management & Fund Operators,United States of America,US,United States of America,United States of America,Country of Headquarters,New York Stock Exchange,2025-04-21,2025-10-21,2712028.0,21187.71875,0.016765137355661097,2026-02-18T13:16:16Z,[]
599650,will-cash-beat-earnings-estimate-2025-09-19-1pt29,CASH,CASH.N,2025-11-04T07:17:59Z,2025-11-04,2025-11-02,Pathward Financial Inc,1549901114.2,2.0,Financials,Banks,Banks,United States of America,US,United States of America,United States of America,Country of Headquarters,New York Stock Exchange,2025-05-03,2025-11-02,306828.0,2435.1428571428573,0.015529145963387782,2026-02-18T13:16:16Z,[]
627695,chdn-quarterly-earnings-gaap-eps-10-22-2025-1,CHDN,CHDN.N,2025-10-23T04:46:11Z,2025-10-23,2025-10-21,Churchill Downs Inc,6736493764.62,10.0,Consumer Discretionary,"Hotels, Restaurants & Leisure",Casinos & Gaming,United States of America,US,United States of America,United States of America,Country of Headquarters,New York Stock Exchange,2025-04-21,2025-10-21,1375164.0,10743.46875,0.02259388881478984,2026-02-18T13:16:16Z,[]
627736,ibm-quarterly-earnings-nongaap-eps-10-22-2025-2pt44,IBM,IBM,2025-10-22T23:49:21Z,2025-10-22,2025-10-20,International Business Machines Corp,265137641181.9,22.0,Information Technology,IT Services,IT Services & Consulting,United States of America,US,United States of America,United States of America,Country of Headquarters,New York Consolidated,2025-04-20,2025-10-20,588158490.0,4631169.212598425,0.016733045583641953,2026-02-18T13:16:16Z,[]
627753,lvs-quarterly-earnings-nongaap-eps-10-22-2025-0pt61,LVS,LVS,2025-10-22T23:49:29Z,2025-10-22,2025-10-20,Las Vegas Sands Corp,34137337826.38,19.0,Consumer Discretionary,"Hotels, Restaurants & Leisure",Casinos & Gaming,United States of America,US,United States of America,United States of America,Country of Headquarters,New York Consolidated,2025-04-20,2025-10-20,680997635.0,5362186.102362204,0.0223798247655903,2026-02-18T13:16:16Z,[]
637843,orly-quarterly-earnings-gaap-eps-10-22-2025-0pt83,ORLY,ORLY.N,2025-10-23T01:18:11Z,2025-10-23,2025-10-21,O'Reilly Automotive Inc,85792585175.88,30.0,Consumer Discretionary,Specialty Retail,"Auto Vehicles, Parts & Service Retailers",United States of America,US,United States of America,United States of America,Country of Headquarters,New York Stock Exchange,2025-04-21,2025-10-21,8295759.0,64810.6171875,0.012225937228591631,2026-02-18T13:16:16Z,[]
637847,rjf-quarterly-earnings-nongaap-eps-10-22-2025-2pt83,RJF,RJF,2025-10-23T00:30:13Z,2025-10-23,2025-10-21,Raymond James Financial Inc,32835075000.0,15.0,Financials,Capital Markets,Investment Banking & Brokerage Services,United States of America,US,United States of America,United States of America,Country of Headquarters,New York Consolidated,2025-04-21,2025-10-21,140874744.0,1100583.9375,0.013891701312560413,2026-02-18T13:16:16Z,[]
637848,seic-quarterly-earnings-gaap-eps-10-22-2025-1pt26,SEIC,SEIC.N,2025-10-23T05:40:05Z,2025-10-23,2025-10-21,SEI Investments Co,10097578142.7,7.0,Financials,Capital Markets,Investment Management & Fund Operators,United States of America,US,United States of America,United States of America,Country of Headquarters,New York Stock Exchange,2025-04-21,2025-10-21,2080598.0,16254.671875,0.013201661517902486,2026-02-18T13:16:16Z,[]
637859,wdfc-quarterly-earnings-gaap-eps-10-22-2025-1pt26,WDFC,WDFC.N,2025-10-23T00:06:49Z,2025-10-23,2025-10-21,WD-40 Co,2686357474.3,3.0,Consumer Staples,Household Products,Household Products,United States of America,US,United States of America,United States of America,Country of Headquarters,New York Stock Exchange,2025-04-21,2025-10-21,230752.0,1802.75,0.012816097901835034,2026-02-18T13:16:16Z,[]
637863,luv-quarterly-earnings-nongaap-eps-10-22-2025-neg0pt04,LUV,LUV,2025-10-23T00:07:07Z,2025-10-23,2025-10-21,Southwest Airlines Co,18213509748.12,23.0,Industrials,Passenger Airlines,Airlines,United States of America,US,United States of America,United States of America,Country of Headquarters,New York Consolidated,2025-04-21,2025-10-21,1369373409.0,10698229.7578125,0.022671116592158563,2026-02-18T13:16:16Z,[]
627739,aal-quarterly-earnings-nongaap-eps-10-23-2025-neg0pt28,AAL,AAL.N,2025-10-23T15:27:57Z,2025-10-23,2025-10-21,American Airlines Group Inc,8152068213.25,23.0,Industrials,Passenger Airlines,Airlines,United States of America,US,United States of America,United States of America,Country of Headquarters,New York Stock Exchange,2025-04-21,2025-10-21,195943840.0,1530811.25,0.02938028426163986,2026-02-18T13:16:16Z,[]
637864,ab-quarterly-earnings-nongaap-eps-10-23-2025-0pt85,AB,AB,2025-10-23T22:00:05Z,2025-10-23,2025-10-21,AllianceBernstein Holding LP,3646099567.57,7.0,Financials,Capital Markets,Investment Management & Fund Operators,United States of America,US,United States of America,United States of America,Country of Headquarters,New York Consolidated,2025-04-21,2025-10-21,25261538.0,197355.765625,0.012641353568746133,2026-02-18T13:16:16Z,[]
637865,bx-quarterly-earnings-gaap-eps-10-23-2025-1pt23,BX,BX,2025-10-23T16:26:29Z,2025-10-23,2025-10-21,Blackstone Inc,192971414779.38,22.0,Financials,Capital Markets,Investment Management & Fund Operators,United States of America,US,United States of America,United States of America,Country of Headquarters,New York Consolidated,2025-04-21,2025-10-21,482231998.0,3767437.484375,0.01950754122209007,2026-02-18T13:16:16Z,[]
637868,cbre-quarterly-earnings-gaap-eps-10-23-2025-1pt27,CBRE,CBRE.N,2025-10-23T15:12:45Z,2025-10-23,2025-10-21,CBRE Group Inc,47876761357.36,13.0,Real Estate,Real Estate Management & Development,Real Estate Services,United States of America,US,United States of America,United States of America,Country of Headquarters,New York Stock Exchange,2025-04-21,2025-10-21,61583234.0,481119.015625,0.015841763873642816,2026-02-18T13:16:16Z,[]
637870,dow-quarterly-earnings-nongaap-eps-10-23-2025-neg0pt3,DOW,DOW,2025-10-23T15:39:01Z,2025-10-23,2025-10-21,Dow Inc,15459190776.0,22.0,Materials,Chemicals,Commodity Chemicals,United States of America,US,United States of America,United States of America,Country of Headquarters,New York Consolidated,2025-04-21,2025-10-21,1648735099.0,12880742.9609375,0.030441794744445208,2026-02-18T13:16:16Z,[]
637874,fcn-quarterly-earnings-gaap-eps-10-23-2025-1pt87,FCN,FCN,2025-10-23T23:30:07Z,2025-10-23,2025-10-21,FTI Consulting Inc,4731757727.5,3.0,Industrials,Professional Services,Business Support Services,United States of America,US,United States of America,United States of America,Country of Headquarters,New York Consolidated,2025-04-21,2025-10-21,48218454.0,376706.671875,0.012499523956798599,2026-02-18T13:16:16Z,[]
637876,has-quarterly-earnings-nongaap-eps-10-23-2025-1pt63,HAS,HAS.N,2025-10-23T15:24:51Z,2025-10-23,2025-10-21,Hasbro Inc,10493600968.2,14.0,Consumer Discretionary,Leisure Products,Toys & Children's Products,United States of America,US,United States of America,United States of America,Country of Headquarters,New York Stock Exchange,2025-04-21,2025-10-21,3264367.0,25502.8671875,0.01956411406856971,2026-02-18T13:16:16Z,[]
637877,hon-quarterly-earnings-nongaap-eps-10-23-2025-2pt57,HON,HON.N,2025-10-23T15:20:47Z,2025-10-23,2025-10-21,Honeywell International Inc,132742217448.64,26.0,Industrials,Industrial Conglomerates,Consumer Goods Conglomerates,United States of America,US,United States of America,United States of America,Country of Headquarters,New York Stock Exchange,2025-04-21,2025-10-21,5643871.0,44092.7421875,0.01302600693729377,2026-02-18T13:16:16Z,[]
637879,pcg-quarterly-earnings-nongaap-eps-10-23-2025-0pt41,PCG,PCG,2025-10-23T16:09:21Z,2025-10-23,2025-10-21,PG&E Corp,36814999618.75,17.0,Utilities,Electric Utilities,Electric Utilities,United States of America,US,United States of America,United States of America,Country of Headquarters,New York Consolidated,2025-04-21,2025-10-21,3091645578.0,24153481.078125,0.019238970627560276,2026-02-18T13:16:16Z,[]
637880,stba-quarterly-earnings-gaap-eps-10-23-2025-0pt86,STBA,STBA.N,2025-10-23T21:55:07Z,2025-10-23,2025-10-21,S&T Bancorp Inc,1373331405.0,6.0,Financials,Banks,Banks,United States of America,US,United States of America,United States of America,Country of Headquarters,New York Stock Exchange,2025-04-21,2025-10-21,375311.0,2932.1171875,0.014906503595508169,2026-02-18T13:16:16Z,[]
637884,tmus-quarterly-earnings-gaap-eps-10-23-2025-2pt4,TMUS,TMUS.N,2025-10-23T15:22:47Z,2025-10-23,2025-10-21,T-Mobile US Inc,256227497884.08,28.0,Communication Services,Wireless Telecommunication Services,Wireless Telecommunications Services,United States of America,US,United States of America,United States of America,Country of Headquarters,New York Stock Exchange,2025-04-21,2025-10-21,9008052.0,70375.40625,0.017166582066744644,2026-02-18T13:16:16Z,[]
637885,tsco-quarterly-earnings-gaap-eps-10-23-2025-0pt48,TSCO,TSCO.N,2025-10-24T00:14:27Z,2025-10-24,2025-10-22,Tractor Supply Co,29057250011.27,32.0,Consumer Discretionary,Specialty Retail,Miscellaneous Specialty Retailers,United States of America,US,United States of America,United States of America,Country of Headquarters,New York Stock Exchange,2025-04-22,2025-10-22,10244626.0,80036.140625,0.014715334246804972,2026-02-18T13:16:16Z,[]
637886,unp-quarterly-earnings-gaap-eps-10-23-2025-2pt98,UNP,UNP,2025-10-23T15:16:43Z,2025-10-23,2025-10-21,Union Pacific Corp,134374667794.06,28.0,Industrials,Ground Transportation,Ground Freight & Logistics,United States of America,US,United States of America,United States of America,Country of Headquarters,New York Consolidated,2025-04-21,2025-10-21,499213728.0,3900107.25,0.012525071735865307,2026-02-18T13:16:16Z,[]
642133,imax-quarterly-earnings-nongaap-eps-10-23-2025-0pt39,IMAX,IMAX.N,2025-10-23T15:27:59Z,2025-10-23,2025-10-21,Imax Corp,1724255834.7,11.0,Communication Services,Entertainment,Entertainment Production,Canada,CA,Canada,United States of America,Country of Headquarters,New York Stock Exchange,2025-04-21,2025-10-21,37840124.0,295625.96875,0.017839063135424355,2026-02-18T13:16:16Z,[]
627748,sam-quarterly-earnings-gaap-eps-10-23-2025-3pt61,SAM,SAM,2025-10-24T00:50:31Z,2025-10-24,2025-10-22,Boston Beer Company Inc,2330665330.56,16.0,Consumer Staples,Beverages,Brewers,United States of America,US,United States of America,United States of America,Country of Headquarters,New York Consolidated,2025-04-22,2025-10-22,29016505.0,226691.4453125,0.021089834923081807,2026-02-18T13:16:16Z,[]
637869,cour-quarterly-earnings-nongaap-eps-10-23-2025-0pt08,COUR,COUR.N,2025-10-23T22:48:03Z,2025-10-23,2025-10-21,Coursera Inc,1756501000.0,14.0,Consumer Discretionary,Diversified Consumer Services,Online Services,United States of America,US,United States of America,United States of America,Country of Headquarters,New York Stock Exchange,2025-04-21,2025-10-21,109612488.0,856347.5625,0.039505842836696385,2026-02-18T13:16:16Z,[]
637878,intc-quarterly-earnings-nongaap-eps-10-23-2025-0,INTC,INTC.N,2025-10-23T22:37:09Z,2025-10-23,2025-10-21,Intel Corp,181679920000.0,43.0,Information Technology,Semiconductors & Semiconductor Equipment,Semiconductors,United States of America,US,United States of America,United States of America,Country of Headquarters,New York Stock Exchange,2025-04-21,2025-10-21,158865950.0,1241140.234375,0.035896697599541415,2026-02-18T13:16:16Z,[]
637883,ssnc-quarterly-earnings-nongaap-eps-10-23-2025-1pt47,SSNC,SSNC.N,2025-10-23T22:52:13Z,2025-10-23,2025-10-21,SS&C Technologies Holdings Inc,20148202882.5,11.0,Industrials,Professional Services,IT Services & Consulting,United States of America,US,United States of America,United States of America,Country of Headquarters,New York Stock Exchange,2025-04-21,2025-10-21,1927675.0,15059.9609375,0.012670347251660207,2026-02-18T13:16:16Z,[]
642123,pg-quarterly-earnings-nongaap-eps-10-24-2025-1pt9,PG,PG,2025-10-24T16:59:42Z,2025-10-24,2025-10-22,Procter & Gamble Co,355650846157.8,24.0,Consumer Staples,Household Products,Personal Products,United States of America,US,United States of America,United States of America,Country of Headquarters,New York Consolidated,2025-04-22,2025-10-22,995835583.0,7779965.4921875,0.010028677458360337,2026-02-18T13:16:16Z,[]
642132,gd-quarterly-earnings-gaap-eps-10-24-2025-3pt71,GD,GD,2025-10-24T16:55:52Z,2025-10-24,2025-10-22,General Dynamics Corp,91365538302.08,23.0,Industrials,Aerospace & Defense,Aerospace & Defense,United States of America,US,United States of America,United States of America,Country of Headquarters,New York Consolidated,2025-04-22,2025-10-22,143451389.0,1120713.9765625,0.010855899862994551,2026-02-18T13:16:16Z,[]
637871,f-quarterly-earnings-nongaap-eps-10-24-2025-0pt35,F,F,2025-10-24T19:48:28Z,2025-10-24,2025-10-22,Ford Motor Co,49527317175.38,26.0,Consumer Discretionary,Automobiles,Auto & Truck Manufacturers,United States of America,US,United States of America,United States of America,Country of Headquarters,New York Consolidated,2025-04-22,2025-10-22,10899877024.0,85155289.25,0.01635996546593655,2026-02-18T13:16:16Z,[]
642137,bbby-quarterly-earnings-nongaap-eps-10-27-2025-neg0pt31,BBBY,BBBY.N,2025-10-27T23:00:15Z,2025-10-27,2025-10-25,Bed Bath & Beyond Inc,590006577.75,7.0,Consumer Discretionary,Specialty Retail,Online Services,United States of America,US,United States of America,United States of America,Country of Headquarters,New York Stock Exchange,2025-04-25,2025-10-25,77181777.0,607730.5275590551,0.058079941915804706,2026-02-18T13:16:16Z,[]
647803,cflt-quarterly-earnings-nongaap-eps-10-27-2025-0pt1,CFLT,CFLT.N,2025-10-27T23:06:17Z,2025-10-27,2025-10-25,Confluent Inc,7975954892.4,33.0,Information Technology,Software,Software,United States of America,US,United States of America,United States of America,Country of Headquarters,New York Stock Exchange,2025-04-25,2025-10-25,21329433.0,167948.29133858267,0.04740689124251628,2026-02-18T13:16:16Z,[]
642125,pipr-quarterly-earnings-nongaap-eps-10-28-2025-3pt27,PIPR,PIPR.N,2025-10-31T15:25:08Z,2025-10-31,2025-10-29,Piper Sandler Companies,5773176876.92,4.0,Financials,Capital Markets,Investment Banking & Brokerage Services,United States of America,US,United States of America,United States of America,Country of Headquarters,New York Stock Exchange,2025-04-29,2025-10-29,5985402.0,46760.953125,0.019226813861267216,2026-02-18T13:16:16Z,[]
642128,rcl-quarterly-earnings-nongaap-eps-10-28-2025-5pt68,RCL,RCL,2025-10-28T14:19:15Z,2025-10-28,2025-10-26,Royal Caribbean Cruises Ltd,86300019989.4,28.0,Consumer Discretionary,"Hotels, Restaurants & Leisure","Hotels, Motels & Cruise Lines",United States of America,US,United States of America,United States of America,Country of Headquarters,New York Consolidated,2025-04-26,2025-10-26,264287535.0,2097520.119047619,0.020135340760652005,2026-02-18T13:16:16Z,[]
642134,arcc-quarterly-earnings-nongaap-eps-10-28-2025-0pt5,ARCC,ARCC.N,2025-10-28T22:42:49Z,2025-10-28,2025-10-26,Ares Capital Corp,14371790128.0,14.0,Financials,Capital Markets,Investment Management & Fund Operators,United States of America,US,United States of America,United States of America,Country of Headquarters,New York Stock Exchange,2025-04-26,2025-10-26,12200091.0,96826.11904761905,0.011152093930069332,2026-02-18T13:16:16Z,[]
643019,ivz-quarterly-earnings-nongaap-eps-10-28-2025-0pt44,IVZ,IVZ,2025-10-28T14:42:59Z,2025-10-28,2025-10-26,Invesco Ltd,10237136700.0,14.0,Financials,Capital Markets,Investment Management & Fund Operators,United States of America,US,United States of America,United States of America,Country of Headquarters,New York Consolidated,2025-04-26,2025-10-26,671720013.0,5331111.214285715,0.02082748941370113,2026-02-18T13:16:16Z,[]
643022,jblu-quarterly-earnings-nongaap-eps-10-28-2025-neg0pt42,JBLU,JBLU.N,2025-10-28T22:40:43Z,2025-10-28,2025-10-26,JetBlue Airways Corp,1662157990.4,16.0,Industrials,Passenger Airlines,Airlines,United States of America,US,United States of America,United States of America,Country of Headquarters,New York Stock Exchange,2025-04-26,2025-10-26,43194765.0,342815.59523809527,0.03356680963481066,2026-02-18T13:16:16Z,[]
643023,lh-quarterly-earnings-nongaap-eps-10-28-2025-4pt14,LH,LH,2025-10-28T15:15:07Z,2025-10-28,2025-10-26,Labcorp Holdings Inc,23197670000.0,22.0,Health Care,Health Care Providers & Services,Healthcare Facilities & Services,United States of America,US,United States of America,United States of America,Country of Headquarters,New York Consolidated,2025-04-26,2025-10-26,82294596.0,653131.7142857143,0.013881939366242416,2026-02-18T13:16:16Z,[]
643033,msci-quarterly-earnings-nongaap-eps-10-28-2025-4pt37,MSCI,MSCI.N,2025-10-28T14:49:03Z,2025-10-28,2025-10-26,MSCI Inc,40747420604.31,20.0,Financials,Capital Markets,Professional Information Services,United States of America,US,United States of America,United States of America,Country of Headquarters,New York Stock Exchange,2025-04-26,2025-10-26,20511526.0,162789.88888888888,0.015676671289257642,2026-02-18T13:16:16Z,[]
643036,pypl-quarterly-earnings-nongaap-eps-10-28-2025-1pt21,PYPL,PYPL.N,2025-10-28T14:13:05Z,2025-10-28,2025-10-26,PayPal Holdings Inc,65280436760.81,43.0,Financials,Financial Services,Business Support Services,United States of America,US,United States of America,United States of America,Country of Headquarters,New York Stock Exchange,2025-04-26,2025-10-26,31974186.0,253763.38095238095,0.021041581810740728,2026-02-18T13:16:16Z,[]
643038,sofi-quarterly-earnings-gaap-eps-10-28-2025-0pt08,SOFI,SOFI.N,2025-10-28T14:27:29Z,2025-10-28,2025-10-26,SoFi Technologies Inc,34944565691.55,25.0,Financials,Consumer Finance,Consumer Lending,United States of America,US,United States of America,United States of America,Country of Headquarters,New York Stock Exchange,2025-04-26,2025-10-26,147669560.0,1171980.634920635,0.031181577957643078,2026-02-18T13:16:16Z,[]
643046,syy-quarterly-earnings-nongaap-eps-10-28-2025-1pt12,SYY,SYY,2025-10-28T15:22:53Z,2025-10-28,2025-10-26,Sysco Corp,37039902681.6,20.0,Consumer Staples,Consumer Staples Distribution & Retail,Food Retail & Distribution,United States of America,US,United States of America,United States of America,Country of Headquarters,New York Consolidated,2025-04-26,2025-10-26,371462805.0,2948117.5,0.011197957288612346,2026-02-18T13:16:16Z,[]
643048,ups-quarterly-earnings-nongaap-eps-10-28-2025-1pt31,UPS,UPS,2025-10-28T14:23:25Z,2025-10-28,2025-10-26,United Parcel Service Inc,73996191944.78,31.0,Industrials,Air Freight & Logistics,"Courier, Postal, Air Freight & Land-based Logistics",United States of America,US,United States of America,United States of America,Country of Headquarters,New York Consolidated,2025-04-26,2025-10-26,873659190.0,6933803.095238095,0.01737104905578422,2026-02-18T13:16:16Z,[]
643051,unh-quarterly-earnings-nongaap-eps-10-28-2025-2pt84,UNH,UNH,2025-10-28T14:32:17Z,2025-10-28,2025-10-26,UnitedHealth Group Inc,328366499750.0,29.0,Health Care,Health Care Providers & Services,Managed Healthcare,United States of America,US,United States of America,United States of America,Country of Headquarters,New York Consolidated,2025-04-26,2025-10-26,2087110888.0,16564372.126984127,0.032541707687999126,2026-02-18T13:16:16Z,[]
642139,bkng-quarterly-earnings-nongaap-eps-10-28-2025-95pt61,BKNG,BKNG.N,2025-10-28T22:39:47Z,2025-10-28,2025-10-26,Booking Holdings Inc,165880369400.4,37.0,Consumer Discretionary,"Hotels, Restaurants & Leisure",Leisure & Recreation,United States of America,US,United States of America,United States of America,Country of Headquarters,New York Stock Exchange,2025-04-26,2025-10-26,349461.0,2773.5,0.01610100803174505,2026-02-18T13:16:16Z,[]
643016,csgp-quarterly-earnings-gaap-eps-10-28-2025-0pt01,CSGP,CSGP.N,2025-10-28T22:51:43Z,2025-10-28,2025-10-26,CoStar Group Inc,32998126696.18,20.0,Real Estate,Real Estate Management & Development,Online Services,United States of America,US,United States of America,United States of America,Country of Headquarters,New York Stock Exchange,2025-04-26,2025-10-26,4816545.0,38226.54761904762,0.018510260320377395,2026-02-18T13:16:16Z,[]
643017,ea-quarterly-earnings-gaap-eps-10-28-2025-0pt35,EA,EA.N,2025-10-28T23:10:49Z,2025-10-28,2025-10-26,Electronic Arts Inc,50078225260.88,28.0,Communication Services,Entertainment,Software,United States of America,US,United States of America,United States of America,Country of Headquarters,New York Stock Exchange,2025-04-26,2025-10-26,5416898.0,42991.25396825397,0.019301355389233592,2026-02-18T13:16:16Z,[]
627698,evr-quarterly-earnings-nongaap-eps-10-29-2025-2pt93,EVR,EVR,2025-10-29T15:41:25Z,2025-10-29,2025-10-27,Evercore Inc,13549277587.5,10.0,Financials,Capital Markets,Investment Banking & Brokerage Services,United States of America,US,United States of America,United States of America,Country of Headquarters,New York Consolidated,2025-04-27,2025-10-27,65537448.0,516042.89763779525,0.019902545455640644,2026-02-18T13:16:16Z,[]
627749,vz-quarterly-earnings-gaap-eps-10-29-2025-1pt17,VZ,VZ,2025-10-29T21:16:35Z,2025-10-29,2025-10-27,Verizon Communications Inc,165410371933.47,24.0,Communication Services,Diversified Telecommunication Services,Integrated Telecommunications Services,United States of America,US,United States of America,United States of America,Country of Headquarters,New York Consolidated,2025-04-27,2025-10-27,2448177217.0,19276985.96062992,0.011859836945455175,2026-02-18T13:16:16Z,[]
637846,otis-quarterly-earnings-nongaap-eps-10-29-2025-1,OTIS,OTIS.N,2025-10-29T15:19:49Z,2025-10-29,2025-10-27,Otis Worldwide Corp,35873344084.55,15.0,Industrials,Machinery,Heavy Electrical Equipment,United States of America,US,United States of America,United States of America,Country of Headquarters,New York Stock Exchange,2025-04-27,2025-10-27,107829521.0,849051.3464566929,0.015557082190545739,2026-02-18T13:16:16Z,[]
643053,pag-quarterly-earnings-gaap-eps-10-29-2025-3pt38,PAG,PAG,2025-10-29T15:03:27Z,2025-10-29,2025-10-27,Penske Automotive Group Inc,10937129730.64,10.0,Consumer Discretionary,Specialty Retail,"Auto Vehicles, Parts & Service Retailers",United States of America,US,United States of America,United States of America,Country of Headquarters,New York Consolidated,2025-04-27,2025-10-27,30060314.0,236695.38582677164,0.01587069479565118,2026-02-18T13:16:16Z,[]
647505,ba-quarterly-earnings-nongaap-eps-10-29-2025-neg2pt38,BA,BA,2025-10-29T14:36:45Z,2025-10-29,2025-10-27,Boeing Co,169501289364.0,26.0,Industrials,Aerospace & Defense,Aerospace & Defense,United States of America,US,United States of America,United States of America,Country of Headquarters,New York Consolidated,2025-04-27,2025-10-27,980053806.0,7716959.102362204,0.016236457627794562,2026-02-18T13:16:16Z,[]
647509,cat-quarterly-earnings-nongaap-eps-10-29-2025-4pt52,CAT,CAT,2025-10-29T21:24:37Z,2025-10-29,2025-10-27,Caterpillar Inc,246658005663.72,28.0,Industrials,Machinery,Heavy Machinery & Vehicles,United States of America,US,United States of America,United States of America,Country of Headquarters,New York Consolidated,2025-04-27,2025-10-27,354128686.0,2788414.850393701,0.014641409092976936,2026-02-18T13:16:16Z,[]
647808,cvs-quarterly-earnings-nongaap-eps-10-29-2025-1pt36,CVS,CVS,2025-10-29T16:46:39Z,2025-10-29,2025-10-27,CVS Health Corp,104664708388.25,29.0,Health Care,Health Care Providers & Services,Healthcare Facilities & Services,United States of America,US,United States of America,United States of America,Country of Headquarters,New York Consolidated,2025-04-27,2025-10-27,1018839447.0,8022357.8503937,0.017178767280149835,2026-02-18T13:16:16Z,[]
647815,etsy-quarterly-earnings-gaap-eps-10-29-2025-0pt52,ETSY,ETSY.N,2025-10-29T15:03:27Z,2025-10-29,2025-10-27,ETSY Inc,7458225964.48,33.0,Consumer Discretionary,Broadline Retail,Department Stores,United States of America,US,United States of America,United States of America,Country of Headquarters,New York Stock Exchange,2025-04-27,2025-10-27,239580928.0,1886464.0,0.03466024264742994,2026-02-18T13:16:16Z,[]
647816,grmn-quarterly-earnings-nongaap-eps-10-29-2025-1pt98,GRMN,GRMN.N,2025-10-29T21:27:37Z,2025-10-29,2025-10-27,Garmin Ltd,48356816924.52,8.0,Consumer Discretionary,Household Durables,Communications & Networking,Switzerland,CH,Switzerland,United States of America,Country of Headquarters,New York Stock Exchange,2025-04-27,2025-10-27,34740681.0,273548.6692913386,0.01673837220710649,2026-02-18T13:16:16Z,[]
647818,khc-quarterly-earnings-nongaap-eps-10-29-2025-0pt58,KHC,KHC.N,2025-10-29T15:11:11Z,2025-10-29,2025-10-27,Kraft Heinz Co,30289746266.61,21.0,Consumer Staples,Food Products,Food Processing,United States of America,US,United States of America,United States of America,Country of Headquarters,New York Stock Exchange,2025-04-27,2025-10-27,39387703.0,310139.3937007874,0.015439668441612143,2026-02-18T13:16:16Z,[]
647823,otly-quarterly-earnings-gaap-eps-10-29-2025-neg0pt87,OTLY,OTLY.N,2025-11-01T00:47:58Z,2025-11-01,2025-10-30,Oatly Group AB (publ),474969781.57,7.0,Consumer Staples,Food Products,Food Processing,Sweden,SE,Sweden,United States of America,Country of Headquarters,New York Stock Exchange,2025-04-30,2025-10-30,125954.0,991.7637795275591,0.04015944143216903,2026-02-18T13:16:16Z,[]
648218,virt-quarterly-earnings-nongaap-eps-10-29-2025-0pt95,VIRT,VIRT.N,2025-10-29T15:23:47Z,2025-10-29,2025-10-27,Virtu Financial Inc,5179517744.08,8.0,Financials,Capital Markets,Investment Banking & Brokerage Services,United States of America,US,United States of America,United States of America,Country of Headquarters,New York Stock Exchange,2025-04-27,2025-10-27,40971164.0,322607.5905511811,0.015459453881780622,2026-02-18T13:16:16Z,[]
642124,tdoc-quarterly-earnings-gaap-eps-10-29-2025-neg0pt26,TDOC,TDOC.N,2025-10-30T00:30:41Z,2025-10-30,2025-10-28,Teladoc Health Inc,1482642990.4,26.0,Health Care,Health Care Technology,Healthcare Facilities & Services,United States of America,US,United States of America,United States of America,Country of Headquarters,New York Stock Exchange,2025-04-28,2025-10-28,194498420.0,1519518.90625,0.03733065609509132,2026-02-18T13:16:16Z,[]
642130,googl-quarterly-earnings-gaap-eps-10-29-2025-2pt29,GOOGL,GOOGL.N,2025-10-29T22:35:11Z,2025-10-29,2025-10-27,Alphabet Inc,3252849710000.0,69.0,Communication Services,Interactive Media & Services,Online Services,United States of America,US,United States of America,United States of America,Country of Headquarters,New York Stock Exchange,2025-04-27,2025-10-27,65822852.0,518290.17322834645,0.01781519208058912,2026-02-18T13:16:16Z,[]
643045,sbux-quarterly-earnings-gaap-eps-10-29-2025-0pt51,SBUX,SBUX.N,2025-10-30T00:35:27Z,2025-10-30,2025-10-28,Starbucks Corp,97125367000.0,39.0,Consumer Discretionary,"Hotels, Restaurants & Leisure",Restaurants & Bars,United States of America,US,United States of America,United States of America,Country of Headquarters,New York Stock Exchange,2025-04-28,2025-10-28,16307416.0,127401.6875,0.018646690312589646,2026-02-18T13:16:16Z,[]
643054,msft-quarterly-earnings-gaap-eps-10-29-2025-3pt66,MSFT,MSFT.N,2025-10-29T22:22:25Z,2025-10-29,2025-10-27,Microsoft Corp,3950457371185.6,59.0,Information Technology,Software,Software,United States of America,US,United States of America,United States of America,Country of Headquarters,New York Stock Exchange,2025-04-27,2025-10-27,26820954.0,211188.61417322836,0.011647014084109317,2026-02-18T13:16:16Z,[]
647508,cvna-quarterly-earnings-gaap-eps-10-29-2025-1pt27,CVNA,CVNA.N,2025-10-30T00:25:51Z,2025-10-30,2025-10-28,Carvana Co,78793952900.8,24.0,Consumer Discretionary,Specialty Retail,"Auto Vehicles, Parts & Service Retailers",United States of America,US,United States of America,United States of America,Country of Headquarters,New York Stock Exchange,2025-04-28,2025-10-28,80046407.0,625362.5546875,0.03269721142228347,2026-02-18T13:16:16Z,[]
647510,cmg-quarterly-earnings-nongaap-eps-10-29-2025-0pt29,CMG,CMG,2025-10-30T00:31:37Z,2025-10-30,2025-10-28,Chipotle Mexican Grill Inc,53234912280.0,37.0,Consumer Discretionary,"Hotels, Restaurants & Leisure",Restaurants & Bars,United States of America,US,United States of America,United States of America,Country of Headquarters,New York Consolidated,2025-04-28,2025-10-28,2085691983.0,16294468.6171875,0.02096432275608793,2026-02-18T13:16:16Z,[]
647811,ebay-quarterly-earnings-nongaap-eps-10-29-2025-1pt33,EBAY,EBAY.N,2025-10-29T22:56:57Z,2025-10-29,2025-10-27,eBay Inc,44300520000.0,33.0,Consumer Discretionary,Broadline Retail,Online Services,United States of America,US,United States of America,United States of America,Country of Headquarters,New York Stock Exchange,2025-04-27,2025-10-27,14332714.0,112856.0157480315,0.02088584438394111,2026-02-18T13:16:16Z,[]
647819,meta-quarterly-earnings-gaap-eps-10-29-2025-6pt72,META,META.N,2025-10-30T00:40:17Z,2025-10-30,2025-10-28,Meta Platforms Inc,1894025257489.68,71.0,Communication Services,Interactive Media & Services,Online Services,United States of America,US,United States of America,United States of America,Country of Headquarters,New York Stock Exchange,2025-04-28,2025-10-28,17063011.0,133304.7734375,0.019101207401273367,2026-02-18T13:16:16Z,[]
647822,mgm-quarterly-earnings-nongaap-eps-10-29-2025-0pt3,MGM,MGM,2025-10-29T23:59:59Z,2025-10-29,2025-10-27,MGM Resorts International,9001096940.4,21.0,Consumer Discretionary,"Hotels, Restaurants & Leisure",Casinos & Gaming,United States of America,US,United States of America,United States of America,Country of Headquarters,New York Consolidated,2025-04-27,2025-10-27,608367630.0,4790296.299212598,0.02158283809304117,2026-02-18T13:16:16Z,[]
648224,way-quarterly-earnings-nongaap-eps-10-29-2025-0pt35,WAY,WAY.N,2025-10-30T00:01:59Z,2025-10-30,2025-10-28,Waystar Holding Corp,7555091862.67,17.0,Health Care,Health Care Technology,Software,United States of America,US,United States of America,United States of America,Country of Headquarters,New York Stock Exchange,2025-04-28,2025-10-28,4223247.0,32994.1171875,0.01938569845722533,2026-02-18T13:16:16Z,[]
627672,amp-quarterly-earnings-nongaap-eps-10-30-2025-9pt68,AMP,AMP,2025-10-30T21:08:09Z,2025-10-30,2025-10-28,Ameriprise Financial Inc,45016534177.02,16.0,Financials,Capital Markets,Investment Management & Fund Operators,United States of America,US,United States of America,United States of America,Country of Headquarters,New York Consolidated,2025-04-28,2025-10-28,60280118.0,470938.421875,0.013291124773824107,2026-02-18T13:16:16Z,[]
647852,bud-quarterly-earnings-nongaap-eps-10-30-2025-0pt95,BUD,BUD,2025-10-31T00:05:21Z,2025-10-31,2025-10-29,Anheuser-Busch Inbev SA,110441058957.408,13.0,Consumer Staples,Beverages,Brewers,Belgium,BE,Belgium,United States of America,Country of Headquarters,New York Consolidated,2025-04-29,2025-10-29,286676416.0,2239659.5,0.017205062212962103,2026-02-18T13:16:16Z,[]
647871,lly-quarterly-earnings-nongaap-eps-10-30-2025-5pt92,LLY,LLY,2025-10-30T14:51:33Z,2025-10-30,2025-10-28,Eli Lilly and Co,775309219115.7,30.0,Health Care,Pharmaceuticals,Pharmaceuticals,United States of America,US,United States of America,United States of America,Country of Headquarters,New York Consolidated,2025-04-28,2025-10-28,531242919.0,4150335.3046875,0.02685271166254517,2026-02-18T13:16:16Z,[]
647888,el-quarterly-earnings-nongaap-eps-10-30-2025-0pt17,EL,EL,2025-10-30T15:12:43Z,2025-10-30,2025-10-28,Estee Lauder Companies Inc,35589177302.4,28.0,Consumer Staples,Personal Care Products,Personal Products,United States of America,US,United States of America,United States of America,Country of Headquarters,New York Consolidated,2025-04-28,2025-10-28,489294231.0,3822611.1796875,0.026659984995962116,2026-02-18T13:16:16Z,[]
647937,ice-quarterly-earnings-nongaap-eps-10-30-2025-1pt61,ICE,ICE,2025-10-30T14:46:37Z,2025-10-30,2025-10-28,Intercontinental Exchange Inc,89671986062.95,20.0,Financials,Capital Markets,Financial & Commodity Market Operators & Service Providers,United States of America,US,United States of America,United States of America,Country of Headquarters,New York Consolidated,2025-04-28,2025-10-28,374786511.0,2928019.6171875,0.009861014206290267,2026-02-18T13:16:16Z,[]
647938,ma-quarterly-earnings-nongaap-eps-10-30-2025-4pt31,MA,MA,2025-10-30T14:33:45Z,2025-10-30,2025-10-28,Mastercard Inc,508202790258.64,39.0,Financials,Financial Services,Online Services,United States of America,US,United States of America,United States of America,Country of Headquarters,New York Consolidated,2025-04-28,2025-10-28,341261445.0,2666105.0390625,0.01228453134154456,2026-02-18T13:16:16Z,[]
647962,rblx-quarterly-earnings-gaap-eps-10-30-2025-neg0pt51,RBLX,RBLX.N,2025-10-31T00:01:13Z,2025-10-31,2025-10-29,Roblox Corp,93875517439.92,35.0,Communication Services,Entertainment,Software,United States of America,US,United States of America,United States of America,Country of Headquarters,New York Stock Exchange,2025-04-29,2025-10-29,205589494.0,1606167.921875,0.02820638180003128,2026-02-18T13:16:16Z,[]
647968,hgv-quarterly-earnings-nongaap-eps-10-30-2025-0pt97,HGV,HGV,2025-10-30T15:18:35Z,2025-10-30,2025-10-28,Hilton Grand Vacations Inc,3778438417.81,9.0,Consumer Discretionary,"Hotels, Restaurants & Leisure","Hotels, Motels & Cruise Lines",United States of America,US,United States of America,United States of America,Country of Headquarters,New York Consolidated,2025-04-28,2025-10-28,125206175.0,978173.2421875,0.02463844356123529,2026-02-18T13:16:16Z,[]
648017,spgi-quarterly-earnings-nongaap-eps-10-30-2025-4pt41,SPGI,SPGI.N,2025-10-30T14:44:47Z,2025-10-30,2025-10-28,S&P Global Inc,149486304000.0,27.0,Financials,Capital Markets,Professional Information Services,United States of America,US,United States of America,United States of America,Country of Headquarters,New York Stock Exchange,2025-04-28,2025-10-28,51255687.0,400435.0546875,0.012083693399941845,2026-02-18T13:16:16Z,[]
648033,shak-quarterly-earnings-nongaap-eps-10-30-2025-0pt31,SHAK,SHAK.N,2025-10-30T14:55:45Z,2025-10-30,2025-10-28,Shake Shack Inc,3892326306.04,24.0,Consumer Discretionary,"Hotels, Restaurants & Leisure",Restaurants & Bars,United States of America,US,United States of America,United States of America,Country of Headquarters,New York Stock Exchange,2025-04-28,2025-10-28,44964795.0,351287.4609375,0.027598153354018877,2026-02-18T13:16:16Z,[]
648217,tw-quarterly-earnings-nongaap-eps-10-30-2025-0pt83,TW,TW.N,2025-10-30T15:01:51Z,2025-10-30,2025-10-28,Tradeweb Markets Inc,23058017696.76,16.0,Financials,Capital Markets,Financial & Commodity Market Operators & Service Providers,United States of America,US,United States of America,United States of America,Country of Headquarters,New York Stock Exchange,2025-04-28,2025-10-28,2725561.0,21293.4453125,0.017315019953108652,2026-02-18T13:16:16Z,[]
648377,foxa-quarterly-earnings-nongaap-eps-10-30-2025-1pt1,FOXA,FOXA.N,2025-10-30T15:07:37Z,2025-10-30,2025-10-28,Fox Corp,25579216535.81,22.0,Communication Services,Media,Broadcasting,United States of America,US,United States of America,United States of America,Country of Headquarters,New York Stock Exchange,2025-04-28,2025-10-28,8856179.0,69188.8984375,0.017209958408570834,2026-02-18T13:16:16Z,[]
642131,amzn-quarterly-earnings-gaap-eps-10-30-2025-1pt56,AMZN,AMZN.N,2025-10-30T22:43:55Z,2025-10-30,2025-10-28,Amazon.com Inc,2450732020521.75,69.0,Consumer Discretionary,Broadline Retail,Department Stores,United States of America,US,United States of America,United States of America,Country of Headquarters,New York Stock Exchange,2025-04-28,2025-10-28,51786008.0,404578.1875,0.017939833188902854,2026-02-18T13:16:16Z,[]
647853,aapl-quarterly-earnings-gaap-eps-10-30-2025-1pt76,AAPL,AAPL.N,2025-10-30T22:42:55Z,2025-10-30,2025-10-28,Apple Inc,3974838957000.0,48.0,Information Technology,"Technology Hardware, Storage & Peripherals",Phones & Handheld Devices,United States of America,US,United States of America,United States of America,Country of Headquarters,New York Stock Exchange,2025-04-28,2025-10-28,56273362.0,439635.640625,0.015778234331396003,2026-02-18T13:16:16Z,[]
647966,roku-quarterly-earnings-gaap-eps-10-30-2025-0pt08,ROKU,ROKU.N,2025-10-30T23:56:21Z,2025-10-30,2025-10-28,Roku Inc,14628902846.71,30.0,Communication Services,Entertainment,Entertainment Production,United States of America,US,United States of America,United States of America,Country of Headquarters,New York Stock Exchange,2025-04-28,2025-10-28,6172075.0,48219.3359375,0.030722060183458036,2026-02-18T13:16:16Z,[]
648379,rddt-quarterly-earnings-gaap-eps-10-30-2025-0pt51,RDDT,RDDT.N,2025-10-30T22:50:53Z,2025-10-30,2025-10-28,Reddit Inc,40356913072.05,28.0,Communication Services,Interactive Media & Services,Online Services,United States of America,US,United States of America,United States of America,Country of Headquarters,New York Stock Exchange,2025-04-28,2025-10-28,162006571.0,1265676.3359375,0.040821076283118374,2026-02-18T13:16:16Z,[]
648382,mstr-quarterly-earnings-gaap-eps-10-30-2025-9pt67,MSTR,MSTR.N,2025-10-30T22:47:55Z,2025-10-30,2025-10-28,Strategy Inc,81722613536.64,13.0,Information Technology,Software,Software,United States of America,US,United States of America,United States of America,Country of Headquarters,New York Stock Exchange,2025-04-28,2025-10-28,19740824.0,154225.1875,0.03309742898843225,2026-02-18T13:16:16Z,[]
613046,xom-quarterly-earnings-nongaap-eps-2025-10-31-1pt75,XOM,XOM,2025-10-31T14:35:32Z,2025-10-31,2025-10-29,Exxon Mobil Corp,491088935750.3,29.0,Energy,"Oil, Gas & Consumable Fuels",Oil & Gas Refining and Marketing,United States of America,US,United States of America,United States of America,Country of Headquarters,New York Consolidated,2025-04-29,2025-10-29,2016700032.0,15755469.0,0.012567375474610554,2026-02-18T13:16:16Z,[]
648228,cboe-quarterly-earnings-nongaap-eps-10-31-2025-2pt53,CBOE,CBOE.N,2025-10-31T14:33:32Z,2025-10-31,2025-10-29,Cboe Global Markets Inc,24348685517.52,19.0,Financials,Capital Markets,Financial & Commodity Market Operators & Service Providers,United States of America,US,United States of America,United States of America,Country of Headquarters,New York Stock Exchange,2025-04-29,2025-10-29,1724528.0,13472.875,0.01319163550924478,2026-02-18T13:16:16Z,[]
648240,cvx-quarterly-earnings-nongaap-eps-10-31-2025-1pt7,CVX,CVX,2025-10-31T14:33:32Z,2025-10-31,2025-10-29,Chevron Corp,312297199694.7,28.0,Energy,"Oil, Gas & Consumable Fuels",Integrated Oil & Gas,United States of America,US,United States of America,United States of America,Country of Headquarters,New York Consolidated,2025-04-29,2025-10-29,1126020050.0,8797031.640625,0.01193169902273342,2026-02-18T13:16:16Z,[]
648376,cl-quarterly-earnings-nongaap-eps-10-31-2025-0pt89,CL,CL,2025-10-31T14:36:34Z,2025-10-31,2025-10-29,Colgate-Palmolive Co,61043298057.66,21.0,Consumer Staples,Household Products,Personal Products,United States of America,US,United States of America,United States of America,Country of Headquarters,New York Consolidated,2025-04-29,2025-10-29,670423051.0,5237680.0859375,0.01079147313505142,2026-02-18T13:16:16Z,[]
658579,brka-quarterly-earnings-gaap-eps-11-01-2025-8849,BRK.A,BRKa,2025-11-02T08:16:03Z,2025-11-02,2025-10-31,Berkshire Hathaway Inc,1029915706578.06,3.0,Financials,Financial Services,Consumer Goods Conglomerates,United States of America,US,United States of America,United States of America,Country of Headquarters,New York Consolidated,2025-05-01,2025-10-31,49143.0,383.9296875,0.009127016092789706,2026-02-18T13:16:16Z,[]
643018,iart-quarterly-earnings-nongaap-eps-11-03-2025-0pt43,IART,IART.N,2025-10-31T00:05:19Z,2025-10-31,2025-10-29,Integra Lifesciences Holdings Corp,1201875272.73,12.0,Health Care,Health Care Equipment & Supplies,"Medical Equipment, Supplies & Distribution",United States of America,US,United States of America,United States of America,Country of Headquarters,New York Stock Exchange,2025-04-29,2025-10-29,1984558.0,15504.359375,0.04143145036090292,2026-02-18T13:16:16Z,[]
652512,ares-quarterly-earnings-nongaap-eps-11-03-2025-1pt14,ARES,ARES.N,2025-11-03T16:50:51Z,2025-11-03,2025-11-01,Ares Management Corp,48608705942.94,15.0,Financials,Capital Markets,Investment Management & Fund Operators,United States of America,US,United States of America,United States of America,Country of Headquarters,New York Stock Exchange,2025-05-02,2025-11-01,50212448.0,395373.6062992126,0.019515731858060985,2026-02-18T13:16:16Z,[]
652568,hesm-quarterly-earnings-gaap-eps-11-03-2025-0pt69,HESM,HESM.N,2025-11-03T16:38:41Z,2025-11-03,2025-11-01,Hess Midstream LP,7050589132.3,7.0,Energy,"Oil, Gas & Consumable Fuels",Oil & Gas Transportation Services,United States of America,US,United States of America,United States of America,Country of Headquarters,New York Stock Exchange,2025-05-02,2025-11-01,57836156.0,455402.8031496063,0.017395510317616603,2026-02-18T13:16:16Z,[]
642129,gtm-quarterly-earnings-nongaap-eps-11-03-2025-0pt26,GTM,GTM.N,2025-11-03T23:38:37Z,2025-11-03,2025-11-01,Zoominfo Technologies Inc,3496068231.48,21.0,Communication Services,Interactive Media & Services,IT Services & Consulting,United States of America,US,United States of America,United States of America,Country of Headquarters,New York Stock Exchange,2025-05-02,2025-11-01,11411967.0,89858.00787401575,0.028851127204896104,2026-02-18T13:16:16Z,[]
647860,clx-quarterly-earnings-nongaap-eps-11-03-2025-0pt79,CLX,CLX,2025-11-03T23:53:53Z,2025-11-03,2025-11-01,Clorox Co,13717913422.34,20.0,Consumer Staples,Household Products,Household Products,United States of America,US,United States of America,United States of America,Country of Headquarters,New York Consolidated,2025-05-02,2025-11-01,231348203.0,1821639.3937007873,0.01336009969078062,2026-02-18T13:16:16Z,[]
647869,coin-quarterly-earnings-gaap-eps-11-03-2025-1pt18,COIN,COIN.N,2025-10-31T01:14:03Z,2025-10-31,2025-10-29,Coinbase Global Inc,94000529998.54,34.0,Financials,Capital Markets,Blockchain & Cryptocurrency,United States of America,US,United States of America,United States of America,Country of Headquarters,New York Stock Exchange,2025-04-29,2025-10-29,17137004.0,133882.84375,0.04436022856745575,2026-02-18T13:16:16Z,[]
652465,pltr-quarterly-earnings-nongaap-eps-11-03-2025-0pt17,PLTR,PLTR.N,2025-11-03T23:44:13Z,2025-11-03,2025-11-01,Palantir Technologies Inc,477606010328.86,30.0,Information Technology,Software,Software,United States of America,US,United States of America,United States of America,Country of Headquarters,New York Stock Exchange,2025-05-02,2025-11-01,63164134.0,497355.3858267717,0.03176744999012799,2026-02-18T13:16:16Z,[]
652509,wmb-quarterly-earnings-nongaap-eps-11-03-2025-0pt52,WMB,WMB,2025-11-03T23:34:45Z,2025-11-03,2025-11-01,Williams Companies Inc,70671935833.29,23.0,Energy,"Oil, Gas & Consumable Fuels",Oil & Gas Transportation Services,United States of America,US,United States of America,United States of America,Country of Headquarters,New York Consolidated,2025-05-02,2025-11-01,927262844.0,7301282.2362204725,0.014121496921799148,2026-02-18T13:16:16Z,[]
652566,grab-quarterly-earnings-gaap-eps-11-03-2025-0pt01,GRAB,GRAB.N,2025-11-04T13:54:31Z,2025-11-04,2025-11-02,Grab Holdings Ltd,24562870000.0,23.0,Industrials,Ground Transportation,Software,Singapore,SG,Singapore,United States of America,Country of Headquarters,New York Stock Exchange,2025-05-03,2025-11-02,118448741.0,940069.373015873,0.024524950634814403,2026-02-18T13:16:16Z,[]
652567,hims-quarterly-earnings-gaap-eps-11-03-2025-0pt1,HIMS,HIMS.N,2025-11-03T23:47:35Z,2025-11-03,2025-11-01,Hims & Hers Health Inc,10348901446.44,15.0,Health Care,Health Care Providers & Services,Healthcare Facilities & Services,United States of America,US,United States of America,United States of America,Country of Headquarters,New York Stock Exchange,2025-05-02,2025-11-01,649945942.0,5117684.582677165,0.06598328768590697,2026-02-18T13:16:16Z,[]
656735,cbt-quarterly-earnings-nongaap-eps-11-03-2025-1pt68,CBT,CBT,2025-11-03T23:44:07Z,2025-11-03,2025-11-01,Cabot Corp,3565810617.88,5.0,Materials,Chemicals,Specialty Chemicals,United States of America,US,United States of America,United States of America,Country of Headquarters,New York Consolidated,2025-05-02,2025-11-01,50719627.0,399367.14173228346,0.01885220285040279,2026-02-18T13:16:16Z,[]
658859,gt-quarterly-earnings-nongaap-eps-11-03-2025-0pt16,GT,GT.N,2025-11-03T23:38:37Z,2025-11-03,2025-11-01,Goodyear Tire & Rubber Co,1971648663.01,14.0,Consumer Discretionary,Automobile Components,Tires & Rubber Products,United States of America,US,United States of America,United States of America,Country of Headquarters,New York Stock Exchange,2025-05-02,2025-11-01,18526978.0,145881.71653543308,0.028959389172417437,2026-02-18T13:16:16Z,[]
637875,hog-quarterly-earnings-gaap-eps-11-4-2025-1pt7,HOG,HOG,2025-11-04T14:40:09Z,2025-11-04,2025-11-02,Harley-Davidson Inc,3187467463.74,16.0,Consumer Discretionary,Automobiles,Auto & Truck Manufacturers,United States of America,US,United States of America,United States of America,Country of Headquarters,New York Consolidated,2025-05-03,2025-11-02,225683504.0,1791138.9206349207,0.025909029269867576,2026-02-18T13:16:16Z,[]
643037,sstk-quarterly-earnings-nongaap-eps-11-04-2025-1pt15,SSTK,SSTK.N,2025-11-05T15:51:33Z,2025-11-05,2025-11-03,Shutterstock Inc,803308945.92,4.0,Communication Services,Interactive Media & Services,Online Services,United States of America,US,United States of America,United States of America,Country of Headquarters,New York Stock Exchange,2025-05-04,2025-11-03,10463386.0,82388.86614173229,0.03327773596729959,2026-02-18T13:16:16Z,[]
643047,uber-quarterly-earnings-gaap-eps-11-04-2025-0pt69,UBER,UBER.N,2025-11-04T15:47:21Z,2025-11-04,2025-11-02,Uber Technologies Inc,200510631766.5,54.0,Industrials,Ground Transportation,Online Services,United States of America,US,United States of America,United States of America,Country of Headquarters,New York Stock Exchange,2025-05-03,2025-11-02,446270672.0,3541830.73015873,0.01921786858581819,2026-02-18T13:16:16Z,[]
656746,pfe-quarterly-earnings-gaap-eps-11-04-2025-0pt64,PFE,PFE,2025-11-04T15:01:47Z,2025-11-04,2025-11-02,Pfizer Inc,140152691156.8,22.0,Health Care,Pharmaceuticals,Pharmaceuticals,United States of America,US,United States of America,United States of America,Country of Headquarters,New York Consolidated,2025-05-03,2025-11-02,5930150057.0,47064682.99206349,0.017356486937288352,2026-02-18T13:16:16Z,[]
656755,mar-quarterly-earnings-nongaap-eps-11-04-2025-2pt39,MAR,MAR.N,2025-11-04T14:16:51Z,2025-11-04,2025-11-02,Marriott International Inc,69927110741.1,27.0,Consumer Discretionary,"Hotels, Restaurants & Leisure","Hotels, Motels & Cruise Lines",United States of America,US,United States of America,United States of America,Country of Headquarters,New York Stock Exchange,2025-05-03,2025-11-02,2688004.0,21333.365079365078,0.01456689515741263,2026-02-18T13:16:16Z,[]
656760,apo-quarterly-earnings-nongaap-eps-11-04-2025-1pt9,APO,APO,2025-11-04T15:43:11Z,2025-11-04,2025-11-02,Apollo Global Management Inc,72768562565.07,18.0,Financials,Financial Services,Pension Funds,United States of America,US,United States of America,United States of America,Country of Headquarters,New York Consolidated,2025-05-03,2025-11-02,408405246.0,3241311.476190476,0.02093638793427864,2026-02-18T13:16:16Z,[]
656782,pjt-quarterly-earnings-nongaap-eps-11-04-2025-1pt4,PJT,PJT,2025-11-04T15:38:23Z,2025-11-04,2025-11-02,PJT Partners Inc,6396713695.54,6.0,Financials,Capital Markets,Investment Banking & Brokerage Services,United States of America,US,United States of America,United States of America,Country of Headquarters,New York Consolidated,2025-05-03,2025-11-02,27345902.0,217030.96825396825,0.017491544671901393,2026-02-18T13:16:16Z,[]
656783,htz-quarterly-earnings-nongaap-eps-11-04-2025-0pt07,HTZ,HTZ.N,2025-11-04T15:21:59Z,2025-11-04,2025-11-02,Hertz Global Holdings Inc,1598471602.65,10.0,Industrials,Ground Transportation,"Passenger Transportation, Ground & Sea",United States of America,US,United States of America,United States of America,Country of Headquarters,New York Stock Exchange,2025-05-03,2025-11-02,19261948.0,152872.60317460317,0.04605249561377829,2026-02-18T13:16:16Z,[]
656817,wing-quarterly-earnings-gaap-eps-11-04-2025-0pt91,WING,WING.N,2025-11-04T15:49:23Z,2025-11-04,2025-11-02,Wingstop Inc,6019441919.46,29.0,Consumer Discretionary,"Hotels, Restaurants & Leisure",Restaurants & Bars,United States of America,US,United States of America,United States of America,Country of Headquarters,New York Stock Exchange,2025-05-03,2025-11-02,1809137.0,14358.230158730159,0.03570615320903082,2026-02-18T13:16:16Z,[]
656819,mpc-quarterly-earnings-gaap-eps-11-04-2025-3pt17,MPC,MPC,2025-11-04T15:05:37Z,2025-11-04,2025-11-02,Marathon Petroleum Corp,58590429181.89,20.0,Energy,"Oil, Gas & Consumable Fuels",Oil & Gas Refining and Marketing,United States of America,US,United States of America,United States of America,Country of Headquarters,New York Consolidated,2025-05-03,2025-11-02,266705827.0,2116712.912698413,0.015317826665286038,2026-02-18T13:16:16Z,[]
657454,shop-quarterly-earnings-gaap-eps-11-04-2025-0pt25,SHOP,SHOP.N,2025-11-04T19:04:29Z,2025-11-04,2025-11-02,Shopify Inc,226338405550.84,45.0,Information Technology,IT Services,Online Services,Canada,CA,United States of America,United States of America,Country of Headquarters,New York Stock Exchange,2025-05-03,2025-11-02,17980499.0,142702.37301587302,0.03276508878879381,2026-02-18T13:16:16Z,[]
655224,bynd-quarterly-earnings-gaap-eps-11-04-2025-neg0pt48,BYND,BYND.N,2025-11-11T01:08:14Z,2025-11-11,2025-11-09,Beyond Meat Inc,994464167.33,6.0,Consumer Staples,Food Products,Food Processing,United States of America,US,United States of America,United States of America,Country of Headquarters,New York Stock Exchange,2025-05-10,2025-11-09,144833301.0,1149470.642857143,0.15173449538734327,2026-02-18T13:16:16Z,[]
656723,hnge-quarterly-earnings-gaap-eps-11-04-2025-neg0pt21,HNGE,HNGE.N,2025-11-05T01:00:31Z,2025-11-05,2025-11-03,Hinge Health Inc,3962735300.76,15.0,Health Care,Health Care Providers & Services,Software,United States of America,US,United States of America,United States of America,Country of Headquarters,New York Stock Exchange,2025-05-04,2025-11-03,28048764.0,246041.7894736842,0.04324452853844896,2026-02-18T13:16:16Z,[]
656730,tost-quarterly-earnings-gaap-eps-11-04-2025-0pt12,TOST,TOST.N,2025-11-05T00:59:29Z,2025-11-05,2025-11-03,Toast Inc,21003360000.0,28.0,Financials,Financial Services,Software,United States of America,US,United States of America,United States of America,Country of Headquarters,New York Stock Exchange,2025-05-04,2025-11-03,258795492.0,2037759.779527559,0.025259313260502528,2026-02-18T13:16:16Z,[]
656761,lyv-quarterly-earnings-gaap-eps-11-04-2025-1pt53,LYV,LYV,2025-11-05T00:47:31Z,2025-11-05,2025-11-03,Live Nation Entertainment Inc,34794233570.48,22.0,Communication Services,Entertainment,Entertainment Production,United States of America,US,United States of America,United States of America,Country of Headquarters,New York Consolidated,2025-05-04,2025-11-03,313967392.0,2472184.188976378,0.014646384313738589,2026-02-18T13:16:16Z,[]
656831,pins-quarterly-earnings-nongaap-eps-11-04-2025-0pt42,PINS,PINS.N,2025-11-04T23:23:03Z,2025-11-04,2025-11-02,Pinterest Inc,22360963014.5,38.0,Communication Services,Interactive Media & Services,Online Services,United States of America,US,United States of America,United States of America,Country of Headquarters,New York Stock Exchange,2025-05-03,2025-11-02,270550290.0,2147224.523809524,0.024552109297649324,2026-02-18T13:16:16Z,[]
657086,crsp-quarterly-earnings-gaap-eps-11-04-2025-neg1pt24,CRSP,CRSP.N,2025-11-10T15:41:48Z,2025-11-10,2025-11-08,CRISPR Therapeutics AG,5252948842.96,29.0,Health Care,Biotechnology,Biotechnology & Medical Research,Switzerland,CH,Switzerland,United States of America,Country of Headquarters,New York Stock Exchange,2025-05-09,2025-11-08,3844653.0,30272.858267716536,0.03914111176805206,2026-02-18T13:16:16Z,[]
657371,cgbd-quarterly-earnings-gaap-eps-11-04-2025-0pt39,CGBD,CGBD.N,2025-11-05T01:09:37Z,2025-11-05,2025-11-03,Carlyle Secured Lending Inc,920035620.22,7.0,Financials,Capital Markets,Investment Management & Fund Operators,United States of America,US,United States of America,United States of America,Country of Headquarters,New York Stock Exchange,2025-05-04,2025-11-03,1851922.0,14582.062992125984,0.01245686975536791,2026-02-18T13:16:16Z,[]
657435,rivn-quarterly-earnings-gaap-eps-11-04-2025-neg0pt86,RIVN,RIVN.N,2025-11-05T00:31:25Z,2025-11-05,2025-11-03,Rivian Automotive Inc,16169793986.85,30.0,Consumer Discretionary,Automobiles,Auto & Truck Manufacturers,United States of America,US,United States of America,United States of America,Country of Headquarters,New York Stock Exchange,2025-05-04,2025-11-03,76966969.0,606039.125984252,0.02749972735991951,2026-02-18T13:16:16Z,[]
657445,amd-quarterly-earnings-nongaap-eps-11-04-2025-1pt17,AMD,AMD.N,2025-11-04T23:34:17Z,2025-11-04,2025-11-02,Advanced Micro Devices Inc,416973999224.8,54.0,Information Technology,Semiconductors & Semiconductor Equipment,Semiconductors,United States of America,US,United States of America,United States of America,Country of Headquarters,New York Stock Exchange,2025-05-03,2025-11-02,58628995.0,465309.48412698414,0.034972652076307766,2026-02-18T13:16:16Z,[]
652577,crl-quarterly-earnings-nongaap-eps-11-05-2025-2pt34,CRL,CRL,2025-11-05T14:51:31Z,2025-11-05,2025-11-03,Charles River Laboratories International Inc,8802679143.06,19.0,Health Care,Life Sciences Tools & Services,Biotechnology & Medical Research,United States of America,US,United States of America,United States of America,Country of Headquarters,New York Consolidated,2025-05-04,2025-11-03,124134600.0,977437.7952755905,0.02964621254750536,2026-02-18T13:16:16Z,[]
652605,nyt-quarterly-earnings-nongaap-eps-11-05-2025-0pt53,NYT,NYT,2025-11-05T14:47:33Z,2025-11-05,2025-11-03,New York Times Co,9263634453.54,10.0,Communication Services,Media,Consumer Publishing,United States of America,US,United States of America,United States of America,Country of Headquarters,New York Consolidated,2025-05-04,2025-11-03,209365651.0,1648548.4330708662,0.017560086238565996,2026-02-18T13:16:16Z,[]
652652,sun-quarterly-earnings-gaap-eps-11-05-2025-1pt37,SUN,SUN,2025-11-05T15:59:01Z,2025-11-05,2025-11-03,Sunoco LP,9705639184.78,5.0,Energy,"Oil, Gas & Consumable Fuels",Oil & Gas Refining and Marketing,United States of America,US,United States of America,United States of America,Country of Headquarters,New York Consolidated,2025-05-04,2025-11-03,56358130.0,443764.8031496063,0.014765577797787033,2026-02-18T13:16:16Z,[]
652657,ftdr-quarterly-earnings-nongaap-eps-11-05-2025-1pt51,FTDR,FTDR.N,2025-11-05T14:55:33Z,2025-11-05,2025-11-03,Frontdoor Inc,4721251138.53,6.0,Consumer Discretionary,Diversified Consumer Services,Personal Services,United States of America,US,United States of America,United States of America,Country of Headquarters,New York Stock Exchange,2025-05-04,2025-11-03,1025894.0,8077.905511811024,0.01619282356176209,2026-02-18T13:16:16Z,[]
652658,iep-quarterly-earnings-gaap-eps-11-05-2025-0pt14,IEP,IEP.N,2025-11-05T16:06:09Z,2025-11-05,2025-11-03,Icahn Enterprises LP,4837680647.02,1.0,Industrials,Industrial Conglomerates,Oil & Gas Refining and Marketing,United States of America,US,United States of America,United States of America,Country of Headquarters,New York Stock Exchange,2025-05-04,2025-11-03,1116300.0,8789.763779527559,0.020383974678286784,2026-02-18T13:16:16Z,[]
655260,mcd-quarterly-earnings-nongaap-eps-11-05-2025-3pt33,MCD,MCD,2025-11-05T15:09:33Z,2025-11-05,2025-11-03,McDonald's Corp,211061184709.5,39.0,Consumer Discretionary,"Hotels, Restaurants & Leisure",Restaurants & Bars,United States of America,US,United States of America,United States of America,Country of Headquarters,New York Consolidated,2025-05-04,2025-11-03,414073775.0,3260423.42519685,0.009156612345274944,2026-02-18T13:16:16Z,[]
655449,fis-quarterly-earnings-nongaap-eps-11-05-2025-1pt48,FIS,FIS,2025-11-05T15:04:35Z,2025-11-05,2025-11-03,Fidelity National Information Services Inc,32210317520.8,29.0,Financials,Financial Services,Financial Technology (Fintech),United States of America,US,United States of America,United States of America,Country of Headquarters,New York Consolidated,2025-05-04,2025-11-03,465567353.0,3665884.6692913384,0.016481074514136093,2026-02-18T13:16:16Z,[]
655450,hum-quarterly-earnings-nongaap-eps-11-05-2025-2pt92,HUM,HUM,2025-11-05T15:02:39Z,2025-11-05,2025-11-03,Humana Inc,33666837194.56,29.0,Health Care,Health Care Providers & Services,Managed Healthcare,United States of America,US,United States of America,United States of America,Country of Headquarters,New York Consolidated,2025-05-04,2025-11-03,229816655.0,1809579.9606299212,0.029193098169783844,2026-02-18T13:16:16Z,[]
656785,sono-quarterly-earnings-nongaap-eps-11-05-2025-0pt05,SONO,SONO.N,2025-11-05T16:05:05Z,2025-11-05,2025-11-03,Sonos Inc,2021245343.31,4.0,Consumer Discretionary,Household Durables,Household Electronics,United States of America,US,United States of America,United States of America,Country of Headquarters,New York Stock Exchange,2025-05-04,2025-11-03,5296175.0,41702.16535433071,0.029124569280929966,2026-02-18T13:16:16Z,[]
647504,all-quarterly-earnings-nongaap-eps-11-05-2025-7pt51,ALL,ALL,2025-11-06T01:14:59Z,2025-11-06,2025-11-04,Allstate Corp,51095970304.08,24.0,Financials,Insurance,Property & Casualty Insurance,United States of America,US,United States of America,United States of America,Country of Headquarters,New York Consolidated,2025-05-05,2025-11-04,184571977.0,1441968.5703125,0.0149883128157255,2026-02-18T13:16:16Z,[]
652607,uhalb-quarterly-earnings-gaap-eps-11-05-2025-0pt7-725,UHAL.B,UHAL.B,2025-11-06T01:47:49Z,2025-11-06,2025-11-04,U-Haul Holding Co,9731149106.52,5.0,Industrials,Ground Transportation,Ground Freight & Logistics,United States of America,US,United States of America,United States of America,Country of Headquarters,Boston Stock Exchange Inc,2025-05-05,2025-11-04,75536.0,590.125,0.019437934987634416,2026-02-18T13:16:16Z,[]
652646,lyft-quarterly-earnings-gaap-eps-11-05-2025-0pt07,LYFT,LYFT.N,2025-11-05T23:27:01Z,2025-11-05,2025-11-03,Lyft Inc,8366453688.1,46.0,Industrials,Ground Transportation,Online Services,United States of America,US,United States of America,United States of America,Country of Headquarters,New York Stock Exchange,2025-05-04,2025-11-03,51236077.0,403433.6771653543,0.0365375431263101,2026-02-18T13:16:16Z,[]
652651,chym-quarterly-earnings-gaap-eps-11-05-2025-neg0pt24,CHYM,CHYM.N,2025-11-06T01:38:47Z,2025-11-06,2025-11-04,Chime Financial Inc,6664634437.0,10.0,Financials,Financial Services,Financial Technology (Fintech),United States of America,US,United States of America,United States of America,Country of Headquarters,New York Stock Exchange,2025-05-05,2025-11-04,3739363.0,37023.39603960396,0.04072167384877408,2026-02-18T13:16:16Z,[]
652823,fsk-quarterly-earnings-gaap-eps-11-05-2025-0pt58,FSK,FSK,2025-11-06T05:45:29Z,2025-11-06,2025-11-04,FS KKR Capital Corp,4178591180.36,11.0,Financials,Capital Markets,Closed End Funds,United States of America,US,United States of America,United States of America,Country of Headquarters,New York Consolidated,2025-05-05,2025-11-04,255394590.0,1995270.234375,0.015643310183653385,2026-02-18T13:16:16Z,[]
653003,frge-quarterly-earnings-gaap-eps-11-05-2025-neg1pt09,FRGE,FRGE.N,2025-11-15T16:18:33Z,2025-11-15,2025-11-13,Forge Global Holdings Inc,606804552.31,4.0,Financials,Capital Markets,Financial Technology (Fintech),United States of America,US,United States of America,United States of America,Country of Headquarters,New York Stock Exchange,2025-05-14,2025-11-13,5535525.0,43246.2890625,0.06464499369518124,2026-02-18T13:16:16Z,[]
655266,app-quarterly-earnings-gaap-eps-11-05-2025-2pt39,APP,APP.N,2025-11-06T00:52:55Z,2025-11-06,2025-11-04,Applovin Corp,205706449400.0,27.0,Information Technology,Software,Software,United States of America,US,United States of America,United States of America,Country of Headquarters,New York Stock Exchange,2025-05-05,2025-11-04,11325176.0,88477.9375,0.037604524307874594,2026-02-18T13:16:16Z,[]
655388,arm-quarterly-earnings-nongaap-eps-11-05-2025-0pt33,ARM,ARM.N,2025-11-05T23:25:01Z,2025-11-05,2025-11-03,Arm Holdings PLC,178969480000.0,36.0,Information Technology,Semiconductors & Semiconductor Equipment,Semiconductors,United Kingdom,GB,United Kingdom,United States of America,Country of Headquarters,New York Stock Exchange,2025-05-04,2025-11-03,10603093.0,83488.92125984252,0.03198479145272473,2026-02-18T13:16:16Z,[]
655399,qcom-quarterly-earnings-nongaap-eps-11-05-2025-2pt86,QCOM,QCOM.N,2025-11-05T23:15:51Z,2025-11-05,2025-11-03,Qualcomm Inc,193551120000.0,39.0,Information Technology,Semiconductors & Semiconductor Equipment,Semiconductors,United States of America,US,United States of America,United States of America,Country of Headquarters,New York Stock Exchange,2025-05-04,2025-11-03,13690119.0,107796.21259842519,0.02007883023558548,2026-02-18T13:16:16Z,[]
655400,hood-quarterly-earnings-gaap-eps-11-05-2025-0pt54,HOOD,HOOD.N,2025-11-06T00:47:05Z,2025-11-06,2025-11-04,Robinhood Markets Inc,123009037279.2,27.0,Financials,Capital Markets,Financial Technology (Fintech),United States of America,US,United States of America,United States of America,Country of Headquarters,New York Stock Exchange,2025-05-05,2025-11-04,49944259.0,390189.5234375,0.03696386571700181,2026-02-18T13:16:16Z,[]
655439,dash-quarterly-earnings-gaap-eps-11-05-2025-0pt68,DASH,DASH.N,2025-11-06T00:01:11Z,2025-11-06,2025-11-04,DoorDash Inc,103409474663.67,43.0,Consumer Discretionary,"Hotels, Restaurants & Leisure",Online Services,United States of America,US,United States of America,United States of America,Country of Headquarters,New York Stock Exchange,2025-05-05,2025-11-04,7034041.0,54953.4453125,0.021918719941215345,2026-02-18T13:16:16Z,[]
655443,met-quarterly-earnings-nongaap-eps-11-05-2025-2pt32,MET,MET,2025-11-06T00:56:51Z,2025-11-06,2025-11-04,MetLife Inc,52355530985.76,16.0,Financials,Insurance,Life & Health Insurance,United States of America,US,United States of America,United States of America,Country of Headquarters,New York Consolidated,2025-05-05,2025-11-04,394344249.0,3080814.4453125,0.01311665971011601,2026-02-18T13:16:16Z,[]
655448,tko-quarterly-earnings-gaap-eps-11-05-2025-0pt52,TKO,TKO,2025-11-06T00:50:01Z,2025-11-06,2025-11-04,TKO Group Holdings Inc,36548421040.95,20.0,Communication Services,Entertainment,Entertainment Production,United States of America,US,United States of America,United States of America,Country of Headquarters,New York Consolidated,2025-05-05,2025-11-04,136415217.0,1065743.8828125,0.018546556557009087,2026-02-18T13:16:16Z,[]
655451,ato-quarterly-earnings-gaap-eps-11-05-2025-0pt97,ATO,ATO,2025-11-06T17:45:17Z,2025-11-06,2025-11-04,Atmos Energy Corp,27923075175.45,15.0,Utilities,Gas Utilities,Natural Gas Utilities,United States of America,US,United States of America,United States of America,Country of Headquarters,New York Consolidated,2025-05-05,2025-11-04,112913429.0,882136.1640625,0.00991110392379799,2026-02-18T13:16:16Z,[]
655460,hubs-quarterly-earnings-nongaap-eps-11-05-2025-2pt59,HUBS,HUBS.N,2025-11-05T23:59:07Z,2025-11-05,2025-11-03,HubSpot Inc,25908845813.58,35.0,Information Technology,Software,Software,United States of America,US,United States of America,United States of America,Country of Headquarters,New York Stock Exchange,2025-05-04,2025-11-03,21526425.0,169499.4094488189,0.027382189443308908,2026-02-18T13:16:16Z,[]
656791,ampl-quarterly-earnings-nongaap-eps-11-05-2025-0pt01,AMPL,AMPL.N,2025-11-06T00:58:51Z,2025-11-06,2025-11-04,Amplitude Inc,1267344929.52,10.0,Information Technology,Software,Software,United States of America,US,United States of America,United States of America,Country of Headquarters,New York Stock Exchange,2025-05-05,2025-11-04,3019402.0,23589.078125,0.031991226984258096,2026-02-18T13:16:16Z,[]
656792,bmbl-quarterly-earnings-gaap-eps-11-05-2025-0pt33,BMBL,BMBL.N,2025-11-06T01:11:01Z,2025-11-06,2025-11-04,Bumble Inc,1384683790.94,15.0,Communication Services,Interactive Media & Services,Online Services,United States of America,US,United States of America,United States of America,Country of Headquarters,New York Stock Exchange,2025-05-05,2025-11-04,9169354.0,71635.578125,0.04538188040696655,2026-02-18T13:16:16Z,[]
656808,fig-quarterly-earnings-gaap-eps-11-05-2025-neg2pt08,FIG,FIG,2025-11-06T00:55:47Z,2025-11-06,2025-11-04,Figma Inc,22703056601.58,11.0,Information Technology,Software,Software,United States of America,US,,United States of America,Country of Headquarters,New York Consolidated,2025-05-05,2025-11-04,813116737.0,11957599.073529411,0.07267549545438277,2026-02-18T13:16:16Z,[]
658909,amc-quarterly-earnings-nongaap-eps-11-05-2025-neg0pt22,AMC,AMC,2025-11-06T00:12:07Z,2025-11-06,2025-11-04,AMC Entertainment Holdings Inc,1287488338.11,7.0,Communication Services,Entertainment,Leisure & Recreation,United States of America,US,United States of America,United States of America,Country of Headquarters,New York Consolidated,2025-05-05,2025-11-04,1923293512.0,15025730.5625,0.037325910354559726,2026-02-18T13:16:16Z,[]
642138,bgc-quarterly-earnings-nongaap-eps-11-06-2025-0pt28,BGC,BGC.N,2025-11-06T15:56:35Z,2025-11-06,2025-11-04,Bgc Group Inc,4378338179.16,2.0,Financials,Capital Markets,Investment Banking & Brokerage Services,United States of America,US,United States of America,United States of America,Country of Headquarters,New York Stock Exchange,2025-05-05,2025-11-04,7857029.0,61383.0390625,0.017557432777191635,2026-02-18T13:16:16Z,[]
648038,tfx-quarterly-earnings-nongaap-eps-11-06-2025-3pt38,TFX,TFX,2025-11-06T14:50:03Z,2025-11-06,2025-11-04,Teleflex Inc,5498226299.28,14.0,Health Care,Health Care Equipment & Supplies,"Medical Equipment, Supplies & Distribution",United States of America,US,United States of America,United States of America,Country of Headquarters,New York Consolidated,2025-05-05,2025-11-04,69189921.0,540546.2578125,0.019187740452563825,2026-02-18T13:16:16Z,[]
656855,cop-quarterly-earnings-nongaap-eps-11-06-2025-1pt41,COP,COP,2025-11-06T15:06:57Z,2025-11-06,2025-11-04,ConocoPhillips,108631991357.5,30.0,Energy,"Oil, Gas & Consumable Fuels",Oil & Gas Exploration and Production,United States of America,US,United States of America,United States of America,Country of Headquarters,New York Consolidated,2025-05-05,2025-11-04,918403034.0,7175023.703125,0.016488771048562927,2026-02-18T13:16:16Z,[]
656996,ddog-quarterly-earnings-nongaap-eps-11-06-2025-0pt46,DDOG,DDOG.N,2025-11-06T14:31:23Z,2025-11-06,2025-11-04,Datadog Inc,55234149674.99,45.0,Information Technology,Software,Software,United States of America,US,United States of America,United States of America,Country of Headquarters,New York Stock Exchange,2025-05-05,2025-11-04,10084343.0,78783.9296875,0.026075441078787655,2026-02-18T13:16:16Z,[]
657003,wbd-quarterly-earnings-gaap-eps-11-06-2025-neg0pt08,WBD,WBD.N,2025-11-06T16:04:39Z,2025-11-06,2025-11-04,Warner Bros Discovery Inc,56002223903.4,28.0,Communication Services,Entertainment,Broadcasting,United States of America,US,United States of America,United States of America,Country of Headquarters,New York Stock Exchange,2025-05-05,2025-11-04,124836274.0,975283.390625,0.0374313612951375,2026-02-18T13:16:16Z,[]
657005,dd-quarterly-earnings-nongaap-eps-11-06-2025-1pt11,DD,DD,2025-11-06T13:21:05Z,2025-11-06,2025-11-04,Dupont De Nemours Inc,15820508234.24,18.0,Materials,Chemicals,Electronic Equipment & Parts,United States of America,US,United States of America,United States of America,Country of Headquarters,New York Consolidated,2025-05-05,2025-11-04,407913861.0,3186827.0390625,0.01836957582685134,2026-02-18T13:16:16Z,[]
657013,rl-quarterly-earnings-nongaap-eps-11-06-2025-3pt45,RL,RL,2025-11-06T15:40:41Z,2025-11-06,2025-11-04,Ralph Lauren Corp,18755549112.82,20.0,Consumer Discretionary,"Textiles, Apparel & Luxury Goods",Apparel & Accessories,United States of America,US,United States of America,United States of America,Country of Headquarters,New York Consolidated,2025-05-05,2025-11-04,85223439.0,665808.1171875,0.018184896695816057,2026-02-18T13:16:16Z,[]
657018,usfd-quarterly-earnings-nongaap-eps-11-06-2025-1pt03,USFD,USFD.N,2025-11-06T14:47:03Z,2025-11-06,2025-11-04,US Foods Holding Corp,16361670226.68,19.0,Consumer Staples,Consumer Staples Distribution & Retail,Food Retail & Distribution,United States of America,US,United States of America,United States of America,Country of Headquarters,New York Stock Exchange,2025-05-05,2025-11-04,81974404.0,640425.03125,0.01295401711084278,2026-02-18T13:16:16Z,[]
657072,h-quarterly-earnings-nongaap-eps-11-06-2025-0pt49,H,H,2025-11-06T14:15:07Z,2025-11-06,2025-11-04,Hyatt Hotels Corp,12859850729.88,21.0,Consumer Discretionary,"Hotels, Restaurants & Leisure","Hotels, Motels & Cruise Lines",United States of America,US,United States of America,United States of America,Country of Headquarters,New York Consolidated,2025-05-05,2025-11-04,123670453.0,966175.4140625,0.01706644893303015,2026-02-18T13:16:16Z,[]
657079,mrna-quarterly-earnings-gaap-eps-11-06-2025-neg2pt18,MRNA,MRNA.N,2025-11-06T15:09:01Z,2025-11-06,2025-11-04,Moderna Inc,9278638410.0,26.0,Health Care,Biotechnology,Pharmaceuticals,United States of America,US,United States of America,United States of America,Country of Headquarters,New York Stock Exchange,2025-05-05,2025-11-04,22866260.0,178642.65625,0.03754781321370795,2026-02-18T13:16:16Z,[]
657300,wrby-quarterly-earnings-gaap-eps-11-06-2025-0pt05,WRBY,WRBY.N,2025-11-06T16:09:41Z,2025-11-06,2025-11-04,Warby Parker Inc,2400538575.45,14.0,Consumer Discretionary,Specialty Retail,Miscellaneous Specialty Retailers,United States of America,US,United States of America,United States of America,Country of Headquarters,New York Stock Exchange,2025-05-05,2025-11-04,85249361.0,666010.6328125,0.03172585160859642,2026-02-18T13:16:16Z,[]
658487,uaa-quarterly-earnings-nongaap-eps-11-06-2025-0pt02,UAA,UAA,2025-11-06T15:02:51Z,2025-11-06,2025-11-04,Under Armour Inc,1862915446.08,29.0,Consumer Discretionary,"Textiles, Apparel & Luxury Goods",Apparel & Accessories,United States of America,US,United States of America,United States of America,Country of Headquarters,New York Consolidated,2025-05-05,2025-11-04,1560053715.0,12187919.6484375,0.0301853773720024,2026-02-18T13:16:16Z,[]
658488,trip-quarterly-earnings-nongaap-eps-11-06-2025-0pt55,TRIP,TRIP.N,2025-11-06T14:25:09Z,2025-11-06,2025-11-04,Tripadvisor Inc,1731412500.59,18.0,Communication Services,Interactive Media & Services,Leisure & Recreation,United States of America,US,United States of America,United States of America,Country of Headquarters,New York Stock Exchange,2025-05-05,2025-11-04,8598157.0,67173.1015625,0.03449716694860794,2026-02-18T13:16:16Z,[]
658493,pzza-quarterly-earnings-nongaap-eps-11-06-2025-0pt41,PZZA,PZZA.N,2025-11-06T14:18:01Z,2025-11-06,2025-11-04,Papa John's International Inc,1425355913.52,17.0,Consumer Discretionary,"Hotels, Restaurants & Leisure",Restaurants & Bars,United States of America,US,United States of America,United States of America,Country of Headquarters,New York Stock Exchange,2025-05-05,2025-11-04,2173321.0,16979.0703125,0.03287759453172466,2026-02-18T13:16:16Z,[]
658589,celh-quarterly-earnings-gaap-eps-11-06-2025-0pt26,CELH,CELH.N,2025-11-06T14:39:05Z,2025-11-06,2025-11-04,Celsius Holdings Inc,15353692289.32,24.0,Consumer Staples,Beverages,Non-Alcoholic Beverages,United States of America,US,United States of America,United States of America,Country of Headquarters,New York Stock Exchange,2025-05-05,2025-11-04,11988825.0,93662.6953125,0.027821665118219173,2026-02-18T13:16:16Z,[]
648227,abnb-quarterly-earnings-gaap-eps-11-06-2025-2pt32,ABNB,ABNB.N,2025-11-06T23:46:39Z,2025-11-06,2025-11-04,Airbnb Inc,74186892646.6,41.0,Consumer Discretionary,"Hotels, Restaurants & Leisure",Online Services,United States of America,US,United States of America,United States of America,Country of Headquarters,New York Stock Exchange,2025-05-05,2025-11-04,9792864.0,76506.75,0.01755619631505789,2026-02-18T13:16:16Z,[]
656874,mnst-quarterly-earnings-gaap-eps-11-06-2025-0pt48,MNST,MNST.N,2025-11-07T00:47:07Z,2025-11-07,2025-11-05,Monster Beverage Corp,66310429929.92,25.0,Consumer Staples,Beverages,Non-Alcoholic Beverages,United States of America,US,United States of America,United States of America,Country of Headquarters,New York Stock Exchange,2025-05-06,2025-11-05,13117702.0,102482.046875,0.01371266201735742,2026-02-18T13:16:16Z,[]
657004,ed-quarterly-earnings-nongaap-eps-11-06-2025-1pt75,ED,ED,2025-11-07T00:57:11Z,2025-11-07,2025-11-05,Consolidated Edison Inc,34689521284.88,17.0,Utilities,Multi-Utilities,Electric Utilities,United States of America,US,United States of America,United States of America,Country of Headquarters,New York Consolidated,2025-05-06,2025-11-05,304405426.0,2378167.390625,0.011167311666556452,2026-02-18T13:16:16Z,[]
657007,expe-quarterly-earnings-nongaap-eps-11-06-2025-7pt03,EXPE,EXPE.N,2025-11-07T00:55:05Z,2025-11-07,2025-11-05,Expedia Group Inc,26198677032.15,37.0,Consumer Discretionary,"Hotels, Restaurants & Leisure",Leisure & Recreation,United States of America,US,United States of America,United States of America,Country of Headquarters,New York Stock Exchange,2025-05-06,2025-11-05,3482019.0,27203.2734375,0.02072016028905967,2026-02-18T13:16:16Z,[]
657012,sndk-quarterly-earnings-nongaap-eps-11-06-2025-0pt88,SNDK,SNDK.N,2025-11-07T00:48:13Z,2025-11-07,2025-11-05,Sandisk Corp,31728763253.5,19.0,Information Technology,"Technology Hardware, Storage & Peripherals",Computer Hardware,United States of America,US,United States of America,United States of America,Country of Headquarters,New York Stock Exchange,2025-05-06,2025-11-05,9084063.0,70969.2421875,0.04814787408581617,2026-02-18T13:16:16Z,[]
657027,dkng-quarterly-earnings-nongaap-eps-11-06-2025-neg0pt25,DKNG,DKNG.N,2025-11-07T00:56:07Z,2025-11-07,2025-11-05,Draftkings Inc,13897808423.36,32.0,Consumer Discretionary,"Hotels, Restaurants & Leisure",Casinos & Gaming,United States of America,US,United States of America,United States of America,Country of Headquarters,New York Stock Exchange,2025-05-06,2025-11-05,31331340.0,244776.09375,0.02747055379859924,2026-02-18T13:16:16Z,[]
657064,open-quarterly-earnings-gaap-eps-11-06-2025-neg0pt07,OPEN,OPEN.N,2025-11-07T01:22:15Z,2025-11-07,2025-11-05,Opendoor Technologies Inc,5587672813.17,10.0,Real Estate,Real Estate Management & Development,Real Estate Services,United States of America,US,United States of America,United States of America,Country of Headquarters,New York Stock Exchange,2025-05-06,2025-11-05,400989428.0,3132729.90625,0.11969355387855392,2026-02-18T13:16:16Z,[]
657065,nwsa-quarterly-earnings-nongaap-eps-11-06-2025-0pt19,NWSA,NWSA.N,2025-11-06T23:58:11Z,2025-11-06,2025-11-04,News Corp,15098524355.91,9.0,Communication Services,Media,Consumer Publishing,United States of America,US,United States of America,United States of America,Country of Headquarters,New York Stock Exchange,2025-05-05,2025-11-04,11339358.0,88588.734375,0.013007530342588211,2026-02-18T13:16:16Z,[]
657071,fnf-quarterly-earnings-nongaap-eps-11-06-2025-1pt42,FNF,FNF,2025-11-07T00:58:15Z,2025-11-07,2025-11-05,Fidelity National Financial Inc,14955120188.96,4.0,Financials,Insurance,Property & Casualty Insurance,United States of America,US,United States of America,United States of America,Country of Headquarters,New York Consolidated,2025-05-06,2025-11-05,196330116.0,1533829.03125,0.016557153455834913,2026-02-18T13:16:16Z,[]
657073,akam-quarterly-earnings-nongaap-eps-11-06-2025-1pt64,AKAM,AKAM.N,2025-11-06T23:49:39Z,2025-11-06,2025-11-04,Akamai Technologies Inc,10353981106.89,26.0,Information Technology,IT Services,IT Services & Consulting,United States of America,US,United States of America,United States of America,Country of Headquarters,New York Stock Exchange,2025-05-05,2025-11-04,3145487.0,24574.1171875,0.018932833456849145,2026-02-18T13:16:16Z,[]
657080,dbx-quarterly-earnings-nongaap-eps-11-06-2025-0pt65,DBX,DBX.N,2025-11-06T23:14:51Z,2025-11-06,2025-11-04,Dropbox Inc,7495678129.37,13.0,Information Technology,Software,Software,United States of America,US,United States of America,United States of America,Country of Headquarters,New York Stock Exchange,2025-05-05,2025-11-04,6541190.0,51103.046875,0.015000503934424848,2026-02-18T13:16:16Z,[]
657085,os-quarterly-earnings-gaap-eps-11-06-2025-neg0pt14,OS,OS.N,2025-11-06T23:16:57Z,2025-11-06,2025-11-04,OneStream Inc,4532460860.07,19.0,Information Technology,Software,Software,United States of America,US,United States of America,United States of America,Country of Headquarters,New York Stock Exchange,2025-05-05,2025-11-04,2717683.0,21231.8984375,0.02786507985869074,2026-02-18T13:16:16Z,[]
657290,pton-quarterly-earnings-gaap-eps-11-06-2025-0,PTON,PTON.N,2025-11-06T23:38:55Z,2025-11-06,2025-11-04,Peloton Interactive Inc,2953891757.04,19.0,Consumer Discretionary,Leisure Products,Recreational Products,United States of America,US,United States of America,United States of America,Country of Headquarters,New York Stock Exchange,2025-05-05,2025-11-04,30616209.0,239189.1328125,0.044060619871508847,2026-02-18T13:16:16Z,[]
657295,icui-quarterly-earnings-nongaap-eps-11-06-2025-1pt43,ICUI,ICUI.N,2025-11-07T00:26:23Z,2025-11-07,2025-11-05,ICU Medical Inc,3144586750.8,7.0,Health Care,Health Care Equipment & Supplies,"Medical Equipment, Supplies & Distribution",United States of America,US,United States of America,United States of America,Country of Headquarters,New York Stock Exchange,2025-05-06,2025-11-05,641068.0,5008.34375,0.026463534440271774,2026-02-18T13:16:16Z,[]
658478,usar-quarterly-earnings-nongaap-eps-11-06-2025-neg0pt07,USAR,USAR.N,2025-11-07T01:15:17Z,2025-11-07,2025-11-05,USA Rare Earth Inc,2237612524.07,5.0,Materials,Metals & Mining,Non-Gold Precious Metals & Minerals,United States of America,US,United States of America,United States of America,Country of Headquarters,New York Stock Exchange,2025-05-06,2025-11-05,10169548.0,79449.59375,0.07739780991444796,2026-02-18T13:16:16Z,[]
658481,mrx-quarterly-earnings-nongaap-eps-11-06-2025-0pt94,MRX,MRX.N,2025-11-06T15:04:55Z,2025-11-06,2025-11-04,Marex Group PLC,2238730685.38,9.0,Financials,Capital Markets,Investment Banking & Brokerage Services,United Kingdom,GB,United Kingdom,United States of America,Country of Headquarters,New York Stock Exchange,2025-05-05,2025-11-04,1737366.0,13573.171875,0.02337772962604852,2026-02-18T13:16:16Z,[]
658486,yelp-quarterly-earnings-gaap-eps-11-06-2025-0pt53,YELP,YELP.N,2025-11-06T23:25:37Z,2025-11-06,2025-11-04,Yelp Inc,1929618614.82,11.0,Communication Services,Interactive Media & Services,Online Services,United States of America,US,United States of America,United States of America,Country of Headquarters,New York Stock Exchange,2025-05-05,2025-11-04,39982694.0,312364.796875,0.02191995652510644,2026-02-18T13:16:16Z,[]
658498,sg-quarterly-earnings-gaap-eps-11-06-2025-neg0pt17,SG,SG,2025-11-07T00:24:19Z,2025-11-07,2025-11-05,Sweetgreen Inc,765876810.27,14.0,Consumer Discretionary,"Hotels, Restaurants & Leisure",Restaurants & Bars,United States of America,US,United States of America,United States of America,Country of Headquarters,New York Consolidated,2025-05-06,2025-11-05,742175563.0,5798246.5859375,0.04754470531107774,2026-02-18T13:16:16Z,[]
658499,gpro-quarterly-earnings-nongaap-eps-11-06-2025-neg0pt04,GPRO,GPRO.N,2025-11-07T00:03:07Z,2025-11-07,2025-11-05,GoPro Inc,282719046.75,2.0,Consumer Discretionary,Household Durables,Household Electronics,United States of America,US,United States of America,United States of America,Country of Headquarters,New York Stock Exchange,2025-05-06,2025-11-05,18122244.0,141580.03125,0.072840685278842,2026-02-18T13:16:16Z,[]
658508,eb-quarterly-earnings-gaap-eps-11-06-2025-neg0pt04,EB,EB,2025-11-06T23:52:51Z,2025-11-06,2025-11-04,Eventbrite Inc,218792349.44,4.0,Communication Services,Entertainment,Online Services,United States of America,US,United States of America,United States of America,Country of Headquarters,New York Consolidated,2025-05-05,2025-11-04,84008690.0,656317.890625,0.03368290143106664,2026-02-18T13:16:16Z,[]
658526,bird-quarterly-earnings-gaap-eps-11-06-2025-neg2pt66,BIRD,BIRD.N,2025-11-06T23:54:55Z,2025-11-06,2025-11-04,Allbirds Inc,66854568.88,3.0,Consumer Discretionary,"Textiles, Apparel & Luxury Goods",Footwear,United States of America,US,United States of America,United States of America,Country of Headquarters,New York Stock Exchange,2025-05-05,2025-11-04,36130.0,319.7345132743363,0.08643349973796041,2026-02-18T13:16:16Z,[]
658547,bzfd-quarterly-earnings-gaap-eps-11-06-2025-neg0pt06,BZFD,BZFD.N,2025-11-07T01:22:15Z,2025-11-07,2025-11-05,BuzzFeed Inc,60648834.62,1.0,Communication Services,Interactive Media & Services,Online Services,United States of America,US,United States of America,United States of America,Country of Headquarters,New York Stock Exchange,2025-05-06,2025-11-05,169671.0,1325.5546875,0.04058779230953328,2026-02-18T13:16:16Z,[]
658568,kkr-quarterly-earnings-nongaap-eps-11-07-2025-1pt29,KKR,KKR,2025-11-07T15:26:49Z,2025-11-07,2025-11-05,KKR & Co Inc,105924893915.25,21.0,Financials,Capital Markets,Investment Management & Fund Operators,United States of America,US,United States of America,United States of America,Country of Headquarters,New York Consolidated,2025-05-06,2025-11-05,489694794.0,3825740.578125,0.02060833512609878,2026-02-18T13:16:16Z,[]
658619,ben-quarterly-earnings-nongaap-eps-11-07-2025-0pt59,BEN,BEN,2025-11-07T17:05:51Z,2025-11-07,2025-11-05,Franklin Resources Inc,11857290400.8,11.0,Financials,Capital Markets,Investment Management & Fund Operators,United States of America,US,United States of America,United States of America,Country of Headquarters,New York Consolidated,2025-05-06,2025-11-05,553621549.0,4325168.3515625,0.014800531187118568,2026-02-18T13:16:16Z,[]
658624,mktx-quarterly-earnings-gaap-eps-11-07-2025-1pt68,MKTX,MKTX.N,2025-11-07T14:16:27Z,2025-11-07,2025-11-05,Marketaxess Holdings Inc,5984612788.0,16.0,Financials,Capital Markets,Financial & Commodity Market Operators & Service Providers,United States of America,US,United States of America,United States of America,Country of Headquarters,New York Stock Exchange,2025-05-06,2025-11-05,1228979.0,9601.3984375,0.017266259506936533,2026-02-18T13:16:16Z,[]
658905,wen-quarterly-earnings-nongaap-eps-11-07-2025-0pt2,WEN,WEN.N,2025-11-07T14:19:23Z,2025-11-07,2025-11-05,Wendy's Co,1728285211.48,29.0,Consumer Discretionary,"Hotels, Restaurants & Leisure",Restaurants & Bars,United States of America,US,United States of America,United States of America,Country of Headquarters,New York Stock Exchange,2025-05-06,2025-11-05,17120920.0,133757.1875,0.020770288632065956,2026-02-18T13:16:16Z,[]
667887,tsn-quarterly-earnings-nongaap-eps-11-10-2025-0pt83,TSN,TSN,2025-11-10T14:55:42Z,2025-11-10,2025-11-08,Tyson Foods Inc,18598889461.2,14.0,Consumer Staples,Food Products,Food Processing,United States of America,US,United States of America,United States of America,Country of Headquarters,New York Consolidated,2025-05-09,2025-11-08,348774060.0,2746252.440944882,0.011552875384066049,2026-02-18T13:16:16Z,[]
667902,tsem-quarterly-earnings-gaap-eps-11-10-2025-0pt45,TSEM,TSEM.N,2025-11-10T15:26:40Z,2025-11-10,2025-11-08,Tower Semiconductor Ltd,9402858499.09,6.0,Information Technology,Semiconductors & Semiconductor Equipment,Semiconductors,Israel,IL,Israel,United States of America,Country of Headquarters,New York Stock Exchange,2025-05-09,2025-11-08,1639564.0,12909.952755905511,0.028756618239429585,2026-02-18T13:16:16Z,[]
667903,hhh-quarterly-earnings-gaap-eps-11-10-2025-1pt53,HHH,HHH,2025-11-10T14:38:10Z,2025-11-10,2025-11-08,Howard Hughes Holdings Inc,4756621986.4,3.0,Real Estate,Real Estate Management & Development,"Real Estate Rental, Development & Operations",United States of America,US,United States of America,United States of America,Country of Headquarters,New York Consolidated,2025-05-09,2025-11-08,53417117.0,420607.22047244094,0.01559306071660875,2026-02-18T13:16:16Z,[]
667905,etor-quarterly-earnings-gaap-eps-11-10-2025-0pt55,ETOR,ETOR.N,2025-11-10T15:14:50Z,2025-11-10,2025-11-08,eToro Group Ltd,2919595101.44,15.0,Financials,Capital Markets,Investment Banking & Brokerage Services,Israel,IL,Israel,United States of America,Country of Headquarters,New York Stock Exchange,2025-05-09,2025-11-08,1589350.0,12817.338709677419,0.0352755018231515,2026-02-18T13:16:16Z,[]
647847,psky-quarterly-earnings-gaap-eps-11-10-2025-0pt35,PSKY,PSKY.N,2025-11-12T07:19:51Z,2025-11-12,2025-11-10,Paramount Skydance Corp,16342921399.25,26.0,Communication Services,Media,Entertainment Production,United States of America,US,United States of America,United States of America,Country of Headquarters,New York Stock Exchange,2025-05-11,2025-11-10,27964204.0,220190.58267716537,0.04243697707996859,2026-02-18T13:16:16Z,[]
667880,oxy-quarterly-earnings-nongaap-eps-11-10-2025-0pt51,OXY,OXY,2025-11-10T23:45:36Z,2025-11-10,2025-11-08,Occidental Petroleum Corp,40699043028.54,26.0,Energy,"Oil, Gas & Consumable Fuels",Oil & Gas Exploration and Production,United States of America,US,United States of America,United States of America,Country of Headquarters,New York Consolidated,2025-05-09,2025-11-08,1370908636.0,10794556.188976377,0.01924631273683753,2026-02-18T13:16:16Z,[]
667914,gety-quarterly-earnings-gaap-eps-11-10-2025-0pt04,GETY,GETY.N,2025-11-10T23:36:28Z,2025-11-10,2025-11-08,Getty Images Holdings Inc,736072520.37,3.0,Communication Services,Interactive Media & Services,Online Services,United States of America,US,United States of America,United States of America,Country of Headquarters,New York Stock Exchange,2025-05-09,2025-11-08,38604921.0,303975.7559055118,0.04188544050156311,2026-02-18T13:16:16Z,[]
667915,chgg-quarterly-earnings-nongaap-eps-11-10-2025-neg0pt08,CHGG,CHGG.N,2025-11-11T00:14:36Z,2025-11-11,2025-11-09,Chegg Inc,97351411.9172,4.0,Consumer Discretionary,Diversified Consumer Services,Professional Information Services,United States of America,US,United States of America,United States of America,Country of Headquarters,New York Stock Exchange,2025-05-10,2025-11-09,80368507.0,637845.2936507936,0.07488218417688607,2026-02-18T13:16:16Z,[]
667924,bcsf-quarterly-earnings-gaap-eps-11-10-2025-0pt45,BCSF,BCSF.N,2025-11-11T01:33:36Z,2025-11-11,2025-11-09,Bain Capital Specialty Finance Inc,901023562.23,3.0,Financials,Capital Markets,Investment Management & Fund Operators,United States of America,US,United States of America,United States of America,Country of Headquarters,New York Stock Exchange,2025-05-10,2025-11-09,10446612.0,82909.61904761905,0.012349502539570609,2026-02-18T13:16:16Z,[]
668446,real-quarterly-earnings-nongaap-eps-11-10-2025-neg0pt06,REAL,REAL.N,2025-11-10T23:49:38Z,2025-11-10,2025-11-08,RealReal Inc,1282344488.53,8.0,Consumer Discretionary,Specialty Retail,Department Stores,United States of America,US,United States of America,United States of America,Country of Headquarters,New York Stock Exchange,2025-05-09,2025-11-08,8793209.0,69237.86614173229,0.043627766891423087,2026-02-18T13:16:16Z,[]
668447,tbph-quarterly-earnings-gaap-eps-11-10-2025-neg0pt13,TBPH,TBPH.N,2025-11-10T23:41:42Z,2025-11-10,2025-11-08,Theravance Biopharma Inc,747418357.25,6.0,Health Care,Pharmaceuticals,Pharmaceuticals,Cayman Islands,KY,United States of America,United States of America,Country of Headquarters,New York Stock Exchange,2025-05-09,2025-11-08,723498.0,5696.834645669292,0.02612929057339421,2026-02-18T13:16:16Z,[]
668448,ihrt-quarterly-earnings-gaap-eps-11-10-2025-neg0pt01,IHRT,IHRT.N,2025-11-12T07:22:43Z,2025-11-12,2025-11-10,iHeartMedia Inc,686224436.4,4.0,Communication Services,Media,Broadcasting,United States of America,US,United States of America,United States of America,Country of Headquarters,New York Stock Exchange,2025-05-11,2025-11-10,2041289.0,16073.141732283464,0.05691226775407873,2026-02-18T13:16:16Z,[]
668453,oklo-quarterly-earnings-gaap-eps-11-11-2025-neg0pt12,OKLO,OKLO.N,2025-11-12T01:17:33Z,2025-11-12,2025-11-10,Oklo Inc,17424673804.0,18.0,Utilities,Electric Utilities,Electric Utilities,United States of America,US,United States of America,United States of America,Country of Headquarters,New York Stock Exchange,2025-05-11,2025-11-10,424631774.0,3343557.275590551,0.06965413222061215,2026-02-18T13:16:16Z,[]
668475,pxlw-quarterly-earnings-nongaap-eps-11-11-2025-neg0pt86,PXLW,PXLW.N,2025-11-12T00:05:21Z,2025-11-12,2025-11-10,Pixelworks Inc,38579430.85,1.0,Information Technology,Semiconductors & Semiconductor Equipment,Semiconductors,United States of America,US,United States of America,United States of America,Country of Headquarters,New York Stock Exchange,2025-05-11,2025-11-10,111773.0,1006.9639639639639,0.12300273380217086,2026-02-18T13:16:16Z,[]
674911,femy-quarterly-earnings-gaap-eps-11-11-2025-neg0pt12,FEMY,FEMY.N,2025-11-15T02:09:54Z,2025-11-15,2025-11-13,Femasys Inc,48339422.5184,3.0,Health Care,Health Care Equipment & Supplies,"Medical Equipment, Supplies & Distribution",United States of America,US,United States of America,United States of America,Country of Headquarters,New York Stock Exchange,2025-05-14,2025-11-13,1370113.0,13565.475247524753,0.10971111396835849,2026-02-18T13:16:16Z,[]
656803,ewcz-quarterly-earnings-gaap-eps-11-12-2025-0pt04,EWCZ,EWCZ.N,2025-11-12T14:01:17Z,2025-11-12,2025-11-10,European Wax Center Inc,198958774.86,8.0,Consumer Discretionary,Diversified Consumer Services,Personal Services,United States of America,US,United States of America,United States of America,Country of Headquarters,New York Stock Exchange,2025-05-11,2025-11-10,1576459.0,12413.062992125984,0.039737552036787784,2026-02-18T13:16:16Z,[]
668460,crcl-quarterly-earnings-gaap-eps-11-12-2025-0pt17,CRCL,CRCL.N,2025-11-12T13:49:11Z,2025-11-12,2025-11-10,Circle Internet Group Inc,24513009023.1,21.0,Information Technology,Software,Financial Technology (Fintech),United States of America,US,United States of America,United States of America,Country of Headquarters,New York Stock Exchange,2025-05-11,2025-11-10,255665899.0,2324235.4454545453,0.0785649966621984,2026-02-18T13:16:16Z,[]
668459,flut-quarterly-earnings-nongaap-eps-11-12-2025-0pt53,FLUT,FLUT.N,2025-11-12T23:22:08Z,2025-11-12,2025-11-10,Flutter Entertainment PLC,40286893932.3,26.0,Consumer Discretionary,"Hotels, Restaurants & Leisure",Casinos & Gaming,United States of America,US,United States of America,United States of America,Country of Headquarters,New York Stock Exchange,2025-05-11,2025-11-10,78301709.0,616548.8897637795,0.021123117723620157,2026-02-18T13:16:16Z,[]
668465,rum-quarterly-earnings-gaap-eps-11-12-2025-neg0pt06,RUM,RUM.N,2025-11-11T01:09:14Z,2025-11-11,2025-11-09,Rumble Inc,1997129974.67,4.0,Communication Services,Interactive Media & Services,Online Services,United States of America,US,United States of America,United States of America,Country of Headquarters,New York Stock Exchange,2025-05-10,2025-11-09,5546783.0,44022.0873015873,0.03447006100427753,2026-02-18T13:16:16Z,[]
668474,plby-quarterly-earnings-gaap-eps-11-12-2025-neg0pt02,PLBY,PLBY.N,2025-11-13T02:04:22Z,2025-11-13,2025-11-11,Playboy Inc,145472452.2,3.0,Consumer Discretionary,"Textiles, Apparel & Luxury Goods",Apparel & Accessories Retailers,United States of America,US,United States of America,United States of America,Country of Headquarters,New York Stock Exchange,2025-05-12,2025-11-11,578074.0,4516.203125,0.04249747091799371,2026-02-18T13:16:16Z,[]
668496,csco-quarterly-earnings-nongaap-eps-11-12-2025-0pt98,CSCO,CSCO.N,2025-11-13T01:40:30Z,2025-11-13,2025-11-11,Cisco Systems Inc,282589383152.68,25.0,Information Technology,Communications Equipment,Communications & Networking,United States of America,US,United States of America,United States of America,Country of Headquarters,New York Stock Exchange,2025-05-12,2025-11-11,53795588.0,420278.03125,0.012458822499300587,2026-02-18T13:16:16Z,[]
668497,dis-quarterly-earnings-nongaap-eps-11-13-2025-1pt02,DIS,DIS,2025-11-13T14:08:48Z,2025-11-13,2025-11-11,Walt Disney Co,205040423963.1,32.0,Communication Services,Entertainment,Broadcasting,United States of America,US,United States of America,United States of America,Country of Headquarters,New York Consolidated,2025-05-12,2025-11-11,1095178330.0,8556080.703125,0.010655088466577426,2026-02-18T13:16:16Z,[]
668512,gamb-quarterly-earnings-nongaap-eps-11-13-2025-0pt16,GAMB,GAMB.N,2025-11-13T14:55:16Z,2025-11-13,2025-11-11,Gambling.com Group Ltd,240541568.64,7.0,Communication Services,Media,Advertising & Marketing,Jersey,JE,Jersey,United States of America,Country of Headquarters,New York Stock Exchange,2025-05-12,2025-11-11,1506480.0,11769.375,0.02932591056073519,2026-02-18T13:16:16Z,[]
668515,btm-quarterly-earnings-gaap-eps-11-13-2025-0pt1,BTM,BTM.N,2025-11-13T16:04:20Z,2025-11-13,2025-11-11,Bitcoin Depot Inc,193799721.08,3.0,Industrials,Commercial Services & Supplies,Business Support Services,United States of America,US,United States of America,United States of America,Country of Headquarters,New York Stock Exchange,2025-05-12,2025-11-11,4576988.0,35757.71875,0.06675621498800531,2026-02-18T13:16:16Z,[]
668506,amat-quarterly-earnings-nongaap-eps-11-13-2025-2pt1,AMAT,AMAT.N,2025-11-13T23:16:46Z,2025-11-13,2025-11-11,Applied Materials Inc,182168223782.09,33.0,Information Technology,Semiconductors & Semiconductor Equipment,Semiconductor Equipment & Testing,United States of America,US,United States of America,United States of America,Country of Headquarters,New York Stock Exchange,2025-05-12,2025-11-11,12247486.0,95683.484375,0.025980116682875035,2026-02-18T13:16:16Z,[]
668511,nmax-quarterly-earnings-gaap-eps-11-13-2025-neg0pt07,NMAX,NMAX.N,2025-11-14T00:14:30Z,2025-11-14,2025-11-12,Newsmax Inc,1136336247.2,2.0,Communication Services,Media,Broadcasting,United States of America,US,United States of America,United States of America,Country of Headquarters,New York Stock Exchange,2025-05-13,2025-11-12,17348816.0,135537.625,0.045665100188655466,2026-02-18T13:16:16Z,[]
668514,spce-quarterly-earnings-gaap-eps-11-13-2025-neg1pt5,SPCE,SPCE.N,2025-11-13T23:22:26Z,2025-11-13,2025-11-11,Virgin Galactic Holdings Inc,230048891.8,9.0,Industrials,Aerospace & Defense,Aerospace & Defense,United States of America,US,United States of America,United States of America,Country of Headquarters,New York Stock Exchange,2025-05-12,2025-11-11,94232687.0,736192.8671875,0.05632409927050509,2026-02-18T13:16:16Z,[]
668522,deft-quarterly-earnings-gaap-eps-11-13-2025-0pt05,DEFT,DEFT.N,2025-11-14T16:32:02Z,2025-11-14,2025-11-12,DeFi Technologies Inc,661268932.524099,8.0,Financials,Capital Markets,Financial Technology (Fintech),Canada,CA,Canada,United States of America,Country of Headquarters,New York Stock Exchange,2025-05-13,2025-11-12,22031533.0,172121.3515625,0.05010962725670835,2026-02-18T13:16:16Z,[]
668521,qubt-quarterly-earnings-gaap-eps-11-14-2025-neg0pt06,QUBT,QUBT.N,2025-11-15T02:11:58Z,2025-11-15,2025-11-13,Quantum Computing Inc,2247956739.12,3.0,Information Technology,"Technology Hardware, Storage & Peripherals",Software,United States of America,US,United States of America,United States of America,Country of Headquarters,New York Stock Exchange,2025-05-14,2025-11-13,64858910.0,506710.234375,0.07703488944616083,2026-02-18T13:16:16Z,[]
674912,hd-quarterly-earnings-nongaap-eps-11-18-2025-3pt85,HD,HD,2025-11-18T18:21:19Z,2025-11-18,2025-11-16,Home Depot Inc,360688305406.92,37.0,Consumer Discretionary,Specialty Retail,Home Improvement Products & Services Retailers,United States of America,US,United States of America,United States of America,Country of Headquarters,New York Consolidated,2025-05-17,2025-11-16,436805173.0,3466707.722222222,0.011733302600566353,2026-02-18T13:16:16Z,[]
675008,acm-quarterly-earnings-nongaap-eps-11-18-2025-1pt34,ACM,ACM,2025-11-18T18:22:21Z,2025-11-18,2025-11-16,AECOM,17602386488.64,14.0,Industrials,Construction & Engineering,Construction & Engineering,United States of America,US,United States of America,United States of America,Country of Headquarters,New York Consolidated,2025-05-17,2025-11-16,112153646.0,890108.3015873015,0.011993563253531849,2026-02-18T13:16:16Z,[]
675024,as-quarterly-earnings-nongaap-eps-11-18-2025-0pt25,AS,AS,2025-11-18T18:23:19Z,2025-11-18,2025-11-16,Amer Sports Inc,16813779422.52,23.0,Consumer Discretionary,"Textiles, Apparel & Luxury Goods",Miscellaneous Specialty Retailers,Finland,FI,Finland,United States of America,Country of Headquarters,New York Consolidated,2025-05-17,2025-11-16,595980391.0,4730003.103174604,0.028566726521300028,2026-02-18T13:16:16Z,[]
675502,wb-quarterly-earnings-nongaap-eps-11-18-2025-0pt43,WB,WB.N,2025-11-18T18:22:19Z,2025-11-18,2025-11-16,Weibo Corp,2540033347.04997,16.0,Communication Services,Interactive Media & Services,Online Services,China,CN,China,United States of America,Country of Headquarters,New York Stock Exchange,2025-05-17,2025-11-16,3363507.0,26694.5,0.02442314890802801,2026-02-18T13:16:16Z,[]
675503,lzb-quarterly-earnings-nongaap-eps-11-18-2025-0pt54,LZB,LZB,2025-11-18T23:36:29Z,2025-11-18,2025-11-16,La-Z-Boy Inc,1252318729.2,3.0,Consumer Discretionary,Household Durables,Home Furnishings,United States of America,US,United States of America,United States of America,Country of Headquarters,New York Consolidated,2025-05-17,2025-11-16,64017353.0,508074.2301587302,0.020421274163260988,2026-02-18T13:16:16Z,[]
675495,dlb-quarterly-earnings-nongaap-eps-11-18-2025-0pt71,DLB,DLB,2025-11-19T00:32:45Z,2025-11-19,2025-11-17,Dolby Laboratories Inc,6164905264.05,4.0,Information Technology,Software,Software,United States of America,US,United States of America,United States of America,Country of Headquarters,New York Consolidated,2025-05-18,2025-11-17,56114514.0,441846.56692913384,0.013531143283454056,2026-02-18T13:16:16Z,[]
675497,powl-quarterly-earnings-gaap-eps-11-18-2025-3pt76,POWL,POWL.N,2025-11-19T00:32:45Z,2025-11-19,2025-11-17,Powell Industries Inc,3842984898.23,4.0,Industrials,Electrical Equipment,Electrical Components & Equipment,United States of America,US,United States of America,United States of America,Country of Headquarters,New York Stock Exchange,2025-05-18,2025-11-17,370714.0,2919.0078740157483,0.03459851227386006,2026-02-18T13:16:16Z,[]
674909,wsm-quarterly-earnings-gaap-eps-11-19-2025-1pt86,WSM,WSM,2025-11-19T23:36:53Z,2025-11-19,2025-11-17,Williams-Sonoma Inc,21830746680.0,24.0,Consumer Discretionary,Specialty Retail,Home Furnishings Retailers,United States of America,US,United States of America,United States of America,Country of Headquarters,New York Consolidated,2025-05-18,2025-11-17,173694666.0,1367674.535433071,0.021062738815090392,2026-02-18T13:16:16Z,[]
675506,low-quarterly-earnings-gaap-eps-11-19-2025-2pt98,LOW,LOW,2025-11-19T15:21:37Z,2025-11-19,2025-11-17,Lowe's Companies Inc,126225000000.0,35.0,Consumer Discretionary,Specialty Retail,Home Improvement Products & Services Retailers,United States of America,US,United States of America,United States of America,Country of Headquarters,New York Consolidated,2025-05-18,2025-11-17,352587920.0,2776282.8346456694,0.013260785793947434,2026-02-18T13:16:16Z,[]
675507,tgt-quarterly-earnings-nongaap-eps-11-19-2025-1pt73,TGT,TGT,2025-11-19T15:20:41Z,2025-11-19,2025-11-17,Target Corp,40063436089.6,39.0,Consumer Staples,Consumer Staples Distribution & Retail,Discount Stores,United States of America,US,United States of America,United States of America,Country of Headquarters,New York Consolidated,2025-05-18,2025-11-17,925643412.0,7288530.803149606,0.01900973872110467,2026-02-18T13:16:16Z,[]
675508,vik-quarterly-earnings-nongaap-eps-11-19-2025-1pt19,VIK,VIK,2025-11-19T15:29:25Z,2025-11-19,2025-11-17,Viking Holdings Ltd,25401126121.56,18.0,Consumer Discretionary,"Hotels, Restaurants & Leisure",Leisure & Recreation,Bermuda,BM,Bermuda,United States of America,Country of Headquarters,New York Consolidated,2025-05-18,2025-11-17,354199436.0,2788971.937007874,0.01729539860722926,2026-02-18T13:16:16Z,[]
675509,dy-quarterly-earnings-gaap-eps-11-19-2025-3pt2,DY,DY,2025-11-19T15:36:03Z,2025-11-19,2025-11-17,Dycom Industries Inc,8505846250.77,9.0,Industrials,Construction & Engineering,Construction & Engineering,United States of America,US,United States of America,United States of America,Country of Headquarters,New York Consolidated,2025-05-18,2025-11-17,47167132.0,371394.7401574803,0.021263250207873143,2026-02-18T13:16:16Z,[]
675510,wix-quarterly-earnings-nongaap-eps-11-19-2025-1pt49,WIX,WIX.N,2025-11-19T15:20:41Z,2025-11-19,2025-11-17,Wix.Com Ltd,6795213119.44,20.0,Information Technology,IT Services,Online Services,Israel,IL,United States of America,United States of America,Country of Headquarters,New York Stock Exchange,2025-05-18,2025-11-17,2686735.0,21155.3937007874,0.033240056899654674,2026-02-18T13:16:16Z,[]
675626,blsh-quarterly-earnings-gaap-eps-11-19-2025-1pt59,BLSH,BLSH.N,2025-11-19T15:23:29Z,2025-11-19,2025-11-17,Bullish,5372252408.25,10.0,Financials,Capital Markets,Blockchain & Cryptocurrency,Cayman Islands,KY,Cayman Islands,United States of America,Country of Headquarters,New York Stock Exchange,2025-05-18,2025-11-17,59041477.0,868257.0147058824,0.05959463257720264,2026-02-18T13:16:16Z,[]
675504,nvda-quarterly-earnings-nongaap-eps-11-19-2025-1pt25,NVDA,NVDA.N,2025-11-19T23:23:45Z,2025-11-19,2025-11-17,NVIDIA Corp,4534380000000.0,65.0,Information Technology,Semiconductors & Semiconductor Equipment,Semiconductors,United States of America,US,United States of America,United States of America,Country of Headquarters,New York Stock Exchange,2025-05-18,2025-11-17,261640161.0,2060158.748031496,0.020074281502119564,2026-02-18T13:16:16Z,[]
675505,panw-quarterly-earnings-nongaap-eps-11-19-2025-0pt89,PANW,PANW.N,2025-11-19T23:39:55Z,2025-11-19,2025-11-17,Palo Alto Networks Inc,141421300000.0,54.0,Information Technology,Software,Software,United States of America,US,United States of America,United States of America,Country of Headquarters,New York Stock Exchange,2025-05-18,2025-11-17,10125665.0,79729.64566929133,0.019483585215304928,2026-02-18T13:16:16Z,[]
675511,wmt-quarterly-earnings-nongaap-eps-11-20-2025-0pt6,WMT,WMT.N,2025-11-20T16:41:13Z,2025-11-20,2025-11-18,Walmart Inc,808367375259.58,41.0,Consumer Staples,Consumer Staples Distribution & Retail,Food Retail & Distribution,United States of America,US,United States of America,United States of America,Country of Headquarters,New York Stock Exchange,2025-05-19,2025-11-18,,,,2026-02-18T13:16:16Z,"[""turnover_missing_window"", ""volatility_missing_window""]"
675514,avr-quarterly-earnings-gaap-eps-11-20-2025-neg0pt54,AVR,AVR.N,2025-11-13T19:52:42Z,2025-11-13,2025-11-11,Anteris Technologies Global Corp,155726814.6,3.0,Health Care,Health Care Equipment & Supplies,"Medical Equipment, Supplies & Distribution",United States of America,US,United States of America,United States of America,Country of Headquarters,New York Stock Exchange,2025-05-12,2025-11-11,251626.0,1965.828125,0.06253553523853449,2026-02-18T13:16:16Z,[]
675540,bbwi-quarterly-earnings-nongaap-eps-11-20-2025-0pt4,BBWI,BBWI.N,2025-11-20T16:41:13Z,2025-11-20,2025-11-18,Bath & Body Works Inc,4319625865.5,16.0,Consumer Discretionary,Specialty Retail,Miscellaneous Specialty Retailers,United States of America,US,United States of America,United States of America,Country of Headquarters,New York Stock Exchange,2025-05-19,2025-11-18,181954762.0,1421521.578125,0.02648226728767555,2026-02-18T13:16:16Z,[]
675513,intu-quarterly-earnings-nongaap-eps-11-20-2025-3pt09,INTU,INTU.N,2025-11-20T23:40:01Z,2025-11-20,2025-11-18,Intuit Inc,180884832000.0,33.0,Information Technology,Software,Financial Technology (Fintech),United States of America,US,United States of America,United States of America,Country of Headquarters,New York Stock Exchange,2025-05-19,2025-11-18,3618923.0,28272.8359375,0.015880810825200077,2026-02-18T13:16:16Z,[]
675520,gap-quarterly-earnings-gaap-eps-11-20-2025-0pt58,GAP,GAP,2025-11-20T23:32:55Z,2025-11-20,2025-11-18,Gap Inc,8870333499.0,20.0,Consumer Discretionary,Specialty Retail,Apparel & Accessories Retailers,United States of America,US,United States of America,United States of America,Country of Headquarters,New York Consolidated,2025-05-19,2025-11-18,1267720089.0,9904063.1953125,0.030486274376768093,2026-02-18T13:16:16Z,[]
675612,bj-quarterly-earnings-nongaap-eps-11-21-2025-1pt09,BJ,BJ,2025-11-21T18:43:33Z,2025-11-21,2025-11-19,BJ's Wholesale Club Holdings Inc,12030400945.18,22.0,Consumer Staples,Consumer Staples Distribution & Retail,Discount Stores,United States of America,US,United States of America,United States of America,Country of Headquarters,New York Consolidated,2025-05-20,2025-11-19,258861667.0,2022356.7734375,0.01702734615551359,2026-02-18T13:16:16Z,[]
668520,snex-quarterly-earnings-gaap-eps-11-18-2025-1pt56,SNEX,SNEX.N,2025-11-25T09:58:59Z,2025-11-25,2025-11-23,StoneX Group Inc,4373336115.61,2.0,Financials,Capital Markets,Investment Banking & Brokerage Services,United States of America,US,United States of America,United States of America,Country of Headquarters,New York Stock Exchange,2025-05-24,2025-11-23,857442.0,6805.0952380952385,0.025151850804814056,2026-02-18T13:16:16Z,[]
674910,wwd-quarterly-earnings-gaap-eps-11-24-2025-1pt88,WWD,WWD.N,2025-11-25T12:23:53Z,2025-11-25,2025-11-23,Woodward Inc,15753126256.7,11.0,Industrials,Aerospace & Defense,Aerospace & Defense,United States of America,US,United States of America,United States of America,Country of Headquarters,New York Stock Exchange,2025-05-24,2025-11-23,1033926.0,8205.761904761905,0.01462824059671263,2026-02-18T13:16:16Z,[]
675603,zm-quarterly-earnings-nongaap-eps-11-24-2025-1pt44,ZM,ZM.N,2025-11-25T02:59:31Z,2025-11-25,2025-11-23,Zoom Communications Inc,23282419192.47,31.0,Information Technology,Software,Software,United States of America,US,United States of America,United States of America,Country of Headquarters,New York Stock Exchange,2025-05-24,2025-11-23,5062633.0,40179.62698412698,0.018269863093782195,2026-02-18T13:16:16Z,[]
675618,smtc-quarterly-earnings-nongaap-eps-11-24-2025-0pt45,SMTC,SMTC.N,2025-11-25T07:25:27Z,2025-11-25,2025-11-23,Semtech Corp,5908682639.45,14.0,Information Technology,Semiconductors & Semiconductor Equipment,Semiconductors,United States of America,US,United States of America,United States of America,Country of Headquarters,New York Stock Exchange,2025-05-24,2025-11-23,3108160.0,24667.93650793651,0.03561917262714577,2026-02-18T13:16:16Z,[]
674923,burl-quarterly-earnings-gaap-eps-11-25-2025-1pt55,BURL,BURL.N,2025-11-26T06:32:25Z,2025-11-26,2025-11-24,Burlington Stores Inc,17900845396.82,18.0,Consumer Discretionary,Specialty Retail,Apparel & Accessories Retailers,United States of America,US,United States of America,United States of America,Country of Headquarters,New York Stock Exchange,2025-05-25,2025-11-24,32440748.0,255438.96062992126,0.020591018191476535,2026-02-18T13:16:16Z,[]
675613,adi-quarterly-earnings-nongaap-eps-11-25-2025-2pt23,ADI,ADI.N,2025-11-26T06:16:01Z,2025-11-26,2025-11-24,Analog Devices Inc,117223190821.8,36.0,Information Technology,Semiconductors & Semiconductor Equipment,Semiconductors,United States of America,US,United States of America,United States of America,Country of Headquarters,New York Stock Exchange,2025-05-25,2025-11-24,6753939.0,53180.62204724409,0.016416016592820507,2026-02-18T13:16:16Z,[]
675619,anf-quarterly-earnings-gaap-eps-11-25-2025-2pt22,ANF,ANF,2025-11-26T08:56:53Z,2025-11-26,2025-11-24,Abercrombie & Fitch Co,3088250758.98,13.0,Consumer Discretionary,Specialty Retail,Apparel & Accessories Retailers,United States of America,US,United States of America,United States of America,Country of Headquarters,New York Consolidated,2025-05-25,2025-11-24,279488610.0,2200697.716535433,0.030594524147192704,2026-02-18T13:16:16Z,[]
675620,kss-quarterly-earnings-gaap-eps-11-25-2025-neg0pt21,KSS,KSS,2025-11-26T06:14:01Z,2025-11-26,2025-11-24,Kohls Corp,1762934763.59,15.0,Consumer Discretionary,Broadline Retail,Department Stores,United States of America,US,United States of America,United States of America,Country of Headquarters,New York Consolidated,2025-05-25,2025-11-24,1145329759.0,9018344.559055118,0.053660894830711674,2026-02-18T13:16:16Z,[]
675627,dks-quarterly-earnings-nongaap-eps-11-25-2025-2pt7,DKS,DKS,2025-12-02T18:23:38Z,2025-12-02,2025-11-30,DICK'S Sporting Goods Inc,18584876912.42,29.0,Consumer Discretionary,Specialty Retail,Miscellaneous Specialty Retailers,United States of America,US,United States of America,United States of America,Country of Headquarters,New York Consolidated,2025-05-31,2025-11-30,188932468.0,1499464.0317460317,0.021494176032878568,2026-02-18T13:16:16Z,[]
675628,bby-quarterly-earnings-nongaap-eps-11-25-2025-1pt31,BBY,BBY,2025-11-26T03:09:25Z,2025-11-26,2025-11-24,Best Buy Co Inc,15887857659.3,27.0,Consumer Discretionary,Specialty Retail,Computer & Electronics Retailers,United States of America,US,United States of America,United States of America,Country of Headquarters,New York Consolidated,2025-05-25,2025-11-24,454060181.0,3575277.0157480314,0.022192489602217227,2026-02-18T13:16:16Z,[]
675629,sjm-quarterly-earnings-nongaap-eps-11-25-2025-2pt1,SJM,SJM,2025-11-26T08:58:49Z,2025-11-26,2025-11-24,J M Smucker Co,11125017476.29,20.0,Consumer Staples,Food Products,Food Processing,United States of America,US,United States of America,United States of America,Country of Headquarters,New York Consolidated,2025-05-25,2025-11-24,262289375.0,2065270.6692913387,0.02176122646945303,2026-02-18T13:16:16Z,[]
674922,pd-quarterly-earnings-nongaap-eps-11-25-2025-0pt25,PD,PD,2025-11-26T08:55:03Z,2025-11-26,2025-11-24,PagerDuty Inc,1363803307.44,10.0,Information Technology,Software,Software,United States of America,US,United States of America,United States of America,Country of Headquarters,New York Consolidated,2025-05-25,2025-11-24,256040975.0,2016070.6692913387,0.026770898067505777,2026-02-18T13:16:16Z,[]
675496,urbn-quarterly-earnings-gaap-eps-11-25-2025-1pt18,URBN,URBN.N,2025-11-26T08:51:59Z,2025-11-26,2025-11-24,Urban Outfitters Inc,5581909261.2,13.0,Consumer Discretionary,Specialty Retail,Apparel & Accessories Retailers,United States of America,US,United States of America,United States of America,Country of Headquarters,New York Stock Exchange,2025-05-25,2025-11-24,3203589.0,25225.110236220473,0.02517740396641542,2026-02-18T13:16:16Z,[]
675614,dell-quarterly-earnings-nongaap-eps-11-25-2025-2pt47,DELL,DELL.N,2025-11-26T07:24:51Z,2025-11-26,2025-11-24,Dell Technologies Inc,85262867281.26,28.0,Information Technology,"Technology Hardware, Storage & Peripherals",Computer Hardware,United States of America,US,United States of America,United States of America,Country of Headquarters,New York Stock Exchange,2025-05-25,2025-11-24,165562605.0,1303642.5590551181,0.02662193003961423,2026-02-18T13:16:16Z,[]
675615,adsk-quarterly-earnings-nongaap-eps-11-25-2025-2pt5,ADSK,ADSK.N,2025-11-26T08:41:01Z,2025-11-26,2025-11-24,Autodesk Inc,61448200000.0,30.0,Information Technology,Software,Software,United States of America,US,United States of America,United States of America,Country of Headquarters,New York Stock Exchange,2025-05-25,2025-11-24,2628341.0,20695.59842519685,0.016432040668651254,2026-02-18T13:16:16Z,[]
675616,wday-quarterly-earnings-nongaap-eps-11-25-2025-2pt17,WDAY,WDAY.N,2025-11-26T08:39:05Z,2025-11-26,2025-11-24,Workday Inc,59606320000.0,41.0,Information Technology,Software,Software,United States of America,US,United States of America,United States of America,Country of Headquarters,New York Stock Exchange,2025-05-25,2025-11-24,5038890.0,39676.299212598424,0.01848103908242027,2026-02-18T13:16:16Z,[]
675617,hpq-quarterly-earnings-nongaap-eps-11-25-2025-0pt92,HPQ,HPQ,2025-11-26T04:00:41Z,2025-11-26,2025-11-24,HP Inc,22788031127.38,18.0,Information Technology,"Technology Hardware, Storage & Peripherals",Computer Hardware,United States of America,US,United States of America,United States of America,Country of Headquarters,New York Consolidated,2025-05-25,2025-11-24,1301498474.0,10248019.48031496,0.022326119858656318,2026-02-18T13:16:16Z,[]
675621,de-quarterly-earnings-gaap-eps-11-26-2025-3pt87,DE,DE,2025-11-26T18:25:47Z,2025-11-26,2025-11-24,Deere & Co,131712589664.16,26.0,Industrials,Machinery,Heavy Machinery & Vehicles,United States of America,US,United States of America,United States of America,Country of Headquarters,New York Consolidated,2025-05-25,2025-11-24,163837683.0,1290060.4960629921,0.013954123098177272,2026-02-18T13:16:16Z,[]
674921,fro-quarterly-earnings-nongaap-eps-11-28-2025-0pt23,FRO,FRO,2025-11-22T00:30:59Z,2025-11-22,2025-11-20,Frontline Plc,5563345996.11,8.0,Energy,"Oil, Gas & Consumable Fuels",Oil & Gas Transportation Services,Cyprus,CY,Cyprus,United States of America,Country of Headquarters,New York Consolidated,2025-05-21,2025-11-20,328931122.0,2569774.390625,0.026054518727618416,2026-02-18T13:16:16Z,[]
696247,mdb-quarterly-earnings-nongaap-eps-12-01-2025-0pt79,MDB,MDB.N,2025-12-01T23:35:06Z,2025-12-01,2025-11-29,MongoDB Inc,27052179271.2,42.0,Information Technology,IT Services,Software,United States of America,US,United States of America,United States of America,Country of Headquarters,New York Stock Exchange,2025-05-30,2025-11-29,5216674.0,41076.17322834646,0.03902605718744109,2026-02-18T13:16:16Z,[]
696263,unfi-quarterly-earnings-nongaap-eps-12-02-2025-0pt4,UNFI,UNFI.N,2025-12-02T14:14:08Z,2025-12-02,2025-11-30,United Natural Foods Inc,2273366092.27,10.0,Consumer Staples,Consumer Staples Distribution & Retail,Food Retail & Distribution,United States of America,US,United States of America,United States of America,Country of Headquarters,New York Stock Exchange,2025-05-31,2025-11-30,43350694.0,344053.126984127,0.03390296512899574,2026-02-18T13:16:16Z,[]
696252,crwd-quarterly-earnings-nongaap-eps-12-02-2025-0pt94,CRWD,CRWD.N,2025-12-03T00:51:29Z,2025-12-03,2025-12-01,CrowdStrike Holdings Inc,127090386557.2,53.0,Information Technology,Software,Software,United States of America,US,United States of America,United States of America,Country of Headquarters,New York Stock Exchange,2025-06-01,2025-12-01,4995409.0,39333.92913385827,0.023377048374619586,2026-02-18T13:16:16Z,[]
696257,okta-quarterly-earnings-nongaap-eps-12-02-2025-0pt76,OKTA,OKTA.N,2025-12-03T00:52:27Z,2025-12-03,2025-12-01,Okta Inc,14291845021.44,46.0,Information Technology,IT Services,IT Services & Consulting,United States of America,US,United States of America,United States of America,Country of Headquarters,New York Stock Exchange,2025-06-01,2025-12-01,4687977.0,36913.20472440945,0.018848681557690414,2026-02-18T13:16:16Z,[]
696258,aeo-quarterly-earnings-gaap-eps-12-02-2025-0pt43,AEO,AEO,2025-12-03T00:52:27Z,2025-12-03,2025-12-01,American Eagle Outfitters Inc,3598450392.5,12.0,Consumer Discretionary,Specialty Retail,Apparel & Accessories Retailers,United States of America,US,United States of America,United States of America,Country of Headquarters,New York Consolidated,2025-06-01,2025-12-01,1360305583.0,10711067.582677165,0.04681860013943721,2026-02-18T13:16:16Z,[]
696259,asan-quarterly-earnings-nongaap-eps-12-02-2025-0pt06,ASAN,ASAN.N,2025-12-03T00:52:27Z,2025-12-03,2025-12-01,Asana Inc,3027767012.77,15.0,Information Technology,Software,Software,United States of America,US,United States of America,United States of America,Country of Headquarters,New York Stock Exchange,2025-06-01,2025-12-01,138624991.0,1091535.3622047245,0.03497973296323358,2026-02-18T13:16:16Z,[]
697448,dltr-quarterly-earnings-nongaap-eps-12-03-2025-1pt08,DLTR,DLTR.N,2025-12-03T23:57:01Z,2025-12-03,2025-12-01,Dollar Tree Inc,21851976719.43,28.0,Consumer Staples,Consumer Staples Distribution & Retail,Discount Stores,United States of America,US,United States of America,United States of America,Country of Headquarters,New York Stock Exchange,2025-06-01,2025-12-01,7087702.0,55808.67716535433,0.02307086956957156,2026-02-18T13:16:16Z,[]
697451,m-quarterly-earnings-nongaap-eps-12-03-2025-neg0pt15,M,M,2025-12-03T23:57:01Z,2025-12-03,2025-12-01,Macy's Inc,6067452547.38,13.0,Consumer Discretionary,Broadline Retail,Department Stores,United States of America,US,United States of America,United States of America,Country of Headquarters,New York Consolidated,2025-06-01,2025-12-01,1013245035.0,7978307.362204724,0.030603203065301537,2026-02-18T13:16:16Z,[]
697452,cxm-quarterly-earnings-nongaap-eps-12-03-2025-0pt09,CXM,CXM,2025-12-03T17:09:27Z,2025-12-03,2025-12-01,Sprinklr Inc,1793408208.72,9.0,Information Technology,Software,Software,United States of America,US,United States of America,United States of America,Country of Headquarters,New York Consolidated,2025-06-01,2025-12-01,264731100.0,2084496.8503937009,0.022586302774904796,2026-02-18T13:16:16Z,[]
697446,crm-quarterly-earnings-nongaap-eps-12-03-2025-2pt86,CRM,CRM,2025-12-03T23:55:59Z,2025-12-03,2025-12-01,Salesforce Inc,218161710000.0,55.0,Information Technology,Software,IT Services & Consulting,United States of America,US,United States of America,United States of America,Country of Headquarters,New York Consolidated,2025-06-01,2025-12-01,1044890326.0,8227482.881889764,0.01840673013026575,2026-02-18T13:16:16Z,[]
697447,snow-quarterly-earnings-nongaap-eps-12-03-2025-0pt31,SNOW,SNOW.N,2025-12-03T23:57:01Z,2025-12-03,2025-12-01,Snowflake Inc,86234400000.0,51.0,Information Technology,IT Services,IT Services & Consulting,United States of America,US,United States of America,United States of America,Country of Headquarters,New York Stock Exchange,2025-06-01,2025-12-01,107834913.0,849093.8031496063,0.027432571259078352,2026-02-18T13:16:16Z,[]
700377,five-quarterly-earnings-nongaap-eps-12-03-2025-0pt24,FIVE,FIVE.N,2025-12-03T23:57:01Z,2025-12-03,2025-12-01,Five Below Inc,8921984296.98,25.0,Consumer Discretionary,Specialty Retail,Department Stores,United States of America,US,United States of America,United States of America,Country of Headquarters,New York Stock Exchange,2025-06-01,2025-12-01,2636906.0,20763.03937007874,0.023524867274852722,2026-02-18T13:16:16Z,[]
697463,dg-quarterly-earnings-gaap-eps-12-04-2025-0pt92,DG,DG,2025-12-04T16:23:15Z,2025-12-04,2025-12-02,Dollar General Corp,24219679376.13,31.0,Consumer Staples,Consumer Staples Distribution & Retail,Discount Stores,United States of America,US,United States of America,United States of America,Country of Headquarters,New York Consolidated,2025-06-02,2025-12-02,397030013.0,3101796.9765625,0.020955719846997133,2026-02-18T13:16:16Z,[]
697475,kr-quarterly-earnings-nongaap-eps-12-04-2025-1pt03,KR,KR,2025-12-04T16:25:19Z,2025-12-04,2025-12-02,Kroger Co,43033260000.0,25.0,Consumer Staples,Consumer Staples Distribution & Retail,Food Retail & Distribution,United States of America,US,United States of America,United States of America,Country of Headquarters,New York Consolidated,2025-06-02,2025-12-02,898988925.0,7023350.9765625,0.015899823161958752,2026-02-18T13:16:16Z,[]
697476,bbw-quarterly-earnings-gaap-eps-12-04-2025-0pt59,BBW,BBW,2025-12-04T16:24:17Z,2025-12-04,2025-12-02,Build-A-Bear Workshop Inc,688073149.94,4.0,Consumer Discretionary,Specialty Retail,Miscellaneous Specialty Retailers,United States of America,US,United States of America,United States of America,Country of Headquarters,New York Consolidated,2025-06-02,2025-12-02,40722010.0,318140.703125,0.031842419788060586,2026-02-18T13:16:16Z,[]
697462,hpe-quarterly-earnings-nongaap-eps-12-04-2025-0pt58,HPE,HPE,2025-12-04T23:54:41Z,2025-12-04,2025-12-02,Hewlett Packard Enterprise Co,28912480000.0,22.0,Information Technology,"Technology Hardware, Storage & Peripherals",Computer Hardware,United States of America,US,United States of America,United States of America,Country of Headquarters,New York Consolidated,2025-06-02,2025-12-02,3175225514.0,24806449.328125,0.023209564971750102,2026-02-18T13:16:16Z,[]
697468,iot-quarterly-earnings-nongaap-eps-12-04-2025-0pt12,IOT,IOT,2025-12-04T23:54:41Z,2025-12-04,2025-12-02,Samsara Inc,21914614084.86,21.0,Information Technology,Software,Software,United States of America,US,United States of America,United States of America,Country of Headquarters,New York Consolidated,2025-06-02,2025-12-02,720455000.0,5628554.6875,0.030312086113794164,2026-02-18T13:16:16Z,[]
697469,rbrk-quarterly-earnings-nongaap-eps-12-04-2025-neg0pt17,RBRK,RBRK.N,2025-12-04T23:55:41Z,2025-12-04,2025-12-02,Rubrik Inc,13889823223.0,22.0,Information Technology,Software,Software,United States of America,US,United States of America,United States of America,Country of Headquarters,New York Stock Exchange,2025-06-02,2025-12-02,113434631.0,886208.0546875,0.03472982019560892,2026-02-18T13:16:16Z,[]
697470,docu-quarterly-earnings-nongaap-eps-12-04-2025-0pt91,DOCU,DOCU.N,2025-12-04T23:56:45Z,2025-12-04,2025-12-02,DocuSign Inc,13790780876.4,22.0,Information Technology,Software,Software,United States of America,US,United States of America,United States of America,Country of Headquarters,New York Stock Exchange,2025-06-02,2025-12-02,4943968.0,38624.75,0.030933363265913446,2026-02-18T13:16:16Z,[]
697477,swbi-quarterly-earnings-nongaap-eps-12-04-2025-0pt02,SWBI,SWBI.N,2025-12-04T23:55:41Z,2025-12-04,2025-12-02,Smith & Wesson Brands Inc,387985456.4,3.0,Consumer Discretionary,Leisure Products,Aerospace & Defense,United States of America,US,United States of America,United States of America,Country of Headquarters,New York Stock Exchange,2025-06-02,2025-12-02,2063714.0,16122.765625,0.02833497678172631,2026-02-18T13:16:16Z,[]
697474,vsco-quarterly-earnings-nongaap-eps-12-05-2025-neg0pt59,VSCO,VSCO.N,2025-12-05T15:34:27Z,2025-12-05,2025-12-03,Victoria's Secret & Co,3412231959.24,10.0,Consumer Discretionary,Specialty Retail,Apparel & Accessories Retailers,United States of America,US,United States of America,United States of America,Country of Headquarters,New York Stock Exchange,2025-06-03,2025-12-03,94572913.0,738850.8828125,0.035313967653702906,2026-02-18T13:16:16Z,[]
701948,orcl-quarterly-earnings-nongaap-eps-12-08-2025-1pt64,ORCL,ORCL.N,2025-12-11T01:33:43Z,2025-12-11,2025-12-09,Oracle Corp,636484488900.0,47.0,Information Technology,Software,Software,United States of America,US,United States of America,United States of America,Country of Headquarters,New York Stock Exchange,2025-06-09,2025-12-09,459249699.0,3587888.2734375,0.040570699192121376,2026-02-18T13:16:16Z,[]
697472,kfy-quarterly-earnings-nongaap-eps-12-04-2025-1pt31,KFY,KFY,2025-12-09T17:31:54Z,2025-12-09,2025-12-07,Korn Ferry,3448519950.08,5.0,Industrials,Professional Services,Employment Services,United States of America,US,United States of America,United States of America,Country of Headquarters,New York Consolidated,2025-06-07,2025-12-07,56364705.0,447338.9285714286,0.01602955570531667,2026-02-18T13:16:16Z,[]
697473,aso-quarterly-earnings-nongaap-eps-12-09-2025-1pt06,ASO,ASO.N,2025-12-09T17:31:54Z,2025-12-09,2025-12-07,Academy Sports and Outdoors Inc,3349401699.0,21.0,Consumer Discretionary,Specialty Retail,Apparel & Accessories Retailers,United States of America,US,United States of America,United States of America,Country of Headquarters,New York Stock Exchange,2025-06-07,2025-12-07,3696986.0,29341.15873015873,0.027329831449503558,2026-02-18T13:16:16Z,[]
701950,azo-quarterly-earnings-gaap-eps-12-09-2025-32pt58,AZO,AZO,2025-12-09T17:28:48Z,2025-12-09,2025-12-07,Autozone Inc,63398816100.0,30.0,Consumer Discretionary,Specialty Retail,"Auto Vehicles, Parts & Service Retailers",United States of America,US,United States of America,United States of America,Country of Headquarters,New York Consolidated,2025-06-07,2025-12-07,16180778.0,128418.87301587302,0.01341313457922932,2026-02-18T13:16:16Z,[]
701985,cpb-quarterly-earnings-nongaap-eps-12-09-2025-0pt73,CPB,CPB.N,2025-12-09T17:29:48Z,2025-12-09,2025-12-07,Campbell's Co,8824773652.0,21.0,Consumer Staples,Food Products,Food Processing,United States of America,US,United States of America,United States of America,Country of Headquarters,New York Stock Exchange,2025-06-07,2025-12-07,19657923.0,156015.2619047619,0.017235662646620218,2026-02-18T13:16:16Z,[]
701986,dbi-quarterly-earnings-nongaap-eps-12-09-2025-0pt16,DBI,DBI,2025-12-09T17:30:50Z,2025-12-09,2025-12-07,Designer Brands Inc,242224128.96,2.0,Consumer Discretionary,Specialty Retail,Apparel & Accessories Retailers,United States of America,US,United States of America,United States of America,Country of Headquarters,New York Consolidated,2025-06-07,2025-12-07,145329264.0,1153406.857142857,0.05401197867954298,2026-02-18T13:16:16Z,[]
697471,cbrl-quarterly-earnings-nongaap-eps-11-27-2025-neg0pt65,CBRL,CBRL.N,2025-12-10T00:14:08Z,2025-12-10,2025-12-08,Cracker Barrel Old Country Store Inc,594373888.9,9.0,Consumer Discretionary,"Hotels, Restaurants & Leisure",Restaurants & Bars,United States of America,US,United States of America,United States of America,Country of Headquarters,New York Stock Exchange,2025-06-08,2025-12-08,1785001.0,14055.125984251968,0.03439567393547104,2026-02-18T13:16:16Z,[]
701955,casy-quarterly-earnings-gaap-eps-12-09-2025-5pt2,CASY,CASY.N,2025-12-10T00:13:12Z,2025-12-10,2025-12-08,Caseys General Stores Inc,20999158883.16,15.0,Consumer Staples,Consumer Staples Distribution & Retail,Food Retail & Distribution,United States of America,US,United States of America,United States of America,Country of Headquarters,New York Stock Exchange,2025-06-08,2025-12-08,691224.0,5442.708661417323,0.016303932157976497,2026-02-18T13:16:16Z,[]
701987,play-quarterly-earnings-nongaap-eps-12-09-2025-neg1pt02,PLAY,PLAY.N,2025-12-10T00:14:08Z,2025-12-10,2025-12-08,Dave & Buster's Entertainment Inc,616268309.05,11.0,Consumer Discretionary,"Hotels, Restaurants & Leisure",Restaurants & Bars,United States of America,US,United States of America,United States of America,Country of Headquarters,New York Stock Exchange,2025-06-08,2025-12-08,2268047.0,17858.63779527559,0.04423833350341445,2026-02-18T13:16:16Z,[]
701993,gme-quarterly-earnings-nongaap-eps-12-09-2025-0pt2,GME,GME,2025-12-10T00:13:12Z,2025-12-10,2025-12-08,GameStop Corp,10461021358.0,1.0,Consumer Discretionary,Specialty Retail,Computer & Electronics Retailers,United States of America,US,United States of America,United States of America,Country of Headquarters,New York Consolidated,2025-06-08,2025-12-08,1300810914.0,10242605.622047244,0.030559486627996662,2026-02-18T13:16:16Z,[]
899878,brze-quarterly-earnings-nongaap-eps-12-09-2025-0pt07,BRZE,BRZE.N,2025-12-10T00:15:04Z,2025-12-10,2025-12-08,Braze Inc,3369831404.94,20.0,Information Technology,Software,Software,United States of America,US,United States of America,United States of America,Country of Headquarters,New York Stock Exchange,2025-06-08,2025-12-08,2780118.0,21890.69291338583,0.029976769890807588,2026-02-18T13:16:16Z,[]
701960,chwy-quarterly-earnings-nongaap-eps-12-10-2025-0pt3,CHWY,CHWY.N,2025-12-10T16:19:40Z,2025-12-10,2025-12-08,Chewy Inc,14367249904.86,29.0,Consumer Discretionary,Specialty Retail,Miscellaneous Specialty Retailers,United States of America,US,United States of America,United States of America,Country of Headquarters,New York Stock Exchange,2025-06-08,2025-12-08,246243310.0,1938923.7007874015,0.02870664834139708,2026-02-18T13:16:16Z,[]
701961,adbe-quarterly-earnings-nongaap-eps-12-10-2025-5pt4,ADBE,ADBE.N,2025-12-11T01:44:45Z,2025-12-11,2025-12-09,Adobe Inc,144132352000.0,39.0,Information Technology,Software,Software,United States of America,US,United States of America,United States of America,Country of Headquarters,New York Stock Exchange,2025-06-09,2025-12-09,7402080.0,57828.75,0.017732457198117536,2026-02-18T13:16:16Z,[]
701994,mtn-quarterly-earnings-gaap-eps-12-10-2025-neg5pt24,MTN,MTN,2025-12-11T01:33:43Z,2025-12-11,2025-12-09,Vail Resorts Inc,5203915139.5,11.0,Consumer Discretionary,"Hotels, Restaurants & Leisure",Leisure & Recreation,United States of America,US,United States of America,United States of America,Country of Headquarters,New York Consolidated,2025-06-09,2025-12-09,89268093.0,697406.9765625,0.018403519621260203,2026-02-18T13:16:16Z,[]
898889,avgo-quarterly-earnings-nongaap-eps-12-11-2025-1pt87,AVGO,AVGO.N,2025-12-12T00:45:18Z,2025-12-12,2025-12-10,Broadcom Inc,1958003840773.03,51.0,Information Technology,Semiconductors & Semiconductor Equipment,Semiconductors,United States of America,US,United States of America,United States of America,Country of Headquarters,New York Stock Exchange,2025-06-10,2025-12-10,28076732.0,219349.46875,0.026024865721286306,2026-02-18T13:16:16Z,[]
899875,cost-quarterly-earnings-gaap-eps-12-11-2025-4pt28,COST,COST.N,2025-12-12T00:45:20Z,2025-12-12,2025-12-10,Costco Wholesale Corp,388123851672.51,37.0,Consumer Staples,Consumer Staples Distribution & Retail,Discount Stores,United States of America,US,United States of America,United States of America,Country of Headquarters,New York Stock Exchange,2025-06-10,2025-12-10,3298504.0,25769.5625,0.010566051034680914,2026-02-18T13:16:16Z,[]
899876,lulu-quarterly-earnings-gaap-eps-12-11-2025-2pt21,LULU,LULU.N,2025-12-12T00:45:20Z,2025-12-12,2025-12-10,Lululemon Athletica Inc,22008952095.24,33.0,Consumer Discretionary,"Textiles, Apparel & Luxury Goods",Apparel & Accessories,Canada,CA,Canada,United States of America,Country of Headquarters,New York Stock Exchange,2025-06-10,2025-12-10,7582482.0,59238.140625,0.028405891054884544,2026-02-18T13:16:16Z,[]
899877,rh-quarterly-earnings-nongaap-eps-12-11-2025-2pt16,RH,RH,2025-12-12T00:45:20Z,2025-12-12,2025-12-10,RH,2952229836.78,22.0,Consumer Discretionary,Specialty Retail,Home Furnishings Retailers,United States of America,US,United States of America,United States of America,Country of Headquarters,New York Consolidated,2025-06-10,2025-12-10,145735203.0,1138556.2734375,0.03645918967443016,2026-02-18T13:16:16Z,[]
899879,len-quarterly-earnings-gaap-eps-12-16-2025-2pt22,LEN,LEN,2025-12-16T23:53:13Z,2025-12-16,2025-12-14,Lennar Corp,30246695886.66,22.0,Consumer Discretionary,Household Durables,Homebuilding,United States of America,US,United States of America,United States of America,Country of Headquarters,New York Consolidated,2025-06-14,2025-12-14,587062949.0,4659229.753968254,0.023474284297177288,2026-02-18T13:16:16Z,[]
703111,gis-quarterly-earnings-nongaap-eps-12-17-2025-1pt02,GIS,GIS,2025-12-17T16:11:24Z,2025-12-17,2025-12-15,General Mills Inc,25110372731.86,22.0,Consumer Staples,Food Products,Food Processing,United States of America,US,United States of America,United States of America,Country of Headquarters,New York Consolidated,2025-06-15,2025-12-15,771815409.0,6077286.68503937,0.013233688638383596,2026-02-18T13:16:16Z,[]
703110,mu-quarterly-earnings-nongaap-eps-12-17-2025-3pt78,MU,MU.N,2025-12-17T23:36:55Z,2025-12-17,2025-12-15,Micron Technology Inc,267308449487.5,46.0,Information Technology,Semiconductors & Semiconductor Equipment,Semiconductors,United States of America,US,United States of America,United States of America,Country of Headquarters,New York Stock Exchange,2025-06-15,2025-12-15,30291998.0,238519.6692913386,0.03408205220863496,2026-02-18T13:16:16Z,[]
703120,acn-quarterly-earnings-gaap-eps-12-18-2025-3pt44,ACN,ACN,2025-12-18T18:12:59Z,2025-12-18,2025-12-16,Accenture PLC,167388049358.16,27.0,Information Technology,IT Services,IT Services & Consulting,Ireland,IE,Ireland,United States of America,Country of Headquarters,New York Consolidated,2025-06-16,2025-12-16,564714734.0,4411833.859375,0.01839792227804747,2026-02-18T13:16:16Z,[]
703171,fds-quarterly-earnings-nongaap-eps-12-18-2025-4pt34,FDS,FDS,2025-12-18T18:12:59Z,2025-12-18,2025-12-16,Factset Research Systems Inc,10964041248.0,19.0,Financials,Capital Markets,Professional Information Services,United States of America,US,United States of America,United States of America,Country of Headquarters,New York Consolidated,2025-06-16,2025-12-16,83083045.0,649086.2890625,0.01934438302721433,2026-02-18T13:16:16Z,[]
703172,kmx-quarterly-earnings-gaap-eps-12-18-2025-0pt33,KMX,KMX,2025-12-18T18:13:01Z,2025-12-18,2025-12-16,Carmax Inc,5812626896.57,21.0,Consumer Discretionary,Specialty Retail,"Auto Vehicles, Parts & Service Retailers",United States of America,US,United States of America,United States of America,Country of Headquarters,New York Consolidated,2025-06-16,2025-12-16,561088139.0,4383501.0859375,0.038769731973421935,2026-02-18T13:16:16Z,[]
703173,ctas-quarterly-earnings-gaap-eps-12-18-2025-1pt2,CTAS,CTAS.N,2025-12-18T18:13:01Z,2025-12-18,2025-12-16,Cintas Corp,75601103760.0,22.0,Industrials,Commercial Services & Supplies,Business Support Services,United States of America,US,United States of America,United States of America,Country of Headquarters,New York Stock Exchange,2025-06-16,2025-12-16,2655628.0,20747.09375,0.011855905547400819,2026-02-18T13:16:16Z,[]
703174,payx-quarterly-earnings-nongaap-eps-12-18-2025-1pt23,PAYX,PAYX.N,2025-12-19T17:06:01Z,2025-12-19,2025-12-17,Paychex Inc,41891501415.0,18.0,Industrials,Professional Services,Employment Services,United States of America,US,United States of America,United States of America,Country of Headquarters,New York Stock Exchange,2025-06-17,2025-12-17,4204356.0,32846.53125,0.015369102759892256,2026-02-18T13:16:16Z,[]
703121,nke-quarterly-earnings-gaap-eps-12-18-2025-0pt37,NKE,NKE,2025-12-18T23:57:37Z,2025-12-18,2025-12-16,Nike Inc,99216875484.56,40.0,Consumer Discretionary,"Textiles, Apparel & Luxury Goods",Footwear,United States of America,US,United States of America,United States of America,Country of Headquarters,New York Consolidated,2025-06-16,2025-12-16,1907263793.0,14900498.3828125,0.022221565800679997,2026-02-18T13:16:16Z,[]
703122,fdx-quarterly-earnings-nongaap-eps-12-18-2025-4pt03,FDX,FDX,2025-12-18T23:57:37Z,2025-12-18,2025-12-16,FedEx Corp,66412790607.36,31.0,Industrials,Air Freight & Logistics,"Courier, Postal, Air Freight & Land-based Logistics",United States of America,US,United States of America,United States of America,Country of Headquarters,New York Consolidated,2025-06-16,2025-12-16,249765732.0,1951294.78125,0.0168575563474794,2026-02-18T13:16:16Z,[]
899880,kbh-quarterly-earnings-gaap-eps-12-18-2025-1pt79,KBH,KBH,2025-12-18T23:41:47Z,2025-12-18,2025-12-16,KB Home,4139111018.35,16.0,Consumer Discretionary,Household Durables,Homebuilding,United States of America,US,United States of America,United States of America,Country of Headquarters,New York Consolidated,2025-06-16,2025-12-16,173509101.0,1355539.8515625,0.022427442441304783,2026-02-18T13:16:16Z,[]
703175,lw-quarterly-earnings-nongaap-eps-12-19-2025-0pt63,LW,LW,2025-12-19T17:06:01Z,2025-12-19,2025-12-17,Lamb Weston Holdings Inc,8257797902.64,12.0,Consumer Staples,Food Products,Food Processing,United States of America,US,United States of America,United States of America,Country of Headquarters,New York Consolidated,2025-06-17,2025-12-17,242005066.0,1890664.578125,0.023205937027082662,2026-02-18T13:16:16Z,[]
703176,ccl-quarterly-earnings-nongaap-eps-12-19-2025-0pt25,CCL,CCL,2025-12-19T17:06:03Z,2025-12-19,2025-12-17,Carnival Corp,36538842438.682,29.0,Consumer Discretionary,"Hotels, Restaurants & Leisure","Hotels, Motels & Cruise Lines",United States of America,US,United States of America,United States of America,Country of Headquarters,New York Consolidated,2025-06-17,2025-12-17,2774703340.0,21677369.84375,0.023470173731856007,2026-02-18T13:16:16Z,[]
899881,cag-quarterly-earnings-nongaap-eps-12-19-2025-0pt44,CAG,CAG,2025-12-19T16:58:57Z,2025-12-19,2025-12-17,Conagra Brands Inc,8572380992.0,19.0,Consumer Staples,Food Products,Food Processing,United States of America,US,United States of America,United States of America,Country of Headquarters,New York Consolidated,2025-06-17,2025-12-17,1423929207.0,11124446.9296875,0.015811848854024656,2026-02-18T13:16:16Z,[]
973541,jef-quarterly-earnings-gaap-eps-01-07-2026-0pt96,JEF,JEF,2026-01-07T23:45:59Z,2026-01-07,2026-01-05,Jefferies Financial Group Inc,13304029040.0,7.0,Financials,Capital Markets,Investment Banking & Brokerage Services,United States of America,US,United States of America,United States of America,Country of Headquarters,New York Consolidated,2025-07-06,2026-01-05,253568761.0,1996604.4173228347,0.024726524186327516,2026-02-18T13:16:16Z,[]
973542,wdfc-quarterly-earnings-gaap-eps-01-08-2026-1pt45,WDFC,WDFC.N,2026-01-08T23:27:44Z,2026-01-08,2026-01-06,WD-40 Co,2682560330.82,3.0,Consumer Staples,Household Products,Household Products,United States of America,US,United States of America,United States of America,Country of Headquarters,New York Stock Exchange,2025-07-07,2026-01-06,287880.0,2249.0625,0.016459720987985312,2026-02-18T13:16:16Z,[]
1069148,jpm-quarterly-earnings-gaap-eps-01-13-2026-4pt94,JPM,JPM,2026-01-13T16:06:59Z,2026-01-13,2026-01-11,JPMorgan Chase & Co,887562078000.0,27.0,Financials,Banks,Banks,United States of America,US,United States of America,United States of America,Country of Headquarters,New York Consolidated,2025-07-12,2026-01-11,1060634028.0,8417730.38095238,0.01249780348972928,2026-02-18T13:16:16Z,[]
1069149,bk-quarterly-earnings-nongaap-eps-01-13-2026-1pt99,BK,BK,2026-01-13T16:10:05Z,2026-01-13,2026-01-11,Bank of New York Mellon Corp,81927613440.0,17.0,Financials,Capital Markets,Investment Management & Fund Operators,United States of America,US,United States of America,United States of America,Country of Headquarters,New York Consolidated,2025-07-12,2026-01-11,436896441.0,3467432.0714285714,0.010783560056105666,2026-02-18T13:16:16Z,[]
1069150,dal-quarterly-earnings-nongaap-eps-01-13-2026-1pt57,DAL,DAL,2026-01-13T16:10:05Z,2026-01-13,2026-01-11,Delta Air Lines Inc,47215737754.08,28.0,Industrials,Passenger Airlines,Airlines,United States of America,US,United States of America,United States of America,Country of Headquarters,New York Consolidated,2025-07-12,2026-01-11,1008356634.0,8002830.428571428,0.022661128725539104,2026-02-18T13:16:16Z,[]
1099134,bac-quarterly-earnings-gaap-eps-01-14-2026-0pt97,BAC,BAC,2026-01-14T14:49:42Z,2026-01-14,2026-01-12,Bank of America Corp,398055907200.55,25.0,Financials,Banks,Banks,United States of America,US,United States of America,United States of America,Country of Headquarters,New York Consolidated,2025-07-13,2026-01-12,4550237167.0,35828639.11023622,0.01251382922416233,2026-02-18T13:16:16Z,[]
1099135,wfc-quarterly-earnings-gaap-eps-01-14-2026-1pt68,WFC,WFC,2026-01-14T15:05:56Z,2026-01-14,2026-01-12,Wells Fargo & Co,293673296000.0,26.0,Financials,Banks,Banks,United States of America,US,United States of America,United States of America,Country of Headquarters,New York Consolidated,2025-07-13,2026-01-12,1886661221.0,14855600.16535433,0.015669936864813057,2026-02-18T13:16:16Z,[]
1099148,c-quarterly-earnings-gaap-eps-01-14-2026-1pt69,C,C,2026-01-14T15:35:10Z,2026-01-14,2026-01-12,Citigroup Inc,210600610000.0,23.0,Financials,Banks,Investment Banking & Brokerage Services,United States of America,US,United States of America,United States of America,Country of Headquarters,New York Consolidated,2025-07-13,2026-01-12,1755850018.0,13825590.692913385,0.014953295462250655,2026-02-18T13:16:16Z,[]
1099149,ms-quarterly-earnings-gaap-eps-01-15-2026-2pt42,MS,MS,2026-01-15T15:12:40Z,2026-01-15,2026-01-13,Morgan Stanley,289309080000.0,27.0,Financials,Capital Markets,Investment Banking & Brokerage Services,United States of America,US,United States of America,United States of America,Country of Headquarters,New York Consolidated,2025-07-14,2026-01-13,685021317.0,5351729.0390625,0.013306198143576245,2026-02-18T13:16:16Z,[]
1099181,gs-quarterly-earnings-gaap-eps-01-15-2026-11pt49,GS,GS,2026-01-15T15:13:42Z,2026-01-15,2026-01-13,Goldman Sachs Group Inc,281377932594.65,27.0,Financials,Capital Markets,Investment Banking & Brokerage Services,United States of America,US,United States of America,United States of America,Country of Headquarters,New York Consolidated,2025-07-14,2026-01-13,251709517.0,1966480.6015625,0.014898636396454565,2026-02-18T13:16:16Z,[]
1114909,tsm-quarterly-earnings-gaap-eps-01-15-2026-2pt92,TSM,TSM,2026-01-15T15:10:46Z,2026-01-15,2026-01-13,Taiwan Semiconductor Manufacturing Co Ltd,1402733588425.96,17.0,Information Technology,Semiconductors & Semiconductor Equipment,Semiconductors,Taiwan,TW,Taiwan,United States of America,Country of Headquarters,New York Consolidated,2025-07-14,2026-01-13,1563953207.0,12218384.4296875,0.020875174053886957,2026-02-18T13:16:16Z,[]
1125598,blk-quarterly-earnings-nongaap-eps-01-15-2026-12pt64,BLK,BLK,2026-01-15T15:13:44Z,2026-01-15,2026-01-13,BlackRock Inc,169043121391.86,18.0,Financials,Capital Markets,Investment Management & Fund Operators,United States of America,US,United States of America,United States of America,Country of Headquarters,New York Consolidated,2025-07-14,2026-01-13,78031456.0,609620.75,0.014548703726685997,2026-02-18T13:16:16Z,[]
1099182,pnc-quarterly-earnings-gaap-eps-01-16-2026-4pt16,PNC,PNC,2026-01-16T16:06:02Z,2026-01-16,2026-01-14,PNC Financial Services Group Inc,82804800000.0,25.0,Financials,Banks,Banks,United States of America,US,United States of America,United States of America,Country of Headquarters,New York Consolidated,2025-07-15,2026-01-14,244678666.0,1911552.078125,0.012160935363431227,2026-02-18T13:16:16Z,[]
1099187,stt-quarterly-earnings-gaap-eps-01-16-2026-2pt67,STT,STT,2026-01-16T16:08:08Z,2026-01-16,2026-01-14,State Street Corp,37597375631.04,19.0,Financials,Capital Markets,Investment Management & Fund Operators,United States of America,US,United States of America,United States of America,Country of Headquarters,New York Consolidated,2025-07-15,2026-01-14,250376718.0,1956068.109375,0.013549933986670601,2026-02-18T13:16:16Z,[]
1099457,mtb-quarterly-earnings-gaap-eps-01-16-2026-4pt5,MTB,MTB,2026-01-16T16:09:10Z,2026-01-16,2026-01-14,M&T Bank Corp,31854513600.0,23.0,Financials,Banks,Banks,United States of America,US,United States of America,United States of America,Country of Headquarters,New York Consolidated,2025-07-15,2026-01-14,134559711.0,1051247.7421875,0.012939253691554707,2026-02-18T13:16:16Z,[]
1118263,usb-quarterly-earnings-gaap-eps-01-20-2026-1pt19,USB,USB,2026-01-20T14:57:32Z,2026-01-20,2026-01-18,US Bancorp,84592000000.0,24.0,Financials,Banks,Banks,United States of America,US,United States of America,United States of America,Country of Headquarters,New York Consolidated,2025-07-19,2026-01-18,1147212666.0,9104862.42857143,0.012982752466322293,2026-02-18T13:16:16Z,[]
1118342,key-quarterly-earnings-gaap-eps-01-20-2026-0pt39,KEY,KEY,2026-01-20T15:25:48Z,2026-01-20,2026-01-18,KeyCorp,23337829170.0,24.0,Financials,Banks,Banks,United States of America,US,United States of America,United States of America,Country of Headquarters,New York Consolidated,2025-07-19,2026-01-18,2883565515.0,22885440.595238097,0.01479641212806971,2026-02-18T13:16:16Z,[]
1118343,mmm-quarterly-earnings-nongaap-eps-01-20-2026-1pt81,MMM,MMM,2026-01-20T17:53:12Z,2026-01-20,2026-01-18,3M Co,88980838181.8,20.0,Industrials,Industrial Conglomerates,Consumer Goods Conglomerates,United States of America,US,United States of America,United States of America,Country of Headquarters,New York Consolidated,2025-07-19,2026-01-18,379667830.0,3013236.746031746,0.015039170470891306,2026-02-18T13:16:16Z,[]
1118344,mbwm-quarterly-earnings-gaap-eps-01-20-2026-1pt34,MBWM,MBWM.N,2026-01-20T14:57:44Z,2026-01-20,2026-01-18,Mercantile Bank Corp,863178966.4,5.0,Financials,Banks,Banks,United States of America,US,United States of America,United States of America,Country of Headquarters,New York Stock Exchange,2025-07-19,2026-01-18,485080.0,3849.84126984127,0.017432069963276873,2026-02-18T13:16:16Z,[]
1118155,ibkr-quarterly-earnings-nongaap-eps-01-20-2026-0pt56,IBKR,IBKR.N,2026-01-21T02:08:58Z,2026-01-21,2026-01-19,Interactive Brokers Group Inc,124425979116.88,10.0,Financials,Capital Markets,Investment Banking & Brokerage Services,United States of America,US,United States of America,United States of America,Country of Headquarters,New York Stock Exchange,2025-07-20,2026-01-19,7074325.0,56145.43650793651,0.02233545621282091,2026-02-18T13:16:16Z,[]
1118156,ual-quarterly-earnings-nongaap-eps-01-20-2026-2pt98,UAL,UAL.N,2026-01-21T00:59:58Z,2026-01-21,2026-01-19,United Airlines Holdings Inc,36741024371.61,27.0,Industrials,Passenger Airlines,Airlines,United States of America,US,United States of America,United States of America,Country of Headquarters,New York Stock Exchange,2025-07-20,2026-01-19,9181186.0,72866.55555555556,0.024825751586292428,2026-02-18T13:16:16Z,[]
1118157,wtfc-quarterly-earnings-gaap-eps-01-20-2026-2pt92,WTFC,WTFC.N,2026-01-21T01:35:56Z,2026-01-21,2026-01-19,Wintrust Financial Corp,9773649054.09,14.0,Financials,Banks,Banks,United States of America,US,United States of America,United States of America,Country of Headquarters,New York Stock Exchange,2025-07-20,2026-01-19,599326.0,4756.555555555556,0.015928174264753774,2026-02-18T13:16:16Z,[]
1118261,bfc-quarterly-earnings-gaap-eps-01-20-2026-1pt8,BFC,BFC.N,2026-01-23T02:09:18Z,2026-01-23,2026-01-21,Bank First Corp,1522004103.68,2.0,Financials,Banks,Banks,United States of America,US,United States of America,United States of America,Country of Headquarters,New York Stock Exchange,2025-07-22,2026-01-21,131785.0,1037.6771653543308,0.02307790187947364,2026-02-18T13:16:16Z,[]
1118262,nflx-quarterly-earnings-gaap-eps-01-20-2026-0pt55,NFLX,NFLX.N,2026-01-21T01:38:54Z,2026-01-21,2026-01-19,Netflix Inc,371550269200.0,45.0,Communication Services,Entertainment,Online Services,United States of America,US,United States of America,United States of America,Country of Headquarters,New York Stock Exchange,2025-07-20,2026-01-19,63234936.0,501864.5714285714,0.018692513342585756,2026-02-18T13:16:16Z,[]
1125126,tfc-quarterly-earnings-nongaap-eps-01-21-2026-1pt1,TFC,TFC,2026-01-21T20:24:38Z,2026-01-21,2026-01-19,Truist Financial Corp,63110875300.0,23.0,Financials,Banks,Banks,United States of America,US,United States of America,United States of America,Country of Headquarters,New York Consolidated,2025-07-20,2026-01-19,980890454.0,7784844.873015873,0.012871900740781449,2026-02-18T13:16:16Z,[]
1125566,unty-quarterly-earnings-gaap-eps-01-21-2026-1pt36,UNTY,UNTY.N,2026-01-13T13:29:37Z,2026-01-13,2026-01-11,Unity Bancorp Inc,526849960.0,3.0,Financials,Banks,Banks,United States of America,US,United States of America,United States of America,Country of Headquarters,New York Stock Exchange,2025-07-12,2026-01-11,67254.0,538.032,0.023059431021187217,2026-02-18T13:16:16Z,[]
1125627,schw-quarterly-earnings-nongaap-eps-01-21-2026-1pt36,SCHW,SCHW.N,2026-01-21T15:57:24Z,2026-01-21,2026-01-19,Charles Schwab Corp,184481575461.4,20.0,Financials,Capital Markets,Investment Banking & Brokerage Services,United States of America,US,United States of America,United States of America,Country of Headquarters,New York Stock Exchange,2025-07-20,2026-01-19,288916026.0,2292984.3333333335,0.012950767507002301,2026-02-18T13:16:16Z,[]
1125915,jnj-quarterly-earnings-nongaap-eps-01-21-2026-2pt51,JNJ,JNJ,2026-01-21T15:17:36Z,2026-01-21,2026-01-19,Johnson & Johnson,526816467003.32,26.0,Health Care,Pharmaceuticals,Pharmaceuticals,United States of America,US,United States of America,United States of America,Country of Headquarters,New York Consolidated,2025-07-20,2026-01-19,1073101563.0,8516679.07142857,0.009719474967730969,2026-02-18T13:16:16Z,[]
1126021,cfg-quarterly-earnings-nongaap-eps-01-21-2026-1pt11,CFG,CFG,2026-01-21T16:05:38Z,2026-01-21,2026-01-19,Citizens Financial Group Inc,26106509022.68,21.0,Financials,Banks,Banks,United States of America,US,United States of America,United States of America,Country of Headquarters,New York Consolidated,2025-07-20,2026-01-19,561545511.0,4456710.404761905,0.015487546634255174,2026-02-18T13:16:16Z,[]
1126184,hal-quarterly-earnings-nongaap-eps-01-21-2026-0pt54,HAL,HAL,2026-01-21T15:27:36Z,2026-01-21,2026-01-19,Halliburton Co,27411778687.7,27.0,Energy,Energy Equipment & Services,Oil Related Services and Equipment,United States of America,US,United States of America,United States of America,Country of Headquarters,New York Consolidated,2025-07-20,2026-01-19,1596366438.0,12669574.904761905,0.023708469639290474,2026-02-18T13:16:16Z,[]
1126201,ally-quarterly-earnings-nongaap-eps-01-21-2026-1pt04,ALLY,ALLY.N,2026-01-21T16:03:56Z,2026-01-21,2026-01-19,Ally Financial Inc,13453379730.0,20.0,Financials,Consumer Finance,Consumer Lending,United States of America,US,United States of America,United States of America,Country of Headquarters,New York Stock Exchange,2025-07-20,2026-01-19,125445918.0,995602.5238095238,0.017411791110275302,2026-02-18T13:16:16Z,[]
1198858,kmi-quarterly-earnings-gaap-eps-01-21-2026-0pt36,KMI,KMI,2026-01-22T01:24:52Z,2026-01-22,2026-01-20,Kinder Morgan Inc,62204300504.4,20.0,Energy,"Oil, Gas & Consumable Fuels",Oil & Gas Transportation Services,United States of America,US,United States of America,United States of America,Country of Headquarters,New York Consolidated,2025-07-21,2026-01-20,1758308564.0,13844949.322834646,0.012301118310987342,2026-02-18T13:16:16Z,[]
1139368,aal-quarterly-earnings-nongaap-eps-01-22-2026-0pt4,AAL,AAL.N,2026-01-27T14:40:55Z,2026-01-27,2026-01-25,American Airlines Group Inc,9686616843.6,26.0,Industrials,Passenger Airlines,Airlines,United States of America,US,United States of America,United States of America,Country of Headquarters,New York Stock Exchange,2025-07-26,2026-01-25,123718818.0,989750.544,0.027537059767917385,2026-02-18T13:16:16Z,[]
1139580,pg-quarterly-earnings-nongaap-eps-01-22-2026-1pt87,PG,PG,2026-01-22T16:07:36Z,2026-01-22,2026-01-20,Procter & Gamble Co,341628100695.0,26.0,Consumer Staples,Household Products,Personal Products,United States of America,US,United States of America,United States of America,Country of Headquarters,New York Consolidated,2025-07-21,2026-01-20,1086381195.0,8554182.637795275,0.010448222351558914,2026-02-18T13:16:16Z,[]
1139951,mkc-quarterly-earnings-nongaap-eps-01-22-2026-0pt88,MKC,MKC,2026-01-22T16:06:38Z,2026-01-22,2026-01-20,McCormick & Company Inc,18202670611.64,15.0,Consumer Staples,Food Products,Food Processing,United States of America,US,United States of America,United States of America,Country of Headquarters,New York Consolidated,2025-07-21,2026-01-20,332309524.0,2616610.42519685,0.013835240410116342,2026-02-18T13:16:16Z,[]
1139906,cof-quarterly-earnings-nongaap-eps-01-22-2026-4pt17,COF,COF,2026-01-22T23:58:40Z,2026-01-22,2026-01-20,Capital One Financial Corp,142972872000.0,26.0,Financials,Consumer Finance,Consumer Lending,United States of America,US,United States of America,United States of America,Country of Headquarters,New York Consolidated,2025-07-21,2026-01-20,489948870.0,3857865.1181102362,0.018340511192833173,2026-02-18T13:16:16Z,[]
1160450,moga-quarterly-earnings-nongaap-eps-01-23-2026-2pt19,MOG.A,MOG.A,2026-01-30T23:37:14Z,2026-01-30,2026-01-28,<NA>,,,<NA>,<NA>,<NA>,<NA>,<NA>,<NA>,<NA>,Country of Headquarters,<NA>,2025-07-29,2026-01-28,,,,2026-02-18T13:16:16Z,"[""market_cap_missing_asof"", ""analysts_missing_asof"", ""turnover_missing_window"", ""volatility_missing_window""]"
1160451,ubsi-quarterly-earnings-gaap-eps-01-23-2026-0pt86,UBSI,UBSI.N,2026-01-22T16:19:24Z,2026-01-22,2026-01-20,United Bankshares Inc,5659554793.62,5.0,Financials,Banks,Banks,United States of America,US,United States of America,United States of America,Country of Headquarters,New York Stock Exchange,2025-07-21,2026-01-20,3023490.0,23807.007874015748,0.014810667759805118,2026-02-18T13:16:16Z,[]
1175892,unp-quarterly-earnings-gaap-eps-01-27-2026-2pt87,UNP,UNP,2026-01-27T15:18:45Z,2026-01-27,2026-01-25,Union Pacific Corp,136219398158.85,28.0,Industrials,Ground Transportation,Ground Freight & Logistics,United States of America,US,United States of America,United States of America,Country of Headquarters,New York Consolidated,2025-07-26,2026-01-25,476365996.0,3810927.968,0.011645206077166641,2026-02-18T13:16:16Z,[]
1175891,txn-quarterly-earnings-gaap-eps-01-27-2026-1pt31,TXN,TXN.N,2026-01-28T00:02:05Z,2026-01-28,2026-01-26,Texas Instruments Inc,178307130000.0,40.0,Information Technology,Semiconductors & Semiconductor Equipment,Semiconductors,United States of America,US,United States of America,United States of America,Country of Headquarters,New York Stock Exchange,2025-07-27,2026-01-26,11695545.0,92821.78571428571,0.018960981133822333,2026-02-18T13:16:16Z,[]
1244921,t-quarterly-earnings-nongaap-eps-01-28-2026-0pt47,T,T,2026-01-28T14:01:41Z,2026-01-28,2026-01-26,AT&T Inc,165017650000.0,26.0,Communication Services,Diversified Telecommunication Services,Wireless Telecommunications Services,United States of America,US,United States of America,United States of America,Country of Headquarters,New York Consolidated,2025-07-27,2026-01-26,5208754618.0,41339322.365079366,0.011435662415149468,2026-02-18T13:16:16Z,[]
1244922,sbux-quarterly-earnings-gaap-eps-01-28-2026-0pt58,SBUX,SBUX.N,2026-01-28T16:49:36Z,2026-01-28,2026-01-26,Starbucks Corp,109748769000.0,38.0,Consumer Discretionary,"Hotels, Restaurants & Leisure",Restaurants & Bars,United States of America,US,United States of America,United States of America,Country of Headquarters,New York Stock Exchange,2025-07-27,2026-01-26,16056594.0,127433.28571428571,0.01801923983258211,2026-02-18T13:16:16Z,[]
1238170,tsla-quarterly-earnings-nongaap-eps-01-28-2026-0pt45,TSLA,TSLA.N,2026-01-28T23:22:40Z,2026-01-28,2026-01-26,Tesla Inc,1633058399436.8,52.0,Consumer Discretionary,Automobiles,Auto & Truck Manufacturers,United States of America,US,United States of America,United States of America,Country of Headquarters,New York Stock Exchange,2025-07-27,2026-01-26,46948344.0,372605.90476190473,0.02780684620111378,2026-02-18T13:16:16Z,[]
1244865,meta-quarterly-earnings-gaap-eps-01-28-2026-8pt19,META,META.N,2026-01-28T23:23:42Z,2026-01-28,2026-01-26,Meta Platforms Inc,1700771911775.04,69.0,Communication Services,Interactive Media & Services,Online Services,United States of America,US,United States of America,United States of America,Country of Headquarters,New York Stock Exchange,2025-07-27,2026-01-26,20093020.0,159468.4126984127,0.021437343484505267,2026-02-18T13:16:16Z,[]
1244871,msft-quarterly-earnings-gaap-eps-01-28-2026-3pt85,MSFT,MSFT.N,2026-01-28T23:18:40Z,2026-01-28,2026-01-26,Microsoft Corp,3492124841861.28,59.0,Information Technology,Software,Software,United States of America,US,United States of America,United States of America,Country of Headquarters,New York Stock Exchange,2025-07-27,2026-01-26,27848850.0,221022.61904761905,0.012224065465858195,2026-02-18T13:16:16Z,[]
1244920,ibm-quarterly-earnings-nongaap-eps-01-28-2026-4pt29,IBM,IBM,2026-01-29T15:01:02Z,2026-01-29,2026-01-27,International Business Machines Corp,274681287635.16,23.0,Information Technology,IT Services,IT Services & Consulting,United States of America,US,United States of America,United States of America,Country of Headquarters,New York Consolidated,2025-07-28,2026-01-27,611686265.0,4816427.283464567,0.01711704347303611,2026-02-18T13:16:16Z,[]
1198857,lmt-quarterly-earnings-gaap-eps-01-29-2026-6pt2,LMT,LMT,2026-01-29T15:19:10Z,2026-01-29,2026-01-27,Lockheed Martin Corp,136886238788.0,24.0,Industrials,Aerospace & Defense,Aerospace & Defense,United States of America,US,United States of America,United States of America,Country of Headquarters,New York Consolidated,2025-07-28,2026-01-27,191041137.0,1504260.9212598426,0.013971843541882596,2026-02-18T13:16:16Z,[]
1244936,ma-quarterly-earnings-nongaap-eps-01-29-2026-4pt24,MA,MA,2026-01-29T15:09:04Z,2026-01-29,2026-01-27,Mastercard Inc,465246540000.0,41.0,Financials,Financial Services,Online Services,United States of America,US,United States of America,United States of America,Country of Headquarters,New York Consolidated,2025-07-28,2026-01-27,365770190.0,2880080.2362204725,0.011684697164509717,2026-02-18T13:16:16Z,[]
1244866,aapl-quarterly-earnings-gaap-eps-01-29-2026-2pt67,AAPL,AAPL.N,2026-01-30T00:25:16Z,2026-01-30,2026-01-28,Apple Inc,3770361157320.0,46.0,Information Technology,"Technology Hardware, Storage & Peripherals",Phones & Handheld Devices,United States of America,US,United States of America,United States of America,Country of Headquarters,New York Stock Exchange,2025-07-29,2026-01-28,54581753.0,429777.58267716534,0.01407103897333767,2026-02-18T13:16:16Z,[]
1244935,v-quarterly-earnings-nongaap-eps-01-29-2026-3pt14,V,V,2026-01-30T00:27:14Z,2026-01-30,2026-01-28,Visa Inc,623226922875.88,41.0,Financials,Financial Services,Business Support Services,United States of America,US,United States of America,United States of America,Country of Headquarters,New York Consolidated,2025-07-29,2026-01-28,823283417.0,6482546.590551181,0.012057904113065678,2026-02-18T13:16:16Z,[]
1244958,cvx-quarterly-earnings-nongaap-eps-01-30-2026-1pt48,CVX,CVX,2026-01-30T14:06:48Z,2026-01-30,2026-01-28,Chevron Corp,336461400000.0,27.0,Energy,"Oil, Gas & Consumable Fuels",Integrated Oil & Gas,United States of America,US,United States of America,United States of America,Country of Headquarters,New York Consolidated,2025-07-29,2026-01-28,1077309616.0,8482752.881889764,0.012674689099139705,2026-02-18T13:16:16Z,[]
1244959,axp-quarterly-earnings-gaap-eps-01-30-2026-3pt53,AXP,AXP,2026-01-30T15:33:24Z,2026-01-30,2026-01-28,American Express Co,244895140000.0,31.0,Financials,Consumer Finance,Consumer Lending,United States of America,US,United States of America,United States of America,Country of Headquarters,New York Consolidated,2025-07-29,2026-01-28,328964029.0,2590267.94488189,0.015656404419547115,2026-02-18T13:16:16Z,[]
1244960,xom-quarterly-earnings-nongaap-eps-01-30-2026-1pt69,XOM,XOM,2026-01-30T14:07:50Z,2026-01-30,2026-01-28,Exxon Mobil Corp,574946820000.0,28.0,Energy,"Oil, Gas & Consumable Fuels",Oil & Gas Refining and Marketing,United States of America,US,United States of America,United States of America,Country of Headquarters,New York Consolidated,2025-07-29,2026-01-28,1977441959.0,15570409.125984251,0.012521356917856044,2026-02-18T13:16:16Z,[]
1244937,vz-quarterly-earnings-nongaap-eps-01-30-2026-1pt05,VZ,VZ,2026-01-30T14:06:48Z,2026-01-30,2026-01-28,Verizon Communications Inc,166191970000.0,26.0,Communication Services,Diversified Telecommunication Services,Integrated Telecommunications Services,United States of America,US,United States of America,United States of America,Country of Headquarters,New York Consolidated,2025-07-29,2026-01-28,3064674671.0,24131296.622047246,0.011605823385754738,2026-02-18T13:16:16Z,[]
1230450,dis-quarterly-earnings-nongaap-eps-02-02-2026-1pt57,DIS,DIS,2026-02-02T14:09:52Z,2026-02-02,2026-01-31,Walt Disney Co,199827439192.8,31.0,Communication Services,Entertainment,Broadcasting,United States of America,US,United States of America,United States of America,Country of Headquarters,New York Consolidated,2025-08-01,2026-01-31,1214493810.0,9638839.761904761,0.013982844768157929,2026-02-18T13:16:16Z,[]
1292720,tsn-quarterly-earnings-nongaap-eps-02-02-2026-0pt94,TSN,TSN,2026-02-02T14:21:04Z,2026-02-02,2026-01-31,Tyson Foods Inc,23001318848.78,14.0,Consumer Staples,Food Products,Food Processing,United States of America,US,United States of America,United States of America,Country of Headquarters,New York Consolidated,2025-08-01,2026-01-31,371449506.0,2948011.9523809524,0.014507584483587539,2026-02-18T13:16:16Z,[]
1292721,aptv-quarterly-earnings-nongaap-eps-02-02-2026-1pt86,APTV,APTV.N,2026-02-02T14:58:12Z,2026-02-02,2026-01-31,Aptiv PLC,16115691375.75,23.0,Consumer Discretionary,Automobile Components,"Auto, Truck & Motorcycle Parts",Switzerland,CH,Switzerland,United States of America,Country of Headquarters,New York Stock Exchange,2025-08-01,2026-01-31,88902270.0,705573.5714285715,0.020512805141527837,2026-02-18T13:16:16Z,[]
1230449,pltr-quarterly-earnings-nongaap-eps-02-02-2026-0pt23,PLTR,PLTR.N,2026-02-02T23:29:42Z,2026-02-02,2026-01-31,Palantir Technologies Inc,349240609837.42,31.0,Information Technology,Software,Software,United States of America,US,United States of America,United States of America,Country of Headquarters,New York Stock Exchange,2025-08-01,2026-01-31,39531102.0,313738.90476190473,0.030370413431162036,2026-02-18T13:16:16Z,[]
1287872,nxpi-quarterly-earnings-nongaap-eps-02-02-2026-3pt31,NXPI,NXPI.N,2026-02-03T01:38:26Z,2026-02-03,2026-02-01,NXP Semiconductors NV,56913664871.94,37.0,Information Technology,Semiconductors & Semiconductor Equipment,Semiconductors,Netherlands,NL,Netherlands,United States of America,Country of Headquarters,New York Stock Exchange,2025-08-02,2026-02-01,4672749.0,37381.992,0.02358460322437172,2026-02-18T13:16:16Z,[]
1230451,pep-quarterly-earnings-nongaap-eps-02-03-2026-2pt24,PEP,PEP.N,2026-02-03T14:10:50Z,2026-02-03,2026-02-01,PepsiCo Inc,209958294012.39,23.0,Consumer Staples,Beverages,Non-Alcoholic Beverages,United States of America,US,United States of America,United States of America,Country of Headquarters,New York Stock Exchange,2025-08-02,2026-02-01,9974364.0,79794.912,0.012132785119526696,2026-02-18T13:16:16Z,[]
1230452,pfe-quarterly-earnings-nongaap-eps-02-03-2026-0pt57,PFE,PFE,2026-02-03T14:13:44Z,2026-02-03,2026-02-01,Pfizer Inc,150330107674.88,26.0,Health Care,Pharmaceuticals,Pharmaceuticals,United States of America,US,United States of America,United States of America,Country of Headquarters,New York Consolidated,2025-08-02,2026-02-01,7160040607.0,57280324.856,0.016661295954953456,2026-02-18T13:16:16Z,[]
1230453,mpc-quarterly-earnings-gaap-eps-02-03-2026-2pt98,MPC,MPC,2026-02-03T14:10:50Z,2026-02-03,2026-02-01,Marathon Petroleum Corp,51976050000.0,20.0,Energy,"Oil, Gas & Consumable Fuels",Oil & Gas Refining and Marketing,United States of America,US,United States of America,United States of America,Country of Headquarters,New York Consolidated,2025-08-02,2026-02-01,253056605.0,2024452.84,0.017270955047060308,2026-02-18T13:16:16Z,[]
1230455,foxa-quarterly-earnings-nongaap-eps-02-03-2026-0pt51,FOXA,FOXA.N,2026-02-04T16:16:51Z,2026-02-04,2026-02-02,Fox Corp,29194782349.44,21.0,Communication Services,Media,Broadcasting,United States of America,US,United States of America,United States of America,Country of Headquarters,New York Stock Exchange,2025-08-03,2026-02-02,6818873.0,54118.03968253968,0.01679519415791605,2026-02-18T13:16:16Z,[]
1287877,mrk-quarterly-earnings-nongaap-eps-02-03-2026-2pt01,MRK,MRK,2026-02-03T14:12:46Z,2026-02-03,2026-02-01,Merck & Co Inc,273692625044.72,28.0,Health Care,Pharmaceuticals,Pharmaceuticals,United States of America,US,United States of America,United States of America,Country of Headquarters,New York Consolidated,2025-08-02,2026-02-01,1606517528.0,12852140.224,0.017082614135645227,2026-02-18T13:16:16Z,[]
1287878,pypl-quarterly-earnings-nongaap-eps-02-03-2026-1pt29,PYPL,PYPL.N,2026-02-03T14:29:26Z,2026-02-03,2026-02-01,PayPal Holdings Inc,48509814717.98,42.0,Financials,Financial Services,Business Support Services,United States of America,US,United States of America,United States of America,Country of Headquarters,New York Stock Exchange,2025-08-02,2026-02-01,26952777.0,215622.216,0.019651046503963064,2026-02-18T13:16:16Z,[]
1230454,cmg-quarterly-earnings-nongaap-eps-02-03-2026-0pt24,CMG,CMG,2026-02-03T23:47:12Z,2026-02-03,2026-02-01,Chipotle Mexican Grill Inc,50625182010.0,38.0,Consumer Discretionary,"Hotels, Restaurants & Leisure",Restaurants & Bars,United States of America,US,United States of America,United States of America,Country of Headquarters,New York Consolidated,2025-08-02,2026-02-01,2509397796.0,20075182.368,0.025452198398436265,2026-02-18T13:16:16Z,[]
1279474,amd-quarterly-earnings-nongaap-eps-02-03-2026-1pt32,AMD,AMD.N,2026-02-03T23:50:00Z,2026-02-03,2026-02-01,Advanced Micro Devices Inc,385967158863.39,57.0,Information Technology,Semiconductors & Semiconductor Equipment,Semiconductors,United States of America,US,United States of America,United States of America,Country of Headquarters,New York Stock Exchange,2025-08-02,2026-02-01,43293930.0,346351.44,0.03813972148300515,2026-02-18T13:16:16Z,[]
1237791,cme-quarterly-earnings-nongaap-eps-02-04-2026-2pt74,CME,CME.N,2026-02-04T14:21:36Z,2026-02-04,2026-02-02,CME Group Inc,104850687048.19,17.0,Financials,Capital Markets,Financial & Commodity Market Operators & Service Providers,United States of America,US,United States of America,United States of America,Country of Headquarters,New York Stock Exchange,2025-08-03,2026-02-02,2784107.0,22096.0873015873,0.011171648090272206,2026-02-18T13:16:16Z,[]
1237794,yum-quarterly-earnings-nongaap-eps-02-04-2026-1pt76,YUM,YUM,2026-02-04T14:22:36Z,2026-02-04,2026-02-02,Yum! Brands Inc,43361042304.93,31.0,Consumer Discretionary,"Hotels, Restaurants & Leisure",Restaurants & Bars,United States of America,US,United States of America,United States of America,Country of Headquarters,New York Consolidated,2025-08-03,2026-02-02,258944192.0,2055112.634920635,0.014449184483793892,2026-02-18T13:16:16Z,[]
1238098,uber-quarterly-earnings-gaap-eps-02-04-2026-0pt79,UBER,UBER.N,2026-02-04T14:21:36Z,2026-02-04,2026-02-02,Uber Technologies Inc,167971808000.04,54.0,Industrials,Ground Transportation,Online Services,United States of America,US,United States of America,United States of America,Country of Headquarters,New York Stock Exchange,2025-08-03,2026-02-02,468595381.0,3719010.9603174604,0.02003493574158389,2026-02-18T13:16:16Z,[]
1238100,nyt-quarterly-earnings-nongaap-eps-02-04-2026-0pt88,NYT,NYT,2026-02-04T14:22:36Z,2026-02-04,2026-02-02,New York Times Co,11965121963.3,10.0,Communication Services,Media,Consumer Publishing,United States of America,US,United States of America,United States of America,Country of Headquarters,New York Consolidated,2025-08-03,2026-02-02,218149566.0,1731345.761904762,0.0179039435351711,2026-02-18T13:16:16Z,[]
1238102,lly-quarterly-earnings-nongaap-eps-02-04-2026-7pt06,LLY,LLY,2026-02-04T14:22:34Z,2026-02-04,2026-02-02,Eli Lilly and Co,987103542196.41,31.0,Health Care,Pharmaceuticals,Pharmaceuticals,United States of America,US,United States of America,United States of America,Country of Headquarters,New York Consolidated,2025-08-03,2026-02-02,502058112.0,3984588.1904761903,0.0236768810834632,2026-02-18T13:16:16Z,[]
1254013,efx-quarterly-earnings-nongaap-eps-02-04-2026-2pt05,EFX,EFX,2026-02-04T14:14:30Z,2026-02-04,2026-02-02,Equifax Inc,23980068000.0,25.0,Industrials,Professional Services,Professional Information Services,United States of America,US,United States of America,United States of America,Country of Headquarters,New York Consolidated,2025-08-03,2026-02-02,167437609.0,1328869.9126984128,0.01945112110437005,2026-02-18T13:16:16Z,[]
1237792,orly-quarterly-earnings-gaap-eps-02-04-2026-0pt72,ORLY,ORLY.N,2026-02-04T23:56:47Z,2026-02-04,2026-02-02,O'Reilly Automotive Inc,82515524416.38,31.0,Consumer Discretionary,Specialty Retail,"Auto Vehicles, Parts & Service Retailers",United States of America,US,United States of America,United States of America,Country of Headquarters,New York Stock Exchange,2025-08-03,2026-02-02,7363133.0,58437.56349206349,0.012224201533929915,2026-02-18T13:16:16Z,[]
1237793,afl-quarterly-earnings-nongaap-eps-02-04-2026-1pt7,AFL,AFL,2026-02-04T23:28:31Z,2026-02-04,2026-02-02,Aflac Inc,58067345500.0,13.0,Financials,Insurance,Life & Health Insurance,United States of America,US,United States of America,United States of America,Country of Headquarters,New York Consolidated,2025-08-03,2026-02-02,295209265.0,2342930.6746031744,0.010050636089759648,2026-02-18T13:16:16Z,[]
1238099,qcom-quarterly-earnings-nongaap-eps-02-04-2026-3pt39,QCOM,QCOM.N,2026-02-04T23:26:35Z,2026-02-04,2026-02-02,Qualcomm Inc,162845540000.0,37.0,Information Technology,Semiconductors & Semiconductor Equipment,Semiconductors,United States of America,US,United States of America,United States of America,Country of Headquarters,New York Stock Exchange,2025-08-03,2026-02-02,13193784.0,104712.57142857143,0.020508690017528766,2026-02-18T13:16:16Z,[]
1238115,uhalb-quarterly-earnings-gaap-eps-02-04-2026-neg0pt04,UHAL.B,UHAL.B,2026-02-05T00:33:55Z,2026-02-05,2026-02-03,U-Haul Holding Co,10332716042.36,4.0,Industrials,Ground Transportation,Ground Freight & Logistics,United States of America,US,United States of America,United States of America,Country of Headquarters,Boston Stock Exchange Inc,2025-08-04,2026-02-03,98383.0,774.6692913385826,0.017021705354948763,2026-02-18T13:16:16Z,[]
1238190,googl-quarterly-earnings-gaap-eps-02-04-2026-2pt64,GOOGL,GOOGL.N,2026-02-04T23:28:29Z,2026-02-04,2026-02-02,Alphabet Inc,4164197910000.0,65.0,Communication Services,Interactive Media & Services,Online Services,United States of America,US,United States of America,United States of America,Country of Headquarters,New York Stock Exchange,2025-08-03,2026-02-02,42616674.0,338227.5714285714,0.017276643534411235,2026-02-18T13:16:16Z,[]
1238195,arm-quarterly-earnings-nongaap-eps-02-04-2026-0pt41,ARM,ARM.N,2026-02-04T23:28:31Z,2026-02-04,2026-02-02,Arm Holdings PLC,113559660000.0,40.0,Information Technology,Semiconductors & Semiconductor Equipment,Semiconductors,United Kingdom,GB,United Kingdom,United States of America,Country of Headquarters,New York Stock Exchange,2025-08-03,2026-02-02,10079499.0,79996.02380952382,0.028443575575591303,2026-02-18T13:16:16Z,[]
1254012,met-quarterly-earnings-nongaap-eps-02-04-2026-2pt35,MET,MET,2026-02-05T00:28:43Z,2026-02-05,2026-02-03,MetLife Inc,50392570000.0,17.0,Financials,Insurance,Life & Health Insurance,United States of America,US,United States of America,United States of America,Country of Headquarters,New York Consolidated,2025-08-04,2026-02-03,438967879.0,3456439.9921259843,0.014329077081285824,2026-02-18T13:16:16Z,[]
1254527,all-quarterly-earnings-nongaap-eps-02-04-2026-9pt86,ALL,ALL,2026-02-04T23:49:37Z,2026-02-04,2026-02-02,Allstate Corp,52197600000.0,25.0,Financials,Insurance,Property & Casualty Insurance,United States of America,US,United States of America,United States of America,Country of Headquarters,New York Consolidated,2025-08-03,2026-02-02,187181839.0,1485570.150793651,0.013723689517434735,2026-02-18T13:16:16Z,[]
1254472,cop-quarterly-earnings-nongaap-eps-02-05-2026-1pt11,COP,COP,2026-02-05T14:26:55Z,2026-02-05,2026-02-03,ConocoPhillips,128532374880.0,30.0,Energy,"Oil, Gas & Consumable Fuels",Oil & Gas Exploration and Production,United States of America,US,United States of America,United States of America,Country of Headquarters,New York Consolidated,2025-08-04,2026-02-03,914845919.0,7203511.173228347,0.01793214462146614,2026-02-18T13:16:16Z,[]
1254473,ice-quarterly-earnings-nongaap-eps-02-05-2026-1pt67,ICE,ICE,2026-02-05T14:40:05Z,2026-02-05,2026-02-03,Intercontinental Exchange Inc,92606884374.91,17.0,Financials,Capital Markets,Financial & Commodity Market Operators & Service Providers,United States of America,US,United States of America,United States of America,Country of Headquarters,New York Consolidated,2025-08-04,2026-02-03,437145782.0,3442092.771653543,0.01316955054646343,2026-02-18T13:16:16Z,[]
1268876,rl-quarterly-earnings-nongaap-eps-02-05-2026-5pt78,RL,RL,2026-02-05T15:32:35Z,2026-02-05,2026-02-03,Ralph Lauren Corp,21432311658.52,21.0,Consumer Discretionary,"Textiles, Apparel & Luxury Goods",Apparel & Accessories,United States of America,US,United States of America,United States of America,Country of Headquarters,New York Consolidated,2025-08-04,2026-02-03,78741952.0,620015.3700787402,0.01799152114765789,2026-02-18T13:16:16Z,[]
1268941,tw-quarterly-earnings-nongaap-eps-02-05-2026-0pt84,TW,TW.N,2026-02-05T14:53:19Z,2026-02-05,2026-02-03,Tradeweb Markets Inc,21148555167.0,15.0,Financials,Capital Markets,Financial & Commodity Market Operators & Service Providers,United States of America,US,United States of America,United States of America,Country of Headquarters,New York Stock Exchange,2025-08-04,2026-02-03,2578345.0,20301.929133858266,0.015487932815438527,2026-02-18T13:16:16Z,[]
1270843,ci-quarterly-earnings-nongaap-eps-02-05-2026-7pt88,CI,CI,2026-02-05T14:53:21Z,2026-02-05,2026-02-03,Cigna Group,72555350960.0,26.0,Health Care,Health Care Providers & Services,Managed Healthcare,United States of America,US,United States of America,United States of America,Country of Headquarters,New York Consolidated,2025-08-04,2026-02-03,225418526.0,1774949.0236220472,0.023239521138591804,2026-02-18T13:16:16Z,[]
1270844,ares-quarterly-earnings-nongaap-eps-02-05-2026-1pt69,ARES,ARES.N,2026-02-05T14:53:21Z,2026-02-05,2026-02-03,Ares Management Corp,43015975402.4,16.0,Financials,Capital Markets,Investment Management & Fund Operators,United States of America,US,United States of America,United States of America,Country of Headquarters,New York Stock Exchange,2025-08-04,2026-02-03,81927554.0,645098.8503937008,0.02300527631931737,2026-02-18T13:16:16Z,[]
1321183,kkr-quarterly-earnings-nongaap-eps-02-05-2026-1pt14,KKR,KKR,2026-02-05T14:49:21Z,2026-02-05,2026-02-03,KKR & Co Inc,92058980184.8,20.0,Financials,Capital Markets,Investment Management & Fund Operators,United States of America,US,United States of America,United States of America,Country of Headquarters,New York Consolidated,2025-08-04,2026-02-03,532272245.0,4191120.0393700786,0.02273331339872756,2026-02-18T13:16:16Z,[]
1321184,el-quarterly-earnings-nongaap-eps-02-05-2026-0pt83,EL,EL,2026-02-05T14:52:19Z,2026-02-05,2026-02-03,Estee Lauder Companies Inc,42058003289.61,27.0,Consumer Staples,Personal Care Products,Personal Products,United States of America,US,United States of America,United States of America,Country of Headquarters,New York Consolidated,2025-08-04,2026-02-03,448482081.0,3531354.968503937,0.02346252900725144,2026-02-18T13:16:16Z,[]
1321186,pton-quarterly-earnings-gaap-eps-02-05-2026-neg0pt06,PTON,PTON.N,2026-02-05T14:50:23Z,2026-02-05,2026-02-03,Peloton Interactive Inc,2433797594.8,20.0,Consumer Discretionary,Leisure Products,Recreational Products,United States of America,US,United States of America,United States of America,Country of Headquarters,New York Stock Exchange,2025-08-04,2026-02-03,25002658.0,196871.32283464566,0.03579841534123217,2026-02-18T13:16:16Z,[]
1254014,amzn-quarterly-earnings-gaap-eps-02-05-2026-1pt95,AMZN,AMZN.N,2026-02-05T23:24:43Z,2026-02-05,2026-02-03,Amazon.com Inc,2561566817999.4,69.0,Consumer Discretionary,Broadline Retail,Department Stores,United States of America,US,United States of America,United States of America,Country of Headquarters,New York Stock Exchange,2025-08-04,2026-02-03,46250713.0,364178.84251968504,0.018597017525157643,2026-02-18T13:16:16Z,[]
1254528,mchp-quarterly-earnings-nongaap-eps-02-05-2026-0pt43,MCHP,MCHP.N,2026-02-05T23:27:45Z,2026-02-05,2026-02-03,Microchip Technology Inc,41483444210.28,27.0,Information Technology,Semiconductors & Semiconductor Equipment,Semiconductors,United States of America,US,United States of America,United States of America,Country of Headquarters,New York Stock Exchange,2025-08-04,2026-02-03,15759262.0,124088.67716535433,0.02768561400331629,2026-02-18T13:16:16Z,[]
1268877,rblx-quarterly-earnings-gaap-eps-02-05-2026-neg0pt47,RBLX,RBLX.N,2026-02-05T23:27:43Z,2026-02-05,2026-02-03,Roblox Corp,46349375473.8,38.0,Communication Services,Entertainment,Software,United States of America,US,United States of America,United States of America,Country of Headquarters,New York Stock Exchange,2025-08-04,2026-02-03,223008267.0,1755970.6062992127,0.03480728199328374,2026-02-18T13:16:16Z,[]
1268878,rddt-quarterly-earnings-gaap-eps-02-05-2026-0pt93,RDDT,RDDT.N,2026-02-05T23:20:43Z,2026-02-05,2026-02-03,Reddit Inc,31344494488.65,28.0,Communication Services,Interactive Media & Services,Online Services,United States of America,US,United States of America,United States of America,Country of Headquarters,New York Stock Exchange,2025-08-04,2026-02-03,128728717.0,1013611.9448818897,0.03978770259768817,2026-02-18T13:16:16Z,[]
1321185,nwsa-quarterly-earnings-nongaap-eps-02-05-2026-0pt37,NWSA,NWSA.N,2026-02-05T23:30:45Z,2026-02-05,2026-02-03,News Corp,14599138459.38,9.0,Communication Services,Media,Consumer Publishing,United States of America,US,United States of America,United States of America,Country of Headquarters,New York Stock Exchange,2025-08-04,2026-02-03,10735261.0,84529.61417322834,0.01578390026944215,2026-02-18T13:16:16Z,[]
1268968,cboe-quarterly-earnings-nongaap-eps-02-06-2026-2pt95,CBOE,CBOE.N,2026-02-06T16:45:15Z,2026-02-06,2026-02-04,Cboe Global Markets Inc,28379592196.8,17.0,Financials,Capital Markets,Financial & Commodity Market Operators & Service Providers,United States of America,US,United States of America,United States of America,Country of Headquarters,New York Stock Exchange,2025-08-05,2026-02-04,1506792.0,11864.503937007874,0.011767186278180264,2026-02-18T13:16:16Z,[]
1321392,uaa-quarterly-earnings-nongaap-eps-02-06-2026-neg0pt01,UAA,UAA,2026-02-06T16:45:15Z,2026-02-06,2026-02-04,Under Armour Inc,2794872345.11,27.0,Consumer Discretionary,"Textiles, Apparel & Luxury Goods",Apparel & Accessories,United States of America,US,United States of America,United States of America,Country of Headquarters,New York Consolidated,2025-08-05,2026-02-04,1559058517.0,12276051.31496063,0.030320236295068227,2026-02-18T13:16:16Z,[]
1271534,apo-quarterly-earnings-nongaap-eps-02-09-2026-2pt03,APO,APO,2026-02-09T14:55:03Z,2026-02-09,2026-02-07,Apollo Global Management Inc,77213614886.19,18.0,Financials,Financial Services,Pension Funds,United States of America,US,United States of America,United States of America,Country of Headquarters,New York Consolidated,2025-08-08,2026-02-07,431905437.0,3427820.9285714286,0.021384894910150002,2026-02-18T13:16:16Z,[]
1273386,tpg-quarterly-earnings-gaap-eps-02-09-2026-0pt68,TPG,TPG.N,2026-02-05T19:34:01Z,2026-02-05,2026-02-03,TPG Inc,19813909229.1,14.0,Financials,Capital Markets,Investment Management & Fund Operators,United States of America,US,United States of America,United States of America,Country of Headquarters,New York Stock Exchange,2025-08-04,2026-02-03,3033132.0,23882.929133858266,0.02256341243476213,2026-02-18T13:16:16Z,[]
1271536,on-quarterly-earnings-nongaap-eps-02-10-2026-0pt62,ON,ON.N,2026-02-10T00:01:01Z,2026-02-10,2026-02-08,ON Semiconductor Corp,25690138556.0,36.0,Information Technology,Semiconductors & Semiconductor Equipment,Semiconductors,United States of America,US,United States of America,United States of America,Country of Headquarters,New York Stock Exchange,2025-08-09,2026-02-08,16836402.0,134691.216,0.028570150329879564,2026-02-18T13:16:16Z,[]
1321395,acm-quarterly-earnings-nongaap-eps-02-09-2026-1pt16,ACM,ACM,2026-02-09T23:19:33Z,2026-02-09,2026-02-07,AECOM,13062029682.72,14.0,Industrials,Construction & Engineering,Construction & Engineering,United States of America,US,United States of America,United States of America,Country of Headquarters,New York Consolidated,2025-08-08,2026-02-07,146001323.0,1158740.6587301588,0.01757016113651749,2026-02-18T13:16:16Z,[]
1321400,chgg-quarterly-earnings-nongaap-eps-02-09-2026-neg0pt1,CHGG,CHGG.N,2026-02-09T23:19:35Z,2026-02-09,2026-02-07,Chegg Inc,87722988.2048,2.0,Consumer Discretionary,Diversified Consumer Services,Professional Information Services,United States of America,US,United States of America,United States of America,Country of Headquarters,New York Stock Exchange,2025-08-08,2026-02-07,53048376.0,421018.85714285716,0.06491220119306064,2026-02-18T13:16:16Z,[]
1321401,gtm-quarterly-earnings-nongaap-eps-02-09-2026-0pt28,GTM,GTM.N,2026-02-09T23:18:39Z,2026-02-09,2026-02-07,Zoominfo Technologies Inc,2231703847.64,21.0,Communication Services,Interactive Media & Services,IT Services & Consulting,United States of America,US,United States of America,United States of America,Country of Headquarters,New York Stock Exchange,2025-08-08,2026-02-07,10976532.0,87115.33333333333,0.030826545053107807,2026-02-18T13:16:16Z,[]
1238101,hog-quarterly-earnings-gaap-eps-02-04-2026-neg1pt06,HOG,HOG,2026-02-10T14:21:25Z,2026-02-10,2026-02-08,Harley-Davidson Inc,2420726772.87,17.0,Consumer Discretionary,Automobiles,Auto & Truck Manufacturers,United States of America,US,United States of America,United States of America,Country of Headquarters,New York Consolidated,2025-08-09,2026-02-08,277252807.0,2218022.456,0.021740128539369612,2026-02-18T13:16:16Z,[]
1279292,cvs-quarterly-earnings-nongaap-eps-02-10-2026-0pt99,CVS,CVS,2026-02-10T14:35:59Z,2026-02-10,2026-02-08,CVS Health Corp,99677736786.05,29.0,Health Care,Health Care Providers & Services,Healthcare Facilities & Services,United States of America,US,United States of America,United States of America,Country of Headquarters,New York Consolidated,2025-08-09,2026-02-08,964234952.0,7713879.616,0.020232508958558597,2026-02-18T13:16:16Z,[]
1279298,spgi-quarterly-earnings-nongaap-eps-02-10-2026-4pt33,SPGI,SPGI.N,2026-02-10T16:18:51Z,2026-02-10,2026-02-08,S&P Global Inc,131256864000.0,26.0,Financials,Capital Markets,Professional Information Services,United States of America,US,United States of America,United States of America,Country of Headquarters,New York Stock Exchange,2025-08-09,2026-02-08,60978704.0,487829.632,0.01771007265806713,2026-02-18T13:16:16Z,[]
1279575,ko-quarterly-earnings-nongaap-eps-02-10-2026-0pt56,KO,KO,2026-02-10T14:06:09Z,2026-02-10,2026-02-08,Coca-Cola Co,339956147020.35,27.0,Consumer Staples,Beverages,Non-Alcoholic Beverages,United States of America,US,United States of America,United States of America,Country of Headquarters,New York Consolidated,2025-08-09,2026-02-08,2090351016.0,16722808.128,0.010101301373429935,2026-02-18T13:16:16Z,[]
1279999,bp-quarterly-earnings-nongaap-eps-02-10-2026-0pt61,BP,BP,2026-02-10T14:42:03Z,2026-02-10,2026-02-08,BP PLC,102176607330.189,20.0,Energy,"Oil, Gas & Consumable Fuels",Oil & Gas Refining and Marketing,United Kingdom,GB,United Kingdom,United States of America,Country of Headquarters,New York Consolidated,2025-08-09,2026-02-08,922930663.0,7383445.304,0.014957379208097962,2026-02-18T13:16:16Z,[]
1280186,mar-quarterly-earnings-nongaap-eps-02-10-2026-2pt62,MAR,MAR.N,2026-02-10T14:30:43Z,2026-02-10,2026-02-08,Marriott International Inc,88303452774.96,28.0,Consumer Discretionary,"Hotels, Restaurants & Leisure","Hotels, Motels & Cruise Lines",United States of America,US,United States of America,United States of America,Country of Headquarters,New York Stock Exchange,2025-08-09,2026-02-08,4052650.0,32421.2,0.015720763811189458,2026-02-18T13:16:16Z,[]
1280188,ddog-quarterly-earnings-nongaap-eps-02-10-2026-0pt55,DDOG,DDOG.N,2026-02-10T14:33:55Z,2026-02-10,2026-02-08,Datadog Inc,39166415955.81,47.0,Information Technology,Software,Software,United States of America,US,United States of America,United States of America,Country of Headquarters,New York Stock Exchange,2025-08-09,2026-02-08,8063786.0,64510.288,0.03448683499427999,2026-02-18T13:16:16Z,[]
1321402,dd-quarterly-earnings-nongaap-eps-02-10-2026-0pt43,DD,DD,2026-02-10T14:37:03Z,2026-02-10,2026-02-08,Dupont De Nemours Inc,19121703144.85,18.0,Materials,Chemicals,Electronic Equipment & Parts,United States of America,US,United States of America,United States of America,Country of Headquarters,New York Consolidated,2025-08-09,2026-02-08,557013972.0,4456111.776,0.018059408725990437,2026-02-18T13:16:16Z,[]
1321481,wmb-quarterly-earnings-nongaap-eps-02-10-2026-0pt57,WMB,WMB,2026-02-10T16:20:51Z,2026-02-10,2026-02-08,Williams Companies Inc,81776240000.0,23.0,Energy,"Oil, Gas & Consumable Fuels",Oil & Gas Transportation Services,United States of America,US,United States of America,United States of America,Country of Headquarters,New York Consolidated,2025-08-09,2026-02-08,878000410.0,7024003.28,0.014482035793798032,2026-02-18T13:16:16Z,[]
1237795,f-quarterly-earnings-nongaap-eps-02-04-2026-0pt18,F,F,2026-02-10T23:25:23Z,2026-02-10,2026-02-08,Ford Motor Co,55054758105.0,24.0,Consumer Discretionary,Automobiles,Auto & Truck Manufacturers,United States of America,US,United States of America,United States of America,Country of Headquarters,New York Consolidated,2025-08-09,2026-02-08,9202974338.0,73623794.704,0.019296846827055035,2026-02-18T13:16:16Z,[]
1279293,lyft-quarterly-earnings-gaap-eps-02-10-2026-0pt12,LYFT,LYFT.N,2026-02-11T04:13:39Z,2026-02-11,2026-02-09,Lyft Inc,6612567252.61,46.0,Industrials,Ground Transportation,Online Services,United States of America,US,United States of America,United States of America,Country of Headquarters,New York Stock Exchange,2025-08-10,2026-02-09,38255772.0,303617.2380952381,0.033410400361267266,2026-02-18T13:16:16Z,[]
1279299,hood-quarterly-earnings-gaap-eps-02-10-2026-0pt63,HOOD,HOOD.N,2026-02-10T23:26:25Z,2026-02-10,2026-02-08,Robinhood Markets Inc,74648020738.24,27.0,Financials,Capital Markets,Financial Technology (Fintech),United States of America,US,United States of America,United States of America,Country of Headquarters,New York Stock Exchange,2025-08-09,2026-02-08,32330210.0,258641.68,0.044104051892353544,2026-02-18T13:16:16Z,[]
1280185,crsp-quarterly-earnings-gaap-eps-02-11-2026-neg1pt17,CRSP,CRSP.N,2026-02-13T00:12:05Z,2026-02-13,2026-02-11,CRISPR Therapeutics AG,4638010275.84,28.0,Health Care,Biotechnology,Biotechnology & Medical Research,Switzerland,CH,Switzerland,United States of America,Country of Headquarters,New York Stock Exchange,2025-08-12,2026-02-11,2912490.0,22932.992125984252,0.036844377563057217,2026-02-18T13:16:16Z,[]
1280187,net-quarterly-earnings-nongaap-eps-02-11-2026-0pt27,NET,NET,2026-02-11T04:17:43Z,2026-02-11,2026-02-09,Cloudflare Inc,61140366250.0,35.0,Information Technology,IT Services,IT Services & Consulting,United States of America,US,United States of America,United States of America,Country of Headquarters,New York Consolidated,2025-08-10,2026-02-09,365046085.0,2897191.1507936507,0.03065243388818593,2026-02-18T13:16:16Z,[]
1287906,tmus-quarterly-earnings-gaap-eps-02-11-2026-2pt07,TMUS,TMUS.N,2026-02-11T17:12:29Z,2026-02-11,2026-02-09,T-Mobile US Inc,217794188990.74,28.0,Communication Services,Wireless Telecommunication Services,Wireless Telecommunications Services,United States of America,US,United States of America,United States of America,Country of Headquarters,New York Stock Exchange,2025-08-10,2026-02-09,10235454.0,81233.76190476191,0.013663614055606576,2026-02-18T13:16:16Z,[]
1288098,hlt-quarterly-earnings-nongaap-eps-02-11-2026-2pt02,HLT,HLT,2026-02-11T17:17:23Z,2026-02-11,2026-02-09,Hilton Worldwide Holdings Inc,72004445858.45,25.0,Consumer Discretionary,"Hotels, Restaurants & Leisure","Hotels, Motels & Cruise Lines",United States of America,US,United States of America,United States of America,Country of Headquarters,New York Consolidated,2025-08-10,2026-02-09,216812445.0,1720733.6904761905,0.013748558075855535,2026-02-18T13:16:16Z,[]
1293041,pag-quarterly-earnings-gaap-eps-02-11-2026-3pt02,PAG,PAG,2026-02-11T17:13:27Z,2026-02-11,2026-02-09,Penske Automotive Group Inc,10966107493.52,12.0,Consumer Discretionary,Specialty Retail,"Auto Vehicles, Parts & Service Retailers",United States of America,US,United States of America,United States of America,Country of Headquarters,New York Consolidated,2025-08-10,2026-02-09,30351075.0,240881.54761904763,0.013754384799145345,2026-02-18T13:16:16Z,[]
1321483,hum-quarterly-earnings-nongaap-eps-02-11-2026-neg3pt99,HUM,HUM,2026-02-11T17:13:27Z,2026-02-11,2026-02-09,Humana Inc,22850847710.88,29.0,Health Care,Health Care Providers & Services,Managed Healthcare,United States of America,US,United States of America,United States of America,Country of Headquarters,New York Consolidated,2025-08-10,2026-02-09,225895764.0,1792823.5238095238,0.034672156909900054,2026-02-18T13:16:16Z,[]
1321484,khc-quarterly-earnings-nongaap-eps-02-11-2026-0pt61,KHC,KHC.N,2026-02-11T17:12:31Z,2026-02-11,2026-02-09,Kraft Heinz Co,29096445979.58,21.0,Consumer Staples,Food Products,Food Processing,United States of America,US,United States of America,United States of America,Country of Headquarters,New York Stock Exchange,2025-08-10,2026-02-09,33982659.0,269703.64285714284,0.015805086081323128,2026-02-18T13:16:16Z,[]
1326168,tsem-quarterly-earnings-gaap-eps-02-11-2026-0pt59,TSEM,TSEM.N,2026-02-11T17:13:29Z,2026-02-11,2026-02-09,Tower Semiconductor Ltd,16500579450.11,6.0,Information Technology,Semiconductors & Semiconductor Equipment,Semiconductors,Israel,IL,Israel,United States of America,Country of Headquarters,New York Stock Exchange,2025-08-10,2026-02-09,2647731.0,21013.738095238095,0.03403115300127199,2026-02-18T13:16:16Z,[]
1287904,mcd-quarterly-earnings-nongaap-eps-02-11-2026-3pt04,MCD,MCD,2026-02-11T23:56:21Z,2026-02-11,2026-02-09,McDonald's Corp,231877456360.0,39.0,Consumer Discretionary,"Hotels, Restaurants & Leisure",Restaurants & Bars,United States of America,US,United States of America,United States of America,Country of Headquarters,New York Consolidated,2025-08-10,2026-02-09,395001565.0,3134933.0555555555,0.00957705941136799,2026-02-18T13:16:16Z,[]
1287905,csco-quarterly-earnings-nongaap-eps-02-11-2026-1pt02,CSCO,CSCO.N,2026-02-11T23:57:23Z,2026-02-11,2026-02-09,Cisco Systems Inc,342875986177.14,25.0,Information Technology,Communications Equipment,Communications & Networking,United States of America,US,United States of America,United States of America,Country of Headquarters,New York Stock Exchange,2025-08-10,2026-02-09,42610128.0,338175.61904761905,0.014119990185478118,2026-02-18T13:16:16Z,[]
1288097,mgm-quarterly-earnings-nongaap-eps-02-11-2026-0pt56,MGM,MGM,2026-02-06T00:51:21Z,2026-02-06,2026-02-04,MGM Resorts International,9539873670.99,23.0,Consumer Discretionary,"Hotels, Restaurants & Leisure",Casinos & Gaming,United States of America,US,United States of America,United States of America,Country of Headquarters,New York Consolidated,2025-08-05,2026-02-04,580441287.0,4570403.834645669,0.020699204508630727,2026-02-18T13:16:16Z,[]
1288099,grab-quarterly-earnings-gaap-eps-02-11-2026-0pt01,GRAB,GRAB.N,2026-02-12T03:51:19Z,2026-02-12,2026-02-10,Grab Holdings Ltd,17623590000.0,23.0,Industrials,Ground Transportation,Software,Singapore,SG,Singapore,United States of America,Country of Headquarters,New York Stock Exchange,2025-08-11,2026-02-10,145444613.0,1145233.1732283465,0.02496054051522897,2026-02-18T13:16:16Z,[]
1321482,app-quarterly-earnings-gaap-eps-02-11-2026-2pt95,APP,APP.N,2026-02-11T23:57:23Z,2026-02-11,2026-02-09,Applovin Corp,155752538940.0,30.0,Information Technology,Software,Software,United States of America,US,United States of America,United States of America,Country of Headquarters,New York Stock Exchange,2025-08-10,2026-02-09,10480487.0,83178.46825396825,0.045318710545665684,2026-02-18T13:16:16Z,[]
1321485,hubs-quarterly-earnings-nongaap-eps-02-11-2026-2pt99,HUBS,HUBS.N,2026-02-11T23:57:25Z,2026-02-11,2026-02-09,HubSpot Inc,12187283058.88,36.0,Information Technology,Software,Software,United States of America,US,United States of America,United States of America,Country of Headquarters,New York Stock Exchange,2025-08-10,2026-02-09,24977420.0,198233.49206349207,0.03405295142681808,2026-02-18T13:16:16Z,[]
1293473,bud-quarterly-earnings-nongaap-eps-02-12-2026-0pt89,BUD,BUD,2026-02-12T14:23:49Z,2026-02-12,2026-02-10,Anheuser-Busch Inbev SA,135694449570.056,12.0,Consumer Staples,Beverages,Brewers,Belgium,BE,Belgium,United States of America,Country of Headquarters,New York Consolidated,2025-08-11,2026-02-10,265963392.0,2094199.937007874,0.011072836182373244,2026-02-18T13:16:16Z,[]
1293905,h-quarterly-earnings-nongaap-eps-02-12-2026-0pt39,H,H,2026-02-12T14:47:57Z,2026-02-12,2026-02-10,Hyatt Hotels Corp,15969775673.25,24.0,Consumer Discretionary,"Hotels, Restaurants & Leisure","Hotels, Motels & Cruise Lines",United States of America,US,United States of America,United States of America,Country of Headquarters,New York Consolidated,2025-08-11,2026-02-10,110890995.0,873157.4409448819,0.019848333565160272,2026-02-18T13:16:16Z,[]
1321489,usfd-quarterly-earnings-nongaap-eps-02-12-2026-1pt01,USFD,USFD.N,2026-02-12T14:23:49Z,2026-02-12,2026-02-10,US Foods Holding Corp,19996539241.19,17.0,Consumer Staples,Consumer Staples Distribution & Retail,Food Retail & Distribution,United States of America,US,United States of America,United States of America,Country of Headquarters,New York Stock Exchange,2025-08-11,2026-02-10,82638372.0,650695.842519685,0.015172910029232666,2026-02-18T13:16:16Z,[]
1321492,bgc-quarterly-earnings-nongaap-eps-02-12-2026-0pt29,BGC,BGC.N,2026-02-12T15:38:33Z,2026-02-12,2026-02-10,Bgc Group Inc,4296188919.96,2.0,Financials,Capital Markets,Investment Banking & Brokerage Services,United States of America,US,United States of America,United States of America,Country of Headquarters,New York Stock Exchange,2025-08-11,2026-02-10,8046746.0,63360.20472440945,0.015759110824155778,2026-02-18T13:16:16Z,[]
1321493,trip-quarterly-earnings-nongaap-eps-02-12-2026-0pt13,TRIP,TRIP.N,2026-02-12T14:23:51Z,2026-02-12,2026-02-10,Tripadvisor Inc,1472309485.43,16.0,Communication Services,Interactive Media & Services,Leisure & Recreation,United States of America,US,United States of America,United States of America,Country of Headquarters,New York Stock Exchange,2025-08-11,2026-02-10,4870377.0,38349.425196850396,0.02836026308519315,2026-02-18T13:16:16Z,[]
1293042,expe-quarterly-earnings-nongaap-eps-02-12-2026-3pt29,EXPE,EXPE.N,2026-02-12T23:57:59Z,2026-02-12,2026-02-10,Expedia Group Inc,29597073224.42,38.0,Consumer Discretionary,"Hotels, Restaurants & Leisure",Leisure & Recreation,United States of America,US,United States of America,United States of America,Country of Headquarters,New York Stock Exchange,2025-08-11,2026-02-10,4103592.0,32311.748031496063,0.030229657795176442,2026-02-18T13:16:16Z,[]
1293043,pins-quarterly-earnings-nongaap-eps-02-12-2026-0pt68,PINS,PINS.N,2026-02-12T23:58:55Z,2026-02-12,2026-02-10,Pinterest Inc,13522268205.59,37.0,Communication Services,Interactive Media & Services,Online Services,United States of America,US,United States of America,United States of America,Country of Headquarters,New York Stock Exchange,2025-08-11,2026-02-10,357716252.0,2816663.401574803,0.031585733495430604,2026-02-18T13:16:16Z,[]
1293048,wynn-quarterly-earnings-nongaap-eps-02-12-2026-1pt48,WYNN,WYNN.N,2026-02-12T23:58:01Z,2026-02-12,2026-02-10,Wynn Resorts Ltd,12150457615.94,19.0,Consumer Discretionary,"Hotels, Restaurants & Leisure",Casinos & Gaming,United States of America,US,United States of America,United States of America,Country of Headquarters,New York Stock Exchange,2025-08-11,2026-02-10,3207150.0,25253.149606299212,0.02257647706812772,2026-02-18T13:16:16Z,[]
1293440,rivn-quarterly-earnings-gaap-eps-02-12-2026-neg0pt8,RIVN,RIVN.N,2026-02-12T23:58:53Z,2026-02-12,2026-02-10,Rivian Automotive Inc,18565207243.44,31.0,Consumer Discretionary,Automobiles,Auto & Truck Manufacturers,United States of America,US,United States of America,United States of America,Country of Headquarters,New York Stock Exchange,2025-08-11,2026-02-10,75308563.0,592980.811023622,0.04001000583757021,2026-02-18T13:16:16Z,[]
1293441,coin-quarterly-earnings-gaap-eps-02-12-2026-0pt61,COIN,COIN.N,2026-02-13T00:15:07Z,2026-02-13,2026-02-11,Coinbase Global Inc,40456315890.8,37.0,Financials,Capital Markets,Blockchain & Cryptocurrency,United States of America,US,United States of America,United States of America,Country of Headquarters,New York Stock Exchange,2025-08-12,2026-02-11,13579382.0,106924.26771653544,0.03902782205590043,2026-02-18T13:16:16Z,[]
1293442,tost-quarterly-earnings-gaap-eps-02-12-2026-0pt12,TOST,TOST.N,2026-02-12T23:58:03Z,2026-02-12,2026-02-10,Toast Inc,17357830000.0,27.0,Financials,Financial Services,Software,United States of America,US,United States of America,United States of America,Country of Headquarters,New York Stock Exchange,2025-08-11,2026-02-10,257893246.0,2030655.4803149607,0.0268587922699027,2026-02-18T13:16:16Z,[]
1293448,abnb-quarterly-earnings-gaap-eps-02-12-2026-0pt66,ABNB,ABNB.N,2026-02-12T23:58:01Z,2026-02-12,2026-02-10,Airbnb Inc,73240463426.56,38.0,Consumer Discretionary,"Hotels, Restaurants & Leisure",Online Services,United States of America,US,United States of America,United States of America,Country of Headquarters,New York Stock Exchange,2025-08-11,2026-02-10,8544155.0,67276.81102362205,0.016211226027368363,2026-02-18T13:16:16Z,[]
1293498,dkng-quarterly-earnings-nongaap-eps-02-12-2026-0pt4,DKNG,DKNG.N,2026-02-13T00:02:01Z,2026-02-13,2026-02-11,Draftkings Inc,12965673425.5,34.0,Consumer Discretionary,"Hotels, Restaurants & Leisure",Casinos & Gaming,United States of America,US,United States of America,United States of America,Country of Headquarters,New York Stock Exchange,2025-08-12,2026-02-11,33459961.0,263464.2598425197,0.030112856604474825,2026-02-18T13:16:16Z,[]
1293499,amat-quarterly-earnings-nongaap-eps-02-12-2026-2pt21,AMAT,AMAT.N,2026-02-12T23:58:55Z,2026-02-12,2026-02-10,Applied Materials Inc,261189921171.27,36.0,Information Technology,Semiconductors & Semiconductor Equipment,Semiconductor Equipment & Testing,United States of America,US,United States of America,United States of America,Country of Headquarters,New York Stock Exchange,2025-08-11,2026-02-10,13295474.0,104688.77165354331,0.030493992511015883,2026-02-18T13:16:16Z,[]
1321486,gt-quarterly-earnings-nongaap-eps-02-12-2026-0pt49,GT,GT.N,2026-02-10T00:33:39Z,2026-02-10,2026-02-08,Goodyear Tire & Rubber Co,3017043854.3,14.0,Consumer Discretionary,Automobile Components,Tires & Rubber Products,United States of America,US,United States of America,United States of America,Country of Headquarters,New York Stock Exchange,2025-08-09,2026-02-08,18250526.0,146004.208,0.02307825397975991,2026-02-18T13:16:16Z,[]
1321490,roku-quarterly-earnings-gaap-eps-02-12-2026-0pt28,ROKU,ROKU.N,2026-02-13T00:02:03Z,2026-02-13,2026-02-11,Roku Inc,12957427496.31,30.0,Communication Services,Entertainment,Entertainment Production,United States of America,US,United States of America,United States of America,Country of Headquarters,New York Stock Exchange,2025-08-12,2026-02-11,5458465.0,42980.03937007874,0.024331602208200367,2026-02-18T13:16:16Z,[]
1321491,yelp-quarterly-earnings-gaap-eps-02-12-2026-0pt53,YELP,YELP.N,2026-02-12T23:58:55Z,2026-02-12,2026-02-10,Yelp Inc,1496715012.26,11.0,Communication Services,Interactive Media & Services,Online Services,United States of America,US,United States of America,United States of America,Country of Headquarters,New York Stock Exchange,2025-08-11,2026-02-10,44290414.0,348743.41732283466,0.02270014606845714,2026-02-18T13:16:16Z,[]
1326457,wen-quarterly-earnings-nongaap-eps-02-13-2026-0pt15,WEN,WEN.N,2026-02-13T15:15:17Z,2026-02-13,2026-02-11,Wendy's Co,1499753120.0,29.0,Consumer Discretionary,"Hotels, Restaurants & Leisure",Restaurants & Bars,United States of America,US,United States of America,United States of America,Country of Headquarters,New York Stock Exchange,2025-08-12,2026-02-11,17343758.0,136565.02362204724,0.02116236646870752,2026-02-18T13:16:16Z,[]
1326458,mrna-quarterly-earnings-gaap-eps-02-13-2026-neg2pt6,MRNA,MRNA.N,2026-02-13T15:12:19Z,2026-02-13,2026-02-11,Moderna Inc,15826427031.12,26.0,Health Care,Biotechnology,Pharmaceuticals,United States of America,US,United States of America,United States of America,Country of Headquarters,New York Stock Exchange,2025-08-12,2026-02-11,21844417.0,172003.28346456692,0.042662308575328774,2026-02-18T13:16:16Z,[]
1326501,lh-quarterly-earnings-nongaap-eps-02-17-2026-3pt94,LH,LH,2026-02-17T14:37:29Z,2026-02-17,2026-02-15,Labcorp Holdings Inc,23430027000.0,22.0,Health Care,Health Care Providers & Services,Healthcare Facilities & Services,United States of America,US,United States of America,United States of America,Country of Headquarters,New York Consolidated,2025-08-16,2026-02-15,89047735.0,712381.88,0.014852418593984739,2026-02-18T13:16:16Z,[]
1326546,sun-quarterly-earnings-gaap-eps-02-17-2026-1pt62,SUN,SUN,2026-02-17T14:38:27Z,2026-02-17,2026-02-15,Sunoco LP,11195630701.42,7.0,Energy,"Oil, Gas & Consumable Fuels",Oil & Gas Refining and Marketing,United States of America,US,United States of America,United States of America,Country of Headquarters,New York Consolidated,2025-08-16,2026-02-15,63108095.0,504864.76,0.012322412130371158,2026-02-18T13:16:16Z,[]
1326576,way-quarterly-earnings-nongaap-eps-02-17-2026-0pt4,WAY,WAY.N,2026-02-17T14:38:29Z,2026-02-17,2026-02-15,Waystar Holding Corp,4287404625.03,23.0,Health Care,Health Care Technology,Software,United States of America,US,United States of America,United States of America,Country of Headquarters,New York Stock Exchange,2025-08-16,2026-02-15,3801826.0,30414.608,0.026543167083294218,2026-02-18T13:16:16Z,[]
1293861,panw-quarterly-earnings-nongaap-eps-02-12-2026-0pt94,PANW,PANW.N,2026-02-17T23:22:55Z,2026-02-17,2026-02-15,Palo Alto Networks Inc,134908043284.35,54.0,Information Technology,Software,Software,United States of America,US,United States of America,United States of America,Country of Headquarters,New York Stock Exchange,2025-08-16,2026-02-15,10502555.0,84020.44,0.01900131219008149,2026-02-18T13:16:16Z,[]
1326547,czr-quarterly-earnings-gaap-eps-02-17-2026-neg0pt18,CZR,CZR.N,2026-02-17T23:20:45Z,2026-02-17,2026-02-15,Caesars Entertainment Inc,3702518086.02,19.0,Consumer Discretionary,"Hotels, Restaurants & Leisure",Casinos & Gaming,United States of America,US,United States of America,United States of America,Country of Headquarters,New York Stock Exchange,2025-08-16,2026-02-15,15281365.0,122250.92,0.03314182572192873,2026-02-18T13:16:16Z,[]
1339362,lzb-quarterly-earnings-nongaap-eps-02-17-2026-0pt59,LZB,LZB,2026-02-17T23:27:57Z,2026-02-17,2026-02-15,La-Z-Boy Inc,1581485509.8,3.0,Consumer Discretionary,Household Durables,Home Furnishings,United States of America,US,United States of America,United States of America,Country of Headquarters,New York Consolidated,2025-08-16,2026-02-15,66589873.0,532718.984,0.026870222691834613,2026-02-18T13:16:16Z,[]
