"market_id","n_snapshots","loss_mean","loss_target","volumeNum","volume_per_analyst","val_eikon_eps_stddev_estimate","val_surprise","market_cap_usd_asof","analysts_covering_asof","turnover_6m_avg_daily_volume","volatility_6m","open_time_days","log_volume","log_volume_per_analyst","eps_stddev","surprise","log_market_cap","analysts","log_turnover","log_volatility_6m","firm_id","firm_market_number","prior_markets_for_firm","post_first_market"
"1069148",9,0.70874775,0.19053225,141618.557105,5245.13174462963,0.08996,0.29,887562078000,27,8417730.38095238,0.012497803489729,13.7210648148148,11.1080839101247,8.56524627346063,0.08996,0.29,26.8640512231621,27,15.9458509177242,0.0124203506033438,"JPM",2,1,1
"1069149",9,0.00776944444444444,0.00360000000000001,41553.592934,2444.32899611765,0.05423,0.09,81927613440,17,3467432.07142857,0.010783560056105,13.7225,10.6347633341023,7.80193495159608,0.05423,0.09,25.1291019314192,17,15.058925129306,0.0116712063567068,"BK",2,1,1
"1069150",9,0.660869444444444,0.6724,34846.39086,1244.51395928571,0.03727,-0.019999999999999,47215737754.08,28,8002830.42857143,0.022661128725539,13.7227777777778,10.4587335456671,7.127303542416,0.03727,-0.019999999999999,24.5779931009567,28,15.8953059655976,0.022408179625568,"DAL",2,1,1
"1099134",9,0.0238777777777778,0.0121,36178.687969,1447.14751876,0.02763,0.01,398055907200.55,25,35828639.1102362,0.012513829224162,10.4166319444444,10.4962531345063,7.27804044535318,0.02763,0.01,26.709858302719,25,16.4433774877375,0.0124361783982803,"BAC",2,1,1
"1099135",9,0.483491666666667,0.015625,56879.688635,2187.68033211538,0.0535,-0.06,293673296000,26,14855600.1653543,0.015669936864813,10.4285763888889,10.9487111712076,7.69105405310622,0.0535,-0.06,26.405733748307,26,16.4433774877375,0.015548431085592,"WFC",2,1,1
"1099148",9,0.289736111111111,0.099225,39081.184395,1699.18193021739,0.10269,0.12,210600610000,23,13825590.6929134,0.01495329546225,10.4461226851852,10.5734220000655,7.43849054209325,0.10269,0.12,26.0732293331283,23,16.4420319032209,0.0148425971121528,"C",2,1,1
"1099149",9,0.0616166666666667,0.0529,40360.273668,1494.82495066667,0.11892,0.26,289309080000,27,5351729.0390625,0.013306198143576,11.4320949074074,10.6056260316505,7.31043314010158,0.11892,0.26,26.3907614345404,27,15.4929304383862,0.0132184482436928,"MS",2,1,1
"1099181",9,0.0106472222222222,0.011025,39226.239714,1452.82369311111,0.58598,2.52,281377932594.65,27,1966480.6015625,0.014898636396454,11.4293402777778,10.5771266751171,7.28195239428402,0.334929,0.62,26.36296455849,27,14.4917565148796,0.0147887418875905,"GS",2,1,1
"1099182",9,0.021425,0.0225,20031.21384,801.2485536,0.06217,0.719999999999999,82804800000,25,1911552.078125,0.012160935363431,12.466400462963,9.90509694876298,6.68741847705908,0.06217,0.62,25.1397518676719,25,14.4634265995202,0.0120875852607781,"PNC",1,0,0
"1099187",9,0.235347222222222,0.046225,25081.28419,1320.06758894737,0.08834,0.3,37597375631.04,19,1956068.109375,0.01354993398667,12.4664467592593,10.129917066756,7.1861954682001,0.08834,0.3,24.3502000878595,19,14.486447460944,0.0134589545533466,"STT",2,1,1
"1099457",9,0.0447027777777778,0.0625,8753.720625,380.596548913043,0.08215,0.169999999999999,31854513600,23,1051247.7421875,0.012939253691554,12.1090162037037,9.07734833387386,5.94436389580432,0.08215,0.169999999999999,24.1844449232098,23,13.8654892937763,0.012856256727654,"MTB",1,0,0
"1114909",9,0.00453,0.0121,97961.83422,5762.46083647059,0.90803,0.22,1402733588425.96,17,12218384.4296875,0.020875174053886,9.92637731481481,11.1080839101247,8.64901914451803,0.334929,0.22,26.8640512231621,17,16.3184523777483,0.0206602731910951,"TSM",1,0,0
"1118155",9,0.099925,0.0361,17864.819232,1786.4819232,0.01017,0.089999999999999,124425979116.88,10,56145.4365079365,0.02233545621282,15.0074652777778,9.79064462622112,7.48856316162192,0.01017,0.089999999999999,25.5469768307931,10,10.9357184943581,0.0220896729660745,"IBKR",2,1,1
"1118156",9,0.0898861111111111,0.0529,7429.686056,275.17355762963,0.13814,0.12,36741024371.61,27,72866.5555555556,0.024825751586292,14.9609606481481,8.9133734693845,5.62102950007657,0.13814,0.12,24.327159797989,27,11.1963987648232,0.0245225996865987,"UAL",1,0,0
"1118157",9,0.0814222222222222,0.0625,4260.217618,304.301258428571,0.06214,0.229999999999999,9773649054.09,14,4756.55555555556,0.015928174264753,14.9880208333333,8.35731022424459,5.72129902167328,0.06214,0.229999999999999,23.0029557290816,14,9.28714543357954,0.0158026520360015,"WTFC",1,0,0
"1118261",9,0.139377777777778,0.1936,6911.297705,3455.6488525,0.0785,0.07,1522004103.68,2,1037.67716535433,0.023077901879473,17.0058680555556,8.8410573803029,8.1480548589742,0.0785,0.07,21.1432937926241,3,9.28714543357954,0.0228156344900106,"BFC",1,0,0
"1118262",9,0.0837694444444445,0.034225,75530.166069,1678.44813486667,0.0247,0.01,371550269200,45,501864.571428571,0.018692513342585,14.4309606481481,11.1080839101247,7.42622052728147,0.0247,0.01,26.640950006082,45,13.1260875768139,0.0185199553600054,"NFLX",2,1,1
"1118263",9,0.0459138888888889,0.018225,13939.05248,580.793853333333,0.02076,0.07,84592000000,24,9104862.42857143,0.012982752466322,14.5379513888889,9.54252144901331,6.36611618109181,0.02076,0.07,25.1611055364395,24,16.0243192714236,0.0128991989284322,"USB",2,1,1
"1118342",9,0.0829416666666667,0.055225,13078.169675,544.923736458333,0.00887,0.019999999999999,23337829170,24,22885440.5952381,0.014796412128069,14.5517476851852,9.47877614249163,6.30247928917295,0.00887,0.019999999999999,23.8733414504818,24,16.4433774877375,0.0146880131908873,"KEY",2,1,1
"1118343",9,0.0191944444444444,0.011025,43951.518534,2197.5759267,0.02544,0.02,88980838181.8,20,3013236.74603175,0.015039170470891,14.1492939814815,10.6908652059994,7.69556512370794,0.02544,0.02,25.2116868821698,20,14.9185257217475,0.0149272033460511,"MMM",2,1,1
"1118344",9,0.0667972222222222,0.050625,13720.47523,2744.095046,0.04185,0.059999999999999,863178966.4,5,3849.84126984127,0.017432069963276,14.5360069444444,9.52671741955206,7.91757097848081,0.04185,0.059999999999999,20.5761326046048,5,9.28714543357954,0.017281874399097,"MBWM",1,0,0
"1125126",9,0.206688888888889,0.837225,60301.467645,2621.80294108696,0.02524,0.02,63110875300,23,7784844.87301587,0.012871900740781,14.8194328703704,11.0071283046806,7.87199884974272,0.02524,0.02,24.8681589418807,23,15.8676895651115,0.0127897619305942,"TFC",2,1,1
"1125566",8,0.0324375,0.042025,16754.322297,5584.774099,0.02625,0.07,526849960,3,538.032,0.023059431021187,6.53113425925926,9.72647123585629,8.62797830512168,0.02625,0.07,20.1007726202039,3,9.28714543357954,0.0227975801219196,"UNTY",2,1,1
"1125598",9,0.0886861111111111,0.119025,22681.523845,1334.207285,0.31648,0.519999999999999,169043121391.86,17,609620.75,0.014548703726685,8.6033912037037,10.0293500322942,7.19684182844418,0.31648,0.519999999999999,25.8534196754875,17,13.3205939618519,0.014443886747653,"BLK",2,1,1
"1125627",9,0.020975,0.00422499999999999,28083.551227,1404.17756135,0.02912,0.03,184481575461.4,20,2292984.33333333,0.012950767507002,14.6323032407407,10.2429749257397,7.24791895196785,0.02912,0.03,25.9408154334426,20,14.6453651655411,0.0128676234013902,"SCHW",2,1,1
"1125915",9,0.485086111111111,0.2304,35829.907273,1378.07335665385,0.03116,-0.049999999999999,526816467003.32,26,8516679.07142857,0.00971947496773,14.603275462963,10.4865661315804,7.2291670719215,0.03116,-0.049999999999999,26.8640512231621,26,15.9575371598893,0.0116712063567068,"JNJ",2,1,1
"1126021",9,0.0854138888888889,0.038025,9429.74613,449.03553,0.01782,0.019999999999999,26106509022.68,21,4456710.4047619,0.015487546634255,14.090474537037,9.15173049550911,6.1093265352031,0.01782,0.019999999999999,23.9854505080252,21,15.3099216988253,0.0153688386782775,"CFG",2,1,1
"1126184",9,0.0810027777777778,0.00722499999999999,13313.67271,493.098989259259,0.02786,0.149999999999999,27411778687.7,27,12669574.9047619,0.02370846963929,14.062025462963,9.49662191739767,6.20273588022982,0.02786,0.149999999999999,24.034238637082,27,16.3547140793426,0.0234317884653749,"HAL",2,1,1
"1126201",9,0.0821611111111111,0.013225,10804.856726,540.2428363,0.07167,0.05,13453379730,20,995602.523809524,0.017411791110275,14.6347569444444,9.28784355557097,6.29386804375567,0.07167,0.05,23.3224961924694,20,13.8111043888521,0.0172619427931496,"ALLY",1,0,0
"1139368",9,0.398386305555556,0.05736025,34675.278367,1333.66455257692,0.05819,-0.24,9686616843.6,26,989750.544,0.027537059767917,18.6614699074074,10.4538111116123,7.19643526778242,0.05819,-0.24,22.9940110629385,26,13.8052092249571,0.0271647346384707,"AAL",2,1,1
"1139580",9,0.0217451388888889,0.00180625,33602.31168,1292.39660307692,0.01572,0.009999999999999,341628100695,26,8554182.63779528,0.010448222351558,13.7200462962963,10.4223799029992,7.16502706265751,0.01572,0.009999999999999,26.5569885574652,26,15.9619310355997,0.0116712063567068,"PG",2,1,1
"1139906",9,0.585444444444444,0.7921,24846.128033,955.620308961539,0.26826,-0.31,142972872000,26,3857865.11811024,0.018340511192833,14.0462731481481,10.1204974527331,6.86340656137996,0.26826,-0.31,25.6859207429161,26,15.1656247694377,0.0181743525651407,"COF",1,0,0
"1139951",9,0.552775,0.855625,7078.918482,471.9278988,0.0161,-0.219999999999999,18202672101.63,15,2616610.42519685,0.013835240410116,13.717037037037,8.86501767277967,6.15894294304608,0.0161,-0.219999999999999,23.6248342390232,15,14.7773906894779,0.0137404071642588,"MKC",2,1,1
"1160450",9,0.02456375,0.02387025,15391.470969,3847.86774225,0.033,0.439999999999999,9112275473.12,4,160736.897637795,0.016915394518139,19.2675231481481,9.64163377073519,8.25553429110595,0.033,0.439999999999999,22.9328882945395,4,11.987530352409,0.0167739223749054,"MOG.A",1,0,0
"1160451",9,0.0934888888888889,0.070225,16311.868646,3262.3737292,0.00829,0.05,5659554793.62,5,23807.0078740157,0.014810667759805,10.9712731481481,9.6997095627982,8.0905168254928,0.00829,0.05,22.4566110676967,5,10.0777772683626,0.0147020608672849,"UBSI",1,0,0
"1175891",9,0.619513888888889,0.697225,16829.861448,420.7465362,0.05897,-0.04,178307130000,40,92821.7857142857,0.018960981133822,14.3135185185185,9.73096947113934,6.04440450847,0.05897,-0.04,25.9067733497989,40,11.4384474243496,0.018783462176565,"TXN",2,1,1
"1175892",9,0.115516666666667,0.093025,24229.932181,865.35472075,0.04635,-0.01,136219398158.85,28,3810927.968,0.011645206077166,13.9508101851852,10.0953852852538,6.76429443295222,0.04635,-0.01,25.6375326445943,28,15.1533835410048,0.0116712063567068,"UNP",2,1,1
"1198857",9,0.0748277777777778,0.055225,69174.858682,2882.28577841667,0.73524,1.23,136886238788,24,1504260.92125984,0.013971843541882,12.9802777777778,11.1080839101247,7.96668581808712,0.334929,0.62,25.642416044013,24,14.2238129181034,0.0138751370732859,"LMT",2,1,1
"1198858",7,0.173782142857143,0.156025,13946.73835,697.3369175,0.01588,0.03,62204300504.4,20,13844949.3228346,0.012301118310987,5.40113425925926,9.54307264865773,6.54870167613319,0.01588,0.03,24.8536899742436,20,16.4433774877375,0.0122260743448542,"KMI",2,1,1
"1230449",9,0.0129666666666667,0.0144,65565.239932,2115.00773974194,0.01175,0.019999999999999,349240609837.42,31,313738.904761905,0.030370413431162,13.095625,11.0908162072791,7.65728645069453,0.01175,0.019999999999999,26.5790269480718,31,12.6563195928528,0.0299183622825332,"PLTR",2,1,1
"1230450",9,0.0298694444444444,0.00302500000000001,39371.779874,1270.05741529032,0.12669,0.06,199827439192.8,31,9638839.76190476,0.013982844768157,12.7091666666667,10.5808299903859,7.14760444348964,0.12669,0.06,26.0207200270288,31,16.0813114064413,0.0138859866512755,"DIS",2,1,1
"1230451",9,0.0248555555555556,0.021025,15918.65315,692.115354347826,0.00796,0.019999999999999,209958294012.39,23,79794.912,0.012132785119526,13.7098842592593,9.67530967210073,6.54119644182793,0.00796,0.019999999999999,26.0701747479993,23,11.2872275540555,0.0120597728503339,"PEP",2,1,1
"1230452",9,0.0157581388888889,0.00672399999999999,30780.961008,1183.88311569231,0.05144,0.09,150330107674.88,26,57280324.856,0.016661295954953,13.7118981481481,10.3346841158248,7.07739941215775,0.05144,0.09,25.7360994308427,26,16.4433774877375,0.0165240192699979,"PFE",2,1,1
"1230453",9,0.292630555555556,0.378225,25079.522415,1253.97612075,0.41334,1.09,51976050000,20,2024452.84,0.01727095504706,13.7102083333333,10.1298468244741,7.13487182409403,0.334929,0.62,24.6740488725066,20,14.5208105135029,0.0171235073896884,"MPC",2,1,1
"1230454",9,0.131533333333333,0.1369,6335.499398,166.723668368421,0.0068,0.01,50625182010,38,20075182.368,0.025452198398436,14.110462962963,8.75408174951698,5.18136494140678,0.0068,0.01,24.6477149576259,38,16.4433774877375,0.0251336844730716,"CMG",2,1,1
"1230455",9,0.0175944444444444,0.0144,13595.84063,647.420982380952,0.05944,0.309999999999999,29194782349.44,21,54118.0396825397,0.016795194157916,14.8001273148148,9.51759273811913,6.47454014958,0.05944,0.309999999999999,24.0972558435913,21,10.8989413379022,0.0166557144440108,"FOXA",2,1,1
"1237791",9,0.0209777777777778,0.018225,10738.611409,631.683024058823,0.02208,0.029999999999999,104850687048.19,17,22096.0873015873,0.011171648090272,13.620625,9.28169418575093,6.44996954484429,0.02208,0.029999999999999,25.3758031469499,17,10.0032010825117,0.0116712063567068,"CME",2,1,1
"1237792",9,0.443472222222222,0.5184,9033.864292,291.41497716129,0.01479,-0.01,82515524416.38,31,58437.5634920635,0.012224201533929,14.0186689814815,9.10884618265896,5.67817394804569,0.01479,-0.01,25.1362522873284,31,10.9757312846601,0.0121500893459598,"ORLY",2,1,1
"1237793",9,0.422472222222222,0.5329,4937.676555,379.821273461538,0.04543,-0.129999999999999,58067345500,13,2342930.67460317,0.010050636089759,13.9983217592593,8.50485267044317,5.94233016653942,0.04543,-0.129999999999999,24.7848693032139,13,14.6669135555637,0.0116712063567068,"AFL",1,0,0
"1237794",9,0.430597222222222,0.390625,9095.544566,293.404663419355,0.03512,-0.03,43361042304.93,31,2055112.63492064,0.014449184483793,13.61875,9.11564990237182,5.68495522714827,0.03512,-0.03,24.4928272321867,31,14.535841701182,0.0143457898067444,"YUM",1,0,0
"1237795",9,0.644875,0.600625,9057.070696,377.377945666667,0.04426,-0.049999999999999,55054758105,24,73623794.704,0.019296846827055,19.2780792824074,9.11141142889913,5.93589355235728,0.04426,-0.049999999999999,24.7315941288051,24,16.4433774877375,0.0191130237184518,"F",2,1,1
"1238098",9,0.488058333333333,0.525625,21833.787918,404.329405888889,0.10271,-0.65,167971808000.04,54,3719010.96031746,0.020034935741583,13.5815046296296,9.99125975293455,6.0047000843922,0.10271,-0.31,25.8470619927445,46,15.1289685889057,0.0198368774366791,"UBER",2,1,1
"1238099",9,0.0184166666666667,0.00360000000000001,27495.121035,743.111379324324,0.06887,0.109999999999999,162845540000,37,104712.571428571,0.020508690017528,13.9600115740741,10.221800220433,6.61219072702157,0.06887,0.109999999999999,25.8160679811275,37,11.5589840105078,0.0203012186822931,"QCOM",2,1,1
"1238100",9,0.006869,0.00555025,39075.846348,3907.5846348,0.03804,0.01,11965121963.3,10,1731345.76190476,0.017903943535171,13.5822453703704,10.5732854055617,8.27093060146201,0.03804,0.01,23.2052617515937,10,14.3644101387089,0.0177455556558722,"NYT",2,1,1
"1238101",9,0.372577777777778,0.3721,9947.105746,585.123867411765,0.2207,-1.38,2291818035.87,17,2218022.456,0.021740128539369,19.2780792824074,9.20513743474215,6.37353114507564,0.2207,-0.31,21.5526112416656,17,14.6121270221296,0.021507182088805,"HOG",2,1,1
"1238102",9,0.0838638888888889,0.1296,26450.953201,853.256554870968,0.20345,0.48,987103542196.41,31,3984588.19047619,0.023676881083463,13.5825,10.1830852795884,6.75023156421263,0.20345,0.48,26.8640512231621,31,15.1979447759278,0.0234009310053287,"LLY",2,1,1
"1238115",9,0.0992944444444444,0.0529,5346.597265,1336.64931625,0.15122,-0.19,10332716042.36,4,774.669291338583,0.017021705354948,13.9837615740741,8.58440262966445,7.19866911085683,0.15122,-0.19,23.0585810131429,4,9.28714543357954,0.0168784593705799,"UHAL.B",2,1,1
"1238170",8,0.489309375,0.198025,145386.587986,2795.89592280769,0.07301,0.049999999999999,1633058399436.8,52,372605.904761905,0.027806846201113,6.93916666666667,11.1080839101247,7.93626548221564,0.07301,0.049999999999999,26.8640512231621,46,12.8282792682766,0.027427256578436,"TSLA",2,1,1
"1238190",9,0.00160772222222222,0.000961000000000002,182367.174978,2805.64884581538,0.10495,0.179999999999999,4164197910000,65,338227.571428571,0.017276643534411,13.9343865740741,11.1080839101247,7.93974646907615,0.10495,0.179999999999999,26.8640512231621,46,12.7314771927434,0.0171290992837832,"GOOGL",2,1,1
"1238195",9,0.020425,0.011025,19574.106131,489.352653275,0.01235,0.02,113559660000,40,79996.0238095238,0.028443575575591,13.9268171296296,9.88201394260676,6.19512483280564,0.01235,0.02,25.4555941745347,40,11.289744710583,0.0280465677168907,"ARM",2,1,1
"1244865",7,0.0130714285714286,0.0169,24613.310852,356.714650028985,0.30145,0.690000000000001,1700771911775.04,69,159468.412698413,0.021437343484505,6.03287037037037,10.1110832947254,5.87973560161579,0.30145,0.62,26.8640512231621,46,11.9796074129009,0.0212107956405142,"META",2,1,1
"1244866",8,0.00753125,0.00422499999999999,62703.954113,1363.12943723913,0.05448,0.169999999999999,3764831541600,46,429777.582677165,0.014071038973337,7.07493055555556,11.0461957364662,7.21827172923774,0.05448,0.169999999999999,26.8640512231621,46,12.9710254310443,0.0139729608741427,"AAPL",2,1,1
"1244871",7,0.00661785714285714,0.00902499999999999,40691.683649,689.689553372881,0.0831,0.289999999999999,3492124841861.28,59,221022.619047619,0.012224065465858,6.02775462962963,10.6138035923476,6.53769045128514,0.0831,0.289999999999999,26.8640512231621,46,12.306024848308,0.012149954921116,"MSFT",2,1,1
"1244920",7,0.0157285714285714,0.013225,24058.663194,1046.02883452174,0.06449,0.229999999999999,274681287635.16,23,4816427.28346457,0.017117043473036,6.66319444444444,10.0882919908438,6.95371175062669,0.06449,0.229999999999999,26.3388773084524,23,15.3875431913076,0.0169721974385585,"IBM",2,1,1
"1244921",7,0.0743107142857143,0.0784,11176.001054,429.846194384615,0.02288,0.05,165029430248.2,26,41339322.3650794,0.011435662415149,5.62195601851852,9.3216134686864,6.06575116883863,0.02288,0.05,25.8293896600824,26,16.4433774877375,0.0116712063567068,"T",2,1,1
"1244922",7,0.195367857142857,0.1089,15097.929108,397.313923894737,0.03921,-0.019999999999999,109748769000,38,127433.285714286,0.018019239832582,5.73835648148148,9.62237910028807,5.98724044788623,0.03921,-0.019999999999999,25.4214596724379,38,11.7553561045507,0.0178588175888137,"SBUX",2,1,1
"1244935",8,0.015259375,0.0016,37235.979574,908.194623756097,0.01734,0.029999999999999,623226922875.88,41,6482546.59055118,0.012057904113065,7.05261574074074,10.5250576210662,6.81255917880219,0.01734,0.029999999999999,26.8640512231621,41,15.6846241377565,0.0119857867314436,"V",1,0,0
"1244936",8,0.01166875,0.00302500000000001,26426.733046,644.554464536585,0.07002,0.519999999999999,465246540000,41,2880080.23622047,0.011684697164509,6.66481481481481,10.1821692319182,6.47010958246171,0.07002,0.519999999999999,26.8640512231621,41,14.8733290587353,0.0116712063567068,"MA",2,1,1
"1244937",9,0.0575944444444444,0.0289,20307.615541,781.062136192308,0.02853,0.04,166191970000,26,24131296.6220472,0.011605823385754,7.62159722222222,9.91880048587975,6.66193419543512,0.02853,0.04,25.8364094029177,26,16.4433774877375,0.0116712063567068,"VZ",2,1,1
"1244958",9,0.160016666666667,0.2704,31520.530531,1167.4270567037,0.13259,0.04,336461400000,27,8482752.88188976,0.012674689099139,7.6155787037037,10.3584261002485,7.06341372730101,0.13259,0.04,26.5417492691989,27,15.953545705271,0.0125950375601409,"CVX",2,1,1
"1244959",9,0.71285,0.837225,20891.365421,673.915013580645,0.07801,-0.000000000000000444089209850063,244895140000,31,2590267.94488189,0.015656404419547,7.67594907407407,9.9471390803567,6.51458677713928,0.07801,-0.000000000000000444089209850063,26.224095955873,31,14.7672722680075,0.0155351073325434,"AXP",2,1,1
"1244960",9,0.0361027777777778,0.0169,22120.134571,790.004806107143,0.05324,0.02,575049670955.76,28,15570409.1259843,0.012521356917856,7.61675925925926,10.0042887459574,6.673304043738,0.05324,0.02,26.8640512231621,28,16.4433774877375,0.0124436130283011,"XOM",2,1,1
"1254012",9,0.198058333333333,0.1296,3495.002039,205.588355235294,0.04317,0.229999999999999,50392570000,17,3456439.99212598,0.014329077081285,12.0298726851852,8.23764894232911,5.33072819127949,0.04317,0.229999999999999,24.6431095805213,17,15.055750002654,0.0142273861300846,"MET",2,1,1
"1254013",9,0.0246083333333333,0.0361,6517.515449,260.70061796,0.03111,0.04,23954175501.66,25,1328869.91269841,0.01945112110437,11.6035648148148,8.7824019371238,5.56720117086308,0.03111,0.04,23.8994084880567,25,14.0998402018254,0.0192643658951565,"EFX",2,1,1
"1254014",9,0.884288138888889,0.90535225,85202.230469,1234.81493433333,0.12572,0,2561566817999.4,69,364178.842519685,0.018597017525157,12.9868171296296,11.1080839101247,7.11948589730328,0.12572,0,26.8640512231621,46,12.8054030974613,0.018426207450294,"AMZN",2,1,1
"1254472",9,0.562144444444445,0.297025,7668.085371,255.6028457,0.12036,-0.09,128235600436.32,30,7203511.17322835,0.017932144621466,12.5825347222222,8.94495263966274,5.54752954214343,0.12036,-0.09,25.5771350373941,30,15.7900792668869,0.0177732603286215,"COP",2,1,1
"1254473",9,0.0225944444444445,0.0225,5152.033351,303.060785352941,0.02135,0.04,92606884374.91,17,3442092.77165354,0.013169550546463,12.5914467592593,8.54734082045943,5.71722763323741,0.02135,0.04,25.2516293211365,17,15.051590498745,0.0130835859366472,"ICE",2,1,1
"1254527",9,0.0211055555555556,0.013225,18941.192719,757.64770876,0.72747,4.45,52104415639.92,25,1485570.15079365,0.013723689517434,11.9682060185185,9.84914713189753,6.63153751781247,0.334929,0.62,24.6765155352798,25,14.2113098696032,0.0136303724903975,"ALL",2,1,1
"1254528",9,0.0360027777777778,0.042025,8087.527803,299.538066777778,0.03326,0.01,41483444210.28,27,124088.677165354,0.027685614003316,12.9525578703704,8.99820201611316,5.70557442408131,0.03326,0.01,24.4485602498954,27,11.7287597861483,0.0273092973056245,"MCHP",1,0,0
"1268876",9,0.0143138888888889,0.015625,15590.556844,742.407468761905,0.12616,0.439999999999999,21432311658.52,21,620015.37007874,0.017991521147657,10.6168865740741,9.6544848187722,6.61124430457338,0.12616,0.439999999999999,23.7881655108206,21,13.3375011600255,0.0178315891620706,"RL",2,1,1
"1268877",9,0.159525,0.4489,14237.085212,374.660137157895,0.08233,0.019999999999999,46349375473.8,38,1755970.60629921,0.034807281993283,10.9438310185185,9.56367571047524,5.928684844097,0.08233,0.019999999999999,24.5594736547316,38,14.378532883513,0.0342152084071056,"RBLX",2,1,1
"1268878",9,0.0199722222222222,0.00422499999999999,36473.137287,1302.61204596429,0.09878,0.309999999999999,31344494488.65,28,1013611.94488189,0.039787702597688,10.9385069444444,10.5043587209385,7.17289418745791,0.09878,0.309999999999999,24.1683044742062,28,13.8290316791012,0.0390165601978771,"RDDT",2,1,1
"1268941",9,0.0898916666666667,0.081225,7785.619595,519.041306333333,0.0108,0.03,21148555167,15,20301.9291338583,0.015487932815438,10.5727199074074,8.96016210309311,6.25390824367707,0.0108,0.03,23.7748374264882,15,9.91852044692903,0.0153692189696074,"TW",2,1,1
"1268968",9,0.0336972222222222,0.093025,15240.239639,896.484684647059,0.06892,0.109999999999999,28380466816.8,17,11864.5039370079,0.01176718627818,11.6474421296296,9.63176016707436,6.79959605575673,0.06892,0.109999999999999,24.068966957338,17,9.38139064053497,0.0116984913142013,"CBOE",2,1,1
"1270843",9,0.0344194444444444,0.04,5983.981325,230.153127884615,0.04292,0.2,72573052203.03,26,1774949.02362205,0.023239521138591,10.1268287037037,8.69700849768645,5.44308038218181,0.04292,0.2,25.0078595080957,26,14.3892828247894,0.0229735955742843,"CI",1,0,0
"1270844",9,0.517416666666667,0.5184,7108.149282,444.259330125,0.07102,-0.24,43016107002.4,16,645098.850393701,0.023005276319317,10.1261342592593,8.86913786472434,6.0986568767509,0.07102,-0.24,24.484840463953,16,13.3771603906085,0.0227446446485806,"ARES",2,1,1
"1271534",9,0.0745638888888889,0.070225,8965.186959,498.065942166667,0.06537,0.44,77213614886.19,18,3427820.92857143,0.02138489491015,13.9771759259259,9.10121577649442,6.21273823565125,0.06537,0.44,25.0698416370572,18,15.0474356111929,0.0211594465085332,"APO",2,1,1
"1271536",9,0.0407,0.0441,5666.672526,157.407570166667,0.00724,0.02,25690138556,36,134691.216,0.028570150329879,14.3562037037037,8.6425338232064,5.18136494140678,0.00724,0.02,23.9693730414363,36,11.8107475730524,0.0281696342310843,"ON",1,0,0
"1279292",9,0.0303055555555556,0.034225,9471.788844,326.613408413793,0.02946,0.1,99677736786.05,29,7713879.616,0.020232508958558,13.7413888888889,9.15617863532836,5.79183428036537,0.02946,0.1,25.325208186933,29,15.8585319413537,0.0200305512789058,"CVS",2,1,1
"1279293",9,0.107091666666667,0.1089,33178.354755,721.268581630435,0.03602,0.04,6612567252.61,46,303617.238095238,0.033410400361267,14.3067361111111,10.40968311675,6.58239706643726,0.03602,0.04,22.6122378046061,46,12.6235263954768,0.0328644010367413,"LYFT",2,1,1
"1279298",9,0.730411111111111,0.7225,16548.830591,636.493484269231,0.08755,-0.03,131256864000,26,487829.632,0.017710072658067,13.8054398148148,9.71413114455946,6.4575440562262,0.08755,-0.03,25.6004220341936,26,13.0977235590203,0.0175550766395676,"SPGI",2,1,1
"1279299",9,0.0218361111111111,0.0256,21676.622452,802.837868592593,0.04856,0.03,74648020738.24,27,258641.68,0.044104051892353,14.1025694444444,9.98403578404173,6.6893975928643,0.04856,0.03,25.0360498466918,27,12.4632027742386,0.0431591510576215,"HOOD",2,1,1
"1279474",8,0.02405,0.00902499999999999,28372.727813,497.767154614035,0.02879,0.209999999999999,385967158863.39,57,346351.44,0.038139721483005,7.10019675925926,10.2532189189945,6.21213936282868,0.02879,0.209999999999999,26.6790181221269,46,12.7552121483227,0.037430382123411,"AMD",2,1,1
"1279575",9,0.0119694444444444,0.0256,25500.384704,944.458692740741,0.00629,0.019999999999999,339956147020.35,27,16722808.128,0.010101301373429,13.6785416666667,10.1464880317899,6.85167019887418,0.006301,0.019999999999999,26.5520824668862,27,16.4433774877375,0.0116712063567068,"KO",2,1,1
"1279999",9,0.336902777777778,0.207025,22999.491572,1149.9745786,0.02682,-0.01,102176607330.189,20,7383445.304,0.014957379208097,13.5953240740741,10.0432708673785,7.04836432211829,0.02682,-0.01,25.3499685974224,20,15.8147510664377,0.0148466206841237,"BP",1,0,0
"1280185",9,0.410741666666667,0.3969,6764.679232,241.595686857143,0.21372,-0.2,4638010275.84,28,22932.9921259843,0.036844377563057,16.0117361111111,8.81961793940807,5.49139621752727,0.21372,-0.2,22.257551291353,28,10.0403754612645,0.0361818481333792,"CRSP",2,1,1
"1280186",9,0.6124,0.6561,8014.030489,286.215374607143,0.04685,-0.04,88303452774.96,28,32421.2,0.015720763811189,13.6079398148148,8.98907386902893,5.66023236849592,0.04685,-0.04,25.204045046566,28,10.3865986523334,0.0155984726126795,"MAR",2,1,1
"1280187",9,0.0339777777777778,0.030625,9784.266054,279.550458685714,0.00678,0.01,61140366250,35,2897191.15079365,0.030652433888185,14.1822453703704,9.18863306944521,5.6367535971474,0.00678,0.01,24.8364381437412,35,14.8792526020609,0.0301920326682351,"NET",1,0,0
"1280188",9,0.0158,0.015625,10429.554904,221.905423489362,0.00995,0.039999999999999,39379222486.89,47,64510.288,0.034486834994279,13.6101157407407,9.25249474926417,5.4067475715869,0.00995,0.039999999999999,24.3965041661049,46,11.0745954952237,0.0339054921623873,"DDOG",2,1,1
"1280193",9,0.512238888888889,0.5625,4239.952069,141.331735633333,0.01337,-0.01,25272653191.44,30,3978488.23387097,0.017779131572656,19.2780792824074,8.35254306759512,5.18136494140678,0.01337,-0.01,23.9529887465604,30,15.1964127157186,0.017622931496741,"FIS",2,1,1
"1287872",6,0.062875,0.0729,2127.241519,57.493014027027,0.11857,0.04,56913664871.94,37,37381.992,0.023584603224371,4.51331018518519,8.23764894232911,5.18136494140678,0.11857,0.04,24.7648013051675,37,10.5289711206099,0.0233107834009687,"NXPI",1,0,0
"1287877",6,0.0320625,0.0289,6587.366114,235.2630755,0.03981,0.08,273692625044.72,28,12852140.224,0.017082614135645,5.03622685185185,8.79306066261316,5.46494591087406,0.03981,0.08,26.3352715072326,28,16.3690209876418,0.0169383469389131,"MRK",1,0,0
"1287878",6,0.730704166666667,0.7921,18533.906901,441.283497642857,0.01896,-0.06,48509814717.98,42,215622.216,0.019651046503963,5.046875,9.82741109269658,6.09195107385234,0.01896,-0.06,24.6050319797359,42,12.2812877931103,0.0194604574921441,"PYPL",2,1,1
"1287904",9,0.135005555555556,0.133225,8400.789413,215.40485674359,0.03851,0.08,231305797835.2,39,3134933.05555556,0.009577059411367,13.4560532407407,9.03619998750187,5.37715099008272,0.03851,0.08,26.1670064721697,39,14.9581186969174,0.0116712063567068,"MCD",2,1,1
"1287905",9,0.00644999999999999,0.00562499999999999,21347.35024,853.8940096,0.00628,0.02,342875986177.14,25,338175.619047619,0.014119990185478,13.4560300925926,9.96872974353998,6.7509774958723,0.006301,0.02,26.5606346624002,25,12.7313235795489,0.0140212316843837,"CSCO",2,1,1
"1287906",9,0.442619444444444,0.1369,113515.352254,4054.11972335714,0.07459,-0.189999999999999,217794188990.74,28,81233.7619047619,0.013663614055606,13.1728356481481,11.1080839101247,8.30773549098596,0.07459,-0.189999999999999,26.1068163666061,28,11.3050985368155,0.0135711085680678,"TMUS",2,1,1
"1288097",9,0.0998194444444445,0.081225,4800.644194,208.723660608696,0.33447,0.009999999999999,9539873670.99,23,4570403.83464567,0.02069920450863,7.49079861111111,8.47671367865907,5.34579076229497,0.33447,0.009999999999999,22.9787460802843,23,15.3351123442086,0.0204878870683659,"MGM",2,1,1
"1288098",9,0.0346305555555556,0.015625,27564.551821,1102.58207284,0.03897,0.06,72004445858.45,25,1720733.69047619,0.013748558075855,13.1748263888889,10.2243221497242,7.00631659795603,0.03897,0.06,24.9999937020902,25,14.3582619032146,0.0136549040798699,"HLT",2,1,1
"1288099",9,0.174597222222222,0.0784,14021.31096,609.622215652174,0.02281,0.028999999999999,17673076484.73,23,1145233.17322835,0.024960540515228,13.6141782407407,9.54840498010068,6.41447846295398,0.02281,0.028999999999999,23.5953082159176,23,13.9511196921629,0.0246541147910266,"GRAB",2,1,1
"1292720",5,0.024825,0.00422499999999999,8056.489679,575.4635485,0.09086,0.03,23001318848.78,14,2948011.95238095,0.014507584483587,4.09830324074074,8.99435733277037,6.35691210874217,0.09086,0.03,23.8588173924829,14,14.896641925898,0.0144033563362075,"TSN",2,1,1
"1292721",5,0.735515,0.819025,7621.046552,331.349850086957,0.09147,0.000000000000000222044604925031,16115691375.75,23,705573.571428571,0.020512805141527,4.09830324074074,8.93880018899847,5.8061881794177,0.09147,0.000000000000000222044604925031,23.5030592539153,23,13.4667677448005,0.0203052510984227,"APTV",1,0,0
"1293041",9,0.454163888888889,0.378225,2922.520479,243.54337325,0.18892,-0.189999999999999,10966107493.52,12,240881.547619048,0.013754384799145,13.1028819444444,8.23764894232911,5.49939268888769,0.18892,-0.189999999999999,23.1180752163168,12,12.3920647393993,0.0136606517640451,"PAG",2,1,1
"1293042",9,0.0243722222222222,0.0289,10257.554972,269.935657157895,0.46491,0.489999999999999,29597073224.42,38,32311.7480314961,0.030229657795176,14.3798726851852,9.23586726787007,5.6018813652277,0.334929,0.489999999999999,24.1109413158343,38,10.3832171072444,0.0297817461208913,"EXPE",2,1,1
"1293043",9,0.131591666666667,0.093025,8681.041097,234.622732351351,0.05952,-0.01,13522268205.59,37,2816663.4015748,0.03158573349543,14.3800810185185,9.06901192943507,5.46223193418292,0.05952,-0.01,23.3276036601756,37,14.8510639064903,0.0310971654368206,"PINS",2,1,1
"1293048",9,0.239027777777778,0.070225,8427.03464,443.528138947368,0.28905,-0.31,12150457615.94,19,25253.1496062992,0.022576477068127,14.3764236111111,9.03931888502479,6.09701335766879,0.28905,-0.31,23.2206326698871,19,10.1367457620446,0.0223254003365304,"WYNN",1,0,0
"1293440",9,0.188338888888889,0.245025,24960.049983,805.162902677419,0.07526,0.26,18565207243.44,31,592980.811023622,0.04001000583757,14.3464930555556,10.1250718882252,6.69228583458765,0.07526,0.26,23.6445550876395,31,13.2929190046994,0.0392303341046633,"RIVN",2,1,1
"1293441",9,0.142780555555556,0.093025,102737.101884,2776.6784292973,1.29318,-3.1,40456315890.8,37,106924.267716535,0.0390278220559,14.3584606481481,11.1080839101247,7.92937076042155,0.334929,-0.31,24.4234886089495,37,11.5798854368707,0.0382854894832126,"COIN",2,1,1
"1293442",9,0.0823611111111111,0.0729,5523.387093,204.569892333333,0.01482,0.04,17357830000,27,2030655.48031496,0.026858792269902,14.3475347222222,8.61692758683872,5.32578608479046,0.01482,0.04,23.5773095383655,27,14.5238696880566,0.0265044261375687,"TOST",2,1,1
"1293448",9,0.328933333333333,0.1681,6980.06671,183.685966052632,0.06638,-0.099999999999999,73240463426.56,38,67276.8110236221,0.016211226027368,14.3438078703704,8.85095700786229,5.21865690192874,0.06638,-0.099999999999999,25.017013884239,38,11.1165857587968,0.0160812271813925,"ABNB",2,1,1
"1293473",9,0.0328194444444444,0.0361,8031.125012,669.260417666667,0.03976,0.059999999999999,135694449570.056,12,2094199.93700787,0.011072836182373,13.9353125,8.99120440605342,6.50766631995189,0.03976,0.059999999999999,25.6336715007404,12,14.5546826242654,0.0116712063567068,"BUD",2,1,1
"1293498",9,0.216588888888889,0.1089,6904.863189,203.084211441176,0.09403,-0.15,12965673425.5,34,263464.25984252,0.030112856604474,14.3271180555556,8.84012606729903,5.31853270984749,0.09403,-0.15,23.285571196393,34,12.4816767970669,0.0296683657581499,"DKNG",2,1,1
"1293499",9,0.0121861111111111,0.00489999999999999,27891.50831,774.764119722222,0.03268,0.169999999999999,261153198933.69,36,104688.771653543,0.030493992511015,14.3279282407407,10.2361134123968,6.65384850454502,0.03268,0.169999999999999,26.2883730411647,36,11.5587567001432,0.0300382916477498,"AMAT",2,1,1
"1293861",9,0.0112444444444444,0.0121,33169.977328,614.258839407407,0.00659,0.09,136231200000,54,84020.44,0.019001312190081,19.2780792824074,10.4094305957217,6.42204305634782,0.00659,0.09,25.637619279318,46,11.338827283353,0.0188230419630962,"PANW",2,1,1
"1293905",9,0.310369444444444,0.4096,5467.505493,227.812728875,0.36399,0.94,15969775673.25,24,873157.440944882,0.01984833356516,13.9184837962963,8.60676063925498,5.4329038911531,0.334929,0.62,23.4939637523151,24,13.6798723085547,0.0196539236571651,"H",2,1,1
"1321183",4,0.6828375,0.783225,18006.456091,900.32280455,0.08064,0.159999999999999,92058980184.8,20,4191120.03937008,0.022733313398727,4.09830324074074,9.79854117838764,6.80386346708406,0.08064,0.159999999999999,25.2456952975509,20,15.2484788072752,0.0224787622689265,"KKR",2,1,1
"1321184",4,0.023325,0.018225,2762.817511,102.326574481481,0.07735,0.06,42058003289.61,27,3531354.96850394,0.023462529007251,4.09830324074074,8.23764894232911,5.18136494140678,0.07735,0.06,24.462315533189,27,15.0771924822065,0.0231915148063744,"EL",2,1,1
"1321185",5,0.13678,0.354025,1478.502887,164.278098555556,0.057,0.03,14599138459.38,9,84529.6141732283,0.015783900269442,4.09830324074074,8.23764894232911,5.18136494140678,0.057,0.03,23.4042283542881,9,11.3448690456393,0.0156606299479686,"NWSA",2,1,1
"1321186",4,0.3884375,0.36,1390.5155,66.2150238095238,0.02116,-0.03,2433797594.8,21,196871.322834646,0.035798415341232,4.09830324074074,8.23764894232911,5.18136494140678,0.02116,-0.03,21.6127186706177,21,12.1903106901694,0.035172545117733,"PTON",2,1,1
"1321392",5,0.176415,0.255025,10149.120937,362.468604892857,0.01554,0.099999999999999,2794872345.11,28,12276051.3149606,0.030320236295068,4.09830324074074,9.22524089937432,5.89569292431057,0.01554,0.099999999999999,21.7510522699201,28,16.3231609562768,0.0298696629436872,"UAA",2,1,1
"1321395",9,0.0561555555555556,0.04,3822.775495,273.0553925,0.03502,0.13,13062029682.72,14,1158740.65873016,0.017570161136517,7.15862268518519,8.2489935629813,5.61333024836476,0.03502,0.13,23.2929753608726,14,13.9628451973294,0.0174175903912886,"ACM",2,1,1
"1321400",9,0.110327777777778,0.105625,3354.657191,1677.3285955,0.085,0.09,87722988.2048,2,421018.857142857,0.06491220119306,7.15934027777778,8.23764894232911,7.42555369354114,0.085,0.09,20.1007726202039,3,12.9504352781623,0.0521584717253257,"CHGG",2,1,1
"1321401",9,0.0488666666666667,0.0256,6783.133565,323.006360238095,0.0057,0.039999999999999,2231703847.64,21,87115.3333333333,0.030826545053107,7.15938657407407,8.82234186551496,5.78076314596415,0.006301,0.039999999999999,21.526031187913,21,11.374999669179,0.0303609513592473,"GTM",2,1,1
"1321402",9,0.0335555555555556,0.034225,9884.950991,549.163943944444,0.00832,0.03,19121703144.85,18,4456111.776,0.01805940872599,7.7978587962963,9.19886993644009,6.31021631370852,0.00832,0.03,23.6740898172161,18,15.3097873690661,0.0178982747025569,"DD",2,1,1
"1321481",9,0.515155555555556,0.3249,3446.799591,149.860851782609,0.02302,0.15,81776240000,23,7024003.28,0.014482035793798,7.8616087962963,8.23764894232911,5.18136494140678,0.02302,0.15,25.1272525738144,23,15.7648440236363,0.0143781726787506,"WMB",2,1,1
"1321482",9,0.0255888888888889,0.021025,67199.78149,2239.99271633333,0.16882,0.29,155752538940,30,83178.4682539683,0.045318710545665,9.17795138888889,11.1080839101247,7.71467422360972,0.16882,0.29,25.7715342958615,30,11.3287558205615,0.0443218250860475,"APP",2,1,1
"1321483",9,0.0793138888888889,0.105625,21702.22333,748.35252862069,0.18855,0.03,22851729786.83,29,1792823.52380952,0.0346721569099,8.89700231481481,9.98521606905049,6.61920953850406,0.18855,0.03,23.852292653252,29,14.3993028804301,0.0340846199305691,"HUM",2,1,1
"1321484",9,0.0451611111111111,0.093025,5020.338355,239.063731190476,0.017,0.06,29096445979.58,21,269703.642857143,0.015805086081323,8.8958912037037,8.52145178173476,5.48090443471771,0.017,0.06,24.0938818723793,21,12.5050827238745,0.0156814863436511,"KHC",2,1,1
"1321485",9,0.0258472222222222,0.0225,5711.559235,158.654423194444,0.02389,0.099999999999999,12187283058.88,36,198233.492063492,0.034052951426818,9.17681712962963,8.65042240451413,5.18136494140678,0.02389,0.099999999999999,23.2236588728149,36,12.1972059122936,0.0334859850524227,"HUBS",2,1,1
"1321486",9,0.4877,0.49,8592.297467,613.735533357143,0.05934,-0.099999999999999,3017043854.3,14,146004.208,0.023078253979759,7.20174768518519,9.05873781407703,6.42119214825681,0.05934,-0.099999999999999,21.8275433327486,14,11.8913975712871,0.0228159786477964,"GT",2,1,1
"1321489",9,0.0903388888888889,0.16,5410.678329,318.275195823529,0.02942,0.03,19996539241.19,17,650695.842519685,0.015172910029232,9.76149305555556,8.59631455090193,5.76605341372026,0.02942,0.03,23.7188250575871,17,13.385799133035,0.015058952693638,"USFD",2,1,1
"1321490",9,0.0475777777777778,0.060025,6157.049052,205.2349684,0.03137,0.25,12957427496.31,30,42980.0393700787,0.0243316022082,10.1630208333333,8.72551529402596,5.32901614207403,0.03137,0.25,23.2849350125126,30,10.668514352549,0.0240403044770526,"ROKU",2,1,1
"1321491",9,0.0617333333333333,0.065025,4607.663128,418.878466181818,0.1971,0.079999999999999,1496715012.26,11,348743.417322835,0.022700146068457,10.161099537037,8.43569310000808,6.03996530316916,0.1971,0.079999999999999,21.1265385516889,11,12.7620946043131,0.0224463316561198,"YELP",2,1,1
"1321492",9,0.1157,0.2704,1565.997436,782.998718,0,0.02,4296188919.96,2,63360.2047244095,0.015759110824155,9.82228009259259,8.23764894232911,6.66440738514499,0.006301,0.02,22.1809941689682,3,11.056607040266,0.0156362253991573,"BGC",2,1,1
"1321493",9,0.658958333333333,0.697225,14038.118586,877.382411625,0.067,-0.09,1472309485.43,16,38349.4251968504,0.028360263085193,9.77271990740741,9.5496028968342,6.77808204735922,0.067,-0.09,21.1100980834081,16,10.5545208940051,0.0279655561115275,"TRIP",2,1,1
"1326168",9,0.0656444444444444,0.207025,4532.337541,755.389590166667,0.01855,0.19,16602141020,6,21013.7380952381,0.034031153001271,8.09940972222222,8.41921371121737,6.62855657435045,0.01855,0.19,23.5327975011005,6,9.95297928460819,0.0334649042603011,"TSEM",2,1,1
"1326457",9,0.107722222222222,0.1225,6619.382952,228.254584551724,0.013,0.01,1499753120,29,136565.023622047,0.021162366468707,9.97748842592593,8.79790849499208,5.43483310898121,0.013,0.01,21.128566344842,29,11.8245634662059,0.0209415534428196,"WEN",2,1,1
"1326458",9,0.0658944444444444,0.0841,10017.745012,385.297885076923,0.21466,0.49,15826427031.12,26,172003.283464567,0.042662308575328,9.97612268518519,9.21221311849124,5.95660879483696,0.21466,0.49,23.4849469766532,26,12.0552746593493,0.0417773542510996,"MRNA",2,1,1
"1326501",9,0.0301388888888889,0.021025,13642.77743,620.126246818182,0.05373,0.13,23232186000,22,712381.88,0.014852418593984,13.9447569444444,9.52103883074058,6.43153435727516,0.05373,0.13,23.8688044817551,22,13.4763707986659,0.014743201522072,"LH",2,1,1
"1326546",9,0.0491805555555556,0.030625,11458.460421,1636.92291728571,0.69535,-1.53,12189000781.32,7,504864.76,0.012322412130371,13.9359143518519,9.34657090547789,7.40118420426157,0.334929,-0.31,23.2237998067205,7,13.1320478511384,0.0122471091881864,"SUN",2,1,1
"1326547",9,0.0644444444444444,0.060025,5840.987088,307.420373052632,0.13798,-1.05,3691871320.94,19,122250.92,0.033141825721928,14.2986458333333,8.67282627274326,5.73146369998922,0.13798,-0.31,22.0293992994964,19,11.7138391127353,0.0326044757007529,"CZR",1,0,0
"1326576",9,0.406652777777778,0.1444,11485.269381,499.359538304348,0.01994,-0.04,4295584476.72,23,30414.608,0.026543167083294,13.9308449074074,9.34890763413547,6.21532691661917,0.01994,-0.04,22.1808534661789,23,10.3227111766915,0.026197009279748,"WAY",2,1,1
"1339362",9,0.0779916666666667,0.1089,4378.374551,1459.45818366667,0.07318,0.02,1569015041.4,3,532718.984,0.026870222691834,12.4440046296296,8.38466119659875,7.28650548989902,0.07318,0.02,21.173713897267,3,13.18575120675,0.0265155575203839,"LZB",2,1,1
"1339376",9,0.442325,0.3364,5410.991281,491.908298272727,0.0064,-0.01,847827214.6,11,21713.816,0.032112977689033,13.4382291666667,8.59637237823986,6.20032314918075,0.0064,-0.01,20.5581874166271,11,9.98575007152754,0.0316081355723516,"AMPL",2,1,1
"1339377",9,0.0396194444444444,0.038025,8004.470519,320.17882076,0.07475,0.2,75607812000,25,902588.032,0.017454973746934,13.0782523148148,8.98788040184211,5.77199804204058,0.07475,0.2,25.0488254481267,25,13.7130226147391,0.0173043855097061,"MCO",2,1,1
"1339469",9,0.0334111111111111,0.0441,34662.05066,825.286920476191,0.10738,-0.099999999999999,69655921279.68,42,66765.56,0.029175944087345,13.4282291666667,10.4534295761303,6.71694207455631,0.10738,-0.099999999999999,24.9668335483423,42,11.1089576353809,0.0287584277431807,"DASH",2,1,1
"1339470",9,0.0622222222222222,0.0289,11578.073694,385.9357898,0.04895,0.16,6104378201.35,30,14356.984,0.033029959640098,13.0801041666667,9.35695475604491,5.95825876143444,0.04895,0.16,22.5322720886012,30,9.57206144277448,0.0324961922726935,"WING",2,1,1
"1339476",9,0.232775,0.235225,4781.711673,177.100432333333,0.24733,-0.02,75035614187.16,27,782251.968,0.039963649767263,13.4333449074074,8.47276296024087,5.18234761776787,0.24733,-0.02,25.0412286936032,27,13.5699334557074,0.0391857603955783,"CVNA",2,1,1
"1339583",9,0.0138888888888889,0.00902499999999999,9577.289406,266.035816833333,0.04254,0.16,164573621324.7,36,55085.408,0.018238730983207,13.0513773148148,9.16725429614872,5.58738279484675,0.04254,0.16,25.8266238530798,36,10.9166582859449,0.0180744004418911,"ADI",2,1,1
"1339584",9,0.144097222222222,0.0576,13634.591465,504.984869074074,0.09393,0.06,45437304841.92,27,10208560.992,0.019580248058155,13.4108217592593,9.52043867277671,6.2265067658247,0.09393,0.06,24.5395992971425,27,16.1387373371265,0.0193910210863522,"OXY",2,1,1
"1339585",9,0.0460194444444444,0.038025,7522.282492,835.809165777778,0.0321,0.399999999999999,41333333434.2,9,295850.712,0.018800227784141,13.0581365740741,8.92575782330052,6.729596046618,0.0321,0.399999999999999,24.4449351163237,9,12.5976136348043,0.0186256877039615,"GRMN",2,1,1
"1339586",9,0.0165000277777778,0.00245025,14951.465111,404.093651648649,0.08193,-46.548,131146656447.6,37,122642.4,0.020513584118486,13.4054976851852,9.6126314555938,6.00411827901364,0.08193,-0.31,25.5995820488253,37,11.7170362365795,0.0203060144172735,"BKNG",2,1,1
"1339587",9,0.0169944444444444,0.002025,8007.136165,421.428219210526,0.04803,0.04,7942905530,19,897647.176,0.026094752245358,13.0498032407407,8.98821332447188,6.04601953700368,0.04803,0.04,22.7955449810356,19,13.7075334843245,0.0257600936008093,"CRL",2,1,1
"1339766",9,0.148838888888889,0.245025,8588.594943,330.330574730769,0.27103,0.319999999999999,162291259316.88,26,1430817.01587302,0.015543156714354,13.9689930555556,9.05830685938454,5.80311659219154,0.27103,0.319999999999999,25.8126584549143,26,14.1737568777561,0.015423599130713,"DE",2,1,1
"1339770",9,0.215491666666667,0.0625,5409.041215,174.485200483871,0.08404,-0.209999999999999,12319431846.15,31,15163.4444444444,0.016174997286522,14.3844560185185,8.59601199011095,5.18136494140678,0.08404,-0.209999999999999,23.2344436776045,31,9.62670878538929,0.0160455757481813,"TXRH",1,0,0
"1339772",9,0.319586111111111,0.354025,5203.724869,2601.8624345,0.04,-0.3,4951605559.29,2,357255.30952381,0.018871716713922,14.3806134259259,8.55732212067024,7.86436705476974,0.04,-0.3,22.3229777163473,3,12.7862087570044,0.0186958549651866,"HHH",2,1,1
"1339773",9,0.0832805555555556,0.0144,7722.358712,858.039856888889,0.015,-1.15,4149549332.73,9,2509286.26984127,0.092160188611694,14.3710069444444,8.95200461472615,6.75581532008001,0.015,-0.31,22.1462655707693,9,14.7355093145462,0.0521584717253257,"OPEN",2,1,1
"1339782",9,0.0156555555555556,0.00562499999999999,9718.454364,373.786706307692,0.04206,0.09,15837719741.34,26,28727.0555555556,0.024792740102756,14.3740162037037,9.18188476048789,5.92635708097241,0.04206,0.09,23.4856602572466,26,10.265629469751,0.0244903873664301,"AKAM",2,1,1
"1339788",9,0.0156444444444444,0.00809999999999999,25057.538583,556.834190733333,0.0166,0.02,1026956013311.4,45,429164.29787234,0.015962361444914,14.0089699074074,10.1289699100297,6.32406176900032,0.0166,0.02,26.8640512231621,45,12.9695974334232,0.0158363026481417,"WMT",2,1,1
"1339793",9,0.0348027777777778,0.0196,66932.514677,3522.76393036842,0.32144,0.03,40318826555.18,19,2104965.23809524,0.010584835509177,14.3881597222222,11.1080839101247,8.16728499569995,0.32144,0.03,24.4200843569919,19,14.5598099860604,0.0116712063567068,"ED",2,1,1
"1339807",9,0.0123611111111111,0.00360000000000001,10998.424737,1099.8424737,0.0371,0.01,5747952873,10,62214.119047619,0.017732505742098,14.3735300925926,9.30559825377663,7.00383105082789,0.0371,0.01,22.4721096062778,10,11.0383533206953,0.0175771191027351,"DBX",2,1,1
"1352086",9,0.119052777777778,0.0529,98833.644309,2906.87189144118,0.06826,0.07,4269524904.8,34,1267932.14285714,0.037649595751528,11.9113541666667,11.1080839101247,7.97517678384573,0.06826,0.07,22.1747683944838,34,14.0528986861359,0.0369581514046998,"ETSY",2,1,1
"1352087",9,0.407619444444444,0.4356,4267.789798,853.5579596,0.06689,-0.09,15199972398.44,5,1247720.49206349,0.014805562978982,12.2893171296296,8.35908564637959,6.75058432892712,0.06689,-0.09,23.4445594489049,5,14.0368296395962,0.0146970305756015,"FNF",2,1,1
"1360921",9,0.412191666666667,0.555025,385836.348821,11023.8956806,0.16008,-0.04,12934010075.17,35,11452.44,0.013878927948026,13.8426273148148,11.1080839101247,8.64901914451803,0.16008,-0.04,23.2831261189383,35,9.34604540054155,0.013783497594457,"DPZ",2,1,1
"1360922",9,0.317519444444444,0.0529,287931.953117,17995.7470698125,0.07826,0.03,3562682912.58,16,3781415.52,0.047188038897396,14.1730208333333,11.1080839101247,8.64901914451803,0.07826,0.03,21.9937797251052,16,15.1456092381387,0.0461085135634058,"HIMS",2,1,1
"1360923",9,0.0897194444444444,0.2025,5585.121304,797.874472,0.05761,0.06,360918319.97,7,527427.336,0.04673035098546,14.1835763888889,8.62804046198721,6.6832038270408,0.05761,0.06,20.1007726202039,7,13.1757682791789,0.0456713542916439,"BBBY",2,1,1
"1360933",9,0.0733805555555556,0.060025,9717.265244,539.848069111111,0.22725,0.34,3994243189.68,18,26284.704,0.038863747413166,19.2780792824074,9.18176240868681,6.29313840596936,0.22725,0.34,22.1081199588395,18,10.1767804962314,0.0381275653205798,"WIX",2,1,1
"1362677",9,0.285672222222222,0.366025,5672.635773,270.125513,0.01739,0.25,20935091920.87,21,57169.2741935484,0.027424582006913,14.4509837962963,8.64358542102781,5.60258186126143,0.01739,0.25,23.7646926271827,21,10.9537893603555,0.027055265187723,"CSGP",2,1,1
"1362683",9,0.113716666666667,0.015625,26008.384746,684.431177526316,0.06681,0.2,380534265141.25,38,3990645.68548387,0.013619760892549,14.0967476851852,10.1662127036454,6.53004809648054,0.06681,0.2,26.6648420631273,38,15.1994638522954,0.0135278455850969,"HD",2,1,1
"1362778",9,0.0410444444444444,0.00302500000000001,260299.647331,10411.98589324,0.01846,0.029999999999999,23400537288.8,25,4480211.74193548,0.023491148607256,14.3015393518519,11.1080839101247,8.64901914451803,0.01846,0.029999999999999,23.8760248201063,25,15.3151810903029,0.0232194779208502,"AS",2,1,1
"1363685",9,0.00487236111111111,0.00235225,381687.063845,5696.82184843284,0.03531,0.1,4686255000000,67,2255636.42857143,0.021842317845051,15.1998263888889,11.1080839101247,8.64783924893777,0.03531,0.1,26.8640512231621,46,14.6289431643984,0.0216071920550758,"NVDA",2,1,1
"1363711",9,0.0924166666666667,0.126025,3526.365402,320.578672909091,0.05874,0.099999999999999,1988562816.11,11,355111.23015873,0.020598793104946,15.1607523148148,8.23764894232911,5.77324221952465,0.05874,0.099999999999999,21.4106780118088,11,12.7801891597876,0.0203895071121985,"IMAX",2,1,1
"1363712",9,0.514855555555556,0.075625,64803.42237,2090.43297967742,0.02256,-0.05,25359032209.16,31,39960.048,0.022529117496709,15.1567476851852,11.0791291264623,7.64560474622703,0.02256,-0.05,23.9564008036879,31,10.5956604586448,0.0222790852987618,"ZM",2,1,1
"1363713",9,0.019775,0.0169,4749.034475,87.9450828703704,0.03692,0.76,172255180000,54,9593366.37301587,0.02292168535449,15.1614930555556,8.46590715489709,5.18136494140678,0.03692,0.62,25.8722428189569,46,16.0765825190134,0.0226629301334103,"CRM",2,1,1
"1367585",8,0.023146875,0.0121,13091.446001,374.041314314286,0.08147,0.059999999999999,36906240000,35,102201.056,0.024396215642696,6.95012731481481,9.47979070172276,5.92703619140674,0.08147,0.059999999999999,24.3316464793872,35,11.5347070739662,0.0241033811180339,"EBAY",2,1,1
"1367586",9,0.0131305555555556,0.00639999999999999,9002.41816,176.518003137255,0.02822,0.049999999999999,55391433080,51,1000632.76190476,0.03431982621638,13.9753356481481,9.10535957976984,5.18136494140678,0.02822,0.049999999999999,24.7376907811969,46,13.8161441191268,0.0337440379468793,"SNOW",2,1,1
"1367587",9,0.491152777777778,0.7744,12176.155379,338.226538305556,0.04948,0.08,153915960000,36,2829453.88,0.014081277802528,13.5641319444444,9.40731696546502,5.82666813878644,0.04948,0.08,25.7596725761181,36,14.8555946291573,0.0139830575804959,"LOW",2,1,1
"1367628",9,0.264658333333333,0.087025,26041.518229,1302.07591145,0.1639,-0.27,39980034070.35,20,1118260.736,0.017827317537371,13.9604050925926,10.1674857978296,7.17248283440713,0.1639,-0.27,24.4116460182031,20,13.9272860162098,0.0176702746015391,"TKO",2,1,1
"1367670",9,0.167511111111111,0.126025,4692.832659,521.425851,0.00314,0,1816309914.16,9,443282.75,0.071928370280165,12.9372106481481,8.4540047257968,6.25848306180679,0.006301,0,21.3200727601423,9,13.0019653631698,0.0521584717253257,"NVTS",1,0,0
"1367779",9,0.0856638888888889,0.1521,5952.158746,270.552670272727,0.11411,0.1,11550990122.51,22,127126.373015873,0.032520033705626,13.950474537037,8.69167723935252,5.60415611788022,0.11411,0.1,23.1700369951327,22,11.7529447999682,0.0320024487695355,"PSKY",2,1,1
"1369095",9,0.114041666666667,0.1024,16866.309073,16866.309073,0,-0.168,4925629063.96,1,13412.656,0.018325023475168,11.9565856481481,9.73313265321416,8.64901914451803,0.006301,-0.168,22.3177178321367,3,9.50402857148218,0.0181591436686364,"IEP",2,1,1
"1369192",9,0.0586166666666667,0.0484,1671.060298,139.255024833333,0.0124,0.029999999999999,898096039.83,12,11981.6904761905,0.038182016860911,14.0705671296296,8.23764894232911,5.18136494140678,0.0124,0.029999999999999,20.6157875691336,12,9.39121842710527,0.0374711228016313,"IART",2,1,1
"1369194",9,0.0952305555555555,0.0529,7863.533296,218.431480444444,0.03777,0.01,11504365225.99,36,181661.016,0.028082114366724,13.4662152777778,8.97011847438017,5.39104002179822,0.03777,0.01,23.1659923851602,36,12.1099031846496,0.0276950416315547,"TTD",1,0,0
"1369345",9,0.0155833333333333,0.01,4750.497291,148.45304034375,0.03909,0.209999999999999,46612010000,32,23375.3650793651,0.019175262058814,14.4270717592593,8.46621506651546,5.18136494140678,0.03909,0.209999999999999,24.5651240701944,32,10.0594807515689,0.0189937336208781,"ADSK",2,1,1
"1369346",9,0.0154777777777778,0.00422499999999999,5826.39275,138.723636904762,0.08531,0.15,36244030000,42,43721.5322580645,0.02374424059783,12.425474537037,8.67032496662215,5.18136494140678,0.08531,0.15,24.3135405150291,42,10.685618860514,0.0234667303796519,"WDAY",2,1,1
"1369348",9,0.0658694444444444,0.04,12682.941133,975.610856384615,0.15131,2.4,11593180704.72,13,4142427.73809524,0.059247722898454,13.4407060185185,9.44809199460363,6.88408826807674,0.15131,0.62,23.1736828919125,13,15.2367928255025,0.0521584717253257,"IONQ",1,0,0
"1369365",9,0.0111527777777778,0.00639999999999999,11268.559385,331.428217205882,0.03105,0.47,99201250500,34,36897.7777777778,0.022305518829409,14.401099537037,9.32986050999625,5.80642394868611,0.03105,0.47,25.3204164570046,34,10.5159337069266,0.0220603892103652,"INTU",2,1,1
"1369367",9,0.423463888888889,0.497025,5766.469191,339.204070058824,0.02109,0.04,17001488199.41,17,13958270,0.022011175025755,12.4082986111111,8.65998864820443,5.82954564361396,0.02109,0.04,23.5565667183129,17,16.4433774877375,0.0217724261892025,"HPQ",2,1,1
"1369373",9,0.0296388888888889,0.00722499999999999,8269.541405,295.340764464286,0.05086,0.37,79376960886.9,28,1530869.04761905,0.030374583177437,14.4043402777778,9.02045525201761,5.69151002346372,0.05086,0.37,25.0974739979411,28,14.2413467903181,0.0299224091163548,"DELL",2,1,1
"1369644",9,0.170908333333333,0.1369,4179.240494,298.517178142857,0.03622,-0.089999999999999,642686257.21,14,5257487.65873016,0.040419671864858,14.3662615740741,8.33812405831352,5.70217177198035,0.03622,-0.089999999999999,20.2811672272126,14,15.4751640293964,0.039624162395976,"SG",2,1,1
"1369645",9,0.0869027777777778,0.065025,371770.433862,20653.9129923333,0.01661,0.01,39704158066.53,18,195991.277777778,0.056190572665098,14.3570949074074,11.1080839101247,8.64901914451803,0.01661,0.01,24.4047217563472,18,12.1858305383435,0.0521584717253257,"RKLB",1,0,0
"1369646",9,0.162658333333333,0.3969,6098.387278,435.599091285714,0.0162,0,2723238560.48,14,901319.111111111,0.044609608652374,13.9634606481481,8.71594359888683,6.07901536277083,0.0162,0,21.7250876562313,14,13.711615757744,0.0436432353813308,"WRBY",2,1,1
"1369669",9,0.0536388888888889,0.09,3613.053357,401.450373,0.007,0.019999999999999,1381390366.05,9,48677.8492063492,0.046532687582589,14.3553356481481,8.23764894232911,5.99757179236252,0.007,0.019999999999999,21.0463563405468,9,10.7929999068539,0.0454824975643081,"REAL",2,1,1
"1369670",9,0.0824361111111111,0.075625,3597.045479,143.88181916,0.02603,0.02,3816283558.29,25,368361.007936508,0.02535417937528,13.9597337962963,8.23764894232911,5.18136494140678,0.02603,0.02,22.0625428954998,25,12.8168214508371,0.0250380937588111,"SHAK",2,1,1
"1369671",9,0.0320138888888889,0.0729,5893.029461,982.171576833333,0.08796,0.1,3923518745.28,6,6903.60317460317,0.024954572773057,13.9663310185185,8.68169516175817,6.89078364899886,0.08796,0.1,22.0902547272138,6,9.28714543357954,0.0246482923624467,"FTDR",2,1,1
"1369672",9,0.148691666666667,0.2209,365785.089473,21516.769969,0.04764,0.01,1133283374.08,17,16891.2301587302,0.028837462298489,13.9558217592593,11.1080839101247,8.64901914451803,0.04764,0.01,20.8483848972347,17,9.73460904127063,0.0284294874254376,"PZZA",2,1,1
"1369679",9,0.0190083333333333,0.00562499999999999,6123.113939,874.730562714286,0.04247,0.219999999999999,3743786398.25,7,4901.80952380952,0.022147951023551,7.35170138888889,8.71998936192782,6.77505846681477,0.04247,0.219999999999999,22.0433633421848,7,9.28714543357954,0.0219062474717603,"ICUI",2,1,1
"1370976",9,0.131372222222222,0.119025,850539.219215,85053.9219215,0.32092,-0.609999999999999,3891252577.68,10,841551.198412698,0.020790520698888,13.6836921296296,11.1080839101247,8.64901914451803,0.32092,-0.31,22.0819969421497,10,13.6430033208885,0.0205773474160634,"HGV",2,1,1
"1371036",9,0.439855555555556,0.748225,5202.734298,578.081588666667,0.01917,0,3532986987.64,9,542576.333333333,0.045605376809452,14.0465393518519,8.55713178106529,6.36144338071419,0.01917,0,21.9854095222258,9,13.2040859041607,0.0445960256343283,"SOUN",1,0,0
"1371096",9,0.183380555555556,0.255025,7405.109979,1481.0219958,0.04369,-0.039999999999999,860578594.2,5,519789.761904762,0.033541620196689,13.6660069444444,8.9100606113498,7.3011626477162,0.04369,-0.039999999999999,20.5731155049477,5,13.1611816286283,0.0329913704431843,"TDAY",1,0,0
"1386902",9,0.421330555555556,0.49,4426.988962,737.831493666667,0.00575,0.049999999999999,509712000,6,95603.9444444444,0.039624511155653,9.69373842592593,8.39570080105216,6.60506987555225,0.006301,0.049999999999999,20.1007726202039,6,11.4679798178322,0.038859600994415,"DNUT",1,0,0
"1386906",9,0.288286111111111,0.540225,207486.227856,34581.037976,0.04,-1.29,295098352.1855,6,14122403.888,0.152537899097299,19.2780792824074,11.1080839101247,8.64901914451803,0.04,-0.31,20.1007726202039,6,16.4433774877375,0.0521584717253257,"BYND",2,1,1
"1386999",8,0.2525375,0.255025,NA,NA,0.21133,-0.8,716781502.08,7,5821.03149606299,0.039726016579818,19.2780792824074,NA,NA,0.21133,-0.31,20.390281613042,7,9.28714543357954,0.0389572328490654,"TBPH",2,1,1
"1387000",9,0.470702777777778,0.5184,5968.068681,426.290620071429,0.02555,-0.199999999999999,5820517625.58,14,24065.4603174603,0.031065853099367,9.05186342592593,8.69434619438491,6.05746439078589,0.02555,-0.199999999999999,22.484655033838,14,10.0885744621093,0.0305930760303009,"URBN",2,1,1
"1387001",9,0.0413296944444444,0.01677025,6512.000497,723.555610777778,0.0685,0.07,183983695.9,9,758734.103174603,0.044862728367721,19.2780792824074,8.78155553485532,6.58555851627228,0.0685,0.07,20.1007726202039,9,13.5394079877853,0.0438855163745754,"SPCE",2,1,1
"1387101",9,0.50065,0.7056,9802.639674,377.024602846154,0.01595,0.03,83681278586.36,26,85051.0238095238,0.013005363521712,10.0231597222222,9.19050899101462,5.93495928039611,0.01595,0.03,25.15028111662,26,11.3510183930673,0.012921519943262,"MNST",2,1,1
"1387102",9,0.565997222222222,0.7744,11362.946713,811.639050928571,0.12382,-1.81,4955767011.44,14,747333.404761905,0.027436217823424,9.64890046296296,9.33820105385714,6.70028703916558,0.12382,-0.31,22.3238177881958,14,13.524268027614,0.0270665903504903,"TFX",2,1,1
"1390924",7,0.097925,0.070225,26979.471729,3854.210247,0.06413,0.079999999999999,635456958,7,26524025.4193548,0.033249392826882,6.32878472222222,10.2028686140047,8.25718082329105,0.06413,0.079999999999999,20.2698549169531,7,16.4433774877375,0.0327085867752538,"AMC",2,1,1
"1399646",9,0.0133562222222222,0.00435599999999999,11381.41522,264.684074883721,0.10338,0.179999999999999,26439461475.78,43,30393.064516129,0.034415791541307,11.0509375,9.33982491890534,5.58230791451381,0.10338,0.179999999999999,23.9981234839381,43,10.3220026221513,0.0338368147368877,"MDB",2,1,1
"1399647",9,0.0258277777777778,0.0256,6159.827706,410.6551804,0.00305,0.009999999999999,1683410007.1,15,1270449.144,0.034274401331485,11.0305439814815,8.72596641535816,6.02018605814236,0.006301,0.009999999999999,21.2440873393005,15,14.0548818397288,0.03370011934332,"ASAN",2,1,1
"1399648",9,0.0563888888888889,0.0484,11442.925355,293.408342435897,0.11487,0.279999999999999,51528684878.73,39,7366450.5483871,0.017854783081092,11.6202662037037,9.34521433151678,5.68496772353169,0.11487,0.279999999999999,24.6654044774924,39,15.8124466758171,0.0176972587202425,"TGT",2,1,1
"1399734",9,0.0634527777777778,0.055225,5160.943675,198.497833653846,0.04827,0.14,12984890332.91,26,4000944.12903226,0.021210072315054,11.637025462963,8.54906846875061,5.295803377393,0.04827,0.14,23.2870522363504,26,15.202041173432,0.0209882695514487,"BBY",2,1,1
"1399738",9,0.0324916666666667,0.011025,14999.204885,535.68588875,0.01654,0.069999999999999,4472788400,28,71101.7822580645,0.036247960755678,11.9972569444444,9.61581913899106,6.28541298621555,0.01654,0.069999999999999,22.2212778542196,28,11.1718817466441,0.0356064595577624,"GTLB",1,0,0
"1399742",9,0.0931305555555556,0.189225,2385.545427,216.867766090909,0.00961,0.149999999999999,3264641119.98,11,2187220.696,0.018779581888372,12.0421412037037,8.23764894232911,5.38388830118185,0.00961,0.149999999999999,21.9064156763226,11,14.5981426644344,0.018605422587796,"BOX",1,0,0
"1403447",9,0.0144,0.00562499999999999,9798.605645,181.455660092593,0.00649,0.02,97605918677.4,54,40347.752,0.028075408679079,11.2093865740741,9.19009742354288,5.20650718510662,0.00649,0.02,25.3042039707133,46,10.6053157438517,0.0276885190888313,"CRWD",2,1,1
"1403452",9,0.297158333333333,0.366025,4772.05804,159.068601333333,0.88457,0.3,62038426020,30,148521.685483871,0.015922979558196,10.7903587962963,8.47074247699901,5.18136494140678,0.334929,0.3,24.8510198045267,30,11.9084929897588,0.0157975387612941,"AZO",2,1,1
"1403494",9,0.0896416666666667,0.021025,11957.105057,747.3190660625,0.08062,0.299999999999999,4512064174.2,16,1593952.392,0.039314085254686,11.7747569444444,9.38916457490151,6.61782944593118,0.08062,0.299999999999999,22.2300205740463,16,14.2817278982561,0.0385609621564905,"BBWI",2,1,1
"1403495",9,0.00569066666666666,0.002116,NA,NA,0.04809,0.029999999999999,1509506910422.88,53,276146.752,0.030202164770959,12.1550578703704,NA,NA,0.04809,0.029999999999999,26.8640512231621,46,12.5286913347928,0.0297550594584961,"AVGO",3,2,1
"1403496",9,0.0145888888888889,0.00302500000000001,NA,NA,0.0061,0.05,12827912828.64,47,33051.6428571429,0.024491562455597,12.2172106481481,NA,NA,0.006301,0.05,23.2748893233567,46,10.4058568075031,0.0241964528948184,"OKTA",2,1,1
"1403497",9,0.387283333333333,0.3481,58561.023871,4880.08532258333,0.0287,0.12,3814020135,12,8479489.704,0.043476350448724,12.1578356481481,10.9778417086766,8.49312287628821,0.0287,0.12,22.0619496233451,12,15.9531609474739,0.0425577835971471,"AEO",2,1,1
"1403526",9,0.0733694444444444,0.0484,5518.682958,424.514073692308,0.03195,0.1,4487161854.6,13,1915364.176,0.043260264347706,11.7855902777778,8.61607570247675,6.05329802312404,0.03195,0.1,22.2244862351863,13,14.4654188548456,0.0423506792599173,"ANF",2,1,1
"1403851",7,0.136325,0.156025,3357.146829,129.121031884615,0.35635,0.13,20753999991.52,26,544790.571428571,0.027857340035133,6.03199074074074,8.23764894232911,5.18136494140678,0.334929,0.13,23.7560048357209,26,13.2081585627517,0.0274763831180413,"FLUT",2,1,1
"1403852",9,0.478433333333333,0.189225,NA,NA,0.01234,0,10317109067.6,21,8437220.56692913,0.026066533079737,13.0657986111111,NA,NA,0.01234,0,23.0570694286478,21,15.9481636141434,0.0257325917023722,"GAP",2,1,1
"1403853",9,0.0138633611111111,0.00207025,NA,NA,0.07024,0.04,446642758119.6,38,28856.4803149606,0.012158084523642,13.0662847222222,NA,NA,0.07024,0.04,26.8250249131927,38,10.2701245213424,0.0120847686693604,"COST",2,1,1
"1404328",9,0.0148808055555556,0.000552249999999998,NA,NA,0.10061,0.29,4986305558.88,10,602581.817460318,0.036546190059707,12.6281828703704,NA,NA,0.10061,0.29,22.3299611035395,10,13.3089803912664,0.0358942153930145,"VSCO",2,1,1
"1404329",9,0.0107888888888889,0.00562499999999999,NA,NA,0.00365,0.049999999999999,16698497409.58,23,6520130.75396825,0.035188255788553,13.0046412037037,NA,NA,0.006301,0.049999999999999,23.5385845768468,23,15.6904051413625,0.0345832998281913,"IOT",2,1,1
"1404330",9,0.07215,0.018225,NA,NA,0,-0.06,148033360.9612,2,862791.714285714,0.056639325857291,13.0048032407407,NA,NA,0.006301,-0.06,20.1007726202039,3,13.6679297491937,0.0521584717253257,"GPRO",2,1,1
"1404331",9,0.0251666666666667,0.00639999999999999,NA,NA,0.03001,0.01,67525683209.77,44,239026.468253968,0.030564556040313,13.0043865740741,NA,NA,0.03001,0.01,24.9357738544528,44,12.3843337542426,0.030106764743165,"MRVL",1,0,0
"1404416",9,0.0260111111111111,0.0196,12720.640667,1817.234381,0.02637,0.109999999999999,3169862446.2,7,261692.532258065,0.02379538848776,10.6376967592593,9.45105981183121,7.50562118886988,0.02637,0.109999999999999,21.8769540315282,7,12.4749293738761,0.0235166907215315,"MRX",2,1,1
"1404417",9,0.0744583333333333,0.0784,NA,NA,0,0.03,527695815.7,2,13471.4761904762,0.027010536655454,12.9823958333333,NA,NA,0.006301,0.03,20.1007726202039,3,9.50840408253767,0.0266521905388294,"SWBI",2,1,1
"1419057",4,0.07381875,0.030625,2440.250214,106.097835391304,0.1282,-0.1,72289945362.25,23,702054.285714286,0.034157914677479,4.09830324074074,8.23764894232911,5.18136494140678,0.1282,-0.1,25.0039508881449,23,13.4617674344857,0.0335874865506223,"WBD",2,1,1
"1420756",9,0.0292194444444444,0.00639999999999999,NA,NA,0.12816,0.309999999999999,18830049021.88,18,234122.571428571,0.024490691804206,9.75802083333333,NA,NA,0.12816,0.309999999999999,23.6587197830045,18,12.3636043379811,0.0241956030569155,"BURL",2,1,1
"1420816",7,0.00924360714285714,0.000272249999999999,NA,NA,0.1074,0.119999999999999,4507307884.1,13,7314569.66666667,0.026215489755333,19.2780792824074,NA,NA,0.1074,0.119999999999999,22.2289658907469,13,15.8053788985289,0.0258777536968741,"M",2,1,1
"1420842",9,0.0353805555555556,0.024025,NA,NA,0.01557,0.08,42144960000,26,6831203.44444444,0.015988362001291,9.67653935185185,NA,NA,0.01557,0.08,24.4643809412911,26,15.7370115621849,0.0158618943675455,"KR",2,1,1
"1421384",9,0.02225025,0.000552249999999998,NA,NA,0.01506,0.06,28036426900.57,22,25142772.8412698,0.024773394409114,14.0130208333333,NA,NA,0.01506,0.06,24.0567704623401,22,16.4433774877375,0.0244715095236352,"HPE",2,1,1
"1421510",9,0.00911458333333333,0.00105625,NA,NA,0.1802,0.57,24562971338,18,5107.26984126984,0.015174822364717,14.0239467592593,NA,NA,0.1802,0.57,23.9245059157251,18,9.28714543357954,0.0150608364453269,"CASY",2,1,1
"1421535",9,0.0288055555555556,0.027225,NA,NA,0.03007,0.05,3300018733.2,5,481653.595238095,0.018329026935536,13.6339467592593,NA,NA,0.03007,0.05,21.91719398213,5,13.0849825287571,0.0181630750779665,"KFY",2,1,1
"1421540",9,0.132491666666667,0.015625,NA,NA,0.07691,0.35,1758004622.97,14,4625633.704,0.047251153924531,14.6261226851852,NA,NA,0.07691,0.35,21.2874452658817,14,15.3471241528103,0.0461687827059719,"KSS",2,1,1
"1421646",9,0.016825,0.00360000000000001,NA,NA,0.06606,0.109999999999999,2215624163.55,11,316591.48,0.030811157839154,14.6240856481481,NA,NA,0.06606,0.109999999999999,21.5187999901614,11,12.665370673778,0.0303460241836998,"UNFI",3,2,1
"1421676",9,0.0486277777777778,0.0441,NA,NA,0.03436,0.08,439919996160,46,4776021.472,0.043239382423495,15.0082523148148,NA,NA,0.03436,0.08,26.8098587204171,46,15.3791186392361,0.0423306630339438,"ORCL",2,1,1
"1421689",9,0.286327777777778,0.3025,NA,NA,0.18696,0.01,497070590.2,3,15625.744,0.034306778456594,15.0173263888889,NA,NA,0.18696,0.01,20.1007726202039,3,9.656739084376,0.0337314230460009,"GRPN",1,0,0
"1428249",9,0.108377777777778,0.081225,NA,NA,0.33498,-0.299999999999999,4944442156.76,10,844902.261904762,0.022168960665683,13.1969097222222,NA,NA,0.334929,-0.299999999999999,22.3215299861045,10,13.6469774168327,0.021926801664716,"MTN",2,1,1
"1428250",9,0.530019444444444,0.8281,4702.286216,2351.143108,0.805,-7.7,25950236.34,2,17911.4920634921,0.052479403243773,19.2780792824074,8.4560167382689,7.76308215240562,0.334929,-0.31,20.1007726202039,3,9.7932536290654,0.0511487170183307,"BIRD",2,1,1
"1428288",9,0.0291472222222222,0.0121,NA,NA,0.56716,0.48,17507049418.54,27,1323516.97637795,0.022344733791827,15.8343402777778,NA,NA,0.334929,0.48,23.5858694606807,27,14.0958038830111,0.0220987478121579,"DKS",2,1,1
"1428531",9,0.729269444444444,0.714025,NA,NA,0.01464,-0.059999999999999,7540124681.52,20,136916.150793651,0.018101249392459,14.7966782407407,NA,NA,0.01464,-0.059999999999999,22.7435045548402,20,11.8271312831496,0.0179393723107521,"CPB",2,1,1
"1428532",9,0.138708333333333,0.133225,NA,NA,0.23554,0.55,686399916.33,10,17282.9206349206,0.033960135777355,8.26987268518518,NA,NA,0.23554,0.55,20.3469709842412,10,9.75753190521767,0.0333962219362224,"CBRL",2,1,1
"1428533",9,0.149966666666667,0.038025,NA,NA,0.01664,-0.19,3517299813.34,10,829245.263157895,0.058118010683929,8.20929398148148,NA,NA,0.01664,-0.19,21.9809594337029,10,13.6282724505078,0.0521584717253257,"STUB",1,0,0
"1428903",3,0.28465,0.286225,1452.125896,63.1359085217391,0.04309,0.07,13033822364.96,23,88893.8333333333,0.038615341149058,4.09830324074074,8.23764894232911,5.18136494140678,0.04309,0.07,23.2908135361739,23,11.3952093020778,0.0378884233078785,"CELH",2,1,1
"1435106",9,0.0172700277777778,0.000930249999999998,NA,NA,0.0038,0.03,1450514479.68,9,1923053.06349206,0.020216839915815,13.9779976851852,NA,NA,0.006301,0.03,21.0951841440199,9,14.4694251383162,0.0200151928552802,"CXM",2,1,1
"1435682",9,0.617502777777778,0.765625,NA,NA,0.03808,-0.01,591753386.49,5,395465.68503937,0.032388623688457,14.9279976851852,NA,NA,0.03808,-0.01,20.198600529181,5,12.887821827596,0.0318751695149536,"BBW",2,1,1
"1435757",9,0.0453,0.00422499999999999,NA,NA,0.03961,-0.57,144249450.9,8,193730.968503937,0.032960898521592,14.9191319444444,NA,NA,0.03961,-0.31,20.1007726202039,8,12.1742308770986,0.0324293370702526,"GAMB",2,1,1
"1435762",6,0.001723,0.000210249999999999,NA,NA,0.01247,0.019999999999999,192964334.64,3,156719.063492063,0.056654807001297,19.2780792824074,NA,NA,0.01247,0.019999999999999,20.1007726202039,3,11.9622164577489,0.0521584717253257,"PLBY",2,1,1
"1435763",9,0.0333680277777778,0.00837225,NA,NA,0.11772,0.32,32137355166,32,3284314.64566929,0.022709923172629,14.9173032407407,NA,NA,0.11772,0.32,24.1932849028305,32,15.0046688611564,0.0224558916991832,"DG",2,1,1
"1454725",6,0.183420833333333,0.133225,NA,NA,0.01473,-0.25,303590273.1472,3,510061,0.046690789357402,17.2871064814815,NA,NA,0.01473,-0.25,20.1007726202039,3,13.1422875659391,0.0456335581432242,"GETY",2,1,1
"1486741",7,0.00322392857142857,0.00133225,NA,NA,0.03861,0.06,9147834012.4,23,48030.744,0.029731143482811,15.0450925925926,NA,NA,0.03861,0.06,22.936782968255,23,10.7796174046388,0.0292977424235515,"DOCU",2,1,1
"1486791",7,0.7573,0.7921,NA,NA,0.01726,-0.07,2406419887.08606,16,277347.722222222,0.017678547403845,15.6110416666667,NA,NA,0.01726,-0.07,21.6014059559335,16,12.5330309183778,0.017524099504377,"WB",2,1,1
"1494761",3,0.36195,0.2916,NA,NA,0.017,-0.03,1832973224.4,3,60681.7222222222,0.041508402407131,4.09830324074074,NA,NA,0.017,-0.03,21.3292051981686,3,11.0134142943913,0.0406700492880087,"RUM",2,1,1
"1494780",9,0.0228444444444444,0.0016,NA,NA,0.08352,0.029999999999999,21201666398.82,29,48244.0238095238,0.023079560402519,12.6444907407407,NA,NA,0.08352,0.029999999999999,23.7773456192532,29,10.7840479679671,0.0228172555998974,"DLTR",2,1,1
"1494785",9,0.558548333333333,0.30636225,NA,NA,0.07894,-0.079999999999999,3627364080.06,18,26815.224,0.026820659148756,13.7567592592593,NA,NA,0.07894,-0.079999999999999,22.0117720727057,18,10.1967623564689,0.0264672897469562,"ASO",2,1,1
"1494817",9,0.0120222222222222,0.00809999999999999,NA,NA,0.04877,0.229999999999999,18239152156.96,33,51949.288,0.025028792621675,14.0599305555556,NA,NA,0.04877,0.229999999999999,23.6268363378894,33,10.8580425403041,0.0247207025584544,"LULU",2,1,1
"1499778",9,0.399277777777778,0.027225,24118.613652,1148.505412,0.03294,-0.089999999999999,20802893877.64,21,7182239.50793651,0.01620644092191,13.9343287037037,10.0907806329682,7.04708705232612,0.03294,-0.089999999999999,23.7583579427089,21,15.7871219408065,0.0160765183997913,"GIS",3,2,1
"1499779",9,0.000639472222222222,0.000552249999999998,NA,NA,1.29065,3.62,498232903731.8,45,265122.134920635,0.041717905300808,14.2635648148148,NA,NA,0.334929,0.62,26.8640512231621,45,12.4879496571252,0.0408711823992873,"MU",3,2,1
"1508633",9,0.00549249999999999,0.00489999999999999,NA,NA,0.21364,1.17,84624272082.96,30,1861860.19685039,0.015344325556709,14.2587962962963,NA,NA,0.21364,0.62,25.1614869664634,30,14.4370871888474,0.0152277919675728,"FDX",3,2,1
"1508634",9,0.00969666666666667,0.013689,NA,NA,0.05031,0.08,121965174980.88,29,5136935.7480315,0.023106684800642,13.8458796296296,NA,NA,0.05031,0.08,25.5270013899544,29,15.4519674963566,0.0228437677496962,"ACN",3,2,1
"1518162",9,0.0233924722222222,0.00378225,NA,NA,0.05919,0.309999999999999,11675100181.95,27,17612.1666666667,0.02126888302716,12.0255092592593,NA,NA,0.05919,0.309999999999999,23.1807242213596,27,9.77640200739499,0.0210458571334097,"FIVE",2,1,1
"1545005",9,0.0299583333333333,0.015625,NA,NA,0.06348,0.129999999999999,21658897200,22,1133106.17460317,0.021341885204053,8.75148148148148,NA,NA,0.06348,0.129999999999999,23.7986821630957,22,13.9404741291844,0.021117336416746,"WSM",2,1,1
"1545608",9,0.164383333333333,0.245025,NA,NA,0.015,0.2,267221779.4,2,911342.992125984,0.056560523374096,16.5912268518519,NA,NA,0.015,0.2,20.1007726202039,3,13.7226757033517,0.0521584717253257,"DBI",2,1,1
"1545610",9,0.551386111111111,0.5329,NA,NA,1.54687,14.63,136640971967.5,37,2593216.15079365,0.018573258007191,15.5877314814815,NA,NA,0.334929,0.62,25.6406226803067,37,14.7684098060177,0.0184028814492695,"PDD",1,0,0
"1555415",9,0.0766333333333333,0.04,NA,NA,0,0.12,10119827293.49,1,7070647.016,0.022889759845664,13.9656481481481,NA,NA,0.006301,0.12,23.0377624347994,3,15.7714626908154,0.022631719526095,"GME",2,1,1
"1555597",9,0.751775,0.8464,NA,NA,0.01237,-0.19,9829409580.76,28,1915803.77777778,0.024863824697908,14.5866435185185,NA,NA,0.01237,-0.19,23.0086447063067,28,14.4656483418091,0.0245597498112429,"CHWY",2,1,1
"1555598",9,0.00839166666666667,0.00360000000000001,NA,NA,0.01933,0.01,72242198993.51,24,20122.2380952381,0.012027060224142,14.6689814814815,NA,NA,0.01933,0.01,25.0032901857013,24,9.9096305503915,0.0119553098597027,"CTAS",2,1,1
"1555635",9,0.0339083333333333,0.027225,NA,NA,0.01178,0.04,33500197373.5,19,39105.5634920635,0.016134800252447,14.6554166666667,NA,NA,0.01178,0.04,24.2348171675063,19,10.574045596133,0.0160060177692463,"PAYX",2,1,1
"1562685",9,0.603957916666667,0.44689225,NA,NA,2.03121,5.5,326048968144.55,41,2026674.49606299,0.026283714653603,7.55266203703704,NA,NA,0.334929,0.62,26.5103134160652,41,14.5219073218748,0.0259442335260975,"BABA",1,0,0
"1576482",9,0.121661111111111,0.119025,29916.262256,14958.131128,0.07,0.069999999999999,774830730,2,193689.771653543,0.036831215333884,13.8116666666667,10.3061909257628,8.64901914451803,0.07,0.069999999999999,20.4681551505588,3,12.1740182057901,0.0361691535448734,"NMAX",2,1,1
"1651875",9,0.0686,0.050625,4956.818087,247.84090435,0.08641,0.089999999999999,7225385417.91,20,896137.784,0.026380728872284,11.9397453703704,8.50872102111927,5.51681375390319,0.08641,0.089999999999999,22.7008664145616,20,13.7058505728195,0.0260387586873427,"FDS",3,2,1
"1651876",9,0.114486111111111,0.1156,12079.433557,805.295570466667,0.0161,0.05,14266022737.45,15,3278638.736,0.018803231508898,11.8991666666667,9.39934236132489,6.69245038802175,0.0161,0.05,23.381146514622,15,15.0029391797083,0.0186286359957336,"MKC",3,2,1
"1651877",9,0.0654277777777778,0.235225,9593.541331,959.3541331,0.10392,-1.61,340793563.05,10,19770.912,0.044281356523344,12.2811111111111,9.16894960438102,6.86730210508503,0.10392,-0.31,20.1007726202039,10,9.89201762367853,0.0433289517378049,"PLAY",2,1,1
"1651878",9,0.0475972222222222,0.021025,27422.355636,685.558890900001,0.0473,0.06,76073166885.21,40,17039304.984,0.02222998844729,12.2839351851852,10.2191503247679,6.53169200579679,0.0473,0.06,25.0549614362868,40,16.4433774877375,0.0219865040840032,"NKE",3,2,1
"1652244",9,0.406172222222222,0.3249,12041.148919,708.302877588235,0.01068,-0.01,7525816463.88,17,12443655.4920635,0.019007060296138,12.901412037037,9.39616818458138,6.56428262514079,0.01068,-0.01,22.741605141879,17,16.3367215323165,0.0188286828683394,"CAG",2,1,1
"1652245",9,0.00365555555555556,0.000900000000000002,24281.484886,2023.45707383333,0.04254,0.089999999999999,5654081282.85,12,2754327.30952381,0.032937517898387,12.9499074074074,10.0975105828527,7.61305683190503,0.04254,0.089999999999999,22.4556434722818,12,14.8286841630478,0.0324067022465651,"LW",3,2,1
"1652246",9,0.63235325,0.9604,19243.279859,1924.3279859,0.00857,-0.02,5023412960.67,10,668745.492063492,0.017326871213801,12.8596296296296,9.86496914537625,7.56285161449419,0.00857,-0.02,22.3373754122848,10,13.4131603316661,0.0171784727160378,"MSM",1,0,0
"1652247",9,0.104116666666667,0.0576,12557.339919,570.788178136364,0.13156,-0.69,2464504269.6,22,1037138.272,0.036290864352692,12.2780787037037,9.43814025923255,6.34876860485176,0.13156,-0.31,21.6252565165489,22,13.8519767809904,0.0356478615295859,"RH",2,1,1
"1735232",9,0.0417277777777778,0.042025,6309.736412,225.347729,0.05857,0.01,43874066799.36,28,9750956.8,0.026534709846614,12.7047222222222,8.75000765427245,5.42207244069711,0.05857,0.01,24.504589248976,28,16.0928760740466,0.0261887706865849,"DAL",3,2,1
"1735233",9,0.131955555555556,0.140625,8904.758422,2226.1896055,0.035,0.07,2858600154.9,4,3038.61111111111,0.01933729052339,14.0901388888889,9.09445336020497,7.70849580305845,0.035,0.07,21.7735978856267,4,9.28714543357954,0.0191527009666636,"WDFC",3,2,1
"549606",3,0.0196166666666667,0.0196,4894.410265,113.823494534884,0.04569,0.01,1208086520956.15,43,308181.104,0.044532629519321,4.09830324074074,8.49605336452706,5.18136494140678,0.04569,0.01,26.8640512231621,43,12.6384461339915,0.0435695408940132,"AVGO",1,0,0
"598104",4,0.08714375,0.030625,18668.050719,848.547759954545,0.02318,0.04,26142738842.2199,22,5778513.76190476,0.013523200810515,4.09830324074074,9.83462238998333,6.74470416078477,0.02318,0.04,23.9868373155613,22,15.5696572460201,0.0134325784195035,"GIS",1,0,0
"598105",5,0.478135,0.570025,21779.189819,1037.10427709524,0.0738,-0.1,13050520317.06,21,370734.94488189,0.016406959024621,4.09830324074074,9.98875611173823,6.94515151830943,0.0738,-0.1,23.2920938409594,21,12.8232453493204,0.0162738191785491,"FDS",1,0,0
"598106",5,0.07705,0.087025,13560.2346,423.75733125,0.1266,0.209999999999999,53274023984.58,32,2080769.66929134,0.024145780277217,4.15981481481481,9.51497060454748,6.05151802055612,0.1266,0.209999999999999,24.6987146944363,32,14.5482488971365,0.023858880036557,"FDX",1,0,0
"598107",9,0.0233861111111111,0.021025,52930.977068,1202.97675154545,0.0332,0.179999999999999,184230374126.62,44,277096.571428571,0.03802786903364,9.53769675925926,10.8767629166578,7.09338531633471,0.0332,0.179999999999999,25.9394528447122,44,12.5321249665708,0.0373226331632749,"MU",1,0,0
"598110",9,0.070775,0.1225,20486.20731,819.4482924,0.03997,0.039999999999999,148194591021.24,25,4004248.06299213,0.018883112109669,13.6603819444444,9.92755593667792,6.70985088892214,0.03997,0.039999999999999,25.7217920513099,25,15.2028666210272,0.0187070392309146,"ACN",1,0,0
"598111",9,0.0389972222222222,0.0121,33787.74734,3071.61339454545,0.0787,0.39,24176787599.36,11,1450235.51181102,0.026222064993,11.1491782407407,10.4278831071064,8.03028374703922,0.0787,0.39,23.9086588196827,11,14.1872372126893,0.0258841609443461,"JBL",1,0,0
"599650",9,0.00503166666666667,0.00403225,80885.573542,40442.786771,0.0055,0.5,1549901114.2,2,2435.14285714286,0.015529145963387,19.2780792824074,11.1080839101247,8.64901914451803,0.006301,0.5,21.1614569685521,3,9.28714543357954,0.0154098027228266,"CASH",1,0,0
"599651",9,0.0768666666666667,0.0529,25781.736934,8593.91231133333,0.01247,0.109999999999999,1362442475.39999,3,8700.62698412698,0.029545913041619,8.81748842592593,10.1574604358697,8.64901914451803,0.01247,0.109999999999999,21.0325448637205,3,9.28714543357954,0.0291178439090659,"MLKN",1,0,0
"599652",9,0.0363,0.013225,22038.842926,3673.14048766667,0.01106,0.199999999999999,1802976217.46,6,10201.808,0.024355943723419,14.4732060185185,10.0006071364719,8.2090745033855,0.01106,0.199999999999999,21.3127045905426,6,9.28714543357954,0.0240640675103844,"PRGS",1,0,0
"599915",3,0.13555,0.156025,7901.772928,987.721616,0.04225,0.138,7507996835.04,8,1298205.95833333,0.066685926028605,4.09830324074074,8.97496898041208,6.89641281171659,0.04225,0.138,22.7392345341256,8,14.0764946075528,0.0521584717253257,"BLSH",1,0,0
"613036",5,0.216345,0.216225,45005.464553,11251.36613825,0.05888,0.209999999999999,13760953542.9099,4,1709211.304,0.03018462904012,4.09830324074074,10.7145614151682,8.64901914451803,0.05888,0.209999999999999,23.3451009652272,4,14.3515431814155,0.0297380376731769,"JEF",1,0,0
"613037",6,0.0405208333333333,0.027225,159213.625713,4303.07096521622,0.0393,0.219999999999999,102454136469.53,37,16626532.384,0.029497947634059,4.34842592592593,11.1080839101247,8.36731658990649,0.0393,0.219999999999999,25.3526810863119,37,16.4433774877375,0.0290712539276821,"NKE",1,0,0
"613046",9,0.0401972222222222,0.02325625,74422.781346,2566.30280503448,0.04931,0.129999999999999,491088935750.3,29,15755469,0.01256737547461,19.2780792824074,11.1080839101247,7.85061113458222,0.04931,0.129999999999999,26.8640512231621,29,16.4433774877375,0.0124890614632519,"XOM",1,0,0
"613049",9,0.00806666666666666,0.0144,50505.336193,3607.52401378571,0.01223,0.04,9590957304.24,14,711352.834645669,0.019841490431724,15.2115856481481,10.8298540765612,8.19105410727353,0.01223,0.04,22.9840865440339,14,13.4749252427243,0.0196472136825842,"LEVI",1,0,0
"613050",9,0.00884941666666667,0.00722499999999999,36990.499959,1608.28260691304,0.0236,0.03,192507815776.379,23,109277.519685039,0.014633138072585,13.0000694444444,10.5184434343964,7.38354377290737,0.0236,0.03,25.9834025912858,23,11.6016551286389,0.0145271068358772,"PEP",1,0,0
"613051",9,0.0199300277777778,0.018225,32169.421752,1286.77687008,0.08306,0.189999999999999,36977281551.84,25,9951725.44094488,0.033050948250555,13.3498842592593,10.3788027302497,7.16067265414142,0.08306,0.189999999999999,24.3335695488956,25,16.1132566057361,0.032516509589772,"DAL",1,0,0
"613052",9,0.0116027777777778,0.011025,30839.269081,1101.40246717857,0.11294,0.35,838375118991.15,28,8432952.15079365,0.010978233866749,18.4709953703704,10.3365765527041,7.00524713826358,0.11294,0.35,26.8640512231621,28,15.9476575830799,0.0116712063567068,"JPM",1,0,0
"613055",9,0.00725416666666666,0.00912025000000001,22929.613627,881.908216423077,0.02987,0.129999999999999,248514082864.52,26,15992297.1349206,0.015014569392148,19.2780792824074,10.0402281363748,6.78322125004056,0.02987,0.129999999999999,26.2387653523643,26,16.4433774877375,0.0149029664716658,"WFC",1,0,0
"613056",9,0.0102194444444444,0.00902499999999999,23143.120101,826.540003607143,0.62295,1.78,238174900763.76,28,2047145.00793651,0.014155758709418,18.4503009259259,10.0494960359356,6.71845744881041,0.334929,0.62,26.1962711178865,28,14.5319571898655,0.014056501567153,"GS",1,0,0
"613057",9,0.682016666666667,0.632025,66332.438147,2763.85158945833,0.07141,0.34,168068949000,24,13837525.056,0.014913024039734,18.277337962963,11.1024493951428,7.92474223781728,0.07141,0.34,25.8476401428685,24,16.4428947389964,0.014802918220854,"C",1,0,0
"613066",9,0.0419416666666667,0.099225,14654.896339,431.026362911765,0.08345,0.12,13729705408.66,34,12272,0.013646250915222,18.1569444444444,9.59259801394949,6.06848661164086,0.08345,0.12,23.3428276004626,34,9.41515700659751,0.013553979326323,"DPZ",1,0,0
"613067",9,0.00668894444444444,0.00688899999999999,67936.535453,2717.46141812,0.05132,0.049999999999999,459751890664.8,25,8350207.13492064,0.010790681338373,18.4453472222222,11.1080839101247,7.9078213441439,0.05132,0.049999999999999,26.8539528127982,25,15.9377970228542,0.0116712063567068,"JNJ",1,0,0
"614609",9,0.0327888888888889,0.024025,27625.835218,2511.43956527273,0.0181,0.059999999999999,118596468749.84,11,72098.1889763779,0.022765671175736,19.2780792824074,10.2265428698442,7.82900949845524,0.0181,0.059999999999999,25.4989925486135,11,11.1857980746158,0.0225104002968656,"IBKR",1,0,0
"614613",9,0.0109361111111111,0.0169,44878.391794,1726.09199207692,0.0268,0.13,358115555450.94,26,37895811.3492064,0.012593328969915,18.8420833333333,10.7117339882777,7.45419434370947,0.0268,0.13,26.6041215518539,26,16.4433774877375,0.0125146925109505,"BAC",1,0,0
"614614",9,0.0119555555555556,0.018225,21395.696932,822.911420461538,0.0949,0.739999999999999,246811830000,26,5494826.33333333,0.013138334805624,18.8413425925926,9.97099184012495,6.71406302469111,0.0949,0.62,26.2318920613783,26,15.5193177228209,0.013052775474854,"MS",1,0,0
"614615",9,0.575938888888889,0.680625,726860.842831,13215.6516878364,0.0879,0,1488071269890.81,55,504441.929133858,0.034515852144042,19.2780792824074,11.1080839101247,8.64901914451803,0.0879,0,26.8640512231621,46,13.1312099887571,0.0339335415699065,"TSLA",1,0,0
"614616",9,0.0115944444444444,0.0144,25032.048584,1192.00231352381,0.02459,0.1,171229636569,21,2284451.73228346,0.012536464618405,19.2780792824074,10.1279521742125,7.08422836134483,0.02459,0.1,25.8662713964723,21,14.6416370491535,0.0124585337879837,"SCHW",1,0,0
"614619",4,0.025775,0.0225,12102.393893,448.236810851852,0.03075,0.109999999999999,39757744798.2794,27,22640532.6031746,0.031626245573149,4.09830324074074,9.4012411792805,6.10755016708436,0.03075,0.109999999999999,24.4060704967609,27,16.4433774877375,0.0311364363194398,"CCL",1,0,0
"614632",5,0.08696,0.0441,6483.689158,540.307429833333,0.08916,0.209999999999999,7695043945.59999,12,2028109.352,0.026168848192407,4.09830324074074,8.77719916314222,6.2939873796155,0.08916,0.209999999999999,22.7638423151501,12,14.522615056414,0.0258323025968324,"LW",1,0,0
"614635",5,0.023055,0.013225,10879.427314,989.038846727273,0.10821,0.74,1917828919.62,11,305954.32,0.032105989133617,4.09830324074074,9.29472079482251,6.89774418147726,0.10821,0.62,21.3744596121509,11,12.6311943572017,0.0316013644346687,"UNFI",1,0,0
"614636",9,0.137469444444444,0.4225,28275.424567,1087.5163295,0.16127,0.189999999999999,24890759526.6,26,2340289.08730159,0.017959712630249,10.132974537037,10.2497836822793,6.99257088239947,0.16127,0.189999999999999,23.9377624681918,26,14.6657854485827,0.0178003423258175,"STZ",1,0,0
"614637",9,0.0421638888888889,0.0256,10219.254055,638.7033784375,0.01728,0.03,18489377292.16,16,2405332.528,0.014976067104505,10.8987384259259,9.23212672205929,6.46100459772634,0.01728,0.03,23.6404622036907,16,14.6931991329877,0.0148650330083725,"MKC",1,0,0
"614638",9,0.0629777777777778,0.0576,17925.594766,1493.79956383333,0.03053,0.07,14960086501.44,12,3763786.56349206,0.018127831265115,19.2780792824074,9.79404063032483,7.30974740582197,0.03053,0.07,23.4286515916578,12,15.1409363390649,0.0179654812322973,"OMC",1,0,0
"614639",9,0.100091666666667,0.1369,12035.198598,547.054481727273,0.0248,0.02,22086920385.5,22,4755391.65873016,0.016366029428646,18.8429398148148,9.39567393794614,6.30637470121661,0.0248,0.02,23.8182514325048,22,15.3747898286238,0.0162335494620455,"CFG",1,0,0
"614644",9,0.700383333333333,0.5329,26893.832044,896.461068133333,0.00783,0,228452996396.86,30,6284783.33333333,0.013457171366473,18.841875,10.1996894298096,6.79956974129716,0.00783,0,26.1545963210739,30,15.6536420849123,0.013367427868495,"ABT",1,0,0
"614647",9,0.126377777777778,0.16,21007.333399,1000.34920947619,0.01768,-0.01,61107134440,21,13726996.9765625,0.01231750811423,19.2780792824074,9.95267446651375,6.90910357909308,0.01768,-0.01,24.8358944629194,21,16.4348751068281,0.0122422648540488,"KMI",1,0,0
"619465",9,0.0209388888888889,0.0169,4428.5395,260.502323529412,0.0389,0.149999999999999,75962240077.32,17,3746296.80314961,0.010949322673781,13.3582523148148,8.39605090729737,5.56644316885522,0.0389,0.149999999999999,25.0535022126784,17,15.1362786577984,0.0116712063567068,"BK",1,0,0
"619538",9,0.104047222222222,0.1024,9712.263924,404.6776635,0.01149,0.029999999999999,19732638960,24,21636612.8267717,0.015944432885183,13.3805671296296,9.18124764527656,6.00555891200459,0.01149,0.029999999999999,23.7055399017113,24,16.4433774877375,0.0158186556184832,"KEY",1,0,0
"619541",9,0.0339472222222222,0.024025,14913.069103,877.239359,0.08415,0.199999999999999,32937641655.49,17,1910539.44094488,0.015050137742823,13.9790162037037,9.61006028152468,6.77791917493248,0.08415,0.199999999999999,24.2178819639747,17,14.4628967133733,0.014938008064728,"STT",1,0,0
"619549",9,0.0453555555555556,0.0256,8195.451807,341.477158625,0.02036,0.099999999999999,72285000091.85,24,9663411.23622047,0.01384154900299,13.6197337962963,9.01145663314447,5.83620496533241,0.02036,0.099999999999999,25.0038824769775,24,16.0838573773796,0.0137466296479475,"USB",1,0,0
"619556",9,0.854965027777778,0.93026025,48009.316079,2667.18422661111,0.41258,-0.209999999999999,175629036000,18,587606.288,0.013596130441029,10.9131018518519,10.7791711851109,7.88915345510558,0.334929,-0.209999999999999,25.8916398575533,18,13.2838141262002,0.0135045323784255,"BLK",1,0,0
"619557",9,0.056775,0.0841,3651.367172,165.971235090909,0.02147,0.08,55340195413.86,22,7751791.66929134,0.014455141366471,14.0764930555556,8.23764894232911,5.18136494140678,0.02147,0.08,24.7367653424493,22,15.8634346867476,0.0143516618260428,"TFC",1,0,0
"619560",9,0.0784416666666667,0.0484,11085.787306,461.907804416667,0.03044,0.1,27772430935.67,24,1037275.14285714,0.023374504317079,14.9645486111111,9.31350934549886,6.13752790772804,0.03044,0.1,24.0473096726287,24,13.8521087418853,0.0231055043533749,"EFX",1,0,0
"619852",9,0.0369280833333333,0.042436,7434.126077,2478.04202566667,0.02207,0.07,473533560,3,808.150793650794,0.021898675618642,11.687037037037,8.9139708159798,7.81562748456058,0.02207,0.07,20.1007726202039,3,9.28714543357954,0.0216623436362062,"UNTY",1,0,0
"619853",5,0.02607,0.01,6272.205259,784.025657375,0.03619,0.06,1535352640.2,8,14518.5873015873,0.028558154356399,4.55986111111111,8.74404270858804,6.66571640180242,0.03619,0.06,21.1520259246303,8,9.58325386521916,0.0281579713965855,"PENG",1,0,0
"619857",6,0.799175,0.8649,7149.079433,649.916312090909,0.03919,-0.019999999999999,3214304349.08,11,261171.515873016,0.01956346856386,5.10487268518519,8.87487874513683,6.4783810810892,0.03919,-0.019999999999999,21.8908767945762,11,12.4729364483099,0.0193745636938117,"AZZ",1,0,0
"619980",6,0.0166625,0.00562499999999999,22033.366218,11016.683109,0.025,0.14,142611336.48,2,651.582677165354,0.032405907472403,6.03335648148148,10.0003586143483,8.64901914451803,0.025,0.14,20.1007726202039,3,9.28714543357954,0.0318919109230555,"RELL",1,0,0
"619983",6,0.033875,0.01,4974.09297,1243.5232425,0.07409,0.13,164281230.48,4,4900.65873015873,0.029594179081754,5.06550925925926,8.51219933685527,7.12650779780842,0.07409,0.13,20.1007726202039,4,9.28714543357954,0.0291647237112984,"RGP",1,0,0
"619984",7,0.0250785714285714,0.00722499999999999,9270.325321,927.0325321,0.07487,0.09,8191999278.75,10,663178.669291339,0.082511658087482,7.14204861111111,9.134681617165,6.83306678831399,0.07487,0.09,22.8264238172003,10,13.4048012268619,0.0521584717253257,"APLD",1,0,0
"620021",7,0.315639285714286,0.25,63372.762324,12674.5524648,0.04317,0.069999999999999,476926841.49,5,11294.2440944882,0.05551365796907,7.28216435185185,11.0568052112984,8.64901914451803,0.04317,0.069999999999999,20.1007726202039,5,9.33213703951305,0.0521584717253257,"HELE",1,0,0
"620023",7,0.119221428571429,0.0676,18819.863416,3763.9726832,0.04648,0,1473284684.28,5,143227.078740157,0.042919192073226,7.91063657407407,9.84272128966407,8.23349588474951,0.04648,0,21.1107602241033,5,11.8721935948751,0.042023696577321,"NEOG",1,0,0
"620032",7,0.657589285714286,0.6241,4947.955613,274.886422944444,0.12385,-0.18,834954114.959999,18,12826.6456692913,0.038936007872174,7.90700231481481,8.50693184602906,5.61998926995238,0.12385,-0.18,20.5428873291615,18,9.45935793876734,0.0381971201069382,"NRIX",1,0,0
"620038",7,0.0286321428571429,0.0225,12833.139842,2566.6279684,0.01744,0.03,513333234.539999,5,6424.66929133858,0.047304885378398,6.03310185185185,9.45986407446428,7.85073778219649,0.01744,0.03,20.1007726202039,5,9.28714543357954,0.046220088522451,"BYRN",1,0,0
"620048",9,0.575211111111111,0.6724,15797.541849,789.87709245,0.00669,-0.01,52557075307.38,20,102130.095238095,0.013170755639182,10.0708796296296,9.66767292671828,6.67314257320403,0.00669,-0.01,24.6851655647378,20,11.5340125144752,0.0130847753644204,"FAST",1,0,0
"620052",9,0.645327777777778,0.6084,30151.521357,10050.507119,0.06683,-0.04,4108078577.61,3,88920.5238095238,0.018143898839658,17.1226041666667,10.3140238257566,8.64901914451803,0.06683,-0.04,22.1362212567777,3,11.3955095047905,0.0179812625981198,"SFBS",1,0,0
"620069",9,0.617302777777778,0.6561,39335.776905,6555.9628175,0.02209,-0.04,6237753533.48,6,285946.976377953,0.019070933632429,13.6157060185185,10.5799151593798,8.64901914451803,0.02209,-0.04,22.5538859438481,6,12.5635651724796,0.0188913628408451,"GBCI",1,0,0
"627451",9,0.0287555555555556,0.013225,22848.665874,737.053737870968,0.09067,0.139999999999999,227775687580.98,31,2659413.32283465,0.015393111050164,9.20722222222222,10.0366917736334,6.60401663749287,0.09067,0.139999999999999,26.1516271552268,31,14.7936164771294,0.0152758390391291,"AXP",1,0,0
"627454",9,0.0173166666666667,0.030625,9549.515576,367.289060615385,0.46269,1.71,105757814271.6,26,1749844.45669291,0.011370696679176,13.344224537037,9.16435041903324,5.90886812063516,0.334929,0.62,25.3844175459641,26,14.3750380315389,0.0116712063567068,"CB",1,0,0
"627582",9,0.0131416666666667,0.021025,53051.390997,2040.43811526923,0.00911,0.039999999999999,294428880000,26,15613803.3015873,0.009027083607946,12.9352662037037,10.879035213658,7.62140979693707,0.00911,0.039999999999999,26.4083033168159,26,16.4433774877375,0.0116712063567068,"KO",1,0,0
"627585",9,0.0508111111111111,0.0784,8739.858917,582.657261133333,0.05918,0.28,13228133100.68,15,13372.8888888889,0.018983936038471,13.3129398148148,9.07576373807728,6.36931392892479,0.05918,0.28,23.3056116940565,15,9.50105949458546,0.0188059896791059,"EWBC",1,0,0
"627587",9,0.0175277777777778,0.021025,25906.465997,835.692451516129,0.16276,0.489999999999999,54460442869.14,31,8947211.52380952,0.018547473018594,12.9222569444444,10.1622864685804,6.72945656152801,0.16276,0.489999999999999,24.7207404561667,31,16.0068525918868,0.0183775663187466,"GM",1,0,0
"627639",9,0.162716666666667,0.1764,17587.869097,676.456503730769,0.02679,0.089999999999999,18743024604.7,26,14216608.8492063,0.023880016568774,12.9046180555556,9.77502154328272,6.51834534955748,0.02679,0.089999999999999,23.6540874990632,26,16.4433774877375,0.0235993484326641,"HAL",1,0,0
"627649",9,0.0736305555555555,0.119025,10232.42431,465.110195909091,0.11217,0.62,114576618689.4,22,1549440.75396825,0.016119324457365,12.8949421296296,9.23341453509567,6.14442207807849,0.11217,0.62,25.4645095950131,22,14.2534052652925,0.0159907875921792,"LMT",1,0,0
"627652",9,0.521402777777778,0.378225,16978.539558,1212.75282557143,0.0685,-0.18,5709396000,14,83898.5826771654,0.025199435905152,13.3863078703704,9.73976434277211,7.10147234757105,0.0685,-0.18,22.4653790756848,14,11.3373759183925,0.0248871652785523,"MAT",1,0,0
"627653",9,0.00930602777777777,0.00739599999999999,13369.512604,703.658558105263,0.02251,0.05,50584485409.47,19,57825.6428571429,0.011736513382385,12.8822453703704,9.5008070092264,6.55771337074969,0.02251,0.05,24.6469107537636,19,10.9652048975416,0.0116712063567068,"NDAQ",1,0,0
"627654",9,0.632491666666667,0.81,64178.354417,1258.39910621569,0.02052,-6.363,524817919599.04,51,452463.960629921,0.016106947613155,13.3899652777778,11.0694368556697,7.13838998636381,0.02052,-0.31,26.8640512231621,46,13.0224656040519,0.015978607015262,"NFLX",1,0,0
"627657",9,0.0666083333333333,0.1444,13934.227456,580.592810666667,0.08408,1.18,84847079831.5,24,868871.992063492,0.018745612938853,12.8775694444444,9.54217526242367,6.36577056484075,0.08408,0.62,25.1641164123774,24,13.6749522394388,0.0185720792459729,"NOC",1,0,0
"627658",9,0.0457861111111111,0.112225,7412.956971,370.64784855,0.04728,0.14,246042320666.94,20,5797728.94444444,0.015135704755145,12.8765046296296,8.91111957994417,5.91794676224025,0.04728,0.14,26.2287693933139,20,15.5729770100151,0.015022302822953,"PM",1,0,0
"627659",9,0.237677777777778,0.1681,37860.21061,2366.263163125,0.05869,-0.069999999999999,24257405342.65,16,2071849.84126984,0.022878084387684,12.8691203703704,10.5416824002162,7.7694897833614,0.05869,-0.069999999999999,23.9119877826671,16,14.5439528919661,0.0226203052710386,"PHM",1,0,0
"627660",9,0.0142371388888889,0.01243225,16135.064381,806.75321905,0.03033,0.1,21081540022.62,20,1016083.33333333,0.01449753329519,12.8707175925926,9.68881206952445,6.69425658990249,0.03033,0.1,23.7716636140526,20,13.8314669089252,0.014393448831974,"DGX",1,0,0
"627663",9,0.707922222222222,0.7396,44279.380126,1135.36872117949,0.03186,-0.01,160444652871.6,39,91660.1428571429,0.02252110445383,13.2508333333333,10.6982969713837,7.03559312511996,0.03186,-0.01,25.8012148781233,39,11.4258538264246,0.0222712487744623,"TXN",1,0,0
"627671",9,0.0303472222222222,0.04,11960.056033,442.965038259259,0.18057,0.399999999999999,84643664000,27,728916.173228347,0.013466294835562,13.9122453703704,9.38941132068024,6.09574581667253,0.18057,0.399999999999999,25.1617160933444,27,13.4993153875652,0.0133764301512562,"MCO",1,0,0
"627672",9,0.209161111111111,0.1764,65435.826552,4089.7391595,0.17201,0.189999999999999,45016534177.02,16,470938.421875,0.013291124773824,19.2780792824074,11.088840476091,8.31648095630244,0.17201,0.189999999999999,24.5302956853883,16,13.0624847487502,0.0132035726987764,"AMP",1,0,0
"627673",9,0.602597222222222,0.616225,16216.870468,600.624832148148,0.01964,0,185544900000,27,33323472.0944882,0.012632959759929,13.908599537037,9.6938690285445,6.39963404862577,0.01964,0,25.9465627382224,27,16.4433774877375,0.0125538296584778,"T",1,0,0
"627694",9,0.0621027777777778,0.0289,36878.932262,1940.99643484211,0.03177,0.03,96502874670.14,19,26115.2362204724,0.011653828863835,14.0935185185185,10.5154228409552,7.57147181303193,0.03177,0.03,25.2928386341755,19,10.1703124773136,0.0116712063567068,"CME",1,0,0
"627695",9,0.476538888888889,0.6561,8054.373985,805.4373985,0.07581,0.09,6736493764.62,10,10743.46875,0.022593888814789,14.4266550925926,8.99409472345942,6.69262627334985,0.07581,0.09,22.6308054135485,10,9.28714543357954,0.022342427521114,"CHDN",1,0,0
"627698",9,0.017875,0.00360000000000001,27247.416592,2724.7416592,0.23447,0.549999999999999,13549277587.5,10,516042.897637795,0.01990254545564,19.2780792824074,10.2127506916875,7.91049583857998,0.23447,0.549999999999999,23.3295990682752,10,13.1539471137867,0.0197070790606513,"EVR",1,0,0
"627735",9,0.0391611111111111,0.011025,18743.410468,780.975436166667,0.04067,0.06,60674875732.64,24,1846792.39370079,0.013724693006637,14.1193402777778,9.83865087858209,6.66182332850038,0.04067,0.06,24.8287955404752,24,14.4289613924485,0.0136313623939745,"HLT",1,0,0
"627736",9,0.035825,0.075625,14891.286792,676.876672363636,0.06822,0.209999999999999,265137641181.9,22,4631169.21259843,0.016733045583641,14.2117361111111,9.60859869293234,6.51896537222606,0.06822,0.209999999999999,26.3035149287772,22,15.3483201398292,0.0165945905578706,"IBM",1,0,0
"627739",9,0.116886111111111,0.099225,12291.461271,534.411359608696,0.0734,0.11,8152068213.25,23,1530811.25,0.029380284261639,14.8520023148148,9.41674144866083,6.28303534791141,0.0734,0.11,22.8215375005023,23,14.2413090348534,0.0289569554026646,"AAL",1,0,0
"627748",9,0.233722222222222,0.255025,4652.433418,290.777088625,0.64611,0.64,2330665330.56,16,226691.4453125,0.021089834923081,15.2380324074074,8.44536059558315,5.67599011561398,0.334929,0.62,21.5694196133591,16,12.3313495113373,0.0208705225039306,"SAM",1,0,0
"627749",9,0.506708333333333,0.714025,32741.897001,1364.245708375,0.01104,0.04,165410371933.47,24,19276985.9606299,0.011859836945455,19.2780792824074,10.3964413320747,7.21908969755543,0.01104,0.04,25.8316953257529,24,16.4433774877375,0.0117900602310783,"VZ",1,0,0
"627752",9,0.0688277777777778,0.112225,10123.948917,506.19744585,0.04573,0.12,81086191326.72,20,3184014.03174603,0.016406788614983,12.806412037037,9.22275784672745,6.22890036732564,0.04573,0.12,25.1187785163292,20,14.973653546961,0.0162736515196692,"MMM",1,0,0
"627753",9,0.156275,0.2809,3108.927988,163.627788842105,0.08725,0.17,34137337826.38,19,5362186.1023622,0.02237982476559,14.183125,8.23764894232911,5.18136494140678,0.08725,0.17,24.2536575731346,19,15.4948824913062,0.022133071235936,"LVS",1,0,0
"637819",7,0.0520642857142857,0.030625,6183.432195,386.4645121875,0.06695,0.049999999999999,24305364263.88,16,21187.71875,0.016765137355661,6.16898148148148,8.72979047705539,5.95962426314795,0.06695,0.049999999999999,23.9139629145309,16,9.96122418459237,0.0166261536763351,"NTRS",1,0,0
"637843",7,0.256217857142857,0.354025,4925.434388,164.181146266667,0.01622,0.02,85792585175.88,30,64810.6171875,0.012225937228591,6.14613425925926,8.50237075749664,5.18136494140678,0.01622,0.02,25.1751984198444,30,11.0792401438569,0.0121518040779048,"ORLY",1,0,0
"637846",9,0.0844694444444445,0.0784,11065.558473,737.7038982,0.00839,0.05,35873344084.55,15,849051.346456693,0.015557082190545,12.7273611111111,9.31168308965253,6.6048971616292,0.00839,0.05,24.3032603520389,15,13.6518761199967,0.0154373113797931,"OTIS",1,0,0
"637847",7,0.165521428571429,0.3844,4328.296563,288.5531042,0.17077,0.279999999999999,32835075000,15,1100583.9375,0.01389170131256,6.1068287037037,8.37316035121705,5.66833871438795,0.17077,0.279999999999999,24.2147631407347,15,13.9113523577973,0.013796096025808,"RJF",1,0,0
"637848",7,0.0684678571428571,0.0361,5879.68382,839.954831428571,0.03354,0.03,10097578142.7,7,16254.671875,0.013201661517902,6.32016203703704,8.67942833004919,6.73453795036007,0.03354,0.03,23.0355614441884,7,9.69619716531967,0.0131152790156354,"SEIC",1,0,0
"637859",7,0.0464357142857143,0.038025,4096.275739,1365.42524633333,0.0835,0.02,2686357474.3,3,1802.75,0.012816097901835,6.08708333333333,8.31807757794263,7.21995329939562,0.0835,0.02,21.7114520141667,3,9.28714543357954,0.0127346667342979,"WDFC",1,0,0
"637863",7,0.139875,0.342225,11231.707235,488.335097173913,0.06199,0.15,18213509748.12,23,10698229.7578125,0.022671116592158,6.06703703703704,9.32658509036237,6.1930475250787,0.06199,0.15,23.6254294495181,23,16.1855889360232,0.022417946123546,"LUV",1,0,0
"637864",8,0.130621875,0.1369,4326.071692,618.010241714286,0.02097,0.01,3646099567.57,7,197355.765625,0.012641353568746,6.97881944444444,8.37264630861085,6.42812181812815,0.02097,0.01,22.0169238215437,7,12.1927683628697,0.0125621187171616,"AB",1,0,0
"637865",8,0.3938,0.429025,32735.410703,1487.97321377273,0.02721,0.29,192971414779.38,22,3767437.484375,0.01950754122209,6.74715277777778,10.3962432145854,7.30584204311503,0.02721,0.29,25.9858079049305,22,15.14190588138,0.0193197079859765,"BX",1,0,0
"637868",8,0.23721875,0.3721,24962.998476,1920.230652,0.02379,0.34,47876761357.36,13,481119.015625,0.015841763873642,6.69590277777778,10.125190005006,7.5607212242751,0.02379,0.34,24.5918960745247,13,13.0838720306987,0.0157175928080436,"CBRE",1,0,0
"637869",8,0.089953125,0.1369,49939.083025,3567.07735892857,0.00811,0.02,1756501000,14,856347.5625,0.039505842836696,7.01201388888889,10.8185792263274,8.17978217477892,0.00811,0.02,21.286589598984,14,13.660432771423,0.0387454491146562,"COUR",1,0,0
"637870",8,0.22836875,0.308025,3608.299427,164.013610318182,0.06174,0.109999999999999,15459190776,22,12880742.9609375,0.030441794744445,6.71402777777778,8.23764894232911,5.18136494140678,0.06174,0.109999999999999,23.4614695356568,22,16.3712440379147,0.0299876372150364,"DOW",1,0,0
"637871",8,0.110146875,0.1681,19513.213928,750.508228,0.04459,0.1,49527317175.38,26,85155289.25,0.016359965465936,7.8871875,9.87889839840375,6.62208215790222,0.04459,0.1,24.62579021643,26,16.4433774877375,0.0162275831264693,"F",1,0,0
"637874",8,0.141603125,0.09,5149.514637,1716.504879,0.10656,0.73,4731757727.5,3,376706.671875,0.012499523956798,7.039375,8.54685191817972,7.44862786484938,0.10656,0.62,22.2775625829987,3,12.8392247594802,0.0124220498323212,"FCN",1,0,0
"637875",9,0.527155555555556,0.616225,39369.678507,2460.6049066875,0.34654,1.4,3187467463.74,16,1791138.92063492,0.025909029269867,18.6692592592593,10.5807766179015,7.80856881729781,0.334929,0.62,21.8824925399247,16,14.3983628022989,0.0255790773885867,"HOG",1,0,0
"637876",8,0.065571875,0.070225,11557.641372,825.545812285714,0.14182,0.05,10493600968.2,14,25502.8671875,0.019564114068569,6.69914351851852,9.35518860694567,6.71725534498775,0.14182,0.05,23.074031476731,14,10.1465853740599,0.0193751968123223,"HAS",1,0,0
"637877",8,0.04369375,0.034225,9806.787639,377.184139961538,0.01768,0.25,132742217448.64,26,44092.7421875,0.013026006937293,6.69490740740741,9.19093200612674,5.93538121975947,0.01768,0.25,25.6116748697276,26,10.6940731508559,0.0129418981228723,"HON",1,0,0
"637878",8,0.087515625,0.172225,19629.633897,456.503113883721,0.02,0.23,181679920000,43,1241140.234375,0.035896697599541,6.99634259259259,9.88484657900587,6.12578369099563,0.02,0.23,25.925512294409,43,14.031541864621,0.0352674261238896,"INTC",1,0,0
"637879",8,0.179390625,0.1024,7815.204372,459.717904235294,0.02925,0.09,36814999618.75,17,24153481.078125,0.01923897062756,6.725625,8.96395434128251,6.13278593429784,0.02925,0.09,24.3291711974113,17,16.4433774877375,0.0190562415917754,"PCG",1,0,0
"637880",8,0.117096875,0.081225,2942.226548,490.371091333333,0.01551,0.05,1373331405,6,2932.1171875,0.014906503595508,6.96412037037037,8.23764894232911,6.19719962916108,0.01551,0.05,21.0405053075125,6,9.28714543357954,0.014796493566704,"STBA",1,0,0
"637883",8,0.061678125,0.216225,17599.083556,1599.91668690909,0.0092,0.1,20148202882.5,11,15059.9609375,0.01267034725166,7.00261574074074,9.77565892851497,7.37833167348471,0.0092,0.1,23.726380934389,11,9.6198613065892,0.0125907500462595,"SSNC",1,0,0
"637884",8,0.053365625,0.0484,22591.915618,806.854129214286,0.12142,0.189999999999999,256227497884.08,28,70375.40625,0.017166582066744,6.6887037037037,10.0253916678889,6.69438150907239,0.12142,0.189999999999999,26.2693315504079,28,11.1616133474804,0.0170209011621651,"TMUS",1,0,0
"637885",8,0.139003125,0.1521,3591.96574,112.248929375,0.01049,0.01,29057250011.27,32,80036.140625,0.014715334246804,7.05675925925926,8.23764894232911,5.18136494140678,0.01049,0.01,24.0925338592022,32,11.2902460637342,0.014608114287663,"TSCO",1,0,0
"637886",8,0.11575625,0.060025,8786.672867,313.80974525,0.03706,0.1,134374667794.06,28,3900107.25,0.012525071735865,6.68194444444444,9.08110520784577,5.75196847302089,0.03706,0.1,25.623897763595,28,15.1765148671249,0.0124472819002405,"UNP",1,0,0
"642123",5,0.092175,0.0729,16195.371783,674.807157625,0.01865,0.09,355650846157.8,24,7779965.4921875,0.01002867745836,4.09830324074074,9.69254253212445,6.5159077655603,0.01865,0.09,26.5972153173099,24,15.8670625892285,0.0116712063567068,"PG",1,0,0
"642124",9,0.266063888888889,0.1936,12325.717658,474.066063769231,0.04726,-0.02,1482642990.4,26,1519518.90625,0.037330656095091,9.00042824074074,9.41952435293292,6.16345387598312,0.04726,-0.02,21.117092136394,26,14.2339049917797,0.0366507367595099,"TDOC",1,0,0
"642125",9,0.0623888888888889,0.060025,12129.688746,3032.4221865,0.05536,-2.315,5773176876.92,4,187043.8125,0.019226813861267,10.6202083333333,9.40349378070538,8.01744669566057,0.05536,-0.31,22.4764883512047,4,12.1391035061653,0.0190443142232754,"PIPR",1,0,0
"642128",9,0.0691722222222222,0.0361,15125.376087,540.192003107143,0.0474,0.07,86300019989.4,28,2097520.11904762,0.020135340760652,7.57353009259259,9.6241952597192,6.29377411996267,0.0474,0.07,25.1810956666626,28,14.5562667859487,0.0199353055142827,"RCL",1,0,0
"642129",9,0.0373138888888889,0.00639999999999999,8451.704302,402.462109619048,0.00593,0.02,3496068231.48,21,89858.0078740157,0.028851127204896,13.9605902777778,9.04224170489035,6.00008257901087,0.006301,0.02,21.974904811563,21,11.4059971417666,0.0284427692276276,"GTM",1,0,0
"642130",9,0.0777388888888889,0.0289,140820.696219,2040.87965534783,0.07799,0.81,3252849710000,69,518290.173228346,0.017815192080589,8.91512731481481,11.1080839101247,7.62162606229045,0.07799,0.62,26.8640512231621,46,13.1582924737961,0.01765836145203,"GOOGL",1,0,0
"642131",9,0.0337083333333333,0.0144,63823.611551,924.979877550725,0.1347,0.389999999999999,2450732020521.75,69,404578.1875,0.017939833188902,9.9202662037037,11.0638941559337,6.83085250390329,0.1347,0.389999999999999,26.8640512231621,46,12.9106027626992,0.0177808134238258,"AMZN",1,0,0
"642132",5,0.1145,0.0324,7345.268374,319.359494521739,0.08582,0.169999999999999,91365538302.08,23,1120713.9765625,0.010855899862994,4.09830324074074,8.90194775906377,5.76944378560975,0.08582,0.169999999999999,25.2381342016612,23,13.9294774115294,0.0116712063567068,"GD",1,0,0
"642133",4,0.12166875,0.245025,6826.753997,620.613999727273,0.05826,0.079999999999999,1724255834.7,11,295625.96875,0.017839063135424,4.09830324074074,8.82875105470641,6.43231932088359,0.05826,0.079999999999999,21.268061394176,11,12.5968536978256,0.0176818144080267,"IMAX",1,0,0
"642134",9,0.126683333333333,0.172225,12997.949186,928.424941857143,0.0094,0,14371790128,14,96826.1190476191,0.011152093930069,7.91579861111111,9.47262380133045,6.83456605280589,0.0094,0,23.3885331032522,14,11.4806823894791,0.0116712063567068,"ARCC",1,0,0
"642137",8,0.216965625,0.0784,36386.406622,5198.05808885714,0.11573,0.12,590006577.75,7,607730.527559055,0.058079941915804,6.91681712962963,10.5019780218397,8.55623275140403,0.11573,0.12,20.1956442435307,7,13.3174884969144,0.0521584717253257,"BBBY",1,0,0
"642138",9,0.307166666666667,0.3136,18429.708293,9214.8541465,0,0.009999999999999,4378338179.16,2,61383.0390625,0.017557432777191,16.6243634259259,9.82177348145009,8.64901914451803,0.006301,0.009999999999999,22.1999350781895,3,11.0249051302202,0.0174050817315228,"BGC",1,0,0
"642139",9,0.0694083333333333,0.00902499999999999,10947.369477,295.87485072973,0.11055,-91.63,165880369400.4,37,69336.5,0.016101008031744,7.90376157407407,9.30094581794697,5.69331067198366,0.11055,-0.31,25.8345326992355,37,11.1467411643635,0.0159727615687913,"BKNG",1,0,0
"643016",8,0.3217625,0.297025,21840.954153,1092.04770765,0.01517,0.22,32998126696.18,20,38226.5476190476,0.018510260320377,7.04668981481481,9.99158790172608,6.99672513557713,0.01517,0.22,24.2197166300192,20,10.5513116765567,0.0183410305862417,"CSGP",1,0,0
"643017",8,0.049465625,0.021025,34490.077012,1231.78846471429,0.06686,0.86,50078225260.88,28,42991.253968254,0.019301355389233,7.05990740740741,10.4484559322337,7.1170339269815,0.06686,0.62,24.6368521250288,28,10.6687752381753,0.0191174469168762,"EA",1,0,0
"643018",9,0.0917194444444444,0.060025,4075.731249,339.64427075,0.00865,0.11,1201875272.73,12,15504.359375,0.041431450360902,9.09766203703704,8.31305078183366,5.83083873849612,0.00865,0.11,20.9071489012277,12,9.64894100927304,0.0405961613683343,"IART",1,0,0
"643019",8,0.10455625,0.112225,4074.578142,291.041295857143,0.03464,0.169999999999999,10237136700,14,5331111.21428571,0.020827489413701,6.70587962962963,8.31276789094903,5.67689521643712,0.03464,0.169999999999999,23.0492877983164,14,15.489070444971,0.0206135625303834,"IVZ",1,0,0
"643022",8,0.053546875,0.027225,12029.149486,751.821842875,0.05433,0.019999999999999,1662157990.4,16,342815.595238095,0.03356680963481,7.03578703703704,9.39517123499293,6.623828603359,0.05433,0.019999999999999,21.2313825892709,16,12.7449508753802,0.0330157421091877,"JBLU",1,0,0
"643023",8,0.035703125,0.030625,7275.324406,330.696563909091,0.07181,0.04,23197670000,22,653131.714285714,0.013881939366242,6.72009259259259,8.8923811244055,5.80422058686737,0.07181,0.04,23.8673176795407,22,13.3895356254121,0.0137864677851383,"LH",1,0,0
"643033",8,0.040575,0.018225,11037.709062,551.8854531,0.05562,0.099999999999999,40747420604.31,20,162789.888888889,0.015676671289257,6.69928240740741,9.30916338020406,6.3151508428151,0.05562,0.099999999999999,24.4306583765761,20,12.0002217659285,0.0155550615881532,"MSCI",1,0,0
"643036",8,0.045053125,0.042025,32025.079283,744.769285651163,0.02,0.13,65280436760.81,43,253763.380952381,0.02104158181074,6.67351851851852,10.3743058274617,6.61441628380625,0.02,0.13,24.901958238156,43,12.4441614814362,0.0208232649063493,"PYPL",1,0,0
"643037",9,0.351080555555556,0.2401,7956.232878,1989.0582195,NA,-0.159999999999999,803308945.92,4,82388.8661417323,0.033277735967299,14.738912037037,8.98183659000971,7.59591917332074,NA,-0.159999999999999,20.5042499375441,4,11.3192177246176,0.0327360174728951,"SSTK",1,0,0
"643038",8,0.02687959375,0.01221025,72258.901883,2890.35607532,0.00803,0.03,34944565691.55,25,1171980.63492064,0.031181577957643,6.67935185185185,11.1080839101247,7.96948090126694,0.00803,0.03,24.2770288054552,25,13.9742065791334,0.0307053078184508,"SOFI",1,0,0
"643045",9,0.139247222222222,0.0289,24103.566097,618.040156333333,0.06137,0.01,97125367000,39,127401.6875,0.018646690312589,8.09993055555556,10.0901565661384,6.42817014349374,0.06137,0.01,25.2992684242629,39,11.7551081168742,0.0184749721486467,"SBUX",1,0,0
"643046",8,0.219153125,0.0841,41004.601021,2050.23005105,0.01242,0.029999999999999,37039902681.6,20,2948117.5,0.011197957288612,6.71506944444444,10.6214639466244,7.62619491709193,0.01242,0.029999999999999,24.3352616193343,20,14.8966777282271,0.0116712063567068,"SYY",1,0,0
"643047",9,0.0381444444444444,0.038025,32246.558102,597.15848337037,0.08035,2.42,200510631766.5,54,3541830.73015873,0.019217868585818,13.7306481481481,10.3811976015897,6.39385574119689,0.08035,0.62,26.024133108554,46,15.0801545891831,0.0190355376540351,"UBER",1,0,0
"643048",8,0.09975625,0.070225,14144.458263,456.272847193548,0.06411,0.429999999999999,73996191944.78,31,6933803.0952381,0.017371049055784,6.67076388888889,9.55714888073651,6.12528025254767,0.06411,0.429999999999999,25.0272794686208,31,15.7519191520501,0.0172218971885847,"UPS",1,0,0
"643051",8,0.180696875,0.1089,21086.957054,727.136450137931,0.26999,0.08,328366499750,29,16564372.1269841,0.032541707687999,6.67550925925926,9.9564574007865,6.59048846214174,0.26999,0.08,26.5173961988158,29,16.4433774877375,0.0320234398924054,"UNH",1,0,0
"643053",9,0.546852777777778,0.648025,11507.631941,1150.7631941,0.14567,-0.149999999999999,10937129730.64,10,236695.385826772,0.015870694795651,7.67913194444444,9.35085263635459,7.04904925944826,0.14567,-0.149999999999999,23.1154292348585,10,12.3745335263816,0.0157460721549979,"PAG",1,0,0
"643054",9,0.0293258888888889,0.001764,46480.381425,787.803075,0.04963,0.469999999999999,3950457371185.6,59,211188.614173228,0.011647014084109,7.98373842592593,10.7468071119318,6.6705167016074,0.04963,0.469999999999999,26.8640512231621,46,12.2605116542889,0.0116712063567068,"MSFT",1,0,0
"647504",9,0.0231622777777778,0.02873025,6233.179494,259.71581225,1.22953,3.66,51095970304.08,24,1441968.5703125,0.014988312815725,13.1489814814815,8.73780225266222,5.56343097214962,0.334929,0.62,24.6569714720266,24,14.1815204941859,0.0148770979601927,"ALL",1,0,0
"647505",7,0.162185714285714,0.1369,28547.065392,1097.96405353846,1.92037,-5.09,169501289364,26,7716959.1023622,0.016236457627794,5.70247685185185,10.2593444506866,7.00212324553244,0.334929,-0.31,25.8561263706052,26,15.8589310753295,0.0161060559635847,"BA",1,0,0
"647508",7,0.744367857142857,0.8281,19249.326449,802.055268708333,0.26922,-0.24,78793952900.8,24,625362.5546875,0.032697211422283,6.10787037037037,9.86528329796175,6.68842353935948,0.26922,-0.24,25.090102091028,24,13.3460884471039,0.0321740314129689,"CVNA",1,0,0
"647509",7,0.21705,0.172225,11657.563042,416.341537214286,0.1571,0.43,246658005663.72,28,2788414.8503937,0.014641409092976,5.97740740740741,9.3637962140596,6.03390492066043,0.1571,0.43,26.231268621686,28,14.8409841969828,0.0145352585375803,"CAT",1,0,0
"647510",7,0.562017857142857,0.585225,9571.44121,258.68760027027,0.01001,0,53234912280,37,16294468.6171875,0.020964322756087,6.10444444444444,9.16664354178127,5.55947937116866,0.01001,0,24.6979802639235,37,16.4433774877375,0.0207475951401483,"CMG",1,0,0
"647803",5,0.044945,0.018225,6935.72498,210.173484242424,0.0048,0.03,7975954892.4,33,167948.291338583,0.047406891242516,4.09830324074074,8.84458503721956,5.3526799958557,0.006301,0.03,22.7996972141737,33,12.031417375553,0.0463174822215146,"CFLT",1,0,0
"647808",6,0.0354708333333333,0.021025,7332.744896,252.853272275862,0.07283,0.24,104664708388.25,29,8022357.8503937,0.017178767280149,5.23986111111111,8.90024156427937,5.53675643189871,0.07283,0.24,25.3740278243451,29,15.8977430575943,0.0170328806556263,"CVS",1,0,0
"647811",7,0.0268607142857143,0.011025,17348.780978,525.72063569697,0.01966,0.03,44300520000,33,112856.015748031,0.020885844383941,5.49421296296296,9.76133516154893,6.26667030494527,0.01966,0.03,24.5142622520776,33,11.633876949104,0.0206707252762889,"EBAY",1,0,0
"647815",6,0.413745833333333,0.469225,10701.599469,324.290893,0.08125,0.109999999999999,7458225964.48,33,1886464,0.034660242647429,5.15618055555556,9.27824193197264,5.78471983739114,0.08125,0.109999999999999,22.7325834165117,33,14.4502152653387,0.0340731048521084,"ETSY",1,0,0
"647816",6,0.0334458333333333,0.0169,6587.383438,823.42292975,0.07467,0.01,48356816924.52,8,273548.669291339,0.016738372207106,5.41946759259259,8.79306329209321,6.71468366249413,0.07467,0.01,24.6018730401074,8,12.5192384905398,0.0165998295038606,"GRMN",1,0,0
"647818",6,0.0390958333333333,0.015625,4563.47383,217.308277619048,0.02116,0.03,30289746266.61,21,310139.393700787,0.015439668441612,5.15548611111111,8.42605852461155,5.3859081813851,0.02116,0.03,24.1340750851466,21,12.6447803568466,0.0153216895807653,"KHC",1,0,0
"647819",7,0.757489285714286,0.801025,39904.21982,562.031265070422,0.38338,0.53,1894025257489.68,71,133304.7734375,0.019101207401273,5.54680555555556,10.5942624168778,6.33333515958256,0.334929,0.53,26.8640512231621,46,11.800400816838,0.0189210696239344,"META",1,0,0
"647822",7,0.690214285714286,0.7396,7358.979187,350.427580333333,0.14116,-0.06,9001096940.4,21,4790296.2992126,0.021582838093041,5.51648148148148,8.90381238386566,5.86200365967742,0.14116,-0.06,22.9206122891223,21,15.3821030341025,0.0213532265475546,"MGM",1,0,0
"647823",6,0.4534875,0.4624,23241.004588,3320.14351257143,0.35196,-1.28,474969781.57,7,991.763779527559,0.040159441432169,7.54538194444444,10.0537164631841,8.10806443410504,0.334929,-0.31,20.1007726202039,7,9.28714543357954,0.0393740104720402,"OTLY",1,0,0
"647847",9,0.0979944444444444,0.075625,59438.663822,2286.10245469231,0.14092,-0.47,16830921399.25,26,220190.582677165,0.042436977079968,18.7846759259259,10.9927170236219,7.73504099174795,0.14092,-0.31,23.5464835910807,26,12.3022532767325,0.041561219223106,"PSKY",1,0,0
"647852",7,0.0513964285714286,0.065025,18649.109021,1434.54684776923,0.01479,0.04,110441058957.408,13,2239659.5,0.017205062212962,6.46743055555556,9.8336072706849,7.26930113418655,0.01479,0.04,25.4277478124938,13,14.6218348498445,0.0170587311686251,"BUD",1,0,0
"647853",8,0.022734375,0.00809999999999999,90394.750561,1883.22397002083,0.05876,0.09,3974838957000,48,439635.640625,0.015778234331396,6.40740740740741,11.1080839101247,7.54127132812416,0.05876,0.09,26.8640512231621,46,12.9937038479586,0.0156550520353372,"AAPL",1,0,0
"647860",9,0.0285888888888889,0.024025,12625.799229,631.28996145,0.0883,0.059999999999999,13717913422.34,20,1821639.39370079,0.01336009969078,10.4474305555556,9.44357675717764,6.44934808869309,0.0883,0.059999999999999,23.3419683647585,20,14.4152479683325,0.0132716405697055,"CLX",1,0,0
"647869",8,0.06696875,0.093025,33988.119127,999.650562558823,0.28305,0.32,94000529998.54,34,133882.84375,0.044360228567455,6.47185185185185,10.4337957267027,6.90840563001687,0.28305,0.32,25.2665662574829,34,11.8047278653254,0.0434044764661369,"COIN",1,0,0
"647871",7,0.0469714285714286,0.0324,14055.315693,468.5105231,0.1089,1.1,775309219115.7,30,4150335.3046875,0.026852711662545,6.03652777777778,9.55082708927607,6.15169071181567,0.1089,0.62,26.8640512231621,30,15.2386999261976,0.026498504558666,"LLY",1,0,0
"647888",7,0.0469785714285714,0.04,14093.487426,503.338836642857,0.0468,0.15,35589177302.4,28,3822611.1796875,0.026659984995962,6.00773148148148,9.55353903722538,6.22324833710868,0.0468,0.15,24.2953074202249,28,15.1564445635588,0.0263108001753793,"EL",1,0,0
"647937",7,0.0328142857142857,0.042025,7998.207119,399.91035595,0.03196,0.1,89671986062.95,20,2928019.6171875,0.00986101420629,6.00928240740741,8.98709770562524,5.99373785106838,0.03196,0.1,25.2194242502427,20,14.8898371954277,0.0116712063567068,"ICE",1,0,0
"647938",7,0.0149857142857143,0.0121,30096.744216,771.711390153846,0.04255,0.07,508202790258.64,39,2666105.0390625,0.012284531341544,5.99756944444444,10.3122055049386,6.64990561555025,0.04255,0.07,26.8640512231621,39,14.7961295535219,0.0122096888000428,"MA",1,0,0
"647962",7,0.053275,0.09,21466.192848,613.319795657143,0.08465,0.14,93875517439.92,35,1606167.921875,0.028206381800031,6.38793981481481,9.97428113467673,6.42051563238964,0.08465,0.14,25.2652354590253,35,14.289362349698,0.0278159073891465,"RBLX",1,0,0
"647966",8,0.049384375,0.0196,10731.74446,357.724815333333,0.04541,0.08,14628902846.71,30,48219.3359375,0.030722060183458,6.37831018518519,9.28105457738415,5.88255556344817,0.04541,0.08,23.4062650557767,30,10.7835361184778,0.0302595859396079,"ROKU",1,0,0
"647968",7,0.1309,0.126025,5129.147714,569.905301555556,0.12803,-0.69,3778438417.81,9,978173.2421875,0.024638443561235,6.01527777777778,8.54288973190232,6.34722334923916,0.12803,-0.31,22.0525766442401,9,13.7934430948939,0.0243398123746545,"HGV",1,0,0
"648017",7,0.0279714285714286,0.027225,10852.558411,401.946607814815,0.1165,0.32,149486304000,27,400435.0546875,0.012083693399941,5.97930555555556,9.29224826934758,5.99880406635766,0.1165,0.32,25.7304706135404,27,12.9003093690413,0.0120112684338196,"SPGI",1,0,0
"648033",7,0.121742857142857,0.25,12513.974061,521.415585875,0.02843,0.049999999999999,3892326306.04,24,351287.4609375,0.027598153354018,5.90195601851852,9.43468113123089,6.25846341265307,0.02843,0.049999999999999,22.082272837951,24,12.7693629909667,0.027224189204505,"SHAK",1,0,0
"648038",9,0.0269888888888889,0.027225,20359.38248,1454.24160571429,0.06607,0.29,5498226299.28,14,540546.2578125,0.019187740452563,12.8955671296296,9.92134625634262,7.28292721785779,0.06607,0.29,22.4276913861334,14,13.20033734575,0.019005977165069,"TFX",1,0,0
"648217",7,0.127935714285714,0.1156,8155.112423,509.6945264375,0.02919,0.04,23058017696.76,16,21293.4453125,0.017315019953108,5.90315972222222,9.00652291568468,6.23577161583133,0.02919,0.04,23.8612793852458,16,9.96620153423689,0.0171668232353655,"TW",1,0,0
"648218",6,0.0422541666666667,0.013225,4915.740972,614.4676215,0.11156,0.1,5179517744.08,8,322607.590551181,0.01545945388178,4.91702546296296,8.50040118593481,6.42238233904178,0.11156,0.1,22.3679777892853,8,12.6841950734296,0.0153411739952802,"VIRT",1,0,0
"648224",7,0.0664714285714286,0.013225,3958.15968,232.832922352941,0.01309,0.02,7555091862.67,17,32994.1171875,0.019385698457225,5.27596064814815,8.28378707971029,5.45460685329456,0.01309,0.02,22.7454875917858,17,10.4041148654857,0.0192001894524518,"WAY",1,0,0
"648227",9,0.595816666666667,0.354025,21922.878824,534.704361560976,0.20338,-0.109999999999999,74186892646.6,41,76506.75,0.017556196315057,13.2646180555556,9.99533167905714,6.28358244465137,0.20338,-0.109999999999999,25.0298533225478,41,11.2451473218729,0.0174038666031719,"ABNB",1,0,0
"648228",8,0.03261875,0.015625,35983.096196,1893.84716821053,0.06869,0.139999999999999,24348685517.52,19,13472.875,0.013191635509244,6.87979166666667,10.4908323474948,7.54689346424331,0.06869,0.139999999999999,23.9157437021645,19,9.50850790435126,0.0131053835933867,"CBOE",1,0,0
"648240",8,0.11476875,0.198025,19290.997294,688.964189071429,0.10014,0.15,312297199694.7,28,8797031.640625,0.011931699022733,6.87888888888889,9.86744564092346,6.53663969634798,0.10014,0.15,26.4672211344796,28,15.9899250226548,0.0118610775033922,"CVX",1,0,0
"648376",8,0.056634375,0.0169,11490.365127,547.160244142857,0.01387,0.02,61043298057.66,21,5237680.0859375,0.010791473135051,6.87891203703704,9.34935117379415,6.30656766052178,0.01387,0.02,24.8348492535518,21,15.4713894174955,0.0116712063567068,"CL",1,0,0
"648377",7,0.0522035714285714,0.0361,10531.584012,478.708364181818,0.11461,0.409999999999999,25579216535.81,22,69188.8984375,0.01720995840857,5.89952546296296,9.26222897027519,6.17317834463247,0.11461,0.409999999999999,23.96504600463,22,11.1446101546135,0.0170635445381278,"FOXA",1,0,0
"648379",8,0.03443125,0.0361,21766.75865,777.3842375,0.07842,0.29,40356913072.05,28,1265676.3359375,0.040821076283118,6.22028935185185,9.98818519302565,6.65722028079523,0.07842,0.29,24.4210285446715,28,14.0511179802739,0.0400098980909881,"RDDT",1,0,0
"648382",8,0.16626875,0.0289,49451.633401,3803.97180007692,12.40225,-1.25,81722613536.64,13,154225.1875,0.033097428988432,6.2140625,10.8087705894449,8.24406385898762,0.334929,-0.31,25.126596587988,13,11.9461755538375,0.0325615022325046,"MSTR",1,0,0
"652465",9,0.0563416666666667,0.018225,70254.722923,2341.82409743333,0.00871,0.039999999999999,477606010328.86,30,497355.385826772,0.031767449990127,7.14548611111111,11.1080839101247,7.75911235990344,0.00871,0.039999999999999,26.8640512231621,30,13.1170621222021,0.0312733025098348,"PLTR",1,0,0
"652509",9,0.409263888888889,0.403225,9523.625596,414.070678086956,0.02538,0.01,70671935833.29,23,7301282.23622047,0.014121496921799,7.13891203703704,9.16163589171578,6.0284488143731,0.02538,0.01,24.9813143838492,23,15.8035606764537,0.0140227174407205,"WMB",1,0,0
"652512",8,0.22505625,0.1156,16946.424977,1129.76166513333,0.0435,0.049999999999999,48608854652.94,15,395373.606299213,0.01951573185806,6.85842592592593,9.73787118250671,7.0306467245845,0.0435,0.049999999999999,24.6070715457624,15,12.8875889648419,0.0193277418677651,"ARES",1,0,0
"652566",9,0.339258333333333,0.164025,17805.769449,774.163889086956,0.00821,0,24562870000,23,940069.373015873,0.024524950634814,7.73273148148148,9.78733397010573,6.65307447678638,0.00821,0,23.9245017900757,23,13.7537100163545,0.0242290423629916,"GRAB",1,0,0
"652567",9,0.316125,0.198025,35218.618643,2347.90790953333,0.03546,-0.04,10348901446.44,15,5117684.58267717,0.065983287685906,7.14180555555556,10.4693585541381,7.76170577977518,0.03546,-0.04,23.0601462105839,15,15.4482128601839,0.0521584717253257,"HIMS",1,0,0
"652568",8,0.10049375,0.075625,16892.847501,2413.26392871429,0.18702,0.06,7050589132.3,7,455402.803149606,0.017395510317616,6.83863425925926,9.73470478143245,7.78914972820567,0.18702,0.06,22.6763770151445,7,13.0289397838057,0.0172459404988312,"HESM",1,0,0
"652577",9,0.0165305555555556,0.00422499999999999,15319.849586,806.307872947368,0.05488,0.09,8802679143.06,19,977437.79527559,0.029646212547505,8.74893518518519,9.63696989776218,6.69370509854885,0.05488,0.09,22.8983219601707,19,13.7926909553525,0.0292152602741723,"CRL",1,0,0
"652605",9,0.0122484722222222,0.014641,23683.956841,2368.3956841,0.02298,0.059999999999999,9263634453.54,10,1648548.43307087,0.017560086238565,8.73618055555556,10.072595393148,7.770390216003,0.02298,0.059999999999999,22.9493622981838,10,14.3154063277419,0.0174076894053787,"NYT",1,0,0
"652607",9,0.200383333333333,0.1024,4209.313235,841.862647,0.02494,-0.209999999999999,9731149106.52,5,590.125,0.019437934987634,9.18363425925926,8.34529232652152,6.73680401115616,0.02494,-0.209999999999999,22.9985978255052,5,9.28714543357954,0.0192514312857948,"UHAL.B",1,0,0
"652646",9,0.041475,0.075625,8350.887853,181.541040282609,0.06179,0.039999999999999,8366453688.1,46,403433.677165354,0.03653754312631,9.08238425925926,9.03024288247001,5.20697502600209,0.06179,0.039999999999999,22.8474959384865,46,12.9077698630421,0.0358858732954344,"LYFT",1,0,0
"652651",9,0.128713888888889,0.105625,2639.245405,263.9245405,0.02613,0.09,6664634437,10,37023.396039604,0.040721673848774,9.16993055555556,8.23764894232911,5.57944503260625,0.02613,0.09,22.6200809409108,10,10.5193323267708,0.0399143896663706,"CHYM",1,0,0
"652652",9,0.144141666666667,0.0841,8538.084354,1707.6168708,0.09708,-0.73,9705639184.78,5,443764.803149606,0.014765577797787,8.7580787037037,9.05240906253313,7.4434394747177,0.09708,-0.31,22.9959729127876,5,13.0030522318692,0.0146576279841901,"SUN",1,0,0
"652657",9,0.0212527777777778,0.018225,17658.515086,2943.08584766667,0.10789,0.07,4721251138.53,6,8077.90551181102,0.016192823561762,8.71189814814815,9.77903001545707,7.98755363963648,0.10789,0.07,22.275339673141,6,9.28714543357954,0.0160631181192596,"FTDR",1,0,0
"652658",9,0.489683333333333,0.555025,20110.133015,20110.133015,0,0.35,4837680647.02,1,8789.76377952756,0.020383974678286,8.75724537037037,9.9090288220548,8.64901914451803,0.006301,0.35,22.2997012376583,3,9.28714543357954,0.0201790022212762,"IEP",1,0,0
"652823",9,0.444627777777778,0.3721,14904.189142,1354.92628563636,0.01817,-0.01,4178591180.36,11,1995270.234375,0.015643310183653,9.32157407407407,9.60946469586728,7.21224010539759,0.01817,-0.01,22.1532399884816,11,14.506290556145,0.0155222148619739,"FSK",1,0,0
"653003",9,0.516763888888889,0.5476,4124.174032,1031.043508,0.24014,-0.28,606804552.31,4,43246.2890625,0.064644993695181,18.7382638888889,8.32486348745458,6.93929610406757,0.24014,-0.28,20.2237173075694,4,10.6746898297597,0.0521584717253257,"FRGE",1,0,0
"655224",9,0.0366083333333333,0.021025,16592.38117,2765.39686166667,0.1658,0.01,994464167.33,6,9614063.6031746,0.151012585529964,12.335775462963,9.71675917013401,7.92530098048169,0.1658,0.01,20.7177146247696,6,16.0787376471113,0.0521584717253257,"BYND",1,0,0
"655260",8,0.500825,0.600625,62858.353165,1611.75264525641,0.06427,-0.109999999999999,211061184709.5,39,3260423.42519685,0.009156612345274,6.98578703703704,11.0486550202095,7.3856977156258,0.06427,-0.109999999999999,26.0754139033144,39,14.9973679366469,0.0116712063567068,"MCD",1,0,0
"655266",9,0.0372305555555556,0.0324,19358.929804,716.997400148148,0.08489,0.06,205706449400,27,88477.9375,0.037604524307874,7.38648148148148,9.87096073499755,6.57646594807809,0.08489,0.06,26.0497159865411,27,11.3905198083206,0.036914714368989,"APP",1,0,0
"655388",9,0.0320055555555556,0.013225,12897.383722,358.260658944444,0.01016,0.06,178969480000,36,83488.9212598425,0.031984791452724,7.29905092592593,9.46485728963174,5.88404819451048,0.01016,0.06,25.9104811254566,36,11.3324812000788,0.0314839299863661,"ARM",1,0,0
"655399",9,0.0193805555555556,0.00562499999999999,13220.927333,338.99813674359,0.02116,0.14,193551120000,39,107796.212598425,0.020078830235585,7.29013888888889,9.48963189196252,5.82894013742928,0.02116,0.14,25.9888075005718,39,11.5880070799653,0.0198799088545743,"QCOM",1,0,0
"655400",9,0.0243277777777778,0.013225,131520.235041,4871.11981633333,0.07507,0.069999999999999,123009037279.2,27,390189.5234375,0.036963865717001,7.35094907407407,11.1080839101247,8.49128440193079,0.07507,0.069999999999999,25.5355236634344,27,12.8743904204526,0.0362970836229318,"HOOD",1,0,0
"655439",9,0.432944444444444,0.180625,47815.505411,1111.98849793023,0.10948,-0.13,103409474663.67,43,54953.4453125,0.021918719941215,7.3162962962963,10.7751261603621,7.01480401692766,0.10948,-0.13,25.3619624259996,43,10.9142598539665,0.0216819582286029,"DASH",1,0,0
"655443",9,0.499216666666667,0.6724,3647.80269,227.987668125,0.08195,0.05,52355530985.76,16,3080814.4453125,0.013116659710116,7.35331018518518,8.23764894232911,5.43366815112169,0.08195,0.05,24.6813234226602,16,14.9407048748799,0.0130313812322069,"MET",1,0,0
"655448",9,0.456830555555556,0.1764,21755.724732,1087.7862366,0.29319,-0.05,36548421040.95,20,1065743.8828125,0.018546556557009,7.34511574074074,9.98767817181005,6.99281881036831,0.29319,-0.05,24.321903822235,20,13.8791845331264,0.0183766665452735,"TKO",1,0,0
"655449",8,0.0993,0.018225,9730.282601,335.526986241379,0.01511,0.03,32210317520.8,29,3665884.66929134,0.016481074514136,6.93553240740741,9.18310098571157,5.81867834272321,0.01511,0.03,24.1955526580739,29,15.1145805201228,0.0163467356287668,"FIS",1,0,0
"655450",8,0.03346875,0.018225,11692.555323,403.191562862069,0.49323,0.32,33666837194.56,29,1809579.96062992,0.029193098169783,6.93141203703704,9.36679314193085,6.00188893108038,0.334929,0.32,24.2397791302917,29,14.4086058629745,0.0287750953883757,"HUM",1,0,0
"655451",9,0.0658944444444444,0.1024,4049.676631,269.978442066667,0.03578,0.1,27923075175.45,15,882136.1640625,0.009911103923797,8.03509259259259,8.30663921552877,5.60203926814597,0.03578,0.1,24.0527192511625,15,13.6901028377078,0.0116712063567068,"ATO",1,0,0
"655460",9,0.0264111111111111,0.0121,5220.919759,149.169135971429,0.0309,0.07,25908845813.58,35,169499.409448819,0.027382189443308,7.28983796296296,8.56062038318927,5.18136494140678,0.0309,0.07,23.9778502845452,35,12.040610621427,0.0270140033384825,"HUBS",1,0,0
"656723",7,0.0554107142857143,0.0625,5749.10451,383.273634,0.04346,0.65,3962735300.76,15,246041.789473684,0.043244528538448,5.50460648148148,8.6569733092784,5.95135488735873,0.04346,0.62,22.100200356282,15,12.4132607407385,0.0423355958445214,"HNGE",1,0,0
"656730",7,0.0706642857142857,0.038025,9550.118505,341.075660892857,0.01174,0.04,21003360000,28,2037759.77952756,0.025259313260502,5.49856481481481,9.16441354755906,5.83503194327558,0.01174,0.04,23.7679482618712,28,14.5273621058593,0.0249455691409966,"TOST",1,0,0
"656735",6,0.0942458333333333,0.0289,4360.849684,872.1699368,0.04246,0.019999999999999,3565810617.88,5,399367.141732283,0.018852202850402,4.4418287037037,8.38065148582851,6.77213019531535,0.04246,0.019999999999999,21.9946572472598,5,12.8976389314652,0.0186767023573841,"CBT",1,0,0
"656746",6,0.0756,0.0576,55053.317506,2502.423523,0.05224,0.229999999999999,140152691156.8,22,47064682.9920635,0.017356486937288,5.07212962962963,10.9160755678856,7.82541448327064,0.05224,0.229999999999999,25.6659983163479,22,16.4433774877375,0.0172075836077846,"PFE",1,0,0
"656755",6,0.05245,0.081225,9933.662961,367.913443,0.06465,0.08,69927110741.1,27,21333.3650793651,0.014566895157412,5.02680555555556,9.20378523000181,5.91056204470854,0.06465,0.08,24.9707192613651,27,9.96807443559948,0.0144618171511623,"MAR",1,0,0
"656760",6,0.115770833333333,0.070225,17530.312182,973.906232333333,0.05471,0.27,72768562565.07,18,3241311.47619048,0.020936387934278,5.079375,9.77174382862217,6.88234129440722,0.05471,0.27,25.010549865985,18,14.9914888909876,0.0207202335533047,"APO",1,0,0
"656761",7,0.146817857142857,0.105625,6186.02997,281.183180454545,0.34669,-0.8,34794233570.48,22,2472184.18897638,0.014646384313738,5.45113425925926,8.73021043954706,5.64255643613484,0.334929,-0.31,24.272717507999,22,14.7206130093882,0.01454016195323,"LYV",1,0,0
"656782",6,0.0141958333333333,0.00422499999999999,7692.502087,1282.08368116667,0.13878,0.45,6396713695.54,6,217030.968253968,0.017491544671901,5.06516203703704,8.94813136676535,7.15702158553365,0.13878,0.45,22.5790502103616,6,12.2877999408149,0.01734032839532,"PJT",1,0,0
"656783",6,0.464220833333333,0.697225,10095.170968,1009.5170968,0.12382,0.049999999999999,1598471602.65,10,152872.603174603,0.046052495613778,5.05099537037037,9.21991151886899,6.91821745584948,0.12382,0.049999999999999,21.1923137613079,10,11.9373667359051,0.0450235513946653,"HTZ",1,0,0
"656785",7,0.332514285714286,0.3136,15038.693599,3759.67339975,0.05,-0.36,2021245343.31,4,41702.1653543307,0.029124569280929,6.07673611111111,9.61844822488939,8.23235331602642,0.05,-0.31,21.4269796649865,4,10.6383323126838,0.0287085081069633,"SONO",1,0,0
"656791",8,0.064840625,0.081225,9199.635582,919.9635582,0.00708,0.01,1267344929.52,10,23589.078125,0.031991226984258,6.44349537037037,9.12702784565087,6.82542046782862,0.00708,0.01,20.9601899423711,10,10.0685814841809,0.0314901660389913,"AMPL",1,0,0
"656792",8,0.142653125,0.081225,4268.358176,284.557211733333,0.10763,0,1384683790.94,15,71635.578125,0.045381880406966,6.44960648148148,8.35921878485472,5.65444240038059,0.10763,0,21.0487376407285,15,11.1793610901679,0.0443822544575162,"BMBL",1,0,0
"656803",9,0.0338333333333333,0.0361,24039.05161,3004.88145125,0.02993,0.21,198958774.86,8,12413.062992126,0.039737552036787,12.9650925925926,10.0874765354854,8.00832613216,0.02993,0.21,20.1007726202039,8,9.42658522124186,0.0389683274959188,"EWCZ",1,0,0
"656808",8,0.5636375,0.714025,8626.62797,784.238906363636,0.00484,2.18,22703056601.58,11,11957599.0735294,0.072675495454382,6.41729166666667,9.06272488766424,6.66598801079733,0.006301,0.62,23.845765404421,11,16.2968776236029,0.0521584717253257,"FIG",1,0,0
"656817",6,0.0327208333333333,0.030625,11688.730756,403.059681241379,0.05651,0.18,6019441919.46,29,14358.2301587302,0.03570615320903,5.03157407407407,9.36646602220772,6.00156259289576,0.05651,0.18,22.5182603875612,29,9.57214823104886,0.0350834677064024,"WING",1,0,0
"656819",6,0.0313458333333333,0.00809999999999999,13268.821201,663.44106005,0.20365,-0.16,58590429181.89,20,2116712.91269841,0.015317826665286,4.99263888888889,9.49324765330933,6.49894617602525,0.20365,-0.16,24.7938371956493,20,14.5653754029115,0.0152016931983654,"MPC",1,0,0
"656831",7,0.227353571428571,0.1225,6550.128247,172.371795973684,0.03709,-0.039999999999999,22360963014.5,38,2147224.52380952,0.024552109297649,5.33363425925926,8.7873925652461,5.18136494140678,0.03709,-0.039999999999999,23.8305825529329,38,14.5796871127089,0.0242555505537939,"PINS",1,0,0
"656855",8,0.036796875,0.0289,7834.350755,261.145025166667,0.12879,0.2,108631991357.5,30,7175023.703125,0.016488771048562,6.97203703703704,8.96640092149708,5.56889788178971,0.12879,0.2,25.4112317807853,30,15.7861167625483,0.016354307344051,"COP",1,0,0
"656874",9,0.155341666666667,0.04,27946.161223,1117.84644892,0.01912,0.08,66310429929.92,25,102482.046875,0.013712662017357,7.3662037037037,10.2380709071639,7.02005347719822,0.01912,0.08,24.9176130359424,25,11.5374526675397,0.0136194942203411,"MNST",1,0,0
"656996",8,0.0312525,0.149769,34539.466463,767.543699177778,0.03507,0.09,55234149674.99,45,78783.9296875,0.026075441078787,6.92787037037037,10.4498868566182,6.64449742431293,0.03507,0.09,24.7348472524747,45,11.2744770099353,0.0257412733619866,"DDOG",1,0,0
"657003",8,0.095128125,0.065025,16410.521313,586.090046892857,0.10043,0.02,56002223903.4,28,975283.390625,0.037431361295137,6.99032407407407,9.70573888624663,6.375178209925,0.10043,0.02,24.7486572394538,28,13.7904843901412,0.0367478131463736,"WBD",1,0,0
"657004",9,0.0402305555555556,0.0361,3023.047212,177.826306588235,0.0363,0.149999999999999,34689521284.88,17,2378167.390625,0.011167311666556,7.3580787037037,8.23764894232911,5.18641498048662,0.0363,0.149999999999999,24.2697034980312,17,14.681841165595,0.0116712063567068,"ED",1,0,0
"657005",8,0.559928125,0.308025,10568.869333,587.159407388889,0.01824,-0.02,15820508234.24,18,3186827.0390625,0.018369575826851,6.87259259259259,9.26576271672543,6.3769980121589,0.01824,-0.02,23.484572924828,18,14.9745366349505,0.0182028933321406,"DD",1,0,0
"657007",9,0.0407555555555556,0.148225,5690.550738,153.798668594595,0.37274,0.54,26198677032.15,37,27203.2734375,0.020720160289059,7.35266203703704,8.64673802742289,5.18136494140678,0.334929,0.54,23.9889747514824,37,10.2111293516161,0.0205084176666262,"EXPE",1,0,0
"657012",9,0.0211716944444444,0.01677025,26425.916232,1390.83769642105,0.22755,0.339999999999999,31728763253.5,19,70969.2421875,0.048147874085816,7.33631944444444,10.1821383239844,7.23838023669769,0.22755,0.339999999999999,24.1804894645837,19,11.1700159440467,0.0470246771719323,"SNDK",1,0,0
"657013",8,0.014825,0.0121,10784.136672,539.2068336,0.07818,0.339999999999999,18755549112.82,20,665808.1171875,0.018184896695816,6.95328703703704,9.28592423115835,6.29195209140808,0.07818,0.339999999999999,23.6547554982612,20,13.4087582976122,0.018021529038641,"RL",1,0,0
"657018",8,0.078490625,0.013225,7213.721704,379.669563368421,0.01934,0.04,16361670226.68,19,640425.03125,0.012954017110842,6.91259259259259,8.88387889859989,5.94193171106816,0.01934,0.04,23.5182072550053,19,13.3698889077014,0.0128708314532835,"USFD",1,0,0
"657027",9,0.347908333333333,0.5184,34995.802616,1093.61883175,0.13088,-0.27,13897808423.36,32,244776.09375,0.027470553798599,7.32768518518519,10.46301198247,6.99816148279168,0.13088,-0.27,23.3549969972681,32,12.4081032539596,0.027100008874048,"DKNG",1,0,0
"657064",9,0.238316666666667,0.308025,4938.973007,493.8973007,0.00652,-0.009999999999999,5587672813.17,10,3132729.90625,0.119693553878553,7.29837962962963,8.505115145997,6.20435026770979,0.00652,-0.009999999999999,22.4438287249394,10,14.9574156761243,0.0521584717253257,"OPEN",1,0,0
"657065",9,0.182552777777778,0.087025,5755.113866,639.457096222222,0.02972,0.03,15098524355.91,9,88588.734375,0.013007530342588,7.238125,8.65801784995197,6.46218213427232,0.02972,0.03,23.4378628512177,9,11.3917712650383,0.0129236589433469,"NWSA",1,0,0
"657071",9,0.342702777777778,0.3249,3456.330055,864.08251375,0.08258,0.209999999999999,14955120188.96,4,1533829.03125,0.016557153455834,7.2775462962963,8.23764894232911,6.76282489400089,0.08258,0.209999999999999,23.4283195657035,4,14.24327845376,0.0164215782369252,"FNF",1,0,0
"657072",8,0.5956875,0.330625,3173.460259,151.117155190476,0.17446,-0.79,12859850729.88,21,966175.4140625,0.01706644893303,6.82814814814815,8.23764894232911,5.18136494140678,0.17446,-0.31,23.2773759483697,21,13.7811017197742,0.0169224531158804,"H",1,0,0
"657073",9,0.0247416666666667,0.0196,15622.318359,600.858398423077,0.01275,0.219999999999999,10353981106.89,26,24574.1171875,0.018932833456849,7.22527777777778,9.65651984378861,6.40002219907428,0.01275,0.219999999999999,23.0606369307084,26,10.1094897135696,0.0187558378943053,"AKAM",1,0,0
"657079",8,0.042165625,0.04,6760.015133,260.000582038462,0.52621,1.67,9278638410,26,178642.65625,0.037547813213707,6.86094907407407,8.81892832536653,5.56452263735263,0.334929,0.62,22.9509806499193,26,12.0931483534452,0.0368600570860939,"MRNA",1,0,0
"657080",9,0.0139166666666667,0.00422499999999999,25806.338777,1985.10298284615,0.02052,0.089999999999999,7495678129.37,13,51103.046875,0.015000503934424,7.19622685185185,10.1584141791828,7.59392969766463,0.02052,0.089999999999999,22.7375924419758,13,10.8416189682615,0.0148891089807446,"DBX",1,0,0
"657085",9,0.0798472222222222,0.133225,13116.459201,690.339957947368,0.00938,0.22,4532460860.07,19,21231.8984375,0.02786507985869,7.19284722222222,9.48169938528349,6.53863168244869,0.00938,0.22,22.2345308651605,19,9.963307070932,0.0274839131459109,"OS",1,0,0
"657086",9,0.153580555555556,0.2025,11810.2227,407.24905862069,0.2013,0.07,5252948842.96,29,30272.8582677165,0.039141111768052,10.8735069444444,9.37680543473846,6.01187742595861,0.2013,0.07,22.3820554402377,29,10.3180398556612,0.0383945178787586,"CRSP",1,0,0
"657290",9,0.251930555555556,0.099225,5317.694975,279.878682894737,0.02053,0.03,2953891757.04,19,239189.1328125,0.044060619871508,7.17337962962963,8.57898324679226,5.63792284263933,0.02053,0.03,21.8063893775406,19,12.3850140494239,0.0431175527857625,"PTON",1,0,0
"657295",9,0.0399277777777778,0.0289,8405.379996,1200.76857085714,0.14874,0.599999999999999,3144586750.8,7,5008.34375,0.026463534440271,7.20030092592593,9.03674621987286,7.09154955983307,0.14874,0.599999999999999,21.8689483196735,7,9.28714543357954,0.0261194326766089,"ICUI",1,0,0
"657300",8,0.129778125,0.172225,10335.650925,738.260780357143,0.01155,0.069999999999999,2400538575.45,14,666010.6328125,0.031725851608596,6.84659722222222,9.24345120052939,6.60565074145635,0.01155,0.069999999999999,21.5989589555625,14,13.4090624160554,0.0312329841026905,"WRBY",1,0,0
"657371",6,0.154166666666667,0.133225,3680.877756,525.839679428571,0.01118,-0.01,920035620.22,7,14582.062992126,0.012456869755367,5.17199074074074,8.23764894232911,6.26689628865099,0.01118,-0.01,20.6399229448883,7,9.58761606526304,0.0123799213187692,"CGBD",1,0,0
"657435",6,0.354133333333333,0.455625,12842.033515,428.067783833333,0.08409,0.209999999999999,16169793986.85,30,606039.125984252,0.027499727359919,5.11537037037037,9.46055680440242,6.06161491072016,0.08409,0.209999999999999,23.5064107699997,30,13.3147014773548,0.0271284020450729,"RIVN",1,0,0
"657445",6,0.0111685833333333,0.00664225,41628.045143,770.88972487037,0.03213,0.03,416973999224.8,54,465309.484126984,0.034972652076307,5.06967592592593,10.6365534031736,6.64884169638952,0.03213,0.03,26.7562897048224,46,13.0504601695518,0.0343750032535565,"AMD",1,0,0
"657454",6,0.794620583333333,0.87329025,27982.267873,621.828174955556,0.04238,0.09,226338405550.84,45,142702.373015873,0.032765088788793,4.87699074074074,10.2393620345734,6.43427067810735,0.04238,0.09,26.1452970859725,45,11.8685234402975,0.0322397574894289,"SHOP",1,0,0
"658478",8,0.53705,0.7396,5333.213212,1066.6426424,0.03897,-0.18,2237612524.07,5,79449.59375,0.077397809914447,6.29387731481481,8.58189667619656,6.97320835903318,0.03897,-0.18,21.5286752969359,5,11.2828906451906,0.0521584717253257,"USAR",1,0,0
"658481",7,0.0924714285714286,0.0169,4495.889884,499.543320444444,0.02533,0.02,2238730685.38,9,374189.34375,0.023181860938086,5.86561342592593,8.41114129992432,6.21569414934422,0.02533,0.02,21.5291748838894,9,12.8325198874384,0.0229172433478804,"MRX",1,0,0
"658486",8,0.102153125,0.060025,8373.140564,761.194596727273,0.02342,0.079999999999999,1929618614.82,11,312364.796875,0.021919956525106,6.21121527777778,9.03290373220367,6.63620189936618,0.02342,0.079999999999999,21.3805882114344,11,12.6519302059185,0.0216831682887757,"YELP",1,0,0
"658487",7,0.125507142857143,0.0784,5060.60872,174.503748965517,0.00695,0.02,1862915446.08,29,12187919.6484375,0.030185377372002,5.86021990740741,8.5294396406066,5.18136494140678,0.00695,0.02,21.3454085416422,29,16.3159559084362,0.0297387640785115,"UAA",1,0,0
"658488",7,0.033825,0.027225,21450.536579,1191.69647661111,0.10879,0.099999999999999,1731412500.59,18,67173.1015625,0.034497166948607,5.82894675925926,9.97355155717509,7.08397196945191,0.10879,0.099999999999999,21.2722033866517,18,11.1150430588129,0.0339154796290071,"TRIP",1,0,0
"658493",7,0.623460714285714,0.275625,11276.418105,663.318712058824,0.04582,-0.089999999999999,1425355913.52,17,16979.0703125,0.032877594531724,5.81984953703704,9.33055760745171,6.49876202235942,0.04582,-0.089999999999999,21.0776873833549,17,9.73979560075782,0.0323486879873807,"PZZA",1,0,0
"658498",8,0.168128125,0.112225,10571.830012,755.130715142857,0.01526,-0.139999999999999,765876810.27,14,5798246.5859375,0.047544705311077,6.23068287037037,9.26604278304724,6.62821426486154,0.01526,-0.139999999999999,20.4565318926698,14,15.5730662895075,0.0464490500047383,"SG",1,0,0
"658499",8,0.244384375,0.0576,8964.650029,4482.3250145,0,-0.049999999999999,282719046.75,2,1331975.5625,0.073124604697282,6.21112268518519,9.10115589082843,8.4081202408583,0.006301,-0.049999999999999,20.1007726202039,3,14.1021745342069,0.0521584717253257,"GPRO",1,0,0
"658526",8,0.11598125,0.1089,7799.572031,2599.85734366667,0.04321,0.261,66854568.88,3,16196.8125,0.063873827708613,6.16836805555556,8.96195234729633,7.8635964172189,0.04321,0.261,20.1007726202039,3,9.69263148123879,0.0521584717253257,"BIRD",1,0,0
"658547",8,0.199678125,0.308025,1336.252219,1336.252219,0,-0.14,60648834.62,1,51088.9140625,0.039070402547883,6.2153587962963,8.23764894232911,7.19837220478557,0.006301,-0.14,20.1007726202039,3,10.8413423802428,0.038326469732832,"BZFD",1,0,0
"658568",8,0.05451875,0.00562499999999999,12921.734793,615.320704428571,0.03274,0.119999999999999,105924893915.25,21,3825740.578125,0.020608335126098,6.78290509259259,9.46674342622222,6.42376745212818,0.03274,0.119999999999999,25.3859961319504,21,15.1572628830851,0.0203988565025862,"KKR",1,0,0
"658579",2,0.2475125,0.245025,1384.0051,461.335033333333,220.97746,690.86433,1029915706578.06,3,383.9296875,0.009127016092789,4.09830324074074,8.23764894232911,6.13628980864068,0.334929,0.62,26.8640512231621,3,9.28714543357954,0.0116712063567068,"BRK.A",1,0,0
"658589",7,0.582253571428571,0.7921,58468.980582,2436.20752425,0.0461,0.159999999999999,15353692289.32,24,93662.6953125,0.027821665118219,5.72172453703704,10.9762687490677,7.79860820562134,0.0461,0.159999999999999,23.4546218220754,24,11.4474659365023,0.0274416744725493,"CELH",1,0,0
"658619",8,0.1478125,0.050625,21514.79079,1955.89007181818,0.01602,0.08,11857290400.8,11,4325168.3515625,0.014800531187118,6.81693287037037,9.97654239988425,7.57911179403411,0.01602,0.08,23.1962087390512,11,15.2799618540122,0.0146920721830558,"BEN",1,0,0
"658624",8,0.128365625,0.105625,18345.98631,1146.624144375,0.03645,0.159999999999999,5984612788,16,9601.3984375,0.017266259506936,6.69512731481481,9.8172206062074,7.0454491229021,0.03645,0.159999999999999,22.5124574767874,16,9.28714543357954,0.0171188915585398,"MKTX",1,0,0
"658859",4,0.3416875,0.403225,9762.898791,697.349913642857,0.07142,0.12,1971648663.01,14,145881.716535433,0.028959389172417,4.09830324074074,9.1864470659327,6.54872028609294,0.07142,0.12,21.4021359144801,14,11.8905582664618,0.0285479897683521,"GT",1,0,0
"658905",8,0.232159375,0.378225,18789.336584,647.908158068966,0.00974,0.039999999999999,1728285211.48,29,133757.1875,0.020770288632065,6.66417824074074,9.84109800517949,6.47529119369937,0.00974,0.039999999999999,21.2703955466484,29,11.803788877838,0.0205575272209154,"WEN",1,0,0
"658909",6,0.0846291666666667,0.2401,3161.523883,451.646269,0.02919,-0.34,1287488338.11,7,15025730.5625,0.037325910354559,5.07575231481481,8.23764894232911,6.11511095731596,0.02919,-0.31,20.9759591326825,7,16.4433774877375,0.0366461617945651,"AMC",1,0,0
"667880",6,0.0394833333333333,0.00562499999999999,21738.19238,836.084322307692,0.09942,0.13,40699043028.54,26,10794556.1889764,0.019246312736837,4.25193287037037,9.98687201095112,6.72992480891303,0.09942,0.13,24.4294704163062,26,16.1945526010783,0.0190634450867792,"OXY",1,0,0
"667887",5,0.028465,0.04,17692.167868,1263.72627628571,0.0717,0.319999999999999,18598889461.2,14,2746252.44094488,0.011552875384066,4.09830324074074,9.78093384788804,7.14261099536474,0.0717,0.319999999999999,23.646367709496,14,14.8257481556414,0.0116712063567068,"TSN",1,0,0
"667902",5,0.0413,0.042025,30192.669045,5032.1115075,0.01327,0.1,9402858499.09,6,12909.9527559055,0.028756618239429,4.09830324074074,10.3153875471151,8.52379366180612,0.01327,0.1,22.9642795756425,6,9.46583128095538,0.0283509062710046,"TSEM",1,0,0
"667903",5,0.05552,0.046225,7159.121119,2386.37370633333,0.42,0.49,4756621986.4,3,420607.220472441,0.015593060716608,4.09830324074074,8.87628217587307,7.77794917308489,0.334929,0.49,22.2828035865344,3,12.9494570866923,0.015472738131668,"HHH",1,0,0
"667905",5,0.39555,0.3844,27625.11139,1841.67409266667,0.07209,0.049999999999999,2919595101.44,15,12817.3387096774,0.035275501823151,4.09830324074074,10.226516669323,7.51897310680022,0.07209,0.049999999999999,21.7947107797215,15,9.4586321362491,0.0346675766326791,"ETOR",1,0,0
"667914",6,0.543195833333333,0.697225,25854.250299,8618.083433,0.00818,0.01,736072520.37,3,303975.755905512,0.041885440501563,4.23378472222222,10.1602689656576,8.64901914451803,0.00818,0.01,20.4168392049505,3,12.6247065166279,0.0410319953500378,"GETY",1,0,0
"667915",6,0.347283333333333,0.378225,21861.005934,5465.2514835,0.05019,0.08,97351411.9172,4,637845.293650794,0.074882184176886,4.25820601851852,9.99250552028362,8.60634837411973,0.05019,0.08,20.1007726202039,4,13.3658526142586,0.0521584717253257,"CHGG",1,0,0
"667924",6,0.336966666666667,0.4356,17157.826271,5719.27542366667,0,0,901023562.23,3,82909.6190476191,0.01234950253957,4.31628472222222,9.75026797157675,8.64901914451803,0.006301,0,20.6190419664293,3,11.3255184275836,0.0122738694835254,"BCSF",1,0,0
"668446",5,0.039945,0.024025,20449.054715,2556.131839375,0.00881,0.019999999999999,1282344488.53,8,69237.8661417323,0.043627766891423,4.09830324074074,9.92574083701749,7.84664153413995,0.00881,0.019999999999999,20.9719558711502,8,11.1453176333867,0.0427028807599639,"REAL",1,0,0
"668447",5,0.191275,0.1225,10530.68682,1755.11447,0.07244,0.2,747418357.25,6,5696.83464566929,0.026129290573394,4.09830324074074,9.26214378413154,7.47085895999753,0.07244,0.2,20.4321356361938,6,9.28714543357954,0.0257937530135427,"TBPH",1,0,0
"668448",5,0.104735,0.087025,14905.804877,3726.45121925,0.05244,-0.42,686224436.4,4,16073.1417322835,0.056912267754078,5.40270833333333,9.60957309083077,8.22347995983294,0.05244,-0.31,20.3467152989466,4,9.68496715622063,0.0521584717253257,"IHRT",1,0,0
"668453",6,0.144195833333333,0.16,18381.3387,1021.18548333333,0.03563,-0.08,17424673804,18,3343557.27559055,0.069654132220612,5.1481712962963,9.81914562938208,6.92969824483766,0.03563,-0.08,23.5811530734178,18,15.0225461498414,0.0521584717253257,"OKLO",1,0,0
"668459",7,0.136032142857143,0.015625,20070.875178,771.956737615385,0.50685,1.11,40286893932.3,26,616548.889763779,0.02112311772362,6.06572916666667,9.90707486931429,6.65022308015884,0.334929,0.62,24.4192920404079,26,13.3318945225034,0.0209031173422884,"FLUT",1,0,0
"668460",7,0.0330785714285714,0.01,66610.940007,3171.94952414286,0.12769,0.03,24513009023.1,21,2324235.44545455,0.078564996662198,5.66483796296296,11.1066391198442,8.06241688352816,0.12769,0.03,23.9224697941115,21,14.6589021325079,0.0521584717253257,"CRCL",1,0,0
"668465",5,0.269435,0.1936,16945.288925,4236.32223125,0.02055,0,1997129974.67,4,44022.0873015873,0.034470061004277,4.13663194444444,9.73780414635932,8.35168679948129,0.02055,0,21.4149769742246,4,10.6924694866872,0.0338892772378185,"RUM",1,0,0
"668474",7,0.544178571428572,0.714025,13054.090025,4351.36334166667,0,0.02,145472452.2,3,73740.9921875,0.042763548645078,6.17306712962963,9.47693337693481,8.37847427348525,0.006301,0.02,20.1007726202039,3,11.2083276877983,0.0418744471968679,"PLBY",1,0,0
"668475",6,0.0188416666666667,0.015625,25679.56781,25679.56781,0,0.17,38579430.85,1,37685.8818897638,0.100671983753468,5.08925925925926,10.1534898685408,8.64901914451803,0.006301,0.17,20.1007726202039,3,10.5370673524001,0.0521584717253257,"PXLW",1,0,0
"668496",7,0.00768214285714285,0.00422499999999999,30270.51089,1210.8204356,0.00826,0.02,282589383152.68,25,420278.03125,0.0124588224993,6.15417824074074,10.3179623145461,7.09987900020761,0.00826,0.02,26.3672607380293,25,12.9486741297891,0.0123818500350516,"CSCO",1,0,0
"668497",8,0.0126625,0.00902499999999999,45468.518294,1420.8911966875,0.09149,0.09,205040423963.1,32,8556080.703125,0.010655088466577,6.67290509259259,10.7247974528329,7.25974309315136,0.09149,0.09,26.0464729867093,32,15.9621528983587,0.0116712063567068,"DIS",1,0,0
"668506",8,0.01461875,0.00489999999999999,28200.530007,854.561515363636,0.05303,0.069999999999999,182168223782.09,33,95683.484375,0.025980116682875,7.05228009259259,10.2471315110218,6.75175799649074,0.05303,0.069999999999999,25.92819640361,33,11.468811436554,0.0256483671094049,"AMAT",1,0,0
"668511",8,0.422059375,0.540225,13701.313484,6850.656742,0.05,0.04,1136336247.2,2,135537.625,0.045665100188655,7.09167824074074,9.52531996500497,8.64901914451803,0.05,0.04,20.8510751057018,3,11.8170119340319,0.0446531424729928,"NMAX",1,0,0
"668512",8,0.02506875,0.021025,16187.800889,2312.54298414286,0.03364,-0.26,240541568.64,7,166843.6875,0.029486655159927,6.70170138888889,9.69207497901212,7.74653538787744,0.03364,-0.26,20.1007726202039,7,12.0248186436966,0.0290602849538327,"GAMB",1,0,0
"668514",8,0.054684375,0.00562499999999999,27719.642285,3079.96025388889,0.21676,0.409999999999999,230048891.8,9,736192.8671875,0.056324099270505,7.05320601851852,10.22993262349,8.03299659812037,0.21676,0.409999999999999,20.1007726202039,9,13.5092487695304,0.0521584717253257,"SPCE",1,0,0
"668515",8,0.1600625,0.093025,17993.28118,5997.76039333333,0.315,0.46,193799721.08,3,5107.8125,0.066756214988005,6.74734953703704,9.79780927417486,8.64901914451803,0.315,0.46,20.1007726202039,3,9.28714543357954,0.0521584717253257,"BTM",1,0,0
"668520",9,0.0413305555555556,0.081225,46409.815208,23204.907604,0.05467,0.10667,4373336115.61,2,10206.9047619048,0.025151850804814,18.4929166666667,10.7452877974332,8.64901914451803,0.05467,0.10667,22.1987919679854,3,9.28714543357954,0.0248407487443174,"SNEX",1,0,0
"668521",9,0.469572222222222,0.680625,18836.78104,6278.92701333333,0.00471,0.069999999999999,2247956739.12,3,506710.234375,0.07703488944616,8.16792824074074,9.84361976200063,8.64901914451803,0.006301,0.069999999999999,21.533287524629,3,13.1356965628681,0.0521584717253257,"QUBT",1,0,0
"668522",9,0.154491666666667,0.093025,9008.982979,1126.122872375,0.07669,-0.022,661268932.524099,8,172121.3515625,0.050109627256708,7.76427083333333,9.1060884614774,7.02742353416164,0.07669,-0.022,20.3096711721433,8,12.0559608492023,0.0488945656305603,"DEFT",1,0,0
"674909",9,0.0277833333333333,0.00722499999999999,4450.411936,185.433830666667,0.06389,0.1,21830746680,24,1367674.53543307,0.02106273881509,9.17123842592593,8.40097661382354,5.22807638077611,0.06389,0.1,23.8065852112293,24,14.1286231673316,0.0208439856933699,"WSM",1,0,0
"674910",9,0.0148916666666667,0.00722499999999999,18452.209102,1677.47355472727,0.07743,0.29,15753126256.7,11,8205.7619047619,0.014628240596712,14.7022569444444,9.82299356941147,7.42564006099497,0.07743,0.29,23.4803046750099,11,9.28714543357954,0.0145222799802297,"WWD",1,0,0
"674911",6,0.429741666666667,0.5041,5958.985218,1986.328406,0,0.019999999999999,48339422.5184,3,13565.4752475248,0.109711113968358,4.27377314814815,8.69282327985498,7.59454650619749,0.006301,0.019999999999999,20.1007726202039,3,9.51535697314398,0.0521584717253257,"FEMY",1,0,0
"674912",9,0.254433333333333,0.0676,46598.316583,1259.4139617027,0.06597,-0.109999999999999,360688305406.92,37,3466707.72222222,0.011733302600566,7.94741898148148,10.7493411544053,7.13919548702163,0.06597,-0.109999999999999,26.6112800023922,37,15.0587162067802,0.0116712063567068,"HD",1,0,0
"674921",9,0.112291666666667,0.1089,17905.010287,2238.126285875,0.06088,0.8,5563345996.11,8,2569774.390625,0.026054518727618,11.2027662037037,9.7928917056941,7.71384101781077,0.06088,0.62,22.4394655620627,8,14.7593290564081,0.0257208824982699,"FRO",1,0,0
"674922",9,0.00621388888888888,0.00360000000000001,20894.894498,2089.4894498,0.01446,0.08,1363803307.44,10,2016070.66929134,0.026770898067505,15.5514236111111,9.94730798315453,7.64515350404865,0.01446,0.08,21.0335431832129,10,14.5166614577852,0.0264188272558772,"PD",1,0,0
"674923",9,0.028925,0.0625,14547.988565,808.221586944444,0.11257,0.25,17900845396.82,18,255438.960629921,0.020591018191476,15.4514236111111,9.58527675575041,6.69607278183402,0.11257,0.25,23.6081137775505,18,12.4507426732621,0.0203818890911531,"BURL",1,0,0
"675008",9,0.0117694444444444,0.00809999999999999,20350.032268,1453.57373342857,0.03502,-0.05,17602386488.64,14,890108.301587302,0.011993563253531,7.92269675925926,9.92088691528448,7.2824681699667,0.03502,-0.05,23.5913003257437,14,13.6990995449399,0.0119222104236342,"ACM",1,0,0
"675024",9,0.0214,0.01,11372.216792,494.444208347826,0.01846,0.06,16813779422.52,23,4730003.1031746,0.0285667265213,7.91315972222222,9.33901646599169,6.20545475075614,0.01846,0.06,23.5454645908938,23,15.3694366279465,0.0281663055186223,"AS",1,0,0
"675495",9,0.0129194444444444,0.00422499999999999,10807.027243,2701.75681075,0.017,0.35,6164905264.05,4,441846.566929134,0.013531143283454,8.02232638888889,9.28804440026972,7.90202757210311,0.017,0.35,22.542138606705,4,12.998720230377,0.0134404148871958,"DLB",1,0,0
"675496",9,0.0232805555555556,0.0225,14191.968124,1091.68985569231,0.02871,0.1,5581909261.2,13,25225.1102362205,0.025177403966415,15.3686921296296,9.56050191840087,6.99639769282564,0.02871,0.1,22.4427967163211,13,10.1356348575821,0.0248656746546734,"URBN",1,0,0
"675497",9,0.0212361111111111,0.0361,13114.177431,3278.54435775,0.07636,-2.62,3842984898.23,4,8757.02362204724,0.03459851227386,8.02200231481481,9.48152542106954,8.09545977640844,0.07636,-0.31,22.0695152188389,4,9.28714543357954,0.0340134406139453,"POWL",1,0,0
"675502",9,0.635752777777778,0.748225,12461.620588,778.85128675,0.01726,-0.18,2540033347.04997,16,322588.5,0.0242385394525,7.76457175925926,9.43048909029149,6.65910324349327,0.01726,-0.18,21.6554430466505,16,12.6841358960964,0.0239494481730663,"WB",1,0,0
"675503",9,0.224833333333333,0.2304,5668.618389,1889.539463,0.08055,0.169999999999999,1252318729.2,3,508074.23015873,0.02042127416326,7.98225694444444,8.64287709092948,7.54461749748498,0.08055,0.169999999999999,20.9482626532637,3,13.1383848064599,0.0202155559149707,"LZB",1,0,0
"675504",9,0.00616666666666666,0.00562499999999999,995129.929459,15309.6912224462,0.0328,0.05,4534380000000,65,2060158.7480315,0.020074281502119,8.9903125,11.1080839101247,8.64901914451803,0.0328,0.05,26.8640512231621,46,14.5382940853472,0.0198754496466454,"NVDA",1,0,0
"675505",9,0.00530555555555555,0.00360000000000001,20629.215488,382.022509037037,0.00574,0.04,141421300000,54,79729.6456692913,0.019483585215304,8.98255787037037,9.93451205138156,5.94809375778543,0.006301,0.04,25.6750092155566,46,11.2864093036613,0.0192962100840225,"PANW",1,0,0
"675506",9,0.699586111111111,0.6561,20672.138979,590.632542257143,0.06032,0.08,126225000000,35,2776282.83464567,0.013260785793947,8.63607638888889,9.93659050273285,6.38288573651979,0.06032,0.08,25.5613318656914,35,14.8366238412919,0.0131736312206222,"LOW",1,0,0
"675507",9,0.182777777777778,0.235225,18540.498651,475.397401307692,0.13471,0.05,40063436089.6,39,7288530.80314961,0.019009738721104,8.63471064814815,9.82776666924027,6.16625238261256,0.13471,0.05,24.4137299370854,39,15.8018126849565,0.0188313113304476,"TGT",1,0,0
"675508",9,0.0491277777777778,0.027225,6420.881535,356.715640833333,0.03606,-0.519999999999999,25401126121.56,18,2788971.93700787,0.017295398607229,8.64033564814815,8.76746642773375,5.8797383714296,0.03606,-0.31,23.9580593454826,18,14.8411839630874,0.0171475356649288,"VIK",1,0,0
"675509",9,0.0164972222222222,0.00489999999999999,6807.0641,756.340455555556,0.0582,0.429999999999999,8513145847.73,9,371394.74015748,0.021263250207873,8.64399305555555,8.82586308560254,6.62981289547144,0.0582,0.429999999999999,22.8648773760556,9,12.8250234581459,0.0210403416076607,"DY",1,0,0
"675510",9,0.0202305555555556,0.00722499999999999,25208.232813,1260.41164065,0.22725,0.32,6795213119.44,20,21155.3937007874,0.033240056899654,8.6328587962963,10.1349655878665,7.13998672254435,0.22725,0.32,22.6394842482137,20,9.95969744142789,0.0326995512321695,"WIX",1,0,0
"675511",9,0.0188277777777778,0.018225,21740.881601,530.265404902439,0.01321,0.02,808367375259.58,41,NA,NA,9.68760416666667,9.98699570711394,6.27526171728162,0.01321,0.02,26.8640512231621,41,NA,NA,"WMT",1,0,0
"675513",9,0.00769166666666666,0.00422499999999999,17951.619171,543.988459727273,0.01613,0.25,180884832000,33,28272.8359375,0.0158808108252,9.9777662037037,9.79549129809083,6.30076461962671,0.01613,0.25,25.9211263784028,33,10.2496921308177,0.0157560300947569,"INTU",1,0,0
"675514",3,0.109908333333333,0.0729,7729.209815,2576.40327166667,0,-0.199999999999999,155726814.6,3,1965.828125,0.062535535238534,4.09830324074074,8.95289128416265,7.85453768722055,0.006301,-0.199999999999999,20.1007726202039,3,9.28714543357954,0.0521584717253257,"AVR",1,0,0
"675520",9,0.0155388888888889,0.00422499999999999,27685.769647,1384.28848235,0.0195,0.04,8870333499,20,9904063.1953125,0.030486274376768,9.97237268518519,10.2287099480017,7.2336636874374,0.0195,0.04,22.9059782310955,20,16.1084557556416,0.0300308018775943,"GAP",1,0,0
"675540",9,0.710052777777778,0.783225,15238.218938,952.388683625,0.025,-0.05,4319625865.5,16,1421521.578125,0.026482267287675,9.68392361111111,9.63162757713987,6.86002267320689,0.025,-0.05,22.1864346302436,16,14.1672390932569,0.0261376824008722,"BBWI",1,0,0
"675603",9,0.0136671388888889,0.070225,33631.226414,1084.87827141935,0.03009,0.08,23282419192.47,31,40179.626984127,0.018269863093782,14.1126041666667,10.4232400057544,6.99014440527899,0.03009,0.08,23.8709643716129,31,10.6011402426306,0.0181049744455246,"ZM",1,0,0
"675612",9,0.0104277777777778,0.00489999999999999,19143.824176,870.173826181818,0.04135,0.069999999999999,12030400945.18,22,2022356.7734375,0.017027346155513,10.7700347222222,9.85978768006144,6.76984152775814,0.04135,0.069999999999999,23.210702695154,22,14.5197746032851,0.0168840057467215,"BJ",1,0,0
"675613",9,0.0095,0.00722499999999999,12172.256887,338.118246861111,0.0513,0.029999999999999,117223190821.8,36,53180.6220472441,0.01641601659282,15.2448958333333,9.4069967662018,5.82634885735984,0.0513,0.029999999999999,25.487345568421,36,10.8814681654083,0.0162827304987257,"ADI",1,0,0
"675614",9,0.0191611111111111,0.00902499999999999,20204.867985,721.602428035714,0.03792,0.12,85262867281.26,28,1303642.55905512,0.026621930039614,15.2915393518519,9.91372833551092,6.58285917884589,0.03792,0.12,25.1690048775709,28,14.0806736398205,0.0262737327312317,"DELL",1,0,0
"675615",9,0.00660555555555555,0.00562499999999999,9652.504356,321.7501452,0.01909,0.169999999999999,61448200000,30,20695.5984251969,0.016432040668651,15.3439930555556,9.17507627411107,5.77687847961046,0.01909,0.169999999999999,24.841460380422,30,9.93772463846508,0.0162984956473054,"ADSK",1,0,0
"675616",9,0.00628888888888888,0.002025,10095.023705,246.220090365854,0.14266,0.149999999999999,59606320000,41,39676.2992125984,0.01848103908242,15.3423726851852,9.21989693273783,5.5102789939877,0.14266,0.149999999999999,24.8110274456643,41,10.5885344948837,0.018312339999328,"WDAY",1,0,0
"675617",9,0.374913888888889,0.4225,12030.841056,668.380058666667,0.01678,0.01,22788031127.38,18,10248019.480315,0.022326119858656,15.1518634259259,9.39531183599598,6.50635199847193,0.01678,0.01,23.8495012845185,18,16.1425951210262,0.0220805405460463,"HPQ",1,0,0
"675618",9,0.0180194444444444,0.018225,12817.999296,915.571378285714,0.01118,0.029999999999999,5908682639.45,14,24667.9365079365,0.035619172627145,14.2908217592593,9.45868366939365,6.82063994562819,0.01118,0.029999999999999,22.4996887398713,14,10.1133000998766,0.0349994822688169,"SMTC",1,0,0
"675619",9,0.0486694444444445,0.0676,9657.975609,742.921200692308,0.0836,0.139999999999999,3088250758.98,13,2200697.71653543,0.030594524147192,15.353599537037,9.17564287696646,6.61193511617594,0.0836,0.139999999999999,21.8508706701449,13,14.60428546633,0.0301358436310288,"ANF",1,0,0
"675620",9,0.0464611111111111,0.065025,15544.334006,1036.28893373333,0.07634,0.31,1762934763.59,15,9018344.55905512,0.053660894830711,15.2402662037037,9.65151580865636,6.9443657940432,0.07634,0.31,21.2902457366089,15,16.014771456042,0.0521584717253257,"KSS",1,0,0
"675621",9,0.0319527777777778,0.070225,16271.738512,625.836096615385,0.18607,0.06,131712589664.16,26,1290060.49606299,0.013954123098177,15.7553587962963,9.69724650270585,6.44068509755277,0.18607,0.06,25.6038880346285,26,14.0702004465683,0.0138576606525516,"DE",1,0,0
"675626",9,0.200655555555556,0.1764,10218.698012,1021.8698012,0.03103,-1.399,5372252408.25,10,868257.014705882,0.059594632577202,8.63434027777778,9.23207231459314,6.93036748629766,0.03103,-0.31,22.4045131004027,10,13.6742442014372,0.0521584717253257,"BLSH",2,1,1
"675627",9,0.753516777777778,0.52635025,129342.291288,4460.07900993103,0.11066,0.079999999999999,18584876912.42,29,1499464.03174603,0.021494176032878,19.2780792824074,11.1080839101247,8.40314594623146,0.11066,0.079999999999999,23.6456140177208,29,14.2206189569567,0.0212664338719916,"DKS",1,0,0
"675628",9,0.0202722222222222,0.011025,20083.025666,743.815765407407,0.03493,0.089999999999999,15887857659.3,27,3575277.01574803,0.022192489602217,15.1107060185185,9.90768003508646,6.61313689304201,0.03493,0.089999999999999,23.4888209852023,27,15.0895534977294,0.0219498200370611,"BBY",1,0,0
"675629",9,0.77485,0.765625,14146.572951,707.32864755,0.03595,0,11125017476.29,20,2065270.66929134,0.021761226469453,15.3593634259259,9.55729836546212,6.562908177445,0.03595,0,23.1324622359,20,14.540772334703,0.0215278308934002,"SJM",1,0,0
"696247",9,0.00455258333333333,0.001156,18174.174774,432.718447,0.05886,0.53,27052179271.2,42,41076.1732283465,0.039026057187441,9.98241898148148,9.80781191853155,6.07239558394646,0.05886,0.53,24.0210334035483,42,10.6232078502909,0.0382837909050605,"MDB",1,0,0
"696252",9,0.00397669444444444,0.00119025,13995.104935,264.058583679245,0.01334,0.02,127090386557.2,53,39333.9291338583,0.023377048374619,11.0322222222222,9.54653435095876,5.57995087204146,0.01334,0.02,25.5681643754378,46,10.5798681851565,0.0231079902999829,"CRWD",1,0,0
"696257",9,0.00481388888888889,0.001225,13000.95436,282.629442608696,0.02161,0.059999999999999,14291845021.44,46,36913.2047244095,0.01884868155769,11.0321990740741,9.47285496052906,5.64766860664836,0.02161,0.059999999999999,23.3829549333208,46,10.5163517078347,0.0186732462144939,"OKTA",1,0,0
"696258",9,0.0556361111111111,0.018225,11581.905806,965.158817166667,0.01214,0.1,3598450392.5,12,10711067.5826772,0.046818600139437,11.0308101851852,9.35728565280915,6.873328227704,0.01214,0.1,22.003769143212,12,16.1867882117397,0.0457556600863394,"AEO",1,0,0
"696259",9,0.0133777777777778,0.00722499999999999,14505.846772,967.056451466667,0.00324,0.01,3027767012.77,15,1091535.36220472,0.034979732963233,11.0296296296296,9.58237600813391,6.87529040320702,0.006301,0.01,21.8310912252977,15,13.9030967683932,0.0343818448475731,"ASAN",1,0,0
"696263",9,0.0102611111111111,0.00360000000000001,12872.390631,1287.2390631,0.10821,0.16,2273366092.27,10,344053.126984127,0.033902965128995,10.5833449074074,9.46291771818486,7.16103149743816,0.10821,0.16,21.5445274301193,10,12.7485542698621,0.0333409275133474,"UNFI",2,1,1
"697446",9,0.0110222222222222,0.00562499999999999,17045.936433,315.6654895,0.02444,0.39,218161710000,54,8227482.88188976,0.018406730130265,11.1491666666667,9.74372578521806,5.75784597855115,0.02444,0.39,26.1085024137369,46,15.9229908007445,0.0182393767724766,"CRM",1,0,0
"697447",9,0.00838888888888888,0.00489999999999999,15647.807614,306.819757137255,0.02586,0.039999999999999,86234400000,51,849093.803149606,0.027432571259078,11.1496527777778,9.65815000226691,5.729514407575,0.02586,0.039999999999999,25.1803350069338,46,13.6519261235466,0.0270630411561424,"SNOW",1,0,0
"697448",9,0.0286805555555556,0.011025,15804.302925,564.439390178571,0.05939,0.129999999999999,21851976719.43,28,55808.6771653543,0.023070869569571,11.1496527777778,9.66810079086908,6.33760311064067,0.05939,0.129999999999999,23.8075572221045,28,10.9297025592353,0.0228087607865926,"DLTR",1,0,0
"697451",9,0.0158833333333333,0.00639999999999999,19334.872662,1487.29789707692,0.02914,0.24,6067452547.38,13,7978307.36220472,0.030603203065301,11.1457175925926,9.86971733682171,7.30538839500423,0.02914,0.24,22.5262046747483,13,15.8922369622679,0.0301442648688309,"M",1,0,0
"697452",9,0.00995277777777778,0.00360000000000001,15692.515334,1743.61281488889,0.00173,0.03,1793408208.72,9,2084496.8503937,0.022586302774904,10.8626851851852,9.66100286996256,7.46428792743178,0.006301,0.03,21.3073836736548,9,14.5500385450689,0.0223350090648662,"CXM",1,0,0
"697462",9,0.0212,0.00639999999999999,10622.219785,482.828172045454,0.01407,0.04,28912480000,22,24806449.328125,0.02320956497175,12.140162037037,9.27079743010755,6.18172982724837,0.01407,0.04,24.0875391727614,22,16.4433774877375,0.0229443193347273,"HPE",1,0,0
"697463",9,0.0525694444444444,0.01,13380.224797,431.620154741935,0.09607,0.36,24219679376.13,31,3101796.9765625,0.020955719846997,11.8266666666667,9.50160786887989,6.06986010222087,0.09607,0.36,23.910431337004,31,14.9474924937643,0.0207391688463556,"DG",1,0,0
"697468",9,0.00727777777777777,0.00722499999999999,20034.455505,954.021690714286,0.00484,0.03,21914614084.86,21,5628554.6875,0.030312086113794,12.1378472222222,9.90525875827474,6.86173405301263,0.006301,0.03,23.8104195610276,21,15.5433634285719,0.0298617525744423,"IOT",1,0,0
"697469",9,0.00858055555555555,0.00562499999999999,19420.215113,882.737050590909,0.00879,0.27,13889823223,22,886208.0546875,0.034729820195608,12.138287037037,9.87412131007326,6.78415956430672,0.00879,0.27,23.3544222667058,22,13.6947081551265,0.0341403493503347,"RBRK",1,0,0
"697470",9,0.00334480555555555,0.000576000000000001,12407.069542,563.957706454545,0.03589,0.099999999999999,13790780876.4,22,38624.75,0.030933363265913,12.1390277777778,9.4261023094506,6.33675087251194,0.03589,0.099999999999999,23.3472661534283,22,10.5616744314873,0.0304645698382667,"DOCU",1,0,0
"697471",9,0.267908333333333,0.366025,22021.186127,2446.79845855556,0.31353,-0.089999999999999,594373888.9,9,14055.125984252,0.034395673935471,17.1457986111111,9.99980568450414,7.80294431122157,0.31353,-0.089999999999999,20.2030191219036,9,9.55081359284981,0.0338173662698115,"CBRL",1,0,0
"697472",9,0.0124914166666667,0.00705599999999999,14537.831644,2907.5663288,0.01721,0.02,3448519950.08,5,447338.928571429,0.016029555705316,16.8660069444444,9.58457839325093,7.97541556824808,0.01721,0.02,21.9612109759661,5,13.0110740511902,0.0159024389943145,"KFY",1,0,0
"697473",9,0.497394444444444,0.442225,9281.074082,441.955908666667,0.07119,0.079999999999999,3349401699,21,29341.1587301587,0.027329831449503,16.8655439814815,9.13584030102331,6.09347023612265,0.07119,0.079999999999999,21.9320475695196,21,10.2867806253421,0.0269630395116455,"ASO",1,0,0
"697474",9,0.0228666666666667,0.002025,22625.270092,2262.5270092,0.05476,0.319999999999999,3412231959.24,10,738850.8828125,0.035313967653702,12.7835185185185,10.0268669036555,7.72467949929875,0.05476,0.319999999999999,21.9506324476297,10,13.5128527506299,0.0347047311059559,"VSCO",1,0,0
"697475",9,0.0135361111111111,0.0016,9404.650783,376.18603132,0.02557,0.02,43033260000,25,7023350.9765625,0.015899823161958,11.8186111111111,9.1490659347692,5.93273851751791,0.02557,0.02,24.4852391420241,25,15.764751151579,0.0157747450450232,"KR",1,0,0
"697476",9,0.0248555555555556,0.01,10787.530696,2696.882674,0.08641,0.03,688073149.94,4,318140.703125,0.03184241978806,11.817662037037,9.28623887622728,7.90022254953601,0.08641,0.03,20.349405712833,4,12.6702521698202,0.0313459613966369,"BBW",1,0,0
"697477",9,0.3313,0.265225,21460.062077,7153.35402566667,0.00471,0.02,387985456.4,3,16122.765625,0.028334976781726,12.1309027777778,9.97399550596657,8.64901914451803,0.006301,0.02,20.1007726202039,3,9.68804958834625,0.0279409668549589,"SWBI",1,0,0
"700377",9,0.0525833333333333,0.0169,13236.34549,529.4538196,0.06323,0.44,8921984296.98,25,20763.0393700787,0.023524867274852,9.43275462962963,9.49079731769801,6.27373290355802,0.06323,0.44,22.9117842136173,25,9.94097789301924,0.0232524221355876,"FIVE",1,0,0
"701948",9,0.0413722222222222,0.055225,35204.87808,749.039959148936,0.03397,0.619999999999999,636484488900,47,3587888.2734375,0.040570699192121,16.0871296296296,10.4689683385539,6.62012648397634,0.03397,0.619999999999999,26.8640512231621,46,15.0930746414387,0.0397693118686778,"ORCL",1,0,0
"701950",9,0.333244444444444,0.429025,17762.359605,592.0786535,1.23239,-1.54,63398816100,30,128418.873015873,0.013413134579229,14.7499421296296,9.78489316560455,6.38532702679586,0.334929,-0.31,24.8727110247137,30,11.7630604325286,0.0133239748788077,"AZO",1,0,0
"701955",9,0.0123277777777778,0.011025,19387.706236,1292.51374906667,0.19639,0.33,20999158883.16,15,5442.70866141732,0.016303932157976,15.0303125,9.87244602275119,7.16511763092148,0.19639,0.33,23.7677482206848,15,9.28714543357954,0.0161724502458788,"CASY",1,0,0
"701960",9,0.04035,0.027225,18130.614454,625.193601862069,0.04607,-0.159999999999999,14367249904.86,29,1938923.7007874,0.028706648341397,15.7010069444444,9.80541234854326,6.43965959143683,0.04607,-0.159999999999999,23.38821714119,29,14.4776440994261,0.028302331991353,"CHWY",1,0,0
"701961",9,0.00333602777777778,0.001936,29968.71221,768.428518205128,0.04103,0.099999999999999,144132352000,39,57828.75,0.017732457198117,16.0931944444444,10.307942557662,6.64564805514354,0.04103,0.099999999999999,25.6939978255095,39,10.9652586281272,0.017577071404561,"ADBE",1,0,0
"701985",9,0.00728980555555556,0.00360000000000001,22322.420956,1062.97242647619,0.01361,0.04,8824773652,21,156015.261904762,0.01723566264662,14.7485532407407,10.0133916733888,6.9697647545998,0.01361,0.04,22.9008287909383,21,11.957715523778,0.0170888135723898,"CPB",1,0,0
"701986",9,0.0930388888888889,0.050625,14182.446894,7091.223447,0,0.22,242224128.96,2,1153406.85714286,0.054011978679542,14.7488078703704,9.55983085192885,8.64901914451803,0.006301,0.22,20.1007726202039,3,13.9582314722981,0.0521584717253257,"DBI",1,0,0
"701987",9,0.145086111111111,0.1764,7527.55247,684.322951818182,0.09212,-0.199999999999999,616268309.05,11,17858.6377952756,0.044238333503414,15.0286458333333,8.92645806725465,6.52989018966699,0.09212,-0.199999999999999,20.2391929933058,11,9.79029857400511,0.0432877522028984,"PLAY",1,0,0
"701993",9,0.0202305555555556,0.00902499999999999,51573.506126,51573.506126,0,0.039999999999999,10461021358,1,10242605.6220472,0.030559486627996,15.0277893518519,10.8507827620526,8.64901914451803,0.006301,0.039999999999999,23.0709219349846,3,16.1420666981168,0.0301018456677362,"GME",1,0,0
"701994",9,0.110402777777778,0.024025,18787.381825,1707.94380227273,0.31941,0.04,5203915139.5,11,697406.9765625,0.01840351962126,16.0834490740741,9.84099396975281,7.44363079917687,0.31941,0.04,22.3726770906805,11,13.45512585073,0.0182362242853901,"MTN",1,0,0
"703110",9,0.00144908333333333,0.000600249999999998,28122.590974,611.360673347826,0.21868,1,267308449487.5,46,238519.669291339,0.034082052208634,19.2780792824074,10.2443640395495,6.417321444458,0.21868,0.62,26.3116690700949,46,12.3822112492508,0.0335141271048195,"MU",2,1,1
"703111",9,0.00411308333333334,0.002116,18835.551167,856.161416681818,0.01938,0.08,25110372731.86,22,6077286.68503937,0.013233688638383,19.2780792824074,9.84355447229656,6.75362625171592,0.01938,0.08,23.9465468539667,22,15.6200690499738,0.013146888334414,"GIS",2,1,1
"703120",9,0.0171638888888889,0.00722499999999999,13533.491876,501.240439851852,0.07049,0.5,167388049358.16,27,4411833.859375,0.018397922278047,19.2780792824074,9.51299665985866,6.21907896887347,0.07049,0.5,25.8435806027172,27,15.2998012287763,0.0182307280763853,"ACN",2,1,1
"703121",9,0.0102361111111111,0.011025,27648.656503,691.216412575,0.03558,0.16,99216875484.56,40,14900498.3828125,0.022221565800679,19.2780792824074,10.2273685838353,6.53989864166126,0.03558,0.16,25.320573952541,40,16.4433774877375,0.0219782645670594,"NKE",2,1,1
"703122",9,0.00857222222222222,0.0169,11803.37328,380.753976774194,0.09218,0.79,66412790607.36,31,1951294.78125,0.016857556347479,19.2780792824074,9.37622535874141,5.94477636126568,0.09218,0.62,24.919155504507,31,14.4840042130606,0.0167170446682263,"FDX",2,1,1
"703171",9,0.0824472222222222,0.042025,6896.11005,362.953160526316,0.08222,0.169999999999999,10964041248,19,649086.2890625,0.019344383027214,19.2780792824074,8.83885776951684,5.89702517948402,0.08222,0.169999999999999,23.1178867775105,19,13.3833224844273,0.0191596588982682,"FDS",2,1,1
"703172",9,0.156155555555556,0.0361,35078.088899,1670.38518566667,0.1595,0.099999999999999,5812626896.57,21,4383501.0859375,0.038769731973421,19.2780792824074,10.4653604740565,7.42140801410019,0.1595,0.099999999999999,22.4832984392895,21,15.2933585258718,0.0380370628900578,"KMX",1,0,0
"703173",9,0.004175,0.00489999999999999,11569.106326,525.868469363636,0.02199,0.01,75601103760,22,20747.09375,0.0118559055474,19.2780792824074,9.35618000994671,6.26695093363994,0.02199,0.01,25.0487367200253,22,9.94020965396889,0.0117861749047229,"CTAS",1,0,0
"703174",9,0.0283468888888889,0.047961,7791.390017,432.855000944444,0.00806,0.03,41891501415,18,32846.53125,0.015369102759892,19.2780792824074,8.96090289758616,6.07271037907048,0.00806,0.03,24.4583488131107,18,10.3996318688817,0.0152521944291301,"PAYX",1,0,0
"703175",9,0.0101472222222222,0.00422499999999999,8326.011093,693.83425775,0.02477,0.059999999999999,8257797902.64,12,1890664.578125,0.023205937027082,19.2780792824074,9.02725985840738,6.54367333906682,0.02477,0.059999999999999,22.8344237911925,12,14.4524394827809,0.0229407736768054,"LW",2,1,1
"703176",9,0.00259022222222223,0.001156,18452.010443,636.276222172414,0.01249,0.09,36538842438.682,29,21677369.84375,0.023470173731856,19.2780792824074,9.82298280380056,6.45720319136595,0.01249,0.09,24.3216417081028,29,16.4433774877375,0.0231989842503819,"CCL",2,1,1
"898889",4,0.0077694375,0.00207025,29199.982794,572.548682235294,0.07557,0.079999999999999,1958003840773.03,51,219349.46875,0.026024865721286,4.09830324074074,10.2819576450187,6.35184281916609,0.07557,0.079999999999999,26.8640512231621,46,12.2984260435877,0.0256919820506958,"AVGO",2,1,1
"899875",4,0.00786875,0.00562499999999999,17081.424912,461.660132756757,0.06975,0.219999999999999,388123851672.51,37,25769.5625,0.01056605103468,4.09830324074074,9.74580543103573,6.13699273001525,0.06975,0.219999999999999,26.684590330976,37,10.1569881311148,0.0116712063567068,"COST",1,0,0
"899876",4,0.0085555,0.002116,9500.435714,287.891991333333,0.17505,0.379999999999999,22008952095.24,33,59238.140625,0.028405891054884,4.09830324074074,9.15919819395945,5.66605288584646,0.17505,0.379999999999999,23.8147151209579,33,10.9893377616087,0.0280099247623891,"LULU",1,0,0
"899877",4,0.2337875,0.2304,1669.151663,75.8705301363636,0.14984,-0.45,2952229836.78,22,1138556.2734375,0.03645918967443,4.09830324074074,8.23764894232911,5.18136494140678,0.14984,-0.31,21.8058265986417,22,13.9452724692703,0.0358102789149151,"RH",1,0,0
"899879",9,0.700544444444444,0.731025,10874.384841,494.290220045455,0.03655,-0.29,30246695886.66,22,4659229.75396825,0.023474284297177,7.37637731481481,9.29425724300892,6.2051438938823,0.03655,-0.29,24.1326527885703,22,15.3543609182198,0.0232030005443315,"LEN",1,0,0
"899880",9,0.644505555555556,0.366025,7715.428082,482.214255125,0.05458,0.129999999999999,4139111018.35,16,1355539.8515625,0.022427442441304,9.37216435185185,8.95110685226894,6.18046014768586,0.05458,0.129999999999999,22.1437468718587,16,14.1197110851004,0.0221796454793733,"KBH",1,0,0
"899881",9,0.03645,0.024025,7430.391829,391.073254157895,0.01096,0.01,8572380992,19,11124446.9296875,0.015811848854024,10.0901041666667,8.91346844574057,5.97144869518368,0.01096,0.01,22.8718113596736,19,16.2246557604875,0.0156881438710469,"CAG",1,0,0
"973541",9,0.683686111111111,0.664225,37515.813552,5359.401936,0.10885,0,13304029040,7,1996604.41732283,0.024726524186327,19.1037962962963,10.5325444728612,8.58679423931309,0.10885,0,23.3113327616368,7,14.5069590051548,0.02442577131953,"JEF",2,1,1
"973542",9,0.883446277777778,0.753424,56384.685101,18794.8950336667,0.0835,-0.169999999999999,2682560330.82,3,2249.0625,0.016459720987985,19.2780792824074,10.9399705950049,8.64901914451803,0.0835,-0.169999999999999,21.7100375227363,3,9.28714543357954,0.016325728104889,"WDFC",2,1,1
