ric,event_date,event_time,event_type,event_title,ticker,company_name,gics_sector,gics_industry,trbc_industry,primary_exchange,exchange_mic,hq_country,hq_country_code,country_of_risk,exchange_country,market_cap_usd_asof_mid,analysts_covering_asof_mid,turnover_lookback_sum_volume_asof_mid,turnover_lookback_avg_daily_volume_asof_mid,volatility_lookback_asof_mid,turnover_lookback_window_start_asof_mid,turnover_lookback_window_end_asof_mid,asof_mid_date_utc,observed_window_start_utc,observed_window_end_utc,retrieved_at_utc
A.N,2025-11-24,21:10:00,EarningsReleases,Q4 2025 Agilent Technologies Inc Earnings Release,A,Agilent Technologies Inc,Health Care,Life Sciences Tools & Services,Advanced Medical Equipment & Technology,,,United States of America,US,United States of America,United States of America,44566267124.4,19,66136624,516692.375,0.018006096601509286,2025-05-26,2025-11-25,2025-11-25,2025-09-17,2026-02-02,2026-02-02T16:29:55Z
AA.N,2025-10-22,20:10:00,EarningsReleases,Q3 2025 Alcoa Corp Earnings Release,AA,Alcoa Corp,Materials,Metals & Mining,Aluminum,,,United States of America,US,United States of America,United States of America,10151390054.4,14,183222062,1431422.359375,0.030786014067963892,2025-05-26,2025-11-25,2025-11-25,2025-09-17,2026-02-02,2026-02-02T16:29:55Z
AA.N,2026-01-22,21:10:00,EarningsReleases,Q4 2025 Alcoa Corp Earnings Release,AA,Alcoa Corp,Materials,Metals & Mining,Aluminum,,,United States of America,US,United States of America,United States of America,10151390054.4,14,183222062,1431422.359375,0.030786014067963892,2025-05-26,2025-11-25,2025-11-25,2025-09-17,2026-02-02,2026-02-02T16:29:55Z
AAM.N,2025-11-07,21:00:00,EarningsReleases,Q3 2025 AA Mission Acquisition Corp Earnings Release,AAM,AA Mission Acquisition Corp,,,Investment Holding Companies,,,United States of America,US,United States of America,United States of America,466124400.0,,279585,2474.2035398230087,0.001908994520501708,2025-05-26,2025-11-25,2025-11-25,2025-09-17,2026-02-02,2026-02-02T16:29:55Z
AAMI.N,2025-10-30,11:30:00,EarningsReleases,Q3 2025 Acadian Asset Management Inc Earnings Release,AAMI,Acadian Asset Management Inc,Financials,Capital Markets,Investment Management & Fund Operators,,,United States of America,US,United States of America,United States of America,1602982396.8,3,11943199,93306.2421875,0.026488746769188578,2025-05-26,2025-11-25,2025-11-25,2025-09-17,2026-02-02,2026-02-02T16:29:55Z
AAP.N,2025-10-30,10:30:00,EarningsReleases,Q3 2025 Advance Auto Parts Inc Earnings Release,AAP,Advance Auto Parts Inc,Consumer Discretionary,Specialty Retail,"Auto Vehicles, Parts & Service Retailers",,,United States of America,US,United States of America,United States of America,3064735829.7,30,78537795,613576.5234375,0.03423513793087126,2025-05-26,2025-11-25,2025-11-25,2025-09-17,2026-02-02,2026-02-02T16:29:55Z
AAT.N,2025-10-28,20:15:01,EarningsReleases,Q3 2025 American Assets Trust Inc Earnings Release,AAT,American Assets Trust Inc,Real Estate,Diversified REITs,Diversified REITs,,,United States of America,US,United States of America,United States of America,1188193891.06,1,19751758,154310.609375,0.016136980488074375,2025-05-26,2025-11-25,2025-11-25,2025-09-17,2026-02-02,2026-02-02T16:29:55Z
AAUC.N,2025-10-15,22:22:52,EarningsReleases,Preliminary Q3 2025 Allied Gold Corp Earnings Release,AAUC,Allied Gold Corp,Materials,Metals & Mining,Gold,,,Canada,CA,Canada,United States of America,2161826144.654,7,5653772,47510.68907563025,0.034675531206283264,2025-05-26,2025-11-25,2025-11-25,2025-09-17,2026-02-02,2026-02-02T16:29:55Z
AAUC.N,2025-11-05,22:01:53,EarningsReleases,Q3 2025 Allied Gold Corp Earnings Release,AAUC,Allied Gold Corp,Materials,Metals & Mining,Gold,,,Canada,CA,Canada,United States of America,2161826144.654,7,5653772,47510.68907563025,0.034675531206283264,2025-05-26,2025-11-25,2025-11-25,2025-09-17,2026-02-02,2026-02-02T16:29:55Z
AB.N,2025-10-23,10:20:00,EarningsReleases,Q3 2025 AllianceBernstein Holding LP Earnings Release,AB,AllianceBernstein Holding LP,Financials,Capital Markets,Investment Management & Fund Operators,,,United States of America,US,United States of America,United States of America,3737092818.57,7,3428938,26788.578125,0.011311334687189435,2025-05-26,2025-11-25,2025-11-25,2025-09-17,2026-02-02,2026-02-02T16:29:55Z
ABBV.N,2025-10-31,11:49:00,EarningsReleases,Q3 2025 AbbVie Inc Earnings Release,ABBV,AbbVie Inc,Health Care,Biotechnology,Pharmaceuticals,,,United States of America,US,United States of America,United States of America,409679757697.6,32,211787755,1654591.8359375,0.01452811064616871,2025-05-26,2025-11-25,2025-11-25,2025-09-17,2026-02-02,2026-02-02T16:29:55Z
ABCB.N,2025-10-27,20:15:00,EarningsReleases,Q3 2025 Ameris Bancorp Earnings Release,ABCB,Ameris Bancorp,Financials,Banks,Banks,,,United States of America,US,United States of America,United States of America,5209712881.44,7,18690660,146020.78125,0.01613709234744222,2025-05-26,2025-11-25,2025-11-25,2025-09-17,2026-02-02,2026-02-02T16:29:55Z
ABCB.N,2026-01-29,21:15:01,EarningsReleases,Q4 2025 Ameris Bancorp Earnings Release,ABCB,Ameris Bancorp,Financials,Banks,Banks,,,United States of America,US,United States of America,United States of America,5209712881.44,7,18690660,146020.78125,0.01613709234744222,2025-05-26,2025-11-25,2025-11-25,2025-09-17,2026-02-02,2026-02-02T16:29:55Z
ABG.N,2025-10-28,11:00:01,EarningsReleases,Q3 2025 Asbury Automotive Group Inc Earnings Release,ABG,Asbury Automotive Group Inc,Consumer Discretionary,Specialty Retail,"Auto Vehicles, Parts & Service Retailers",,,United States of America,US,United States of America,United States of America,4541703159.96,11,7345129,57383.8203125,0.021605457944671495,2025-05-26,2025-11-25,2025-11-25,2025-09-17,2026-02-02,2026-02-02T16:29:55Z
ABM.N,2025-12-17,11:59:00,EarningsReleases,Q4 2025 ABM Industries Inc Earnings Release,ABM,ABM Industries Inc,Industrials,Commercial Services & Supplies,Business Support Services,,,United States of America,US,United States of America,United States of America,2629383451.3,7,25064116,195813.40625,0.017155573524453207,2025-05-26,2025-11-25,2025-11-25,2025-09-17,2026-02-02,2026-02-02T16:29:55Z
ABR.N,2025-10-31,12:30:02,EarningsReleases,Q3 2025 Arbor Realty Trust Inc Earnings Release,ABR,Arbor Realty Trust Inc,Financials,Mortgage Real Estate Investment Trusts (REITs),Specialized REITs,,,United States of America,US,United States of America,United States of America,1743781757.85,4,87295174,681993.546875,0.022419993404313544,2025-05-26,2025-11-25,2025-11-25,2025-09-17,2026-02-02,2026-02-02T16:29:55Z
ABT.N,2025-10-15,11:30:13,EarningsReleases,Q3 2025 Abbott Laboratories Earnings Release,ABT,Abbott Laboratories,Health Care,Health Care Equipment & Supplies,"Medical Equipment, Supplies & Distribution",,,United States of America,US,United States of America,United States of America,222662552813.35,31,225344281,1760502.1953125,0.013614206599851669,2025-05-26,2025-11-25,2025-11-25,2025-09-17,2026-02-02,2026-02-02T16:29:55Z
ABT.N,2026-01-22,12:30:00,EarningsReleases,Q4 2025 Abbott Laboratories Earnings Release,ABT,Abbott Laboratories,Health Care,Health Care Equipment & Supplies,"Medical Equipment, Supplies & Distribution",,,United States of America,US,United States of America,United States of America,222662552813.35,31,225344281,1760502.1953125,0.013614206599851669,2025-05-26,2025-11-25,2025-11-25,2025-09-17,2026-02-02,2026-02-02T16:29:55Z
ABX.N,2025-11-06,21:05:13,EarningsReleases,Q3 2025 Abacus Global Management Inc Earnings Release,ABX,Abacus Global Management Inc,Financials,Insurance,Multiline Insurance & Brokers,,,United States of America,US,United States of America,United States of America,609000286.65,5,40925418,319729.828125,0.04458217752418446,2025-05-26,2025-11-25,2025-11-25,2025-09-17,2026-02-02,2026-02-02T16:29:55Z
ACA.N,2025-10-30,21:03:00,EarningsReleases,Q3 2025 Arcosa Inc Earnings Release,ACA,Arcosa Inc,Industrials,Construction & Engineering,Construction & Engineering,,,United States of America,US,United States of America,United States of America,5207600754.5,6,12457555,97324.6484375,0.020601698331641546,2025-05-26,2025-11-25,2025-11-25,2025-09-17,2026-02-02,2026-02-02T16:29:55Z
ACCO.N,2025-10-30,20:05:00,EarningsReleases,Q3 2025 ACCO Brands Corp Earnings Release,ACCO,ACCO Brands Corp,Industrials,Commercial Services & Supplies,Business Support Supplies,,,United States of America,US,United States of America,United States of America,310969658.85,3,23956968,187163.8125,0.022041226745677593,2025-05-26,2025-11-25,2025-11-25,2025-09-17,2026-02-02,2026-02-02T16:29:55Z
ACEL.N,2025-11-04,21:15:00,EarningsReleases,Q3 2025 Accel Entertainment Inc Earnings Release,ACEL,Accel Entertainment Inc,Consumer Discretionary,"Hotels, Restaurants & Leisure",Casinos & Gaming,,,United States of America,US,United States of America,United States of America,841232334.06,4,16243586,126903.015625,0.02177322593343966,2025-05-26,2025-11-25,2025-11-25,2025-09-17,2026-02-02,2026-02-02T16:29:55Z
ACH.N,2025-10-30,20:05:00,EarningsReleases,Q3 2025 Owens & Minor Inc Earnings Release,ACH,Accendra Health Inc,Health Care,Health Care Providers & Services,"Medical Equipment, Supplies & Distribution",,,United States of America,US,United States of America,United States of America,212703133.5,6,76218616,595457.9375,0.06002346190043085,2025-05-26,2025-11-25,2025-11-25,2025-09-17,2026-02-02,2026-02-02T16:29:55Z
ACHR.N,2025-11-06,21:00:00,EarningsReleases,Q3 2025 Archer Aviation Inc Earnings Release,ACHR,Archer Aviation Inc,Industrials,Aerospace & Defense,Aerospace & Defense,,,United States of America,US,United States of America,United States of America,4817773497.06,9,888953201,6944946.8828125,0.04958553569329578,2025-05-26,2025-11-25,2025-11-25,2025-09-17,2026-02-02,2026-02-02T16:29:55Z
ACI.N,2025-10-14,11:30:00,EarningsReleases,Q2 2025 Albertsons Companies Inc Earnings Release,ACI,Albertsons Companies Inc,Consumer Staples,Consumer Staples Distribution & Retail,Food Retail & Distribution,,,United States of America,US,United States of America,United States of America,9887535540.0,21,256533582,2004168.609375,0.018262150933623395,2025-05-26,2025-11-25,2025-11-25,2025-09-17,2026-02-02,2026-02-02T16:29:55Z
ACI.N,2026-01-07,13:30:00,EarningsReleases,Q3 2025 Albertsons Companies Inc Earnings Release,ACI,Albertsons Companies Inc,Consumer Staples,Consumer Staples Distribution & Retail,Food Retail & Distribution,,,United States of America,US,United States of America,United States of America,9887535540.0,21,256533582,2004168.609375,0.018262150933623395,2025-05-26,2025-11-25,2025-11-25,2025-09-17,2026-02-02,2026-02-02T16:29:55Z
ACM.N,2025-11-18,11:58:00,EarningsReleases,Q4 2025 AECOM Earnings Release,ACM,AECOM,Industrials,Construction & Engineering,Construction & Engineering,,,United States of America,US,United States of America,United States of America,13694846528.16,14,43412417,339159.5078125,0.017278061970015798,2025-05-26,2025-11-25,2025-11-25,2025-09-17,2026-02-02,2026-02-02T16:29:55Z
ACN.N,2025-09-25,10:39:00,EarningsReleases,Q4 2025 Accenture PLC Earnings Release,ACN,Accenture PLC,Information Technology,IT Services,IT Services & Consulting,,,Ireland,IE,Ireland,United States of America,154557216053.16,27,143102001,1117984.3828125,0.017704907091172332,2025-05-26,2025-11-25,2025-11-25,2025-09-17,2026-02-02,2026-02-02T16:29:55Z
ACN.N,2025-12-18,11:39:00,EarningsReleases,Q1 2026 Accenture PLC Earnings Release,ACN,Accenture PLC,Information Technology,IT Services,IT Services & Consulting,,,Ireland,IE,Ireland,United States of America,154557216053.16,27,143102001,1117984.3828125,0.017704907091172332,2025-05-26,2025-11-25,2025-11-25,2025-09-17,2026-02-02,2026-02-02T16:29:55Z
ACR.N,2025-10-29,20:10:00,EarningsReleases,Q3 2025 Acres Commercial Realty Corp Earnings Release,ACR,Acres Commercial Realty Corp,Financials,Mortgage Real Estate Investment Trusts (REITs),Specialized REITs,,,United States of America,US,United States of America,United States of America,154966413.6,2,1394753,10896.5078125,0.01710702429004585,2025-05-26,2025-11-25,2025-11-25,2025-09-17,2026-02-02,2026-02-02T16:29:55Z
ACRE.N,2025-11-07,11:00:00,EarningsReleases,Q3 2025 Ares Commercial Real Estate Corp Earnings Release,ACRE,Ares Commercial Real Estate Corp,Financials,Mortgage Real Estate Investment Trusts (REITs),Specialized REITs,,,United States of America,US,United States of America,United States of America,288888878.25,7,18573443,145105.0234375,0.025465432246521858,2025-05-26,2025-11-25,2025-11-25,2025-09-17,2026-02-02,2026-02-02T16:29:55Z
ACVA.N,2025-11-05,21:05:02,EarningsReleases,Q3 2025 ACV Auctions Inc Earnings Release,ACVA,ACV Auctions Inc,Industrials,Commercial Services & Supplies,Online Services,,,United States of America,US,United States of America,United States of America,1306779597.75,15,95045890,742546.015625,0.05367365316390755,2025-05-26,2025-11-25,2025-11-25,2025-09-17,2026-02-02,2026-02-02T16:29:55Z
AD.N,2025-11-07,12:30:00,EarningsReleases,Q3 2025 Telephone and Data Systems Inc And Array Digital Infrastructure Inc Earnings Release,AD,Array Digital Infrastructure Inc,Communication Services,Wireless Telecommunication Services,Wireless Telecommunications Services,,,United States of America,US,United States of America,United States of America,4085856000.0,7,9942950,77679.296875,0.016232615337684216,2025-05-26,2025-11-25,2025-11-25,2025-09-17,2026-02-02,2026-02-02T16:29:55Z
ADC.N,2025-10-21,20:05:00,EarningsReleases,Q3 2025 Agree Realty Corp Earnings Release,ADC,Agree Realty Corp,Real Estate,Retail REITs,Commercial REITs,,,United States of America,US,United States of America,United States of America,8631572689.0,8,50232896,392444.5,0.009346072050518628,2025-05-26,2025-11-25,2025-11-25,2025-09-17,2026-02-02,2026-02-02T16:29:55Z
ADCT.N,2025-11-10,12:30:05,EarningsReleases,Q3 2025 ADC Therapeutics SA Earnings Release,ADCT,ADC Therapeutics SA,Health Care,Biotechnology,Biotechnology & Medical Research,,,Switzerland,CH,Switzerland,United States of America,543820517.29,6,32613483,254792.8359375,0.04367530337447764,2025-05-26,2025-11-25,2025-11-25,2025-09-17,2026-02-02,2026-02-02T16:29:55Z
ADCT.N,2026-01-08,21:05:00,EarningsReleases,Preliminary Q4 2025 ADC Therapeutics SA Earnings Release,ADCT,ADC Therapeutics SA,Health Care,Biotechnology,Biotechnology & Medical Research,,,Switzerland,CH,Switzerland,United States of America,543820517.29,6,32613483,254792.8359375,0.04367530337447764,2025-05-26,2025-11-25,2025-11-25,2025-09-17,2026-02-02,2026-02-02T16:29:55Z
ADM.N,2025-11-04,11:00:00,EarningsReleases,Q3 2025 Archer-Daniels-Midland Co Earnings Release,ADM,Archer-Daniels-Midland Co,Consumer Staples,Food Products,Food Processing,,,United States of America,US,United States of America,United States of America,28690013179.5,12,154972318,1210721.234375,0.016977755996227632,2025-05-26,2025-11-25,2025-11-25,2025-09-17,2026-02-02,2026-02-02T16:29:55Z
ADNT.N,2025-11-05,11:50:00,EarningsReleases,Q4 2025 Adient PLC Earnings Release,ADNT,Adient PLC,Consumer Discretionary,Automobile Components,"Auto, Truck & Motorcycle Parts",,,Ireland,IE,Ireland,United States of America,1545828736.41,14,55570887,434147.5546875,0.03042162524484304,2025-05-26,2025-11-25,2025-11-25,2025-09-17,2026-02-02,2026-02-02T16:29:55Z
ADT.N,2025-11-04,11:55:01,EarningsReleases,Q3 2025 ADT Inc Earnings Release,ADT,ADT Inc,Consumer Discretionary,Diversified Consumer Services,Communications & Networking,,,United States of America,US,United States of America,United States of America,6615485279.52,5,389289706,3041325.828125,0.015386797951311962,2025-05-26,2025-11-25,2025-11-25,2025-09-17,2026-02-02,2026-02-02T16:29:55Z
ADX.N,2025-10-22,20:00:00,EarningsReleases,Q3 2025 Adams Diversified Equity Fund Inc Earnings Release,ADX,Adams Diversified Equity Fund Inc,,,Closed End Funds,,,United States of America,US,United States of America,United States of America,2690802800.0,,4177635,32637.7734375,0.008152352730214293,2025-05-26,2025-11-25,2025-11-25,2025-09-17,2026-02-02,2026-02-02T16:29:55Z
AEE.N,2025-11-05,21:30:00,EarningsReleases,Q3 2025 Ameren Corp Earnings Release,AEE,Ameren Corp,Utilities,Multi-Utilities,Multiline Utilities,,,United States of America,US,United States of America,United States of America,28380326586.72,15,75632237,590876.8515625,0.008444191481362722,2025-05-26,2025-11-25,2025-11-25,2025-09-17,2026-02-02,2026-02-02T16:29:55Z
AEM.N,2025-10-29,21:00:00,EarningsReleases,Q3 2025 Agnico Eagle Mines Ltd Earnings Release,AEM,Agnico Eagle Mines Ltd,Materials,Metals & Mining,Gold,,,Canada,CA,Canada,United States of America,83183538944.6682,18,68939605,538590.6640625,0.02342006554824483,2025-05-26,2025-11-25,2025-11-25,2025-09-17,2026-02-02,2026-02-02T16:29:55Z
AEO.N,2025-12-02,21:10:00,EarningsReleases,Q3 2025 American Eagle Outfitters Inc Earnings Release,AEO,American Eagle Outfitters Inc,Consumer Discretionary,Specialty Retail,Apparel & Accessories Retailers,,,United States of America,US,United States of America,United States of America,3329201633.72,12,276935633,2163559.6328125,0.04678992676828067,2025-05-26,2025-11-25,2025-11-25,2025-09-17,2026-02-02,2026-02-02T16:29:55Z
AER.N,2025-10-29,11:00:02,EarningsReleases,Q3 2025 AerCap Holdings NV Earnings Release,AER,AerCap Holdings NV,Industrials,Trading Companies & Distributors,Corporate Financial Services,,,Ireland,IE,Ireland,United States of America,23023001179.08,9,48989523,382730.6484375,0.012861106805247314,2025-05-26,2025-11-25,2025-11-25,2025-09-17,2026-02-02,2026-02-02T16:29:55Z
AES.N,2025-11-04,21:14:00,EarningsReleases,Q3 2025 AES Corp Earnings Release,AES,AES Corp,Utilities,Independent Power and Renewable Electricity Producers,Electric Utilities,,,United States of America,US,United States of America,United States of America,9834390236.64,15,391093186,3055415.515625,0.030403213124569714,2025-05-26,2025-11-25,2025-11-25,2025-09-17,2026-02-02,2026-02-02T16:29:55Z
AESI.N,2025-11-03,21:15:00,EarningsReleases,Q3 2025 Atlas Energy Solutions Inc Earnings Release,AESI,Atlas Energy Solutions Inc,Energy,Energy Equipment & Services,Construction Materials,,,United States of America,US,United States of America,United States of America,1034011297.8,12,86083466,672527.078125,0.03837939600686647,2025-05-26,2025-11-25,2025-11-25,2025-09-17,2026-02-02,2026-02-02T16:29:55Z
AFB.N,2025-09-26,20:06:02,EarningsReleases,Q3 2025 Alliancebernstein National Municipal Income Fund Inc Earnings Release,AFB,Alliancebernstein National Municipal Income Fund Inc,,,Closed End Funds,,,United States of America,US,United States of America,United States of America,312457454.32,,1903343,14869.8671875,0.00501328988983939,2025-05-26,2025-11-25,2025-11-25,2025-09-17,2026-02-02,2026-02-02T16:29:55Z
AFB.N,2025-12-26,21:06:00,EarningsReleases,Q4 2025 Alliancebernstein National Municipal Income Fund Inc Earnings Release,AFB,Alliancebernstein National Municipal Income Fund Inc,,,Closed End Funds,,,United States of America,US,United States of America,United States of America,312457454.32,,1903343,14869.8671875,0.00501328988983939,2025-05-26,2025-11-25,2025-11-25,2025-09-17,2026-02-02,2026-02-02T16:29:55Z
AFG.N,2025-11-04,22:00:00,EarningsReleases,Q3 2025 American Financial Group Inc Earnings Release,AFG,American Financial Group Inc,Financials,Insurance,Property & Casualty Insurance,,,United States of America,US,United States of America,United States of America,11472161328.6,6,21197369,165604.4453125,0.013073823679590693,2025-05-26,2025-11-25,2025-11-25,2025-09-17,2026-02-02,2026-02-02T16:29:55Z
AFL.N,2025-11-04,21:05:01,EarningsReleases,Q3 2025 Aflac Inc Earnings Release,AFL,Aflac Inc,Financials,Insurance,Life & Health Insurance,,,United States of America,US,United States of America,United States of America,58506836554.71,13,118253035,923851.8359375,0.010770665982970723,2025-05-26,2025-11-25,2025-11-25,2025-09-17,2026-02-02,2026-02-02T16:29:55Z
AG.N,2025-11-05,13:30:00,EarningsReleases,Q3 2025 First Majestic Silver Corp Earnings Release,AG,First Majestic Silver Corp,Materials,Metals & Mining,Non-Gold Precious Metals & Minerals,,,Canada,CA,Canada,United States of America,6087418216.98809,6,432668744,3380224.5625,0.04092751915172962,2025-05-26,2025-11-25,2025-11-25,2025-09-17,2026-02-02,2026-02-02T16:29:55Z
AGCO.N,2025-10-31,11:30:01,EarningsReleases,Q3 2025 AGCO Corp Earnings Release,AGCO,AGCO Corp,Industrials,Machinery,Heavy Machinery & Vehicles,,,United States of America,US,United States of America,United States of America,8292170653.92,15,29063358,227057.484375,0.020079348283823968,2025-05-26,2025-11-25,2025-11-25,2025-09-17,2026-02-02,2026-02-02T16:29:55Z
AGI.N,2025-10-29,21:15:00,EarningsReleases,Q3 2025 Alamos Gold Inc Earnings Release,AGI,Alamos Gold Inc,Materials,Metals & Mining,Gold,,,Canada,CA,Canada,United States of America,14568446409.0187,11,107700077,841406.8515625,0.02591567998590009,2025-05-26,2025-11-25,2025-11-25,2025-09-17,2026-02-02,2026-02-02T16:29:55Z
AGL.N,2025-11-04,21:05:00,EarningsReleases,Q3 2025 agilon health inc Earnings Release,AGL,agilon health inc,Health Care,Health Care Providers & Services,Healthcare Facilities & Services,,,United States of America,US,United States of America,United States of America,264959103.1164,18,197052324,1539471.28125,0.07956612341274147,2025-05-26,2025-11-25,2025-11-25,2025-09-17,2026-02-02,2026-02-02T16:29:55Z
AGM.N,2025-11-03,21:05:01,EarningsReleases,Q3 2025 Federal Agricultural Mortgage Corp Earnings Release,AGM,Federal Agricultural Mortgage Corp,Financials,Financial Services,Corporate Financial Services,,,United States of America,US,United States of America,United States of America,1805949005.58,3,3442872,26897.4375,0.019176791305663837,2025-05-26,2025-11-25,2025-11-25,2025-09-17,2026-02-02,2026-02-02T16:29:55Z
AGO.N,2025-11-06,21:00:00,EarningsReleases,Q3 2025 Assured Guaranty Ltd Earnings Release,AGO,Assured Guaranty Ltd,Financials,Insurance,Property & Casualty Insurance,,,Bermuda,BM,Bermuda,United States of America,4150142724.65,3,16121273,125947.4453125,0.012255946473503023,2025-05-26,2025-11-25,2025-11-25,2025-09-17,2026-02-02,2026-02-02T16:29:55Z
AGRO.N,2025-11-11,22:30:00,EarningsReleases,Q3 2025 Adecoagro SA Earnings Release,AGRO,Adecoagro SA,Consumer Staples,Food Products,Food Processing,,,Luxembourg,LU,Luxembourg,United States of America,785678554.0,4,18964815,148162.6171875,0.01944261349663787,2025-05-26,2025-11-25,2025-11-25,2025-09-17,2026-02-02,2026-02-02T16:29:55Z
AGX.N,2025-12-04,21:05:00,EarningsReleases,Q3 2026 Argan Inc Earnings Release,AGX,Argan Inc,Industrials,Construction & Engineering,Construction & Engineering,,,United States of America,US,United States of America,United States of America,5178805218.9,5,11902076,92984.96875,0.040315455714401455,2025-05-26,2025-11-25,2025-11-25,2025-09-17,2026-02-02,2026-02-02T16:29:55Z
AHH.N,2025-11-03,21:05:04,EarningsReleases,Q3 2025 Armada Hoffler Properties Inc Earnings Release,AHH,Armada Hoffler Properties Inc,Real Estate,Diversified REITs,Diversified REITs,,,United States of America,US,United States of America,United States of America,664554301.38,0,30808477,240691.2265625,0.0160391562432283,2025-05-26,2025-11-25,2025-11-25,2025-09-17,2026-02-02,2026-02-02T16:29:55Z
AHR.N,2025-11-06,21:15:00,EarningsReleases,Q3 2025 American Healthcare REIT Inc Earnings Release,AHR,American Healthcare REIT Inc,Real Estate,Health Care REITs,Specialized REITs,,,United States of America,US,United States of America,United States of America,9087848175.14,6,68143696,532372.625,0.012366039357872068,2025-05-26,2025-11-25,2025-11-25,2025-09-17,2026-02-02,2026-02-02T16:29:55Z
AHT.N,2025-11-04,21:00:00,EarningsReleases,Q3 2025 Ashford Hospitality Trust Inc Earnings Release,AHT,Ashford Hospitality Trust Inc,Real Estate,Hotel & Resort REITs,Specialized REITs,,,United States of America,US,United States of America,United States of America,20516902.4,1,766584,5988.9375,0.023802560954184777,2025-05-26,2025-11-25,2025-11-25,2025-09-17,2026-02-02,2026-02-02T16:29:55Z
AI.N,2025-12-03,21:05:00,EarningsReleases,Q2 2026 C3.ai Inc Earnings Release,AI,C3.ai Inc,Information Technology,Software,Software,,,United States of America,US,United States of America,United States of America,1995881524.58,15,190754676,1490270.90625,0.04575718613605861,2025-05-26,2025-11-25,2025-11-25,2025-09-17,2026-02-02,2026-02-02T16:29:55Z
AIG.N,2025-11-04,21:16:00,EarningsReleases,Q3 2025 American International Group Inc Earnings Release,AIG,American International Group Inc,Financials,Insurance,Property & Casualty Insurance,,,United States of America,US,United States of America,United States of America,40473599810.54,20,170765290,1334103.828125,0.013625246312845,2025-05-26,2025-11-25,2025-11-25,2025-09-17,2026-02-02,2026-02-02T16:29:55Z
AII.N,2025-11-11,21:15:00,EarningsReleases,Q3 2025 American Integrity Insurance Group Inc Earnings Release,AII,American Integrity Insurance Group Inc,Financials,Insurance,Property & Casualty Insurance,,,United States of America,US,United States of America,United States of America,408959435.56,6,6161959,48140.3046875,0.025216296992267684,2025-05-26,2025-11-25,2025-11-25,2025-09-17,2026-02-02,2026-02-02T16:29:55Z
AIN.N,2025-11-05,21:30:00,EarningsReleases,Q3 2025 Albany International Corp Earnings Release,AIN,Albany International Corp,Industrials,Machinery,Industrial Machinery & Equipment,,,United States of America,US,United States of America,United States of America,1364685000.0,4,14484599,113160.9296875,0.032903475091336086,2025-05-26,2025-11-25,2025-11-25,2025-09-17,2026-02-02,2026-02-02T16:29:55Z
AIO.N,2025-10-06,,EarningsReleases,Half Year 2026 Virtus Artificial Intelligence & Technology Opportunities Fund Earnings Release,AIO,Virtus Artificial Intelligence & Technology Opportunities Fund,,,Closed End Funds,,,United States of America,US,United States of America,United States of America,783292805.75,,1358075,10609.9609375,0.010523485197396076,2025-05-26,2025-11-25,2025-11-25,2025-09-17,2026-02-02,2026-02-02T16:29:55Z
AIR.N,2025-09-23,20:05:03,EarningsReleases,Q1 2026 AAR Corp Earnings Release,AIR,AAR Corp,Industrials,Aerospace & Defense,Aerospace & Defense,,,United States of America,US,United States of America,United States of America,3264301132.41,6,16706548,130519.90625,0.022618472976356538,2025-05-26,2025-11-25,2025-11-25,2025-09-17,2026-02-02,2026-02-02T16:29:55Z
AIR.N,2026-01-06,21:05:00,EarningsReleases,Q2 2026 AAR Corp Earnings Release,AIR,AAR Corp,Industrials,Aerospace & Defense,Aerospace & Defense,,,United States of America,US,United States of America,United States of America,3264301132.41,6,16706548,130519.90625,0.022618472976356538,2025-05-26,2025-11-25,2025-11-25,2025-09-17,2026-02-02,2026-02-02T16:29:55Z
AIT.N,2025-10-28,10:30:00,EarningsReleases,Q1 2026 Applied Industrial Technologies Inc Earnings Release,AIT,Applied Industrial Technologies Inc,Industrials,Trading Companies & Distributors,Industrial Machinery & Equipment,,,United States of America,US,United States of America,United States of America,9647487019.8,9,15018512,117332.125,0.016396697500768016,2025-05-26,2025-11-25,2025-11-25,2025-09-17,2026-02-02,2026-02-02T16:29:55Z
AIT.N,2026-01-27,11:30:00,EarningsReleases,Q2 2026 Applied Industrial Technologies Inc Earnings Release,AIT,Applied Industrial Technologies Inc,Industrials,Trading Companies & Distributors,Industrial Machinery & Equipment,,,United States of America,US,United States of America,United States of America,9647487019.8,9,15018512,117332.125,0.016396697500768016,2025-05-26,2025-11-25,2025-11-25,2025-09-17,2026-02-02,2026-02-02T16:29:55Z
AIV.N,2025-11-10,21:46:39,EarningsReleases,Q3 2025 Apartment Investment and Management Co Earnings Release,AIV,Apartment Investment and Management Co,Real Estate,Residential REITs,Residential REITs,,,United States of America,US,United States of America,United States of America,819789822.6,,61706016,482078.25,0.015200459537590813,2025-05-26,2025-11-25,2025-11-25,2025-09-17,2026-02-02,2026-02-02T16:29:55Z
AIZ.N,2025-11-04,21:28:00,EarningsReleases,Q3 2025 Assurant Inc Earnings Release,AIZ,Assurant Inc,Financials,Insurance,Property & Casualty Insurance,,,United States of America,US,United States of America,United States of America,11427006868.7,8,20049756,156638.71875,0.01579092810321701,2025-05-26,2025-11-25,2025-11-25,2025-09-17,2026-02-02,2026-02-02T16:29:55Z
AJG.N,2025-10-30,20:00:00,EarningsReleases,Q3 2025 Arthur J. Gallagher & Co. Earnings Release,AJG,Arthur J. Gallagher & Co.,Financials,Insurance,Multiline Insurance & Brokers,,,United States of America,US,United States of America,United States of America,64262883200.0,19,54987047,429586.3046875,0.015624506615389087,2025-05-26,2025-11-25,2025-11-25,2025-09-17,2026-02-02,2026-02-02T16:29:55Z
AJG.N,2026-01-29,21:15:01,EarningsReleases,Q4 2025 Arthur J. Gallagher & Co. Earnings Release,AJG,Arthur J. Gallagher & Co.,Financials,Insurance,Multiline Insurance & Brokers,,,United States of America,US,United States of America,United States of America,64262883200.0,19,54987047,429586.3046875,0.015624506615389087,2025-05-26,2025-11-25,2025-11-25,2025-09-17,2026-02-02,2026-02-02T16:29:55Z
AKA.N,2025-11-05,21:00:00,EarningsReleases,Q3 2025 AKA Brands Holding Corp Earnings Release,AKA,AKA Brands Holding Corp,Consumer Discretionary,Specialty Retail,Apparel & Accessories Retailers,,,United States of America,US,United States of America,United States of America,149066702.88,5,228341,1783.9140625,0.05289630569599989,2025-05-26,2025-11-25,2025-11-25,2025-09-17,2026-02-02,2026-02-02T16:29:55Z
AKR.N,2025-10-28,20:15:00,EarningsReleases,Q3 2025 Acadia Realty Trust Earnings Release,AKR,Acadia Realty Trust,Real Estate,Retail REITs,Commercial REITs,,,United States of America,US,United States of America,United States of America,2704554639.36,7,69305452,541448.84375,0.013973623370644679,2025-05-26,2025-11-25,2025-11-25,2025-09-17,2026-02-02,2026-02-02T16:29:55Z
AL.N,2025-11-03,21:05:01,EarningsReleases,Q3 2025 Air Lease Corp Earnings Release,AL,Air Lease Corp,Industrials,Trading Companies & Distributors,Corporate Financial Services,,,United States of America,US,United States of America,United States of America,7136197293.2,6,53736215,419814.1796875,0.01063247196998271,2025-05-26,2025-11-25,2025-11-25,2025-09-17,2026-02-02,2026-02-02T16:29:55Z
ALB.N,2025-11-05,21:15:00,EarningsReleases,Q3 2025 Albemarle Corp Earnings Release,ALB,Albemarle Corp,Materials,Chemicals,Specialty Chemicals,,,United States of America,US,United States of America,United States of America,14742793860.4,27,128222583,1001738.9296875,0.040552296437250245,2025-05-26,2025-11-25,2025-11-25,2025-09-17,2026-02-02,2026-02-02T16:29:55Z
ALC.N,2025-11-11,21:30:00,EarningsReleases,Q3 2025 Alcon AG Earnings Release,ALC,Alcon AG,Health Care,Health Care Equipment & Supplies,"Medical Equipment, Supplies & Distribution",,,Switzerland,CH,Switzerland,United States of America,39266557012.1197,25,49731805,388529.7265625,0.017453304669996214,2025-05-26,2025-11-25,2025-11-25,2025-09-17,2026-02-02,2026-02-02T16:29:55Z
ALEX.N,2025-10-30,20:05:01,EarningsReleases,Q3 2025 Alexander & Baldwin Inc (Hawaii) Earnings Release,ALEX,Alexander & Baldwin Inc (Hawaii),Real Estate,Diversified REITs,Diversified REITs,,,United States of America,US,United States of America,United States of America,1136487145.2,2,22063399,172370.3046875,0.0117807669374695,2025-05-26,2025-11-25,2025-11-25,2025-09-17,2026-02-02,2026-02-02T16:29:55Z
ALG.N,2025-11-06,21:15:00,EarningsReleases,Q3 2025 Alamo Group Inc Earnings Release,ALG,Alamo Group Inc,Industrials,Machinery,Heavy Machinery & Vehicles,,,United States of America,US,United States of America,United States of America,1982568637.92,4,3812464,29784.875,0.014636017148882675,2025-05-26,2025-11-25,2025-11-25,2025-09-17,2026-02-02,2026-02-02T16:29:55Z
ALH.N,2025-11-13,13:30:00,EarningsReleases,Q3 2025 Alliance Laundry Holdings Inc Earnings Release,ALH,Alliance Laundry Holdings Inc,Industrials,Machinery,Industrial Machinery & Equipment,,,United States of America,US,United States of America,United States of America,4737604824.0,8,14867808,437288.4705882353,0.022824609132046186,2025-05-26,2025-11-25,2025-11-25,2025-09-17,2026-02-02,2026-02-02T16:29:55Z
ALIT.N,2025-11-05,12:30:00,EarningsReleases,Q3 2025 Alight Inc Earnings Release,ALIT,Alight Inc,Industrials,Professional Services,Software,,,United States of America,US,United States of America,United States of America,1194366965.12,7,292258960,2283273.125,0.031845045871503865,2025-05-26,2025-11-25,2025-11-25,2025-09-17,2026-02-02,2026-02-02T16:29:55Z
ALK.N,2025-10-23,20:00:00,EarningsReleases,Q3 2025 Alaska Air Group Inc Earnings Release,ALK,Alaska Air Group Inc,Industrials,Passenger Airlines,Airlines,,,United States of America,US,United States of America,United States of America,4785690172.38,15,112051740,875404.21875,0.026519717693460915,2025-05-26,2025-11-25,2025-11-25,2025-09-17,2026-02-02,2026-02-02T16:29:55Z
ALK.N,2026-01-22,21:00:00,EarningsReleases,Q4 2025 Alaska Air Group Inc Earnings Release,ALK,Alaska Air Group Inc,Industrials,Passenger Airlines,Airlines,,,United States of America,US,United States of America,United States of America,4785690172.38,15,112051740,875404.21875,0.026519717693460915,2025-05-26,2025-11-25,2025-11-25,2025-09-17,2026-02-02,2026-02-02T16:29:55Z
ALL.N,2025-09-18,20:15:00,EarningsReleases,August 2025 Allstate Corp Earnings Release,ALL,Allstate Corp,Financials,Insurance,Property & Casualty Insurance,,,United States of America,US,United States of America,United States of America,55646615206.2,24,57598044,449984.71875,0.015070676588665005,2025-05-26,2025-11-25,2025-11-25,2025-09-17,2026-02-02,2026-02-02T16:29:55Z
ALL.N,2025-10-16,12:05:00,EarningsReleases,September 2025 Allstate Corp Earnings Release,ALL,Allstate Corp,Financials,Insurance,Property & Casualty Insurance,,,United States of America,US,United States of America,United States of America,55646615206.2,24,57598044,449984.71875,0.015070676588665005,2025-05-26,2025-11-25,2025-11-25,2025-09-17,2026-02-02,2026-02-02T16:29:55Z
ALL.N,2025-11-05,21:15:00,EarningsReleases,Q3 2025 Allstate Corp Earnings Release,ALL,Allstate Corp,Financials,Insurance,Property & Casualty Insurance,,,United States of America,US,United States of America,United States of America,55646615206.2,24,57598044,449984.71875,0.015070676588665005,2025-05-26,2025-11-25,2025-11-25,2025-09-17,2026-02-02,2026-02-02T16:29:55Z
ALL.N,2025-11-20,13:11:00,EarningsReleases,October 2025 Allstate Corp Earnings Release,ALL,Allstate Corp,Financials,Insurance,Property & Casualty Insurance,,,United States of America,US,United States of America,United States of America,55646615206.2,24,57598044,449984.71875,0.015070676588665005,2025-05-26,2025-11-25,2025-11-25,2025-09-17,2026-02-02,2026-02-02T16:29:55Z
ALL.N,2025-12-18,13:11:00,EarningsReleases,November 2025 Allstate Corp Earnings Release,ALL,Allstate Corp,Financials,Insurance,Property & Casualty Insurance,,,United States of America,US,United States of America,United States of America,55646615206.2,24,57598044,449984.71875,0.015070676588665005,2025-05-26,2025-11-25,2025-11-25,2025-09-17,2026-02-02,2026-02-02T16:29:55Z
ALL.N,2026-01-15,13:11:00,EarningsReleases,December 2025 Allstate Corp Earnings Release,ALL,Allstate Corp,Financials,Insurance,Property & Casualty Insurance,,,United States of America,US,United States of America,United States of America,55646615206.2,24,57598044,449984.71875,0.015070676588665005,2025-05-26,2025-11-25,2025-11-25,2025-09-17,2026-02-02,2026-02-02T16:29:55Z
ALLE.N,2025-10-23,10:00:00,EarningsReleases,Q3 2025 Allegion PLC Earnings Release,ALLE,Allegion PLC,Industrials,Building Products,Communications & Networking,,,Ireland,IE,United States of America,United States of America,14289047073.77,14,35671726,278685.359375,0.01363946676833537,2025-05-26,2025-11-25,2025-11-25,2025-09-17,2026-02-02,2026-02-02T16:29:55Z
ALLY.N,2025-10-17,11:25:00,EarningsReleases,Q3 2025 Ally Financial Inc Earnings Release,ALLY,Ally Financial Inc,Financials,Consumer Finance,Consumer Lending,,,United States of America,US,United States of America,United States of America,12550087164.3,20,150462099,1175485.1484375,0.017668838326632557,2025-05-26,2025-11-25,2025-11-25,2025-09-17,2026-02-02,2026-02-02T16:29:55Z
ALLY.N,2026-01-21,12:25:00,EarningsReleases,Q4 2025 Ally Financial Inc Earnings Release,ALLY,Ally Financial Inc,Financials,Consumer Finance,Consumer Lending,,,United States of America,US,United States of America,United States of America,12550087164.3,20,150462099,1175485.1484375,0.017668838326632557,2025-05-26,2025-11-25,2025-11-25,2025-09-17,2026-02-02,2026-02-02T16:29:55Z
ALSN.N,2025-10-29,20:05:00,EarningsReleases,Q3 2025 Allison Transmission Holdings Inc Earnings Release,ALSN,Allison Transmission Holdings Inc,Industrials,Machinery,Heavy Machinery & Vehicles,,,United States of America,US,United States of America,United States of America,7310810413.44,12,37552423,293378.3046875,0.015298741863972508,2025-05-26,2025-11-25,2025-11-25,2025-09-17,2026-02-02,2026-02-02T16:29:55Z
ALTG.N,2025-11-06,21:15:05,EarningsReleases,Q3 2025 Alta Equipment Group Inc Earnings Release,ALTG,Alta Equipment Group Inc,Industrials,Trading Companies & Distributors,Industrial Machinery & Equipment,,,United States of America,US,United States of America,United States of America,156341122.55,5,10284304,80346.125,0.04065368284852443,2025-05-26,2025-11-25,2025-11-25,2025-09-17,2026-02-02,2026-02-02T16:29:55Z
ALUR.N,2025-11-12,13:00:01,EarningsReleases,Q3 2025 Allurion Technologies Inc Earnings Release,ALUR,Allurion Technologies Inc,Consumer Discretionary,Diversified Consumer Services,Software,,,United States of America,US,United States of America,United States of America,13338123.84,3,1468410,11471.953125,0.05092742862281696,2025-05-26,2025-11-25,2025-11-25,2025-09-17,2026-02-02,2026-02-02T16:29:55Z
ALUR.N,2026-01-12,13:30:00,EarningsReleases,Preliminary Q4 2025 Allurion Technologies Inc Earnings Release,ALUR,Allurion Technologies Inc,Consumer Discretionary,Diversified Consumer Services,Software,,,United States of America,US,United States of America,United States of America,13338123.84,3,1468410,11471.953125,0.05092742862281696,2025-05-26,2025-11-25,2025-11-25,2025-09-17,2026-02-02,2026-02-02T16:29:55Z
ALV.N,2025-10-17,11:40:50,EarningsReleases,Q3 2025 Autoliv Inc Earnings Release,ALV,Autoliv Inc,Consumer Discretionary,Automobile Components,"Auto, Truck & Motorcycle Parts",,,Sweden,SE,Sweden,United States of America,8911788214.72,23,22971085,179461.6015625,0.015017426731663543,2025-05-26,2025-11-25,2025-11-25,2025-09-17,2026-02-02,2026-02-02T16:29:55Z
ALV.N,2026-01-30,13:45:17,EarningsReleases,Q4 2025 Autoliv Inc Earnings Release,ALV,Autoliv Inc,Consumer Discretionary,Automobile Components,"Auto, Truck & Motorcycle Parts",,,Sweden,SE,Sweden,United States of America,8911788214.72,23,22971085,179461.6015625,0.015017426731663543,2025-05-26,2025-11-25,2025-11-25,2025-09-17,2026-02-02,2026-02-02T16:29:55Z
ALX.N,2025-11-03,14:17:10,EarningsReleases,Q3 2025 Alexander's Inc Earnings Release,ALX,Alexander's Inc,Real Estate,Retail REITs,Commercial REITs,,,United States of America,US,United States of America,United States of America,1084124448.3,,1166918,9116.546875,0.020694996505143847,2025-05-26,2025-11-25,2025-11-25,2025-09-17,2026-02-02,2026-02-02T16:29:55Z
AM.N,2025-10-29,20:00:00,EarningsReleases,Q3 2025 Antero Midstream Corp Earnings Release,AM,Antero Midstream Corp,Energy,"Oil, Gas & Consumable Fuels",Oil & Gas Transportation Services,,,United States of America,US,United States of America,United States of America,8382440000.0,7,107973283,843541.2734375,0.01327911048717617,2025-05-26,2025-11-25,2025-11-25,2025-09-17,2026-02-02,2026-02-02T16:29:55Z
AMBP.N,2025-10-23,11:00:00,EarningsReleases,Q3 2025 Ardagh Metal Packaging SA Earnings Release,AMBP,Ardagh Metal Packaging SA,Materials,Containers & Packaging,Non-Paper Containers & Packaging,,,Luxembourg,LU,Luxembourg,United States of America,2241373447.5,8,46189037,360851.8515625,0.02524011765405216,2025-05-26,2025-11-25,2025-11-25,2025-09-17,2026-02-02,2026-02-02T16:29:55Z
AMBQ.N,2025-11-06,21:00:00,EarningsReleases,Q3 2025 Ambiq Micro Inc Earnings Release,AMBQ,Ambiq Micro Inc,Information Technology,Semiconductors & Semiconductor Equipment,Semiconductors,,,United States of America,US,United States of America,United States of America,429261079.84,4,6336917,75439.48809523809,0.053712897512747375,2025-05-26,2025-11-25,2025-11-25,2025-09-17,2026-02-02,2026-02-02T16:29:55Z
AMBQ.N,2026-01-21,13:30:00,EarningsReleases,Preliminary Q4 2025 Ambiq Micro Inc Earnings Release,AMBQ,Ambiq Micro Inc,Information Technology,Semiconductors & Semiconductor Equipment,Semiconductors,,,United States of America,US,United States of America,United States of America,429261079.84,4,6336917,75439.48809523809,0.053712897512747375,2025-05-26,2025-11-25,2025-11-25,2025-09-17,2026-02-02,2026-02-02T16:29:55Z
AMC.N,2025-11-05,21:21:00,EarningsReleases,Q3 2025 AMC Entertainment Holdings Inc Earnings Release,AMC,AMC Entertainment Holdings Inc,Communication Services,Entertainment,Leisure & Recreation,,,United States of America,US,United States of America,United States of America,1159252447.86,7,251906731,1968021.3359375,0.03223962020424967,2025-05-26,2025-11-25,2025-11-25,2025-09-17,2026-02-02,2026-02-02T16:29:55Z
AMC.N,2026-01-29,11:59:00,EarningsReleases,Preliminary Q4 2025 AMC Entertainment Holdings Inc Earnings Release,AMC,AMC Entertainment Holdings Inc,Communication Services,Entertainment,Leisure & Recreation,,,United States of America,US,United States of America,United States of America,1159252447.86,7,251906731,1968021.3359375,0.03223962020424967,2025-05-26,2025-11-25,2025-11-25,2025-09-17,2026-02-02,2026-02-02T16:29:55Z
AMCR.N,2025-11-05,21:10:00,EarningsReleases,Q1 2026 Amcor PLC Earnings Release,AMCR,Amcor PLC,Materials,Containers & Packaging,Non-Paper Containers & Packaging,,,Switzerland,CH,Switzerland,United States of America,19644143097.91,14,176570296,1379455.4375,0.016475438603731834,2025-05-26,2025-11-25,2025-11-25,2025-09-17,2026-02-02,2026-02-02T16:29:55Z
AME.N,2025-10-30,10:55:00,EarningsReleases,Q3 2025 AMETEK Inc Earnings Release,AME,AMETEK Inc,Industrials,Electrical Equipment,Electrical Components & Equipment,,,United States of America,US,United States of America,United States of America,45400807833.06,20,56063919,437999.3671875,0.012565677763465824,2025-05-26,2025-11-25,2025-11-25,2025-09-17,2026-02-02,2026-02-02T16:29:55Z
AMG.N,2025-11-03,11:59:00,EarningsReleases,Q3 2025 Affiliated Managers Group Inc Earnings Release,AMG,Affiliated Managers Group Inc,Financials,Capital Markets,Investment Management & Fund Operators,,,United States of America,US,United States of America,United States of America,7485383707.88,7,8384467,65503.6484375,0.015832932580756187,2025-05-26,2025-11-25,2025-11-25,2025-09-17,2026-02-02,2026-02-02T16:29:55Z
AMH.N,2025-10-29,20:09:10,EarningsReleases,Q3 2025 American Homes 4 Rent Earnings Release,AMH,American Homes 4 Rent,Real Estate,Residential REITs,Residential REITs,,,United States of America,US,United States of America,United States of America,11908788202.64,10,105657601,825450.0078125,0.010831499062591145,2025-05-26,2025-11-25,2025-11-25,2025-09-17,2026-02-02,2026-02-02T16:29:55Z
AMN.N,2025-11-06,21:15:00,EarningsReleases,Q3 2025 AMN Healthcare Services Inc Earnings Release,AMN,AMN Healthcare Services Inc,Health Care,Health Care Providers & Services,Healthcare Facilities & Services,,,United States of America,US,United States of America,United States of America,671857012.2,9,41060267,320783.3359375,0.03195335091104887,2025-05-26,2025-11-25,2025-11-25,2025-09-17,2026-02-02,2026-02-02T16:29:55Z
AMP.N,2025-10-30,11:30:00,EarningsReleases,Q3 2025 Ameriprise Financial Inc Earnings Release,AMP,Ameriprise Financial Inc,Financials,Capital Markets,Investment Management & Fund Operators,,,United States of America,US,United States of America,United States of America,42069564960.66,16,21871822,170873.609375,0.01375844043286109,2025-05-26,2025-11-25,2025-11-25,2025-09-17,2026-02-02,2026-02-02T16:29:55Z
AMP.N,2026-01-29,11:30:01,EarningsReleases,Q4 2025 Ameriprise Financial Inc Earnings Release,AMP,Ameriprise Financial Inc,Financials,Capital Markets,Investment Management & Fund Operators,,,United States of America,US,United States of America,United States of America,42069564960.66,16,21871822,170873.609375,0.01375844043286109,2025-05-26,2025-11-25,2025-11-25,2025-09-17,2026-02-02,2026-02-02T16:29:55Z
AMPX.N,2025-11-06,21:05:00,EarningsReleases,Q3 2025 Amprius Technologies Inc Earnings Release,AMPX,Amprius Technologies Inc,Industrials,Electrical Equipment,Electrical Components & Equipment,,,United States of America,US,United States of America,United States of America,1400091581.74,7,257334451,2010425.3984375,0.06685462324502449,2025-05-26,2025-11-25,2025-11-25,2025-09-17,2026-02-02,2026-02-02T16:29:55Z
AMPY.N,2025-11-05,21:05:16,EarningsReleases,Q3 2025 Amplify Energy Corp Earnings Release,AMPY,Amplify Energy Corp,Energy,"Oil, Gas & Consumable Fuels",Oil & Gas Exploration and Production,,,United States of America,US,United States of America,United States of America,212094224.28,2,45052361,351971.5703125,0.04699635698237218,2025-05-26,2025-11-25,2025-11-25,2025-09-17,2026-02-02,2026-02-02T16:29:55Z
AMR.N,2025-11-06,12:30:00,EarningsReleases,Q3 2025 Alpha Metallurgical Resources Inc Earnings Release,AMR,Alpha Metallurgical Resources Inc,Materials,Metals & Mining,Iron & Steel,,,United States of America,US,United States of America,United States of America,2041597050.72,4,11908390,93034.296875,0.039429615143057574,2025-05-26,2025-11-25,2025-11-25,2025-09-17,2026-02-02,2026-02-02T16:29:55Z
AMR.N,2026-01-30,13:00:00,EarningsReleases,Preliminary Q4 2025 Alpha Metallurgical Resources Inc Earnings Release,AMR,Alpha Metallurgical Resources Inc,Materials,Metals & Mining,Iron & Steel,,,United States of America,US,United States of America,United States of America,2041597050.72,4,11908390,93034.296875,0.039429615143057574,2025-05-26,2025-11-25,2025-11-25,2025-09-17,2026-02-02,2026-02-02T16:29:55Z
AMRC.N,2025-11-03,21:05:01,EarningsReleases,Q3 2025 Ameresco Inc Earnings Release,AMRC,Ameresco Inc,Industrials,Construction & Engineering,Renewable Energy Equipment & Services,,,United States of America,US,United States of America,United States of America,1756571361.12,11,27509197,214915.6015625,0.0556556486163456,2025-05-26,2025-11-25,2025-11-25,2025-09-17,2026-02-02,2026-02-02T16:29:55Z
AMRZ.N,2025-10-28,20:15:14,EarningsReleases,Q3 2025 Amrize AG Earnings Release,AMRZ,Amrize AG,Materials,Construction Materials,Construction Materials,,,United States of America,US,United States of America,United States of America,27873308629.6879,21,112501300,1022739.0909090909,0.019188412715057755,2025-05-26,2025-11-25,2025-11-25,2025-09-17,2026-02-02,2026-02-02T16:29:55Z
AMT.N,2025-10-28,11:00:00,EarningsReleases,Q3 2025 American Tower Corp Earnings Release,AMT,American Tower Corp,Real Estate,Specialized REITs,Specialized REITs,,,United States of America,US,United States of America,United States of America,84154036950.48,16,102898208,803892.25,0.01249448188699694,2025-05-26,2025-11-25,2025-11-25,2025-09-17,2026-02-02,2026-02-02T16:29:55Z
AMTB.N,2025-10-28,10:00:00,EarningsReleases,Q3 2025 Amerant Bancorp Inc Earnings Release,AMTB,Amerant Bancorp Inc,Financials,Banks,Banks,,,United States of America,US,United States of America,United States of America,781570520.82,4,11425412,89261.03125,0.02049237790477034,2025-05-26,2025-11-25,2025-11-25,2025-09-17,2026-02-02,2026-02-02T16:29:55Z
AMTB.N,2026-01-22,21:00:00,EarningsReleases,Q4 2025 Amerant Bancorp Inc Earnings Release,AMTB,Amerant Bancorp Inc,Financials,Banks,Banks,,,United States of America,US,United States of America,United States of America,781570520.82,4,11425412,89261.03125,0.02049237790477034,2025-05-26,2025-11-25,2025-11-25,2025-09-17,2026-02-02,2026-02-02T16:29:55Z
AMTD.N,2025-10-31,12:30:00,EarningsReleases,Half Year 2025 AMTD IDEA Group Earnings Release,AMTD,AMTD IDEA Group,Financials,Capital Markets,Investment Management & Fund Operators,,,Hong Kong,HK,Hong Kong,United States of America,43336998.06,,2249443,17573.7734375,0.04178675904404829,2025-05-26,2025-11-25,2025-11-25,2025-09-17,2026-02-02,2026-02-02T16:29:55Z
AMTM.N,2025-11-24,21:30:00,EarningsReleases,Q4 2025 Amentum Holdings Inc Earnings Release,AMTM,Amentum Holdings Inc,Industrials,Professional Services,Construction & Engineering,,,United States of America,US,United States of America,United States of America,7307939760.0,11,69968524,546629.09375,0.03103489293608316,2025-05-26,2025-11-25,2025-11-25,2025-09-17,2026-02-02,2026-02-02T16:29:55Z
AMWL.N,2025-11-04,21:05:05,EarningsReleases,Q3 2025 American Well Corp Earnings Release,AMWL,American Well Corp,Health Care,Health Care Technology,Healthcare Facilities & Services,,,United States of America,US,United States of America,United States of America,66303546.3,7,1938970,15148.203125,0.037278978628712794,2025-05-26,2025-11-25,2025-11-25,2025-09-17,2026-02-02,2026-02-02T16:29:55Z
AN.N,2025-10-23,10:58:00,EarningsReleases,Q3 2025 AutoNation Inc Earnings Release,AN,AutoNation Inc,Consumer Discretionary,Specialty Retail,"Auto Vehicles, Parts & Service Retailers",,,United States of America,US,United States of America,United States of America,7852094986.33,15,16763518,130964.984375,0.016330003524550562,2025-05-26,2025-11-25,2025-11-25,2025-09-17,2026-02-02,2026-02-02T16:29:55Z
ANET.N,2025-11-04,21:05:01,EarningsReleases,Q3 2025 Arista Networks Inc Earnings Release,ANET,Arista Networks Inc,Information Technology,Communications Equipment,Communications & Networking,,,United States of America,US,United States of America,United States of America,157461005152.8,29,279650175,2184766.9921875,0.03191227178107391,2025-05-26,2025-11-25,2025-11-25,2025-09-17,2026-02-02,2026-02-02T16:29:55Z
ANF.N,2025-11-25,12:30:00,EarningsReleases,Q3 2025 Abercrombie & Fitch Co Earnings Release,ANF,Abercrombie & Fitch Co,Consumer Discretionary,Specialty Retail,Apparel & Accessories Retailers,,,United States of America,US,United States of America,United States of America,4247580376.32,13,65658649,512958.1953125,0.0416539240185517,2025-05-26,2025-11-25,2025-11-25,2025-09-17,2026-02-02,2026-02-02T16:29:55Z
ANF.N,2026-01-12,13:00:00,EarningsReleases,Q4 2025 Abercrombie & Fitch Co Earnings Release,ANF,Abercrombie & Fitch Co,Consumer Discretionary,Specialty Retail,Apparel & Accessories Retailers,,,United States of America,US,United States of America,United States of America,4247580376.32,13,65658649,512958.1953125,0.0416539240185517,2025-05-26,2025-11-25,2025-11-25,2025-09-17,2026-02-02,2026-02-02T16:29:55Z
ANGX.N,2025-11-13,21:05:00,EarningsReleases,Q3 2025 Angel Studios Inc Earnings Release,ANGX,Angel Studios Inc,Communication Services,Entertainment,Entertainment Production,,,United States of America,US,United States of America,United States of America,785820772.22,1,9896519,183268.87037037036,0.11429980194314907,2025-05-26,2025-11-25,2025-11-25,2025-09-17,2026-02-02,2026-02-02T16:29:55Z
ANRO.N,2025-11-12,12:57:00,EarningsReleases,Q3 2025 Alto Neuroscience Inc Earnings Release,ANRO,Alto Neuroscience Inc,Health Care,Pharmaceuticals,Biotechnology & Medical Research,,,United States of America,US,United States of America,United States of America,415046235.6,10,15432003,120562.5234375,0.08579162820122713,2025-05-26,2025-11-25,2025-11-25,2025-09-17,2026-02-02,2026-02-02T16:29:55Z
ANVS.N,2025-11-12,13:00:11,EarningsReleases,Q3 2025 Annovis Bio Inc Earnings Release,ANVS,Annovis Bio Inc,Health Care,Biotechnology,Biotechnology & Medical Research,,,United States of America,US,United States of America,United States of America,127743924.98,4,14020093,109531.9765625,0.06973138824267833,2025-05-26,2025-11-25,2025-11-25,2025-09-17,2026-02-02,2026-02-02T16:29:55Z
AOD.N,2026-01-08,,EarningsReleases,Full Year 2025 abrdn Total Dynamic Dividend Fund Earnings Release,AOD,abrdn Total Dynamic Dividend Fund,,,Closed End Funds,,,United States of America,US,United States of America,United States of America,984725530.66,,13460012,105156.34375,0.006976520368392715,2025-05-26,2025-11-25,2025-11-25,2025-09-17,2026-02-02,2026-02-02T16:29:55Z
AOMR.N,2025-11-06,12:00:00,EarningsReleases,Q3 2025 Angel Oak Mortgage REIT Inc Earnings Release,AOMR,Angel Oak Mortgage REIT Inc,Financials,Mortgage Real Estate Investment Trusts (REITs),Banks,,,United States of America,US,United States of America,United States of America,214260701.0,6,4467070,34898.984375,0.016731780032085846,2025-05-26,2025-11-25,2025-11-25,2025-09-17,2026-02-02,2026-02-02T16:29:55Z
AON.N,2025-10-31,10:30:00,EarningsReleases,Q3 2025 Aon PLC Earnings Release,AON,Aon PLC,Financials,Insurance,Multiline Insurance & Brokers,,,Ireland,IE,Ireland,United States of America,75433680604.4,22,46964555,366910.5859375,0.012760025320172414,2025-05-26,2025-11-25,2025-11-25,2025-09-17,2026-02-02,2026-02-02T16:29:55Z
AON.N,2026-01-30,11:30:00,EarningsReleases,Q4 2025 Aon PLC Earnings Release,AON,Aon PLC,Financials,Insurance,Multiline Insurance & Brokers,,,Ireland,IE,Ireland,United States of America,75433680604.4,22,46964555,366910.5859375,0.012760025320172414,2025-05-26,2025-11-25,2025-11-25,2025-09-17,2026-02-02,2026-02-02T16:29:55Z
AORT.N,2025-11-06,21:05:01,EarningsReleases,Q3 2025 Artivion Inc Earnings Release,AORT,Artivion Inc,Health Care,Health Care Equipment & Supplies,"Medical Equipment, Supplies & Distribution",,,United States of America,US,United States of America,United States of America,2218568393.37,7,17458281,136392.8203125,0.026844107156162464,2025-05-26,2025-11-25,2025-11-25,2025-09-17,2026-02-02,2026-02-02T16:29:55Z
AOS.N,2025-10-28,10:55:00,EarningsReleases,Q3 2025 A O Smith Corp Earnings Release,AOS,A O Smith Corp,Industrials,Building Products,Electrical Components & Equipment,,,United States of America,US,United States of America,United States of America,9107545675.38,15,60690248,474142.5625,0.015372060242064696,2025-05-26,2025-11-25,2025-11-25,2025-09-17,2026-02-02,2026-02-02T16:29:55Z
AOS.N,2026-01-29,11:55:00,EarningsReleases,Q4 2025 A O Smith Corp Earnings Release,AOS,A O Smith Corp,Industrials,Building Products,Electrical Components & Equipment,,,United States of America,US,United States of America,United States of America,9107545675.38,15,60690248,474142.5625,0.015372060242064696,2025-05-26,2025-11-25,2025-11-25,2025-09-17,2026-02-02,2026-02-02T16:29:55Z
AP.N,2025-11-12,21:04:00,EarningsReleases,Q3 2025 Ampco-Pittsburgh Corp Earnings Release,AP,Ampco-Pittsburgh Corp,Materials,Metals & Mining,Iron & Steel,,,United States of America,US,United States of America,United States of America,49799653.05,,1415078,11055.296875,0.04385634369043279,2025-05-26,2025-11-25,2025-11-25,2025-09-17,2026-02-02,2026-02-02T16:29:55Z
APAM.N,2025-10-28,20:30:00,EarningsReleases,Q3 2025 Artisan Partners Asset Management Inc Earnings Release,APAM,Artisan Partners Asset Management Inc,Financials,Capital Markets,Investment Management & Fund Operators,,,United States of America,US,United States of America,United States of America,3357002480.0,4,22593737,176513.5703125,0.014751208844592635,2025-05-26,2025-11-25,2025-11-25,2025-09-17,2026-02-02,2026-02-02T16:29:55Z
APD.N,2025-11-06,13:30:00,EarningsReleases,Q4 2025 Air Products and Chemicals Inc Earnings Release,APD,Air Products and Chemicals Inc,Materials,Chemicals,Commodity Chemicals,,,United States of America,US,United States of America,United States of America,57635291102.13,25,43395780,339029.53125,0.014173027846833363,2025-05-26,2025-11-25,2025-11-25,2025-09-17,2026-02-02,2026-02-02T16:29:55Z
APD.N,2026-01-30,11:00:00,EarningsReleases,Q1 2026 Air Products and Chemicals Inc Earnings Release,APD,Air Products and Chemicals Inc,Materials,Chemicals,Commodity Chemicals,,,United States of America,US,United States of America,United States of America,57635291102.13,25,43395780,339029.53125,0.014173027846833363,2025-05-26,2025-11-25,2025-11-25,2025-09-17,2026-02-02,2026-02-02T16:29:55Z
APG.N,2025-10-30,11:30:00,EarningsReleases,Q3 2025 APi Group Corp Earnings Release,APG,APi Group Corp,Industrials,Construction & Engineering,Construction & Engineering,,,United States of America,US,United States of America,United States of America,16207853546.52,12,131875932,1030280.71875,0.01506040746944812,2025-05-26,2025-11-25,2025-11-25,2025-09-17,2026-02-02,2026-02-02T16:29:55Z
APH.N,2025-10-22,12:00:01,EarningsReleases,Q3 2025 Amphenol Corp Earnings Release,APH,Amphenol Corp,Information Technology,"Electronic Equipment, Instruments & Components",Electronic Equipment & Parts,,,United States of America,US,United States of America,United States of America,168687089557.48,20,327490917,2558522.7890625,0.016942216714261153,2025-05-26,2025-11-25,2025-11-25,2025-09-17,2026-02-02,2026-02-02T16:29:55Z
APH.N,2026-01-28,13:00:01,EarningsReleases,Q4 2025 Amphenol Corp Earnings Release,APH,Amphenol Corp,Information Technology,"Electronic Equipment, Instruments & Components",Electronic Equipment & Parts,,,United States of America,US,United States of America,United States of America,168687089557.48,20,327490917,2558522.7890625,0.016942216714261153,2025-05-26,2025-11-25,2025-11-25,2025-09-17,2026-02-02,2026-02-02T16:29:55Z
APLE.N,2025-11-03,21:15:01,EarningsReleases,Q3 2025 Apple Hospitality REIT Inc Earnings Release,APLE,Apple Hospitality REIT Inc,Real Estate,Hotel & Resort REITs,Specialized REITs,,,United States of America,US,United States of America,United States of America,2838908304.0,2,114115392,891526.5,0.014047058479289736,2025-05-26,2025-11-25,2025-11-25,2025-09-17,2026-02-02,2026-02-02T16:29:55Z
APO.N,2025-11-04,11:30:00,EarningsReleases,Q3 2025 Apollo Global Management Inc Earnings Release,APO,Apollo Global Management Inc,Financials,Financial Services,Pension Funds,,,United States of America,US,United States of America,United States of America,75814796485.26,17,110620371,864221.6484375,0.020228496497537073,2025-05-26,2025-11-25,2025-11-25,2025-09-17,2026-02-02,2026-02-02T16:29:55Z
APTV.N,2025-10-30,10:45:00,EarningsReleases,Q3 2025 Aptiv PLC Earnings Release,APTV,Aptiv PLC,Consumer Discretionary,Automobile Components,"Auto, Truck & Motorcycle Parts",,,Switzerland,CH,Switzerland,United States of America,16504145412.18,24,94269445,736480.0390625,0.019910858761728666,2025-05-26,2025-11-25,2025-11-25,2025-09-17,2026-02-02,2026-02-02T16:29:55Z
APTV.N,2026-02-02,11:45:00,EarningsReleases,Q4 2025 Aptiv PLC Earnings Release,APTV,Aptiv PLC,Consumer Discretionary,Automobile Components,"Auto, Truck & Motorcycle Parts",,,Switzerland,CH,Switzerland,United States of America,16504145412.18,24,94269445,736480.0390625,0.019910858761728666,2025-05-26,2025-11-25,2025-11-25,2025-09-17,2026-02-02,2026-02-02T16:29:55Z
AQN.N,2025-11-07,11:30:00,EarningsReleases,Q3 2025 Algonquin Power & Utilities Corp Earnings Release,AQN,Algonquin Power & Utilities Corp,Utilities,Multi-Utilities,Multiline Utilities,,,Canada,CA,Canada,United States of America,4668060886.57828,9,152152087,1188688.1796875,0.01964273226583322,2025-05-26,2025-11-25,2025-11-25,2025-09-17,2026-02-02,2026-02-02T16:29:55Z
AR.N,2025-10-29,20:15:01,EarningsReleases,Q3 2025 Antero Resources Corp Earnings Release,AR,Antero Resources Corp,Energy,"Oil, Gas & Consumable Fuels",Oil & Gas Exploration and Production,,,United States of America,US,United States of America,United States of America,10488796000.0,20,160287492,1252246.03125,0.024908343660069675,2025-05-26,2025-11-25,2025-11-25,2025-09-17,2026-02-02,2026-02-02T16:29:55Z
ARCO.N,2025-11-12,12:30:00,EarningsReleases,Q3 2025 Arcos Dorados Holdings Inc Earnings Release,ARCO,Arcos Dorados Holdings Inc,Consumer Discretionary,"Hotels, Restaurants & Leisure",Restaurants & Bars,,,Uruguay,UY,Uruguay,United States of America,1518880640.97,8,38988154,304594.953125,0.018806155082565362,2025-05-26,2025-11-25,2025-11-25,2025-09-17,2026-02-02,2026-02-02T16:29:55Z
ARDT.N,2025-11-12,21:30:00,EarningsReleases,Q3 2025 Ardent Health Inc Earnings Release,ARDT,Ardent Health Inc,Health Care,Health Care Providers & Services,Healthcare Facilities & Services,,,United States of America,US,United States of America,United States of America,1307303527.53,13,20018647,156395.6796875,0.04558084733260293,2025-05-26,2025-11-25,2025-11-25,2025-09-17,2026-02-02,2026-02-02T16:29:55Z
ARE.N,2025-10-27,20:10:00,EarningsReleases,Q3 2025 Alexandria Real Estate Equities Inc Earnings Release,ARE,Alexandria Real Estate Equities Inc,Real Estate,Health Care REITs,Commercial REITs,,,United States of America,US,United States of America,United States of America,9099239356.35,5,73629274,575228.703125,0.02756151144687002,2025-05-26,2025-11-25,2025-11-25,2025-09-17,2026-02-02,2026-02-02T16:29:55Z
ARE.N,2026-01-26,21:10:00,EarningsReleases,Q4 2025 Alexandria Real Estate Equities Inc Earnings Release,ARE,Alexandria Real Estate Equities Inc,Real Estate,Health Care REITs,Commercial REITs,,,United States of America,US,United States of America,United States of America,9099239356.35,5,73629274,575228.703125,0.02756151144687002,2025-05-26,2025-11-25,2025-11-25,2025-09-17,2026-02-02,2026-02-02T16:29:55Z
ARES.N,2025-11-03,11:00:00,EarningsReleases,Q3 2025 Ares Management Corp Earnings Release,ARES,Ares Management Corp,Financials,Capital Markets,Investment Management & Fund Operators,,,United States of America,US,United States of America,United States of America,49968481457.18,15,51106165,399266.9140625,0.01901957532081511,2025-05-26,2025-11-25,2025-11-25,2025-09-17,2026-02-02,2026-02-02T16:29:55Z
ARI.N,2025-10-30,20:15:00,EarningsReleases,Q3 2025 Apollo Commercial Real Estate Finance Inc Earnings Release,ARI,Apollo Commercial Real Estate Finance Inc,Financials,Mortgage Real Estate Investment Trusts (REITs),Specialized REITs,,,United States of America,US,United States of America,United States of America,1414448199.58,6,40005938,312546.390625,0.011302058512727203,2025-05-26,2025-11-25,2025-11-25,2025-09-17,2026-02-02,2026-02-02T16:29:55Z
ARL.N,2025-11-06,22:15:00,EarningsReleases,Q3 2025 American Realty Investors Inc Earnings Release,ARL,American Realty Investors Inc,Real Estate,Real Estate Management & Development,"Real Estate Rental, Development & Operations",,,United States of America,US,United States of America,United States of America,253587075.1,,96521,754.0703125,0.033037915857655656,2025-05-26,2025-11-25,2025-11-25,2025-09-17,2026-02-02,2026-02-02T16:29:55Z
ARLO.N,2025-11-06,21:05:01,EarningsReleases,Q3 2025 Arlo Technologies Inc Earnings Release,ARLO,Arlo Technologies Inc,Information Technology,"Electronic Equipment, Instruments & Components",Computer & Electronics Retailers,,,United States of America,US,United States of America,United States of America,1494490978.8,5,54561679,426263.1171875,0.028529760173657468,2025-05-26,2025-11-25,2025-11-25,2025-09-17,2026-02-02,2026-02-02T16:29:55Z
ARMK.N,2025-11-17,11:33:00,EarningsReleases,Q4 2025 Aramark Earnings Release,ARMK,Aramark,Consumer Discretionary,"Hotels, Restaurants & Leisure",Restaurants & Bars,,,United States of America,US,United States of America,United States of America,9980978473.96,15,80510638,628989.359375,0.014661188072638939,2025-05-26,2025-11-25,2025-11-25,2025-09-17,2026-02-02,2026-02-02T16:29:55Z
AROC.N,2025-10-28,20:15:01,EarningsReleases,Q3 2025 Archrock Inc Earnings Release,AROC,Archrock Inc,Energy,Energy Equipment & Services,Oil Related Services and Equipment,,,United States of America,US,United States of America,United States of America,4208871408.0,6,67074669,524020.8515625,0.019298376895623925,2025-05-26,2025-11-25,2025-11-25,2025-09-17,2026-02-02,2026-02-02T16:29:55Z
ARR.N,2025-10-22,20:15:25,EarningsReleases,Q3 2025 ARMOUR Residential REIT Inc Earnings Release,ARR,ARMOUR Residential REIT Inc,Financials,Mortgage Real Estate Investment Trusts (REITs),Specialized REITs,,,United States of America,US,United States of America,United States of America,1907864923.8,4,111472917,870882.1640625,0.013785907341571374,2025-05-26,2025-11-25,2025-11-25,2025-09-17,2026-02-02,2026-02-02T16:29:55Z
ARW.N,2025-10-30,20:02:00,EarningsReleases,Q3 2025 Arrow Electronics Inc Earnings Release,ARW,Arrow Electronics Inc,Information Technology,"Electronic Equipment, Instruments & Components",Semiconductors,,,United States of America,US,United States of America,United States of America,5502958161.48,7,21175202,165431.265625,0.018774279777333466,2025-05-26,2025-11-25,2025-11-25,2025-09-17,2026-02-02,2026-02-02T16:29:55Z
ARX.N,2025-11-13,13:30:00,EarningsReleases,Q3 2025 Accelerant Holdings Earnings Release,ARX,Accelerant Holdings,Financials,Insurance,Online Services,,,Cayman Islands,KY,Cayman Islands,United States of America,3189772232.72,10,36834560,418574.54545454547,0.049276224486833324,2025-05-26,2025-11-25,2025-11-25,2025-09-17,2026-02-02,2026-02-02T16:29:55Z
AS.N,2025-11-18,11:00:01,EarningsReleases,Q3 2025 Amer Sports Inc Earnings Release,AS,Amer Sports Inc,Consumer Discretionary,"Textiles, Apparel & Luxury Goods",Miscellaneous Specialty Retailers,,,Finland,FI,Finland,United States of America,20262901773.6,24,148134523,1157300.9609375,0.0253487448010813,2025-05-26,2025-11-25,2025-11-25,2025-09-17,2026-02-02,2026-02-02T16:29:55Z
ASA.N,2026-01-01,,EarningsReleases,Q3 2025 ASA Gold and Precious Metals Ltd Earnings Release,ASA,ASA Gold and Precious Metals Ltd,,,Closed End Funds,,,United States of America,US,United States of America,United States of America,923800651.4,,2088066,16313.015625,0.024678342121078067,2025-05-26,2025-11-25,2025-11-25,2025-09-17,2026-02-02,2026-02-02T16:29:55Z
ASA.N,2026-01-29,,EarningsReleases,Full Year 2025 ASA Gold and Precious Metals Ltd Earnings Release,ASA,ASA Gold and Precious Metals Ltd,,,Closed End Funds,,,United States of America,US,United States of America,United States of America,923800651.4,,2088066,16313.015625,0.024678342121078067,2025-05-26,2025-11-25,2025-11-25,2025-09-17,2026-02-02,2026-02-02T16:29:55Z
ASAN.N,2025-12-02,21:05:00,EarningsReleases,Q3 2026 Asana Inc Earnings Release,ASAN,Asana Inc,Information Technology,Software,Software,,,United States of America,US,United States of America,United States of America,2944782012.42,15,138011704,1078216.4375,0.03487460975028524,2025-05-26,2025-11-25,2025-11-25,2025-09-17,2026-02-02,2026-02-02T16:29:55Z
ASB.N,2025-10-23,20:15:46,EarningsReleases,Q3 2025 Associated Banc-Corp Earnings Release,ASB,Associated Banc-Corp,Financials,Banks,Banks,,,United States of America,US,United States of America,United States of America,4385330194.92,10,73542817,574553.2578125,0.01748081044551903,2025-05-26,2025-11-25,2025-11-25,2025-09-17,2026-02-02,2026-02-02T16:29:55Z
ASB.N,2026-01-22,21:15:01,EarningsReleases,Q4 2025 Associated Banc-Corp Earnings Release,ASB,Associated Banc-Corp,Financials,Banks,Banks,,,United States of America,US,United States of America,United States of America,4385330194.92,10,73542817,574553.2578125,0.01748081044551903,2025-05-26,2025-11-25,2025-11-25,2025-09-17,2026-02-02,2026-02-02T16:29:55Z
ASC.N,2025-11-05,13:00:02,EarningsReleases,Q3 2025 Ardmore Shipping Corp Earnings Release,ASC,Ardmore Shipping Corp,Energy,"Oil, Gas & Consumable Fuels",Oil & Gas Transportation Services,,,Bermuda,BM,Bermuda,United States of America,509127689.07,4,21726571,169738.8359375,0.02164119180206698,2025-05-26,2025-11-25,2025-11-25,2025-09-17,2026-02-02,2026-02-02T16:29:55Z
ASGN.N,2025-10-22,20:05:00,EarningsReleases,Q3 2025 ASGN Inc Earnings Release,ASGN,ASGN Inc,Information Technology,IT Services,IT Services & Consulting,,,United States of America,US,United States of America,United States of America,1947120000.0,7,24664572,192691.96875,0.026426109902011687,2025-05-26,2025-11-25,2025-11-25,2025-09-17,2026-02-02,2026-02-02T16:29:55Z
ASH.N,2025-11-04,22:01:00,EarningsReleases,Q4 2025 Ashland Inc Earnings Release,ASH,Ashland Inc,Materials,Chemicals,Diversified Chemicals,,,United States of America,US,United States of America,United States of America,2370019107.21,11,27469423,214604.8671875,0.02093753545964873,2025-05-26,2025-11-25,2025-11-25,2025-09-17,2026-02-02,2026-02-02T16:29:55Z
ASH.N,2026-02-02,21:00:00,EarningsReleases,Q1 2026 Ashland Inc Earnings Release,ASH,Ashland Inc,Materials,Chemicals,Diversified Chemicals,,,United States of America,US,United States of America,United States of America,2370019107.21,11,27469423,214604.8671875,0.02093753545964873,2025-05-26,2025-11-25,2025-11-25,2025-09-17,2026-02-02,2026-02-02T16:29:55Z
ASIC.N,2025-10-22,20:07:00,EarningsReleases,Q3 2025 Ategrity Specialty Insurance Company Holdings Earnings Release,ASIC,Ategrity Specialty Insurance Company Holdings,Financials,Insurance,Property & Casualty Insurance,,,United States of America,US,United States of America,United States of America,890194802.48,5,6379910,54529.1452991453,0.02935287437940621,2025-05-26,2025-11-25,2025-11-25,2025-09-17,2026-02-02,2026-02-02T16:29:55Z
ASIX.N,2025-11-07,11:30:00,EarningsReleases,Q3 2025 AdvanSix Inc Earnings Release,ASIX,AdvanSix Inc,Materials,Chemicals,Specialty Chemicals,,,United States of America,US,United States of America,United States of America,407527410.95,1,11019069,86086.4765625,0.026719259907263693,2025-05-26,2025-11-25,2025-11-25,2025-09-17,2026-02-02,2026-02-02T16:29:55Z
ASPN.N,2025-11-06,11:30:02,EarningsReleases,Q3 2025 Aspen Aerogels Inc Earnings Release,ASPN,Aspen Aerogels Inc,Materials,Chemicals,Specialty Chemicals,,,United States of America,US,United States of America,United States of America,265297130.01,8,77087246,602244.109375,0.0672117075268459,2025-05-26,2025-11-25,2025-11-25,2025-09-17,2026-02-02,2026-02-02T16:29:55Z
ATEN.N,2025-11-04,21:06:00,EarningsReleases,Q3 2025 A10 Networks Inc Earnings Release,ATEN,A10 Networks Inc,Information Technology,Software,Software,,,United States of America,US,United States of America,United States of America,1224371133.09,7,34303636,267997.15625,0.017938456011457715,2025-05-26,2025-11-25,2025-11-25,2025-09-17,2026-02-02,2026-02-02T16:29:55Z
ATGE.N,2025-10-30,20:15:00,EarningsReleases,Q1 2026 Adtalem Global Education Inc Earnings Release,ATGE,Adtalem Global Education Inc,Consumer Discretionary,Diversified Consumer Services,Miscellaneous Educational Service Providers,,,United States of America,US,United States of America,United States of America,3255401007.06,4,18313714,143075.890625,0.03784031075594773,2025-05-26,2025-11-25,2025-11-25,2025-09-17,2026-02-02,2026-02-02T16:29:55Z
ATGE.N,2026-01-28,21:15:00,EarningsReleases,Q2 2026 Adtalem Global Education Inc Earnings Release,ATGE,Adtalem Global Education Inc,Consumer Discretionary,Diversified Consumer Services,Miscellaneous Educational Service Providers,,,United States of America,US,United States of America,United States of America,3255401007.06,4,18313714,143075.890625,0.03784031075594773,2025-05-26,2025-11-25,2025-11-25,2025-09-17,2026-02-02,2026-02-02T16:29:55Z
ATHM.N,2025-11-06,09:30:00,EarningsReleases,Q3 2025 Autohome Inc Earnings Release,ATHM,Autohome Inc,Communication Services,Interactive Media & Services,Online Services,,,China,CN,China,United States of America,3013585101.7311,14,11617517,90761.8515625,0.01535863393431456,2025-05-26,2025-11-25,2025-11-25,2025-09-17,2026-02-02,2026-02-02T16:29:55Z
ATH_pa.N,2025-11-10,13:30:00,EarningsReleases,Q3 2025 Athene Holding Ltd Earnings Release,ATH PR A,Athene Holding Ltd,Financials,Insurance,Pension Funds,,,United States of America,US,United States of America,United States of America,5058450822.24,,1798008,14046.9375,0.005023948013434509,2025-05-26,2025-11-25,2025-11-25,2025-09-17,2026-02-02,2026-02-02T16:29:55Z
ATH_pa.N,2026-01-12,,EarningsReleases,Q4 2025 Athene Holding Ltd Earnings Release,ATH PR A,Athene Holding Ltd,Financials,Insurance,Pension Funds,,,United States of America,US,United States of America,United States of America,5058450822.24,,1798008,14046.9375,0.005023948013434509,2025-05-26,2025-11-25,2025-11-25,2025-09-17,2026-02-02,2026-02-02T16:29:55Z
ATI.N,2025-10-28,11:30:00,EarningsReleases,Q3 2025 ATI Inc Earnings Release,ATI,ATI Inc,Industrials,Aerospace & Defense,Aerospace & Defense,,,United States of America,US,United States of America,United States of America,13489902900.69,9,63925676,499419.34375,0.027360092215636924,2025-05-26,2025-11-25,2025-11-25,2025-09-17,2026-02-02,2026-02-02T16:29:55Z
ATKR.N,2025-11-20,11:05:00,EarningsReleases,Q4 2025 Atkore Inc Earnings Release,ATKR,Atkore Inc,Industrials,Electrical Equipment,Electrical Components & Equipment,,,United States of America,US,United States of America,United States of America,2197156638.6,6,23950051,187109.7734375,0.03598272758832875,2025-05-26,2025-11-25,2025-11-25,2025-09-17,2026-02-02,2026-02-02T16:29:55Z
ATMU.N,2025-11-07,14:30:00,EarningsReleases,Q3 2025 Atmus Filtration Technologies Inc Earnings Release,ATMU,Atmus Filtration Technologies Inc,Industrials,Machinery,"Auto, Truck & Motorcycle Parts",,,United States of America,US,United States of America,United States of America,3914821507.17,5,28704473,224253.6953125,0.017150391916071657,2025-05-26,2025-11-25,2025-11-25,2025-09-17,2026-02-02,2026-02-02T16:29:55Z
ATO.N,2025-11-05,21:31:00,EarningsReleases,Q4 2025 Atmos Energy Corp Earnings Release,ATO,Atmos Energy Corp,Utilities,Gas Utilities,Natural Gas Utilities,,,United States of America,US,United States of America,United States of America,28027922862.24,15,47230249,368986.3203125,0.00916131148269304,2025-05-26,2025-11-25,2025-11-25,2025-09-17,2026-02-02,2026-02-02T16:29:55Z
ATR.N,2025-10-30,21:00:00,EarningsReleases,Q3 2025 Aptargroup Inc Earnings Release,ATR,Aptargroup Inc,Materials,Containers & Packaging,Non-Paper Containers & Packaging,,,United States of America,US,United States of America,United States of America,8100028369.76,8,18866782,147396.734375,0.015398965895857711,2025-05-26,2025-11-25,2025-11-25,2025-09-17,2026-02-02,2026-02-02T16:29:55Z
ATS.N,2025-11-05,11:00:00,EarningsReleases,Q2 2026 ATS Corp Earnings Release,ATS,ATS Corp,Industrials,Machinery,Industrial Machinery & Equipment,,,Canada,CA,Canada,United States of America,2453481427.54538,7,3814226,29798.640625,0.021865561836969315,2025-05-26,2025-11-25,2025-11-25,2025-09-17,2026-02-02,2026-02-02T16:29:55Z
AU.N,2025-11-11,11:10:00,EarningsReleases,Q3 2025 Anglogold Ashanti PLC Earnings Release,AU,Anglogold Ashanti PLC,Materials,Metals & Mining,Gold,,,United States of America,US,United States of America,United States of America,42580240114.8,7,121681032,950633.0625,0.03228574470846392,2025-05-26,2025-11-25,2025-11-25,2025-09-17,2026-02-02,2026-02-02T16:29:55Z
AUB.N,2025-10-23,10:45:00,EarningsReleases,Q3 2025 Atlantic Union Bankshares Corp Earnings Release,AUB,Atlantic Union Bankshares Corp,Financials,Banks,Banks,,,United States of America,US,United States of America,United States of America,4882671887.52,9,58823373,459557.6015625,0.019269322286098997,2025-05-26,2025-11-25,2025-11-25,2025-09-17,2026-02-02,2026-02-02T16:29:55Z
AUB.N,2026-01-22,11:30:01,EarningsReleases,Q4 2025 Atlantic Union Bankshares Corp Earnings Release,AUB,Atlantic Union Bankshares Corp,Financials,Banks,Banks,,,United States of America,US,United States of America,United States of America,4882671887.52,9,58823373,459557.6015625,0.019269322286098997,2025-05-26,2025-11-25,2025-11-25,2025-09-17,2026-02-02,2026-02-02T16:29:55Z
AUNA.N,2025-11-20,21:45:00,EarningsReleases,Q3 2025 Auna SA Earnings Release,AUNA,Auna SA,Health Care,Health Care Providers & Services,Healthcare Facilities & Services,,,Luxembourg,LU,Luxembourg,United States of America,343222187.36,5,1698012,13265.71875,0.015657265369308955,2025-05-26,2025-11-25,2025-11-25,2025-09-17,2026-02-02,2026-02-02T16:29:55Z
AVA.N,2025-11-05,12:05:00,EarningsReleases,Q3 2025 Avista Corp Earnings Release,AVA,Avista Corp,Utilities,Multi-Utilities,Multiline Utilities,,,United States of America,US,United States of America,United States of America,3357398074.92,6,35356600,276223.4375,0.010259033025358855,2025-05-26,2025-11-25,2025-11-25,2025-09-17,2026-02-02,2026-02-02T16:29:55Z
AVB.N,2025-10-29,20:00:00,EarningsReleases,Q3 2025 AvalonBay Communities Inc Earnings Release,AVB,AvalonBay Communities Inc,Real Estate,Residential REITs,Residential REITs,,,United States of America,US,United States of America,United States of America,25719305809.8,13,38915719,304029.0546875,0.011998218733863664,2025-05-26,2025-11-25,2025-11-25,2025-09-17,2026-02-02,2026-02-02T16:29:55Z
AVBC.N,2025-10-23,,EarningsReleases,Q3 2025 Avidia Bancorp Inc Earnings Release,AVBC,Avidia Bancorp Inc,Financials,Banks,Banks,,,United States of America,US,United States of America,United States of America,316000175.0,0,5142246,62710.31707317073,0.01374289048135851,2025-05-26,2025-11-25,2025-11-25,2025-09-17,2026-02-02,2026-02-02T16:29:55Z
AVBC.N,2026-01-29,21:30:00,EarningsReleases,Q4 2025 Avidia Bancorp Inc Earnings Release,AVBC,Avidia Bancorp Inc,Financials,Banks,Banks,,,United States of America,US,United States of America,United States of America,316000175.0,0,5142246,62710.31707317073,0.01374289048135851,2025-05-26,2025-11-25,2025-11-25,2025-09-17,2026-02-02,2026-02-02T16:29:55Z
AVD.N,2025-11-10,13:00:00,EarningsReleases,Q3 2025 American Vanguard Corp Earnings Release,AVD,American Vanguard Corp,Materials,Chemicals,Agricultural Chemicals,,,United States of America,US,United States of America,United States of America,125259816.0,1,7583169,59243.5078125,0.039042953201299156,2025-05-26,2025-11-25,2025-11-25,2025-09-17,2026-02-02,2026-02-02T16:29:55Z
AVK.N,2025-12-29,,EarningsReleases,Full Year 2025 Advent Convertible and Income Fund Earnings Release,AVK,Advent Convertible and Income Fund,,,Closed End Funds,,,United States of America,US,United States of America,United States of America,546119975.65,,3074739,24021.3984375,0.0071594762979833105,2025-05-26,2025-11-25,2025-11-25,2025-09-17,2026-02-02,2026-02-02T16:29:55Z
AVNS.N,2025-11-05,12:00:02,EarningsReleases,Q3 2025 Avanos Medical Inc Earnings Release,AVNS,Avanos Medical Inc,Health Care,Health Care Equipment & Supplies,"Medical Equipment, Supplies & Distribution",,,United States of America,US,United States of America,United States of America,555634316.79,1,23545280,183947.5,0.025411729253079118,2025-05-26,2025-11-25,2025-11-25,2025-09-17,2026-02-02,2026-02-02T16:29:55Z
AVNT.N,2025-11-05,11:15:00,EarningsReleases,Q3 2025 Avient Corp Earnings Release,AVNT,Avient Corp,Materials,Chemicals,Specialty Chemicals,,,United States of America,US,United States of America,United States of America,2772546655.84,10,30632936,239319.8125,0.02138259244627625,2025-05-26,2025-11-25,2025-11-25,2025-09-17,2026-02-02,2026-02-02T16:29:55Z
AVTR.N,2025-10-29,10:05:00,EarningsReleases,Q3 2025 Avantor Inc Earnings Release,AVTR,Avantor Inc,Health Care,Life Sciences Tools & Services,"Medical Equipment, Supplies & Distribution",,,United States of America,US,United States of America,United States of America,8079506079.15,19,433898322,3389830.640625,0.03820828212713549,2025-05-26,2025-11-25,2025-11-25,2025-09-17,2026-02-02,2026-02-02T16:29:55Z
AVY.N,2025-10-22,10:45:00,EarningsReleases,Q3 2025 Avery Dennison Corp Earnings Release,AVY,Avery Dennison Corp,Materials,Containers & Packaging,Non-Paper Containers & Packaging,,,United States of America,US,United States of America,United States of America,13178091723.06,13,30955078,241836.546875,0.014926543197803318,2025-05-26,2025-11-25,2025-11-25,2025-09-17,2026-02-02,2026-02-02T16:29:55Z
AWF.N,2025-11-28,21:00:00,EarningsReleases,Q2 2026 AllianceBernstein Global High Income Fund Inc Earnings Release,AWF,AllianceBernstein Global High Income Fund Inc,,,Closed End Funds,,,United States of America,US,United States of America,United States of America,926106730.98,,4567703,35685.1796875,0.004557166760469316,2025-05-26,2025-11-25,2025-11-25,2025-09-17,2026-02-02,2026-02-02T16:29:55Z
AWI.N,2025-10-28,10:00:00,EarningsReleases,Q3 2025 Armstrong World Industries Inc Earnings Release,AWI,Armstrong World Industries Inc,Industrials,Building Products,Construction Supplies & Fixtures,,,United States of America,US,United States of America,United States of America,8186133652.02,11,12873584,100574.875,0.013698629273790905,2025-05-26,2025-11-25,2025-11-25,2025-09-17,2026-02-02,2026-02-02T16:29:55Z
AWK.N,2025-10-29,20:32:00,EarningsReleases,Q3 2025 American Water Works Company Inc Earnings Release,AWK,American Water Works Co Inc,Utilities,Water Utilities,Water & Related Utilities,,,United States of America,US,United States of America,United States of America,25442161640.35,15,60538003,472953.1484375,0.013376660257850441,2025-05-26,2025-11-25,2025-11-25,2025-09-17,2026-02-02,2026-02-02T16:29:55Z
AWR.N,2025-11-05,21:30:00,EarningsReleases,Q3 2025 American States Water Co Earnings Release,AWR,American States Water Co,Utilities,Water Utilities,Water & Related Utilities,,,United States of America,US,United States of America,United States of America,2874546130.5,3,12377767,96701.3046875,0.012087919303951929,2025-05-26,2025-11-25,2025-11-25,2025-09-17,2026-02-02,2026-02-02T16:29:55Z
AX.N,2025-10-30,20:05:00,EarningsReleases,Q1 2026 Axos Financial Inc Earnings Release,AX,Axos Financial Inc,Financials,Banks,Banks,,,United States of America,US,United States of America,United States of America,4680493885.26,6,17171679,134153.7421875,0.019394410853081807,2025-05-26,2025-11-25,2025-11-25,2025-09-17,2026-02-02,2026-02-02T16:29:55Z
AX.N,2026-01-29,21:05:01,EarningsReleases,Q2 2026 Axos Financial Inc Earnings Release,AX,Axos Financial Inc,Financials,Banks,Banks,,,United States of America,US,United States of America,United States of America,4680493885.26,6,17171679,134153.7421875,0.019394410853081807,2025-05-26,2025-11-25,2025-11-25,2025-09-17,2026-02-02,2026-02-02T16:29:55Z
AXL.N,2025-11-07,13:00:02,EarningsReleases,Q3 2025 American Axle & Manufacturing Holdings Inc Earnings Release,AXL,Dauch Corp,Consumer Discretionary,Automobile Components,"Auto, Truck & Motorcycle Parts",,,United States of America,US,United States of America,United States of America,756096201.77,9,110959622,866872.046875,0.030953153603429925,2025-05-26,2025-11-25,2025-11-25,2025-09-17,2026-02-02,2026-02-02T16:29:55Z
AXP.N,2025-10-17,11:00:00,EarningsReleases,Q3 2025 American Express Co Earnings Release,AXP,American Express Co,Financials,Consumer Finance,Consumer Lending,,,United States of America,US,United States of America,United States of America,249805163443.92,31,89656072,700438.0625,0.015117378976828712,2025-05-26,2025-11-25,2025-11-25,2025-09-17,2026-02-02,2026-02-02T16:29:55Z
AXP.N,2026-01-30,12:00:00,EarningsReleases,Q4 2025 American Express Co Earnings Release,AXP,American Express Co,Financials,Consumer Finance,Consumer Lending,,,United States of America,US,United States of America,United States of America,249805163443.92,31,89656072,700438.0625,0.015117378976828712,2025-05-26,2025-11-25,2025-11-25,2025-09-17,2026-02-02,2026-02-02T16:29:55Z
AXR.N,2025-12-12,21:35:00,EarningsReleases,Q2 2026 AMREP Corp Earnings Release,AXR,AMREP Corp,Real Estate,Real Estate Management & Development,Construction & Engineering,,,United States of America,US,United States of America,United States of America,114873795.85,1,424763,3318.4609375,0.028088287633131273,2025-05-26,2025-11-25,2025-11-25,2025-09-17,2026-02-02,2026-02-02T16:29:55Z
AXS.N,2025-10-29,20:15:01,EarningsReleases,Q3 2025 AXIS Capital Holdings Ltd Earnings Release,AXS,AXIS Capital Holdings Ltd,Financials,Insurance,Multiline Insurance & Brokers,,,Bermuda,BM,Bermuda,United States of America,7716100338.88,11,29127171,227556.0234375,0.014694456288122255,2025-05-26,2025-11-25,2025-11-25,2025-09-17,2026-02-02,2026-02-02T16:29:55Z
AXS.N,2026-01-28,21:15:01,EarningsReleases,Q4 2025 AXIS Capital Holdings Ltd Earnings Release,AXS,AXIS Capital Holdings Ltd,Financials,Insurance,Multiline Insurance & Brokers,,,Bermuda,BM,Bermuda,United States of America,7716100338.88,11,29127171,227556.0234375,0.014694456288122255,2025-05-26,2025-11-25,2025-11-25,2025-09-17,2026-02-02,2026-02-02T16:29:55Z
AXTA.N,2025-10-28,10:00:00,EarningsReleases,Q3 2025 Axalta Coating Systems Ltd Earnings Release,AXTA,Axalta Coating Systems Ltd,Materials,Chemicals,Commodity Chemicals,,,United States of America,US,United States of America,United States of America,6346966774.75,18,123316770,963412.265625,0.01712558697075132,2025-05-26,2025-11-25,2025-11-25,2025-09-17,2026-02-02,2026-02-02T16:29:55Z
AYI.N,2025-10-01,10:00:00,EarningsReleases,Q4 2025 Acuity Brands Inc Earnings Release,AYI,Acuity Inc,Industrials,Electrical Equipment,Construction Supplies & Fixtures,,,United States of America,US,United States of America,United States of America,11142508820.6,10,9836089,76844.4453125,0.017327479063870607,2025-05-26,2025-11-25,2025-11-25,2025-09-17,2026-02-02,2026-02-02T16:29:55Z
AYI.N,2026-01-08,11:00:00,EarningsReleases,Q1 2026 Acuity Brands Inc Earnings Release,AYI,Acuity Inc,Industrials,Electrical Equipment,Construction Supplies & Fixtures,,,United States of America,US,United States of America,United States of America,11142508820.6,10,9836089,76844.4453125,0.017327479063870607,2025-05-26,2025-11-25,2025-11-25,2025-09-17,2026-02-02,2026-02-02T16:29:55Z
AZO.N,2025-09-23,12:30:00,EarningsReleases,Q4 2025 Autozone Inc Earnings Release,AZO,Autozone Inc,Consumer Discretionary,Specialty Retail,"Auto Vehicles, Parts & Service Retailers",,,United States of America,US,United States of America,United States of America,65478740950.0,29,3776394,29503.078125,0.013183534818799027,2025-05-26,2025-11-25,2025-11-25,2025-09-17,2026-02-02,2026-02-02T16:29:55Z
AZO.N,2025-12-09,11:55:00,EarningsReleases,Q1 2026 Autozone Inc Earnings Release,AZO,Autozone Inc,Consumer Discretionary,Specialty Retail,"Auto Vehicles, Parts & Service Retailers",,,United States of America,US,United States of America,United States of America,65478740950.0,29,3776394,29503.078125,0.013183534818799027,2025-05-26,2025-11-25,2025-11-25,2025-09-17,2026-02-02,2026-02-02T16:29:55Z
AZZ.N,2025-10-08,20:00:00,EarningsReleases,Q2 2026 AZZ Inc Earnings Release,AZZ,AZZ Inc,Industrials,Building Products,Iron & Steel,,,United States of America,US,United States of America,United States of America,3192362679.22,11,11887622,92872.046875,0.017044953169716364,2025-05-26,2025-11-25,2025-11-25,2025-09-17,2026-02-02,2026-02-02T16:29:55Z
AZZ.N,2026-01-07,21:15:00,EarningsReleases,Q3 2026 AZZ Inc Earnings Release,AZZ,AZZ Inc,Industrials,Building Products,Iron & Steel,,,United States of America,US,United States of America,United States of America,3192362679.22,11,11887622,92872.046875,0.017044953169716364,2025-05-26,2025-11-25,2025-11-25,2025-09-17,2026-02-02,2026-02-02T16:29:55Z
B.N,2025-11-10,11:00:00,EarningsReleases,Q3 2025 Barrick Mining Corp Earnings Release,B,Barrick Mining Corp,Materials,Metals & Mining,Gold,,,Canada,CA,Canada,United States of America,66018579308.9904,21,405735721,3169810.3203125,0.025299892482394552,2025-05-26,2025-11-25,2025-11-25,2025-09-17,2026-02-02,2026-02-02T16:29:55Z
BA.N,2025-10-29,11:30:24,EarningsReleases,Q3 2025 Boeing Co Earnings Release,BA,Boeing Co,Industrials,Aerospace & Defense,Aerospace & Defense,,,United States of America,US,United States of America,United States of America,138671817181.92,26,179792057,1404625.4453125,0.017808636994018214,2025-05-26,2025-11-25,2025-11-25,2025-09-17,2026-02-02,2026-02-02T16:29:55Z
BA.N,2026-01-27,13:30:00,EarningsReleases,Q4 2025 Boeing Co Earnings Release,BA,Boeing Co,Industrials,Aerospace & Defense,Aerospace & Defense,,,United States of America,US,United States of America,United States of America,138671817181.92,26,179792057,1404625.4453125,0.017808636994018214,2025-05-26,2025-11-25,2025-11-25,2025-09-17,2026-02-02,2026-02-02T16:29:55Z
BABA.N,2025-11-25,13:30:00,EarningsReleases,Q2 2026 Alibaba Group Holding Ltd Earnings Release,BABA,Alibaba Group Holding Ltd,Consumer Discretionary,Broadline Retail,Online Services,,,Hong Kong,HK,China,United States of America,374638368358.66,40,280956261,2194970.7890625,0.028327781694648606,2025-05-26,2025-11-25,2025-11-25,2025-09-17,2026-02-02,2026-02-02T16:29:55Z
BAC.N,2025-10-15,12:30:00,EarningsReleases,Q3 2025 Bank of America Corp Earnings Release,BAC,Bank of America Corp,Financials,Banks,Banks,,,United States of America,US,United States of America,United States of America,383234966464.0,26,1386892440,10835097.1875,0.012415474321918144,2025-05-26,2025-11-25,2025-11-25,2025-09-17,2026-02-02,2026-02-02T16:29:55Z
BAC.N,2026-01-14,11:45:00,EarningsReleases,Q4 2025 Bank of America Corp Earnings Release,BAC,Bank of America Corp,Financials,Banks,Banks,,,United States of America,US,United States of America,United States of America,383234966464.0,26,1386892440,10835097.1875,0.012415474321918144,2025-05-26,2025-11-25,2025-11-25,2025-09-17,2026-02-02,2026-02-02T16:29:55Z
BAH.N,2025-10-24,10:45:00,EarningsReleases,Q2 2026 Booz Allen Hamilton Holding Corp Earnings Release,BAH,Booz Allen Hamilton Holding Corp,Industrials,Professional Services,IT Services & Consulting,,,United States of America,US,United States of America,United States of America,10146845630.95,14,71649706,559763.328125,0.019459331182122817,2025-05-26,2025-11-25,2025-11-25,2025-09-17,2026-02-02,2026-02-02T16:29:55Z
BAH.N,2026-01-23,11:45:00,EarningsReleases,Q3 2026 Booz Allen Hamilton Holding Corp Earnings Release,BAH,Booz Allen Hamilton Holding Corp,Industrials,Professional Services,IT Services & Consulting,,,United States of America,US,United States of America,United States of America,10146845630.95,14,71649706,559763.328125,0.019459331182122817,2025-05-26,2025-11-25,2025-11-25,2025-09-17,2026-02-02,2026-02-02T16:29:55Z
BALL.N,2025-11-04,13:30:00,EarningsReleases,Q3 2025 Ball Corp Earnings Release,BALL,Ball Corp,Materials,Containers & Packaging,Non-Paper Containers & Packaging,,,United States of America,US,United States of America,United States of America,13233208528.56,17,117210015,915703.2421875,0.015177524409748611,2025-05-26,2025-11-25,2025-11-25,2025-09-17,2026-02-02,2026-02-02T16:29:55Z
BALY.N,2025-11-10,21:15:00,EarningsReleases,Q3 2025 Bally's Corp Earnings Release,BALY,Bally's Corp,Consumer Discretionary,"Hotels, Restaurants & Leisure",Casinos & Gaming,,,United States of America,US,United States of America,United States of America,821499292.56,5,4540030,35468.984375,0.04399874672789853,2025-05-26,2025-11-25,2025-11-25,2025-09-17,2026-02-02,2026-02-02T16:29:55Z
BAM.N,2025-11-07,11:45:00,EarningsReleases,Q3 2025 BROOKFIELD ASSET MANAGEMENT LTD Earnings Release,BAM,BROOKFIELD ASSET MANAGEMENT LTD,Financials,Capital Markets,Investment Management & Fund Operators,,,United States of America,US,United States of America,United States of America,84038052354.83,15,99183423,774870.4921875,0.017531741698096872,2025-05-26,2025-11-25,2025-11-25,2025-09-17,2026-02-02,2026-02-02T16:29:55Z
BANC.N,2025-10-22,20:15:00,EarningsReleases,Q3 2025 Banc of California Inc Earnings Release,BANC,Banc of California Inc,Financials,Banks,Banks,,,United States of America,US,United States of America,United States of America,2814248615.4,11,98091892,766342.90625,0.020095486646456513,2025-05-26,2025-11-25,2025-11-25,2025-09-17,2026-02-02,2026-02-02T16:29:55Z
BANC.N,2026-01-22,00:00:00,EarningsReleases,Q4 2025 Banc of California Inc Earnings Release,BANC,Banc of California Inc,Financials,Banks,Banks,,,United States of America,US,United States of America,United States of America,2814248615.4,11,98091892,766342.90625,0.020095486646456513,2025-05-26,2025-11-25,2025-11-25,2025-09-17,2026-02-02,2026-02-02T16:29:55Z
BAP.N,2025-11-13,21:00:00,EarningsReleases,Q3 2025 Credicorp Ltd Earnings Release,BAP,Credicorp Ltd,Financials,Banks,Banks,,,Peru,PE,Peru,United States of America,19972453900.0,10,10681174,83446.671875,0.012559820751851787,2025-05-26,2025-11-25,2025-11-25,2025-09-17,2026-02-02,2026-02-02T16:29:55Z
BARK.N,2025-11-10,12:00:00,EarningsReleases,Q2 2026 Bark Inc Earnings Release,BARK,Bark Inc,Consumer Discretionary,Specialty Retail,Miscellaneous Specialty Retailers,,,United States of America,US,United States of America,United States of America,121144249.226,3,24101781,188295.1640625,0.04868072445783345,2025-05-26,2025-11-25,2025-11-25,2025-09-17,2026-02-02,2026-02-02T16:29:55Z
BAX.N,2025-10-30,11:15:00,EarningsReleases,Q3 2025 Baxter International Inc Earnings Release,BAX,Baxter International Inc,Health Care,Health Care Equipment & Supplies,"Medical Equipment, Supplies & Distribution",,,United States of America,US,United States of America,United States of America,9592281321.3,18,243581104,1902977.375,0.032384244547788744,2025-05-26,2025-11-25,2025-11-25,2025-09-17,2026-02-02,2026-02-02T16:29:55Z
BB.N,2025-09-25,12:30:00,EarningsReleases,Q2 2026 BlackBerry Ltd Earnings Release,BB,BlackBerry Ltd,Information Technology,Software,Software,,,Canada,CA,Canada,United States of America,2368683162.04623,9,200243065,1564398.9453125,0.026922590083895703,2025-05-26,2025-11-25,2025-11-25,2025-09-17,2026-02-02,2026-02-02T16:29:55Z
BB.N,2025-12-18,22:05:00,EarningsReleases,Q3 2026 BlackBerry Ltd Earnings Release,BB,BlackBerry Ltd,Information Technology,Software,Software,,,Canada,CA,Canada,United States of America,2368683162.04623,9,200243065,1564398.9453125,0.026922590083895703,2025-05-26,2025-11-25,2025-11-25,2025-09-17,2026-02-02,2026-02-02T16:29:55Z
BBAI.N,2025-11-10,21:15:00,EarningsReleases,Q3 2025 BigBear.ai Holdings Inc Earnings Release,BBAI,BigBear.ai Holdings Inc,Information Technology,IT Services,IT Services & Consulting,,,United States of America,US,United States of America,United States of America,2702252101.32,3,1531604602,11965660.953125,0.0682266154441845,2025-05-26,2025-11-25,2025-11-25,2025-09-17,2026-02-02,2026-02-02T16:29:55Z
BBBY.N,2025-10-27,20:01:00,EarningsReleases,Q3 2025 Beyond Inc Earnings Release,BBBY,Bed Bath & Beyond Inc,Consumer Discretionary,Specialty Retail,Online Services,,,United States of America,US,United States of America,United States of America,391060871.6,7,77026996,601773.40625,0.05346381266177056,2025-05-26,2025-11-25,2025-11-25,2025-09-17,2026-02-02,2026-02-02T16:29:55Z
BBDC.N,2025-11-06,21:15:00,EarningsReleases,Q3 2025 Barings BDC Inc Earnings Release,BBDC,Barings BDC Inc,Financials,Capital Markets,Closed End Funds,,,United States of America,US,United States of America,United States of America,943275673.86,5,13189860,103045.78125,0.010948823882792629,2025-05-26,2025-11-25,2025-11-25,2025-09-17,2026-02-02,2026-02-02T16:29:55Z
BBT.N,2025-10-29,20:05:00,EarningsReleases,Q3 2025 Berkshire Hills Bancorp Inc Earnings Release,BBT,Beacon Financial Corp,Financials,Banks,Banks,,,United States of America,US,United States of America,United States of America,2171561322.68,7,39476806,308412.546875,0.018158257397064063,2025-05-26,2025-11-25,2025-11-25,2025-09-17,2026-02-02,2026-02-02T16:29:55Z
BBT.N,2026-01-28,21:05:02,EarningsReleases,Q4 2025 Beacon Financial Corp Earnings Release,BBT,Beacon Financial Corp,Financials,Banks,Banks,,,United States of America,US,United States of America,United States of America,2171561322.68,7,39476806,308412.546875,0.018158257397064063,2025-05-26,2025-11-25,2025-11-25,2025-09-17,2026-02-02,2026-02-02T16:29:55Z
BBU.N,2025-11-06,13:00:00,EarningsReleases,Q3 2025 Brookfield Business Partners LP Earnings Release,BBU,Brookfield Business Partners LP,Industrials,Industrial Conglomerates,"Real Estate Rental, Development & Operations",,,Bermuda,BM,Bermuda,United States of America,4665577400.89336,1,1106086,8641.296875,0.0243697588534397,2025-05-26,2025-11-25,2025-11-25,2025-09-17,2026-02-02,2026-02-02T16:29:55Z
BBU.N,2026-01-30,11:45:00,EarningsReleases,Q4 2025 Brookfield Business Partners LP Earnings Release,BBU,Brookfield Business Partners LP,Industrials,Industrial Conglomerates,"Real Estate Rental, Development & Operations",,,Bermuda,BM,Bermuda,United States of America,4665577400.89336,1,1106086,8641.296875,0.0243697588534397,2025-05-26,2025-11-25,2025-11-25,2025-09-17,2026-02-02,2026-02-02T16:29:55Z
BBUC.N,2025-11-06,13:30:00,EarningsReleases,Q3 2025 Brookfield Business Corp Earnings Release,BBUC,Brookfield Business Corp,Industrials,Industrial Conglomerates,Consumer Goods Conglomerates,,,United States of America,US,United States of America,United States of America,2368295758.19626,,5165773,40357.6015625,0.0255213322643296,2025-05-26,2025-11-25,2025-11-25,2025-09-17,2026-02-02,2026-02-02T16:29:55Z
BBUC.N,2026-01-30,13:30:00,EarningsReleases,Q4 2025 Brookfield Business Corp Earnings Release,BBUC,Brookfield Business Corp,Industrials,Industrial Conglomerates,Consumer Goods Conglomerates,,,United States of America,US,United States of America,United States of America,2368295758.19626,,5165773,40357.6015625,0.0255213322643296,2025-05-26,2025-11-25,2025-11-25,2025-09-17,2026-02-02,2026-02-02T16:29:55Z
BBW.N,2025-12-04,11:45:00,EarningsReleases,Q3 2025 Build-A-Bear Workshop Inc Earnings Release,BBW,Build-A-Bear Workshop Inc,Consumer Discretionary,Specialty Retail,Miscellaneous Specialty Retailers,,,United States of America,US,United States of America,United States of America,673765638.81,4,12618612,98582.90625,0.036711707300678645,2025-05-26,2025-11-25,2025-11-25,2025-09-17,2026-02-02,2026-02-02T16:29:55Z
BBWI.N,2025-11-20,11:55:00,EarningsReleases,Q3 2025 Bath & Body Works Inc Earnings Release,BBWI,Bath & Body Works Inc,Consumer Discretionary,Specialty Retail,Miscellaneous Specialty Retailers,,,United States of America,US,United States of America,United States of America,3459795124.5,16,197329237,1541634.6640625,0.03728660728773018,2025-05-26,2025-11-25,2025-11-25,2025-09-17,2026-02-02,2026-02-02T16:29:55Z
BBY.N,2025-11-25,12:00:00,EarningsReleases,Q3 2026 Best Buy Co Inc Earnings Release,BBY,Best Buy Co Inc,Consumer Discretionary,Specialty Retail,Computer & Electronics Retailers,,,United States of America,US,United States of America,United States of America,16736666769.9,27,140504778,1097693.578125,0.02257496996614171,2025-05-26,2025-11-25,2025-11-25,2025-09-17,2026-02-02,2026-02-02T16:29:55Z
BC.N,2025-10-23,10:15:00,EarningsReleases,Q3 2025 Brunswick Corp Earnings Release,BC,Brunswick Corp,Consumer Discretionary,Leisure Products,Recreational Products,,,United States of America,US,United States of America,United States of America,4377612872.9,20,32390248,253048.8125,0.02629720221977256,2025-05-26,2025-11-25,2025-11-25,2025-09-17,2026-02-02,2026-02-02T16:29:55Z
BC.N,2026-01-29,13:30:00,EarningsReleases,Q4 2025 Brunswick Corp Earnings Release,BC,Brunswick Corp,Consumer Discretionary,Leisure Products,Recreational Products,,,United States of America,US,United States of America,United States of America,4377612872.9,20,32390248,253048.8125,0.02629720221977256,2025-05-26,2025-11-25,2025-11-25,2025-09-17,2026-02-02,2026-02-02T16:29:55Z
BCC.N,2025-11-03,21:15:00,EarningsReleases,Q3 2025 Boise Cascade Co Earnings Release,BCC,Boise Cascade Co,Industrials,Trading Companies & Distributors,Construction Supplies & Fixtures,,,United States of America,US,United States of America,United States of America,2794529427.12,7,17115690,133716.328125,0.023313798974541968,2025-05-26,2025-11-25,2025-11-25,2025-09-17,2026-02-02,2026-02-02T16:29:55Z
BCE.N,2025-11-06,11:30:00,EarningsReleases,Q3 2025 BCE Inc Earnings Release,BCE,BCE Inc,Communication Services,Diversified Telecommunication Services,Integrated Telecommunications Services,,,Canada,CA,Canada,United States of America,21468458081.3883,15,129813118,1014164.984375,0.012434907442466414,2025-05-26,2025-11-25,2025-11-25,2025-09-17,2026-02-02,2026-02-02T16:29:55Z
BCO.N,2025-11-05,12:00:07,EarningsReleases,Q3 2025 Brinks Co Earnings Release,BCO,Brinks Co,Industrials,Commercial Services & Supplies,Business Support Services,,,United States of America,US,United States of America,United States of America,4678023975.6,3,13341632,104231.5,0.01850824773497057,2025-05-26,2025-11-25,2025-11-25,2025-09-17,2026-02-02,2026-02-02T16:29:55Z
BCSF.N,2025-11-10,22:26:00,EarningsReleases,Q3 2025 Bain Capital Specialty Finance Inc Earnings Release,BCSF,Bain Capital Specialty Finance Inc,Financials,Capital Markets,Investment Management & Fund Operators,,,United States of America,US,United States of America,United States of America,920484114.33,3,11649664,91013.0,0.012364665620277084,2025-05-26,2025-11-25,2025-11-25,2025-09-17,2026-02-02,2026-02-02T16:29:55Z
BCSS.N,2025-11-14,21:00:00,EarningsReleases,Q3 2025 Bain Capital GSS Investment Corp Earnings Release,BCSS,Bain Capital GSS Investment Corp,,,Investment Holding Companies,,,United States of America,US,United States of America,United States of America,472283000.0,,16476,4119.0,0.000574424796144347,2025-05-26,2025-11-25,2025-11-25,2025-09-17,2026-02-02,2026-02-02T16:29:55Z
BDC.N,2025-10-30,11:30:00,EarningsReleases,Q3 2025 Belden Inc Earnings Release,BDC,Belden Inc,Information Technology,"Electronic Equipment, Instruments & Components",Communications & Networking,,,United States of America,US,United States of America,United States of America,4463324736.13,6,12029117,93977.4765625,0.018794350830020477,2025-05-26,2025-11-25,2025-11-25,2025-09-17,2026-02-02,2026-02-02T16:29:55Z
BDN.N,2025-10-22,21:08:25,EarningsReleases,Q3 2025 Brandywine Realty Trust Earnings Release,BDN,Brandywine Realty Trust,Real Estate,Office REITs,Commercial REITs,,,United States of America,US,United States of America,United States of America,587102751.82,4,96099614,750778.234375,0.019761499661524844,2025-05-26,2025-11-25,2025-11-25,2025-09-17,2026-02-02,2026-02-02T16:29:55Z
BDX.N,2025-10-15,20:15:40,EarningsReleases,Preliminary Q4 2025 Becton Dickinson and Co Earnings Release,BDX,Becton Dickinson and Co,Health Care,Health Care Equipment & Supplies,"Medical Equipment, Supplies & Distribution",,,United States of America,US,United States of America,United States of America,55796472534.99,17,80427799,628342.1796875,0.014845652566646212,2025-05-26,2025-11-25,2025-11-25,2025-09-17,2026-02-02,2026-02-02T16:29:55Z
BDX.N,2025-11-06,11:30:00,EarningsReleases,Q4 2025 Becton Dickinson and Co Earnings Release,BDX,Becton Dickinson and Co,Health Care,Health Care Equipment & Supplies,"Medical Equipment, Supplies & Distribution",,,United States of America,US,United States of America,United States of America,55796472534.99,17,80427799,628342.1796875,0.014845652566646212,2025-05-26,2025-11-25,2025-11-25,2025-09-17,2026-02-02,2026-02-02T16:29:55Z
BE.N,2025-10-28,20:05:00,EarningsReleases,Q3 2025 Bloom Energy Corp Earnings Release,BE,Bloom Energy Corp,Industrials,Electrical Equipment,Heavy Electrical Equipment,,,United States of America,US,United States of America,United States of America,22300599088.95,27,286348408,2237096.9375,0.06318181557742267,2025-05-26,2025-11-25,2025-11-25,2025-09-17,2026-02-02,2026-02-02T16:29:55Z
BEN.N,2025-11-07,13:30:00,EarningsReleases,Q4 2025 Franklin Resources Inc Earnings Release,BEN,Franklin Resources Inc,Financials,Capital Markets,Investment Management & Fund Operators,,,United States of America,US,United States of America,United States of America,11596805110.8,11,187309687,1463356.9296875,0.015266889232268032,2025-05-26,2025-11-25,2025-11-25,2025-09-17,2026-02-02,2026-02-02T16:29:55Z
BEN.N,2026-01-30,13:30:00,EarningsReleases,Q1 2026 Franklin Resources Inc Earnings Release,BEN,Franklin Resources Inc,Financials,Capital Markets,Investment Management & Fund Operators,,,United States of America,US,United States of America,United States of America,11596805110.8,11,187309687,1463356.9296875,0.015266889232268032,2025-05-26,2025-11-25,2025-11-25,2025-09-17,2026-02-02,2026-02-02T16:29:55Z
BEP.N,2025-11-05,13:30:00,EarningsReleases,Q3 2025 Brookfield Renewable Partners LP Earnings Release,BEP,Brookfield Renewable Partners LP,Utilities,Independent Power and Renewable Electricity Producers,Electric Utilities,,,Bermuda,BM,Bermuda,United States of America,8643643567.78219,9,19416440,151690.9375,0.020009758049254527,2025-05-26,2025-11-25,2025-11-25,2025-09-17,2026-02-02,2026-02-02T16:29:55Z
BEP.N,2026-01-30,13:30:00,EarningsReleases,Q4 2025 Brookfield Renewable Partners LP Earnings Release,BEP,Brookfield Renewable Partners LP,Utilities,Independent Power and Renewable Electricity Producers,Electric Utilities,,,Bermuda,BM,Bermuda,United States of America,8643643567.78219,9,19416440,151690.9375,0.020009758049254527,2025-05-26,2025-11-25,2025-11-25,2025-09-17,2026-02-02,2026-02-02T16:29:55Z
BEPC.N,2025-11-05,13:30:00,EarningsReleases,Q3 2025 Brookfield Renewable Corp Earnings Release,BEPC,Brookfield Renewable Corp,Utilities,Independent Power and Renewable Electricity Producers,Electric Utilities,,,United States of America,US,United States of America,United States of America,7457191005.36,5,40633897,317452.3203125,0.020390815447646485,2025-05-26,2025-11-25,2025-11-25,2025-09-17,2026-02-02,2026-02-02T16:29:55Z
BEPC.N,2026-01-30,13:30:00,EarningsReleases,Q4 2025 Brookfield Renewable Corp Earnings Release,BEPC,Brookfield Renewable Corp,Utilities,Independent Power and Renewable Electricity Producers,Electric Utilities,,,United States of America,US,United States of America,United States of America,7457191005.36,5,40633897,317452.3203125,0.020390815447646485,2025-05-26,2025-11-25,2025-11-25,2025-09-17,2026-02-02,2026-02-02T16:29:55Z
BETA.N,2025-12-04,11:00:00,EarningsReleases,Q3 2025 BETA Technologies Inc Earnings Release,BETA,BETA Technologies Inc,Industrials,Aerospace & Defense,Aerospace & Defense,,,United States of America,US,United States of America,United States of America,5914878445.04,,11910372,744398.25,0.06123495056453053,2025-05-26,2025-11-25,2025-11-25,2025-09-17,2026-02-02,2026-02-02T16:29:55Z
BFAM.N,2025-10-30,20:22:00,EarningsReleases,Q3 2025 Bright Horizons Family Solutions Inc Earnings Release,BFAM,Bright Horizons Family Solutions Inc,Consumer Discretionary,Diversified Consumer Services,Personal Services,,,United States of America,US,United States of America,United States of America,5764543511.92,9,23915140,186837.03125,0.0239514191216464,2025-05-26,2025-11-25,2025-11-25,2025-09-17,2026-02-02,2026-02-02T16:29:55Z
BFH.N,2025-10-23,12:30:00,EarningsReleases,Q3 2025 Bread Financial Holdings Inc Earnings Release,BFH,Bread Financial Holdings Inc,Financials,Consumer Finance,Consumer Lending,,,United States of America,US,United States of America,United States of America,3048825098.77,16,29677412,231854.78125,0.02296988571858997,2025-05-26,2025-11-25,2025-11-25,2025-09-17,2026-02-02,2026-02-02T16:29:55Z
BFH.N,2026-01-29,13:30:00,EarningsReleases,Q4 2025 Bread Financial Holdings Inc Earnings Release,BFH,Bread Financial Holdings Inc,Financials,Consumer Finance,Consumer Lending,,,United States of America,US,United States of America,United States of America,3048825098.77,16,29677412,231854.78125,0.02296988571858997,2025-05-26,2025-11-25,2025-11-25,2025-09-17,2026-02-02,2026-02-02T16:29:55Z
BFK.N,2025-10-03,20:00:00,EarningsReleases,Full Year 2025 BlackRock Municipal Income Trust Earnings Release,BFK,BlackRock Municipal Income Trust,,,Closed End Funds,,,United States of America,US,United States of America,United States of America,435478521.48,,2165501,16917.9765625,0.005605708107625466,2025-05-26,2025-11-25,2025-11-25,2025-09-17,2026-02-02,2026-02-02T16:29:55Z
BFLY.N,2025-10-31,10:30:00,EarningsReleases,Q3 2025 Butterfly Network Inc Earnings Release,BFLY,Butterfly Network Inc,Health Care,Health Care Equipment & Supplies,Advanced Medical Equipment & Technology,,,United States of America,US,United States of America,United States of America,856321159.68,4,148836440,1162784.6875,0.06414801290453422,2025-05-26,2025-11-25,2025-11-25,2025-09-17,2026-02-02,2026-02-02T16:29:55Z
BFLY.N,2026-01-12,13:01:00,EarningsReleases,Preliminary Q4 2025 Butterfly Network Inc Earnings Release,BFLY,Butterfly Network Inc,Health Care,Health Care Equipment & Supplies,Advanced Medical Equipment & Technology,,,United States of America,US,United States of America,United States of America,856321159.68,4,148836440,1162784.6875,0.06414801290453422,2025-05-26,2025-11-25,2025-11-25,2025-09-17,2026-02-02,2026-02-02T16:29:55Z
BFS.N,2025-11-06,21:11:47,EarningsReleases,Q3 2025 Saul Centers Inc Earnings Release,BFS,Saul Centers Inc,Real Estate,Retail REITs,Commercial REITs,,,United States of America,US,United States of America,United States of America,760199457.96,1,3458830,27022.109375,0.012915458859996946,2025-05-26,2025-11-25,2025-11-25,2025-09-17,2026-02-02,2026-02-02T16:29:55Z
BFb.N,2025-12-04,13:00:00,EarningsReleases,Q2 2026 Brown-Forman Corp Earnings Release,BF.B,Brown-Forman Corp,Consumer Staples,Beverages,Distillers & Wineries,,,United States of America,US,United States of America,United States of America,13532396804.48,20,165563035,1293461.2109375,0.026289700883438915,2025-05-26,2025-11-25,2025-11-25,2025-09-17,2026-02-02,2026-02-02T16:29:55Z
BG.N,2025-11-05,11:00:00,EarningsReleases,Q3 2025 Bunge Global SA Earnings Release,BG,Bunge Global ltd,Consumer Staples,Food Products,Food Processing,,,United States of America,US,United States of America,United States of America,18661274645.97,10,78229767,611170.0546875,0.021716041720466865,2025-05-26,2025-11-25,2025-11-25,2025-09-17,2026-02-02,2026-02-02T16:29:55Z
BGS.N,2025-11-05,21:05:02,EarningsReleases,Q3 2025 B&G Foods Inc Earnings Release,BGS,B&G Foods Inc,Consumer Staples,Food Products,Food Processing,,,United States of America,US,United States of America,United States of America,355897872.5,5,88406743,690677.6796875,0.033678194544707635,2025-05-26,2025-11-25,2025-11-25,2025-09-17,2026-02-02,2026-02-02T16:29:55Z
BGSF.N,2025-11-07,13:00:00,EarningsReleases,Q3 2025 BGSF Inc Earnings Release,BGSF,BGSF Inc,Industrials,Professional Services,Employment Services,,,United States of America,US,United States of America,United States of America,48943069.19,1,2582784,20178.0,0.05064215220755695,2025-05-26,2025-11-25,2025-11-25,2025-09-17,2026-02-02,2026-02-02T16:29:55Z
BGSI.N,2025-11-12,11:00:00,EarningsReleases,Q3 2025 Boyd Group Services Inc Earnings Release,BGSI,Boyd Group Services Inc,Industrials,Commercial Services & Supplies,Personal Services,,,Canada,CA,United States of America,United States of America,4526292285.30204,14,207345,11519.166666666666,0.02316730831287146,2025-05-26,2025-11-25,2025-11-25,2025-09-17,2026-02-02,2026-02-02T16:29:55Z
BHC.N,2025-10-29,20:00:00,EarningsReleases,Q3 2025 Bausch Health Companies Inc Earnings Release,BHC,Bausch Health Companies Inc,Health Care,Pharmaceuticals,Pharmaceuticals,,,Canada,CA,Canada,United States of America,2340184627.90698,7,69385745,542076.1328125,0.03353183409936315,2025-05-26,2025-11-25,2025-11-25,2025-09-17,2026-02-02,2026-02-02T16:29:55Z
BHE.N,2025-11-04,21:07:00,EarningsReleases,Q3 2025 Benchmark Electronics Inc Earnings Release,BHE,Benchmark Electronics Inc,Information Technology,"Electronic Equipment, Instruments & Components",Electronic Equipment & Parts,,,United States of America,US,United States of America,United States of America,1595205183.85,4,13298365,103893.4765625,0.020776073532685128,2025-05-26,2025-11-25,2025-11-25,2025-09-17,2026-02-02,2026-02-02T16:29:55Z
BHR.N,2025-11-04,21:00:00,EarningsReleases,Q3 2025 Braemar Hotels & Resorts Inc Earnings Release,BHR,Braemar Hotels & Resorts Inc,Real Estate,Hotel & Resort REITs,Specialized REITs,,,United States of America,US,United States of America,United States of America,185556855.04,1,14203555,110965.2734375,0.03240726332074706,2025-05-26,2025-11-25,2025-11-25,2025-09-17,2026-02-02,2026-02-02T16:29:55Z
BHVN.N,2025-11-10,11:58:00,EarningsReleases,Q3 2025 Biohaven Ltd Earnings Release,BHVN,Biohaven Ltd,Health Care,Biotechnology,Biotechnology & Medical Research,,,United States of America,US,United States of America,United States of America,1248114066.49,18,94015252,734494.15625,0.06729889845092157,2025-05-26,2025-11-25,2025-11-25,2025-09-17,2026-02-02,2026-02-02T16:29:55Z
BHa.N,2025-11-07,21:00:00,EarningsReleases,Q3 2025 Biglari Holdings Inc Earnings Release,BH.A,Biglari Holdings Inc,Consumer Discretionary,"Hotels, Restaurants & Leisure",Restaurants & Bars,,,United States of America,US,United States of America,United States of America,918273433.28,,341564,2668.46875,0.024227468371604423,2025-05-26,2025-11-25,2025-11-25,2025-09-17,2026-02-02,2026-02-02T16:29:55Z
BILL.N,2025-11-06,21:01:00,EarningsReleases,Q1 2026 BILL Holdings Inc Earnings Release,BILL,BILL Holdings Inc,Information Technology,Software,Software,,,United States of America,US,United States of America,United States of America,4956754241.67,25,107221553,837668.3828125,0.029611322207734766,2025-05-26,2025-11-25,2025-11-25,2025-09-17,2026-02-02,2026-02-02T16:29:55Z
BIO.N,2025-10-29,20:15:00,EarningsReleases,Q3 2025 Bio Rad Laboratories Inc Earnings Release,BIO,Bio Rad Laboratories Inc,Health Care,Life Sciences Tools & Services,"Medical Equipment, Supplies & Distribution",,,United States of America,US,United States of America,United States of America,8852287876.99,7,10687224,83493.9375,0.02579842061925695,2025-05-26,2025-11-25,2025-11-25,2025-09-17,2026-02-02,2026-02-02T16:29:55Z
BIP.N,2025-11-07,13:30:00,EarningsReleases,Q3 2025 Brookfield Infrastructure Partners LP Earnings Release,BIP,Brookfield Infrastructure Partners LP,Utilities,Multi-Utilities,Consumer Goods Conglomerates,,,Bermuda,BM,Bermuda,United States of America,23325142775.8,6,15800946,123444.890625,0.01095132901153158,2025-05-26,2025-11-25,2025-11-25,2025-09-17,2026-02-02,2026-02-02T16:29:55Z
BIP.N,2026-01-29,12:00:00,EarningsReleases,Q4 2025 Brookfield Infrastructure Partners LP Earnings Release,BIP,Brookfield Infrastructure Partners LP,Utilities,Multi-Utilities,Consumer Goods Conglomerates,,,Bermuda,BM,Bermuda,United States of America,23325142775.8,6,15800946,123444.890625,0.01095132901153158,2025-05-26,2025-11-25,2025-11-25,2025-09-17,2026-02-02,2026-02-02T16:29:55Z
BIPC.N,2025-11-07,13:30:00,EarningsReleases,Q3 2025 Brookfield Infrastructure Corp Earnings Release,BIPC,Brookfield Infrastructure Corp,Utilities,Gas Utilities,Natural Gas Utilities,,,United States of America,US,United States of America,United States of America,5915980997.7,1,24655757,192623.1015625,0.01516441054586131,2025-05-26,2025-11-25,2025-11-25,2025-09-17,2026-02-02,2026-02-02T16:29:55Z
BIPC.N,2026-01-29,13:30:00,EarningsReleases,Q4 2025 Brookfield Infrastructure Corp Earnings Release,BIPC,Brookfield Infrastructure Corp,Utilities,Gas Utilities,Natural Gas Utilities,,,United States of America,US,United States of America,United States of America,5915980997.7,1,24655757,192623.1015625,0.01516441054586131,2025-05-26,2025-11-25,2025-11-25,2025-09-17,2026-02-02,2026-02-02T16:29:55Z
BIRK.N,2025-12-18,14:32:00,EarningsReleases,Q4 2025 Birkenstock Holding PLC Earnings Release,BIRK,Birkenstock Holding PLC,Consumer Discretionary,"Textiles, Apparel & Luxury Goods",Footwear,,,United Kingdom,GB,United Kingdom,United States of America,7810490198.32,19,79420290,620471.015625,0.01848715689961135,2025-05-26,2025-11-25,2025-11-25,2025-09-17,2026-02-02,2026-02-02T16:29:55Z
BIRK.N,2026-01-12,11:15:11,EarningsReleases,Preliminary Q1 2026 Birkenstock Holding PLC Earnings Release,BIRK,Birkenstock Holding PLC,Consumer Discretionary,"Textiles, Apparel & Luxury Goods",Footwear,,,United Kingdom,GB,United Kingdom,United States of America,7810490198.32,19,79420290,620471.015625,0.01848715689961135,2025-05-26,2025-11-25,2025-11-25,2025-09-17,2026-02-02,2026-02-02T16:29:55Z
BJ.N,2025-11-21,11:45:00,EarningsReleases,Q3 2025 BJ's Wholesale Club Holdings Inc Earnings Release,BJ,BJ's Wholesale Club Holdings Inc,Consumer Staples,Consumer Staples Distribution & Retail,Discount Stores,,,United States of America,US,United States of America,United States of America,11686009426.65,22,62602764,489084.09375,0.017389339606055567,2025-05-26,2025-11-25,2025-11-25,2025-09-17,2026-02-02,2026-02-02T16:29:55Z
BK.N,2025-10-16,12:30:00,EarningsReleases,Q3 2025 Bank of New York Mellon Corp Earnings Release,BK,Bank of New York Mellon Corp,Financials,Capital Markets,Investment Management & Fund Operators,,,United States of America,US,United States of America,United States of America,76101709902.12,17,146418686,1143895.984375,0.010710634481454824,2025-05-26,2025-11-25,2025-11-25,2025-09-17,2026-02-02,2026-02-02T16:29:55Z
BK.N,2026-01-13,13:30:00,EarningsReleases,Q4 2025 Bank of New York Mellon Corp Earnings Release,BK,Bank of New York Mellon Corp,Financials,Capital Markets,Investment Management & Fund Operators,,,United States of America,US,United States of America,United States of America,76101709902.12,17,146418686,1143895.984375,0.010710634481454824,2025-05-26,2025-11-25,2025-11-25,2025-09-17,2026-02-02,2026-02-02T16:29:55Z
BKD.N,2025-11-06,21:15:00,EarningsReleases,Q3 2025 Brookdale Senior Living Inc Earnings Release,BKD,Brookdale Senior Living Inc,Health Care,Health Care Providers & Services,Healthcare Facilities & Services,,,United States of America,US,United States of America,United States of America,2673623160.0,4,133599395,1043745.2734375,0.02309016058103602,2025-05-26,2025-11-25,2025-11-25,2025-09-17,2026-02-02,2026-02-02T16:29:55Z
BKD.N,2026-01-28,21:15:00,EarningsReleases,Preliminary Q4 2025 Brookdale Senior Living Inc Earnings Release,BKD,Brookdale Senior Living Inc,Health Care,Health Care Providers & Services,Healthcare Facilities & Services,,,United States of America,US,United States of America,United States of America,2673623160.0,4,133599395,1043745.2734375,0.02309016058103602,2025-05-26,2025-11-25,2025-11-25,2025-09-17,2026-02-02,2026-02-02T16:29:55Z
BKE.N,2025-11-21,11:50:00,EarningsReleases,Q3 2025 Buckle Inc Earnings Release,BKE,Buckle Inc,Consumer Discretionary,Specialty Retail,Apparel & Accessories Retailers,,,United States of America,US,United States of America,United States of America,2885745272.66,1,24494547,191363.6484375,0.017264907186903586,2025-05-26,2025-11-25,2025-11-25,2025-09-17,2026-02-02,2026-02-02T16:29:55Z
BKH.N,2025-11-05,21:18:34,EarningsReleases,Q3 2025 Black Hills Corp Earnings Release,BKH,Black Hills Corp,Utilities,Multi-Utilities,Multiline Utilities,,,United States of America,US,United States of America,United States of America,5433329346.1,4,30891121,241336.8828125,0.01135784843954016,2025-05-26,2025-11-25,2025-11-25,2025-09-17,2026-02-02,2026-02-02T16:29:55Z
BKSY.N,2025-11-06,12:00:00,EarningsReleases,Q3 2025 Blacksky Technology Inc Earnings Release,BKSY,Blacksky Technology Inc,Industrials,Professional Services,Aerospace & Defense,,,United States of America,US,United States of America,United States of America,616553169.48,10,53287192,416306.1875,0.06217853661799929,2025-05-26,2025-11-25,2025-11-25,2025-09-17,2026-02-02,2026-02-02T16:29:55Z
BKU.N,2025-10-22,10:45:00,EarningsReleases,Q3 2025 BankUnited Inc Earnings Release,BKU,BankUnited Inc,Financials,Banks,Banks,,,United States of America,US,United States of America,United States of America,3255927601.43,11,43726010,341609.453125,0.019447971335569546,2025-05-26,2025-11-25,2025-11-25,2025-09-17,2026-02-02,2026-02-02T16:29:55Z
BKU.N,2026-01-21,11:45:00,EarningsReleases,Q4 2025 BankUnited Inc Earnings Release,BKU,BankUnited Inc,Financials,Banks,Banks,,,United States of America,US,United States of America,United States of America,3255927601.43,11,43726010,341609.453125,0.019447971335569546,2025-05-26,2025-11-25,2025-11-25,2025-09-17,2026-02-02,2026-02-02T16:29:55Z
BKV.N,2025-11-10,12:00:00,EarningsReleases,Q3 2025 BKV Corp Earnings Release,BKV,BKV Corp,Energy,"Oil, Gas & Consumable Fuels",Oil & Gas Exploration and Production,,,United States of America,US,United States of America,United States of America,2296036339.52,8,16371952,127905.875,0.02910403799063302,2025-05-26,2025-11-25,2025-11-25,2025-09-17,2026-02-02,2026-02-02T16:29:55Z
BLCO.N,2025-10-29,10:58:00,EarningsReleases,Q3 2025 Bausch + Lomb Corp Earnings Release,BLCO,Bausch + Lomb Corp,Health Care,Health Care Equipment & Supplies,"Medical Equipment, Supplies & Distribution",,,Canada,CA,Canada,United States of America,5628075667.76,15,21492983,167913.9296875,0.021643199204151302,2025-05-26,2025-11-25,2025-11-25,2025-09-17,2026-02-02,2026-02-02T16:29:55Z
BLD.N,2025-11-04,12:00:00,EarningsReleases,Q3 2025 TopBuild Corp Earnings Release,BLD,TopBuild Corp,Consumer Discretionary,Household Durables,Construction & Engineering,,,United States of America,US,United States of America,United States of America,12554203760.22,16,12278930,95929.140625,0.023208422593506355,2025-05-26,2025-11-25,2025-11-25,2025-09-17,2026-02-02,2026-02-02T16:29:55Z
BLDR.N,2025-10-30,11:00:00,EarningsReleases,Q3 2025 Builders FirstSource Inc Earnings Release,BLDR,Builders FirstSource Inc,Industrials,Building Products,Construction Supplies & Fixtures,,,United States of America,US,United States of America,United States of America,12049965911.57,25,68325852,533795.71875,0.029630814024038093,2025-05-26,2025-11-25,2025-11-25,2025-09-17,2026-02-02,2026-02-02T16:29:55Z
BLE.N,2025-10-03,20:00:00,EarningsReleases,Full Year 2025 BlackRock Municipal Income Trust II Earnings Release,BLE,BlackRock Municipal Income Trust II,,,Closed End Funds,,,United States of America,US,United States of America,United States of America,495884111.84,,1911082,14930.328125,0.005132685615277156,2025-05-26,2025-11-25,2025-11-25,2025-09-17,2026-02-02,2026-02-02T16:29:55Z
BLK.N,2025-10-14,12:30:00,EarningsReleases,Q3 2025 BlackRock Inc Earnings Release,BLK,BlackRock Inc,Financials,Capital Markets,Investment Management & Fund Operators,,,United States of America,US,United States of America,United States of America,159769751560.93,17,19859457,155152.0078125,0.01365242293090509,2025-05-26,2025-11-25,2025-11-25,2025-09-17,2026-02-02,2026-02-02T16:29:55Z
BLK.N,2026-01-15,11:00:00,EarningsReleases,Q4 2025 BlackRock Inc Earnings Release,BLK,BlackRock Inc,Financials,Capital Markets,Investment Management & Fund Operators,,,United States of America,US,United States of America,United States of America,159769751560.93,17,19859457,155152.0078125,0.01365242293090509,2025-05-26,2025-11-25,2025-11-25,2025-09-17,2026-02-02,2026-02-02T16:29:55Z
BLND.N,2025-11-06,21:00:00,EarningsReleases,Q3 2025 Blend Labs Inc Earnings Release,BLND,Blend Labs Inc,Information Technology,Software,Software,,,United States of America,US,United States of America,United States of America,820800267.2,6,88275659,689653.5859375,0.042448011141879356,2025-05-26,2025-11-25,2025-11-25,2025-09-17,2026-02-02,2026-02-02T16:29:55Z
BLSH.N,2025-09-17,20:00:00,EarningsReleases,Q2 2025 Bullish Earnings Release,BLSH,Bullish,Financials,Capital Markets,Blockchain & Cryptocurrency,,,Cayman Islands,KY,Cayman Islands,United States of America,5920441429.5,10,63374856,856416.972972973,0.05862493469691433,2025-05-26,2025-11-25,2025-11-25,2025-09-17,2026-02-02,2026-02-02T16:29:55Z
BLSH.N,2025-11-19,13:30:00,EarningsReleases,Q3 2025 Bullish Earnings Release,BLSH,Bullish,Financials,Capital Markets,Blockchain & Cryptocurrency,,,Cayman Islands,KY,Cayman Islands,United States of America,5920441429.5,10,63374856,856416.972972973,0.05862493469691433,2025-05-26,2025-11-25,2025-11-25,2025-09-17,2026-02-02,2026-02-02T16:29:55Z
BLX.N,2025-10-28,22:00:00,EarningsReleases,Q3 2025 Foreign Trade Bank of Latin America Inc Earnings Release,BLX,Foreign Trade Bank of Latin America Inc,Financials,Financial Services,Corporate Financial Services,,,Panama,PA,Panama,United States of America,1374560722.5,2,5012179,39157.6484375,0.013845471833305742,2025-05-26,2025-11-25,2025-11-25,2025-09-17,2026-02-02,2026-02-02T16:29:55Z
BMI.N,2025-10-21,12:30:00,EarningsReleases,Q3 2025 Badger Meter Inc Earnings Release,BMI,Badger Meter Inc,Information Technology,"Electronic Equipment, Instruments & Components",Industrial Machinery & Equipment,,,United States of America,US,United States of America,United States of America,5381182741.0,12,12575137,98243.2578125,0.023307412476961505,2025-05-26,2025-11-25,2025-11-25,2025-09-17,2026-02-02,2026-02-02T16:29:55Z
BMI.N,2026-01-28,13:30:00,EarningsReleases,Q4 2025 Badger Meter Inc Earnings Release,BMI,Badger Meter Inc,Information Technology,"Electronic Equipment, Instruments & Components",Industrial Machinery & Equipment,,,United States of America,US,United States of America,United States of America,5381182741.0,12,12575137,98243.2578125,0.023307412476961505,2025-05-26,2025-11-25,2025-11-25,2025-09-17,2026-02-02,2026-02-02T16:29:55Z
BMO.N,2025-12-04,11:00:01,EarningsReleases,Q4 2025 Bank of Montreal Earnings Release,BMO,Bank of Montreal,Financials,Banks,Banks,,,Canada,CA,Canada,United States of America,88106017229.9348,11,21912369,171190.3828125,0.009551322075892238,2025-05-26,2025-11-25,2025-11-25,2025-09-17,2026-02-02,2026-02-02T16:29:55Z
BMY.N,2025-10-30,12:30:00,EarningsReleases,Q3 2025 Bristol-Myers Squibb Co Earnings Release,BMY,Bristol-Myers Squibb Co,Health Care,Pharmaceuticals,Pharmaceuticals,,,United States of America,US,United States of America,United States of America,99853685974.35,28,482531447,3769776.9296875,0.017122610897068333,2025-05-26,2025-11-25,2025-11-25,2025-09-17,2026-02-02,2026-02-02T16:29:55Z
BN.N,2025-11-13,12:00:00,EarningsReleases,Q3 2025 Brookfield Corp Earnings Release,BN,Brookfield Corp,Financials,Capital Markets,Investment Management & Fund Operators,,,Canada,CA,Canada,United States of America,113952660916.64,7,117178748,915458.96875,0.015921679996699148,2025-05-26,2025-11-25,2025-11-25,2025-09-17,2026-02-02,2026-02-02T16:29:55Z
BNED.N,2025-11-25,13:30:00,EarningsReleases,Preliminary Q4 2025 Barnes & Noble Education Inc Earnings Release,BNED,Barnes & Noble Education Inc,Consumer Discretionary,Specialty Retail,Miscellaneous Specialty Retailers,,,United States of America,US,United States of America,United States of America,310571084.64,1,14523853,113467.6015625,0.045115110259173065,2025-05-26,2025-11-25,2025-11-25,2025-09-17,2026-02-02,2026-02-02T16:29:55Z
BNED.N,2025-12-23,13:30:00,EarningsReleases,Q4 2025 Barnes & Noble Education Inc Earnings Release,BNED,Barnes & Noble Education Inc,Consumer Discretionary,Specialty Retail,Miscellaneous Specialty Retailers,,,United States of America,US,United States of America,United States of America,310571084.64,1,14523853,113467.6015625,0.045115110259173065,2025-05-26,2025-11-25,2025-11-25,2025-09-17,2026-02-02,2026-02-02T16:29:55Z
BNED.N,2026-01-20,13:00:01,EarningsReleases,Q2 2026 Barnes & Noble Education Inc Earnings Release,BNED,Barnes & Noble Education Inc,Consumer Discretionary,Specialty Retail,Miscellaneous Specialty Retailers,,,United States of America,US,United States of America,United States of America,310571084.64,1,14523853,113467.6015625,0.045115110259173065,2025-05-26,2025-11-25,2025-11-25,2025-09-17,2026-02-02,2026-02-02T16:29:55Z
BNED.N,2026-01-20,13:00:01,EarningsReleases,Q1 2026 Barnes & Noble Education Inc Earnings Release,BNED,Barnes & Noble Education Inc,Consumer Discretionary,Specialty Retail,Miscellaneous Specialty Retailers,,,United States of America,US,United States of America,United States of America,310571084.64,1,14523853,113467.6015625,0.045115110259173065,2025-05-26,2025-11-25,2025-11-25,2025-09-17,2026-02-02,2026-02-02T16:29:55Z
BNL.N,2025-10-29,20:10:00,EarningsReleases,Q3 2025 Broadstone Net Lease Inc Earnings Release,BNL,Broadstone Net Lease Inc,Real Estate,Diversified REITs,Commercial REITs,,,United States of America,US,United States of America,United States of America,3354799680.0,6,77959787,609060.8359375,0.011347462814635547,2025-05-26,2025-11-25,2025-11-25,2025-09-17,2026-02-02,2026-02-02T16:29:55Z
BNS.N,2025-12-02,11:32:09,EarningsReleases,Q4 2025 Bank of Nova Scotia Earnings Release,BNS,Bank of Nova Scotia,Financials,Banks,Banks,,,Canada,CA,Canada,United States of America,83917233975.4824,11,82760233,646564.3203125,0.009214722878804007,2025-05-26,2025-11-25,2025-11-25,2025-09-17,2026-02-02,2026-02-02T16:29:55Z
BNT.N,2025-11-13,11:55:00,EarningsReleases,Q3 2025 Brookfield Wealth Solutions Ltd Earnings Release,BNT,Brookfield Wealth Solutions Ltd,Financials,Insurance,Investment Management & Fund Operators,,,Bermuda,BM,United States of America,United States of America,3009225878.33948,,620096,4844.5,0.016480294125882883,2025-05-26,2025-11-25,2025-11-25,2025-09-17,2026-02-02,2026-02-02T16:29:55Z
BNY.N,2025-10-03,,EarningsReleases,Full Year 2025 BlackRock New York Municipal Income Trust Earnings Release,BNY,BlackRock New York Municipal Income Trust,,,Closed End Funds,,,United States of America,US,United States of America,United States of America,248406181.5,,1533427,11979.8984375,0.005358617158003369,2025-05-26,2025-11-25,2025-11-25,2025-09-17,2026-02-02,2026-02-02T16:29:55Z
BOC.N,2025-11-13,21:14:00,EarningsReleases,Q3 2025 Boston Omaha Corp Earnings Release,BOC,Boston Omaha Corp,Communication Services,Media,Advertising & Marketing,,,United States of America,US,United States of America,United States of America,389393512.92,2,7555897,59030.4453125,0.019902488190144552,2025-05-26,2025-11-25,2025-11-25,2025-09-17,2026-02-02,2026-02-02T16:29:55Z
BOH.N,2025-10-27,10:45:00,EarningsReleases,Q3 2025 Bank of Hawaii Corp Earnings Release,BOH,Bank of Hawaii Corp,Financials,Banks,Banks,,,United States of America,US,United States of America,United States of America,2660826952.96,6,18383981,143624.8515625,0.015459934224088414,2025-05-26,2025-11-25,2025-11-25,2025-09-17,2026-02-02,2026-02-02T16:29:55Z
BOH.N,2026-01-26,11:45:00,EarningsReleases,Q4 2025 Bank of Hawaii Corp Earnings Release,BOH,Bank of Hawaii Corp,Financials,Banks,Banks,,,United States of America,US,United States of America,United States of America,2660826952.96,6,18383981,143624.8515625,0.015459934224088414,2025-05-26,2025-11-25,2025-11-25,2025-09-17,2026-02-02,2026-02-02T16:29:55Z
BOOT.N,2025-10-29,20:10:00,EarningsReleases,Q2 2026 Boot Barn Holdings Inc Earnings Release,BOOT,Boot Barn Holdings Inc,Consumer Discretionary,Specialty Retail,Apparel & Accessories Retailers,,,United States of America,US,United States of America,United States of America,5967476191.84,15,21280120,166250.9375,0.024459434891741808,2025-05-26,2025-11-25,2025-11-25,2025-09-17,2026-02-02,2026-02-02T16:29:55Z
BOOT.N,2026-01-09,21:45:00,EarningsReleases,Preliminary Q3 2026 Boot Barn Holdings Inc Earnings Release,BOOT,Boot Barn Holdings Inc,Consumer Discretionary,Specialty Retail,Apparel & Accessories Retailers,,,United States of America,US,United States of America,United States of America,5967476191.84,15,21280120,166250.9375,0.024459434891741808,2025-05-26,2025-11-25,2025-11-25,2025-09-17,2026-02-02,2026-02-02T16:29:55Z
BORR.N,2025-11-05,21:40:51,EarningsReleases,Q3 2025 Borr Drilling Ltd Earnings Release,BORR,Borr Drilling Ltd,Energy,Energy Equipment & Services,Oil & Gas Drilling,,,Bermuda,BM,Bermuda,United States of America,951956417.34,8,142592125,1114000.9765625,0.04309320355266606,2025-05-26,2025-11-25,2025-11-25,2025-09-17,2026-02-02,2026-02-02T16:29:55Z
BOW.N,2025-11-04,12:00:00,EarningsReleases,Q3 2025 Bowhead Specialty Holdings Inc Earnings Release,BOW,Bowhead Specialty Holdings Inc,Financials,Insurance,Property & Casualty Insurance,,,United States of America,US,United States of America,United States of America,919562420.7,7,11310354,88362.140625,0.022085465054569434,2025-05-26,2025-11-25,2025-11-25,2025-09-17,2026-02-02,2026-02-02T16:29:55Z
BOX.N,2025-12-02,21:05:00,EarningsReleases,Q3 2026 Box Inc Earnings Release,BOX,Box Inc,Information Technology,Software,Software,,,United States of America,US,United States of America,United States of America,4346574420.0,11,73445509,573793.0390625,0.019469549752394122,2025-05-26,2025-11-25,2025-11-25,2025-09-17,2026-02-02,2026-02-02T16:29:55Z
BR.N,2025-11-04,12:00:06,EarningsReleases,Q1 2026 Broadridge Financial Solutions Inc Earnings Release,BR,Broadridge Financial Solutions Inc,Industrials,Professional Services,Professional Information Services,,,United States of America,US,United States of America,United States of America,26639563514.98,10,26941810,210482.890625,0.01195588821508913,2025-05-26,2025-11-25,2025-11-25,2025-09-17,2026-02-02,2026-02-02T16:29:55Z
BRBR.N,2025-11-18,12:00:01,EarningsReleases,Q4 2025 Bellring Brands Inc Earnings Release,BRBR,Bellring Brands Inc,Consumer Staples,Personal Care Products,Food Processing,,,United States of America,US,United States of America,United States of America,3912640172.76,16,118412613,925098.5390625,0.04372049897675556,2025-05-26,2025-11-25,2025-11-25,2025-09-17,2026-02-02,2026-02-02T16:29:55Z
BRC.N,2025-11-17,12:00:01,EarningsReleases,Q1 2026 Brady Corp Earnings Release,BRC,Brady Corp,Industrials,Commercial Services & Supplies,Business Support Supplies,,,United States of America,US,United States of America,United States of America,3810463997.48,2,9238068,72172.40625,0.013366348365706344,2025-05-26,2025-11-25,2025-11-25,2025-09-17,2026-02-02,2026-02-02T16:29:55Z
BRCC.N,2025-11-03,21:15:00,EarningsReleases,Q3 2025 BRC Inc Earnings Release,BRCC,BRC Inc,Consumer Staples,Food Products,Food Processing,,,United States of America,US,United States of America,United States of America,300684854.8,3,26999523,210933.7734375,0.04857219448658414,2025-05-26,2025-11-25,2025-11-25,2025-09-17,2026-02-02,2026-02-02T16:29:55Z
BRCC.N,2026-01-13,11:00:00,EarningsReleases,Preliminary Q4 2025 BRC Inc Earnings Release,BRCC,BRC Inc,Consumer Staples,Food Products,Food Processing,,,United States of America,US,United States of America,United States of America,300684854.8,3,26999523,210933.7734375,0.04857219448658414,2025-05-26,2025-11-25,2025-11-25,2025-09-17,2026-02-02,2026-02-02T16:29:55Z
BRKa.N,2025-11-01,12:00:00,EarningsReleases,Q3 2025 Berkshire Hathaway Inc Earnings Release,BRK.A,Berkshire Hathaway Inc,Financials,Financial Services,Consumer Goods Conglomerates,,,United States of America,US,United States of America,United States of America,1097231768091.23,4,10221,79.8515625,0.008177249695655201,2025-05-26,2025-11-25,2025-11-25,2025-09-17,2026-02-02,2026-02-02T16:29:55Z
BRO.N,2025-10-27,21:00:54,EarningsReleases,Q3 2025 Brown & Brown Inc Earnings Release,BRO,Brown & Brown Inc,Financials,Insurance,Multiline Insurance & Brokers,,,United States of America,US,United States of America,United States of America,27487787802.9,16,134120822,1047818.921875,0.016875540870754956,2025-05-26,2025-11-25,2025-11-25,2025-09-17,2026-02-02,2026-02-02T16:29:55Z
BRO.N,2026-01-26,22:00:00,EarningsReleases,Q4 2025 Brown & Brown Inc Earnings Release,BRO,Brown & Brown Inc,Financials,Insurance,Multiline Insurance & Brokers,,,United States of America,US,United States of America,United States of America,27487787802.9,16,134120822,1047818.921875,0.016875540870754956,2025-05-26,2025-11-25,2025-11-25,2025-09-17,2026-02-02,2026-02-02T16:29:55Z
BROS.N,2025-11-05,21:05:02,EarningsReleases,Q3 2025 Dutch Bros Inc Earnings Release,BROS,Dutch Bros Inc,Consumer Discretionary,"Hotels, Restaurants & Leisure",Restaurants & Bars,,,United States of America,US,United States of America,United States of America,9438634942.32,20,98577423,770136.1171875,0.03366135314246246,2025-05-26,2025-11-25,2025-11-25,2025-09-17,2026-02-02,2026-02-02T16:29:55Z
BRSL.N,2025-11-04,11:40:00,EarningsReleases,Q3 2025 International Game Technology PLC Earnings Release,BRSL,Brightstar Lottery PLC,Consumer Discretionary,"Hotels, Restaurants & Leisure",Casinos & Gaming,,,United Kingdom,GB,United Kingdom,United States of America,3026700000.0,7,74588108,582719.59375,0.017165528019939515,2025-05-26,2025-11-25,2025-11-25,2025-09-17,2026-02-02,2026-02-02T16:29:55Z
BRSP.N,2025-10-28,20:00:00,EarningsReleases,Q3 2025 Brightspire Capital Inc Earnings Release,BRSP,Brightspire Capital Inc,Financials,Mortgage Real Estate Investment Trusts (REITs),Specialized REITs,,,United States of America,US,United States of America,United States of America,727801731.69,6,27009448,211011.3125,0.015122953249113086,2025-05-26,2025-11-25,2025-11-25,2025-09-17,2026-02-02,2026-02-02T16:29:55Z
BRT.N,2025-11-06,22:31:00,EarningsReleases,Q3 2025 BRT Apartments Corp Earnings Release,BRT,BRT Apartments Corp,Real Estate,Residential REITs,Residential REITs,,,United States of America,US,United States of America,United States of America,281311627.26,2,2167045,16930.0390625,0.01461320826937732,2025-05-26,2025-11-25,2025-11-25,2025-09-17,2026-02-02,2026-02-02T16:29:55Z
BRW.N,2026-01-02,21:00:00,EarningsReleases,Full Year 2025 Saba Capital Income & Opportunities Fund Earnings Release,BRW,Saba Capital Income & Opportunities Fund,,,Closed End Funds,,,United States of America,US,United States of America,United States of America,305787054.67,,5047627,39434.5859375,0.009722709794246663,2025-05-26,2025-11-25,2025-11-25,2025-09-17,2026-02-02,2026-02-02T16:29:55Z
BRX.N,2025-10-27,20:04:00,EarningsReleases,Q3 2025 Brixmor Property Group Inc Earnings Release,BRX,Brixmor Property Group Inc,Real Estate,Retail REITs,Commercial REITs,,,United States of America,US,United States of America,United States of America,7986149260.9,10,105656956,825444.96875,0.011971838958393122,2025-05-26,2025-11-25,2025-11-25,2025-09-17,2026-02-02,2026-02-02T16:29:55Z
BSM.N,2025-11-03,22:30:00,EarningsReleases,Q3 2025 Black Stone Minerals LP Earnings Release,BSM,Black Stone Minerals LP,Energy,"Oil, Gas & Consumable Fuels",Oil & Gas Exploration and Production,,,United States of America,US,United States of America,United States of America,2913108165.0,3,12873825,100576.7578125,0.012512119883074907,2025-05-26,2025-11-25,2025-11-25,2025-09-17,2026-02-02,2026-02-02T16:29:55Z
BSX.N,2025-10-22,12:30:00,EarningsReleases,Q3 2025 Boston Scientific Corp Earnings Release,BSX,Boston Scientific Corp,Health Care,Health Care Equipment & Supplies,Advanced Medical Equipment & Technology,,,United States of America,US,United States of America,United States of America,150260325073.04,36,290276865,2267788.0078125,0.012494580123748702,2025-05-26,2025-11-25,2025-11-25,2025-09-17,2026-02-02,2026-02-02T16:29:55Z
BTA.N,2025-10-03,12:30:00,EarningsReleases,Full Year 2025 BlackRock Long-Term Municipal Advantage Trust Earnings Release,BTA,BlackRock Long-Term Municipal Advantage Trust,,,Closed End Funds,,,United States of America,US,United States of America,United States of America,126334984.8,,877922,6858.765625,0.006165942982094494,2025-05-26,2025-11-25,2025-11-25,2025-09-17,2026-02-02,2026-02-02T16:29:55Z
BTE.N,2025-10-30,20:00:00,EarningsReleases,Q3 2025 Baytex Energy Corp Earnings Release,BTE,Baytex Energy Corp,Energy,"Oil, Gas & Consumable Fuels",Oil & Gas Exploration and Production,,,Canada,CA,Canada,United States of America,2424142567.14407,3,454091912,3547593.0625,0.03370303395036763,2025-05-26,2025-11-25,2025-11-25,2025-09-17,2026-02-02,2026-02-02T16:29:55Z
BTT.N,2025-10-03,,EarningsReleases,Full Year 2025 BlackRock Municipal 2030 Target Term Trust Earnings Release,BTT,BlackRock Municipal 2030 Target Term Trust,,,Closed End Funds,,,United States of America,US,United States of America,United States of America,1437185784.96,,1996514,15597.765625,0.0030698612092151787,2025-05-26,2025-11-25,2025-11-25,2025-09-17,2026-02-02,2026-02-02T16:29:55Z
BTU.N,2025-10-30,11:00:03,EarningsReleases,Q3 2025 Peabody Energy Corp Earnings Release,BTU,Peabody Energy Corp,Energy,"Oil, Gas & Consumable Fuels",Coal,,,United States of America,US,United States of America,United States of America,3232128000.0,7,136822756,1068927.78125,0.03813193462196679,2025-05-26,2025-11-25,2025-11-25,2025-09-17,2026-02-02,2026-02-02T16:29:55Z
BUR.N,2025-11-05,13:00:00,EarningsReleases,Q3 2025 Burford Capital Ltd Earnings Release,BUR,Burford Capital Ltd,Financials,Financial Services,Investment Management & Fund Operators,,,United States of America,US,United States of America,United States of America,2065039964.35965,3,65061055,508289.4921875,0.03260225041228023,2025-05-26,2025-11-25,2025-11-25,2025-09-17,2026-02-02,2026-02-02T16:29:55Z
BURL.N,2025-11-25,11:45:00,EarningsReleases,Q3 2025 Burlington Stores Inc Earnings Release,BURL,Burlington Stores Inc,Consumer Discretionary,Specialty Retail,Apparel & Accessories Retailers,,,United States of America,US,United States of America,United States of America,15709727047.9,18,33146989,258960.8515625,0.023613569408897778,2025-05-26,2025-11-25,2025-11-25,2025-09-17,2026-02-02,2026-02-02T16:29:55Z
BV.N,2025-11-19,21:10:00,EarningsReleases,Q4 2025 Brightview Holdings Inc Earnings Release,BV,Brightview Holdings Inc,Industrials,Commercial Services & Supplies,Environmental Services & Equipment,,,United States of America,US,United States of America,United States of America,1183750000.0,9,38204804,298475.03125,0.019900179853896464,2025-05-26,2025-11-25,2025-11-25,2025-09-17,2026-02-02,2026-02-02T16:29:55Z
BW.N,2025-11-10,21:00:00,EarningsReleases,Q3 2025 Babcock & Wilcox Enterprises Inc Earnings Release,BW,Babcock & Wilcox Enterprises Inc,Industrials,Electrical Equipment,Heavy Electrical Equipment,,,United States of America,US,United States of America,United States of America,654379589.0,3,67421341,526729.2265625,0.08571717563419744,2025-05-26,2025-11-25,2025-11-25,2025-09-17,2026-02-02,2026-02-02T16:29:55Z
BWA.N,2025-10-30,10:30:00,EarningsReleases,Q3 2025 Borgwarner Inc Earnings Release,BWA,Borgwarner Inc,Consumer Discretionary,Automobile Components,"Auto, Truck & Motorcycle Parts",,,United States of America,US,United States of America,United States of America,9327265639.6,18,106103043,828930.0234375,0.01683765134094135,2025-05-26,2025-11-25,2025-11-25,2025-09-17,2026-02-02,2026-02-02T16:29:55Z
BWLP.N,2025-12-02,06:00:00,EarningsReleases,Q3 2025 BW LPG Ltd Earnings Release,BWLP,BW LPG Ltd,Energy,"Oil, Gas & Consumable Fuels",Oil & Gas Transportation Services,,,Singapore,SG,Singapore,United States of America,1956034580.60981,8,10557047,82476.9296875,0.02144108045727905,2025-05-26,2025-11-25,2025-11-25,2025-09-17,2026-02-02,2026-02-02T16:29:55Z
BWMX.N,2025-10-23,20:15:00,EarningsReleases,Q3 2025 Betterware de Mexico SAPI de CV Earnings Release,BWMX,Betterware de Mexico SAPI de CV,Consumer Discretionary,Specialty Retail,Department Stores,,,Mexico,MX,Mexico,United States of America,536611931.48,2,1853193,14478.0703125,0.030089838832496295,2025-05-26,2025-11-25,2025-11-25,2025-09-17,2026-02-02,2026-02-02T16:29:55Z
BWXT.N,2025-11-03,21:09:00,EarningsReleases,Q3 2025 BWX Technologies Inc Earnings Release,BWXT,BWX Technologies Inc,Industrials,Aerospace & Defense,Aerospace & Defense,,,United States of America,US,United States of America,United States of America,16023451153.44,11,41708425,325847.0703125,0.025927760295405382,2025-05-26,2025-11-25,2025-11-25,2025-09-17,2026-02-02,2026-02-02T16:29:55Z
BX.N,2025-10-23,12:30:00,EarningsReleases,Q3 2025 Blackstone Inc Earnings Release,BX,Blackstone Inc,Financials,Capital Markets,Investment Management & Fund Operators,,,United States of America,US,United States of America,United States of America,174959105174.07,21,126499756,988279.34375,0.017854783289399673,2025-05-26,2025-11-25,2025-11-25,2025-09-17,2026-02-02,2026-02-02T16:29:55Z
BX.N,2026-01-29,13:30:00,EarningsReleases,Q4 2025 Blackstone Inc Earnings Release,BX,Blackstone Inc,Financials,Capital Markets,Investment Management & Fund Operators,,,United States of America,US,United States of America,United States of America,174959105174.07,21,126499756,988279.34375,0.017854783289399673,2025-05-26,2025-11-25,2025-11-25,2025-09-17,2026-02-02,2026-02-02T16:29:55Z
BXC.N,2025-11-04,21:05:01,EarningsReleases,Q3 2025 Bluelinx Holdings Inc Earnings Release,BXC,Bluelinx Holdings Inc,Industrials,Trading Companies & Distributors,Construction Supplies & Fixtures,,,United States of America,US,United States of America,United States of America,477802273.5,4,4437326,34666.609375,0.030094843951457773,2025-05-26,2025-11-25,2025-11-25,2025-09-17,2026-02-02,2026-02-02T16:29:55Z
BXMT.N,2025-10-29,11:00:00,EarningsReleases,Q3 2025 Blackstone Mortgage Trust Inc Earnings Release,BXMT,Blackstone Mortgage Trust Inc,Financials,Mortgage Real Estate Investment Trusts (REITs),Specialized REITs,,,United States of America,US,United States of America,United States of America,3243776976.88,8,54902701,428927.3515625,0.012853334641784446,2025-05-26,2025-11-25,2025-11-25,2025-09-17,2026-02-02,2026-02-02T16:29:55Z
BXP.N,2025-10-28,20:15:00,EarningsReleases,Q3 2025 BXP Inc Earnings Release,BXP,BXP Inc,Real Estate,Office REITs,Commercial REITs,,,United States of America,US,United States of America,United States of America,11477886854.55,10,69718255,544673.8671875,0.018160618721864915,2025-05-26,2025-11-25,2025-11-25,2025-09-17,2026-02-02,2026-02-02T16:29:55Z
BXP.N,2026-01-27,21:00:00,EarningsReleases,Q4 2025 BXP Inc Earnings Release,BXP,BXP Inc,Real Estate,Office REITs,Commercial REITs,,,United States of America,US,United States of America,United States of America,11477886854.55,10,69718255,544673.8671875,0.018160618721864915,2025-05-26,2025-11-25,2025-11-25,2025-09-17,2026-02-02,2026-02-02T16:29:55Z
BXSL.N,2025-11-10,11:50:00,EarningsReleases,Q3 2025 Blackstone Secured Lending Fund Earnings Release,BXSL,Blackstone Secured Lending Fund,Financials,Capital Markets,Investment Management & Fund Operators,,,United States of America,US,United States of America,United States of America,6298443178.44,12,38963558,304402.796875,0.010597139957997947,2025-05-26,2025-11-25,2025-11-25,2025-09-17,2026-02-02,2026-02-02T16:29:55Z
BY.N,2025-10-23,20:10:00,EarningsReleases,Q3 2025 Byline Bancorp Inc Earnings Release,BY,Byline Bancorp Inc,Financials,Banks,Banks,,,United States of America,US,United States of America,United States of America,1298975085.45,6,12639785,98748.3203125,0.016839123654553104,2025-05-26,2025-11-25,2025-11-25,2025-09-17,2026-02-02,2026-02-02T16:29:55Z
BY.N,2026-01-22,21:10:00,EarningsReleases,Q4 2025 Byline Bancorp Inc Earnings Release,BY,Byline Bancorp Inc,Financials,Banks,Banks,,,United States of America,US,United States of America,United States of America,1298975085.45,6,12639785,98748.3203125,0.016839123654553104,2025-05-26,2025-11-25,2025-11-25,2025-09-17,2026-02-02,2026-02-02T16:29:55Z
BYD.N,2025-10-23,20:05:29,EarningsReleases,Q3 2025 Boyd Gaming Corp Earnings Release,BYD,Boyd Gaming Corp,Consumer Discretionary,"Hotels, Restaurants & Leisure",Casinos & Gaming,,,United States of America,US,United States of America,United States of America,6462288484.96,16,38526733,300990.1015625,0.016046278520862593,2025-05-26,2025-11-25,2025-11-25,2025-09-17,2026-02-02,2026-02-02T16:29:55Z
BZH.N,2025-11-13,21:15:00,EarningsReleases,Q4 2025 Beazer Homes USA Inc Earnings Release,BZH,Beazer Homes USA Inc,Consumer Discretionary,Household Durables,Homebuilding,,,United States of America,US,United States of America,United States of America,674955666.0,5,17708839,138350.3046875,0.027095485965730623,2025-05-26,2025-11-25,2025-11-25,2025-09-17,2026-02-02,2026-02-02T16:29:55Z
BZH.N,2026-01-29,21:15:00,EarningsReleases,Q1 2026 Beazer Homes USA Inc Earnings Release,BZH,Beazer Homes USA Inc,Consumer Discretionary,Household Durables,Homebuilding,,,United States of America,US,United States of America,United States of America,674955666.0,5,17708839,138350.3046875,0.027095485965730623,2025-05-26,2025-11-25,2025-11-25,2025-09-17,2026-02-02,2026-02-02T16:29:55Z
C.N,2025-10-14,12:47:00,EarningsReleases,Q3 2025 Citigroup Inc Earnings Release,C,Citigroup Inc,Financials,Banks,Investment Banking & Brokerage Services,,,United States of America,US,United States of America,United States of America,181023481000.0,24,412633928,3223702.5625,0.01432154477592527,2025-05-26,2025-11-25,2025-11-25,2025-09-17,2026-02-02,2026-02-02T16:29:55Z
C.N,2026-01-14,13:00:02,EarningsReleases,Q4 2025 Citigroup Inc Earnings Release,C,Citigroup Inc,Financials,Banks,Investment Banking & Brokerage Services,,,United States of America,US,United States of America,United States of America,181023481000.0,24,412633928,3223702.5625,0.01432154477592527,2025-05-26,2025-11-25,2025-11-25,2025-09-17,2026-02-02,2026-02-02T16:29:55Z
CAAP.N,2025-11-24,13:31:00,EarningsReleases,Q3 2025 Corporacion America Airports SA Earnings Release,CAAP,Corporacion America Airports SA,Industrials,Transportation Infrastructure,Airport Operators & Services,,,Luxembourg,LU,Luxembourg,United States of America,3829748540.5,6,6306191,49267.1171875,0.025618639096628513,2025-05-26,2025-11-25,2025-11-25,2025-09-17,2026-02-02,2026-02-02T16:29:55Z
CABO.N,2025-11-06,21:15:01,EarningsReleases,Q3 2025 Cable One Inc Earnings Release,CABO,Cable One Inc,Communication Services,Media,Integrated Telecommunications Services,,,United States of America,US,United States of America,United States of America,638803664.72,7,6604549,51598.0390625,0.03991095823584394,2025-05-26,2025-11-25,2025-11-25,2025-09-17,2026-02-02,2026-02-02T16:29:55Z
CACI.N,2025-10-22,20:15:01,EarningsReleases,Q1 2026 CACI International Inc Earnings Release,CACI,CACI International Inc,Industrials,Professional Services,IT Services & Consulting,,,United States of America,US,United States of America,United States of America,13644598388.7,15,8457280,66072.5,0.019790105546206974,2025-05-26,2025-11-25,2025-11-25,2025-09-17,2026-02-02,2026-02-02T16:29:55Z
CACI.N,2026-01-21,21:15:00,EarningsReleases,Q2 2026 CACI International Inc Earnings Release,CACI,CACI International Inc,Industrials,Professional Services,IT Services & Consulting,,,United States of America,US,United States of America,United States of America,13644598388.7,15,8457280,66072.5,0.019790105546206974,2025-05-26,2025-11-25,2025-11-25,2025-09-17,2026-02-02,2026-02-02T16:29:55Z
CAE.N,2025-11-11,21:15:05,EarningsReleases,Q2 2026 CAE Inc Earnings Release,CAE,CAE Inc,Industrials,Aerospace & Defense,Aerospace & Defense,,,Canada,CA,Canada,United States of America,8328242398.83012,10,20413089,159477.2578125,0.015709339953025928,2025-05-26,2025-11-25,2025-11-25,2025-09-17,2026-02-02,2026-02-02T16:29:55Z
CAG.N,2025-10-01,11:30:53,EarningsReleases,Q1 2026 Conagra Brands Inc Earnings Release,CAG,Conagra Brands Inc,Consumer Staples,Food Products,Food Processing,,,United States of America,US,United States of America,United States of America,8486274486.5,19,357226197,2790829.6640625,0.01566599654092171,2025-05-26,2025-11-25,2025-11-25,2025-09-17,2026-02-02,2026-02-02T16:29:55Z
CAG.N,2025-12-19,12:30:00,EarningsReleases,Q2 2026 Conagra Brands Inc Earnings Release,CAG,Conagra Brands Inc,Consumer Staples,Food Products,Food Processing,,,United States of America,US,United States of America,United States of America,8486274486.5,19,357226197,2790829.6640625,0.01566599654092171,2025-05-26,2025-11-25,2025-11-25,2025-09-17,2026-02-02,2026-02-02T16:29:55Z
CAH.N,2025-10-30,10:45:00,EarningsReleases,Q1 2026 Cardinal Health Inc Earnings Release,CAH,Cardinal Health Inc,Health Care,Health Care Providers & Services,Pharmaceuticals,,,United States of America,US,United States of America,United States of America,50781188326.66,17,88548113,691782.1328125,0.019024539978687114,2025-05-26,2025-11-25,2025-11-25,2025-09-17,2026-02-02,2026-02-02T16:29:55Z
CAL.N,2025-12-09,11:45:00,EarningsReleases,Q3 2025 Caleres Inc Earnings Release,CAL,Caleres Inc,Consumer Discretionary,Specialty Retail,Apparel & Accessories Retailers,,,United States of America,US,United States of America,United States of America,394269645.2,3,45779291,357650.7109375,0.04219857937837292,2025-05-26,2025-11-25,2025-11-25,2025-09-17,2026-02-02,2026-02-02T16:29:55Z
CALX.N,2025-10-29,20:15:00,EarningsReleases,Q3 2025 Calix Inc Earnings Release,CALX,Calix Inc,Information Technology,Communications Equipment,Communications & Networking,,,United States of America,US,United States of America,United States of America,3706180370.16,7,29150876,227741.21875,0.019060301659666577,2025-05-26,2025-11-25,2025-11-25,2025-09-17,2026-02-02,2026-02-02T16:29:55Z
CALX.N,2026-01-28,21:15:00,EarningsReleases,Q4 2025 Calix Inc Earnings Release,CALX,Calix Inc,Information Technology,Communications Equipment,Communications & Networking,,,United States of America,US,United States of America,United States of America,3706180370.16,7,29150876,227741.21875,0.019060301659666577,2025-05-26,2025-11-25,2025-11-25,2025-09-17,2026-02-02,2026-02-02T16:29:55Z
CALY.N,2025-11-06,21:15:00,EarningsReleases,Q3 2025 Topgolf Callaway Brands Corp Earnings Release,CALY,Callaway Golf Co,Consumer Discretionary,Leisure Products,Recreational Products,,,United States of America,US,,United States of America,2149599716.53,15,112789126,881165.046875,0.04137311099617323,2025-05-26,2025-11-25,2025-11-25,2025-09-17,2026-02-02,2026-02-02T16:29:55Z
CANG.N,2025-12-01,22:00:00,EarningsReleases,Q3 2025 Cango Inc Earnings Release,CANG,Cango Inc,Consumer Discretionary,Specialty Retail,Blockchain & Cryptocurrency,,,Hong Kong,HK,Hong Kong,United States of America,496286628.6,2,31346797,244896.8515625,0.04091690437004229,2025-05-26,2025-11-25,2025-11-25,2025-09-17,2026-02-02,2026-02-02T16:29:55Z
CAPL.N,2025-11-05,21:15:00,EarningsReleases,Q3 2025 Crossamerica Partners LP Earnings Release,CAPL,Crossamerica Partners LP,Energy,"Oil, Gas & Consumable Fuels",Oil & Gas Refining and Marketing,,,United States of America,US,United States of America,United States of America,781088655.69,1,749003,5851.5859375,0.014305891326187294,2025-05-26,2025-11-25,2025-11-25,2025-09-17,2026-02-02,2026-02-02T16:29:55Z
CARR.N,2025-10-28,10:05:00,EarningsReleases,Q3 2025 Carrier Global Corp Earnings Release,CARR,Carrier Global Corp,Industrials,Building Products,Electrical Components & Equipment,,,United States of America,US,United States of America,United States of America,45437217684.95,25,212485036,1660039.34375,0.01946351754682531,2025-05-26,2025-11-25,2025-11-25,2025-09-17,2026-02-02,2026-02-02T16:29:55Z
CARS.N,2025-11-06,12:30:00,EarningsReleases,Q3 2025 Cars.com Inc Earnings Release,CARS,Cars.com Inc,Communication Services,Interactive Media & Services,Online Services,,,United States of America,US,United States of America,United States of America,701609633.64,6,41279192,322493.6875,0.0277946369074021,2025-05-26,2025-11-25,2025-11-25,2025-09-17,2026-02-02,2026-02-02T16:29:55Z
CAT.N,2025-10-29,10:30:00,EarningsReleases,Q3 2025 Caterpillar Inc Earnings Release,CAT,Caterpillar Inc,Industrials,Machinery,Heavy Machinery & Vehicles,,,United States of America,US,United States of America,United States of America,265161918889.56,30,97682423,763143.9296875,0.017657492565232535,2025-05-26,2025-11-25,2025-11-25,2025-09-17,2026-02-02,2026-02-02T16:29:55Z
CAT.N,2026-01-29,11:30:00,EarningsReleases,Q4 2025 Caterpillar Inc Earnings Release,CAT,Caterpillar Inc,Industrials,Machinery,Heavy Machinery & Vehicles,,,United States of America,US,United States of America,United States of America,265161918889.56,30,97682423,763143.9296875,0.017657492565232535,2025-05-26,2025-11-25,2025-11-25,2025-09-17,2026-02-02,2026-02-02T16:29:55Z
CATO.N,2025-11-20,12:13:27,EarningsReleases,Q3 2025 Cato Corp Earnings Release,CATO,Cato Corp,Consumer Discretionary,Specialty Retail,Apparel & Accessories Retailers,,,United States of America,US,United States of America,United States of America,68330176.76,,1744765,13630.9765625,0.046133673036368915,2025-05-26,2025-11-25,2025-11-25,2025-09-17,2026-02-02,2026-02-02T16:29:55Z
CAVA.N,2025-11-04,21:10:00,EarningsReleases,Q3 2025 CAVA Group Inc Earnings Release,CAVA,CAVA Group Inc,Consumer Discretionary,"Hotels, Restaurants & Leisure",Restaurants & Bars,,,United States of America,US,United States of America,United States of America,5631126126.0,22,106889792,835076.5,0.03339251012837704,2025-05-26,2025-11-25,2025-11-25,2025-09-17,2026-02-02,2026-02-02T16:29:55Z
CB.N,2025-10-21,20:10:00,EarningsReleases,Q3 2025 Chubb Ltd Earnings Release,CB,Chubb Ltd,Financials,Insurance,Multiline Insurance & Brokers,,,Switzerland,CH,United States of America,United States of America,117187639284.43,26,60895827,475748.6484375,0.010827632797270578,2025-05-26,2025-11-25,2025-11-25,2025-09-17,2026-02-02,2026-02-02T16:29:55Z
CBAN.N,2025-10-22,20:30:00,EarningsReleases,Q3 2025 Colony Bankcorp Inc Earnings Release,CBAN,Colony Bankcorp Inc,Financials,Banks,Banks,,,United States of America,US,United States of America,United States of America,298480899.84,2,2451123,19149.3984375,0.01860236510587394,2025-05-26,2025-11-25,2025-11-25,2025-09-17,2026-02-02,2026-02-02T16:29:55Z
CBAN.N,2025-10-27,,EarningsReleases,Q3 2025 TC Bancshares Inc Earnings Release,CBAN,Colony Bankcorp Inc,Financials,Banks,Banks,,,United States of America,US,United States of America,United States of America,298480899.84,2,2451123,19149.3984375,0.01860236510587394,2025-05-26,2025-11-25,2025-11-25,2025-09-17,2026-02-02,2026-02-02T16:29:55Z
CBAN.N,2026-01-28,21:15:01,EarningsReleases,Q4 2025 Colony Bankcorp Inc Earnings Release,CBAN,Colony Bankcorp Inc,Financials,Banks,Banks,,,United States of America,US,United States of America,United States of America,298480899.84,2,2451123,19149.3984375,0.01860236510587394,2025-05-26,2025-11-25,2025-11-25,2025-09-17,2026-02-02,2026-02-02T16:29:55Z
CBL.N,2025-11-06,21:15:01,EarningsReleases,Q3 2025 CBL & Associates Properties Inc Earnings Release,CBL,CBL & Associates Properties Inc,Real Estate,Retail REITs,Commercial REITs,,,United States of America,US,United States of America,United States of America,1015287829.62,,6014854,46991.046875,0.015809439006837425,2025-05-26,2025-11-25,2025-11-25,2025-09-17,2026-02-02,2026-02-02T16:29:55Z
CBNA.N,2025-10-28,21:05:00,EarningsReleases,Q3 2025 Chain Bridge Bancorp Inc Earnings Release,CBNA,Chain Bridge Bancorp Inc,Financials,Banks,Banks,,,United States of America,US,United States of America,United States of America,205647344.78,3,680543,5316.7421875,0.015124758674206925,2025-05-26,2025-11-25,2025-11-25,2025-09-17,2026-02-02,2026-02-02T16:29:55Z
CBNA.N,2026-01-28,21:15:00,EarningsReleases,Q4 2025 Chain Bridge Bancorp Inc Earnings Release,CBNA,Chain Bridge Bancorp Inc,Financials,Banks,Banks,,,United States of America,US,United States of America,United States of America,205647344.78,3,680543,5316.7421875,0.015124758674206925,2025-05-26,2025-11-25,2025-11-25,2025-09-17,2026-02-02,2026-02-02T16:29:55Z
CBRE.N,2025-10-23,10:55:00,EarningsReleases,Q3 2025 CBRE Group Inc Earnings Release,CBRE,CBRE Group Inc,Real Estate,Real Estate Management & Development,Real Estate Services,,,United States of America,US,United States of America,United States of America,48272560043.37,13,59941077,468289.6640625,0.014907376442741102,2025-05-26,2025-11-25,2025-11-25,2025-09-17,2026-02-02,2026-02-02T16:29:55Z
CBT.N,2025-11-03,21:30:01,EarningsReleases,Q4 2025 Cabot Corp Earnings Release,CBT,Cabot Corp,Materials,Chemicals,Specialty Chemicals,,,United States of America,US,United States of America,United States of America,3387203032.1,5,18692915,146038.3984375,0.01991036667142854,2025-05-26,2025-11-25,2025-11-25,2025-09-17,2026-02-02,2026-02-02T16:29:55Z
CBU.N,2025-10-21,10:45:00,EarningsReleases,Q3 2025 Community Financial System Inc Earnings Release,CBU,Community Financial System Inc,Financials,Banks,Banks,,,United States of America,US,United States of America,United States of America,3053839747.11,4,12628809,98662.5703125,0.01693325728530114,2025-05-26,2025-11-25,2025-11-25,2025-09-17,2026-02-02,2026-02-02T16:29:55Z
CBU.N,2026-01-27,13:30:00,EarningsReleases,Q4 2025 Community Financial System Inc Earnings Release,CBU,Community Financial System Inc,Financials,Banks,Banks,,,United States of America,US,United States of America,United States of America,3053839747.11,4,12628809,98662.5703125,0.01693325728530114,2025-05-26,2025-11-25,2025-11-25,2025-09-17,2026-02-02,2026-02-02T16:29:55Z
CBZ.N,2025-10-29,20:00:00,EarningsReleases,Q3 2025 CBIZ Inc Earnings Release,CBZ,CBIZ Inc,Industrials,Professional Services,Business Support Services,,,United States of America,US,United States of America,United States of America,2677638089.28,3,24138577,188582.6328125,0.027491290977536227,2025-05-26,2025-11-25,2025-11-25,2025-09-17,2026-02-02,2026-02-02T16:29:55Z
CC.N,2025-11-06,21:30:00,EarningsReleases,Q3 2025 Chemours Co Earnings Release,CC,Chemours Co,Materials,Chemicals,Diversified Chemicals,,,United States of America,US,United States of America,United States of America,1846668848.64,9,127459611,995778.2109375,0.03927576149166978,2025-05-26,2025-11-25,2025-11-25,2025-09-17,2026-02-02,2026-02-02T16:29:55Z
CCI.N,2025-10-22,20:15:45,EarningsReleases,Q3 2025 Crown Castle Inc Earnings Release,CCI,Crown Castle Inc,Real Estate,Specialized REITs,Specialized REITs,,,United States of America,US,United States of America,United States of America,38931823494.0,19,127309480,994605.3125,0.013114275598470762,2025-05-26,2025-11-25,2025-11-25,2025-09-17,2026-02-02,2026-02-02T16:29:55Z
CCIF.N,2025-11-18,21:00:00,EarningsReleases,Q4 2025 Carlyle Credit Income Fund Earnings Release,CCIF,Carlyle Credit Income Fund,,,Closed End Funds,,,United States of America,US,United States of America,United States of America,108536944.64,4,2547309,19900.8515625,0.01533348526124239,2025-05-26,2025-11-25,2025-11-25,2025-09-17,2026-02-02,2026-02-02T16:29:55Z
CCJ.N,2025-11-05,11:45:00,EarningsReleases,Q3 2025 Cameco Corp Earnings Release,CCJ,Cameco Corp,Energy,"Oil, Gas & Consumable Fuels",Uranium,,,Canada,CA,Canada,United States of America,38032815251.3,19,115313285,900885.0390625,0.03393747423894236,2025-05-26,2025-11-25,2025-11-25,2025-09-17,2026-02-02,2026-02-02T16:29:55Z
CCK.N,2025-10-20,20:05:00,EarningsReleases,Q3 2025 Crown Holdings Inc Earnings Release,CCK,Crown Holdings Inc,Materials,Containers & Packaging,Non-Paper Containers & Packaging,,,United States of America,US,United States of America,United States of America,11193359633.76,15,55553209,434009.4453125,0.014153221336287299,2025-05-26,2025-11-25,2025-11-25,2025-09-17,2026-02-02,2026-02-02T16:29:55Z
CCL.N,2025-09-29,12:30:00,EarningsReleases,Q3 2025 Carnival Corp Earnings Release,CCL,Carnival Corp,Consumer Discretionary,"Hotels, Restaurants & Leisure","Hotels, Motels & Cruise Lines",,,United States of America,US,United States of America,United States of America,33463387073.0288,29,599399537,4682808.8828125,0.023958445643400134,2025-05-26,2025-11-25,2025-11-25,2025-09-17,2026-02-02,2026-02-02T16:29:55Z
CCL.N,2025-12-19,13:30:00,EarningsReleases,Q4 2025 Carnival Corp Earnings Release,CCL,Carnival Corp,Consumer Discretionary,"Hotels, Restaurants & Leisure","Hotels, Motels & Cruise Lines",,,United States of America,US,United States of America,United States of America,33463387073.0288,29,599399537,4682808.8828125,0.023958445643400134,2025-05-26,2025-11-25,2025-11-25,2025-09-17,2026-02-02,2026-02-02T16:29:55Z
CCM.N,2025-09-26,11:30:27,EarningsReleases,Half Year 2025 Concord Medical Services Holdings Ltd Earnings Release,CCM,Concord Medical Services Holdings Ltd,Health Care,Health Care Providers & Services,Healthcare Facilities & Services,,,China,CN,China,United States of America,17280057.54,,174649,1443.3801652892562,0.05741542783359453,2025-05-26,2025-11-25,2025-11-25,2025-09-17,2026-02-02,2026-02-02T16:29:55Z
CCO.N,2025-11-06,11:00:01,EarningsReleases,Q3 2025 Clear Channel Outdoor Holdings Inc Earnings Release,CCO,Clear Channel Outdoor Holdings Inc,Communication Services,Media,Advertising & Marketing,,,United States of America,US,United States of America,United States of America,954825955.2,5,126410110,987578.984375,0.038068357478256376,2025-05-26,2025-11-25,2025-11-25,2025-09-17,2026-02-02,2026-02-02T16:29:55Z
CCS.N,2025-10-22,20:05:44,EarningsReleases,Q3 2025 Century Communities Inc Earnings Release,CCS,Century Communities Inc,Consumer Discretionary,Household Durables,Homebuilding,,,United States of America,US,United States of America,United States of America,1884708296.46,4,16774738,131052.640625,0.02685329569640914,2025-05-26,2025-11-25,2025-11-25,2025-09-17,2026-02-02,2026-02-02T16:29:55Z
CCS.N,2026-01-28,21:05:02,EarningsReleases,Q4 2025 Century Communities Inc Earnings Release,CCS,Century Communities Inc,Consumer Discretionary,Household Durables,Homebuilding,,,United States of America,US,United States of America,United States of America,1884708296.46,4,16774738,131052.640625,0.02685329569640914,2025-05-26,2025-11-25,2025-11-25,2025-09-17,2026-02-02,2026-02-02T16:29:55Z
CDE.N,2025-10-29,20:30:00,EarningsReleases,Q3 2025 Coeur Mining Inc Earnings Release,CDE,Coeur Mining Inc,Materials,Metals & Mining,Gold,,,United States of America,US,United States of America,United States of America,9678223331.04,9,406256267,3173877.0859375,0.03987299484497534,2025-05-26,2025-11-25,2025-11-25,2025-09-17,2026-02-02,2026-02-02T16:29:55Z
CDP.N,2025-10-30,20:16:00,EarningsReleases,Q3 2025 COPT Defense Properties Earnings Release,CDP,COPT Defense Properties,Real Estate,Office REITs,Commercial REITs,,,United States of America,US,United States of America,United States of America,3471036812.04,4,36264291,283314.7734375,0.01021586989160939,2025-05-26,2025-11-25,2025-11-25,2025-09-17,2026-02-02,2026-02-02T16:29:55Z
CDRE.N,2025-11-04,21:15:01,EarningsReleases,Q3 2025 Cadre Holdings Inc Earnings Release,CDRE,Cadre Holdings Inc,Industrials,Aerospace & Defense,Aerospace & Defense,,,United States of America,US,United States of America,United States of America,1729433285.32,7,13504492,105503.84375,0.027028260883333755,2025-05-26,2025-11-25,2025-11-25,2025-09-17,2026-02-02,2026-02-02T16:29:55Z
CE.N,2025-11-06,21:05:02,EarningsReleases,Q3 2025 Celanese Corp Earnings Release,CE,Celanese Corp,Materials,Chemicals,Specialty Chemicals,,,United States of America,US,United States of America,United States of America,4321063117.24,20,74438421,581550.1640625,0.03442991785693375,2025-05-26,2025-11-25,2025-11-25,2025-09-17,2026-02-02,2026-02-02T16:29:55Z
CF.N,2025-11-05,21:30:01,EarningsReleases,Q3 2025 CF Industries Holdings Inc Earnings Release,CF,CF Industries Holdings Inc,Materials,Chemicals,Agricultural Chemicals,,,United States of America,US,United States of America,United States of America,12116110345.92,21,102711721,802435.3203125,0.019969503483528876,2025-05-26,2025-11-25,2025-11-25,2025-09-17,2026-02-02,2026-02-02T16:29:55Z
CFG.N,2025-10-15,10:20:00,EarningsReleases,Q3 2025 Citizens Financial Group Inc Earnings Release,CFG,Citizens Financial Group Inc,Financials,Banks,Banks,,,United States of America,US,United States of America,United States of America,23273856690.29,22,215296680,1682005.3125,0.016229884869548926,2025-05-26,2025-11-25,2025-11-25,2025-09-17,2026-02-02,2026-02-02T16:29:55Z
CFG.N,2026-01-21,11:20:00,EarningsReleases,Q4 2025 Citizens Financial Group Inc Earnings Release,CFG,Citizens Financial Group Inc,Financials,Banks,Banks,,,United States of America,US,United States of America,United States of America,23273856690.29,22,215296680,1682005.3125,0.016229884869548926,2025-05-26,2025-11-25,2025-11-25,2025-09-17,2026-02-02,2026-02-02T16:29:55Z
CFR.N,2025-10-30,13:00:00,EarningsReleases,Q3 2025 Cullen/Frost Bankers Inc Earnings Release,CFR,Cullen/Frost Bankers Inc,Financials,Banks,Banks,,,United States of America,US,United States of America,United States of America,8009901722.27,16,17270022,134922.046875,0.014662334690449072,2025-05-26,2025-11-25,2025-11-25,2025-09-17,2026-02-02,2026-02-02T16:29:55Z
CFR.N,2026-01-29,14:00:00,EarningsReleases,Q4 2025 Cullen/Frost Bankers Inc Earnings Release,CFR,Cullen/Frost Bankers Inc,Financials,Banks,Banks,,,United States of America,US,United States of America,United States of America,8009901722.27,16,17270022,134922.046875,0.014662334690449072,2025-05-26,2025-11-25,2025-11-25,2025-09-17,2026-02-02,2026-02-02T16:29:55Z
CGAU.N,2025-10-28,21:00:00,EarningsReleases,Q3 2025 Centerra Gold Inc Earnings Release,CGAU,Centerra Gold Inc,Materials,Metals & Mining,Gold,,,Canada,CA,Canada,United States of America,2492063169.18605,10,42873360,334948.125,0.027457492624844117,2025-05-26,2025-11-25,2025-11-25,2025-09-17,2026-02-02,2026-02-02T16:29:55Z
CHCT.N,2025-10-28,20:15:00,EarningsReleases,Q3 2025 Community Healthcare Trust Inc Earnings Release,CHCT,Community Healthcare Trust Inc,Real Estate,Health Care REITs,Specialized REITs,,,United States of America,US,United States of America,United States of America,443015357.44,1,11825166,92384.109375,0.01752304300592313,2025-05-26,2025-11-25,2025-11-25,2025-09-17,2026-02-02,2026-02-02T16:29:55Z
CHD.N,2025-10-31,10:55:00,EarningsReleases,Q3 2025 Church & Dwight Co Inc Earnings Release,CHD,Church & Dwight Co Inc,Consumer Staples,Household Products,Household Products,,,United States of America,US,United States of America,United States of America,20209346775.36,24,89210610,696957.890625,0.012869382017677294,2025-05-26,2025-11-25,2025-11-25,2025-09-17,2026-02-02,2026-02-02T16:29:55Z
CHD.N,2026-01-30,11:55:00,EarningsReleases,Q4 2025 Church & Dwight Co Inc Earnings Release,CHD,Church & Dwight Co Inc,Consumer Staples,Household Products,Household Products,,,United States of America,US,United States of America,United States of America,20209346775.36,24,89210610,696957.890625,0.012869382017677294,2025-05-26,2025-11-25,2025-11-25,2025-09-17,2026-02-02,2026-02-02T16:29:55Z
CHE.N,2025-10-28,20:15:02,EarningsReleases,Q3 2025 Chemed Corp Earnings Release,CHE,Chemed Corp,Health Care,Health Care Providers & Services,Healthcare Facilities & Services,,,United States of America,US,United States of America,United States of America,6242160736.5,4,6072994,47445.265625,0.021266455915055552,2025-05-26,2025-11-25,2025-11-25,2025-09-17,2026-02-02,2026-02-02T16:29:55Z
CHGG.N,2025-11-10,21:05:00,EarningsReleases,Q3 2025 Chegg Inc Earnings Release,CHGG,Chegg Inc,Consumer Discretionary,Diversified Consumer Services,Professional Information Services,,,United States of America,US,United States of America,United States of America,98433215.6864,4,78980181,617032.6640625,0.07750863837522359,2025-05-26,2025-11-25,2025-11-25,2025-09-17,2026-02-02,2026-02-02T16:29:55Z
CHH.N,2025-11-05,11:30:00,EarningsReleases,Q3 2025 Choice Hotels International Inc Earnings Release,CHH,Choice Hotels International Inc,Consumer Discretionary,"Hotels, Restaurants & Leisure","Hotels, Motels & Cruise Lines",,,United States of America,US,United States of America,United States of America,4264484474.88,17,18102339,141424.5234375,0.016876099243227534,2025-05-26,2025-11-25,2025-11-25,2025-09-17,2026-02-02,2026-02-02T16:29:55Z
CHMI.N,2025-11-06,21:15:00,EarningsReleases,Q3 2025 Cherry Hill Mortgage Investment Corp Earnings Release,CHMI,Cherry Hill Mortgage Investment Corp,Financials,Mortgage Real Estate Investment Trusts (REITs),Specialized REITs,,,United States of America,US,United States of America,United States of America,84500937.4,2,5831925,45561.9140625,0.023089093667016978,2025-05-26,2025-11-25,2025-11-25,2025-09-17,2026-02-02,2026-02-02T16:29:55Z
CHPT.N,2025-12-04,21:05:00,EarningsReleases,Q3 2026 ChargePoint Holdings Inc Earnings Release,CHPT,ChargePoint Holdings Inc,Industrials,Electrical Equipment,Electrical Components & Equipment,,,United States of America,US,United States of America,United States of America,186720000.0,11,15517745,121232.3828125,0.0495578578314414,2025-05-26,2025-11-25,2025-11-25,2025-09-17,2026-02-02,2026-02-02T16:29:55Z
CHWY.N,2025-12-10,12:05:00,EarningsReleases,Q3 2025 Chewy Inc Earnings Release,CHWY,Chewy Inc,Consumer Discretionary,Specialty Retail,Miscellaneous Specialty Retailers,,,United States of America,US,United States of America,United States of America,13906982802.96,30,246089703,1922575.8046875,0.028664987061735106,2025-05-26,2025-11-25,2025-11-25,2025-09-17,2026-02-02,2026-02-02T16:29:55Z
CI.N,2025-10-30,10:00:00,EarningsReleases,Q3 2025 Cigna Group Earnings Release,CI,Cigna Group,Health Care,Health Care Providers & Services,Managed Healthcare,,,United States of America,US,United States of America,United States of America,74314402011.2,27,63099430,492964.296875,0.025380756485455822,2025-05-26,2025-11-25,2025-11-25,2025-09-17,2026-02-02,2026-02-02T16:29:55Z
CIA.N,2025-11-06,21:00:00,EarningsReleases,Q3 2025 Citizens Inc Earnings Release,CIA,Citizens Inc,Financials,Insurance,Life & Health Insurance,,,United States of America,US,United States of America,United States of America,293230623.84,1,9761606,76262.546875,0.03376666312650434,2025-05-26,2025-11-25,2025-11-25,2025-09-17,2026-02-02,2026-02-02T16:29:55Z
CIEN.N,2025-12-11,12:00:00,EarningsReleases,Q4 2025 Ciena Corp Earnings Release,CIEN,Ciena Corp,Information Technology,Communications Equipment,Communications & Networking,,,United States of America,US,United States of America,United States of America,27673038712.0,17,77260306,603596.140625,0.033555611598648484,2025-05-26,2025-11-25,2025-11-25,2025-09-17,2026-02-02,2026-02-02T16:29:55Z
CIM.N,2025-11-05,21:30:00,EarningsReleases,Q3 2025 Chimera Investment Corp Earnings Release,CIM,Chimera Investment Corp,Financials,Mortgage Real Estate Investment Trusts (REITs),Specialized REITs,,,United States of America,US,United States of America,United States of America,1049370756.34,3,23488305,183502.3828125,0.016290796958706583,2025-05-26,2025-11-25,2025-11-25,2025-09-17,2026-02-02,2026-02-02T16:29:55Z
CINT.N,2025-11-12,21:13:00,EarningsReleases,Q3 2025 Ci&T Inc Earnings Release,CINT,Ci&T Inc,Information Technology,IT Services,Software,,,Brazil,BR,Brazil,United States of America,597532562.64,8,7886386,61612.390625,0.02648260053921069,2025-05-26,2025-11-25,2025-11-25,2025-09-17,2026-02-02,2026-02-02T16:29:55Z
CION.N,2025-11-06,13:00:02,EarningsReleases,Q3 2025 Cion Investment Corp Earnings Release,CION,Cion Investment Corp,Financials,Capital Markets,Investment Management & Fund Operators,,,United States of America,US,United States of America,United States of America,513609213.18,3,11721688,91575.6875,0.014633648901049586,2025-05-26,2025-11-25,2025-11-25,2025-09-17,2026-02-02,2026-02-02T16:29:55Z
CL.N,2025-10-31,10:55:00,EarningsReleases,Q3 2025 Colgate-Palmolive Co Earnings Release,CL,Colgate-Palmolive Co,Consumer Staples,Household Products,Personal Products,,,United States of America,US,United States of America,United States of America,64340103670.44,21,214811827,1678217.3984375,0.011420692805751573,2025-05-26,2025-11-25,2025-11-25,2025-09-17,2026-02-02,2026-02-02T16:29:55Z
CL.N,2026-01-30,11:55:00,EarningsReleases,Q4 2025 Colgate-Palmolive Co Earnings Release,CL,Colgate-Palmolive Co,Consumer Staples,Household Products,Personal Products,,,United States of America,US,United States of America,United States of America,64340103670.44,21,214811827,1678217.3984375,0.011420692805751573,2025-05-26,2025-11-25,2025-11-25,2025-09-17,2026-02-02,2026-02-02T16:29:55Z
CLB.N,2025-10-22,21:00:24,EarningsReleases,Q3 2025 Core Laboratories Inc Earnings Release,CLB,Core Laboratories Inc,Energy,Energy Equipment & Services,Business Support Services,,,United States of America,US,United States of America,United States of America,700313340.48,3,22009053,171945.7265625,0.04145548657102097,2025-05-26,2025-11-25,2025-11-25,2025-09-17,2026-02-02,2026-02-02T16:29:55Z
CLDT.N,2025-11-05,11:30:00,EarningsReleases,Q3 2025 Chatham Lodging Trust Earnings Release,CLDT,Chatham Lodging Trust,Real Estate,Hotel & Resort REITs,Specialized REITs,,,United States of America,US,United States of America,United States of America,328938480.0,1,12429803,97107.8359375,0.016118425060564247,2025-05-26,2025-11-25,2025-11-25,2025-09-17,2026-02-02,2026-02-02T16:29:55Z
CLF.N,2025-10-20,10:00:00,EarningsReleases,Q3 2025 Cleveland-Cliffs Inc Earnings Release,CLF,Cleveland-Cliffs Inc,Materials,Metals & Mining,Iron & Steel,,,United States of America,US,United States of America,United States of America,7035887229.8,15,608603896,4754717.9375,0.04968840672211727,2025-05-26,2025-11-25,2025-11-25,2025-09-17,2026-02-02,2026-02-02T16:29:55Z
CLH.N,2025-10-29,11:30:00,EarningsReleases,Q3 2025 Clean Harbors Inc Earnings Release,CLH,Clean Harbors Inc,Industrials,Commercial Services & Supplies,Environmental Services & Equipment,,,United States of America,US,United States of America,United States of America,11961250583.1,13,16344220,127689.21875,0.017188027789944313,2025-05-26,2025-11-25,2025-11-25,2025-09-17,2026-02-02,2026-02-02T16:29:55Z
CLPR.N,2025-11-13,21:01:00,EarningsReleases,Q3 2025 Clipper Realty Inc Earnings Release,CLPR,Clipper Realty Inc,Real Estate,Residential REITs,Residential REITs,,,United States of America,US,United States of America,United States of America,60872478.42,,2696266,21064.578125,0.028882387255913706,2025-05-26,2025-11-25,2025-11-25,2025-09-17,2026-02-02,2026-02-02T16:29:55Z
CLS.N,2025-10-27,20:15:01,EarningsReleases,Q3 2025 Celestica Inc Earnings Release,CLS,Celestica Inc,Information Technology,"Electronic Equipment, Instruments & Components",Electronic Equipment & Parts,,,Canada,CA,Canada,United States of America,37728650959.5859,20,56162390,438768.671875,0.04099492420605001,2025-05-26,2025-11-25,2025-11-25,2025-09-17,2026-02-02,2026-02-02T16:29:55Z
CLS.N,2026-01-28,21:15:02,EarningsReleases,Q4 2025 Celestica Inc Earnings Release,CLS,Celestica Inc,Information Technology,"Electronic Equipment, Instruments & Components",Electronic Equipment & Parts,,,Canada,CA,Canada,United States of America,37728650959.5859,20,56162390,438768.671875,0.04099492420605001,2025-05-26,2025-11-25,2025-11-25,2025-09-17,2026-02-02,2026-02-02T16:29:55Z
CLVT.N,2025-10-29,10:00:01,EarningsReleases,Q3 2025 Clarivate PLC Earnings Release,CLVT,Clarivate PLC,Industrials,Professional Services,Professional Information Services,,,United Kingdom,GB,United Kingdom,United States of America,2420852352.54,10,157610322,1231330.640625,0.025014349582835327,2025-05-26,2025-11-25,2025-11-25,2025-09-17,2026-02-02,2026-02-02T16:29:55Z
CLW.N,2025-10-28,20:05:00,EarningsReleases,Q3 2025 Clearwater Paper Corp Earnings Release,CLW,Clearwater Paper Corp,Materials,Paper & Forest Products,Paper Products,,,United States of America,US,United States of America,United States of America,285001248.49,2,8906169,69579.4453125,0.02969590491931822,2025-05-26,2025-11-25,2025-11-25,2025-09-17,2026-02-02,2026-02-02T16:29:55Z
CLX.N,2025-11-03,21:15:00,EarningsReleases,Q1 2026 Clorox Co Earnings Release,CLX,Clorox Co,Consumer Staples,Household Products,Household Products,,,United States of America,US,United States of America,United States of America,13036043103.73,20,74599146,582805.828125,0.013906338677156224,2025-05-26,2025-11-25,2025-11-25,2025-09-17,2026-02-02,2026-02-02T16:29:55Z
CM.N,2025-12-04,10:25:01,EarningsReleases,Q4 2025 Canadian Imperial Bank of Commerce Earnings Release,CM,Canadian Imperial Bank of Commerce,Financials,Banks,Banks,,,Canada,CA,Canada,United States of America,78731954520.2327,12,36162348,282518.34375,0.008440654647582835,2025-05-26,2025-11-25,2025-11-25,2025-09-17,2026-02-02,2026-02-02T16:29:55Z
CMBT.N,2025-11-26,06:05:28,EarningsReleases,Q3 2025 CMB.TECH NV Earnings Release,CMBT,CMB.TECH NV,Energy,"Oil, Gas & Consumable Fuels",Oil & Gas Transportation Services,,,Belgium,BE,Belgium,United States of America,3202253855.61906,8,57002328,445330.6875,0.025768963570068398,2025-05-26,2025-11-25,2025-11-25,2025-09-17,2026-02-02,2026-02-02T16:29:55Z
CMC.N,2025-10-16,11:10:09,EarningsReleases,Q4 2025 Commercial Metals Co Earnings Release,CMC,Commercial Metals Co,Materials,Metals & Mining,Iron & Steel,,,United States of America,US,United States of America,United States of America,6954932795.35,13,45199103,353117.9921875,0.021535103443002877,2025-05-26,2025-11-25,2025-11-25,2025-09-17,2026-02-02,2026-02-02T16:29:55Z
CMC.N,2026-01-08,11:45:00,EarningsReleases,Q1 2026 Commercial Metals Co Earnings Release,CMC,Commercial Metals Co,Materials,Metals & Mining,Iron & Steel,,,United States of America,US,United States of America,United States of America,6954932795.35,13,45199103,353117.9921875,0.021535103443002877,2025-05-26,2025-11-25,2025-11-25,2025-09-17,2026-02-02,2026-02-02T16:29:55Z
CMCM.N,2025-11-26,09:00:00,EarningsReleases,Q3 2025 Cheetah Mobile Inc Earnings Release,CMCM,Cheetah Mobile Inc,Information Technology,Software,Software,,,China,CN,China,United States of America,261177729.35,,1488746,11630.828125,0.050603159324072985,2025-05-26,2025-11-25,2025-11-25,2025-09-17,2026-02-02,2026-02-02T16:29:55Z
CMDB.N,2025-11-14,11:12:14,EarningsReleases,Q3 2025 Costamare Bulkers Holdings Ltd Earnings Release,CMDB,Costamare Bulkers Holdings Ltd,Industrials,Marine Transportation,Marine Freight & Logistics,,,Monaco,MC,Monaco,United States of America,400974601.5,,4209006,32882.859375,0.03156032629659284,2025-05-26,2025-11-25,2025-11-25,2025-09-17,2026-02-02,2026-02-02T16:29:55Z
CMDB.N,2026-02-02,13:30:00,EarningsReleases,Q4 2025 Costamare Bulkers Holdings Ltd Earnings Release,CMDB,Costamare Bulkers Holdings Ltd,Industrials,Marine Transportation,Marine Freight & Logistics,,,Monaco,MC,Monaco,United States of America,400974601.5,,4209006,32882.859375,0.03156032629659284,2025-05-26,2025-11-25,2025-11-25,2025-09-17,2026-02-02,2026-02-02T16:29:55Z
CMG.N,2025-10-29,20:10:28,EarningsReleases,Q3 2025 Chipotle Mexican Grill Inc Earnings Release,CMG,Chipotle Mexican Grill Inc,Consumer Discretionary,"Hotels, Restaurants & Leisure",Restaurants & Bars,,,United States of America,US,United States of America,United States of America,44164085200.0,37,499176934,3899819.796875,0.028677277515599803,2025-05-26,2025-11-25,2025-11-25,2025-09-17,2026-02-02,2026-02-02T16:29:55Z
CMI.N,2025-11-06,12:30:00,EarningsReleases,Q3 2025 Cummins Inc Earnings Release,CMI,Cummins Inc,Industrials,Machinery,"Auto, Truck & Motorcycle Parts",,,United States of America,US,United States of America,United States of America,68319663059.82,24,29584118,231125.921875,0.015867698499347292,2025-05-26,2025-11-25,2025-11-25,2025-09-17,2026-02-02,2026-02-02T16:29:55Z
CMP.N,2025-12-08,21:24:00,EarningsReleases,Q4 2025 Compass Minerals International Inc Earnings Release,CMP,Compass Minerals International Inc,Materials,Metals & Mining,Diversified Chemicals,,,United States of America,US,United States of America,United States of America,769572608.22,4,21727382,169745.171875,0.025025638692956365,2025-05-26,2025-11-25,2025-11-25,2025-09-17,2026-02-02,2026-02-02T16:29:55Z
CMRE.N,2025-11-04,12:11:58,EarningsReleases,Q3 2025 Costamare Inc Earnings Release,CMRE,Costamare Inc,Industrials,Marine Transportation,Marine Freight & Logistics,,,Monaco,MC,Monaco,United States of America,1837722032.44,2,24466093,191141.3515625,0.02012430259286117,2025-05-26,2025-11-25,2025-11-25,2025-09-17,2026-02-02,2026-02-02T16:29:55Z
CMS.N,2025-10-30,10:30:00,EarningsReleases,Q3 2025 CMS Energy Corp Earnings Release,CMS,CMS Energy Corp,Utilities,Multi-Utilities,Multiline Utilities,,,United States of America,US,United States of America,United States of America,22766161619.65,16,107496624,839817.375,0.009121799209204107,2025-05-26,2025-11-25,2025-11-25,2025-09-17,2026-02-02,2026-02-02T16:29:55Z
CMS_pb.N,2025-10-30,,EarningsReleases,Q3 2025 Consumers Energy Co Earnings Release,CMS PR B,Consumers Energy Co,Utilities,Multi-Utilities,Electric Utilities,,,United States of America,US,United States of America,United States of America,29577016.498,,8606,81.18867924528301,0.014236063833409243,2025-05-26,2025-11-25,2025-11-25,2025-09-17,2026-02-02,2026-02-02T16:29:55Z
CMTG.N,2025-11-05,21:19:00,EarningsReleases,Q3 2025 Claros Mortgage Trust Inc Earnings Release,CMTG,Claros Mortgage Trust Inc,Financials,Mortgage Real Estate Investment Trusts (REITs),Specialized REITs,,,United States of America,US,United States of America,United States of America,469732859.4,6,33084017,258468.8828125,0.03917796852143204,2025-05-26,2025-11-25,2025-11-25,2025-09-17,2026-02-02,2026-02-02T16:29:55Z
CNA.N,2025-11-03,11:00:00,EarningsReleases,Q3 2025 CNA Financial Corp Earnings Release,CNA,CNA Financial Corp,Financials,Insurance,Property & Casualty Insurance,,,United States of America,US,United States of America,United States of America,12648249470.32,2,23439875,183124.0234375,0.011106347194361018,2025-05-26,2025-11-25,2025-11-25,2025-09-17,2026-02-02,2026-02-02T16:29:55Z
CNC.N,2025-10-29,12:30:00,EarningsReleases,Q3 2025 Centene Corp Earnings Release,CNC,Centene Corp,Health Care,Health Care Providers & Services,Managed Healthcare,,,United States of America,US,United States of America,United States of America,19493603880.0,23,337661368,2637979.4375,0.05514602093269602,2025-05-26,2025-11-25,2025-11-25,2025-09-17,2026-02-02,2026-02-02T16:29:55Z
CNH.N,2025-11-07,11:30:00,EarningsReleases,Q3 2025 CNH Industrial NV Earnings Release,CNH,CNH Industrial NV,Industrials,Machinery,Heavy Machinery & Vehicles,,,United Kingdom,GB,United Kingdom,United States of America,12115053372.96,20,412260488,3220785.0625,0.017871347412329902,2025-05-26,2025-11-25,2025-11-25,2025-09-17,2026-02-02,2026-02-02T16:29:55Z
CNI.N,2025-10-31,11:30:00,EarningsReleases,Q3 2025 Canadian National Railway Co Earnings Release,CNI,Canadian National Railway Co,Industrials,Ground Transportation,Ground Freight & Logistics,,,Canada,CA,Canada,United States of America,57125677396.3556,27,41281230,322509.609375,0.011686961668886999,2025-05-26,2025-11-25,2025-11-25,2025-09-17,2026-02-02,2026-02-02T16:29:55Z
CNI.N,2026-01-30,12:30:00,EarningsReleases,Q4 2025 Canadian National Railway Co Earnings Release,CNI,Canadian National Railway Co,Industrials,Ground Transportation,Ground Freight & Logistics,,,Canada,CA,Canada,United States of America,57125677396.3556,27,41281230,322509.609375,0.011686961668886999,2025-05-26,2025-11-25,2025-11-25,2025-09-17,2026-02-02,2026-02-02T16:29:55Z
CNK.N,2025-11-05,11:30:00,EarningsReleases,Q3 2025 Cinemark Holdings Inc Earnings Release,CNK,Cinemark Holdings Inc,Communication Services,Entertainment,Leisure & Recreation,,,United States of America,US,United States of America,United States of America,3288150496.98,12,127623291,997056.9609375,0.02202663864711178,2025-05-26,2025-11-25,2025-11-25,2025-09-17,2026-02-02,2026-02-02T16:29:55Z
CNM.N,2025-12-09,11:28:00,EarningsReleases,Q3 2025 Core & Main Inc Earnings Release,CNM,Core & Main Inc,Industrials,Trading Companies & Distributors,Industrial Machinery & Equipment,,,United States of America,US,United States of America,United States of America,9240802905.6,16,85241472,665949.0,0.03192587541600078,2025-05-26,2025-11-25,2025-11-25,2025-09-17,2026-02-02,2026-02-02T16:29:55Z
CNMD.N,2025-11-05,21:05:03,EarningsReleases,Q3 2025 Conmed Corp Earnings Release,CNMD,Conmed Corp,Health Care,Health Care Equipment & Supplies,"Medical Equipment, Supplies & Distribution",,,United States of America,US,United States of America,United States of America,1339673690.04,6,16711286,130556.921875,0.023461901199699084,2025-05-26,2025-11-25,2025-11-25,2025-09-17,2026-02-02,2026-02-02T16:29:55Z
CNMD.N,2026-01-28,21:05:01,EarningsReleases,Q4 2025 Conmed Corp Earnings Release,CNMD,Conmed Corp,Health Care,Health Care Equipment & Supplies,"Medical Equipment, Supplies & Distribution",,,United States of America,US,United States of America,United States of America,1339673690.04,6,16711286,130556.921875,0.023461901199699084,2025-05-26,2025-11-25,2025-11-25,2025-09-17,2026-02-02,2026-02-02T16:29:55Z
CNNE.N,2025-11-10,21:10:00,EarningsReleases,Q3 2025 Cannae Holdings Inc Earnings Release,CNNE,Cannae Holdings Inc,Financials,Financial Services,Restaurants & Bars,,,United States of America,US,United States of America,United States of America,776737998.56,2,31560281,246564.6953125,0.02011311378334433,2025-05-26,2025-11-25,2025-11-25,2025-09-17,2026-02-02,2026-02-02T16:29:55Z
CNO.N,2025-11-03,21:15:00,EarningsReleases,Q3 2025 CNO Financial Group Inc Earnings Release,CNO,CNO Financial Group Inc,Financials,Insurance,Life & Health Insurance,,,United States of America,US,United States of America,United States of America,3926657624.16,6,37483416,292839.1875,0.013935714357347416,2025-05-26,2025-11-25,2025-11-25,2025-09-17,2026-02-02,2026-02-02T16:29:55Z
CNP.N,2025-10-23,10:25:00,EarningsReleases,Q3 2025 CenterPoint Energy Inc Earnings Release,CNP,CenterPoint Energy Inc,Utilities,Multi-Utilities,Multiline Utilities,,,United States of America,US,United States of America,United States of America,25729538638.93,19,222453112,1737914.9375,0.009252522844514654,2025-05-26,2025-11-25,2025-11-25,2025-09-17,2026-02-02,2026-02-02T16:29:55Z
CNQ.N,2025-11-06,10:00:26,EarningsReleases,Q3 2025 Canadian Natural Resources Ltd Earnings Release,CNQ,Canadian Natural Resources Ltd,Energy,"Oil, Gas & Consumable Fuels",Oil & Gas Exploration and Production,,,Canada,CA,Canada,United States of America,69184498138.5706,12,217435214,1698712.609375,0.014866846815905513,2025-05-26,2025-11-25,2025-11-25,2025-09-17,2026-02-02,2026-02-02T16:29:55Z
CNR.N,2025-11-06,11:45:00,EarningsReleases,Q3 2025 CONSOL Energy Inc Earnings Release,CNR,Core Natural Resources Inc,Energy,"Oil, Gas & Consumable Fuels",Coal,,,United States of America,US,United States of America,United States of America,3994629081.2,5,32764399,255971.8671875,0.03256935725099641,2025-05-26,2025-11-25,2025-11-25,2025-09-17,2026-02-02,2026-02-02T16:29:55Z
CNS.N,2025-10-16,20:27:42,EarningsReleases,Q3 2025 Cohen & Steers Inc Earnings Release,CNS,Cohen & Steers Inc,Financials,Capital Markets,Investment Management & Fund Operators,,,United States of America,US,United States of America,United States of America,3201233273.16,3,11961533,93449.4765625,0.01796099113279831,2025-05-26,2025-11-25,2025-11-25,2025-09-17,2026-02-02,2026-02-02T16:29:55Z
CNS.N,2026-01-22,21:00:00,EarningsReleases,Q4 2025 Cohen & Steers Inc Earnings Release,CNS,Cohen & Steers Inc,Financials,Capital Markets,Investment Management & Fund Operators,,,United States of America,US,United States of America,United States of America,3201233273.16,3,11961533,93449.4765625,0.01796099113279831,2025-05-26,2025-11-25,2025-11-25,2025-09-17,2026-02-02,2026-02-02T16:29:55Z
CNX.N,2025-10-30,10:45:00,EarningsReleases,Q3 2025 CNX Resources Corp Earnings Release,CNX,CNX Resources Corp,Energy,"Oil, Gas & Consumable Fuels",Oil & Gas Exploration and Production,,,United States of America,US,United States of America,United States of America,5045438062.36,15,88989586,695231.140625,0.018244593013749724,2025-05-26,2025-11-25,2025-11-25,2025-09-17,2026-02-02,2026-02-02T16:29:55Z
CNX.N,2026-01-29,11:45:00,EarningsReleases,Q4 2025 CNX Resources Corp Earnings Release,CNX,CNX Resources Corp,Energy,"Oil, Gas & Consumable Fuels",Oil & Gas Exploration and Production,,,United States of America,US,United States of America,United States of America,5045438062.36,15,88989586,695231.140625,0.018244593013749724,2025-05-26,2025-11-25,2025-11-25,2025-09-17,2026-02-02,2026-02-02T16:29:55Z
CODI.N,2025-12-18,21:10:00,EarningsReleases,Q1 2025 Compass Diversified Holdings Earnings Release,CODI,Compass Diversified Holdings,Financials,Financial Services,Investment Holding Companies,,,United States of America,US,United States of America,United States of America,498814454.58,3,52857115,412946.2109375,0.04192154716136354,2025-05-26,2025-11-25,2025-11-25,2025-09-17,2026-02-02,2026-02-02T16:29:55Z
CODI.N,2025-12-29,13:10:00,EarningsReleases,Q2 2025 Compass Diversified Holdings Earnings Release,CODI,Compass Diversified Holdings,Financials,Financial Services,Investment Holding Companies,,,United States of America,US,United States of America,United States of America,498814454.58,3,52857115,412946.2109375,0.04192154716136354,2025-05-26,2025-11-25,2025-11-25,2025-09-17,2026-02-02,2026-02-02T16:29:55Z
CODI.N,2026-01-14,21:10:00,EarningsReleases,Q3 2025 Compass Diversified Holdings Earnings Release,CODI,Compass Diversified Holdings,Financials,Financial Services,Investment Holding Companies,,,United States of America,US,United States of America,United States of America,498814454.58,3,52857115,412946.2109375,0.04192154716136354,2025-05-26,2025-11-25,2025-11-25,2025-09-17,2026-02-02,2026-02-02T16:29:55Z
COF.N,2025-10-21,20:05:01,EarningsReleases,Q3 2025 Capital One Financial Corp Earnings Release,COF,Capital One Financial Corp,Financials,Consumer Finance,Consumer Lending,,,United States of America,US,United States of America,United States of America,136333071592.25,26,120131558,938527.796875,0.017085868203187554,2025-05-26,2025-11-25,2025-11-25,2025-09-17,2026-02-02,2026-02-02T16:29:55Z
COF.N,2026-01-22,21:00:00,EarningsReleases,Q4 2025 Capital One Financial Corp Earnings Release,COF,Capital One Financial Corp,Financials,Consumer Finance,Consumer Lending,,,United States of America,US,United States of America,United States of America,136333071592.25,26,120131558,938527.796875,0.017085868203187554,2025-05-26,2025-11-25,2025-11-25,2025-09-17,2026-02-02,2026-02-02T16:29:55Z
COHR.N,2025-11-05,21:06:00,EarningsReleases,Q1 2026 Coherent Corp Earnings Release,COHR,Coherent Corp,Information Technology,"Electronic Equipment, Instruments & Components",Electronic Equipment & Parts,,,United States of America,US,United States of America,United States of America,23392314997.35,22,98927451,772870.7109375,0.04118719214239408,2025-05-26,2025-11-25,2025-11-25,2025-09-17,2026-02-02,2026-02-02T16:29:55Z
COLD.N,2025-11-06,12:00:11,EarningsReleases,Q3 2025 Americold Realty Trust Inc Earnings Release,COLD,Americold Realty Trust Inc,Real Estate,Industrial REITs,Commercial REITs,,,United States of America,US,United States of America,United States of America,3008063298.24,7,159472357,1245877.7890625,0.023255314918281825,2025-05-26,2025-11-25,2025-11-25,2025-09-17,2026-02-02,2026-02-02T16:29:55Z
COMP.N,2025-11-04,12:00:05,EarningsReleases,Q3 2025 Compass Inc Earnings Release,COMP,Compass Inc,Real Estate,Real Estate Management & Development,IT Services & Consulting,,,United States of America,US,United States of America,United States of America,5903477191.5,10,309896957,2421069.9765625,0.032062690608606996,2025-05-26,2025-11-25,2025-11-25,2025-09-17,2026-02-02,2026-02-02T16:29:55Z
COMP.N,2026-01-07,13:30:00,EarningsReleases,Preliminary Q4 2025 Compass Inc Earnings Release,COMP,Compass Inc,Real Estate,Real Estate Management & Development,IT Services & Consulting,,,United States of America,US,United States of America,United States of America,5903477191.5,10,309896957,2421069.9765625,0.032062690608606996,2025-05-26,2025-11-25,2025-11-25,2025-09-17,2026-02-02,2026-02-02T16:29:55Z
CON.N,2025-11-06,21:30:00,EarningsReleases,Q3 2025 Concentra Group Holdings Parent Inc Earnings Release,CON,Concentra Group Holdings Parent Inc,Health Care,Health Care Providers & Services,Healthcare Facilities & Services,,,United States of America,US,United States of America,United States of America,2712081474.32,7,39763588,310653.03125,0.01659783661986581,2025-05-26,2025-11-25,2025-11-25,2025-09-17,2026-02-02,2026-02-02T16:29:55Z
CON.N,2026-01-28,21:24:00,EarningsReleases,Preliminary Q4 2025 Concentra Group Holdings Parent Inc Earnings Release,CON,Concentra Group Holdings Parent Inc,Health Care,Health Care Providers & Services,Healthcare Facilities & Services,,,United States of America,US,United States of America,United States of America,2712081474.32,7,39763588,310653.03125,0.01659783661986581,2025-05-26,2025-11-25,2025-11-25,2025-09-17,2026-02-02,2026-02-02T16:29:55Z
COOK.N,2025-11-05,21:05:02,EarningsReleases,Q3 2025 Traeger Inc Earnings Release,COOK,Traeger Inc,Consumer Discretionary,Household Durables,"Appliances, Tools & Housewares",,,United States of America,US,United States of America,United States of America,106332421.992,8,7795011,60898.5234375,0.05227620313740901,2025-05-26,2025-11-25,2025-11-25,2025-09-17,2026-02-02,2026-02-02T16:29:55Z
COP.N,2025-11-06,13:30:00,EarningsReleases,Q3 2025 Conocophillips Earnings Release,COP,ConocoPhillips,Energy,"Oil, Gas & Consumable Fuels",Oil & Gas Exploration and Production,,,United States of America,US,United States of America,United States of America,107037914815.0,30,265837275,2076853.7109375,0.01644754502103231,2025-05-26,2025-11-25,2025-11-25,2025-09-17,2026-02-02,2026-02-02T16:29:55Z
COR.N,2025-11-05,11:30:00,EarningsReleases,Q4 2025 Cencora Inc Earnings Release,COR,Cencora Inc,Health Care,Health Care Providers & Services,"Medical Equipment, Supplies & Distribution",,,United States of America,US,United States of America,United States of America,72699043139.0,18,58605796,457857.78125,0.013188664653508857,2025-05-26,2025-11-25,2025-11-25,2025-09-17,2026-02-02,2026-02-02T16:29:55Z
COSO.N,2025-10-20,23:36:00,EarningsReleases,Q3 2025 CoastalSouth Bancshares Inc Earnings Release,COSO,CoastalSouth Bancshares Inc,Financials,Banks,Banks,,,United States of America,US,United States of America,United States of America,265932046.2,2,1507393,14634.883495145632,0.01484917293766072,2025-05-26,2025-11-25,2025-11-25,2025-09-17,2026-02-02,2026-02-02T16:29:55Z
COSO.N,2026-01-20,21:15:01,EarningsReleases,Q4 2025 CoastalSouth Bancshares Inc Earnings Release,COSO,CoastalSouth Bancshares Inc,Financials,Banks,Banks,,,United States of America,US,United States of America,United States of America,265932046.2,2,1507393,14634.883495145632,0.01484917293766072,2025-05-26,2025-11-25,2025-11-25,2025-09-17,2026-02-02,2026-02-02T16:29:55Z
COTY.N,2025-11-05,21:30:00,EarningsReleases,Q1 2026 Coty Inc Earnings Release,COTY,Coty Inc,Consumer Staples,Personal Care Products,Personal Products,,,United States of America,US,United States of America,United States of America,2825015093.48,19,256146066,2001141.140625,0.03485327949142737,2025-05-26,2025-11-25,2025-11-25,2025-09-17,2026-02-02,2026-02-02T16:29:55Z
COUR.N,2025-10-23,20:10:00,EarningsReleases,Q3 2025 Coursera Inc Earnings Release,COUR,Coursera Inc,Consumer Discretionary,Diversified Consumer Services,Online Services,,,United States of America,US,United States of America,United States of America,1314560000.0,14,116760712,912193.0625,0.04058690366674897,2025-05-26,2025-11-25,2025-11-25,2025-09-17,2026-02-02,2026-02-02T16:29:55Z
CP.N,2025-10-29,20:05:01,EarningsReleases,Q3 2025 Canadian Pacific Kansas City Ltd Earnings Release,CP,Canadian Pacific Kansas City Ltd,Industrials,Ground Transportation,Ground Freight & Logistics,,,Canada,CA,Canada,United States of America,64201771871.5542,23,70194908,548397.71875,0.01220050924274087,2025-05-26,2025-11-25,2025-11-25,2025-09-17,2026-02-02,2026-02-02T16:29:55Z
CP.N,2026-01-28,21:05:01,EarningsReleases,Q4 2025 Canadian Pacific Kansas City Ltd Earnings Release,CP,Canadian Pacific Kansas City Ltd,Industrials,Ground Transportation,Ground Freight & Logistics,,,Canada,CA,Canada,United States of America,64201771871.5542,23,70194908,548397.71875,0.01220050924274087,2025-05-26,2025-11-25,2025-11-25,2025-09-17,2026-02-02,2026-02-02T16:29:55Z
CPA.N,2025-11-19,21:30:00,EarningsReleases,Q3 2025 Copa Holdings SA Earnings Release,CPA,Copa Holdings SA,Industrials,Passenger Airlines,Airlines,,,Panama,PA,Panama,United States of America,4927108560.22,13,8680198,67814.046875,0.01814384600933473,2025-05-26,2025-11-25,2025-11-25,2025-09-17,2026-02-02,2026-02-02T16:29:55Z
CPAY.N,2025-11-05,21:06:00,EarningsReleases,Q3 2025 Corpay Inc Earnings Release,CPAY,Corpay Inc,Financials,Financial Services,Business Support Services,,,United States of America,US,United States of America,United States of America,20426353190.88,16,17929293,140072.6015625,0.019967856772093232,2025-05-26,2025-11-25,2025-11-25,2025-09-17,2026-02-02,2026-02-02T16:29:55Z
CPF.N,2025-10-29,10:30:00,EarningsReleases,Q3 2025 Central Pacific Financial Corp Earnings Release,CPF,Central Pacific Financial Corp,Financials,Banks,Banks,,,United States of America,US,United States of America,United States of America,817434290.64,3,10412428,81347.09375,0.017211596295445473,2025-05-26,2025-11-25,2025-11-25,2025-09-17,2026-02-02,2026-02-02T16:29:55Z
CPF.N,2026-01-28,10:30:00,EarningsReleases,Q4 2025 Central Pacific Financial Corp Earnings Release,CPF,Central Pacific Financial Corp,Financials,Banks,Banks,,,United States of America,US,United States of America,United States of America,817434290.64,3,10412428,81347.09375,0.017211596295445473,2025-05-26,2025-11-25,2025-11-25,2025-09-17,2026-02-02,2026-02-02T16:29:55Z
CPK.N,2025-11-06,21:50:00,EarningsReleases,Q3 2025 Chesapeake Utilities Corp Earnings Release,CPK,Chesapeake Utilities Corp,Utilities,Gas Utilities,Natural Gas Utilities,,,United States of America,US,United States of America,United States of America,3244637337.96,6,5949888,46483.5,0.011032801034287555,2025-05-26,2025-11-25,2025-11-25,2025-09-17,2026-02-02,2026-02-02T16:29:55Z
CPNG.N,2025-11-04,21:05:01,EarningsReleases,Q3 2025 Coupang Inc Earnings Release,CPNG,Coupang Inc,Consumer Discretionary,Broadline Retail,Department Stores,,,United States of America,US,United States of America,United States of America,50707735654.88,18,403456418,3152003.265625,0.017073410177241385,2025-05-26,2025-11-25,2025-11-25,2025-09-17,2026-02-02,2026-02-02T16:29:55Z
CPRI.N,2025-11-04,11:45:00,EarningsReleases,Q2 2026 Capri Holdings Ltd Earnings Release,CPRI,Capri Holdings Ltd,Consumer Discretionary,"Textiles, Apparel & Luxury Goods",Apparel & Accessories Retailers,,,United Kingdom,GB,United Kingdom,United States of America,2965476189.42,14,93682345,731893.3203125,0.03241581345621031,2025-05-26,2025-11-25,2025-11-25,2025-09-17,2026-02-02,2026-02-02T16:29:55Z
CPS.N,2025-10-30,20:30:00,EarningsReleases,Q3 2025 Cooper-Standard Holdings Inc Earnings Release,CPS,Cooper-Standard Holdings Inc,Consumer Discretionary,Automobile Components,"Auto, Truck & Motorcycle Parts",,,United States of America,US,United States of America,United States of America,537752404.41,3,8895038,69492.484375,0.03949189436761743,2025-05-26,2025-11-25,2025-11-25,2025-09-17,2026-02-02,2026-02-02T16:29:55Z
CPT.N,2025-11-06,21:15:01,EarningsReleases,Q3 2025 Camden Property Trust Earnings Release,CPT,Camden Property Trust,Real Estate,Residential REITs,Residential REITs,,,United States of America,US,United States of America,United States of America,11297056139.4,14,47492954,371038.703125,0.011670417729817134,2025-05-26,2025-11-25,2025-11-25,2025-09-17,2026-02-02,2026-02-02T16:29:55Z
CQP.N,2025-10-30,11:30:00,EarningsReleases,Q3 2025 Cheniere Energy Partners LP Earnings Release,CQP,Cheniere Energy Partners LP,Energy,"Oil, Gas & Consumable Fuels",Oil & Gas Transportation Services,,,United States of America,US,United States of America,United States of America,25770961648.52,13,4344360,33940.3125,0.015632887296922502,2025-05-26,2025-11-25,2025-11-25,2025-09-17,2026-02-02,2026-02-02T16:29:55Z
CR.N,2025-10-27,20:15:00,EarningsReleases,Q3 2025 Crane Co Earnings Release,CR,Crane Co,Industrials,Machinery,Industrial Machinery & Equipment,,,United States of America,US,United States of America,United States of America,10530438850.21,9,12153764,94951.28125,0.014491165464176049,2025-05-26,2025-11-25,2025-11-25,2025-09-17,2026-02-02,2026-02-02T16:29:55Z
CR.N,2026-01-26,21:15:00,EarningsReleases,Q4 2025 Crane Co Earnings Release,CR,Crane Co,Industrials,Machinery,Industrial Machinery & Equipment,,,United States of America,US,United States of America,United States of America,10530438850.21,9,12153764,94951.28125,0.014491165464176049,2025-05-26,2025-11-25,2025-11-25,2025-09-17,2026-02-02,2026-02-02T16:29:55Z
CRBG.N,2025-11-03,21:15:00,EarningsReleases,Q3 2025 Corebridge Financial Inc Earnings Release,CRBG,Corebridge Financial Inc,Financials,Financial Services,Life & Health Insurance,,,United States of America,US,United States of America,United States of America,15396207166.02,14,183634807,1434646.9296875,0.017258997997157296,2025-05-26,2025-11-25,2025-11-25,2025-09-17,2026-02-02,2026-02-02T16:29:55Z
CRC.N,2025-11-04,21:32:00,EarningsReleases,Q3 2025 California Resources Corp Earnings Release,CRC,California Resources Corp,Energy,"Oil, Gas & Consumable Fuels",Oil & Gas Exploration and Production,,,United States of America,US,United States of America,United States of America,3880885121.16,12,42968150,335688.671875,0.020701481886487946,2025-05-26,2025-11-25,2025-11-25,2025-09-17,2026-02-02,2026-02-02T16:29:55Z
CRCL.N,2025-11-12,11:25:00,EarningsReleases,Q3 2025 Circle Internet Group Inc Earnings Release,CRCL,Circle Internet Group Inc,Information Technology,Software,Financial Technology (Fintech),,,United States of America,US,United States of America,United States of America,16509193685.01,21,304681516,2518029.0578512396,0.07724825503503907,2025-05-26,2025-11-25,2025-11-25,2025-09-17,2026-02-02,2026-02-02T16:29:55Z
CRDb.N,2025-11-03,21:15:00,EarningsReleases,Q3 2025 Crawford & Co Earnings Release,CRD.B,Crawford & Co,Financials,Insurance,Multiline Insurance & Brokers,,,United States of America,US,United States of America,United States of America,546714775.14,3,228090,1781.953125,0.026894096860518583,2025-05-26,2025-11-25,2025-11-25,2025-09-17,2026-02-02,2026-02-02T16:29:55Z
CRGY.N,2025-11-03,21:00:00,EarningsReleases,Q3 2025 Crescent Energy Co Earnings Release,CRGY,Crescent Energy Co,Energy,"Oil, Gas & Consumable Fuels",Oil & Gas Exploration and Production,,,United States of America,US,United States of America,United States of America,2340059266.79,12,185575400,1449807.8125,0.03325358206083176,2025-05-26,2025-11-25,2025-11-25,2025-09-17,2026-02-02,2026-02-02T16:29:55Z
CRH.N,2025-11-05,21:05:01,EarningsReleases,Q3 2025 CRH PLC Earnings Release,CRH,CRH PLC,Materials,Construction Materials,Construction Materials,,,Ireland,IE,United States of America,United States of America,77851919169.64,24,127017970,992327.890625,0.01642406125093456,2025-05-26,2025-11-25,2025-11-25,2025-09-17,2026-02-02,2026-02-02T16:29:55Z
CRI.N,2025-10-27,10:13:00,EarningsReleases,Q3 2025 Carter's Inc Earnings Release,CRI,Carter's Inc,Consumer Discretionary,"Textiles, Apparel & Luxury Goods",Apparel & Accessories Retailers,,,United States of America,US,United States of America,United States of America,1137173481.6,5,62224617,486129.8203125,0.03503395593045877,2025-05-26,2025-11-25,2025-11-25,2025-09-17,2026-02-02,2026-02-02T16:29:55Z
CRI.N,2026-01-09,11:30:00,EarningsReleases,Preliminary Q4 2026 Carter's Inc Earnings Release,CRI,Carter's Inc,Consumer Discretionary,"Textiles, Apparel & Luxury Goods",Apparel & Accessories Retailers,,,United States of America,US,United States of America,United States of America,1137173481.6,5,62224617,486129.8203125,0.03503395593045877,2025-05-26,2025-11-25,2025-11-25,2025-09-17,2026-02-02,2026-02-02T16:29:55Z
CRK.N,2025-11-03,21:15:01,EarningsReleases,Q3 2025 Comstock Resources Inc Earnings Release,CRK,Comstock Resources Inc,Energy,"Oil, Gas & Consumable Fuels",Oil & Gas Exploration and Production,,,United States of America,US,United States of America,United States of America,7367397822.84,16,100125406,782229.734375,0.03589002551564252,2025-05-26,2025-11-25,2025-11-25,2025-09-17,2026-02-02,2026-02-02T16:29:55Z
CRL.N,2025-11-05,12:00:01,EarningsReleases,Q3 2025 Charles River Laboratories International Inc Earnings Release,CRL,Charles River Laboratories International Inc,Health Care,Life Sciences Tools & Services,Biotechnology & Medical Research,,,United States of America,US,United States of America,United States of America,8762814611.55,19,36085215,281915.7421875,0.025445798521482186,2025-05-26,2025-11-25,2025-11-25,2025-09-17,2026-02-02,2026-02-02T16:29:55Z
CRM.N,2025-12-03,21:01:00,EarningsReleases,Q3 2026 Salesforce Inc Earnings Release,CRM,Salesforce Inc,Information Technology,Software,IT Services & Consulting,,,United States of America,US,United States of America,United States of America,222882240000.0,55,253319942,1979062.046875,0.01841780328703182,2025-05-26,2025-11-25,2025-11-25,2025-09-17,2026-02-02,2026-02-02T16:29:55Z
CRS.N,2025-10-23,12:00:01,EarningsReleases,Q1 2026 Carpenter Technology Corp Earnings Release,CRS,Carpenter Technology Corp,Industrials,Aerospace & Defense,Iron & Steel,,,United States of America,US,United States of America,United States of America,16083508494.48,10,33384940,260819.84375,0.02928382735358586,2025-05-26,2025-11-25,2025-11-25,2025-09-17,2026-02-02,2026-02-02T16:29:55Z
CRS.N,2026-01-29,13:00:01,EarningsReleases,Q2 2026 Carpenter Technology Corp Earnings Release,CRS,Carpenter Technology Corp,Industrials,Aerospace & Defense,Iron & Steel,,,United States of America,US,United States of America,United States of America,16083508494.48,10,33384940,260819.84375,0.02928382735358586,2025-05-26,2025-11-25,2025-11-25,2025-09-17,2026-02-02,2026-02-02T16:29:55Z
CRT.N,2025-11-13,,EarningsReleases,Q3 2025 Cross Timbers Royalty Trust Earnings Release,CRT,Cross Timbers Royalty Trust,Energy,"Oil, Gas & Consumable Fuels",Oil & Gas Exploration and Production,,,United States of America,US,United States of America,United States of America,53040000.0,,614160,4798.125,0.018120387320318624,2025-05-26,2025-11-25,2025-11-25,2025-09-17,2026-02-02,2026-02-02T16:29:55Z
CSL.N,2025-10-29,20:05:00,EarningsReleases,Q3 2025 Carlisle Companies Inc Earnings Release,CSL,Carlisle Companies Inc,Industrials,Building Products,Construction Supplies & Fixtures,,,United States of America,US,United States of America,United States of America,13217676031.68,11,19008139,148501.0859375,0.02380942684448228,2025-05-26,2025-11-25,2025-11-25,2025-09-17,2026-02-02,2026-02-02T16:29:55Z
CSR.N,2025-11-03,21:30:00,EarningsReleases,Q3 2025 Centerspace Earnings Release,CSR,Centerspace,Real Estate,Residential REITs,Residential REITs,,,United States of America,US,United States of America,United States of America,1112283934.12,6,5636599,44035.9296875,0.016196336832728905,2025-05-26,2025-11-25,2025-11-25,2025-09-17,2026-02-02,2026-02-02T16:29:55Z
CSTM.N,2025-10-29,10:15:00,EarningsReleases,Q3 2025 Constellium SE Earnings Release,CSTM,Constellium SE,Materials,Metals & Mining,Aluminum,,,France,FR,France,United States of America,2218608641.9,4,53988607,421785.9921875,0.025827098426843022,2025-05-26,2025-11-25,2025-11-25,2025-09-17,2026-02-02,2026-02-02T16:29:55Z
CSV.N,2025-11-05,21:47:58,EarningsReleases,Q3 2025 Carriage Services Inc Earnings Release,CSV,Carriage Services Inc,Consumer Discretionary,Diversified Consumer Services,Personal Services,,,United States of America,US,United States of America,United States of America,671532481.45,5,4325842,33795.640625,0.01500640734297315,2025-05-26,2025-11-25,2025-11-25,2025-09-17,2026-02-02,2026-02-02T16:29:55Z
CSW.N,2025-10-30,10:40:00,EarningsReleases,Q2 2026 CSW Industrials Inc Earnings Release,CSW,CSW Industrials Inc,Industrials,Building Products,Construction & Engineering,,,United States of America,US,United States of America,United States of America,4508581634.52,6,5699780,44529.53125,0.02222890775296138,2025-05-26,2025-11-25,2025-11-25,2025-09-17,2026-02-02,2026-02-02T16:29:55Z
CSW.N,2026-01-29,11:40:00,EarningsReleases,Q3 2026 CSW Industrials Inc Earnings Release,CSW,CSW Industrials Inc,Industrials,Building Products,Construction & Engineering,,,United States of America,US,United States of America,United States of America,4508581634.52,6,5699780,44529.53125,0.02222890775296138,2025-05-26,2025-11-25,2025-11-25,2025-09-17,2026-02-02,2026-02-02T16:29:55Z
CTA_pa.N,2025-11-05,21:00:00,EarningsReleases,Q3 2025 EIDP Inc Earnings Release,CTA PR A,EIDP Inc,Materials,Chemicals,Fishing & Farming,,,United States of America,US,United States of America,United States of America,37999500.0,,27726,249.78378378378378,0.008715638116095681,2025-05-26,2025-11-25,2025-11-25,2025-09-17,2026-02-02,2026-02-02T16:29:55Z
CTEV.N,2025-11-07,13:30:00,EarningsReleases,Q3 2025 Claritev Corp Earnings Release,CTEV,Claritev Corp,Health Care,Health Care Technology,Business Support Services,,,United States of America,US,United States of America,United States of America,862803873.24,3,6717545,52480.8203125,0.06389471725654482,2025-05-26,2025-11-25,2025-11-25,2025-09-17,2026-02-02,2026-02-02T16:29:55Z
CTO.N,2025-10-28,20:05:01,EarningsReleases,Q3 2025 CTO Realty Growth Inc Earnings Release,CTO,CTO Realty Growth Inc,Real Estate,Diversified REITs,Commercial REITs,,,United States of America,US,United States of America,United States of America,580758900.54,2,12387175,96774.8046875,0.013706631408556387,2025-05-26,2025-11-25,2025-11-25,2025-09-17,2026-02-02,2026-02-02T16:29:55Z
CTOS.N,2025-10-27,20:10:00,EarningsReleases,Q3 2025 Custom Truck One Source Inc Earnings Release,CTOS,Custom Truck One Source Inc,Industrials,Trading Companies & Distributors,"Auto Vehicles, Parts & Service Retailers",,,United States of America,US,United States of America,United States of America,1397872645.62,6,36461908,284858.65625,0.02924989750852589,2025-05-26,2025-11-25,2025-11-25,2025-09-17,2026-02-02,2026-02-02T16:29:55Z
CTRA.N,2025-11-03,21:05:01,EarningsReleases,Q3 2025 Coterra Energy Inc Earnings Release,CTRA,Coterra Energy Inc,Energy,"Oil, Gas & Consumable Fuels",Oil & Gas Exploration and Production,,,United States of America,US,United States of America,United States of America,19673995943.68,23,275669107,2153664.8984375,0.016547242765193707,2025-05-26,2025-11-25,2025-11-25,2025-09-17,2026-02-02,2026-02-02T16:29:55Z
CTRE.N,2025-11-05,21:17:00,EarningsReleases,Q3 2025 CareTrust REIT Inc Earnings Release,CTRE,CareTrust REIT Inc,Real Estate,Health Care REITs,Specialized REITs,,,United States of America,US,United States of America,United States of America,8284441946.2,8,94280874,736569.328125,0.012299177005161591,2025-05-26,2025-11-25,2025-11-25,2025-09-17,2026-02-02,2026-02-02T16:29:55Z
CTRI.N,2025-11-05,13:00:01,EarningsReleases,Q3 2025 Centuri Holdings Inc Earnings Release,CTRI,Centuri Holdings Inc,Industrials,Construction & Engineering,Construction & Engineering,,,United States of America,US,United States of America,United States of America,2116061952.5,7,65441536,511262.0,0.02523810366931078,2025-05-26,2025-11-25,2025-11-25,2025-09-17,2026-02-02,2026-02-02T16:29:55Z
CTS.N,2025-10-28,12:00:03,EarningsReleases,Q3 2025 CTS Corp Earnings Release,CTS,CTS Corp,Information Technology,"Electronic Equipment, Instruments & Components",Electronic Equipment & Parts,,,United States of America,US,United States of America,United States of America,1235018501.73,1,9466752,73959.0,0.019919931143541274,2025-05-26,2025-11-25,2025-11-25,2025-09-17,2026-02-02,2026-02-02T16:29:55Z
CTVA.N,2025-11-04,21:30:00,EarningsReleases,Q3 2025 Corteva Inc Earnings Release,CTVA,Corteva Inc,Materials,Chemicals,Agricultural Chemicals,,,United States of America,US,United States of America,United States of America,44632098600.0,25,172809902,1350077.359375,0.015529937405977782,2025-05-26,2025-11-25,2025-11-25,2025-09-17,2026-02-02,2026-02-02T16:29:55Z
CUBE.N,2025-10-30,20:15:02,EarningsReleases,Q3 2025 CubeSmart Earnings Release,CUBE,CubeSmart,Real Estate,Specialized REITs,Specialized REITs,,,United States of America,US,United States of America,United States of America,8421366931.83,7,74370203,581017.2109375,0.013245744860905986,2025-05-26,2025-11-25,2025-11-25,2025-09-17,2026-02-02,2026-02-02T16:29:55Z
CUBI.N,2025-10-23,20:30:01,EarningsReleases,Q3 2025 Customers Bancorp Inc Earnings Release,CUBI,Customers Bancorp Inc,Financials,Banks,Banks,,,United States of America,US,United States of America,United States of America,2368872778.41,8,14752723,115255.6484375,0.021427249664010446,2025-05-26,2025-11-25,2025-11-25,2025-09-17,2026-02-02,2026-02-02T16:29:55Z
CUBI.N,2026-01-22,21:40:00,EarningsReleases,Q4 2025 Customers Bancorp Inc Earnings Release,CUBI,Customers Bancorp Inc,Financials,Banks,Banks,,,United States of America,US,United States of America,United States of America,2368872778.41,8,14752723,115255.6484375,0.021427249664010446,2025-05-26,2025-11-25,2025-11-25,2025-09-17,2026-02-02,2026-02-02T16:29:55Z
CULP.N,2025-12-10,22:29:00,EarningsReleases,Q2 2026 Culp Inc Earnings Release,CULP,Culp Inc,Consumer Discretionary,"Textiles, Apparel & Luxury Goods",Textiles & Leather Goods,,,United States of America,US,United States of America,United States of America,51411780.0,1,425424,3323.625,0.023146951749967542,2025-05-26,2025-11-25,2025-11-25,2025-09-17,2026-02-02,2026-02-02T16:29:55Z
CURB.N,2025-10-28,10:30:00,EarningsReleases,Q3 2025 Curbline Properties Corp. Earnings Release,CURB,Curbline Properties Corp.,Real Estate,Retail REITs,"Real Estate Rental, Development & Operations",,,United States of America,US,United States of America,United States of America,2521459111.6,4,26965047,210664.4296875,0.012698636927489529,2025-05-26,2025-11-25,2025-11-25,2025-09-17,2026-02-02,2026-02-02T16:29:55Z
CURV.N,2025-12-03,21:05:00,EarningsReleases,Q3 2025 Torrid Holdings Inc Earnings Release,CURV,Torrid Holdings Inc,Consumer Discretionary,Specialty Retail,Apparel & Accessories Retailers,,,United States of America,US,United States of America,United States of America,123004208.08,7,21265291,166135.0859375,0.06501093322399064,2025-05-26,2025-11-25,2025-11-25,2025-09-17,2026-02-02,2026-02-02T16:29:55Z
CUZ.N,2025-10-30,20:15:00,EarningsReleases,Q3 2025 Cousins Properties Inc Earnings Release,CUZ,Cousins Properties Inc,Real Estate,Office REITs,Commercial REITs,,,United States of America,US,United States of America,United States of America,4293198154.44,3,67991976,531187.3125,0.012672168116421885,2025-05-26,2025-11-25,2025-11-25,2025-09-17,2026-02-02,2026-02-02T16:29:55Z
CVE.N,2025-10-31,10:00:00,EarningsReleases,Q3 2025 Cenovus Energy Inc Earnings Release,CVE,Cenovus Energy Inc,Energy,"Oil, Gas & Consumable Fuels",Integrated Oil & Gas,,,Canada,CA,Canada,United States of America,32917295763.3012,8,355931913,2780718.0703125,0.019503218758321797,2025-05-26,2025-11-25,2025-11-25,2025-09-17,2026-02-02,2026-02-02T16:29:55Z
CVEO.N,2025-10-31,10:30:00,EarningsReleases,Q3 2025 Civeo Corp Earnings Release,CVEO,Civeo Corp,Industrials,Commercial Services & Supplies,"Real Estate Rental, Development & Operations",,,United States of America,US,United States of America,United States of America,251262165.86,3,4063399,31745.3046875,0.021360994351294574,2025-05-26,2025-11-25,2025-11-25,2025-09-17,2026-02-02,2026-02-02T16:29:55Z
CVI.N,2025-10-29,20:22:00,EarningsReleases,Q3 2025 CVR Energy Inc Earnings Release,CVI,CVR Energy Inc,Energy,"Oil, Gas & Consumable Fuels",Oil & Gas Refining and Marketing,,,United States of America,US,United States of America,United States of America,3437141179.81,7,46618658,364208.265625,0.02894281409025084,2025-05-26,2025-11-25,2025-11-25,2025-09-17,2026-02-02,2026-02-02T16:29:55Z
CVI.N,2026-01-26,13:30:00,EarningsReleases,Preliminary Q4 2025 CVR Energy Inc Earnings Release,CVI,CVR Energy Inc,Energy,"Oil, Gas & Consumable Fuels",Oil & Gas Refining and Marketing,,,United States of America,US,United States of America,United States of America,3437141179.81,7,46618658,364208.265625,0.02894281409025084,2025-05-26,2025-11-25,2025-11-25,2025-09-17,2026-02-02,2026-02-02T16:29:55Z
CVLG.N,2025-10-22,20:00:00,EarningsReleases,Q3 2025 Covenant Logistics Group Inc Earnings Release,CVLG,Covenant Logistics Group Inc,Industrials,Ground Transportation,Ground Freight & Logistics,,,United States of America,US,United States of America,United States of America,494681765.5,4,5342855,41741.0546875,0.02146417346094909,2025-05-26,2025-11-25,2025-11-25,2025-09-17,2026-02-02,2026-02-02T16:29:55Z
CVLG.N,2026-01-29,21:05:01,EarningsReleases,Q4 2025 Covenant Logistics Group Inc Earnings Release,CVLG,Covenant Logistics Group Inc,Industrials,Ground Transportation,Ground Freight & Logistics,,,United States of America,US,United States of America,United States of America,494681765.5,4,5342855,41741.0546875,0.02146417346094909,2025-05-26,2025-11-25,2025-11-25,2025-09-17,2026-02-02,2026-02-02T16:29:55Z
CVNA.N,2025-10-29,20:05:00,EarningsReleases,Q3 2025 Carvana Co Earnings Release,CVNA,Carvana Co,Consumer Discretionary,Specialty Retail,"Auto Vehicles, Parts & Service Retailers",,,United States of America,US,United States of America,United States of America,76407509876.72,26,80260236,627033.09375,0.036586027895914024,2025-05-26,2025-11-25,2025-11-25,2025-09-17,2026-02-02,2026-02-02T16:29:55Z
CVS.N,2025-10-29,10:30:01,EarningsReleases,Q3 2025 CVS Health Corp Earnings Release,CVS,CVS Health Corp,Health Care,Health Care Providers & Services,Healthcare Facilities & Services,,,United States of America,US,United States of America,United States of America,99612367097.95,29,243105930,1899265.078125,0.015484231883565593,2025-05-26,2025-11-25,2025-11-25,2025-09-17,2026-02-02,2026-02-02T16:29:55Z
CVX.N,2025-10-31,10:15:00,EarningsReleases,Q3 2025 Chevron Corp Earnings Release,CVX,Chevron Corp,Energy,"Oil, Gas & Consumable Fuels",Integrated Oil & Gas,,,United States of America,US,United States of America,United States of America,299068362802.41,28,304721462,2380636.421875,0.011929285831161983,2025-05-26,2025-11-25,2025-11-25,2025-09-17,2026-02-02,2026-02-02T16:29:55Z
CVX.N,2026-01-30,11:15:00,EarningsReleases,Q4 2025 Chevron Corp Earnings Release,CVX,Chevron Corp,Energy,"Oil, Gas & Consumable Fuels",Integrated Oil & Gas,,,United States of America,US,United States of America,United States of America,299068362802.41,28,304721462,2380636.421875,0.011929285831161983,2025-05-26,2025-11-25,2025-11-25,2025-09-17,2026-02-02,2026-02-02T16:29:55Z
CW.N,2025-11-05,21:38:00,EarningsReleases,Q3 2025 Curtiss-Wright Corp Earnings Release,CW,Curtiss-Wright Corp,Industrials,Aerospace & Defense,Aerospace & Defense,,,United States of America,US,United States of America,United States of America,20475748988.64,8,10132622,79161.109375,0.01768414892298817,2025-05-26,2025-11-25,2025-11-25,2025-09-17,2026-02-02,2026-02-02T16:29:55Z
CWAN.N,2025-11-05,21:05:03,EarningsReleases,Q3 2025 Clearwater Analytics Holdings Inc Earnings Release,CWAN,Clearwater Analytics Holdings Inc,Information Technology,Software,Software,,,United States of America,US,United States of America,United States of America,6476575847.02,13,171810474,1342269.328125,0.026200814934607037,2025-05-26,2025-11-25,2025-11-25,2025-09-17,2026-02-02,2026-02-02T16:29:55Z
CWENa.N,2025-11-04,21:01:01,EarningsReleases,Q3 2025 Clearway Energy Inc Earnings Release,CWEN.A,Clearway Energy Inc,Utilities,Independent Power and Renewable Electricity Producers,Independent Power Producers,,,United States of America,US,United States of America,United States of America,7195959747.15,10,12593385,98385.8203125,0.01663987533591828,2025-05-26,2025-11-25,2025-11-25,2025-09-17,2026-02-02,2026-02-02T16:29:55Z
CWH.N,2025-10-28,20:05:01,EarningsReleases,Q3 2025 Camping World Holdings Inc Earnings Release,CWH,Camping World Holdings Inc,Consumer Discretionary,Specialty Retail,"Auto Vehicles, Parts & Service Retailers",,,United States of America,US,United States of America,United States of America,1173226384.4,13,73138008,571390.6875,0.04528399575970338,2025-05-26,2025-11-25,2025-11-25,2025-09-17,2026-02-02,2026-02-02T16:29:55Z
CWK.N,2025-10-30,12:30:00,EarningsReleases,Q3 2025 Cushman & Wakefield Ltd Earnings Release,CWK,Cushman & Wakefield Ltd,Real Estate,Real Estate Management & Development,Real Estate Services,,,Bermuda,BM,United States of America,United States of America,3884008269.96,10,91331389,713526.4765625,0.022803538153847613,2025-05-26,2025-11-25,2025-11-25,2025-09-17,2026-02-02,2026-02-02T16:29:55Z
CWT.N,2025-10-30,13:00:00,EarningsReleases,Q3 2025 California Water Service Group Earnings Release,CWT,California Water Service Group,Utilities,Water Utilities,Water & Related Utilities,,,United States of America,US,United States of America,United States of America,2723324283.7,4,18307195,143024.9609375,0.013589305777121122,2025-05-26,2025-11-25,2025-11-25,2025-09-17,2026-02-02,2026-02-02T16:29:55Z
CXM.N,2025-12-03,12:05:00,EarningsReleases,Q3 2026 Sprinklr Inc Earnings Release,CXM,Sprinklr Inc,Information Technology,Software,Software,,,United States of America,US,United States of America,United States of America,1767408325.28,9,93140406,727659.421875,0.022663825049071624,2025-05-26,2025-11-25,2025-11-25,2025-09-17,2026-02-02,2026-02-02T16:29:55Z
CXT.N,2025-11-05,21:05:14,EarningsReleases,Q3 2025 Crane NXT Co Earnings Release,CXT,Crane NXT Co,Information Technology,"Electronic Equipment, Instruments & Components",Electronic Equipment & Parts,,,United States of America,US,United States of America,United States of America,3240899881.16,7,16255171,126993.5234375,0.02251383009825161,2025-05-26,2025-11-25,2025-11-25,2025-09-17,2026-02-02,2026-02-02T16:29:55Z
CXW.N,2025-11-05,21:15:01,EarningsReleases,Q3 2025 CoreCivic Inc Earnings Release,CXW,CoreCivic Inc,Industrials,Commercial Services & Supplies,Business Support Services,,,United States of America,US,United States of America,United States of America,1853240086.6,5,43565306,340353.953125,0.021281491182739965,2025-05-26,2025-11-25,2025-11-25,2025-09-17,2026-02-02,2026-02-02T16:29:55Z
CYH.N,2025-10-23,20:15:00,EarningsReleases,Q3 2025 Community Health Systems Inc Earnings Release,CYH,Community Health Systems Inc,Health Care,Health Care Providers & Services,Healthcare Facilities & Services,,,United States of America,US,United States of America,United States of America,480663064.05,9,64754718,505896.234375,0.04606430128028587,2025-05-26,2025-11-25,2025-11-25,2025-09-17,2026-02-02,2026-02-02T16:29:55Z
D.N,2025-10-31,11:30:00,EarningsReleases,Q3 2025 Dominion Energy Inc Earnings Release,D,Dominion Energy Inc,Utilities,Multi-Utilities,Electric Utilities,,,United States of America,US,United States of America,United States of America,52549823066.58,20,213207085,1665680.3515625,0.01066738599571065,2025-05-26,2025-11-25,2025-11-25,2025-09-17,2026-02-02,2026-02-02T16:29:55Z
DAC.N,2025-11-17,21:30:00,EarningsReleases,Q3 2025 Danaos Corp Earnings Release,DAC,Danaos Corp,Industrials,Marine Transportation,Marine Freight & Logistics,,,Greece,GR,Greece,United States of America,1776590385.06,2,2656334,20752.609375,0.012149326974777956,2025-05-26,2025-11-25,2025-11-25,2025-09-17,2026-02-02,2026-02-02T16:29:55Z
DAL.N,2025-10-09,10:30:45,EarningsReleases,Q3 2025 Delta Air Lines Inc Earnings Release,DAL,Delta Air Lines Inc,Industrials,Passenger Airlines,Airlines,,,United States of America,US,United States of America,United States of America,40581636031.2,25,260261119,2033289.9921875,0.025686177680284725,2025-05-26,2025-11-25,2025-11-25,2025-09-17,2026-02-02,2026-02-02T16:29:55Z
DAL.N,2026-01-13,11:30:00,EarningsReleases,Q4 2025 Delta Air Lines Inc Earnings Release,DAL,Delta Air Lines Inc,Industrials,Passenger Airlines,Airlines,,,United States of America,US,United States of America,United States of America,40581636031.2,25,260261119,2033289.9921875,0.025686177680284725,2025-05-26,2025-11-25,2025-11-25,2025-09-17,2026-02-02,2026-02-02T16:29:55Z
DAN.N,2025-10-29,10:59:00,EarningsReleases,Q3 2025 Dana Inc Earnings Release,DAN,Dana Inc,Consumer Discretionary,Automobile Components,"Auto, Truck & Motorcycle Parts",,,United States of America,US,United States of America,United States of America,2622998866.7,9,89611844,700092.53125,0.021720454032092225,2025-05-26,2025-11-25,2025-11-25,2025-09-17,2026-02-02,2026-02-02T16:29:55Z
DAN.N,2026-01-21,11:59:00,EarningsReleases,Q4 2025 Dana Inc Preliminary Earnings Release,DAN,Dana Inc,Consumer Discretionary,Automobile Components,"Auto, Truck & Motorcycle Parts",,,United States of America,US,United States of America,United States of America,2622998866.7,9,89611844,700092.53125,0.021720454032092225,2025-05-26,2025-11-25,2025-11-25,2025-09-17,2026-02-02,2026-02-02T16:29:55Z
DAO.N,2025-11-20,08:30:00,EarningsReleases,Q3 2025 Youdao Inc Earnings Release,DAO,Youdao Inc,Consumer Discretionary,Diversified Consumer Services,Software,,,China,CN,China,United States of America,1121559555.62,7,3816763,29818.4609375,0.026307558353497098,2025-05-26,2025-11-25,2025-11-25,2025-09-17,2026-02-02,2026-02-02T16:29:55Z
DAR.N,2025-10-23,10:40:00,EarningsReleases,Q3 2025 Darling Ingredients Inc Earnings Release,DAR,Darling Ingredients Inc,Consumer Staples,Food Products,Food Processing,,,United States of America,US,United States of America,United States of America,5572895668.86,14,83990905,656178.9453125,0.028270870598506116,2025-05-26,2025-11-25,2025-11-25,2025-09-17,2026-02-02,2026-02-02T16:29:55Z
DAVA.N,2025-11-11,12:21:00,EarningsReleases,Q1 2026 Endava PLC Earnings Release,DAVA,Endava PLC,Information Technology,IT Services,IT Services & Consulting,,,United Kingdom,GB,United Kingdom,United States of America,344980279.05,11,30626999,239273.4296875,0.0527929083362564,2025-05-26,2025-11-25,2025-11-25,2025-09-17,2026-02-02,2026-02-02T16:29:55Z
DAY.N,2025-10-29,20:00:00,EarningsReleases,Q3 2025 Dayforce Inc Earnings Release,DAY,Dayforce Inc,Industrials,Professional Services,Software,,,United States of America,US,United States of America,United States of America,11053614894.41,17,82463610,644246.953125,0.025394026049316162,2025-05-26,2025-11-25,2025-11-25,2025-09-17,2026-02-02,2026-02-02T16:29:55Z
DB.N,2025-10-29,07:30:00,EarningsReleases,Q3 2025 Deutsche Bank AG Earnings Release,DB,Deutsche Bank AG,Financials,Capital Markets,Banks,,,Germany,DE,Germany,United States of America,67347458529.5819,13,76873592,600574.9375,0.018705643678223076,2025-05-26,2025-11-25,2025-11-25,2025-09-17,2026-02-02,2026-02-02T16:29:55Z
DB.N,2026-01-29,07:30:00,EarningsReleases,Preliminary Q4 2025 Deutsche Bank AG Earnings Release,DB,Deutsche Bank AG,Financials,Capital Markets,Banks,,,Germany,DE,Germany,United States of America,67347458529.5819,13,76873592,600574.9375,0.018705643678223076,2025-05-26,2025-11-25,2025-11-25,2025-09-17,2026-02-02,2026-02-02T16:29:55Z
DBD.N,2025-11-05,12:01:00,EarningsReleases,Q3 2025 Diebold Nixdorf Inc Earnings Release,DBD,Diebold Nixdorf Inc,Information Technology,"Technology Hardware, Storage & Peripherals",Integrated Hardware & Software,,,United States of America,US,United States of America,United States of America,2295497984.0,3,9461120,73915.0,0.021073041520061973,2025-05-26,2025-11-25,2025-11-25,2025-09-17,2026-02-02,2026-02-02T16:29:55Z
DBI.N,2025-12-09,11:45:00,EarningsReleases,Q3 2025 Designer Brands Inc Earnings Release,DBI,Designer Brands Inc,Consumer Discretionary,Specialty Retail,Apparel & Accessories Retailers,,,United States of America,US,United States of America,United States of America,196687615.6,2,41470861,323991.1015625,0.052813059157896226,2025-05-26,2025-11-25,2025-11-25,2025-09-17,2026-02-02,2026-02-02T16:29:55Z
DBRG.N,2025-10-30,10:05:00,EarningsReleases,Q3 2025 DigitalBridge Group Inc Earnings Release,DBRG,DigitalBridge Group Inc,Financials,Capital Markets,Investment Management & Fund Operators,,,United States of America,US,United States of America,United States of America,1715312850.75,9,77987169,609274.7578125,0.027972076959267036,2025-05-26,2025-11-25,2025-11-25,2025-09-17,2026-02-02,2026-02-02T16:29:55Z
DCI.N,2025-12-04,11:00:00,EarningsReleases,Q1 2026 Donaldson Company Inc Earnings Release,DCI,Donaldson Company Inc,Industrials,Machinery,Environmental Services & Equipment,,,United States of America,US,United States of America,United States of America,10444890374.72,9,28013782,218857.671875,0.012435965124895735,2025-05-26,2025-11-25,2025-11-25,2025-09-17,2026-02-02,2026-02-02T16:29:55Z
DCO.N,2025-11-06,11:00:03,EarningsReleases,Q3 2025 Ducommun Inc Earnings Release,DCO,Ducommun Inc,Industrials,Aerospace & Defense,Aerospace & Defense,,,United States of America,US,United States of America,United States of America,1346639285.2,4,5567335,43494.8046875,0.020735507145537485,2025-05-26,2025-11-25,2025-11-25,2025-09-17,2026-02-02,2026-02-02T16:29:55Z
DD.N,2025-11-06,11:00:00,EarningsReleases,Q3 2025 Dupont De Nemours Inc Earnings Release,DD,Dupont De Nemours Inc,Materials,Chemicals,Electronic Equipment & Parts,,,United States of America,US,United States of America,United States of America,16247863064.72,18,134957897,1054358.5703125,0.018215841108822205,2025-05-26,2025-11-25,2025-11-25,2025-09-17,2026-02-02,2026-02-02T16:29:55Z
DDD.N,2025-11-04,21:30:01,EarningsReleases,Q3 2025 3D Systems Corp Earnings Release,DDD,3D Systems Corp,Industrials,Machinery,Electronic Equipment & Parts,,,United States of America,US,United States of America,United States of America,260050788.28,4,84325634,658794.015625,0.06181557262745731,2025-05-26,2025-11-25,2025-11-25,2025-09-17,2026-02-02,2026-02-02T16:29:55Z
DDL.N,2025-11-12,09:30:00,EarningsReleases,Q3 2025 Dingdong (Cayman) Ltd Earnings Release,DDL,Dingdong (Cayman) Ltd,Consumer Staples,Consumer Staples Distribution & Retail,Online Services,,,China,CN,China,United States of America,317516708.96,4,19704503,153941.4296875,0.029460078258186456,2025-05-26,2025-11-25,2025-11-25,2025-09-17,2026-02-02,2026-02-02T16:29:55Z
DDS.N,2025-11-13,11:50:00,EarningsReleases,Q3 2025 Dillard's Inc Earnings Release,DDS,Dillard's Inc,Consumer Discretionary,Broadline Retail,Department Stores,,,United States of America,US,United States of America,United States of America,10407759265.26,4,3853923,30108.7734375,0.024576125056514127,2025-05-26,2025-11-25,2025-11-25,2025-09-17,2026-02-02,2026-02-02T16:29:55Z
DE.N,2025-11-26,11:27:50,EarningsReleases,Q4 2025 Deere & Co Earnings Release,DE,Deere & Co,Industrials,Machinery,Heavy Machinery & Vehicles,,,United States of America,US,United States of America,United States of America,134659180036.96,26,43647576,340996.6875,0.014041077357918536,2025-05-26,2025-11-25,2025-11-25,2025-09-17,2026-02-02,2026-02-02T16:29:55Z
DEA.N,2025-10-27,10:30:00,EarningsReleases,Q3 2025 Easterly Government Properties Inc Earnings Release,DEA,Easterly Government Properties Inc,Real Estate,Office REITs,Commercial REITs,,,United States of America,US,United States of America,United States of America,1004240494.62,2,25982733,202990.1015625,0.01378035907628766,2025-05-26,2025-11-25,2025-11-25,2025-09-17,2026-02-02,2026-02-02T16:29:55Z
DEC.N,2025-11-03,21:15:00,EarningsReleases,Q3 2025 Diversified Energy Co Earnings Release,DEC,Diversified Energy Co,Energy,"Oil, Gas & Consumable Fuels",Oil & Gas Exploration and Production,,,United States of America,US,United States of America,United States of America,1197837857.77,7,16005510,125043.046875,0.022908082130215886,2025-05-26,2025-11-25,2025-11-25,2025-09-17,2026-02-02,2026-02-02T16:29:55Z
DECK.N,2025-10-23,20:05:00,EarningsReleases,Q2 2026 Deckers Outdoor Corp Earnings Release,DECK,Deckers Outdoor Corp,Consumer Discretionary,"Textiles, Apparel & Luxury Goods",Footwear,,,United States of America,US,United States of America,United States of America,12456810876.51,27,117651251,919150.3984375,0.028802931272403885,2025-05-26,2025-11-25,2025-11-25,2025-09-17,2026-02-02,2026-02-02T16:29:55Z
DECK.N,2026-01-29,21:05:00,EarningsReleases,Q3 2026 Deckers Outdoor Corp Earnings Release,DECK,Deckers Outdoor Corp,Consumer Discretionary,"Textiles, Apparel & Luxury Goods",Footwear,,,United States of America,US,United States of America,United States of America,12456810876.51,27,117651251,919150.3984375,0.028802931272403885,2025-05-26,2025-11-25,2025-11-25,2025-09-17,2026-02-02,2026-02-02T16:29:55Z
DEI.N,2025-11-04,21:27:00,EarningsReleases,Q3 2025 Douglas Emmett Inc Earnings Release,DEI,Douglas Emmett Inc,Real Estate,Office REITs,Commercial REITs,,,United States of America,US,United States of America,United States of America,2039687878.62,6,79570272,621642.75,0.018260081121207018,2025-05-26,2025-11-25,2025-11-25,2025-09-17,2026-02-02,2026-02-02T16:29:55Z
DELL.N,2025-11-25,22:00:00,EarningsReleases,Q3 2026 Dell Technologies Inc Earnings Release,DELL,Dell Technologies Inc,Information Technology,"Technology Hardware, Storage & Peripherals",Computer Hardware,,,United States of America,US,United States of America,United States of America,84391607043.36,28,167811123,1311024.3984375,0.026534504965403178,2025-05-26,2025-11-25,2025-11-25,2025-09-17,2026-02-02,2026-02-02T16:29:55Z
DFH.N,2025-10-30,11:00:01,EarningsReleases,Q3 2025 Dream Finders Homes Inc Earnings Release,DFH,Dream Finders Homes Inc,Consumer Discretionary,Household Durables,Homebuilding,,,United States of America,US,United States of America,United States of America,1805934359.46,2,17105081,133633.4453125,0.03407449507760307,2025-05-26,2025-11-25,2025-11-25,2025-09-17,2026-02-02,2026-02-02T16:29:55Z
DFIN.N,2025-10-29,11:00:03,EarningsReleases,Q3 2025 Donnelley Financial Solutions Inc Earnings Release,DFIN,Donnelley Financial Solutions Inc,Financials,Capital Markets,Professional Information Services,,,United States of America,US,United States of America,United States of America,1292621312.93,3,12495892,97624.15625,0.028738123404283878,2025-05-26,2025-11-25,2025-11-25,2025-09-17,2026-02-02,2026-02-02T16:29:55Z
DG.N,2025-12-04,11:50:00,EarningsReleases,Q3 2025 Dollar General Corp Earnings Release,DG,Dollar General Corp,Consumer Staples,Consumer Staples Distribution & Retail,Discount Stores,,,United States of America,US,United States of America,United States of America,22959259780.68,31,107531481,840089.6953125,0.020836982850729553,2025-05-26,2025-11-25,2025-11-25,2025-09-17,2026-02-02,2026-02-02T16:29:55Z
DGX.N,2025-10-21,10:45:00,EarningsReleases,Q3 2025 Quest Diagnostics Inc Earnings Release,DGX,Quest Diagnostics Inc,Health Care,Health Care Providers & Services,Healthcare Facilities & Services,,,United States of America,US,United States of America,United States of America,21397468330.7,20,37328300,291627.34375,0.01342375567751929,2025-05-26,2025-11-25,2025-11-25,2025-09-17,2026-02-02,2026-02-02T16:29:55Z
DHI.N,2025-10-28,10:30:00,EarningsReleases,Q4 2025 DR Horton Inc Earnings Release,DHI,D.R. Horton Inc,Consumer Discretionary,Household Durables,Homebuilding,,,United States of America,US,United States of America,United States of America,45132114937.14,23,124669716,973982.15625,0.025810876090830118,2025-05-26,2025-11-25,2025-11-25,2025-09-17,2026-02-02,2026-02-02T16:29:55Z
DHI.N,2026-01-20,11:30:00,EarningsReleases,Q1 2026 DR Horton Inc Earnings Release,DHI,D.R. Horton Inc,Consumer Discretionary,Household Durables,Homebuilding,,,United States of America,US,United States of America,United States of America,45132114937.14,23,124669716,973982.15625,0.025810876090830118,2025-05-26,2025-11-25,2025-11-25,2025-09-17,2026-02-02,2026-02-02T16:29:55Z
DHR.N,2025-10-21,10:00:00,EarningsReleases,Q3 2025 Danaher Corp Earnings Release,DHR,Danaher Corp,Health Care,Life Sciences Tools & Services,Advanced Medical Equipment & Technology,,,United States of America,US,United States of America,United States of America,163004288653.51,26,123815659,967309.8359375,0.017762324800432275,2025-05-26,2025-11-25,2025-11-25,2025-09-17,2026-02-02,2026-02-02T16:29:55Z
DHR.N,2026-01-28,11:00:00,EarningsReleases,Q4 2025 Danaher Corp Earnings Release,DHR,Danaher Corp,Health Care,Life Sciences Tools & Services,Advanced Medical Equipment & Technology,,,United States of America,US,United States of America,United States of America,163004288653.51,26,123815659,967309.8359375,0.017762324800432275,2025-05-26,2025-11-25,2025-11-25,2025-09-17,2026-02-02,2026-02-02T16:29:55Z
DHT.N,2025-10-29,20:00:00,EarningsReleases,Q3 2025 DHT Holdings Inc Earnings Release,DHT,DHT Holdings Inc,Energy,"Oil, Gas & Consumable Fuels",Oil & Gas Transportation Services,,,Bermuda,BM,Bermuda,United States of America,2095216273.21,9,63564915,496600.8984375,0.01815727338915064,2025-05-26,2025-11-25,2025-11-25,2025-09-17,2026-02-02,2026-02-02T16:29:55Z
DHX.N,2025-11-10,21:15:00,EarningsReleases,Q3 2025 DHI Group Inc Earnings Release,DHX,DHI Group Inc,Communication Services,Interactive Media & Services,Employment Services,,,United States of America,US,United States of America,United States of America,87712070.22,3,4705963,36765.3359375,0.04395370923727058,2025-05-26,2025-11-25,2025-11-25,2025-09-17,2026-02-02,2026-02-02T16:29:55Z
DIN.N,2025-11-05,11:30:00,EarningsReleases,Q3 2025 Dine Brands Global Inc Earnings Release,DIN,Dine Brands Global Inc,Consumer Discretionary,"Hotels, Restaurants & Leisure",Restaurants & Bars,,,United States of America,US,United States of America,United States of America,436028420.77,9,18795226,146837.703125,0.028972030611380168,2025-05-26,2025-11-25,2025-11-25,2025-09-17,2026-02-02,2026-02-02T16:29:55Z
DINO.N,2025-10-30,10:30:00,EarningsReleases,Q3 2025 HF Sinclair Corp Earnings Release,DINO,HF Sinclair Corp,Energy,"Oil, Gas & Consumable Fuels",Oil & Gas Refining and Marketing,,,United States of America,US,United States of America,United States of America,9659121714.83,17,96365964,752859.09375,0.019434514468097276,2025-05-26,2025-11-25,2025-11-25,2025-09-17,2026-02-02,2026-02-02T16:29:55Z
DIS.N,2025-11-13,11:40:00,EarningsReleases,Q4 2025 Walt Disney Co Earnings Release,DIS,Walt Disney Co,Communication Services,Entertainment,Broadcasting,,,United States of America,US,United States of America,United States of America,184438190680.26,32,283862826,2217678.328125,0.013010987822692886,2025-05-26,2025-11-25,2025-11-25,2025-09-17,2026-02-02,2026-02-02T16:29:55Z
DIS.N,2026-02-02,11:40:00,EarningsReleases,Q1 2026 Walt Disney Co Earnings Release,DIS,Walt Disney Co,Communication Services,Entertainment,Broadcasting,,,United States of America,US,United States of America,United States of America,184438190680.26,32,283862826,2217678.328125,0.013010987822692886,2025-05-26,2025-11-25,2025-11-25,2025-09-17,2026-02-02,2026-02-02T16:29:55Z
DK.N,2025-11-07,11:30:00,EarningsReleases,Q3 2025 Delek US Holdings Inc Earnings Release,DK,Delek US Holdings Inc,Energy,"Oil, Gas & Consumable Fuels",Oil & Gas Refining and Marketing,,,United States of America,US,United States of America,United States of America,2296371386.72,14,58078008,453734.4375,0.03647759621208133,2025-05-26,2025-11-25,2025-11-25,2025-09-17,2026-02-02,2026-02-02T16:29:55Z
DKL.N,2025-11-07,11:30:00,EarningsReleases,Q3 2025 Delek Logistics Partners LP Earnings Release,DKL,Delek Logistics Partners LP,Energy,"Oil, Gas & Consumable Fuels",Oil & Gas Transportation Services,,,United States of America,US,United States of America,United States of America,2450471973.82,4,2387298,18650.765625,0.012593837622434125,2025-05-26,2025-11-25,2025-11-25,2025-09-17,2026-02-02,2026-02-02T16:29:55Z
DKS.N,2025-11-25,12:00:01,EarningsReleases,Q3 2025 DICK'S Sporting Goods Inc Earnings Release,DKS,DICK'S Sporting Goods Inc,Consumer Discretionary,Specialty Retail,Miscellaneous Specialty Retailers,,,United States of America,US,United States of America,United States of America,18538786253.79,29,44480005,347500.0390625,0.02152669349936225,2025-05-26,2025-11-25,2025-11-25,2025-09-17,2026-02-02,2026-02-02T16:29:55Z
DLB.N,2025-11-18,21:15:00,EarningsReleases,Q4 2025 Dolby Laboratories Inc Earnings Release,DLB,Dolby Laboratories Inc,Information Technology,Software,Software,,,United States of America,US,United States of America,United States of America,6435186935.58,5,20926014,163484.484375,0.01372136505322513,2025-05-26,2025-11-25,2025-11-25,2025-09-17,2026-02-02,2026-02-02T16:29:55Z
DLB.N,2026-01-29,21:15:00,EarningsReleases,Q1 2026 Dolby Laboratories Inc Earnings Release,DLB,Dolby Laboratories Inc,Information Technology,Software,Software,,,United States of America,US,United States of America,United States of America,6435186935.58,5,20926014,163484.484375,0.01372136505322513,2025-05-26,2025-11-25,2025-11-25,2025-09-17,2026-02-02,2026-02-02T16:29:55Z
DLNG.N,2025-11-20,13:56:43,EarningsReleases,Q3 2025 Dynagas LNG Partners LP Earnings Release,DLNG,Dynagas LNG Partners LP,Energy,"Oil, Gas & Consumable Fuels",Oil & Gas Transportation Services,,,Monaco,MC,Monaco,United States of America,195993549.44,,838857,6553.5703125,0.015367969760379213,2025-05-26,2025-11-25,2025-11-25,2025-09-17,2026-02-02,2026-02-02T16:29:55Z
DLR.N,2025-10-23,20:05:53,EarningsReleases,Q3 2025 Digital Realty Trust Inc Earnings Release,DLR,Digital Realty Trust Inc,Real Estate,Specialized REITs,Specialized REITs,,,United States of America,US,United States of America,United States of America,54056839238.24,24,67726479,529113.1171875,0.01362121448815695,2025-05-26,2025-11-25,2025-11-25,2025-09-17,2026-02-02,2026-02-02T16:29:55Z
DLX.N,2025-11-05,21:15:00,EarningsReleases,Q3 2025 Deluxe Corp Earnings Release,DLX,Deluxe Corp,Industrials,Commercial Services & Supplies,Commercial Printing Services,,,United States of America,US,United States of America,United States of America,921756958.72,4,16162275,126267.7734375,0.027308350027088465,2025-05-26,2025-11-25,2025-11-25,2025-09-17,2026-02-02,2026-02-02T16:29:55Z
DLX.N,2026-01-28,21:15:00,EarningsReleases,Q4 2025 Deluxe Corp Earnings Release,DLX,Deluxe Corp,Industrials,Commercial Services & Supplies,Commercial Printing Services,,,United States of America,US,United States of America,United States of America,921756958.72,4,16162275,126267.7734375,0.027308350027088465,2025-05-26,2025-11-25,2025-11-25,2025-09-17,2026-02-02,2026-02-02T16:29:55Z
DNA.N,2025-11-06,21:05:00,EarningsReleases,Q3 2025 Ginkgo Bioworks Holdings Inc Earnings Release,DNA,Ginkgo Bioworks Holdings Inc,Health Care,Life Sciences Tools & Services,Biotechnology & Medical Research,,,United States of America,US,United States of America,United States of America,501610807.49,3,43154641,337145.6328125,0.06373663548668843,2025-05-26,2025-11-25,2025-11-25,2025-09-17,2026-02-02,2026-02-02T16:29:55Z
DNOW.N,2025-11-05,11:45:00,EarningsReleases,Q3 2025 DNOW Inc Earnings Release,DNOW,DNOW Inc,Industrials,Trading Companies & Distributors,Industrial Machinery & Equipment,,,United States of America,US,United States of America,United States of America,2588121351.82,3,62644029,489406.4765625,0.02490627032064762,2025-05-26,2025-11-25,2025-11-25,2025-09-17,2026-02-02,2026-02-02T16:29:55Z
DOC.N,2025-10-23,20:15:00,EarningsReleases,Q3 2025 Healthpeak Properties Inc Earnings Release,DOC,Healthpeak Properties Inc,Real Estate,Health Care REITs,Specialized REITs,,,United States of America,US,United States of America,United States of America,12585541294.53,9,273186972,2134273.21875,0.014505287483584529,2025-05-26,2025-11-25,2025-11-25,2025-09-17,2026-02-02,2026-02-02T16:29:55Z
DOC.N,2026-02-02,21:00:00,EarningsReleases,Q4 2025 Healthpeak Properties Inc Earnings Release,DOC,Healthpeak Properties Inc,Real Estate,Health Care REITs,Specialized REITs,,,United States of America,US,United States of America,United States of America,12585541294.53,9,273186972,2134273.21875,0.014505287483584529,2025-05-26,2025-11-25,2025-11-25,2025-09-17,2026-02-02,2026-02-02T16:29:55Z
DOCN.N,2025-11-05,12:05:00,EarningsReleases,Q3 2025 DigitalOcean Holdings Inc Earnings Release,DOCN,DigitalOcean Holdings Inc,Information Technology,IT Services,IT Services & Consulting,,,United States of America,US,United States of America,United States of America,4107997175.8,14,73366326,573174.421875,0.042315528294050164,2025-05-26,2025-11-25,2025-11-25,2025-09-17,2026-02-02,2026-02-02T16:29:55Z
DOCS.N,2025-11-06,21:01:00,EarningsReleases,Q2 2026 Doximity Inc Earnings Release,DOCS,Doximity Inc,Health Care,Health Care Technology,Software,,,United States of America,US,United States of America,United States of America,9615013707.83,20,65808388,514128.03125,0.029254775466137934,2025-05-26,2025-11-25,2025-11-25,2025-09-17,2026-02-02,2026-02-02T16:29:55Z
DOLE.N,2025-11-10,11:00:00,EarningsReleases,Q3 2025 Dole PLC Earnings Release,DOLE,Dole PLC,Consumer Staples,Food Products,Fishing & Farming,,,Ireland,IE,Ireland,United States of America,1346556450.0,5,40555814,316842.296875,0.01790101719829098,2025-05-26,2025-11-25,2025-11-25,2025-09-17,2026-02-02,2026-02-02T16:29:55Z
DOUG.N,2025-11-04,11:30:00,EarningsReleases,Q3 2025 Douglas Elliman Inc Earnings Release,DOUG,Douglas Elliman Inc,Real Estate,Real Estate Management & Development,Real Estate Services,,,United States of America,US,United States of America,United States of America,227376563.2,,20974547,163863.6484375,0.04408565077374268,2025-05-26,2025-11-25,2025-11-25,2025-09-17,2026-02-02,2026-02-02T16:29:55Z
DOV.N,2025-10-23,10:30:00,EarningsReleases,Q3 2025 Dover Corp Earnings Release,DOV,Dover Corp,Industrials,Machinery,Industrial Machinery & Equipment,,,United States of America,US,United States of America,United States of America,25513242542.46,20,42182582,329551.421875,0.01397423069961886,2025-05-26,2025-11-25,2025-11-25,2025-09-17,2026-02-02,2026-02-02T16:29:55Z
DOV.N,2026-01-29,11:55:00,EarningsReleases,Q4 2025 Dover Corp Earnings Release,DOV,Dover Corp,Industrials,Machinery,Industrial Machinery & Equipment,,,United States of America,US,United States of America,United States of America,25513242542.46,20,42182582,329551.421875,0.01397423069961886,2025-05-26,2025-11-25,2025-11-25,2025-09-17,2026-02-02,2026-02-02T16:29:55Z
DOW.N,2025-10-23,10:00:22,EarningsReleases,Q3 2025 Dow Inc Earnings Release,DOW,Dow Inc,Materials,Chemicals,Commodity Chemicals,,,United States of America,US,United States of America,United States of America,16489803494.4,22,470113625,3672762.6953125,0.03305571268664758,2025-05-26,2025-11-25,2025-11-25,2025-09-17,2026-02-02,2026-02-02T16:29:55Z
DOW.N,2026-01-29,11:00:00,EarningsReleases,Q4 2025 Dow Inc Earnings Release,DOW,Dow Inc,Materials,Chemicals,Commodity Chemicals,,,United States of America,US,United States of America,United States of America,16489803494.4,22,470113625,3672762.6953125,0.03305571268664758,2025-05-26,2025-11-25,2025-11-25,2025-09-17,2026-02-02,2026-02-02T16:29:55Z
DPG.N,2025-12-23,21:00:00,EarningsReleases,Full Year 2025 Duff & Phelps Utility and Infrastructure Fund Inc Earnings Release,DPG,Duff & Phelps Utility and Infrastructure Fund Inc,,,Closed End Funds,,,United States of America,US,United States of America,United States of America,477943475.28,,1715529,13402.5703125,0.0062815454961158606,2025-05-26,2025-11-25,2025-11-25,2025-09-17,2026-02-02,2026-02-02T16:29:55Z
DQ.N,2025-10-27,11:00:41,EarningsReleases,Q3 2025 Daqo New Energy Corp Earnings Release,DQ,Daqo New Energy Corp,Information Technology,Semiconductors & Semiconductor Equipment,Renewable Energy Equipment & Services,,,China,CN,China,United States of America,2055288314.75,14,45671756,356810.59375,0.04930288465742272,2025-05-26,2025-11-25,2025-11-25,2025-09-17,2026-02-02,2026-02-02T16:29:55Z
DRI.N,2025-09-18,11:00:11,EarningsReleases,Q1 2026 Darden Restaurants Inc Earnings Release,DRI,Darden Restaurants Inc,Consumer Discretionary,"Hotels, Restaurants & Leisure",Restaurants & Bars,,,United States of America,US,United States of America,United States of America,20852731251.36,34,48339382,377651.421875,0.013901571324802775,2025-05-26,2025-11-25,2025-11-25,2025-09-17,2026-02-02,2026-02-02T16:29:55Z
DRI.N,2025-12-18,12:00:00,EarningsReleases,Q2 2026 Darden Restaurants Inc Earnings Release,DRI,Darden Restaurants Inc,Consumer Discretionary,"Hotels, Restaurants & Leisure",Restaurants & Bars,,,United States of America,US,United States of America,United States of America,20852731251.36,34,48339382,377651.421875,0.013901571324802775,2025-05-26,2025-11-25,2025-11-25,2025-09-17,2026-02-02,2026-02-02T16:29:55Z
DSL.N,2025-11-28,21:00:00,EarningsReleases,Full Year 2025 DoubleLine Income Solutions Fund Earnings Release,DSL,DoubleLine Income Solutions Fund,,,Closed End Funds,,,United States of America,US,United States of America,United States of America,1300419701.05,,8963606,70028.171875,0.005465624948402752,2025-05-26,2025-11-25,2025-11-25,2025-09-17,2026-02-02,2026-02-02T16:29:55Z
DSM.N,2026-01-29,,EarningsReleases,Full Year 2025 BNY Mellon Strategic Municipal Bond Fund Inc Earnings Release,DSM,BNY Mellon Strategic Municipal Bond Fund Inc,,,Closed End Funds,,,United States of America,US,United States of America,United States of America,291629276.9,,2742132,21422.90625,0.005865986714165263,2025-05-26,2025-11-25,2025-11-25,2025-09-17,2026-02-02,2026-02-02T16:29:55Z
DSX.N,2025-11-20,13:30:01,EarningsReleases,Q3 2025 Diana Shipping Inc Earnings Release,DSX,Diana Shipping Inc,Industrials,Marine Transportation,Marine Freight & Logistics,,,Greece,GR,Greece,United States of America,200302430.96,2,7062297,55174.1953125,0.02896043547115309,2025-05-26,2025-11-25,2025-11-25,2025-09-17,2026-02-02,2026-02-02T16:29:55Z
DT.N,2025-11-05,11:30:00,EarningsReleases,Q2 2026 Dynatrace Inc Earnings Release,DT,Dynatrace Inc,Information Technology,Software,IT Services & Consulting,,,United States of America,US,United States of America,United States of America,13449391769.31,35,105701891,825796.0234375,0.019338766072464132,2025-05-26,2025-11-25,2025-11-25,2025-09-17,2026-02-02,2026-02-02T16:29:55Z
DTE.N,2025-10-30,12:30:00,EarningsReleases,Q3 2025 DTE Energy Co Earnings Release,DTE,DTE Energy Co,Utilities,Multi-Utilities,Electric Utilities,,,United States of America,US,United States of America,United States of America,28259427442.84,18,53216677,415755.2890625,0.008962647845510492,2025-05-26,2025-11-25,2025-11-25,2025-09-17,2026-02-02,2026-02-02T16:29:55Z
DTF.N,2025-12-23,21:00:00,EarningsReleases,Full Year 2025 DTF Tax-Free Income 2028 Term Fund Inc Earnings Release,DTF,DTF Tax-Free Income 2028 Term Fund Inc,,,Closed End Funds,,,United States of America,US,United States of America,United States of America,79293515.76,,151426,1201.7936507936508,0.0031460411635719976,2025-05-26,2025-11-25,2025-11-25,2025-09-17,2026-02-02,2026-02-02T16:29:55Z
DTM.N,2025-10-30,11:30:01,EarningsReleases,Q3 2025 DT Midstream Inc Earnings Release,DTM,DT Midstream Inc,Energy,"Oil, Gas & Consumable Fuels",Oil & Gas Transportation Services,,,United States of America,US,United States of America,United States of America,11927368141.75,14,31115775,243091.9921875,0.013254287221397303,2025-05-26,2025-11-25,2025-11-25,2025-09-17,2026-02-02,2026-02-02T16:29:55Z
DUK.N,2025-11-07,12:00:00,EarningsReleases,Q3 2025 Duke Energy Corp Earnings Release,DUK,Duke Energy Corp,Utilities,Electric Utilities,Electric Utilities,,,United States of America,US,United States of America,United States of America,94820233042.32,23,112476484,878722.53125,0.008433285287551528,2025-05-26,2025-11-25,2025-11-25,2025-09-17,2026-02-02,2026-02-02T16:29:55Z
DV.N,2025-11-07,12:30:00,EarningsReleases,Q3 2025 DoubleVerify Holdings Inc Earnings Release,DV,DoubleVerify Holdings Inc,Communication Services,Media,Software,,,United States of America,US,United States of America,United States of America,1688403602.72,19,130340822,1018287.671875,0.027357387429894756,2025-05-26,2025-11-25,2025-11-25,2025-09-17,2026-02-02,2026-02-02T16:29:55Z
DVA.N,2025-10-29,20:05:01,EarningsReleases,Q3 2025 DaVita Inc Earnings Release,DVA,DaVita Inc,Health Care,Health Care Providers & Services,Healthcare Facilities & Services,,,United States of America,US,United States of America,United States of America,8568722000.0,11,36378833,284209.6328125,0.01845793096958773,2025-05-26,2025-11-25,2025-11-25,2025-09-17,2026-02-02,2026-02-02T16:29:55Z
DVA.N,2026-02-02,21:00:00,EarningsReleases,Q4 2025 DaVita Inc Earnings Release,DVA,DaVita Inc,Health Care,Health Care Providers & Services,Healthcare Facilities & Services,,,United States of America,US,United States of America,United States of America,8568722000.0,11,36378833,284209.6328125,0.01845793096958773,2025-05-26,2025-11-25,2025-11-25,2025-09-17,2026-02-02,2026-02-02T16:29:55Z
DVN.N,2025-11-05,21:00:00,EarningsReleases,Q3 2025 Devon Energy Corp Earnings Release,DVN,Devon Energy Corp,Energy,"Oil, Gas & Consumable Fuels",Oil & Gas Exploration and Production,,,United States of America,US,United States of America,United States of America,22469886000.0,30,286279726,2236560.359375,0.019740329122326757,2025-05-26,2025-11-25,2025-11-25,2025-09-17,2026-02-02,2026-02-02T16:29:55Z
DX.N,2025-10-20,12:00:01,EarningsReleases,Q3 2025 Dynex Capital Inc Earnings Release,DX,Dynex Capital Inc,Financials,Mortgage Real Estate Investment Trusts (REITs),Specialized REITs,,,United States of America,US,United States of America,United States of America,2024671863.55,6,148604586,1160973.328125,0.010065564367784479,2025-05-26,2025-11-25,2025-11-25,2025-09-17,2026-02-02,2026-02-02T16:29:55Z
DX.N,2026-01-26,13:00:01,EarningsReleases,Q4 2025 Dynex Capital Inc Earnings Release,DX,Dynex Capital Inc,Financials,Mortgage Real Estate Investment Trusts (REITs),Specialized REITs,,,United States of America,US,United States of America,United States of America,2024671863.55,6,148604586,1160973.328125,0.010065564367784479,2025-05-26,2025-11-25,2025-11-25,2025-09-17,2026-02-02,2026-02-02T16:29:55Z
DXC.N,2025-10-30,20:15:00,EarningsReleases,Q2 2026 DXC Technology Co Earnings Release,DXC,DXC Technology Co,Information Technology,IT Services,IT Services & Consulting,,,United States of America,US,United States of America,United States of America,2274189347.82,10,74728508,583816.46875,0.02541519892251265,2025-05-26,2025-11-25,2025-11-25,2025-09-17,2026-02-02,2026-02-02T16:29:55Z
DXC.N,2026-01-29,21:00:00,EarningsReleases,Q3 2026 DXC Technology Co Earnings Release,DXC,DXC Technology Co,Information Technology,IT Services,IT Services & Consulting,,,United States of America,US,United States of America,United States of America,2274189347.82,10,74728508,583816.46875,0.02541519892251265,2025-05-26,2025-11-25,2025-11-25,2025-09-17,2026-02-02,2026-02-02T16:29:55Z
DXYZ.N,2025-11-06,13:00:00,EarningsReleases,Q3 2025 Destiny Tech100 Inc Earnings Release,DXYZ,Destiny Tech100 Inc,,,Closed End Funds,,,United States of America,US,United States of America,United States of America,305873345.6,,9425043,73633.1484375,0.04597411574517125,2025-05-26,2025-11-25,2025-11-25,2025-09-17,2026-02-02,2026-02-02T16:29:55Z
DY.N,2025-11-19,11:58:00,EarningsReleases,Q3 2026 Dycom Industries Inc Earnings Release,DY,Dycom Industries Inc,Industrials,Construction & Engineering,Construction & Engineering,,,United States of America,US,United States of America,United States of America,10089446410.44,9,13477173,105290.4140625,0.01914723345291263,2025-05-26,2025-11-25,2025-11-25,2025-09-17,2026-02-02,2026-02-02T16:29:55Z
EAF.N,2025-10-24,10:40:00,EarningsReleases,Q3 2025 GrafTech International Ltd Earnings Release,EAF,GrafTech International Ltd,Industrials,Electrical Equipment,Electrical Components & Equipment,,,United States of America,US,United States of America,United States of America,332821217.9,4,11152975,87132.6171875,0.06955847863136165,2025-05-26,2025-11-25,2025-11-25,2025-09-17,2026-02-02,2026-02-02T16:29:55Z
EAT.N,2025-10-29,10:45:00,EarningsReleases,Q1 2026 Brinker International Inc Earnings Release,EAT,Brinker International Inc,Consumer Discretionary,"Hotels, Restaurants & Leisure",Restaurants & Bars,,,United States of America,US,United States of America,United States of America,6651797197.65,22,45540762,355787.203125,0.026266995086578836,2025-05-26,2025-11-25,2025-11-25,2025-09-17,2026-02-02,2026-02-02T16:29:55Z
EAT.N,2026-01-28,11:45:00,EarningsReleases,Q2 2026 Brinker International Inc Earnings Release,EAT,Brinker International Inc,Consumer Discretionary,"Hotels, Restaurants & Leisure",Restaurants & Bars,,,United States of America,US,United States of America,United States of America,6651797197.65,22,45540762,355787.203125,0.026266995086578836,2025-05-26,2025-11-25,2025-11-25,2025-09-17,2026-02-02,2026-02-02T16:29:55Z
EB.N,2025-11-06,21:05:02,EarningsReleases,Q3 2025 Eventbrite Inc Earnings Release,EB,Eventbrite Inc,Communication Services,Entertainment,Online Services,,,United States of America,US,United States of America,United States of America,240280883.76,4,23796866,185913.015625,0.03615889257291448,2025-05-26,2025-11-25,2025-11-25,2025-09-17,2026-02-02,2026-02-02T16:29:55Z
EBF.N,2025-09-22,,EarningsReleases,Q2 2026 Ennis Inc Earnings Release,EBF,Ennis Inc,Industrials,Commercial Services & Supplies,Commercial Printing Services,,,United States of America,US,United States of America,United States of America,444932477.36,1,7485864,58483.3125,0.013700193633541278,2025-05-26,2025-11-25,2025-11-25,2025-09-17,2026-02-02,2026-02-02T16:29:55Z
EBF.N,2025-12-22,11:00:00,EarningsReleases,Q3 2026 Ennis Inc Earnings Release,EBF,Ennis Inc,Industrials,Commercial Services & Supplies,Commercial Printing Services,,,United States of America,US,United States of America,United States of America,444932477.36,1,7485864,58483.3125,0.013700193633541278,2025-05-26,2025-11-25,2025-11-25,2025-09-17,2026-02-02,2026-02-02T16:29:55Z
EBS.N,2025-10-29,20:15:04,EarningsReleases,Q3 2025 Emergent BioSolutions Inc Earnings Release,EBS,Emergent BioSolutions Inc,Health Care,Biotechnology,Pharmaceuticals,,,United States of America,US,United States of America,United States of America,575093605.8,3,46636256,364345.75,0.05632775751428635,2025-05-26,2025-11-25,2025-11-25,2025-09-17,2026-02-02,2026-02-02T16:29:55Z
ECC.N,2025-11-13,13:30:00,EarningsReleases,Q3 2025 Eagle Point Credit Company Inc Earnings Release,ECC,Eagle Point Credit Company Inc,,,Closed End Funds,,,United States of America,US,United States of America,United States of America,786305963.39,5,31803289,248463.1953125,0.020612744062211853,2025-05-26,2025-11-25,2025-11-25,2025-09-17,2026-02-02,2026-02-02T16:29:55Z
ECG.N,2025-11-04,21:30:00,EarningsReleases,Q3 2025 Everus Construction Group Inc Earnings Release,ECG,Everus Construction Group Inc,Industrials,Construction & Engineering,Construction & Engineering,,,United States of America,US,United States of America,United States of America,4460524983.75,3,17170510,134144.609375,0.02814731801964429,2025-05-26,2025-11-25,2025-11-25,2025-09-17,2026-02-02,2026-02-02T16:29:55Z
ECL.N,2025-10-28,12:00:02,EarningsReleases,Q3 2025 Ecolab Inc Earnings Release,ECL,Ecolab Inc,Materials,Chemicals,Specialty Chemicals,,,United States of America,US,United States of America,United States of America,77453621669.38,27,54141312,422979.0,0.011947612630074366,2025-05-26,2025-11-25,2025-11-25,2025-09-17,2026-02-02,2026-02-02T16:29:55Z
ECO.N,2025-11-12,21:00:00,EarningsReleases,Q3 2025 Okeanis Eco Tankers Corp Earnings Release,ECO,Okeanis Eco Tankers Corp,Energy,"Oil, Gas & Consumable Fuels",Oil & Gas Transportation Services,,,Greece,GR,Greece,United States of America,1331731010.96,3,4993903,39014.8671875,0.024656202097788713,2025-05-26,2025-11-25,2025-11-25,2025-09-17,2026-02-02,2026-02-02T16:29:55Z
ECVT.N,2025-11-04,11:00:00,EarningsReleases,Q3 2025 Ecovyst Inc Earnings Release,ECVT,Ecovyst Inc,Materials,Chemicals,Diversified Chemicals,,,United States of America,US,United States of America,United States of America,1015912978.74,6,64623165,504868.4765625,0.022058354442893845,2025-05-26,2025-11-25,2025-11-25,2025-09-17,2026-02-02,2026-02-02T16:29:55Z
ED.N,2025-11-06,21:36:57,EarningsReleases,Q3 2025 Consolidated Edison Inc Earnings Release,ED,Consolidated Edison Inc,Utilities,Multi-Utilities,Electric Utilities,,,United States of America,US,United States of America,United States of America,35678484850.8,17,98418646,768895.671875,0.010048792953324089,2025-05-26,2025-11-25,2025-11-25,2025-09-17,2026-02-02,2026-02-02T16:29:55Z
EDU.N,2025-10-28,09:50:42,EarningsReleases,Q1 2026 New Oriental Education & Technology Group Inc Earnings Release,EDU,New Oriental Education & Technology Group Inc,Consumer Discretionary,Diversified Consumer Services,Miscellaneous Educational Service Providers,,,China,CN,China,United States of America,8684232795.42,19,32875263,256837.9921875,0.026165508993443783,2025-05-26,2025-11-25,2025-11-25,2025-09-17,2026-02-02,2026-02-02T16:29:55Z
EDU.N,2026-01-28,10:02:39,EarningsReleases,Q2 2026 New Oriental Education & Technology Group Inc Earnings Release,EDU,New Oriental Education & Technology Group Inc,Consumer Discretionary,Diversified Consumer Services,Miscellaneous Educational Service Providers,,,China,CN,China,United States of America,8684232795.42,19,32875263,256837.9921875,0.026165508993443783,2025-05-26,2025-11-25,2025-11-25,2025-09-17,2026-02-02,2026-02-02T16:29:55Z
EE.N,2025-11-05,21:15:01,EarningsReleases,Q3 2025 Excelerate Energy Inc Earnings Release,EE,Excelerate Energy Inc,Energy,"Oil, Gas & Consumable Fuels",Natural Gas Utilities,,,United States of America,US,United States of America,United States of America,3048047828.1,11,19565870,152858.359375,0.020933385278150408,2025-05-26,2025-11-25,2025-11-25,2025-09-17,2026-02-02,2026-02-02T16:29:55Z
EEX.N,2025-10-31,10:25:00,EarningsReleases,Q3 2025 Emerald Holding Inc Earnings Release,EEX,Emerald Holding Inc,Communication Services,Media,Business Support Services,,,United States of America,US,United States of America,United States of America,712106478.0,2,3006981,23492.0390625,0.02320238567485265,2025-05-26,2025-11-25,2025-11-25,2025-09-17,2026-02-02,2026-02-02T16:29:55Z
EFC.N,2025-11-05,21:59:00,EarningsReleases,Q3 2025 Ellington Financial Inc Earnings Release,EFC,Ellington Financial Inc,Financials,Mortgage Real Estate Investment Trusts (REITs),Specialized REITs,,,United States of America,US,United States of America,United States of America,1489552034.52,7,41041628,320637.71875,0.01077960684818651,2025-05-26,2025-11-25,2025-11-25,2025-09-17,2026-02-02,2026-02-02T16:29:55Z
EFR.N,2025-12-30,21:00:00,EarningsReleases,Full Year 2025 Eaton Vance Senior Floating-Rate Trust Earnings Release,EFR,Eaton Vance Senior Floating-Rate Trust,,,Closed End Funds,,,United States of America,US,United States of America,United States of America,328597868.34,,3432206,26814.109375,0.004241056056448653,2025-05-26,2025-11-25,2025-11-25,2025-09-17,2026-02-02,2026-02-02T16:29:55Z
EFX.N,2025-10-21,10:30:00,EarningsReleases,Q3 2025 Equifax Inc Earnings Release,EFX,Equifax Inc,Industrials,Professional Services,Professional Information Services,,,United States of America,US,United States of America,United States of America,26300030670.56,26,36444652,284723.84375,0.019731354460421412,2025-05-26,2025-11-25,2025-11-25,2025-09-17,2026-02-02,2026-02-02T16:29:55Z
EFXT.N,2025-11-06,11:00:02,EarningsReleases,Q3 2025 Enerflex Ltd Earnings Release,EFXT,Enerflex Ltd,Energy,Energy Equipment & Services,Oil Related Services and Equipment,,,Canada,CA,Canada,United States of America,1670197394.96597,2,16891774,131966.984375,0.021156379256228812,2025-05-26,2025-11-25,2025-11-25,2025-09-17,2026-02-02,2026-02-02T16:29:55Z
EG.N,2025-10-27,20:15:00,EarningsReleases,Q3 2025 Everest Group Ltd Earnings Release,EG,Everest Group Ltd,Financials,Insurance,Reinsurance,,,Bermuda,BM,Bermuda,United States of America,13182789334.32,16,16705468,130511.46875,0.01700985222891493,2025-05-26,2025-11-25,2025-11-25,2025-09-17,2026-02-02,2026-02-02T16:29:55Z
EGO.N,2025-10-30,21:00:01,EarningsReleases,Q3 2025 Eldorado Gold Corp Earnings Release,EGO,Eldorado Gold Corp,Materials,Metals & Mining,Gold,,,Canada,CA,Canada,United States of America,5839506865.12337,10,67596072,528094.3125,0.02597461172623202,2025-05-26,2025-11-25,2025-11-25,2025-09-17,2026-02-02,2026-02-02T16:29:55Z
EGP.N,2025-10-23,20:05:00,EarningsReleases,Q3 2025 Eastgroup Properties Inc Earnings Release,EGP,Eastgroup Properties Inc,Real Estate,Industrial REITs,Commercial REITs,,,United States of America,US,United States of America,United States of America,9654504104.68,8,15273879,119327.1796875,0.012309603272739833,2025-05-26,2025-11-25,2025-11-25,2025-09-17,2026-02-02,2026-02-02T16:29:55Z
EGY.N,2025-11-10,21:45:00,EarningsReleases,Q3 2025 VAALCO Energy Inc Earnings Release,EGY,VAALCO Energy Inc,Energy,"Oil, Gas & Consumable Fuels",Oil & Gas Exploration and Production,,,United States of America,US,United States of America,United States of America,359690972.85,2,28454774,222302.921875,0.024550952200662026,2025-05-26,2025-11-25,2025-11-25,2025-09-17,2026-02-02,2026-02-02T16:29:55Z
EHAB.N,2025-11-05,21:13:00,EarningsReleases,Q3 2025 Enhabit Inc Earnings Release,EHAB,Enhabit Inc,Health Care,Health Care Providers & Services,Healthcare Facilities & Services,,,United States of America,US,United States of America,United States of America,445848330.75,5,21265679,166138.1171875,0.030431378552225816,2025-05-26,2025-11-25,2025-11-25,2025-09-17,2026-02-02,2026-02-02T16:29:55Z
EHC.N,2025-10-29,20:20:00,EarningsReleases,Q3 2025 Encompass Health Corp Earnings Release,EHC,Encompass Health Corp,Health Care,Health Care Providers & Services,Healthcare Facilities & Services,,,United States of America,US,United States of America,United States of America,11690570367.63,13,30524677,238474.0390625,0.015412753286676614,2025-05-26,2025-11-25,2025-11-25,2025-09-17,2026-02-02,2026-02-02T16:29:55Z
EIC.N,2025-11-13,13:30:00,EarningsReleases,Q3 2025 Eagle Point Income Company Inc Earnings Release,EIC,Eagle Point Income Company Inc,,,Closed End Funds,,,United States of America,US,United States of America,United States of America,307301884.41,3,5181535,40480.7421875,0.017409355036210303,2025-05-26,2025-11-25,2025-11-25,2025-09-17,2026-02-02,2026-02-02T16:29:55Z
EIG.N,2025-10-30,20:15:01,EarningsReleases,Q3 2025 Employers Holdings Inc Earnings Release,EIG,Employers Holdings Inc,Financials,Insurance,Property & Casualty Insurance,,,United States of America,US,United States of America,United States of America,889947806.54,3,10850382,84768.609375,0.017329530492246534,2025-05-26,2025-11-25,2025-11-25,2025-09-17,2026-02-02,2026-02-02T16:29:55Z
EIX.N,2025-10-28,20:05:00,EarningsReleases,Q3 2025 Edison International Earnings Release,EIX,Edison International,Utilities,Electric Utilities,Electric Utilities,,,United States of America,US,United States of America,United States of America,22510042776.0,18,135521761,1058763.7578125,0.017961736165962493,2025-05-26,2025-11-25,2025-11-25,2025-09-17,2026-02-02,2026-02-02T16:29:55Z
EL.N,2025-10-30,10:00:00,EarningsReleases,Q1 2026 Estee Lauder Companies Inc Earnings Release,EL,Estee Lauder Companies Inc,Consumer Staples,Personal Care Products,Personal Products,,,United States of America,US,United States of America,United States of America,33131520465.6,28,135112727,1055568.1796875,0.026383987513811987,2025-05-26,2025-11-25,2025-11-25,2025-09-17,2026-02-02,2026-02-02T16:29:55Z
ELAN.N,2025-11-05,11:27:00,EarningsReleases,Q3 2025 Elanco Animal Health Inc Earnings Release,ELAN,Elanco Animal Health Inc,Health Care,Pharmaceuticals,Pharmaceuticals,,,United States of America,US,United States of America,United States of America,11641511172.39,15,245773641,1920106.5703125,0.023831926253960353,2025-05-26,2025-11-25,2025-11-25,2025-09-17,2026-02-02,2026-02-02T16:29:55Z
ELC.N,2025-10-31,,EarningsReleases,Q3 2025 Entergy Louisiana LLC Earnings Release,ELC,Entergy Louisiana LLC,Utilities,Electric Utilities,Electric Utilities,,,United States of America,US,United States of America,United States of America,,,608877,4756.8515625,0.0065239284279283325,2025-05-26,2025-11-25,2025-11-25,2025-09-17,2026-02-02,2026-02-02T16:29:55Z
ELF.N,2025-11-05,21:05:02,EarningsReleases,Q2 2026 elf Beauty Inc Earnings Release,ELF,elf Beauty Inc,Consumer Staples,Personal Care Products,Personal Products,,,United States of America,US,United States of America,United States of America,4285513957.41,18,61754409,482456.3203125,0.053886317406857336,2025-05-26,2025-11-25,2025-11-25,2025-09-17,2026-02-02,2026-02-02T16:29:55Z
ELME.N,2025-10-23,20:15:01,EarningsReleases,Q3 2025 Elme Communities Earnings Release,ELME,Elme Communities,Real Estate,Residential REITs,Residential REITs,,,United States of America,US,United States of America,United States of America,1511963911.15,1,45658982,356710.796875,0.011201628455646992,2025-05-26,2025-11-25,2025-11-25,2025-09-17,2026-02-02,2026-02-02T16:29:55Z
ELS.N,2025-10-22,20:16:00,EarningsReleases,Q3 2025 Equity LifeStyle Properties Inc Earnings Release,ELS,Equity LifeStyle Properties Inc,Real Estate,Residential REITs,Residential REITs,,,United States of America,US,United States of America,United States of America,12215070809.6,9,71279096,556867.9375,0.01109329028810526,2025-05-26,2025-11-25,2025-11-25,2025-09-17,2026-02-02,2026-02-02T16:29:55Z
ELS.N,2026-01-28,23:23:31,EarningsReleases,Q4 2025 Equity LifeStyle Properties Inc Earnings Release,ELS,Equity LifeStyle Properties Inc,Real Estate,Residential REITs,Residential REITs,,,United States of America,US,United States of America,United States of America,12215070809.6,9,71279096,556867.9375,0.01109329028810526,2025-05-26,2025-11-25,2025-11-25,2025-09-17,2026-02-02,2026-02-02T16:29:55Z
ELV.N,2025-10-21,10:00:00,EarningsReleases,Q3 2025 Elevance Health Inc Earnings Release,ELV,Elevance Health Inc,Health Care,Health Care Providers & Services,Managed Healthcare,,,United States of America,US,United States of America,United States of America,74732228834.01,24,67012065,523531.7578125,0.025477764728891794,2025-05-26,2025-11-25,2025-11-25,2025-09-17,2026-02-02,2026-02-02T16:29:55Z
ELV.N,2026-01-28,11:00:00,EarningsReleases,Q4 2025 Elevance Health Inc Earnings Release,ELV,Elevance Health Inc,Health Care,Health Care Providers & Services,Managed Healthcare,,,United States of America,US,United States of America,United States of America,74732228834.01,24,67012065,523531.7578125,0.025477764728891794,2025-05-26,2025-11-25,2025-11-25,2025-09-17,2026-02-02,2026-02-02T16:29:55Z
EMA.N,2025-11-07,11:00:00,EarningsReleases,Q3 2025 Emera Inc Earnings Release,EMA,Emera Inc,Utilities,Electric Utilities,Electric Utilities,,,Canada,CA,Canada,United States of America,14563125962.7269,14,4296112,33827.65354330709,0.00835953472289393,2025-05-26,2025-11-25,2025-11-25,2025-09-17,2026-02-02,2026-02-02T16:29:55Z
EME.N,2025-10-30,11:30:00,EarningsReleases,Q3 2025 EMCOR Group Inc Earnings Release,EME,EMCOR Group Inc,Industrials,Construction & Engineering,Construction & Engineering,,,United States of America,US,United States of America,United States of America,27110654897.04,10,20930503,163519.5546875,0.025734020534151022,2025-05-26,2025-11-25,2025-11-25,2025-09-17,2026-02-02,2026-02-02T16:29:55Z
EMN.N,2025-11-03,21:15:00,EarningsReleases,Q3 2025 Eastman Chemical Co Earnings Release,EMN,Eastman Chemical Co,Materials,Chemicals,Specialty Chemicals,,,United States of America,US,United States of America,United States of America,6914911276.0,19,88833751,694013.6796875,0.028422498647726082,2025-05-26,2025-11-25,2025-11-25,2025-09-17,2026-02-02,2026-02-02T16:29:55Z
EMN.N,2026-01-29,21:15:00,EarningsReleases,Q4 2025 Eastman Chemical Co Earnings Release,EMN,Eastman Chemical Co,Materials,Chemicals,Specialty Chemicals,,,United States of America,US,United States of America,United States of America,6914911276.0,19,88833751,694013.6796875,0.028422498647726082,2025-05-26,2025-11-25,2025-11-25,2025-09-17,2026-02-02,2026-02-02T16:29:55Z
EMO.N,2026-02-02,13:30:00,EarningsReleases,Full Year 2025 Clearbridge Energy Midstream Opportunity Fund Inc Earnings Release,EMO,Clearbridge Energy Midstream Opportunity Fund Inc,,,Closed End Funds,,,United States of America,US,United States of America,United States of America,799278530.44,,1627633,12715.8828125,0.01020302137291153,2025-05-26,2025-11-25,2025-11-25,2025-09-17,2026-02-02,2026-02-02T16:29:55Z
EMR.N,2025-11-05,11:55:00,EarningsReleases,Q4 2025 Emerson Electric Co Earnings Release,EMR,Emerson Electric Co,Industrials,Electrical Equipment,Electrical Components & Equipment,,,United States of America,US,United States of America,United States of America,73539620000.0,30,107182228,837361.15625,0.01517735379915597,2025-05-26,2025-11-25,2025-11-25,2025-09-17,2026-02-02,2026-02-02T16:29:55Z
ENB.N,2025-11-07,12:00:00,EarningsReleases,Q3 2025 Enbridge Inc Earnings Release,ENB,Enbridge Inc,Energy,"Oil, Gas & Consumable Fuels",Oil & Gas Transportation Services,,,Canada,CA,Canada,United States of America,103743596228.049,13,145072732,1133380.71875,0.008827475383049026,2025-05-26,2025-11-25,2025-11-25,2025-09-17,2026-02-02,2026-02-02T16:29:55Z
ENOV.N,2025-11-06,11:01:00,EarningsReleases,Q3 2025 Enovis Corp Earnings Release,ENOV,Enovis Corp,Health Care,Health Care Equipment & Supplies,"Medical Equipment, Supplies & Distribution",,,United States of America,US,United States of America,United States of America,1740272863.83,10,43368617,338817.3203125,0.03321678372767895,2025-05-26,2025-11-25,2025-11-25,2025-09-17,2026-02-02,2026-02-02T16:29:55Z
ENR.N,2025-11-18,11:50:00,EarningsReleases,Q4 2025 Energizer Holdings Inc Earnings Release,ENR,Energizer Holdings Inc,Consumer Staples,Household Products,Electrical Components & Equipment,,,United States of America,US,United States of America,United States of America,1198204169.57,7,50766606,396614.109375,0.03573390631556672,2025-05-26,2025-11-25,2025-11-25,2025-09-17,2026-02-02,2026-02-02T16:29:55Z
ENS.N,2025-11-05,21:15:01,EarningsReleases,Q2 2026 EnerSys Earnings Release,ENS,EnerSys,Industrials,Electrical Equipment,Electrical Components & Equipment,,,United States of America,US,United States of America,United States of America,5207878948.5,5,17728098,138500.765625,0.017506952928489496,2025-05-26,2025-11-25,2025-11-25,2025-09-17,2026-02-02,2026-02-02T16:29:55Z
ENVA.N,2025-10-23,20:16:00,EarningsReleases,Q3 2025 Enova International Inc Earnings Release,ENVA,Enova International Inc,Financials,Consumer Finance,Consumer Lending,,,United States of America,US,United States of America,United States of America,3230475977.82,8,11930911,93210.2421875,0.02249510734251119,2025-05-26,2025-11-25,2025-11-25,2025-09-17,2026-02-02,2026-02-02T16:29:55Z
ENVA.N,2026-01-27,21:16:00,EarningsReleases,Q4 2025 Enova International Inc Earnings Release,ENVA,Enova International Inc,Financials,Consumer Finance,Consumer Lending,,,United States of America,US,United States of America,United States of America,3230475977.82,8,11930911,93210.2421875,0.02249510734251119,2025-05-26,2025-11-25,2025-11-25,2025-09-17,2026-02-02,2026-02-02T16:29:55Z
EOG.N,2025-11-06,21:15:01,EarningsReleases,Q3 2025 EOG Resources Inc Earnings Release,EOG,EOG Resources Inc,Energy,"Oil, Gas & Consumable Fuels",Oil & Gas Exploration and Production,,,United States of America,US,United States of America,United States of America,57227859259.79,33,150312225,1174314.2578125,0.01423400583201908,2025-05-26,2025-11-25,2025-11-25,2025-09-17,2026-02-02,2026-02-02T16:29:55Z
EOI.N,2025-11-28,,EarningsReleases,Full Year 2025 Eaton Vance Enhanced Equity Income Fund Earnings Release,EOI,Eaton Vance Enhanced Equity Income Fund,,,Closed End Funds,,,United States of America,US,United States of America,United States of America,804864313.24,,1128225,8814.2578125,0.006881539719640779,2025-05-26,2025-11-25,2025-11-25,2025-09-17,2026-02-02,2026-02-02T16:29:55Z
EPAC.N,2025-10-15,21:00:00,EarningsReleases,Q4 2025 Enerpac Tool Group Corp Earnings Release,EPAC,Enerpac Tool Group Corp,Industrials,Machinery,Industrial Machinery & Equipment,,,United States of America,US,United States of America,United States of America,2015418009.84,3,18605123,145352.5234375,0.016787695757206143,2025-05-26,2025-11-25,2025-11-25,2025-09-17,2026-02-02,2026-02-02T16:29:55Z
EPAC.N,2025-12-17,21:30:00,EarningsReleases,Q1 2026 Enerpac Tool Group Corp Earnings Release,EPAC,Enerpac Tool Group Corp,Industrials,Machinery,Industrial Machinery & Equipment,,,United States of America,US,United States of America,United States of America,2015418009.84,3,18605123,145352.5234375,0.016787695757206143,2025-05-26,2025-11-25,2025-11-25,2025-09-17,2026-02-02,2026-02-02T16:29:55Z
EPAM.N,2025-11-06,11:00:02,EarningsReleases,Q3 2025 Epam Systems Inc Earnings Release,EPAM,Epam Systems Inc,Information Technology,IT Services,IT Services & Consulting,,,United States of America,US,United States of America,United States of America,10264078424.4,20,28696001,224187.5078125,0.022230583671692037,2025-05-26,2025-11-25,2025-11-25,2025-09-17,2026-02-02,2026-02-02T16:29:55Z
EPC.N,2025-11-13,11:00:01,EarningsReleases,Q4 2025 Edgewell Personal Care Co Earnings Release,EPC,Edgewell Personal Care Co,Consumer Staples,Personal Care Products,Personal Products,,,United States of America,US,United States of America,United States of America,815447482.2,8,38818941,303272.9765625,0.02799162923956926,2025-05-26,2025-11-25,2025-11-25,2025-09-17,2026-02-02,2026-02-02T16:29:55Z
EPD.N,2025-10-30,10:00:00,EarningsReleases,Q3 2025 Enterprise Products Partners LP Earnings Release,EPD,Enterprise Products Partners LP,Energy,"Oil, Gas & Consumable Fuels",Oil & Gas Transportation Services,,,United States of America,US,United States of America,United States of America,70351200546.0,18,86286292,674111.65625,0.008356566999948547,2025-05-26,2025-11-25,2025-11-25,2025-09-17,2026-02-02,2026-02-02T16:29:55Z
EPR.N,2025-10-29,20:15:00,EarningsReleases,Q3 2025 EPR Properties Earnings Release,EPR,EPR Properties,Real Estate,Specialized REITs,Diversified REITs,,,United States of America,US,United States of America,United States of America,3968434572.92,7,36869426,288042.390625,0.013550182504183892,2025-05-26,2025-11-25,2025-11-25,2025-09-17,2026-02-02,2026-02-02T16:29:55Z
EPRT.N,2025-10-22,20:05:00,EarningsReleases,Q3 2025 Essential Properties Realty Trust Inc Earnings Release,EPRT,Essential Properties Realty Trust Inc,Real Estate,Diversified REITs,Diversified REITs,,,United States of America,US,United States of America,United States of America,6229664714.88,5,81989105,640539.8828125,0.01088941885862252,2025-05-26,2025-11-25,2025-11-25,2025-09-17,2026-02-02,2026-02-02T16:29:55Z
EQBK.N,2025-10-14,20:30:00,EarningsReleases,Q3 2025 Equity Bancshares Inc Earnings Release,EQBK,Equity Bancshares Inc,Financials,Banks,Banks,,,United States of America,US,United States of America,United States of America,837072958.56,6,4922700,38458.59375,0.01784535872785061,2025-05-26,2025-11-25,2025-11-25,2025-09-17,2026-02-02,2026-02-02T16:29:55Z
EQBK.N,2026-01-21,21:45:00,EarningsReleases,Q4 2025 Equity Bancshares Inc Earnings Release,EQBK,Equity Bancshares Inc,Financials,Banks,Banks,,,United States of America,US,United States of America,United States of America,837072958.56,6,4922700,38458.59375,0.01784535872785061,2025-05-26,2025-11-25,2025-11-25,2025-09-17,2026-02-02,2026-02-02T16:29:55Z
EQH.N,2025-11-04,21:15:01,EarningsReleases,Q3 2025 Equitable Holdings Inc Earnings Release,EQH,Equitable Holdings Inc,Financials,Financial Services,Diversified Investment Services,,,United States of America,US,United States of America,United States of America,13386776862.08,13,120550858,941803.578125,0.017260937621287158,2025-05-26,2025-11-25,2025-11-25,2025-09-17,2026-02-02,2026-02-02T16:29:55Z
EQR.N,2025-10-28,20:29:00,EarningsReleases,Q3 2025 Equity Residential Earnings Release,EQR,Equity Residential,Real Estate,Residential REITs,Residential REITs,,,United States of America,US,United States of America,United States of America,23247005453.1,13,99727670,779122.421875,0.012631259015241661,2025-05-26,2025-11-25,2025-11-25,2025-09-17,2026-02-02,2026-02-02T16:29:55Z
EQS.N,2025-11-20,,EarningsReleases,Q3 2025 EQUUS Total Return Inc Earnings Release,EQS,EQUUS Total Return Inc,Financials,Capital Markets,Closed End Funds,,,United States of America,US,United States of America,United States of America,24721051.92,,668281,5569.008333333333,0.037881403477351805,2025-05-26,2025-11-25,2025-11-25,2025-09-17,2026-02-02,2026-02-02T16:29:55Z
EQT.N,2025-10-21,20:30:01,EarningsReleases,Q3 2025 EQT Corp Earnings Release,EQT,EQT Corp,Energy,"Oil, Gas & Consumable Fuels",Oil & Gas Exploration and Production,,,United States of America,US,United States of America,United States of America,35422042920.0,28,251459638,1964528.421875,0.021449655236924402,2025-05-26,2025-11-25,2025-11-25,2025-09-17,2026-02-02,2026-02-02T16:29:55Z
ERO.N,2025-11-04,22:05:01,EarningsReleases,Q3 2025 Ero Copper Corp Earnings Release,ERO,Ero Copper Corp,Materials,Metals & Mining,Specialty Mining & Metals,,,Canada,CA,Brazil,United States of America,2430039561.06069,13,25192211,196814.1484375,0.031081860012200473,2025-05-26,2025-11-25,2025-11-25,2025-09-17,2026-02-02,2026-02-02T16:29:55Z
ES.N,2025-11-04,21:00:00,EarningsReleases,Q3 2025 Eversource Energy Earnings Release,ES,Eversource Energy,Utilities,Electric Utilities,Electric Utilities,,,United States of America,US,United States of America,United States of America,24739972221.3,20,117116331,914971.3359375,0.01717831147930337,2025-05-26,2025-11-25,2025-11-25,2025-09-17,2026-02-02,2026-02-02T16:29:55Z
ESAB.N,2025-10-29,10:30:00,EarningsReleases,Q3 2025 ESAB Corp Earnings Release,ESAB,ESAB Corp,Industrials,Machinery,Industrial Machinery & Equipment,,,United States of America,US,United States of America,United States of America,6772308257.3,11,15819137,123587.0078125,0.02472356716002941,2025-05-26,2025-11-25,2025-11-25,2025-09-17,2026-02-02,2026-02-02T16:29:55Z
ESAB.N,2026-02-02,11:48:00,EarningsReleases,Preliminary Q4 2025 ESAB Corp Earnings Release,ESAB,ESAB Corp,Industrials,Machinery,Industrial Machinery & Equipment,,,United States of America,US,United States of America,United States of America,6772308257.3,11,15819137,123587.0078125,0.02472356716002941,2025-05-26,2025-11-25,2025-11-25,2025-09-17,2026-02-02,2026-02-02T16:29:55Z
ESE.N,2025-11-20,21:15:00,EarningsReleases,Q4 2025 ESCO Technologies Inc Earnings Release,ESE,ESCO Technologies Inc,Industrials,Machinery,Industrial Machinery & Equipment,,,United States of America,US,United States of America,United States of America,5625863834.24,2,8106679,63333.4296875,0.01501639595763315,2025-05-26,2025-11-25,2025-11-25,2025-09-17,2026-02-02,2026-02-02T16:29:55Z
ESI.N,2025-10-28,20:15:00,EarningsReleases,Q3 2025 Element Solutions Inc Earnings Release,ESI,Element Solutions Inc,Materials,Chemicals,Specialty Chemicals,,,United States of America,US,United States of America,United States of America,6267797772.6,11,95688773,747568.5390625,0.01970433915092673,2025-05-26,2025-11-25,2025-11-25,2025-09-17,2026-02-02,2026-02-02T16:29:55Z
ESNT.N,2025-11-07,11:30:01,EarningsReleases,Q3 2025 Essent Group Ltd Earnings Release,ESNT,Essent Group Ltd,Financials,Financial Services,Property & Casualty Insurance,,,Bermuda,BM,Bermuda,United States of America,6095701269.06,8,33517699,261857.0234375,0.012590136290431613,2025-05-26,2025-11-25,2025-11-25,2025-09-17,2026-02-02,2026-02-02T16:29:55Z
ESRT.N,2025-10-29,20:05:00,EarningsReleases,Q3 2025 Empire State Realty Trust Inc Earnings Release,ESRT,Empire State Realty Trust Inc,Real Estate,Office REITs,Diversified REITs,,,United States of America,US,United States of America,United States of America,1179439056.18,1,68439968,534687.25,0.02203578724864412,2025-05-26,2025-11-25,2025-11-25,2025-09-17,2026-02-02,2026-02-02T16:29:55Z
ESS.N,2025-10-29,20:15:00,EarningsReleases,Q3 2025 Essex Property Trust Inc Earnings Release,ESS,Essex Property Trust Inc,Real Estate,Residential REITs,Residential REITs,,,United States of America,US,United States of America,United States of America,16819754385.52,14,18999243,148431.5859375,0.013790485296440133,2025-05-26,2025-11-25,2025-11-25,2025-09-17,2026-02-02,2026-02-02T16:29:55Z
ESTC.N,2025-11-20,21:05:00,EarningsReleases,Q2 2026 Elastic NV Earnings Release,ESTC,Elastic NV,Information Technology,Software,Software,,,Netherlands,NL,United States of America,United States of America,7357669675.69,30,58741578,458918.578125,0.029714010671975457,2025-05-26,2025-11-25,2025-11-25,2025-09-17,2026-02-02,2026-02-02T16:29:55Z
ET.N,2025-11-05,21:10:00,EarningsReleases,Q3 2025 Energy Transfer LP Earnings Release,ET,Energy Transfer LP,Energy,"Oil, Gas & Consumable Fuels",Oil & Gas Transportation Services,,,United States of America,US,United States of America,United States of America,55861204114.58,17,199993035,1562445.5859375,0.010288091905644389,2025-05-26,2025-11-25,2025-11-25,2025-09-17,2026-02-02,2026-02-02T16:29:55Z
ETD.N,2025-10-29,20:05:03,EarningsReleases,Q1 2026 Ethan Allen Interiors Inc Earnings Release,ETD,Ethan Allen Interiors Inc,Consumer Discretionary,Household Durables,Home Furnishings,,,United States of America,US,United States of America,United States of America,600279137.01,2,12327683,96310.0234375,0.019779920957283103,2025-05-26,2025-11-25,2025-11-25,2025-09-17,2026-02-02,2026-02-02T16:29:55Z
ETD.N,2026-01-28,21:05:00,EarningsReleases,Q2 2026 Ethan Allen Interiors Inc Earnings Release,ETD,Ethan Allen Interiors Inc,Consumer Discretionary,Household Durables,Home Furnishings,,,United States of America,US,United States of America,United States of America,600279137.01,2,12327683,96310.0234375,0.019779920957283103,2025-05-26,2025-11-25,2025-11-25,2025-09-17,2026-02-02,2026-02-02T16:29:55Z
ETN.N,2025-11-04,11:30:00,EarningsReleases,Q3 2025 Eaton Corporation PLC Earnings Release,ETN,Eaton Corporation PLC,Industrials,Electrical Equipment,Electrical Components & Equipment,,,Ireland,IE,United States of America,United States of America,130754860000.0,33,73852129,576969.7578125,0.017807667759123,2025-05-26,2025-11-25,2025-11-25,2025-09-17,2026-02-02,2026-02-02T16:29:55Z
ETO.N,2025-12-30,,EarningsReleases,Full Year 2025 Eaton Vance Tax-Advantaged Global Dividend Opportunities Fund Earnings Release,ETO,Eaton Vance Tax-Advantaged Global Dividend Opportunities Fund,,,Closed End Funds,,,United States of America,US,United States of America,United States of America,468045221.28,,715468,5589.59375,0.007693202407271379,2025-05-26,2025-11-25,2025-11-25,2025-09-17,2026-02-02,2026-02-02T16:29:55Z
ETR.N,2025-10-29,10:30:00,EarningsReleases,Q3 2025 Entergy Corp Earnings Release,ETR,Entergy Corp,Utilities,Electric Utilities,Electric Utilities,,,United States of America,US,United States of America,United States of America,42547287044.08,24,109055356,851994.96875,0.01036075433969471,2025-05-26,2025-11-25,2025-11-25,2025-09-17,2026-02-02,2026-02-02T16:29:55Z
ETSY.N,2025-10-29,11:00:03,EarningsReleases,Q3 2025 ETSY Inc Earnings Release,ETSY,ETSY Inc,Consumer Discretionary,Broadline Retail,Department Stores,,,United States of America,US,United States of America,United States of America,5328150311.84,34,230132855,1797912.9296875,0.03849501628787194,2025-05-26,2025-11-25,2025-11-25,2025-09-17,2026-02-02,2026-02-02T16:29:55Z
EVC.N,2025-11-04,21:05:01,EarningsReleases,Q3 2025 Entravision Communications Corp Earnings Release,EVC,Entravision Communications Corp,Communication Services,Media,Broadcasting,,,United States of America,US,United States of America,United States of America,246545740.48,,11366932,88804.15625,0.04380750249482722,2025-05-26,2025-11-25,2025-11-25,2025-09-17,2026-02-02,2026-02-02T16:29:55Z
EVEX.N,2025-11-04,11:00:01,EarningsReleases,Q3 2025 Eve Holding Inc Earnings Release,EVEX,Eve Holding Inc,Industrials,Aerospace & Defense,Aerospace & Defense,,,United States of America,US,United States of America,United States of America,1316591327.52,8,36436079,284656.8671875,0.05033948502654068,2025-05-26,2025-11-25,2025-11-25,2025-09-17,2026-02-02,2026-02-02T16:29:55Z
EVH.N,2025-11-06,21:10:00,EarningsReleases,Q3 2025 Evolent Health Inc Earnings Release,EVH,Evolent Health Inc,Health Care,Health Care Technology,Advanced Medical Equipment & Technology,,,United States of America,US,United States of America,United States of America,480999689.36,15,120257606,939512.546875,0.04822059662131508,2025-05-26,2025-11-25,2025-11-25,2025-09-17,2026-02-02,2026-02-02T16:29:55Z
EVMN.N,2025-12-11,21:00:00,EarningsReleases,Q3 2025 Evommune Inc Earnings Release,EVMN,Evommune Inc,Health Care,Biotechnology,Biotechnology & Medical Research,,,United States of America,US,United States of America,United States of America,563954250.0,,1396289,99734.92857142857,0.046598267327298076,2025-05-26,2025-11-25,2025-11-25,2025-09-17,2026-02-02,2026-02-02T16:29:55Z
EVR.N,2025-10-29,10:45:00,EarningsReleases,Q3 2025 Evercore Inc Earnings Release,EVR,Evercore Inc,Financials,Capital Markets,Investment Banking & Brokerage Services,,,United States of America,US,United States of America,United States of America,12894990643.75,10,16118215,125923.5546875,0.02061950129188014,2025-05-26,2025-11-25,2025-11-25,2025-09-17,2026-02-02,2026-02-02T16:29:55Z
EVT.N,2025-12-30,,EarningsReleases,Full Year 2025 Eaton Vance Tax-Advantaged Dividend Income Fund Earnings Release,EVT,Eaton Vance Tax-Advantaged Dividend Income Fund,,,Closed End Funds,,,United States of America,US,United States of America,United States of America,1781572489.8,,2258750,17646.484375,0.0068361558636275705,2025-05-26,2025-11-25,2025-11-25,2025-09-17,2026-02-02,2026-02-02T16:29:55Z
EVTC.N,2025-11-06,21:05:01,EarningsReleases,Q3 2025 Evertec Inc Earnings Release,EVTC,Evertec Inc,Financials,Financial Services,Business Support Services,,,Puerto Rico,PR,Puerto Rico,United States of America,1906718461.8,6,17788401,138971.8828125,0.018461572160033652,2025-05-26,2025-11-25,2025-11-25,2025-09-17,2026-02-02,2026-02-02T16:29:55Z
EVTL.N,2025-11-04,13:30:00,EarningsReleases,Q3 2025 Vertical Aerospace Ltd Earnings Release,EVTL,Vertical Aerospace Ltd,Industrials,Aerospace & Defense,Aerospace & Defense,,,United Kingdom,GB,United Kingdom,United States of America,417757537.04,8,40447786,315998.328125,0.06310876383531565,2025-05-26,2025-11-25,2025-11-25,2025-09-17,2026-02-02,2026-02-02T16:29:55Z
EW.N,2025-10-30,20:13:00,EarningsReleases,Q3 2025 Edwards Lifesciences Corp Earnings Release,EW,Edwards Lifesciences Corp,Health Care,Health Care Equipment & Supplies,Advanced Medical Equipment & Technology,,,United States of America,US,United States of America,United States of America,50381646000.0,35,151566895,1184116.3671875,0.01310882486486205,2025-05-26,2025-11-25,2025-11-25,2025-09-17,2026-02-02,2026-02-02T16:29:55Z
EXG.N,2025-12-30,,EarningsReleases,Full Year 2025 Eaton Vance Tax-Managed Global Diversified Equity Income Fund Earnings Release,EXG,Eaton Vance Tax-Managed Global Diversified Equity Income Fund,,,Closed End Funds,,,United States of America,US,United States of America,United States of America,2768721035.3,,12268260,95845.78125,0.007242432545109962,2025-05-26,2025-11-25,2025-11-25,2025-09-17,2026-02-02,2026-02-02T16:29:55Z
EXK.N,2025-11-07,11:50:01,EarningsReleases,Q3 2025 Endeavour Silver Corp Earnings Release,EXK,Endeavour Silver Corp,Materials,Metals & Mining,Non-Gold Precious Metals & Minerals,,,Canada,CA,Canada,United States of America,2300608206.16137,7,323759094,2529367.921875,0.042835414841246824,2025-05-26,2025-11-25,2025-11-25,2025-09-17,2026-02-02,2026-02-02T16:29:55Z
EXP.N,2025-10-30,10:30:00,EarningsReleases,Q2 2026 Eagle Materials Inc Earnings Release,EXP,Eagle Materials Inc,Materials,Construction Materials,Construction Materials,,,United States of America,US,United States of America,United States of America,7037379723.96,13,13349493,104292.9140625,0.021177226536165335,2025-05-26,2025-11-25,2025-11-25,2025-09-17,2026-02-02,2026-02-02T16:29:55Z
EXP.N,2026-01-29,11:30:00,EarningsReleases,Q3 2026 Eagle Materials Inc Earnings Release,EXP,Eagle Materials Inc,Materials,Construction Materials,Construction Materials,,,United States of America,US,United States of America,United States of America,7037379723.96,13,13349493,104292.9140625,0.021177226536165335,2025-05-26,2025-11-25,2025-11-25,2025-09-17,2026-02-02,2026-02-02T16:29:55Z
EXPD.N,2025-11-04,13:30:00,EarningsReleases,Q3 2025 Expeditors International of Washington Inc Earnings Release,EXPD,Expeditors International of Washington Inc,Industrials,Air Freight & Logistics,"Courier, Postal, Air Freight & Land-based Logistics",,,United States of America,US,United States of America,United States of America,19778808996.98,17,54918220,429048.59375,0.01669958217817931,2025-05-26,2025-11-25,2025-11-25,2025-09-17,2026-02-02,2026-02-02T16:29:55Z
EXR.N,2025-10-29,20:15:00,EarningsReleases,Q3 2025 Extra Space Storage Inc Earnings Release,EXR,Extra Space Storage Inc,Real Estate,Specialized REITs,Specialized REITs,,,United States of America,US,United States of America,United States of America,28095212164.6,9,46929841,366639.3828125,0.016331179919045778,2025-05-26,2025-11-25,2025-11-25,2025-09-17,2026-02-02,2026-02-02T16:29:55Z
F.N,2025-10-23,20:05:00,EarningsReleases,Q3 2025 Ford Motor Co Earnings Release,F,Ford Motor Co,Consumer Discretionary,Automobiles,Auto & Truck Manufacturers,,,United States of America,US,United States of America,United States of America,52475846114.22,26,1499567906,11715374.265625,0.020023269676056853,2025-05-26,2025-11-25,2025-11-25,2025-09-17,2026-02-02,2026-02-02T16:29:55Z
FAF.N,2025-10-22,20:15:01,EarningsReleases,Q3 2025 First American Financial Corp Earnings Release,FAF,First American Financial Corp,Financials,Insurance,Property & Casualty Insurance,,,United States of America,US,United States of America,United States of America,6704001000.0,5,33955013,265273.5390625,0.016218140265751076,2025-05-26,2025-11-25,2025-11-25,2025-09-17,2026-02-02,2026-02-02T16:29:55Z
FBIN.N,2025-10-30,20:05:00,EarningsReleases,Q3 2025 Fortune Brands Innovations Inc Earnings Release,FBIN,Fortune Brands Innovations Inc,Industrials,Building Products,Construction Supplies & Fixtures,,,United States of America,US,United States of America,United States of America,5957661173.22,20,68703996,536749.96875,0.02173785376979488,2025-05-26,2025-11-25,2025-11-25,2025-09-17,2026-02-02,2026-02-02T16:29:55Z
FBK.N,2025-10-14,10:15:00,EarningsReleases,Q3 2025 FB Financial Corp Earnings Release,FBK,FB Financial Corp,Financials,Banks,Banks,,,United States of America,US,United States of America,United States of America,3014214735.16,7,19427171,151774.7734375,0.018313989348159723,2025-05-26,2025-11-25,2025-11-25,2025-09-17,2026-02-02,2026-02-02T16:29:55Z
FBK.N,2026-01-21,21:15:00,EarningsReleases,Q4 2025 FB Financial Corp Earnings Release,FBK,FB Financial Corp,Financials,Banks,Banks,,,United States of America,US,United States of America,United States of America,3014214735.16,7,19427171,151774.7734375,0.018313989348159723,2025-05-26,2025-11-25,2025-11-25,2025-09-17,2026-02-02,2026-02-02T16:29:55Z
FBP.N,2025-10-23,11:00:01,EarningsReleases,Q3 2025 First BanCorp Earnings Release,FBP,First BanCorp,Financials,Banks,Banks,,,Puerto Rico,PR,Mexico,United States of America,3160317829.23,6,57988613,453036.0390625,0.015552255266222722,2025-05-26,2025-11-25,2025-11-25,2025-09-17,2026-02-02,2026-02-02T16:29:55Z
FBP.N,2026-01-27,12:00:02,EarningsReleases,Q4 2025 First BanCorp Earnings Release,FBP,First BanCorp,Financials,Banks,Banks,,,Puerto Rico,PR,Mexico,United States of America,3160317829.23,6,57988613,453036.0390625,0.015552255266222722,2025-05-26,2025-11-25,2025-11-25,2025-09-17,2026-02-02,2026-02-02T16:29:55Z
FBRT.N,2025-10-29,21:00:00,EarningsReleases,Q3 2025 Franklin BSP Realty Trust Inc Earnings Release,FBRT,Franklin BSP Realty Trust Inc,Financials,Mortgage Real Estate Investment Trusts (REITs),Specialized REITs,,,United States of America,US,United States of America,United States of America,843812326.72,4,25601781,200013.9140625,0.012961415536133298,2025-05-26,2025-11-25,2025-11-25,2025-09-17,2026-02-02,2026-02-02T16:29:55Z
FC.N,2025-11-05,21:10:00,EarningsReleases,Q4 2025 Franklin Covey Co Earnings Release,FC,Franklin Covey Co,Industrials,Professional Services,Professional & Business Education,,,United States of America,US,United States of America,United States of America,188050721.04,4,4858492,37956.96875,0.028805893055899364,2025-05-26,2025-11-25,2025-11-25,2025-09-17,2026-02-02,2026-02-02T16:29:55Z
FC.N,2026-01-07,21:10:00,EarningsReleases,Q1 2026 Franklin Covey Co Earnings Release,FC,Franklin Covey Co,Industrials,Professional Services,Professional & Business Education,,,United States of America,US,United States of America,United States of America,188050721.04,4,4858492,37956.96875,0.028805893055899364,2025-05-26,2025-11-25,2025-11-25,2025-09-17,2026-02-02,2026-02-02T16:29:55Z
FCF.N,2025-10-28,20:00:00,EarningsReleases,Q3 2025 First Commonwealth Financial Corp Earnings Release,FCF,First Commonwealth Financial Corp,Financials,Banks,Banks,,,United States of America,US,United States of America,United States of America,1720440064.46,5,38292960,299163.75,0.015956221480023694,2025-05-26,2025-11-25,2025-11-25,2025-09-17,2026-02-02,2026-02-02T16:29:55Z
FCF.N,2026-01-27,21:00:00,EarningsReleases,Q4 2025 First Commonwealth Financial Corp Earnings Release,FCF,First Commonwealth Financial Corp,Financials,Banks,Banks,,,United States of America,US,United States of America,United States of America,1720440064.46,5,38292960,299163.75,0.015956221480023694,2025-05-26,2025-11-25,2025-11-25,2025-09-17,2026-02-02,2026-02-02T16:29:55Z
FCN.N,2025-10-23,11:30:51,EarningsReleases,Q3 2025 FTI Consulting Inc Earnings Release,FCN,FTI Consulting Inc,Industrials,Professional Services,Business Support Services,,,United States of America,US,United States of America,United States of America,5109989585.0,3,15499943,121093.3046875,0.013525948770030168,2025-05-26,2025-11-25,2025-11-25,2025-09-17,2026-02-02,2026-02-02T16:29:55Z
FCPT.N,2025-10-28,20:45:00,EarningsReleases,Q3 2025 Four Corners Property Trust Inc Earnings Release,FCPT,Four Corners Property Trust Inc,Real Estate,Specialized REITs,Commercial REITs,,,United States of America,US,United States of America,United States of America,2549150772.39,5,28955130,226211.953125,0.010063569535332861,2025-05-26,2025-11-25,2025-11-25,2025-09-17,2026-02-02,2026-02-02T16:29:55Z
FCRS.N,2025-11-14,21:00:00,EarningsReleases,Q1 2026 FutureCrest Acquisition Corp Earnings Release,FCRS,FutureCrest Acquisition Corp,,,Investment Holding Companies,,,United States of America,US,United States of America,United States of America,364226562.5,,95576,13653.714285714286,0.003341567428434731,2025-05-26,2025-11-25,2025-11-25,2025-09-17,2026-02-02,2026-02-02T16:29:55Z
FCX.N,2025-10-23,12:00:01,EarningsReleases,Q3 2025 Freeport-McMoRan Inc Earnings Release,FCX,Freeport-McMoRan Inc,Materials,Metals & Mining,Specialty Mining & Metals,,,United States of America,US,United States of America,United States of America,58973672206.2,23,514948420,4023034.53125,0.02920841615927973,2025-05-26,2025-11-25,2025-11-25,2025-09-17,2026-02-02,2026-02-02T16:29:55Z
FCX.N,2026-01-22,13:00:01,EarningsReleases,Q4 2025 Freeport-McMoRan Inc Earnings Release,FCX,Freeport-McMoRan Inc,Materials,Metals & Mining,Specialty Mining & Metals,,,United States of America,US,United States of America,United States of America,58973672206.2,23,514948420,4023034.53125,0.02920841615927973,2025-05-26,2025-11-25,2025-11-25,2025-09-17,2026-02-02,2026-02-02T16:29:55Z
FDP.N,2025-10-29,10:00:00,EarningsReleases,Q3 2025 Fresh Del Monte Produce Inc Earnings Release,FDP,Fresh Del Monte Produce Inc,Consumer Staples,Food Products,Fishing & Farming,,,Cayman Islands,KY,United States of America,United States of America,1696482331.27,1,16499439,128901.8671875,0.017421607196285185,2025-05-26,2025-11-25,2025-11-25,2025-09-17,2026-02-02,2026-02-02T16:29:55Z
FDS.N,2025-09-18,10:00:00,EarningsReleases,Q4 2025 Factset Research Systems Inc Earnings Release,FDS,Factset Research Systems Inc,Financials,Capital Markets,Professional Information Services,,,United States of America,US,United States of America,United States of America,10430058761.28,20,23745118,185508.734375,0.019378933443107968,2025-05-26,2025-11-25,2025-11-25,2025-09-17,2026-02-02,2026-02-02T16:29:55Z
FDS.N,2025-12-18,12:00:01,EarningsReleases,Q1 2026 Factset Research Systems Inc Earnings Release,FDS,Factset Research Systems Inc,Financials,Capital Markets,Professional Information Services,,,United States of America,US,United States of America,United States of America,10430058761.28,20,23745118,185508.734375,0.019378933443107968,2025-05-26,2025-11-25,2025-11-25,2025-09-17,2026-02-02,2026-02-02T16:29:55Z
FDX.N,2025-09-18,20:02:00,EarningsReleases,Q1 2026 FedEx Corp Earnings Release,FDX,FedEx Corp,Industrials,Air Freight & Logistics,"Courier, Postal, Air Freight & Land-based Logistics",,,United States of America,US,United States of America,United States of America,64621122104.07,31,64775707,506060.2109375,0.01692865278748169,2025-05-26,2025-11-25,2025-11-25,2025-09-17,2026-02-02,2026-02-02T16:29:55Z
FDX.N,2025-12-18,21:07:00,EarningsReleases,Q2 2026 FedEx Corp Earnings Release,FDX,FedEx Corp,Industrials,Air Freight & Logistics,"Courier, Postal, Air Freight & Land-based Logistics",,,United States of America,US,United States of America,United States of America,64621122104.07,31,64775707,506060.2109375,0.01692865278748169,2025-05-26,2025-11-25,2025-11-25,2025-09-17,2026-02-02,2026-02-02T16:29:55Z
FE.N,2025-10-22,20:20:00,EarningsReleases,Q3 2025 FirstEnergy Corp Earnings Release,FE,FirstEnergy Corp,Utilities,Electric Utilities,Electric Utilities,,,United States of America,US,United States of America,United States of America,27104067840.6,17,159133073,1243227.1328125,0.00833525597397122,2025-05-26,2025-11-25,2025-11-25,2025-09-17,2026-02-02,2026-02-02T16:29:55Z
FEDU.N,2025-12-02,10:45:00,EarningsReleases,Half Year 2026 Four Seasons Education (Cayman) Inc Earnings Release,FEDU,Four Seasons Education (Cayman) Inc,Consumer Discretionary,Diversified Consumer Services,"Schools, Colleges & Universities",,,China,CN,China,United States of America,30171774.3,,63287,506.296,0.06930617566066068,2025-05-26,2025-11-25,2025-11-25,2025-09-17,2026-02-02,2026-02-02T16:29:55Z
FENG.N,2025-11-12,21:00:00,EarningsReleases,Q3 2025 Phoenix New Media Ltd Earnings Release,FENG,Phoenix New Media Ltd,Communication Services,Interactive Media & Services,Advertising & Marketing,,,China,CN,China,United States of America,25222629.6,,270241,2144.7698412698414,0.0426039535769439,2025-05-26,2025-11-25,2025-11-25,2025-09-17,2026-02-02,2026-02-02T16:29:55Z
FERG.N,2025-12-09,11:45:00,EarningsReleases,Q1 2026 Ferguson Enterprises Inc Earnings Release,FERG,Ferguson Enterprises Inc,Industrials,Trading Companies & Distributors,Construction Supplies & Fixtures,,,United States of America,US,United States of America,United States of America,48602442320.0,1,55325973,432234.1640625,0.021503508709771368,2025-05-26,2025-11-25,2025-11-25,2025-09-17,2026-02-02,2026-02-02T16:29:55Z
FET.N,2025-10-31,00:13:00,EarningsReleases,Q3 2025 Forum Energy Technologies Inc Earnings Release,FET,Forum Energy Technologies Inc,Energy,Energy Equipment & Services,Oil Related Services and Equipment,,,United States of America,US,United States of America,United States of America,344979686.56,2,4200410,32815.703125,0.03628647808877519,2025-05-26,2025-11-25,2025-11-25,2025-09-17,2026-02-02,2026-02-02T16:29:55Z
FF.N,2025-11-10,21:05:00,EarningsReleases,Q3 2025 FutureFuel Corp Earnings Release,FF,FutureFuel Corp,Energy,"Oil, Gas & Consumable Fuels",Renewable Fuels,,,United States of America,US,United States of America,United States of America,141484474.89,,10129429,79136.1640625,0.027721969898618776,2025-05-26,2025-11-25,2025-11-25,2025-09-17,2026-02-02,2026-02-02T16:29:55Z
FFWM.N,2025-10-30,10:55:00,EarningsReleases,Q3 2025 First Foundation Inc Earnings Release,FFWM,First Foundation Inc,Financials,Banks,Banks,,,United States of America,US,United States of America,United States of America,454206517.48,4,32195266,251525.515625,0.025808252461988698,2025-05-26,2025-11-25,2025-11-25,2025-09-17,2026-02-02,2026-02-02T16:29:55Z
FFWM.N,2026-01-29,11:55:00,EarningsReleases,Q4 2025 First Foundation Inc Earnings Release,FFWM,First Foundation Inc,Financials,Banks,Banks,,,United States of America,US,United States of America,United States of America,454206517.48,4,32195266,251525.515625,0.025808252461988698,2025-05-26,2025-11-25,2025-11-25,2025-09-17,2026-02-02,2026-02-02T16:29:55Z
FG.N,2025-11-06,21:15:00,EarningsReleases,Q3 2025 F&G Annuities & Life Inc Earnings Release,FG,F&G Annuities & Life Inc,Financials,Insurance,Life & Health Insurance,,,United States of America,US,United States of America,United States of America,4350903435.84,2,8093818,63232.953125,0.017457200430363615,2025-05-26,2025-11-25,2025-11-25,2025-09-17,2026-02-02,2026-02-02T16:29:55Z
FHI.N,2025-10-30,20:00:00,EarningsReleases,Q3 2025 Federated Hermes Inc Earnings Release,FHI,Federated Hermes Inc,Financials,Capital Markets,Investment Management & Fund Operators,,,United States of America,US,United States of America,United States of America,3833141635.81,8,27405760,214107.5,0.01242935053649402,2025-05-26,2025-11-25,2025-11-25,2025-09-17,2026-02-02,2026-02-02T16:29:55Z
FHI.N,2026-01-29,21:00:00,EarningsReleases,Q4 2025 Federated Hermes Inc Earnings Release,FHI,Federated Hermes Inc,Financials,Capital Markets,Investment Management & Fund Operators,,,United States of America,US,United States of America,United States of America,3833141635.81,8,27405760,214107.5,0.01242935053649402,2025-05-26,2025-11-25,2025-11-25,2025-09-17,2026-02-02,2026-02-02T16:29:55Z
FHN.N,2025-10-15,10:31:05,EarningsReleases,Q3 2025 First Horizon Corp Earnings Release,FHN,First Horizon Corp,Financials,Banks,Banks,,,United States of America,US,United States of America,United States of America,11019780092.28,18,262514592,2050895.25,0.01752607605236269,2025-05-26,2025-11-25,2025-11-25,2025-09-17,2026-02-02,2026-02-02T16:29:55Z
FHN.N,2026-01-15,11:30:00,EarningsReleases,Q4 2025 First Horizon Corp Earnings Release,FHN,First Horizon Corp,Financials,Banks,Banks,,,United States of America,US,United States of America,United States of America,11019780092.28,18,262514592,2050895.25,0.01752607605236269,2025-05-26,2025-11-25,2025-11-25,2025-09-17,2026-02-02,2026-02-02T16:29:55Z
FICO.N,2025-11-05,21:15:01,EarningsReleases,Q4 2025 Fair Isaac Corp Earnings Release,FICO,Fair Isaac Corp,Information Technology,Software,Software,,,United States of America,US,United States of America,United States of America,42913375070.0,23,9207280,71931.875,0.029857573982828876,2025-05-26,2025-11-25,2025-11-25,2025-09-17,2026-02-02,2026-02-02T16:29:55Z
FICO.N,2026-01-28,21:15:00,EarningsReleases,Q1 2026 Fair Isaac Corp Earnings Release,FICO,Fair Isaac Corp,Information Technology,Software,Software,,,United States of America,US,United States of America,United States of America,42913375070.0,23,9207280,71931.875,0.029857573982828876,2025-05-26,2025-11-25,2025-11-25,2025-09-17,2026-02-02,2026-02-02T16:29:55Z
FIG.N,2025-11-05,21:05:01,EarningsReleases,Q3 2025 Figma Inc Earnings Release,FIG,Figma Inc,Information Technology,Software,Software,,,United States of America,US,,United States of America,17593505989.0,11,136487593,1644428.8313253012,0.0672449989423199,2025-05-26,2025-11-25,2025-11-25,2025-09-17,2026-02-02,2026-02-02T16:29:55Z
FIGS.N,2025-11-06,21:00:00,EarningsReleases,Q3 2025 Figs Inc Earnings Release,FIGS,Figs Inc,Consumer Discretionary,"Textiles, Apparel & Luxury Goods",Apparel & Accessories,,,United States of America,US,United States of America,United States of America,1593992393.31,11,90098650,703895.703125,0.031612909443827795,2025-05-26,2025-11-25,2025-11-25,2025-09-17,2026-02-02,2026-02-02T16:29:55Z
FIHL.N,2025-11-12,21:15:00,EarningsReleases,Q3 2025 Fidelis Insurance Holdings Ltd Earnings Release,FIHL,Fidelis Insurance Holdings Ltd,Financials,Insurance,Property & Casualty Insurance,,,Bermuda,BM,Bermuda,United States of America,1947205839.6,9,25564785,199724.8828125,0.016957208590792763,2025-05-26,2025-11-25,2025-11-25,2025-09-17,2026-02-02,2026-02-02T16:29:55Z
FINV.N,2025-11-19,22:00:00,EarningsReleases,Q3 2025 FinVolution Group Earnings Release,FINV,FinVolution Group,Financials,Consumer Finance,Financial Technology (Fintech),,,China,CN,China,United States of America,1327888631.64,6,48719674,380622.453125,0.031484126166722685,2025-05-26,2025-11-25,2025-11-25,2025-09-17,2026-02-02,2026-02-02T16:29:55Z
FIS.N,2025-11-05,12:00:01,EarningsReleases,Q3 2025 Fidelity National Information Services Inc Earnings Release,FIS,Fidelity National Information Services Inc,Financials,Financial Services,Financial Technology (Fintech),,,United States of America,US,United States of America,United States of America,33996902656.6,29,135045198,1055040.609375,0.0163795079832448,2025-05-26,2025-11-25,2025-11-25,2025-09-17,2026-02-02,2026-02-02T16:29:55Z
FIX.N,2025-10-23,20:09:00,EarningsReleases,Q3 2025 Comfort Systems USA Inc Earnings Release,FIX,Comfort Systems USA Inc,Industrials,Construction & Engineering,Construction & Engineering,,,United States of America,US,United States of America,United States of America,33756667028.0,9,13441613,105012.6015625,0.03207893064418532,2025-05-26,2025-11-25,2025-11-25,2025-09-17,2026-02-02,2026-02-02T16:29:55Z
FLC.N,2026-02-02,,EarningsReleases,Full Year 2025 Flaherty & Crumrine Total Return Fund Inc Earnings Release,FLC,Flaherty & Crumrine Total Return Fund Inc,,,Closed End Funds,,,United States of America,US,United States of America,United States of America,181007571.51,,609218,4759.515625,0.0036114703916653233,2025-05-26,2025-11-25,2025-11-25,2025-09-17,2026-02-02,2026-02-02T16:29:55Z
FLG.N,2025-10-24,12:30:00,EarningsReleases,Q3 2025 Flagstar Financial Inc Earnings Release,FLG,Flagstar Bank NA,Financials,Banks,Banks,,,United States of America,US,United States of America,United States of America,5043118788.01,18,213156558,1665285.609375,0.022144975558541783,2025-05-26,2025-11-25,2025-11-25,2025-09-17,2026-02-02,2026-02-02T16:29:55Z
FLNG.N,2025-11-12,06:00:00,EarningsReleases,Q3 2025 FLEX LNG Ltd Earnings Release,FLNG,FLEX LNG Ltd,Energy,"Oil, Gas & Consumable Fuels",Oil & Gas Transportation Services,,,Bermuda,BM,Bermuda,United States of America,1438791376.75,7,13130087,102578.8046875,0.016749445685298337,2025-05-26,2025-11-25,2025-11-25,2025-09-17,2026-02-02,2026-02-02T16:29:55Z
FLO.N,2025-11-06,21:05:00,EarningsReleases,Q3 2025 Flowers Foods Inc Earnings Release,FLO,Flowers Foods Inc,Consumer Staples,Food Products,Food Processing,,,United States of America,US,United States of America,United States of America,2274389483.25,7,131743337,1029244.8203125,0.016610128354963442,2025-05-26,2025-11-25,2025-11-25,2025-09-17,2026-02-02,2026-02-02T16:29:55Z
FLOC.N,2025-11-05,11:00:00,EarningsReleases,Q3 2025 Flowco Holdings Inc Earnings Release,FLOC,Flowco Holdings Inc,Energy,Energy Equipment & Services,Oil Related Services and Equipment,,,United States of America,US,United States of America,United States of America,1482892757.22,8,13563189,105962.4140625,0.03169397875934707,2025-05-26,2025-11-25,2025-11-25,2025-09-17,2026-02-02,2026-02-02T16:29:55Z
FLR.N,2025-11-07,10:50:00,EarningsReleases,Q3 2025 Fluor Corp Earnings Release,FLR,Fluor Corp,Industrials,Construction & Engineering,Construction & Engineering,,,United States of America,US,United States of America,United States of America,6743876092.88,11,120472400,941190.625,0.03837737768158323,2025-05-26,2025-11-25,2025-11-25,2025-09-17,2026-02-02,2026-02-02T16:29:55Z
FLS.N,2025-10-28,20:00:00,EarningsReleases,Q3 2025 Flowserve Corp Earnings Release,FLS,Flowserve Corp,Industrials,Machinery,Industrial Machinery & Equipment,,,United States of America,US,United States of America,United States of America,8936220282.7,11,83458659,652020.7734375,0.030681278743802796,2025-05-26,2025-11-25,2025-11-25,2025-09-17,2026-02-02,2026-02-02T16:29:55Z
FLUT.N,2025-11-12,21:05:00,EarningsReleases,Q3 2025 Flutter Entertainment PLC Earnings Release,FLUT,Flutter Entertainment PLC,Consumer Discretionary,"Hotels, Restaurants & Leisure",Casinos & Gaming,,,United States of America,US,United States of America,United States of America,34341575497.74,27,82395306,643713.328125,0.024945897369577523,2025-05-26,2025-11-25,2025-11-25,2025-09-17,2026-02-02,2026-02-02T16:29:55Z
FMC.N,2025-10-29,20:30:00,EarningsReleases,Q3 2025 FMC Corp Earnings Release,FMC,FMC Corp,Materials,Chemicals,Agricultural Chemicals,,,United States of America,US,United States of America,United States of America,1676427299.14,22,103291718,806966.546875,0.060474203282215006,2025-05-26,2025-11-25,2025-11-25,2025-09-17,2026-02-02,2026-02-02T16:29:55Z
FMN.N,2026-01-28,,EarningsReleases,Full Year 2025 Federated Hermes Premier Municipal Income Fund Earnings Release,FMN,Federated Hermes Premier Municipal Income Fund,,,Closed End Funds,,,United States of America,US,United States of America,United States of America,86943955.12,,749550,5855.859375,0.004161996906512653,2025-05-26,2025-11-25,2025-11-25,2025-09-17,2026-02-02,2026-02-02T16:29:55Z
FN.N,2025-11-03,21:15:00,EarningsReleases,Q1 2026 Fabrinet Earnings Release,FN,Fabrinet,Information Technology,"Electronic Equipment, Instruments & Components",Electronic Equipment & Parts,,,Thailand,TH,Thailand,United States of America,15394593864.9,9,18799766,146873.171875,0.03251569411225015,2025-05-26,2025-11-25,2025-11-25,2025-09-17,2026-02-02,2026-02-02T16:29:55Z
FN.N,2026-02-02,21:00:00,EarningsReleases,Q2 2026 Fabrinet Earnings Release,FN,Fabrinet,Information Technology,"Electronic Equipment, Instruments & Components",Electronic Equipment & Parts,,,Thailand,TH,Thailand,United States of America,15394593864.9,9,18799766,146873.171875,0.03251569411225015,2025-05-26,2025-11-25,2025-11-25,2025-09-17,2026-02-02,2026-02-02T16:29:55Z
FNB.N,2025-10-16,20:30:22,EarningsReleases,Q3 2025 FNB Corp Earnings Release,FNB,FNB Corp,Financials,Banks,Banks,,,United States of America,US,United States of America,United States of America,5980880936.1,7,209459999,1636406.2421875,0.016657658439195415,2025-05-26,2025-11-25,2025-11-25,2025-09-17,2026-02-02,2026-02-02T16:29:55Z
FNB.N,2026-01-20,21:30:00,EarningsReleases,Q4 2025 FNB Corp Earnings Release,FNB,FNB Corp,Financials,Banks,Banks,,,United States of America,US,United States of America,United States of America,5980880936.1,7,209459999,1636406.2421875,0.016657658439195415,2025-05-26,2025-11-25,2025-11-25,2025-09-17,2026-02-02,2026-02-02T16:29:55Z
FND.N,2025-10-30,20:06:00,EarningsReleases,Q3 2025 Floor & Decor Holdings Inc Earnings Release,FND,Floor & Decor Holdings Inc,Consumer Discretionary,Specialty Retail,Home Improvement Products & Services Retailers,,,United States of America,US,United States of America,United States of America,6907167740.7,24,66956380,523096.71875,0.028200929618601794,2025-05-26,2025-11-25,2025-11-25,2025-09-17,2026-02-02,2026-02-02T16:29:55Z
FNF.N,2025-11-06,21:00:00,EarningsReleases,Q3 2025 Fidelity National Financial Inc Earnings Release,FNF,Fidelity National Financial Inc,Financials,Insurance,Property & Casualty Insurance,,,United States of America,US,United States of America,United States of America,16085701247.48,5,69517320,543104.0625,0.015367009508583449,2025-05-26,2025-11-25,2025-11-25,2025-09-17,2026-02-02,2026-02-02T16:29:55Z
FNV.N,2025-11-03,22:30:00,EarningsReleases,Q3 2025 Franco-Nevada Corp Earnings Release,FNV,Franco-Nevada Corp,Materials,Metals & Mining,Gold,,,Canada,CA,Canada,United States of America,38709870704.3179,15,21672720,169318.125,0.018658970530265866,2025-05-26,2025-11-25,2025-11-25,2025-09-17,2026-02-02,2026-02-02T16:29:55Z
FOA.N,2025-11-04,21:05:02,EarningsReleases,Q3 2025 Finance of America Companies Inc Earnings Release,FOA,Finance of America Companies Inc,Financials,Financial Services,Investment Management & Fund Operators,,,United States of America,US,United States of America,United States of America,188208936.0,1,4628914,36163.390625,0.030253765845560523,2025-05-26,2025-11-25,2025-11-25,2025-09-17,2026-02-02,2026-02-02T16:29:55Z
FOR.N,2025-10-28,10:30:00,EarningsReleases,Q4 2025 Forestar Group Inc Earnings Release,FOR,Forestar Group Inc,Real Estate,Real Estate Management & Development,Construction & Engineering,,,United States of America,US,United States of America,United States of America,1295540374.5,3,7030612,54926.65625,0.022618443043445506,2025-05-26,2025-11-25,2025-11-25,2025-09-17,2026-02-02,2026-02-02T16:29:55Z
FOR.N,2026-01-20,11:30:00,EarningsReleases,Q1 2026 Forestar Group Inc Earnings Release,FOR,Forestar Group Inc,Real Estate,Real Estate Management & Development,Construction & Engineering,,,United States of America,US,United States of America,United States of America,1295540374.5,3,7030612,54926.65625,0.022618443043445506,2025-05-26,2025-11-25,2025-11-25,2025-09-17,2026-02-02,2026-02-02T16:29:55Z
FOUR.N,2025-11-06,12:00:00,EarningsReleases,Q3 2025 Shift4 Payments Inc Earnings Release,FOUR,Shift4 Payments Inc,Financials,Financial Services,Business Support Services,,,United States of America,US,United States of America,United States of America,6216639124.8,22,54352114,424625.890625,0.025477140101519226,2025-05-26,2025-11-25,2025-11-25,2025-09-17,2026-02-02,2026-02-02T16:29:55Z
FPF.N,2026-01-09,,EarningsReleases,Full Year 2025 First Trust Intermediate Duration Preferred & Income Fund Earnings Release,FPF,First Trust Intermediate Duration Preferred & Income Fund,,,Closed End Funds,,,United States of America,US,United States of America,United States of America,1131769582.2,,2689838,21014.359375,0.004678968625011944,2025-05-26,2025-11-25,2025-11-25,2025-09-17,2026-02-02,2026-02-02T16:29:55Z
FPH.N,2025-10-29,20:10:00,EarningsReleases,Q3 2025 Five Point Holdings LLC Earnings Release,FPH,Five Point Holdings LLC,Real Estate,Real Estate Management & Development,"Real Estate Rental, Development & Operations",,,United States of America,US,United States of America,United States of America,443004288.48,,6091965,47593.4765625,0.023437438123625025,2025-05-26,2025-11-25,2025-11-25,2025-09-17,2026-02-02,2026-02-02T16:29:55Z
FPH.N,2026-01-29,21:10:00,EarningsReleases,Q4 2025 Five Point Holdings LLC Earnings Release,FPH,Five Point Holdings LLC,Real Estate,Real Estate Management & Development,"Real Estate Rental, Development & Operations",,,United States of America,US,United States of America,United States of America,443004288.48,,6091965,47593.4765625,0.023437438123625025,2025-05-26,2025-11-25,2025-11-25,2025-09-17,2026-02-02,2026-02-02T16:29:55Z
FPI.N,2025-10-29,20:10:00,EarningsReleases,Q3 2025 Farmland Partners Inc Earnings Release,FPI,Farmland Partners Inc,Real Estate,Specialized REITs,Specialized REITs,,,United States of America,US,United States of America,United States of America,416322381.3,3,20419894,159530.421875,0.012277966293853766,2025-05-26,2025-11-25,2025-11-25,2025-09-17,2026-02-02,2026-02-02T16:29:55Z
FR.N,2025-10-15,20:32:22,EarningsReleases,Q3 2025 First Industrial Realty Trust Inc Earnings Release,FR,First Industrial Realty Trust Inc,Real Estate,Industrial REITs,Commercial REITs,,,United States of America,US,United States of America,United States of America,7549393042.6,7,40521207,316571.9296875,0.012564811562483454,2025-05-26,2025-11-25,2025-11-25,2025-09-17,2026-02-02,2026-02-02T16:29:55Z
FRGE.N,2025-11-14,13:30:00,EarningsReleases,Q3 2025 Forge Global Holdings Inc Earnings Release,FRGE,Forge Global Holdings Inc,Financials,Capital Markets,Financial Technology (Fintech),,,United States of America,US,United States of America,United States of America,609831008.93,4,7193437,56198.7265625,0.0639024825361532,2025-05-26,2025-11-25,2025-11-25,2025-09-17,2026-02-02,2026-02-02T16:29:55Z
FRO.N,2025-11-21,06:29:00,EarningsReleases,Q3 2025 Frontline Plc Earnings Release,FRO,Frontline Plc,Energy,"Oil, Gas & Consumable Fuels",Oil & Gas Transportation Services,,,Cyprus,CY,Cyprus,United States of America,5340723107.11,9,81405172,635977.90625,0.02590612857569789,2025-05-26,2025-11-25,2025-11-25,2025-09-17,2026-02-02,2026-02-02T16:29:55Z
FRT.N,2025-10-31,11:30:00,EarningsReleases,Q3 2025 Federal Realty Investment Trust Earnings Release,FRT,Federal Realty Investment Trust,Real Estate,Retail REITs,Commercial REITs,,,United States of America,US,United States of America,United States of America,8487245649.78,10,29699633,232028.3828125,0.011132511477175708,2025-05-26,2025-11-25,2025-11-25,2025-09-17,2026-02-02,2026-02-02T16:29:55Z
FSCO.N,2025-11-24,21:00:00,EarningsReleases,Q3 2025 FS Credit Opportunities Corp Earnings Release,FSCO,FS Credit Opportunities Corp,,,Closed End Funds,,,United States of America,US,United States of America,United States of America,1249641962.1,,22535087,176055.3671875,0.013827448914414642,2025-05-26,2025-11-25,2025-11-25,2025-09-17,2026-02-02,2026-02-02T16:29:55Z
FSK.N,2025-11-05,21:00:00,EarningsReleases,Q3 2025 FS KKR Capital Corp Earnings Release,FSK,FS KKR Capital Corp,Financials,Capital Markets,Closed End Funds,,,United States of America,US,United States of America,United States of America,4469860270.68,11,64359753,502810.5703125,0.01533774275014368,2025-05-26,2025-11-25,2025-11-25,2025-09-17,2026-02-02,2026-02-02T16:29:55Z
FSM.N,2025-11-06,02:24:40,EarningsReleases,Q3 2025 Fortuna Mining Corp Earnings Release,FSM,Fortuna Mining Corp,Materials,Metals & Mining,Gold,,,Canada,CA,Canada,United States of America,2861970941.50596,5,251077464,1961542.6875,0.03421170650547191,2025-05-26,2025-11-25,2025-11-25,2025-09-17,2026-02-02,2026-02-02T16:29:55Z
FSS.N,2025-10-30,12:00:02,EarningsReleases,Q3 2025 Federal Signal Corp Earnings Release,FSS,Federal Signal Corp,Industrials,Machinery,Heavy Machinery & Vehicles,,,United States of America,US,United States of America,United States of America,6789277622.05,7,21883731,170966.6484375,0.023084847173849277,2025-05-26,2025-11-25,2025-11-25,2025-09-17,2026-02-02,2026-02-02T16:29:55Z
FSSL.N,2026-02-02,21:00:00,EarningsReleases,Q3 2025 FS Specialty Lending Fund Earnings Release,FSSL,FS Specialty Lending Fund,,,Corporate Financial Services,,,United States of America,US,United States of America,United States of America,1034758659.9,,3087649,343072.1111111111,0.012417051894831041,2025-05-26,2025-11-25,2025-11-25,2025-09-17,2026-02-02,2026-02-02T16:29:55Z
FT.N,2025-10-30,12:30:00,EarningsReleases,Full Year 2025 Franklin Universal Trust Earnings Release,FT,Franklin Universal Trust,,,Closed End Funds,,,United States of America,US,United States of America,United States of America,200049876.24,,1061743,8294.8671875,0.006007753486945846,2025-05-26,2025-11-25,2025-11-25,2025-09-17,2026-02-02,2026-02-02T16:29:55Z
FTI.N,2025-10-23,10:45:00,EarningsReleases,Q3 2025 TechnipFMC PLC Earnings Release,FTI,TechnipFMC PLC,Energy,Energy Equipment & Services,Oil Related Services and Equipment,,,United Kingdom,GB,United Kingdom,United States of America,18215539472.58,22,189471446,1480245.671875,0.019964098229943314,2025-05-26,2025-11-25,2025-11-25,2025-09-17,2026-02-02,2026-02-02T16:29:55Z
FTK.N,2025-11-04,21:08:00,EarningsReleases,Q3 2025 Flotek Industries Inc Earnings Release,FTK,Flotek Industries Inc,Materials,Chemicals,Specialty Chemicals,,,United States of America,US,United States of America,United States of America,420809522.0,5,19571000,152898.4375,0.04259743252149582,2025-05-26,2025-11-25,2025-11-25,2025-09-17,2026-02-02,2026-02-02T16:29:55Z
FTS.N,2025-11-04,11:00:00,EarningsReleases,Q3 2025 Fortis Inc Earnings Release,FTS,Fortis Inc,Utilities,Electric Utilities,Electric Utilities,,,Canada,CA,Canada,United States of America,26250702579.9419,12,29517148,230602.71875,0.007506864467380957,2025-05-26,2025-11-25,2025-11-25,2025-09-17,2026-02-02,2026-02-02T16:29:55Z
FTV.N,2025-10-29,11:30:00,EarningsReleases,Q3 2025 Fortive Corp Earnings Release,FTV,Fortive Corp,Industrials,Machinery,Industrial Machinery & Equipment,,,United States of America,US,United States of America,United States of America,16922347966.08,19,137520062,1074375.484375,0.013772675884349952,2025-05-26,2025-11-25,2025-11-25,2025-09-17,2026-02-02,2026-02-02T16:29:55Z
FTW.N,2025-11-14,21:00:00,EarningsReleases,Q3 2025 EQV Ventures Acquisition Corp Earnings Release,FTW,EQV Ventures Acquisition Corp,,,Investment Holding Companies,,,United States of America,US,United States of America,United States of America,466674075.0,,1227970,9593.515625,0.0023819226338911907,2025-05-26,2025-11-25,2025-11-25,2025-09-17,2026-02-02,2026-02-02T16:29:55Z
FUBO.N,2025-11-03,13:30:00,EarningsReleases,Q3 2025 Fubotv Inc Earnings Release,FUBO,FuboTV Inc,Communication Services,Interactive Media & Services,Online Services,,,United States of America,US,United States of America,United States of America,4013873385.19,,322682049,2520953.5078125,0.03883251892409427,2025-05-26,2025-11-25,2025-11-25,2025-09-17,2026-02-02,2026-02-02T16:29:55Z
FUL.N,2025-09-24,20:00:00,EarningsReleases,Q3 2025 H.B. Fuller Company Earnings Release,FUL,H.B. Fuller Company,Materials,Chemicals,Specialty Chemicals,,,United States of America,US,United States of America,United States of America,3160954673.16,7,19200235,150001.8359375,0.01985056390191602,2025-05-26,2025-11-25,2025-11-25,2025-09-17,2026-02-02,2026-02-02T16:29:55Z
FUL.N,2026-01-14,21:05:01,EarningsReleases,Q4 2025 H.B. Fuller Company Earnings Release,FUL,H.B. Fuller Company,Materials,Chemicals,Specialty Chemicals,,,United States of America,US,United States of America,United States of America,3160954673.16,7,19200235,150001.8359375,0.01985056390191602,2025-05-26,2025-11-25,2025-11-25,2025-09-17,2026-02-02,2026-02-02T16:29:55Z
FUN.N,2025-11-07,11:00:00,EarningsReleases,Q3 2025 Six Flags Entertainment Corp Earnings Release,FUN,Six Flags Entertainment Corp,Consumer Discretionary,"Hotels, Restaurants & Leisure",Leisure & Recreation,,,United States of America,US,United States of America,United States of America,1488628699.83,15,108905170,850821.640625,0.043821883373355665,2025-05-26,2025-11-25,2025-11-25,2025-09-17,2026-02-02,2026-02-02T16:29:55Z
FVR.N,2025-11-12,21:13:00,EarningsReleases,Q3 2025 FrontView REIT Inc Earnings Release,FVR,FrontView REIT Inc,Real Estate,Retail REITs,Diversified REITs,,,United States of America,US,United States of America,United States of America,329135768.8,4,8062742,62990.171875,0.02216253934426765,2025-05-26,2025-11-25,2025-11-25,2025-09-17,2026-02-02,2026-02-02T16:29:55Z
FVRR.N,2025-11-05,06:00:00,EarningsReleases,Q3 2025 Fiverr International Ltd Earnings Release,FVRR,Fiverr International Ltd,Industrials,Professional Services,Online Services,,,Israel,IL,Israel,United States of America,755647195.38,11,27748757,216787.1640625,0.02595955591535607,2025-05-26,2025-11-25,2025-11-25,2025-09-17,2026-02-02,2026-02-02T16:29:55Z
G.N,2025-11-06,21:05:00,EarningsReleases,Q3 2025 Genpact Ltd Earnings Release,G,Genpact Ltd,Industrials,Professional Services,Business Support Services,,,Bermuda,BM,Bermuda,United States of America,7696579842.72,12,74966358,585674.671875,0.019197991055196054,2025-05-26,2025-11-25,2025-11-25,2025-09-17,2026-02-02,2026-02-02T16:29:55Z
GAM.N,2025-11-21,21:00:00,EarningsReleases,Full Year 2025 General American Investors Co Inc Earnings Release,GAM,General American Investors Co Inc,,,Closed End Funds,,,United States of America,US,United States of America,United States of America,1537200441.79,,477332,3729.15625,0.01143650499172355,2025-05-26,2025-11-25,2025-11-25,2025-09-17,2026-02-02,2026-02-02T16:29:55Z
GAP.N,2025-11-20,21:15:00,EarningsReleases,Q3 2025 Gap Inc Earnings Release,GAP,Gap Inc,Consumer Discretionary,Specialty Retail,Apparel & Accessories Retailers,,,United States of America,US,United States of America,United States of America,9893118284.0,21,275622345,2153299.5703125,0.03170077018405325,2025-05-26,2025-11-25,2025-11-25,2025-09-17,2026-02-02,2026-02-02T16:29:55Z
GATX.N,2025-10-21,12:30:00,EarningsReleases,Q3 2025 GATX Corp Earnings Release,GATX,GATX Corp,Industrials,Trading Companies & Distributors,Corporate Financial Services,,,United States of America,US,United States of America,United States of America,5690937000.0,4,8570595,66957.7734375,0.014973472138768007,2025-05-26,2025-11-25,2025-11-25,2025-09-17,2026-02-02,2026-02-02T16:29:55Z
GBCI.N,2025-10-16,20:05:01,EarningsReleases,Q3 2025 Glacier Bancorp Inc Earnings Release,GBCI,Glacier Bancorp Inc,Financials,Banks,Banks,,,United States of America,US,United States of America,United States of America,5618664579.36,6,40140315,313596.2109375,0.020071510088574312,2025-05-26,2025-11-25,2025-11-25,2025-09-17,2026-02-02,2026-02-02T16:29:55Z
GBCI.N,2026-01-22,21:30:01,EarningsReleases,Q4 2025 Glacier Bancorp Inc Earnings Release,GBCI,Glacier Bancorp Inc,Financials,Banks,Banks,,,United States of America,US,United States of America,United States of America,5618664579.36,6,40140315,313596.2109375,0.020071510088574312,2025-05-26,2025-11-25,2025-11-25,2025-09-17,2026-02-02,2026-02-02T16:29:55Z
GBTG.N,2025-11-10,12:05:00,EarningsReleases,Q3 2025 Global Business Travel Group Inc Earnings Release,GBTG,Global Business Travel Group Inc,Consumer Discretionary,"Hotels, Restaurants & Leisure",Online Services,,,United States of America,US,United States of America,United States of America,4052092269.42,7,62643543,489402.6796875,0.023091175607433144,2025-05-26,2025-11-25,2025-11-25,2025-09-17,2026-02-02,2026-02-02T16:29:55Z
GBX.N,2025-10-28,20:15:00,EarningsReleases,Q4 2025 Greenbrier Companies Inc Earnings Release,GBX,Greenbrier Companies Inc,Industrials,Machinery,Heavy Machinery & Vehicles,,,United States of America,US,United States of America,United States of America,1382691754.73,3,16535643,129184.7109375,0.023795561361377476,2025-05-26,2025-11-25,2025-11-25,2025-09-17,2026-02-02,2026-02-02T16:29:55Z
GBX.N,2026-01-08,21:15:00,EarningsReleases,Q1 2026 Greenbrier Companies Inc Earnings Release,GBX,Greenbrier Companies Inc,Industrials,Machinery,Heavy Machinery & Vehicles,,,United States of America,US,United States of America,United States of America,1382691754.73,3,16535643,129184.7109375,0.023795561361377476,2025-05-26,2025-11-25,2025-11-25,2025-09-17,2026-02-02,2026-02-02T16:29:55Z
GCO.N,2025-12-04,11:50:00,EarningsReleases,Q3 2026 Genesco Inc Earnings Release,GCO,Genesco Inc,Consumer Discretionary,Specialty Retail,Apparel & Accessories Retailers,,,United States of America,US,United States of America,United States of America,376760332.5,3,8924985,69726.4453125,0.034781206442189634,2025-05-26,2025-11-25,2025-11-25,2025-09-17,2026-02-02,2026-02-02T16:29:55Z
GCTS.N,2025-11-12,21:05:00,EarningsReleases,Q3 2025 GCT Semiconductor Holding Inc Earnings Release,GCTS,GCT Semiconductor Holding Inc,Information Technology,Semiconductors & Semiconductor Equipment,Semiconductors,,,United States of America,US,United States of America,United States of America,74800420.98,1,5982472,46738.0625,0.04536176564292864,2025-05-26,2025-11-25,2025-11-25,2025-09-17,2026-02-02,2026-02-02T16:29:55Z
GD.N,2025-10-24,11:00:00,EarningsReleases,Q3 2025 General Dynamics Corp Earnings Release,GD,General Dynamics Corp,Industrials,Aerospace & Defense,Aerospace & Defense,,,United States of America,US,United States of America,United States of America,92129979152.94,24,45707015,357086.0546875,0.010464536223612167,2025-05-26,2025-11-25,2025-11-25,2025-09-17,2026-02-02,2026-02-02T16:29:55Z
GD.N,2026-01-28,12:00:02,EarningsReleases,Q4 2025 General Dynamics Corp Earnings Release,GD,General Dynamics Corp,Industrials,Aerospace & Defense,Aerospace & Defense,,,United States of America,US,United States of America,United States of America,92129979152.94,24,45707015,357086.0546875,0.010464536223612167,2025-05-26,2025-11-25,2025-11-25,2025-09-17,2026-02-02,2026-02-02T16:29:55Z
GDDY.N,2025-10-30,20:07:00,EarningsReleases,Q3 2025 GoDaddy Inc Earnings Release,GDDY,GoDaddy Inc,Information Technology,IT Services,IT Services & Consulting,,,United States of America,US,United States of America,United States of America,17081897481.6,17,59448478,464441.234375,0.018052293770054035,2025-05-26,2025-11-25,2025-11-25,2025-09-17,2026-02-02,2026-02-02T16:29:55Z
GDOT.N,2025-11-10,21:05:00,EarningsReleases,Q3 2025 Green Dot Corp Earnings Release,GDOT,Green Dot Corp,Financials,Consumer Finance,Consumer Lending,,,United States of America,US,United States of America,United States of America,657140139.11,3,33005243,257853.4609375,0.037342948907268976,2025-05-26,2025-11-25,2025-11-25,2025-09-17,2026-02-02,2026-02-02T16:29:55Z
GE.N,2025-10-21,12:30:00,EarningsReleases,Q3 2025 General Electric Co Earnings Release,GE,General Electric Co,Industrials,Aerospace & Defense,Aerospace & Defense,,,United States of America,US,United States of America,United States of America,309524594043.84,18,167977068,1312320.84375,0.01433705264063557,2025-05-26,2025-11-25,2025-11-25,2025-09-17,2026-02-02,2026-02-02T16:29:55Z
GE.N,2026-01-22,13:30:00,EarningsReleases,Q4 2025 General Electric Co Earnings Release,GE,General Electric Co,Industrials,Aerospace & Defense,Aerospace & Defense,,,United States of America,US,United States of America,United States of America,309524594043.84,18,167977068,1312320.84375,0.01433705264063557,2025-05-26,2025-11-25,2025-11-25,2025-09-17,2026-02-02,2026-02-02T16:29:55Z
GEF.N,2025-11-05,21:05:13,EarningsReleases,Q4 2025 Greif Inc Earnings Release,GEF,Greif Inc,Materials,Containers & Packaging,Non-Paper Containers & Packaging,,,United States of America,US,United States of America,United States of America,3157979271.53,6,10356879,80913.1171875,0.020420815649600473,2025-05-26,2025-11-25,2025-11-25,2025-09-17,2026-02-02,2026-02-02T16:29:55Z
GEF.N,2026-01-27,21:05:03,EarningsReleases,Q1 2026 Greif Inc Earnings Release,GEF,Greif Inc,Materials,Containers & Packaging,Non-Paper Containers & Packaging,,,United States of America,US,United States of America,United States of America,3157979271.53,6,10356879,80913.1171875,0.020420815649600473,2025-05-26,2025-11-25,2025-11-25,2025-09-17,2026-02-02,2026-02-02T16:29:55Z
GEL.N,2025-10-30,10:00:00,EarningsReleases,Q3 2025 Genesis Energy LP Earnings Release,GEL,Genesis Energy LP,Energy,"Oil, Gas & Consumable Fuels",Oil & Gas Transportation Services,,,United States of America,US,United States of America,United States of America,1928813008.5,1,14689656,114762.9375,0.01811536204496941,2025-05-26,2025-11-25,2025-11-25,2025-09-17,2026-02-02,2026-02-02T16:29:55Z
GENI.N,2025-11-04,12:00:00,EarningsReleases,Q3 2025 Genius Sports Ltd Earnings Release,GENI,Genius Sports Ltd,Consumer Discretionary,"Hotels, Restaurants & Leisure",Online Services,,,United Kingdom,GB,United Kingdom,United States of America,2506859388.0,19,220115124,1719649.40625,0.029036204629366076,2025-05-26,2025-11-25,2025-11-25,2025-09-17,2026-02-02,2026-02-02T16:29:55Z
GEO.N,2025-11-06,11:00:00,EarningsReleases,Q3 2025 Geo Group Inc Earnings Release,GEO,Geo Group Inc,Industrials,Commercial Services & Supplies,Business Support Services,,,United States of America,US,United States of America,United States of America,2172869056.89,5,90326600,705676.5625,0.027841862286610647,2025-05-26,2025-11-25,2025-11-25,2025-09-17,2026-02-02,2026-02-02T16:29:55Z
GETY.N,2025-11-10,21:07:00,EarningsReleases,Q3 2025 Getty Images Holdings Inc Earnings Release,GETY,Getty Images Holdings Inc,Communication Services,Interactive Media & Services,Online Services,,,United States of America,US,United States of America,United States of America,661217687.79,3,40854018,319172.015625,0.04152701282837744,2025-05-26,2025-11-25,2025-11-25,2025-09-17,2026-02-02,2026-02-02T16:29:55Z
GEV.N,2025-10-22,12:30:00,EarningsReleases,Q3 2025 GE Vernova Inc Earnings Release,GEV,GE Vernova Inc,Industrials,Electrical Equipment,Electric Utilities,,,United States of America,US,United States of America,United States of America,155347242005.04,37,74823513,584558.6953125,0.027265342905569263,2025-05-26,2025-11-25,2025-11-25,2025-09-17,2026-02-02,2026-02-02T16:29:55Z
GEV.N,2026-01-28,13:30:00,EarningsReleases,Q4 2025 GE Vernova Inc Earnings Release,GEV,GE Vernova Inc,Industrials,Electrical Equipment,Electric Utilities,,,United States of America,US,United States of America,United States of America,155347242005.04,37,74823513,584558.6953125,0.027265342905569263,2025-05-26,2025-11-25,2025-11-25,2025-09-17,2026-02-02,2026-02-02T16:29:55Z
GFF.N,2025-11-19,12:32:00,EarningsReleases,Q4 2025 Griffon Corp Earnings Release,GFF,Griffon Corp,Industrials,Building Products,Construction Supplies & Fixtures,,,United States of America,US,United States of America,United States of America,3484899488.82,7,15358979,119992.0234375,0.022937339721962272,2025-05-26,2025-11-25,2025-11-25,2025-09-17,2026-02-02,2026-02-02T16:29:55Z
GFL.N,2025-11-05,21:05:00,EarningsReleases,Q3 2025 GFL Environmental Inc Earnings Release,GFL,GFL Environmental Inc,Industrials,Commercial Services & Supplies,Environmental Services & Equipment,,,Canada,CA,Canada,United States of America,16199280616.0664,20,39926665,311927.0703125,0.012621532342800385,2025-05-26,2025-11-25,2025-11-25,2025-09-17,2026-02-02,2026-02-02T16:29:55Z
GFR.N,2025-11-04,02:09:56,EarningsReleases,Q3 2025 Greenfire Resources Ltd Earnings Release,GFR,Greenfire Resources Ltd,Energy,"Oil, Gas & Consumable Fuels",Oil & Gas Exploration and Production,,,Canada,CA,Canada,United States of America,361830859.818388,1,1852443,14472.2109375,0.02694766614747328,2025-05-26,2025-11-25,2025-11-25,2025-09-17,2026-02-02,2026-02-02T16:29:55Z
GGG.N,2025-10-22,20:10:00,EarningsReleases,Q3 2025 Graco Inc Earnings Release,GGG,Graco Inc,Industrials,Machinery,Industrial Machinery & Equipment,,,United States of America,US,United States of America,United States of America,13739358558.66,13,36683768,286591.9375,0.011402977261432789,2025-05-26,2025-11-25,2025-11-25,2025-09-17,2026-02-02,2026-02-02T16:29:55Z
GGG.N,2026-01-26,21:00:00,EarningsReleases,Q4 2025 Graco Inc Earnings Release,GGG,Graco Inc,Industrials,Machinery,Industrial Machinery & Equipment,,,United States of America,US,United States of America,United States of America,13739358558.66,13,36683768,286591.9375,0.011402977261432789,2025-05-26,2025-11-25,2025-11-25,2025-09-17,2026-02-02,2026-02-02T16:29:55Z
GHC.N,2025-10-29,12:30:00,EarningsReleases,Q3 2025 Graham Holdings Co Earnings Release,GHC,Graham Holdings Co,Consumer Discretionary,Diversified Consumer Services,"Schools, Colleges & Universities",,,United States of America,US,United States of America,United States of America,4750678647.0,1,1187064,9273.9375,0.018910050831510608,2025-05-26,2025-11-25,2025-11-25,2025-09-17,2026-02-02,2026-02-02T16:29:55Z
GHG.N,2025-09-30,22:23:52,EarningsReleases,Half Year 2025 GreenTree Hospitality Group Ltd Earnings Release,GHG,GreenTree Hospitality Group Ltd,Consumer Discretionary,"Hotels, Restaurants & Leisure","Hotels, Motels & Cruise Lines",,,China,CN,China,United States of America,185789818.53,,442785,3459.2578125,0.03178289921596205,2025-05-26,2025-11-25,2025-11-25,2025-09-17,2026-02-02,2026-02-02T16:29:55Z
GHG.N,2025-12-23,14:30:59,EarningsReleases,Q3 2025 GreenTree Hospitality Group Ltd Earnings Release,GHG,GreenTree Hospitality Group Ltd,Consumer Discretionary,"Hotels, Restaurants & Leisure","Hotels, Motels & Cruise Lines",,,China,CN,China,United States of America,185789818.53,,442785,3459.2578125,0.03178289921596205,2025-05-26,2025-11-25,2025-11-25,2025-09-17,2026-02-02,2026-02-02T16:29:55Z
GHI.N,2025-11-06,13:15:00,EarningsReleases,Q3 2025 Greystone Housing Impact Investors LP Earnings Release,GHI,Greystone Housing Impact Investors LP,Financials,Financial Services,Banks,,,United States of America,US,United States of America,United States of America,158709908.69,1,1332263,10408.3046875,0.019119659378580605,2025-05-26,2025-11-25,2025-11-25,2025-09-17,2026-02-02,2026-02-02T16:29:55Z
GHM.N,2025-11-07,11:32:00,EarningsReleases,Q2 2026 Graham Corp Earnings Release,GHM,Graham Corp,Industrials,Machinery,Industrial Machinery & Equipment,,,United States of America,US,United States of America,United States of America,624884943.98,4,4452562,34785.640625,0.03171631088848559,2025-05-26,2025-11-25,2025-11-25,2025-09-17,2026-02-02,2026-02-02T16:29:55Z
GIB.N,2025-11-05,12:39:10,EarningsReleases,Q4 2025 CGI Inc Earnings Release,GIB,CGI Inc,Information Technology,IT Services,IT Services & Consulting,,,Canada,CA,Canada,United States of America,19550278069.4838,14,9697328,75760.375,0.013381333162686637,2025-05-26,2025-11-25,2025-11-25,2025-09-17,2026-02-02,2026-02-02T16:29:55Z
GIB.N,2026-01-28,11:30:00,EarningsReleases,Q1 2026 CGI Inc Earnings Release,GIB,CGI Inc,Information Technology,IT Services,IT Services & Consulting,,,Canada,CA,Canada,United States of America,19550278069.4838,14,9697328,75760.375,0.013381333162686637,2025-05-26,2025-11-25,2025-11-25,2025-09-17,2026-02-02,2026-02-02T16:29:55Z
GIC.N,2025-10-28,20:00:00,EarningsReleases,Q3 2025 Global Industrial Co Earnings Release,GIC,Global Industrial Co,Industrials,Trading Companies & Distributors,Diversified Industrial Goods Wholesale,,,United States of America,US,United States of America,United States of America,1080525962.46,2,4914620,38395.46875,0.03099923596764411,2025-05-26,2025-11-25,2025-11-25,2025-09-17,2026-02-02,2026-02-02T16:29:55Z
GIL.N,2025-10-29,10:45:00,EarningsReleases,Q3 2025 Gildan Activewear Inc Earnings Release,GIL,Gildan Activewear Inc,Consumer Discretionary,"Textiles, Apparel & Luxury Goods",Apparel & Accessories,,,Canada,CA,United States of America,United States of America,8525810251.13507,13,22971360,179463.75,0.01953020525806202,2025-05-26,2025-11-25,2025-11-25,2025-09-17,2026-02-02,2026-02-02T16:29:55Z
GIS.N,2025-09-17,11:00:01,EarningsReleases,Q1 2026 General Mills Inc Earnings Release,GIS,General Mills Inc,Consumer Staples,Food Products,Food Processing,,,United States of America,US,United States of America,United States of America,25043901012.9,22,224273167,1752134.1171875,0.013163620306844244,2025-05-26,2025-11-25,2025-11-25,2025-09-17,2026-02-02,2026-02-02T16:29:55Z
GIS.N,2025-12-17,12:00:00,EarningsReleases,Q2 2026 General Mills Inc Earnings Release,GIS,General Mills Inc,Consumer Staples,Food Products,Food Processing,,,United States of America,US,United States of America,United States of America,25043901012.9,22,224273167,1752134.1171875,0.013163620306844244,2025-05-26,2025-11-25,2025-11-25,2025-09-17,2026-02-02,2026-02-02T16:29:55Z
GKOS.N,2025-10-29,20:05:00,EarningsReleases,Q3 2025 Glaukos Corp Earnings Release,GKOS,Glaukos Corp,Health Care,Health Care Equipment & Supplies,"Medical Equipment, Supplies & Distribution",,,United States of America,US,United States of America,United States of America,5993315119.0,16,34643534,270652.609375,0.028445112116806323,2025-05-26,2025-11-25,2025-11-25,2025-09-17,2026-02-02,2026-02-02T16:29:55Z
GKOS.N,2026-01-13,21:05:00,EarningsReleases,Preliminary Q4 2025 Glaukos Corp Earnings Release,GKOS,Glaukos Corp,Health Care,Health Care Equipment & Supplies,"Medical Equipment, Supplies & Distribution",,,United States of America,US,United States of America,United States of America,5993315119.0,16,34643534,270652.609375,0.028445112116806323,2025-05-26,2025-11-25,2025-11-25,2025-09-17,2026-02-02,2026-02-02T16:29:55Z
GL.N,2025-10-22,20:10:00,EarningsReleases,Q3 2025 Globe Life Inc Earnings Release,GL,Globe Life Inc,Financials,Insurance,Life & Health Insurance,,,United States of America,US,United States of America,United States of America,10776237146.0,12,24538079,191703.7421875,0.014298302961244909,2025-05-26,2025-11-25,2025-11-25,2025-09-17,2026-02-02,2026-02-02T16:29:55Z
GLOB.N,2025-11-13,21:15:00,EarningsReleases,Q3 2025 Globant SA Earnings Release,GLOB,Globant SA,Information Technology,IT Services,IT Services & Consulting,,,Luxembourg,LU,United States of America,United States of America,2783238810.02,23,46720361,365002.8203125,0.030028914872486094,2025-05-26,2025-11-25,2025-11-25,2025-09-17,2026-02-02,2026-02-02T16:29:55Z
GLOP_pa.N,2025-10-29,,EarningsReleases,Q3 2025 GasLog Partners LP Earnings Release,GLOP PR A,GasLog Partners LP,Energy,"Oil, Gas & Consumable Fuels",Oil & Gas Transportation Services,,,Greece,GR,Greece,United States of America,129768791.68,,185032,1516.655737704918,0.005433128281122722,2025-05-26,2025-11-25,2025-11-25,2025-09-17,2026-02-02,2026-02-02T16:29:55Z
GLP.N,2025-11-07,13:00:00,EarningsReleases,Q3 2025 Global Partners LP Earnings Release,GLP,Global Partners LP,Energy,"Oil, Gas & Consumable Fuels",Oil & Gas Refining and Marketing,,,United States of America,US,United States of America,United States of America,1476087345.46,1,2161576,16887.3125,0.01597129990060942,2025-05-26,2025-11-25,2025-11-25,2025-09-17,2026-02-02,2026-02-02T16:29:55Z
GLW.N,2025-10-28,12:30:00,EarningsReleases,Q3 2025 Corning Inc Earnings Release,GLW,Corning Inc,Information Technology,"Electronic Equipment, Instruments & Components",Electronic Equipment & Parts,,,United States of America,US,United States of America,United States of America,71118044848.2,16,201229478,1572105.296875,0.02044687863209168,2025-05-26,2025-11-25,2025-11-25,2025-09-17,2026-02-02,2026-02-02T16:29:55Z
GLW.N,2026-01-28,12:03:00,EarningsReleases,Q4 2025 Corning Inc Earnings Release,GLW,Corning Inc,Information Technology,"Electronic Equipment, Instruments & Components",Electronic Equipment & Parts,,,United States of America,US,United States of America,United States of America,71118044848.2,16,201229478,1572105.296875,0.02044687863209168,2025-05-26,2025-11-25,2025-11-25,2025-09-17,2026-02-02,2026-02-02T16:29:55Z
GM.N,2025-10-21,10:30:00,EarningsReleases,Q3 2025 General Motors Co Earnings Release,GM,General Motors Co,Consumer Discretionary,Automobiles,Auto & Truck Manufacturers,,,United States of America,US,United States of America,United States of America,67893645632.34,32,300714709,2349333.6640625,0.022243827939648117,2025-05-26,2025-11-25,2025-11-25,2025-09-17,2026-02-02,2026-02-02T16:29:55Z
GM.N,2026-01-27,11:30:00,EarningsReleases,Q4 2025 General Motors Co Earnings Release,GM,General Motors Co,Consumer Discretionary,Automobiles,Auto & Truck Manufacturers,,,United States of America,US,United States of America,United States of America,67893645632.34,32,300714709,2349333.6640625,0.022243827939648117,2025-05-26,2025-11-25,2025-11-25,2025-09-17,2026-02-02,2026-02-02T16:29:55Z
GME.N,2025-12-09,21:02:00,EarningsReleases,Q3 2025 GameStop Corp Earnings Release,GME,GameStop Corp,Consumer Discretionary,Specialty Retail,Computer & Electronics Retailers,,,United States of America,US,United States of America,United States of America,9432957011.4,1,187969142,1468508.921875,0.03215917996402369,2025-05-26,2025-11-25,2025-11-25,2025-09-17,2026-02-02,2026-02-02T16:29:55Z
GMED.N,2025-11-06,21:15:02,EarningsReleases,Q3 2025 Globus Medical Inc Earnings Release,GMED,Globus Medical Inc,Health Care,Health Care Equipment & Supplies,"Medical Equipment, Supplies & Distribution",,,United States of America,US,United States of America,United States of America,12203455155.88,14,52430665,409614.5703125,0.03377840473998398,2025-05-26,2025-11-25,2025-11-25,2025-09-17,2026-02-02,2026-02-02T16:29:55Z
GMED.N,2026-01-07,21:27:58,EarningsReleases,Preliminary Q4 2025 Globus Medical Inc Earnings Release,GMED,Globus Medical Inc,Health Care,Health Care Equipment & Supplies,"Medical Equipment, Supplies & Distribution",,,United States of America,US,United States of America,United States of America,12203455155.88,14,52430665,409614.5703125,0.03377840473998398,2025-05-26,2025-11-25,2025-11-25,2025-09-17,2026-02-02,2026-02-02T16:29:55Z
GMRE.N,2025-11-04,21:05:01,EarningsReleases,Q3 2025 Global Medical REIT Inc Earnings Release,GMRE,Global Medical REIT Inc,Real Estate,Health Care REITs,Specialized REITs,,,United States of America,US,United States of America,United States of America,442040593.26,6,7044349,55033.9765625,0.019563970712731405,2025-05-26,2025-11-25,2025-11-25,2025-09-17,2026-02-02,2026-02-02T16:29:55Z
GNE.N,2025-11-03,12:30:00,EarningsReleases,Q3 2025 Genie Energy Ltd Earnings Release,GNE,Genie Energy Ltd,Utilities,Electric Utilities,Electric Utilities,,,United States of America,US,United States of America,United States of America,379937640.36,1,8665429,67698.6640625,0.028841582308672946,2025-05-26,2025-11-25,2025-11-25,2025-09-17,2026-02-02,2026-02-02T16:29:55Z
GNK.N,2025-11-05,21:20:00,EarningsReleases,Q3 2025 Genco Shipping & Trading Ltd Earnings Release,GNK,Genco Shipping & Trading Ltd,Industrials,Marine Transportation,Marine Freight & Logistics,,,United States of America,US,United States of America,United States of America,816863386.85,9,29161282,227822.515625,0.018916891385710018,2025-05-26,2025-11-25,2025-11-25,2025-09-17,2026-02-02,2026-02-02T16:29:55Z
GNL.N,2025-11-05,21:15:01,EarningsReleases,Q3 2025 Global Net Lease Inc Earnings Release,GNL,Global Net Lease Inc,Real Estate,Diversified REITs,Commercial REITs,,,United States of America,US,United States of America,United States of America,1793317310.1,3,76420777,597037.3203125,0.016174402960384096,2025-05-26,2025-11-25,2025-11-25,2025-09-17,2026-02-02,2026-02-02T16:29:55Z
GNRC.N,2025-10-29,10:00:01,EarningsReleases,Q3 2025 Generac Holdings Inc Earnings Release,GNRC,Generac Holdings Inc,Industrials,Electrical Equipment,Electrical Components & Equipment,,,United States of America,US,United States of America,United States of America,8718104844.96,24,32839880,256561.5625,0.03049848080996252,2025-05-26,2025-11-25,2025-11-25,2025-09-17,2026-02-02,2026-02-02T16:29:55Z
GNW.N,2025-11-05,21:15:00,EarningsReleases,Q3 2025 Genworth Financial Inc Earnings Release,GNW,Genworth Financial Inc,Financials,Insurance,Multiline Insurance & Brokers,,,United States of America,US,United States of America,United States of America,3502567572.59,1,198626744,1551771.4375,0.020042309962761854,2025-05-26,2025-11-25,2025-11-25,2025-09-17,2026-02-02,2026-02-02T16:29:55Z
GOLD.N,2025-11-06,21:05:15,EarningsReleases,Q1 2026 A-Mark Precious Metals Inc Earnings Release,GOLD,Gold.com Inc,Consumer Discretionary,Distributors,Specialty Mining & Metals,,,United States of America,US,United States of America,United States of America,654801336.02,4,14502207,113298.4921875,0.02688211550153493,2025-05-26,2025-11-25,2025-11-25,2025-09-17,2026-02-02,2026-02-02T16:29:55Z
GOLF.N,2025-11-05,11:25:00,EarningsReleases,Q3 2025 Acushnet Holdings Corp Earnings Release,GOLF,Acushnet Holdings Corp,Consumer Discretionary,Leisure Products,Recreational Products,,,United States of America,US,United States of America,United States of America,4936350835.35,9,15539501,121402.3515625,0.017035469863789964,2025-05-26,2025-11-25,2025-11-25,2025-09-17,2026-02-02,2026-02-02T16:29:55Z
GOOS.N,2025-11-06,11:45:00,EarningsReleases,Q2 2026 Canada Goose Holdings Inc Earnings Release,GOOS,Canada Goose Holdings Inc,Consumer Discretionary,"Textiles, Apparel & Luxury Goods",Apparel & Accessories,,,Canada,CA,Canada,United States of America,1308363789.13783,9,34306528,268019.75,0.03508578082627834,2025-05-26,2025-11-25,2025-11-25,2025-09-17,2026-02-02,2026-02-02T16:29:55Z
GOTU.N,2025-11-26,06:11:51,EarningsReleases,Q3 2025 Gaotu Techedu Inc Earnings Release,GOTU,Gaotu Techedu Inc,Consumer Discretionary,Diversified Consumer Services,Miscellaneous Educational Service Providers,,,China,CN,China,United States of America,631755639.09,7,16424668,128317.71875,0.025394051751693705,2025-05-26,2025-11-25,2025-11-25,2025-09-17,2026-02-02,2026-02-02T16:29:55Z
GPC.N,2025-10-21,10:55:00,EarningsReleases,Q3 2025 Genuine Parts Co Earnings Release,GPC,Genuine Parts Co,Consumer Discretionary,Distributors,"Auto, Truck & Motorcycle Parts",,,United States of America,US,United States of America,United States of America,17927170135.0,13,51322512,400957.125,0.013791797101525146,2025-05-26,2025-11-25,2025-11-25,2025-09-17,2026-02-02,2026-02-02T16:29:55Z
GPGI.N,2025-11-03,10:00:00,EarningsReleases,Q3 2025 CompoSecure Inc Earnings Release,GPGI,GPGI Inc,Information Technology,"Technology Hardware, Storage & Peripherals",Business Support Services,,,United States of America,US,United States of America,United States of America,2446316865.44,6,43303803,338310.9609375,0.028909452135136383,2025-05-26,2025-11-25,2025-11-25,2025-09-17,2026-02-02,2026-02-02T16:29:55Z
GPI.N,2025-10-28,09:01:00,EarningsReleases,Q3 2025 Group 1 Automotive Inc Earnings Release,GPI,Group 1 Automotive Inc,Consumer Discretionary,Specialty Retail,"Auto Vehicles, Parts & Service Retailers",,,United States of America,US,United States of America,United States of America,5160617493.86,12,6563455,51276.9921875,0.021569684385143516,2025-05-26,2025-11-25,2025-11-25,2025-09-17,2026-02-02,2026-02-02T16:29:55Z
GPI.N,2026-01-29,10:01:00,EarningsReleases,Q4 2025 Group 1 Automotive Inc Earnings Release,GPI,Group 1 Automotive Inc,Consumer Discretionary,Specialty Retail,"Auto Vehicles, Parts & Service Retailers",,,United States of America,US,United States of America,United States of America,5160617493.86,12,6563455,51276.9921875,0.021569684385143516,2025-05-26,2025-11-25,2025-11-25,2025-09-17,2026-02-02,2026-02-02T16:29:55Z
GPK.N,2025-11-04,11:30:00,EarningsReleases,Q3 2025 Graphic Packaging Holding Co Earnings Release,GPK,Graphic Packaging Holding Co,Materials,Containers & Packaging,Paper Packaging,,,United States of America,US,United States of America,United States of America,4754433334.32,13,138450107,1081641.4609375,0.018840600786249922,2025-05-26,2025-11-25,2025-11-25,2025-09-17,2026-02-02,2026-02-02T16:29:55Z
GPMT.N,2025-11-05,21:47:00,EarningsReleases,Q3 2025 Granite Point Mortgage Trust Inc Earnings Release,GPMT,Granite Point Mortgage Trust Inc,Financials,Mortgage Real Estate Investment Trusts (REITs),Specialized REITs,,,United States of America,US,United States of America,United States of America,130365768.5,3,17347593,135528.0703125,0.02529243665727729,2025-05-26,2025-11-25,2025-11-25,2025-09-17,2026-02-02,2026-02-02T16:29:55Z
GPN.N,2025-11-04,11:55:00,EarningsReleases,Q3 2025 Global Payments Inc Earnings Release,GPN,Global Payments Inc,Financials,Financial Services,Business Support Services,,,United States of America,US,United States of America,United States of America,17523769858.32,34,100491666,785091.140625,0.021702318280957086,2025-05-26,2025-11-25,2025-11-25,2025-09-17,2026-02-02,2026-02-02T16:29:55Z
GPOR.N,2025-11-04,21:01:00,EarningsReleases,Q3 2025 Gulfport Energy Corp Earnings Release,GPOR,Gulfport Energy Corp,Energy,"Oil, Gas & Consumable Fuels",Oil & Gas Exploration and Production,,,United States of America,US,United States of America,United States of America,4094779291.62,16,9317780,72795.15625,0.021433415738571767,2025-05-26,2025-11-25,2025-11-25,2025-09-17,2026-02-02,2026-02-02T16:29:55Z
GPRK.N,2025-11-05,21:33:00,EarningsReleases,Q3 2025 GeoPark Ltd Earnings Release,GPRK,GeoPark Ltd,Energy,"Oil, Gas & Consumable Fuels",Oil & Gas Exploration and Production,,,Colombia,CO,Colombia,United States of America,406373425.92,4,29858419,233268.8984375,0.03624226519877014,2025-05-26,2025-11-25,2025-11-25,2025-09-17,2026-02-02,2026-02-02T16:29:55Z
GRBK.N,2025-10-29,20:05:00,EarningsReleases,Q3 2025 Green Brick Partners Inc Earnings Release,GRBK,Green Brick Partners Inc,Consumer Discretionary,Household Durables,Homebuilding,,,United States of America,US,United States of America,United States of America,2960248409.1,3,11712517,91504.0390625,0.023169373453781245,2025-05-26,2025-11-25,2025-11-25,2025-09-17,2026-02-02,2026-02-02T16:29:55Z
GRC.N,2025-10-24,10:30:00,EarningsReleases,Q3 2025 Gorman-Rupp Co Earnings Release,GRC,Gorman-Rupp Co,Industrials,Machinery,Industrial Machinery & Equipment,,,United States of America,US,United States of America,United States of America,1221705254.06,2,4102804,32053.15625,0.016946300482490042,2025-05-26,2025-11-25,2025-11-25,2025-09-17,2026-02-02,2026-02-02T16:29:55Z
GRDN.N,2025-11-10,21:05:00,EarningsReleases,Q3 2025 Guardian Pharmacy Services Inc Earnings Release,GRDN,Guardian Pharmacy Services Inc,Health Care,Health Care Providers & Services,Drug Retailers,,,United States of America,US,United States of America,United States of America,1859093814.24,4,13384325,104565.0390625,0.025648781189085038,2025-05-26,2025-11-25,2025-11-25,2025-09-17,2026-02-02,2026-02-02T16:29:55Z
GRMN.N,2025-10-29,11:00:02,EarningsReleases,Q3 2025 Garmin Ltd Earnings Release,GRMN,Garmin Ltd,Consumer Discretionary,Household Durables,Communications & Networking,,,Switzerland,CH,Switzerland,United States of America,37107154121.58,8,37245507,290980.5234375,0.01833170894766841,2025-05-26,2025-11-25,2025-11-25,2025-09-17,2026-02-02,2026-02-02T16:29:55Z
GRND.N,2025-11-06,21:05:01,EarningsReleases,Q3 2025 Grindr Inc Earnings Release,GRND,Grindr Inc,Communication Services,Interactive Media & Services,Software,,,United States of America,US,United States of America,United States of America,2329497265.81,4,84765676,662231.84375,0.03523739615352494,2025-05-26,2025-11-25,2025-11-25,2025-09-17,2026-02-02,2026-02-02T16:29:55Z
GRNT.N,2025-11-06,23:08:00,EarningsReleases,Q3 2025 Granite Ridge Resources Inc Earnings Release,GRNT,Granite Ridge Resources Inc,Energy,"Oil, Gas & Consumable Fuels",Oil & Gas Exploration and Production,,,United States of America,US,United States of America,United States of America,669381517.8,5,26928620,210379.84375,0.023492511512448792,2025-05-26,2025-11-25,2025-11-25,2025-09-17,2026-02-02,2026-02-02T16:29:55Z
GROV.N,2025-11-13,21:10:00,EarningsReleases,Q3 2025 Grove Collaborative Holdings Inc Earnings Release,GROV,Grove Collaborative Holdings Inc,Consumer Discretionary,Specialty Retail,Online Services,,,United States of America,US,United States of America,United States of America,56701087.35,1,2699789,21092.1015625,0.042027159197991604,2025-05-26,2025-11-25,2025-11-25,2025-09-17,2026-02-02,2026-02-02T16:29:55Z
GS.N,2025-10-14,11:30:00,EarningsReleases,Q3 2025 Goldman Sachs Group Inc Earnings Release,GS,Goldman Sachs Group Inc,Financials,Capital Markets,Investment Banking & Brokerage Services,,,United States of America,US,United States of America,United States of America,240638642945.52,28,68376922,534194.703125,0.01419092383892399,2025-05-26,2025-11-25,2025-11-25,2025-09-17,2026-02-02,2026-02-02T16:29:55Z
GS.N,2026-01-15,12:30:00,EarningsReleases,Q4 2025 Goldman Sachs Group Inc Earnings Release,GS,Goldman Sachs Group Inc,Financials,Capital Markets,Investment Banking & Brokerage Services,,,United States of America,US,United States of America,United States of America,240638642945.52,28,68376922,534194.703125,0.01419092383892399,2025-05-26,2025-11-25,2025-11-25,2025-09-17,2026-02-02,2026-02-02T16:29:55Z
GSBD.N,2025-11-06,22:17:00,EarningsReleases,Q3 2025 Goldman Sachs BDC Inc Earnings Release,GSBD,Goldman Sachs BDC Inc,Financials,Capital Markets,Corporate Financial Services,,,United States of America,US,United States of America,United States of America,1116026078.88,4,29000661,226567.6640625,0.011220002122716722,2025-05-26,2025-11-25,2025-11-25,2025-09-17,2026-02-02,2026-02-02T16:29:55Z
GSL.N,2025-11-10,13:00:01,EarningsReleases,Q3 2025 Global Ship Lease Inc Earnings Release,GSL,Global Ship Lease Inc,Industrials,Marine Transportation,Marine Freight & Logistics,,,United Kingdom,GB,United Kingdom,United States of America,1257338417.8,4,12046167,94110.6796875,0.016243898497801477,2025-05-26,2025-11-25,2025-11-25,2025-09-17,2026-02-02,2026-02-02T16:29:55Z
GTES.N,2025-10-29,12:00:01,EarningsReleases,Q3 2025 Gates Industrial Corporation PLC Earnings Release,GTES,Gates Industrial Corporation PLC,Industrials,Machinery,Industrial Machinery & Equipment,,,United States of America,US,United States of America,United States of America,5855216463.97,12,89690131,700704.1484375,0.020365353183249786,2025-05-26,2025-11-25,2025-11-25,2025-09-17,2026-02-02,2026-02-02T16:29:55Z
GTLS.N,2025-10-29,12:30:00,EarningsReleases,Q3 2025 Chart Industries Inc Earnings Release,GTLS,Chart Industries Inc,Industrials,Machinery,Industrial Machinery & Equipment,,,United States of America,US,United States of America,United States of America,9165907116.7,16,38696966,302320.046875,0.020778285062854694,2025-05-26,2025-11-25,2025-11-25,2025-09-17,2026-02-02,2026-02-02T16:29:55Z
GTN.N,2025-11-07,11:00:01,EarningsReleases,Q3 2025 Gray Television Inc Earnings Release,GTN,Gray Media Inc,Communication Services,Media,Broadcasting,,,United States of America,US,United States of America,United States of America,528154685.33,5,62624187,489251.4609375,0.03868158455965607,2025-05-26,2025-11-25,2025-11-25,2025-09-17,2026-02-02,2026-02-02T16:29:55Z
GTY.N,2025-10-22,20:05:05,EarningsReleases,Q3 2025 Getty Realty Corp Earnings Release,GTY,Getty Realty Corp,Real Estate,Retail REITs,Commercial REITs,,,United States of America,US,United States of America,United States of America,1650882004.83,4,17240613,134692.2890625,0.011012166166621798,2025-05-26,2025-11-25,2025-11-25,2025-09-17,2026-02-02,2026-02-02T16:29:55Z
GVA.N,2025-11-06,11:45:00,EarningsReleases,Q3 2025 Granite Construction Inc Earnings Release,GVA,Granite Construction Inc,Industrials,Construction & Engineering,Construction & Engineering,,,United States of America,US,United States of America,United States of America,4609856011.66,5,23493819,183545.4609375,0.013526044156346215,2025-05-26,2025-11-25,2025-11-25,2025-09-17,2026-02-02,2026-02-02T16:29:55Z
GWH.N,2025-11-13,21:29:00,EarningsReleases,Q3 2025 ESS Tech Inc Earnings Release,GWH,ESS Tech Inc,Industrials,Electrical Equipment,Electrical Components & Equipment,,,United States of America,US,United States of America,United States of America,50612040.6,2,33049711,258200.8671875,0.16573918731435328,2025-05-26,2025-11-25,2025-11-25,2025-09-17,2026-02-02,2026-02-02T16:29:55Z
GWH.N,2026-01-29,13:30:00,EarningsReleases,Preliminary Q4 2025 ESS Tech Inc Earnings Release,GWH,ESS Tech Inc,Industrials,Electrical Equipment,Electrical Components & Equipment,,,United States of America,US,United States of America,United States of America,50612040.6,2,33049711,258200.8671875,0.16573918731435328,2025-05-26,2025-11-25,2025-11-25,2025-09-17,2026-02-02,2026-02-02T16:29:55Z
GWRE.N,2025-12-03,21:00:00,EarningsReleases,Q1 2026 Guidewire Software Inc Earnings Release,GWRE,Guidewire Software Inc,Information Technology,Software,Software,,,United States of America,US,United States of America,United States of America,18224649903.48,16,28053675,219169.3359375,0.02549485251254494,2025-05-26,2025-11-25,2025-11-25,2025-09-17,2026-02-02,2026-02-02T16:29:55Z
GWW.N,2025-10-31,12:00:00,EarningsReleases,Q3 2025 WW Grainger Inc Earnings Release,GWW,WW Grainger Inc,Industrials,Trading Companies & Distributors,Industrial Machinery & Equipment,,,United States of America,US,United States of America,United States of America,44779588119.75,22,10825527,84574.4296875,0.015110912701536038,2025-05-26,2025-11-25,2025-11-25,2025-09-17,2026-02-02,2026-02-02T16:29:55Z
GXO.N,2025-11-04,21:30:00,EarningsReleases,Q3 2025 GXO Logistics Inc Earnings Release,GXO,GXO Logistics Inc,Industrials,Air Freight & Logistics,"Courier, Postal, Air Freight & Land-based Logistics",,,United States of America,US,United States of America,United States of America,5684591947.8,16,43958881,343428.7578125,0.021091160043978565,2025-05-26,2025-11-25,2025-11-25,2025-09-17,2026-02-02,2026-02-02T16:29:55Z
H.N,2025-11-06,11:55:00,EarningsReleases,Q3 2025 Hyatt Hotels Corp Earnings Release,H,Hyatt Hotels Corp,Consumer Discretionary,"Hotels, Restaurants & Leisure","Hotels, Motels & Cruise Lines",,,United States of America,US,United States of America,United States of America,15801795609.6,24,37080596,289692.15625,0.018214129742586693,2025-05-26,2025-11-25,2025-11-25,2025-09-17,2026-02-02,2026-02-02T16:29:55Z
HAE.N,2025-11-06,11:00:00,EarningsReleases,Q2 2026 Haemonetics Corp Earnings Release,HAE,Haemonetics Corp,Health Care,Health Care Equipment & Supplies,"Medical Equipment, Supplies & Distribution",,,United States of America,US,United States of America,United States of America,3774263853.36,11,29556426,230909.578125,0.04068172458642514,2025-05-26,2025-11-25,2025-11-25,2025-09-17,2026-02-02,2026-02-02T16:29:55Z
HAFN.N,2025-12-01,06:43:00,EarningsReleases,Q3 2025 Hafnia Ltd Earnings Release,HAFN,Hafnia Ltd,Energy,"Oil, Gas & Consumable Fuels",Oil & Gas Transportation Services,,,Singapore,SG,Singapore,United States of America,3037383801.51082,8,43255476,337933.40625,0.02212082913910289,2025-05-26,2025-11-25,2025-11-25,2025-09-17,2026-02-02,2026-02-02T16:29:55Z
HAL.N,2025-10-21,10:45:00,EarningsReleases,Q3 2025 Halliburton Co Earnings Release,HAL,Halliburton Co,Energy,Energy Equipment & Services,Oil Related Services and Equipment,,,United States of America,US,United States of America,United States of America,21621387610.9,27,511288618,3994442.328125,0.024853462734895748,2025-05-26,2025-11-25,2025-11-25,2025-09-17,2026-02-02,2026-02-02T16:29:55Z
HAL.N,2026-01-21,11:45:00,EarningsReleases,Q4 2025 Halliburton Co Earnings Release,HAL,Halliburton Co,Energy,Energy Equipment & Services,Oil Related Services and Equipment,,,United States of America,US,United States of America,United States of America,21621387610.9,27,511288618,3994442.328125,0.024853462734895748,2025-05-26,2025-11-25,2025-11-25,2025-09-17,2026-02-02,2026-02-02T16:29:55Z
HASI.N,2025-11-06,21:05:02,EarningsReleases,Q3 2025 HA Sustainable Infrastructure Capital Inc Earnings Release,HASI,HA Sustainable Infrastructure Capital Inc,Financials,Financial Services,Investment Management & Fund Operators,,,United States of America,US,United States of America,United States of America,4231217683.52,16,57372889,448225.6953125,0.022895957230105256,2025-05-26,2025-11-25,2025-11-25,2025-09-17,2026-02-02,2026-02-02T16:29:55Z
HAYW.N,2025-10-29,11:01:00,EarningsReleases,Q3 2025 Hayward Holdings Inc Earnings Release,HAYW,Hayward Holdings Inc,Industrials,Building Products,Industrial Machinery & Equipment,,,United States of America,US,United States of America,United States of America,3580412075.89,10,96611522,754777.515625,0.02008417475546327,2025-05-26,2025-11-25,2025-11-25,2025-09-17,2026-02-02,2026-02-02T16:29:55Z
HBB.N,2025-11-05,21:05:00,EarningsReleases,Q3 2025 Hamilton Beach Brands Holding Co Earnings Release,HBB,Hamilton Beach Brands Holding Co,Consumer Discretionary,Household Durables,"Appliances, Tools & Housewares",,,United States of America,US,United States of America,United States of America,212670664.64,,1202998,9398.421875,0.03280747169144619,2025-05-26,2025-11-25,2025-11-25,2025-09-17,2026-02-02,2026-02-02T16:29:55Z
HBM.N,2025-11-12,11:00:02,EarningsReleases,Q3 2025 Hudbay Minerals Inc Earnings Release,HBM,Hudbay Minerals Inc,Materials,Metals & Mining,Specialty Mining & Metals,,,Canada,CA,Canada,United States of America,6246700036.4152,13,196042061,1531578.6015625,0.030519761162142483,2025-05-26,2025-11-25,2025-11-25,2025-09-17,2026-02-02,2026-02-02T16:29:55Z
HCA.N,2025-10-24,11:00:00,EarningsReleases,Q3 2025 HCA Healthcare Inc Earnings Release,HCA,HCA Healthcare Inc,Health Care,Health Care Providers & Services,Healthcare Facilities & Services,,,United States of America,US,United States of America,United States of America,117713823315.0,26,45793169,357759.1328125,0.014522963987513971,2025-05-26,2025-11-25,2025-11-25,2025-09-17,2026-02-02,2026-02-02T16:29:55Z
HCA.N,2026-01-27,12:00:00,EarningsReleases,Q4 2025 HCA Healthcare Inc Earnings Release,HCA,HCA Healthcare Inc,Health Care,Health Care Providers & Services,Healthcare Facilities & Services,,,United States of America,US,United States of America,United States of America,117713823315.0,26,45793169,357759.1328125,0.014522963987513971,2025-05-26,2025-11-25,2025-11-25,2025-09-17,2026-02-02,2026-02-02T16:29:55Z
HCC.N,2025-11-05,21:05:01,EarningsReleases,Q3 2025 Warrior Met Coal Inc Earnings Release,HCC,Warrior Met Coal Inc,Materials,Metals & Mining,Iron & Steel,,,United States of America,US,United States of America,United States of America,4067878671.28,8,38409138,300071.390625,0.0373603182724178,2025-05-26,2025-11-25,2025-11-25,2025-09-17,2026-02-02,2026-02-02T16:29:55Z
HCI.N,2025-11-06,21:15:01,EarningsReleases,Q3 2025 Hci Group Inc Earnings Release,HCI,Hci Group Inc,Financials,Insurance,Property & Casualty Insurance,,,United States of America,US,United States of America,United States of America,2275782497.2,5,6058740,47333.90625,0.021575672205641168,2025-05-26,2025-11-25,2025-11-25,2025-09-17,2026-02-02,2026-02-02T16:29:55Z
HD.N,2025-11-18,13:30:00,EarningsReleases,Q3 2025 Home Depot Inc Earnings Release,HD,Home Depot Inc,Consumer Discretionary,Specialty Retail,Home Improvement Products & Services Retailers,,,United States of America,US,United States of America,United States of America,349494217038.95,37,128656662,1005130.171875,0.01361368929824373,2025-05-26,2025-11-25,2025-11-25,2025-09-17,2026-02-02,2026-02-02T16:29:55Z
HE.N,2025-11-07,21:05:00,EarningsReleases,Q3 2025 Hawaiian Electric Industries Inc Earnings Release,HE,Hawaiian Electric Industries Inc,Utilities,Electric Utilities,Electric Utilities,,,United States of America,US,United States of America,United States of America,2024838183.48,3,73181546,571730.828125,0.017675043215359412,2025-05-26,2025-11-25,2025-11-25,2025-09-17,2026-02-02,2026-02-02T16:29:55Z
HEI.N,2025-12-18,21:15:00,EarningsReleases,Q4 2025 HEICO Corp Earnings Release,HEI,HEICO Corp,Industrials,Aerospace & Defense,Aerospace & Defense,,,United States of America,US,United States of America,United States of America,38018692232.78,20,15294961,119491.8828125,0.01711338664622096,2025-05-26,2025-11-25,2025-11-25,2025-09-17,2026-02-02,2026-02-02T16:29:55Z
HESM.N,2025-11-03,13:00:02,EarningsReleases,Q3 2025 Hess Midstream LP Earnings Release,HESM,Hess Midstream LP,Energy,"Oil, Gas & Consumable Fuels",Oil & Gas Transportation Services,,,United States of America,US,United States of America,United States of America,6793071296.54,7,63448549,495691.7890625,0.01723119739585762,2025-05-26,2025-11-25,2025-11-25,2025-09-17,2026-02-02,2026-02-02T16:29:55Z
HESM.N,2026-02-02,13:30:00,EarningsReleases,Q4 2025 Hess Midstream LP Earnings Release,HESM,Hess Midstream LP,Energy,"Oil, Gas & Consumable Fuels",Oil & Gas Transportation Services,,,United States of America,US,United States of America,United States of America,6793071296.54,7,63448549,495691.7890625,0.01723119739585762,2025-05-26,2025-11-25,2025-11-25,2025-09-17,2026-02-02,2026-02-02T16:29:55Z
HG.N,2025-11-04,21:15:00,EarningsReleases,Q3 2025 Hamilton Insurance Group Ltd Earnings Release,HG,Hamilton Insurance Group Ltd,Financials,Insurance,Reinsurance,,,Bermuda,BM,Bermuda,United States of America,2714777372.4,7,20285689,158481.9453125,0.019167298871116727,2025-05-26,2025-11-25,2025-11-25,2025-09-17,2026-02-02,2026-02-02T16:29:55Z
HGTY.N,2025-11-04,11:55:00,EarningsReleases,Q3 2025 Hagerty Inc Earnings Release,HGTY,Hagerty Inc,Financials,Insurance,Property & Casualty Insurance,,,United States of America,US,United States of America,United States of America,4580237616.11,8,6600596,51567.15625,0.026989304822918586,2025-05-26,2025-11-25,2025-11-25,2025-09-17,2026-02-02,2026-02-02T16:29:55Z
HGV.N,2025-10-30,11:30:00,EarningsReleases,Q3 2025 Hilton Grand Vacations Inc Earnings Release,HGV,Hilton Grand Vacations Inc,Consumer Discretionary,"Hotels, Restaurants & Leisure","Hotels, Motels & Cruise Lines",,,United States of America,US,United States of America,United States of America,3584255596.7,10,40622465,317363.0078125,0.024104451675609363,2025-05-26,2025-11-25,2025-11-25,2025-09-17,2026-02-02,2026-02-02T16:29:55Z
HHH.N,2025-11-10,12:00:00,EarningsReleases,Q3 2025 Howard Hughes Holdings Inc Earnings Release,HHH,Howard Hughes Holdings Inc,Real Estate,Real Estate Management & Development,"Real Estate Rental, Development & Operations",,,United States of America,US,United States of America,United States of America,5245409587.2,3,15373187,120103.0234375,0.01802053527110551,2025-05-26,2025-11-25,2025-11-25,2025-09-17,2026-02-02,2026-02-02T16:29:55Z
HI.N,2025-11-19,21:15:00,EarningsReleases,Q4 2025 Hillenbrand Inc Earnings Release,HI,Hillenbrand Inc,Industrials,Machinery,Industrial Machinery & Equipment,,,United States of America,US,United States of America,United States of America,2237886435.06,3,32045644,250356.59375,0.03494174763818075,2025-05-26,2025-11-25,2025-11-25,2025-09-17,2026-02-02,2026-02-02T16:29:55Z
HI.N,2026-01-16,13:30:00,EarningsReleases,Q1 2026 Hillenbrand Inc Preliminary Earnings Release,HI,Hillenbrand Inc,Industrials,Machinery,Industrial Machinery & Equipment,,,United States of America,US,United States of America,United States of America,2237886435.06,3,32045644,250356.59375,0.03494174763818075,2025-05-26,2025-11-25,2025-11-25,2025-09-17,2026-02-02,2026-02-02T16:29:55Z
HIG.N,2025-10-27,20:15:00,EarningsReleases,Q3 2025 Hartford Financial Services Group Inc Earnings Release,HIG,Hartford Insurance Group Inc,Financials,Insurance,Multiline Insurance & Brokers,,,United States of America,US,United States of America,United States of America,38333920670.44,22,65996598,515598.421875,0.011419762627732226,2025-05-26,2025-11-25,2025-11-25,2025-09-17,2026-02-02,2026-02-02T16:29:55Z
HIG.N,2026-01-29,21:15:00,EarningsReleases,Q4 2025 Hartford Insurance Group Inc Earnings Release,HIG,Hartford Insurance Group Inc,Financials,Insurance,Multiline Insurance & Brokers,,,United States of America,US,United States of America,United States of America,38333920670.44,22,65996598,515598.421875,0.011419762627732226,2025-05-26,2025-11-25,2025-11-25,2025-09-17,2026-02-02,2026-02-02T16:29:55Z
HII.N,2025-10-30,11:15:00,EarningsReleases,Q3 2025 Huntington Ingalls Industries Inc Earnings Release,HII,Huntington Ingalls Industries Inc,Industrials,Aerospace & Defense,Aerospace & Defense,,,United States of America,US,United States of America,United States of America,12350456522.82,13,18932644,147911.28125,0.016545913834417086,2025-05-26,2025-11-25,2025-11-25,2025-09-17,2026-02-02,2026-02-02T16:29:55Z
HIMS.N,2025-11-03,21:05:01,EarningsReleases,Q3 2025 Hims & Hers Health Inc Earnings Release,HIMS,Hims & Hers Health Inc,Health Care,Health Care Providers & Services,Healthcare Facilities & Services,,,United States of America,US,United States of America,United States of America,8443483384.26,15,600760634,4693442.453125,0.062222226352616324,2025-05-26,2025-11-25,2025-11-25,2025-09-17,2026-02-02,2026-02-02T16:29:55Z
HIO.N,2025-11-26,,EarningsReleases,Full Year 2025 Western Asset High Income Opportunity Fund Inc Earnings Release,HIO,Western Asset High Income Opportunity Fund Inc,,,Closed End Funds,,,United States of America,US,United States of America,United States of America,357573048.4,,7755432,60589.3125,0.00631590034317044,2025-05-26,2025-11-25,2025-11-25,2025-09-17,2026-02-02,2026-02-02T16:29:55Z
HIPO.N,2025-11-05,11:00:00,EarningsReleases,Q3 2025 Hippo Holdings Inc Earnings Release,HIPO,Hippo Holdings Inc,Financials,Insurance,Property & Casualty Insurance,,,United States of America,US,United States of America,United States of America,849741903.66,4,9274430,72456.484375,0.03134084857320568,2025-05-26,2025-11-25,2025-11-25,2025-09-17,2026-02-02,2026-02-02T16:29:55Z
HIW.N,2025-10-28,20:00:00,EarningsReleases,Q3 2025 Highwoods Properties Inc Earnings Release,HIW,Highwoods Properties Inc,Real Estate,Office REITs,Commercial REITs,,,United States of America,US,United States of America,United States of America,3028677041.52,4,42470216,331798.5625,0.013305621877082438,2025-05-26,2025-11-25,2025-11-25,2025-09-17,2026-02-02,2026-02-02T16:29:55Z
HKD.N,2025-10-31,13:00:00,EarningsReleases,Half Year 2025 AMTD Digital Inc Earnings Release,HKD,AMTD Digital Inc,Information Technology,Software,Software,,,France,FR,France,United States of America,300853763.53,,34242543,267519.8671875,0.07102015176971956,2025-05-26,2025-11-25,2025-11-25,2025-09-17,2026-02-02,2026-02-02T16:29:55Z
HL.N,2025-11-05,21:42:01,EarningsReleases,Q3 2025 Hecla Mining Co Earnings Release,HL,Hecla Mining Co,Materials,Metals & Mining,Non-Gold Precious Metals & Minerals,,,United States of America,US,United States of America,United States of America,10038078076.6,10,661431008,5167429.75,0.04117307767248374,2025-05-26,2025-11-25,2025-11-25,2025-09-17,2026-02-02,2026-02-02T16:29:55Z
HLF.N,2025-11-05,21:10:00,EarningsReleases,Q3 2025 Herbalife Ltd Earnings Release,HLF,Herbalife Ltd,Consumer Staples,Personal Care Products,Food Processing,,,Cayman Islands,KY,Cayman Islands,United States of America,1222165817.6,4,61998112,484360.25,0.037451598809012616,2025-05-26,2025-11-25,2025-11-25,2025-09-17,2026-02-02,2026-02-02T16:29:55Z
HLI.N,2025-10-30,20:15:00,EarningsReleases,Q2 2026 Houlihan Lokey Inc Earnings Release,HLI,Houlihan Lokey Inc,Financials,Capital Markets,Investment Banking & Brokerage Services,,,United States of America,US,United States of America,United States of America,12305466850.2,9,17044023,133156.4296875,0.01583052168398081,2025-05-26,2025-11-25,2025-11-25,2025-09-17,2026-02-02,2026-02-02T16:29:55Z
HLI.N,2026-01-28,21:15:00,EarningsReleases,Q3 2026 Houlihan Lokey Inc Earnings Release,HLI,Houlihan Lokey Inc,Financials,Capital Markets,Investment Banking & Brokerage Services,,,United States of America,US,United States of America,United States of America,12305466850.2,9,17044023,133156.4296875,0.01583052168398081,2025-05-26,2025-11-25,2025-11-25,2025-09-17,2026-02-02,2026-02-02T16:29:55Z
HLIO.N,2025-11-03,21:15:01,EarningsReleases,Q3 2025 Helios Technologies Inc Earnings Release,HLIO,Helios Technologies Inc,Industrials,Machinery,Industrial Machinery & Equipment,,,United States of America,US,United States of America,United States of America,1798545939.26,5,15203931,118780.7109375,0.034237324326539094,2025-05-26,2025-11-25,2025-11-25,2025-09-17,2026-02-02,2026-02-02T16:29:55Z
HLLY.N,2025-11-07,12:30:00,EarningsReleases,Q3 2025 Holley Inc Earnings Release,HLLY,Holley Inc,Consumer Discretionary,Automobile Components,"Auto, Truck & Motorcycle Parts",,,United States of America,US,United States of America,United States of America,487217879.76,8,31274782,244334.234375,0.05031094917147815,2025-05-26,2025-11-25,2025-11-25,2025-09-17,2026-02-02,2026-02-02T16:29:55Z
HLT.N,2025-10-22,10:00:00,EarningsReleases,Q3 2025 Hilton Worldwide Holdings Inc Earnings Release,HLT,Hilton Worldwide Holdings Inc,Consumer Discretionary,"Hotels, Restaurants & Leisure","Hotels, Motels & Cruise Lines",,,United States of America,US,United States of America,United States of America,66181264815.18,25,60671893,473999.1640625,0.013404040664735944,2025-05-26,2025-11-25,2025-11-25,2025-09-17,2026-02-02,2026-02-02T16:29:55Z
HLX.N,2025-10-22,22:15:00,EarningsReleases,Q3 2025 Helix Energy Solutions Group Inc Earnings Release,HLX,Helix Energy Solutions Group Inc,Energy,Energy Equipment & Services,Oil Related Services and Equipment,,,United States of America,US,United States of America,United States of America,982500525.56,5,70121267,547822.3984375,0.030164125350180242,2025-05-26,2025-11-25,2025-11-25,2025-09-17,2026-02-02,2026-02-02T16:29:55Z
HMN.N,2025-11-04,21:15:00,EarningsReleases,Q3 2025 Horace Mann Educators Corp Earnings Release,HMN,Horace Mann Educators Corp,Financials,Insurance,Property & Casualty Insurance,,,United States of America,US,United States of America,United States of America,1865405782.8,4,12155978,94968.578125,0.013034102177518084,2025-05-26,2025-11-25,2025-11-25,2025-09-17,2026-02-02,2026-02-02T16:29:55Z
HNGE.N,2025-11-04,21:05:01,EarningsReleases,Q3 2025 Hinge Health Inc Earnings Release,HNGE,Hinge Health Inc,Health Care,Health Care Providers & Services,Software,,,United States of America,US,United States of America,United States of America,3799786113.78,15,33289769,260076.3203125,0.04419969298374211,2025-05-26,2025-11-25,2025-11-25,2025-09-17,2026-02-02,2026-02-02T16:29:55Z
HNI.N,2025-10-28,11:30:00,EarningsReleases,Q3 2025 HNI Corp Earnings Release,HNI,HNI Corp,Industrials,Commercial Services & Supplies,Business Support Supplies,,,United States of America,US,United States of America,United States of America,1892427275.52,5,23190656,181177.0,0.018861123531829962,2025-05-26,2025-11-25,2025-11-25,2025-09-17,2026-02-02,2026-02-02T16:29:55Z
HOG.N,2025-11-04,12:00:06,EarningsReleases,Q3 2025 Harley-Davidson Inc Earnings Release,HOG,Harley-Davidson Inc,Consumer Discretionary,Automobiles,Auto & Truck Manufacturers,,,United States of America,US,United States of America,United States of America,2859033084.6,17,71622185,559548.3203125,0.02627297628519577,2025-05-26,2025-11-25,2025-11-25,2025-09-17,2026-02-02,2026-02-02T16:29:55Z
HOMB.N,2025-10-15,21:15:01,EarningsReleases,Q3 2025 Home BancShares Inc Earnings Release,HOMB,Home BancShares Inc,Financials,Banks,Banks,,,United States of America,US,United States of America,United States of America,5581803592.0,9,53935507,421371.1484375,0.014895666542917697,2025-05-26,2025-11-25,2025-11-25,2025-09-17,2026-02-02,2026-02-02T16:29:55Z
HOMB.N,2026-01-14,21:00:00,EarningsReleases,Q4 2025 Home BancShares Inc Earnings Release,HOMB,Home BancShares Inc,Financials,Banks,Banks,,,United States of America,US,United States of America,United States of America,5581803592.0,9,53935507,421371.1484375,0.014895666542917697,2025-05-26,2025-11-25,2025-11-25,2025-09-17,2026-02-02,2026-02-02T16:29:55Z
HOV.N,2025-12-04,14:15:00,EarningsReleases,Q4 2025 Hovnanian Enterprises Inc Earnings Release,HOV,Hovnanian Enterprises Inc,Consumer Discretionary,Household Durables,Homebuilding,,,United States of America,US,United States of America,United States of America,820868634.75,1,3305148,25821.46875,0.03990221456478358,2025-05-26,2025-11-25,2025-11-25,2025-09-17,2026-02-02,2026-02-02T16:29:55Z
HP.N,2025-11-17,21:00:00,EarningsReleases,Q4 2025 Helmerich and Payne Inc Earnings Release,HP,Helmerich and Payne Inc,Energy,Energy Equipment & Services,Oil & Gas Drilling,,,United States of America,US,United States of America,United States of America,2715206127.34,17,85118316,664986.84375,0.030312499800180588,2025-05-26,2025-11-25,2025-11-25,2025-09-17,2026-02-02,2026-02-02T16:29:55Z
HPE.N,2025-12-04,21:05:00,EarningsReleases,Q4 2025 Hewlett Packard Enterprise Co Earnings Release,HPE,Hewlett Packard Enterprise Co,Information Technology,"Technology Hardware, Storage & Peripherals",Computer Hardware,,,United States of America,US,United States of America,United States of America,28173840000.0,22,657420593,5136098.3828125,0.02330108973534903,2025-05-26,2025-11-25,2025-11-25,2025-09-17,2026-02-02,2026-02-02T16:29:55Z
HPF.N,2025-10-02,,EarningsReleases,Full Year 2025 John Hancock Preferred Income Fund II Earnings Release,HPF,John Hancock Preferred Income Fund II,,,Closed End Funds,,,United States of America,US,United States of America,United States of America,352198612.89,,855718,6685.296875,0.004837917189514991,2025-05-26,2025-11-25,2025-11-25,2025-09-17,2026-02-02,2026-02-02T16:29:55Z
HPI.N,2025-10-02,,EarningsReleases,Full Year 2025 John Hancock Preferred Income Fund Earnings Release,HPI,John Hancock Preferred Income Fund,,,Closed End Funds,,,United States of America,US,United States of America,United States of America,452097416.85,,1325395,10354.6484375,0.0051938626781301124,2025-05-26,2025-11-25,2025-11-25,2025-09-17,2026-02-02,2026-02-02T16:29:55Z
HPP.N,2025-11-05,14:00:02,EarningsReleases,Q3 2025 Hudson Pacific Properties Inc Earnings Release,HPP,Hudson Pacific Properties Inc,Real Estate,Office REITs,Commercial REITs,,,United States of America,US,United States of America,United States of America,713454788.64,2,37482806,292834.421875,0.03323443653931433,2025-05-26,2025-11-25,2025-11-25,2025-09-17,2026-02-02,2026-02-02T16:29:55Z
HPQ.N,2025-11-25,21:15:00,EarningsReleases,Q4 2025 HP Inc Earnings Release,HPQ,HP Inc,Information Technology,"Technology Hardware, Storage & Peripherals",Computer Hardware,,,United States of America,US,United States of America,United States of America,22731949016.32,18,390928569,3054129.4453125,0.022237633003184425,2025-05-26,2025-11-25,2025-11-25,2025-09-17,2026-02-02,2026-02-02T16:29:55Z
HQH.N,2025-12-22,,EarningsReleases,Full Year 2025 abrdn Healthcare Investors Earnings Release,HQH,abrdn Healthcare Investors,,,Closed End Funds,,,United States of America,US,United States of America,United States of America,1075790059.74,,3741812,29232.90625,0.012712319831732129,2025-05-26,2025-11-25,2025-11-25,2025-09-17,2026-02-02,2026-02-02T16:29:55Z
HQL.N,2025-12-08,21:00:00,EarningsReleases,Full Year 2025 abrdn Life Sciences Investors Earnings Release,HQL,abrdn Life Sciences Investors,,,Closed End Funds,,,United States of America,US,United States of America,United States of America,513537306.2,,3161171,24696.6484375,0.013762037280193264,2025-05-26,2025-11-25,2025-11-25,2025-09-17,2026-02-02,2026-02-02T16:29:55Z
HR.N,2025-10-30,20:15:02,EarningsReleases,Q3 2025 Healthcare Realty Trust Inc Earnings Release,HR,Healthcare Realty Trust Inc,Real Estate,Health Care REITs,Specialized REITs,,,United States of America,US,United States of America,United States of America,6346897836.45,7,160484936,1253788.5625,0.013642611197665305,2025-05-26,2025-11-25,2025-11-25,2025-09-17,2026-02-02,2026-02-02T16:29:55Z
HRB.N,2025-11-06,21:05:10,EarningsReleases,Q1 2026 H & R Block Inc Earnings Release,HRB,H & R Block Inc,Consumer Discretionary,Diversified Consumer Services,Personal Services,,,United States of America,US,United States of America,United States of America,5302277291.7,4,56467800,441154.6875,0.015871938166207165,2025-05-26,2025-11-25,2025-11-25,2025-09-17,2026-02-02,2026-02-02T16:29:55Z
HRI.N,2025-10-28,10:30:00,EarningsReleases,Q3 2025 Herc Holdings Inc Earnings Release,HRI,Herc Holdings Inc,Industrials,Trading Companies & Distributors,Business Support Services,,,United States of America,US,United States of America,United States of America,4539319778.16,11,17072978,133382.640625,0.03814665733078883,2025-05-26,2025-11-25,2025-11-25,2025-09-17,2026-02-02,2026-02-02T16:29:55Z
HRL.N,2025-12-04,11:30:00,EarningsReleases,Q4 2025 Hormel Foods Corp Earnings Release,HRL,Hormel Foods Corp,Consumer Staples,Food Products,Food Processing,,,United States of America,US,United States of America,United States of America,12638963990.34,12,171682652,1341270.71875,0.018645578210748012,2025-05-26,2025-11-25,2025-11-25,2025-09-17,2026-02-02,2026-02-02T16:29:55Z
HRTG.N,2025-11-05,21:15:00,EarningsReleases,Q3 2025 Heritage Insurance Holdings Inc Earnings Release,HRTG,Heritage Insurance Holdings Inc,Financials,Insurance,Property & Casualty Insurance,,,United States of America,US,United States of America,United States of America,890867556.7,3,18731039,146336.2421875,0.03908754149641194,2025-05-26,2025-11-25,2025-11-25,2025-09-17,2026-02-02,2026-02-02T16:29:55Z
HSHP.N,2025-11-06,07:30:00,EarningsReleases,Q3 2025 Himalaya Shipping Ltd Earnings Release,HSHP,Himalaya Shipping Ltd,Industrials,Marine Transportation,Marine Freight & Logistics,,,Bermuda,BM,Bermuda,United States of America,401748600.728013,7,5956021,46531.4140625,0.020908938665513313,2025-05-26,2025-11-25,2025-11-25,2025-09-17,2026-02-02,2026-02-02T16:29:55Z
HSY.N,2025-10-30,10:45:00,EarningsReleases,Q3 2025 Hershey Co Earnings Release,HSY,Hershey Co,Consumer Staples,Food Products,Food Processing,,,United States of America,US,United States of America,United States of America,37870121533.5,24,59940735,468286.9921875,0.0170190574143749,2025-05-26,2025-11-25,2025-11-25,2025-09-17,2026-02-02,2026-02-02T16:29:55Z
HTB.N,2025-10-22,12:45:00,EarningsReleases,Q3 2025 HomeTrust Bancshares Inc Earnings Release,HTB,HomeTrust Bancshares Inc,Financials,Banks,Banks,,,United States of America,US,United States of America,United States of America,725322850.56,5,2920700,22817.96875,0.014979575971226414,2025-05-26,2025-11-25,2025-11-25,2025-09-17,2026-02-02,2026-02-02T16:29:55Z
HTB.N,2026-01-22,13:30:03,EarningsReleases,Q4 2025 HomeTrust Bancshares Inc Earnings Release,HTB,HomeTrust Bancshares Inc,Financials,Banks,Banks,,,United States of America,US,United States of America,United States of America,725322850.56,5,2920700,22817.96875,0.014979575971226414,2025-05-26,2025-11-25,2025-11-25,2025-09-17,2026-02-02,2026-02-02T16:29:55Z
HTD.N,2025-12-22,,EarningsReleases,Full Year 2025 John Hancock Tax Advantaged Dividend Income Fund Earnings Release,HTD,John Hancock Tax Advantaged Dividend Income Fund,,,Closed End Funds,,,United States of America,US,United States of America,United States of America,867371051.52,,1554670,12145.859375,0.007599665237677491,2025-05-26,2025-11-25,2025-11-25,2025-09-17,2026-02-02,2026-02-02T16:29:55Z
HTGC.N,2025-10-30,20:05:00,EarningsReleases,Q3 2025 Hercules Capital Inc Earnings Release,HTGC,Hercules Capital Inc,Financials,Capital Markets,Investment Management & Fund Operators,,,United States of America,US,United States of America,United States of America,3212775566.0,8,32720536,255629.1875,0.010723583710091026,2025-05-26,2025-11-25,2025-11-25,2025-09-17,2026-02-02,2026-02-02T16:29:55Z
HTH.N,2025-10-23,20:45:00,EarningsReleases,Q3 2025 Hilltop Holdings Inc Earnings Release,HTH,Hilltop Holdings Inc,Financials,Banks,Banks,,,United States of America,US,United States of America,United States of America,2137299514.45,4,20159826,157498.640625,0.015859656293634884,2025-05-26,2025-11-25,2025-11-25,2025-09-17,2026-02-02,2026-02-02T16:29:55Z
HTH.N,2026-01-29,21:45:00,EarningsReleases,Q4 2025 Hilltop Holdings Inc Earnings Release,HTH,Hilltop Holdings Inc,Financials,Banks,Banks,,,United States of America,US,United States of America,United States of America,2137299514.45,4,20159826,157498.640625,0.015859656293634884,2025-05-26,2025-11-25,2025-11-25,2025-09-17,2026-02-02,2026-02-02T16:29:55Z
HTT.N,2025-11-24,10:00:00,EarningsReleases,Q3 2025 Qudian Inc Earnings Release,HTT,High Templar Tech Ltd,Financials,Consumer Finance,"Courier, Postal, Air Freight & Land-based Logistics",,,China,CN,China,United States of America,805817280.96,,11700398,91409.359375,0.03503385722610671,2025-05-26,2025-11-25,2025-11-25,2025-09-17,2026-02-02,2026-02-02T16:29:55Z
HUBB.N,2025-10-28,11:30:00,EarningsReleases,Q3 2025 Hubbell Inc Earnings Release,HUBB,Hubbell Inc,Industrials,Electrical Equipment,Electrical Components & Equipment,,,United States of America,US,United States of America,United States of America,22842677304.64,16,17490743,136646.4296875,0.016319794703328977,2025-05-26,2025-11-25,2025-11-25,2025-09-17,2026-02-02,2026-02-02T16:29:55Z
HUBS.N,2025-11-05,21:05:02,EarningsReleases,Q3 2025 HubSpot Inc Earnings Release,HUBS,HubSpot Inc,Information Technology,Software,Software,,,United States of America,US,United States of America,United States of America,19461756052.01,35,23086177,180360.7578125,0.029495172932381845,2025-05-26,2025-11-25,2025-11-25,2025-09-17,2026-02-02,2026-02-02T16:29:55Z
HUM.N,2025-11-05,11:00:00,EarningsReleases,Q3 2025 Humana Inc Earnings Release,HUM,Humana Inc,Health Care,Health Care Providers & Services,Managed Healthcare,,,United States of America,US,United States of America,United States of America,28610557415.84,29,50338423,393268.9296875,0.027747355144800756,2025-05-26,2025-11-25,2025-11-25,2025-09-17,2026-02-02,2026-02-02T16:29:55Z
HUN.N,2025-11-06,21:18:46,EarningsReleases,Q3 2025 Huntsman Corp Earnings Release,HUN,Huntsman Corp,Materials,Chemicals,Diversified Chemicals,,,United States of America,US,United States of America,United States of America,1661059808.56,17,162576100,1270125.78125,0.03353529878656216,2025-05-26,2025-11-25,2025-11-25,2025-09-17,2026-02-02,2026-02-02T16:29:55Z
HUYA.N,2025-11-12,08:30:00,EarningsReleases,Q3 2025 HUYA Inc Earnings Release,HUYA,HUYA Inc,Communication Services,Entertainment,Online Services,,,China,CN,China,United States of America,619837926.4,13,47805627,373481.4609375,0.03383386396829323,2025-05-26,2025-11-25,2025-11-25,2025-09-17,2026-02-02,2026-02-02T16:29:55Z
HVT.N,2025-10-29,20:10:00,EarningsReleases,Q3 2025 Haverty Furniture Companies Inc Earnings Release,HVT,Haverty Furniture Companies Inc,Consumer Discretionary,Specialty Retail,Home Furnishings Retailers,,,United States of America,US,United States of America,United States of America,391770307.58,2,4817959,37640.3046875,0.02289110214481859,2025-05-26,2025-11-25,2025-11-25,2025-09-17,2026-02-02,2026-02-02T16:29:55Z
HWM.N,2025-10-30,11:00:00,EarningsReleases,Q3 2025 Howmet Aerospace Inc Earnings Release,HWM,Howmet Aerospace Inc,Industrials,Aerospace & Defense,Aerospace & Defense,,,United States of America,US,United States of America,United States of America,81892041524.16,25,93526433,730675.2578125,0.016477159818723473,2025-05-26,2025-11-25,2025-11-25,2025-09-17,2026-02-02,2026-02-02T16:29:55Z
HXL.N,2025-10-22,20:15:00,EarningsReleases,Q3 2025 Hexcel Corp Earnings Release,HXL,Hexcel Corp,Industrials,Aerospace & Defense,Aerospace & Defense,,,United States of America,US,United States of America,United States of America,5946558862.5,18,40399434,315620.578125,0.018149577041348668,2025-05-26,2025-11-25,2025-11-25,2025-09-17,2026-02-02,2026-02-02T16:29:55Z
HXL.N,2026-01-28,21:00:00,EarningsReleases,Q4 2025 Hexcel Corp Earnings Release,HXL,Hexcel Corp,Industrials,Aerospace & Defense,Aerospace & Defense,,,United States of America,US,United States of America,United States of America,5946558862.5,18,40399434,315620.578125,0.018149577041348668,2025-05-26,2025-11-25,2025-11-25,2025-09-17,2026-02-02,2026-02-02T16:29:55Z
HY.N,2025-11-04,21:47:05,EarningsReleases,Q3 2025 Hyster-Yale Inc Earnings Release,HY,Hyster-Yale Inc,Industrials,Machinery,Heavy Machinery & Vehicles,,,United States of America,US,United States of America,United States of America,521196205.66,2,3706846,28959.734375,0.02561180320110006,2025-05-26,2025-11-25,2025-11-25,2025-09-17,2026-02-02,2026-02-02T16:29:55Z
HYAC.N,2025-11-13,21:00:00,EarningsReleases,Q3 2025 Haymaker Acquisition Corp 4 Earnings Release,HYAC,Haymaker Acquisition Corp 4,,,Investment Holding Companies,,,United States of America,US,United States of America,United States of America,330558403.67,,968078,10190.294736842105,0.0029038340945335807,2025-05-26,2025-11-25,2025-11-25,2025-09-17,2026-02-02,2026-02-02T16:29:55Z
HZO.N,2025-11-13,11:45:00,EarningsReleases,Q4 2025 MarineMax Inc Earnings Release,HZO,MarineMax Inc,Consumer Discretionary,Specialty Retail,Recreational Products,,,United States of America,US,United States of America,United States of America,539958399.42,9,14422885,112678.7890625,0.03758196538760252,2025-05-26,2025-11-25,2025-11-25,2025-09-17,2026-02-02,2026-02-02T16:29:55Z
HZO.N,2026-01-29,11:45:00,EarningsReleases,Q1 2026 MarineMax Inc Earnings Release,HZO,MarineMax Inc,Consumer Discretionary,Specialty Retail,Recreational Products,,,United States of America,US,United States of America,United States of America,539958399.42,9,14422885,112678.7890625,0.03758196538760252,2025-05-26,2025-11-25,2025-11-25,2025-09-17,2026-02-02,2026-02-02T16:29:55Z
IAG.N,2025-11-04,22:00:42,EarningsReleases,Q3 2025 IAMGOLD Corp Earnings Release,IAG,IAMGOLD Corp,Materials,Metals & Mining,Gold,,,Canada,CA,Canada,United States of America,8370543380.74305,10,265592378,2074940.453125,0.03421384365621737,2025-05-26,2025-11-25,2025-11-25,2025-09-17,2026-02-02,2026-02-02T16:29:55Z
IBM.N,2025-10-22,20:08:00,EarningsReleases,Q3 2025 International Business Machines Corp Earnings Release,IBM,International Business Machines Corp,Information Technology,IT Services,IT Services & Consulting,,,United States of America,US,United States of America,United States of America,284608175522.88,24,165194243,1290580.0234375,0.017073934540463753,2025-05-26,2025-11-25,2025-11-25,2025-09-17,2026-02-02,2026-02-02T16:29:55Z
IBM.N,2026-01-28,21:08:00,EarningsReleases,Q4 2025 International Business Machines Corp Earnings Release,IBM,International Business Machines Corp,Information Technology,IT Services,IT Services & Consulting,,,United States of America,US,United States of America,United States of America,284608175522.88,24,165194243,1290580.0234375,0.017073934540463753,2025-05-26,2025-11-25,2025-11-25,2025-09-17,2026-02-02,2026-02-02T16:29:55Z
IBP.N,2025-11-05,12:30:00,EarningsReleases,Q3 2025 Installed Building Products Inc Earnings Release,IBP,Installed Building Products Inc,Consumer Discretionary,Household Durables,Construction & Engineering,,,United States of America,US,United States of America,United States of America,7332255250.67,14,15011841,117280.0078125,0.029363598293320674,2025-05-26,2025-11-25,2025-11-25,2025-09-17,2026-02-02,2026-02-02T16:29:55Z
IBTA.N,2025-11-12,21:10:00,EarningsReleases,Q3 2025 Ibotta Inc Earnings Release,IBTA,Ibotta Inc,Communication Services,Media,Online Services,,,United States of America,US,United States of America,United States of America,610075397.7,8,17332628,135411.15625,0.05005961654751021,2025-05-26,2025-11-25,2025-11-25,2025-09-17,2026-02-02,2026-02-02T16:29:55Z
ICE.N,2025-10-30,11:30:00,EarningsReleases,Q3 2025 Intercontinental Exchange Inc Earnings Release,ICE,Intercontinental Exchange Inc,Financials,Capital Markets,Financial & Commodity Market Operators & Service Providers,,,United States of America,US,United States of America,United States of America,88925052116.6,17,127850865,998834.8828125,0.010528962111595892,2025-05-26,2025-11-25,2025-11-25,2025-09-17,2026-02-02,2026-02-02T16:29:55Z
ICL.N,2025-11-12,07:17:00,EarningsReleases,Q3 2025 ICL Group Ltd Earnings Release,ICL,ICL Group Ltd,Materials,Chemicals,Agricultural Chemicals,,,Israel,IL,Israel,United States of America,7156307292.02248,4,22928414,179128.234375,0.02508760226364736,2025-05-26,2025-11-25,2025-11-25,2025-09-17,2026-02-02,2026-02-02T16:29:55Z
ICR_pa.N,2025-11-07,21:00:00,EarningsReleases,Q3 2025 Inpoint Commercial Real Estate Income Inc Earnings Release,ICR PR A,Inpoint Commercial Real Estate Income Inc,Financials,Mortgage Real Estate Investment Trusts (REITs),Specialized REITs,,,United States of America,US,United States of America,United States of America,80781750.0,,159799,1309.827868852459,0.014865878142611075,2025-05-26,2025-11-25,2025-11-25,2025-09-17,2026-02-02,2026-02-02T16:29:55Z
IDA.N,2025-10-30,10:30:00,EarningsReleases,Q3 2025 Idacorp Inc Earnings Release,IDA,Idacorp Inc,Utilities,Electric Utilities,Electric Utilities,,,United States of America,US,United States of America,United States of America,7000477864.72,8,20283124,158461.90625,0.008962760646478675,2025-05-26,2025-11-25,2025-11-25,2025-09-17,2026-02-02,2026-02-02T16:29:55Z
IDT.N,2025-09-29,20:30:00,EarningsReleases,Q4 2025 IDT Corp Earnings Release,IDT,IDT Corp,Communication Services,Diversified Telecommunication Services,Integrated Telecommunications Services,,,United States of America,US,United States of America,United States of America,1255655840.0,1,9442049,73766.0078125,0.027715558211603403,2025-05-26,2025-11-25,2025-11-25,2025-09-17,2026-02-02,2026-02-02T16:29:55Z
IDT.N,2025-12-04,21:30:00,EarningsReleases,Q1 2026 IDT Corp Earnings Release,IDT,IDT Corp,Communication Services,Diversified Telecommunication Services,Integrated Telecommunications Services,,,United States of America,US,United States of America,United States of America,1255655840.0,1,9442049,73766.0078125,0.027715558211603403,2025-05-26,2025-11-25,2025-11-25,2025-09-17,2026-02-02,2026-02-02T16:29:55Z
IEX.N,2025-10-29,11:00:00,EarningsReleases,Q3 2025 IDEX Corp Earnings Release,IEX,IDEX Corp,Industrials,Machinery,Industrial Machinery & Equipment,,,United States of America,US,United States of America,United States of America,12997604561.4,16,27065087,211445.9921875,0.01760915681649436,2025-05-26,2025-11-25,2025-11-25,2025-09-17,2026-02-02,2026-02-02T16:29:55Z
IFF.N,2025-11-04,21:15:01,EarningsReleases,Q3 2025 International Flavors & Fragrances Inc Earnings Release,IFF,International Flavors & Fragrances Inc,Materials,Chemicals,Food Processing,,,United States of America,US,United States of America,United States of America,17721869426.8,19,89000437,695315.9140625,0.01649826378101879,2025-05-26,2025-11-25,2025-11-25,2025-09-17,2026-02-02,2026-02-02T16:29:55Z
IFS.N,2025-11-06,21:00:00,EarningsReleases,Q3 2025 Intercorp Financial Services Inc Earnings Release,IFS,Intercorp Financial Services Inc,Financials,Banks,Banks,,,Peru,PE,Peru,United States of America,4454630730.0,6,6206287,48486.6171875,0.01622939009455879,2025-05-26,2025-11-25,2025-11-25,2025-09-17,2026-02-02,2026-02-02T16:29:55Z
IGA.N,2025-11-10,21:00:00,EarningsReleases,Half Year 2026 Voya Global Advantage and Premium Opportunity Fund Earnings Release,IGA,Voya Global Advantage and Premium Opportunity Fund,,,Closed End Funds,,,United States of America,US,United States of America,United States of America,148044432.8,,1466286,11455.359375,0.005256127465378499,2025-05-26,2025-11-25,2025-11-25,2025-09-17,2026-02-02,2026-02-02T16:29:55Z
IGD.N,2025-11-10,21:00:00,EarningsReleases,Half Year 2025 Voya Global Equity Dividend and Premium Opportunity Fund Earnings Release,IGD,Voya Global Equity Dividend and Premium Opportunity Fund,,,Closed End Funds,,,United States of America,US,United States of America,United States of America,452705270.36,,6462584,50488.9375,0.006880962980918919,2025-05-26,2025-11-25,2025-11-25,2025-09-17,2026-02-02,2026-02-02T16:29:55Z
IH.N,2025-09-18,08:30:04,EarningsReleases,Q2 2025 Ihuman Inc Earnings Release,IH,iHuman Inc,Communication Services,Entertainment,Software,,,China,CN,China,United States of America,138470577.34,,671514,5246.203125,0.04000864723842002,2025-05-26,2025-11-25,2025-11-25,2025-09-17,2026-02-02,2026-02-02T16:29:55Z
IH.N,2025-12-29,09:11:57,EarningsReleases,Q3 2025 Ihuman Inc Earnings Release,IH,iHuman Inc,Communication Services,Entertainment,Software,,,China,CN,China,United States of America,138470577.34,,671514,5246.203125,0.04000864723842002,2025-05-26,2025-11-25,2025-11-25,2025-09-17,2026-02-02,2026-02-02T16:29:55Z
IHS.N,2025-11-12,11:55:00,EarningsReleases,Q3 2025 IHS Holding Ltd Earnings Release,IHS,IHS Holding Ltd,Communication Services,Diversified Telecommunication Services,Wireless Telecommunications Services,,,United Kingdom,GB,United Kingdom,United States of America,2254701120.0,6,22412392,175096.8125,0.029025686396167708,2025-05-26,2025-11-25,2025-11-25,2025-09-17,2026-02-02,2026-02-02T16:29:55Z
IIIN.N,2025-10-16,10:30:00,EarningsReleases,Q4 2025 Insteel Industries Inc Earnings Release,IIIN,Insteel Industries Inc,Industrials,Building Products,Construction Supplies & Fixtures,,,United States of America,US,United States of America,United States of America,613560199.2,2,6508249,50845.6953125,0.025277128761548705,2025-05-26,2025-11-25,2025-11-25,2025-09-17,2026-02-02,2026-02-02T16:29:55Z
IIIN.N,2026-01-15,11:30:00,EarningsReleases,Q1 2026 Insteel Industries Inc Earnings Release,IIIN,Insteel Industries Inc,Industrials,Building Products,Construction Supplies & Fixtures,,,United States of America,US,United States of America,United States of America,613560199.2,2,6508249,50845.6953125,0.025277128761548705,2025-05-26,2025-11-25,2025-11-25,2025-09-17,2026-02-02,2026-02-02T16:29:55Z
IIM.N,2025-11-07,13:30:00,EarningsReleases,Half Year 2026 Invesco Value Municipal Income Trust Earnings Release,IIM,Invesco Value Municipal Income Trust,,,Closed End Funds,,,United States of America,US,United States of America,United States of America,583648643.6,,3133217,24478.2578125,0.0056563327117075375,2025-05-26,2025-11-25,2025-11-25,2025-09-17,2026-02-02,2026-02-02T16:29:55Z
IIPR.N,2025-11-03,22:00:00,EarningsReleases,Q3 2025 Innovative Industrial Properties Inc Earnings Release,IIPR,Innovative Industrial Properties Inc,Real Estate,Industrial REITs,Commercial REITs,,,United States of America,US,United States of America,United States of America,1372565315.5,2,11236704,87786.75,0.024855311322069473,2025-05-26,2025-11-25,2025-11-25,2025-09-17,2026-02-02,2026-02-02T16:29:55Z
IMAX.N,2025-10-23,11:30:00,EarningsReleases,Q3 2025 Imax Corp Earnings Release,IMAX,Imax Corp,Communication Services,Entertainment,Entertainment Production,,,Canada,CA,Canada,United States of America,1938375592.02,11,40133626,313543.953125,0.017222032809872875,2025-05-26,2025-11-25,2025-11-25,2025-09-17,2026-02-02,2026-02-02T16:29:55Z
INGM.N,2025-10-30,20:05:00,EarningsReleases,Q3 2025 Ingram Micro Holding Corp Earnings Release,INGM,Ingram Micro Holding Corp,Information Technology,"Electronic Equipment, Instruments & Components",IT Services & Consulting,,,United States of America,US,United States of America,United States of America,5068166441.8,14,13038853,101866.0390625,0.02014900158045398,2025-05-26,2025-11-25,2025-11-25,2025-09-17,2026-02-02,2026-02-02T16:29:55Z
INGR.N,2025-11-04,11:03:00,EarningsReleases,Q3 2025 Ingredion Inc Earnings Release,INGR,Ingredion Inc,Consumer Staples,Food Products,Food Processing,,,United States of America,US,United States of America,United States of America,6811701289.14,8,22727202,177556.265625,0.010229568286541625,2025-05-26,2025-11-25,2025-11-25,2025-09-17,2026-02-02,2026-02-02T16:29:55Z
INN.N,2025-11-04,21:37:00,EarningsReleases,Q3 2025 Summit Hotel Properties Inc Earnings Release,INN,Summit Hotel Properties Inc,Real Estate,Hotel & Resort REITs,Specialized REITs,,,United States of America,US,United States of America,United States of America,588624365.25,2,48303124,377368.15625,0.023261265519099433,2025-05-26,2025-11-25,2025-11-25,2025-09-17,2026-02-02,2026-02-02T16:29:55Z
INR.N,2025-11-10,21:05:00,EarningsReleases,Q3 2025 Infinity Natural Resources Inc Earnings Release,INR,Infinity Natural Resources Inc,Energy,"Oil, Gas & Consumable Fuels",Oil & Gas Exploration and Production,,,United States of America,US,United States of America,United States of America,784712612.03,9,11474565,89645.0390625,0.030134737883510735,2025-05-26,2025-11-25,2025-11-25,2025-09-17,2026-02-02,2026-02-02T16:29:55Z
INSP.N,2025-11-03,21:02:00,EarningsReleases,Q3 2025 Inspire Medical Systems Inc Earnings Release,INSP,Inspire Medical Systems Inc,Health Care,Health Care Equipment & Supplies,"Medical Equipment, Supplies & Distribution",,,United States of America,US,United States of America,United States of America,3788668429.26,19,32237599,251856.2421875,0.05324698779573953,2025-05-26,2025-11-25,2025-11-25,2025-09-17,2026-02-02,2026-02-02T16:29:55Z
INSP.N,2026-01-12,11:45:00,EarningsReleases,Q4 2026 Inspire Medical Systems Inc Preliminary Earnings Release,INSP,Inspire Medical Systems Inc,Health Care,Health Care Equipment & Supplies,"Medical Equipment, Supplies & Distribution",,,United States of America,US,United States of America,United States of America,3788668429.26,19,32237599,251856.2421875,0.05324698779573953,2025-05-26,2025-11-25,2025-11-25,2025-09-17,2026-02-02,2026-02-02T16:29:55Z
INSW.N,2025-11-06,11:45:00,EarningsReleases,Q3 2025 International Seaways Inc Earnings Release,INSW,International Seaways Inc,Energy,"Oil, Gas & Consumable Fuels",Oil & Gas Transportation Services,,,United States of America,US,United States of America,United States of America,2659401549.04,8,25900576,202348.25,0.021071723305985737,2025-05-26,2025-11-25,2025-11-25,2025-09-17,2026-02-02,2026-02-02T16:29:55Z
INVH.N,2025-10-29,20:15:00,EarningsReleases,Q3 2025 Invitation Homes Inc Earnings Release,INVH,Invitation Homes Inc,Real Estate,Residential REITs,Residential REITs,,,United States of America,US,United States of America,United States of America,17189097315.56,13,194585933,1520202.6015625,0.011202086024677645,2025-05-26,2025-11-25,2025-11-25,2025-09-17,2026-02-02,2026-02-02T16:29:55Z
IONQ.N,2025-11-05,21:05:02,EarningsReleases,Q3 2025 IONQ Inc Earnings Release,IONQ,IONQ Inc,Information Technology,"Technology Hardware, Storage & Peripherals",Computer Hardware,,,United States of America,US,United States of America,United States of America,16672397552.46,10,504563747,3941904.2734375,0.05415114391045137,2025-05-26,2025-11-25,2025-11-25,2025-09-17,2026-02-02,2026-02-02T16:29:55Z
IOT.N,2025-12-04,21:10:00,EarningsReleases,Q3 2026 Samsara Inc Earnings Release,IOT,Samsara Inc,Information Technology,Software,Software,,,United States of America,US,United States of America,United States of America,21482617155.65,21,185039355,1445619.9609375,0.03023286907625135,2025-05-26,2025-11-25,2025-11-25,2025-09-17,2026-02-02,2026-02-02T16:29:55Z
IP.N,2025-10-30,11:00:05,EarningsReleases,Q3 2025 International Paper Co Earnings Release,IP,International Paper Co,Materials,Containers & Packaging,Paper Packaging,,,United States of America,US,United States of America,United States of America,20662139344.21,14,164016054,1281375.421875,0.024248322307587014,2025-05-26,2025-11-25,2025-11-25,2025-09-17,2026-02-02,2026-02-02T16:29:55Z
IP.N,2026-01-29,12:00:00,EarningsReleases,Q4 2025 International Paper Co Earnings Release,IP,International Paper Co,Materials,Containers & Packaging,Paper Packaging,,,United States of America,US,United States of America,United States of America,20662139344.21,14,164016054,1281375.421875,0.024248322307587014,2025-05-26,2025-11-25,2025-11-25,2025-09-17,2026-02-02,2026-02-02T16:29:55Z
IPI.N,2025-11-05,21:30:00,EarningsReleases,Q3 2025 Intrepid Potash Inc Earnings Release,IPI,Intrepid Potash Inc,Materials,Chemicals,Agricultural Chemicals,,,United States of America,US,United States of America,United States of America,336076107.96,2,5888833,46006.5078125,0.026286729939686764,2025-05-26,2025-11-25,2025-11-25,2025-09-17,2026-02-02,2026-02-02T16:29:55Z
IQI.N,2025-10-31,,EarningsReleases,Half Year 2026 Invesco Quality Municipal Income Trust Earnings Release,IQI,Invesco Quality Municipal Income Trust,,,Closed End Funds,,,United States of America,US,United States of America,United States of America,526193780.15,,3588903,28038.3046875,0.005632338557604623,2025-05-26,2025-11-25,2025-11-25,2025-09-17,2026-02-02,2026-02-02T16:29:55Z
IQV.N,2025-10-28,11:00:01,EarningsReleases,Q3 2025 IQVIA Holdings Inc Earnings Release,IQV,IQVIA Holdings Inc,Health Care,Life Sciences Tools & Services,Biotechnology & Medical Research,,,United States of America,US,United States of America,United States of America,39495976000.0,26,56457351,441073.0546875,0.02347902139191701,2025-05-26,2025-11-25,2025-11-25,2025-09-17,2026-02-02,2026-02-02T16:29:55Z
IR.N,2025-10-30,20:15:00,EarningsReleases,Q3 2025 Ingersoll Rand Inc Earnings Release,IR,Ingersoll Rand Inc,Industrials,Machinery,Industrial Machinery & Equipment,,,United States of America,US,United States of America,United States of America,31395471986.7,17,106378669,831083.3515625,0.01927931709097349,2025-05-26,2025-11-25,2025-11-25,2025-09-17,2026-02-02,2026-02-02T16:29:55Z
IRM.N,2025-11-05,11:45:00,EarningsReleases,Q3 2025 Iron Mountain Inc Earnings Release,IRM,Iron Mountain Inc,Real Estate,Specialized REITs,Specialized REITs,,,United States of America,US,United States of America,United States of America,25320195799.06,9,65399897,510936.6953125,0.017821383860034873,2025-05-26,2025-11-25,2025-11-25,2025-09-17,2026-02-02,2026-02-02T16:29:55Z
IRT.N,2025-10-29,20:05:00,EarningsReleases,Q3 2025 Independence Realty Trust Inc Earnings Release,IRT,Independence Realty Trust Inc,Real Estate,Residential REITs,Residential REITs,,,United States of America,US,United States of America,United States of America,4081658602.74,8,118464776,925506.0625,0.013293438286054587,2025-05-26,2025-11-25,2025-11-25,2025-09-17,2026-02-02,2026-02-02T16:29:55Z
IT.N,2025-11-04,11:00:00,EarningsReleases,Q3 2025 Gartner Inc Earnings Release,IT,Gartner Inc,Information Technology,IT Services,IT Services & Consulting,,,United States of America,US,United States of America,United States of America,16965518390.1,15,44383335,346744.8046875,0.03559592228996607,2025-05-26,2025-11-25,2025-11-25,2025-09-17,2026-02-02,2026-02-02T16:29:55Z
ITGR.N,2025-10-23,12:00:03,EarningsReleases,Q3 2025 Integer Holdings Corp Earnings Release,ITGR,Integer Holdings Corp,Health Care,Health Care Equipment & Supplies,Advanced Medical Equipment & Technology,,,United States of America,US,United States of America,United States of America,2502794769.18,10,20438622,159676.734375,0.038423062631969374,2025-05-26,2025-11-25,2025-11-25,2025-09-17,2026-02-02,2026-02-02T16:29:55Z
ITT.N,2025-10-29,10:30:00,EarningsReleases,Q3 2025 ITT Inc Earnings Release,ITT,ITT Inc,Industrials,Machinery,Industrial Machinery & Equipment,,,United States of America,US,United States of America,United States of America,14312727369.28,13,17025352,133010.5625,0.016463691610035497,2025-05-26,2025-11-25,2025-11-25,2025-09-17,2026-02-02,2026-02-02T16:29:55Z
ITW.N,2025-10-24,12:00:00,EarningsReleases,Q3 2025 Illinois Tool Works Inc Earnings Release,ITW,Illinois Tool Works Inc,Industrials,Machinery,Consumer Goods Conglomerates,,,United States of America,US,United States of America,United States of America,72046335000.0,20,42357895,330921.0546875,0.01140844270708943,2025-05-26,2025-11-25,2025-11-25,2025-09-17,2026-02-02,2026-02-02T16:29:55Z
IVR.N,2025-10-30,20:15:01,EarningsReleases,Q3 2025 Invesco Mortgage Capital Inc Earnings Release,IVR,Invesco Mortgage Capital Inc,Financials,Mortgage Real Estate Investment Trusts (REITs),Specialized REITs,,,United States of America,US,United States of America,United States of America,564726745.16,5,47475336,370901.0625,0.01436981149321954,2025-05-26,2025-11-25,2025-11-25,2025-09-17,2026-02-02,2026-02-02T16:29:55Z
IVR.N,2026-01-29,21:15:00,EarningsReleases,Q4 2025 Invesco Mortgage Capital Inc Earnings Release,IVR,Invesco Mortgage Capital Inc,Financials,Mortgage Real Estate Investment Trusts (REITs),Specialized REITs,,,United States of America,US,United States of America,United States of America,564726745.16,5,47475336,370901.0625,0.01436981149321954,2025-05-26,2025-11-25,2025-11-25,2025-09-17,2026-02-02,2026-02-02T16:29:55Z
IVT.N,2025-10-28,20:03:00,EarningsReleases,Q3 2025 Inventrust Properties Corp Earnings Release,IVT,Inventrust Properties Corp,Real Estate,Retail REITs,Commercial REITs,,,United States of America,US,United States of America,United States of America,2195852260.2,4,22434402,175268.765625,0.010746256747586464,2025-05-26,2025-11-25,2025-11-25,2025-09-17,2026-02-02,2026-02-02T16:29:55Z
IVZ.N,2025-10-28,10:55:00,EarningsReleases,Q3 2025 Invesco Ltd Earnings Release,IVZ,Invesco Ltd,Financials,Capital Markets,Investment Management & Fund Operators,,,United States of America,US,United States of America,United States of America,10784600967.0,13,212226526,1658019.734375,0.02084804226796453,2025-05-26,2025-11-25,2025-11-25,2025-09-17,2026-02-02,2026-02-02T16:29:55Z
IVZ.N,2026-01-27,11:55:00,EarningsReleases,Q4 2025 Invesco Ltd Earnings Release,IVZ,Invesco Ltd,Financials,Capital Markets,Investment Management & Fund Operators,,,United States of America,US,United States of America,United States of America,10784600967.0,13,212226526,1658019.734375,0.02084804226796453,2025-05-26,2025-11-25,2025-11-25,2025-09-17,2026-02-02,2026-02-02T16:29:55Z
J.N,2025-11-20,13:30:00,EarningsReleases,Q4 2025 Jacobs Solutions Inc Earnings Release,J,Jacobs Solutions Inc,Industrials,Professional Services,Business Support Services,,,United States of America,US,United States of America,United States of America,15857763093.48,18,35177320,274822.8125,0.01730755292246301,2025-05-26,2025-11-25,2025-11-25,2025-09-17,2026-02-02,2026-02-02T16:29:55Z
JACS.N,2025-11-06,21:00:00,EarningsReleases,Q3 2025 Jackson Acquisition Co II Earnings Release,JACS,Jackson Acquisition Co II,,,Investment Holding Companies,,,United States of America,US,United States of America,United States of America,308623700.0,,268336,2555.5809523809526,0.005231427973651446,2025-05-26,2025-11-25,2025-11-25,2025-09-17,2026-02-02,2026-02-02T16:29:55Z
JBGS.N,2025-10-28,20:15:00,EarningsReleases,Q3 2025 JBG SMITH Properties Earnings Release,JBGS,JBG SMITH Properties,Real Estate,Office REITs,Commercial REITs,,,United States of America,US,United States of America,United States of America,1078283249.56,1,53296328,416377.5625,0.0209251333544926,2025-05-26,2025-11-25,2025-11-25,2025-09-17,2026-02-02,2026-02-02T16:29:55Z
JBI.N,2025-11-06,11:55:00,EarningsReleases,Q3 2025 Janus International Group Inc Earnings Release,JBI,Janus International Group Inc,Industrials,Building Products,Construction Supplies & Fixtures,,,United States of America,US,United States of America,United States of America,857940922.56,5,52520653,410317.6015625,0.03588612811664442,2025-05-26,2025-11-25,2025-11-25,2025-09-17,2026-02-02,2026-02-02T16:29:55Z
JBL.N,2025-09-25,11:30:01,EarningsReleases,Q4 2025 Jabil Inc Earnings Release,JBL,Jabil Inc,Information Technology,"Electronic Equipment, Instruments & Components",Electronic Equipment & Parts,,,United States of America,US,United States of America,United States of America,21792680001.26,12,50074565,391207.5390625,0.023360704344819627,2025-05-26,2025-11-25,2025-11-25,2025-09-17,2026-02-02,2026-02-02T16:29:55Z
JBL.N,2025-12-17,12:30:00,EarningsReleases,Q1 2026 Jabil Inc Earnings Release,JBL,Jabil Inc,Information Technology,"Electronic Equipment, Instruments & Components",Electronic Equipment & Parts,,,United States of America,US,United States of America,United States of America,21792680001.26,12,50074565,391207.5390625,0.023360704344819627,2025-05-26,2025-11-25,2025-11-25,2025-09-17,2026-02-02,2026-02-02T16:29:55Z
JBS.N,2025-11-13,21:00:00,EarningsReleases,Q3 2025 Jbs NV Earnings Release,JBS,Jbs NV,Consumer Staples,Food Products,Food Processing,,,Netherlands,NL,Netherlands,United States of America,16114615428.05,12,160103990,1392208.608695652,0.020005194092541364,2025-05-26,2025-11-25,2025-11-25,2025-09-17,2026-02-02,2026-02-02T16:29:55Z
JBTM.N,2025-11-03,21:15:00,EarningsReleases,Q3 2025 JBT Marel Corp Earnings Release,JBTM,JBT Marel Corp,Industrials,Machinery,Industrial Machinery & Equipment,,,United States of America,US,United States of America,United States of America,7415795070.68,6,19675855,153717.6171875,0.020874010189043727,2025-05-26,2025-11-25,2025-11-25,2025-09-17,2026-02-02,2026-02-02T16:29:55Z
JCI.N,2025-11-05,11:55:00,EarningsReleases,Q4 2025 Johnson Controls International PLC Earnings Release,JCI,Johnson Controls International PLC,Industrials,Building Products,Electrical Components & Equipment,,,Ireland,IE,United States of America,United States of America,70066702845.75,21,173542294,1355799.171875,0.014854670304604713,2025-05-26,2025-11-25,2025-11-25,2025-09-17,2026-02-02,2026-02-02T16:29:55Z
JEF.N,2025-09-29,20:00:00,EarningsReleases,Q3 2025 Jefferies Financial Group Inc Earnings Release,JEF,Jefferies Financial Group Inc,Financials,Capital Markets,Investment Banking & Brokerage Services,,,United States of America,US,United States of America,United States of America,11727034827.6,6,69661187,544228.0234375,0.025187940376150863,2025-05-26,2025-11-25,2025-11-25,2025-09-17,2026-02-02,2026-02-02T16:29:55Z
JEF.N,2026-01-07,21:15:00,EarningsReleases,Q4 2025 Jefferies Financial Group Inc Earnings Release,JEF,Jefferies Financial Group Inc,Financials,Capital Markets,Investment Banking & Brokerage Services,,,United States of America,US,United States of America,United States of America,11727034827.6,6,69661187,544228.0234375,0.025187940376150863,2025-05-26,2025-11-25,2025-11-25,2025-09-17,2026-02-02,2026-02-02T16:29:55Z
JELD.N,2025-11-03,21:30:00,EarningsReleases,Q3 2025 JELD-WEN Holding Inc Earnings Release,JELD,JELD-WEN Holding Inc,Industrials,Building Products,Construction Supplies & Fixtures,,,United States of America,US,United States of America,United States of America,219554354.7,8,71837880,561233.4375,0.05645967831866687,2025-05-26,2025-11-25,2025-11-25,2025-09-17,2026-02-02,2026-02-02T16:29:55Z
JENA.N,2025-11-14,21:00:00,EarningsReleases,Q3 2025 Jena Acquisition Corp II Earnings Release,JENA,Jena Acquisition Corp II,,,Investment Holding Companies,,,United States of America,US,United States of America,United States of America,295545000.0,,346899,5686.868852459016,0.0014788859648652481,2025-05-26,2025-11-25,2025-11-25,2025-09-17,2026-02-02,2026-02-02T16:29:55Z
JHG.N,2025-10-30,11:30:00,EarningsReleases,Q3 2025 Janus Henderson Group PLC Earnings Release,JHG,Janus Henderson Group PLC,Financials,Capital Markets,Investment Management & Fund Operators,,,United Kingdom,GB,United Kingdom,United States of America,6597687385.68,10,58017741,453263.6015625,0.017180674141795787,2025-05-26,2025-11-25,2025-11-25,2025-09-17,2026-02-02,2026-02-02T16:29:55Z
JHG.N,2026-01-30,14:00:01,EarningsReleases,Q4 2025 Janus Henderson Group PLC Earnings Release,JHG,Janus Henderson Group PLC,Financials,Capital Markets,Investment Management & Fund Operators,,,United Kingdom,GB,United Kingdom,United States of America,6597687385.68,10,58017741,453263.6015625,0.017180674141795787,2025-05-26,2025-11-25,2025-11-25,2025-09-17,2026-02-02,2026-02-02T16:29:55Z
JHI.N,2025-12-22,21:00:00,EarningsReleases,Full Year 2025 John Hancock Investors Trust Earnings Release,JHI,John Hancock Investors Trust,,,Closed End Funds,,,United States of America,US,United States of America,United States of America,120937085.01,,537002,4195.328125,0.005020392664529688,2025-05-26,2025-11-25,2025-11-25,2025-09-17,2026-02-02,2026-02-02T16:29:55Z
JHS.N,2025-12-22,,EarningsReleases,Full Year 2025 John Hancock Income Securities Trust Earnings Release,JHS,John Hancock Income Securities Trust,,,Closed End Funds,,,United States of America,US,United States of America,United States of America,137546168.85,,344046,2687.859375,0.005005883831448195,2025-05-26,2025-11-25,2025-11-25,2025-09-17,2026-02-02,2026-02-02T16:29:55Z
JHX.N,2025-10-07,16:00:00,EarningsReleases,Preliminary Q2 2026 James Hardie Industries PLC Earnings Release,JHX,James Hardie Industries PLC,Materials,Construction Materials,Construction Materials,,,Ireland,IE,United States of America,United States of America,11087636745.24,9,234244779,1830037.3359375,0.04616492623238632,2025-05-26,2025-11-25,2025-11-25,2025-09-17,2026-02-02,2026-02-02T16:29:55Z
JHX.N,2025-11-17,21:39:00,EarningsReleases,Half Year 2026 James Hardie Industries PLC Earnings Release,JHX,James Hardie Industries PLC,Materials,Construction Materials,Construction Materials,,,Ireland,IE,United States of America,United States of America,11087636745.24,9,234244779,1830037.3359375,0.04616492623238632,2025-05-26,2025-11-25,2025-11-25,2025-09-17,2026-02-02,2026-02-02T16:29:55Z
JILL.N,2025-12-10,11:45:00,EarningsReleases,Q3 2025 JJill Inc Earnings Release,JILL,JJill Inc,Consumer Discretionary,Specialty Retail,Apparel & Accessories Retailers,,,United States of America,US,United States of America,United States of America,225820400.76,5,3845526,30043.171875,0.03080582157119768,2025-05-26,2025-11-25,2025-11-25,2025-09-17,2026-02-02,2026-02-02T16:29:55Z
JKS.N,2025-11-17,12:05:04,EarningsReleases,Q3 2025 JinkoSolar Holding Co Ltd Earnings Release,JKS,JinkoSolar Holding Co Ltd,Information Technology,Semiconductors & Semiconductor Equipment,Renewable Energy Equipment & Services,,,China,CN,China,United States of America,3244568290.6,6,25734116,201047.78125,0.03649670213172397,2025-05-26,2025-11-25,2025-11-25,2025-09-17,2026-02-02,2026-02-02T16:29:55Z
JKS.N,2026-01-21,10:32:23,EarningsReleases,Preliminary Q4 2025 JinkoSolar Holding Co Ltd Earnings Release,JKS,JinkoSolar Holding Co Ltd,Information Technology,Semiconductors & Semiconductor Equipment,Renewable Energy Equipment & Services,,,China,CN,China,United States of America,3244568290.6,6,25734116,201047.78125,0.03649670213172397,2025-05-26,2025-11-25,2025-11-25,2025-09-17,2026-02-02,2026-02-02T16:29:55Z
JLL.N,2025-11-05,12:30:00,EarningsReleases,Q3 2025 Jones Lang LaSalle Inc Earnings Release,JLL,Jones Lang LaSalle Inc,Real Estate,Real Estate Management & Development,Real Estate Services,,,United States of America,US,United States of America,United States of America,15608208033.6,11,14565541,113793.2890625,0.016940799326649242,2025-05-26,2025-11-25,2025-11-25,2025-09-17,2026-02-02,2026-02-02T16:29:55Z
JMIA.N,2025-11-12,11:45:00,EarningsReleases,Q3 2025 Jumia Technologies AG Earnings Release,JMIA,Jumia Technologies AG,Consumer Discretionary,Broadline Retail,Online Services,,,Germany,DE,Germany,United States of America,1407097859.25,4,112972212,882595.40625,0.0543334399129077,2025-05-26,2025-11-25,2025-11-25,2025-09-17,2026-02-02,2026-02-02T16:29:55Z
JNJ.N,2025-10-14,10:20:00,EarningsReleases,Q3 2025 Johnson & Johnson Earnings Release,JNJ,Johnson & Johnson,Health Care,Pharmaceuticals,Pharmaceuticals,,,United States of America,US,United States of America,United States of America,497929018730.34,26,311037947,2429983.9609375,0.010015131688093426,2025-05-26,2025-11-25,2025-11-25,2025-09-17,2026-02-02,2026-02-02T16:29:55Z
JNJ.N,2026-01-21,11:20:00,EarningsReleases,Q4 2025 Johnson & Johnson Earnings Release,JNJ,Johnson & Johnson,Health Care,Pharmaceuticals,Pharmaceuticals,,,United States of America,US,United States of America,United States of America,497929018730.34,26,311037947,2429983.9609375,0.010015131688093426,2025-05-26,2025-11-25,2025-11-25,2025-09-17,2026-02-02,2026-02-02T16:29:55Z
JOBY.N,2025-11-05,21:05:01,EarningsReleases,Q3 2025 Joby Aviation Inc Earnings Release,JOBY,Joby Aviation Inc,Industrials,Passenger Airlines,Aerospace & Defense,,,United States of America,US,United States of America,United States of America,12710257431.62,10,612661007,4786414.1171875,0.057653328785309786,2025-05-26,2025-11-25,2025-11-25,2025-09-17,2026-02-02,2026-02-02T16:29:55Z
JOE.N,2025-10-29,20:10:00,EarningsReleases,Q3 2025 St Joe Co Earnings Release,JOE,St Joe Co,Real Estate,Real Estate Management & Development,"Real Estate Rental, Development & Operations",,,United States of America,US,United States of America,United States of America,3521261439.4,,11117415,86854.8046875,0.019761976674821876,2025-05-26,2025-11-25,2025-11-25,2025-09-17,2026-02-02,2026-02-02T16:29:55Z
JOF.N,2025-10-30,,EarningsReleases,Half Year 2026 Japan Smaller Capitalization Fund Inc Earnings Release,JOF,Japan Smaller Capitalization Fund Inc,,,Closed End Funds,,,United States of America,US,United States of America,United States of America,294105809.34,,1253030,9789.296875,0.010568186944591497,2025-05-26,2025-11-25,2025-11-25,2025-09-17,2026-02-02,2026-02-02T16:29:55Z
JPM.N,2025-10-14,10:37:00,EarningsReleases,Q3 2025 JPMorgan Chase & Co Earnings Release,JPM,JPMorgan Chase & Co,Financials,Banks,Banks,,,United States of America,US,United States of America,United States of America,833175417762.0,28,333222011,2603296.9609375,0.011211527238438261,2025-05-26,2025-11-25,2025-11-25,2025-09-17,2026-02-02,2026-02-02T16:29:55Z
JPM.N,2026-01-13,11:48:00,EarningsReleases,Q4 2025 JPMorgan Chase & Co Earnings Release,JPM,JPMorgan Chase & Co,Financials,Banks,Banks,,,United States of America,US,United States of America,United States of America,833175417762.0,28,333222011,2603296.9609375,0.011211527238438261,2025-05-26,2025-11-25,2025-11-25,2025-09-17,2026-02-02,2026-02-02T16:29:55Z
JQC.N,2025-10-03,20:00:00,EarningsReleases,Full Year 2025 Nuveen Credit Strategies Income Fund Earnings Release,JQC,Nuveen Credit Strategies Income Fund,,,Closed End Funds,,,United States of America,US,United States of America,United States of America,747952395.74,,17527689,136935.0703125,0.006292028308062217,2025-05-26,2025-11-25,2025-11-25,2025-09-17,2026-02-02,2026-02-02T16:29:55Z
JXN.N,2025-11-04,21:15:00,EarningsReleases,Q3 2025 Jackson Financial Inc Earnings Release,JXN,Jackson Financial Inc,Financials,Financial Services,Multiline Insurance & Brokers,,,United States of America,US,United States of America,United States of America,6600553298.82,5,27769644,216950.34375,0.019715708005524538,2025-05-26,2025-11-25,2025-11-25,2025-09-17,2026-02-02,2026-02-02T16:29:55Z
KAI.N,2025-10-28,21:03:53,EarningsReleases,Q3 2025 Kadant Inc Earnings Release,KAI,Kadant Inc,Industrials,Machinery,Industrial Machinery & Equipment,,,United States of America,US,United States of America,United States of America,3316605034.65,4,4726336,36924.5,0.021995721191981014,2025-05-26,2025-11-25,2025-11-25,2025-09-17,2026-02-02,2026-02-02T16:29:55Z
KBDC.N,2025-11-10,21:19:00,EarningsReleases,Q3 2025 Kayne Anderson BDC Inc Earnings Release,KBDC,Kayne Anderson BDC Inc,Financials,Capital Markets,Closed End Funds,,,United States of America,US,United States of America,United States of America,1045771032.79,5,7725399,60354.6796875,0.011125279946122956,2025-05-26,2025-11-25,2025-11-25,2025-09-17,2026-02-02,2026-02-02T16:29:55Z
KBH.N,2025-09-24,20:10:01,EarningsReleases,Q3 2025 KB Home Earnings Release,KBH,KB Home,Consumer Discretionary,Household Durables,Homebuilding,,,United States of America,US,United States of America,United States of America,4130043962.45,16,50578411,395143.8359375,0.0227039427998467,2025-05-26,2025-11-25,2025-11-25,2025-09-17,2026-02-02,2026-02-02T16:29:55Z
KBH.N,2025-12-18,21:10:00,EarningsReleases,Q4 2025 KB Home Earnings Release,KBH,KB Home,Consumer Discretionary,Household Durables,Homebuilding,,,United States of America,US,United States of America,United States of America,4130043962.45,16,50578411,395143.8359375,0.0227039427998467,2025-05-26,2025-11-25,2025-11-25,2025-09-17,2026-02-02,2026-02-02T16:29:55Z
KBR.N,2025-10-30,10:00:01,EarningsReleases,Q3 2025 KBR Inc Earnings Release,KBR,KBR Inc,Industrials,Professional Services,IT Services & Consulting,,,United States of America,US,United States of America,United States of America,5173557444.72,10,55711368,435245.0625,0.017511997739813625,2025-05-26,2025-11-25,2025-11-25,2025-09-17,2026-02-02,2026-02-02T16:29:55Z
KD.N,2025-11-04,21:15:00,EarningsReleases,Q2 2026 Kyndryl Holdings Inc Earnings Release,KD,Kyndryl Holdings Inc,Information Technology,IT Services,IT Services & Consulting,,,United States of America,US,United States of America,United States of America,5739250753.17,6,90072243,703689.3984375,0.028791384993150804,2025-05-26,2025-11-25,2025-11-25,2025-09-17,2026-02-02,2026-02-02T16:29:55Z
KEN.N,2025-12-03,13:37:15,EarningsReleases,Q3 2025 Kenon Holdings Ltd Earnings Release,KEN,Kenon Holdings Ltd,Utilities,Independent Power and Renewable Electricity Producers,Electric Utilities,,,Singapore,SG,Israel,United States of America,2992820559.68,,346732,2708.84375,0.02189616295215916,2025-05-26,2025-11-25,2025-11-25,2025-09-17,2026-02-02,2026-02-02T16:29:55Z
KEX.N,2025-10-29,11:00:00,EarningsReleases,Q3 2025 Kirby Corp Earnings Release,KEX,Kirby Corp,Industrials,Marine Transportation,Marine Freight & Logistics,,,United States of America,US,United States of America,United States of America,6074736000.0,6,32264657,252067.6328125,0.028247635505574232,2025-05-26,2025-11-25,2025-11-25,2025-09-17,2026-02-02,2026-02-02T16:29:55Z
KEX.N,2026-01-29,12:00:01,EarningsReleases,Q4 2025 Kirby Corp Earnings Release,KEX,Kirby Corp,Industrials,Marine Transportation,Marine Freight & Logistics,,,United States of America,US,United States of America,United States of America,6074736000.0,6,32264657,252067.6328125,0.028247635505574232,2025-05-26,2025-11-25,2025-11-25,2025-09-17,2026-02-02,2026-02-02T16:29:55Z
KEY.N,2025-10-16,10:30:29,EarningsReleases,Q3 2025 KeyCorp Earnings Release,KEY,KeyCorp,Financials,Banks,Banks,,,United States of America,US,United States of America,United States of America,20076932849.93,25,565161069,4415320.8515625,0.01510395766986482,2025-05-26,2025-11-25,2025-11-25,2025-09-17,2026-02-02,2026-02-02T16:29:55Z
KEY.N,2026-01-20,11:30:00,EarningsReleases,Q4 2025 KeyCorp Earnings Release,KEY,KeyCorp,Financials,Banks,Banks,,,United States of America,US,United States of America,United States of America,20076932849.93,25,565161069,4415320.8515625,0.01510395766986482,2025-05-26,2025-11-25,2025-11-25,2025-09-17,2026-02-02,2026-02-02T16:29:55Z
KEYS.N,2025-11-24,21:05:00,EarningsReleases,Q4 2025 Keysight Technologies Inc Earnings Release,KEYS,Keysight Technologies Inc,Information Technology,"Electronic Equipment, Instruments & Components",Electronic Equipment & Parts,,,United States of America,US,United States of America,United States of America,33591022429.54,15,42025272,328322.4375,0.01859175136807247,2025-05-26,2025-11-25,2025-11-25,2025-09-17,2026-02-02,2026-02-02T16:29:55Z
KFRC.N,2025-11-03,21:04:00,EarningsReleases,Q3 2025 Kforce Inc Earnings Release,KFRC,Kforce Inc,Industrials,Professional Services,Employment Services,,,United States of America,US,United States of America,United States of America,540238980.0,6,10627661,83028.6015625,0.036958177062401135,2025-05-26,2025-11-25,2025-11-25,2025-09-17,2026-02-02,2026-02-02T16:29:55Z
KFRC.N,2026-02-02,21:00:00,EarningsReleases,Q4 2025 Kforce Inc Earnings Release,KFRC,Kforce Inc,Industrials,Professional Services,Employment Services,,,United States of America,US,United States of America,United States of America,540238980.0,6,10627661,83028.6015625,0.036958177062401135,2025-05-26,2025-11-25,2025-11-25,2025-09-17,2026-02-02,2026-02-02T16:29:55Z
KFS.N,2025-11-06,21:00:00,EarningsReleases,Q3 2025 Kingsway Financial Services Inc Earnings Release,KFS,Kingsway Financial Services Inc,Financials,Insurance,Property & Casualty Insurance,,,United States of America,US,United States of America,United States of America,376140414.48,,3399328,26557.25,0.026712657472615486,2025-05-26,2025-11-25,2025-11-25,2025-09-17,2026-02-02,2026-02-02T16:29:55Z
KFY.N,2025-12-09,11:45:00,EarningsReleases,Q2 2026 Korn Ferry Earnings Release,KFY,Korn Ferry,Industrials,Professional Services,Employment Services,,,United States of America,US,United States of America,United States of America,3424727500.0,5,19443650,151903.515625,0.016104298704600426,2025-05-26,2025-11-25,2025-11-25,2025-09-17,2026-02-02,2026-02-02T16:29:55Z
KGC.N,2025-11-04,22:00:01,EarningsReleases,Q3 2025 Kinross Gold Corp Earnings Release,KGC,Kinross Gold Corp,Materials,Metals & Mining,Gold,,,Canada,CA,Canada,United States of America,31504077566.6478,17,283859602,2217653.140625,0.02871060901146848,2025-05-26,2025-11-25,2025-11-25,2025-09-17,2026-02-02,2026-02-02T16:29:55Z
KGS.N,2025-11-04,22:00:00,EarningsReleases,Q3 2025 Kodiak Gas Services Inc Earnings Release,KGS,Kodiak Gas Services Inc,Energy,Energy Equipment & Services,Oil Related Services and Equipment,,,United States of America,US,United States of America,United States of America,3034801938.6,11,68629049,536164.4453125,0.02103592561842886,2025-05-26,2025-11-25,2025-11-25,2025-09-17,2026-02-02,2026-02-02T16:29:55Z
KIM.N,2025-10-30,12:30:00,EarningsReleases,Q3 2025 Kimco Realty Corp Earnings Release,KIM,Kimco Realty Corp,Real Estate,Retail REITs,Commercial REITs,,,United States of America,US,United States of America,United States of America,14004372995.36,11,203164684,1587224.09375,0.011520534927752861,2025-05-26,2025-11-25,2025-11-25,2025-09-17,2026-02-02,2026-02-02T16:29:55Z
KKR.N,2025-11-07,13:30:00,EarningsReleases,Q3 2025 KKR & Co Inc Earnings Release,KKR,KKR & Co Inc,Financials,Capital Markets,Investment Management & Fund Operators,,,United States of America,US,United States of America,United States of America,107684405462.1,19,125236494,978410.109375,0.020143056787854857,2025-05-26,2025-11-25,2025-11-25,2025-09-17,2026-02-02,2026-02-02T16:29:55Z
KLAR.N,2025-11-18,13:30:00,EarningsReleases,Q3 2025 Klarna Group PLC Earnings Release,KLAR,Klarna Group PLC,Financials,Financial Services,Software,,,United Kingdom,GB,United Kingdom,United States of America,11423282762.6,17,47142515,857136.6363636364,0.038174056304618724,2025-05-26,2025-11-25,2025-11-25,2025-09-17,2026-02-02,2026-02-02T16:29:55Z
KLC.N,2025-11-12,21:15:00,EarningsReleases,Q3 2025 Kindercare Learning Companies Inc Earnings Release,KLC,Kindercare Learning Companies Inc,Consumer Discretionary,Diversified Consumer Services,Personal Services,,,United States of America,US,United States of America,United States of America,466175102.76,8,32852303,256658.6171875,0.041701021410345235,2025-05-26,2025-11-25,2025-11-25,2025-09-17,2026-02-02,2026-02-02T16:29:55Z
KMI.N,2025-10-22,20:05:00,EarningsReleases,Q3 2025 Kinder Morgan Inc Earnings Release,KMI,Kinder Morgan Inc,Energy,"Oil, Gas & Consumable Fuels",Oil & Gas Transportation Services,,,United States of America,US,United States of America,United States of America,59000645542.8,21,476846046,3725359.734375,0.012191146955690723,2025-05-26,2025-11-25,2025-11-25,2025-09-17,2026-02-02,2026-02-02T16:29:55Z
KMI.N,2026-01-21,21:05:00,EarningsReleases,Q4 2025 Kinder Morgan Inc Earnings Release,KMI,Kinder Morgan Inc,Energy,"Oil, Gas & Consumable Fuels",Oil & Gas Transportation Services,,,United States of America,US,United States of America,United States of America,59000645542.8,21,476846046,3725359.734375,0.012191146955690723,2025-05-26,2025-11-25,2025-11-25,2025-09-17,2026-02-02,2026-02-02T16:29:55Z
KMPR.N,2025-11-05,21:05:02,EarningsReleases,Q3 2025 Kemper Corp Earnings Release,KMPR,Kemper Corp,Financials,Insurance,Property & Casualty Insurance,,,United States of America,US,United States of America,United States of America,2375246110.2,6,35025245,273634.7265625,0.030715646761257712,2025-05-26,2025-11-25,2025-11-25,2025-09-17,2026-02-02,2026-02-02T16:29:55Z
KMT.N,2025-11-05,11:30:00,EarningsReleases,Q1 2026 Kennametal Inc Earnings Release,KMT,Kennametal Inc,Industrials,Machinery,Industrial Machinery & Equipment,,,United States of America,US,United States of America,United States of America,2115389180.8,9,45000483,351566.2734375,0.02746298147950856,2025-05-26,2025-11-25,2025-11-25,2025-09-17,2026-02-02,2026-02-02T16:29:55Z
KMX.N,2025-09-25,10:50:01,EarningsReleases,Q2 2026 Carmax Inc Earnings Release,KMX,Carmax Inc,Consumer Discretionary,Specialty Retail,"Auto Vehicles, Parts & Service Retailers",,,United States of America,US,United States of America,United States of America,5511094463.79,21,143309638,1119606.546875,0.03871344226897393,2025-05-26,2025-11-25,2025-11-25,2025-09-17,2026-02-02,2026-02-02T16:29:55Z
KMX.N,2025-12-18,11:50:00,EarningsReleases,Q3 2026 Carmax Inc Earnings Release,KMX,Carmax Inc,Consumer Discretionary,Specialty Retail,"Auto Vehicles, Parts & Service Retailers",,,United States of America,US,United States of America,United States of America,5511094463.79,21,143309638,1119606.546875,0.03871344226897393,2025-05-26,2025-11-25,2025-11-25,2025-09-17,2026-02-02,2026-02-02T16:29:55Z
KN.N,2025-10-23,20:05:00,EarningsReleases,Q3 2025 Knowles Corp Earnings Release,KN,Knowles Corp,Information Technology,"Electronic Equipment, Instruments & Components",Electronic Equipment & Parts,,,United States of America,US,United States of America,United States of America,1909956758.12,4,33128438,258815.921875,0.019426468765781916,2025-05-26,2025-11-25,2025-11-25,2025-09-17,2026-02-02,2026-02-02T16:29:55Z
KNF.N,2025-11-04,12:00:01,EarningsReleases,Q3 2025 Knife River Corp Earnings Release,KNF,Knife River Corp,Materials,Construction Materials,Construction Materials,,,United States of America,US,United States of America,United States of America,4228846633.95,11,27176852,212319.15625,0.02548764036058971,2025-05-26,2025-11-25,2025-11-25,2025-09-17,2026-02-02,2026-02-02T16:29:55Z
KNOP.N,2025-09-26,12:30:00,EarningsReleases,Q2 2025 Knot Offshore Partners LP Earnings Release,KNOP,Knot Offshore Partners LP,Energy,"Oil, Gas & Consumable Fuels",Oil & Gas Transportation Services,,,United Kingdom,GB,United Kingdom,United States of America,336834321.72,3,2521647,19700.3671875,0.024764659617735798,2025-05-26,2025-11-25,2025-11-25,2025-09-17,2026-02-02,2026-02-02T16:29:55Z
KNOP.N,2025-12-04,21:15:00,EarningsReleases,Q3 2025 Knot Offshore Partners LP Earnings Release,KNOP,Knot Offshore Partners LP,Energy,"Oil, Gas & Consumable Fuels",Oil & Gas Transportation Services,,,United Kingdom,GB,United Kingdom,United States of America,336834321.72,3,2521647,19700.3671875,0.024764659617735798,2025-05-26,2025-11-25,2025-11-25,2025-09-17,2026-02-02,2026-02-02T16:29:55Z
KNSL.N,2025-10-23,20:10:00,EarningsReleases,Q3 2025 Kinsale Capital Group Inc Earnings Release,KNSL,Kinsale Capital Group Inc,Financials,Insurance,Property & Casualty Insurance,,,United States of America,US,United States of America,United States of America,8988057269.36,14,7051704,55091.4375,0.019334828384054488,2025-05-26,2025-11-25,2025-11-25,2025-09-17,2026-02-02,2026-02-02T16:29:55Z
KNTK.N,2025-11-05,22:15:00,EarningsReleases,Q3 2025 Kinetik Holdings Inc Earnings Release,KNTK,Kinetik Holdings Inc,Energy,"Oil, Gas & Consumable Fuels",Oil & Gas Transportation Services,,,United States of America,US,United States of America,United States of America,5387245433.64,14,55201214,431259.484375,0.02400501038813426,2025-05-26,2025-11-25,2025-11-25,2025-09-17,2026-02-02,2026-02-02T16:29:55Z
KNX.N,2025-10-22,20:00:00,EarningsReleases,Q3 2025 Knight-Swift Transportation Holdings Inc Earnings Release,KNX,Knight-Swift Transportation Holdings Inc,Industrials,Ground Transportation,Ground Freight & Logistics,,,United States of America,US,United States of America,United States of America,7376684160.0,21,95015542,742308.921875,0.023212610781540962,2025-05-26,2025-11-25,2025-11-25,2025-09-17,2026-02-02,2026-02-02T16:29:55Z
KNX.N,2026-01-21,21:05:00,EarningsReleases,Q4 2025 Knight-Swift Transportation Holdings Inc Earnings Release,KNX,Knight-Swift Transportation Holdings Inc,Industrials,Ground Transportation,Ground Freight & Logistics,,,United States of America,US,United States of America,United States of America,7376684160.0,21,95015542,742308.921875,0.023212610781540962,2025-05-26,2025-11-25,2025-11-25,2025-09-17,2026-02-02,2026-02-02T16:29:55Z
KO.N,2025-10-21,10:55:00,EarningsReleases,Q3 2025 Coca-Cola Co Earnings Release,KO,Coca-Cola Co,Consumer Staples,Beverages,Non-Alcoholic Beverages,,,United States of America,US,United States of America,United States of America,312339818235.45,27,623191090,4868680.390625,0.009530338951047207,2025-05-26,2025-11-25,2025-11-25,2025-09-17,2026-02-02,2026-02-02T16:29:55Z
KODK.N,2025-11-06,21:15:00,EarningsReleases,Q3 2025 Eastman Kodak Co Earnings Release,KODK,Eastman Kodak Co,Information Technology,"Technology Hardware, Storage & Peripherals",Office Equipment,,,United States of America,US,United States of America,United States of America,729748000.0,,41452226,323845.515625,0.04658600645666982,2025-05-26,2025-11-25,2025-11-25,2025-09-17,2026-02-02,2026-02-02T16:29:55Z
KOP.N,2025-11-07,12:55:00,EarningsReleases,Q3 2025 Koppers Holdings Inc Earnings Release,KOP,Koppers Holdings Inc,Materials,Chemicals,Commodity Chemicals,,,United States of America,US,United States of America,United States of America,586260248.14,3,8093900,63233.59375,0.023831712367541287,2025-05-26,2025-11-25,2025-11-25,2025-09-17,2026-02-02,2026-02-02T16:29:55Z
KORE.N,2025-11-12,21:15:00,EarningsReleases,Q3 2025 KORE Group Holdings Inc Earnings Release,KORE,KORE Group Holdings Inc,Communication Services,Wireless Telecommunication Services,Wireless Telecommunications Services,,,United States of America,US,United States of America,United States of America,72615339.18,2,1022072,7984.9375,0.04400138689708501,2025-05-26,2025-11-25,2025-11-25,2025-09-17,2026-02-02,2026-02-02T16:29:55Z
KOS.N,2025-11-03,07:00:11,EarningsReleases,Q3 2025 Kosmos Energy Ltd Earnings Release,KOS,Kosmos Energy Ltd,Energy,"Oil, Gas & Consumable Fuels",Oil & Gas Exploration and Production,,,United States of America,US,United States of America,United States of America,521376379.86,11,265290456,2072581.6875,0.041608587704646004,2025-05-26,2025-11-25,2025-11-25,2025-09-17,2026-02-02,2026-02-02T16:29:55Z
KR.N,2025-12-04,13:00:03,EarningsReleases,Q3 2025 Kroger Co Earnings Release,KR,Kroger Co,Consumer Staples,Consumer Staples Distribution & Retail,Food Retail & Distribution,,,United States of America,US,United States of America,United States of America,42468300000.0,25,270857002,2116070.328125,0.015953913141113347,2025-05-26,2025-11-25,2025-11-25,2025-09-17,2026-02-02,2026-02-02T16:29:55Z
KRC.N,2025-10-27,20:05:00,EarningsReleases,Q3 2025 Kilroy Realty Corp Earnings Release,KRC,Kilroy Realty Corp,Real Estate,Office REITs,Commercial REITs,,,United States of America,US,United States of America,United States of America,5090694357.06,6,54118209,422798.5078125,0.01502208635118471,2025-05-26,2025-11-25,2025-11-25,2025-09-17,2026-02-02,2026-02-02T16:29:55Z
KREF.N,2025-10-21,20:15:00,EarningsReleases,Q3 2025 KKR Real Estate Finance Trust Inc Earnings Release,KREF,KKR Real Estate Finance Trust Inc,Financials,Mortgage Real Estate Investment Trusts (REITs),Specialized REITs,,,United States of America,US,United States of America,United States of America,557963553.6,5,35039617,273747.0078125,0.0149757114541414,2025-05-26,2025-11-25,2025-11-25,2025-09-17,2026-02-02,2026-02-02T16:29:55Z
KRG.N,2025-10-29,20:15:02,EarningsReleases,Q3 2025 Kite Realty Group Trust Earnings Release,KRG,Kite Realty Group Trust,Real Estate,Retail REITs,Commercial REITs,,,United States of America,US,United States of America,United States of America,4983967498.46,7,75977206,593571.921875,0.013218848652759553,2025-05-26,2025-11-25,2025-11-25,2025-09-17,2026-02-02,2026-02-02T16:29:55Z
KRMN.N,2025-11-06,21:10:00,EarningsReleases,Q3 2025 Karman Holdings Inc Earnings Release,KRMN,Karman Holdings Inc,Industrials,Aerospace & Defense,Aerospace & Defense,,,United States of America,US,United States of America,United States of America,8595665377.6,6,61378333,479518.2265625,0.035622377544065935,2025-05-26,2025-11-25,2025-11-25,2025-09-17,2026-02-02,2026-02-02T16:29:55Z
KRO.N,2025-11-06,21:15:06,EarningsReleases,Q3 2025 Kronos Worldwide Inc Earnings Release,KRO,Kronos Worldwide Inc,Materials,Chemicals,Commodity Chemicals,,,United States of America,US,United States of America,United States of America,566061330.72,2,11437363,89354.3984375,0.03097309911444587,2025-05-26,2025-11-25,2025-11-25,2025-09-17,2026-02-02,2026-02-02T16:29:55Z
KRP.N,2025-11-06,12:00:01,EarningsReleases,Q3 2025 Kimbell Royalty Partners LP Earnings Release,KRP,Kimbell Royalty Partners LP,Energy,"Oil, Gas & Consumable Fuels",Integrated Oil & Gas,,,United States of America,US,United States of America,United States of America,1329180504.96,5,14763111,115336.8046875,0.014055496296109492,2025-05-26,2025-11-25,2025-11-25,2025-09-17,2026-02-02,2026-02-02T16:29:55Z
KSS.N,2025-11-25,12:00:00,EarningsReleases,Q3 2025 Kohls Corp Earnings Release,KSS,Kohls Corp,Consumer Discretionary,Broadline Retail,Department Stores,,,United States of America,US,United States of America,United States of America,2512714392.86,15,205031685,1601810.0390625,0.061768153690068425,2025-05-26,2025-11-25,2025-11-25,2025-09-17,2026-02-02,2026-02-02T16:29:55Z
KTB.N,2025-11-03,11:50:00,EarningsReleases,Q3 2025 Kontoor Brands Inc Earnings Release,KTB,Kontoor Brands Inc,Consumer Discretionary,"Textiles, Apparel & Luxury Goods",Apparel & Accessories,,,United States of America,US,United States of America,United States of America,4096693268.28,8,29098055,227328.5546875,0.027872660789288687,2025-05-26,2025-11-25,2025-11-25,2025-09-17,2026-02-02,2026-02-02T16:29:55Z
KVUE.N,2025-11-03,11:30:00,EarningsReleases,Q3 2025 Kenvue Inc Earnings Release,KVUE,Kenvue Inc,Consumer Staples,Personal Care Products,Personal Products,,,United States of America,US,United States of America,United States of America,32627859220.84,17,904245476,7064417.78125,0.02661555844204964,2025-05-26,2025-11-25,2025-11-25,2025-09-17,2026-02-02,2026-02-02T16:29:55Z
KVYO.N,2025-11-05,21:05:03,EarningsReleases,Q3 2025 Klaviyo Inc Earnings Release,KVYO,Klaviyo Inc,Information Technology,Software,Software,,,United States of America,US,United States of America,United States of America,8605440480.0,22,76499188,597649.90625,0.03139312455180091,2025-05-26,2025-11-25,2025-11-25,2025-09-17,2026-02-02,2026-02-02T16:29:55Z
KW.N,2025-11-05,21:27:00,EarningsReleases,Q3 2025 Kennedy-Wilson Holdings Inc Earnings Release,KW,Kennedy-Wilson Holdings Inc,Real Estate,Real Estate Management & Development,"Real Estate Rental, Development & Operations",,,United States of America,US,United States of America,United States of America,1341809753.62,2,48015949,375124.6015625,0.03086204742594229,2025-05-26,2025-11-25,2025-11-25,2025-09-17,2026-02-02,2026-02-02T16:29:55Z
KWR.N,2025-10-30,20:30:00,EarningsReleases,Q3 2025 Quaker Chemical Corp Earnings Release,KWR,Quaker Chemical Corp,Materials,Chemicals,Commodity Chemicals,,,United States of America,US,United States of America,United States of America,2415120074.8,5,5461413,42667.2890625,0.02637364208101133,2025-05-26,2025-11-25,2025-11-25,2025-09-17,2026-02-02,2026-02-02T16:29:55Z
KYN.N,2026-01-23,21:00:00,EarningsReleases,Full Year 2025 Kayne Anderson Energy Infrastructure Fund Inc Earnings Release,KYN,Kayne Anderson Energy Infrastructure Fund Inc,,,Closed End Funds,,,United States of America,US,United States of America,United States of America,2027821195.62,,7988351,62408.9921875,0.009479112201247699,2025-05-26,2025-11-25,2025-11-25,2025-09-17,2026-02-02,2026-02-02T16:29:55Z
L.N,2025-11-03,13:30:00,EarningsReleases,Q3 2025 Loews Corp Earnings Release,L,Loews Corp,Financials,Insurance,Property & Casualty Insurance,,,United States of America,US,United States of America,United States of America,22308900257.65,,43656855,341069.1796875,0.008758181266755176,2025-05-26,2025-11-25,2025-11-25,2025-09-17,2026-02-02,2026-02-02T16:29:55Z
LAC.N,2025-11-13,11:55:00,EarningsReleases,Q3 2025 Lithium Americas Corp Earnings Release,LAC,Lithium Americas Corp,Materials,Metals & Mining,Specialty Mining & Metals,,,Canada,CA,Canada,United States of America,1396804024.11,11,441841868,3451889.59375,0.08656000061034155,2025-05-26,2025-11-25,2025-11-25,2025-09-17,2026-02-02,2026-02-02T16:29:55Z
LAD.N,2025-10-22,12:30:00,EarningsReleases,Q3 2025 Lithia Motors Inc Earnings Release,LAD,Lithia Motors Inc,Consumer Discretionary,Specialty Retail,"Auto Vehicles, Parts & Service Retailers",,,United States of America,US,United States of America,United States of America,7699142024.7,16,11218019,87640.7734375,0.021726514130919087,2025-05-26,2025-11-25,2025-11-25,2025-09-17,2026-02-02,2026-02-02T16:29:55Z
LADR.N,2025-10-23,12:30:00,EarningsReleases,Q3 2025 Ladder Capital Corp Earnings Release,LADR,Ladder Capital Corp,Financials,Mortgage Real Estate Investment Trusts (REITs),Specialized REITs,,,United States of America,US,United States of America,United States of America,1410721001.2,5,29771827,232592.3984375,0.010574921306761171,2025-05-26,2025-11-25,2025-11-25,2025-09-17,2026-02-02,2026-02-02T16:29:55Z
LAR.N,2025-11-10,11:44:00,EarningsReleases,Q3 2025 Lithium Argentina AG Earnings Release,LAR,Lithium Argentina AG,Materials,Metals & Mining,Specialty Mining & Metals,,,Switzerland,CH,Switzerland,United States of America,842708567.67,11,84190438,657737.796875,0.05581601273452459,2025-05-26,2025-11-25,2025-11-25,2025-09-17,2026-02-02,2026-02-02T16:29:55Z
LAW.N,2025-11-05,21:05:02,EarningsReleases,Q3 2025 CS Disco Inc Earnings Release,LAW,CS Disco Inc,Information Technology,Software,Software,,,United States of America,US,United States of America,United States of America,451189308.68,5,7253963,56671.5859375,0.030653923310008453,2025-05-26,2025-11-25,2025-11-25,2025-09-17,2026-02-02,2026-02-02T16:29:55Z
LAZ.N,2025-10-23,10:30:00,EarningsReleases,Q3 2025 Lazard Inc Earnings Release,LAZ,Lazard Inc,Financials,Capital Markets,Investment Management & Fund Operators,,,United States of America,US,United States of America,United States of America,4776149156.76,9,35022324,273611.90625,0.01914301268487736,2025-05-26,2025-11-25,2025-11-25,2025-09-17,2026-02-02,2026-02-02T16:29:55Z
LAZ.N,2026-01-29,11:30:00,EarningsReleases,Q4 2025 Lazard Inc Earnings Release,LAZ,Lazard Inc,Financials,Capital Markets,Investment Management & Fund Operators,,,United States of America,US,United States of America,United States of America,4776149156.76,9,35022324,273611.90625,0.01914301268487736,2025-05-26,2025-11-25,2025-11-25,2025-09-17,2026-02-02,2026-02-02T16:29:55Z
LB.N,2025-11-12,21:51:00,EarningsReleases,Q3 2025 LandBridge Co LLC Earnings Release,LB,LandBridge Co LLC,Real Estate,Real Estate Management & Development,Oil & Gas Exploration and Production,,,United States of America,US,United States of America,United States of America,4324699351.5,7,17084773,133474.7890625,0.03940489591347564,2025-05-26,2025-11-25,2025-11-25,2025-09-17,2026-02-02,2026-02-02T16:29:55Z
LBRT.N,2025-10-16,21:19:00,EarningsReleases,Q3 2025 Liberty Energy Inc Earnings Release,LBRT,Liberty Energy Inc,Energy,Energy Equipment & Services,Oil Related Services and Equipment,,,United States of America,US,United States of America,United States of America,2858716702.8,12,158276485,1236535.0390625,0.04234715594878813,2025-05-26,2025-11-25,2025-11-25,2025-09-17,2026-02-02,2026-02-02T16:29:55Z
LBRT.N,2026-01-28,22:33:00,EarningsReleases,Q4 2025 Liberty Energy Inc Earnings Release,LBRT,Liberty Energy Inc,Energy,Energy Equipment & Services,Oil Related Services and Equipment,,,United States of America,US,United States of America,United States of America,2858716702.8,12,158276485,1236535.0390625,0.04234715594878813,2025-05-26,2025-11-25,2025-11-25,2025-09-17,2026-02-02,2026-02-02T16:29:55Z
LC.N,2025-10-22,20:00:00,EarningsReleases,Q3 2025 LendingClub Corp Earnings Release,LC,LendingClub Corp,Financials,Consumer Finance,Consumer Lending,,,United States of America,US,United States of America,United States of America,2007398070.4,12,57953315,452760.2734375,0.03250920808026824,2025-05-26,2025-11-25,2025-11-25,2025-09-17,2026-02-02,2026-02-02T16:29:55Z
LC.N,2026-01-28,21:05:03,EarningsReleases,Q4 2025 LendingClub Corp Earnings Release,LC,LendingClub Corp,Financials,Consumer Finance,Consumer Lending,,,United States of America,US,United States of America,United States of America,2007398070.4,12,57953315,452760.2734375,0.03250920808026824,2025-05-26,2025-11-25,2025-11-25,2025-09-17,2026-02-02,2026-02-02T16:29:55Z
LCII.N,2025-10-30,11:00:01,EarningsReleases,Q3 2025 LCI Industries Earnings Release,LCII,LCI Industries,Consumer Discretionary,Automobile Components,"Auto, Truck & Motorcycle Parts",,,United States of America,US,United States of America,United States of America,2825843607.8,11,13081242,102197.203125,0.020825819615484794,2025-05-26,2025-11-25,2025-11-25,2025-09-17,2026-02-02,2026-02-02T16:29:55Z
LDI.N,2025-11-06,21:06:00,EarningsReleases,Q3 2025 loanDepot Inc Earnings Release,LDI,loanDepot Inc,Financials,Financial Services,Consumer Lending,,,United States of America,US,United States of America,United States of America,1003040131.24,6,142797628,1115606.46875,0.06493749556354511,2025-05-26,2025-11-25,2025-11-25,2025-09-17,2026-02-02,2026-02-02T16:29:55Z
LDOS.N,2025-11-04,11:00:01,EarningsReleases,Q3 2025 Leidos Holdings Inc Earnings Release,LDOS,Leidos Holdings Inc,Industrials,Professional Services,IT Services & Consulting,,,United States of America,US,United States of America,United States of America,24484265438.0,17,38542326,301111.921875,0.01419705460176611,2025-05-26,2025-11-25,2025-11-25,2025-09-17,2026-02-02,2026-02-02T16:29:55Z
LEA.N,2025-10-31,10:30:00,EarningsReleases,Q3 2025 Lear Corp Earnings Release,LEA,Lear Corp,Consumer Discretionary,Automobile Components,"Auto, Truck & Motorcycle Parts",,,United States of America,US,United States of America,United States of America,5619614326.14,16,26295439,205433.1171875,0.019737422524627853,2025-05-26,2025-11-25,2025-11-25,2025-09-17,2026-02-02,2026-02-02T16:29:55Z
LEG.N,2025-10-27,20:10:00,EarningsReleases,Q3 2025 Leggett & Platt Inc Earnings Release,LEG,Leggett & Platt Inc,Consumer Discretionary,Household Durables,Home Furnishings,,,United States of America,US,United States of America,United States of America,1351654094.36,4,104092347,813221.4609375,0.03131735371249006,2025-05-26,2025-11-25,2025-11-25,2025-09-17,2026-02-02,2026-02-02T16:29:55Z
LEN.N,2025-09-18,21:48:29,EarningsReleases,Q3 2025 Lennar Corp Earnings Release,LEN,Lennar Corp,Consumer Discretionary,Household Durables,Homebuilding,,,United States of America,US,United States of America,United States of America,33147763999.7,21,146019341,1140776.1015625,0.023088996521598765,2025-05-26,2025-11-25,2025-11-25,2025-09-17,2026-02-02,2026-02-02T16:29:55Z
LEN.N,2025-12-16,21:30:00,EarningsReleases,Q4 2025 Lennar Corp Earnings Release,LEN,Lennar Corp,Consumer Discretionary,Household Durables,Homebuilding,,,United States of America,US,United States of America,United States of America,33147763999.7,21,146019341,1140776.1015625,0.023088996521598765,2025-05-26,2025-11-25,2025-11-25,2025-09-17,2026-02-02,2026-02-02T16:29:55Z
LEU.N,2025-11-05,22:04:30,EarningsReleases,Q3 2025 Centrus Energy Corp Earnings Release,LEU,Centrus Energy Corp,Energy,"Oil, Gas & Consumable Fuels",Uranium,,,United States of America,US,United States of America,United States of America,4534431727.36,16,15665426,122386.140625,0.05701026019724166,2025-05-26,2025-11-25,2025-11-25,2025-09-17,2026-02-02,2026-02-02T16:29:55Z
LEVI.N,2025-10-09,20:15:00,EarningsReleases,Q3 2025 Levi Strauss & Co Earnings Release,LEVI,Levi Strauss & Co,Consumer Discretionary,"Textiles, Apparel & Luxury Goods",Apparel & Accessories,,,United States of America,US,United States of America,United States of America,8481001365.2,15,96390533,753051.0390625,0.023404209243303623,2025-05-26,2025-11-25,2025-11-25,2025-09-17,2026-02-02,2026-02-02T16:29:55Z
LEVI.N,2026-01-28,21:10:00,EarningsReleases,Q4 2025 Levi Strauss & Co Earnings Release,LEVI,Levi Strauss & Co,Consumer Discretionary,"Textiles, Apparel & Luxury Goods",Apparel & Accessories,,,United States of America,US,United States of America,United States of America,8481001365.2,15,96390533,753051.0390625,0.023404209243303623,2025-05-26,2025-11-25,2025-11-25,2025-09-17,2026-02-02,2026-02-02T16:29:55Z
LFT.N,2025-11-12,22:00:00,EarningsReleases,Q3 2025 Lument Finance Trust Inc Earnings Release,LFT,Lument Finance Trust Inc,Financials,Mortgage Real Estate Investment Trusts (REITs),Specialized REITs,,,United States of America,US,United States of America,United States of America,83260238.7,2,8042881,62835.0078125,0.024458877547211783,2025-05-26,2025-11-25,2025-11-25,2025-09-17,2026-02-02,2026-02-02T16:29:55Z
LH.N,2025-10-28,10:50:00,EarningsReleases,Q3 2025 Labcorp Holdings Inc Earnings Release,LH,Labcorp Holdings Inc,Health Care,Health Care Providers & Services,Healthcare Facilities & Services,,,United States of America,US,United States of America,United States of America,22368907000.0,22,26399109,206243.0390625,0.014835880061477257,2025-05-26,2025-11-25,2025-11-25,2025-09-17,2026-02-02,2026-02-02T16:29:55Z
LHX.N,2025-10-30,10:55:00,EarningsReleases,Q3 2025 L3Harris Technologies Inc Earnings Release,LHX,L3Harris Technologies Inc,Industrials,Aerospace & Defense,Aerospace & Defense,,,United States of America,US,United States of America,United States of America,51688313211.51,22,45378808,354521.9375,0.012443009634070674,2025-05-26,2025-11-25,2025-11-25,2025-09-17,2026-02-02,2026-02-02T16:29:55Z
LHX.N,2026-01-29,11:55:00,EarningsReleases,Q4 2025 L3Harris Technologies Inc Earnings Release,LHX,L3Harris Technologies Inc,Industrials,Aerospace & Defense,Aerospace & Defense,,,United States of America,US,United States of America,United States of America,51688313211.51,22,45378808,354521.9375,0.012443009634070674,2025-05-26,2025-11-25,2025-11-25,2025-09-17,2026-02-02,2026-02-02T16:29:55Z
LII.N,2025-10-22,10:45:00,EarningsReleases,Q3 2025 Lennox International Inc Earnings Release,LII,Lennox International Inc,Industrials,Building Products,Electrical Components & Equipment,,,United States of America,US,United States of America,United States of America,16980838133.12,19,13637378,106542.015625,0.020922982542669697,2025-05-26,2025-11-25,2025-11-25,2025-09-17,2026-02-02,2026-02-02T16:29:55Z
LII.N,2026-01-28,11:45:00,EarningsReleases,Q4 2025 Lennox International Inc Earnings Release,LII,Lennox International Inc,Industrials,Building Products,Electrical Components & Equipment,,,United States of America,US,United States of America,United States of America,16980838133.12,19,13637378,106542.015625,0.020922982542669697,2025-05-26,2025-11-25,2025-11-25,2025-09-17,2026-02-02,2026-02-02T16:29:55Z
LION.N,2025-11-06,21:05:01,EarningsReleases,Q2 2026 Lionsgate Studios Corp Earnings Release,LION,Lionsgate Studios Corp,Communication Services,Entertainment,Entertainment Production,,,Canada,CA,United States of America,United States of America,2080256474.52,10,79092442,617909.703125,0.03321795848930191,2025-05-26,2025-11-25,2025-11-25,2025-09-17,2026-02-02,2026-02-02T16:29:55Z
LITB.N,2025-11-12,13:00:05,EarningsReleases,Q3 2025 LightInTheBox Holding Co Ltd Earnings Release,LITB,LightInTheBox Holding Co Ltd,Consumer Discretionary,Specialty Retail,Apparel & Accessories,,,Singapore,SG,Singapore,United States of America,36318401.4,,714160,5579.375,0.061010638015574895,2025-05-26,2025-11-25,2025-11-25,2025-09-17,2026-02-02,2026-02-02T16:29:55Z
LLY.N,2025-10-30,10:45:00,EarningsReleases,Q3 2025 Eli Lilly and Co Earnings Release,LLY,Eli Lilly and Co,Health Care,Pharmaceuticals,Pharmaceuticals,,,United States of America,US,United States of America,United States of America,1049319247244.58,31,111934179,874485.7734375,0.023813438692927624,2025-05-26,2025-11-25,2025-11-25,2025-09-17,2026-02-02,2026-02-02T16:29:55Z
LMND.N,2025-11-05,10:51:00,EarningsReleases,Q3 2025 Lemonade Inc Earnings Release,LMND,Lemonade Inc,Financials,Insurance,Property & Casualty Insurance,,,United States of America,US,United States of America,United States of America,5530095998.0,11,78345480,612074.0625,0.055151537414785706,2025-05-26,2025-11-25,2025-11-25,2025-09-17,2026-02-02,2026-02-02T16:29:55Z
LMT.N,2025-10-21,11:29:00,EarningsReleases,Q3 2025 Lockheed Martin Corp Earnings Release,LMT,Lockheed Martin Corp,Industrials,Aerospace & Defense,Aerospace & Defense,,,United States of America,US,United States of America,United States of America,104686676888.36,24,50582854,395178.546875,0.016169777608282268,2025-05-26,2025-11-25,2025-11-25,2025-09-17,2026-02-02,2026-02-02T16:29:55Z
LMT.N,2026-01-29,12:20:00,EarningsReleases,Q4 2025 Lockheed Martin Corp Earnings Release,LMT,Lockheed Martin Corp,Industrials,Aerospace & Defense,Aerospace & Defense,,,United States of America,US,United States of America,United States of America,104686676888.36,24,50582854,395178.546875,0.016169777608282268,2025-05-26,2025-11-25,2025-11-25,2025-09-17,2026-02-02,2026-02-02T16:29:55Z
LNC.N,2025-10-30,10:00:00,EarningsReleases,Q3 2025 Lincoln National Corp Earnings Release,LNC,Lincoln National Corp,Financials,Insurance,Life & Health Insurance,,,United States of America,US,United States of America,United States of America,7789400440.5,13,75754375,591831.0546875,0.019473289781625755,2025-05-26,2025-11-25,2025-11-25,2025-09-17,2026-02-02,2026-02-02T16:29:55Z
LNG.N,2025-10-30,11:30:00,EarningsReleases,Q3 2025 Cheniere Energy Inc Earnings Release,LNG,Cheniere Energy Inc,Energy,"Oil, Gas & Consumable Fuels",Oil & Gas Transportation Services,,,United States of America,US,United States of America,United States of America,44103757950.16,23,62515648,488403.5,0.015472562427043875,2025-05-26,2025-11-25,2025-11-25,2025-09-17,2026-02-02,2026-02-02T16:29:55Z
LNN.N,2025-10-23,10:45:00,EarningsReleases,Q4 2025 Lindsay Corp Earnings Release,LNN,Lindsay Corp,Industrials,Machinery,Heavy Machinery & Vehicles,,,United States of America,US,United States of America,United States of America,1248476682.6,4,4891121,38211.8828125,0.01514537684464868,2025-05-26,2025-11-25,2025-11-25,2025-09-17,2026-02-02,2026-02-02T16:29:55Z
LNN.N,2026-01-08,11:45:00,EarningsReleases,Q1 2026 Lindsay Corp Earnings Release,LNN,Lindsay Corp,Industrials,Machinery,Heavy Machinery & Vehicles,,,United States of America,US,United States of America,United States of America,1248476682.6,4,4891121,38211.8828125,0.01514537684464868,2025-05-26,2025-11-25,2025-11-25,2025-09-17,2026-02-02,2026-02-02T16:29:55Z
LOAR.N,2025-11-12,13:30:00,EarningsReleases,Q3 2025 Loar Holdings Inc Earnings Release,LOAR,Loar Holdings Inc,Industrials,Aerospace & Defense,Aerospace & Defense,,,United States of America,US,United States of America,United States of America,6314835668.95,5,38613077,301664.6640625,0.02095512594802204,2025-05-26,2025-11-25,2025-11-25,2025-09-17,2026-02-02,2026-02-02T16:29:55Z
LOB.N,2025-10-22,20:30:01,EarningsReleases,Q3 2025 Live Oak Bancshares Inc Earnings Release,LOB,Live Oak Bancshares Inc,Financials,Banks,Banks,,,United States of America,US,United States of America,United States of America,1475239538.89,5,14201550,110949.609375,0.021933183161756117,2025-05-26,2025-11-25,2025-11-25,2025-09-17,2026-02-02,2026-02-02T16:29:55Z
LOB.N,2026-01-21,21:15:01,EarningsReleases,Q4 2025 Live Oak Bancshares Inc Earnings Release,LOB,Live Oak Bancshares Inc,Financials,Banks,Banks,,,United States of America,US,United States of America,United States of America,1475239538.89,5,14201550,110949.609375,0.021933183161756117,2025-05-26,2025-11-25,2025-11-25,2025-09-17,2026-02-02,2026-02-02T16:29:55Z
LOCL.N,2025-11-12,12:15:00,EarningsReleases,Q3 2025 Local Bounti Corp Earnings Release,LOCL,Local Bounti Corp,Consumer Staples,Food Products,Fishing & Farming,,,United States of America,US,United States of America,United States of America,51223488.6,1,607529,4746.3203125,0.05761271817907814,2025-05-26,2025-11-25,2025-11-25,2025-09-17,2026-02-02,2026-02-02T16:29:55Z
LOW.N,2025-11-19,11:00:02,EarningsReleases,Q3 2025 Lowe's Companies Inc Earnings Release,LOW,Lowe's Companies Inc,Consumer Discretionary,Specialty Retail,Home Improvement Products & Services Retailers,,,United States of America,US,United States of America,United States of America,133562541911.7,35,105190687,821802.2421875,0.01425809434019644,2025-05-26,2025-11-25,2025-11-25,2025-09-17,2026-02-02,2026-02-02T16:29:55Z
LPG.N,2025-11-06,13:30:00,EarningsReleases,Q2 2026 Dorian LPG Ltd Earnings Release,LPG,Dorian LPG Ltd,Energy,"Oil, Gas & Consumable Fuels",Oil & Gas Transportation Services,,,United States of America,US,United States of America,United States of America,1059814940.36,6,24178284,188892.84375,0.022636813299575707,2025-05-26,2025-11-25,2025-11-25,2025-09-17,2026-02-02,2026-02-02T16:29:55Z
LPX.N,2025-11-05,11:00:00,EarningsReleases,Q3 2025 Louisiana-Pacific Corp Earnings Release,LPX,Louisiana-Pacific Corp,Materials,Paper & Forest Products,Forest & Wood Products,,,United States of America,US,United States of America,United States of America,5667584856.18,11,30145840,235514.375,0.024065265895052756,2025-05-26,2025-11-25,2025-11-25,2025-09-17,2026-02-02,2026-02-02T16:29:55Z
LRN.N,2025-10-28,20:00:00,EarningsReleases,Q1 2026 Stride Inc Earnings Release,LRN,Stride Inc,Consumer Discretionary,Diversified Consumer Services,Miscellaneous Educational Service Providers,,,United States of America,US,United States of America,United States of America,2761339155.92,7,35622003,278296.8984375,0.07491913033512605,2025-05-26,2025-11-25,2025-11-25,2025-09-17,2026-02-02,2026-02-02T16:29:55Z
LRN.N,2026-01-27,21:15:00,EarningsReleases,Q2 2026 Stride Inc Earnings Release,LRN,Stride Inc,Consumer Discretionary,Diversified Consumer Services,Miscellaneous Educational Service Providers,,,United States of America,US,United States of America,United States of America,2761339155.92,7,35622003,278296.8984375,0.07491913033512605,2025-05-26,2025-11-25,2025-11-25,2025-09-17,2026-02-02,2026-02-02T16:29:55Z
LSPD.N,2025-11-06,12:00:00,EarningsReleases,Q2 2026 Lightspeed Commerce Inc Earnings Release,LSPD,Lightspeed Commerce Inc,Information Technology,Software,Software,,,Canada,CA,Canada,United States of America,1537478826.5882,18,27681449,216261.3203125,0.02792527036722029,2025-05-26,2025-11-25,2025-11-25,2025-09-17,2026-02-02,2026-02-02T16:29:55Z
LTC.N,2025-11-04,21:17:00,EarningsReleases,Q3 2025 LTC Properties Inc Earnings Release,LTC,LTC Properties Inc,Real Estate,Health Care REITs,Specialized REITs,,,United States of America,US,United States of America,United States of America,1737918008.0,6,15882656,124083.25,0.009672617579215444,2025-05-26,2025-11-25,2025-11-25,2025-09-17,2026-02-02,2026-02-02T16:29:55Z
LTH.N,2025-11-04,11:45:00,EarningsReleases,Q3 2025 Life Time Group Holdings Inc Earnings Release,LTH,Life Time Group Holdings Inc,Consumer Discretionary,"Hotels, Restaurants & Leisure",Leisure & Recreation,,,United States of America,US,United States of America,United States of America,6072907034.52,12,113479283,886556.8984375,0.021869717930239903,2025-05-26,2025-11-25,2025-11-25,2025-09-17,2026-02-02,2026-02-02T16:29:55Z
LTH.N,2026-01-22,11:45:00,EarningsReleases,Preliminary Q4 2025 Life Time Group Holdings Inc Earnings Release,LTH,Life Time Group Holdings Inc,Consumer Discretionary,"Hotels, Restaurants & Leisure",Leisure & Recreation,,,United States of America,US,United States of America,United States of America,6072907034.52,12,113479283,886556.8984375,0.021869717930239903,2025-05-26,2025-11-25,2025-11-25,2025-09-17,2026-02-02,2026-02-02T16:29:55Z
LUCK.N,2025-11-04,21:05:00,EarningsReleases,Q1 2026 Lucky Strike Entertainment Corp Earnings Release,LUCK,Lucky Strike Entertainment Corp,Consumer Discretionary,"Hotels, Restaurants & Leisure",Leisure & Recreation,,,United States of America,US,United States of America,United States of America,1040292617.85,11,10146750,79271.484375,0.027035991589385196,2025-05-26,2025-11-25,2025-11-25,2025-09-17,2026-02-02,2026-02-02T16:29:55Z
LUMN.N,2025-10-30,20:01:00,EarningsReleases,Q3 2025 Lumen Technologies Inc Earnings Release,LUMN,Lumen Technologies Inc,Communication Services,Diversified Telecommunication Services,Integrated Telecommunications Services,,,United States of America,US,United States of America,United States of America,8205149920.0,15,503799901,3935936.7265625,0.04829940781142882,2025-05-26,2025-11-25,2025-11-25,2025-09-17,2026-02-02,2026-02-02T16:29:55Z
LUV.N,2025-10-22,20:23:03,EarningsReleases,Q3 2025 Southwest Airlines Co Earnings Release,LUV,Southwest Airlines Co,Industrials,Passenger Airlines,Airlines,,,United States of America,US,United States of America,United States of America,17769448548.8,23,384119260,3000931.71875,0.02420214907325071,2025-05-26,2025-11-25,2025-11-25,2025-09-17,2026-02-02,2026-02-02T16:29:55Z
LUV.N,2026-01-28,21:28:45,EarningsReleases,Q4 2025 Southwest Airlines Co Earnings Release,LUV,Southwest Airlines Co,Industrials,Passenger Airlines,Airlines,,,United States of America,US,United States of America,United States of America,17769448548.8,23,384119260,3000931.71875,0.02420214907325071,2025-05-26,2025-11-25,2025-11-25,2025-09-17,2026-02-02,2026-02-02T16:29:55Z
LUXE.N,2025-09-25,10:00:01,EarningsReleases,Q4 2025 LuxExperience BV Earnings Release,LUXE,LuxExperience BV,Consumer Discretionary,Specialty Retail,Online Services,,,Germany,DE,Germany,United States of America,1271042490.08,4,7006437,54737.7890625,0.03255742248600758,2025-05-26,2025-11-25,2025-11-25,2025-09-17,2026-02-02,2026-02-02T16:29:55Z
LUXE.N,2025-11-19,11:23:00,EarningsReleases,Q1 2026 LuxExperience BV Earnings Release,LUXE,LuxExperience BV,Consumer Discretionary,Specialty Retail,Online Services,,,Germany,DE,Germany,United States of America,1271042490.08,4,7006437,54737.7890625,0.03255742248600758,2025-05-26,2025-11-25,2025-11-25,2025-09-17,2026-02-02,2026-02-02T16:29:55Z
LVS.N,2025-10-22,20:05:00,EarningsReleases,Q3 2025 Las Vegas Sands Corp Earnings Release,LVS,Las Vegas Sands Corp,Consumer Discretionary,"Hotels, Restaurants & Leisure",Casinos & Gaming,,,United States of America,US,United States of America,United States of America,45726975355.81,20,187531022,1465086.109375,0.02321842969270662,2025-05-26,2025-11-25,2025-11-25,2025-09-17,2026-02-02,2026-02-02T16:29:55Z
LVS.N,2026-01-28,21:05:00,EarningsReleases,Q4 2025 Las Vegas Sands Corp Earnings Release,LVS,Las Vegas Sands Corp,Consumer Discretionary,"Hotels, Restaurants & Leisure",Casinos & Gaming,,,United States of America,US,United States of America,United States of America,45726975355.81,20,187531022,1465086.109375,0.02321842969270662,2025-05-26,2025-11-25,2025-11-25,2025-09-17,2026-02-02,2026-02-02T16:29:55Z
LVWR.N,2025-11-04,12:00:01,EarningsReleases,Q3 2025 LiveWire Group Inc Earnings Release,LVWR,LiveWire Group Inc,Consumer Discretionary,Automobiles,Recreational Products,,,United States of America,US,United States of America,United States of America,893470663.68,,18633233,145572.1328125,0.09828243750877524,2025-05-26,2025-11-25,2025-11-25,2025-09-17,2026-02-02,2026-02-02T16:29:55Z
LW.N,2025-09-30,12:30:00,EarningsReleases,Q1 2026 Lamb Weston Holdings Inc Earnings Release,LW,Lamb Weston Holdings Inc,Consumer Staples,Food Products,Food Processing,,,United States of America,US,United States of America,United States of America,8195277229.65,12,76788890,599913.203125,0.02343220057056097,2025-05-26,2025-11-25,2025-11-25,2025-09-17,2026-02-02,2026-02-02T16:29:55Z
LW.N,2025-12-19,13:30:00,EarningsReleases,Q2 2026 Lamb Weston Holdings Inc Earnings Release,LW,Lamb Weston Holdings Inc,Consumer Staples,Food Products,Food Processing,,,United States of America,US,United States of America,United States of America,8195277229.65,12,76788890,599913.203125,0.02343220057056097,2025-05-26,2025-11-25,2025-11-25,2025-09-17,2026-02-02,2026-02-02T16:29:55Z
LXFR.N,2025-10-28,20:00:00,EarningsReleases,Q3 2025 Luxfer Holdings PLC Earnings Release,LXFR,Luxfer Holdings PLC,Industrials,Machinery,Industrial Machinery & Equipment,,,United States of America,US,United States of America,United States of America,331881154.2,1,5411305,42275.8203125,0.021010014698488406,2025-05-26,2025-11-25,2025-11-25,2025-09-17,2026-02-02,2026-02-02T16:29:55Z
LXP.N,2025-10-30,10:00:01,EarningsReleases,Q3 2025 LXP Industrial Trust Earnings Release,LXP,LXP Industrial Trust,Real Estate,Industrial REITs,Commercial REITs,,,United States of America,US,United States of America,United States of America,2863288098.0,3,28631894,223686.671875,0.014868630736728316,2025-05-26,2025-11-25,2025-11-25,2025-09-17,2026-02-02,2026-02-02T16:29:55Z
LXU.N,2025-10-29,20:10:00,EarningsReleases,Q3 2025 LSB Industries Inc Earnings Release,LXU,LSB Industries Inc,Materials,Chemicals,Diversified Chemicals,,,United States of America,US,United States of America,United States of America,644622711.04,4,21363876,166905.28125,0.03163228949515176,2025-05-26,2025-11-25,2025-11-25,2025-09-17,2026-02-02,2026-02-02T16:29:55Z
LYB.N,2025-10-31,10:30:00,EarningsReleases,Q3 2025 LyondellBasell Industries NV Earnings Release,LYB,LyondellBasell Industries NV,Materials,Chemicals,Commodity Chemicals,,,United Kingdom,GB,United Kingdom,United States of America,15131248037.64,21,146576027,1145125.2109375,0.026897314386553125,2025-05-26,2025-11-25,2025-11-25,2025-09-17,2026-02-02,2026-02-02T16:29:55Z
LYB.N,2026-01-30,11:30:00,EarningsReleases,Q4 2025 LyondellBasell Industries NV Earnings Release,LYB,LyondellBasell Industries NV,Materials,Chemicals,Commodity Chemicals,,,United Kingdom,GB,United Kingdom,United States of America,15131248037.64,21,146576027,1145125.2109375,0.026897314386553125,2025-05-26,2025-11-25,2025-11-25,2025-09-17,2026-02-02,2026-02-02T16:29:55Z
LYV.N,2025-11-04,21:07:00,EarningsReleases,Q3 2025 Live Nation Entertainment Inc Earnings Release,LYV,Live Nation Entertainment Inc,Communication Services,Entertainment,Entertainment Production,,,United States of America,US,United States of America,United States of America,30085030041.32,22,91549741,715232.3515625,0.018284891956333923,2025-05-26,2025-11-25,2025-11-25,2025-09-17,2026-02-02,2026-02-02T16:29:55Z
LZB.N,2025-11-18,21:15:01,EarningsReleases,Q2 2026 La-Z-Boy Inc Earnings Release,LZB,La-Z-Boy Inc,Consumer Discretionary,Household Durables,Home Furnishings,,,United States of America,US,United States of America,United States of America,1621909500.4,3,26132527,204160.3671875,0.027095635458718112,2025-05-26,2025-11-25,2025-11-25,2025-09-17,2026-02-02,2026-02-02T16:29:55Z
M.N,2025-12-03,11:55:00,EarningsReleases,Q3 2025 Macy's Inc Earnings Release,M,Macy's Inc,Consumer Discretionary,Broadline Retail,Department Stores,,,United States of America,US,United States of America,United States of America,5788065000.0,13,257974749,2015427.7265625,0.03080017737071615,2025-05-26,2025-11-25,2025-11-25,2025-09-17,2026-02-02,2026-02-02T16:29:55Z
MA.N,2025-10-30,12:30:00,EarningsReleases,Q3 2025 Mastercard Inc Earnings Release,MA,Mastercard Inc,Financials,Financial Services,Online Services,,,United States of America,US,United States of America,United States of America,490727791056.56,40,103981792,812357.75,0.012357331014431856,2025-05-26,2025-11-25,2025-11-25,2025-09-17,2026-02-02,2026-02-02T16:29:55Z
MA.N,2026-01-29,13:30:00,EarningsReleases,Q4 2025 Mastercard Inc Earnings Release,MA,Mastercard Inc,Financials,Financial Services,Online Services,,,United States of America,US,United States of America,United States of America,490727791056.56,40,103981792,812357.75,0.012357331014431856,2025-05-26,2025-11-25,2025-11-25,2025-09-17,2026-02-02,2026-02-02T16:29:55Z
MAA.N,2025-10-29,20:15:00,EarningsReleases,Q3 2025 Mid-America Apartment Communities Inc Earnings Release,MAA,Mid-America Apartment Communities Inc,Real Estate,Residential REITs,Residential REITs,,,United States of America,US,United States of America,United States of America,15813060074.52,13,39287133,306930.7265625,0.011229548186405236,2025-05-26,2025-11-25,2025-11-25,2025-09-17,2026-02-02,2026-02-02T16:29:55Z
MAC.N,2025-11-04,21:00:00,EarningsReleases,Q3 2025 Macerich Co Earnings Release,MAC,Macerich Co,Real Estate,Retail REITs,Commercial REITs,,,United States of America,US,United States of America,United States of America,4356568608.84,10,76705098,599258.578125,0.019726813796617605,2025-05-26,2025-11-25,2025-11-25,2025-09-17,2026-02-02,2026-02-02T16:29:55Z
MAGN.N,2025-11-19,23:34:23,EarningsReleases,Q4 2025 Magnera Corp Earnings Release,MAGN,Magnera Corp,Materials,Paper & Forest Products,Textiles & Leather Goods,,,United States of America,US,United States of America,United States of America,480600000.0,2,36178233,282642.4453125,0.043386917543238666,2025-05-26,2025-11-25,2025-11-25,2025-09-17,2026-02-02,2026-02-02T16:29:55Z
MAIN.N,2025-10-14,11:00:38,EarningsReleases,Preliminary Q3 2025 Main Street Capital Corp Earnings Release,MAIN,Main Street Capital Corp,Financials,Capital Markets,Investment Banking & Brokerage Services,,,United States of America,US,United States of America,United States of America,5121719833.31,7,15891656,124153.5625,0.012778786094243788,2025-05-26,2025-11-25,2025-11-25,2025-09-17,2026-02-02,2026-02-02T16:29:55Z
MAIN.N,2025-11-06,21:15:00,EarningsReleases,Q3 2025 Main Street Capital Corp Earnings Release,MAIN,Main Street Capital Corp,Financials,Capital Markets,Investment Banking & Brokerage Services,,,United States of America,US,United States of America,United States of America,5121719833.31,7,15891656,124153.5625,0.012778786094243788,2025-05-26,2025-11-25,2025-11-25,2025-09-17,2026-02-02,2026-02-02T16:29:55Z
MAIN.N,2026-01-15,12:00:00,EarningsReleases,Preliminary Q4 2025 Main Street Capital Corp Earnings Release,MAIN,Main Street Capital Corp,Financials,Capital Markets,Investment Banking & Brokerage Services,,,United States of America,US,United States of America,United States of America,5121719833.31,7,15891656,124153.5625,0.012778786094243788,2025-05-26,2025-11-25,2025-11-25,2025-09-17,2026-02-02,2026-02-02T16:29:55Z
MAN.N,2025-10-16,11:30:55,EarningsReleases,Q3 2025 ManpowerGroup Inc Earnings Release,MAN,ManpowerGroup Inc,Industrials,Professional Services,Employment Services,,,United States of America,US,United States of America,United States of America,1311136137.6,12,50014122,390735.328125,0.026697718597071488,2025-05-26,2025-11-25,2025-11-25,2025-09-17,2026-02-02,2026-02-02T16:29:55Z
MAN.N,2026-01-29,12:30:00,EarningsReleases,Q4 2025 ManpowerGroup Inc Earnings Release,MAN,ManpowerGroup Inc,Industrials,Professional Services,Employment Services,,,United States of America,US,United States of America,United States of America,1311136137.6,12,50014122,390735.328125,0.026697718597071488,2025-05-26,2025-11-25,2025-11-25,2025-09-17,2026-02-02,2026-02-02T16:29:55Z
MANU.N,2025-09-17,11:00:00,EarningsReleases,Q4 2025 Manchester United PLC Earnings Release,MANU,Manchester United PLC,Communication Services,Entertainment,Leisure & Recreation,,,United Kingdom,GB,United Kingdom,United States of America,2671008189.93,3,11661940,91108.90625,0.02711566375070903,2025-05-26,2025-11-25,2025-11-25,2025-09-17,2026-02-02,2026-02-02T16:29:55Z
MANU.N,2025-12-11,12:00:00,EarningsReleases,Q1 2026 Manchester United PLC Earnings Release,MANU,Manchester United PLC,Communication Services,Entertainment,Leisure & Recreation,,,United Kingdom,GB,United Kingdom,United States of America,2671008189.93,3,11661940,91108.90625,0.02711566375070903,2025-05-26,2025-11-25,2025-11-25,2025-09-17,2026-02-02,2026-02-02T16:29:55Z
MAS.N,2025-10-29,11:00:00,EarningsReleases,Q3 2025 Masco Corp Earnings Release,MAS,Masco Corp,Industrials,Building Products,Construction Supplies & Fixtures,,,United States of America,US,United States of America,United States of America,13155440634.14,25,95115129,743086.9453125,0.01681342944124889,2025-05-26,2025-11-25,2025-11-25,2025-09-17,2026-02-02,2026-02-02T16:29:55Z
MATV.N,2025-11-05,21:30:01,EarningsReleases,Q3 2025 Mativ Holdings Inc Earnings Release,MATV,Mativ Holdings Inc,Materials,Chemicals,Commodity Chemicals,,,United States of America,US,United States of America,United States of America,690075658.68,2,22965943,179421.4296875,0.04521781342506515,2025-05-26,2025-11-25,2025-11-25,2025-09-17,2026-02-02,2026-02-02T16:29:55Z
MATX.N,2025-11-04,21:05:00,EarningsReleases,Q3 2025 Matson Inc Earnings Release,MATX,Matson Inc,Industrials,Marine Transportation,Marine Freight & Logistics,,,United States of America,US,United States of America,United States of America,3404548021.65,4,15531455,121339.4921875,0.022415563741720185,2025-05-26,2025-11-25,2025-11-25,2025-09-17,2026-02-02,2026-02-02T16:29:55Z
MATX.N,2026-01-15,03:03:22,EarningsReleases,Preliminary Q4 2025 Matson Inc Earnings Release,MATX,Matson Inc,Industrials,Marine Transportation,Marine Freight & Logistics,,,United States of America,US,United States of America,United States of America,3404548021.65,4,15531455,121339.4921875,0.022415563741720185,2025-05-26,2025-11-25,2025-11-25,2025-09-17,2026-02-02,2026-02-02T16:29:55Z
MAX.N,2025-10-29,20:10:01,EarningsReleases,Q3 2025 Mediaalpha Inc Earnings Release,MAX,Mediaalpha Inc,Communication Services,Interactive Media & Services,Online Services,,,United States of America,US,United States of America,United States of America,813996281.6,8,22824624,178317.375,0.030929617624238792,2025-05-26,2025-11-25,2025-11-25,2025-09-17,2026-02-02,2026-02-02T16:29:55Z
MBC.N,2025-11-04,21:05:01,EarningsReleases,Q3 2025 Masterbrand Inc Earnings Release,MBC,Masterbrand Inc,Industrials,Building Products,Construction Supplies & Fixtures,,,United States of America,US,United States of America,United States of America,1394573081.0,1,49309469,385230.2265625,0.030109506761866377,2025-05-26,2025-11-25,2025-11-25,2025-09-17,2026-02-02,2026-02-02T16:29:55Z
MBI.N,2025-11-04,21:00:00,EarningsReleases,Q3 2025 MBIA Inc Earnings Release,MBI,MBIA Inc,Financials,Insurance,Property & Casualty Insurance,,,United States of America,US,United States of America,United States of America,379712067.52,2,11267470,88027.109375,0.03182709757702829,2025-05-26,2025-11-25,2025-11-25,2025-09-17,2026-02-02,2026-02-02T16:29:55Z
MC.N,2025-10-29,20:15:00,EarningsReleases,Q3 2025 Moelis & Co Earnings Release,MC,Moelis & Co,Financials,Capital Markets,Investment Banking & Brokerage Services,,,United States of America,US,United States of America,United States of America,5020360523.7,9,32367982,252874.859375,0.02015887755780824,2025-05-26,2025-11-25,2025-11-25,2025-09-17,2026-02-02,2026-02-02T16:29:55Z
MCB.N,2025-10-23,20:05:00,EarningsReleases,Q3 2025 Metropolitan Bank Holding Corp Earnings Release,MCB,Metropolitan Bank Holding Corp,Financials,Banks,Banks,,,United States of America,US,United States of America,United States of America,775439550.6,3,3753765,29326.2890625,0.019744649864001117,2025-05-26,2025-11-25,2025-11-25,2025-09-17,2026-02-02,2026-02-02T16:29:55Z
MCB.N,2026-01-20,21:05:01,EarningsReleases,Q4 2025 Metropolitan Bank Holding Corp Earnings Release,MCB,Metropolitan Bank Holding Corp,Financials,Banks,Banks,,,United States of America,US,United States of America,United States of America,775439550.6,3,3753765,29326.2890625,0.019744649864001117,2025-05-26,2025-11-25,2025-11-25,2025-09-17,2026-02-02,2026-02-02T16:29:55Z
MCD.N,2025-11-05,13:30:00,EarningsReleases,Q3 2025 McDonald's Corp Earnings Release,MCD,McDonald's Corp,Consumer Discretionary,"Hotels, Restaurants & Leisure",Restaurants & Bars,,,United States of America,US,United States of America,United States of America,221088317957.5,39,117767159,920055.9296875,0.009728323480870096,2025-05-26,2025-11-25,2025-11-25,2025-09-17,2026-02-02,2026-02-02T16:29:55Z
MCI.N,2025-11-13,20:30:00,EarningsReleases,Preliminary Q3 2025 Barings Corporate Investors Earnings Release,MCI,Barings Corporate Investors,,,Closed End Funds,,,United States of America,US,United States of America,United States of America,430122287.65,,664940,5194.84375,0.01635789876182396,2025-05-26,2025-11-25,2025-11-25,2025-09-17,2026-02-02,2026-02-02T16:29:55Z
MCK.N,2025-11-05,21:10:00,EarningsReleases,Q2 2026 Mckesson Corp Earnings Release,MCK,McKesson Corp,Health Care,Health Care Providers & Services,Pharmaceuticals,,,United States of America,US,United States of America,United States of America,109760851312.0,18,27796936,217163.5625,0.014616301318906861,2025-05-26,2025-11-25,2025-11-25,2025-09-17,2026-02-02,2026-02-02T16:29:55Z
MCO.N,2025-10-22,12:30:00,EarningsReleases,Q3 2025 Moody's Corp Earnings Release,MCO,Moody's Corp,Financials,Capital Markets,Professional Information Services,,,United States of America,US,United States of America,United States of America,86643528000.0,26,31171002,243523.453125,0.013158153410853772,2025-05-26,2025-11-25,2025-11-25,2025-09-17,2026-02-02,2026-02-02T16:29:55Z
MCS.N,2025-10-31,11:45:00,EarningsReleases,Q3 2025 Marcus Corp Earnings Release,MCS,Marcus Corp,Communication Services,Entertainment,Leisure & Recreation,,,United States of America,US,United States of America,United States of America,481898815.95,4,11768922,91944.703125,0.02280611808261573,2025-05-26,2025-11-25,2025-11-25,2025-09-17,2026-02-02,2026-02-02T16:29:55Z
MCY.N,2025-11-04,21:05:00,EarningsReleases,Q3 2025 Mercury General Corp Earnings Release,MCY,Mercury General Corp,Financials,Insurance,Property & Casualty Insurance,,,United States of America,US,United States of America,United States of America,5155019514.89,1,11005054,85976.984375,0.016088346421844306,2025-05-26,2025-11-25,2025-11-25,2025-09-17,2026-02-02,2026-02-02T16:29:55Z
MD.N,2025-11-03,11:00:00,EarningsReleases,Q3 2025 Pediatrix Medical Group Inc Earnings Release,MD,Pediatrix Medical Group Inc,Health Care,Health Care Providers & Services,Healthcare Facilities & Services,,,United States of America,US,United States of America,United States of America,2116877564.9,7,36115129,282149.4453125,0.0291125487073126,2025-05-26,2025-11-25,2025-11-25,2025-09-17,2026-02-02,2026-02-02T16:29:55Z
MDT.N,2025-11-18,13:30:00,EarningsReleases,Q2 2026 Medtronic PLC Earnings Release,MDT,Medtronic PLC,Health Care,Health Care Equipment & Supplies,"Medical Equipment, Supplies & Distribution",,,Ireland,IE,United States of America,United States of America,135060196812.8,35,247062090,1930172.578125,0.011517020608346678,2025-05-26,2025-11-25,2025-11-25,2025-09-17,2026-02-02,2026-02-02T16:29:55Z
MDU.N,2025-11-06,13:30:01,EarningsReleases,Q3 2025 MDU Resources Group Inc Earnings Release,MDU,MDU Resources Group Inc,Utilities,Gas Utilities,Multiline Utilities,,,United States of America,US,United States of America,United States of America,4324740492.36,6,88534260,691673.90625,0.014376823669455092,2025-05-26,2025-11-25,2025-11-25,2025-09-17,2026-02-02,2026-02-02T16:29:55Z
MDV.N,2025-11-14,21:05:00,EarningsReleases,Q3 2025 Modiv Industrial Inc Earnings Release,MDV,Modiv Industrial Inc,Real Estate,Diversified REITs,Commercial REITs,,,United States of America,US,United States of America,United States of America,152069955.6,4,1941911,15171.1796875,0.013217911103899261,2025-05-26,2025-11-25,2025-11-25,2025-09-17,2026-02-02,2026-02-02T16:29:55Z
MEC.N,2025-11-04,21:15:00,EarningsReleases,Q3 2025 Mayville Engineering Company Inc Earnings Release,MEC,Mayville Engineering Company Inc,Industrials,Machinery,"Auto, Truck & Motorcycle Parts",,,United States of America,US,United States of America,United States of America,341348616.0,5,6386262,49892.671875,0.03211763967617324,2025-05-26,2025-11-25,2025-11-25,2025-09-17,2026-02-02,2026-02-02T16:29:55Z
MED.N,2025-11-03,21:05:00,EarningsReleases,Q3 2025 Medifast Inc Earnings Release,MED,Medifast Inc,Consumer Staples,Personal Care Products,Food Processing,,,United States of America,US,United States of America,United States of America,119914788.43,2,7324669,57223.9765625,0.02472581879645438,2025-05-26,2025-11-25,2025-11-25,2025-09-17,2026-02-02,2026-02-02T16:29:55Z
MEG.N,2025-11-04,21:03:00,EarningsReleases,Q3 2025 Montrose Environmental Group Inc Earnings Release,MEG,Montrose Environmental Group Inc,Industrials,Commercial Services & Supplies,Environmental Services & Equipment,,,United States of America,US,United States of America,United States of America,904290898.53,7,19298149,150766.7890625,0.03039181361045389,2025-05-26,2025-11-25,2025-11-25,2025-09-17,2026-02-02,2026-02-02T16:29:55Z
MEI.N,2025-12-03,21:11:00,EarningsReleases,Q2 2026 Methode Electronics Inc Earnings Release,MEI,Methode Electronics Inc,Information Technology,"Electronic Equipment, Instruments & Components",Electronic Equipment & Parts,,,United States of America,US,United States of America,United States of America,259130474.16,2,14285702,111607.046875,0.04072807768552465,2025-05-26,2025-11-25,2025-11-25,2025-09-17,2026-02-02,2026-02-02T16:29:55Z
MET.N,2025-11-05,21:00:00,EarningsReleases,Q3 2025 MetLife Inc Earnings Release,MET,MetLife Inc,Financials,Insurance,Life & Health Insurance,,,United States of America,US,United States of America,United States of America,49904454025.44,16,143571970,1121656.015625,0.013522261230341897,2025-05-26,2025-11-25,2025-11-25,2025-09-17,2026-02-02,2026-02-02T16:29:55Z
MFA.N,2025-11-06,13:30:00,EarningsReleases,Q3 2025 MFA Financial Inc Earnings Release,MFA,MFA Financial Inc,Financials,Mortgage Real Estate Investment Trusts (REITs),Specialized REITs,,,United States of America,US,United States of America,United States of America,973925049.59,6,51495759,402310.6171875,0.013784521760614748,2025-05-26,2025-11-25,2025-11-25,2025-09-17,2026-02-02,2026-02-02T16:29:55Z
MFC.N,2025-11-12,22:02:00,EarningsReleases,Q3 2025 Manulife Financial Corp Earnings Release,MFC,Manulife Financial Corp,Financials,Insurance,Life & Health Insurance,,,Canada,CA,Canada,United States of America,59495420198.5252,10,61901802,483607.828125,0.012026393318077134,2025-05-26,2025-11-25,2025-11-25,2025-09-17,2026-02-02,2026-02-02T16:29:55Z
MFM.N,2025-12-29,13:30:00,EarningsReleases,Full Year 2025 MFS Municipal Income Trust Earnings Release,MFM,MFS Municipal Income Trust,,,Closed End Funds,,,United States of America,US,United States of America,United States of America,219530073.23,,3005814,23482.921875,0.00631707362073895,2025-05-26,2025-11-25,2025-11-25,2025-09-17,2026-02-02,2026-02-02T16:29:55Z
MG.N,2025-11-04,21:53:24,EarningsReleases,Q3 2025 Mistras Group Inc Earnings Release,MG,Mistras Group Inc,Industrials,Professional Services,Integrated Oil & Gas,,,United States of America,US,United States of America,United States of America,374161094.58,4,6222244,48611.28125,0.02825731503361036,2025-05-26,2025-11-25,2025-11-25,2025-09-17,2026-02-02,2026-02-02T16:29:55Z
MGA.N,2025-10-31,09:00:00,EarningsReleases,Q3 2025 Magna International Inc Earnings Release,MGA,Magna International Inc,Consumer Discretionary,Automobile Components,"Auto, Truck & Motorcycle Parts",,,Canada,CA,Canada,United States of America,13868921992.6049,19,51267201,400525.0078125,0.01767581522182619,2025-05-26,2025-11-25,2025-11-25,2025-09-17,2026-02-02,2026-02-02T16:29:55Z
MGF.N,2026-01-23,,EarningsReleases,Full Year 2025 MFS Government Markets Income Trust Earnings Release,MGF,MFS Government Markets Income Trust,,,Closed End Funds,,,United States of America,US,United States of America,United States of America,101192549.265,,815650,6372.265625,0.0061884618976153416,2025-05-26,2025-11-25,2025-11-25,2025-09-17,2026-02-02,2026-02-02T16:29:55Z
MGM.N,2025-10-29,20:15:00,EarningsReleases,Q3 2025 MGM Resorts International Earnings Release,MGM,MGM Resorts International,Consumer Discretionary,"Hotels, Restaurants & Leisure",Casinos & Gaming,,,United States of America,US,United States of America,United States of America,9337509861.6,22,182103675,1422684.9609375,0.02182628763149993,2025-05-26,2025-11-25,2025-11-25,2025-09-17,2026-02-02,2026-02-02T16:29:55Z
MGY.N,2025-10-29,20:01:00,EarningsReleases,Q3 2025 Magnolia Oil & Gas Corp Earnings Release,MGY,Magnolia Oil & Gas Corp,Energy,"Oil, Gas & Consumable Fuels",Oil & Gas Exploration and Production,,,United States of America,US,United States of America,United States of America,4333888156.43,20,114835904,897155.5,0.018707414067284073,2025-05-26,2025-11-25,2025-11-25,2025-09-17,2026-02-02,2026-02-02T16:29:55Z
MH.N,2025-11-12,13:30:00,EarningsReleases,Q2 2026 McGraw Hill Inc Earnings Release,MH,McGraw Hill Inc,Consumer Discretionary,Diversified Consumer Services,Consumer Publishing,,,United States of America,US,United States of America,United States of America,3436117326.81,13,29256735,332462.8977272727,0.042214870483136546,2025-05-26,2025-11-25,2025-11-25,2025-09-17,2026-02-02,2026-02-02T16:29:55Z
MHD.N,2025-10-03,,EarningsReleases,Full Year 2025 BlackRock MuniHoldings Fund Inc Earnings Release,MHD,BlackRock MuniHoldings Fund Inc,,,Closed End Funds,,,United States of America,US,United States of America,United States of America,605364161.76,,1894806,14803.171875,0.0049523481562906806,2025-05-26,2025-11-25,2025-11-25,2025-09-17,2026-02-02,2026-02-02T16:29:55Z
MHK.N,2025-10-23,20:15:00,EarningsReleases,Q3 2025 Mohawk Industries Inc Earnings Release,MHK,Mohawk Industries Inc,Consumer Discretionary,Household Durables,Home Furnishings,,,United States of America,US,United States of America,United States of America,7073600240.04,19,28583624,223309.5625,0.02269976143466498,2025-05-26,2025-11-25,2025-11-25,2025-09-17,2026-02-02,2026-02-02T16:29:55Z
MHO.N,2025-10-22,12:30:00,EarningsReleases,Q3 2025 M/I Homes Inc Earnings Release,MHO,M/I Homes Inc,Consumer Discretionary,Household Durables,Homebuilding,,,United States of America,US,United States of America,United States of America,3585222068.99,2,10621013,82976.6640625,0.022866471993580342,2025-05-26,2025-11-25,2025-11-25,2025-09-17,2026-02-02,2026-02-02T16:29:55Z
MHO.N,2026-01-28,12:30:00,EarningsReleases,Q4 2025 M/I Homes Inc Earnings Release,MHO,M/I Homes Inc,Consumer Discretionary,Household Durables,Homebuilding,,,United States of America,US,United States of America,United States of America,3585222068.99,2,10621013,82976.6640625,0.022866471993580342,2025-05-26,2025-11-25,2025-11-25,2025-09-17,2026-02-02,2026-02-02T16:29:55Z
MIAX.N,2025-11-05,21:00:00,EarningsReleases,Q3 2025 Miami International Holdings Inc Earnings Release,MIAX,Miami International Holdings Inc,Financials,Capital Markets,Financial & Commodity Market Operators & Service Providers,,,United States of America,US,United States of America,United States of America,3595591621.44,5,19758930,270670.27397260274,0.02699091585992741,2025-05-26,2025-11-25,2025-11-25,2025-09-17,2026-02-02,2026-02-02T16:29:55Z
MIR.N,2025-10-28,20:17:00,EarningsReleases,Q3 2025 Mirion Technologies Inc Earnings Release,MIR,Mirion Technologies Inc,Information Technology,"Electronic Equipment, Instruments & Components",Industrial Machinery & Equipment,,,United States of America,US,United States of America,United States of America,6451626249.8,7,171033016,1336195.4375,0.03690420532086774,2025-05-26,2025-11-25,2025-11-25,2025-09-17,2026-02-02,2026-02-02T16:29:55Z
MITT.N,2025-11-04,11:30:00,EarningsReleases,Q3 2025 AG Mortgage Investment Trust Inc Earnings Release,MITT,TPG Mortgage Investment Trust Inc,Financials,Mortgage Real Estate Investment Trusts (REITs),Specialized REITs,,,United States of America,US,United States of America,United States of America,257130036.9,6,6529038,51008.109375,0.01904386793484632,2025-05-26,2025-11-25,2025-11-25,2025-09-17,2026-02-02,2026-02-02T16:29:55Z
MIY.N,2025-10-03,,EarningsReleases,Full Year 2025 Blackrock Muniyield Michigan Quality Fund Inc Earnings Release,MIY,Blackrock Muniyield Michigan Quality Fund Inc,,,Closed End Funds,,,United States of America,US,United States of America,United States of America,336860042.5,,1021836,7983.09375,0.005181728556908899,2025-05-26,2025-11-25,2025-11-25,2025-09-17,2026-02-02,2026-02-02T16:29:55Z
MKC.N,2025-10-07,10:30:38,EarningsReleases,Q3 2025 McCormick & Company Inc Earnings Release,MKC,McCormick & Company Inc,Consumer Staples,Food Products,Food Processing,,,United States of America,US,United States of America,United States of America,18022182289.7,16,100074220,781829.84375,0.014225989161904767,2025-05-26,2025-11-25,2025-11-25,2025-09-17,2026-02-02,2026-02-02T16:29:55Z
MKC.N,2026-01-22,11:30:00,EarningsReleases,Q4 2025 McCormick & Company Inc Earnings Release,MKC,McCormick & Company Inc,Consumer Staples,Food Products,Food Processing,,,United States of America,US,United States of America,United States of America,18022182289.7,16,100074220,781829.84375,0.014225989161904767,2025-05-26,2025-11-25,2025-11-25,2025-09-17,2026-02-02,2026-02-02T16:29:55Z
MKL.N,2025-10-29,21:02:12,EarningsReleases,Q3 2025 Markel Group Inc Earnings Release,MKL,Markel Group Inc,Financials,Insurance,Property & Casualty Insurance,,,United States of America,US,United States of America,United States of America,26185310227.5,7,1955156,15274.65625,0.01223178231068642,2025-05-26,2025-11-25,2025-11-25,2025-09-17,2026-02-02,2026-02-02T16:29:55Z
MLI.N,2025-10-21,11:00:00,EarningsReleases,Q3 2025 Mueller Industries Inc Earnings Release,MLI,Mueller Industries Inc,Industrials,Machinery,Industrial Machinery & Equipment,,,United States of America,US,United States of America,United States of America,12192627092.73,2,45761762,357513.765625,0.014160362955532562,2025-05-26,2025-11-25,2025-11-25,2025-09-17,2026-02-02,2026-02-02T16:29:55Z
MLI.N,2026-02-02,13:30:00,EarningsReleases,Q4 2025 Mueller Industries Inc Earnings Release,MLI,Mueller Industries Inc,Industrials,Machinery,Industrial Machinery & Equipment,,,United States of America,US,United States of America,United States of America,12192627092.73,2,45761762,357513.765625,0.014160362955532562,2025-05-26,2025-11-25,2025-11-25,2025-09-17,2026-02-02,2026-02-02T16:29:55Z
MLM.N,2025-11-04,11:55:00,EarningsReleases,Q3 2025 Martin Marietta Materials Inc Earnings Release,MLM,Martin Marietta Materials Inc,Materials,Construction Materials,Construction Materials,,,United States of America,US,United States of America,United States of America,37265592873.99,26,14549885,113670.9765625,0.012674489534338087,2025-05-26,2025-11-25,2025-11-25,2025-09-17,2026-02-02,2026-02-02T16:29:55Z
MLR.N,2025-11-05,21:15:00,EarningsReleases,Q3 2025 Miller Industries Inc Earnings Release,MLR,Miller Industries Inc,Industrials,Machinery,"Auto, Truck & Motorcycle Parts",,,United States of America,US,United States of America,United States of America,441138343.44,2,4484494,35035.109375,0.019480443879692614,2025-05-26,2025-11-25,2025-11-25,2025-09-17,2026-02-02,2026-02-02T16:29:55Z
MMI.N,2025-11-07,13:00:00,EarningsReleases,Q3 2025 Marcus & Millichap Inc Earnings Release,MMI,Marcus & Millichap Inc,Real Estate,Real Estate Management & Development,Real Estate Services,,,United States of America,US,United States of America,United States of America,1161061277.32,2,6950894,54303.859375,0.021538929540563276,2025-05-26,2025-11-25,2025-11-25,2025-09-17,2026-02-02,2026-02-02T16:29:55Z
MMM.N,2025-10-21,10:30:25,EarningsReleases,Q3 2025 3M Co Earnings Release,MMM,3M Co,Industrials,Industrial Conglomerates,Consumer Goods Conglomerates,,,United States of America,US,United States of America,United States of America,91126344733.92,20,123299569,963277.8828125,0.015371711045281657,2025-05-26,2025-11-25,2025-11-25,2025-09-17,2026-02-02,2026-02-02T16:29:55Z
MMM.N,2026-01-20,11:30:00,EarningsReleases,Q4 2025 3M Co Earnings Release,MMM,3M Co,Industrials,Industrial Conglomerates,Consumer Goods Conglomerates,,,United States of America,US,United States of America,United States of America,91126344733.92,20,123299569,963277.8828125,0.015371711045281657,2025-05-26,2025-11-25,2025-11-25,2025-09-17,2026-02-02,2026-02-02T16:29:55Z
MMS.N,2025-11-20,11:30:00,EarningsReleases,Q4 2025 Maximus Inc Earnings Release,MMS,Maximus Inc,Industrials,Professional Services,Business Support Services,,,United States of America,US,United States of America,United States of America,4718544966.48,2,22306006,174265.671875,0.015497354665260232,2025-05-26,2025-11-25,2025-11-25,2025-09-17,2026-02-02,2026-02-02T16:29:55Z
MMT.N,2025-12-29,13:30:00,EarningsReleases,Full Year 2025 MFS Multimarket Income Trust Earnings Release,MMT,MFS Multimarket Income Trust,,,Closed End Funds,,,United States of America,US,United States of America,United States of America,256567180.13,,1456043,11375.3359375,0.00507762974820368,2025-05-26,2025-11-25,2025-11-25,2025-09-17,2026-02-02,2026-02-02T16:29:55Z
MMU.N,2026-01-28,,EarningsReleases,Half Year 2026 Western Asset Managed Municipals Fund Inc Earnings Release,MMU,Western Asset Managed Municipals Fund Inc,,,Closed End Funds,,,United States of America,US,United States of America,United States of America,563120322.88,,3379750,26404.296875,0.003918583065360536,2025-05-26,2025-11-25,2025-11-25,2025-09-17,2026-02-02,2026-02-02T16:29:55Z
MNR.N,2025-11-06,22:24:00,EarningsReleases,Q3 2025 Mach Natural Resources LP Earnings Release,MNR,Mach Natural Resources LP,Energy,"Oil, Gas & Consumable Fuels",Oil & Gas Exploration and Production,,,United States of America,US,United States of America,United States of America,1901493536.19,7,8429670,65856.796875,0.016175789110472346,2025-05-26,2025-11-25,2025-11-25,2025-09-17,2026-02-02,2026-02-02T16:29:55Z
MNTN.N,2025-11-04,21:00:00,EarningsReleases,Q3 2025 MNTN Inc Earnings Release,MNTN,MNTN Inc,Communication Services,Media,Advertising & Marketing,,,United States of America,US,United States of America,United States of America,993639868.89,9,22830135,178360.4296875,0.05173710411307489,2025-05-26,2025-11-25,2025-11-25,2025-09-17,2026-02-02,2026-02-02T16:29:55Z
MO.N,2025-10-30,11:00:00,EarningsReleases,Q3 2025 Altria Group Inc Earnings Release,MO,Altria Group Inc,Consumer Staples,Tobacco,Tobacco,,,United States of America,US,United States of America,United States of America,97933698343.68,16,297043838,2320654.984375,0.013252902504838078,2025-05-26,2025-11-25,2025-11-25,2025-09-17,2026-02-02,2026-02-02T16:29:55Z
MO.N,2026-01-29,12:00:01,EarningsReleases,Q4 2025 Altria Group Inc Earnings Release,MO,Altria Group Inc,Consumer Staples,Tobacco,Tobacco,,,United States of America,US,United States of America,United States of America,97933698343.68,16,297043838,2320654.984375,0.013252902504838078,2025-05-26,2025-11-25,2025-11-25,2025-09-17,2026-02-02,2026-02-02T16:29:55Z
MOD.N,2025-10-28,20:15:00,EarningsReleases,Q2 2026 Modine Manufacturing Co Earnings Release,MOD,Modine Manufacturing Co,Industrials,Building Products,"Auto, Truck & Motorcycle Parts",,,United States of America,US,United States of America,United States of America,8202120408.72,8,30853955,241046.5234375,0.035302180521146885,2025-05-26,2025-11-25,2025-11-25,2025-09-17,2026-02-02,2026-02-02T16:29:55Z
MOGU.N,2026-01-29,11:00:00,EarningsReleases,Half Year 2026 Mogu Inc Earnings Release,MOGU,Mogu Inc,Consumer Discretionary,Broadline Retail,Online Services,,,China,CN,China,United States of America,21578412.24,,2541681,20172.071428571428,0.0694764336581258,2025-05-26,2025-11-25,2025-11-25,2025-09-17,2026-02-02,2026-02-02T16:29:55Z
MOGa.N,2025-11-21,12:55:00,EarningsReleases,Q4 2025 Moog Inc Earnings Release,MOG.A,Moog Inc,Industrials,Aerospace & Defense,Aerospace & Defense,,,United States of America,US,United States of America,United States of America,7200879794.56,4,7594146,59329.265625,0.017166690565526395,2025-05-26,2025-11-25,2025-11-25,2025-09-17,2026-02-02,2026-02-02T16:29:55Z
MOGa.N,2026-01-30,12:55:00,EarningsReleases,Q1 2026 Moog Inc Earnings Release,MOG.A,Moog Inc,Industrials,Aerospace & Defense,Aerospace & Defense,,,United States of America,US,United States of America,United States of America,7200879794.56,4,7594146,59329.265625,0.017166690565526395,2025-05-26,2025-11-25,2025-11-25,2025-09-17,2026-02-02,2026-02-02T16:29:55Z
MOH.N,2025-10-22,20:00:00,EarningsReleases,Q3 2025 Molina Healthcare Inc Earnings Release,MOH,Molina Healthcare Inc,Health Care,Health Care Providers & Services,Managed Healthcare,,,United States of America,US,United States of America,United States of America,7543978000.0,20,47254007,369171.9296875,0.04051840908029681,2025-05-26,2025-11-25,2025-11-25,2025-09-17,2026-02-02,2026-02-02T16:29:55Z
MOS.N,2025-11-04,21:00:00,EarningsReleases,Q3 2025 Mosaic Co Earnings Release,MOS,Mosaic Co,Materials,Chemicals,Agricultural Chemicals,,,United States of America,US,United States of America,United States of America,7668574308.32,19,170354115,1330891.5234375,0.023991633245865972,2025-05-26,2025-11-25,2025-11-25,2025-09-17,2026-02-02,2026-02-02T16:29:55Z
MOS.N,2026-01-16,11:30:00,EarningsReleases,Preliminary Q4 2025 Mosaic Co Earnings Release,MOS,Mosaic Co,Materials,Chemicals,Agricultural Chemicals,,,United States of America,US,United States of America,United States of America,7668574308.32,19,170354115,1330891.5234375,0.023991633245865972,2025-05-26,2025-11-25,2025-11-25,2025-09-17,2026-02-02,2026-02-02T16:29:55Z
MOV.N,2025-11-25,11:45:00,EarningsReleases,Q3 2026 Movado Group Inc Earnings Release,MOV,Movado Group Inc,Consumer Discretionary,"Textiles, Apparel & Luxury Goods",Apparel & Accessories,,,United States of America,US,United States of America,United States of America,323526921.76,1,6815062,53242.671875,0.022789040660590447,2025-05-26,2025-11-25,2025-11-25,2025-09-17,2026-02-02,2026-02-02T16:29:55Z
MP.N,2025-11-06,21:05:01,EarningsReleases,Q3 2025 MP Materials Corp Earnings Release,MP,MP Materials Corp,Materials,Metals & Mining,Non-Gold Precious Metals & Minerals,,,United States of America,US,United States of America,United States of America,10316586415.43,16,331429654,2589294.171875,0.06469445198809468,2025-05-26,2025-11-25,2025-11-25,2025-09-17,2026-02-02,2026-02-02T16:29:55Z
MPA.N,2025-10-03,,EarningsReleases,Full Year 2025 BlackRock MuniYield Pennsylvania Quality Fund Earnings Release,MPA,BlackRock MuniYield Pennsylvania Quality Fund,,,Closed End Funds,,,United States of America,US,United States of America,United States of America,145424344.9,,633150,4946.484375,0.004870061555977934,2025-05-26,2025-11-25,2025-11-25,2025-09-17,2026-02-02,2026-02-02T16:29:55Z
MPC.N,2025-11-04,11:30:01,EarningsReleases,Q3 2025 Marathon Petroleum Corp Earnings Release,MPC,Marathon Petroleum Corp,Energy,"Oil, Gas & Consumable Fuels",Oil & Gas Refining and Marketing,,,United States of America,US,United States of America,United States of America,57114471010.0,20,94950504,741800.8125,0.016293145595860203,2025-05-26,2025-11-25,2025-11-25,2025-09-17,2026-02-02,2026-02-02T16:29:55Z
MPLX.N,2025-11-04,13:30:00,EarningsReleases,Q3 2025 MPLX LP Earnings Release,MPLX,MPLX LP,Energy,"Oil, Gas & Consumable Fuels",Oil & Gas Transportation Services,,,United States of America,US,United States of America,United States of America,54372303025.92,13,34579868,270155.21875,0.00929653118255609,2025-05-26,2025-11-25,2025-11-25,2025-09-17,2026-02-02,2026-02-02T16:29:55Z
MPX.N,2025-10-30,10:45:00,EarningsReleases,Q3 2025 Marine Products Corp Earnings Release,MPX,Marine Products Corp,Consumer Discretionary,Leisure Products,Recreational Products,,,United States of America,US,United States of America,United States of America,301691673.08,,990760,7740.3125,0.021713073460274873,2025-05-26,2025-11-25,2025-11-25,2025-09-17,2026-02-02,2026-02-02T16:29:55Z
MQT.N,2025-10-03,,EarningsReleases,Full Year 2025 BlackRock MuniYield Quality Fund II Inc Earnings Release,MQT,BlackRock MuniYield Quality Fund II Inc,,,Closed End Funds,,,United States of America,US,United States of America,United States of America,219996290.16,,1348606,10535.984375,0.004702350979278712,2025-05-26,2025-11-25,2025-11-25,2025-09-17,2026-02-02,2026-02-02T16:29:55Z
MRK.N,2025-10-30,10:30:00,EarningsReleases,Q3 2025 Merck & Co Inc Earnings Release,MRK,Merck & Co Inc,Health Care,Pharmaceuticals,Pharmaceuticals,,,United States of America,US,United States of America,United States of America,262250501153.76,28,456417337,3565760.4453125,0.01786968870478472,2025-05-26,2025-11-25,2025-11-25,2025-09-17,2026-02-02,2026-02-02T16:29:55Z
MRP.N,2025-10-09,12:00:01,EarningsReleases,Q3 2025 Millrose Properties Inc Preliminary Earnings Release,MRP,Millrose Properties Inc,Real Estate,Specialized REITs,"Real Estate Rental, Development & Operations",,,United States of America,US,United States of America,United States of America,5265630924.84,3,61414108,479797.71875,0.015201536318881121,2025-05-26,2025-11-25,2025-11-25,2025-09-17,2026-02-02,2026-02-02T16:29:55Z
MRP.N,2025-10-23,12:00:00,EarningsReleases,Q3 2025 Millrose Properties Inc Earnings Release,MRP,Millrose Properties Inc,Real Estate,Specialized REITs,"Real Estate Rental, Development & Operations",,,United States of America,US,United States of America,United States of America,5265630924.84,3,61414108,479797.71875,0.015201536318881121,2025-05-26,2025-11-25,2025-11-25,2025-09-17,2026-02-02,2026-02-02T16:29:55Z
MRSH.N,2025-10-16,10:30:00,EarningsReleases,Q3 2025 Marsh & McLennan Companies Inc Earnings Release,MRSH,Marsh & McLennan Companies Inc,Financials,Insurance,Multiline Insurance & Brokers,,,United States of America,US,United States of America,United States of America,89173360499.66,22,91439471,714370.8671875,0.013012453033281145,2025-05-26,2025-11-25,2025-11-25,2025-09-17,2026-02-02,2026-02-02T16:29:55Z
MRSH.N,2026-01-29,12:00:01,EarningsReleases,Q4 2025 Marsh & McLennan Companies Inc Earnings Release,MRSH,Marsh & McLennan Companies Inc,Financials,Insurance,Multiline Insurance & Brokers,,,United States of America,US,United States of America,United States of America,89173360499.66,22,91439471,714370.8671875,0.013012453033281145,2025-05-26,2025-11-25,2025-11-25,2025-09-17,2026-02-02,2026-02-02T16:29:55Z
MS.N,2025-10-15,11:28:00,EarningsReleases,Q3 2025 Morgan Stanley Earnings Release,MS,Morgan Stanley,Financials,Capital Markets,Investment Banking & Brokerage Services,,,United States of America,US,United States of America,United States of America,263199130000.0,27,182868091,1428656.9609375,0.012742775200895428,2025-05-26,2025-11-25,2025-11-25,2025-09-17,2026-02-02,2026-02-02T16:29:55Z
MS.N,2026-01-15,12:30:00,EarningsReleases,Q4 2025 Morgan Stanley Earnings Release,MS,Morgan Stanley,Financials,Capital Markets,Investment Banking & Brokerage Services,,,United States of America,US,United States of America,United States of America,263199130000.0,27,182868091,1428656.9609375,0.012742775200895428,2025-05-26,2025-11-25,2025-11-25,2025-09-17,2026-02-02,2026-02-02T16:29:55Z
MSA.N,2025-10-28,20:30:00,EarningsReleases,Q3 2025 MSA Safety Inc Earnings Release,MSA,MSA Safety Inc,Industrials,Commercial Services & Supplies,Business Support Supplies,,,United States of America,US,United States of America,United States of America,6305454097.83,6,9379249,73275.3828125,0.014529840628750417,2025-05-26,2025-11-25,2025-11-25,2025-09-17,2026-02-02,2026-02-02T16:29:55Z
MSB.N,2025-12-12,21:00:00,EarningsReleases,Q3 2026 Mesabi Trust Earnings Release,MSB,Mesabi Trust,Materials,Metals & Mining,Iron & Steel,,,United States of America,US,United States of America,United States of America,397929903.3,,1057941,8265.1640625,0.028980577750450393,2025-05-26,2025-11-25,2025-11-25,2025-09-17,2026-02-02,2026-02-02T16:29:55Z
MSC.N,2025-11-06,13:30:00,EarningsReleases,Q3 2025 Studio City International Holdings Ltd Earnings Release,MSC,Studio City International Holdings Ltd,Consumer Discretionary,"Hotels, Restaurants & Leisure",Casinos & Gaming,,,Hong Kong,HK,China,United States of America,668011343.805,,314916,2581.27868852459,0.06627398936104315,2025-05-26,2025-11-25,2025-11-25,2025-09-17,2026-02-02,2026-02-02T16:29:55Z
MSCI.N,2025-10-28,10:45:00,EarningsReleases,Q3 2025 MSCI Inc Earnings Release,MSCI,MSCI Inc,Financials,Capital Markets,Professional Information Services,,,United States of America,US,United States of America,United States of America,42297549293.88,19,21777659,170137.9609375,0.017654193756053826,2025-05-26,2025-11-25,2025-11-25,2025-09-17,2026-02-02,2026-02-02T16:29:55Z
MSCI.N,2026-01-28,13:30:00,EarningsReleases,Q4 2025 MSCI Inc Earnings Release,MSCI,MSCI Inc,Financials,Capital Markets,Professional Information Services,,,United States of America,US,United States of America,United States of America,42297549293.88,19,21777659,170137.9609375,0.017654193756053826,2025-05-26,2025-11-25,2025-11-25,2025-09-17,2026-02-02,2026-02-02T16:29:55Z
MSDL.N,2025-11-06,21:15:00,EarningsReleases,Q3 2025 Morgan Stanley Direct Lending Fund Earnings Release,MSDL,Morgan Stanley Direct Lending Fund,Financials,Capital Markets,Investment Management & Fund Operators,,,United States of America,US,United States of America,United States of America,1496625174.2,7,17643353,137838.6953125,0.011075043149398488,2025-05-26,2025-11-25,2025-11-25,2025-09-17,2026-02-02,2026-02-02T16:29:55Z
MSGE.N,2025-11-06,12:30:00,EarningsReleases,Q1 2026 Madison Square Garden Entertainment Corp Earnings Release,MSGE,Madison Square Garden Entertainment Corp,Communication Services,Entertainment,Entertainment Production,,,United States of America,US,United States of America,United States of America,2311992057.65,7,15071068,117742.71875,0.021464207285148158,2025-05-26,2025-11-25,2025-11-25,2025-09-17,2026-02-02,2026-02-02T16:29:55Z
MSGS.N,2025-10-31,11:30:00,EarningsReleases,Q1 2026 Madison Square Garden Sports Corp Earnings Release,MSGS,Madison Square Garden Sports Corp,Communication Services,Entertainment,Entertainment Production,,,United States of America,US,United States of America,United States of America,5407592317.32,7,7902714,61739.953125,0.015019884229519262,2025-05-26,2025-11-25,2025-11-25,2025-09-17,2026-02-02,2026-02-02T16:29:55Z
MSI.N,2025-10-30,20:10:00,EarningsReleases,Q3 2025 Motorola Solutions Inc Earnings Release,MSI,Motorola Solutions Inc,Information Technology,Communications Equipment,Communications & Networking,,,United States of America,US,United States of America,United States of America,61543737310.98,13,37454927,292616.6171875,0.012332291559217489,2025-05-26,2025-11-25,2025-11-25,2025-09-17,2026-02-02,2026-02-02T16:29:55Z
MSIF.N,2025-11-13,21:00:00,EarningsReleases,Q3 2025 MSC Income Fund Inc Earnings Release,MSIF,MSC Income Fund Inc,Financials,Capital Markets,Corporate Financial Services,,,United States of America,US,United States of America,United States of America,658157443.69,7,4797522,37480.640625,0.01813699699698162,2025-05-26,2025-11-25,2025-11-25,2025-09-17,2026-02-02,2026-02-02T16:29:55Z
MSM.N,2025-10-23,12:30:00,EarningsReleases,Q4 2025 MSC Industrial Direct Co Inc Earnings Release,MSM,MSC Industrial Direct Co Inc,Industrials,Trading Companies & Distributors,Industrial Machinery & Equipment,,,United States of America,US,United States of America,United States of America,4932407338.32,11,23809424,186011.125,0.01515073545660671,2025-05-26,2025-11-25,2025-11-25,2025-09-17,2026-02-02,2026-02-02T16:29:55Z
MSM.N,2026-01-07,13:30:00,EarningsReleases,Q1 2026 MSC Industrial Direct Co Inc Earnings Release,MSM,MSC Industrial Direct Co Inc,Industrials,Trading Companies & Distributors,Industrial Machinery & Equipment,,,United States of America,US,United States of America,United States of America,4932407338.32,11,23809424,186011.125,0.01515073545660671,2025-05-26,2025-11-25,2025-11-25,2025-09-17,2026-02-02,2026-02-02T16:29:55Z
MTB.N,2025-10-16,12:30:00,EarningsReleases,Q3 2025 M&T Bank Corp Earnings Release,MTB,M&T Bank Corp,Financials,Banks,Banks,,,United States of America,US,United States of America,United States of America,29444079823.98,23,42964093,335656.9765625,0.013553437387931902,2025-05-26,2025-11-25,2025-11-25,2025-09-17,2026-02-02,2026-02-02T16:29:55Z
MTB.N,2026-01-16,10:30:00,EarningsReleases,Q4 2025 M&T Bank Corp Earnings Release,MTB,M&T Bank Corp,Financials,Banks,Banks,,,United States of America,US,United States of America,United States of America,29444079823.98,23,42964093,335656.9765625,0.013553437387931902,2025-05-26,2025-11-25,2025-11-25,2025-09-17,2026-02-02,2026-02-02T16:29:55Z
MTD.N,2025-11-06,21:30:00,EarningsReleases,Q3 2025 Mettler-Toledo International Inc Earnings Release,MTD,Mettler-Toledo International Inc,Health Care,Life Sciences Tools & Services,Office Equipment,,,United States of America,US,United States of America,United States of America,30765646738.9,15,5030695,39302.3046875,0.017341039938321368,2025-05-26,2025-11-25,2025-11-25,2025-09-17,2026-02-02,2026-02-02T16:29:55Z
MTDR.N,2025-10-21,20:15:00,EarningsReleases,Q3 2025 Matador Resources Co Earnings Release,MTDR,Matador Resources Co,Energy,"Oil, Gas & Consumable Fuels",Oil & Gas Exploration and Production,,,United States of America,US,United States of America,United States of America,5123679806.56,20,68129571,532262.2734375,0.024821777677569917,2025-05-26,2025-11-25,2025-11-25,2025-09-17,2026-02-02,2026-02-02T16:29:55Z
MTG.N,2025-10-29,20:05:01,EarningsReleases,Q3 2025 MGIC Investment Corp Earnings Release,MTG,MGIC Investment Corp,Financials,Financial Services,Property & Casualty Insurance,,,United States of America,US,United States of America,United States of America,6363193499.64,6,93555038,730898.734375,0.012747501724529974,2025-05-26,2025-11-25,2025-11-25,2025-09-17,2026-02-02,2026-02-02T16:29:55Z
MTG.N,2026-02-02,21:00:00,EarningsReleases,Q4 2025 MGIC Investment Corp Earnings Release,MTG,MGIC Investment Corp,Financials,Financial Services,Property & Casualty Insurance,,,United States of America,US,United States of America,United States of America,6363193499.64,6,93555038,730898.734375,0.012747501724529974,2025-05-26,2025-11-25,2025-11-25,2025-09-17,2026-02-02,2026-02-02T16:29:55Z
MTH.N,2025-10-28,20:30:01,EarningsReleases,Q3 2025 Meritage Homes Corp Earnings Release,MTH,Meritage Homes Corp,Consumer Discretionary,Household Durables,Homebuilding,,,United States of America,US,United States of America,United States of America,5143209946.35,12,41267660,322403.59375,0.02468679972263378,2025-05-26,2025-11-25,2025-11-25,2025-09-17,2026-02-02,2026-02-02T16:29:55Z
MTH.N,2026-01-28,21:30:00,EarningsReleases,Q4 2025 Meritage Homes Corp Earnings Release,MTH,Meritage Homes Corp,Consumer Discretionary,Household Durables,Homebuilding,,,United States of America,US,United States of America,United States of America,5143209946.35,12,41267660,322403.59375,0.02468679972263378,2025-05-26,2025-11-25,2025-11-25,2025-09-17,2026-02-02,2026-02-02T16:29:55Z
MTN.N,2025-09-29,20:06:25,EarningsReleases,Q4 2025 Vail Resorts Inc Earnings Release,MTN,Vail Resorts Inc,Consumer Discretionary,"Hotels, Restaurants & Leisure",Leisure & Recreation,,,United States of America,US,United States of America,United States of America,5040639761.6,11,27043382,211276.421875,0.020273703917258707,2025-05-26,2025-11-25,2025-11-25,2025-09-17,2026-02-02,2026-02-02T16:29:55Z
MTN.N,2025-12-10,21:05:00,EarningsReleases,Q1 2026 Vail Resorts Inc Earnings Release,MTN,Vail Resorts Inc,Consumer Discretionary,"Hotels, Restaurants & Leisure",Leisure & Recreation,,,United States of America,US,United States of America,United States of America,5040639761.6,11,27043382,211276.421875,0.020273703917258707,2025-05-26,2025-11-25,2025-11-25,2025-09-17,2026-02-02,2026-02-02T16:29:55Z
MTR.N,2025-11-13,21:00:00,EarningsReleases,Q3 2025 Mesa Royalty Trust Earnings Release,MTR,Mesa Royalty Trust,Energy,"Oil, Gas & Consumable Fuels",Oil & Gas Exploration and Production,,,United States of America,US,United States of America,United States of America,8874042.862,,424153,3313.6953125,0.05567364467779123,2025-05-26,2025-11-25,2025-11-25,2025-09-17,2026-02-02,2026-02-02T16:29:55Z
MTRN.N,2025-10-29,10:47:00,EarningsReleases,Q3 2025 Materion Corp Earnings Release,MTRN,Materion Corp,Materials,Metals & Mining,Diversified Mining,,,United States of America,US,United States of America,United States of America,2503271148.34,5,7759537,60621.3828125,0.025959214800688052,2025-05-26,2025-11-25,2025-11-25,2025-09-17,2026-02-02,2026-02-02T16:29:55Z
MTUS.N,2025-11-06,21:10:00,EarningsReleases,Q3 2025 Metallus Inc Earnings Release,MTUS,Metallus Inc,Materials,Metals & Mining,Iron & Steel,,,United States of America,US,United States of America,United States of America,702615154.78,4,18232598,142442.171875,0.022976594682916865,2025-05-26,2025-11-25,2025-11-25,2025-09-17,2026-02-02,2026-02-02T16:29:55Z
MTW.N,2025-11-05,22:07:00,EarningsReleases,Q3 2025 Manitowoc Company Inc Earnings Release,MTW,Manitowoc Company Inc,Industrials,Machinery,Heavy Machinery & Vehicles,,,United States of America,US,United States of America,United States of America,402595191.7,2,12712134,99313.546875,0.0302533589628943,2025-05-26,2025-11-25,2025-11-25,2025-09-17,2026-02-02,2026-02-02T16:29:55Z
MTX.N,2025-10-23,21:00:14,EarningsReleases,Q3 2025 Minerals Technologies Inc Earnings Release,MTX,Minerals Technologies Inc,Materials,Chemicals,Specialty Chemicals,,,United States of America,US,United States of America,United States of America,1843462376.68,4,10544321,82377.5078125,0.021034908300289524,2025-05-26,2025-11-25,2025-11-25,2025-09-17,2026-02-02,2026-02-02T16:29:55Z
MTX.N,2026-01-29,21:00:00,EarningsReleases,Q4 2025 Minerals Technologies Inc Earnings Release,MTX,Minerals Technologies Inc,Materials,Chemicals,Specialty Chemicals,,,United States of America,US,United States of America,United States of America,1843462376.68,4,10544321,82377.5078125,0.021034908300289524,2025-05-26,2025-11-25,2025-11-25,2025-09-17,2026-02-02,2026-02-02T16:29:55Z
MTZ.N,2025-10-30,20:05:00,EarningsReleases,Q3 2025 MasTec Inc Earnings Release,MTZ,MasTec Inc,Industrials,Construction & Engineering,Construction & Engineering,,,United States of America,US,United States of America,United States of America,16243334459.1,23,29685088,231914.75,0.022254237197272948,2025-05-26,2025-11-25,2025-11-25,2025-09-17,2026-02-02,2026-02-02T16:29:55Z
MUA.N,2025-10-03,20:00:00,EarningsReleases,Full Year 2025 BlackRock MuniAssets Fund Inc Earnings Release,MUA,BlackRock MuniAssets Fund Inc,,,Closed End Funds,,,United States of America,US,United States of America,United States of America,407869757.4,,2229911,17421.1796875,0.008021883273333277,2025-05-26,2025-11-25,2025-11-25,2025-09-17,2026-02-02,2026-02-02T16:29:55Z
MUC.N,2025-10-03,20:00:00,EarningsReleases,Full Year 2025 BlackRock Muniholdings California Quality Fund Inc Earnings Release,MUC,BlackRock Muniholdings California Quality Fund Inc,,,Closed End Funds,,,United States of America,US,United States of America,United States of America,1012477172.25,,5583342,43619.859375,0.004646546346320345,2025-05-26,2025-11-25,2025-11-25,2025-09-17,2026-02-02,2026-02-02T16:29:55Z
MUE.N,2025-10-03,,EarningsReleases,Full Year 2025 BlackRock MuniHoldings Quality Fund II Inc Earnings Release,MUE,BlackRock MuniHoldings Quality Fund II Inc,,,Closed End Funds,,,United States of America,US,United States of America,United States of America,218282039.212,,1811576,14152.9375,0.004789175566846823,2025-05-26,2025-11-25,2025-11-25,2025-09-17,2026-02-02,2026-02-02T16:29:55Z
MUR.N,2025-11-05,21:55:00,EarningsReleases,Q3 2025 Murphy Oil Corp Earnings Release,MUR,Murphy Oil Corp,Energy,"Oil, Gas & Consumable Fuels",Oil & Gas Exploration and Production,,,United States of America,US,United States of America,United States of America,4446313900.35,18,99082279,774080.3046875,0.02880967165276831,2025-05-26,2025-11-25,2025-11-25,2025-09-17,2026-02-02,2026-02-02T16:29:55Z
MUR.N,2026-01-28,21:41:00,EarningsReleases,Q4 2025 Murphy Oil Corp Earnings Release,MUR,Murphy Oil Corp,Energy,"Oil, Gas & Consumable Fuels",Oil & Gas Exploration and Production,,,United States of America,US,United States of America,United States of America,4446313900.35,18,99082279,774080.3046875,0.02880967165276831,2025-05-26,2025-11-25,2025-11-25,2025-09-17,2026-02-02,2026-02-02T16:29:55Z
MUSA.N,2025-10-29,20:36:00,EarningsReleases,Q3 2025 Murphy USA Inc Earnings Release,MUSA,Murphy USA Inc,Consumer Discretionary,Specialty Retail,Oil & Gas Refining and Marketing,,,United States of America,US,United States of America,United States of America,7088552711.39,9,10493117,81977.4765625,0.022222820863271493,2025-05-26,2025-11-25,2025-11-25,2025-09-17,2026-02-02,2026-02-02T16:29:55Z
MUX.N,2025-11-05,21:00:00,EarningsReleases,Q3 2025 McEwen Inc Earnings Release,MUX,McEwen Inc,Materials,Metals & Mining,Diversified Mining,,,Canada,CA,Canada,United States of America,952863192.93,5,39494321,308549.3828125,0.04036591042731764,2025-05-26,2025-11-25,2025-11-25,2025-09-17,2026-02-02,2026-02-02T16:29:55Z
MVO.N,2025-11-10,21:00:00,EarningsReleases,Q3 2025 MV Oil Trust Earnings Release,MVO,MV Oil Trust,Energy,"Oil, Gas & Consumable Fuels",Oil & Gas Exploration and Production,,,United States of America,US,United States of America,United States of America,12075000.0,,1672243,13064.3984375,0.06824184287592196,2025-05-26,2025-11-25,2025-11-25,2025-09-17,2026-02-02,2026-02-02T16:29:55Z
MVT.N,2025-10-03,20:00:00,EarningsReleases,Full Year 2025 BlackRock MuniVest Fund II Inc Earnings Release,MVT,BlackRock MuniVest Fund II Inc,,,Closed End Funds,,,United States of America,US,United States of America,United States of America,222382769.18,,1295314,10119.640625,0.005324443558803479,2025-05-26,2025-11-25,2025-11-25,2025-09-17,2026-02-02,2026-02-02T16:29:55Z
MWA.N,2025-11-06,21:14:38,EarningsReleases,Q4 2025 Mueller Water Products Inc Earnings Release,MWA,Mueller Water Products Inc,Industrials,Machinery,Industrial Machinery & Equipment,,,United States of America,US,United States of America,United States of America,3803975062.8,6,65324083,510344.3984375,0.017340615825429263,2025-05-26,2025-11-25,2025-11-25,2025-09-17,2026-02-02,2026-02-02T16:29:55Z
MX.N,2025-11-03,21:05:01,EarningsReleases,Q3 2025 MagnaChip Semiconductor Corp Earnings Release,MX,Magnachip Semiconductor Corp,Information Technology,Semiconductors & Semiconductor Equipment,Semiconductors,,,Korea; Republic (S. Korea),KR,Korea; Republic (S. Korea),United States of America,85636738.74,1,8013735,62607.3046875,0.04060605030289897,2025-05-26,2025-11-25,2025-11-25,2025-09-17,2026-02-02,2026-02-02T16:29:55Z
MXF.N,2025-12-29,21:00:01,EarningsReleases,Full Year 2025 Mexico Fund Inc Earnings Release,MXF,Mexico Fund Inc,,,Closed End Funds,,,United States of America,US,United States of America,United States of America,275567442.15,,1203111,9399.3046875,0.010603966197398512,2025-05-26,2025-11-25,2025-11-25,2025-09-17,2026-02-02,2026-02-02T16:29:55Z
MYD.N,2025-10-03,20:00:00,EarningsReleases,Full Year 2025 BlackRock MuniYield Fund Inc Earnings Release,MYD,BlackRock MuniYield Fund Inc,,,Closed End Funds,,,United States of America,US,United States of America,United States of America,475628514.4,,2129302,16635.171875,0.004769260452841837,2025-05-26,2025-11-25,2025-11-25,2025-09-17,2026-02-02,2026-02-02T16:29:55Z
MYE.N,2025-10-30,11:00:00,EarningsReleases,Q3 2025 Myers Industries Inc Earnings Release,MYE,Myers Industries Inc,Materials,Containers & Packaging,Non-Paper Containers & Packaging,,,United States of America,US,United States of America,United States of America,672968390.85,1,11532793,90099.9453125,0.019028954517520628,2025-05-26,2025-11-25,2025-11-25,2025-09-17,2026-02-02,2026-02-02T16:29:55Z
MYI.N,2025-10-03,20:00:00,EarningsReleases,Full Year 2025 Blackrock Muniyield Quality Fund III Inc Earnings Release,MYI,Blackrock Muniyield Quality Fund III Inc,,,Closed End Funds,,,United States of America,US,United States of America,United States of America,725157708.41,,4331130,33836.953125,0.004737634121778202,2025-05-26,2025-11-25,2025-11-25,2025-09-17,2026-02-02,2026-02-02T16:29:55Z
MYN.N,2025-10-03,20:00:00,EarningsReleases,Full Year 2025 BlackRock MuniYield New York Quality Fund Inc Earnings Release,MYN,BlackRock MuniYield New York Quality Fund Inc,,,Closed End Funds,,,United States of America,US,United States of America,United States of America,386580268.72,,1820067,14219.2734375,0.0051758453355909215,2025-05-26,2025-11-25,2025-11-25,2025-09-17,2026-02-02,2026-02-02T16:29:55Z
NABL.N,2025-11-06,12:00:01,EarningsReleases,Q3 2025 N-Able Inc Earnings Release,NABL,N-Able Inc,Information Technology,Software,Software,,,United States of America,US,United States of America,United States of America,1369522582.05,5,43055432,336370.5625,0.024917552472232433,2025-05-26,2025-11-25,2025-11-25,2025-09-17,2026-02-02,2026-02-02T16:29:55Z
NAC.N,2025-11-14,,EarningsReleases,Full Year 2025 Nuveen California Quality Municipal Income Fund Earnings Release,NAC,Nuveen California Quality Municipal Income Fund,,,Closed End Funds,,,United States of America,US,United States of America,United States of America,1718134145.73,,10943151,85493.3671875,0.0049073754925263065,2025-05-26,2025-11-25,2025-11-25,2025-09-17,2026-02-02,2026-02-02T16:29:55Z
NAD.N,2026-01-07,21:00:00,EarningsReleases,Full Year 2025 Nuveen Quality Municipal Income Fund Earnings Release,NAD,Nuveen Quality Municipal Income Fund,,,Closed End Funds,,,United States of America,US,United States of America,United States of America,2791519673.8,,15898861,124209.8515625,0.004997407047756787,2025-05-26,2025-11-25,2025-11-25,2025-09-17,2026-02-02,2026-02-02T16:29:55Z
NAN.N,2025-11-06,,EarningsReleases,Full Year 2025 Nuveen New York Quality Municipal Income Fund Earnings Release,NAN,Nuveen New York Quality Municipal Income Fund,,,Closed End Funds,,,United States of America,US,United States of America,United States of America,358707688.72,,1710599,13364.0546875,0.0045610937345942236,2025-05-26,2025-11-25,2025-11-25,2025-09-17,2026-02-02,2026-02-02T16:29:55Z
NAT.N,2025-11-28,21:00:00,EarningsReleases,Q3 2025 Nordic American Tankers Ltd Earnings Release,NAT,Nordic American Tankers Ltd,Energy,"Oil, Gas & Consumable Fuels",Oil & Gas Transportation Services,,,Bermuda,BM,Bermuda,United States of America,796182492.88,5,72719217,568118.8828125,0.021082742692896884,2025-05-26,2025-11-25,2025-11-25,2025-09-17,2026-02-02,2026-02-02T16:29:55Z
NATL.N,2025-11-05,21:05:01,EarningsReleases,Q3 2025 NCR Atleos Corp Earnings Release,NATL,NCR Atleos Corp,Financials,Financial Services,Financial Technology (Fintech),,,United States of America,US,United States of America,United States of America,2726323577.04,6,24084716,188161.84375,0.028072597025390483,2025-05-26,2025-11-25,2025-11-25,2025-09-17,2026-02-02,2026-02-02T16:29:55Z
NBHC.N,2025-10-21,20:10:50,EarningsReleases,Q3 2025 National Bank Holdings Corp Earnings Release,NBHC,National Bank Holdings Corp,Financials,Banks,Banks,,,United States of America,US,United States of America,United States of America,1437156732.0,4,16179075,126399.0234375,0.017853081204788648,2025-05-26,2025-11-25,2025-11-25,2025-09-17,2026-02-02,2026-02-02T16:29:55Z
NBHC.N,2026-01-27,21:10:01,EarningsReleases,Q4 2025 National Bank Holdings Corp Earnings Release,NBHC,National Bank Holdings Corp,Financials,Banks,Banks,,,United States of America,US,United States of America,United States of America,1437156732.0,4,16179075,126399.0234375,0.017853081204788648,2025-05-26,2025-11-25,2025-11-25,2025-09-17,2026-02-02,2026-02-02T16:29:55Z
NBR.N,2025-10-28,20:15:00,EarningsReleases,Q3 2025 Nabors Industries Ltd Earnings Release,NBR,Nabors Industries Ltd,Energy,Energy Equipment & Services,Oil & Gas Drilling,,,Bermuda,BM,Bermuda,United States of America,732426901.3,8,17027752,133029.3125,0.04358397746397564,2025-05-26,2025-11-25,2025-11-25,2025-09-17,2026-02-02,2026-02-02T16:29:55Z
NC.N,2025-11-05,21:00:00,EarningsReleases,Q3 2025 NACCO Industries Inc Earnings Release,NC,NACCO Industries Inc,Energy,"Oil, Gas & Consumable Fuels",Coal,,,United States of America,US,United States of America,United States of America,361434819.75,,396114,3094.640625,0.025901958311314283,2025-05-26,2025-11-25,2025-11-25,2025-09-17,2026-02-02,2026-02-02T16:29:55Z
NCA.N,2025-11-06,,EarningsReleases,Full Year 2025 Nuveen California Municipal Value Fund Inc Earnings Release,NCA,Nuveen California Municipal Value Fund Inc,,,Closed End Funds,,,United States of America,US,United States of America,United States of America,300291337.72,,1875782,14654.546875,0.0055016593473969505,2025-05-26,2025-11-25,2025-11-25,2025-09-17,2026-02-02,2026-02-02T16:29:55Z
NCDL.N,2025-11-04,12:15:00,EarningsReleases,Q3 2025 Nuveen Churchill Direct Lending Corp Earnings Release,NCDL,Nuveen Churchill Direct Lending Corp,Financials,Capital Markets,Investment Management & Fund Operators,,,United States of America,US,United States of America,United States of America,720063407.7,6,7973450,62292.578125,0.011601608271607913,2025-05-26,2025-11-25,2025-11-25,2025-09-17,2026-02-02,2026-02-02T16:29:55Z
NCLH.N,2025-11-04,11:30:00,EarningsReleases,Q3 2025 Norwegian Cruise Line Holdings Ltd Earnings Release,NCLH,Norwegian Cruise Line Holdings Ltd,Consumer Discretionary,"Hotels, Restaurants & Leisure","Hotels, Motels & Cruise Lines",,,United States of America,US,United States of America,United States of America,8353974923.15,24,424070812,3313053.21875,0.028564723639771975,2025-05-26,2025-11-25,2025-11-25,2025-09-17,2026-02-02,2026-02-02T16:29:55Z
NE.N,2025-10-27,20:05:00,EarningsReleases,Q3 2025 Noble Corporation PLC Earnings Release,NE,Noble Corporation PLC,Energy,Energy Equipment & Services,Oil & Gas Drilling,,,United States of America,US,United States of America,United States of America,4844824929.5,13,111504289,871127.2578125,0.025027786246921157,2025-05-26,2025-11-25,2025-11-25,2025-09-17,2026-02-02,2026-02-02T16:29:55Z
NEA.N,2026-01-07,21:00:00,EarningsReleases,Full Year 2025 Nuveen AMT-Free Quality Municipal Income Fund Earnings Release,NEA,Nuveen AMT-Free Quality Municipal Income Fund,,,Closed End Funds,,,United States of America,US,United States of America,United States of America,3441402431.92,,19778636,154520.59375,0.005811161970372438,2025-05-26,2025-11-25,2025-11-25,2025-09-17,2026-02-02,2026-02-02T16:29:55Z
NEE.N,2025-10-28,12:30:00,EarningsReleases,Q3 2025 Nextera Energy Inc Earnings Release,NEE,Nextera Energy Inc,Utilities,Electric Utilities,Electric Utilities,,,United States of America,US,United States of America,United States of America,176667779493.72,26,333319487,2604058.4921875,0.015087545456394852,2025-05-26,2025-11-25,2025-11-25,2025-09-17,2026-02-02,2026-02-02T16:29:55Z
NEE.N,2026-01-27,13:30:00,EarningsReleases,Q4 2025 Nextera Energy Inc Earnings Release,NEE,Nextera Energy Inc,Utilities,Electric Utilities,Electric Utilities,,,United States of America,US,United States of America,United States of America,176667779493.72,26,333319487,2604058.4921875,0.015087545456394852,2025-05-26,2025-11-25,2025-11-25,2025-09-17,2026-02-02,2026-02-02T16:29:55Z
NEM.N,2025-10-23,20:05:01,EarningsReleases,Q3 2025 Newmont Corporation Earnings Release,NEM,Newmont Corporation,Materials,Metals & Mining,Gold,,,United States of America,US,United States of America,United States of America,94143257370.87,23,397080500,3102191.40625,0.02637341203947594,2025-05-26,2025-11-25,2025-11-25,2025-09-17,2026-02-02,2026-02-02T16:29:55Z
NET.N,2025-10-30,20:15:00,EarningsReleases,Q3 2025 Cloudflare Inc Earnings Release,NET,Cloudflare Inc,Information Technology,IT Services,IT Services & Consulting,,,United States of America,US,United States of America,United States of America,69177027275.85,34,86495320,675744.6875,0.02642464495785182,2025-05-26,2025-11-25,2025-11-25,2025-09-17,2026-02-02,2026-02-02T16:29:55Z
NEU.N,2025-10-30,21:05:00,EarningsReleases,Q3 2025 NewMarket Corp Earnings Release,NEU,NewMarket Corp,Materials,Chemicals,Commodity Chemicals,,,United States of America,US,United States of America,United States of America,7203927696.42,,2553135,19946.3671875,0.01687187810311433,2025-05-26,2025-11-25,2025-11-25,2025-09-17,2026-02-02,2026-02-02T16:29:55Z
NEXA.N,2025-10-30,20:50:25,EarningsReleases,Q3 2025 Nexa Resources SA Earnings Release,NEXA,Nexa Resources SA,Materials,Metals & Mining,Specialty Mining & Metals,,,Luxembourg,LU,Luxembourg,United States of America,860850971.5,7,2682282,20955.328125,0.02328734214017887,2025-05-26,2025-11-25,2025-11-25,2025-09-17,2026-02-02,2026-02-02T16:29:55Z
NFG.N,2025-11-05,21:45:01,EarningsReleases,Q4 2025 National Fuel Gas Co Earnings Release,NFG,National Fuel Gas Co,Utilities,Gas Utilities,Natural Gas Utilities,,,United States of America,US,United States of America,United States of America,7286956647.06,6,26496421,207003.2890625,0.0124324790704621,2025-05-26,2025-11-25,2025-11-25,2025-09-17,2026-02-02,2026-02-02T16:29:55Z
NFG.N,2026-01-28,21:45:00,EarningsReleases,Q1 2026 National Fuel Gas Co Earnings Release,NFG,National Fuel Gas Co,Utilities,Gas Utilities,Natural Gas Utilities,,,United States of America,US,United States of America,United States of America,7286956647.06,6,26496421,207003.2890625,0.0124324790704621,2025-05-26,2025-11-25,2025-11-25,2025-09-17,2026-02-02,2026-02-02T16:29:55Z
NGL.N,2025-11-04,21:37:00,EarningsReleases,Q2 2026 NGL Energy Partners LP Earnings Release,NGL,NGL Energy Partners LP,Energy,"Oil, Gas & Consumable Fuels",Oil & Gas Refining and Marketing,,,United States of America,US,United States of America,United States of America,1185563203.29,1,18953823,148076.7421875,0.03649611185287041,2025-05-26,2025-11-25,2025-11-25,2025-09-17,2026-02-02,2026-02-02T16:29:55Z
NGS.N,2025-11-10,21:03:00,EarningsReleases,Q3 2025 Natural Gas Services Group Inc Earnings Release,NGS,Natural Gas Services Group Inc,Energy,Energy Equipment & Services,Oil Related Services and Equipment,,,United States of America,US,United States of America,United States of America,392275899.57,3,2926390,22862.421875,0.02154986983689005,2025-05-26,2025-11-25,2025-11-25,2025-09-17,2026-02-02,2026-02-02T16:29:55Z
NGVC.N,2025-11-20,21:10:00,EarningsReleases,Q4 2025 Natural Grocers by Vitamin Cottage Inc Earnings Release,NGVC,Natural Grocers by Vitamin Cottage Inc,Consumer Staples,Consumer Staples Distribution & Retail,Miscellaneous Specialty Retailers,,,United States of America,US,United States of America,United States of America,643420577.36,1,12018270,93892.734375,0.029530880536200874,2025-05-26,2025-11-25,2025-11-25,2025-09-17,2026-02-02,2026-02-02T16:29:55Z
NGVT.N,2025-11-05,21:15:01,EarningsReleases,Q3 2025 Ingevity Corp Earnings Release,NGVT,Ingevity Corp,Materials,Chemicals,Diversified Chemicals,,,United States of America,US,United States of America,United States of America,1875883909.12,4,11300309,88283.6640625,0.031103292076608165,2025-05-26,2025-11-25,2025-11-25,2025-09-17,2026-02-02,2026-02-02T16:29:55Z
NHI.N,2025-11-06,21:00:00,EarningsReleases,Q3 2025 National Health Investors Inc Earnings Release,NHI,National Health Investors Inc,Real Estate,Health Care REITs,Specialized REITs,,,United States of America,US,United States of America,United States of America,3782973443.82,5,11195842,87467.515625,0.010818998842240992,2025-05-26,2025-11-25,2025-11-25,2025-09-17,2026-02-02,2026-02-02T16:29:55Z
NI.N,2025-10-29,10:30:00,EarningsReleases,Q3 2025 NiSource Inc Earnings Release,NI,NiSource Inc,Utilities,Multi-Utilities,Multiline Utilities,,,United States of America,US,United States of America,United States of America,20586215121.06,15,170106824,1328959.5625,0.011378391454495828,2025-05-26,2025-11-25,2025-11-25,2025-09-17,2026-02-02,2026-02-02T16:29:55Z
NIC.N,2025-10-23,20:15:00,EarningsReleases,Q3 2025 Nicolet Bankshares Inc Earnings Release,NIC,Nicolet Bankshares Inc,Financials,Banks,Banks,,,United States of America,US,United States of America,United States of America,1875911099.2,5,3967466,30995.828125,0.01912335570319665,2025-05-26,2025-11-25,2025-11-25,2025-09-17,2026-02-02,2026-02-02T16:29:55Z
NIC.N,2026-01-20,21:15:01,EarningsReleases,Q4 2025 Nicolet Bankshares Inc Earnings Release,NIC,Nicolet Bankshares Inc,Financials,Banks,Banks,,,United States of America,US,United States of America,United States of America,1875911099.2,5,3967466,30995.828125,0.01912335570319665,2025-05-26,2025-11-25,2025-11-25,2025-09-17,2026-02-02,2026-02-02T16:29:55Z
NIE.N,2025-10-06,,EarningsReleases,Half Year 2026 Virtus Equity & Convertible Income Fund Earnings Release,NIE,Virtus Equity & Convertible Income Fund,,,Closed End Funds,,,United States of America,US,United States of America,United States of America,699097186.95,,1380185,10782.6953125,0.006585815738313719,2025-05-26,2025-11-25,2025-11-25,2025-09-17,2026-02-02,2026-02-02T16:29:55Z
NIM.N,2025-12-04,,EarningsReleases,Half Year 2025 Nuveen Select Maturities Municipal Fund Earnings Release,NIM,Nuveen Select Maturities Municipal Fund,,,Closed End Funds,,,United States of America,US,United States of America,United States of America,115255488.22,,589652,4606.65625,0.004841586402112435,2025-05-26,2025-11-25,2025-11-25,2025-09-17,2026-02-02,2026-02-02T16:29:55Z
NINE.N,2025-10-30,21:15:00,EarningsReleases,Q3 2025 Nine Energy Service Inc Earnings Release,NINE,Nine Energy Service Inc,Energy,Energy Equipment & Services,Oil Related Services and Equipment,,,United States of America,US,United States of America,United States of America,18575997.6276,,19365700,151294.53125,0.08456158382174506,2025-05-26,2025-11-25,2025-11-25,2025-09-17,2026-02-02,2026-02-02T16:29:55Z
NIO.N,2025-11-25,10:08:32,EarningsReleases,Q3 2025 NIO Inc Earnings Release,NIO,NIO Inc,Consumer Discretionary,Automobiles,Auto & Truck Manufacturers,,,China,CN,China,United States of America,13453987866.0,27,1239958195,9687173.3984375,0.04144162567247492,2025-05-26,2025-11-25,2025-11-25,2025-09-17,2026-02-02,2026-02-02T16:29:55Z
NJR.N,2025-11-19,21:00:00,EarningsReleases,Q4 2025 New Jersey Resources Corp Earnings Release,NJR,New Jersey Resources Corp,Utilities,Gas Utilities,Natural Gas Utilities,,,United States of America,US,United States of America,United States of America,4823712734.4,8,34338721,268271.2578125,0.01022107392242617,2025-05-26,2025-11-25,2025-11-25,2025-09-17,2026-02-02,2026-02-02T16:29:55Z
NJR.N,2026-02-02,21:00:00,EarningsReleases,Q1 2026 New Jersey Resources Corp Earnings Release,NJR,New Jersey Resources Corp,Utilities,Gas Utilities,Natural Gas Utilities,,,United States of America,US,United States of America,United States of America,4823712734.4,8,34338721,268271.2578125,0.01022107392242617,2025-05-26,2025-11-25,2025-11-25,2025-09-17,2026-02-02,2026-02-02T16:29:55Z
NKE.N,2025-09-30,20:15:00,EarningsReleases,Q1 2026 Nike Inc Earnings Release,NKE,Nike Inc,Consumer Discretionary,"Textiles, Apparel & Luxury Goods",Footwear,,,United States of America,US,United States of America,United States of America,94131862795.84,40,410898253,3210142.6015625,0.02223129096437478,2025-05-26,2025-11-25,2025-11-25,2025-09-17,2026-02-02,2026-02-02T16:29:55Z
NKE.N,2025-12-18,21:15:00,EarningsReleases,Q2 2026 Nike Inc Earnings Release,NKE,Nike Inc,Consumer Discretionary,"Textiles, Apparel & Luxury Goods",Footwear,,,United States of America,US,United States of America,United States of America,94131862795.84,40,410898253,3210142.6015625,0.02223129096437478,2025-05-26,2025-11-25,2025-11-25,2025-09-17,2026-02-02,2026-02-02T16:29:55Z
NL.N,2025-11-06,21:20:00,EarningsReleases,Q3 2025 NL Industries Inc Earnings Release,NL,NL Industries Inc,Industrials,Commercial Services & Supplies,Industrial Machinery & Equipment,,,United States of America,US,United States of America,United States of America,265813272.96,,1435561,11215.3203125,0.02918368751068234,2025-05-26,2025-11-25,2025-11-25,2025-09-17,2026-02-02,2026-02-02T16:29:55Z
NLOP.N,2025-11-07,21:00:00,EarningsReleases,Q3 2025 Net Lease Office Properties Earnings Release,NLOP,Net Lease Office Properties,Real Estate,Office REITs,Commercial REITs,,,United States of America,US,United States of America,United States of America,440866872.0,,3683615,28778.2421875,0.009975566801643061,2025-05-26,2025-11-25,2025-11-25,2025-09-17,2026-02-02,2026-02-02T16:29:55Z
NLY.N,2025-10-22,20:15:00,EarningsReleases,Q3 2025 Annaly Capital Management Inc Earnings Release,NLY,Annaly Capital Management Inc,Financials,Mortgage Real Estate Investment Trusts (REITs),Specialized REITs,,,United States of America,US,United States of America,United States of America,15327220442.16,13,258590980,2020242.03125,0.011110922867397,2025-05-26,2025-11-25,2025-11-25,2025-09-17,2026-02-02,2026-02-02T16:29:55Z
NLY.N,2026-01-28,21:00:00,EarningsReleases,Q4 2025 Annaly Capital Management Inc Earnings Release,NLY,Annaly Capital Management Inc,Financials,Mortgage Real Estate Investment Trusts (REITs),Specialized REITs,,,United States of America,US,United States of America,United States of America,15327220442.16,13,258590980,2020242.03125,0.011110922867397,2025-05-26,2025-11-25,2025-11-25,2025-09-17,2026-02-02,2026-02-02T16:29:55Z
NMAX.N,2025-11-13,21:00:00,EarningsReleases,Q3 2025 Newsmax Inc Earnings Release,NMAX,Newsmax Inc,Communication Services,Media,Broadcasting,,,United States of America,US,United States of America,United States of America,1079519434.84,2,18489205,144446.9140625,0.04635116312690788,2025-05-26,2025-11-25,2025-11-25,2025-09-17,2026-02-02,2026-02-02T16:29:55Z
NMG.N,2025-11-12,13:30:00,EarningsReleases,Q3 2025 Nouveau Monde Graphite Inc Earnings Release,NMG,Nouveau Monde Graphite Inc,Materials,Metals & Mining,Specialty Mining & Metals,,,Canada,CA,Canada,United States of America,399803324.23426,2,8396506,65597.703125,0.06658051855717076,2025-05-26,2025-11-25,2025-11-25,2025-09-17,2026-02-02,2026-02-02T16:29:55Z
NMI.N,2026-01-07,21:00:00,EarningsReleases,Full Year 2026 Nuveen Municipal Income Fund Inc Earnings Release,NMI,Nuveen Municipal Income Fund Inc,,,Closed End Funds,,,United States of America,US,United States of America,United States of America,112482189.75,,1331091,10399.1484375,0.007848658460588765,2025-05-26,2025-11-25,2025-11-25,2025-09-17,2026-02-02,2026-02-02T16:29:55Z
NMM.N,2025-11-18,12:38:36,EarningsReleases,Q3 2025 Navios Maritime Partners LP Earnings Release,NMM,Navios Maritime Partners LP,Industrials,Marine Transportation,Marine Freight & Logistics,,,Greece,GR,Greece,United States of America,1520268660.2,3,3528003,27562.5234375,0.017367453071983775,2025-05-26,2025-11-25,2025-11-25,2025-09-17,2026-02-02,2026-02-02T16:29:55Z
NMZ.N,2026-01-21,21:00:00,EarningsReleases,Full Year 2025 Nuveen Municipal High Income Opportunity Fund Earnings Release,NMZ,Nuveen Municipal High Income Opportunity Fund,,,Closed End Funds,,,United States of America,US,United States of America,United States of America,1250201138.48,,5047225,39431.4453125,0.005414589339699133,2025-05-26,2025-11-25,2025-11-25,2025-09-17,2026-02-02,2026-02-02T16:29:55Z
NNI.N,2025-11-06,21:15:00,EarningsReleases,Q3 2025 Nelnet Inc Earnings Release,NNI,Nelnet Inc,Financials,Consumer Finance,Consumer Lending,,,United States of America,US,United States of America,United States of America,4664478696.63,1,3822020,29859.53125,0.012605114725052113,2025-05-26,2025-11-25,2025-11-25,2025-09-17,2026-02-02,2026-02-02T16:29:55Z
NNN.N,2025-11-04,13:30:00,EarningsReleases,Q3 2025 NNN REIT Inc Earnings Release,NNN,NNN REIT Inc,Real Estate,Retail REITs,Commercial REITs,,,United States of America,US,United States of America,United States of America,7786753415.0,8,52811434,412589.328125,0.010609272575058691,2025-05-26,2025-11-25,2025-11-25,2025-09-17,2026-02-02,2026-02-02T16:29:55Z
NOA.N,2025-11-12,22:00:01,EarningsReleases,Q3 2025 North American Construction Group Ltd Earnings Release,NOA,North American Construction Group Ltd,Energy,Energy Equipment & Services,Oil Related Services and Equipment,,,Canada,CA,Canada,United States of America,408783400.716109,6,4045910,31608.671875,0.03274631832411705,2025-05-26,2025-11-25,2025-11-25,2025-09-17,2026-02-02,2026-02-02T16:29:55Z
NOAH.N,2025-11-25,21:30:00,EarningsReleases,Q3 2025 Noah Holdings Ltd Earnings Release,NOAH,Noah Holdings Ltd,Financials,Capital Markets,Investment Management & Fund Operators,,,China,CN,China,United States of America,692561213.64,5,7355916,57468.09375,0.02393863952175417,2025-05-26,2025-11-25,2025-11-25,2025-09-17,2026-02-02,2026-02-02T16:29:55Z
NOC.N,2025-10-21,12:30:00,EarningsReleases,Q3 2025 Northrop Grumman Corp Earnings Release,NOC,Northrop Grumman Corp,Industrials,Aerospace & Defense,Aerospace & Defense,,,United States of America,US,United States of America,United States of America,81267660551.14,25,27680356,216252.78125,0.013432399197828878,2025-05-26,2025-11-25,2025-11-25,2025-09-17,2026-02-02,2026-02-02T16:29:55Z
NOC.N,2026-01-27,13:30:00,EarningsReleases,Q4 2025 Northrop Grumman Corp Earnings Release,NOC,Northrop Grumman Corp,Industrials,Aerospace & Defense,Aerospace & Defense,,,United States of America,US,United States of America,United States of America,81267660551.14,25,27680356,216252.78125,0.013432399197828878,2025-05-26,2025-11-25,2025-11-25,2025-09-17,2026-02-02,2026-02-02T16:29:55Z
NOG.N,2025-10-21,20:05:00,EarningsReleases,Q3 2025 Northern Oil and Gas Inc Preliminary Earnings Release,NOG,Northern Oil and Gas Inc,Energy,"Oil, Gas & Consumable Fuels",Oil & Gas Exploration and Production,,,United States of America,US,United States of America,United States of America,2128720950.18,11,78963496,616902.3125,0.0290422976225342,2025-05-26,2025-11-25,2025-11-25,2025-09-17,2026-02-02,2026-02-02T16:29:55Z
NOG.N,2025-11-06,21:05:00,EarningsReleases,Q3 2025 Northern Oil and Gas Inc Earnings Release,NOG,Northern Oil and Gas Inc,Energy,"Oil, Gas & Consumable Fuels",Oil & Gas Exploration and Production,,,United States of America,US,United States of America,United States of America,2128720950.18,11,78963496,616902.3125,0.0290422976225342,2025-05-26,2025-11-25,2025-11-25,2025-09-17,2026-02-02,2026-02-02T16:29:55Z
NOMD.N,2025-11-06,11:45:00,EarningsReleases,Q3 2025 Nomad Foods Ltd Earnings Release,NOMD,Nomad Foods Ltd,Consumer Staples,Food Products,Food Processing,,,United Kingdom,GB,United Kingdom,United States of America,1816347219.18,6,44236304,345596.125,0.017859131965306644,2025-05-26,2025-11-25,2025-11-25,2025-09-17,2026-02-02,2026-02-02T16:29:55Z
NOTE.N,2025-11-06,21:15:00,EarningsReleases,Q3 2025 FiscalNote Holdings Inc Earnings Release,NOTE,FiscalNote Holdings Inc,Industrials,Professional Services,Software,,,United States of America,US,United States of America,United States of America,34875966.9,4,5222930,40804.140625,0.06353246260544053,2025-05-26,2025-11-25,2025-11-25,2025-09-17,2026-02-02,2026-02-02T16:29:55Z
NOV.N,2025-10-27,21:00:00,EarningsReleases,Q3 2025 Nov Inc Earnings Release,NOV,Nov Inc,Energy,Energy Equipment & Services,Oil Related Services and Equipment,,,United States of America,US,United States of America,United States of America,5482235741.31,22,183909258,1436791.078125,0.024715142021544408,2025-05-26,2025-11-25,2025-11-25,2025-09-17,2026-02-02,2026-02-02T16:29:55Z
NOW.N,2025-10-29,20:10:00,EarningsReleases,Q3 2025 ServiceNow Inc Earnings Release,NOW,ServiceNow Inc,Information Technology,Software,Software,,,United States of America,US,United States of America,United States of America,171236562542.17,48,219566842,1715365.953125,0.01691338076500775,2025-05-26,2025-11-25,2025-11-25,2025-09-17,2026-02-02,2026-02-02T16:29:55Z
NOW.N,2026-01-28,21:10:00,EarningsReleases,Q4 2025 ServiceNow Inc Earnings Release,NOW,ServiceNow Inc,Information Technology,Software,Software,,,United States of America,US,United States of America,United States of America,171236562542.17,48,219566842,1715365.953125,0.01691338076500775,2025-05-26,2025-11-25,2025-11-25,2025-09-17,2026-02-02,2026-02-02T16:29:55Z
NP.N,2025-11-12,21:00:00,EarningsReleases,Q3 2025 Neptune Insurance Holdings Inc Earnings Release,NP,Neptune Insurance Holdings Inc,Financials,Insurance,Multiline Insurance & Brokers,,,United States of America,US,United States of America,United States of America,3385998550.0,12,9558169,238954.225,0.040792269026201054,2025-05-26,2025-11-25,2025-11-25,2025-09-17,2026-02-02,2026-02-02T16:29:55Z
NPB.N,2025-10-21,21:00:00,EarningsReleases,Q3 2025 Northpointe Bancshares Inc Earnings Release,NPB,Northpointe Bancshares Inc,Financials,Banks,Banks,,,United States of America,US,United States of America,United States of America,594852247.29,3,8618180,67329.53125,0.01891603982870528,2025-05-26,2025-11-25,2025-11-25,2025-09-17,2026-02-02,2026-02-02T16:29:55Z
NPB.N,2026-01-20,22:00:00,EarningsReleases,Q4 2025 Northpointe Bancshares Inc Earnings Release,NPB,Northpointe Bancshares Inc,Financials,Banks,Banks,,,United States of America,US,United States of America,United States of America,594852247.29,3,8618180,67329.53125,0.01891603982870528,2025-05-26,2025-11-25,2025-11-25,2025-09-17,2026-02-02,2026-02-02T16:29:55Z
NPK.N,2025-10-24,20:00:00,EarningsReleases,Q3 2025 National Presto Industries Inc Earnings Release,NPK,National Presto Industries Inc,Industrials,Aerospace & Defense,Aerospace & Defense,,,United States of America,US,United States of America,United States of America,675572252.4,,1992359,15565.3046875,0.021229081094724753,2025-05-26,2025-11-25,2025-11-25,2025-09-17,2026-02-02,2026-02-02T16:29:55Z
NPKI.N,2025-10-30,20:15:00,EarningsReleases,Q3 2025 NPK International Inc Earnings Release,NPKI,NPK International Inc,Industrials,Trading Companies & Distributors,Oil Related Services and Equipment,,,United States of America,US,United States of America,United States of America,1029990380.81,5,33317460,260292.65625,0.02063554437162707,2025-05-26,2025-11-25,2025-11-25,2025-09-17,2026-02-02,2026-02-02T16:29:55Z
NPO.N,2025-11-04,11:30:00,EarningsReleases,Q3 2025 Enpro Inc Earnings Release,NPO,Enpro Inc,Industrials,Machinery,Industrial Machinery & Equipment,,,United States of America,US,United States of America,United States of America,4733890620.88,3,5829581,45543.6015625,0.019832531273141878,2025-05-26,2025-11-25,2025-11-25,2025-09-17,2026-02-02,2026-02-02T16:29:55Z
NPV.N,2026-02-02,,EarningsReleases,Half Year 2024 Nuveen Virginia Quality Municipal Income Fund Earnings Release,NPV,Nuveen Virginia Quality Municipal Income Fund,,,Investment Management & Fund Operators,,,United States of America,US,United States of America,United States of America,204534252.16,,1450821,11334.5390625,0.004268704204348551,2025-05-26,2025-11-25,2025-11-25,2025-09-17,2026-02-02,2026-02-02T16:29:55Z
NPWR.N,2025-11-13,21:15:00,EarningsReleases,Q3 2025 NET Power Inc Earnings Release,NPWR,NET Power Inc,Industrials,Electrical Equipment,Electric Utilities,,,United States of America,US,United States of America,United States of America,586455088.56,2,62162960,485648.125,0.07883768666600943,2025-05-26,2025-11-25,2025-11-25,2025-09-17,2026-02-02,2026-02-02T16:29:55Z
NQP.N,2025-11-06,,EarningsReleases,Full Year 2025 Nuveen Pennsylvania Quality Municipal Income Fund Earnings Release,NQP,Nuveen Pennsylvania Quality Municipal Income Fund,,,Closed End Funds,,,United States of America,US,United States of America,United States of America,451265849.25,,1624786,12693.640625,0.005057638478678725,2025-05-26,2025-11-25,2025-11-25,2025-09-17,2026-02-02,2026-02-02T16:29:55Z
NRDY.N,2025-11-06,21:05:01,EarningsReleases,Q3 2025 Nerdy Inc Earnings Release,NRDY,Nerdy Inc,Consumer Discretionary,Diversified Consumer Services,Online Services,,,United States of America,US,United States of America,United States of America,224800857.6,7,15039126,117493.171875,0.03537523577020608,2025-05-26,2025-11-25,2025-11-25,2025-09-17,2026-02-02,2026-02-02T16:29:55Z
NREF.N,2025-10-30,12:30:00,EarningsReleases,Q3 2025 Nexpoint Real Estate Finance Inc Earnings Release,NREF,Nexpoint Real Estate Finance Inc,Financials,Mortgage Real Estate Investment Trusts (REITs),Commercial REITs,,,United States of America,US,United States of America,United States of America,255903196.32,3,1822970,14241.953125,0.019682367821978547,2025-05-26,2025-11-25,2025-11-25,2025-09-17,2026-02-02,2026-02-02T16:29:55Z
NRG.N,2025-11-06,12:04:00,EarningsReleases,Q3 2025 NRG Energy Inc Earnings Release,NRG,NRG Energy Inc,Utilities,Electric Utilities,Electric Utilities,,,United States of America,US,United States of America,United States of America,31392451424.48,15,89799348,701557.40625,0.025432701929420227,2025-05-26,2025-11-25,2025-11-25,2025-09-17,2026-02-02,2026-02-02T16:29:55Z
NRGV.N,2025-11-10,21:05:00,EarningsReleases,Q3 2025 Energy Vault Holdings Inc Earnings Release,NRGV,Energy Vault Holdings Inc,Industrials,Electrical Equipment,Electrical Components & Equipment,,,United States of America,US,United States of America,United States of America,541961709.69,3,78484754,613162.140625,0.06747276424158667,2025-05-26,2025-11-25,2025-11-25,2025-09-17,2026-02-02,2026-02-02T16:29:55Z
NRP.N,2025-11-04,11:55:02,EarningsReleases,Q3 2025 Natural Resource Partners LP Earnings Release,NRP,Natural Resource Partners LP,Energy,"Oil, Gas & Consumable Fuels",Coal,,,United States of America,US,United States of America,United States of America,1366362088.0,,821768,6420.0625,0.011834563997872437,2025-05-26,2025-11-25,2025-11-25,2025-09-17,2026-02-02,2026-02-02T16:29:55Z
NRT.N,2025-12-31,21:00:00,EarningsReleases,Q4 2025 North European Oil Royalty Trust Earnings Release,NRT,North European Oil Royalty Trust,Energy,"Oil, Gas & Consumable Fuels",Oil & Gas Exploration and Production,,,United States of America,US,United States of America,United States of America,55143540.0,,1056831,8256.4921875,0.028500370016569757,2025-05-26,2025-11-25,2025-11-25,2025-09-17,2026-02-02,2026-02-02T16:29:55Z
NSA.N,2025-11-03,21:08:00,EarningsReleases,Q3 2025 National Storage Affiliates Trust Earnings Release,NSA,National Storage Affiliates Trust,Real Estate,Specialized REITs,Specialized REITs,,,United States of America,US,United States of America,United States of America,2251872042.42,8,47709730,372732.265625,0.015341714570117487,2025-05-26,2025-11-25,2025-11-25,2025-09-17,2026-02-02,2026-02-02T16:29:55Z
NSC.N,2025-10-23,20:05:00,EarningsReleases,Q3 2025 Norfolk Southern Corp Earnings Release,NSC,Norfolk Southern Corp,Industrials,Ground Transportation,Ground Freight & Logistics,,,United States of America,US,United States of America,United States of America,64861195510.02,25,51694875,403866.2109375,0.010346578786550086,2025-05-26,2025-11-25,2025-11-25,2025-09-17,2026-02-02,2026-02-02T16:29:55Z
NSC.N,2026-01-29,13:00:04,EarningsReleases,Q4 2025 Norfolk Southern Corp Earnings Release,NSC,Norfolk Southern Corp,Industrials,Ground Transportation,Ground Freight & Logistics,,,United States of America,US,United States of America,United States of America,64861195510.02,25,51694875,403866.2109375,0.010346578786550086,2025-05-26,2025-11-25,2025-11-25,2025-09-17,2026-02-02,2026-02-02T16:29:55Z
NSP.N,2025-11-03,21:30:00,EarningsReleases,Q3 2025 Insperity Inc Earnings Release,NSP,Insperity Inc,Industrials,Professional Services,Employment Services,,,United States of America,US,United States of America,United States of America,1340005562.08,5,25072857,195881.6953125,0.03781916989090286,2025-05-26,2025-11-25,2025-11-25,2025-09-17,2026-02-02,2026-02-02T16:29:55Z
NTB.N,2025-10-28,20:30:00,EarningsReleases,Q3 2025 Bank of NT Butterfield & Son Ltd Earnings Release,NTB,Bank of NT Butterfield & Son Ltd,Financials,Banks,Banks,,,Bermuda,BM,Bermuda,United States of America,2025386783.08,4,7785391,60823.3671875,0.0130228312938626,2025-05-26,2025-11-25,2025-11-25,2025-09-17,2026-02-02,2026-02-02T16:29:55Z
NTR.N,2025-11-05,22:00:01,EarningsReleases,Q3 2025 Nutrien Ltd Earnings Release,NTR,Nutrien Ltd,Materials,Chemicals,Agricultural Chemicals,,,Canada,CA,Canada,United States of America,27453496668.2005,24,72543428,566745.53125,0.016325855776352316,2025-05-26,2025-11-25,2025-11-25,2025-09-17,2026-02-02,2026-02-02T16:29:55Z
NTST.N,2025-10-27,20:05:00,EarningsReleases,Q3 2025 Netstreit Corp Earnings Release,NTST,Netstreit Corp,Real Estate,Retail REITs,Commercial REITs,,,United States of America,US,United States of America,United States of America,1518315652.92,8,51799358,404682.484375,0.011433552973145734,2025-05-26,2025-11-25,2025-11-25,2025-09-17,2026-02-02,2026-02-02T16:29:55Z
NTZ.N,2025-11-19,21:57:00,EarningsReleases,Q2 2025 Natuzzi SpA Earnings Release,NTZ,Natuzzi SpA,Consumer Discretionary,Household Durables,Home Furnishings,,,Italy,IT,Italy,United States of America,27095938.14,,94086,847.6216216216217,0.048646507644975606,2025-05-26,2025-11-25,2025-11-25,2025-09-17,2026-02-02,2026-02-02T16:29:55Z
NTZ.N,2025-12-16,21:30:00,EarningsReleases,Q3 2025 Natuzzi SpA Earnings Release,NTZ,Natuzzi SpA,Consumer Discretionary,Household Durables,Home Furnishings,,,Italy,IT,Italy,United States of America,27095938.14,,94086,847.6216216216217,0.048646507644975606,2025-05-26,2025-11-25,2025-11-25,2025-09-17,2026-02-02,2026-02-02T16:29:55Z
NU.N,2025-11-13,22:00:00,EarningsReleases,Q3 2025 Nu Holdings Ltd Earnings Release,NU,Nu Holdings Ltd,Financials,Banks,Banks,,,Brazil,BR,Brazil,United States of America,80485012526.49,15,1046586797,8176459.3515625,0.023051972623292623,2025-05-26,2025-11-25,2025-11-25,2025-09-17,2026-02-02,2026-02-02T16:29:55Z
NUE.N,2025-10-27,20:30:28,EarningsReleases,Q3 2025 Nucor Corp Earnings Release,NUE,Nucor Corp,Materials,Metals & Mining,Iron & Steel,,,United States of America,US,United States of America,United States of America,35759165468.75,16,70780244,552970.65625,0.020798331620864585,2025-05-26,2025-11-25,2025-11-25,2025-09-17,2026-02-02,2026-02-02T16:29:55Z
NUE.N,2026-01-26,21:30:00,EarningsReleases,Q4 2025 Nucor Corp Earnings Release,NUE,Nucor Corp,Materials,Metals & Mining,Iron & Steel,,,United States of America,US,United States of America,United States of America,35759165468.75,16,70780244,552970.65625,0.020798331620864585,2025-05-26,2025-11-25,2025-11-25,2025-09-17,2026-02-02,2026-02-02T16:29:55Z
NUS.N,2025-11-06,21:06:00,EarningsReleases,Q3 2025 NU Skin Enterprises Inc Earnings Release,NUS,NU Skin Enterprises Inc,Consumer Staples,Personal Care Products,Personal Products,,,United States of America,US,United States of America,United States of America,493350769.12,1,24448336,191002.625,0.03878014225846073,2025-05-26,2025-11-25,2025-11-25,2025-09-17,2026-02-02,2026-02-02T16:29:55Z
NUV.N,2026-01-07,21:00:00,EarningsReleases,Full Year 2025 Nuveen Municipal Value Fund Inc Earnings Release,NUV,Nuveen Municipal Value Fund Inc,,,Closed End Funds,,,United States of America,US,United States of America,United States of America,1884477682.6,,11278512,88113.375,0.004344791163085042,2025-05-26,2025-11-25,2025-11-25,2025-09-17,2026-02-02,2026-02-02T16:29:55Z
NUVB.N,2025-11-03,21:05:00,EarningsReleases,Q3 2025 Nuvation Bio Inc Earnings Release,NUVB,Nuvation Bio Inc,Health Care,Pharmaceuticals,Biotechnology & Medical Research,,,United States of America,US,United States of America,United States of America,2701527452.04,10,225739188,1763587.40625,0.0629816369627922,2025-05-26,2025-11-25,2025-11-25,2025-09-17,2026-02-02,2026-02-02T16:29:55Z
NUVB.N,2026-01-12,13:00:02,EarningsReleases,Preliminary Q4 2025 Nuvation Bio Inc Earnings Release,NUVB,Nuvation Bio Inc,Health Care,Pharmaceuticals,Biotechnology & Medical Research,,,United States of America,US,United States of America,United States of America,2701527452.04,10,225739188,1763587.40625,0.0629816369627922,2025-05-26,2025-11-25,2025-11-25,2025-09-17,2026-02-02,2026-02-02T16:29:55Z
NVG.N,2026-01-07,21:00:00,EarningsReleases,Full Year 2025 Nuveen AMT-Free Municipal Credit Income Fund Earnings Release,NVG,Nuveen AMT-Free Municipal Credit Income Fund,,,Closed End Funds,,,United States of America,US,United States of America,United States of America,2698922655.68,,10854673,84802.1328125,0.005290874291814489,2025-05-26,2025-11-25,2025-11-25,2025-09-17,2026-02-02,2026-02-02T16:29:55Z
NVGS.N,2025-11-04,21:15:03,EarningsReleases,Q3 2025 Navigator Holdings Ltd Earnings Release,NVGS,Navigator Holdings Ltd,Energy,"Oil, Gas & Consumable Fuels",Oil & Gas Transportation Services,,,United Kingdom,GB,United Kingdom,United States of America,1165918511.61,7,18701574,146106.046875,0.015712966671240336,2025-05-26,2025-11-25,2025-11-25,2025-09-17,2026-02-02,2026-02-02T16:29:55Z
NVR.N,2025-10-22,13:00:33,EarningsReleases,Q3 2025 NVR Inc Earnings Release,NVR,NVR Inc,Consumer Discretionary,Household Durables,Homebuilding,,,United States of America,US,United States of America,United States of America,21163365680.16,5,991447,7745.6796875,0.01666979859854992,2025-05-26,2025-11-25,2025-11-25,2025-09-17,2026-02-02,2026-02-02T16:29:55Z
NVR.N,2026-01-28,14:00:04,EarningsReleases,Q4 2025 NVR Inc Earnings Release,NVR,NVR Inc,Consumer Discretionary,Household Durables,Homebuilding,,,United States of America,US,United States of America,United States of America,21163365680.16,5,991447,7745.6796875,0.01666979859854992,2025-05-26,2025-11-25,2025-11-25,2025-09-17,2026-02-02,2026-02-02T16:29:55Z
NVRI.N,2025-11-10,12:00:03,EarningsReleases,Q3 2025 Enviri Corp Earnings Release,NVRI,Enviri Corp,Industrials,Commercial Services & Supplies,Environmental Services & Equipment,,,United States of America,US,United States of America,United States of America,1480817309.85,3,42674572,333395.09375,0.032088247714041875,2025-05-26,2025-11-25,2025-11-25,2025-09-17,2026-02-02,2026-02-02T16:29:55Z
NVST.N,2025-10-30,00:28:47,EarningsReleases,Q3 2025 Envista Holdings Corp Earnings Release,NVST,Envista Holdings Corp,Health Care,Health Care Equipment & Supplies,"Medical Equipment, Supplies & Distribution",,,United States of America,US,United States of America,United States of America,3461172204.65,14,82298051,642953.5234375,0.02070846849005363,2025-05-26,2025-11-25,2025-11-25,2025-09-17,2026-02-02,2026-02-02T16:29:55Z
NVT.N,2025-10-31,10:32:00,EarningsReleases,Q3 2025 nVent Electric PLC Earnings Release,NVT,nVent Electric PLC,Industrials,Electrical Equipment,Electrical Components & Equipment,,,United Kingdom,GB,United States of America,United States of America,16931457581.5,15,66105398,516448.421875,0.02196179064862493,2025-05-26,2025-11-25,2025-11-25,2025-09-17,2026-02-02,2026-02-02T16:29:55Z
NWN.N,2025-11-05,11:00:00,EarningsReleases,Q3 2025 Northwest Natural Holding Co Earnings Release,NWN,Northwest Natural Holding Co,Utilities,Gas Utilities,Natural Gas Utilities,,,United States of America,US,United States of America,United States of America,2027619001.7,5,13346288,104267.875,0.011116383777395517,2025-05-26,2025-11-25,2025-11-25,2025-09-17,2026-02-02,2026-02-02T16:29:55Z
NX.N,2025-12-11,21:15:00,EarningsReleases,Q4 2025 Quanex Building Products Corp Earnings Release,NX,Quanex Building Products Corp,Industrials,Building Products,Construction Supplies & Fixtures,,,United States of America,US,United States of America,United States of America,574836780.14,4,24693050,192914.453125,0.03356666963044646,2025-05-26,2025-11-25,2025-11-25,2025-09-17,2026-02-02,2026-02-02T16:29:55Z
NXDR.N,2025-11-05,21:05:02,EarningsReleases,Q3 2025 Nextdoor Holdings Inc Earnings Release,NXDR,Nextdoor Holdings Inc,Communication Services,Interactive Media & Services,Online Services,,,United States of America,US,United States of America,United States of America,678347819.18,6,77117632,602481.5,0.032320644000492685,2025-05-26,2025-11-25,2025-11-25,2025-09-17,2026-02-02,2026-02-02T16:29:55Z
NXDT.N,2025-11-13,21:00:00,EarningsReleases,Q3 2025 NexPoint Diversified Real Estate Trust Earnings Release,NXDT,NexPoint Diversified Real Estate Trust,Real Estate,Diversified REITs,Diversified REITs,,,United States of America,US,United States of America,United States of America,145590614.73,,7994382,62456.109375,0.035848266868532076,2025-05-26,2025-11-25,2025-11-25,2025-09-17,2026-02-02,2026-02-02T16:29:55Z
NXE.N,2025-11-05,21:00:00,EarningsReleases,Q3 2025 Nexgen Energy Ltd Earnings Release,NXE,Nexgen Energy Ltd,Energy,"Oil, Gas & Consumable Fuels",Uranium,,,Canada,CA,Canada,United States of America,5047249247.98639,4,256129466,2001011.453125,0.03282710205786206,2025-05-26,2025-11-25,2025-11-25,2025-09-17,2026-02-02,2026-02-02T16:29:55Z
NXJ.N,2025-11-06,,EarningsReleases,Full Year 2025 Nuveen New Jersey Quality Municipal Income Fund Earnings Release,NXJ,Nuveen New Jersey Quality Municipal Income Fund,,,Closed End Funds,,,United States of America,US,United States of America,United States of America,523658274.5,,3128397,24440.6015625,0.00542323564258756,2025-05-26,2025-11-25,2025-11-25,2025-09-17,2026-02-02,2026-02-02T16:29:55Z
NXP.N,2025-12-04,,EarningsReleases,Half Year 2025 Nuveen Select Tax-Free Income Portfolio Earnings Release,NXP,Nuveen Select Tax-Free Income Portfolio,,,Closed End Funds,,,United States of America,US,United States of America,United States of America,745254377.38,,2144167,16751.3046875,0.004111024214725802,2025-05-26,2025-11-25,2025-11-25,2025-09-17,2026-02-02,2026-02-02T16:29:55Z
NXRT.N,2025-10-28,12:30:00,EarningsReleases,Q3 2025 NexPoint Residential Trust Inc Earnings Release,NXRT,NexPoint Residential Trust Inc,Real Estate,Residential REITs,Residential REITs,,,United States of America,US,United States of America,United States of America,811663040.0,6,8213162,64165.328125,0.016082992923440818,2025-05-26,2025-11-25,2025-11-25,2025-09-17,2026-02-02,2026-02-02T16:29:55Z
NYC.N,2025-11-19,14:29:00,EarningsReleases,Q3 2025 American Strategic Investment Co Earnings Release,NYC,American Strategic Investment Co,Real Estate,Real Estate Management & Development,Real Estate Services,,,United States of America,US,United States of America,United States of America,20145132.086898,,160693,1285.544,0.04442191901514278,2025-05-26,2025-11-25,2025-11-25,2025-09-17,2026-02-02,2026-02-02T16:29:55Z
NYT.N,2025-11-05,13:30:00,EarningsReleases,Q3 2025 New York Times Co Earnings Release,NYT,New York Times Co,Communication Services,Media,Consumer Publishing,,,United States of America,US,United States of America,United States of America,10492616451.67,10,69820835,545475.2734375,0.0180901311466894,2025-05-26,2025-11-25,2025-11-25,2025-09-17,2026-02-02,2026-02-02T16:29:55Z
NZF.N,2026-01-07,21:00:00,EarningsReleases,Full Year 2025 Nuveen Municipal Credit Income Fund Earnings Release,NZF,Nuveen Municipal Credit Income Fund,,,Closed End Funds,,,United States of America,US,United States of America,United States of America,2446797901.5,,10367506,80996.140625,0.005922704176280396,2025-05-26,2025-11-25,2025-11-25,2025-09-17,2026-02-02,2026-02-02T16:29:55Z
O.N,2025-11-03,21:05:01,EarningsReleases,Q3 2025 Realty Income Corp Earnings Release,O,Realty Income Corp,Real Estate,Retail REITs,Commercial REITs,,,United States of America,US,United States of America,United States of America,52177054990.8,11,221279507,1728746.1484375,0.009658224628443169,2025-05-26,2025-11-25,2025-11-25,2025-09-17,2026-02-02,2026-02-02T16:29:55Z
OAK_pa.N,2025-11-12,21:00:00,EarningsReleases,Q3 2025 Brookfield Oaktree Holdings LLC Earnings Release,OAK PR A,Brookfield Oaktree Holdings LLC,,,Investment Management & Fund Operators,,,United States of America,US,United States of America,United States of America,153360000.0,,330344,2580.8125,0.009046475136537996,2025-05-26,2025-11-25,2025-11-25,2025-09-17,2026-02-02,2026-02-02T16:29:55Z
OBDC.N,2025-11-05,21:00:00,EarningsReleases,Q3 2025 Blue Owl Capital Corp Earnings Release,OBDC,Blue Owl Capital Corp,Financials,Capital Markets,Investment Management & Fund Operators,,,United States of America,US,United States of America,United States of America,6582301292.56,12,125698557,982019.9765625,0.012179859944769353,2025-05-26,2025-11-25,2025-11-25,2025-09-17,2026-02-02,2026-02-02T16:29:55Z
OBK.N,2025-10-22,20:19:49,EarningsReleases,Q3 2025 Origin Bancorp Inc Earnings Release,OBK,Origin Bancorp Inc,Financials,Banks,Banks,,,United States of America,US,United States of America,United States of America,1128314368.03,5,8154301,63705.4765625,0.017311106927051498,2025-05-26,2025-11-25,2025-11-25,2025-09-17,2026-02-02,2026-02-02T16:29:55Z
OBK.N,2026-01-28,21:15:03,EarningsReleases,Q4 2025 Origin Bancorp Inc Earnings Release,OBK,Origin Bancorp Inc,Financials,Banks,Banks,,,United States of America,US,United States of America,United States of America,1128314368.03,5,8154301,63705.4765625,0.017311106927051498,2025-05-26,2025-11-25,2025-11-25,2025-09-17,2026-02-02,2026-02-02T16:29:55Z
OC.N,2025-11-05,11:00:00,EarningsReleases,Q3 2025 Owens Corning Earnings Release,OC,Owens Corning,Industrials,Building Products,Construction Supplies & Fixtures,,,United States of America,US,United States of America,United States of America,8981913237.92,21,41175065,321680.1953125,0.022167026546067364,2025-05-26,2025-11-25,2025-11-25,2025-09-17,2026-02-02,2026-02-02T16:29:55Z
ODC.N,2025-10-09,20:05:32,EarningsReleases,Q4 2025 Oil-Dri Corporation of America Earnings Release,ODC,Oil-Dri Corporation of America,Consumer Staples,Household Products,Personal Products,,,United States of America,US,United States of America,United States of America,812395637.28,,3370980,26335.78125,0.022135097062546214,2025-05-26,2025-11-25,2025-11-25,2025-09-17,2026-02-02,2026-02-02T16:29:55Z
ODC.N,2025-12-08,22:05:00,EarningsReleases,Q1 2026 Oil-Dri Corporation of America Earnings Release,ODC,Oil-Dri Corporation of America,Consumer Staples,Household Products,Personal Products,,,United States of America,US,United States of America,United States of America,812395637.28,,3370980,26335.78125,0.022135097062546214,2025-05-26,2025-11-25,2025-11-25,2025-09-17,2026-02-02,2026-02-02T16:29:55Z
ODV.N,2025-11-07,21:00:00,EarningsReleases,Q3 2025 Osisko Development Corp Earnings Release,ODV,Osisko Development Corp,Materials,Metals & Mining,Gold,,,Canada,CA,Canada,United States of America,828198373.511061,5,39706178,310204.515625,0.038320806795916956,2025-05-26,2025-11-25,2025-11-25,2025-09-17,2026-02-02,2026-02-02T16:29:55Z
OEC.N,2025-10-13,20:00:00,EarningsReleases,Q3 2025 Orion SA Preliminary Earnings Release,OEC,Orion SA,Materials,Chemicals,Specialty Chemicals,,,Luxembourg,LU,Luxembourg,United States of America,284117512.36,5,26438846,206553.484375,0.04028798500778121,2025-05-26,2025-11-25,2025-11-25,2025-09-17,2026-02-02,2026-02-02T16:29:55Z
OEC.N,2025-11-04,21:30:00,EarningsReleases,Q3 2025 Orion SA Earnings Release,OEC,Orion SA,Materials,Chemicals,Specialty Chemicals,,,Luxembourg,LU,Luxembourg,United States of America,284117512.36,5,26438846,206553.484375,0.04028798500778121,2025-05-26,2025-11-25,2025-11-25,2025-09-17,2026-02-02,2026-02-02T16:29:55Z
OFG.N,2025-10-22,11:30:00,EarningsReleases,Q3 2025 OFG Bancorp Earnings Release,OFG,OFG Bancorp,Financials,Banks,Banks,,,Puerto Rico,PR,Puerto Rico,United States of America,1764802042.85,4,13682721,106896.2578125,0.015907067336791862,2025-05-26,2025-11-25,2025-11-25,2025-09-17,2026-02-02,2026-02-02T16:29:55Z
OFG.N,2026-01-22,12:30:00,EarningsReleases,Q4 2025 OFG Bancorp Earnings Release,OFG,OFG Bancorp,Financials,Banks,Banks,,,Puerto Rico,PR,Puerto Rico,United States of America,1764802042.85,4,13682721,106896.2578125,0.015907067336791862,2025-05-26,2025-11-25,2025-11-25,2025-09-17,2026-02-02,2026-02-02T16:29:55Z
OGE.N,2025-10-29,11:00:02,EarningsReleases,Q3 2025 OGE Energy Corp Earnings Release,OGE,OGE Energy Corp,Utilities,Electric Utilities,Electric Utilities,,,United States of America,US,United States of America,United States of America,9218191782.15,13,52542186,410485.828125,0.009026574924091832,2025-05-26,2025-11-25,2025-11-25,2025-09-17,2026-02-02,2026-02-02T16:29:55Z
OGN.N,2025-11-10,12:30:00,EarningsReleases,Q3 2025 Organon & Co Earnings Release,OGN,Organon & Co,Health Care,Pharmaceuticals,Pharmaceuticals,,,United States of America,US,United States of America,United States of America,1952471669.12,6,164715500,1286839.84375,0.03707494453116444,2025-05-26,2025-11-25,2025-11-25,2025-09-17,2026-02-02,2026-02-02T16:29:55Z
OGS.N,2025-11-03,21:15:00,EarningsReleases,Q3 2025 ONE Gas Inc Earnings Release,OGS,ONE Gas Inc,Utilities,Gas Utilities,Natural Gas Utilities,,,United States of America,US,United States of America,United States of America,4978120431.77,7,24979205,195150.0390625,0.010607398030321643,2025-05-26,2025-11-25,2025-11-25,2025-09-17,2026-02-02,2026-02-02T16:29:55Z
OHI.N,2025-10-30,20:15:00,EarningsReleases,Q3 2025 Omega Healthcare Investors Inc Earnings Release,OHI,Omega Healthcare Investors Inc,Real Estate,Health Care REITs,Specialized REITs,,,United States of America,US,United States of America,United States of America,13446569500.0,8,90041324,703447.84375,0.011178448983624792,2025-05-26,2025-11-25,2025-11-25,2025-09-17,2026-02-02,2026-02-02T16:29:55Z
OI.N,2025-11-04,21:20:00,EarningsReleases,Q3 2025 O-I Glass Inc Earnings Release,OI,O-I Glass Inc,Materials,Containers & Packaging,Non-Paper Containers & Packaging,,,United States of America,US,United States of America,United States of America,2016695916.3,9,58233969,454952.8828125,0.02615803887187837,2025-05-26,2025-11-25,2025-11-25,2025-09-17,2026-02-02,2026-02-02T16:29:55Z
OII.N,2025-10-22,21:01:00,EarningsReleases,Q3 2025 Oceaneering International Inc Earnings Release,OII,Oceaneering International Inc,Energy,Energy Equipment & Services,Oil Related Services and Equipment,,,United States of America,US,United States of America,United States of America,2451476934.27,4,36501761,285170.0078125,0.022232867223928688,2025-05-26,2025-11-25,2025-11-25,2025-09-17,2026-02-02,2026-02-02T16:29:55Z
OIS.N,2025-10-31,11:00:00,EarningsReleases,Q3 2025 Oil States International Inc Earnings Release,OIS,Oil States International Inc,Energy,Energy Equipment & Services,Oil Related Services and Equipment,,,United States of America,US,United States of America,United States of America,368032680.4,4,29101839,227358.1171875,0.03298621995755185,2025-05-26,2025-11-25,2025-11-25,2025-09-17,2026-02-02,2026-02-02T16:29:55Z
OKE.N,2025-10-28,20:15:00,EarningsReleases,Q3 2025 ONEOK Inc Earnings Release,OKE,ONEOK Inc,Energy,"Oil, Gas & Consumable Fuels",Oil & Gas Transportation Services,,,United States of America,US,United States of America,United States of America,44599932760.16,19,145349162,1135540.328125,0.01443896530859007,2025-05-26,2025-11-25,2025-11-25,2025-09-17,2026-02-02,2026-02-02T16:29:55Z
OKLO.N,2025-11-11,21:00:00,EarningsReleases,Q3 2025 Oklo Inc Earnings Release,OKLO,Oklo Inc,Utilities,Electric Utilities,Electric Utilities,,,United States of America,US,United States of America,United States of America,13401311622.75,18,424580374,3317034.171875,0.0673876001183357,2025-05-26,2025-11-25,2025-11-25,2025-09-17,2026-02-02,2026-02-02T16:29:55Z
OLN.N,2025-10-27,20:05:38,EarningsReleases,Q3 2025 Olin Corp Earnings Release,OLN,Olin Corp,Materials,Chemicals,Commodity Chemicals,,,United States of America,US,United States of America,United States of America,2316667038.7,17,102570851,801334.7734375,0.03565784336123037,2025-05-26,2025-11-25,2025-11-25,2025-09-17,2026-02-02,2026-02-02T16:29:55Z
OLN.N,2026-01-29,21:00:00,EarningsReleases,Q4 2025 Olin Corp Earnings Release,OLN,Olin Corp,Materials,Chemicals,Commodity Chemicals,,,United States of America,US,United States of America,United States of America,2316667038.7,17,102570851,801334.7734375,0.03565784336123037,2025-05-26,2025-11-25,2025-11-25,2025-09-17,2026-02-02,2026-02-02T16:29:55Z
OLP.N,2025-11-06,21:30:00,EarningsReleases,Q3 2025 One Liberty Properties Inc Earnings Release,OLP,One Liberty Properties Inc,Real Estate,Industrial REITs,Commercial REITs,,,United States of America,US,United States of America,United States of America,454331950.38,2,3669836,28670.59375,0.013877546751256672,2025-05-26,2025-11-25,2025-11-25,2025-09-17,2026-02-02,2026-02-02T16:29:55Z
OMC.N,2025-10-21,20:03:00,EarningsReleases,Q3 2025 Omnicom Group Inc Earnings Release,OMC,Omnicom Group Inc,Communication Services,Media,Advertising & Marketing,,,United States of America,US,United States of America,United States of America,14058853220.2,12,144289519,1127261.8671875,0.018629537474372154,2025-05-26,2025-11-25,2025-11-25,2025-09-17,2026-02-02,2026-02-02T16:29:55Z
OMC.N,2026-02-02,21:00:00,EarningsReleases,Q4 2025 Omnicom Group Inc Earnings Release,OMC,Omnicom Group Inc,Communication Services,Media,Advertising & Marketing,,,United States of America,US,United States of America,United States of America,14058853220.2,12,144289519,1127261.8671875,0.018629537474372154,2025-05-26,2025-11-25,2025-11-25,2025-09-17,2026-02-02,2026-02-02T16:29:55Z
OMF.N,2025-10-31,10:30:01,EarningsReleases,Q3 2025 OneMain Holdings Inc Earnings Release,OMF,OneMain Holdings Inc,Financials,Consumer Finance,Consumer Lending,,,United States of America,US,United States of America,United States of America,7221675359.4,16,39428274,308033.390625,0.0170938462507771,2025-05-26,2025-11-25,2025-11-25,2025-09-17,2026-02-02,2026-02-02T16:29:55Z
ONIT.N,2025-11-06,11:45:00,EarningsReleases,Q3 2025 Onity Group Inc Earnings Release,ONIT,Onity Group Inc,Financials,Financial Services,Banks,,,United States of America,US,United States of America,United States of America,357088706.94,2,1873101,14633.6015625,0.021622039866635155,2025-05-26,2025-11-25,2025-11-25,2025-09-17,2026-02-02,2026-02-02T16:29:55Z
ONL.N,2025-11-06,21:15:01,EarningsReleases,Q3 2025 Orion Properties Inc Earnings Release,ONL,Orion Properties Inc,Real Estate,Office REITs,Commercial REITs,,,United States of America,US,United States of America,United States of America,122765902.12,,20580405,160784.4140625,0.03209595127468707,2025-05-26,2025-11-25,2025-11-25,2025-09-17,2026-02-02,2026-02-02T16:29:55Z
ONON.N,2025-11-12,10:00:00,EarningsReleases,Q3 2025 On Holding AG Earnings Release,ONON,On Holding AG,Consumer Discretionary,"Textiles, Apparel & Luxury Goods",Footwear,,,Switzerland,CH,Switzerland,United States of America,13787775131.04,29,182177404,1423260.96875,0.028022077556127296,2025-05-26,2025-11-25,2025-11-25,2025-09-17,2026-02-02,2026-02-02T16:29:55Z
ONTF.N,2025-11-10,21:15:00,EarningsReleases,Q3 2025 ON24 Inc Earnings Release,ONTF,ON24 Inc,Information Technology,Software,Software,,,United States of America,US,United States of America,United States of America,236358588.05,4,8390573,65551.3515625,0.025359363677311602,2025-05-26,2025-11-25,2025-11-25,2025-09-17,2026-02-02,2026-02-02T16:29:55Z
ONTO.N,2025-11-06,21:05:02,EarningsReleases,Q3 2025 Onto Innovation Inc Earnings Release,ONTO,Onto Innovation Inc,Information Technology,Semiconductors & Semiconductor Equipment,Semiconductor Equipment & Testing,,,United States of America,US,United States of America,United States of America,6801955291.67,9,48427826,378342.390625,0.03270077985541542,2025-05-26,2025-11-25,2025-11-25,2025-09-17,2026-02-02,2026-02-02T16:29:55Z
OOMA.N,2025-12-08,21:15:00,EarningsReleases,Q3 2026 Ooma Inc Earnings Release,OOMA,Ooma Inc,Information Technology,Software,Integrated Telecommunications Services,,,United States of America,US,United States of America,United States of America,325128000.0,6,6643568,51902.875,0.021030282382941485,2025-05-26,2025-11-25,2025-11-25,2025-09-17,2026-02-02,2026-02-02T16:29:55Z
OPAD.N,2025-10-20,20:00:00,EarningsReleases,Preliminary Q3 2025 Offerpad Solutions Inc Earnings Release,OPAD,Offerpad Solutions Inc,Real Estate,Real Estate Management & Development,Real Estate Services,,,United States of America,US,United States of America,United States of America,72614093.62,4,58257036,455133.09375,0.13280120389964636,2025-05-26,2025-11-25,2025-11-25,2025-09-17,2026-02-02,2026-02-02T16:29:55Z
OPAD.N,2025-11-03,21:10:00,EarningsReleases,Q3 2025 Offerpad Solutions Inc Earnings Release,OPAD,Offerpad Solutions Inc,Real Estate,Real Estate Management & Development,Real Estate Services,,,United States of America,US,United States of America,United States of America,72614093.62,4,58257036,455133.09375,0.13280120389964636,2025-05-26,2025-11-25,2025-11-25,2025-09-17,2026-02-02,2026-02-02T16:29:55Z
OPFI.N,2025-10-29,12:30:00,EarningsReleases,Q3 2025 OppFi Inc Earnings Release,OPFI,OppFi Inc,Financials,Consumer Finance,Software,,,United States of America,US,United States of America,United States of America,829944115.11,4,30697222,239822.046875,0.03405905125802204,2025-05-26,2025-11-25,2025-11-25,2025-09-17,2026-02-02,2026-02-02T16:29:55Z
OPLN.N,2025-11-05,12:00:00,EarningsReleases,Q3 2025 Openlane Inc Earnings Release,OPLN,Openlane Inc,Industrials,Commercial Services & Supplies,"Auto Vehicles, Parts & Service Retailers",,,United States of America,US,United States of America,United States of America,2667205993.7,9,40673364,317760.65625,0.01901373920493973,2025-05-26,2025-11-25,2025-11-25,2025-09-17,2026-02-02,2026-02-02T16:29:55Z
OPTU.N,2025-11-06,12:00:01,EarningsReleases,Q3 2025 Altice USA Inc Earnings Release,OPTU,Optimum Communications Inc,Communication Services,Media,Integrated Telecommunications Services,,,United States of America,US,United States of America,United States of America,977247930.88,16,121617715,950138.3984375,0.040779143016092534,2025-05-26,2025-11-25,2025-11-25,2025-09-17,2026-02-02,2026-02-02T16:29:55Z
OPY.N,2025-10-31,12:00:00,EarningsReleases,Q3 2025 Oppenheimer Holdings Inc Earnings Release,OPY,Oppenheimer Holdings Inc,Financials,Capital Markets,Investment Banking & Brokerage Services,,,United States of America,US,United States of America,United States of America,711609934.36,,2085226,16290.828125,0.01806833827137337,2025-05-26,2025-11-25,2025-11-25,2025-09-17,2026-02-02,2026-02-02T16:29:55Z
OPY.N,2026-01-30,13:00:00,EarningsReleases,Q4 2025 Oppenheimer Holdings Inc Earnings Release,OPY,Oppenheimer Holdings Inc,Financials,Capital Markets,Investment Banking & Brokerage Services,,,United States of America,US,United States of America,United States of America,711609934.36,,2085226,16290.828125,0.01806833827137337,2025-05-26,2025-11-25,2025-11-25,2025-09-17,2026-02-02,2026-02-02T16:29:55Z
OR.N,2025-10-07,11:00:00,EarningsReleases,Preliminary Q3 2025 OR Royalties Inc Earnings Release,OR,OR Royalties Inc,Materials,Metals & Mining,Specialty Mining & Metals,,,Canada,CA,Canada,United States of America,6314051566.33579,10,40442345,315955.8203125,0.022803274555560634,2025-05-26,2025-11-25,2025-11-25,2025-09-17,2026-02-02,2026-02-02T16:29:55Z
OR.N,2025-11-05,21:15:01,EarningsReleases,Q3 2025 OR Royalties Inc Earnings Release,OR,OR Royalties Inc,Materials,Metals & Mining,Specialty Mining & Metals,,,Canada,CA,Canada,United States of America,6314051566.33579,10,40442345,315955.8203125,0.022803274555560634,2025-05-26,2025-11-25,2025-11-25,2025-09-17,2026-02-02,2026-02-02T16:29:55Z
OR.N,2026-01-06,21:30:00,EarningsReleases,Preliminary Q4 2025 OR Royalties Inc Earnings Release,OR,OR Royalties Inc,Materials,Metals & Mining,Specialty Mining & Metals,,,Canada,CA,Canada,United States of America,6314051566.33579,10,40442345,315955.8203125,0.022803274555560634,2025-05-26,2025-11-25,2025-11-25,2025-09-17,2026-02-02,2026-02-02T16:29:55Z
ORA.N,2025-11-03,21:05:01,EarningsReleases,Q3 2025 Ormat Technologies Inc Earnings Release,ORA,Ormat Technologies Inc,Utilities,Independent Power and Renewable Electricity Producers,Electric Utilities,,,United States of America,US,United States of America,United States of America,6882322308.16,10,25770125,201329.1015625,0.015540025214949297,2025-05-26,2025-11-25,2025-11-25,2025-09-17,2026-02-02,2026-02-02T16:29:55Z
ORC.N,2025-10-23,20:05:27,EarningsReleases,Q3 2025 Orchid Island Capital Inc Earnings Release,ORC,Orchid Island Capital Inc,Financials,Mortgage Real Estate Investment Trusts (REITs),Specialized REITs,,,United States of America,US,United States of America,United States of America,1212919903.47,2,142311928,1111811.9375,0.01123217771996089,2025-05-26,2025-11-25,2025-11-25,2025-09-17,2026-02-02,2026-02-02T16:29:55Z
ORC.N,2026-01-29,21:00:00,EarningsReleases,Q4 2025 Orchid Island Capital Inc Earnings Release,ORC,Orchid Island Capital Inc,Financials,Mortgage Real Estate Investment Trusts (REITs),Specialized REITs,,,United States of America,US,United States of America,United States of America,1212919903.47,2,142311928,1111811.9375,0.01123217771996089,2025-05-26,2025-11-25,2025-11-25,2025-09-17,2026-02-02,2026-02-02T16:29:55Z
ORCL.N,2025-12-10,22:00:00,EarningsReleases,Q2 2026 Oracle Corp Earnings Release,ORCL,Oracle Corp,Information Technology,Software,Software,,,United States of America,US,United States of America,United States of America,561691666963.15,46,450621620,3520481.40625,0.04032447029584894,2025-05-26,2025-11-25,2025-11-25,2025-09-17,2026-02-02,2026-02-02T16:29:55Z
ORI.N,2025-10-23,11:00:01,EarningsReleases,Q3 2025 Old Republic International Corp Earnings Release,ORI,Old Republic International Corp,Financials,Insurance,Property & Casualty Insurance,,,United States of America,US,United States of America,United States of America,11447037000.0,3,74582032,582672.125,0.012851857668183466,2025-05-26,2025-11-25,2025-11-25,2025-09-17,2026-02-02,2026-02-02T16:29:55Z
ORI.N,2026-01-22,12:00:01,EarningsReleases,Q4 2025 Old Republic International Corp Earnings Release,ORI,Old Republic International Corp,Financials,Insurance,Property & Casualty Insurance,,,United States of America,US,United States of America,United States of America,11447037000.0,3,74582032,582672.125,0.012851857668183466,2025-05-26,2025-11-25,2025-11-25,2025-09-17,2026-02-02,2026-02-02T16:29:55Z
ORN.N,2025-10-28,20:17:14,EarningsReleases,Q3 2025 Orion Group Holdings Inc Earnings Release,ORN,Orion Group Holdings Inc,Industrials,Construction & Engineering,Construction & Engineering,,,United States of America,US,United States of America,United States of America,385842457.26,4,12933938,101046.390625,0.03771296867875456,2025-05-26,2025-11-25,2025-11-25,2025-09-17,2026-02-02,2026-02-02T16:29:55Z
OSCR.N,2025-11-06,11:00:00,EarningsReleases,Q3 2025 Oscar Health Inc Earnings Release,OSCR,Oscar Health Inc,Financials,Insurance,Life & Health Insurance,,,United States of America,US,United States of America,United States of America,4428163320.0,11,475722712,3716583.6875,0.05624668479327262,2025-05-26,2025-11-25,2025-11-25,2025-09-17,2026-02-02,2026-02-02T16:29:55Z
OSG.N,2025-11-10,21:05:00,EarningsReleases,Q3 2025 Ambac Financial Group Inc Earnings Release,OSG,Octave Specialty Group Inc,Financials,Insurance,Property & Casualty Insurance,,,United States of America,US,United States of America,United States of America,384669667.3,2,31979242,249837.828125,0.03806039712416554,2025-05-26,2025-11-25,2025-11-25,2025-09-17,2026-02-02,2026-02-02T16:29:55Z
OSK.N,2025-10-29,11:00:00,EarningsReleases,Q3 2025 Oshkosh Corp Earnings Release,OSK,Oshkosh Corp,Industrials,Machinery,Heavy Machinery & Vehicles,,,United States of America,US,United States of America,United States of America,8076311449.92,18,27917752,218107.4375,0.02090131287643198,2025-05-26,2025-11-25,2025-11-25,2025-09-17,2026-02-02,2026-02-02T16:29:55Z
OSK.N,2026-01-29,12:00:00,EarningsReleases,Q4 2025 Oshkosh Corp Earnings Release,OSK,Oshkosh Corp,Industrials,Machinery,Heavy Machinery & Vehicles,,,United States of America,US,United States of America,United States of America,8076311449.92,18,27917752,218107.4375,0.02090131287643198,2025-05-26,2025-11-25,2025-11-25,2025-09-17,2026-02-02,2026-02-02T16:29:55Z
OTF.N,2025-11-05,21:00:00,EarningsReleases,Q3 2025 Blue Owl Technology Finance Corp Earnings Release,OTF,Blue Owl Technology Finance Corp,Financials,Capital Markets,Investment Management & Fund Operators,,,United States of America,US,United States of America,United States of America,6412824670.4,7,12410384,106986.06896551725,0.015988524096079555,2025-05-26,2025-11-25,2025-11-25,2025-09-17,2026-02-02,2026-02-02T16:29:55Z
OTIS.N,2025-10-29,10:09:41,EarningsReleases,Q3 2025 Otis Worldwide Corp Earnings Release,OTIS,Otis Worldwide Corp,Industrials,Machinery,Heavy Electrical Equipment,,,United States of America,US,United States of America,United States of America,34466469862.44,16,104471810,816186.015625,0.015815421183292235,2025-05-26,2025-11-25,2025-11-25,2025-09-17,2026-02-02,2026-02-02T16:29:55Z
OTIS.N,2026-01-28,13:30:00,EarningsReleases,Q4 2025 Otis Worldwide Corp Earnings Release,OTIS,Otis Worldwide Corp,Industrials,Machinery,Heavy Electrical Equipment,,,United States of America,US,United States of America,United States of America,34466469862.44,16,104471810,816186.015625,0.015815421183292235,2025-05-26,2025-11-25,2025-11-25,2025-09-17,2026-02-02,2026-02-02T16:29:55Z
OUT.N,2025-11-06,21:07:00,EarningsReleases,Q3 2025 OUTFRONT Media Inc Earnings Release,OUT,OUTFRONT Media Inc,Real Estate,Specialized REITs,Specialized REITs,,,United States of America,US,United States of America,United States of America,3901582168.15,6,61818928,482960.375,0.02216037422896356,2025-05-26,2025-11-25,2025-11-25,2025-09-17,2026-02-02,2026-02-02T16:29:55Z
OVV.N,2025-11-04,22:03:00,EarningsReleases,Q3 2025 Ovintiv Inc Earnings Release,OVV,Ovintiv Inc,Energy,"Oil, Gas & Consumable Fuels",Oil & Gas Exploration and Production,,,United States of America,US,United States of America,United States of America,9884681596.8,21,133512158,1043063.734375,0.02144832999721313,2025-05-26,2025-11-25,2025-11-25,2025-09-17,2026-02-02,2026-02-02T16:29:55Z
OWL.N,2025-10-30,11:00:05,EarningsReleases,Q3 2025 Blue Owl Capital Inc Earnings Release,OWL,Blue Owl Capital Inc,Financials,Capital Markets,Investment Management & Fund Operators,,,United States of America,US,United States of America,United States of America,22536672097.15,15,347812206,2717282.859375,0.023328358569396426,2025-05-26,2025-11-25,2025-11-25,2025-09-17,2026-02-02,2026-02-02T16:29:55Z
OWLT.N,2025-11-13,21:16:00,EarningsReleases,Q3 2025 Owlet Inc Earnings Release,OWLT,Owlet Inc,Health Care,Health Care Equipment & Supplies,Advanced Medical Equipment & Technology,,,United States of America,US,United States of America,United States of America,357444666.72,4,3240633,25317.4453125,0.04969608020744353,2025-05-26,2025-11-25,2025-11-25,2025-09-17,2026-02-02,2026-02-02T16:29:55Z
OXM.N,2025-12-10,21:05:00,EarningsReleases,Q3 2025 Oxford Industries Inc Earnings Release,OXM,Oxford Industries Inc,Consumer Discretionary,"Textiles, Apparel & Luxury Goods",Apparel & Accessories,,,United States of America,US,United States of America,United States of America,550084846.0,6,18885439,147542.4921875,0.04212981076628027,2025-05-26,2025-11-25,2025-11-25,2025-09-17,2026-02-02,2026-02-02T16:29:55Z
OXY.N,2025-11-10,21:15:00,EarningsReleases,Q3 2025 Occidental Petroleum Corp Earnings Release,OXY,Occidental Petroleum Corp,Energy,"Oil, Gas & Consumable Fuels",Oil & Gas Exploration and Production,,,United States of America,US,United States of America,United States of America,40797564071.94,26,357380713,2792036.8203125,0.019032825898407088,2025-05-26,2025-11-25,2025-11-25,2025-09-17,2026-02-02,2026-02-02T16:29:55Z
OXY.N,2026-01-20,13:30:00,EarningsReleases,Preliminary Q4 2025 Occidental Petroleum Corp Earnings Release,OXY,Occidental Petroleum Corp,Energy,"Oil, Gas & Consumable Fuels",Oil & Gas Exploration and Production,,,United States of America,US,United States of America,United States of America,40797564071.94,26,357380713,2792036.8203125,0.019032825898407088,2025-05-26,2025-11-25,2025-11-25,2025-09-17,2026-02-02,2026-02-02T16:29:55Z
PAAS.N,2025-11-12,22:01:00,EarningsReleases,Q3 2025 Pan American Silver Corp Earnings Release,PAAS,Pan American Silver Corp,Materials,Metals & Mining,Diversified Mining,,,Canada,CA,Canada,United States of America,16658836982.4163,10,193019111,1507961.8046875,0.027725206591862613,2025-05-26,2025-11-25,2025-11-25,2025-09-17,2026-02-02,2026-02-02T16:29:55Z
PACK.N,2025-10-30,11:30:00,EarningsReleases,Q3 2025 Ranpak Holdings Corp Earnings Release,PACK,Ranpak Holdings Corp,Materials,Containers & Packaging,Paper Packaging,,,United States of America,US,United States of America,United States of America,402472899.9,3,22281116,174071.21875,0.045719015210310764,2025-05-26,2025-11-25,2025-11-25,2025-09-17,2026-02-02,2026-02-02T16:29:55Z
PACS.N,2025-11-19,21:30:00,EarningsReleases,Q3 2025 Pacs Group Inc Earnings Release,PACS,Pacs Group Inc,Health Care,Health Care Providers & Services,Healthcare Facilities & Services,,,United States of America,US,United States of America,United States of America,4977229276.32,4,31189108,243664.90625,0.07391755657384198,2025-05-26,2025-11-25,2025-11-25,2025-09-17,2026-02-02,2026-02-02T16:29:55Z
PAG.N,2025-10-29,10:57:00,EarningsReleases,Q3 2025 Penske Automotive Group Inc Earnings Release,PAG,Penske Automotive Group Inc,Consumer Discretionary,Specialty Retail,"Auto Vehicles, Parts & Service Retailers",,,United States of America,US,United States of America,United States of America,10745481344.32,11,9826366,76768.484375,0.016172984498581438,2025-05-26,2025-11-25,2025-11-25,2025-09-17,2026-02-02,2026-02-02T16:29:55Z
PAGS.N,2025-11-12,21:00:00,EarningsReleases,Q3 2025 PagSeguro Digital Ltd Earnings Release,PAGS,PagSeguro Digital Ltd,Financials,Financial Services,Business Support Services,,,Cayman Islands,KY,Cayman Islands,United States of America,2995641548.2,12,181207677,1415684.9765625,0.031069054216327986,2025-05-26,2025-11-25,2025-11-25,2025-09-17,2026-02-02,2026-02-02T16:29:55Z
PAII.N,2025-11-14,21:00:00,EarningsReleases,Q3 2025 Pyrophyte Acquisition Corp II Earnings Release,PAII,Pyrophyte Acquisition Corp II,,,Investment Holding Companies,,,United States of America,US,United States of America,United States of America,274850059.68,,357245,9401.184210526315,0.002594985907316653,2025-05-26,2025-11-25,2025-11-25,2025-09-17,2026-02-02,2026-02-02T16:29:55Z
PAR.N,2025-11-06,21:00:00,EarningsReleases,Q3 2025 PAR Technology Corp Earnings Release,PAR,PAR Technology Corp,Information Technology,Software,Office Equipment,,,United States of America,US,United States of America,United States of America,1384966011.84,9,26219133,204836.9765625,0.03298281331968478,2025-05-26,2025-11-25,2025-11-25,2025-09-17,2026-02-02,2026-02-02T16:29:55Z
PARR.N,2025-11-04,21:15:01,EarningsReleases,Q3 2025 Par Pacific Holdings Inc Earnings Release,PARR,Par Pacific Holdings Inc,Energy,"Oil, Gas & Consumable Fuels",Oil & Gas Refining and Marketing,,,United States of America,US,United States of America,United States of America,2263096935.0,8,58719830,458748.671875,0.035884631554960994,2025-05-26,2025-11-25,2025-11-25,2025-09-17,2026-02-02,2026-02-02T16:29:55Z
PATH.N,2025-12-03,21:10:00,EarningsReleases,Q3 2026 UiPath Inc Earnings Release,PATH,UiPath Inc,Information Technology,Software,Software,,,United States of America,US,United States of America,United States of America,7227204615.67,21,489472766,3824005.984375,0.03522733283088564,2025-05-26,2025-11-25,2025-11-25,2025-09-17,2026-02-02,2026-02-02T16:29:55Z
PAY.N,2025-11-03,21:00:00,EarningsReleases,Q3 2025 Paymentus Holdings Inc Earnings Release,PAY,Paymentus Holdings Inc,Financials,Financial Services,Financial Technology (Fintech),,,United States of America,US,United States of America,United States of America,4299689219.96,7,29831569,233059.1328125,0.03431121326911702,2025-05-26,2025-11-25,2025-11-25,2025-09-17,2026-02-02,2026-02-02T16:29:55Z
PAYC.N,2025-11-05,21:05:03,EarningsReleases,Q3 2025 Paycom Software Inc Earnings Release,PAYC,Paycom Software Inc,Industrials,Professional Services,Software,,,United States of America,US,United States of America,United States of America,9023271267.78,21,25748117,201157.1640625,0.020789564831579146,2025-05-26,2025-11-25,2025-11-25,2025-09-17,2026-02-02,2026-02-02T16:29:55Z
PB.N,2025-10-29,10:30:01,EarningsReleases,Q3 2025 Prosperity Bancshares Inc Earnings Release,PB,Prosperity Bancshares Inc,Financials,Banks,Banks,,,United States of America,US,United States of America,United States of America,6591483222.48,16,41016012,320437.59375,0.014639164648020252,2025-05-26,2025-11-25,2025-11-25,2025-09-17,2026-02-02,2026-02-02T16:29:55Z
PB.N,2026-01-28,11:45:00,EarningsReleases,Q4 2025 Prosperity Bancshares Inc Earnings Release,PB,Prosperity Bancshares Inc,Financials,Banks,Banks,,,United States of America,US,United States of America,United States of America,6591483222.48,16,41016012,320437.59375,0.014639164648020252,2025-05-26,2025-11-25,2025-11-25,2025-09-17,2026-02-02,2026-02-02T16:29:55Z
PBA.N,2025-11-06,22:01:00,EarningsReleases,Q3 2025 Pembina Pipeline Corp Earnings Release,PBA,Pembina Pipeline Corp,Energy,"Oil, Gas & Consumable Fuels",Oil & Gas Transportation Services,,,Canada,CA,Canada,United States of America,22085921213.8401,13,63399656,495309.8125,0.012337065428556154,2025-05-26,2025-11-25,2025-11-25,2025-09-17,2026-02-02,2026-02-02T16:29:55Z
PBF.N,2025-10-30,10:30:00,EarningsReleases,Q3 2025 PBF Energy Inc Earnings Release,PBF,PBF Energy Inc,Energy,"Oil, Gas & Consumable Fuels",Oil & Gas Refining and Marketing,,,United States of America,US,United States of America,United States of America,3988629425.0,14,121883570,952215.390625,0.040544164185383244,2025-05-26,2025-11-25,2025-11-25,2025-09-17,2026-02-02,2026-02-02T16:29:55Z
PBH.N,2025-11-06,11:00:02,EarningsReleases,Q2 2026 Prestige Consumer Healthcare Inc Earnings Release,PBH,Prestige Consumer Healthcare Inc,Health Care,Pharmaceuticals,Pharmaceuticals,,,United States of America,US,United States of America,United States of America,2837437430.1,8,18618004,145453.15625,0.015513246505909857,2025-05-26,2025-11-25,2025-11-25,2025-09-17,2026-02-02,2026-02-02T16:29:55Z
PBI.N,2025-10-29,20:10:00,EarningsReleases,Q3 2025 Pitney Bowes Inc Earnings Release,PBI,Pitney Bowes Inc,Industrials,Commercial Services & Supplies,Office Equipment,,,United States of America,US,United States of America,United States of America,1593089823.6,3,107570609,840395.3828125,0.024103152726922386,2025-05-26,2025-11-25,2025-11-25,2025-09-17,2026-02-02,2026-02-02T16:29:55Z
PBT.N,2025-11-13,,EarningsReleases,Q3 2025 Permian Basin Royalty Trust Earnings Release,PBT,Permian Basin Royalty Trust,Energy,"Oil, Gas & Consumable Fuels",Oil & Gas Exploration and Production,,,United States of America,US,United States of America,United States of America,834297448.4,,3118100,24360.15625,0.02462924810962041,2025-05-26,2025-11-25,2025-11-25,2025-09-17,2026-02-02,2026-02-02T16:29:55Z
PCF.N,2025-11-06,21:00:00,EarningsReleases,Full Year 2025 High Income Securities Fund Earnings Release,PCF,High Income Securities Fund,,,Investment Management & Fund Operators,,,United States of America,US,United States of America,United States of America,115293332.0,,1323715,10341.5234375,0.005403217864206475,2025-05-26,2025-11-25,2025-11-25,2025-09-17,2026-02-02,2026-02-02T16:29:55Z
PCG.N,2025-10-23,10:00:00,EarningsReleases,Q3 2025 PG&E Corp Earnings Release,PCG,PG&E Corp,Utilities,Electric Utilities,Electric Utilities,,,United States of America,US,United States of America,United States of America,34573130985.25,18,824530713,6441646.1953125,0.018579473823328394,2025-05-26,2025-11-25,2025-11-25,2025-09-17,2026-02-02,2026-02-02T16:29:55Z
PCOR.N,2025-11-05,21:05:02,EarningsReleases,Q3 2025 Procore Technologies Inc Earnings Release,PCOR,Procore Technologies Inc,Information Technology,Software,Software,,,United States of America,US,United States of America,United States of America,11475230366.6,22,47146626,368333.015625,0.0258842503900312,2025-05-26,2025-11-25,2025-11-25,2025-09-17,2026-02-02,2026-02-02T16:29:55Z
PD.N,2025-11-25,21:05:00,EarningsReleases,Q3 2026 PagerDuty Inc Earnings Release,PD,PagerDuty Inc,Information Technology,Software,Software,,,United States of America,US,United States of America,United States of America,1393171884.72,10,67044720,523786.875,0.026735761259354774,2025-05-26,2025-11-25,2025-11-25,2025-09-17,2026-02-02,2026-02-02T16:29:55Z
PDCC.N,2025-11-18,13:00:02,EarningsReleases,Q3 2025 Pearl Diver Credit Company Inc Earnings Release,PDCC,Pearl Diver Credit Company Inc,,,Closed End Funds,,,United States of America,US,United States of America,United States of America,103352137.21,2,63293,514.5772357723578,0.013895107703245674,2025-05-26,2025-11-25,2025-11-25,2025-09-17,2026-02-02,2026-02-02T16:29:55Z
PDCC.N,2026-02-02,13:30:00,EarningsReleases,Q4 2025 Pearl Diver Credit Company Inc Earnings Release,PDCC,Pearl Diver Credit Company Inc,,,Closed End Funds,,,United States of America,US,United States of America,United States of America,103352137.21,2,63293,514.5772357723578,0.013895107703245674,2025-05-26,2025-11-25,2025-11-25,2025-09-17,2026-02-02,2026-02-02T16:29:55Z
PDM.N,2025-10-27,20:15:00,EarningsReleases,Q3 2025 Piedmont Office Realty Trust Inc Earnings Release,PDM,Piedmont Realty Trust Inc,Real Estate,Office REITs,Commercial REITs,,,United States of America,US,United States of America,United States of America,1055923477.44,1,40999929,320311.9453125,0.01775781004530879,2025-05-26,2025-11-25,2025-11-25,2025-09-17,2026-02-02,2026-02-02T16:29:55Z
PDT.N,2025-12-22,21:00:00,EarningsReleases,Full Year 2025 John Hancock Premium Dividend Fund Earnings Release,PDT,John Hancock Premium Dividend Fund,,,Closed End Funds,,,United States of America,US,United States of America,United States of America,639407925.0,,2609199,20384.3671875,0.005355420163952964,2025-05-26,2025-11-25,2025-11-25,2025-09-17,2026-02-02,2026-02-02T16:29:55Z
PEB.N,2025-11-05,21:06:00,EarningsReleases,Q3 2025 Pebblebrook Hotel Trust Earnings Release,PEB,Pebblebrook Hotel Trust,Real Estate,Hotel & Resort REITs,Specialized REITs,,,United States of America,US,United States of America,United States of America,1302941864.63,4,79487380,620995.15625,0.022428006452233702,2025-05-26,2025-11-25,2025-11-25,2025-09-17,2026-02-02,2026-02-02T16:29:55Z
PEG.N,2025-11-03,12:30:00,EarningsReleases,Q3 2025 Public Service Enterprise Group Inc Earnings Release,PEG,Public Service Enterprise Group Inc,Utilities,Multi-Utilities,Multiline Utilities,,,United States of America,US,United States of America,United States of America,41010490668.16,22,114778015,896703.2421875,0.011776472026806293,2025-05-26,2025-11-25,2025-11-25,2025-09-17,2026-02-02,2026-02-02T16:29:55Z
PEN.N,2025-11-05,21:05:00,EarningsReleases,Q3 2025 Penumbra Inc Earnings Release,PEN,Penumbra Inc,Health Care,Health Care Equipment & Supplies,"Medical Equipment, Supplies & Distribution",,,United States of America,US,United States of America,United States of America,11698133891.67,21,16344619,127692.3359375,0.024669441075499888,2025-05-26,2025-11-25,2025-11-25,2025-09-17,2026-02-02,2026-02-02T16:29:55Z
PEN.N,2026-01-15,12:00:00,EarningsReleases,Preliminary Q4 2025 Penumbra Inc Earnings Release,PEN,Penumbra Inc,Health Care,Health Care Equipment & Supplies,"Medical Equipment, Supplies & Distribution",,,United States of America,US,United States of America,United States of America,11698133891.67,21,16344619,127692.3359375,0.024669441075499888,2025-05-26,2025-11-25,2025-11-25,2025-09-17,2026-02-02,2026-02-02T16:29:55Z
PEO.N,2025-10-16,,EarningsReleases,Q3 2025 Adams Natural Resources Fund Inc Earnings Release,PEO,Adams Natural Resources Fund Inc,,,Closed End Funds,,,United States of America,US,United States of America,United States of America,567620393.67,,997447,7792.5546875,0.008935496140312043,2025-05-26,2025-11-25,2025-11-25,2025-09-17,2026-02-02,2026-02-02T16:29:55Z
PERF.N,2025-10-28,11:00:01,EarningsReleases,Q3 2025 Perfect Corp Earnings Release,PERF,Perfect Corp,Information Technology,Software,Software,,,Taiwan,TW,Taiwan,United States of America,173142740.7,4,3477313,27166.5078125,0.03734946662109016,2025-05-26,2025-11-25,2025-11-25,2025-09-17,2026-02-02,2026-02-02T16:29:55Z
PFE.N,2025-11-04,13:30:00,EarningsReleases,Q3 2025 Pfizer Inc Earnings Release,PFE,Pfizer Inc,Health Care,Pharmaceuticals,Pharmaceuticals,,,United States of America,US,United States of America,United States of America,146236398237.44,25,1213565261,9480978.6015625,0.01682552176307763,2025-05-26,2025-11-25,2025-11-25,2025-09-17,2026-02-02,2026-02-02T16:29:55Z
PFGC.N,2025-11-05,12:00:00,EarningsReleases,Q1 2026 Performance Food Group Co Earnings Release,PFGC,Performance Food Group Co,Consumer Staples,Consumer Staples Distribution & Retail,Food Retail & Distribution,,,United States of America,US,United States of America,United States of America,15146484409.42,16,50508910,394600.859375,0.014121852490847152,2025-05-26,2025-11-25,2025-11-25,2025-09-17,2026-02-02,2026-02-02T16:29:55Z
PFLT.N,2025-11-24,21:05:00,EarningsReleases,Q4 2025 PennantPark Floating Rate Capital Ltd Earnings Release,PFLT,PennantPark Floating Rate Capital Ltd,Financials,Capital Markets,Closed End Funds,,,United States of America,US,United States of America,United States of America,902882853.6,8,26173381,204479.5390625,0.011363159744904964,2025-05-26,2025-11-25,2025-11-25,2025-09-17,2026-02-02,2026-02-02T16:29:55Z
PFO.N,2026-02-02,,EarningsReleases,Full Year 2025 Flaherty & Crumrine Preferred and Income Opportunity Fund Inc Earnings Release,PFO,Flaherty & Crumrine Preferred and Income Opportunity Fund Inc,,,Closed End Funds,,,United States of America,US,United States of America,United States of America,123973050.48,,818737,6396.3828125,0.004864551626664556,2025-05-26,2025-11-25,2025-11-25,2025-09-17,2026-02-02,2026-02-02T16:29:55Z
PFS.N,2025-10-29,21:20:00,EarningsReleases,Q3 2025 Provident Financial Services Inc Earnings Release,PFS,Provident Financial Services Inc,Financials,Banks,Banks,,,United States of America,US,United States of America,United States of America,2540605368.8,6,37185201,290509.3828125,0.018051214364719053,2025-05-26,2025-11-25,2025-11-25,2025-09-17,2026-02-02,2026-02-02T16:29:55Z
PFS.N,2026-01-27,22:15:00,EarningsReleases,Q4 2025 Provident Financial Services Inc Earnings Release,PFS,Provident Financial Services Inc,Financials,Banks,Banks,,,United States of America,US,United States of America,United States of America,2540605368.8,6,37185201,290509.3828125,0.018051214364719053,2025-05-26,2025-11-25,2025-11-25,2025-09-17,2026-02-02,2026-02-02T16:29:55Z
PFSI.N,2025-10-21,20:15:00,EarningsReleases,Q3 2025 PennyMac Financial Services Inc Earnings Release,PFSI,PennyMac Financial Services Inc,Financials,Financial Services,Banks,,,United States of America,US,United States of America,United States of America,6946744564.32,8,16650175,130079.4921875,0.0193484479195497,2025-05-26,2025-11-25,2025-11-25,2025-09-17,2026-02-02,2026-02-02T16:29:55Z
PFSI.N,2026-01-29,21:16:00,EarningsReleases,Q4 2025 PennyMac Financial Services Inc Earnings Release,PFSI,PennyMac Financial Services Inc,Financials,Financial Services,Banks,,,United States of America,US,United States of America,United States of America,6946744564.32,8,16650175,130079.4921875,0.0193484479195497,2025-05-26,2025-11-25,2025-11-25,2025-09-17,2026-02-02,2026-02-02T16:29:55Z
PG.N,2025-10-24,11:00:00,EarningsReleases,Q1 2026 Procter & Gamble Co Earnings Release,PG,Procter & Gamble Co,Consumer Staples,Household Products,Personal Products,,,United States of America,US,United States of America,United States of America,346981564691.01,26,297946138,2327704.203125,0.009573152789454201,2025-05-26,2025-11-25,2025-11-25,2025-09-17,2026-02-02,2026-02-02T16:29:55Z
PG.N,2026-01-22,12:00:01,EarningsReleases,Q2 2026 Procter & Gamble Co Earnings Release,PG,Procter & Gamble Co,Consumer Staples,Household Products,Personal Products,,,United States of America,US,United States of America,United States of America,346981564691.01,26,297946138,2327704.203125,0.009573152789454201,2025-05-26,2025-11-25,2025-11-25,2025-09-17,2026-02-02,2026-02-02T16:29:55Z
PGR.N,2025-09-17,12:19:18,EarningsReleases,August 2025 Progressive Corp Earnings Release,PGR,Progressive Corp,Financials,Insurance,Property & Casualty Insurance,,,United States of America,US,United States of America,United States of America,132744183000.0,25,124367554,971621.515625,0.013872500593846522,2025-05-26,2025-11-25,2025-11-25,2025-09-17,2026-02-02,2026-02-02T16:29:55Z
PGR.N,2025-10-15,12:19:18,EarningsReleases,September 2025 Progressive Corp Earnings Release,PGR,Progressive Corp,Financials,Insurance,Property & Casualty Insurance,,,United States of America,US,United States of America,United States of America,132744183000.0,25,124367554,971621.515625,0.013872500593846522,2025-05-26,2025-11-25,2025-11-25,2025-09-17,2026-02-02,2026-02-02T16:29:55Z
PGR.N,2025-11-03,21:00:00,EarningsReleases,Q3 2025 Progressive Corp Earnings Release,PGR,Progressive Corp,Financials,Insurance,Property & Casualty Insurance,,,United States of America,US,United States of America,United States of America,132744183000.0,25,124367554,971621.515625,0.013872500593846522,2025-05-26,2025-11-25,2025-11-25,2025-09-17,2026-02-02,2026-02-02T16:29:55Z
PGR.N,2025-11-19,13:30:00,EarningsReleases,October 2025 Progressive Corp Earnings Release,PGR,Progressive Corp,Financials,Insurance,Property & Casualty Insurance,,,United States of America,US,United States of America,United States of America,132744183000.0,25,124367554,971621.515625,0.013872500593846522,2025-05-26,2025-11-25,2025-11-25,2025-09-17,2026-02-02,2026-02-02T16:29:55Z
PGR.N,2025-12-17,13:19:30,EarningsReleases,November 2025 Progressive Corp Earnings Release,PGR,Progressive Corp,Financials,Insurance,Property & Casualty Insurance,,,United States of America,US,United States of America,United States of America,132744183000.0,25,124367554,971621.515625,0.013872500593846522,2025-05-26,2025-11-25,2025-11-25,2025-09-17,2026-02-02,2026-02-02T16:29:55Z
PGR.N,2026-01-28,13:03:00,EarningsReleases,December 2025 Progressive Corp Earnings Release,PGR,Progressive Corp,Financials,Insurance,Property & Casualty Insurance,,,United States of America,US,United States of America,United States of America,132744183000.0,25,124367554,971621.515625,0.013872500593846522,2025-05-26,2025-11-25,2025-11-25,2025-09-17,2026-02-02,2026-02-02T16:29:55Z
PH.N,2025-11-06,12:30:02,EarningsReleases,Q1 2026 Parker-Hannifin Corp Earnings Release,PH,Parker-Hannifin Corp,Industrials,Machinery,Industrial Machinery & Equipment,,,United States of America,US,United States of America,United States of America,107516115015.96,25,21885958,170984.046875,0.014123797222814007,2025-05-26,2025-11-25,2025-11-25,2025-09-17,2026-02-02,2026-02-02T16:29:55Z
PH.N,2026-01-29,12:30:00,EarningsReleases,Q2 2026 Parker-Hannifin Corp Earnings Release,PH,Parker-Hannifin Corp,Industrials,Machinery,Industrial Machinery & Equipment,,,United States of America,US,United States of America,United States of America,107516115015.96,25,21885958,170984.046875,0.014123797222814007,2025-05-26,2025-11-25,2025-11-25,2025-09-17,2026-02-02,2026-02-02T16:29:55Z
PHIN.N,2025-10-28,11:30:00,EarningsReleases,Q3 2025 Phinia Inc Earnings Release,PHIN,Phinia Inc,Consumer Discretionary,Automobile Components,"Auto, Truck & Motorcycle Parts",,,United States of America,US,United States of America,United States of America,2110887229.34,5,20074108,156828.96875,0.01677142713341443,2025-05-26,2025-11-25,2025-11-25,2025-09-17,2026-02-02,2026-02-02T16:29:55Z
PHM.N,2025-10-21,10:30:00,EarningsReleases,Q3 2025 Pultegroup Inc Earnings Release,PHM,Pultegroup Inc,Consumer Discretionary,Household Durables,Homebuilding,,,United States of America,US,United States of America,United States of America,24503000607.67,17,81870935,639616.6796875,0.021823841582695954,2025-05-26,2025-11-25,2025-11-25,2025-09-17,2026-02-02,2026-02-02T16:29:55Z
PHM.N,2026-01-29,11:30:00,EarningsReleases,Q4 2025 Pultegroup Inc Earnings Release,PHM,Pultegroup Inc,Consumer Discretionary,Household Durables,Homebuilding,,,United States of America,US,United States of America,United States of America,24503000607.67,17,81870935,639616.6796875,0.021823841582695954,2025-05-26,2025-11-25,2025-11-25,2025-09-17,2026-02-02,2026-02-02T16:29:55Z
PHR.N,2025-12-08,21:03:00,EarningsReleases,Q3 2026 Phreesia Inc Earnings Release,PHR,Phreesia Inc,Health Care,Health Care Technology,Software,,,United States of America,US,United States of America,United States of America,1269984006.06,17,28053512,219168.0625,0.027432485804343088,2025-05-26,2025-11-25,2025-11-25,2025-09-17,2026-02-02,2026-02-02T16:29:55Z
PII.N,2025-10-28,13:30:00,EarningsReleases,Q3 2025 Polaris Inc Earnings Release,PII,Polaris Inc,Consumer Discretionary,Leisure Products,Auto & Truck Manufacturers,,,United States of America,US,United States of America,United States of America,3760763544.38,18,56114851,438397.2734375,0.036582775120234806,2025-05-26,2025-11-25,2025-11-25,2025-09-17,2026-02-02,2026-02-02T16:29:55Z
PII.N,2026-01-27,14:30:00,EarningsReleases,Q4 2025 Polaris Inc Earnings Release,PII,Polaris Inc,Consumer Discretionary,Leisure Products,Auto & Truck Manufacturers,,,United States of America,US,United States of America,United States of America,3760763544.38,18,56114851,438397.2734375,0.036582775120234806,2025-05-26,2025-11-25,2025-11-25,2025-09-17,2026-02-02,2026-02-02T16:29:55Z
PIM.N,2025-11-21,,EarningsReleases,Full Year 2025 Putnam Master Intermediate Income Trust Earnings Release,PIM,Putnam Master Intermediate Income Trust,,,Investment Management & Fund Operators,,,United States of America,US,United States of America,United States of America,160935698.94,,1477035,11539.3359375,0.006507158789266876,2025-05-26,2025-11-25,2025-11-25,2025-09-17,2026-02-02,2026-02-02T16:29:55Z
PINE.N,2025-10-23,20:01:45,EarningsReleases,Q3 2025 Alpine Income Property Trust Inc Earnings Release,PINE,Alpine Income Property Trust Inc,Real Estate,Diversified REITs,Commercial REITs,,,United States of America,US,United States of America,United States of America,246323472.18,5,3185875,24889.6484375,0.013379336921656677,2025-05-26,2025-11-25,2025-11-25,2025-09-17,2026-02-02,2026-02-02T16:29:55Z
PINS.N,2025-11-04,21:06:00,EarningsReleases,Q3 2025 Pinterest Inc Earnings Release,PINS,Pinterest Inc,Communication Services,Interactive Media & Services,Online Services,,,United States of America,US,United States of America,United States of America,17233479350.45,38,283163895,2212217.9296875,0.0311697463974107,2025-05-26,2025-11-25,2025-11-25,2025-09-17,2026-02-02,2026-02-02T16:29:55Z
PIPR.N,2025-10-31,12:30:00,EarningsReleases,Q3 2025 Piper Sandler Companies Earnings Release,PIPR,Piper Sandler Companies,Financials,Capital Markets,Investment Banking & Brokerage Services,,,United States of America,US,United States of America,United States of America,5917877780.38,4,5885981,45984.2265625,0.018894549075409217,2025-05-26,2025-11-25,2025-11-25,2025-09-17,2026-02-02,2026-02-02T16:29:55Z
PJT.N,2025-11-04,11:50:00,EarningsReleases,Q3 2025 PJT Partners Inc Earnings Release,PJT,PJT Partners Inc,Financials,Capital Markets,Investment Banking & Brokerage Services,,,United States of America,US,United States of America,United States of America,6755240941.96,6,9464524,73941.59375,0.017623631250083944,2025-05-26,2025-11-25,2025-11-25,2025-09-17,2026-02-02,2026-02-02T16:29:55Z
PK.N,2025-10-30,20:10:00,EarningsReleases,Q3 2025 Park Hotels & Resorts Inc Earnings Release,PK,Park Hotels & Resorts Inc,Real Estate,Hotel & Resort REITs,Specialized REITs,,,United States of America,US,United States of America,United States of America,2164898350.74,8,150892187,1178845.2109375,0.020592262153164977,2025-05-26,2025-11-25,2025-11-25,2025-09-17,2026-02-02,2026-02-02T16:29:55Z
PKE.N,2025-10-09,20:10:22,EarningsReleases,Q2 2026 Park Aerospace Corp Earnings Release,PKE,Park Aerospace Corp,Industrials,Aerospace & Defense,Aerospace & Defense,,,United States of America,US,United States of America,United States of America,390552247.26,,4766501,37238.2890625,0.024939173711667397,2025-05-26,2025-11-25,2025-11-25,2025-09-17,2026-02-02,2026-02-02T16:29:55Z
PKE.N,2026-01-13,21:00:00,EarningsReleases,Q3 2026 Park Aerospace Corp Earnings Release,PKE,Park Aerospace Corp,Industrials,Aerospace & Defense,Aerospace & Defense,,,United States of America,US,United States of America,United States of America,390552247.26,,4766501,37238.2890625,0.024939173711667397,2025-05-26,2025-11-25,2025-11-25,2025-09-17,2026-02-02,2026-02-02T16:29:55Z
PKG.N,2025-10-22,21:09:00,EarningsReleases,Q3 2025 Packaging Corp of America Earnings Release,PKG,Packaging Corp of America,Materials,Containers & Packaging,Paper Packaging,,,United States of America,US,United States of America,United States of America,18108784504.42,13,29775901,232624.2265625,0.015084093431485757,2025-05-26,2025-11-25,2025-11-25,2025-09-17,2026-02-02,2026-02-02T16:29:55Z
PKG.N,2026-01-27,22:23:00,EarningsReleases,Q4 2025 Packaging Corp of America Earnings Release,PKG,Packaging Corp of America,Materials,Containers & Packaging,Paper Packaging,,,United States of America,US,United States of America,United States of America,18108784504.42,13,29775901,232624.2265625,0.015084093431485757,2025-05-26,2025-11-25,2025-11-25,2025-09-17,2026-02-02,2026-02-02T16:29:55Z
PKST.N,2025-11-05,21:06:00,EarningsReleases,Q3 2025 Peakstone Realty Trust Earnings Release,PKST,Peakstone Realty Trust,Real Estate,Office REITs,Commercial REITs,,,United States of America,US,United States of America,United States of America,491893891.79,3,7451174,58212.296875,0.023477950415747715,2025-05-26,2025-11-25,2025-11-25,2025-09-17,2026-02-02,2026-02-02T16:29:55Z
PL.N,2025-12-10,21:05:00,EarningsReleases,Q3 2026 Planet Labs PBC Earnings Release,PL,Planet Labs PBC,Industrials,Professional Services,Aerospace & Defense,,,United States of America,US,United States of America,United States of America,3611936825.19,11,317812025,2482906.4453125,0.0621428881525276,2025-05-26,2025-11-25,2025-11-25,2025-09-17,2026-02-02,2026-02-02T16:29:55Z
PLD.N,2025-10-15,12:00:49,EarningsReleases,Q3 2025 Prologis Inc Earnings Release,PLD,Prologis Inc,Real Estate,Industrial REITs,Commercial REITs,,,United States of America,US,United States of America,United States of America,118328367130.0,10,149370832,1166959.625,0.014064667043487073,2025-05-26,2025-11-25,2025-11-25,2025-09-17,2026-02-02,2026-02-02T16:29:55Z
PLD.N,2026-01-21,13:00:03,EarningsReleases,Q4 2025 Prologis Inc Earnings Release,PLD,Prologis Inc,Real Estate,Industrial REITs,Commercial REITs,,,United States of America,US,United States of America,United States of America,118328367130.0,10,149370832,1166959.625,0.014064667043487073,2025-05-26,2025-11-25,2025-11-25,2025-09-17,2026-02-02,2026-02-02T16:29:55Z
PLNT.N,2025-11-06,11:30:00,EarningsReleases,Q3 2025 Planet Fitness Inc Earnings Release,PLNT,Planet Fitness Inc,Consumer Discretionary,"Hotels, Restaurants & Leisure",Leisure & Recreation,,,United States of America,US,United States of America,United States of America,9302032049.31,16,46320164,361876.28125,0.019692065265346843,2025-05-26,2025-11-25,2025-11-25,2025-09-17,2026-02-02,2026-02-02T16:29:55Z
PLOW.N,2025-11-03,23:00:00,EarningsReleases,Q3 2025 Douglas Dynamics Inc Earnings Release,PLOW,Douglas Dynamics Inc,Industrials,Machinery,Heavy Machinery & Vehicles,,,United States of America,US,United States of America,United States of America,748828535.0,4,7913133,61821.3515625,0.01600869738967066,2025-05-26,2025-11-25,2025-11-25,2025-09-17,2026-02-02,2026-02-02T16:29:55Z
PM.N,2025-10-21,10:59:00,EarningsReleases,Q3 2025 Philip Morris International Inc Earnings Release,PM,Philip Morris International Inc,Consumer Staples,Tobacco,Tobacco,,,United States of America,US,United States of America,United States of America,245030505480.09,20,221593729,1731201.0078125,0.016154837514098994,2025-05-26,2025-11-25,2025-11-25,2025-09-17,2026-02-02,2026-02-02T16:29:55Z
PMM.N,2025-12-30,21:00:00,EarningsReleases,Full Year 2025 Putnam Managed Municipal Income Trust Earnings Release,PMM,Putnam Managed Municipal Income Trust,,,Investment Management & Fund Operators,,,United States of America,US,United States of America,United States of America,260855387.73,,2081715,16263.3984375,0.005636782770910457,2025-05-26,2025-11-25,2025-11-25,2025-09-17,2026-02-02,2026-02-02T16:29:55Z
PMO.N,2025-12-30,,EarningsReleases,Half Year 2026 Putnam Municipal Opportunities Trust Earnings Release,PMO,Putnam Municipal Opportunities Trust,,,Investment Management & Fund Operators,,,United States of America,US,United States of America,United States of America,283310437.08,,1489387,11635.8359375,0.004976396067733594,2025-05-26,2025-11-25,2025-11-25,2025-09-17,2026-02-02,2026-02-02T16:29:55Z
PMT.N,2025-10-21,20:15:00,EarningsReleases,Q3 2025 PennyMac Mortgage Investment Trust Earnings Release,PMT,PennyMac Mortgage Investment Trust,Financials,Mortgage Real Estate Investment Trusts (REITs),Specialized REITs,,,United States of America,US,United States of America,United States of America,1115552863.28,8,38995609,304653.1953125,0.014838272618964901,2025-05-26,2025-11-25,2025-11-25,2025-09-17,2026-02-02,2026-02-02T16:29:55Z
PMT.N,2026-01-29,21:16:00,EarningsReleases,Q4 2025 PennyMac Mortgage Investment Trust Earnings Release,PMT,PennyMac Mortgage Investment Trust,Financials,Mortgage Real Estate Investment Trusts (REITs),Specialized REITs,,,United States of America,US,United States of America,United States of America,1115552863.28,8,38995609,304653.1953125,0.014838272618964901,2025-05-26,2025-11-25,2025-11-25,2025-09-17,2026-02-02,2026-02-02T16:29:55Z
PNC.N,2025-10-15,10:32:30,EarningsReleases,Q3 2025 PNC Financial Services Group Inc Earnings Release,PNC,PNC Financial Services Group Inc,Financials,Banks,Banks,,,United States of America,US,United States of America,United States of America,75525796078.09,25,74236901,579975.7890625,0.012468611285621812,2025-05-26,2025-11-25,2025-11-25,2025-09-17,2026-02-02,2026-02-02T16:29:55Z
PNC.N,2026-01-16,11:34:19,EarningsReleases,Q4 2025 PNC Financial Services Group Inc Earnings Release,PNC,PNC Financial Services Group Inc,Financials,Banks,Banks,,,United States of America,US,United States of America,United States of America,75525796078.09,25,74236901,579975.7890625,0.012468611285621812,2025-05-26,2025-11-25,2025-11-25,2025-09-17,2026-02-02,2026-02-02T16:29:55Z
PNFP.N,2025-10-15,20:35:00,EarningsReleases,Q3 2025 Synovus Financial Corp Earnings Release,PNFP,Pinnacle Financial Partners Inc,Financials,Banks,Banks,,,United States of America,US,United States of America,United States of America,7195123636.75,14,,,,,,2025-11-25,2025-09-17,2026-02-02,2026-02-02T16:29:55Z
PNFP.N,2025-10-15,21:45:00,EarningsReleases,Q3 2025 Pinnacle Financial Partners Inc Earnings Release,PNFP,Pinnacle Financial Partners Inc,Financials,Banks,Banks,,,United States of America,US,United States of America,United States of America,7195123636.75,14,,,,,,2025-11-25,2025-09-17,2026-02-02,2026-02-02T16:29:55Z
PNFP.N,2026-01-21,21:00:00,EarningsReleases,Q4 2025 Pinnacle Financial Partners Inc Earnings Release,PNFP,Pinnacle Financial Partners Inc,Financials,Banks,Banks,,,United States of America,US,United States of America,United States of America,7195123636.75,14,,,,,,2025-11-25,2025-09-17,2026-02-02,2026-02-02T16:29:55Z
PNNT.N,2025-11-24,21:05:01,EarningsReleases,Q4 2025 Pennantpark Investment Corp Earnings Release,PNNT,Pennantpark Investment Corp,Financials,Capital Markets,Closed End Funds,,,United States of America,US,United States of America,United States of America,393735446.82,8,10456642,81692.515625,0.012251298037933454,2025-05-26,2025-11-25,2025-11-25,2025-09-17,2026-02-02,2026-02-02T16:29:55Z
PNNT.N,2026-01-16,21:00:00,EarningsReleases,Preliminary Q4 2025 Pennantpark Investment Corp Earnings Release,PNNT,Pennantpark Investment Corp,Financials,Capital Markets,Closed End Funds,,,United States of America,US,United States of America,United States of America,393735446.82,8,10456642,81692.515625,0.012251298037933454,2025-05-26,2025-11-25,2025-11-25,2025-09-17,2026-02-02,2026-02-02T16:29:55Z
PNR.N,2025-10-21,10:50:00,EarningsReleases,Q3 2025 Pentair PLC Earnings Release,PNR,Pentair PLC,Industrials,Machinery,Industrial Machinery & Equipment,,,United Kingdom,GB,United States of America,United States of America,17350948536.4,21,53244562,415973.140625,0.012873014989299164,2025-05-26,2025-11-25,2025-11-25,2025-09-17,2026-02-02,2026-02-02T16:29:55Z
PNW.N,2025-11-03,13:31:00,EarningsReleases,Q3 2025 Pinnacle West Capital Corp Earnings Release,PNW,Pinnacle West Capital Corp,Utilities,Electric Utilities,Electric Utilities,,,United States of America,US,United States of America,United States of America,10712290710.5,18,48844388,381596.78125,0.009330043531197879,2025-05-26,2025-11-25,2025-11-25,2025-09-17,2026-02-02,2026-02-02T16:29:55Z
POR.N,2025-10-31,09:00:00,EarningsReleases,Q3 2025 Portland General Electric Co Earnings Release,POR,Portland General Electric Co,Utilities,Electric Utilities,Electric Utilities,,,United States of America,US,United States of America,United States of America,5660444064.64,15,57065482,445824.078125,0.011271321010101441,2025-05-26,2025-11-25,2025-11-25,2025-09-17,2026-02-02,2026-02-02T16:29:55Z
POST.N,2025-11-20,22:00:00,EarningsReleases,Q4 2025 Post Holdings Inc Earnings Release,POST,Post Holdings Inc,Consumer Staples,Food Products,Food Processing,,,United States of America,US,United States of America,United States of America,5268677693.96,10,27690187,216329.5859375,0.015125855748495334,2025-05-26,2025-11-25,2025-11-25,2025-09-17,2026-02-02,2026-02-02T16:29:55Z
PPG.N,2025-10-28,20:00:00,EarningsReleases,Q3 2025 PPG Industries Inc Earnings Release,PPG,PPG Industries Inc,Materials,Chemicals,Commodity Chemicals,,,United States of America,US,United States of America,United States of America,22350240000.0,25,75630182,590860.796875,0.015720827322264472,2025-05-26,2025-11-25,2025-11-25,2025-09-17,2026-02-02,2026-02-02T16:29:55Z
PPG.N,2026-01-27,21:05:00,EarningsReleases,Q4 2025 PPG Industries Inc Earnings Release,PPG,PPG Industries Inc,Materials,Chemicals,Commodity Chemicals,,,United States of America,US,United States of America,United States of America,22350240000.0,25,75630182,590860.796875,0.015720827322264472,2025-05-26,2025-11-25,2025-11-25,2025-09-17,2026-02-02,2026-02-02T16:29:55Z
PPL.N,2025-11-05,12:30:00,EarningsReleases,Q3 2025 PPL Corp Earnings Release,PPL,PPL Corp,Utilities,Electric Utilities,Multiline Utilities,,,United States of America,US,United States of America,United States of America,26933903434.57,17,260599127,2035930.6796875,0.009413627147123413,2025-05-26,2025-11-25,2025-11-25,2025-09-17,2026-02-02,2026-02-02T16:29:55Z
PRA.N,2025-11-04,21:15:01,EarningsReleases,Q3 2025 ProAssurance Corp Earnings Release,PRA,ProAssurance Corp,Financials,Insurance,Property & Casualty Insurance,,,United States of America,US,United States of America,United States of America,1235469841.29,4,15857982,123890.484375,0.0033516263734404118,2025-05-26,2025-11-25,2025-11-25,2025-09-17,2026-02-02,2026-02-02T16:29:55Z
PRG.N,2025-10-22,11:30:00,EarningsReleases,Q3 2025 PROG Holdings Inc Earnings Release,PRG,PROG Holdings Inc,Financials,Consumer Finance,Financial Technology (Fintech),,,United States of America,US,United States of America,United States of America,1154335859.67,7,18517923,144671.2734375,0.024114088296363686,2025-05-26,2025-11-25,2025-11-25,2025-09-17,2026-02-02,2026-02-02T16:29:55Z
PRGO.N,2025-11-05,11:35:00,EarningsReleases,Q3 2025 Perrigo Company PLC Earnings Release,PRGO,Perrigo Company PLC,Health Care,Pharmaceuticals,Pharmaceuticals,,,Ireland,IE,United States of America,United States of America,1778102196.28,5,78676582,614660.796875,0.032310260781339244,2025-05-26,2025-11-25,2025-11-25,2025-09-17,2026-02-02,2026-02-02T16:29:55Z
PRI.N,2025-11-05,21:15:01,EarningsReleases,Q3 2025 Primerica Inc Earnings Release,PRI,Primerica Inc,Financials,Insurance,Life & Health Insurance,,,United States of America,US,United States of America,United States of America,8302324167.54,9,8575810,66998.515625,0.013973226826036569,2025-05-26,2025-11-25,2025-11-25,2025-09-17,2026-02-02,2026-02-02T16:29:55Z
PRIM.N,2025-11-03,21:18:00,EarningsReleases,Q3 2025 Primoris Services Corp Earnings Release,PRIM,Primoris Services Corp,Industrials,Construction & Engineering,Construction & Engineering,,,United States of America,US,United States of America,United States of America,6708116376.65,14,30456032,237937.75,0.026966594071167978,2025-05-26,2025-11-25,2025-11-25,2025-09-17,2026-02-02,2026-02-02T16:29:55Z
PRKS.N,2025-11-06,11:30:00,EarningsReleases,Q3 2025 United Parks & Resorts Inc Earnings Release,PRKS,United Parks & Resorts Inc,Consumer Discretionary,"Hotels, Restaurants & Leisure",Leisure & Recreation,,,United States of America,US,United States of America,United States of America,1920727013.31,13,42175076,329492.78125,0.03534321844649322,2025-05-26,2025-11-25,2025-11-25,2025-09-17,2026-02-02,2026-02-02T16:29:55Z
PRLB.N,2025-10-31,10:00:00,EarningsReleases,Q3 2025 Proto Labs Inc Earnings Release,PRLB,Proto Labs Inc,Industrials,Machinery,Industrial Machinery & Equipment,,,United States of America,US,United States of America,United States of America,1202406671.1,5,8974699,70114.8359375,0.024133235186022235,2025-05-26,2025-11-25,2025-11-25,2025-09-17,2026-02-02,2026-02-02T16:29:55Z
PRM.N,2025-10-30,12:30:00,EarningsReleases,Q3 2025 Perimeter Solutions Inc Earnings Release,PRM,Perimeter Solutions Inc,Materials,Chemicals,Specialty Chemicals,,,United States of America,US,United States of America,United States of America,4047192869.76,2,45954197,359017.1640625,0.02987991815160991,2025-05-26,2025-11-25,2025-11-25,2025-09-17,2026-02-02,2026-02-02T16:29:55Z
PRMB.N,2025-11-06,11:00:00,EarningsReleases,Q3 2025 Primo Brands Corp Earnings Release,PRMB,Primo Brands Corp,Consumer Staples,Beverages,Non-Alcoholic Beverages,,,United States of America,US,United States of America,United States of America,5732024462.64,14,226596780,1770287.34375,0.03456619127811679,2025-05-26,2025-11-25,2025-11-25,2025-09-17,2026-02-02,2026-02-02T16:29:55Z
PRSU.N,2025-11-05,21:10:00,EarningsReleases,Q3 2025 Pursuit Attractions and Hospitality Inc  Earnings Release,PRSU,Pursuit Attractions and Hospitality Inc,Consumer Discretionary,"Hotels, Restaurants & Leisure",Leisure & Recreation,,,United States of America,US,United States of America,United States of America,966439130.88,4,10742416,83925.125,0.028352074636352625,2025-05-26,2025-11-25,2025-11-25,2025-09-17,2026-02-02,2026-02-02T16:29:55Z
PRT.N,2025-11-13,21:00:00,EarningsReleases,Q3 2025 PermRock Royalty Trust Earnings Release,PRT,PermRock Royalty Trust,Energy,"Oil, Gas & Consumable Fuels",Oil & Gas Exploration and Production,,,United States of America,US,United States of America,United States of America,47446354.8,,482662,3770.796875,0.011149949653026604,2025-05-26,2025-11-25,2025-11-25,2025-09-17,2026-02-02,2026-02-02T16:29:55Z
PRU.N,2025-10-29,20:18:00,EarningsReleases,Q3 2025 Prudential Financial Inc Earnings Release,PRU,Prudential Financial Inc,Financials,Insurance,Life & Health Insurance,,,United States of America,US,United States of America,United States of America,37922500000.0,17,73125893,571296.0390625,0.01298442145993483,2025-05-26,2025-11-25,2025-11-25,2025-09-17,2026-02-02,2026-02-02T16:29:55Z
PSA.N,2025-10-29,20:05:00,EarningsReleases,Q3 2025 Public Storage Earnings Release,PSA,Public Storage,Real Estate,Specialized REITs,Specialized REITs,,,United States of America,US,United States of America,United States of America,47783842602.62,10,36467357,284901.2265625,0.012717093856051206,2025-05-26,2025-11-25,2025-11-25,2025-09-17,2026-02-02,2026-02-02T16:29:55Z
PSBD.N,2025-11-05,12:00:01,EarningsReleases,Q3 2025 Palmer Square Capital BDC Inc Earnings Release,PSBD,Palmer Square Capital BDC Inc,Financials,Capital Markets,Closed End Funds,,,United States of America,US,United States of America,United States of America,390024165.72,6,3014630,23551.796875,0.014742369963726952,2025-05-26,2025-11-25,2025-11-25,2025-09-17,2026-02-02,2026-02-02T16:29:55Z
PSFE.N,2025-11-13,11:55:00,EarningsReleases,Q3 2025 Paysafe Ltd Earnings Release,PSFE,Paysafe Ltd,Financials,Financial Services,Financial Technology (Fintech),,,United Kingdom,GB,United States of America,United States of America,410285298.78,7,17035737,133091.6953125,0.043449594568379844,2025-05-26,2025-11-25,2025-11-25,2025-09-17,2026-02-02,2026-02-02T16:29:55Z
PSN.N,2025-11-05,11:30:01,EarningsReleases,Q3 2025 Parsons Corp Earnings Release,PSN,Parsons Corp,Industrials,Professional Services,Aerospace & Defense,,,United States of America,US,United States of America,United States of America,8967403490.22,12,38168764,298193.46875,0.019450939691217934,2025-05-26,2025-11-25,2025-11-25,2025-09-17,2026-02-02,2026-02-02T16:29:55Z
PSQH.N,2025-11-06,11:59:00,EarningsReleases,Q3 2025 PSQ Holdings Inc Earnings Release,PSQH,PSQ Holdings Inc,Communication Services,Interactive Media & Services,Software,,,United States of America,US,United States of America,United States of America,59185798.4,2,25931511,202589.9296875,0.06499946089188492,2025-05-26,2025-11-25,2025-11-25,2025-09-17,2026-02-02,2026-02-02T16:29:55Z
PSQH.N,2026-01-07,11:30:00,EarningsReleases,Preliminary Q4 2025 PSQ Holdings Inc Earnings Release,PSQH,PSQ Holdings Inc,Communication Services,Interactive Media & Services,Software,,,United States of America,US,United States of America,United States of America,59185798.4,2,25931511,202589.9296875,0.06499946089188492,2025-05-26,2025-11-25,2025-11-25,2025-09-17,2026-02-02,2026-02-02T16:29:55Z
PSTG.N,2025-12-02,21:05:00,EarningsReleases,Q3 2026 Pure Storage Inc Earnings Release,PSTG,Pure Storage Inc,Information Technology,"Technology Hardware, Storage & Peripherals",Computer Hardware,,,United States of America,US,United States of America,United States of America,27326132458.5,20,97805998,764109.359375,0.0349995274333948,2025-05-26,2025-11-25,2025-11-25,2025-09-17,2026-02-02,2026-02-02T16:29:55Z
PSTL.N,2025-11-04,21:05:02,EarningsReleases,Q3 2025 Postal Realty Trust Inc Earnings Release,PSTL,Postal Realty Trust Inc,Real Estate,Office REITs,Commercial REITs,,,United States of America,US,United States of America,United States of America,403088058.9,5,5975623,46684.5546875,0.01211641465257382,2025-05-26,2025-11-25,2025-11-25,2025-09-17,2026-02-02,2026-02-02T16:29:55Z
PSX.N,2025-10-29,11:00:00,EarningsReleases,Q3 2025 Phillips 66 Earnings Release,PSX,Phillips 66,Energy,"Oil, Gas & Consumable Fuels",Oil & Gas Refining and Marketing,,,United States of America,US,United States of America,United States of America,54043811837.55,22,113541188,887040.53125,0.01605985586466078,2025-05-26,2025-11-25,2025-11-25,2025-09-17,2026-02-02,2026-02-02T16:29:55Z
PUMP.N,2025-10-29,11:00:00,EarningsReleases,Q3 2025 ProPetro Holding Corp Earnings Release,PUMP,ProPetro Holding Corp,Energy,Energy Equipment & Services,Oil Related Services and Equipment,,,United States of America,US,United States of America,United States of America,993029828.55,9,117664210,919251.640625,0.054145584512728315,2025-05-26,2025-11-25,2025-11-25,2025-09-17,2026-02-02,2026-02-02T16:29:55Z
PVH.N,2025-12-03,21:15:00,EarningsReleases,Q3 2025 PVH Corp Earnings Release,PVH,PVH Corp,Consumer Discretionary,"Textiles, Apparel & Luxury Goods",Apparel & Accessories,,,United States of America,US,United States of America,United States of America,3947265717.46,16,44740677,349536.5390625,0.028944816421279315,2025-05-26,2025-11-25,2025-11-25,2025-09-17,2026-02-02,2026-02-02T16:29:55Z
PVL.N,2025-11-14,21:00:00,EarningsReleases,Q3 2025 Permianville Royalty Trust Earnings Release,PVL,Permianville Royalty Trust,Energy,"Oil, Gas & Consumable Fuels",Oil & Gas Exploration and Production,,,United States of America,US,United States of America,United States of America,57420000.0,,1720066,13438.015625,0.020969336509862546,2025-05-26,2025-11-25,2025-11-25,2025-09-17,2026-02-02,2026-02-02T16:29:55Z
PWR.N,2025-10-30,10:55:00,EarningsReleases,Q3 2025 Quanta Services Inc Earnings Release,PWR,Quanta Services Inc,Industrials,Construction & Engineering,Construction & Engineering,,,United States of America,US,United States of America,United States of America,67123025374.18,33,35887592,280371.8125,0.017932815532592458,2025-05-26,2025-11-25,2025-11-25,2025-09-17,2026-02-02,2026-02-02T16:29:55Z
PX.N,2025-11-06,11:30:00,EarningsReleases,Q3 2025 P10 Inc Earnings Release,PX,P10 Inc,Financials,Capital Markets,Investment Management & Fund Operators,,,United States of America,US,United States of America,United States of America,1016539431.6,4,29924068,233781.78125,0.02225654677920637,2025-05-26,2025-11-25,2025-11-25,2025-09-17,2026-02-02,2026-02-02T16:29:55Z
PXED.N,2025-11-20,21:00:00,EarningsReleases,Q4 2025 Phoenix Education Partners Inc Earnings Release,PXED,Phoenix Education Partners Inc,Consumer Discretionary,Diversified Consumer Services,"Schools, Colleges & Universities",,,United States of America,US,United States of America,United States of America,1063171356.66,7,2012758,59198.76470588235,0.033694279070068535,2025-05-26,2025-11-25,2025-11-25,2025-09-17,2026-02-02,2026-02-02T16:29:55Z
PXED.N,2026-01-13,21:12:00,EarningsReleases,Q1 2026 Phoenix Education Partners Inc Earnings Release,PXED,Phoenix Education Partners Inc,Consumer Discretionary,Diversified Consumer Services,"Schools, Colleges & Universities",,,United States of America,US,United States of America,United States of America,1063171356.66,7,2012758,59198.76470588235,0.033694279070068535,2025-05-26,2025-11-25,2025-11-25,2025-09-17,2026-02-02,2026-02-02T16:29:55Z
Q.N,2025-11-06,21:00:00,EarningsReleases,Q3 2025 Qnity Electronics Inc Preliminary Earnings Release,Q,Qnity Electronics Inc,Information Technology,Semiconductors & Semiconductor Equipment,Semiconductors,,,United States of America,US,United States of America,United States of America,16340223763.94,7,20023596,910163.4545454546,0.03525655692725558,2025-05-26,2025-11-25,2025-11-25,2025-09-17,2026-02-02,2026-02-02T16:29:55Z
Q.N,2025-11-18,21:00:00,EarningsReleases,Q3 2025 Qnity Electronics Inc Earnings Release,Q,Qnity Electronics Inc,Information Technology,Semiconductors & Semiconductor Equipment,Semiconductors,,,United States of America,US,United States of America,United States of America,16340223763.94,7,20023596,910163.4545454546,0.03525655692725558,2025-05-26,2025-11-25,2025-11-25,2025-09-17,2026-02-02,2026-02-02T16:29:55Z
QBTS.N,2025-11-06,12:00:01,EarningsReleases,Q3 2025 D-Wave Quantum Inc Earnings Release,QBTS,D-Wave Quantum Inc,Information Technology,Software,IT Services & Consulting,,,United States of America,US,United States of America,United States of America,7909251529.77,11,822815473,6428245.8828125,0.06359040195130099,2025-05-26,2025-11-25,2025-11-25,2025-09-17,2026-02-02,2026-02-02T16:29:55Z
QGEN.N,2025-11-04,21:05:00,EarningsReleases,Q3 2025 Qiagen NV Earnings Release,QGEN,Qiagen NV,Health Care,Life Sciences Tools & Services,Biotechnology & Medical Research,,,Netherlands,NL,Netherlands,United States of America,10529798960.0,23,37685804,294420.34375,0.013788841488830082,2025-05-26,2025-11-25,2025-11-25,2025-09-17,2026-02-02,2026-02-02T16:29:55Z
QSR.N,2025-10-30,10:30:01,EarningsReleases,Q3 2025 Restaurant Brands International Inc Earnings Release,QSR,Restaurant Brands International Inc,Consumer Discretionary,"Hotels, Restaurants & Leisure",Restaurants & Bars,,,United States of America,US,United States of America,United States of America,23612304626.61,29,102109516,797730.59375,0.013950917871906356,2025-05-26,2025-11-25,2025-11-25,2025-09-17,2026-02-02,2026-02-02T16:29:55Z
QTWO.N,2025-11-05,21:20:00,EarningsReleases,Q3 2025 Q2 Holdings Inc Earnings Release,QTWO,Q2 Holdings Inc,Information Technology,Software,Software,,,United States of America,US,United States of America,United States of America,4545306063.45,16,42508045,332094.1015625,0.025998144122607682,2025-05-26,2025-11-25,2025-11-25,2025-09-17,2026-02-02,2026-02-02T16:29:55Z
QUAD.N,2025-10-28,20:30:00,EarningsReleases,Q3 2025 Quad/Graphics Inc Earnings Release,QUAD,Quad/Graphics Inc,Industrials,Commercial Services & Supplies,Commercial Printing Services,,,United States of America,US,United States of America,United States of America,285444513.75,2,9886551,77238.6796875,0.03153996887241346,2025-05-26,2025-11-25,2025-11-25,2025-09-17,2026-02-02,2026-02-02T16:29:55Z
QXO.N,2025-11-06,21:05:01,EarningsReleases,Q3 2025 QXO Inc Earnings Release,QXO,QXO Inc,Industrials,Trading Companies & Distributors,Construction Supplies & Fixtures,,,United States of America,US,United States of America,United States of America,11929995099.15,15,252518264,1972798.9375,0.032500451852293236,2025-05-26,2025-11-25,2025-11-25,2025-09-17,2026-02-02,2026-02-02T16:29:55Z
QXO.N,2026-01-15,22:06:00,EarningsReleases,Preliminary Q4 2025 QXO Inc Earnings Release,QXO,QXO Inc,Industrials,Trading Companies & Distributors,Construction Supplies & Fixtures,,,United States of America,US,United States of America,United States of America,11929995099.15,15,252518264,1972798.9375,0.032500451852293236,2025-05-26,2025-11-25,2025-11-25,2025-09-17,2026-02-02,2026-02-02T16:29:55Z
R.N,2025-10-23,10:55:00,EarningsReleases,Q3 2025 Ryder System Inc Earnings Release,R,Ryder System Inc,Industrials,Ground Transportation,Ground Freight & Logistics,,,United States of America,US,United States of America,United States of America,6960106930.92,10,13480222,105314.234375,0.019877413098439954,2025-05-26,2025-11-25,2025-11-25,2025-09-17,2026-02-02,2026-02-02T16:29:55Z
RAC.N,2025-12-19,21:00:00,EarningsReleases,Q4 2025 Rithm Acquisition Corp Earnings Release,RAC,Rithm Acquisition Corp,,,Investment Holding Companies,,,United States of America,US,United States of America,United States of America,304687600.0,,373280,3190.4273504273506,0.0030780538406703106,2025-05-26,2025-11-25,2025-11-25,2025-09-17,2026-02-02,2026-02-02T16:29:55Z
RACE.N,2025-11-04,11:22:09,EarningsReleases,Q3 2025 Ferrari NV Earnings Release,RACE,Ferrari NV,Consumer Discretionary,Automobiles,Auto & Truck Manufacturers,,,Italy,IT,Italy,United States of America,74887970529.3968,22,10871932,84936.96875,0.023077190453799586,2025-05-26,2025-11-25,2025-11-25,2025-09-17,2026-02-02,2026-02-02T16:29:55Z
RAL.N,2025-11-05,22:16:00,EarningsReleases,Q3 2025 Ralliant Corp Earnings Release,RAL,Ralliant Corp,Information Technology,"Electronic Equipment, Instruments & Components",Electronic Equipment & Parts,,,United States of America,US,United States of America,United States of America,5425960278.7,11,53018642,490913.35185185185,0.024196579456950945,2025-05-26,2025-11-25,2025-11-25,2025-09-17,2026-02-02,2026-02-02T16:29:55Z
RAMP.N,2025-11-05,21:05:11,EarningsReleases,Q2 2026 Liveramp Holdings Inc Earnings Release,RAMP,Liveramp Holdings Inc,Information Technology,Software,Software,,,United States of America,US,United States of America,United States of America,1884642270.84,7,29339676,229216.21875,0.02377344675064922,2025-05-26,2025-11-25,2025-11-25,2025-09-17,2026-02-02,2026-02-02T16:29:55Z
RBA.N,2025-11-06,21:05:02,EarningsReleases,Q3 2025 RB Global Inc Earnings Release,RBA,RB Global Inc,Industrials,Commercial Services & Supplies,Business Support Services,,,United States of America,US,United States of America,United States of America,18108393331.7357,9,34524465,269722.3828125,0.012716941511179665,2025-05-26,2025-11-25,2025-11-25,2025-09-17,2026-02-02,2026-02-02T16:29:55Z
RBC.N,2025-10-31,12:00:00,EarningsReleases,Q2 2026 RBC Bearings Inc Earnings Release,RBC,RBC Bearings Inc,Industrials,Machinery,Industrial Machinery & Equipment,,,United States of America,US,United States of America,United States of America,14002288233.9,8,6264939,48944.8359375,0.014507006755982764,2025-05-26,2025-11-25,2025-11-25,2025-09-17,2026-02-02,2026-02-02T16:29:55Z
RBLX.N,2025-10-30,11:45:00,EarningsReleases,Q3 2025 Roblox Corp Earnings Release,RBLX,Roblox Corp,Communication Services,Entertainment,Software,,,United States of America,US,United States of America,United States of America,63924356013.56,35,206953864,1616827.0625,0.032647437240854685,2025-05-26,2025-11-25,2025-11-25,2025-09-17,2026-02-02,2026-02-02T16:29:55Z
RBOT.N,2025-11-12,21:15:00,EarningsReleases,Q3 2025 Vicarious Surgical Inc Earnings Release,RBOT,Vicarious Surgical Inc,Health Care,Health Care Equipment & Supplies,Advanced Medical Equipment & Technology,,,United States of America,US,United States of America,United States of America,16305174.87,3,1212260,9470.78125,0.0666983876967551,2025-05-26,2025-11-25,2025-11-25,2025-09-17,2026-02-02,2026-02-02T16:29:55Z
RBRK.N,2025-12-04,21:00:00,EarningsReleases,Q3 2026 Rubrik Inc Earnings Release,RBRK,Rubrik Inc,Information Technology,Software,Software,,,United States of America,US,United States of America,United States of America,13602928809.65,22,114843450,897214.453125,0.0349431966344962,2025-05-26,2025-11-25,2025-11-25,2025-09-17,2026-02-02,2026-02-02T16:29:55Z
RC.N,2025-11-06,21:45:00,EarningsReleases,Q3 2025 Ready Capital Corp Earnings Release,RC,Ready Capital Corp,Financials,Mortgage Real Estate Investment Trusts (REITs),Specialized REITs,,,United States of America,US,United States of America,United States of America,408558215.52,7,77880286,608439.734375,0.026928030259672477,2025-05-26,2025-11-25,2025-11-25,2025-09-17,2026-02-02,2026-02-02T16:29:55Z
RCI.N,2025-10-23,11:00:20,EarningsReleases,Q3 2025 Rogers Communications Inc Earnings Release,RCI,Rogers Communications Inc,Communication Services,Wireless Telecommunication Services,Wireless Telecommunications Services,,,Canada,CA,Canada,United States of America,20822823514.8327,16,42258926,330147.859375,0.01239060287057428,2025-05-26,2025-11-25,2025-11-25,2025-09-17,2026-02-02,2026-02-02T16:29:55Z
RCI.N,2026-01-29,12:00:09,EarningsReleases,Q4 2025 Rogers Communications Inc Earnings Release,RCI,Rogers Communications Inc,Communication Services,Wireless Telecommunication Services,Wireless Telecommunications Services,,,Canada,CA,Canada,United States of America,20822823514.8327,16,42258926,330147.859375,0.01239060287057428,2025-05-26,2025-11-25,2025-11-25,2025-09-17,2026-02-02,2026-02-02T16:29:55Z
RCL.N,2025-10-28,10:32:00,EarningsReleases,Q3 2025 Royal Caribbean Cruises Ltd Earnings Release,RCL,Royal Caribbean Cruises Ltd,Consumer Discretionary,"Hotels, Restaurants & Leisure","Hotels, Motels & Cruise Lines",,,United States of America,US,United States of America,United States of America,72653462870.52,29,73988257,578033.2578125,0.0227110073220654,2025-05-26,2025-11-25,2025-11-25,2025-09-17,2026-02-02,2026-02-02T16:29:55Z
RCL.N,2026-01-29,11:30:00,EarningsReleases,Q4 2025 Royal Caribbean Cruises Ltd Earnings Release,RCL,Royal Caribbean Cruises Ltd,Consumer Discretionary,"Hotels, Restaurants & Leisure","Hotels, Motels & Cruise Lines",,,United States of America,US,United States of America,United States of America,72653462870.52,29,73988257,578033.2578125,0.0227110073220654,2025-05-26,2025-11-25,2025-11-25,2025-09-17,2026-02-02,2026-02-02T16:29:55Z
RCUS.N,2025-10-28,20:05:00,EarningsReleases,Q3 2025 Arcus Biosciences Inc Earnings Release,RCUS,Arcus Biosciences Inc,Health Care,Biotechnology,Biotechnology & Medical Research,,,United States of America,US,United States of America,United States of America,2982945768.08,11,46910445,366487.8515625,0.036651817628957195,2025-05-26,2025-11-25,2025-11-25,2025-09-17,2026-02-02,2026-02-02T16:29:55Z
RDDT.N,2025-10-30,20:07:00,EarningsReleases,Q3 2025 Reddit Inc Earnings Release,RDDT,Reddit Inc,Communication Services,Interactive Media & Services,Online Services,,,United States of America,US,United States of America,United States of America,41401034737.2,28,154845334,1209729.171875,0.041648359652885096,2025-05-26,2025-11-25,2025-11-25,2025-09-17,2026-02-02,2026-02-02T16:29:55Z
RDN.N,2025-11-04,22:17:00,EarningsReleases,Q3 2025 Radian Group Inc Earnings Release,RDN,Radian Group Inc,Financials,Financial Services,Property & Casualty Insurance,,,United States of America,US,United States of America,United States of America,4816636047.45,6,51248813,400381.3515625,0.013844256923662004,2025-05-26,2025-11-25,2025-11-25,2025-09-17,2026-02-02,2026-02-02T16:29:55Z
RDW.N,2025-11-05,21:18:00,EarningsReleases,Q3 2025 Redwire Corp Earnings Release,RDW,Redwire Corp,Industrials,Aerospace & Defense,Aerospace & Defense,,,United States of America,US,United States of America,United States of America,893465736.03,9,152450820,1191022.03125,0.06460988314266138,2025-05-26,2025-11-25,2025-11-25,2025-09-17,2026-02-02,2026-02-02T16:29:55Z
RERE.N,2025-11-20,08:00:00,EarningsReleases,Q3 2025 ATRenew Inc Earnings Release,RERE,ATRenew Inc,Consumer Discretionary,Specialty Retail,Department Stores,,,China,CN,China,United States of America,929869415.55,1,47366482,370050.640625,0.03933796400992073,2025-05-26,2025-11-25,2025-11-25,2025-09-17,2026-02-02,2026-02-02T16:29:55Z
RES.N,2025-10-30,10:45:00,EarningsReleases,Q3 2025 RPC Inc Earnings Release,RES,RPC Inc,Energy,Energy Equipment & Services,Oil Related Services and Equipment,,,United States of America,US,United States of America,United States of America,1160221738.5,6,73387712,573341.5,0.02732873897832338,2025-05-26,2025-11-25,2025-11-25,2025-09-17,2026-02-02,2026-02-02T16:29:55Z
REVG.N,2025-12-10,12:00:00,EarningsReleases,Q4 2025 REV Group Inc Earnings Release,REVG,REV Group Inc,Industrials,Machinery,Heavy Machinery & Vehicles,,,United States of America,US,United States of America,United States of America,2567203227.0,5,34505480,269574.0625,0.026587979865214644,2025-05-26,2025-11-25,2025-11-25,2025-09-17,2026-02-02,2026-02-02T16:29:55Z
REX.N,2025-12-04,12:30:00,EarningsReleases,Q3 2025 REX American Resources Corp Earnings Release,REX,REX American Resources Corp,Energy,"Oil, Gas & Consumable Fuels",Renewable Fuels,,,United States of America,US,United States of America,United States of America,1080652094.06,,11114861,86834.8515625,0.018235143412918903,2025-05-26,2025-11-25,2025-11-25,2025-09-17,2026-02-02,2026-02-02T16:29:55Z
REXR.N,2025-10-15,20:08:07,EarningsReleases,Q3 2025 Rexford Industrial Realty Inc Earnings Release,REXR,Rexford Industrial Realty Inc,Real Estate,Industrial REITs,Commercial REITs,,,United States of America,US,United States of America,United States of America,9636022704.34,6,114383267,893619.2734375,0.015009324133962349,2025-05-26,2025-11-25,2025-11-25,2025-09-17,2026-02-02,2026-02-02T16:29:55Z
REZI.N,2025-11-05,21:05:01,EarningsReleases,Q3 2025 Resideo Technologies Inc Earnings Release,REZI,Resideo Technologies Inc,Industrials,Building Products,Communications & Networking,,,United States of America,US,United States of America,United States of America,4762432368.64,3,70300360,549221.5625,0.038896125039991215,2025-05-26,2025-11-25,2025-11-25,2025-09-17,2026-02-02,2026-02-02T16:29:55Z
RF.N,2025-10-17,10:00:00,EarningsReleases,Q3 2025 Regions Financial Corp Earnings Release,RF,Regions Financial Corp,Financials,Banks,Banks,,,United States of America,US,United States of America,United States of America,22290200528.32,25,432373558,3377918.421875,0.015525292663854237,2025-05-26,2025-11-25,2025-11-25,2025-09-17,2026-02-02,2026-02-02T16:29:55Z
RF.N,2026-01-16,13:30:00,EarningsReleases,Q4 2025 Regions Financial Corp Earnings Release,RF,Regions Financial Corp,Financials,Banks,Banks,,,United States of America,US,United States of America,United States of America,22290200528.32,25,432373558,3377918.421875,0.015525292663854237,2025-05-26,2025-11-25,2025-11-25,2025-09-17,2026-02-02,2026-02-02T16:29:55Z
RFL.N,2025-10-29,20:24:40,EarningsReleases,Q4 2025 Rafael Holdings Inc Earnings Release,RFL,Rafael Holdings Inc,Health Care,Pharmaceuticals,Pharmaceuticals,,,United States of America,US,United States of America,United States of America,62632989.21,,3599595,28121.8359375,0.062450666071524406,2025-05-26,2025-11-25,2025-11-25,2025-09-17,2026-02-02,2026-02-02T16:29:55Z
RFL.N,2025-12-11,21:01:00,EarningsReleases,Q1 2026 Rafael Holdings Inc Earnings Release,RFL,Rafael Holdings Inc,Health Care,Pharmaceuticals,Pharmaceuticals,,,United States of America,US,United States of America,United States of America,62632989.21,,3599595,28121.8359375,0.062450666071524406,2025-05-26,2025-11-25,2025-11-25,2025-09-17,2026-02-02,2026-02-02T16:29:55Z
RGA.N,2025-10-30,20:15:00,EarningsReleases,Q3 2025 Reinsurance Group of America Inc Earnings Release,RGA,Reinsurance Group of America Inc,Financials,Insurance,Reinsurance,,,United States of America,US,United States of America,United States of America,12482342578.35,11,15613155,121977.7734375,0.014832416939077789,2025-05-26,2025-11-25,2025-11-25,2025-09-17,2026-02-02,2026-02-02T16:29:55Z
RGR.N,2025-11-05,22:05:00,EarningsReleases,Q3 2025 Sturm Ruger & Company Inc Earnings Release,RGR,Sturm Ruger & Company Inc,Consumer Discretionary,Leisure Products,Recreational Products,,,United States of America,US,United States of America,United States of America,477370934.82,0,9727765,75998.1640625,0.027431337093614002,2025-05-26,2025-11-25,2025-11-25,2025-09-17,2026-02-02,2026-02-02T16:29:55Z
RH.N,2025-12-11,21:46:00,EarningsReleases,Q3 2025 RH Earnings Release,RH,RH,Consumer Discretionary,Specialty Retail,Home Furnishings Retailers,,,United States of America,US,United States of America,United States of America,2991900622.7,22,27470362,214612.203125,0.0374848235532178,2025-05-26,2025-11-25,2025-11-25,2025-09-17,2026-02-02,2026-02-02T16:29:55Z
RHI.N,2025-10-22,20:05:00,EarningsReleases,Q3 2025 Robert Half Inc Earnings Release,RHI,Robert Half Inc,Industrials,Professional Services,Employment Services,,,United States of America,US,United States of America,United States of America,2765424066.03,11,74021802,578295.328125,0.02226100520293511,2025-05-26,2025-11-25,2025-11-25,2025-09-17,2026-02-02,2026-02-02T16:29:55Z
RHI.N,2026-01-29,21:00:00,EarningsReleases,Q4 2025 Robert Half Inc Earnings Release,RHI,Robert Half Inc,Industrials,Professional Services,Employment Services,,,United States of America,US,United States of America,United States of America,2765424066.03,11,74021802,578295.328125,0.02226100520293511,2025-05-26,2025-11-25,2025-11-25,2025-09-17,2026-02-02,2026-02-02T16:29:55Z
RHLD.N,2025-11-03,10:00:00,EarningsReleases,Q3 2025 Resolute Holdings Management Inc Earnings Release,RHLD,Resolute Holdings Management Inc,Industrials,Professional Services,Business Support Services,,,United States of America,US,United States of America,United States of America,1530246121.04,,2544947,19882.3984375,0.07921407656309193,2025-05-26,2025-11-25,2025-11-25,2025-09-17,2026-02-02,2026-02-02T16:29:55Z
RHP.N,2025-11-03,21:15:03,EarningsReleases,Q3 2025 Ryman Hospitality Properties Inc Earnings Release,RHP,Ryman Hospitality Properties Inc,Real Estate,Hotel & Resort REITs,Specialized REITs,,,United States of America,US,United States of America,United States of America,6055951592.88,6,26909471,210230.2421875,0.014791331787570652,2025-05-26,2025-11-25,2025-11-25,2025-09-17,2026-02-02,2026-02-02T16:29:55Z
RIG.N,2025-10-29,20:59:19,EarningsReleases,Q3 2025 Transocean Ltd Earnings Release,RIG,Transocean Ltd,Energy,Energy Equipment & Services,Oil & Gas Drilling,,,Switzerland,CH,Switzerland,United States of America,4460836880.25,16,772119263,6032181.7421875,0.03557473015244953,2025-05-26,2025-11-25,2025-11-25,2025-09-17,2026-02-02,2026-02-02T16:29:55Z
RITM.N,2025-10-30,10:55:00,EarningsReleases,Q3 2025 Rithm Capital Corp Earnings Release,RITM,Rithm Capital Corp,Financials,Mortgage Real Estate Investment Trusts (REITs),Specialized REITs,,,United States of America,US,United States of America,United States of America,6312300071.3,8,163620510,1278285.234375,0.010853137060016192,2025-05-26,2025-11-25,2025-11-25,2025-09-17,2026-02-02,2026-02-02T16:29:55Z
RJF.N,2025-10-22,20:36:53,EarningsReleases,Q4 2025 Raymond James Financial Inc Earnings Release,RJF,Raymond James Financial Inc,Financials,Capital Markets,Investment Banking & Brokerage Services,,,United States of America,US,United States of America,United States of America,30393989605.82,13,47396730,370286.953125,0.013724807982041046,2025-05-26,2025-11-25,2025-11-25,2025-09-17,2026-02-02,2026-02-02T16:29:55Z
RJF.N,2026-01-28,21:24:11,EarningsReleases,Q1 2026 Raymond James Financial Inc Earnings Release,RJF,Raymond James Financial Inc,Financials,Capital Markets,Investment Banking & Brokerage Services,,,United States of America,US,United States of America,United States of America,30393989605.82,13,47396730,370286.953125,0.013724807982041046,2025-05-26,2025-11-25,2025-11-25,2025-09-17,2026-02-02,2026-02-02T16:29:55Z
RKT.N,2025-10-30,20:05:01,EarningsReleases,Q3 2025 Rocket Companies Inc Earnings Release,RKT,Rocket Companies Inc,Financials,Financial Services,Financial Technology (Fintech),,,United States of America,US,United States of America,United States of America,55360397635.92,14,680685422,5317854.859375,0.03528991745784076,2025-05-26,2025-11-25,2025-11-25,2025-09-17,2026-02-02,2026-02-02T16:29:55Z
RL.N,2025-11-06,13:01:00,EarningsReleases,Q2 2026 Ralph Lauren Corp Earnings Release,RL,Ralph Lauren Corp,Consumer Discretionary,"Textiles, Apparel & Luxury Goods",Apparel & Accessories,,,United States of America,US,United States of America,United States of America,22103519841.0,20,23811013,186023.5390625,0.017847965276782295,2025-05-26,2025-11-25,2025-11-25,2025-09-17,2026-02-02,2026-02-02T16:29:55Z
RLI.N,2025-10-20,20:36:00,EarningsReleases,Q3 2025 RLI Corp Earnings Release,RLI,RLI Corp,Financials,Insurance,Property & Casualty Insurance,,,United States of America,US,United States of America,United States of America,5872111169.9,8,26580547,207660.5234375,0.012726798633757907,2025-05-26,2025-11-25,2025-11-25,2025-09-17,2026-02-02,2026-02-02T16:29:55Z
RLI.N,2026-01-21,21:10:00,EarningsReleases,Q4 2025 RLI Corp Earnings Release,RLI,RLI Corp,Financials,Insurance,Property & Casualty Insurance,,,United States of America,US,United States of America,United States of America,5872111169.9,8,26580547,207660.5234375,0.012726798633757907,2025-05-26,2025-11-25,2025-11-25,2025-09-17,2026-02-02,2026-02-02T16:29:55Z
RLJ.N,2025-11-05,21:30:00,EarningsReleases,Q3 2025 RLJ Lodging Trust Earnings Release,RLJ,RLJ Lodging Trust,Real Estate,Hotel & Resort REITs,Specialized REITs,,,United States of America,US,United States of America,United States of America,1154289995.92,6,77161155,602821.5234375,0.017669768755188265,2025-05-26,2025-11-25,2025-11-25,2025-09-17,2026-02-02,2026-02-02T16:29:55Z
RLX.N,2025-11-14,09:30:00,EarningsReleases,Q3 2025 RLX Technology Inc Earnings Release,RLX,RLX Technology Inc,Consumer Staples,Tobacco,Tobacco,,,China,CN,China,United States of America,3033924586.41,4,72384778,565506.078125,0.019591604364611683,2025-05-26,2025-11-25,2025-11-25,2025-09-17,2026-02-02,2026-02-02T16:29:55Z
RM.N,2025-11-05,21:15:01,EarningsReleases,Q3 2025 Regional Management Corp Earnings Release,RM,Regional Management Corp,Financials,Consumer Finance,Consumer Lending,,,United States of America,US,United States of America,United States of America,364230187.5,5,2313883,18077.2109375,0.023632627082594136,2025-05-26,2025-11-25,2025-11-25,2025-09-17,2026-02-02,2026-02-02T16:29:55Z
RMAX.N,2025-10-30,20:30:01,EarningsReleases,Q3 2025 Re/Max Holdings Inc Earnings Release,RMAX,Re/Max Holdings Inc,Real Estate,Real Estate Management & Development,Real Estate Services,,,United States of America,US,United States of America,United States of America,168272835.23,4,8445091,65977.2734375,0.028056165652159626,2025-05-26,2025-11-25,2025-11-25,2025-09-17,2026-02-02,2026-02-02T16:29:55Z
RMD.N,2025-10-30,20:05:04,EarningsReleases,Q1 2026 Resmed Inc Earnings Release,RMD,Resmed Inc,Health Care,Health Care Equipment & Supplies,Advanced Medical Equipment & Technology,,,United States of America,US,United States of America,United States of America,37338178005.2,21,38734951,302616.8046875,0.012281251489951918,2025-05-26,2025-11-25,2025-11-25,2025-09-17,2026-02-02,2026-02-02T16:29:55Z
RMD.N,2026-01-29,21:05:01,EarningsReleases,Q2 2026 Resmed Inc Earnings Release,RMD,Resmed Inc,Health Care,Health Care Equipment & Supplies,Advanced Medical Equipment & Technology,,,United States of America,US,United States of America,United States of America,37338178005.2,21,38734951,302616.8046875,0.012281251489951918,2025-05-26,2025-11-25,2025-11-25,2025-09-17,2026-02-02,2026-02-02T16:29:55Z
RNG.N,2025-11-03,21:13:00,EarningsReleases,Q3 2025 RingCentral Inc Earnings Release,RNG,RingCentral Inc,Information Technology,Software,Software,,,United States of America,US,United States of America,United States of America,2420628220.45,19,64003091,500024.1484375,0.03382102822081665,2025-05-26,2025-11-25,2025-11-25,2025-09-17,2026-02-02,2026-02-02T16:29:55Z
RNGR.N,2025-11-10,11:49:00,EarningsReleases,Q3 2025 Ranger Energy Services Inc Earnings Release,RNGR,Ranger Energy Services Inc,Energy,Energy Equipment & Services,Oil Related Services and Equipment,,,United States of America,US,United States of America,United States of America,312151803.36,3,7369980,57577.96875,0.0272395578140581,2025-05-26,2025-11-25,2025-11-25,2025-09-17,2026-02-02,2026-02-02T16:29:55Z
RNR.N,2025-10-28,20:00:00,EarningsReleases,Q3 2025 Renaissancere Holdings Ltd Earnings Release,RNR,Renaissancere Holdings Ltd,Financials,Insurance,Reinsurance,,,Bermuda,BM,Bermuda,United States of America,12067783050.96,16,16272188,127126.46875,0.014776700071348731,2025-05-26,2025-11-25,2025-11-25,2025-09-17,2026-02-02,2026-02-02T16:29:55Z
RNST.N,2025-10-28,20:30:02,EarningsReleases,Q3 2025 Renasant Corp Earnings Release,RNST,Renasant Corp,Financials,Banks,Banks,,,United States of America,US,United States of America,United States of America,3390362909.76,7,27591283,215556.8984375,0.017534401669914244,2025-05-26,2025-11-25,2025-11-25,2025-09-17,2026-02-02,2026-02-02T16:29:55Z
RNST.N,2026-01-27,21:00:00,EarningsReleases,Q4 2025 Renasant Corp Earnings Release,RNST,Renasant Corp,Financials,Banks,Banks,,,United States of America,US,United States of America,United States of America,3390362909.76,7,27591283,215556.8984375,0.017534401669914244,2025-05-26,2025-11-25,2025-11-25,2025-09-17,2026-02-02,2026-02-02T16:29:55Z
ROG.N,2025-10-29,20:05:00,EarningsReleases,Q3 2025 Rogers Corp Earnings Release,ROG,Rogers Corp,Information Technology,"Electronic Equipment, Instruments & Components",Semiconductors,,,United States of America,US,United States of America,United States of America,1468434343.35,3,7767772,60685.71875,0.023829529943677086,2025-05-26,2025-11-25,2025-11-25,2025-09-17,2026-02-02,2026-02-02T16:29:55Z
ROK.N,2025-11-06,12:00:02,EarningsReleases,Q4 2025 Rockwell Automation Inc Earnings Release,ROK,Rockwell Automation Inc,Industrials,Electrical Equipment,Electrical Components & Equipment,,,United States of America,US,United States of America,United States of America,43932646767.1,31,29699799,232029.6796875,0.014203713495674336,2025-05-26,2025-11-25,2025-11-25,2025-09-17,2026-02-02,2026-02-02T16:29:55Z
ROL.N,2025-10-29,20:05:01,EarningsReleases,Q3 2025 Rollins Inc Earnings Release,ROL,Rollins Inc,Industrials,Commercial Services & Supplies,Business Support Services,,,United States of America,US,United States of America,United States of America,29456036915.88,17,90007932,703186.96875,0.013438079984137475,2025-05-26,2025-11-25,2025-11-25,2025-09-17,2026-02-02,2026-02-02T16:29:55Z
RPM.N,2025-10-01,10:45:00,EarningsReleases,Q1 2026 RPM International Inc Earnings Release,RPM,RPM International Inc,Materials,Chemicals,Commodity Chemicals,,,United States of America,US,United States of America,United States of America,13746358990.0,17,34893516,272605.59375,0.015255373454936742,2025-05-26,2025-11-25,2025-11-25,2025-09-17,2026-02-02,2026-02-02T16:29:55Z
RPM.N,2026-01-08,11:45:00,EarningsReleases,Q2 2026 RPM International Inc Earnings Release,RPM,RPM International Inc,Materials,Chemicals,Commodity Chemicals,,,United States of America,US,United States of America,United States of America,13746358990.0,17,34893516,272605.59375,0.015255373454936742,2025-05-26,2025-11-25,2025-11-25,2025-09-17,2026-02-02,2026-02-02T16:29:55Z
RPT.N,2025-10-31,10:45:00,EarningsReleases,Q3 2025 Rithm Property Trust Inc Earnings Release,RPT,Rithm Property Trust Inc,Financials,Mortgage Real Estate Investment Trusts (REITs),Commercial REITs,,,United States of America,US,United States of America,United States of America,117205426.8,2,1401305,10947.6953125,0.01885013934255165,2025-05-26,2025-11-25,2025-11-25,2025-09-17,2026-02-02,2026-02-02T16:29:55Z
RPT.N,2026-02-02,13:30:00,EarningsReleases,Q4 2025 Rithm Property Trust Inc Earnings Release,RPT,Rithm Property Trust Inc,Financials,Mortgage Real Estate Investment Trusts (REITs),Commercial REITs,,,United States of America,US,United States of America,United States of America,117205426.8,2,1401305,10947.6953125,0.01885013934255165,2025-05-26,2025-11-25,2025-11-25,2025-09-17,2026-02-02,2026-02-02T16:29:55Z
RRC.N,2025-10-28,20:17:00,EarningsReleases,Q3 2025 Range Resources Corp Earnings Release,RRC,Range Resources Corp,Energy,"Oil, Gas & Consumable Fuels",Oil & Gas Exploration and Production,,,United States of America,US,United States of America,United States of America,8956173731.4,26,98709798,771170.296875,0.0205116238094573,2025-05-26,2025-11-25,2025-11-25,2025-09-17,2026-02-02,2026-02-02T16:29:55Z
RRX.N,2025-10-29,20:01:00,EarningsReleases,Q3 2025 Regal Rexnord Corp Earnings Release,RRX,Regal Rexnord Corp,Industrials,Electrical Equipment,Electrical Components & Equipment,,,United States of America,US,United States of America,United States of America,9769240381.95,13,23383352,182682.4375,0.02446115765311453,2025-05-26,2025-11-25,2025-11-25,2025-09-17,2026-02-02,2026-02-02T16:29:55Z
RS.N,2025-10-22,20:05:04,EarningsReleases,Q3 2025 Reliance Inc Earnings Release,RS,Reliance Inc,Materials,Metals & Mining,Iron & Steel,,,United States of America,US,United States of America,United States of America,14623617811.84,10,15252999,119164.0546875,0.016894804196119467,2025-05-26,2025-11-25,2025-11-25,2025-09-17,2026-02-02,2026-02-02T16:29:55Z
RSG.N,2025-10-30,20:10:00,EarningsReleases,Q3 2025 Republic Services Inc Earnings Release,RSG,Republic Services Inc,Industrials,Commercial Services & Supplies,Environmental Services & Equipment,,,United States of America,US,United States of America,United States of America,67203161706.91,28,48862469,381738.0390625,0.011135495224446764,2025-05-26,2025-11-25,2025-11-25,2025-09-17,2026-02-02,2026-02-02T16:29:55Z
RSI.N,2025-10-29,20:15:01,EarningsReleases,Q3 2025 Rush Street Interactive Inc Earnings Release,RSI,Rush Street Interactive Inc,Consumer Discretionary,"Hotels, Restaurants & Leisure",Casinos & Gaming,,,United States of America,US,United States of America,United States of America,4159253556.36,7,64921288,507197.5625,0.03439052685474734,2025-05-26,2025-11-25,2025-11-25,2025-09-17,2026-02-02,2026-02-02T16:29:55Z
RSKD.N,2025-11-12,11:55:00,EarningsReleases,Q3 2025 Riskified Ltd Earnings Release,RSKD,Riskified Ltd,Information Technology,Software,Software,,,Israel,IL,United States of America,United States of America,758188205.23,7,19592769,153068.5078125,0.027394511059120788,2025-05-26,2025-11-25,2025-11-25,2025-09-17,2026-02-02,2026-02-02T16:29:55Z
RTX.N,2025-10-21,10:55:00,EarningsReleases,Q3 2025 RTX Corp Earnings Release,RTX,RTX Corp,Industrials,Aerospace & Defense,Aerospace & Defense,,,United States of America,US,United States of America,United States of America,230813889815.3,24,172785518,1349886.859375,0.013723585019266961,2025-05-26,2025-11-25,2025-11-25,2025-09-17,2026-02-02,2026-02-02T16:29:55Z
RTX.N,2026-01-27,11:55:00,EarningsReleases,Q4 2025 RTX Corp Earnings Release,RTX,RTX Corp,Industrials,Aerospace & Defense,Aerospace & Defense,,,United States of America,US,United States of America,United States of America,230813889815.3,24,172785518,1349886.859375,0.013723585019266961,2025-05-26,2025-11-25,2025-11-25,2025-09-17,2026-02-02,2026-02-02T16:29:55Z
RVLV.N,2025-11-04,21:03:00,EarningsReleases,Q3 2025 Revolve Group Inc Earnings Release,RVLV,Revolve Group Inc,Consumer Discretionary,Specialty Retail,Department Stores,,,United States of America,US,United States of America,United States of America,1747688733.0,15,50531293,394775.7265625,0.030651134296769002,2025-05-26,2025-11-25,2025-11-25,2025-09-17,2026-02-02,2026-02-02T16:29:55Z
RVTY.N,2025-10-27,10:00:00,EarningsReleases,Q3 2025 Revvity Inc Earnings Release,RVTY,Revvity Inc,Health Care,Life Sciences Tools & Services,Advanced Medical Equipment & Technology,,,United States of America,US,United States of America,United States of America,11969064308.97,19,55738921,435460.3203125,0.023058727219062235,2025-05-26,2025-11-25,2025-11-25,2025-09-17,2026-02-02,2026-02-02T16:29:55Z
RVTY.N,2026-01-12,21:15:00,EarningsReleases,Preliminary Q4 2025 Revvity Inc Earnings Release,RVTY,Revvity Inc,Health Care,Life Sciences Tools & Services,Advanced Medical Equipment & Technology,,,United States of America,US,United States of America,United States of America,11969064308.97,19,55738921,435460.3203125,0.023058727219062235,2025-05-26,2025-11-25,2025-11-25,2025-09-17,2026-02-02,2026-02-02T16:29:55Z
RVTY.N,2026-02-02,13:30:00,EarningsReleases,Q4 2025 Revvity Inc Earnings Release,RVTY,Revvity Inc,Health Care,Life Sciences Tools & Services,Advanced Medical Equipment & Technology,,,United States of America,US,United States of America,United States of America,11969064308.97,19,55738921,435460.3203125,0.023058727219062235,2025-05-26,2025-11-25,2025-11-25,2025-09-17,2026-02-02,2026-02-02T16:29:55Z
RWT.N,2025-10-29,20:15:00,EarningsReleases,Q3 2025 Redwood Trust Inc Earnings Release,RWT,Redwood Trust Inc,Financials,Mortgage Real Estate Investment Trusts (REITs),Specialized REITs,,,United States of America,US,United States of America,United States of America,682817111.9,9,42325012,330664.15625,0.01784899319121055,2025-05-26,2025-11-25,2025-11-25,2025-09-17,2026-02-02,2026-02-02T16:29:55Z
RXO.N,2025-11-06,11:30:00,EarningsReleases,Q3 2025 RXO Inc Earnings Release,RXO,RXO Inc,Industrials,Ground Transportation,Ground Freight & Logistics,,,United States of America,US,United States of America,United States of America,2133454336.0,22,71308231,557095.5546875,0.044268081782237824,2025-05-26,2025-11-25,2025-11-25,2025-09-17,2026-02-02,2026-02-02T16:29:55Z
RY.N,2025-12-03,11:00:00,EarningsReleases,Q4 2025 Royal Bank of Canada Earnings Release,RY,Royal Bank of Canada,Financials,Banks,Banks,,,Canada,CA,Canada,United States of America,213275027014.756,10,43550495,340238.2421875,0.008970393573816321,2025-05-26,2025-11-25,2025-11-25,2025-09-17,2026-02-02,2026-02-02T16:29:55Z
RYAM.N,2025-11-04,21:30:00,EarningsReleases,Q3 2025 Rayonier Advanced Materials Inc Earnings Release,RYAM,Rayonier Advanced Materials Inc,Materials,Chemicals,Specialty Chemicals,,,United States of America,US,United States of America,United States of America,435536354.5,3,23438022,183109.546875,0.029845262084376874,2025-05-26,2025-11-25,2025-11-25,2025-09-17,2026-02-02,2026-02-02T16:29:55Z
RYAN.N,2025-10-30,20:05:00,EarningsReleases,Q3 2025 Ryan Specialty Holdings Inc Earnings Release,RYAN,Ryan Specialty Holdings Inc,Financials,Insurance,Multiline Insurance & Brokers,,,United States of America,US,United States of America,United States of America,15332675559.2,16,56177647,438887.8671875,0.020117209508822845,2025-05-26,2025-11-25,2025-11-25,2025-09-17,2026-02-02,2026-02-02T16:29:55Z
RYI.N,2025-10-28,20:35:08,EarningsReleases,Q3 2025 Ryerson Holding Corp Earnings Release,RYI,Ryerson Holding Corp,Materials,Metals & Mining,Iron & Steel,,,United States of America,US,United States of America,United States of America,732763031.0,2,13411747,104779.2734375,0.0262836093263422,2025-05-26,2025-11-25,2025-11-25,2025-09-17,2026-02-02,2026-02-02T16:29:55Z
RYN.N,2025-11-05,21:00:00,EarningsReleases,Q3 2025 Rayonier Inc Earnings Release,RYN,Rayonier Inc,Real Estate,Specialized REITs,Specialized REITs,,,United States of America,US,United States of America,United States of America,3370406298.9,4,48066605,375520.3515625,0.016704817632630965,2025-05-26,2025-11-25,2025-11-25,2025-09-17,2026-02-02,2026-02-02T16:29:55Z
S.N,2025-12-04,21:05:00,EarningsReleases,Q3 2026 SentinelOne Inc Earnings Release,S,SentinelOne Inc,Information Technology,Software,Software,,,United States of America,US,United States of America,United States of America,5439662186.04,37,218694097,1708547.6328125,0.028004984881678095,2025-05-26,2025-11-25,2025-11-25,2025-09-17,2026-02-02,2026-02-02T16:29:55Z
SA.N,2025-11-12,21:00:00,EarningsReleases,Q3 2025 Seabridge Gold Inc Earnings Release,SA,Seabridge Gold Inc,Materials,Metals & Mining,Gold,,,Canada,CA,Canada,United States of America,2628643745.92314,2,32207149,251618.3515625,0.03198479666485661,2025-05-26,2025-11-25,2025-11-25,2025-09-17,2026-02-02,2026-02-02T16:29:55Z
SABA.N,2026-01-02,21:00:00,EarningsReleases,Full Year 2025 Saba Capital Income & Opportunities Fund II Earnings Release,SABA,Saba Capital Income & Opportunities Fund II,,,Investment Management & Fund Operators,,,United States of America,US,United States of America,United States of America,243069407.7,,1119968,8749.75,0.00757941611067757,2025-05-26,2025-11-25,2025-11-25,2025-09-17,2026-02-02,2026-02-02T16:29:55Z
SAC.N,2026-01-08,21:00:00,EarningsReleases,Q3 2025 Safeguard Acquisition Corp Earnings Release,SAC,Safeguard Acquisition Corp,,,Investment Holding Companies,,,United States of America,US,United States of America,United States of America,,,,,,,,2025-11-25,2025-09-17,2026-02-02,2026-02-02T16:29:55Z
SAFE.N,2025-11-05,21:05:00,EarningsReleases,Q3 2025 Safehold Inc Earnings Release,SAFE,Safehold Inc,Real Estate,Specialized REITs,Diversified REITs,,,United States of America,US,United States of America,United States of America,1006023830.72,8,18298059,142953.5859375,0.02277656906204054,2025-05-26,2025-11-25,2025-11-25,2025-09-17,2026-02-02,2026-02-02T16:29:55Z
SAH.N,2025-10-23,11:00:00,EarningsReleases,Q3 2025 Sonic Automotive Inc Earnings Release,SAH,Sonic Automotive Inc,Consumer Discretionary,Specialty Retail,"Auto Vehicles, Parts & Service Retailers",,,United States of America,US,United States of America,United States of America,2145702828.36,11,9058004,70765.65625,0.02757904829732752,2025-05-26,2025-11-25,2025-11-25,2025-09-17,2026-02-02,2026-02-02T16:29:55Z
SAM.N,2025-10-23,20:15:00,EarningsReleases,Q3 2025 Boston Beer Company Inc Earnings Release,SAM,Boston Beer Company Inc,Consumer Staples,Beverages,Brewers,,,United States of America,US,United States of America,United States of America,2035321953.28,16,7982611,62364.1484375,0.021876133414353925,2025-05-26,2025-11-25,2025-11-25,2025-09-17,2026-02-02,2026-02-02T16:29:55Z
SAR.N,2025-10-07,20:05:13,EarningsReleases,Q2 2026 Saratoga Investment Corp Earnings Release,SAR,Saratoga Investment Corp,Financials,Capital Markets,Investment Management & Fund Operators,,,United States of America,US,United States of America,United States of America,371034961.92,9,2893621,22606.4140625,0.0115958991766634,2025-05-26,2025-11-25,2025-11-25,2025-09-17,2026-02-02,2026-02-02T16:29:55Z
SAR.N,2026-01-07,21:05:00,EarningsReleases,Q3 2026 Saratoga Investment Corp Earnings Release,SAR,Saratoga Investment Corp,Financials,Capital Markets,Investment Management & Fund Operators,,,United States of America,US,United States of America,United States of America,371034961.92,9,2893621,22606.4140625,0.0115958991766634,2025-05-26,2025-11-25,2025-11-25,2025-09-17,2026-02-02,2026-02-02T16:29:55Z
SARO.N,2025-11-10,21:15:00,EarningsReleases,"Q3 2025 StandardAero, Inc. Earnings Release",SARO,"StandardAero, Inc.",Industrials,Aerospace & Defense,Aerospace & Defense,,,United States of America,US,United States of America,United States of America,8411927139.6,12,98061229,766103.3515625,0.01734073655362286,2025-05-26,2025-11-25,2025-11-25,2025-09-17,2026-02-02,2026-02-02T16:29:55Z
SARO.N,2026-01-27,21:21:00,EarningsReleases,"Preliminary Q4 2025 StandardAero, Inc. Earnings Release",SARO,"StandardAero, Inc.",Industrials,Aerospace & Defense,Aerospace & Defense,,,United States of America,US,United States of America,United States of America,8411927139.6,12,98061229,766103.3515625,0.01734073655362286,2025-05-26,2025-11-25,2025-11-25,2025-09-17,2026-02-02,2026-02-02T16:29:55Z
SB.N,2025-11-25,21:05:02,EarningsReleases,Q3 2025 Safe Bulkers Inc Earnings Release,SB,Safe Bulkers Inc,Industrials,Marine Transportation,Marine Freight & Logistics,,,Monaco,MC,Monaco,United States of America,500385851.55,2,15476069,120906.7890625,0.017754909060500545,2025-05-26,2025-11-25,2025-11-25,2025-09-17,2026-02-02,2026-02-02T16:29:55Z
SBDS.N,2025-11-06,12:30:03,EarningsReleases,Q3 2025 Solo Brands Inc Earnings Release,SBDS,Solo Brands Inc,Consumer Discretionary,Leisure Products,"Appliances, Tools & Housewares",,,United States of America,US,United States of America,United States of America,19801224.0,,253712,2757.7391304347825,0.0938499420366984,2025-05-26,2025-11-25,2025-11-25,2025-09-17,2026-02-02,2026-02-02T16:29:55Z
SBDS.N,2026-01-26,13:00:01,EarningsReleases,Preliminary Q4 2025 Solo Brands Inc Earnings Release,SBDS,Solo Brands Inc,Consumer Discretionary,Leisure Products,"Appliances, Tools & Housewares",,,United States of America,US,United States of America,United States of America,19801224.0,,253712,2757.7391304347825,0.0938499420366984,2025-05-26,2025-11-25,2025-11-25,2025-09-17,2026-02-02,2026-02-02T16:29:55Z
SBH.N,2025-11-13,11:45:00,EarningsReleases,Q4 2025 Sally Beauty Holdings Inc Earnings Release,SBH,Sally Beauty Holdings Inc,Consumer Discretionary,Specialty Retail,Miscellaneous Specialty Retailers,,,United States of America,US,United States of America,United States of America,1571281191.09,5,91715491,716527.2734375,0.03133272654577199,2025-05-26,2025-11-25,2025-11-25,2025-09-17,2026-02-02,2026-02-02T16:29:55Z
SBR.N,2025-11-07,,EarningsReleases,Q3 2025 Sabine Royalty Trust Earnings Release,SBR,Sabine Royalty Trust,Energy,"Oil, Gas & Consumable Fuels",Oil & Gas Exploration and Production,,,United States of America,US,United States of America,United States of America,1122755358.45,,753991,5890.5546875,0.013921392251981088,2025-05-26,2025-11-25,2025-11-25,2025-09-17,2026-02-02,2026-02-02T16:29:55Z
SBSI.N,2025-10-24,09:45:00,EarningsReleases,Q3 2025 Southside Bancshares Inc Earnings Release,SBSI,Southside Bancshares Inc,Financials,Banks,Banks,,,United States of America,US,United States of America,United States of America,892963942.2,4,7155074,55899.015625,0.015852616929443772,2025-05-26,2025-11-25,2025-11-25,2025-09-17,2026-02-02,2026-02-02T16:29:55Z
SBSI.N,2026-01-29,10:45:00,EarningsReleases,Q4 2025 Southside Bancshares Inc Earnings Release,SBSI,Southside Bancshares Inc,Financials,Banks,Banks,,,United States of America,US,United States of America,United States of America,892963942.2,4,7155074,55899.015625,0.015852616929443772,2025-05-26,2025-11-25,2025-11-25,2025-09-17,2026-02-02,2026-02-02T16:29:55Z
SBXD.N,2025-11-12,21:00:00,EarningsReleases,Q3 2025 SilverBox Corp IV Earnings Release,SBXD,SilverBox Corp IV,,,Investment Holding Companies,,,United States of America,US,United States of America,United States of America,267786600.0,,1421576,11557.528455284553,0.007050050603876601,2025-05-26,2025-11-25,2025-11-25,2025-09-17,2026-02-02,2026-02-02T16:29:55Z
SCCO.N,2025-10-28,20:00:00,EarningsReleases,Q3 2025 Southern Copper Corp Earnings Release,SCCO,Southern Copper Corp,Materials,Metals & Mining,Specialty Mining & Metals,,,United States of America,US,United States of America,United States of America,105761605924.32,15,55435159,433087.1796875,0.024143765349075474,2025-05-26,2025-11-25,2025-11-25,2025-09-17,2026-02-02,2026-02-02T16:29:55Z
SCCO.N,2026-01-27,21:00:00,EarningsReleases,Q4 2025 Southern Copper Corp Earnings Release,SCCO,Southern Copper Corp,Materials,Metals & Mining,Specialty Mining & Metals,,,United States of America,US,United States of America,United States of America,105761605924.32,15,55435159,433087.1796875,0.024143765349075474,2025-05-26,2025-11-25,2025-11-25,2025-09-17,2026-02-02,2026-02-02T16:29:55Z
SCHW.N,2025-10-16,11:30:00,EarningsReleases,Q3 2025 Charles Schwab Corp Earnings Release,SCHW,Charles Schwab Corp,Financials,Capital Markets,Investment Banking & Brokerage Services,,,United States of America,US,United States of America,United States of America,161239242509.8,19,285341853,2229233.2265625,0.012431784017798483,2025-05-26,2025-11-25,2025-11-25,2025-09-17,2026-02-02,2026-02-02T16:29:55Z
SCHW.N,2026-01-21,12:30:00,EarningsReleases,Q4 2025 Charles Schwab Corp Earnings Release,SCHW,Charles Schwab Corp,Financials,Capital Markets,Investment Banking & Brokerage Services,,,United States of America,US,United States of America,United States of America,161239242509.8,19,285341853,2229233.2265625,0.012431784017798483,2025-05-26,2025-11-25,2025-11-25,2025-09-17,2026-02-02,2026-02-02T16:29:55Z
SCI.N,2025-10-29,20:15:00,EarningsReleases,Q3 2025 Service Corporation International Earnings Release,SCI,Service Corporation International,Consumer Discretionary,Diversified Consumer Services,Personal Services,,,United States of America,US,United States of America,United States of America,10983209164.25,6,38700760,302349.6875,0.011405186908518303,2025-05-26,2025-11-25,2025-11-25,2025-09-17,2026-02-02,2026-02-02T16:29:55Z
SCL.N,2025-10-29,11:00:03,EarningsReleases,Q3 2025 Stepan Co Earnings Release,SCL,Stepan Co,Materials,Chemicals,Specialty Chemicals,,,United States of America,US,United States of America,United States of America,1027808041.6,2,7695154,60118.390625,0.01987404450287684,2025-05-26,2025-11-25,2025-11-25,2025-09-17,2026-02-02,2026-02-02T16:29:55Z
SCM.N,2025-11-10,21:14:10,EarningsReleases,Q3 2025 Stellus Capital Investment Corp Earnings Release,SCM,Stellus Capital Investment Corp,Financials,Capital Markets,Closed End Funds,,,United States of America,US,United States of America,United States of America,347367048.0,5,4642084,36266.28125,0.011773770660442356,2025-05-26,2025-11-25,2025-11-25,2025-09-17,2026-02-02,2026-02-02T16:29:55Z
SD.N,2025-11-05,22:00:00,EarningsReleases,Q3 2025 SandRidge Energy Inc Earnings Release,SD,SandRidge Energy Inc,Energy,"Oil, Gas & Consumable Fuels",Oil & Gas Exploration and Production,,,United States of America,US,United States of America,United States of America,510051857.02,1,13061839,102045.6171875,0.022066789963737714,2025-05-26,2025-11-25,2025-11-25,2025-09-17,2026-02-02,2026-02-02T16:29:55Z
SDHC.N,2025-11-05,12:00:00,EarningsReleases,Q3 2025 Smith Douglas Homes Corp Earnings Release,SDHC,Smith Douglas Homes Corp,Consumer Discretionary,Household Durables,Homebuilding,,,United States of America,US,United States of America,United States of America,983277053.85,6,2988218,23345.453125,0.03635464211378322,2025-05-26,2025-11-25,2025-11-25,2025-09-17,2026-02-02,2026-02-02T16:29:55Z
SDRL.N,2025-11-05,21:30:00,EarningsReleases,Q3 2025 Seadrill Ltd Earnings Release,SDRL,Seadrill Ltd,Energy,Energy Equipment & Services,Oil & Gas Drilling,,,Bermuda,BM,Bermuda,United States of America,1859374037.51,8,41004471,320347.4296875,0.027684253254244794,2025-05-26,2025-11-25,2025-11-25,2025-09-17,2026-02-02,2026-02-02T16:29:55Z
SE.N,2025-11-11,11:30:00,EarningsReleases,Q3 2025 Sea Ltd Earnings Release,SE,Sea Ltd,Consumer Discretionary,Broadline Retail,Software,,,Singapore,SG,Singapore,United States of America,80686396804.86,29,123652081,966031.8828125,0.029676443566459453,2025-05-26,2025-11-25,2025-11-25,2025-09-17,2026-02-02,2026-02-02T16:29:55Z
SEAL_pb.N,2025-11-13,,EarningsReleases,Q3 2025 Seapeak LLC Earnings Release,SEAL PR B,Seapeak LLC,,,Oil & Gas Transportation Services,,,Bermuda,BM,Bermuda,United States of America,168692343.0675,,203790,1617.3809523809523,0.005231656875535684,2025-05-26,2025-11-25,2025-11-25,2025-09-17,2026-02-02,2026-02-02T16:29:55Z
SEE.N,2025-11-04,11:45:00,EarningsReleases,Q3 2025 Sealed Air Corporation Earnings Release,SEE,Sealed Air Corp,Materials,Containers & Packaging,Non-Paper Containers & Packaging,,,United States of America,US,United States of America,United States of America,6377848115.4,10,65530310,511955.546875,0.021793283538880576,2025-05-26,2025-11-25,2025-11-25,2025-09-17,2026-02-02,2026-02-02T16:29:55Z
SEG.N,2025-11-10,21:15:00,EarningsReleases,Q3 2025 Seaport Entertainment Group Inc Earnings Release,SEG,Seaport Entertainment Group Inc,Real Estate,Real Estate Management & Development,Leisure & Recreation,,,United States of America,US,United States of America,United States of America,267309140.29,1,3798032,29672.125,0.023275721299213965,2025-05-26,2025-11-25,2025-11-25,2025-09-17,2026-02-02,2026-02-02T16:29:55Z
SEI.N,2025-11-03,21:14:00,EarningsReleases,Q3 2025 Solaris Energy Infrastructure Inc Earnings Release,SEI,Solaris Energy Infrastructure Inc,Energy,Energy Equipment & Services,Oil Related Services and Equipment,,,United States of America,US,United States of America,United States of America,3196967865.2,9,71386097,557703.8828125,0.04680726439721076,2025-05-26,2025-11-25,2025-11-25,2025-09-17,2026-02-02,2026-02-02T16:29:55Z
SEM.N,2025-10-30,20:30:00,EarningsReleases,Q3 2025 Select Medical Holdings Corp Earnings Release,SEM,Select Medical Holdings Corp,Health Care,Health Care Providers & Services,Healthcare Facilities & Services,,,United States of America,US,United States of America,United States of America,1927839891.87,6,49511186,386806.140625,0.02561516738577745,2025-05-26,2025-11-25,2025-11-25,2025-09-17,2026-02-02,2026-02-02T16:29:55Z
SEMR.N,2025-11-05,21:30:00,EarningsReleases,Q3 2025 SEMrush Holdings Inc Earnings Release,SEMR,SEMrush Holdings Inc,Information Technology,Software,Software,,,United States of America,US,United States of America,United States of America,1762597562.95,6,53103928,414874.4375,0.05939785748848328,2025-05-26,2025-11-25,2025-11-25,2025-09-17,2026-02-02,2026-02-02T16:29:55Z
SES.N,2025-11-05,21:15:00,EarningsReleases,Q3 2025 SES AI Corp Earnings Release,SES,SES AI Corp,Industrials,Electrical Equipment,Electrical Components & Equipment,,,United States of America,US,United States of America,United States of America,682684191.2,3,223893935,1749171.3671875,0.07033387696256428,2025-05-26,2025-11-25,2025-11-25,2025-09-17,2026-02-02,2026-02-02T16:29:55Z
SF.N,2025-10-22,11:00:02,EarningsReleases,Q3 2025 Stifel Financial Corp Earnings Release,SF,Stifel Financial Corp,Financials,Capital Markets,Investment Banking & Brokerage Services,,,United States of America,US,United States of America,United States of America,12279478555.88,8,28768816,224756.375,0.014577080515556267,2025-05-26,2025-11-25,2025-11-25,2025-09-17,2026-02-02,2026-02-02T16:29:55Z
SF.N,2026-01-28,13:30:00,EarningsReleases,Q4 2025 Stifel Financial Corp Earnings Release,SF,Stifel Financial Corp,Financials,Capital Markets,Investment Banking & Brokerage Services,,,United States of America,US,United States of America,United States of America,12279478555.88,8,28768816,224756.375,0.014577080515556267,2025-05-26,2025-11-25,2025-11-25,2025-09-17,2026-02-02,2026-02-02T16:29:55Z
SFBS.N,2025-10-20,20:00:00,EarningsReleases,Q3 2025 ServisFirst Bancshares Inc Earnings Release,SFBS,ServisFirst Bancshares Inc,Financials,Banks,Banks,,,United States of America,US,United States of America,United States of America,3951343471.56,3,11552256,90252.0,0.018933644985581963,2025-05-26,2025-11-25,2025-11-25,2025-09-17,2026-02-02,2026-02-02T16:29:55Z
SFBS.N,2026-01-20,21:00:00,EarningsReleases,Q4 2025 ServisFirst Bancshares Inc Earnings Release,SFBS,ServisFirst Bancshares Inc,Financials,Banks,Banks,,,United States of America,US,United States of America,United States of America,3951343471.56,3,11552256,90252.0,0.018933644985581963,2025-05-26,2025-11-25,2025-11-25,2025-09-17,2026-02-02,2026-02-02T16:29:55Z
SFL.N,2025-11-11,11:05:58,EarningsReleases,Q3 2025 SFL Corporation Ltd Earnings Release,SFL,SFL Corporation Ltd,Energy,"Oil, Gas & Consumable Fuels",Oil & Gas Transportation Services,,,Bermuda,BM,Bermuda,United States of America,1188307259.94,5,54385848,424889.4375,0.024308733559038075,2025-05-26,2025-11-25,2025-11-25,2025-09-17,2026-02-02,2026-02-02T16:29:55Z
SG.N,2025-11-06,21:05:02,EarningsReleases,Q3 2025 Sweetgreen Inc Earnings Release,SG,Sweetgreen Inc,Consumer Discretionary,"Hotels, Restaurants & Leisure",Restaurants & Bars,,,United States of America,US,United States of America,United States of America,812042491.26,14,162331394,1268214.015625,0.04765790906359056,2025-05-26,2025-11-25,2025-11-25,2025-09-17,2026-02-02,2026-02-02T16:29:55Z
SGHC.N,2025-11-03,21:01:00,EarningsReleases,Q3 2025 SGHC Ltd Earnings Release,SGHC,SGHC Ltd,Consumer Discretionary,"Hotels, Restaurants & Leisure",Casinos & Gaming,,,Guernsey,GG,Guernsey,United States of America,5926072589.96,7,76205909,595358.6640625,0.029990647416613184,2025-05-26,2025-11-25,2025-11-25,2025-09-17,2026-02-02,2026-02-02T16:29:55Z
SGI.N,2025-11-06,11:36:00,EarningsReleases,Q3 2025 Somnigroup International Inc Earnings Release,SGI,Somnigroup International Inc,Consumer Discretionary,Household Durables,Home Furnishings,,,United States of America,US,United States of America,United States of America,18736357910.12,9,79490423,621018.9296875,0.017875577001754617,2025-05-26,2025-11-25,2025-11-25,2025-09-17,2026-02-02,2026-02-02T16:29:55Z
SGU.N,2025-12-09,00:22:38,EarningsReleases,Q4 2025 Star Group LP Earnings Release,SGU,Star Group LP,Utilities,Gas Utilities,Oil & Gas Refining and Marketing,,,United States of America,US,United States of America,United States of America,406301666.16,,1374420,10737.65625,0.010318559204036471,2025-05-26,2025-11-25,2025-11-25,2025-09-17,2026-02-02,2026-02-02T16:29:55Z
SHAK.N,2025-10-30,11:00:00,EarningsReleases,Q3 2025 Shake Shack Inc Earnings Release,SHAK,Shake Shack Inc,Consumer Discretionary,"Hotels, Restaurants & Leisure",Restaurants & Bars,,,United States of America,US,United States of America,United States of America,3713462002.22,24,44281409,345948.5078125,0.026654697684251695,2025-05-26,2025-11-25,2025-11-25,2025-09-17,2026-02-02,2026-02-02T16:29:55Z
SHAK.N,2026-01-12,12:00:00,EarningsReleases,Preliminary Q4 2025 Shake Shack Inc Earnings Release and Business Update,SHAK,Shake Shack Inc,Consumer Discretionary,"Hotels, Restaurants & Leisure",Restaurants & Bars,,,United States of America,US,United States of America,United States of America,3713462002.22,24,44281409,345948.5078125,0.026654697684251695,2025-05-26,2025-11-25,2025-11-25,2025-09-17,2026-02-02,2026-02-02T16:29:55Z
SHO.N,2025-11-07,12:30:00,EarningsReleases,Q3 2025 Sunstone Hotel Investors Inc Earnings Release,SHO,Sunstone Hotel Investors Inc,Real Estate,Hotel & Resort REITs,Specialized REITs,,,United States of America,US,United States of America,United States of America,1773695411.66,5,80056208,625439.125,0.016569260086484038,2025-05-26,2025-11-25,2025-11-25,2025-09-17,2026-02-02,2026-02-02T16:29:55Z
SHW.N,2025-10-28,11:00:02,EarningsReleases,Q3 2025 Sherwin-Williams Co Earnings Release,SHW,Sherwin-Williams Co,Materials,Chemicals,Commodity Chemicals,,,United States of America,US,United States of America,United States of America,84940712229.45,28,70190627,548364.2734375,0.014625679954077337,2025-05-26,2025-11-25,2025-11-25,2025-09-17,2026-02-02,2026-02-02T16:29:55Z
SHW.N,2026-01-29,12:00:01,EarningsReleases,Q4 2025 Sherwin-Williams Co Earnings Release,SHW,Sherwin-Williams Co,Materials,Chemicals,Commodity Chemicals,,,United States of America,US,United States of America,United States of America,84940712229.45,28,70190627,548364.2734375,0.014625679954077337,2025-05-26,2025-11-25,2025-11-25,2025-09-17,2026-02-02,2026-02-02T16:29:55Z
SI.N,2025-11-11,21:00:00,EarningsReleases,Q3 2025 Shoulder Innovations Inc Earnings Release,SI,Shoulder Innovations Inc,Health Care,Health Care Equipment & Supplies,"Medical Equipment, Supplies & Distribution",,,United States of America,US,United States of America,United States of America,310055344.2,5,3143211,37870.01204819277,0.058663338156349595,2025-05-26,2025-11-25,2025-11-25,2025-09-17,2026-02-02,2026-02-02T16:29:55Z
SIG.N,2025-12-02,12:00:00,EarningsReleases,Q3 2026 Signet Jewelers Ltd Earnings Release,SIG,Signet Jewelers Ltd,Consumer Discretionary,Specialty Retail,Apparel & Accessories Retailers,,,Bermuda,BM,United States of America,United States of America,4091610091.2,11,34189021,267101.7265625,0.026695953712599436,2025-05-26,2025-11-25,2025-11-25,2025-09-17,2026-02-02,2026-02-02T16:29:55Z
SII.N,2025-11-05,12:00:00,EarningsReleases,Q3 2025 Sprott Inc Earnings Release,SII,Sprott Inc,Financials,Capital Markets,Investment Management & Fund Operators,,,Canada,CA,Canada,United States of America,2268005297.13394,,4443019,34711.0859375,0.020084237515658326,2025-05-26,2025-11-25,2025-11-25,2025-09-17,2026-02-02,2026-02-02T16:29:55Z
SILA.N,2025-11-04,21:34:00,EarningsReleases,Q3 2025 Sila Realty Trust Inc Earnings Release,SILA,Sila Realty Trust Inc,Real Estate,Health Care REITs,Specialized REITs,,,United States of America,US,United States of America,United States of America,1304135792.96,4,18608030,145375.234375,0.012009089238959053,2025-05-26,2025-11-25,2025-11-25,2025-09-17,2026-02-02,2026-02-02T16:29:55Z
SITC.N,2025-11-05,21:05:01,EarningsReleases,Q3 2025 Site Centers Corp Earnings Release,SITC,Site Centers Corp,Real Estate,Retail REITs,Commercial REITs,,,United States of America,US,United States of America,United States of America,387696692.6,1,50006487,390675.6796875,0.017991696742481637,2025-05-26,2025-11-25,2025-11-25,2025-09-17,2026-02-02,2026-02-02T16:29:55Z
SITE.N,2025-10-29,10:00:00,EarningsReleases,Q3 2025 SiteOne Landscape Supply Inc Earnings Release,SITE,SiteOne Landscape Supply Inc,Industrials,Trading Companies & Distributors,Diversified Industrial Goods Wholesale,,,United States of America,US,United States of America,United States of America,6018664231.68,10,20789866,162420.828125,0.023771418918581925,2025-05-26,2025-11-25,2025-11-25,2025-09-17,2026-02-02,2026-02-02T16:29:55Z
SJM.N,2025-11-25,12:00:00,EarningsReleases,Q2 2026 J M Smucker Co Earnings Release,SJM,J M Smucker Co,Consumer Staples,Food Products,Food Processing,,,United States of America,US,United States of America,United States of America,10709976544.26,20,80449033,628508.0703125,0.021926193759679965,2025-05-26,2025-11-25,2025-11-25,2025-09-17,2026-02-02,2026-02-02T16:29:55Z
SJT.N,2025-11-13,,EarningsReleases,Q3 2025 San Juan Basin Royalty Trust Earnings Release,SJT,San Juan Basin Royalty Trust,Energy,"Oil, Gas & Consumable Fuels",Oil & Gas Exploration and Production,,,United States of America,US,United States of America,United States of America,250755322.48,,4782760,37365.3125,0.024677919362735938,2025-05-26,2025-11-25,2025-11-25,2025-09-17,2026-02-02,2026-02-02T16:29:55Z
SKE.N,2025-11-13,22:20:35,EarningsReleases,Q3 2025 Skeena Resources Ltd Earnings Release,SKE,Skeena Resources Ltd,Materials,Metals & Mining,Diversified Mining,,,Canada,CA,Canada,United States of America,2282855096.17839,7,20486190,160048.359375,0.0343163967831568,2025-05-26,2025-11-25,2025-11-25,2025-09-17,2026-02-02,2026-02-02T16:29:55Z
SKIL.N,2025-12-10,21:05:00,EarningsReleases,Q3 2026 Skillsoft Corp Earnings Release,SKIL,Skillsoft Corp,Industrials,Professional Services,Professional & Business Education,,,United States of America,US,United States of America,United States of America,112638819.15,1,2239407,17495.3671875,0.05243141350160498,2025-05-26,2025-11-25,2025-11-25,2025-09-17,2026-02-02,2026-02-02T16:29:55Z
SKLZ.N,2025-11-06,12:15:00,EarningsReleases,Q3 2025 Skillz Inc Earnings Release,SKLZ,Skillz Inc,Communication Services,Entertainment,Online Services,,,United States of America,US,United States of America,United States of America,80600899.85,1,2380298,18596.078125,0.040905293250775944,2025-05-26,2025-11-25,2025-11-25,2025-09-17,2026-02-02,2026-02-02T16:29:55Z
SKT.N,2025-11-04,21:05:01,EarningsReleases,Q3 2025 Tanger Inc Earnings Release,SKT,Tanger Inc,Real Estate,Retail REITs,Commercial REITs,,,United States of America,US,United States of America,United States of America,3864242834.28,5,38966341,304424.5390625,0.013719180060337514,2025-05-26,2025-11-25,2025-11-25,2025-09-17,2026-02-02,2026-02-02T16:29:55Z
SKY.N,2025-11-04,21:15:00,EarningsReleases,Q2 2026 Champion Homes Inc Earnings Release,SKY,Champion Homes Inc,Consumer Discretionary,Household Durables,Homebuilding,,,United States of America,US,United States of America,United States of America,4781469196.0,7,32151284,251181.90625,0.03088727172187967,2025-05-26,2025-11-25,2025-11-25,2025-09-17,2026-02-02,2026-02-02T16:29:55Z
SKYH.N,2025-11-12,21:00:00,EarningsReleases,Q3 2025 Sky Harbour Group Corp Earnings Release,SKYH,Sky Harbour Group Corp,Industrials,Transportation Infrastructure,Airport Operators & Services,,,United States of America,US,United States of America,United States of America,680644787.2,7,5904922,46132.203125,0.022888944771852163,2025-05-26,2025-11-25,2025-11-25,2025-09-17,2026-02-02,2026-02-02T16:29:55Z
SLAI.N,2025-11-21,21:30:00,EarningsReleases,Q3 2025 SOLAI Ltd Earnings Release,SLAI,SOLAI Ltd,Information Technology,Software,Blockchain & Cryptocurrency,,,United States of America,US,United States of America,United States of America,25963163.65,1,13806132,107860.40625,0.10955407982792224,2025-05-26,2025-11-25,2025-11-25,2025-09-17,2026-02-02,2026-02-02T16:29:55Z
SLB.N,2025-10-17,11:00:00,EarningsReleases,Q3 2025 Slb NV Earnings Release,SLB,Slb NV,Energy,Energy Equipment & Services,Oil Related Services and Equipment,,,United States of America,US,United States of America,United States of America,53631858496.5,30,550778070,4302953.671875,0.019387467495428162,2025-05-26,2025-11-25,2025-11-25,2025-09-17,2026-02-02,2026-02-02T16:29:55Z
SLB.N,2026-01-23,12:00:00,EarningsReleases,Q4 2025 Slb NV Earnings Release,SLB,Slb NV,Energy,Energy Equipment & Services,Oil Related Services and Equipment,,,United States of America,US,United States of America,United States of America,53631858496.5,30,550778070,4302953.671875,0.019387467495428162,2025-05-26,2025-11-25,2025-11-25,2025-09-17,2026-02-02,2026-02-02T16:29:55Z
SLF.N,2025-11-05,22:01:00,EarningsReleases,Q3 2025 Sun Life Financial Inc Earnings Release,SLF,Sun Life Financial Inc,Financials,Insurance,Life & Health Insurance,,,Canada,CA,Canada,United States of America,33344759136.2876,10,21086523,164738.4609375,0.012705421577166968,2025-05-26,2025-11-25,2025-11-25,2025-09-17,2026-02-02,2026-02-02T16:29:55Z
SLG.N,2025-10-15,20:39:10,EarningsReleases,Q3 2025 SL Green Realty Corp Earnings Release,SLG,SL Green Realty Corp,Real Estate,Office REITs,Commercial REITs,,,United States of America,US,United States of America,United States of America,3322590947.08,8,37877941,295921.4140625,0.022265287818616974,2025-05-26,2025-11-25,2025-11-25,2025-09-17,2026-02-02,2026-02-02T16:29:55Z
SLG.N,2026-01-28,21:05:01,EarningsReleases,Q4 2025 SL Green Realty Corp Earnings Release,SLG,SL Green Realty Corp,Real Estate,Office REITs,Commercial REITs,,,United States of America,US,United States of America,United States of America,3322590947.08,8,37877941,295921.4140625,0.022265287818616974,2025-05-26,2025-11-25,2025-11-25,2025-09-17,2026-02-02,2026-02-02T16:29:55Z
SLGN.N,2025-10-29,10:55:00,EarningsReleases,Q3 2025 Silgan Holdings Inc Earnings Release,SLGN,Silgan Holdings Inc,Materials,Containers & Packaging,Non-Paper Containers & Packaging,,,United States of America,US,United States of America,United States of America,4171773232.2,11,46725472,365042.75,0.023204049849367282,2025-05-26,2025-11-25,2025-11-25,2025-09-17,2026-02-02,2026-02-02T16:29:55Z
SLQT.N,2025-11-06,12:30:00,EarningsReleases,Q1 2026 SelectQuote Inc Earnings Release,SLQT,SelectQuote Inc,Financials,Insurance,Multiline Insurance & Brokers,,,United States of America,US,United States of America,United States of America,255159028.8,4,42888441,335065.9453125,0.05003902983529331,2025-05-26,2025-11-25,2025-11-25,2025-09-17,2026-02-02,2026-02-02T16:29:55Z
SLVM.N,2025-11-07,12:00:00,EarningsReleases,Q3 2025 Sylvamo Corp Earnings Release,SLVM,Sylvamo Corp,Materials,Paper & Forest Products,Paper Products,,,United States of America,US,United States of America,United States of America,1894219483.71,3,17214311,134486.8046875,0.027588914659955843,2025-05-26,2025-11-25,2025-11-25,2025-09-17,2026-02-02,2026-02-02T16:29:55Z
SM.N,2025-11-03,11:30:00,EarningsReleases,Q3 2025 SM Energy Co Earnings Release,SM,SM Energy Co,Energy,"Oil, Gas & Consumable Fuels",Oil & Gas Exploration and Production,,,United States of America,US,United States of America,United States of America,2119252552.0,13,91192784,712443.625,0.030218471698250565,2025-05-26,2025-11-25,2025-11-25,2025-09-17,2026-02-02,2026-02-02T16:29:55Z
SMA.N,2025-11-05,21:05:03,EarningsReleases,Q3 2025 SmartStop Self Storage REIT Inc Earnings Release,SMA,SmartStop Self Storage REIT Inc,Real Estate,Specialized REITs,Specialized REITs,,,United States of America,US,United States of America,United States of America,1953733494.04,6,29016499,226691.3984375,0.014531104599644028,2025-05-26,2025-11-25,2025-11-25,2025-09-17,2026-02-02,2026-02-02T16:29:55Z
SMBK.N,2025-10-21,21:00:00,EarningsReleases,Q3 2025 SmartFinancial Inc Earnings Release,SMBK,SmartFinancial Inc,Financials,Banks,Banks,,,United States of America,US,United States of America,United States of America,621522036.5,6,3353423,26198.6171875,0.016109151196448863,2025-05-26,2025-11-25,2025-11-25,2025-09-17,2026-02-02,2026-02-02T16:29:55Z
SMBK.N,2026-01-20,22:00:01,EarningsReleases,Q4 2025 SmartFinancial Inc Earnings Release,SMBK,SmartFinancial Inc,Financials,Banks,Banks,,,United States of America,US,United States of America,United States of America,621522036.5,6,3353423,26198.6171875,0.016109151196448863,2025-05-26,2025-11-25,2025-11-25,2025-09-17,2026-02-02,2026-02-02T16:29:55Z
SMC.N,2025-11-10,21:15:00,EarningsReleases,Q3 2025 Summit Midstream Corp Earnings Release,SMC,Summit Midstream Corp,Energy,"Oil, Gas & Consumable Fuels",Oil & Gas Transportation Services,,,United States of America,US,United States of America,United States of America,473605673.41,,4388792,34287.4375,0.03480429001631617,2025-05-26,2025-11-25,2025-11-25,2025-09-17,2026-02-02,2026-02-02T16:29:55Z
SMG.N,2025-11-05,12:00:02,EarningsReleases,Q4 2025 Scotts Miracle-Gro Co Earnings Release,SMG,Scotts Miracle-Gro Co,Materials,Chemicals,Agricultural Chemicals,,,United States of America,US,United States of America,United States of America,3213523396.29,9,30626886,239272.546875,0.021259710161323775,2025-05-26,2025-11-25,2025-11-25,2025-09-17,2026-02-02,2026-02-02T16:29:55Z
SMG.N,2026-01-28,12:00:01,EarningsReleases,Q1 2026 Scotts Miracle-Gro Co Earnings Release,SMG,Scotts Miracle-Gro Co,Materials,Chemicals,Agricultural Chemicals,,,United States of America,US,United States of America,United States of America,3213523396.29,9,30626886,239272.546875,0.021259710161323775,2025-05-26,2025-11-25,2025-11-25,2025-09-17,2026-02-02,2026-02-02T16:29:55Z
SMHI.N,2025-10-29,20:37:10,EarningsReleases,Q3 2025 SEACOR Marine Holdings Inc Earnings Release,SMHI,SEACOR Marine Holdings Inc,Energy,Energy Equipment & Services,Oil & Gas Transportation Services,,,United States of America,US,United States of America,United States of America,188024525.23,1,5062610,39551.640625,0.039614935547045996,2025-05-26,2025-11-25,2025-11-25,2025-09-17,2026-02-02,2026-02-02T16:29:55Z
SMP.N,2025-10-31,12:30:01,EarningsReleases,Q3 2025 Standard Motor Products Inc Earnings Release,SMP,Standard Motor Products Inc,Consumer Discretionary,Automobile Components,"Auto, Truck & Motorcycle Parts",,,United States of America,US,United States of America,United States of America,841469017.5,3,8400303,65627.3671875,0.021272826612220835,2025-05-26,2025-11-25,2025-11-25,2025-09-17,2026-02-02,2026-02-02T16:29:55Z
SMR.N,2025-11-06,21:15:00,EarningsReleases,Q3 2025 Nuscale Power Corp Earnings Release,SMR,Nuscale Power Corp,Industrials,Electrical Equipment,Electric Utilities,,,United States of America,US,United States of America,United States of America,5670031402.13,17,375965355,2937229.3359375,0.06690380157083758,2025-05-26,2025-11-25,2025-11-25,2025-09-17,2026-02-02,2026-02-02T16:29:55Z
SMRT.N,2025-11-05,13:00:02,EarningsReleases,Q3 2025 SmartRent Inc Earnings Release,SMRT,SmartRent Inc,Information Technology,"Electronic Equipment, Instruments & Components",Integrated Hardware & Software,,,United States of America,US,United States of America,United States of America,329209256.28,2,48656069,380125.5390625,0.0380246485026688,2025-05-26,2025-11-25,2025-11-25,2025-09-17,2026-02-02,2026-02-02T16:29:55Z
SMWB.N,2025-11-11,21:00:00,EarningsReleases,Q3 2025 Similarweb Ltd Earnings Release,SMWB,Similarweb Ltd,Information Technology,Software,Software,,,Israel,IL,Israel,United States of America,660914872.9,9,14606363,114112.2109375,0.03418147828434941,2025-05-26,2025-11-25,2025-11-25,2025-09-17,2026-02-02,2026-02-02T16:29:55Z
SN.N,2025-11-06,12:00:00,EarningsReleases,Q3 2025 Sharkninja Inc Earnings Release,SN,Sharkninja Inc,Consumer Discretionary,Household Durables,"Appliances, Tools & Housewares",,,United States of America,US,United States of America,United States of America,13170389339.31,13,50838013,397171.9765625,0.024796331182027162,2025-05-26,2025-11-25,2025-11-25,2025-09-17,2026-02-02,2026-02-02T16:29:55Z
SNA.N,2025-10-16,10:30:00,EarningsReleases,Q3 2025 Snap-On Inc Earnings Release,SNA,Snap-On Inc,Industrials,Machinery,Industrial Machinery & Equipment,,,United States of America,US,United States of America,United States of America,17697651571.53,11,13939839,108904.9921875,0.013525260696812855,2025-05-26,2025-11-25,2025-11-25,2025-09-17,2026-02-02,2026-02-02T16:29:55Z
SNAP.N,2025-11-05,21:00:00,EarningsReleases,Q3 2025 Snap Inc Earnings Release,SNAP,Snap Inc,Communication Services,Interactive Media & Services,Software,,,United States of America,US,United States of America,United States of America,13135899788.04,41,1020741441,7974542.5078125,0.03380442393845198,2025-05-26,2025-11-25,2025-11-25,2025-09-17,2026-02-02,2026-02-02T16:29:55Z
SNDA.N,2025-11-10,13:15:00,EarningsReleases,Q3 2025 Sonida Senior Living Inc Earnings Release,SNDA,Sonida Senior Living Inc,Health Care,Health Care Providers & Services,Healthcare Facilities & Services,,,United States of America,US,United States of America,United States of America,622601099.02,1,1265857,9889.5078125,0.02035609607886381,2025-05-26,2025-11-25,2025-11-25,2025-09-17,2026-02-02,2026-02-02T16:29:55Z
SNDR.N,2025-10-30,13:00:02,EarningsReleases,Q3 2025 Schneider National Inc Earnings Release,SNDR,Schneider National Inc,Industrials,Ground Transportation,Ground Freight & Logistics,,,United States of America,US,United States of America,United States of America,3933722866.92,17,45337625,354200.1953125,0.022227972856214827,2025-05-26,2025-11-25,2025-11-25,2025-09-17,2026-02-02,2026-02-02T16:29:55Z
SNDR.N,2026-01-29,21:05:01,EarningsReleases,Q4 2025 Schneider National Inc Earnings Release,SNDR,Schneider National Inc,Industrials,Ground Transportation,Ground Freight & Logistics,,,United States of America,US,United States of America,United States of America,3933722866.92,17,45337625,354200.1953125,0.022227972856214827,2025-05-26,2025-11-25,2025-11-25,2025-09-17,2026-02-02,2026-02-02T16:29:55Z
SNOW.N,2025-12-03,21:05:00,EarningsReleases,Q3 2026 Snowflake Inc Earnings Release,SNOW,Snowflake Inc,Information Technology,IT Services,IT Services & Consulting,,,United States of America,US,United States of America,United States of America,85659504000.0,51,111308275,869595.8984375,0.027431232766904668,2025-05-26,2025-11-25,2025-11-25,2025-09-17,2026-02-02,2026-02-02T16:29:55Z
SNX.N,2025-09-25,10:00:01,EarningsReleases,Q3 2025 TD Synnex Corp Earnings Release,SNX,TD Synnex Corp,Information Technology,"Electronic Equipment, Instruments & Components",Computer Hardware,,,United States of America,US,United States of America,United States of America,12380997095.65,12,28696137,224188.5703125,0.016439363813599474,2025-05-26,2025-11-25,2025-11-25,2025-09-17,2026-02-02,2026-02-02T16:29:55Z
SNX.N,2026-01-08,13:30:00,EarningsReleases,Q4 2025 TD Synnex Corp Earnings Release,SNX,TD Synnex Corp,Information Technology,"Electronic Equipment, Instruments & Components",Computer Hardware,,,United States of America,US,United States of America,United States of America,12380997095.65,12,28696137,224188.5703125,0.016439363813599474,2025-05-26,2025-11-25,2025-11-25,2025-09-17,2026-02-02,2026-02-02T16:29:55Z
SO.N,2025-10-30,11:30:00,EarningsReleases,Q3 2025 Southern Co Earnings Release,SO,Southern Co,Utilities,Electric Utilities,Electric Utilities,,,United States of America,US,United States of America,United States of America,98317651431.47,25,201086185,1570985.8203125,0.008277040093797783,2025-05-26,2025-11-25,2025-11-25,2025-09-17,2026-02-02,2026-02-02T16:29:55Z
SOBO.N,2025-11-13,23:02:55,EarningsReleases,Q3 2025 South Bow Corp Earnings Release,SOBO,South Bow Corp,Energy,"Oil, Gas & Consumable Fuels",Oil & Gas Transportation Services,,,Canada,CA,Canada,United States of America,5671371359.84118,5,36668609,286473.5078125,0.012235753013522201,2025-05-26,2025-11-25,2025-11-25,2025-09-17,2026-02-02,2026-02-02T16:29:55Z
SOC.N,2025-11-13,21:08:00,EarningsReleases,Q3 2025 Sable Offshore Corp Earnings Release,SOC,Sable Offshore Corp,Energy,"Oil, Gas & Consumable Fuels",Oil & Gas Exploration and Production,,,United States of America,US,United States of America,United States of America,646529610.16,5,148957422,1163729.859375,0.08435934313324828,2025-05-26,2025-11-25,2025-11-25,2025-09-17,2026-02-02,2026-02-02T16:29:55Z
SOLV.N,2025-11-06,21:05:01,EarningsReleases,Q3 2025 Solventum Corp Earnings Release,SOLV,Solventum Corp,Health Care,Health Care Equipment & Supplies,"Medical Equipment, Supplies & Distribution",,,United States of America,US,United States of America,United States of America,14876596963.89,15,42667764,333341.90625,0.015659478136861183,2025-05-26,2025-11-25,2025-11-25,2025-09-17,2026-02-02,2026-02-02T16:29:55Z
SON.N,2025-10-22,21:23:21,EarningsReleases,Q3 2025 Sonoco Products Co Earnings Release,SON,Sonoco Products Co,Materials,Containers & Packaging,Paper Packaging,,,United States of America,US,United States of America,United States of America,4100174350.41,10,42198746,329677.703125,0.015172169944719005,2025-05-26,2025-11-25,2025-11-25,2025-09-17,2026-02-02,2026-02-02T16:29:55Z
SOS.N,2025-09-26,20:10:02,EarningsReleases,Half Year 2025 Sos Ltd Earnings Release,SOS,Sos Ltd,Industrials,Professional Services,Investment Banking & Brokerage Services,,,China,CN,China,United States of America,9996568.98,,3105728,24263.5,0.10580964664890699,2025-05-26,2025-11-25,2025-11-25,2025-09-17,2026-02-02,2026-02-02T16:29:55Z
SPB.N,2025-11-13,11:30:00,EarningsReleases,Q4 2025 Spectrum Brands Holdings Inc Earnings Release,SPB,Spectrum Brands Holdings Inc,Consumer Staples,Household Products,"Appliances, Tools & Housewares",,,United States of America,US,United States of America,United States of America,1375868921.94,8,22406498,175050.765625,0.023713025050254823,2025-05-26,2025-11-25,2025-11-25,2025-09-17,2026-02-02,2026-02-02T16:29:55Z
SPCE.N,2025-11-13,21:05:00,EarningsReleases,Q3 2025 Virgin Galactic Holdings Inc Earnings Release,SPCE,Virgin Galactic Holdings Inc,Industrials,Aerospace & Defense,Aerospace & Defense,,,United States of America,US,United States of America,United States of America,221832859.95,9,81512780,636818.59375,0.044218228637810164,2025-05-26,2025-11-25,2025-11-25,2025-09-17,2026-02-02,2026-02-02T16:29:55Z
SPG.N,2025-11-03,21:05:01,EarningsReleases,Q3 2025 Simon Property Group Inc Earnings Release,SPG,Simon Property Group Inc,Real Estate,Retail REITs,Commercial REITs,,,United States of America,US,United States of America,United States of America,60439402207.8,10,65686739,513177.6484375,0.010983331860750907,2025-05-26,2025-11-25,2025-11-25,2025-09-17,2026-02-02,2026-02-02T16:29:55Z
SPG.N,2026-02-02,21:00:00,EarningsReleases,Q4 2025 Simon Property Group Inc Earnings Release,SPG,Simon Property Group Inc,Real Estate,Retail REITs,Commercial REITs,,,United States of America,US,United States of America,United States of America,60439402207.8,10,65686739,513177.6484375,0.010983331860750907,2025-05-26,2025-11-25,2025-11-25,2025-09-17,2026-02-02,2026-02-02T16:29:55Z
SPGI.N,2025-10-30,11:19:13,EarningsReleases,Q3 2025 S&P Global Inc Earnings Release,SPGI,S&P Global Inc,Financials,Capital Markets,Professional Information Services,,,United States of America,US,United States of America,United States of America,149640732000.0,26,52730887,411960.0546875,0.012809111440331514,2025-05-26,2025-11-25,2025-11-25,2025-09-17,2026-02-02,2026-02-02T16:29:55Z
SPH.N,2025-11-13,12:30:00,EarningsReleases,Q4 2025 Suburban Propane Partners LP Earnings Release,SPH,Suburban Propane Partners LP,Utilities,Gas Utilities,Oil & Gas Refining and Marketing,,,United States of America,US,United States of America,United States of America,1272866644.4,2,4929447,38511.3046875,0.01359517513882394,2025-05-26,2025-11-25,2025-11-25,2025-09-17,2026-02-02,2026-02-02T16:29:55Z
SPHR.N,2025-11-04,12:30:00,EarningsReleases,Q3 2025 Sphere Entertainment Co Earnings Release,SPHR,Sphere Entertainment Co,Communication Services,Entertainment,Entertainment Production,,,United States of America,US,United States of America,United States of America,2888353407.19,8,29657647,231700.3671875,0.029176504314542936,2025-05-26,2025-11-25,2025-11-25,2025-09-17,2026-02-02,2026-02-02T16:29:55Z
SPIR.N,2025-12-17,12:30:00,EarningsReleases,Q3 2025 Spire Global Inc Earnings Release,SPIR,Spire Global Inc,Industrials,Professional Services,Wireless Telecommunications Services,,,United States of America,US,United States of America,United States of America,275224564.44,5,21978256,171705.125,0.051013170375260555,2025-05-26,2025-11-25,2025-11-25,2025-09-17,2026-02-02,2026-02-02T16:29:55Z
SPMC.N,2025-11-13,12:00:00,EarningsReleases,Q2 2026 Sound Point Meridian Capital Inc Earnings Release,SPMC,Sound Point Meridian Capital Inc,Financials,Capital Markets,Closed End Funds,,,United States of America,US,United States of America,United States of America,298844947.8,5,537261,4197.3515625,0.014065938292236685,2025-05-26,2025-11-25,2025-11-25,2025-09-17,2026-02-02,2026-02-02T16:29:55Z
SPNT.N,2025-10-30,20:15:03,EarningsReleases,Q3 2025 Siriuspoint Ltd Earnings Release,SPNT,Siriuspoint Ltd,Financials,Insurance,Reinsurance,,,Bermuda,BM,Bermuda,United States of America,2443762268.8,2,36998712,289052.4375,0.017698778424926755,2025-05-26,2025-11-25,2025-11-25,2025-09-17,2026-02-02,2026-02-02T16:29:55Z
SPOT.N,2025-11-04,11:00:00,EarningsReleases,Q3 2025 Spotify Technology SA Earnings Release,SPOT,Spotify Technology SA,Communication Services,Entertainment,Online Services,,,Luxembourg,LU,Luxembourg,United States of America,120544768962.05,38,47862689,373927.2578125,0.023419504945860196,2025-05-26,2025-11-25,2025-11-25,2025-09-17,2026-02-02,2026-02-02T16:29:55Z
SPRU.N,2025-11-11,21:05:00,EarningsReleases,Q3 2025 Spruce Power Holding Corp Earnings Release,SPRU,Spruce Power Holding Corp,Utilities,Independent Power and Renewable Electricity Producers,Electric Utilities,,,United States of America,US,United States of America,United States of America,92116135.41,,7028155,54907.4609375,0.0741019093035249,2025-05-26,2025-11-25,2025-11-25,2025-09-17,2026-02-02,2026-02-02T16:29:55Z
SPXC.N,2025-10-30,20:05:08,EarningsReleases,Q3 2025 SPX Technologies Inc Earnings Release,SPXC,SPX Technologies Inc,Industrials,Machinery,Industrial Machinery & Equipment,,,United States of America,US,United States of America,United States of America,10749533096.1,11,13605123,106290.0234375,0.020510137219564514,2025-05-26,2025-11-25,2025-11-25,2025-09-17,2026-02-02,2026-02-02T16:29:55Z
SQNS.N,2025-11-04,11:05:22,EarningsReleases,Q3 2025 Sequans Communications SA Earnings Release,SQNS,Sequans Communications SA,Information Technology,Semiconductors & Semiconductor Equipment,Semiconductors,,,France,FR,France,United States of America,86224589.5,3,6739171,52649.7734375,0.09307031901268578,2025-05-26,2025-11-25,2025-11-25,2025-09-17,2026-02-02,2026-02-02T16:29:55Z
SR.N,2025-11-14,12:00:00,EarningsReleases,Q4 2025 Spire Inc Earnings Release,SR,Spire Inc,Utilities,Gas Utilities,Natural Gas Utilities,,,United States of America,US,United States of America,United States of America,5141630654.61,11,22335360,174495.0,0.011387135075862287,2025-05-26,2025-11-25,2025-11-25,2025-09-17,2026-02-02,2026-02-02T16:29:55Z
SRE.N,2025-11-05,12:55:00,EarningsReleases,Q3 2025 Sempra Earnings Release,SRE,Sempra,Utilities,Multi-Utilities,Multiline Utilities,,,United States of America,US,United States of America,United States of America,60353460246.87,18,162389659,1268669.2109375,0.011977331680329488,2025-05-26,2025-11-25,2025-11-25,2025-09-17,2026-02-02,2026-02-02T16:29:55Z
SRFM.N,2025-11-12,21:05:00,EarningsReleases,Q3 2025 Surf Air Mobility Inc Earnings Release,SRFM,Surf Air Mobility Inc,Industrials,Passenger Airlines,Airlines,,,United States of America,US,United States of America,United States of America,120358998.41,3,91306942,713335.484375,0.10130131691313454,2025-05-26,2025-11-25,2025-11-25,2025-09-17,2026-02-02,2026-02-02T16:29:55Z
SRG.N,2025-11-14,22:10:00,EarningsReleases,Q3 2025 Seritage Growth Properties Earnings Release,SRG,Seritage Growth Properties,Real Estate,Real Estate Management & Development,"Real Estate Rental, Development & Operations",,,United States of America,US,United States of America,United States of America,199952354.85,,4013824,31358.0,0.031283222234059695,2025-05-26,2025-11-25,2025-11-25,2025-09-17,2026-02-02,2026-02-02T16:29:55Z
SRI.N,2025-11-05,22:00:00,EarningsReleases,Q3 2025 Stoneridge Inc Earnings Release,SRI,Stoneridge Inc,Consumer Discretionary,Automobile Components,"Auto, Truck & Motorcycle Parts",,,United States of America,US,United States of America,United States of America,158855998.77,0,11702862,91428.609375,0.03939710098820863,2025-05-26,2025-11-25,2025-11-25,2025-09-17,2026-02-02,2026-02-02T16:29:55Z
SRL.N,2025-12-31,21:00:00,EarningsReleases,Half Year 2025 Scully Royalty Ltd Earnings Release,SRL,Scully Royalty Ltd,Materials,Metals & Mining,Mining Support Services & Equipment,,,China,CN,Canada,United States of America,85267565.6,,157705,1261.64,0.027224668386029167,2025-05-26,2025-11-25,2025-11-25,2025-09-17,2026-02-02,2026-02-02T16:29:55Z
SSB.N,2025-10-22,20:05:41,EarningsReleases,Q3 2025 SouthState Bank Corp Earnings Release,SSB,SouthState Bank Corp,Financials,Banks,Banks,,,United States of America,US,United States of America,United States of America,9039346414.73,13,41231755,322123.0859375,0.016686410374626592,2025-05-26,2025-11-25,2025-11-25,2025-09-17,2026-02-02,2026-02-02T16:29:55Z
SSB.N,2026-01-22,21:05:01,EarningsReleases,Q4 2025 SouthState Bank Corp Earnings Release,SSB,SouthState Bank Corp,Financials,Banks,Banks,,,United States of America,US,United States of America,United States of America,9039346414.73,13,41231755,322123.0859375,0.016686410374626592,2025-05-26,2025-11-25,2025-11-25,2025-09-17,2026-02-02,2026-02-02T16:29:55Z
SSD.N,2025-10-27,20:15:00,EarningsReleases,Q3 2025 Simpson Manufacturing Co Inc Earnings Release,SSD,Simpson Manufacturing Co Inc,Industrials,Building Products,Construction Supplies & Fixtures,,,United States of America,US,United States of America,United States of America,6892604468.75,4,10271521,80246.2578125,0.01899040629451932,2025-05-26,2025-11-25,2025-11-25,2025-09-17,2026-02-02,2026-02-02T16:29:55Z
SST.N,2025-11-05,21:05:01,EarningsReleases,Q3 2025 System1 Inc Earnings Release,SST,System1 Inc,Communication Services,Interactive Media & Services,IT Services & Consulting,,,United States of America,US,United States of America,United States of America,34992748.0,1,1841252,14384.78125,0.08223419649867146,2025-05-26,2025-11-25,2025-11-25,2025-09-17,2026-02-02,2026-02-02T16:29:55Z
SSTK.N,2025-11-05,12:30:00,EarningsReleases,Q3 2025 Shutterstock Inc Earnings Release,SSTK,Shutterstock Inc,Communication Services,Interactive Media & Services,Online Services,,,United States of America,US,United States of America,United States of America,753031483.6,0,10282290,80330.390625,0.03360948855337126,2025-05-26,2025-11-25,2025-11-25,2025-09-17,2026-02-02,2026-02-02T16:29:55Z
ST.N,2025-10-28,20:01:00,EarningsReleases,Q3 2025 Sensata Technologies Holding PLC Earnings Release,ST,Sensata Technologies Holding PLC,Industrials,Electrical Equipment,Electronic Equipment & Parts,,,United States of America,US,United States of America,United States of America,4606361600.7,19,61680043,481875.3359375,0.02295478716285469,2025-05-26,2025-11-25,2025-11-25,2025-09-17,2026-02-02,2026-02-02T16:29:55Z
STAG.N,2025-10-29,20:06:00,EarningsReleases,Q3 2025 STAG Industrial Inc Earnings Release,STAG,STAG Industrial Inc,Real Estate,Industrial REITs,Commercial REITs,,,United States of America,US,United States of America,United States of America,7329940247.5,4,65078245,508423.7890625,0.012360866736342332,2025-05-26,2025-11-25,2025-11-25,2025-09-17,2026-02-02,2026-02-02T16:29:55Z
STC.N,2025-10-22,20:15:00,EarningsReleases,Q3 2025 Stewart Information Services Corp Earnings Release,STC,Stewart Information Services Corp,Financials,Insurance,Property & Casualty Insurance,,,United States of America,US,United States of America,United States of America,2162627745.51,2,8256032,64500.25,0.020906572857190844,2025-05-26,2025-11-25,2025-11-25,2025-09-17,2026-02-02,2026-02-02T16:29:55Z
STE.N,2025-11-05,21:30:00,EarningsReleases,Q2 2026 STERIS plc Earnings Release,STE,STERIS plc,Health Care,Health Care Equipment & Supplies,"Medical Equipment, Supplies & Distribution",,,Ireland,IE,United States of America,United States of America,26282787540.11,10,23243247,181587.8671875,0.013443564761580765,2025-05-26,2025-11-25,2025-11-25,2025-09-17,2026-02-02,2026-02-02T16:29:55Z
STEL.N,2025-10-24,11:00:00,EarningsReleases,Q3 2025 Stellar Bancorp Inc Earnings Release,STEL,Stellar Bancorp Inc,Financials,Banks,Banks,,,United States of America,US,United States of America,United States of America,1627762309.2,5,12968553,101316.8203125,0.015968059064684723,2025-05-26,2025-11-25,2025-11-25,2025-09-17,2026-02-02,2026-02-02T16:29:55Z
STEL.N,2026-01-28,11:45:00,EarningsReleases,Q4 2025 Stellar Bancorp Inc Earnings Release,STEL,Stellar Bancorp Inc,Financials,Banks,Banks,,,United States of America,US,United States of America,United States of America,1627762309.2,5,12968553,101316.8203125,0.015968059064684723,2025-05-26,2025-11-25,2025-11-25,2025-09-17,2026-02-02,2026-02-02T16:29:55Z
STEM.N,2025-10-29,20:05:00,EarningsReleases,Q3 2025 Stem Inc Earnings Release,STEM,Stem Inc,Industrials,Electrical Equipment,Renewable Energy Equipment & Services,,,United States of America,US,United States of America,United States of America,134411132.16,7,9621371,75166.9609375,0.08984782741609855,2025-05-26,2025-11-25,2025-11-25,2025-09-17,2026-02-02,2026-02-02T16:29:55Z
STEW.N,2026-02-02,,EarningsReleases,Full Year 2025 SRH Total Return Fund Inc Earnings Release,STEW,SRH Total Return Fund Inc,,,Closed End Funds,,,United States of America,US,United States of America,United States of America,1730160510.0,,1528543,11941.7421875,0.0064975365719485015,2025-05-26,2025-11-25,2025-11-25,2025-09-17,2026-02-02,2026-02-02T16:29:55Z
STG.N,2025-11-20,08:30:00,EarningsReleases,Q3 2025 Sunlands Technology Group Earnings Release,STG,Sunlands Technology Group,Consumer Discretionary,Diversified Consumer Services,Miscellaneous Educational Service Providers,,,China,CN,China,United States of America,77197177.0,,499176,3930.51968503937,0.06307991724732631,2025-05-26,2025-11-25,2025-11-25,2025-09-17,2026-02-02,2026-02-02T16:29:55Z
STN.N,2025-11-13,22:00:00,EarningsReleases,Q3 2025 Stantec Inc Earnings Release,STN,Stantec Inc,Industrials,Construction & Engineering,Construction & Engineering,,,Canada,CA,Canada,United States of America,10936003306.7924,10,4386841,34272.1953125,0.013264752334788483,2025-05-26,2025-11-25,2025-11-25,2025-09-17,2026-02-02,2026-02-02T16:29:55Z
STNG.N,2025-10-30,10:45:00,EarningsReleases,Q3 2025 Scorpio Tankers Inc Earnings Release,STNG,Scorpio Tankers Inc,Energy,"Oil, Gas & Consumable Fuels",Oil & Gas Transportation Services,,,Monaco,MC,Monaco,United States of America,3046757819.4,11,33862244,264548.78125,0.023938640790564965,2025-05-26,2025-11-25,2025-11-25,2025-09-17,2026-02-02,2026-02-02T16:29:55Z
STT.N,2025-10-17,11:30:00,EarningsReleases,Q3 2025 State Street Corp Earnings Release,STT,State Street Corp,Financials,Capital Markets,Investment Management & Fund Operators,,,United States of America,US,United States of America,United States of America,32425380695.24,19,75333384,588542.0625,0.015159181159171555,2025-05-26,2025-11-25,2025-11-25,2025-09-17,2026-02-02,2026-02-02T16:29:55Z
STT.N,2026-01-16,12:30:00,EarningsReleases,Q4 2025 State Street Corp Earnings Release,STT,State Street Corp,Financials,Capital Markets,Investment Management & Fund Operators,,,United States of America,US,United States of America,United States of America,32425380695.24,19,75333384,588542.0625,0.015159181159171555,2025-05-26,2025-11-25,2025-11-25,2025-09-17,2026-02-02,2026-02-02T16:29:55Z
STUB.N,2025-11-13,21:00:00,EarningsReleases,Q3 2025 StubHub Holdings Inc Earnings Release,STUB,StubHub Holdings Inc,Communication Services,Entertainment,Online Services,,,United States of America,US,United States of America,United States of America,4398723881.75,9,54195830,1083916.6,0.06507126892210327,2025-05-26,2025-11-25,2025-11-25,2025-09-17,2026-02-02,2026-02-02T16:29:55Z
STVN.N,2025-11-06,11:30:00,EarningsReleases,Q3 2025 Stevanato Group SpA Earnings Release,STVN,Stevanato Group SpA,Health Care,Life Sciences Tools & Services,"Medical Equipment, Supplies & Distribution",,,Italy,IT,Italy,United States of America,7080458491.68,11,12838329,100299.4453125,0.02948877715682241,2025-05-26,2025-11-25,2025-11-25,2025-09-17,2026-02-02,2026-02-02T16:29:55Z
STWD.N,2025-11-10,12:00:01,EarningsReleases,Q3 2025 Starwood Property Trust Inc Earnings Release,STWD,Starwood Property Trust Inc,Financials,Mortgage Real Estate Investment Trusts (REITs),Specialized REITs,,,United States of America,US,United States of America,United States of America,6762250067.54,8,121835842,951842.515625,0.01059412641442422,2025-05-26,2025-11-25,2025-11-25,2025-09-17,2026-02-02,2026-02-02T16:29:55Z
STZ.N,2025-10-06,20:05:11,EarningsReleases,Q2 2026 Constellation Brands Inc Earnings Release,STZ,Constellation Brands Inc,Consumer Staples,Beverages,Brewers,,,United States of America,US,United States of America,United States of America,23008136670.36,26,77202885,603147.5390625,0.017127248832529054,2025-05-26,2025-11-25,2025-11-25,2025-09-17,2026-02-02,2026-02-02T16:29:55Z
STZ.N,2026-01-07,21:05:00,EarningsReleases,Q3 2026 Constellation Brands Inc Earnings Release,STZ,Constellation Brands Inc,Consumer Staples,Beverages,Brewers,,,United States of America,US,United States of America,United States of America,23008136670.36,26,77202885,603147.5390625,0.017127248832529054,2025-05-26,2025-11-25,2025-11-25,2025-09-17,2026-02-02,2026-02-02T16:29:55Z
SU.N,2025-11-04,22:00:26,EarningsReleases,Q3 2025 Suncor Energy Inc Earnings Release,SU,Suncor Energy Inc (Canada),Energy,"Oil, Gas & Consumable Fuels",Oil & Gas Refining and Marketing,,,Canada,CA,Canada,United States of America,53279790913.1952,11,140349435,1096479.9609375,0.013247728522880297,2025-05-26,2025-11-25,2025-11-25,2025-09-17,2026-02-02,2026-02-02T16:29:55Z
SUI.N,2025-10-29,20:25:29,EarningsReleases,Q3 2025 Sun Communities Inc Earnings Release,SUI,Sun Communities Inc,Real Estate,Residential REITs,Residential REITs,,,United States of America,US,United States of America,United States of America,15893861354.28,8,34893319,272604.0546875,0.012509781786453969,2025-05-26,2025-11-25,2025-11-25,2025-09-17,2026-02-02,2026-02-02T16:29:55Z
SUN.N,2025-11-05,14:30:00,EarningsReleases,Q3 2025 Sunoco LP Earnings Release,SUN,Sunoco LP,Energy,"Oil, Gas & Consumable Fuels",Oil & Gas Refining and Marketing,,,United States of America,US,United States of America,United States of America,10441228431.0,6,12673506,99011.765625,0.014070754165275048,2025-05-26,2025-11-25,2025-11-25,2025-09-17,2026-02-02,2026-02-02T16:29:55Z
SVV.N,2025-10-30,20:05:00,EarningsReleases,Q3 2025 Savers Value Village Inc Earnings Release,SVV,Savers Value Village Inc,Consumer Discretionary,Broadline Retail,Miscellaneous Specialty Retailers,,,United States of America,US,United States of America,United States of America,1368552470.76,10,54014704,421989.875,0.04313488340489388,2025-05-26,2025-11-25,2025-11-25,2025-09-17,2026-02-02,2026-02-02T16:29:55Z
SVV.N,2026-01-12,11:00:00,EarningsReleases,Preliminary Q4 2025 Savers Value Village Inc Earnings Release,SVV,Savers Value Village Inc,Consumer Discretionary,Broadline Retail,Miscellaneous Specialty Retailers,,,United States of America,US,United States of America,United States of America,1368552470.76,10,54014704,421989.875,0.04313488340489388,2025-05-26,2025-11-25,2025-11-25,2025-09-17,2026-02-02,2026-02-02T16:29:55Z
SW.N,2025-10-29,10:30:00,EarningsReleases,Q3 2025 Smurfit WestRock PLC Earnings Release,SW,Smurfit WestRock PLC,Materials,Containers & Packaging,Paper Packaging,,,Ireland,IE,Ireland,United States of America,18255633991.92,17,161975705,1265435.1953125,0.022900824360448515,2025-05-26,2025-11-25,2025-11-25,2025-09-17,2026-02-02,2026-02-02T16:29:55Z
SWK.N,2025-11-04,13:30:00,EarningsReleases,Q3 2025 Stanley Black & Decker Inc Earnings Release,SWK,Stanley Black & Decker Inc,Industrials,Machinery,Industrial Machinery & Equipment,,,United States of America,US,United States of America,United States of America,10955013503.72,18,80898552,632019.9375,0.023274037138588763,2025-05-26,2025-11-25,2025-11-25,2025-09-17,2026-02-02,2026-02-02T16:29:55Z
SWX.N,2025-11-05,13:00:01,EarningsReleases,Q3 2025 Southwest Gas Holdings Inc Earnings Release,SWX,Southwest Gas Holdings Inc,Utilities,Gas Utilities,Natural Gas Utilities,,,United States of America,US,United States of America,United States of America,5920523724.06,8,19472452,152128.53125,0.011820242074351006,2025-05-26,2025-11-25,2025-11-25,2025-09-17,2026-02-02,2026-02-02T16:29:55Z
SXC.N,2025-11-04,12:00:00,EarningsReleases,Q3 2025 SunCoke Energy Inc Earnings Release,SXC,SunCoke Energy Inc,Materials,Metals & Mining,Iron & Steel,,,United States of America,US,United States of America,United States of America,549479153.41,2,54616825,426693.9453125,0.0274483972528019,2025-05-26,2025-11-25,2025-11-25,2025-09-17,2026-02-02,2026-02-02T16:29:55Z
SXI.N,2025-10-30,20:01:00,EarningsReleases,Q1 2026 Standex International Corp Earnings Release,SXI,Standex International Corp,Industrials,Machinery,Industrial Machinery & Equipment,,,United States of America,US,United States of America,United States of America,2936070027.69,5,4401093,34383.5390625,0.021044803845768623,2025-05-26,2025-11-25,2025-11-25,2025-09-17,2026-02-02,2026-02-02T16:29:55Z
SXI.N,2026-01-29,21:01:00,EarningsReleases,Q2 2026 Standex International Corp Earnings Release,SXI,Standex International Corp,Industrials,Machinery,Industrial Machinery & Equipment,,,United States of America,US,United States of America,United States of America,2936070027.69,5,4401093,34383.5390625,0.021044803845768623,2025-05-26,2025-11-25,2025-11-25,2025-09-17,2026-02-02,2026-02-02T16:29:55Z
SXT.N,2025-10-31,10:55:00,EarningsReleases,Q3 2025 Sensient Technologies Corp Earnings Release,SXT,Sensient Technologies Corp,Materials,Chemicals,Specialty Chemicals,,,United States of America,US,United States of America,United States of America,4133493735.0,3,18168082,141938.140625,0.016777742413697505,2025-05-26,2025-11-25,2025-11-25,2025-09-17,2026-02-02,2026-02-02T16:29:55Z
SYF.N,2025-10-15,10:00:00,EarningsReleases,Q3 2025 Synchrony Financial Earnings Release,SYF,Synchrony Financial,Financials,Consumer Finance,Consumer Lending,,,United States of America,US,United States of America,United States of America,27556690707.98,24,143058157,1117641.8515625,0.016204142950923168,2025-05-26,2025-11-25,2025-11-25,2025-09-17,2026-02-02,2026-02-02T16:29:55Z
SYF.N,2026-01-27,11:00:00,EarningsReleases,Q4 2025 Synchrony Financial Earnings Release,SYF,Synchrony Financial,Financials,Consumer Finance,Consumer Lending,,,United States of America,US,United States of America,United States of America,27556690707.98,24,143058157,1117641.8515625,0.016204142950923168,2025-05-26,2025-11-25,2025-11-25,2025-09-17,2026-02-02,2026-02-02T16:29:55Z
SYK.N,2025-10-30,20:05:00,EarningsReleases,Q3 2025 Stryker Corp Earnings Release,SYK,Stryker Corp,Health Care,Health Care Equipment & Supplies,"Medical Equipment, Supplies & Distribution",,,United States of America,US,United States of America,United States of America,143439461891.84,33,51657989,403578.0390625,0.011641264455318698,2025-05-26,2025-11-25,2025-11-25,2025-09-17,2026-02-02,2026-02-02T16:29:55Z
SYK.N,2026-01-29,21:05:00,EarningsReleases,Q4 2025 Stryker Corp Earnings Release,SYK,Stryker Corp,Health Care,Health Care Equipment & Supplies,"Medical Equipment, Supplies & Distribution",,,United States of America,US,United States of America,United States of America,143439461891.84,33,51657989,403578.0390625,0.011641264455318698,2025-05-26,2025-11-25,2025-11-25,2025-09-17,2026-02-02,2026-02-02T16:29:55Z
SYY.N,2025-10-28,12:03:00,EarningsReleases,Q1 2026 Sysco Corp Earnings Release,SYY,Sysco Corp,Consumer Staples,Consumer Staples Distribution & Retail,Food Retail & Distribution,,,United States of America,US,United States of America,United States of America,36350342760.96,21,116662772,911427.90625,0.011626159171433668,2025-05-26,2025-11-25,2025-11-25,2025-09-17,2026-02-02,2026-02-02T16:29:55Z
SYY.N,2026-01-27,13:03:00,EarningsReleases,Q2 2026 Sysco Corp Earnings Release,SYY,Sysco Corp,Consumer Staples,Consumer Staples Distribution & Retail,Food Retail & Distribution,,,United States of America,US,United States of America,United States of America,36350342760.96,21,116662772,911427.90625,0.011626159171433668,2025-05-26,2025-11-25,2025-11-25,2025-09-17,2026-02-02,2026-02-02T16:29:55Z
T.N,2025-10-22,10:33:23,EarningsReleases,Q3 2025 AT&T Inc Earnings Release,T,AT&T Inc,Communication Services,Diversified Telecommunication Services,Wireless Telecommunications Services,,,United States of America,US,United States of America,United States of America,183333163940.7,26,1261033064,9851820.8125,0.012107050062944578,2025-05-26,2025-11-25,2025-11-25,2025-09-17,2026-02-02,2026-02-02T16:29:55Z
T.N,2026-01-28,11:32:53,EarningsReleases,Q4 2025 AT&T Inc Earnings Release,T,AT&T Inc,Communication Services,Diversified Telecommunication Services,Wireless Telecommunications Services,,,United States of America,US,United States of America,United States of America,183333163940.7,26,1261033064,9851820.8125,0.012107050062944578,2025-05-26,2025-11-25,2025-11-25,2025-09-17,2026-02-02,2026-02-02T16:29:55Z
TAC.N,2025-11-06,12:01:00,EarningsReleases,Q3 2025 TransAlta Corp Earnings Release,TAC,TransAlta Corp,Utilities,Independent Power and Renewable Electricity Producers,Independent Power Producers,,,Canada,CA,Canada,United States of America,4152621951.21951,6,48339697,377653.8828125,0.025326482569864927,2025-05-26,2025-11-25,2025-11-25,2025-09-17,2026-02-02,2026-02-02T16:29:55Z
TAL.N,2025-10-30,09:00:00,EarningsReleases,Q2 2026 TAL Education Group Earnings Release,TAL,TAL Education Group,Consumer Discretionary,Diversified Consumer Services,Miscellaneous Educational Service Providers,,,China,CN,China,United States of America,6727994038.5,22,158394815,1237459.4921875,0.02521297643632633,2025-05-26,2025-11-25,2025-11-25,2025-09-17,2026-02-02,2026-02-02T16:29:55Z
TAL.N,2026-01-29,09:00:01,EarningsReleases,Q3 2026 TAL Education Group Earnings Release,TAL,TAL Education Group,Consumer Discretionary,Diversified Consumer Services,Miscellaneous Educational Service Providers,,,China,CN,China,United States of America,6727994038.5,22,158394815,1237459.4921875,0.02521297643632633,2025-05-26,2025-11-25,2025-11-25,2025-09-17,2026-02-02,2026-02-02T16:29:55Z
TALO.N,2025-11-05,21:15:00,EarningsReleases,Q3 2025 Talos Energy Inc Earnings Release,TALO,Talos Energy Inc,Energy,"Oil, Gas & Consumable Fuels",Oil & Gas Exploration and Production,,,United States of America,US,United States of America,United States of America,1939571888.52,12,110683869,864717.7265625,0.02846986816726923,2025-05-26,2025-11-25,2025-11-25,2025-09-17,2026-02-02,2026-02-02T16:29:55Z
TAP.N,2025-11-04,13:30:00,EarningsReleases,Q3 2025 Molson Coors Beverage Co Earnings Release,TAP,Molson Coors Beverage Co,Consumer Staples,Beverages,Brewers,,,United States of America,US,United States of America,United States of America,8712599283.42,23,108747946,849593.328125,0.014730948064359695,2025-05-26,2025-11-25,2025-11-25,2025-09-17,2026-02-02,2026-02-02T16:29:55Z
TBBB.N,2025-11-19,21:26:00,EarningsReleases,Q3 2025 Bbb Foods Inc Earnings Release,TBBB,Bbb Foods Inc,Consumer Staples,Consumer Staples Distribution & Retail,Food Retail & Distribution,,,Mexico,MX,Mexico,United States of America,3692048116.85,10,19062469,148925.5390625,0.027765368086093582,2025-05-26,2025-11-25,2025-11-25,2025-09-17,2026-02-02,2026-02-02T16:29:55Z
TBI.N,2025-11-03,21:05:01,EarningsReleases,Q3 2025 TrueBlue Inc Earnings Release,TBI,TrueBlue Inc,Industrials,Professional Services,Employment Services,,,United States of America,US,United States of America,United States of America,150595524.04,3,10156314,79346.203125,0.03829293733525676,2025-05-26,2025-11-25,2025-11-25,2025-09-17,2026-02-02,2026-02-02T16:29:55Z
TCBX.N,2025-10-22,20:15:48,EarningsReleases,Q3 2025 Third Coast Bancshares Inc Earnings Release,TCBX,Third Coast Bancshares Inc,Financials,Banks,Banks,,,United States of America,US,United States of America,United States of America,534644121.44,5,3633062,28383.296875,0.018532350502106398,2025-05-26,2025-11-25,2025-11-25,2025-09-17,2026-02-02,2026-02-02T16:29:55Z
TCBX.N,2026-01-21,21:15:00,EarningsReleases,Q4 2025 Third Coast Bancshares Inc Earnings Release,TCBX,Third Coast Bancshares Inc,Financials,Banks,Banks,,,United States of America,US,United States of America,United States of America,534644121.44,5,3633062,28383.296875,0.018532350502106398,2025-05-26,2025-11-25,2025-11-25,2025-09-17,2026-02-02,2026-02-02T16:29:55Z
TCI.N,2025-11-06,22:15:00,EarningsReleases,Q3 2025 Transcontinental Realty Investors Inc Earnings Release,TCI,Transcontinental Realty Investors Inc,Real Estate,Real Estate Management & Development,"Real Estate Rental, Development & Operations",,,United States of America,US,United States of America,United States of America,397408536.0,,157849,1233.1953125,0.02622481461735416,2025-05-26,2025-11-25,2025-11-25,2025-09-17,2026-02-02,2026-02-02T16:29:55Z
TD.N,2025-12-04,11:30:00,EarningsReleases,Q4 2025 Toronto-Dominion Bank Earnings Release,TD,Toronto-Dominion Bank,Financials,Banks,Banks,,,Canada,CA,Canada,United States of America,139574750259.87,11,76228708,595536.78125,0.009152671936557328,2025-05-26,2025-11-25,2025-11-25,2025-09-17,2026-02-02,2026-02-02T16:29:55Z
TDAY.N,2025-10-30,12:00:00,EarningsReleases,Q3 2025 Gannett Co Inc Earnings Release,TDAY,USA TODAY Co Inc,Communication Services,Media,Consumer Publishing,,,United States of America,US,United States of America,United States of America,729659400.0,5,65855160,514493.4375,0.034346135566152895,2025-05-26,2025-11-25,2025-11-25,2025-09-17,2026-02-02,2026-02-02T16:29:55Z
TDC.N,2025-11-04,21:05:01,EarningsReleases,Q3 2025 Teradata Corp Earnings Release,TDC,Teradata Corp,Information Technology,Software,IT Services & Consulting,,,United States of America,US,United States of America,United States of America,2656200000.0,11,55434216,433079.8125,0.03304183486880148,2025-05-26,2025-11-25,2025-11-25,2025-09-17,2026-02-02,2026-02-02T16:29:55Z
TDG.N,2025-11-12,12:15:00,EarningsReleases,Q4 2025 TransDigm Group Inc Earnings Release,TDG,TransDigm Group Inc,Industrials,Aerospace & Defense,Aerospace & Defense,,,United States of America,US,United States of America,United States of America,76173137603.36,24,9624002,75187.515625,0.01662597186678245,2025-05-26,2025-11-25,2025-11-25,2025-09-17,2026-02-02,2026-02-02T16:29:55Z
TDOC.N,2025-10-23,20:05:02,EarningsReleases,Preliminary Q3 2025 Teladoc Health Inc Earnings Release,TDOC,Teladoc Health Inc,Health Care,Health Care Technology,Healthcare Facilities & Services,,,United States of America,US,United States of America,United States of America,1323028314.4,27,198555212,1551212.59375,0.03792787781397925,2025-05-26,2025-11-25,2025-11-25,2025-09-17,2026-02-02,2026-02-02T16:29:55Z
TDOC.N,2025-10-29,20:05:04,EarningsReleases,Q3 2025 Teladoc Health Inc Earnings Release,TDOC,Teladoc Health Inc,Health Care,Health Care Technology,Healthcare Facilities & Services,,,United States of America,US,United States of America,United States of America,1323028314.4,27,198555212,1551212.59375,0.03792787781397925,2025-05-26,2025-11-25,2025-11-25,2025-09-17,2026-02-02,2026-02-02T16:29:55Z
TDS.N,2025-11-07,12:30:00,EarningsReleases,Q3 2025 Telephone and Data Systems Inc And Array Digital Infrastructure Inc Earnings Release,TDS,Telephone and Data Systems Inc,Communication Services,Wireless Telecommunication Services,Wireless Telecommunications Services,,,United States of America,US,United States of America,United States of America,4529910000.0,3,42195068,329648.96875,0.018134990820917653,2025-05-26,2025-11-25,2025-11-25,2025-09-17,2026-02-02,2026-02-02T16:29:55Z
TDW.N,2025-11-10,21:25:00,EarningsReleases,Q3 2025 Tidewater Inc Earnings Release,TDW,Tidewater Inc,Energy,Energy Equipment & Services,Oil Related Services and Equipment,,,United States of America,US,United States of America,United States of America,2586701163.83,7,35519251,277494.1484375,0.037392083058175554,2025-05-26,2025-11-25,2025-11-25,2025-09-17,2026-02-02,2026-02-02T16:29:55Z
TDY.N,2025-10-22,10:55:00,EarningsReleases,Q3 2025 Teledyne Technologies Inc Earnings Release,TDY,Teledyne Technologies Inc,Information Technology,"Electronic Equipment, Instruments & Components",Electronic Equipment & Parts,,,United States of America,US,United States of America,United States of America,23370792798.99,13,12646192,98798.375,0.012109861864469875,2025-05-26,2025-11-25,2025-11-25,2025-09-17,2026-02-02,2026-02-02T16:29:55Z
TDY.N,2026-01-21,11:55:00,EarningsReleases,Q4 2026 Teledyne Technologies Inc Earnings Release,TDY,Teledyne Technologies Inc,Information Technology,"Electronic Equipment, Instruments & Components",Electronic Equipment & Parts,,,United States of America,US,United States of America,United States of America,23370792798.99,13,12646192,98798.375,0.012109861864469875,2025-05-26,2025-11-25,2025-11-25,2025-09-17,2026-02-02,2026-02-02T16:29:55Z
TE.N,2025-10-22,11:00:00,EarningsReleases,Preliminary Q3 2025 T1 Energy Inc Earnings Release,TE,T1 Energy Inc,Industrials,Electrical Equipment,Electrical Components & Equipment,,,United States of America,US,United States of America,United States of America,698683531.35,3,138543656,1082372.3125,0.07466786894461461,2025-05-26,2025-11-25,2025-11-25,2025-09-17,2026-02-02,2026-02-02T16:29:55Z
TE.N,2025-11-14,11:00:00,EarningsReleases,Q3 2025 T1 Energy Inc Earnings Release,TE,T1 Energy Inc,Industrials,Electrical Equipment,Electrical Components & Equipment,,,United States of America,US,United States of America,United States of America,698683531.35,3,138543656,1082372.3125,0.07466786894461461,2025-05-26,2025-11-25,2025-11-25,2025-09-17,2026-02-02,2026-02-02T16:29:55Z
TECK.N,2025-10-22,05:02:07,EarningsReleases,Q3 2025 Teck Resources Ltd Earnings Release,TECK,Teck Resources Ltd,Materials,Metals & Mining,Diversified Mining,,,Canada,CA,Canada,United States of America,20622439132.8692,16,123144860,962069.21875,0.026881107050318785,2025-05-26,2025-11-25,2025-11-25,2025-09-17,2026-02-02,2026-02-02T16:29:55Z
TEL.N,2025-10-29,10:00:01,EarningsReleases,Q4 2025 TE Connectivity PLC Earnings Release,TEL,TE Connectivity PLC,Information Technology,"Electronic Equipment, Instruments & Components",Electronic Equipment & Parts,,,Ireland,IE,Ireland,United States of America,65386501815.96,22,68090855,531959.8046875,0.016878457753052013,2025-05-26,2025-11-25,2025-11-25,2025-09-17,2026-02-02,2026-02-02T16:29:55Z
TEL.N,2026-01-21,11:00:00,EarningsReleases,Q1 2026 TE Connectivity PLC Earnings Release,TEL,TE Connectivity PLC,Information Technology,"Electronic Equipment, Instruments & Components",Electronic Equipment & Parts,,,Ireland,IE,Ireland,United States of America,65386501815.96,22,68090855,531959.8046875,0.016878457753052013,2025-05-26,2025-11-25,2025-11-25,2025-09-17,2026-02-02,2026-02-02T16:29:55Z
TEN.N,2025-11-20,13:30:02,EarningsReleases,Q3 2025 Tsakos Energy Navigation Ltd Earnings Release,TEN,Tsakos Energy Navigation Ltd,Energy,"Oil, Gas & Consumable Fuels",Oil & Gas Transportation Services,,,Greece,GR,Greece,United States of America,751660934.4,3,15868619,123973.5859375,0.02279514370787643,2025-05-26,2025-11-25,2025-11-25,2025-09-17,2026-02-02,2026-02-02T16:29:55Z
TEX.N,2025-10-30,11:00:02,EarningsReleases,Q3 2025 Terex Corp Earnings Release,TEX,Terex Corp,Industrials,Machinery,Heavy Machinery & Vehicles,,,United States of America,US,United States of America,United States of America,3006422038.32,12,37894190,296048.359375,0.02854762315897662,2025-05-26,2025-11-25,2025-11-25,2025-09-17,2026-02-02,2026-02-02T16:29:55Z
TFC.N,2025-10-17,12:30:00,EarningsReleases,Q3 2025 Truist Financial Corp Earnings Release,TFC,Truist Financial Corp,Financials,Banks,Banks,,,United States of America,US,United States of America,United States of America,59254689125.52,23,329510996,2574304.65625,0.013869773389172195,2025-05-26,2025-11-25,2025-11-25,2025-09-17,2026-02-02,2026-02-02T16:29:55Z
TFC.N,2026-01-21,13:30:00,EarningsReleases,Q4 2025 Truist Financial Corp Earnings Release,TFC,Truist Financial Corp,Financials,Banks,Banks,,,United States of America,US,United States of America,United States of America,59254689125.52,23,329510996,2574304.65625,0.013869773389172195,2025-05-26,2025-11-25,2025-11-25,2025-09-17,2026-02-02,2026-02-02T16:29:55Z
TFII.N,2025-10-30,20:05:09,EarningsReleases,Q3 2025 TFI International Inc Earnings Release,TFII,TFI International Inc,Industrials,Ground Transportation,Ground Freight & Logistics,,,Canada,CA,Canada,United States of America,7060085247.26163,19,8615417,67307.9453125,0.023003977045227997,2025-05-26,2025-11-25,2025-11-25,2025-09-17,2026-02-02,2026-02-02T16:29:55Z
TFIN.N,2025-10-15,20:07:00,EarningsReleases,Q3 2025 Triumph Financial Inc Earnings Release,TFIN,Triumph Financial Inc,Financials,Banks,Banks,,,United States of America,US,United States of America,United States of America,1327898847.88,5,11030026,86172.078125,0.029216364893523278,2025-05-26,2025-11-25,2025-11-25,2025-09-17,2026-02-02,2026-02-02T16:29:55Z
TFIN.N,2026-01-26,21:07:00,EarningsReleases,Q4 2025 Triumph Financial Inc Earnings Release,TFIN,Triumph Financial Inc,Financials,Banks,Banks,,,United States of America,US,United States of America,United States of America,1327898847.88,5,11030026,86172.078125,0.029216364893523278,2025-05-26,2025-11-25,2025-11-25,2025-09-17,2026-02-02,2026-02-02T16:29:55Z
TFPM.N,2025-11-04,21:00:00,EarningsReleases,Q3 2025 Triple Flag Precious Metals Corp Earnings Release,TFPM,Triple Flag Precious Metals Corp,Materials,Metals & Mining,Gold,,,Canada,CA,Canada,United States of America,6517290851.53148,2,20289484,158511.59375,0.024553062086083828,2025-05-26,2025-11-25,2025-11-25,2025-09-17,2026-02-02,2026-02-02T16:29:55Z
TFX.N,2025-11-06,11:30:02,EarningsReleases,Q3 2025 Teleflex Inc Earnings Release,TFX,Teleflex Inc,Health Care,Health Care Equipment & Supplies,"Medical Equipment, Supplies & Distribution",,,United States of America,US,United States of America,United States of America,5069098597.6,14,22243403,173776.5859375,0.02333857076679369,2025-05-26,2025-11-25,2025-11-25,2025-09-17,2026-02-02,2026-02-02T16:29:55Z
TG.N,2025-11-07,13:05:00,EarningsReleases,Q3 2025 Tredegar Corp Earnings Release,TG,Tredegar Corp,Materials,Metals & Mining,Aluminum,,,United States of America,US,United States of America,United States of America,275794474.7,,4260751,33287.1171875,0.028079695095883678,2025-05-26,2025-11-25,2025-11-25,2025-09-17,2026-02-02,2026-02-02T16:29:55Z
TGLS.N,2025-11-06,12:00:10,EarningsReleases,Q3 2025 Tecnoglass Inc Earnings Release,TGLS,Tecnoglass Inc,Industrials,Building Products,Construction Supplies & Fixtures,,,Colombia,CO,United States of America,United States of America,2251632714.1,5,14772882,115413.140625,0.0228323470124349,2025-05-26,2025-11-25,2025-11-25,2025-09-17,2026-02-02,2026-02-02T16:29:55Z
TGNA.N,2025-11-10,12:00:00,EarningsReleases,Q3 2025 Tegna Inc Earnings Release,TGNA,Tegna Inc,Communication Services,Media,Broadcasting,,,United States of America,US,United States of America,United States of America,3158323632.29,6,83149481,649605.3203125,0.027460605153197423,2025-05-26,2025-11-25,2025-11-25,2025-09-17,2026-02-02,2026-02-02T16:29:55Z
TGT.N,2025-11-19,11:30:00,EarningsReleases,Q3 2025 Target Corp Earnings Release,TGT,Target Corp,Consumer Staples,Consumer Staples Distribution & Retail,Discount Stores,,,United States of America,US,United States of America,United States of America,39203979670.44,39,205006831,1601615.8671875,0.019211661081866158,2025-05-26,2025-11-25,2025-11-25,2025-09-17,2026-02-02,2026-02-02T16:29:55Z
THC.N,2025-10-28,10:45:00,EarningsReleases,Q3 2025 Tenet Healthcare Corp Earnings Release,THC,Tenet Healthcare Corp,Health Care,Health Care Providers & Services,Healthcare Facilities & Services,,,United States of America,US,United States of America,United States of America,19199357100.0,24,43979235,343587.7734375,0.02405409595010676,2025-05-26,2025-11-25,2025-11-25,2025-09-17,2026-02-02,2026-02-02T16:29:55Z
THG.N,2025-10-29,20:10:00,EarningsReleases,Q3 2025 Hanover Insurance Group Inc Earnings Release,THG,Hanover Insurance Group Inc,Financials,Insurance,Property & Casualty Insurance,,,United States of America,US,United States of America,United States of America,6601537001.28,8,9401584,73449.875,0.012883701955635516,2025-05-26,2025-11-25,2025-11-25,2025-09-17,2026-02-02,2026-02-02T16:29:55Z
THO.N,2025-09-24,10:30:00,EarningsReleases,Q4 2025 Thor Industries Inc Earnings Release,THO,Thor Industries Inc,Consumer Discretionary,Automobiles,Recreational Products,,,United States of America,US,United States of America,United States of America,5669588647.2,17,24119881,188436.5703125,0.021653110031931284,2025-05-26,2025-11-25,2025-11-25,2025-09-17,2026-02-02,2026-02-02T16:29:55Z
THO.N,2025-12-03,11:30:00,EarningsReleases,Q1 2026 Thor Industries Inc Earnings Release,THO,Thor Industries Inc,Consumer Discretionary,Automobiles,Recreational Products,,,United States of America,US,United States of America,United States of America,5669588647.2,17,24119881,188436.5703125,0.021653110031931284,2025-05-26,2025-11-25,2025-11-25,2025-09-17,2026-02-02,2026-02-02T16:29:55Z
THR.N,2025-11-06,14:30:00,EarningsReleases,Q2 2026 Thermon Group Holdings Inc Earnings Release,THR,Thermon Group Holdings Inc,Industrials,Electrical Equipment,Electrical Components & Equipment,,,United States of America,US,United States of America,United States of America,1156627441.5,4,9315682,72778.765625,0.025119625119408587,2025-05-26,2025-11-25,2025-11-25,2025-09-17,2026-02-02,2026-02-02T16:29:55Z
THS.N,2025-11-10,13:30:00,EarningsReleases,Q3 2025 TreeHouse Foods Inc Earnings Release,THS,TreeHouse Foods Inc,Consumer Staples,Food Products,Food Processing,,,United States of America,US,United States of America,United States of America,1199880000.0,8,35026016,273640.75,0.036106575913919844,2025-05-26,2025-11-25,2025-11-25,2025-09-17,2026-02-02,2026-02-02T16:29:55Z
TIC.N,2025-11-12,12:00:00,EarningsReleases,Q3 2025 TIC Solutions Inc Earnings Release,TIC,TIC Solutions Inc,Industrials,Professional Services,Business Support Services,,,United States of America,US,United States of America,United States of America,2121784439.06,5,111570787,871646.7734375,0.03413853429090334,2025-05-26,2025-11-25,2025-11-25,2025-09-17,2026-02-02,2026-02-02T16:29:55Z
TISI.N,2025-11-12,21:45:00,EarningsReleases,Q3 2025 Team Inc Earnings Release,TISI,Team Inc,Industrials,Commercial Services & Supplies,Business Support Services,,,United States of America,US,United States of America,United States of America,65644980.0,,294165,2298.1640625,0.03340042851736463,2025-05-26,2025-11-25,2025-11-25,2025-09-17,2026-02-02,2026-02-02T16:29:55Z
TJX.N,2025-11-19,13:30:00,EarningsReleases,Q3 2026 TJX Companies Inc Earnings Release,TJX,TJX Companies Inc,Consumer Discretionary,Specialty Retail,Discount Stores,,,United States of America,US,United States of America,United States of America,169224080607.05,21,197277666,1541231.765625,0.009751050618163776,2025-05-26,2025-11-25,2025-11-25,2025-09-17,2026-02-02,2026-02-02T16:29:55Z
TK.N,2025-10-29,20:00:00,EarningsReleases,Q3 2025 Teekay Corp Ltd Earnings Release,TK,Teekay Corp Ltd,Energy,"Oil, Gas & Consumable Fuels",Oil & Gas Transportation Services,,,Bermuda,BM,Bermuda,United States of America,850132239.07,,33109258,258666.078125,0.020572497227371766,2025-05-26,2025-11-25,2025-11-25,2025-09-17,2026-02-02,2026-02-02T16:29:55Z
TKO.N,2025-11-05,21:05:02,EarningsReleases,Q3 2025 TKO Group Holdings Inc Earnings Release,TKO,TKO Group Holdings Inc,Communication Services,Entertainment,Entertainment Production,,,United States of America,US,United States of America,United States of America,36562076709.34,20,41613451,325105.0859375,0.01900368854672673,2025-05-26,2025-11-25,2025-11-25,2025-09-17,2026-02-02,2026-02-02T16:29:55Z
TKR.N,2025-10-29,10:51:00,EarningsReleases,Q3 2025 Timken Co Earnings Release,TKR,Timken Co,Industrials,Machinery,Industrial Machinery & Equipment,,,United States of America,US,United States of America,United States of America,5657426857.36,12,23841886,186264.734375,0.01870151859584813,2025-05-26,2025-11-25,2025-11-25,2025-09-17,2026-02-02,2026-02-02T16:29:55Z
TLYS.N,2025-12-03,21:05:00,EarningsReleases,Q3 2025 Tillys Inc Earnings Release,TLYS,Tillys Inc,Consumer Discretionary,Specialty Retail,Apparel & Accessories Retailers,,,United States of America,US,United States of America,United States of America,36263667.3,1,5909357,46166.8515625,0.06606218956981559,2025-05-26,2025-11-25,2025-11-25,2025-09-17,2026-02-02,2026-02-02T16:29:55Z
TMHC.N,2025-10-22,10:15:00,EarningsReleases,Q3 2025 Taylor Morrison Home Corp Earnings Release,TMHC,Taylor Morrison Home Corp,Consumer Discretionary,Household Durables,Homebuilding,,,United States of America,US,United States of America,United States of America,6082406302.88,9,43104852,336756.65625,0.02111690011918839,2025-05-26,2025-11-25,2025-11-25,2025-09-17,2026-02-02,2026-02-02T16:29:55Z
TMO.N,2025-10-22,10:00:00,EarningsReleases,Q3 2025 Thermo Fisher Scientific Inc Earnings Release,TMO,Thermo Fisher Scientific Inc,Health Care,Life Sciences Tools & Services,Advanced Medical Equipment & Technology,,,United States of America,US,United States of America,United States of America,224590763509.02,28,72497119,566383.7421875,0.01938356362312886,2025-05-26,2025-11-25,2025-11-25,2025-09-17,2026-02-02,2026-02-02T16:29:55Z
TMO.N,2026-01-29,11:00:00,EarningsReleases,Q4 2025 Thermo Fisher Scientific Inc Earnings Release,TMO,Thermo Fisher Scientific Inc,Health Care,Life Sciences Tools & Services,Advanced Medical Equipment & Technology,,,United States of America,US,United States of America,United States of America,224590763509.02,28,72497119,566383.7421875,0.01938356362312886,2025-05-26,2025-11-25,2025-11-25,2025-09-17,2026-02-02,2026-02-02T16:29:55Z
TNC.N,2025-11-03,21:00:00,EarningsReleases,Q3 2025 Tennant Co Earnings Release,TNC,Tennant Co,Industrials,Machinery,Industrial Machinery & Equipment,,,United States of America,US,United States of America,United States of America,1335158876.54,4,5393982,42140.484375,0.016452418023846203,2025-05-26,2025-11-25,2025-11-25,2025-09-17,2026-02-02,2026-02-02T16:29:55Z
TNET.N,2025-10-29,11:00:03,EarningsReleases,Q3 2025 TriNet Group Inc Earnings Release,TNET,TriNet Group Inc,Industrials,Professional Services,Employment Services,,,United States of America,US,United States of America,United States of America,2825145834.02,6,18122070,141578.671875,0.021412222207895435,2025-05-26,2025-11-25,2025-11-25,2025-09-17,2026-02-02,2026-02-02T16:29:55Z
TNK.N,2025-10-29,20:05:00,EarningsReleases,Q3 2025 Teekay Tankers Ltd Earnings Release,TNK,Teekay Tankers Ltd,Energy,"Oil, Gas & Consumable Fuels",Oil & Gas Transportation Services,,,Bermuda,BM,Bermuda,United States of America,2046627120.98,7,19446067,151922.3984375,0.022944270418603554,2025-05-26,2025-11-25,2025-11-25,2025-09-17,2026-02-02,2026-02-02T16:29:55Z
TNL.N,2025-10-22,10:00:00,EarningsReleases,Q3 2025 Travel + Leisure Co Earnings Release,TNL,Travel + Leisure Co,Consumer Discretionary,"Hotels, Restaurants & Leisure","Hotels, Motels & Cruise Lines",,,United States of America,US,United States of America,United States of America,4389550829.12,12,29523486,230652.234375,0.02253799014853752,2025-05-26,2025-11-25,2025-11-25,2025-09-17,2026-02-02,2026-02-02T16:29:55Z
TOL.N,2025-12-08,21:30:00,EarningsReleases,Q4 2025 Toll Brothers Inc Earnings Release,TOL,Toll Brothers Inc,Consumer Discretionary,Household Durables,Homebuilding,,,United States of America,US,United States of America,United States of America,13115164950.0,18,50414900,393866.40625,0.020676377470688113,2025-05-26,2025-11-25,2025-11-25,2025-09-17,2026-02-02,2026-02-02T16:29:55Z
TOST.N,2025-11-04,21:05:01,EarningsReleases,Q3 2025 Toast Inc Earnings Release,TOST,Toast Inc,Financials,Financial Services,Software,,,United States of America,US,United States of America,United States of America,19556880000.0,28,259711212,2028993.84375,0.025641159551277586,2025-05-26,2025-11-25,2025-11-25,2025-09-17,2026-02-02,2026-02-02T16:29:55Z
TPB.N,2025-11-05,12:30:00,EarningsReleases,Q3 2025 Turning Point Brands Inc Earnings Release,TPB,Turning Point Brands Inc,Consumer Staples,Tobacco,Tobacco,,,United States of America,US,United States of America,United States of America,1883427961.32,5,12100734,94536.984375,0.023840072646344745,2025-05-26,2025-11-25,2025-11-25,2025-09-17,2026-02-02,2026-02-02T16:29:55Z
TPC.N,2025-11-06,00:00:00,EarningsReleases,Q3 2025 Tutor Perini Corp Earnings Release,TPC,Tutor Perini Corp,Industrials,Construction & Engineering,Construction & Engineering,,,United States of America,US,United States of America,United States of America,3436750039.68,5,26061437,203604.9765625,0.024917731053052852,2025-05-26,2025-11-25,2025-11-25,2025-09-17,2026-02-02,2026-02-02T16:29:55Z
TPH.N,2025-10-23,10:00:33,EarningsReleases,Q3 2025 Tri Pointe Homes Inc (Delaware) Earnings Release,TPH,Tri Pointe Homes Inc (Delaware),Consumer Discretionary,Household Durables,Homebuilding,,,United States of America,US,United States of America,United States of America,2908666338.48,6,50951729,398060.3828125,0.02279405768757144,2025-05-26,2025-11-25,2025-11-25,2025-09-17,2026-02-02,2026-02-02T16:29:55Z
TPL.N,2025-11-05,21:15:01,EarningsReleases,Q3 2025 Texas Pacific Land Corp Earnings Release,TPL,Texas Pacific Land Corp,Energy,"Oil, Gas & Consumable Fuels",Oil & Gas Exploration and Production,,,United States of America,US,United States of America,United States of America,19863631798.1,2,15815736,123560.4375,0.024905828220196446,2025-05-26,2025-11-25,2025-11-25,2025-09-17,2026-02-02,2026-02-02T16:29:55Z
TPR.N,2025-11-06,11:45:00,EarningsReleases,Q1 2026 Tapestry Inc Earnings Release,TPR,Tapestry Inc,Consumer Discretionary,"Textiles, Apparel & Luxury Goods",Apparel & Accessories Retailers,,,United States of America,US,United States of America,United States of America,22036685295.36,21,129293375,1010104.4921875,0.02692800746024364,2025-05-26,2025-11-25,2025-11-25,2025-09-17,2026-02-02,2026-02-02T16:29:55Z
TPVG.N,2025-11-05,21:20:00,EarningsReleases,Q3 2025 Triplepoint Venture Growth BDC Corp Earnings Release,TPVG,Triplepoint Venture Growth BDC Corp,Financials,Capital Markets,Investment Management & Fund Operators,,,United States of America,US,United States of America,United States of America,258154702.83,8,6900342,53908.921875,0.019054463483897277,2025-05-26,2025-11-25,2025-11-25,2025-09-17,2026-02-02,2026-02-02T16:29:55Z
TR.N,2025-10-23,,EarningsReleases,Q3 2025 Tootsie Roll Industries Inc Earnings Release,TR,Tootsie Roll Industries Inc,Consumer Staples,Food Products,Food Processing,,,United States of America,US,United States of America,United States of America,2727670306.9,,10492017,81968.8828125,0.018519559099074864,2025-05-26,2025-11-25,2025-11-25,2025-09-17,2026-02-02,2026-02-02T16:29:55Z
TRAK.N,2025-09-29,20:05:00,EarningsReleases,Q4 2025 Repositrak Inc Earnings Release,TRAK,ReposiTrak Inc,Information Technology,Software,Software,,,United States of America,US,United States of America,United States of America,240493183.25,1,2597258,20291.078125,0.02413760180932876,2025-05-26,2025-11-25,2025-11-25,2025-09-17,2026-02-02,2026-02-02T16:29:55Z
TRAK.N,2025-11-13,21:05:00,EarningsReleases,Q1 2026 Repositrak Inc Earnings Release,TRAK,ReposiTrak Inc,Information Technology,Software,Software,,,United States of America,US,United States of America,United States of America,240493183.25,1,2597258,20291.078125,0.02413760180932876,2025-05-26,2025-11-25,2025-11-25,2025-09-17,2026-02-02,2026-02-02T16:29:55Z
TRC.N,2025-11-06,11:15:00,EarningsReleases,Q3 2025 Tejon Ranch Co Earnings Release,TRC,Tejon Ranch Co,Real Estate,Real Estate Management & Development,"Real Estate Rental, Development & Operations",,,United States of America,US,United States of America,United States of America,434068433.7,1,5004139,39094.8359375,0.015609655588067766,2025-05-26,2025-11-25,2025-11-25,2025-09-17,2026-02-02,2026-02-02T16:29:55Z
TREX.N,2025-11-04,21:05:01,EarningsReleases,Q3 2025 Trex Co Inc Earnings Release,TREX,Trex Company Inc,Industrials,Building Products,Construction Supplies & Fixtures,,,United States of America,US,United States of America,United States of America,3643445012.48,22,71736429,560440.8515625,0.04203108686335042,2025-05-26,2025-11-25,2025-11-25,2025-09-17,2026-02-02,2026-02-02T16:29:55Z
TRGP.N,2025-11-05,11:00:01,EarningsReleases,Q3 2025 Targa Resources Corp Earnings Release,TRGP,Targa Resources Corp,Energy,"Oil, Gas & Consumable Fuels",Oil & Gas Transportation Services,,,United States of America,US,United States of America,United States of America,36719493957.84,19,65340936,510476.0625,0.017972844516272544,2025-05-26,2025-11-25,2025-11-25,2025-09-17,2026-02-02,2026-02-02T16:29:55Z
TRN.N,2025-10-30,10:55:00,EarningsReleases,Q3 2025 Trinity Industries Inc Earnings Release,TRN,Trinity Industries Inc,Industrials,Machinery,Heavy Machinery & Vehicles,,,United States of America,US,United States of America,United States of America,2115162196.74,2,30640557,239379.3515625,0.018252614299295988,2025-05-26,2025-11-25,2025-11-25,2025-09-17,2026-02-02,2026-02-02T16:29:55Z
TRNO.N,2025-11-05,21:10:00,EarningsReleases,Q3 2025 Terreno Realty Corp Earnings Release,TRNO,Terreno Realty Corp,Real Estate,Industrial REITs,Commercial REITs,,,United States of America,US,United States of America,United States of America,6464269216.92,3,35364589,276285.8515625,0.014693221128001433,2025-05-26,2025-11-25,2025-11-25,2025-09-17,2026-02-02,2026-02-02T16:29:55Z
TROX.N,2025-11-05,21:30:00,EarningsReleases,Q3 2025 Tronox Holdings PLC Earnings Release,TROX,Tronox Holdings PLC,Materials,Chemicals,Specialty Chemicals,,,United States of America,US,United States of America,United States of America,618354079.2,9,129619840,1012655.0,0.06461486705583672,2025-05-26,2025-11-25,2025-11-25,2025-09-17,2026-02-02,2026-02-02T16:29:55Z
TROX.N,2026-01-26,13:00:00,EarningsReleases,Preliminary Q4 2025 Tronox Holdings PLC Earnings Release,TROX,Tronox Holdings PLC,Materials,Chemicals,Specialty Chemicals,,,United States of America,US,United States of America,United States of America,618354079.2,9,129619840,1012655.0,0.06461486705583672,2025-05-26,2025-11-25,2025-11-25,2025-09-17,2026-02-02,2026-02-02T16:29:55Z
TRP.N,2025-11-06,11:30:00,EarningsReleases,Q3 2025 TC Energy Corp Earnings Release,TRP,TC Energy Corp,Energy,"Oil, Gas & Consumable Fuels",Oil & Gas Transportation Services,,,Canada,CA,Canada,United States of America,55873298355.0766,13,98960694,773130.421875,0.010369641984823045,2025-05-26,2025-11-25,2025-11-25,2025-09-17,2026-02-02,2026-02-02T16:29:55Z
TRTN_pa.N,2025-11-06,,EarningsReleases,Q3 2025 Triton International Ltd Earnings Release,TRTN PR A,Triton International Ltd,Industrials,Trading Companies & Distributors,Business Support Services,,,Bermuda,BM,Bermuda,United States of America,89346720.0,,171610,1418.2644628099174,0.005251197565700475,2025-05-26,2025-11-25,2025-11-25,2025-09-17,2026-02-02,2026-02-02T16:29:55Z
TRTN_pa.N,2026-02-02,,EarningsReleases,Q4 2025 Triton International Ltd Earnings Release,TRTN PR A,Triton International Ltd,Industrials,Trading Companies & Distributors,Business Support Services,,,Bermuda,BM,Bermuda,United States of America,89346720.0,,171610,1418.2644628099174,0.005251197565700475,2025-05-26,2025-11-25,2025-11-25,2025-09-17,2026-02-02,2026-02-02T16:29:55Z
TRTX.N,2025-10-28,20:35:00,EarningsReleases,Q3 2025 TPG RE Finance Trust Inc Earnings Release,TRTX,TPG RE Finance Trust Inc,Financials,Mortgage Real Estate Investment Trusts (REITs),Specialized REITs,,,United States of America,US,United States of America,United States of America,709830408.22,5,27516037,214969.0390625,0.013696343681077467,2025-05-26,2025-11-25,2025-11-25,2025-09-17,2026-02-02,2026-02-02T16:29:55Z
TRU.N,2025-10-23,11:00:00,EarningsReleases,Q3 2025 TransUnion Earnings Release,TRU,TransUnion,Industrials,Professional Services,Professional Information Services,,,United States of America,US,United States of America,United States of America,16526420000.0,22,95076823,742787.6796875,0.022778640705852143,2025-05-26,2025-11-25,2025-11-25,2025-09-17,2026-02-02,2026-02-02T16:29:55Z
TRV.N,2025-10-16,10:57:00,EarningsReleases,Q3 2025 Travelers Companies Inc Earnings Release,TRV,Travelers Companies Inc,Financials,Insurance,Property & Casualty Insurance,,,United States of America,US,United States of America,United States of America,65513725572.9,25,53675247,419337.8671875,0.012371773745668262,2025-05-26,2025-11-25,2025-11-25,2025-09-17,2026-02-02,2026-02-02T16:29:55Z
TRV.N,2026-01-21,11:57:00,EarningsReleases,Q4 2025 Travelers Companies Inc Earnings Release,TRV,Travelers Companies Inc,Financials,Insurance,Property & Casualty Insurance,,,United States of America,US,United States of America,United States of America,65513725572.9,25,53675247,419337.8671875,0.012371773745668262,2025-05-26,2025-11-25,2025-11-25,2025-09-17,2026-02-02,2026-02-02T16:29:55Z
TSE.N,2025-11-06,21:05:01,EarningsReleases,Q3 2025 Trinseo PLC Earnings Release,TSE,Trinseo PLC,Materials,Chemicals,Commodity Chemicals,,,United States of America,US,United States of America,United States of America,33391252.5153,3,13173825,102920.5078125,0.054480720444982936,2025-05-26,2025-11-25,2025-11-25,2025-09-17,2026-02-02,2026-02-02T16:29:55Z
TSLX.N,2025-11-04,21:45:00,EarningsReleases,Q3 2025 Sixth Street Specialty Lending Inc Earnings Release,TSLX,Sixth Street Specialty Lending Inc,Financials,Capital Markets,Closed End Funds,,,United States of America,US,United States of America,United States of America,2037289023.0,12,15660388,122346.78125,0.01285465590311019,2025-05-26,2025-11-25,2025-11-25,2025-09-17,2026-02-02,2026-02-02T16:29:55Z
TSN.N,2025-11-10,12:30:00,EarningsReleases,Q4 2025 Tyson Foods Inc Earnings Release,TSN,Tyson Foods Inc,Consumer Staples,Food Products,Food Processing,,,United States of America,US,United States of America,United States of America,20173510702.6,14,113132366,883846.609375,0.013288275876601283,2025-05-26,2025-11-25,2025-11-25,2025-09-17,2026-02-02,2026-02-02T16:29:55Z
TSN.N,2026-02-02,13:30:00,EarningsReleases,Q1 2026 Tyson Foods Inc Earnings Release,TSN,Tyson Foods Inc,Consumer Staples,Food Products,Food Processing,,,United States of America,US,United States of America,United States of America,20173510702.6,14,113132366,883846.609375,0.013288275876601283,2025-05-26,2025-11-25,2025-11-25,2025-09-17,2026-02-02,2026-02-02T16:29:55Z
TSQ.N,2025-11-10,11:00:00,EarningsReleases,Q3 2025 Townsquare Media Inc Earnings Release,TSQ,Townsquare Media Inc,Communication Services,Media,Advertising & Marketing,,,United States of America,US,United States of America,United States of America,77694107.52,2,3222505,25175.8203125,0.029418479316263648,2025-05-26,2025-11-25,2025-11-25,2025-09-17,2026-02-02,2026-02-02T16:29:55Z
TT.N,2025-10-30,10:30:00,EarningsReleases,Q3 2025 Trane Technologies PLC Earnings Release,TT,Trane Technologies PLC,Industrials,Building Products,Electrical Components & Equipment,,,Ireland,IE,Ireland,United States of America,92868729655.28,25,47255319,369182.1796875,0.014827913947294288,2025-05-26,2025-11-25,2025-11-25,2025-09-17,2026-02-02,2026-02-02T16:29:55Z
TT.N,2026-01-29,11:30:00,EarningsReleases,Q4 2025 Trane Technologies PLC Earnings Release,TT,Trane Technologies PLC,Industrials,Building Products,Electrical Components & Equipment,,,Ireland,IE,Ireland,United States of America,92868729655.28,25,47255319,369182.1796875,0.014827913947294288,2025-05-26,2025-11-25,2025-11-25,2025-09-17,2026-02-02,2026-02-02T16:29:55Z
TTAM.N,2025-11-05,21:15:01,EarningsReleases,Q3 2025 Titan America SA Earnings Release,TTAM,Titan America SA,Materials,Construction Materials,Construction Supplies & Fixtures,,,Belgium,BE,Belgium,United States of America,2957173938.6,7,15238150,119048.046875,0.022672185784714714,2025-05-26,2025-11-25,2025-11-25,2025-09-17,2026-02-02,2026-02-02T16:29:55Z
TTC.N,2025-12-17,13:30:00,EarningsReleases,Q4 2025 Toro Co Earnings Release,TTC,Toro Co,Industrials,Machinery,Heavy Machinery & Vehicles,,,United States of America,US,United States of America,United States of America,6984421145.91,5,31874682,249020.953125,0.015977277067789935,2025-05-26,2025-11-25,2025-11-25,2025-09-17,2026-02-02,2026-02-02T16:29:55Z
TTE.N,2025-10-30,07:00:00,EarningsReleases,Q3 2025 TotalEnergies SE Earnings Release,TTE,TotalEnergies SE,Energy,"Oil, Gas & Consumable Fuels",Integrated Oil & Gas,,,France,FR,France,United States of America,143390534198.281,23,,,,,,2025-11-25,2025-09-17,2026-02-02,2026-02-02T16:29:55Z
TTI.N,2025-10-28,21:00:00,EarningsReleases,Q3 2025 Tetra Technologies Inc Earnings Release,TTI,Tetra Technologies Inc,Energy,Energy Equipment & Services,Oil Related Services and Equipment,,,United States of America,US,United States of America,United States of America,1003100355.0,4,69188801,540537.5078125,0.0387364949938418,2025-05-26,2025-11-25,2025-11-25,2025-09-17,2026-02-02,2026-02-02T16:29:55Z
TU.N,2025-11-07,11:45:00,EarningsReleases,Q3 2025 Telus Corp Earnings Release,TU,Telus Corp,Communication Services,Diversified Telecommunication Services,Integrated Telecommunications Services,,,Canada,CA,Canada,United States of America,19921081102.8077,13,126912858,991506.703125,0.009816641014984973,2025-05-26,2025-11-25,2025-11-25,2025-09-17,2026-02-02,2026-02-02T16:29:55Z
TUYA.N,2025-11-24,22:00:00,EarningsReleases,Q3 2025 Tuya Inc Earnings Release,TUYA,Tuya Inc,Information Technology,Software,Software,,,China,CN,China,United States of America,1424729587.58,6,46605672,364106.8125,0.03085112002802087,2025-05-26,2025-11-25,2025-11-25,2025-09-17,2026-02-02,2026-02-02T16:29:55Z
TWI.N,2025-11-06,11:00:02,EarningsReleases,Q3 2025 Titan International Inc Earnings Release,TWI,Titan International Inc,Industrials,Machinery,"Auto, Truck & Motorcycle Parts",,,United States of America,US,United States of America,United States of America,534634489.84,4,26260481,205160.0078125,0.031075524442804515,2025-05-26,2025-11-25,2025-11-25,2025-09-17,2026-02-02,2026-02-02T16:29:55Z
TWLO.N,2025-10-30,20:05:00,EarningsReleases,Q3 2025 Twilio Inc Earnings Release,TWLO,Twilio Inc,Information Technology,IT Services,Software,,,United States of America,US,United States of America,United States of America,19488311625.72,30,96209923,751640.0234375,0.03611675811268462,2025-05-26,2025-11-25,2025-11-25,2025-09-17,2026-02-02,2026-02-02T16:29:55Z
TWO.N,2025-10-27,20:15:00,EarningsReleases,Q3 2025 Two Harbors Investment Corp Earnings Release,TWO,Two Harbors Investment Corp,Financials,Mortgage Real Estate Investment Trusts (REITs),Specialized REITs,,,United States of America,US,United States of America,United States of America,1046765970.9,9,71537891,558889.7734375,0.016352408646914913,2025-05-26,2025-11-25,2025-11-25,2025-09-17,2026-02-02,2026-02-02T16:29:55Z
TWO.N,2026-02-02,21:00:00,EarningsReleases,Q4 2025 Two Harbors Investment Corp Earnings Release,TWO,Two Harbors Investment Corp,Financials,Mortgage Real Estate Investment Trusts (REITs),Specialized REITs,,,United States of America,US,United States of America,United States of America,1046765970.9,9,71537891,558889.7734375,0.016352408646914913,2025-05-26,2025-11-25,2025-11-25,2025-09-17,2026-02-02,2026-02-02T16:29:55Z
TX.N,2025-10-28,20:00:00,EarningsReleases,Q3 2025 Ternium SA Earnings Release,TX,Ternium SA,Materials,Metals & Mining,Iron & Steel,,,Luxembourg,LU,Luxembourg,United States of America,7189009975.84,11,6449316,50385.28125,0.017657875226517575,2025-05-26,2025-11-25,2025-11-25,2025-09-17,2026-02-02,2026-02-02T16:29:55Z
TXNM.N,2025-10-31,10:30:00,EarningsReleases,Q3 2025 TXNM Energy Inc Earnings Release,TXNM,TXNM Energy Inc,Utilities,Electric Utilities,Electric Utilities,,,United States of America,US,United States of America,United States of America,6316349434.44,7,38613888,301671.0,0.0028488851019608085,2025-05-26,2025-11-25,2025-11-25,2025-09-17,2026-02-02,2026-02-02T16:29:55Z
TXO.N,2025-11-04,21:00:00,EarningsReleases,Q3 2025 TXO Partners LP Earnings Release,TXO,TXO Partners LP,Energy,"Oil, Gas & Consumable Fuels",Oil & Gas Exploration and Production,,,United States of America,US,United States of America,United States of America,662889933.2,2,4721778,36888.890625,0.01327128791612787,2025-05-26,2025-11-25,2025-11-25,2025-09-17,2026-02-02,2026-02-02T16:29:55Z
TXT.N,2025-10-23,10:30:00,EarningsReleases,Q3 2025 Textron Inc Earnings Release,TXT,Textron Inc,Industrials,Aerospace & Defense,Aerospace & Defense,,,United States of America,US,United States of America,United States of America,14612499386.88,15,62335717,486997.7890625,0.014017542045070252,2025-05-26,2025-11-25,2025-11-25,2025-09-17,2026-02-02,2026-02-02T16:29:55Z
TXT.N,2026-01-28,13:30:00,EarningsReleases,Q4 2025 Textron Inc Earnings Release,TXT,Textron Inc,Industrials,Aerospace & Defense,Aerospace & Defense,,,United States of America,US,United States of America,United States of America,14612499386.88,15,62335717,486997.7890625,0.014017542045070252,2025-05-26,2025-11-25,2025-11-25,2025-09-17,2026-02-02,2026-02-02T16:29:55Z
TYL.N,2025-10-29,20:17:00,EarningsReleases,Q3 2025 Tyler Technologies Inc Earnings Release,TYL,Tyler Technologies Inc,Information Technology,Software,Software,,,United States of America,US,United States of America,United States of America,20252721292.32,20,12099415,94526.6796875,0.0166456416529909,2025-05-26,2025-11-25,2025-11-25,2025-09-17,2026-02-02,2026-02-02T16:29:55Z
U.N,2025-11-05,12:00:01,EarningsReleases,Q3 2025 Unity Software Inc Earnings Release,U,Unity Software Inc,Information Technology,Software,Software,,,United States of America,US,United States of America,United States of America,18220528854.94,25,329218392,2572018.6875,0.042924952024586946,2025-05-26,2025-11-25,2025-11-25,2025-09-17,2026-02-02,2026-02-02T16:29:55Z
UAA.N,2025-11-06,11:55:00,EarningsReleases,Q2 2026 Under Armour Inc Earnings Release,UAA,Under Armour Inc,Consumer Discretionary,"Textiles, Apparel & Luxury Goods",Apparel & Accessories,,,United States of America,US,United States of America,United States of America,1867381133.8,29,326120746,2547818.328125,0.030146398408376504,2025-05-26,2025-11-25,2025-11-25,2025-09-17,2026-02-02,2026-02-02T16:29:55Z
UAN.N,2025-10-29,20:21:00,EarningsReleases,Q3 2025 CVR Partners LP Earnings Release,UAN,CVR Partners LP,Materials,Chemicals,Agricultural Chemicals,,,United States of America,US,United States of America,United States of America,998830696.5,,621119,4852.4921875,0.014882146487708473,2025-05-26,2025-11-25,2025-11-25,2025-09-17,2026-02-02,2026-02-02T16:29:55Z
UBER.N,2025-11-04,11:55:00,EarningsReleases,Q3 2025 Uber Technologies Inc Earnings Release,UBER,Uber Technologies Inc,Industrials,Ground Transportation,Online Services,,,United States of America,US,United States of America,United States of America,173893624585.89,54,457898403,3577331.2734375,0.019523923895082458,2025-05-26,2025-11-25,2025-11-25,2025-09-17,2026-02-02,2026-02-02T16:29:55Z
UBS.N,2025-10-29,05:45:00,EarningsReleases,Q3 2025 UBS Group AG Earnings Release,UBS,UBS Group AG,Financials,Capital Markets,Investment Management & Fund Operators,,,Switzerland,CH,Switzerland,United States of America,125009704240.045,15,50113008,391507.875,0.014492868232337003,2025-05-26,2025-11-25,2025-11-25,2025-09-17,2026-02-02,2026-02-02T16:29:55Z
UCB.N,2025-10-22,11:30:02,EarningsReleases,Q3 2025 United Community Banks Inc Earnings Release,UCB,United Community Banks Inc,Financials,Banks,Banks,,,United States of America,US,United States of America,United States of America,3796222174.38,7,36459307,284838.3359375,0.016724692607399515,2025-05-26,2025-11-25,2025-11-25,2025-09-17,2026-02-02,2026-02-02T16:29:55Z
UCB.N,2026-01-14,12:30:01,EarningsReleases,Q4 2025 United Community Banks Inc Earnings Release,UCB,United Community Banks Inc,Financials,Banks,Banks,,,United States of America,US,United States of America,United States of America,3796222174.38,7,36459307,284838.3359375,0.016724692607399515,2025-05-26,2025-11-25,2025-11-25,2025-09-17,2026-02-02,2026-02-02T16:29:55Z
UDR.N,2025-10-29,20:16:00,EarningsReleases,Q3 2025 UDR Inc Earnings Release,UDR,UDR Inc,Real Estate,Residential REITs,Residential REITs,,,United States of America,US,United States of America,United States of America,11923928385.6,10,123642918,965960.296875,0.011510067971195909,2025-05-26,2025-11-25,2025-11-25,2025-09-17,2026-02-02,2026-02-02T16:29:55Z
UE.N,2025-10-29,11:00:00,EarningsReleases,Q3 2025 Urban Edge Properties Earnings Release,UE,Urban Edge Properties,Real Estate,Retail REITs,Commercial REITs,,,United States of America,US,United States of America,United States of America,2421424687.76,5,44205026,345351.765625,0.013359085481633922,2025-05-26,2025-11-25,2025-11-25,2025-09-17,2026-02-02,2026-02-02T16:29:55Z
UFI.N,2025-11-04,21:15:00,EarningsReleases,Q1 2026 Unifi Inc Earnings Release,UFI,Unifi Inc,Consumer Discretionary,"Textiles, Apparel & Luxury Goods",Textiles & Leather Goods,,,United States of America,US,United States of America,United States of America,61691827.68,1,1296255,10126.9921875,0.023295594586413775,2025-05-26,2025-11-25,2025-11-25,2025-09-17,2026-02-02,2026-02-02T16:29:55Z
UGI.N,2025-11-20,22:30:00,EarningsReleases,Q4 2025 UGI Corp Earnings Release,UGI,UGI Corp,Utilities,Gas Utilities,Natural Gas Utilities,,,United States of America,US,United States of America,United States of America,8319392466.14,3,68220024,532968.9375,0.012670027187559291,2025-05-26,2025-11-25,2025-11-25,2025-09-17,2026-02-02,2026-02-02T16:29:55Z
UHAL.N,2025-11-05,21:43:00,EarningsReleases,Q2 2026 U-Haul Holding Co Earnings Release,UHAL,U-Haul Holding Co,Industrials,Ground Transportation,Ground Freight & Logistics,,,United States of America,US,United States of America,United States of America,9341934514.72,5,6144143,48001.1171875,0.01483023329605214,2025-05-26,2025-11-25,2025-11-25,2025-09-17,2026-02-02,2026-02-02T16:29:55Z
UHS.N,2025-10-27,20:16:00,EarningsReleases,Q3 2025 Universal Health Services Inc Earnings Release,UHS,Universal Health Services Inc,Health Care,Health Care Providers & Services,Healthcare Facilities & Services,,,United States of America,US,United States of America,United States of America,15229481137.64,20,27367684,213810.03125,0.017647937184833793,2025-05-26,2025-11-25,2025-11-25,2025-09-17,2026-02-02,2026-02-02T16:29:55Z
UHT.N,2025-10-27,20:20:00,EarningsReleases,Q3 2025 Universal Health Realty Income Trust Earnings Release,UHT,Universal Health Realty Income Trust,Real Estate,Health Care REITs,Specialized REITs,,,United States of America,US,United States of America,United States of America,568679601.82,1,3483355,27213.7109375,0.014507286577182477,2025-05-26,2025-11-25,2025-11-25,2025-09-17,2026-02-02,2026-02-02T16:29:55Z
UI.N,2025-11-07,12:06:00,EarningsReleases,Q1 2026 Ubiquiti Inc Earnings Release,UI,Ubiquiti Inc,Information Technology,Communications Equipment,Communications & Networking,,,United States of America,US,United States of America,United States of America,34533808070.55,3,4431448,34620.6875,0.04113071793695149,2025-05-26,2025-11-25,2025-11-25,2025-09-17,2026-02-02,2026-02-02T16:29:55Z
UIS.N,2025-11-05,21:15:00,EarningsReleases,Q3 2025 Unisys Corp Earnings Release,UIS,Unisys Corp,Information Technology,IT Services,IT Services & Consulting,,,United States of America,US,United States of America,United States of America,181117509.24,4,23578292,184205.40625,0.034271166267758654,2025-05-26,2025-11-25,2025-11-25,2025-09-17,2026-02-02,2026-02-02T16:29:55Z
ULS.N,2025-11-04,12:00:00,EarningsReleases,Q3 2025 UL Solutions Inc Earnings Release,ULS,UL Solutions Inc,Industrials,Professional Services,Business Support Services,,,United States of America,US,United States of America,United States of America,17825764999.8,12,26279658,205309.828125,0.022050630755520436,2025-05-26,2025-11-25,2025-11-25,2025-09-17,2026-02-02,2026-02-02T16:29:55Z
UMH.N,2025-11-03,21:30:00,EarningsReleases,Q3 2025 UMH Properties Inc Earnings Release,UMH,UMH Properties Inc,Real Estate,Residential REITs,Residential REITs,,,United States of America,US,United States of America,United States of America,1291244650.5,6,25442702,198771.109375,0.012060563235917794,2025-05-26,2025-11-25,2025-11-25,2025-09-17,2026-02-02,2026-02-02T16:29:55Z
UNF.N,2025-10-22,12:00:12,EarningsReleases,Q4 2025 UniFirst Corp Earnings Release,UNF,UniFirst Corp,Industrials,Commercial Services & Supplies,Business Support Services,,,United States of America,US,United States of America,United States of America,3025888646.48,6,5032622,39317.359375,0.017860841384941293,2025-05-26,2025-11-25,2025-11-25,2025-09-17,2026-02-02,2026-02-02T16:29:55Z
UNF.N,2026-01-07,13:00:02,EarningsReleases,Q1 2026 UniFirst Corp Earnings Release,UNF,UniFirst Corp,Industrials,Commercial Services & Supplies,Business Support Services,,,United States of America,US,United States of America,United States of America,3025888646.48,6,5032622,39317.359375,0.017860841384941293,2025-05-26,2025-11-25,2025-11-25,2025-09-17,2026-02-02,2026-02-02T16:29:55Z
UNFI.N,2025-09-30,12:30:00,EarningsReleases,Q4 2025 United Natural Foods Inc Earnings Release,UNFI,United Natural Foods Inc,Consumer Staples,Consumer Staples Distribution & Retail,Food Retail & Distribution,,,United States of America,US,United States of America,United States of America,2257563000.0,10,43596680,340599.0625,0.03374840116012931,2025-05-26,2025-11-25,2025-11-25,2025-09-17,2026-02-02,2026-02-02T16:29:55Z
UNFI.N,2025-12-02,12:00:00,EarningsReleases,Q1 2026 United Natural Foods Inc Earnings Release,UNFI,United Natural Foods Inc,Consumer Staples,Consumer Staples Distribution & Retail,Food Retail & Distribution,,,United States of America,US,United States of America,United States of America,2257563000.0,10,43596680,340599.0625,0.03374840116012931,2025-05-26,2025-11-25,2025-11-25,2025-09-17,2026-02-02,2026-02-02T16:29:55Z
UNH.N,2025-10-28,09:55:00,EarningsReleases,Q3 2025 Unitedhealth Group Inc Earnings Release,UNH,UnitedHealth Group Inc,Health Care,Health Care Providers & Services,Managed Healthcare,,,United States of America,US,United States of America,United States of America,295557024933.6,29,295082085,2305328.7890625,0.023723431415959877,2025-05-26,2025-11-25,2025-11-25,2025-09-17,2026-02-02,2026-02-02T16:29:55Z
UNH.N,2026-01-27,10:55:00,EarningsReleases,Q4 2025 Unitedhealth Group Inc Earnings Release,UNH,UnitedHealth Group Inc,Health Care,Health Care Providers & Services,Managed Healthcare,,,United States of America,US,United States of America,United States of America,295557024933.6,29,295082085,2305328.7890625,0.023723431415959877,2025-05-26,2025-11-25,2025-11-25,2025-09-17,2026-02-02,2026-02-02T16:29:55Z
UNM.N,2025-11-03,21:15:00,EarningsReleases,Q3 2025 Unum Group Earnings Release,UNM,Unum Group,Financials,Insurance,Life & Health Insurance,,,United States of America,US,United States of America,United States of America,12809208641.95,14,56072102,438063.296875,0.01795507506926661,2025-05-26,2025-11-25,2025-11-25,2025-09-17,2026-02-02,2026-02-02T16:29:55Z
UNP.N,2025-10-23,11:45:00,EarningsReleases,Q3 2025 Union Pacific Corp Earnings Release,UNP,Union Pacific Corp,Industrials,Ground Transportation,Ground Freight & Logistics,,,United States of America,US,United States of America,United States of America,135910954496.57,28,122335901,955749.2265625,0.01126874732215599,2025-05-26,2025-11-25,2025-11-25,2025-09-17,2026-02-02,2026-02-02T16:29:55Z
UNP.N,2026-01-27,12:45:00,EarningsReleases,Q4 2025 Union Pacific Corp Earnings Release,UNP,Union Pacific Corp,Industrials,Ground Transportation,Ground Freight & Logistics,,,United States of America,US,United States of America,United States of America,135910954496.57,28,122335901,955749.2265625,0.01126874732215599,2025-05-26,2025-11-25,2025-11-25,2025-09-17,2026-02-02,2026-02-02T16:29:55Z
UP.N,2025-11-05,11:55:00,EarningsReleases,Q3 2025 Wheels Up Experience Inc Earnings Release,UP,Wheels Up Experience Inc,Industrials,Passenger Airlines,Airlines,,,United States of America,US,United States of America,United States of America,476543698.6374,,89225141,697071.4140625,0.08050323030119974,2025-05-26,2025-11-25,2025-11-25,2025-09-17,2026-02-02,2026-02-02T16:29:55Z
UPS.N,2025-10-28,10:00:00,EarningsReleases,Q3 2025 United Parcel Service Inc Earnings Release,UPS,United Parcel Service Inc,Industrials,Air Freight & Logistics,"Courier, Postal, Air Freight & Land-based Logistics",,,United States of America,US,United States of America,United States of America,80206374529.46,30,199061658,1555169.203125,0.018501057432489285,2025-05-26,2025-11-25,2025-11-25,2025-09-17,2026-02-02,2026-02-02T16:29:55Z
UPS.N,2026-01-27,11:00:00,EarningsReleases,Q4 2025 United Parcel Service Inc Earnings Release,UPS,United Parcel Service Inc,Industrials,Air Freight & Logistics,"Courier, Postal, Air Freight & Land-based Logistics",,,United States of America,US,United States of America,United States of America,80206374529.46,30,199061658,1555169.203125,0.018501057432489285,2025-05-26,2025-11-25,2025-11-25,2025-09-17,2026-02-02,2026-02-02T16:29:55Z
URI.N,2025-10-22,20:15:01,EarningsReleases,Q3 2025 United Rentals Inc Earnings Release,URI,United Rentals Inc,Industrials,Trading Companies & Distributors,Business Support Services,,,United States of America,US,United States of America,United States of America,52116389820.0,25,18207566,142246.609375,0.019138290307203393,2025-05-26,2025-11-25,2025-11-25,2025-09-17,2026-02-02,2026-02-02T16:29:55Z
URI.N,2026-01-28,21:00:00,EarningsReleases,Q4 2025 United Rentals Inc Earnings Release,URI,United Rentals Inc,Industrials,Trading Companies & Distributors,Business Support Services,,,United States of America,US,United States of America,United States of America,52116389820.0,25,18207566,142246.609375,0.019138290307203393,2025-05-26,2025-11-25,2025-11-25,2025-09-17,2026-02-02,2026-02-02T16:29:55Z
USA.N,2025-12-02,,EarningsReleases,Q3 2025 Liberty All-Star Equity Fund Earnings Release,USA,Liberty All-Star Equity Fund,,,Closed End Funds,,,United States of America,US,United States of America,United States of America,1789279612.52,,26353485,205886.6015625,0.00848235554336953,2025-05-26,2025-11-25,2025-11-25,2025-09-17,2026-02-02,2026-02-02T16:29:55Z
USAC.N,2025-11-05,11:55:00,EarningsReleases,Q3 2025 USA Compression Partners LP Earnings Release,USAC,USA Compression Partners LP,Energy,Energy Equipment & Services,Oil Related Services and Equipment,,,United States of America,US,United States of America,United States of America,3011928313.05,6,9771075,76336.5234375,0.015862280716416568,2025-05-26,2025-11-25,2025-11-25,2025-09-17,2026-02-02,2026-02-02T16:29:55Z
USB.N,2025-10-16,10:45:00,EarningsReleases,Q3 2025 US Bancorp Earnings Release,USB,US Bancorp,Financials,Banks,Banks,,,United States of America,US,United States of America,United States of America,76113226146.23,24,372493701,2910107.0390625,0.013296697203880067,2025-05-26,2025-11-25,2025-11-25,2025-09-17,2026-02-02,2026-02-02T16:29:55Z
USB.N,2026-01-20,11:45:00,EarningsReleases,Q4 2025 US Bancorp Earnings Release,USB,US Bancorp,Financials,Banks,Banks,,,United States of America,US,United States of America,United States of America,76113226146.23,24,372493701,2910107.0390625,0.013296697203880067,2025-05-26,2025-11-25,2025-11-25,2025-09-17,2026-02-02,2026-02-02T16:29:55Z
USFD.N,2025-11-06,11:45:00,EarningsReleases,Q3 2025 US Foods Holding Corp Earnings Release,USFD,US Foods Holding Corp,Consumer Staples,Consumer Staples Distribution & Retail,Food Retail & Distribution,,,United States of America,US,United States of America,United States of America,17585618578.56,19,81339684,635466.28125,0.014310899890564178,2025-05-26,2025-11-25,2025-11-25,2025-09-17,2026-02-02,2026-02-02T16:29:55Z
USNA.N,2025-10-09,20:05:00,EarningsReleases,Preliminary Q3 2025 USANA Health Sciences Inc Earnings Release,USNA,USANA Health Sciences Inc,Consumer Staples,Personal Care Products,Food Processing,,,United States of America,US,United States of America,United States of America,361960968.6,1,9590334,74924.484375,0.033616722615965065,2025-05-26,2025-11-25,2025-11-25,2025-09-17,2026-02-02,2026-02-02T16:29:55Z
USNA.N,2025-10-22,20:05:00,EarningsReleases,Q3 2025 USANA Health Sciences Inc Earnings Release,USNA,USANA Health Sciences Inc,Consumer Staples,Personal Care Products,Food Processing,,,United States of America,US,United States of America,United States of America,361960968.6,1,9590334,74924.484375,0.033616722615965065,2025-05-26,2025-11-25,2025-11-25,2025-09-17,2026-02-02,2026-02-02T16:29:55Z
USNA.N,2026-01-12,11:15:00,EarningsReleases,Preliminary Q4 2025 USANA Health Sciences Inc Earnings Release,USNA,USANA Health Sciences Inc,Consumer Staples,Personal Care Products,Food Processing,,,United States of America,US,United States of America,United States of America,361960968.6,1,9590334,74924.484375,0.033616722615965065,2025-05-26,2025-11-25,2025-11-25,2025-09-17,2026-02-02,2026-02-02T16:29:55Z
USPH.N,2025-11-05,22:00:00,EarningsReleases,Q3 2025 US Physical Therapy Inc Earnings Release,USPH,US Physical Therapy Inc,Health Care,Health Care Providers & Services,Healthcare Facilities & Services,,,United States of America,US,United States of America,United States of America,1127537465.04,7,6073731,47451.0234375,0.024614922552321374,2025-05-26,2025-11-25,2025-11-25,2025-09-17,2026-02-02,2026-02-02T16:29:55Z
UTI.N,2025-11-19,21:03:00,EarningsReleases,Q4 2025 Universal Technical Institute Inc Earnings Release,UTI,Universal Technical Institute Inc,Consumer Discretionary,Diversified Consumer Services,Professional & Business Education,,,United States of America,US,United States of America,United States of America,1246988298.79,7,27296429,213253.3515625,0.03677437552619963,2025-05-26,2025-11-25,2025-11-25,2025-09-17,2026-02-02,2026-02-02T16:29:55Z
UTL.N,2025-11-03,21:45:00,EarningsReleases,Q3 2025 Unitil Corp Earnings Release,UTL,Unitil Corp,Utilities,Multi-Utilities,Multiline Utilities,,,United States of America,US,United States of America,United States of America,898964312.74,2,4891273,38213.0703125,0.013709334057581662,2025-05-26,2025-11-25,2025-11-25,2025-09-17,2026-02-02,2026-02-02T16:29:55Z
UTZ.N,2025-10-30,10:30:00,EarningsReleases,Q3 2025 UTZ Brands Inc Earnings Release,UTZ,UTZ Brands Inc,Consumer Staples,Food Products,Food Processing,,,United States of America,US,United States of America,United States of America,1341443887.86,10,44004686,343786.609375,0.022906181055226744,2025-05-26,2025-11-25,2025-11-25,2025-09-17,2026-02-02,2026-02-02T16:29:55Z
UTZ.N,2026-01-12,12:00:01,EarningsReleases,Preliminary Q4 2025 UTZ Brands Inc Earnings Release,UTZ,UTZ Brands Inc,Consumer Staples,Food Products,Food Processing,,,United States of America,US,United States of America,United States of America,1341443887.86,10,44004686,343786.609375,0.022906181055226744,2025-05-26,2025-11-25,2025-11-25,2025-09-17,2026-02-02,2026-02-02T16:29:55Z
UVE.N,2025-10-23,20:10:00,EarningsReleases,Q3 2025 Universal Insurance Holdings Inc Earnings Release,UVE,Universal Insurance Holdings Inc,Financials,Insurance,Property & Casualty Insurance,,,United States of America,US,United States of America,United States of America,932905782.06,1,9777768,76388.8125,0.02232150476998913,2025-05-26,2025-11-25,2025-11-25,2025-09-17,2026-02-02,2026-02-02T16:29:55Z
UVV.N,2025-11-05,21:16:00,EarningsReleases,Q2 2026 Universal Corp Earnings Release,UVV,Universal Corp,Consumer Staples,Tobacco,Tobacco,,,United States of America,US,United States of America,United States of America,1316584618.65,1,12599598,98434.359375,0.01736929732640088,2025-05-26,2025-11-25,2025-11-25,2025-09-17,2026-02-02,2026-02-02T16:29:55Z
UVV.N,2026-02-02,21:00:00,EarningsReleases,Q3 2026 Universal Corp Earnings Release,UVV,Universal Corp,Consumer Staples,Tobacco,Tobacco,,,United States of America,US,United States of America,United States of America,1316584618.65,1,12599598,98434.359375,0.01736929732640088,2025-05-26,2025-11-25,2025-11-25,2025-09-17,2026-02-02,2026-02-02T16:29:55Z
UWMC.N,2025-11-06,13:30:01,EarningsReleases,Q3 2025 UWM Holdings Corp Earnings Release,UWMC,UWM Holdings Corp,Financials,Financial Services,Consumer Lending,,,United States of America,US,United States of America,United States of America,9151346375.6,9,309931945,2421343.3203125,0.032630881191280756,2025-05-26,2025-11-25,2025-11-25,2025-09-17,2026-02-02,2026-02-02T16:29:55Z
V.N,2025-10-28,20:05:00,EarningsReleases,Q4 2025 Visa Inc Earnings Release,V,Visa Inc,Financials,Financial Services,Business Support Services,,,United States of America,US,United States of America,United States of America,640322239490.01,40,261240394,2040940.578125,0.012238262443045878,2025-05-26,2025-11-25,2025-11-25,2025-09-17,2026-02-02,2026-02-02T16:29:55Z
V.N,2026-01-29,21:05:00,EarningsReleases,Q1 2026 Visa Inc Earnings Release,V,Visa Inc,Financials,Financial Services,Business Support Services,,,United States of America,US,United States of America,United States of America,640322239490.01,40,261240394,2040940.578125,0.012238262443045878,2025-05-26,2025-11-25,2025-11-25,2025-09-17,2026-02-02,2026-02-02T16:29:55Z
VAC.N,2025-11-05,21:15:01,EarningsReleases,Q3 2025 Marriott Vacations Worldwide Corp Earnings Release,VAC,Marriott Vacations Worldwide Corp,Consumer Discretionary,"Hotels, Restaurants & Leisure","Hotels, Motels & Cruise Lines",,,United States of America,US,United States of America,United States of America,1890616188.42,11,24461372,191104.46875,0.037268293719210595,2025-05-26,2025-11-25,2025-11-25,2025-09-17,2026-02-02,2026-02-02T16:29:55Z
VACI.N,2025-12-15,21:00:00,EarningsReleases,Q3 2025 Viking Acquisition Corp I Earnings Release,VACI,Viking Acquisition Corp I,,,Investment Holding Companies,,,United States of America,US,United States of America,United States of America,311073803.31,,8822,2940.6666666666665,0.0020981497316702722,2025-05-26,2025-11-25,2025-11-25,2025-09-17,2026-02-02,2026-02-02T16:29:55Z
VAL.N,2025-10-29,20:15:01,EarningsReleases,Q3 2025 Valaris Ltd Earnings Release,VAL,Valaris Ltd,Energy,Energy Equipment & Services,Oil & Gas Drilling,,,Bermuda,BM,Bermuda,United States of America,3897023340.78,13,50859710,397341.484375,0.028338402923333863,2025-05-26,2025-11-25,2025-11-25,2025-09-17,2026-02-02,2026-02-02T16:29:55Z
VATE.N,2025-11-12,21:04:00,EarningsReleases,Q3 2025 Innovate Corp Earnings Release,VATE,Innovate Corp,Industrials,Construction & Engineering,Construction & Engineering,,,United States of America,US,United States of America,United States of America,70187018.68,,878274,6861.515625,0.04651293105756241,2025-05-26,2025-11-25,2025-11-25,2025-09-17,2026-02-02,2026-02-02T16:29:55Z
VEEV.N,2025-11-20,21:05:00,EarningsReleases,Q3 2026 Veeva Systems Inc Earnings Release,VEEV,Veeva Systems Inc,Health Care,Health Care Technology,Advanced Medical Equipment & Technology,,,United States of America,US,United States of America,United States of America,39443426107.25,33,45138504,352644.5625,0.02434866892351813,2025-05-26,2025-11-25,2025-11-25,2025-09-17,2026-02-02,2026-02-02T16:29:55Z
VEL.N,2025-11-06,21:10:00,EarningsReleases,Q3 2025 Velocity Financial Inc Earnings Release,VEL,Velocity Financial Inc,Financials,Financial Services,Consumer Lending,,,United States of America,US,United States of America,United States of America,735988567.6,3,5381564,42043.46875,0.01523314201073521,2025-05-26,2025-11-25,2025-11-25,2025-09-17,2026-02-02,2026-02-02T16:29:55Z
VEL.N,2026-01-26,13:30:00,EarningsReleases,Preliminary Q4 2025 Velocity Financial Inc Earnings Release,VEL,Velocity Financial Inc,Financials,Financial Services,Consumer Lending,,,United States of America,US,United States of America,United States of America,735988567.6,3,5381564,42043.46875,0.01523314201073521,2025-05-26,2025-11-25,2025-11-25,2025-09-17,2026-02-02,2026-02-02T16:29:55Z
VET.N,2025-11-05,22:01:00,EarningsReleases,Q3 2025 Vermilion Energy Inc Earnings Release,VET,Vermilion Energy Inc,Energy,"Oil, Gas & Consumable Fuels",Integrated Oil & Gas,,,Canada,CA,Canada,United States of America,1321769072.60352,4,46832566,365879.421875,0.026861828457168103,2025-05-26,2025-11-25,2025-11-25,2025-09-17,2026-02-02,2026-02-02T16:29:55Z
VFC.N,2025-10-28,10:00:00,EarningsReleases,Q2 2026 VF Corp Earnings Release,VFC,VF Corp,Consumer Discretionary,"Textiles, Apparel & Luxury Goods",Apparel & Accessories,,,United States of America,US,United States of America,United States of America,6736094827.92,24,291191334,2274932.296875,0.03348496799379758,2025-05-26,2025-11-25,2025-11-25,2025-09-17,2026-02-02,2026-02-02T16:29:55Z
VFC.N,2026-01-28,11:00:00,EarningsReleases,Q3 2026 VF Corp Earnings Release,VFC,VF Corp,Consumer Discretionary,"Textiles, Apparel & Luxury Goods",Apparel & Accessories,,,United States of America,US,United States of America,United States of America,6736094827.92,24,291191334,2274932.296875,0.03348496799379758,2025-05-26,2025-11-25,2025-11-25,2025-09-17,2026-02-02,2026-02-02T16:29:55Z
VG.N,2025-11-10,11:30:00,EarningsReleases,Q3 2025 Venture Global Inc Earnings Release,VG,Venture Global Inc,Energy,"Oil, Gas & Consumable Fuels",Oil & Gas Exploration and Production,,,United States of America,US,United States of America,United States of America,16867482006.44,14,230017521,1797011.8828125,0.049936362740121476,2025-05-26,2025-11-25,2025-11-25,2025-09-17,2026-02-02,2026-02-02T16:29:55Z
VHI.N,2025-11-06,21:25:00,EarningsReleases,Q3 2025 Valhi Inc Earnings Release,VHI,Valhi Inc,Materials,Chemicals,Specialty Chemicals,,,United States of America,US,United States of America,United States of America,358873075.24,,484016,3781.375,0.02953237999339359,2025-05-26,2025-11-25,2025-11-25,2025-09-17,2026-02-02,2026-02-02T16:29:55Z
VIA.N,2025-11-13,13:30:00,EarningsReleases,Q3 2025 Via Transportation Inc Earnings Release,VIA,Via Transportation Inc,Information Technology,Software,Software,,,United States of America,US,United States of America,United States of America,2954545113.6,10,6627932,125055.32075471699,0.037977115332516534,2025-05-26,2025-11-25,2025-11-25,2025-09-17,2026-02-02,2026-02-02T16:29:55Z
VICI.N,2025-10-30,20:15:00,EarningsReleases,Q3 2025 VICI Properties Inc Earnings Release,VICI,VICI Properties Inc,Real Estate,Specialized REITs,Specialized REITs,,,United States of America,US,United States of America,United States of America,30728326916.25,11,384111892,3000874.15625,0.009760863286853884,2025-05-26,2025-11-25,2025-11-25,2025-09-17,2026-02-02,2026-02-02T16:29:55Z
VIK.N,2025-11-19,12:00:00,EarningsReleases,Q3 2025 Viking Holdings Ltd Earnings Release,VIK,Viking Holdings Ltd,Consumer Discretionary,"Hotels, Restaurants & Leisure",Leisure & Recreation,,,Bermuda,BM,Bermuda,United States of America,30107831468.22,18,100138127,782329.1171875,0.017702494565230868,2025-05-26,2025-11-25,2025-11-25,2025-09-17,2026-02-02,2026-02-02T16:29:55Z
VIPS.N,2025-11-20,10:00:00,EarningsReleases,Q3 2025 Vipshop Holdings Ltd Earnings Release,VIPS,Vipshop Holdings Ltd,Consumer Discretionary,Broadline Retail,Online Services,,,China,CN,China,United States of America,9500110000.0,22,109445142,855040.171875,0.019375505398906645,2025-05-26,2025-11-25,2025-11-25,2025-09-17,2026-02-02,2026-02-02T16:29:55Z
VIRT.N,2025-10-29,11:15:00,EarningsReleases,Q3 2025 Virtu Financial Inc Earnings Release,VIRT,Virtu Financial Inc,Financials,Capital Markets,Investment Banking & Brokerage Services,,,United States of America,US,United States of America,United States of America,5308011391.6,7,40206264,314111.4375,0.014896541237695462,2025-05-26,2025-11-25,2025-11-25,2025-09-17,2026-02-02,2026-02-02T16:29:55Z
VIRT.N,2026-01-29,11:50:00,EarningsReleases,Q4 2025 Virtu Financial Inc Earnings Release,VIRT,Virtu Financial Inc,Financials,Capital Markets,Investment Banking & Brokerage Services,,,United States of America,US,United States of America,United States of America,5308011391.6,7,40206264,314111.4375,0.014896541237695462,2025-05-26,2025-11-25,2025-11-25,2025-09-17,2026-02-02,2026-02-02T16:29:55Z
VLN.N,2025-11-12,11:30:00,EarningsReleases,Q3 2025 Valens Semiconductor Ltd Earnings Release,VLN,Valens Semiconductor Ltd,Information Technology,Semiconductors & Semiconductor Equipment,Semiconductors,,,Israel,IL,Israel,United States of America,157642894.64,5,18660143,145782.3671875,0.04472369775886396,2025-05-26,2025-11-25,2025-11-25,2025-09-17,2026-02-02,2026-02-02T16:29:55Z
VLO.N,2025-10-23,10:30:00,EarningsReleases,Q3 2025 Valero Energy Corp Earnings Release,VLO,Valero Energy Corp,Energy,"Oil, Gas & Consumable Fuels",Oil & Gas Refining and Marketing,,,United States of America,US,United States of America,United States of America,53102160739.9,22,100834884,787772.53125,0.019727762848642413,2025-05-26,2025-11-25,2025-11-25,2025-09-17,2026-02-02,2026-02-02T16:29:55Z
VLO.N,2026-01-29,11:30:01,EarningsReleases,Q4 2025 Valero Energy Corp Earnings Release,VLO,Valero Energy Corp,Energy,"Oil, Gas & Consumable Fuels",Oil & Gas Refining and Marketing,,,United States of America,US,United States of America,United States of America,53102160739.9,22,100834884,787772.53125,0.019727762848642413,2025-05-26,2025-11-25,2025-11-25,2025-09-17,2026-02-02,2026-02-02T16:29:55Z
VLT.N,2025-11-07,13:30:00,EarningsReleases,Half Year 2026 Invesco High Income Trust II Earnings Release,VLT,Invesco High Income Trust II,,,Investment Management & Fund Operators,,,United States of America,US,United States of America,United States of America,72518092.92,,364991,2851.4921875,0.00428375642328596,2025-05-26,2025-11-25,2025-11-25,2025-09-17,2026-02-02,2026-02-02T16:29:55Z
VLTO.N,2025-10-28,20:30:00,EarningsReleases,Q3 2025 Veralto Corp Earnings Release,VLTO,Veralto Corp,Industrials,Commercial Services & Supplies,Environmental Services & Equipment,,,United States of America,US,United States of America,United States of America,25812991986.2,20,57485987,449109.2734375,0.011035582466381694,2025-05-26,2025-11-25,2025-11-25,2025-09-17,2026-02-02,2026-02-02T16:29:55Z
VMC.N,2025-10-30,11:00:05,EarningsReleases,Q3 2025 Vulcan Materials Co Earnings Release,VMC,Vulcan Materials Co,Materials,Construction Materials,Construction Materials,,,United States of America,US,United States of America,United States of America,38677358511.6,25,36835166,287774.734375,0.012533681797374189,2025-05-26,2025-11-25,2025-11-25,2025-09-17,2026-02-02,2026-02-02T16:29:55Z
VMI.N,2025-10-21,11:00:00,EarningsReleases,Q3 2025 Valmont Industries Inc Earnings Release,VMI,Valmont Industries Inc,Industrials,Construction & Engineering,Construction & Engineering,,,United States of America,US,United States of America,United States of America,8016965087.44,6,5245551,40980.8671875,0.01570092365571294,2025-05-26,2025-11-25,2025-11-25,2025-09-17,2026-02-02,2026-02-02T16:29:55Z
VNO.N,2025-11-03,21:29:24,EarningsReleases,Q3 2025 Vornado Realty Trust Earnings Release,VNO,Vornado Realty Trust,Real Estate,Office REITs,Commercial REITs,,,United States of America,US,United States of America,United States of America,7136763800.0,5,66143431,516745.5546875,0.021180768160841867,2025-05-26,2025-11-25,2025-11-25,2025-09-17,2026-02-02,2026-02-02T16:29:55Z
VNT.N,2025-10-30,10:30:00,EarningsReleases,Q3 2025 Vontier Corp Earnings Release,VNT,Vontier Corp,Information Technology,"Electronic Equipment, Instruments & Components",Electronic Equipment & Parts,,,United States of America,US,United States of America,United States of America,5180070000.0,13,40291994,314781.203125,0.017919576766025038,2025-05-26,2025-11-25,2025-11-25,2025-09-17,2026-02-02,2026-02-02T16:29:55Z
VOC.N,2025-11-10,21:00:00,EarningsReleases,Q3 2025 VOC Energy Trust Earnings Release,VOC,VOC Energy Trust,Energy,"Oil, Gas & Consumable Fuels",Integrated Oil & Gas,,,United States of America,US,United States of America,United States of America,46410000.0,,1648246,12876.921875,0.024314803684008048,2025-05-26,2025-11-25,2025-11-25,2025-09-17,2026-02-02,2026-02-02T16:29:55Z
VOYA.N,2025-11-04,21:15:00,EarningsReleases,Q3 2025 Voya Financial Inc Earnings Release,VOYA,Voya Financial Inc,Financials,Financial Services,Diversified Investment Services,,,United States of America,US,United States of America,United States of America,6737535019.2,12,32084226,250658.015625,0.016017727036900378,2025-05-26,2025-11-25,2025-11-25,2025-09-17,2026-02-02,2026-02-02T16:29:55Z
VOYG.N,2025-11-03,21:15:00,EarningsReleases,Q3 2025 Voyager Technologies Inc Earnings Release,VOYG,Voyager Technologies Inc,Industrials,Aerospace & Defense,Aerospace & Defense,,,United States of America,US,United States of America,United States of America,1246930534.14,6,39035940,333640.5128205128,0.05679138825117055,2025-05-26,2025-11-25,2025-11-25,2025-09-17,2026-02-02,2026-02-02T16:29:55Z
VPG.N,2025-11-04,11:15:00,EarningsReleases,Q3 2025 Vishay Precision Group Inc Earnings Release,VPG,Vishay Precision Group Inc,Information Technology,"Electronic Equipment, Instruments & Components",Industrial Machinery & Equipment,,,United States of America,US,United States of America,United States of America,446973967.44,2,4625718,36138.421875,0.03034683743810141,2025-05-26,2025-11-25,2025-11-25,2025-09-17,2026-02-02,2026-02-02T16:29:55Z
VRE.N,2025-10-22,20:40:07,EarningsReleases,Q3 2025 Veris Residential Inc Earnings Release,VRE,Veris Residential Inc,Real Estate,Residential REITs,Residential REITs,,,United States of America,US,United States of America,United States of America,1399527097.5,3,28945883,226139.7109375,0.01464715950327901,2025-05-26,2025-11-25,2025-11-25,2025-09-17,2026-02-02,2026-02-02T16:29:55Z
VRT.N,2025-10-22,09:55:00,EarningsReleases,Q3 2025 Vertiv Holdings Co Earnings Release,VRT,Vertiv Holdings Co,Industrials,Electrical Equipment,Electrical Components & Equipment,,,United States of America,US,United States of America,United States of America,64833107735.41,31,171593703,1340575.8046875,0.030320099362678054,2025-05-26,2025-11-25,2025-11-25,2025-09-17,2026-02-02,2026-02-02T16:29:55Z
VRTS.N,2025-10-24,11:00:00,EarningsReleases,Q3 2025 Virtus Investment Partners Inc Earnings Release,VRTS,Virtus Investment Partners Inc,Financials,Capital Markets,Investment Management & Fund Operators,,,United States of America,US,United States of America,United States of America,1081582872.65,4,2443770,19091.953125,0.020005109476277625,2025-05-26,2025-11-25,2025-11-25,2025-09-17,2026-02-02,2026-02-02T16:29:55Z
VSCO.N,2025-12-05,12:00:00,EarningsReleases,Q3 2025 Victoria's Secret & Co Earnings Release,VSCO,Victoria's Secret & Co,Consumer Discretionary,Specialty Retail,Apparel & Accessories Retailers,,,United States of America,US,United States of America,United States of America,3059878392.45,10,97143326,758932.234375,0.03516314045370124,2025-05-26,2025-11-25,2025-11-25,2025-09-17,2026-02-02,2026-02-02T16:29:55Z
VSH.N,2025-11-05,12:15:00,EarningsReleases,Q3 2025 Vishay Intertechnology Inc Earnings Release,VSH,Vishay Intertechnology Inc,Information Technology,"Electronic Equipment, Instruments & Components",Semiconductors,,,United States of America,US,United States of America,United States of America,1803325653.5,4,64664483,505191.2734375,0.03074515429206542,2025-05-26,2025-11-25,2025-11-25,2025-09-17,2026-02-02,2026-02-02T16:29:55Z
VST.N,2025-11-06,12:00:02,EarningsReleases,Q3 2025 Vistra Corp Earnings Release,VST,Vistra Corp,Utilities,Independent Power and Renewable Electricity Producers,Electric Utilities,,,United States of America,US,United States of America,United States of America,57884946711.6,23,125989854,984295.734375,0.02774101995962143,2025-05-26,2025-11-25,2025-11-25,2025-09-17,2026-02-02,2026-02-02T16:29:55Z
VSTS.N,2025-12-01,21:10:00,EarningsReleases,Q4 2025 Vestis Corp Earnings Release,VSTS,Vestis Corp,Industrials,Commercial Services & Supplies,Personal Services,,,United States of America,US,United States of America,United States of America,836035626.12,8,103766952,810679.3125,0.032309368715007364,2025-05-26,2025-11-25,2025-11-25,2025-09-17,2026-02-02,2026-02-02T16:29:55Z
VTEX.N,2025-11-06,21:01:00,EarningsReleases,Q3 2025 VTEX Earnings Release,VTEX,VTEX,Information Technology,IT Services,Software,,,Cayman Islands,KY,Cayman Islands,United States of America,694338820.5,8,52342665,408927.0703125,0.038200604580232826,2025-05-26,2025-11-25,2025-11-25,2025-09-17,2026-02-02,2026-02-02T16:29:55Z
VTN.N,2025-10-31,,EarningsReleases,Half Year 2026 Invesco Trust for Investment Grade New York Municipals Earnings Release,VTN,Invesco Trust for Investment Grade New York Municipals,,,Investment Management & Fund Operators,,,United States of America,US,United States of America,United States of America,166902945.98,,1020478,7972.484375,0.006048944596713477,2025-05-26,2025-11-25,2025-11-25,2025-09-17,2026-02-02,2026-02-02T16:29:55Z
VTOL.N,2025-11-04,21:30:00,EarningsReleases,Q3 2025 Bristow Group Inc Earnings Release,VTOL,Bristow Group Inc,Energy,Energy Equipment & Services,Airlines,,,United States of America,US,United States of America,United States of America,1084500000.0,2,8100599,63285.9296875,0.02165676380728838,2025-05-26,2025-11-25,2025-11-25,2025-09-17,2026-02-02,2026-02-02T16:29:55Z
VTR.N,2025-10-29,20:10:00,EarningsReleases,Q3 2025 Ventas Inc Earnings Release,VTR,Ventas Inc,Real Estate,Health Care REITs,Specialized REITs,,,United States of America,US,United States of America,United States of America,37315575538.56,9,133444866,1042538.015625,0.010641831808826259,2025-05-26,2025-11-25,2025-11-25,2025-09-17,2026-02-02,2026-02-02T16:29:55Z
VTS.N,2025-11-03,21:06:00,EarningsReleases,Q3 2025 Vitesse Energy Inc Earnings Release,VTS,Vitesse Energy Inc,Energy,"Oil, Gas & Consumable Fuels",Oil & Gas Exploration and Production,,,United States of America,US,United States of America,United States of America,806345227.2,4,14837231,115915.8671875,0.019556040093577316,2025-05-26,2025-11-25,2025-11-25,2025-09-17,2026-02-02,2026-02-02T16:29:55Z
VVV.N,2025-11-19,12:00:01,EarningsReleases,Q4 2025 Valvoline Inc Earnings Release,VVV,Valvoline Inc,Consumer Discretionary,Specialty Retail,Personal Services,,,United States of America,US,United States of America,United States of America,4020725651.88,13,73664260,575502.03125,0.018588046031517903,2025-05-26,2025-11-25,2025-11-25,2025-09-17,2026-02-02,2026-02-02T16:29:55Z
VVX.N,2025-11-03,21:05:00,EarningsReleases,Q3 2025 V2X Inc Earnings Release,VVX,V2X Inc,Industrials,Aerospace & Defense,Aerospace & Defense,,,United States of America,US,United States of America,United States of America,1711751008.52,11,12390170,96798.203125,0.02627062208228235,2025-05-26,2025-11-25,2025-11-25,2025-09-17,2026-02-02,2026-02-02T16:29:55Z
VYX.N,2025-11-06,11:45:00,EarningsReleases,Q3 2025 NCR Voyix Corp Earnings Release,VYX,NCR Voyix Corp,Information Technology,Software,IT Services & Consulting,,,United States of America,US,United States of America,United States of America,1396055031.84,7,75435616,589340.75,0.02371947289539487,2025-05-26,2025-11-25,2025-11-25,2025-09-17,2026-02-02,2026-02-02T16:29:55Z
VZ.N,2025-10-29,10:30:00,EarningsReleases,Q3 2025 Verizon Communications Inc Earnings Release,VZ,Verizon Communications Inc,Communication Services,Diversified Telecommunication Services,Integrated Telecommunications Services,,,United States of America,US,United States of America,United States of America,171144710598.51,24,744746378,5818331.078125,0.012041553898259661,2025-05-26,2025-11-25,2025-11-25,2025-09-17,2026-02-02,2026-02-02T16:29:55Z
VZ.N,2026-01-30,11:30:00,EarningsReleases,Q4 2025 Verizon Communications Inc. Earnings Release,VZ,Verizon Communications Inc,Communication Services,Diversified Telecommunication Services,Integrated Telecommunications Services,,,United States of America,US,United States of America,United States of America,171144710598.51,24,744746378,5818331.078125,0.012041553898259661,2025-05-26,2025-11-25,2025-11-25,2025-09-17,2026-02-02,2026-02-02T16:29:55Z
W.N,2025-10-28,11:00:00,EarningsReleases,Q3 2025 Wayfair Inc Earnings Release,W,Wayfair Inc,Consumer Discretionary,Specialty Retail,Department Stores,,,United States of America,US,United States of America,United States of America,14309817912.99,36,116555912,910593.0625,0.036135174679902904,2025-05-26,2025-11-25,2025-11-25,2025-09-17,2026-02-02,2026-02-02T16:29:55Z
WAB.N,2025-10-22,10:30:00,EarningsReleases,Q3 2025 Westinghouse Air Brake Technologies Corp Earnings Release,WAB,Westinghouse Air Brake Technologies Corp,Industrials,Machinery,Heavy Machinery & Vehicles,,,United States of America,US,United States of America,United States of America,35230856890.88,13,37342303,291736.7421875,0.01360003202757371,2025-05-26,2025-11-25,2025-11-25,2025-09-17,2026-02-02,2026-02-02T16:29:55Z
WAL.N,2025-10-21,20:16:00,EarningsReleases,Q3 2025 Western Alliance Bancorp Earnings Release,WAL,Western Alliance Bancorp,Financials,Banks,Banks,,,United States of America,US,United States of America,United States of America,8919849710.35,16,41372466,323222.390625,0.024084485922920396,2025-05-26,2025-11-25,2025-11-25,2025-09-17,2026-02-02,2026-02-02T16:29:55Z
WAL.N,2026-01-27,03:04:00,EarningsReleases,Q4 2025 Western Alliance Bancorp Earnings Release,WAL,Western Alliance Bancorp,Financials,Banks,Banks,,,United States of America,US,United States of America,United States of America,8919849710.35,16,41372466,323222.390625,0.024084485922920396,2025-05-26,2025-11-25,2025-11-25,2025-09-17,2026-02-02,2026-02-02T16:29:55Z
WAT.N,2025-11-04,11:00:01,EarningsReleases,Q3 2025 Waters Corp Earnings Release,WAT,Waters Corp,Health Care,Life Sciences Tools & Services,Advanced Medical Equipment & Technology,,,United States of America,US,United States of America,United States of America,24560461639.6,20,22522945,175960.5078125,0.02300796734179102,2025-05-26,2025-11-25,2025-11-25,2025-09-17,2026-02-02,2026-02-02T16:29:55Z
WBS.N,2025-10-17,11:30:00,EarningsReleases,Q3 2025 Webster Financial Corp Earnings Release,WBS,Webster Financial Corp,Financials,Banks,Banks,,,United States of America,US,United States of America,United States of America,9654837417.86,18,62416209,487626.6328125,0.018142918572310342,2025-05-26,2025-11-25,2025-11-25,2025-09-17,2026-02-02,2026-02-02T16:29:55Z
WBS.N,2026-01-23,12:30:00,EarningsReleases,Q4 2025 Webster Financial Corp Earnings Release,WBS,Webster Financial Corp,Financials,Banks,Banks,,,United States of America,US,United States of America,United States of America,9654837417.86,18,62416209,487626.6328125,0.018142918572310342,2025-05-26,2025-11-25,2025-11-25,2025-09-17,2026-02-02,2026-02-02T16:29:55Z
WBX.N,2025-11-05,11:50:00,EarningsReleases,Q3 2025 Wallbox NV Earnings Release,WBX,Wallbox NV,Industrials,Electrical Equipment,Electrical Components & Equipment,,,Spain,ES,Spain,United States of America,48677902.34,3,688447,5378.4921875,0.04354119343027182,2025-05-26,2025-11-25,2025-11-25,2025-09-17,2026-02-02,2026-02-02T16:29:55Z
WCC.N,2025-10-30,10:00:00,EarningsReleases,Q3 2025 Wesco International Inc Earnings Release,WCC,Wesco International Inc,Industrials,Trading Companies & Distributors,Electrical Components & Equipment,,,United States of America,US,United States of America,United States of America,12654343809.9,13,21865365,170823.1640625,0.02133756726567858,2025-05-26,2025-11-25,2025-11-25,2025-09-17,2026-02-02,2026-02-02T16:29:55Z
WCN.N,2025-10-21,20:16:11,EarningsReleases,Q3 2025 Waste Connections Inc Earnings Release,WCN,Waste Connections Inc,Industrials,Commercial Services & Supplies,Environmental Services & Equipment,,,United States of America,US,United States of America,United States of America,45178056875.8366,28,33822785,264240.5078125,0.010872048371929871,2025-05-26,2025-11-25,2025-11-25,2025-09-17,2026-02-02,2026-02-02T16:29:55Z
WD.N,2025-11-06,11:00:01,EarningsReleases,Q3 2025 Walker & Dunlop Inc Earnings Release,WD,Walker & Dunlop Inc,Financials,Financial Services,Banks,,,United States of America,US,United States of America,United States of America,2188626906.0,4,10419436,81401.84375,0.02321788535105092,2025-05-26,2025-11-25,2025-11-25,2025-09-17,2026-02-02,2026-02-02T16:29:55Z
WDH.N,2025-12-03,10:04:50,EarningsReleases,Q3 2025 Waterdrop Inc Earnings Release,WDH,Waterdrop Inc,Financials,Insurance,Multiline Insurance & Brokers,,,China,CN,China,United States of America,478502420.4,4,6997662,54669.234375,0.032147549970666434,2025-05-26,2025-11-25,2025-11-25,2025-09-17,2026-02-02,2026-02-02T16:29:55Z
WEAV.N,2025-10-30,20:03:00,EarningsReleases,Q3 2025 Weave Communications Inc Earnings Release,WEAV,Weave Communications Inc,Information Technology,Software,Software,,,United States of America,US,United States of America,United States of America,492342526.67,6,49412177,386032.6328125,0.03157781168598694,2025-05-26,2025-11-25,2025-11-25,2025-09-17,2026-02-02,2026-02-02T16:29:55Z
WEC.N,2025-10-30,13:30:00,EarningsReleases,Q3 2025 WEC Energy Group Inc Earnings Release,WEC,WEC Energy Group Inc,Utilities,Multi-Utilities,Electric Utilities,,,United States of America,US,United States of America,United States of America,36179226707.44,20,82254517,642613.4140625,0.009186746832744985,2025-05-26,2025-11-25,2025-11-25,2025-09-17,2026-02-02,2026-02-02T16:29:55Z
WELL.N,2025-10-27,20:05:00,EarningsReleases,Q3 2025 Welltower Inc Earnings Release,WELL,Welltower Inc,Real Estate,Health Care REITs,Specialized REITs,,,United States of America,US,United States of America,United States of America,140415854317.37,10,134740695,1052661.6796875,0.011465706002829406,2025-05-26,2025-11-25,2025-11-25,2025-09-17,2026-02-02,2026-02-02T16:29:55Z
WES.N,2025-11-04,21:05:00,EarningsReleases,Q3 2025 Western Midstream Partners LP Earnings Release,WES,Western Midstream Partners LP,Energy,"Oil, Gas & Consumable Fuels",Integrated Oil & Gas,,,United States of America,US,United States of America,United States of America,15911833275.0,12,34244293,267533.5390625,0.012476595127054237,2025-05-26,2025-11-25,2025-11-25,2025-09-17,2026-02-02,2026-02-02T16:29:55Z
WEX.N,2025-10-29,20:35:00,EarningsReleases,Q3 2025 WEX Inc Earnings Release,WEX,WEX Inc,Financials,Financial Services,Business Support Services,,,United States of America,US,United States of America,United States of America,5130249110.5,14,16534656,129177.0,0.01867335343877752,2025-05-26,2025-11-25,2025-11-25,2025-09-17,2026-02-02,2026-02-02T16:29:55Z
WFC.N,2025-10-14,11:00:00,EarningsReleases,Q3 2025 Wells Fargo & Co Earnings Release,WFC,Wells Fargo & Co,Financials,Banks,Banks,,,United States of America,US,United States of America,United States of America,267136094524.2,26,599966203,4687235.9609375,0.015615073919542597,2025-05-26,2025-11-25,2025-11-25,2025-09-17,2026-02-02,2026-02-02T16:29:55Z
WFC.N,2026-01-14,12:00:00,EarningsReleases,Q4 2025 Wells Fargo & Co Earnings Release,WFC,Wells Fargo & Co,Financials,Banks,Banks,,,United States of America,US,United States of America,United States of America,267136094524.2,26,599966203,4687235.9609375,0.015615073919542597,2025-05-26,2025-11-25,2025-11-25,2025-09-17,2026-02-02,2026-02-02T16:29:55Z
WFG.N,2025-10-22,20:00:00,EarningsReleases,Q3 2025 West Fraser Timber Co Ltd Earnings Release,WFG,West Fraser Timber Co Ltd,Materials,Paper & Forest Products,Forest & Wood Products,,,Canada,CA,Canada,United States of America,4762778306.26064,7,6197450,48417.578125,0.019190548402628956,2025-05-26,2025-11-25,2025-11-25,2025-09-17,2026-02-02,2026-02-02T16:29:55Z
WGO.N,2025-10-22,11:00:01,EarningsReleases,Q4 2025 Winnebago Industries Inc Earnings Release,WGO,Winnebago Industries Inc,Consumer Discretionary,Automobiles,Recreational Products,,,United States of America,US,United States of America,United States of America,1022511688.75,16,26272619,205254.8359375,0.03747172174913718,2025-05-26,2025-11-25,2025-11-25,2025-09-17,2026-02-02,2026-02-02T16:29:55Z
WGO.N,2025-12-19,12:00:00,EarningsReleases,Q1 2026 Winnebago Industries Inc Earnings Release,WGO,Winnebago Industries Inc,Consumer Discretionary,Automobiles,Recreational Products,,,United States of America,US,United States of America,United States of America,1022511688.75,16,26272619,205254.8359375,0.03747172174913718,2025-05-26,2025-11-25,2025-11-25,2025-09-17,2026-02-02,2026-02-02T16:29:55Z
WH.N,2025-10-22,20:30:00,EarningsReleases,Q3 2025 Wyndham Hotels & Resorts Inc Earnings Release,WH,Wyndham Hotels & Resorts Inc,Consumer Discretionary,"Hotels, Restaurants & Leisure","Hotels, Motels & Cruise Lines",,,United States of America,US,United States of America,United States of America,5583288735.5,17,39815368,311057.5625,0.018066917236419136,2025-05-26,2025-11-25,2025-11-25,2025-09-17,2026-02-02,2026-02-02T16:29:55Z
WHD.N,2025-10-29,21:30:00,EarningsReleases,Q3 2025 Cactus Inc Earnings Release,WHD,Cactus Inc,Energy,Energy Equipment & Services,Oil Related Services and Equipment,,,United States of America,US,United States of America,United States of America,3378346201.84,8,29989717,234294.6640625,0.02603582226043802,2025-05-26,2025-11-25,2025-11-25,2025-09-17,2026-02-02,2026-02-02T16:29:55Z
WHG.N,2025-10-30,20:10:00,EarningsReleases,Q3 2025 Westwood Holdings Group Inc Earnings Release,WHG,Westwood Holdings Group Inc,Financials,Capital Markets,Investment Management & Fund Operators,,,United States of America,US,United States of America,United States of America,159279640.9,,1181793,9232.7578125,0.020975295577350176,2025-05-26,2025-11-25,2025-11-25,2025-09-17,2026-02-02,2026-02-02T16:29:55Z
WHR.N,2025-10-27,20:05:00,EarningsReleases,Q3 2025 Whirlpool Corp Earnings Release,WHR,Whirlpool Corp,Consumer Discretionary,Household Durables,"Appliances, Tools & Housewares",,,United States of America,US,United States of America,United States of America,4364434253.58,12,43694412,341362.59375,0.02685854201976039,2025-05-26,2025-11-25,2025-11-25,2025-09-17,2026-02-02,2026-02-02T16:29:55Z
WHR.N,2026-01-28,21:05:00,EarningsReleases,Q4 2025 Whirlpool Corp Earnings Release,WHR,Whirlpool Corp,Consumer Discretionary,Household Durables,"Appliances, Tools & Housewares",,,United States of America,US,United States of America,United States of America,4364434253.58,12,43694412,341362.59375,0.02685854201976039,2025-05-26,2025-11-25,2025-11-25,2025-09-17,2026-02-02,2026-02-02T16:29:55Z
WIW.N,2026-01-29,13:30:00,EarningsReleases,Full Year 2025 Western Asset Inflation-Linked Opportunities & Income Fund Earnings Release,WIW,Western Asset Inflation-Linked Opportunities & Income Fund,,,Closed End Funds,,,United States of America,US,United States of America,United States of America,534749331.16,,4169808,32576.625,0.004694632535469409,2025-05-26,2025-11-25,2025-11-25,2025-09-17,2026-02-02,2026-02-02T16:29:55Z
WK.N,2025-11-05,21:05:02,EarningsReleases,Q3 2025 Workiva Inc Earnings Release,WK,Workiva Inc,Information Technology,Software,Software,,,United States of America,US,United States of America,United States of America,5218224715.53,11,26115676,204028.71875,0.032976034352480914,2025-05-26,2025-11-25,2025-11-25,2025-09-17,2026-02-02,2026-02-02T16:29:55Z
WKC.N,2025-10-23,20:15:00,EarningsReleases,Q3 2025 World Kinect Corp Earnings Release,WKC,World Kinect Corp,Energy,"Oil, Gas & Consumable Fuels",Oil & Gas Refining and Marketing,,,United States of America,US,United States of America,United States of America,1321743209.67,3,34359328,268432.25,0.016035443221496228,2025-05-26,2025-11-25,2025-11-25,2025-09-17,2026-02-02,2026-02-02T16:29:55Z
WLK.N,2025-10-30,10:30:00,EarningsReleases,Q3 2025 Westlake Corp Earnings Release,WLK,Westlake Corp,Materials,Chemicals,Commodity Chemicals,,,United States of America,US,United States of America,United States of America,8064537341.4,18,48063752,375498.0625,0.029294985351384507,2025-05-26,2025-11-25,2025-11-25,2025-09-17,2026-02-02,2026-02-02T16:29:55Z
WLKP.N,2025-10-30,12:30:00,EarningsReleases,Q3 2025 Westlake Chemical Partners LP Earnings Release,WLKP,Westlake Chemical Partners LP,Materials,Chemicals,Commodity Chemicals,,,United States of America,US,United States of America,United States of America,659802854.88,2,1136054,8875.421875,0.010430706162159015,2025-05-26,2025-11-25,2025-11-25,2025-09-17,2026-02-02,2026-02-02T16:29:55Z
WLY.N,2025-12-04,12:30:00,EarningsReleases,Q2 2026 John Wiley & Sons Inc Earnings Release,WLY,John Wiley & Sons Inc,Communication Services,Media,Consumer Publishing,,,United States of America,US,United States of America,United States of America,1919365572.05,1,20749741,162107.3515625,0.019969808911087822,2025-05-26,2025-11-25,2025-11-25,2025-09-17,2026-02-02,2026-02-02T16:29:55Z
WM.N,2025-10-27,20:30:00,EarningsReleases,Q3 2025 Waste Management Inc Earnings Release,WM,Waste Management Inc,Industrials,Commercial Services & Supplies,Environmental Services & Equipment,,,United States of America,US,United States of America,United States of America,87111942437.73,28,65479028,511554.90625,0.011434664086627532,2025-05-26,2025-11-25,2025-11-25,2025-09-17,2026-02-02,2026-02-02T16:29:55Z
WM.N,2026-01-28,22:00:00,EarningsReleases,Q4 2025 Waste Management Inc Earnings Release,WM,Waste Management Inc,Industrials,Commercial Services & Supplies,Environmental Services & Equipment,,,United States of America,US,United States of America,United States of America,87111942437.73,28,65479028,511554.90625,0.011434664086627532,2025-05-26,2025-11-25,2025-11-25,2025-09-17,2026-02-02,2026-02-02T16:29:55Z
WMB.N,2025-11-03,21:15:01,EarningsReleases,Q3 2025 Williams Companies Inc Earnings Release,WMB,Williams Companies Inc,Energy,"Oil, Gas & Consumable Fuels",Oil & Gas Transportation Services,,,United States of America,US,United States of America,United States of America,72503764133.79,23,268125196,2094728.09375,0.01457505033257267,2025-05-26,2025-11-25,2025-11-25,2025-09-17,2026-02-02,2026-02-02T16:29:55Z
WMK.N,2025-11-04,22:00:00,EarningsReleases,Q3 2025 Weis Markets Inc Earnings Release,WMK,Weis Markets Inc,Consumer Staples,Consumer Staples Distribution & Retail,Food Retail & Distribution,,,United States of America,US,United States of America,United States of America,1625720022.9,,7263884,56749.09375,0.016439474892375804,2025-05-26,2025-11-25,2025-11-25,2025-09-17,2026-02-02,2026-02-02T16:29:55Z
WMS.N,2025-11-06,11:40:00,EarningsReleases,Q2 2026 Advanced Drainage Systems Inc Earnings Release,WMS,Advanced Drainage Systems Inc,Industrials,Building Products,Construction Supplies & Fixtures,,,United States of America,US,United States of America,United States of America,11810870285.56,10,26657823,208264.2421875,0.025806737263197512,2025-05-26,2025-11-25,2025-11-25,2025-09-17,2026-02-02,2026-02-02T16:29:55Z
WNC.N,2025-10-30,11:00:00,EarningsReleases,Q3 2025 Wabash National Corp Earnings Release,WNC,Wabash National Corp,Industrials,Machinery,Heavy Machinery & Vehicles,,,United States of America,US,United States of America,United States of America,346417246.35,2,28808348,225065.21875,0.03073291303887145,2025-05-26,2025-11-25,2025-11-25,2025-09-17,2026-02-02,2026-02-02T16:29:55Z
WOLF.N,2025-10-29,20:05:00,EarningsReleases,Q1 2026 Wolfspeed Inc Earnings Release,WOLF,Wolfspeed Inc,Information Technology,Semiconductors & Semiconductor Equipment,Semiconductors,,,United States of America,US,United States of America,United States of America,514223977.56,0,,,,,,2025-11-25,2025-09-17,2026-02-02,2026-02-02T16:29:55Z
WOR.N,2025-09-23,20:15:48,EarningsReleases,Q1 2026 Worthington Enterprises Inc Earnings Release,WOR,Worthington Enterprises Inc,Industrials,Machinery,Industrial Machinery & Equipment,,,United States of America,US,United States of America,United States of America,2750450801.28,5,12562011,98140.7109375,0.018554074175460202,2025-05-26,2025-11-25,2025-11-25,2025-09-17,2026-02-02,2026-02-02T16:29:55Z
WOR.N,2025-12-16,21:16:00,EarningsReleases,Q2 2026 Worthington Enterprises Inc Earnings Release,WOR,Worthington Enterprises Inc,Industrials,Machinery,Industrial Machinery & Equipment,,,United States of America,US,United States of America,United States of America,2750450801.28,5,12562011,98140.7109375,0.018554074175460202,2025-05-26,2025-11-25,2025-11-25,2025-09-17,2026-02-02,2026-02-02T16:29:55Z
WPC.N,2025-10-28,20:05:00,EarningsReleases,Q3 2025 WP Carey Inc Earnings Release,WPC,W.p. Carey Inc,Real Estate,Diversified REITs,Diversified REITs,,,United States of America,US,United States of America,United States of America,14739694314.24,4,60747856,474592.625,0.009578011711869708,2025-05-26,2025-11-25,2025-11-25,2025-09-17,2026-02-02,2026-02-02T16:29:55Z
WPM.N,2025-11-06,23:44:30,EarningsReleases,Q3 2025 Wheaton Precious Metals Corp Earnings Release,WPM,Wheaton Precious Metals Corp,Materials,Metals & Mining,Gold,,,Canada,CA,Canada,United States of America,46541340015.5133,15,58860529,459847.8828125,0.022278946453734627,2025-05-26,2025-11-25,2025-11-25,2025-09-17,2026-02-02,2026-02-02T16:29:55Z
WRB.N,2025-10-20,20:10:00,EarningsReleases,Q3 2025 W R Berkley Corp Earnings Release,WRB,W R Berkley Corp,Financials,Insurance,Property & Casualty Insurance,,,United States of America,US,United States of America,United States of America,29611249878.08,18,94806096,740672.625,0.011435516431339244,2025-05-26,2025-11-25,2025-11-25,2025-09-17,2026-02-02,2026-02-02T16:29:55Z
WRB.N,2026-01-26,21:10:00,EarningsReleases,Q4 2025 W R Berkley Corp Earnings Release,WRB,W R Berkley Corp,Financials,Insurance,Property & Casualty Insurance,,,United States of America,US,United States of America,United States of America,29611249878.08,18,94806096,740672.625,0.011435516431339244,2025-05-26,2025-11-25,2025-11-25,2025-09-17,2026-02-02,2026-02-02T16:29:55Z
WRBY.N,2025-11-06,11:45:00,EarningsReleases,Q3 2025 Warby Parker Inc Earnings Release,WRBY,Warby Parker Inc,Consumer Discretionary,Specialty Retail,Miscellaneous Specialty Retailers,,,United States of America,US,United States of America,United States of America,2442074611.87,15,85772207,670095.3671875,0.02678976861779091,2025-05-26,2025-11-25,2025-11-25,2025-09-17,2026-02-02,2026-02-02T16:29:55Z
WS.N,2025-09-24,20:15:01,EarningsReleases,Q1 2026 Worthington Steel Inc Earnings Release,WS,Worthington Steel Inc,Materials,Metals & Mining,Iron & Steel,,,United States of America,US,United States of America,United States of America,1712057359.76,2,12224860,95506.71875,0.031378169033658865,2025-05-26,2025-11-25,2025-11-25,2025-09-17,2026-02-02,2026-02-02T16:29:55Z
WS.N,2025-12-17,21:10:00,EarningsReleases,Q2 2026 Worthington Steel Inc Earnings Release,WS,Worthington Steel Inc,Materials,Metals & Mining,Iron & Steel,,,United States of America,US,United States of America,United States of America,1712057359.76,2,12224860,95506.71875,0.031378169033658865,2025-05-26,2025-11-25,2025-11-25,2025-09-17,2026-02-02,2026-02-02T16:29:55Z
WSM.N,2025-11-19,14:00:02,EarningsReleases,Q3 2025 Williams-Sonoma Inc Earnings Release,WSM,Williams-Sonoma Inc,Consumer Discretionary,Specialty Retail,Home Furnishings Retailers,,,United States of America,US,United States of America,United States of America,21438388081.38,24,49445602,386293.765625,0.020533123571501687,2025-05-26,2025-11-25,2025-11-25,2025-09-17,2026-02-02,2026-02-02T16:29:55Z
WSO.N,2025-10-29,11:30:02,EarningsReleases,Q3 2025 Watsco Inc Earnings Release,WSO,Watsco Inc,Industrials,Trading Companies & Distributors,Electrical Components & Equipment,,,United States of America,US,United States of America,United States of America,13934985670.0,15,12699132,99211.96875,0.019089585649333083,2025-05-26,2025-11-25,2025-11-25,2025-09-17,2026-02-02,2026-02-02T16:29:55Z
WSR.N,2025-10-29,21:39:52,EarningsReleases,Q3 2025 Whitestone REIT Earnings Release,WSR,Whitestone REIT,Real Estate,Retail REITs,Commercial REITs,,,United States of America,US,United States of America,United States of America,681118655.4,4,11366314,88799.328125,0.014549414811619322,2025-05-26,2025-11-25,2025-11-25,2025-09-17,2026-02-02,2026-02-02T16:29:55Z
WST.N,2025-10-23,10:00:00,EarningsReleases,Q3 2025 West Pharmaceutical Services Inc Earnings Release,WST,West Pharmaceutical Services Inc,Health Care,Life Sciences Tools & Services,"Medical Equipment, Supplies & Distribution",,,United States of America,US,United States of America,United States of America,20204587826.08,18,24466826,191147.078125,0.027117427527771878,2025-05-26,2025-11-25,2025-11-25,2025-09-17,2026-02-02,2026-02-02T16:29:55Z
WT.N,2025-10-31,11:00:00,EarningsReleases,Q3 2025 WisdomTree Inc Earnings Release,WT,WisdomTree Inc,Financials,Capital Markets,Investment Management & Fund Operators,,,United States of America,US,United States of America,United States of America,1547865880.0,6,96468458,753659.828125,0.018316797198851834,2025-05-26,2025-11-25,2025-11-25,2025-09-17,2026-02-02,2026-02-02T16:29:55Z
WT.N,2026-01-30,12:00:00,EarningsReleases,Q4 2025 WisdomTree Inc Earnings Release,WT,WisdomTree Inc,Financials,Capital Markets,Investment Management & Fund Operators,,,United States of America,US,United States of America,United States of America,1547865880.0,6,96468458,753659.828125,0.018316797198851834,2025-05-26,2025-11-25,2025-11-25,2025-09-17,2026-02-02,2026-02-02T16:29:55Z
WTI.N,2025-11-05,21:45:00,EarningsReleases,Q3 2025 W&T Offshore Inc Earnings Release,WTI,W&T Offshore Inc,Energy,"Oil, Gas & Consumable Fuels",Oil & Gas Exploration and Production,,,United States of America,US,United States of America,United States of America,264823458.72,2,43253352,337916.8125,0.044640898794793334,2025-05-26,2025-11-25,2025-11-25,2025-09-17,2026-02-02,2026-02-02T16:29:55Z
WTM.N,2025-11-06,13:00:04,EarningsReleases,Q3 2025 White Mountains Insurance Group Ltd Earnings Release,WTM,White Mountains Insurance Group Ltd,Financials,Insurance,Property & Casualty Insurance,,,United States of America,US,United States of America,United States of America,5049590715.4,,670834,5240.890625,0.017141769781423247,2025-05-26,2025-11-25,2025-11-25,2025-09-17,2026-02-02,2026-02-02T16:29:55Z
WTRG.N,2025-11-04,22:00:00,EarningsReleases,Q3 2025 Essential Utilities Inc Earnings Release,WTRG,Essential Utilities Inc,Utilities,Water Utilities,Water & Related Utilities,,,United States of America,US,United States of America,United States of America,11183192589.92,9,95069004,742726.59375,0.012873323874231507,2025-05-26,2025-11-25,2025-11-25,2025-09-17,2026-02-02,2026-02-02T16:29:55Z
WTS.N,2025-11-05,21:15:01,EarningsReleases,Q3 2025 Watts Water Technologies Inc Earnings Release,WTS,Watts Water Technologies Inc,Industrials,Machinery,Industrial Machinery & Equipment,,,United States of America,US,United States of America,United States of America,9265774983.01,11,7292310,56971.171875,0.013897667415235345,2025-05-26,2025-11-25,2025-11-25,2025-09-17,2026-02-02,2026-02-02T16:29:55Z
WTTR.N,2025-11-04,21:15:00,EarningsReleases,Q3 2025 Select Water Solutions Inc Earnings Release,WTTR,Select Water Solutions Inc,Energy,Energy Equipment & Services,Oil Related Services and Equipment,,,United States of America,US,United States of America,United States of America,1212508347.05,8,43473368,339635.6875,0.027644688669244785,2025-05-26,2025-11-25,2025-11-25,2025-09-17,2026-02-02,2026-02-02T16:29:55Z
WU.N,2025-10-23,20:05:00,EarningsReleases,Q3 2025 Western Union Co Earnings Release,WU,Western Union Co,Financials,Financial Services,Business Support Services,,,United States of America,US,United States of America,United States of America,2739823081.1,17,302670079,2364609.9921875,0.019917796620510124,2025-05-26,2025-11-25,2025-11-25,2025-09-17,2026-02-02,2026-02-02T16:29:55Z
WWW.N,2025-11-05,11:30:00,EarningsReleases,Q3 2025 Wolverine World Wide Inc Earnings Release,WWW,Wolverine World Wide Inc,Consumer Discretionary,"Textiles, Apparel & Luxury Goods",Footwear,,,United States of America,US,United States of America,United States of America,1316404425.82,10,64049425,500386.1328125,0.03854964016740415,2025-05-26,2025-11-25,2025-11-25,2025-09-17,2026-02-02,2026-02-02T16:29:55Z
WY.N,2025-10-30,20:05:00,EarningsReleases,Q3 2025 Weyerhaeuser Co Earnings Release,WY,Weyerhaeuser Co,Real Estate,Specialized REITs,Specialized REITs,,,United States of America,US,United States of America,United States of America,15959862540.0,11,215404284,1682845.96875,0.01576168898598527,2025-05-26,2025-11-25,2025-11-25,2025-09-17,2026-02-02,2026-02-02T16:29:55Z
WY.N,2026-01-29,21:00:00,EarningsReleases,Q4 2025 Weyerhaeuser Co Earnings Release,WY,Weyerhaeuser Co,Real Estate,Specialized REITs,Specialized REITs,,,United States of America,US,United States of America,United States of America,15959862540.0,11,215404284,1682845.96875,0.01576168898598527,2025-05-26,2025-11-25,2025-11-25,2025-09-17,2026-02-02,2026-02-02T16:29:55Z
XFLT.N,2025-12-01,21:00:00,EarningsReleases,Full Year 2025 Xai Octagon Floating Rate & Alternative Income Trust Earnings Release,XFLT,Xai Octagon Floating Rate & Alternative Income Trust,,,Closed End Funds,,,United States of America,US,United States of America,United States of America,350311118.6,,9576211,74814.1484375,0.009154484597849013,2025-05-26,2025-11-25,2025-11-25,2025-09-17,2026-02-02,2026-02-02T16:29:55Z
XHR.N,2025-10-31,10:30:01,EarningsReleases,Q3 2025 Xenia Hotels & Resorts Inc Earnings Release,XHR,Xenia Hotels & Resorts Inc,Real Estate,Hotel & Resort REITs,Specialized REITs,,,United States of America,US,United States of America,United States of America,1331072701.92,2,45044321,351908.7578125,0.017249324733954487,2025-05-26,2025-11-25,2025-11-25,2025-09-17,2026-02-02,2026-02-02T16:29:55Z
XIFR.N,2025-11-04,21:15:00,EarningsReleases,Q3 2025 XPLR Infrastructure LP Earnings Release,XIFR,XPLR Infrastructure LP,Utilities,Independent Power and Renewable Electricity Producers,Electric Utilities,,,United States of America,US,United States of America,United States of America,862611056.28,9,51163477,399714.6640625,0.02841640798257722,2025-05-26,2025-11-25,2025-11-25,2025-09-17,2026-02-02,2026-02-02T16:29:55Z
XOM.N,2025-10-31,10:30:00,EarningsReleases,Q3 2025 Exxon Mobil Corp Earnings Release,XOM,Exxon Mobil Corp,Energy,"Oil, Gas & Consumable Fuels",Oil & Gas Refining and Marketing,,,United States of America,US,United States of America,United States of America,482907634459.14,29,517345206,4041759.421875,0.012269470323808396,2025-05-26,2025-11-25,2025-11-25,2025-09-17,2026-02-02,2026-02-02T16:29:55Z
XOM.N,2026-01-30,11:30:00,EarningsReleases,Q4 2025 Exxon Mobil Corp Earnings Release,XOM,Exxon Mobil Corp,Energy,"Oil, Gas & Consumable Fuels",Oil & Gas Refining and Marketing,,,United States of America,US,United States of America,United States of America,482907634459.14,29,517345206,4041759.421875,0.012269470323808396,2025-05-26,2025-11-25,2025-11-25,2025-09-17,2026-02-02,2026-02-02T16:29:55Z
XPER.N,2025-11-05,21:35:00,EarningsReleases,Q3 2025 Xperi Inc Earnings Release,XPER,Xperi Inc,Information Technology,Software,Software,,,United States of America,US,United States of America,United States of America,264575048.35,5,17969198,140384.359375,0.0271678603073647,2025-05-26,2025-11-25,2025-11-25,2025-09-17,2026-02-02,2026-02-02T16:29:55Z
XPO.N,2025-10-30,10:45:01,EarningsReleases,Q3 2025 XPO Inc Earnings Release,XPO,XPO Inc,Industrials,Ground Transportation,Ground Freight & Logistics,,,United States of America,US,United States of America,United States of America,16432622977.37,26,39495696,308560.125,0.02562343338857493,2025-05-26,2025-11-25,2025-11-25,2025-09-17,2026-02-02,2026-02-02T16:29:55Z
XPOF.N,2025-11-06,21:05:02,EarningsReleases,Q3 2025 Xponential Fitness Inc Earnings Release,XPOF,Xponential Fitness Inc,Consumer Discretionary,"Hotels, Restaurants & Leisure",Leisure & Recreation,,,United States of America,US,United States of America,United States of America,311537590.0,10,22683458,177214.515625,0.04899367408743628,2025-05-26,2025-11-25,2025-11-25,2025-09-17,2026-02-02,2026-02-02T16:29:55Z
XPRO.N,2025-10-23,10:58:00,EarningsReleases,Q3 2025 Expro Group Holdings NV Earnings Release,XPRO,Expro Group Holdings NV,Energy,Energy Equipment & Services,Oil Related Services and Equipment,,,United States of America,US,United States of America,United States of America,1588710289.79,5,43632087,340875.6796875,0.03994584322477918,2025-05-26,2025-11-25,2025-11-25,2025-09-17,2026-02-02,2026-02-02T16:29:55Z
XXI.N,2025-12-19,21:00:00,EarningsReleases,Q2 2026 Twenty One Capital Inc Earnings Release,XXI,Twenty One Capital Inc,Financials,Capital Markets,Blockchain & Cryptocurrency,,,United States of America,US,United States of America,United States of America,181120000.0,,11268542,88035.484375,0.05173064849465603,2025-05-26,2025-11-25,2025-11-25,2025-09-17,2026-02-02,2026-02-02T16:29:55Z
XYF.N,2025-11-20,21:50:00,EarningsReleases,Q3 2025 X Financial Earnings Release,XYF,X Financial,Financials,Consumer Finance,Financial Technology (Fintech),,,China,CN,China,United States of America,288341064.9,,10682217,83454.8203125,0.04010164841450588,2025-05-26,2025-11-25,2025-11-25,2025-09-17,2026-02-02,2026-02-02T16:29:55Z
XYL.N,2025-10-28,10:55:00,EarningsReleases,Q3 2025 Xylem Inc Earnings Release,XYL,Xylem Inc,Industrials,Machinery,Industrial Machinery & Equipment,,,United States of America,US,United States of America,United States of America,34453307105.13,24,50628706,395536.765625,0.013173120142277303,2025-05-26,2025-11-25,2025-11-25,2025-09-17,2026-02-02,2026-02-02T16:29:55Z
XYZ.N,2025-11-06,21:05:00,EarningsReleases,Q3 2025 Block Inc Earnings Release,XYZ,Block Inc,Financials,Financial Services,Business Support Services,,,United States of America,US,United States of America,United States of America,38702183850.0,43,282619746,2207966.765625,0.026034201553338996,2025-05-26,2025-11-25,2025-11-25,2025-09-17,2026-02-02,2026-02-02T16:29:55Z
YALA.N,2025-11-10,22:00:00,EarningsReleases,Q3 2025 Yalla Group Ltd Earnings Release,YALA,Yalla Group Ltd,Communication Services,Interactive Media & Services,Online Services,,,United Arab Emirates,AE,United Arab Emirates,United States of America,1130203531.6,2,19197613,149981.3515625,0.02719257271743116,2025-05-26,2025-11-25,2025-11-25,2025-09-17,2026-02-02,2026-02-02T16:29:55Z
YELP.N,2025-11-06,21:05:02,EarningsReleases,Q3 2025 Yelp Inc Earnings Release,YELP,Yelp Inc,Communication Services,Interactive Media & Services,Online Services,,,United States of America,US,United States of America,United States of America,1806634636.82,11,41347381,323026.4140625,0.022436861077632007,2025-05-26,2025-11-25,2025-11-25,2025-09-17,2026-02-02,2026-02-02T16:29:55Z
YETI.N,2025-11-06,11:00:00,EarningsReleases,Q3 2025 Yeti Holdings Inc Earnings Release,YETI,Yeti Holdings Inc,Consumer Discretionary,Leisure Products,Recreational Products,,,United States of America,US,United States of America,United States of America,3208028498.99,17,68202566,532832.546875,0.027599136208856054,2025-05-26,2025-11-25,2025-11-25,2025-09-17,2026-02-02,2026-02-02T16:29:55Z
YEXT.N,2025-12-08,21:05:00,EarningsReleases,Q3 2026 Yext Inc Earnings Release,YEXT,Yext Inc,Information Technology,Software,Online Services,,,United States of America,US,United States of America,United States of America,1036198124.65,4,38562434,301269.015625,0.03006106822931966,2025-05-26,2025-11-25,2025-11-25,2025-09-17,2026-02-02,2026-02-02T16:29:55Z
YMM.N,2025-11-17,10:30:00,EarningsReleases,Q3 2025 Full Truck Alliance Co Ltd Earnings Release,YMM,Full Truck Alliance Co Ltd,Industrials,Ground Transportation,Software,,,China,CN,China,United States of America,11473459297.21,15,265213590,2071981.171875,0.028757731875573893,2025-05-26,2025-11-25,2025-11-25,2025-09-17,2026-02-02,2026-02-02T16:29:55Z
YOU.N,2025-11-06,11:00:00,EarningsReleases,Q3 2025 Clear Secure Inc Earnings Release,YOU,Clear Secure Inc,Information Technology,Software,Software,,,United States of America,US,United States of America,United States of America,4757817590.46,9,72238536,564363.5625,0.024741271436830036,2025-05-26,2025-11-25,2025-11-25,2025-09-17,2026-02-02,2026-02-02T16:29:55Z
YRD.N,2025-11-25,13:30:00,EarningsReleases,Q3 2025 Yiren Digital Ltd Earnings Release,YRD,Yiren Digital Ltd,Financials,Consumer Finance,Consumer Lending,,,China,CN,China,United States of America,367227557.0,,2897195,22634.3359375,0.02773864213399723,2025-05-26,2025-11-25,2025-11-25,2025-09-17,2026-02-02,2026-02-02T16:29:55Z
YSG.N,2025-11-17,10:00:01,EarningsReleases,Q3 2025 Yatsen Holding Ltd Earnings Release,YSG,Yatsen Holding Ltd,Consumer Staples,Personal Care Products,Personal Products,,,China,CN,China,United States of America,596875022.64,1,13426009,104890.6953125,0.049882728099456604,2025-05-26,2025-11-25,2025-11-25,2025-09-17,2026-02-02,2026-02-02T16:29:55Z
YUM.N,2025-11-04,12:00:00,EarningsReleases,Q3 2025 Yum! Brands Inc Earnings Release,YUM,Yum! Brands Inc,Consumer Discretionary,"Hotels, Restaurants & Leisure",Restaurants & Bars,,,United States of America,US,United States of America,United States of America,42758535666.0,31,81475233,636525.2578125,0.013919173863507188,2025-05-26,2025-11-25,2025-11-25,2025-09-17,2026-02-02,2026-02-02T16:29:55Z
YUMC.N,2025-11-04,10:00:00,EarningsReleases,Q3 2025 Yum China Holdings Inc Earnings Release,YUMC,Yum China Holdings Inc,Consumer Discretionary,"Hotels, Restaurants & Leisure",Restaurants & Bars,,,China,CN,China,United States of America,17362579088.6,26,57750423,451175.1796875,0.015526642541825023,2025-05-26,2025-11-25,2025-11-25,2025-09-17,2026-02-02,2026-02-02T16:29:55Z
ZBH.N,2025-11-05,11:30:00,EarningsReleases,Q3 2025 Zimmer Biomet Holdings Inc Earnings Release,ZBH,Zimmer Biomet Holdings Inc,Health Care,Health Care Equipment & Supplies,"Medical Equipment, Supplies & Distribution",,,United States of America,US,United States of America,United States of America,19237483543.85,30,61228699,478349.2109375,0.02116253795530879,2025-05-26,2025-11-25,2025-11-25,2025-09-17,2026-02-02,2026-02-02T16:29:55Z
ZEPP.N,2025-11-05,01:15:00,EarningsReleases,Q3 2025 Zepp Health Corp Earnings Release,ZEPP,Zepp Health Corp,Information Technology,"Electronic Equipment, Instruments & Components",Phones & Handheld Devices,,,Netherlands,NL,Netherlands,United States of America,427234171.68,1,12160816,95006.375,0.10547540962159115,2025-05-26,2025-11-25,2025-11-25,2025-09-17,2026-02-02,2026-02-02T16:29:55Z
ZETA.N,2025-11-04,21:05:00,EarningsReleases,Q3 2025 Zeta Global Holdings Corp Earnings Release,ZETA,Zeta Global Holdings Corp,Information Technology,Software,Software,,,United States of America,US,United States of America,United States of America,4337788604.31,14,222063030,1734867.421875,0.046747861772345016,2025-05-26,2025-11-25,2025-11-25,2025-09-17,2026-02-02,2026-02-02T16:29:55Z
ZIM.N,2025-11-20,12:13:12,EarningsReleases,Q3 2025 ZIM Integrated Shipping Services Ltd Earnings Release,ZIM,ZIM Integrated Shipping Services Ltd,Industrials,Marine Transportation,Marine Freight & Logistics,,,Israel,IL,Israel,United States of America,2350126020.1,8,153484824,1199100.1875,0.030951551292558405,2025-05-26,2025-11-25,2025-11-25,2025-09-17,2026-02-02,2026-02-02T16:29:55Z
ZIP.N,2025-11-05,21:05:00,EarningsReleases,Q3 2025 Ziprecruiter Inc Earnings Release,ZIP,Ziprecruiter Inc,Communication Services,Interactive Media & Services,Employment Services,,,United States of America,US,United States of America,United States of America,385520903.2,7,44231274,345556.828125,0.04336186619550874,2025-05-26,2025-11-25,2025-11-25,2025-09-17,2026-02-02,2026-02-02T16:29:55Z
ZKH.N,2025-11-20,13:30:00,EarningsReleases,Q3 2025 ZKH Group Ltd Earnings Release,ZKH,ZKH Group Ltd,Industrials,Trading Companies & Distributors,Diversified Industrial Goods Wholesale,,,China,CN,China,United States of America,494944779.85,3,1475165,11524.7265625,0.02049185114619029,2025-05-26,2025-11-25,2025-11-25,2025-09-17,2026-02-02,2026-02-02T16:29:55Z
ZTS.N,2025-11-04,12:00:01,EarningsReleases,Q3 2025 Zoetis Inc Earnings Release,ZTS,Zoetis Inc,Health Care,Pharmaceuticals,Pharmaceuticals,,,United States of America,US,United States of America,United States of America,56360255138.46,20,110289240,861634.6875,0.018800400429270114,2025-05-26,2025-11-25,2025-11-25,2025-09-17,2026-02-02,2026-02-02T16:29:55Z
ZVIA.N,2025-11-05,21:05:01,EarningsReleases,Q3 2025 Zevia PBC Earnings Release,ZVIA,Zevia PBC,Consumer Staples,Beverages,Non-Alcoholic Beverages,,,United States of America,US,United States of America,United States of America,201760730.41,5,28206113,220360.2578125,0.03705568411953641,2025-05-26,2025-11-25,2025-11-25,2025-09-17,2026-02-02,2026-02-02T16:29:55Z
ZWS.N,2025-10-28,20:05:00,EarningsReleases,Q3 2025 Zurn Elkay Water Solutions Corp Earnings Release,ZWS,Zurn Elkay Water Solutions Corp,Industrials,Building Products,Construction Supplies & Fixtures,,,United States of America,US,United States of America,United States of America,8036186280.36,8,45452934,355101.046875,0.01709077994900814,2025-05-26,2025-11-25,2025-11-25,2025-09-17,2026-02-02,2026-02-02T16:29:55Z
