ric,seen_in_static,kept_from_static_rule,kept_from_suffix_fallback,kept_final_us_equity_universe,from_polymarket_seed,from_exchange_screen_any,source_exchange_mics
A.N,1,1,0,1,0,1,XNYS
AA.N,1,1,0,1,0,1,XNYS
AACB.OQ,1,1,0,1,0,1,XNMS
AACG.OQ,1,1,0,1,0,1,XNCM
AACI.OQ,1,1,0,1,0,1,XNMS
AACOU.OQ,1,1,0,1,0,1,XNMS
AADR.OQ,1,1,0,1,0,1,XNMS
AAEQ.OQ,1,1,0,1,0,1,XNMS
AAL.N,1,1,0,1,1,0,
AAL.OQ,1,1,0,1,0,1,XNGS
AAME.OQ,1,1,0,1,0,1,XNMS
AAMI.N,1,1,0,1,0,1,XNYS
AAOI.OQ,1,1,0,1,0,1,XNMS
AAON.OQ,1,1,0,1,0,1,XNGS
AAP.N,1,1,0,1,0,1,XNYS
AAPB.OQ,1,1,0,1,0,1,XNMS
AAPD.OQ,1,1,0,1,0,1,XNMS
AAPL.N,1,1,0,1,1,0,
AAPL.OQ,1,1,0,1,0,1,XNGS
AAPU.OQ,1,1,0,1,0,1,XNMS
AARD.OQ,1,1,0,1,0,1,XNGS
AAT.N,1,1,0,1,0,1,XNYS
AAUC.N,1,1,0,1,0,1,XNYS
AAVM.OQ,1,1,0,1,0,1,XNMS
AAXJ.OQ,1,1,0,1,0,1,XNMS
AB,1,1,0,1,1,0,
AB.N,1,1,0,1,0,1,XNYS
ABAT.OQ,1,1,0,1,0,1,XNCM
ABBV.N,1,1,0,1,0,1,XNYS
ABCB.N,1,1,0,1,0,1,XNYS
ABCL.OQ,1,1,0,1,0,1,XNGS
ABEO.OQ,1,1,0,1,0,1,XNCM
ABG.N,1,1,0,1,0,1,XNYS
ABIG.OQ,1,1,0,1,0,1,XNMS
ABLV.OQ,1,1,0,1,0,1,XNCM
ABM.N,1,1,0,1,0,1,XNYS
ABNB.N,1,1,0,1,1,0,
ABNB.OQ,1,1,0,1,0,1,XNGS
ABOS.OQ,1,1,0,1,0,1,XNGS
ABR.N,1,1,0,1,0,1,XNYS
ABSI.OQ,1,1,0,1,0,1,XNGS
ABT,1,1,0,1,1,0,
ABT.N,1,1,0,1,0,1,XNYS
ABTC.OQ,1,1,0,1,0,1,XNCM
ABTS.OQ,1,1,0,1,0,1,XNCM
ABUS.OQ,1,1,0,1,0,1,XNGS
ABVC.OQ,1,1,0,1,0,1,XNCM
ABVE.OQ,1,1,0,1,0,1,XNMS
ABX.N,1,1,0,1,0,1,XNYS
ACA.N,1,1,0,1,0,1,XNYS
ACAAU.OQ,1,1,0,1,0,1,XNMS
ACAD.OQ,1,1,0,1,0,1,XNGS
ACB.OQ,1,1,0,1,0,1,XNCM
ACCL.OQ,1,1,0,1,0,1,XNCM
ACCO.N,1,1,0,1,0,1,XNYS
ACCS.A,1,1,0,1,0,1,XASE
ACDC.OQ,1,1,0,1,0,1,XNGS
ACEL.N,1,1,0,1,0,1,XNYS
ACEP.OQ,1,1,0,1,0,1,XNMS
ACET.OQ,1,1,0,1,0,1,XNCM
ACFN.OQ,1,1,0,1,0,1,XNCM
ACGL.OQ,1,1,0,1,0,1,XNGS
ACH.N,1,1,0,1,0,1,XNYS
ACHC.OQ,1,1,0,1,0,1,XNGS
ACHR.N,1,1,0,1,0,1,XNYS
ACHV.OQ,1,1,0,1,0,1,XNCM
ACI.N,1,1,0,1,0,1,XNYS
ACIC.OQ,1,1,0,1,0,1,XNCM
ACIU.OQ,1,1,0,1,0,1,XNMS
ACIW.OQ,1,1,0,1,0,1,XNGS
ACLO.N,1,1,0,1,0,1,XNYS
ACLS.OQ,1,1,0,1,0,1,XNGS
ACLX.OQ,1,1,0,1,0,1,XNGS
ACM,1,1,0,1,1,0,
ACM.N,1,1,0,1,0,1,XNYS
ACMR.OQ,1,1,0,1,0,1,XNMS
ACN,1,1,0,1,1,0,
ACN.N,1,1,0,1,0,1,XNYS
ACNB.OQ,1,1,0,1,0,1,XNCM
ACNT.OQ,1,1,0,1,0,1,XNMS
ACOG.OQ,1,1,0,1,0,1,XNCM
ACON.OQ,1,1,0,1,0,1,XNCM
ACP.N,1,1,0,1,0,1,XNYS
ACR.N,1,1,0,1,0,1,XNYS
ACRE.N,1,1,0,1,0,1,XNYS
ACRS.OQ,1,1,0,1,0,1,XNGS
ACRV.OQ,1,1,0,1,0,1,XNMS
ACT.OQ,1,1,0,1,0,1,XNGS
ACTG.OQ,1,1,0,1,0,1,XNGS
ACTU.OQ,1,1,0,1,0,1,XNMS
ACU.A,1,1,0,1,0,1,XASE
ACV.N,1,1,0,1,0,1,XNYS
ACVA.N,1,1,0,1,0,1,XNYS
ACWI.OQ,1,1,0,1,0,1,XNMS
ACWX.OQ,1,1,0,1,0,1,XNMS
ACXP.OQ,1,1,0,1,0,1,XNCM
AD.N,1,1,0,1,0,1,XNYS
ADAC.OQ,1,1,0,1,0,1,XNMS
ADAG.OQ,1,1,0,1,0,1,XNMS
ADAM.OQ,1,1,0,1,0,1,XNGS
ADBE.N,1,1,0,1,1,0,
ADBE.OQ,1,1,0,1,0,1,XNGS
ADC.N,1,1,0,1,0,1,XNYS
ADCT.N,1,1,0,1,0,1,XNYS
ADEA.OQ,1,1,0,1,0,1,XNGS
ADGM.OQ,1,1,0,1,0,1,XNCM
ADI.N,1,1,0,1,1,0,
ADI.OQ,1,1,0,1,0,1,XNGS
ADIL.OQ,1,1,0,1,0,1,XNCM
ADM.N,1,1,0,1,0,1,XNYS
ADMA.OQ,1,1,0,1,0,1,XNMS
ADNT.N,1,1,0,1,0,1,XNYS
ADP.OQ,1,1,0,1,0,1,XNGS
ADPT.OQ,1,1,0,1,0,1,XNGS
ADSE.OQ,1,1,0,1,0,1,XNCM
ADSK.N,1,1,0,1,1,0,
ADSK.OQ,1,1,0,1,0,1,XNGS
ADT.N,1,1,0,1,0,1,XNYS
ADTN.OQ,1,1,0,1,0,1,XNGS
ADTX.OQ,1,1,0,1,0,1,XNCM
ADUR.OQ,1,1,0,1,0,1,XNCM
ADUS.OQ,1,1,0,1,0,1,XNGS
ADV.OQ,1,1,0,1,0,1,XNGS
ADVB.OQ,1,1,0,1,0,1,XNCM
ADX.N,1,1,0,1,0,1,XNYS
AEAQ.OQ,1,1,0,1,0,1,XNMS
AEBI.OQ,1,1,0,1,0,1,XNGS
AEC.OQ,1,1,0,1,0,1,XNCM
AEE.N,1,1,0,1,0,1,XNYS
AEF.A,1,1,0,1,0,1,XASE
AEHL.OQ,1,1,0,1,0,1,XNCM
AEHR.OQ,1,1,0,1,0,1,XNCM
AEI.OQ,1,1,0,1,0,1,XNCM
AEIS.OQ,1,1,0,1,0,1,XNGS
AEM.N,1,1,0,1,0,1,XNYS
AEMD.OQ,1,1,0,1,0,1,XNCM
AENT.OQ,1,1,0,1,0,1,XNCM
AEO,1,1,0,1,1,0,
AEO.N,1,1,0,1,0,1,XNYS
AEON.A,1,1,0,1,0,1,XASE
AEP.OQ,1,1,0,1,0,1,XNGS
AER.N,1,1,0,1,0,1,XNYS
AERT.OQ,1,1,0,1,0,1,XNCM
AES.N,1,1,0,1,0,1,XNYS
AESI.N,1,1,0,1,0,1,XNYS
AEVA.OQ,1,1,0,1,0,1,XNGS
AEXA.N,1,1,0,1,0,1,XNYS
AEYE.OQ,1,1,0,1,0,1,XNCM
AFB.N,1,1,0,1,0,1,XNYS
AFBI.OQ,1,1,0,1,0,1,XNCM
AFCG.OQ,1,1,0,1,0,1,XNMS
AFG.N,1,1,0,1,0,1,XNYS
AFJK.OQ,1,1,0,1,0,1,XNMS
AFL,1,1,0,1,1,0,
AFL.N,1,1,0,1,0,1,XNYS
AFRI.OQ,1,1,0,1,0,1,XNCM
AFRM.OQ,1,1,0,1,0,1,XNGS
AFSC.OQ,1,1,0,1,0,1,XNMS
AFYA.OQ,1,1,0,1,0,1,XNGS
AG.N,1,1,0,1,0,1,XNYS
AGAE.OQ,1,1,0,1,0,1,XNCM
AGBK.N,1,1,0,1,0,1,XNYS
AGCC.OQ,1,1,0,1,0,1,XNCM
AGCO.N,1,1,0,1,0,1,XNYS
AGD.N,1,1,0,1,0,1,XNYS
AGEM.OQ,1,1,0,1,0,1,XNMS
AGEN.OQ,1,1,0,1,0,1,XNCM
AGGA.OQ,1,1,0,1,0,1,XNMS
AGH.OQ,1,1,0,1,0,1,XNCM
AGI.N,1,1,0,1,0,1,XNYS
AGIG.A,1,1,0,1,0,1,XASE
AGIO.OQ,1,1,0,1,0,1,XNGS
AGIX.OQ,1,1,0,1,0,1,XNMS
AGL.N,1,1,0,1,0,1,XNYS
AGM.N,1,1,0,1,0,1,XNYS
AGMB.OQ,1,1,0,1,0,1,XNGS
AGMH.OQ,1,1,0,1,0,1,XNCM
AGMI.OQ,1,1,0,1,0,1,XNMS
AGNC.OQ,1,1,0,1,0,1,XNGS
AGNG.OQ,1,1,0,1,0,1,XNMS
AGO.N,1,1,0,1,0,1,XNYS
AGPU.OQ,1,1,0,1,0,1,XNCM
AGRO.N,1,1,0,1,0,1,XNYS
AGRZ.OQ,1,1,0,1,0,1,XNCM
AGX.N,1,1,0,1,0,1,XNYS
AGYS.OQ,1,1,0,1,0,1,XNGS
AGZD.OQ,1,1,0,1,0,1,XNMS
AHCO.OQ,1,1,0,1,0,1,XNCM
AHG.OQ,1,1,0,1,0,1,XNCM
AHL_PE.N,1,1,0,1,0,1,
AHMA.OQ,1,1,0,1,0,1,XNCM
AHR.N,1,1,0,1,0,1,XNYS
AHRT.N,1,1,0,1,0,1,XNYS
AHT.N,1,1,0,1,0,1,XNYS
AI.N,1,1,0,1,0,1,XNYS
AIA.OQ,1,1,0,1,0,1,XNMS
AIB.A,1,1,0,1,0,1,XASE
AIFF.OQ,1,1,0,1,0,1,XNCM
AIFU.OQ,1,1,0,1,0,1,XNGS
AIG.N,1,1,0,1,0,1,XNYS
AIHS.OQ,1,1,0,1,0,1,XNCM
AII.N,1,1,0,1,0,1,XNYS
AIIA.N,1,1,0,1,0,1,XNYS
AIIO.OQ,1,1,0,1,0,1,XNCM
AIM.A,1,1,0,1,0,1,XASE
AIMD.OQ,1,1,0,1,0,1,XNCM
AIN.N,1,1,0,1,0,1,XNYS
AIO.N,1,1,0,1,0,1,XNYS
AIOS.OQ,1,1,0,1,0,1,XNCM
AIOT.OQ,1,1,0,1,0,1,XNMS
AIP.OQ,1,1,0,1,0,1,XNMS
AIQ.OQ,1,1,0,1,0,1,XNMS
AIR.N,1,1,0,1,0,1,XNYS
AIRE.OQ,1,1,0,1,0,1,XNCM
AIRG.OQ,1,1,0,1,0,1,XNCM
AIRI.A,1,1,0,1,0,1,XASE
AIRJ.OQ,1,1,0,1,0,1,XNCM
AIRO.OQ,1,1,0,1,0,1,XNMS
AIRR.OQ,1,1,0,1,0,1,XNMS
AIRS.OQ,1,1,0,1,0,1,XNMS
AIRT.OQ,1,1,0,1,0,1,XNCM
AISP.OQ,1,1,0,1,0,1,XNMS
AIT.N,1,1,0,1,0,1,XNYS
AIV.N,1,1,0,1,0,1,XNYS
AIXC.OQ,1,1,0,1,0,1,XNCM
AIXI.OQ,1,1,0,1,0,1,XNMS
AIZ.N,1,1,0,1,0,1,XNYS
AJG.N,1,1,0,1,0,1,XNYS
AKA.N,1,1,0,1,0,1,XNYS
AKAF.N,1,1,0,1,0,1,XNYS
AKAM.N,1,1,0,1,1,0,
AKAM.OQ,1,1,0,1,0,1,XNGS
AKAN.OQ,1,1,0,1,0,1,XNCM
AKBA.OQ,1,1,0,1,0,1,XNCM
AKR.N,1,1,0,1,0,1,XNYS
AKTS.OQ,1,1,0,1,0,1,XNGS
AKTX.OQ,1,1,0,1,0,1,XNCM
AL.N,1,1,0,1,0,1,XNYS
ALAB.OQ,1,1,0,1,0,1,XNGS
ALB.N,1,1,0,1,0,1,XNYS
ALBG.OQ,1,1,0,1,0,1,XNMS
ALBT.OQ,1,1,0,1,0,1,XNCM
ALC.N,1,1,0,1,0,1,XNYS
ALCO.OQ,1,1,0,1,0,1,XNGS
ALCY.OQ,1,1,0,1,0,1,XNCM
ALDF.OQ,1,1,0,1,0,1,XNMS
ALDX.OQ,1,1,0,1,0,1,XNCM
ALEC.OQ,1,1,0,1,0,1,XNGS
ALF.OQ,1,1,0,1,0,1,XNMS
ALG.N,1,1,0,1,0,1,XNYS
ALGM.OQ,1,1,0,1,0,1,XNGS
ALGN.OQ,1,1,0,1,0,1,XNGS
ALGS.OQ,1,1,0,1,0,1,XNCM
ALGT.OQ,1,1,0,1,0,1,XNGS
ALH.N,1,1,0,1,0,1,XNYS
ALHC.OQ,1,1,0,1,0,1,XNGS
ALIL.OQ,1,1,0,1,0,1,XNMS
ALIS.OQ,1,1,0,1,0,1,XNMS
ALIT.N,1,1,0,1,0,1,XNYS
ALK.N,1,1,0,1,0,1,XNYS
ALKS.OQ,1,1,0,1,0,1,XNGS
ALKT.OQ,1,1,0,1,0,1,XNGS
ALL,1,1,0,1,1,0,
ALL.N,1,1,0,1,0,1,XNYS
ALLE.N,1,1,0,1,0,1,XNYS
ALLO.OQ,1,1,0,1,0,1,XNGS
ALLR.OQ,1,1,0,1,0,1,XNCM
ALLT.OQ,1,1,0,1,0,1,XNGS
ALLW.OQ,1,1,0,1,0,1,XNMS
ALLY.N,1,1,0,1,1,1,XNYS
ALM.OQ,1,1,0,1,0,1,XNCM
ALMS.OQ,1,1,0,1,0,1,XNGS
ALMU.OQ,1,1,0,1,0,1,XNCM
ALNT.OQ,1,1,0,1,0,1,XNMS
ALNY.OQ,1,1,0,1,0,1,XNGS
ALOT.OQ,1,1,0,1,0,1,XNMS
ALOV.OQ,1,1,0,1,0,1,XNMS
ALOY.OQ,1,1,0,1,0,1,XNCM
ALPS.OQ,1,1,0,1,0,1,XNMS
ALRM.OQ,1,1,0,1,0,1,XNGS
ALRS.OQ,1,1,0,1,0,1,XNCM
ALSN.N,1,1,0,1,0,1,XNYS
ALT.OQ,1,1,0,1,0,1,XNMS
ALTG.N,1,1,0,1,0,1,XNYS
ALTI.OQ,1,1,0,1,0,1,XNCM
ALTO.OQ,1,1,0,1,0,1,XNCM
ALTS.OQ,1,1,0,1,0,1,XNCM
ALTY.OQ,1,1,0,1,0,1,XNMS
ALUB.N,1,1,0,1,0,1,XNYS
ALV.N,1,1,0,1,0,1,XNYS
ALVO.OQ,1,1,0,1,0,1,XNMS
ALX.N,1,1,0,1,0,1,XNYS
ALXO.OQ,1,1,0,1,0,1,XNGS
ALZN.OQ,1,1,0,1,0,1,XNCM
AM.N,1,1,0,1,0,1,XNYS
AMAL.OQ,1,1,0,1,0,1,XNMS
AMAT.N,1,1,0,1,1,0,
AMAT.OQ,1,1,0,1,0,1,XNGS
AMBA.OQ,1,1,0,1,0,1,XNGS
AMBO.A,1,1,0,1,0,1,XASE
AMBP.N,1,1,0,1,0,1,XNYS
AMBQ.N,1,1,0,1,0,1,XNYS
AMBR.OQ,1,1,0,1,0,1,XNMS
AMC,1,1,0,1,1,0,
AMC.N,1,1,0,1,0,1,XNYS
AMCI.OQ,1,1,0,1,0,1,XNCM
AMCR.N,1,1,0,1,0,1,XNYS
AMCX.OQ,1,1,0,1,0,1,XNGS
AMD.N,1,1,0,1,1,0,
AMD.OQ,1,1,0,1,0,1,XNGS
AMDD.OQ,1,1,0,1,0,1,XNMS
AMDL.OQ,1,1,0,1,0,1,XNMS
AME.N,1,1,0,1,0,1,XNYS
AMG.N,1,1,0,1,0,1,XNYS
AMGN.OQ,1,1,0,1,0,1,XNGS
AMH.N,1,1,0,1,0,1,XNYS
AMIX.OQ,1,1,0,1,0,1,XNCM
AMKR.OQ,1,1,0,1,0,1,XNGS
AMLX.OQ,1,1,0,1,0,1,XNGS
AMN.N,1,1,0,1,0,1,XNYS
AMOD.OQ,1,1,0,1,0,1,XNCM
AMP,1,1,0,1,1,0,
AMP.N,1,1,0,1,0,1,XNYS
AMPG.OQ,1,1,0,1,0,1,XNCM
AMPH.OQ,1,1,0,1,0,1,XNGS
AMPL.N,1,1,0,1,1,0,
AMPL.OQ,1,1,0,1,0,1,XNCM
AMPX.N,1,1,0,1,0,1,XNYS
AMPY.N,1,1,0,1,0,1,XNYS
AMR.N,1,1,0,1,0,1,XNYS
AMRC.N,1,1,0,1,0,1,XNYS
AMRN.OQ,1,1,0,1,0,1,XNCM
AMRX.OQ,1,1,0,1,0,1,XNGS
AMRZ.N,1,1,0,1,0,1,XNYS
AMS.A,1,1,0,1,0,1,XASE
AMSC.OQ,1,1,0,1,0,1,XNGS
AMSF.OQ,1,1,0,1,0,1,XNGS
AMST.OQ,1,1,0,1,0,1,XNCM
AMT.N,1,1,0,1,0,1,XNYS
AMTB.N,1,1,0,1,0,1,XNYS
AMTD.N,1,1,0,1,0,1,XNYS
AMTM.N,1,1,0,1,0,1,XNYS
AMTX.OQ,1,1,0,1,0,1,XNMS
AMUU.OQ,1,1,0,1,0,1,XNMS
AMWD.OQ,1,1,0,1,0,1,XNGS
AMWL.N,1,1,0,1,0,1,XNYS
AMYY.OQ,1,1,0,1,0,1,XNMS
AMZD.OQ,1,1,0,1,0,1,XNMS
AMZE.A,1,1,0,1,0,1,XASE
AMZN.N,1,1,0,1,1,0,
AMZN.OQ,1,1,0,1,0,1,XNGS
AMZU.OQ,1,1,0,1,0,1,XNMS
AMZZ.OQ,1,1,0,1,0,1,XNMS
AN.N,1,1,0,1,0,1,XNYS
ANAB.OQ,1,1,0,1,0,1,XNGS
ANDE.OQ,1,1,0,1,0,1,XNGS
ANDG.N,1,1,0,1,0,1,XNYS
ANEL.OQ,1,1,0,1,0,1,XNMS
ANET.N,1,1,0,1,0,1,XNYS
ANF,1,1,0,1,1,0,
ANF.N,1,1,0,1,0,1,XNYS
ANGH.OQ,1,1,0,1,0,1,XNCM
ANGI.OQ,1,1,0,1,0,1,XNGS
ANGL.OQ,1,1,0,1,0,1,XNMS
ANGO.OQ,1,1,0,1,0,1,XNGS
ANGX.N,1,1,0,1,0,1,XNYS
ANIK.OQ,1,1,0,1,0,1,XNGS
ANIP.OQ,1,1,0,1,0,1,XNMS
ANIX.OQ,1,1,0,1,0,1,XNCM
ANL.OQ,1,1,0,1,0,1,XNMS
ANNA.OQ,1,1,0,1,0,1,XNCM
ANNX.OQ,1,1,0,1,0,1,XNGS
ANPA.OQ,1,1,0,1,0,1,XNCM
ANRO.N,1,1,0,1,0,1,XNYS
ANSC.OQ,1,1,0,1,0,1,XNMS
ANTA.OQ,1,1,0,1,0,1,XNMS
ANTX.OQ,1,1,0,1,0,1,XNGS
ANV.OQ,1,1,0,1,0,1,XNMS
ANVS.N,1,1,0,1,0,1,XNYS
ANY.OQ,1,1,0,1,0,1,XNCM
AOD.N,1,1,0,1,0,1,XNYS
AOHY.OQ,1,1,0,1,0,1,XNMS
AOMR.N,1,1,0,1,0,1,XNYS
AON.N,1,1,0,1,0,1,XNYS
AORT.N,1,1,0,1,0,1,XNYS
AOS.N,1,1,0,1,0,1,XNYS
AOSL.OQ,1,1,0,1,0,1,XNGS
AOUT.OQ,1,1,0,1,0,1,XNGS
AP.N,1,1,0,1,0,1,XNYS
APA.OQ,1,1,0,1,0,1,XNGS
APAC.OQ,1,1,0,1,0,1,XNCM
APAD.OQ,1,1,0,1,0,1,XNMS
APAM.N,1,1,0,1,0,1,XNYS
APC.OQ,1,1,0,1,0,1,XNCM
APD.N,1,1,0,1,0,1,XNYS
APEI.OQ,1,1,0,1,0,1,XNGS
APG.N,1,1,0,1,0,1,XNYS
APGE.OQ,1,1,0,1,0,1,XNMS
APH.N,1,1,0,1,0,1,XNYS
API.OQ,1,1,0,1,0,1,XNGS
APLD.N,1,1,0,1,1,0,
APLD.OQ,1,1,0,1,0,1,XNGS
APLE.N,1,1,0,1,0,1,XNYS
APLM.OQ,1,1,0,1,0,1,XNCM
APLS.OQ,1,1,0,1,0,1,XNGS
APM.OQ,1,1,0,1,0,1,XNCM
APO,1,1,0,1,1,0,
APO.N,1,1,0,1,0,1,XNYS
APOG.OQ,1,1,0,1,0,1,XNGS
APP.N,1,1,0,1,1,0,
APP.OQ,1,1,0,1,0,1,XNGS
APPF.OQ,1,1,0,1,0,1,XNMS
APPN.OQ,1,1,0,1,0,1,XNMS
APPS.OQ,1,1,0,1,0,1,XNCM
APPX.OQ,1,1,0,1,0,1,XNMS
APRE.OQ,1,1,0,1,0,1,XNCM
APT.A,1,1,0,1,0,1,XASE
APTV.N,1,1,0,1,1,1,XNYS
APUS.A,1,1,0,1,0,1,XASE
APVO.OQ,1,1,0,1,0,1,XNCM
APWC.OQ,1,1,0,1,0,1,XNCM
APXT.OQ,1,1,0,1,0,1,XNMS
APYX.OQ,1,1,0,1,0,1,XNGS
AQB.OQ,1,1,0,1,0,1,XNCM
AQMS.OQ,1,1,0,1,0,1,XNCM
AQN.N,1,1,0,1,0,1,XNYS
AQST.OQ,1,1,0,1,0,1,XNMS
AQWA.OQ,1,1,0,1,0,1,XNMS
AR.N,1,1,0,1,0,1,XNYS
ARAI.OQ,1,1,0,1,0,1,XNMS
ARAY.OQ,1,1,0,1,0,1,XNGS
ARBB.OQ,1,1,0,1,0,1,XNCM
ARBE.OQ,1,1,0,1,0,1,XNCM
ARCB.OQ,1,1,0,1,0,1,XNGS
ARCC.N,1,1,0,1,1,0,
ARCC.OQ,1,1,0,1,0,1,XNGS
ARCI.OQ,1,1,0,1,0,1,XNMS
ARCO.N,1,1,0,1,0,1,XNYS
ARCT.OQ,1,1,0,1,0,1,XNMS
ARDC.N,1,1,0,1,0,1,XNYS
ARDT.N,1,1,0,1,0,1,XNYS
ARDX.OQ,1,1,0,1,0,1,XNMS
ARE.N,1,1,0,1,0,1,XNYS
AREB.OQ,1,1,0,1,0,1,XNCM
AREC.OQ,1,1,0,1,0,1,XNCM
AREN.A,1,1,0,1,0,1,XASE
ARES.N,1,1,0,1,1,1,XNYS
ARHS.OQ,1,1,0,1,0,1,XNGS
ARI.N,1,1,0,1,0,1,XNYS
ARIS.N,1,1,0,1,0,1,XNYS
ARKO.OQ,1,1,0,1,0,1,XNCM
ARKR.OQ,1,1,0,1,0,1,XNMS
ARL.N,1,1,0,1,0,1,XNYS
ARLO.N,1,1,0,1,0,1,XNYS
ARLP.OQ,1,1,0,1,0,1,XNGS
ARM.N,1,1,0,1,1,0,
ARM.OQ,1,1,0,1,0,1,XNGS
ARMK.N,1,1,0,1,0,1,XNYS
ARMP.A,1,1,0,1,0,1,XASE
AROC.N,1,1,0,1,0,1,XNYS
AROW.OQ,1,1,0,1,0,1,XNGS
ARQ.OQ,1,1,0,1,0,1,XNMS
ARQQ.OQ,1,1,0,1,0,1,XNCM
ARQT.OQ,1,1,0,1,0,1,XNGS
ARR.N,1,1,0,1,0,1,XNYS
ARRY.OQ,1,1,0,1,0,1,XNMS
ARTC.OQ,1,1,0,1,0,1,XNMS
ARTL.OQ,1,1,0,1,0,1,XNCM
ARTNA.OQ,1,1,0,1,0,1,XNGS
ARTV.OQ,1,1,0,1,0,1,XNMS
ARTW.OQ,1,1,0,1,0,1,XNCM
ARVN.OQ,1,1,0,1,0,1,XNGS
ARVR.OQ,1,1,0,1,0,1,XNMS
ARW.N,1,1,0,1,0,1,XNYS
ARWR.OQ,1,1,0,1,0,1,XNGS
ARX.N,1,1,0,1,0,1,XNYS
AS,1,1,0,1,1,0,
AS.N,1,1,0,1,0,1,XNYS
ASA.N,1,1,0,1,0,1,XNYS
ASAN.N,1,1,0,1,1,1,XNYS
ASB.N,1,1,0,1,0,1,XNYS
ASBP.OQ,1,1,0,1,0,1,XNCM
ASC.N,1,1,0,1,0,1,XNYS
ASG.N,1,1,0,1,0,1,XNYS
ASGI.N,1,1,0,1,0,1,XNYS
ASGN.N,1,1,0,1,0,1,XNYS
ASH.N,1,1,0,1,0,1,XNYS
ASIC.N,1,1,0,1,0,1,XNYS
ASIX.N,1,1,0,1,0,1,XNYS
ASLE.OQ,1,1,0,1,0,1,XNCM
ASM.A,1,1,0,1,0,1,XASE
ASMB.OQ,1,1,0,1,0,1,XNGS
ASMU.OQ,1,1,0,1,0,1,XNMS
ASND.OQ,1,1,0,1,0,1,XNGS
ASNS.OQ,1,1,0,1,0,1,XNCM
ASO.N,1,1,0,1,1,0,
ASO.OQ,1,1,0,1,0,1,XNGS
ASPC.OQ,1,1,0,1,0,1,XNCM
ASPI.OQ,1,1,0,1,0,1,XNCM
ASPN.N,1,1,0,1,0,1,XNYS
ASPS.OQ,1,1,0,1,0,1,XNGS
ASRT.OQ,1,1,0,1,0,1,XNCM
ASRV.OQ,1,1,0,1,0,1,XNMS
ASST.OQ,1,1,0,1,0,1,XNMS
ASTC.OQ,1,1,0,1,0,1,XNCM
ASTE.OQ,1,1,0,1,0,1,XNGS
ASTH.OQ,1,1,0,1,0,1,XNCM
ASTI.OQ,1,1,0,1,0,1,XNCM
ASTL.OQ,1,1,0,1,0,1,XNMS
ASTS.OQ,1,1,0,1,0,1,XNGS
ASUR.OQ,1,1,0,1,0,1,XNCM
ASYS.OQ,1,1,0,1,0,1,XNGS
ATAI.OQ,1,1,0,1,0,1,XNMS
ATAT.OQ,1,1,0,1,0,1,XNGS
ATCH.A,1,1,0,1,0,1,XASE
ATCX.OQ,1,1,0,1,0,1,XNCM
ATEC.OQ,1,1,0,1,0,1,XNGS
ATEN.N,1,1,0,1,0,1,XNYS
ATER.OQ,1,1,0,1,0,1,XNCM
ATEX.OQ,1,1,0,1,0,1,XNCM
ATGL.OQ,1,1,0,1,0,1,XNCM
ATHM.N,1,1,0,1,0,1,XNYS
ATHR.OQ,1,1,0,1,0,1,XNCM
ATH_PA.N,1,1,0,1,0,1,
ATI.N,1,1,0,1,0,1,XNYS
ATII.OQ,1,1,0,1,0,1,XNMS
ATKR.N,1,1,0,1,0,1,XNYS
ATLC.OQ,1,1,0,1,0,1,XNGS
ATLN.OQ,1,1,0,1,0,1,XNMS
ATLO.OQ,1,1,0,1,0,1,XNCM
ATLX.OQ,1,1,0,1,0,1,XNCM
ATMU.N,1,1,0,1,0,1,XNYS
ATNI.OQ,1,1,0,1,0,1,XNGS
ATNM.A,1,1,0,1,0,1,XASE
ATO,1,1,0,1,1,0,
ATO.N,1,1,0,1,0,1,XNYS
ATOM.OQ,1,1,0,1,0,1,XNCM
ATON.OQ,1,1,0,1,0,1,XNCM
ATOS.OQ,1,1,0,1,0,1,XNCM
ATPC.OQ,1,1,0,1,0,1,XNCM
ATR.N,1,1,0,1,0,1,XNYS
ATRA.OQ,1,1,0,1,0,1,XNGS
ATRC.OQ,1,1,0,1,0,1,XNMS
ATRO.OQ,1,1,0,1,0,1,XNGS
ATS.N,1,1,0,1,0,1,XNYS
ATXG.OQ,1,1,0,1,0,1,XNCM
ATYR.OQ,1,1,0,1,0,1,XNCM
AU.N,1,1,0,1,0,1,XNYS
AUB.N,1,1,0,1,0,1,XNYS
AUBN.OQ,1,1,0,1,0,1,XNMS
AUDC.OQ,1,1,0,1,0,1,XNGS
AUGO.OQ,1,1,0,1,0,1,XNGS
AUID.OQ,1,1,0,1,0,1,XNCM
AUMI.OQ,1,1,0,1,0,1,XNMS
AUNA.N,1,1,0,1,0,1,XNYS
AUPH.OQ,1,1,0,1,0,1,XNMS
AUR.OQ,1,1,0,1,0,1,XNGS
AURA.OQ,1,1,0,1,0,1,XNMS
AURE.OQ,1,1,0,1,0,1,XNCM
AUST.A,1,1,0,1,0,1,XASE
AUTL.OQ,1,1,0,1,0,1,XNGS
AUUD.OQ,1,1,0,1,0,1,XNCM
AVA.N,1,1,0,1,0,1,XNYS
AVAH.OQ,1,1,0,1,0,1,XNGS
AVAV.OQ,1,1,0,1,0,1,XNGS
AVB.N,1,1,0,1,0,1,XNYS
AVBC.N,1,1,0,1,0,1,XNYS
AVBH.OQ,1,1,0,1,0,1,XNGS
AVBP.OQ,1,1,0,1,0,1,XNMS
AVD.N,1,1,0,1,0,1,XNYS
AVGB.OQ,1,1,0,1,0,1,XNMS
AVGO.N,1,1,0,1,1,0,
AVGO.OQ,1,1,0,1,0,1,XNGS
AVGU.OQ,1,1,0,1,0,1,XNMS
AVIR.OQ,1,1,0,1,0,1,XNGS
AVK.N,1,1,0,1,0,1,XNYS
AVL.OQ,1,1,0,1,0,1,XNMS
AVNS.N,1,1,0,1,0,1,XNYS
AVNT.N,1,1,0,1,0,1,XNYS
AVNW.OQ,1,1,0,1,0,1,XNGS
AVO.OQ,1,1,0,1,0,1,XNGS
AVPT.OQ,1,1,0,1,0,1,XNGS
AVR.N,1,1,0,1,1,0,
AVR.OQ,1,1,0,1,0,1,XNMS
AVS.OQ,1,1,0,1,0,1,XNMS
AVT.OQ,1,1,0,1,0,1,XNGS
AVTR.N,1,1,0,1,0,1,XNYS
AVTX.OQ,1,1,0,1,0,1,XNCM
AVUQ.OQ,1,1,0,1,0,1,XNMS
AVX.OQ,1,1,0,1,0,1,XNCM
AVXC.OQ,1,1,0,1,0,1,XNMS
AVXL.OQ,1,1,0,1,0,1,XNGS
AVY.N,1,1,0,1,0,1,XNYS
AWF.N,1,1,0,1,0,1,XNYS
AWI.N,1,1,0,1,0,1,XNYS
AWK.N,1,1,0,1,0,1,XNYS
AWP.N,1,1,0,1,0,1,XNYS
AWR.N,1,1,0,1,0,1,XNYS
AWRE.OQ,1,1,0,1,0,1,XNMS
AWX.A,1,1,0,1,0,1,XASE
AX.N,1,1,0,1,0,1,XNYS
AXG.OQ,1,1,0,1,0,1,XNCM
AXGN.OQ,1,1,0,1,0,1,XNCM
AXIL.A,1,1,0,1,0,1,XASE
AXIN.OQ,1,1,0,1,0,1,XNMS
AXON.OQ,1,1,0,1,0,1,XNGS
AXP,1,1,0,1,1,0,
AXP.N,1,1,0,1,0,1,XNYS
AXPG.OQ,1,1,0,1,0,1,XNMS
AXR.N,1,1,0,1,0,1,XNYS
AXS.N,1,1,0,1,0,1,XNYS
AXSM.OQ,1,1,0,1,0,1,XNMS
AXTA.N,1,1,0,1,0,1,XNYS
AXTI.OQ,1,1,0,1,0,1,XNGS
AYI.N,1,1,0,1,0,1,XNYS
AYTU.OQ,1,1,0,1,0,1,XNCM
AZ.OQ,1,1,0,1,0,1,XNCM
AZI.OQ,1,1,0,1,0,1,XNMS
AZN.N,1,1,0,1,0,1,XNYS
AZO,1,1,0,1,1,0,
AZO.N,1,1,0,1,0,1,XNYS
AZTA.OQ,1,1,0,1,0,1,XNGS
AZTR.A,1,1,0,1,0,1,XASE
AZYY.OQ,1,1,0,1,0,1,XNMS
AZZ,1,1,0,1,1,0,
AZZ.N,1,1,0,1,0,1,XNYS
B.N,1,1,0,1,0,1,XNYS
BA,1,1,0,1,1,0,
BA.N,1,1,0,1,0,1,XNYS
BABA.N,1,1,0,1,0,1,XNYS
BABU.OQ,1,1,0,1,0,1,XNMS
BABX.OQ,1,1,0,1,0,1,XNMS
BAC,1,1,0,1,1,0,
BAC.N,1,1,0,1,0,1,XNYS
BACC.OQ,1,1,0,1,0,1,XNMS
BAER.OQ,1,1,0,1,0,1,XNMS
BAFE.OQ,1,1,0,1,0,1,XNMS
BAFN.OQ,1,1,0,1,0,1,XNCM
BAH.N,1,1,0,1,0,1,XNYS
BAIV.OQ,1,1,0,1,0,1,XNMS
BALL.N,1,1,0,1,0,1,XNYS
BALQ.OQ,1,1,0,1,0,1,XNMS
BALY.N,1,1,0,1,0,1,XNYS
BAM.N,1,1,0,1,0,1,XNYS
BANC.N,1,1,0,1,0,1,XNYS
BAND.OQ,1,1,0,1,0,1,XNGS
BANF.OQ,1,1,0,1,0,1,XNGS
BANL.OQ,1,1,0,1,0,1,XNCM
BANR.OQ,1,1,0,1,0,1,XNGS
BANX.OQ,1,1,0,1,0,1,XNGS
BAOS.OQ,1,1,0,1,0,1,XNCM
BAP.N,1,1,0,1,0,1,XNYS
BARK.N,1,1,0,1,0,1,XNYS
BASG.OQ,1,1,0,1,0,1,XNMS
BASV.OQ,1,1,0,1,0,1,XNMS
BATL.A,1,1,0,1,0,1,XASE
BATRA.OQ,1,1,0,1,0,1,XNGS
BAX.N,1,1,0,1,0,1,XNYS
BAYA.OQ,1,1,0,1,0,1,XNMS
BB.N,1,1,0,1,0,1,XNYS
BBAI.N,1,1,0,1,0,1,XNYS
BBB.OQ,1,1,0,1,0,1,XNMS
BBBY.N,1,1,0,1,1,1,XNYS
BBCP.OQ,1,1,0,1,0,1,XNCM
BBCQ.OQ,1,1,0,1,0,1,XNMS
BBDC.N,1,1,0,1,0,1,XNYS
BBGI.OQ,1,1,0,1,0,1,XNCM
BBH.OQ,1,1,0,1,0,1,XNMS
BBIO.OQ,1,1,0,1,0,1,XNGS
BBLG.OQ,1,1,0,1,0,1,XNCM
BBN.N,1,1,0,1,0,1,XNYS
BBNX.OQ,1,1,0,1,0,1,XNMS
BBOT.OQ,1,1,0,1,0,1,XNMS
BBSI.OQ,1,1,0,1,0,1,XNGS
BBT.N,1,1,0,1,0,1,XNYS
BBU.N,1,1,0,1,0,1,XNYS
BBUC.N,1,1,0,1,0,1,XNYS
BBW,1,1,0,1,1,0,
BBW.N,1,1,0,1,0,1,XNYS
BBWI.N,1,1,0,1,1,1,XNYS
BBY,1,1,0,1,1,0,
BBY.N,1,1,0,1,0,1,XNYS
BBYY.OQ,1,1,0,1,0,1,XNMS
BC.N,1,1,0,1,0,1,XNYS
BCAB.OQ,1,1,0,1,0,1,XNCM
BCAL.OQ,1,1,0,1,0,1,XNCM
BCAR.OQ,1,1,0,1,0,1,XNMS
BCAT.N,1,1,0,1,0,1,XNYS
BCAX.OQ,1,1,0,1,0,1,XNMS
BCBP.OQ,1,1,0,1,0,1,XNMS
BCC.N,1,1,0,1,0,1,XNYS
BCDA.OQ,1,1,0,1,0,1,XNCM
BCE.N,1,1,0,1,0,1,XNYS
BCFN.OQ,1,1,0,1,0,1,XNMS
BCG.OQ,1,1,0,1,0,1,XNMS
BCGD.N,1,1,0,1,0,1,XNYS
BCIC.OQ,1,1,0,1,0,1,XNGS
BCLO.OQ,1,1,0,1,0,1,XNMS
BCML.OQ,1,1,0,1,0,1,XNGS
BCO.N,1,1,0,1,0,1,XNYS
BCPC.OQ,1,1,0,1,0,1,XNGS
BCRX.OQ,1,1,0,1,0,1,XNGS
BCSF.N,1,1,0,1,1,1,XNYS
BCSM.N,1,1,0,1,0,1,XNYS
BCSS.N,1,1,0,1,0,1,XNYS
BCTK.OQ,1,1,0,1,0,1,XNMS
BCTX.OQ,1,1,0,1,0,1,XNCM
BCV.A,1,1,0,1,0,1,XASE
BCX.N,1,1,0,1,0,1,XNYS
BCYC.OQ,1,1,0,1,0,1,XNGS
BDC.N,1,1,0,1,0,1,XNYS
BDCI.OQ,1,1,0,1,0,1,XNMS
BDJ.N,1,1,0,1,0,1,XNYS
BDL.A,1,1,0,1,0,1,XASE
BDMD.OQ,1,1,0,1,0,1,XNCM
BDN.N,1,1,0,1,0,1,XNYS
BDRX.OQ,1,1,0,1,0,1,XNCM
BDSX.OQ,1,1,0,1,0,1,XNMS
BDTX.OQ,1,1,0,1,0,1,XNGS
BDX.N,1,1,0,1,0,1,XNYS
BE.N,1,1,0,1,0,1,XNYS
BEAG.OQ,1,1,0,1,0,1,XNMS
BEAM.OQ,1,1,0,1,0,1,XNGS
BEAT.OQ,1,1,0,1,0,1,XNCM
BEBE.N,1,1,0,1,0,1,XNYS
BEEM.OQ,1,1,0,1,0,1,XNCM
BEEP.OQ,1,1,0,1,0,1,XNMS
BEEX.OQ,1,1,0,1,0,1,XNMS
BEG.OQ,1,1,0,1,0,1,XNMS
BELFA.OQ,1,1,0,1,0,1,XNGS
BEN,1,1,0,1,1,0,
BEN.N,1,1,0,1,0,1,XNYS
BENF.OQ,1,1,0,1,0,1,XNCM
BEP.N,1,1,0,1,0,1,XNYS
BEPC.N,1,1,0,1,0,1,XNYS
BEPH.N,1,1,0,1,0,1,XNYS
BESS.A,1,1,0,1,0,1,XASE
BETA.N,1,1,0,1,0,1,XNYS
BETR.OQ,1,1,0,1,0,1,XNMS
BFAM.N,1,1,0,1,0,1,XNYS
BFB.N,1,1,0,1,0,1,
BFC.N,1,1,0,1,1,0,
BFC.OQ,1,1,0,1,0,1,XNCM
BFH.N,1,1,0,1,0,1,XNYS
BFLY.N,1,1,0,1,0,1,XNYS
BFRG.OQ,1,1,0,1,0,1,XNCM
BFRI.OQ,1,1,0,1,0,1,XNCM
BFS.N,1,1,0,1,0,1,XNYS
BFST.OQ,1,1,0,1,0,1,XNGS
BG.N,1,1,0,1,0,1,XNYS
BGB.N,1,1,0,1,0,1,XNYS
BGC.N,1,1,0,1,1,0,
BGC.OQ,1,1,0,1,0,1,XNGS
BGH.N,1,1,0,1,0,1,XNYS
BGI.A,1,1,0,1,0,1,XASE
BGIN.OQ,1,1,0,1,0,1,XNMS
BGL.OQ,1,1,0,1,0,1,XNMS
BGLC.OQ,1,1,0,1,0,1,XNCM
BGM.OQ,1,1,0,1,0,1,XNCM
BGMS.OQ,1,1,0,1,0,1,XNCM
BGR.N,1,1,0,1,0,1,XNYS
BGS.N,1,1,0,1,0,1,XNYS
BGSF.N,1,1,0,1,0,1,XNYS
BGSI.N,1,1,0,1,0,1,XNYS
BGT.N,1,1,0,1,0,1,XNYS
BGX.N,1,1,0,1,0,1,XNYS
BGY.N,1,1,0,1,0,1,XNYS
BHA.N,1,1,0,1,0,1,
BHAVU.OQ,1,1,0,1,0,1,XNMS
BHB.A,1,1,0,1,0,1,XASE
BHC.N,1,1,0,1,0,1,XNYS
BHE.N,1,1,0,1,0,1,XNYS
BHF.OQ,1,1,0,1,0,1,XNGS
BHK.N,1,1,0,1,0,1,XNYS
BHM.A,1,1,0,1,0,1,XASE
BHR.N,1,1,0,1,0,1,XNYS
BHRB.OQ,1,1,0,1,0,1,XNCM
BHST.OQ,1,1,0,1,0,1,XNMS
BHV.N,1,1,0,1,0,1,XNYS
BHVN.N,1,1,0,1,0,1,XNYS
BIAF.OQ,1,1,0,1,0,1,XNCM
BIB.OQ,1,1,0,1,0,1,XNMS
BIDG.OQ,1,1,0,1,0,1,XNMS
BIDU.OQ,1,1,0,1,0,1,XNGS
BIIB.OQ,1,1,0,1,0,1,XNGS
BIII.N,1,1,0,1,0,1,XNYS
BILI.OQ,1,1,0,1,0,1,XNGS
BILL.N,1,1,0,1,0,1,XNYS
BIO.N,1,1,0,1,0,1,XNYS
BIOA.OQ,1,1,0,1,0,1,XNGS
BIOX.OQ,1,1,0,1,0,1,XNGS
BIP.N,1,1,0,1,0,1,XNYS
BIPC.N,1,1,0,1,0,1,XNYS
BIRD.N,1,1,0,1,1,0,
BIRD.OQ,1,1,0,1,0,1,XNGS
BIRK.N,1,1,0,1,0,1,XNYS
BIS.OQ,1,1,0,1,0,1,XNMS
BIT.N,1,1,0,1,0,1,XNYS
BITF.OQ,1,1,0,1,0,1,XNMS
BITS.OQ,1,1,0,1,0,1,XNMS
BIVI.OQ,1,1,0,1,0,1,XNCM
BIXI.OQ,1,1,0,1,0,1,XNMS
BIYA.OQ,1,1,0,1,0,1,XNCM
BJ,1,1,0,1,1,0,
BJ.N,1,1,0,1,0,1,XNYS
BJDX.OQ,1,1,0,1,0,1,XNCM
BJK.OQ,1,1,0,1,0,1,XNMS
BJRI.OQ,1,1,0,1,0,1,XNGS
BK,1,1,0,1,1,0,
BK.N,1,1,0,1,0,1,XNYS
BKCH.OQ,1,1,0,1,0,1,XNMS
BKD.N,1,1,0,1,0,1,XNYS
BKE.N,1,1,0,1,0,1,XNYS
BKH.N,1,1,0,1,0,1,XNYS
BKHA.OQ,1,1,0,1,0,1,XNMS
BKKT.N,1,1,0,1,0,1,XNYS
BKNG.N,1,1,0,1,1,0,
BKNG.OQ,1,1,0,1,0,1,XNGS
BKR.OQ,1,1,0,1,0,1,XNGS
BKSY.N,1,1,0,1,0,1,XNYS
BKT.N,1,1,0,1,0,1,XNYS
BKTI.A,1,1,0,1,0,1,XASE
BKU.N,1,1,0,1,0,1,XNYS
BKV.N,1,1,0,1,0,1,XNYS
BKYI.OQ,1,1,0,1,0,1,XNCM
BL.OQ,1,1,0,1,0,1,XNGS
BLBD.OQ,1,1,0,1,0,1,XNMS
BLCN.OQ,1,1,0,1,0,1,XNMS
BLCO.N,1,1,0,1,0,1,XNYS
BLD.N,1,1,0,1,0,1,XNYS
BLDP.OQ,1,1,0,1,0,1,XNMS
BLDR.N,1,1,0,1,0,1,XNYS
BLFS.OQ,1,1,0,1,0,1,XNCM
BLFY.OQ,1,1,0,1,0,1,XNGS
BLIN.OQ,1,1,0,1,0,1,XNCM
BLIV.OQ,1,1,0,1,0,1,XNCM
BLK,1,1,0,1,1,0,
BLK.N,1,1,0,1,0,1,XNYS
BLKB.OQ,1,1,0,1,0,1,XNGS
BLLN.OQ,1,1,0,1,0,1,XNGS
BLMN.OQ,1,1,0,1,0,1,XNGS
BLND.N,1,1,0,1,0,1,XNYS
BLNE.OQ,1,1,0,1,0,1,XNCM
BLNK.OQ,1,1,0,1,0,1,XNCM
BLRK.OQ,1,1,0,1,0,1,XNMS
BLSH.N,1,1,0,1,1,1,XNYS
BLTE.OQ,1,1,0,1,0,1,XNCM
BLUW.OQ,1,1,0,1,0,1,XNMS
BLW.N,1,1,0,1,0,1,XNYS
BLX.N,1,1,0,1,0,1,XNYS
BLZE.OQ,1,1,0,1,0,1,XNMS
BLZR.OQ,1,1,0,1,0,1,XNMS
BMBL.N,1,1,0,1,1,0,
BMBL.OQ,1,1,0,1,0,1,XNGS
BME.N,1,1,0,1,0,1,XNYS
BMEA.OQ,1,1,0,1,0,1,XNGS
BMEZ.N,1,1,0,1,0,1,XNYS
BMGL.OQ,1,1,0,1,0,1,XNCM
BMHL.OQ,1,1,0,1,0,1,XNCM
BMI.N,1,1,0,1,0,1,XNYS
BMM.OQ,1,1,0,1,0,1,XNCM
BMNR.A,1,1,0,1,0,1,XASE
BMO.N,1,1,0,1,0,1,XNYS
BMR.OQ,1,1,0,1,0,1,XNCM
BMRA.OQ,1,1,0,1,0,1,XNCM
BMRC.OQ,1,1,0,1,0,1,XNGS
BMRN.OQ,1,1,0,1,0,1,XNGS
BMY.N,1,1,0,1,0,1,XNYS
BN.N,1,1,0,1,0,1,XNYS
BNAI.OQ,1,1,0,1,0,1,XNCM
BNBX.OQ,1,1,0,1,0,1,XNCM
BNC.OQ,1,1,0,1,0,1,XNCM
BND.OQ,1,1,0,1,0,1,XNMS
BNDP.OQ,1,1,0,1,0,1,XNMS
BNDW.OQ,1,1,0,1,0,1,XNMS
BNDX.OQ,1,1,0,1,0,1,XNMS
BNED.N,1,1,0,1,0,1,XNYS
BNGO.OQ,1,1,0,1,0,1,XNCM
BNKK.OQ,1,1,0,1,0,1,XNCM
BNL.N,1,1,0,1,0,1,XNYS
BNR.OQ,1,1,0,1,0,1,XNMS
BNRG.OQ,1,1,0,1,0,1,XNCM
BNS.N,1,1,0,1,0,1,XNYS
BNT.N,1,1,0,1,0,1,XNYS
BNTC.OQ,1,1,0,1,0,1,XNCM
BNTX.OQ,1,1,0,1,0,1,XNGS
BNZI.OQ,1,1,0,1,0,1,XNCM
BOBS.N,1,1,0,1,0,1,XNYS
BOC.N,1,1,0,1,0,1,XNYS
BODI.OQ,1,1,0,1,0,1,XNCM
BOE.N,1,1,0,1,0,1,XNYS
BOED.OQ,1,1,0,1,0,1,XNMS
BOEU.OQ,1,1,0,1,0,1,XNMS
BOF.OQ,1,1,0,1,0,1,XNCM
BOH.N,1,1,0,1,0,1,XNYS
BOKF.OQ,1,1,0,1,0,1,XNGS
BOLD.OQ,1,1,0,1,0,1,XNGS
BOLT.OQ,1,1,0,1,0,1,XNCM
BON.OQ,1,1,0,1,0,1,XNCM
BOND.N,1,1,0,1,0,1,XNYS
BOOM.OQ,1,1,0,1,0,1,XNGS
BOOT.N,1,1,0,1,0,1,XNYS
BORR.N,1,1,0,1,0,1,XNYS
BOSC.OQ,1,1,0,1,0,1,XNCM
BOTJ.OQ,1,1,0,1,0,1,XNCM
BOTT.OQ,1,1,0,1,0,1,XNMS
BOTZ.OQ,1,1,0,1,0,1,XNMS
BOW.N,1,1,0,1,0,1,XNYS
BOX,1,1,0,1,1,0,
BOX.N,1,1,0,1,0,1,XNYS
BOXL.OQ,1,1,0,1,0,1,XNCM
BP,1,1,0,1,1,0,
BPAC.OQ,1,1,0,1,0,1,XNCM
BPOP.OQ,1,1,0,1,0,1,XNGS
BPRE.N,1,1,0,1,0,1,XNYS
BPRN.OQ,1,1,0,1,0,1,XNGS
BPYPP.OQ,1,1,0,1,0,1,XNGS
BQ.A,1,1,0,1,0,1,XASE
BR.N,1,1,0,1,0,1,XNYS
BRAG.OQ,1,1,0,1,0,1,XNGS
BRAI.OQ,1,1,0,1,0,1,XNMS
BRBR.N,1,1,0,1,0,1,XNYS
BRBS.A,1,1,0,1,0,1,XASE
BRC.N,1,1,0,1,0,1,XNYS
BRCB.OQ,1,1,0,1,0,1,XNMS
BRCC.N,1,1,0,1,0,1,XNYS
BREE.N,1,1,0,1,0,1,XNYS
BRFH.OQ,1,1,0,1,0,1,XNCM
BRIA.A,1,1,0,1,0,1,XASE
BRID.OQ,1,1,0,1,0,1,XNMS
BRKA,1,1,0,1,1,0,
BRKA.N,1,1,0,1,0,1,
BRKD.OQ,1,1,0,1,0,1,XNMS
BRKR.OQ,1,1,0,1,0,1,XNGS
BRKU.OQ,1,1,0,1,0,1,XNMS
BRLS.OQ,1,1,0,1,0,1,XNCM
BRLT.OQ,1,1,0,1,0,1,XNMS
BRN.A,1,1,0,1,0,1,XASE
BRNS.OQ,1,1,0,1,0,1,XNMS
BRO.N,1,1,0,1,0,1,XNYS
BROS.N,1,1,0,1,0,1,XNYS
BRR.OQ,1,1,0,1,0,1,XNMS
BRRR.OQ,1,1,0,1,0,1,XNMS
BRSL.N,1,1,0,1,0,1,XNYS
BRSP.N,1,1,0,1,0,1,XNYS
BRT.N,1,1,0,1,0,1,XNYS
BRTX.OQ,1,1,0,1,0,1,XNCM
BRW.N,1,1,0,1,0,1,XNYS
BRX.N,1,1,0,1,0,1,XNYS
BRZE.N,1,1,0,1,1,0,
BRZE.OQ,1,1,0,1,0,1,XNGS
BSAA.OQ,1,1,0,1,0,1,XNCM
BSBK.OQ,1,1,0,1,0,1,XNCM
BSCQ.OQ,1,1,0,1,0,1,XNMS
BSCR.OQ,1,1,0,1,0,1,XNMS
BSCT.OQ,1,1,0,1,0,1,XNMS
BSCU.OQ,1,1,0,1,0,1,XNMS
BSCV.OQ,1,1,0,1,0,1,XNMS
BSCW.OQ,1,1,0,1,0,1,XNMS
BSCZ.OQ,1,1,0,1,0,1,XNMS
BSET.OQ,1,1,0,1,0,1,XNGS
BSJR.OQ,1,1,0,1,0,1,XNMS
BSJS.OQ,1,1,0,1,0,1,XNMS
BSJT.OQ,1,1,0,1,0,1,XNMS
BSJU.OQ,1,1,0,1,0,1,XNMS
BSJX.OQ,1,1,0,1,0,1,XNMS
BSL.N,1,1,0,1,0,1,XNYS
BSM.N,1,1,0,1,0,1,XNYS
BSMQ.OQ,1,1,0,1,0,1,XNMS
BSMR.OQ,1,1,0,1,0,1,XNMS
BSMS.OQ,1,1,0,1,0,1,XNMS
BSMT.OQ,1,1,0,1,0,1,XNMS
BSMU.OQ,1,1,0,1,0,1,XNMS
BSMV.OQ,1,1,0,1,0,1,XNMS
BSMY.OQ,1,1,0,1,0,1,XNMS
BSMZ.OQ,1,1,0,1,0,1,XNMS
BSRR.OQ,1,1,0,1,0,1,XNGS
BST.N,1,1,0,1,0,1,XNYS
BSTZ.N,1,1,0,1,0,1,XNYS
BSVN.OQ,1,1,0,1,0,1,XNGS
BSVO.OQ,1,1,0,1,0,1,XNMS
BSX.N,1,1,0,1,0,1,XNYS
BSY.OQ,1,1,0,1,0,1,XNGS
BTAI.OQ,1,1,0,1,0,1,XNCM
BTBD.OQ,1,1,0,1,0,1,XNCM
BTBT.OQ,1,1,0,1,0,1,XNCM
BTCS.OQ,1,1,0,1,0,1,XNCM
BTCT.OQ,1,1,0,1,0,1,XNCM
BTDR.OQ,1,1,0,1,0,1,XNCM
BTE.N,1,1,0,1,0,1,XNYS
BTF.OQ,1,1,0,1,0,1,XNMS
BTG.A,1,1,0,1,0,1,XASE
BTGO.N,1,1,0,1,0,1,XNYS
BTM.N,1,1,0,1,1,0,
BTM.OQ,1,1,0,1,0,1,XNCM
BTMD.OQ,1,1,0,1,0,1,XNMS
BTO.N,1,1,0,1,0,1,XNYS
BTOC.OQ,1,1,0,1,0,1,XNMS
BTOG.OQ,1,1,0,1,0,1,XNCM
BTQ.OQ,1,1,0,1,0,1,XNMS
BTSG.OQ,1,1,0,1,0,1,XNGS
BTT.N,1,1,0,1,0,1,XNYS
BTTC.OQ,1,1,0,1,0,1,XNCM
BTU.N,1,1,0,1,0,1,XNYS
BTX.N,1,1,0,1,0,1,XNYS
BTZ.N,1,1,0,1,0,1,XNYS
BUD,1,1,0,1,1,0,
BUDA.A,1,1,0,1,0,1,XASE
BUG.OQ,1,1,0,1,0,1,XNMS
BUI.N,1,1,0,1,0,1,XNYS
BULL.OQ,1,1,0,1,0,1,XNCM
BULX.OQ,1,1,0,1,0,1,XNMS
BUR.N,1,1,0,1,0,1,XNYS
BURL.N,1,1,0,1,1,1,XNYS
BURU.A,1,1,0,1,0,1,XASE
BUSE.OQ,1,1,0,1,0,1,XNGS
BUUU.OQ,1,1,0,1,0,1,XNCM
BV.N,1,1,0,1,0,1,XNYS
BVC.OQ,1,1,0,1,0,1,XNCM
BVFL.OQ,1,1,0,1,0,1,XNCM
BVS.OQ,1,1,0,1,0,1,XNGS
BW.N,1,1,0,1,0,1,XNYS
BWA.N,1,1,0,1,0,1,XNYS
BWB.OQ,1,1,0,1,0,1,XNCM
BWEN.OQ,1,1,0,1,0,1,XNCM
BWFG.OQ,1,1,0,1,0,1,XNMS
BWG.N,1,1,0,1,0,1,XNYS
BWIN.OQ,1,1,0,1,0,1,XNGS
BWIV_U.N,1,1,0,1,0,1,
BWLP.N,1,1,0,1,0,1,XNYS
BWMN.OQ,1,1,0,1,0,1,XNMS
BWMX.N,1,1,0,1,0,1,XNYS
BWXT.N,1,1,0,1,0,1,XNYS
BX,1,1,0,1,1,0,
BX.N,1,1,0,1,0,1,XNYS
BXC.N,1,1,0,1,0,1,XNYS
BXMT.N,1,1,0,1,0,1,XNYS
BXP.N,1,1,0,1,0,1,XNYS
BXSL.N,1,1,0,1,0,1,XNYS
BY.N,1,1,0,1,0,1,XNYS
BYAH.OQ,1,1,0,1,0,1,XNCM
BYD.N,1,1,0,1,0,1,XNYS
BYFC.OQ,1,1,0,1,0,1,XNCM
BYND.N,1,1,0,1,1,0,
BYND.OQ,1,1,0,1,0,1,XNGS
BYRN.N,1,1,0,1,1,0,
BYRN.OQ,1,1,0,1,0,1,XNCM
BYSI.OQ,1,1,0,1,0,1,XNCM
BZ.OQ,1,1,0,1,0,1,XNGS
BZAI.OQ,1,1,0,1,0,1,XNMS
BZFD.N,1,1,0,1,1,0,
BZFD.OQ,1,1,0,1,0,1,XNCM
BZH.N,1,1,0,1,0,1,XNYS
BZUN.OQ,1,1,0,1,0,1,XNGS
C,1,1,0,1,1,0,
C.N,1,1,0,1,0,1,XNYS
CAAP.N,1,1,0,1,0,1,XNYS
CABA.OQ,1,1,0,1,0,1,XNGS
CABO.N,1,1,0,1,0,1,XNYS
CABR.OQ,1,1,0,1,0,1,XNCM
CAC.OQ,1,1,0,1,0,1,XNGS
CACC.OQ,1,1,0,1,0,1,XNGS
CACI.N,1,1,0,1,0,1,XNYS
CADL.OQ,1,1,0,1,0,1,XNMS
CAE.N,1,1,0,1,0,1,XNYS
CAEP.OQ,1,1,0,1,0,1,XNMS
CAF.N,1,1,0,1,0,1,XNYS
CAG,1,1,0,1,1,0,
CAG.N,1,1,0,1,0,1,XNYS
CAH.N,1,1,0,1,0,1,XNYS
CAI.OQ,1,1,0,1,0,1,XNGS
CAIQ.OQ,1,1,0,1,0,1,XNMS
CAKE.OQ,1,1,0,1,0,1,XNGS
CAL.N,1,1,0,1,0,1,XNYS
CALC.OQ,1,1,0,1,0,1,XNCM
CALM.OQ,1,1,0,1,0,1,XNGS
CALX.N,1,1,0,1,0,1,XNYS
CALY.N,1,1,0,1,0,1,XNYS
CAMP.OQ,1,1,0,1,0,1,XNMS
CAMT.OQ,1,1,0,1,0,1,XNMS
CAN.OQ,1,1,0,1,0,1,XNMS
CANC.OQ,1,1,0,1,0,1,XNMS
CANG.N,1,1,0,1,0,1,XNYS
CANQ.OQ,1,1,0,1,0,1,XNMS
CAPL.N,1,1,0,1,0,1,XNYS
CAPN.OQ,1,1,0,1,0,1,XNMS
CAPR.OQ,1,1,0,1,0,1,XNGS
CAPS.OQ,1,1,0,1,0,1,XNCM
CAPT.OQ,1,1,0,1,0,1,XNMS
CAR.OQ,1,1,0,1,0,1,XNGS
CARE.OQ,1,1,0,1,0,1,XNGS
CARG.OQ,1,1,0,1,0,1,XNGS
CARL.OQ,1,1,0,1,0,1,XNGS
CARR.N,1,1,0,1,0,1,XNYS
CARS.N,1,1,0,1,0,1,XNYS
CART.OQ,1,1,0,1,0,1,XNGS
CARZ.OQ,1,1,0,1,0,1,XNMS
CASH.N,1,1,0,1,1,0,
CASH.OQ,1,1,0,1,0,1,XNGS
CASS.OQ,1,1,0,1,0,1,XNGS
CAST.OQ,1,1,0,1,0,1,XNMS
CASY.N,1,1,0,1,1,0,
CASY.OQ,1,1,0,1,0,1,XNGS
CAT,1,1,0,1,1,0,
CAT.N,1,1,0,1,0,1,XNYS
CATH.OQ,1,1,0,1,0,1,XNMS
CATO.N,1,1,0,1,0,1,XNYS
CATX.A,1,1,0,1,0,1,XASE
CATY.OQ,1,1,0,1,0,1,XNGS
CAVA.N,1,1,0,1,0,1,XNYS
CB,1,1,0,1,1,0,
CB.N,1,1,0,1,0,1,XNYS
CBAN.N,1,1,0,1,0,1,XNYS
CBAT.OQ,1,1,0,1,0,1,XNCM
CBC.OQ,1,1,0,1,0,1,XNGS
CBFV.OQ,1,1,0,1,0,1,XNMS
CBIO.OQ,1,1,0,1,0,1,XNCM
CBK.OQ,1,1,0,1,0,1,XNCM
CBL.N,1,1,0,1,0,1,XNYS
CBLL.OQ,1,1,0,1,0,1,XNGS
CBNA.N,1,1,0,1,0,1,XNYS
CBNK.OQ,1,1,0,1,0,1,XNGS
CBOE.N,1,1,0,1,1,0,
CBRE.N,1,1,0,1,1,1,XNYS
CBRL.N,1,1,0,1,1,0,
CBRL.OQ,1,1,0,1,0,1,XNGS
CBSH.OQ,1,1,0,1,0,1,XNGS
CBT,1,1,0,1,1,0,
CBT.N,1,1,0,1,0,1,XNYS
CBU.N,1,1,0,1,0,1,XNYS
CBUS.OQ,1,1,0,1,0,1,XNCM
CBZ.N,1,1,0,1,0,1,XNYS
CC.N,1,1,0,1,0,1,XNYS
CCAP.OQ,1,1,0,1,0,1,XNMS
CCB.OQ,1,1,0,1,0,1,XNGS
CCBG.OQ,1,1,0,1,0,1,XNGS
CCC.OQ,1,1,0,1,0,1,XNGS
CCCC.OQ,1,1,0,1,0,1,XNGS
CCD.OQ,1,1,0,1,0,1,XNGS
CCEC.OQ,1,1,0,1,0,1,XNGS
CCEL.A,1,1,0,1,0,1,XASE
CCEP.OQ,1,1,0,1,0,1,XNGS
CCG.OQ,1,1,0,1,0,1,XNCM
CCHH.OQ,1,1,0,1,0,1,XNCM
CCI.N,1,1,0,1,0,1,XNYS
CCIF.N,1,1,0,1,0,1,XNYS
CCII.OQ,1,1,0,1,0,1,XNMS
CCIX.OQ,1,1,0,1,0,1,XNMS
CCJ.N,1,1,0,1,0,1,XNYS
CCK.N,1,1,0,1,0,1,XNYS
CCL,1,1,0,1,1,0,
CCL.N,1,1,0,1,0,1,XNYS
CCLD.OQ,1,1,0,1,0,1,XNMS
CCM.N,1,1,0,1,0,1,XNYS
CCNE.OQ,1,1,0,1,0,1,XNGS
CCNR.OQ,1,1,0,1,0,1,XNMS
CCO.N,1,1,0,1,0,1,XNYS
CCOI.OQ,1,1,0,1,0,1,XNGS
CCRN.OQ,1,1,0,1,0,1,XNGS
CCS.N,1,1,0,1,0,1,XNYS
CCSI.OQ,1,1,0,1,0,1,XNGS
CCTG.OQ,1,1,0,1,0,1,XNCM
CCZ.N,1,1,0,1,0,1,XNYS
CD.OQ,1,1,0,1,0,1,XNMS
CDC.OQ,1,1,0,1,0,1,XNMS
CDE.N,1,1,0,1,0,1,XNYS
CDIG.OQ,1,1,0,1,0,1,XNMS
CDIO.OQ,1,1,0,1,0,1,XNCM
CDL.OQ,1,1,0,1,0,1,XNMS
CDLX.OQ,1,1,0,1,0,1,XNMS
CDNA.OQ,1,1,0,1,0,1,XNMS
CDNL.OQ,1,1,0,1,0,1,XNGS
CDNS.OQ,1,1,0,1,0,1,XNGS
CDP.N,1,1,0,1,0,1,XNYS
CDRE.N,1,1,0,1,0,1,XNYS
CDRO.OQ,1,1,0,1,0,1,XNCM
CDR_PB.N,1,1,0,1,0,1,
CDT.OQ,1,1,0,1,0,1,XNCM
CDTG.OQ,1,1,0,1,0,1,XNCM
CDW.OQ,1,1,0,1,0,1,XNGS
CDXS.OQ,1,1,0,1,0,1,XNGS
CDZI.OQ,1,1,0,1,0,1,XNMS
CE.N,1,1,0,1,0,1,XNYS
CECO.OQ,1,1,0,1,0,1,XNGS
CEE.N,1,1,0,1,0,1,XNYS
CEFA.OQ,1,1,0,1,0,1,XNMS
CEG.OQ,1,1,0,1,0,1,XNGS
CELC.OQ,1,1,0,1,0,1,XNCM
CELH.N,1,1,0,1,1,0,
CELH.OQ,1,1,0,1,0,1,XNCM
CELU.OQ,1,1,0,1,0,1,XNCM
CELZ.OQ,1,1,0,1,0,1,XNCM
CENN.OQ,1,1,0,1,0,1,XNCM
CENT.OQ,1,1,0,1,0,1,XNGS
CENX.OQ,1,1,0,1,0,1,XNGS
CEPF.OQ,1,1,0,1,0,1,XNMS
CEPO.OQ,1,1,0,1,0,1,XNMS
CEPS.OQ,1,1,0,1,0,1,XNMS
CEPT.OQ,1,1,0,1,0,1,XNMS
CEPV.OQ,1,1,0,1,0,1,XNMS
CERS.OQ,1,1,0,1,0,1,XNMS
CERT.OQ,1,1,0,1,0,1,XNGS
CET.A,1,1,0,1,0,1,XASE
CETX.OQ,1,1,0,1,0,1,XNCM
CETY.OQ,1,1,0,1,0,1,XNCM
CEV.A,1,1,0,1,0,1,XASE
CEVA.OQ,1,1,0,1,0,1,XNGS
CF.N,1,1,0,1,0,1,XNYS
CFA.OQ,1,1,0,1,0,1,XNMS
CFBK.OQ,1,1,0,1,0,1,XNCM
CFFI.OQ,1,1,0,1,0,1,XNGS
CFFN.OQ,1,1,0,1,0,1,XNGS
CFG,1,1,0,1,1,0,
CFG.N,1,1,0,1,0,1,XNYS
CFLT.N,1,1,0,1,1,0,
CFND.N,1,1,0,1,0,1,XNYS
CFO.OQ,1,1,0,1,0,1,XNMS
CFR.N,1,1,0,1,0,1,XNYS
CG.OQ,1,1,0,1,0,1,XNGS
CGAU.N,1,1,0,1,0,1,XNYS
CGBD.N,1,1,0,1,1,0,
CGBD.OQ,1,1,0,1,0,1,XNGS
CGC.OQ,1,1,0,1,0,1,XNGS
CGCT.OQ,1,1,0,1,0,1,XNMS
CGEM.OQ,1,1,0,1,0,1,XNGS
CGEN.OQ,1,1,0,1,0,1,XNCM
CGNT.OQ,1,1,0,1,0,1,XNGS
CGNX.OQ,1,1,0,1,0,1,XNGS
CGO.OQ,1,1,0,1,0,1,XNGS
CGON.OQ,1,1,0,1,0,1,XNGS
CGTL.OQ,1,1,0,1,0,1,XNCM
CGTX.OQ,1,1,0,1,0,1,XNCM
CGV.N,1,1,0,1,0,1,XNYS
CHA.OQ,1,1,0,1,0,1,XNGS
CHAI.OQ,1,1,0,1,0,1,XNCM
CHAR.OQ,1,1,0,1,0,1,XNMS
CHCI.OQ,1,1,0,1,0,1,XNCM
CHCO.OQ,1,1,0,1,0,1,XNGS
CHCT.N,1,1,0,1,0,1,XNYS
CHD.N,1,1,0,1,0,1,XNYS
CHDN.N,1,1,0,1,1,0,
CHDN.OQ,1,1,0,1,0,1,XNGS
CHE.N,1,1,0,1,0,1,XNYS
CHEC.OQ,1,1,0,1,0,1,XNMS
CHEF.OQ,1,1,0,1,0,1,XNGS
CHGG.N,1,1,0,1,1,1,XNYS
CHH.N,1,1,0,1,0,1,XNYS
CHI.OQ,1,1,0,1,0,1,XNGS
CHKP.OQ,1,1,0,1,0,1,XNGS
CHMG.OQ,1,1,0,1,0,1,XNGS
CHMI.N,1,1,0,1,0,1,XNYS
CHNR.OQ,1,1,0,1,0,1,XNCM
CHOW.A,1,1,0,1,0,1,XASE
CHPG.OQ,1,1,0,1,0,1,XNMS
CHPT.N,1,1,0,1,0,1,XNYS
CHR.OQ,1,1,0,1,0,1,XNCM
CHRD.OQ,1,1,0,1,0,1,XNGS
CHRI.OQ,1,1,0,1,0,1,XNMS
CHRS.OQ,1,1,0,1,0,1,XNMS
CHRW.OQ,1,1,0,1,0,1,XNGS
CHSCP.OQ,1,1,0,1,0,1,XNGS
CHSN.OQ,1,1,0,1,0,1,XNCM
CHTR.OQ,1,1,0,1,0,1,XNGS
CHW.OQ,1,1,0,1,0,1,XNGS
CHWY.N,1,1,0,1,1,1,XNYS
CHY.OQ,1,1,0,1,0,1,XNGS
CHYM.N,1,1,0,1,1,0,
CHYM.OQ,1,1,0,1,0,1,XNGS
CI,1,1,0,1,1,0,
CI.N,1,1,0,1,0,1,XNYS
CIA.N,1,1,0,1,0,1,XNYS
CIBR.OQ,1,1,0,1,0,1,XNMS
CIEN.N,1,1,0,1,0,1,XNYS
CIF.N,1,1,0,1,0,1,XNYS
CIFG.OQ,1,1,0,1,0,1,XNMS
CIFR.OQ,1,1,0,1,0,1,XNGS
CIGI.OQ,1,1,0,1,0,1,XNGS
CIGL.OQ,1,1,0,1,0,1,XNCM
CII.N,1,1,0,1,0,1,XNYS
CIIT.OQ,1,1,0,1,0,1,XNCM
CIK.A,1,1,0,1,0,1,XASE
CIM.N,1,1,0,1,0,1,XNYS
CINF.OQ,1,1,0,1,0,1,XNGS
CING.OQ,1,1,0,1,0,1,XNCM
CINT.N,1,1,0,1,0,1,XNYS
CION.N,1,1,0,1,0,1,XNYS
CISO.OQ,1,1,0,1,0,1,XNCM
CISS.OQ,1,1,0,1,0,1,XNCM
CITR.A,1,1,0,1,0,1,XASE
CIVB.OQ,1,1,0,1,0,1,XNCM
CIX.A,1,1,0,1,0,1,XASE
CJMB.OQ,1,1,0,1,0,1,XNCM
CKX.A,1,1,0,1,0,1,XASE
CL,1,1,0,1,1,0,
CL.N,1,1,0,1,0,1,XNYS
CLAR.OQ,1,1,0,1,0,1,XNGS
CLB.N,1,1,0,1,0,1,XNYS
CLBK.OQ,1,1,0,1,0,1,XNGS
CLBR.N,1,1,0,1,0,1,XNYS
CLBT.OQ,1,1,0,1,0,1,XNGS
CLDI.A,1,1,0,1,0,1,XASE
CLDT.N,1,1,0,1,0,1,XNYS
CLDX.OQ,1,1,0,1,0,1,XNCM
CLF.N,1,1,0,1,0,1,XNYS
CLFD.OQ,1,1,0,1,0,1,XNMS
CLGN.OQ,1,1,0,1,0,1,XNCM
CLH.N,1,1,0,1,0,1,XNYS
CLIK.OQ,1,1,0,1,0,1,XNCM
CLIR.OQ,1,1,0,1,0,1,XNCM
CLM.A,1,1,0,1,0,1,XASE
CLMB.OQ,1,1,0,1,0,1,XNMS
CLMT.OQ,1,1,0,1,0,1,XNGS
CLNE.OQ,1,1,0,1,0,1,XNGS
CLNN.OQ,1,1,0,1,0,1,XNCM
CLOU.OQ,1,1,0,1,0,1,XNMS
CLOV.OQ,1,1,0,1,0,1,XNGS
CLPR.N,1,1,0,1,0,1,XNYS
CLPS.OQ,1,1,0,1,0,1,XNMS
CLPT.OQ,1,1,0,1,0,1,XNCM
CLRB.OQ,1,1,0,1,0,1,XNCM
CLRO.OQ,1,1,0,1,0,1,XNCM
CLS.N,1,1,0,1,0,1,XNYS
CLSK.OQ,1,1,0,1,0,1,XNCM
CLSM.OQ,1,1,0,1,0,1,XNMS
CLST.OQ,1,1,0,1,0,1,XNCM
CLVT.N,1,1,0,1,0,1,XNYS
CLW.N,1,1,0,1,0,1,XNYS
CLWT.OQ,1,1,0,1,0,1,XNCM
CLX,1,1,0,1,1,0,
CLX.N,1,1,0,1,0,1,XNYS
CLYM.OQ,1,1,0,1,0,1,XNMS
CM.N,1,1,0,1,0,1,XNYS
CMBO.OQ,1,1,0,1,0,1,XNMS
CMBT.N,1,1,0,1,0,1,XNYS
CMC.N,1,1,0,1,0,1,XNYS
CMCL.A,1,1,0,1,0,1,XASE
CMCM.N,1,1,0,1,0,1,XNYS
CMCO.OQ,1,1,0,1,0,1,XNGS
CMCSA.OQ,1,1,0,1,0,1,XNGS
CMCT.OQ,1,1,0,1,0,1,XNCM
CMDB.N,1,1,0,1,0,1,XNYS
CME.N,1,1,0,1,1,0,
CME.OQ,1,1,0,1,0,1,XNGS
CMG,1,1,0,1,1,0,
CMG.N,1,1,0,1,0,1,XNYS
CMGG.OQ,1,1,0,1,0,1,XNMS
CMI.N,1,1,0,1,0,1,XNYS
CMII.OQ,1,1,0,1,0,1,XNMS
CMMB.OQ,1,1,0,1,0,1,XNCM
CMND.OQ,1,1,0,1,0,1,XNCM
CMP.N,1,1,0,1,0,1,XNYS
CMPR.OQ,1,1,0,1,0,1,XNGS
CMPS.OQ,1,1,0,1,0,1,XNGS
CMPX.OQ,1,1,0,1,0,1,XNCM
CMRC.OQ,1,1,0,1,0,1,XNMS
CMRE.N,1,1,0,1,0,1,XNYS
CMS.N,1,1,0,1,0,1,XNYS
CMS_PB.N,1,1,0,1,0,1,
CMT.A,1,1,0,1,0,1,XASE
CMTG.N,1,1,0,1,0,1,XNYS
CMTL.OQ,1,1,0,1,0,1,XNGS
CMTV.OQ,1,1,0,1,0,1,XNCM
CMU.N,1,1,0,1,0,1,XNYS
CNA.N,1,1,0,1,0,1,XNYS
CNC.N,1,1,0,1,0,1,XNYS
CNCG.OQ,1,1,0,1,0,1,XNMS
CNCK.OQ,1,1,0,1,0,1,XNMS
CNDT.OQ,1,1,0,1,0,1,XNGS
CNET.OQ,1,1,0,1,0,1,XNCM
CNEY.OQ,1,1,0,1,0,1,XNCM
CNF.N,1,1,0,1,0,1,XNYS
CNH.N,1,1,0,1,0,1,XNYS
CNI.N,1,1,0,1,0,1,XNYS
CNK.N,1,1,0,1,0,1,XNYS
CNL.A,1,1,0,1,0,1,XASE
CNM.N,1,1,0,1,0,1,XNYS
CNMD.N,1,1,0,1,0,1,XNYS
CNNE.N,1,1,0,1,0,1,XNYS
CNO.N,1,1,0,1,0,1,XNYS
CNOB.OQ,1,1,0,1,0,1,XNGS
CNP.N,1,1,0,1,0,1,XNYS
CNQ.N,1,1,0,1,0,1,XNYS
CNQQ.OQ,1,1,0,1,0,1,XNMS
CNR.N,1,1,0,1,0,1,XNYS
CNS.N,1,1,0,1,0,1,XNYS
CNSP.OQ,1,1,0,1,0,1,XNCM
CNTA.OQ,1,1,0,1,0,1,XNGS
CNTB.OQ,1,1,0,1,0,1,XNMS
CNTN.OQ,1,1,0,1,0,1,XNCM
CNTX.OQ,1,1,0,1,0,1,XNCM
CNTY.OQ,1,1,0,1,0,1,XNCM
CNVS.OQ,1,1,0,1,0,1,XNCM
CNX.N,1,1,0,1,0,1,XNYS
CNXC.N,1,1,0,1,1,0,
CNXC.OQ,1,1,0,1,0,1,XNGS
CNXN.OQ,1,1,0,1,0,1,XNGS
COCH.OQ,1,1,0,1,0,1,XNCM
COCO.OQ,1,1,0,1,0,1,XNGS
COCP.OQ,1,1,0,1,0,1,XNCM
CODA.OQ,1,1,0,1,0,1,XNCM
CODI.N,1,1,0,1,0,1,XNYS
CODX.OQ,1,1,0,1,0,1,XNCM
COE.A,1,1,0,1,0,1,XASE
COEP.OQ,1,1,0,1,0,1,XNCM
COF,1,1,0,1,1,0,
COF.N,1,1,0,1,0,1,XNYS
COFS.OQ,1,1,0,1,0,1,XNCM
COGT.OQ,1,1,0,1,0,1,XNGS
COHN.A,1,1,0,1,0,1,XASE
COHR.N,1,1,0,1,0,1,XNYS
COHU.OQ,1,1,0,1,0,1,XNGS
COIG.OQ,1,1,0,1,0,1,XNMS
COIN.N,1,1,0,1,1,0,
COIN.OQ,1,1,0,1,0,1,XNGS
COKE.OQ,1,1,0,1,0,1,XNGS
COLA.OQ,1,1,0,1,0,1,XNMS
COLB.OQ,1,1,0,1,0,1,XNGS
COLD.N,1,1,0,1,0,1,XNYS
COLL.OQ,1,1,0,1,0,1,XNGS
COLM.OQ,1,1,0,1,0,1,XNGS
COMP.N,1,1,0,1,0,1,XNYS
COMT.OQ,1,1,0,1,0,1,XNMS
CON.N,1,1,0,1,0,1,XNYS
CONI.OQ,1,1,0,1,0,1,XNMS
CONL.OQ,1,1,0,1,0,1,XNMS
CONX.OQ,1,1,0,1,0,1,XNMS
COO.OQ,1,1,0,1,0,1,XNGS
COOK.N,1,1,0,1,0,1,XNYS
COOT.OQ,1,1,0,1,0,1,XNCM
COP,1,1,0,1,1,0,
COP.N,1,1,0,1,0,1,XNYS
COPJ.OQ,1,1,0,1,0,1,XNMS
COPL.N,1,1,0,1,0,1,XNYS
COPP.OQ,1,1,0,1,0,1,XNMS
COR.N,1,1,0,1,0,1,XNYS
CORT.OQ,1,1,0,1,0,1,XNCM
CORZ.OQ,1,1,0,1,0,1,XNGS
COSM.OQ,1,1,0,1,0,1,XNCM
COSO.N,1,1,0,1,0,1,XNYS
COST.N,1,1,0,1,1,0,
COST.OQ,1,1,0,1,0,1,XNGS
COTY.N,1,1,0,1,0,1,XNYS
COUR.N,1,1,0,1,1,1,XNYS
COWG.OQ,1,1,0,1,0,1,XNMS
COWS.OQ,1,1,0,1,0,1,XNMS
COYA.OQ,1,1,0,1,0,1,XNCM
COYY.OQ,1,1,0,1,0,1,XNMS
CP.N,1,1,0,1,0,1,XNYS
CPA.N,1,1,0,1,0,1,XNYS
CPAI.N,1,1,0,1,0,1,XNYS
CPAY.N,1,1,0,1,0,1,XNYS
CPB.N,1,1,0,1,1,0,
CPB.OQ,1,1,0,1,0,1,XNGS
CPBI.OQ,1,1,0,1,0,1,XNCM
CPF.N,1,1,0,1,0,1,XNYS
CPHC.OQ,1,1,0,1,0,1,XNMS
CPHI.A,1,1,0,1,0,1,XASE
CPIX.OQ,1,1,0,1,0,1,XNGS
CPK.N,1,1,0,1,0,1,XNYS
CPNG.N,1,1,0,1,0,1,XNYS
CPOP.OQ,1,1,0,1,0,1,XNCM
CPRI.N,1,1,0,1,0,1,XNYS
CPRT.OQ,1,1,0,1,0,1,XNGS
CPRX.OQ,1,1,0,1,0,1,XNCM
CPS.N,1,1,0,1,0,1,XNYS
CPSH.OQ,1,1,0,1,0,1,XNCM
CPSS.OQ,1,1,0,1,0,1,XNMS
CPT.N,1,1,0,1,0,1,XNYS
CPZ.OQ,1,1,0,1,0,1,XNGS
CQP.N,1,1,0,1,0,1,XNYS
CR.N,1,1,0,1,0,1,XNYS
CRAC.OQ,1,1,0,1,0,1,XNMS
CRAI.OQ,1,1,0,1,0,1,XNGS
CRAN.OQ,1,1,0,1,0,1,XNMS
CRAQ.OQ,1,1,0,1,0,1,XNMS
CRBG.N,1,1,0,1,0,1,XNYS
CRBP.OQ,1,1,0,1,0,1,XNCM
CRBU.OQ,1,1,0,1,0,1,XNGS
CRC.N,1,1,0,1,0,1,XNYS
CRCL.N,1,1,0,1,1,1,XNYS
CRCT.OQ,1,1,0,1,0,1,XNGS
CRDB.N,1,1,0,1,0,1,
CRDF.OQ,1,1,0,1,0,1,XNCM
CRDL.OQ,1,1,0,1,0,1,XNCM
CRDO.OQ,1,1,0,1,0,1,XNGS
CRE.OQ,1,1,0,1,0,1,XNCM
CREG.OQ,1,1,0,1,0,1,XNCM
CREX.OQ,1,1,0,1,0,1,XNCM
CRF.A,1,1,0,1,0,1,XASE
CRGO.OQ,1,1,0,1,0,1,XNCM
CRGY.N,1,1,0,1,0,1,XNYS
CRH.N,1,1,0,1,0,1,XNYS
CRI.N,1,1,0,1,0,1,XNYS
CRIS.OQ,1,1,0,1,0,1,XNCM
CRK.N,1,1,0,1,0,1,XNYS
CRL,1,1,0,1,1,0,
CRL.N,1,1,0,1,0,1,XNYS
CRM,1,1,0,1,1,0,
CRM.N,1,1,0,1,0,1,XNYS
CRMD.OQ,1,1,0,1,0,1,XNMS
CRMG.OQ,1,1,0,1,0,1,XNMS
CRML.OQ,1,1,0,1,0,1,XNMS
CRMT.OQ,1,1,0,1,0,1,XNGS
CRMU.OQ,1,1,0,1,0,1,XNMS
CRNC.OQ,1,1,0,1,0,1,XNGS
CRNT.OQ,1,1,0,1,0,1,XNGS
CRNX.OQ,1,1,0,1,0,1,XNGS
CRON.OQ,1,1,0,1,0,1,XNMS
CROX.OQ,1,1,0,1,0,1,XNGS
CRS.N,1,1,0,1,0,1,XNYS
CRSP.N,1,1,0,1,1,0,
CRSP.OQ,1,1,0,1,0,1,XNMS
CRSR.OQ,1,1,0,1,0,1,XNGS
CRT.N,1,1,0,1,0,1,XNYS
CRTO.OQ,1,1,0,1,0,1,XNGS
CRUS.OQ,1,1,0,1,0,1,XNGS
CRVL.OQ,1,1,0,1,0,1,XNGS
CRVO.OQ,1,1,0,1,0,1,XNCM
CRVS.OQ,1,1,0,1,0,1,XNMS
CRWD.N,1,1,0,1,1,0,
CRWD.OQ,1,1,0,1,0,1,XNGS
CRWL.OQ,1,1,0,1,0,1,XNMS
CRWS.OQ,1,1,0,1,0,1,XNCM
CRWV.OQ,1,1,0,1,0,1,XNGS
CSAI.OQ,1,1,0,1,0,1,XNCM
CSB.OQ,1,1,0,1,0,1,XNMS
CSBR.OQ,1,1,0,1,0,1,XNCM
CSCL.OQ,1,1,0,1,0,1,XNMS
CSCO.N,1,1,0,1,1,0,
CSCO.OQ,1,1,0,1,0,1,XNGS
CSCS.OQ,1,1,0,1,0,1,XNMS
CSGP.N,1,1,0,1,1,0,
CSGP.OQ,1,1,0,1,0,1,XNGS
CSGS.OQ,1,1,0,1,0,1,XNGS
CSIQ.OQ,1,1,0,1,0,1,XNGS
CSL.N,1,1,0,1,0,1,XNYS
CSPI.OQ,1,1,0,1,0,1,XNMS
CSQ.OQ,1,1,0,1,0,1,XNGS
CSR.N,1,1,0,1,0,1,XNYS
CSTE.OQ,1,1,0,1,0,1,XNGS
CSTL.OQ,1,1,0,1,0,1,XNMS
CSTM.N,1,1,0,1,0,1,XNYS
CSV.N,1,1,0,1,0,1,XNYS
CSW.N,1,1,0,1,0,1,XNYS
CSWC.OQ,1,1,0,1,0,1,XNGS
CSX.OQ,1,1,0,1,0,1,XNGS
CTAAU.OQ,1,1,0,1,0,1,XNMS
CTAS.N,1,1,0,1,1,0,
CTAS.OQ,1,1,0,1,0,1,XNGS
CTA_PA.N,1,1,0,1,0,1,
CTBI.OQ,1,1,0,1,0,1,XNGS
CTEC.OQ,1,1,0,1,0,1,XNMS
CTEV.N,1,1,0,1,0,1,XNYS
CTGO.A,1,1,0,1,0,1,XASE
CTKB.OQ,1,1,0,1,0,1,XNGS
CTLP.OQ,1,1,0,1,0,1,XNGS
CTM.A,1,1,0,1,0,1,XASE
CTMX.OQ,1,1,0,1,0,1,XNGS
CTNM.OQ,1,1,0,1,0,1,XNGS
CTNT.OQ,1,1,0,1,0,1,XNCM
CTO.N,1,1,0,1,0,1,XNYS
CTOR.OQ,1,1,0,1,0,1,XNCM
CTOS.N,1,1,0,1,0,1,XNYS
CTRA.N,1,1,0,1,0,1,XNYS
CTRE.N,1,1,0,1,0,1,XNYS
CTRI.N,1,1,0,1,0,1,XNYS
CTRM.OQ,1,1,0,1,0,1,XNCM
CTRN.OQ,1,1,0,1,0,1,XNGS
CTS.N,1,1,0,1,0,1,XNYS
CTSH.OQ,1,1,0,1,0,1,XNGS
CTSO.OQ,1,1,0,1,0,1,XNCM
CTVA.N,1,1,0,1,0,1,XNYS
CTW.OQ,1,1,0,1,0,1,XNCM
CTXR.OQ,1,1,0,1,0,1,XNCM
CUB.OQ,1,1,0,1,0,1,XNMS
CUBE.N,1,1,0,1,0,1,XNYS
CUBI.N,1,1,0,1,0,1,XNYS
CUE.OQ,1,1,0,1,0,1,XNCM
CULP.OQ,1,1,0,1,0,1,XNCM
CUPR.OQ,1,1,0,1,0,1,XNCM
CURB.N,1,1,0,1,0,1,XNYS
CURI.OQ,1,1,0,1,0,1,XNCM
CURR.OQ,1,1,0,1,0,1,XNMS
CURV.N,1,1,0,1,0,1,XNYS
CURX.OQ,1,1,0,1,0,1,XNCM
CUSD.OQ,1,1,0,1,0,1,XNMS
CUZ.N,1,1,0,1,0,1,XNYS
CV.OQ,1,1,0,1,0,1,XNCM
CVBF.OQ,1,1,0,1,0,1,XNGS
CVCO.OQ,1,1,0,1,0,1,XNGS
CVE.N,1,1,0,1,0,1,XNYS
CVEO.N,1,1,0,1,0,1,XNYS
CVGI.OQ,1,1,0,1,0,1,XNGS
CVGW.OQ,1,1,0,1,0,1,XNGS
CVI.N,1,1,0,1,0,1,XNYS
CVKD.OQ,1,1,0,1,0,1,XNCM
CVLG.N,1,1,0,1,0,1,XNYS
CVLT.OQ,1,1,0,1,0,1,XNGS
CVM.A,1,1,0,1,0,1,XASE
CVNA.N,1,1,0,1,1,1,XNYS
CVR.A,1,1,0,1,0,1,XASE
CVRX.OQ,1,1,0,1,0,1,XNGS
CVS,1,1,0,1,1,0,
CVS.N,1,1,0,1,0,1,XNYS
CVSA.N,1,1,0,1,0,1,XNYS
CVU.A,1,1,0,1,0,1,XASE
CVV.OQ,1,1,0,1,0,1,XNCM
CVX,1,1,0,1,1,0,
CVX.N,1,1,0,1,0,1,XNYS
CW.N,1,1,0,1,0,1,XNYS
CWAN.N,1,1,0,1,0,1,XNYS
CWBC.OQ,1,1,0,1,0,1,XNCM
CWCO.OQ,1,1,0,1,0,1,XNGS
CWD.OQ,1,1,0,1,0,1,XNCM
CWENA.N,1,1,0,1,0,1,
CWH.N,1,1,0,1,0,1,XNYS
CWK.N,1,1,0,1,0,1,XNYS
CWST.OQ,1,1,0,1,0,1,XNGS
CWT.N,1,1,0,1,0,1,XNYS
CXAI.OQ,1,1,0,1,0,1,XNCM
CXDO.OQ,1,1,0,1,0,1,XNCM
CXE.N,1,1,0,1,0,1,XNYS
CXH.N,1,1,0,1,0,1,XNYS
CXM,1,1,0,1,1,0,
CXM.N,1,1,0,1,0,1,XNYS
CXSE.OQ,1,1,0,1,0,1,XNMS
CXT.N,1,1,0,1,0,1,XNYS
CXW.N,1,1,0,1,0,1,XNYS
CYCN.OQ,1,1,0,1,0,1,XNCM
CYCU.OQ,1,1,0,1,0,1,XNMS
CYD.N,1,1,0,1,0,1,XNYS
CYH.N,1,1,0,1,0,1,XNYS
CYN.OQ,1,1,0,1,0,1,XNCM
CYPH.OQ,1,1,0,1,0,1,XNCM
CYRX.OQ,1,1,0,1,0,1,XNCM
CYTK.OQ,1,1,0,1,0,1,XNGS
CZAR.OQ,1,1,0,1,0,1,XNMS
CZFS.OQ,1,1,0,1,0,1,XNCM
CZNC.OQ,1,1,0,1,0,1,XNCM
CZR.N,1,1,0,1,1,0,
CZR.OQ,1,1,0,1,0,1,XNGS
CZWI.OQ,1,1,0,1,0,1,XNMS
D.N,1,1,0,1,0,1,XNYS
DAAQ.OQ,1,1,0,1,0,1,XNMS
DAC.N,1,1,0,1,0,1,XNYS
DAIC.OQ,1,1,0,1,0,1,XNMS
DAIO.OQ,1,1,0,1,0,1,XNCM
DAK.OQ,1,1,0,1,0,1,XNMS
DAKT.OQ,1,1,0,1,0,1,XNGS
DAL,1,1,0,1,1,0,
DAL.N,1,1,0,1,0,1,XNYS
DALI.OQ,1,1,0,1,0,1,XNMS
DAN.N,1,1,0,1,0,1,XNYS
DAO.N,1,1,0,1,0,1,XNYS
DAPP.OQ,1,1,0,1,0,1,XNMS
DAR.N,1,1,0,1,0,1,XNYS
DARE.OQ,1,1,0,1,0,1,XNCM
DASH.N,1,1,0,1,1,0,
DASH.OQ,1,1,0,1,0,1,XNGS
DAVA.N,1,1,0,1,0,1,XNYS
DAVE.OQ,1,1,0,1,0,1,XNMS
DAWN.OQ,1,1,0,1,0,1,XNGS
DAX.OQ,1,1,0,1,0,1,XNMS
DB.N,1,1,0,1,0,1,XNYS
DBCA.OQ,1,1,0,1,0,1,XNMS
DBD.N,1,1,0,1,0,1,XNYS
DBGI.OQ,1,1,0,1,0,1,XNCM
DBI,1,1,0,1,1,0,
DBI.N,1,1,0,1,0,1,XNYS
DBL.N,1,1,0,1,0,1,XNYS
DBRG.N,1,1,0,1,0,1,XNYS
DBX.N,1,1,0,1,1,0,
DBX.OQ,1,1,0,1,0,1,XNGS
DC.A,1,1,0,1,0,1,XASE
DCBO.OQ,1,1,0,1,0,1,XNGS
DCGO.OQ,1,1,0,1,0,1,XNCM
DCH.N,1,1,0,1,0,1,XNYS
DCI.N,1,1,0,1,0,1,XNYS
DCO.N,1,1,0,1,0,1,XNYS
DCOM.OQ,1,1,0,1,0,1,XNGS
DCOY.OQ,1,1,0,1,0,1,XNCM
DCTH.OQ,1,1,0,1,0,1,XNCM
DCX.OQ,1,1,0,1,0,1,XNCM
DD,1,1,0,1,1,0,
DD.N,1,1,0,1,0,1,XNYS
DDC.A,1,1,0,1,0,1,XASE
DDD.N,1,1,0,1,0,1,XNYS
DDI.OQ,1,1,0,1,0,1,XNGS
DDIV.OQ,1,1,0,1,0,1,XNMS
DDL.N,1,1,0,1,0,1,XNYS
DDOG.N,1,1,0,1,1,0,
DDOG.OQ,1,1,0,1,0,1,XNGS
DDS.N,1,1,0,1,0,1,XNYS
DE,1,1,0,1,1,0,
DE.N,1,1,0,1,0,1,XNYS
DEA.N,1,1,0,1,0,1,XNYS
DEC.N,1,1,0,1,0,1,XNYS
DECK.N,1,1,0,1,0,1,XNYS
DECO.OQ,1,1,0,1,0,1,XNMS
DEFT.N,1,1,0,1,1,0,
DEFT.OQ,1,1,0,1,0,1,XNCM
DEI.N,1,1,0,1,0,1,XNYS
DELL.N,1,1,0,1,1,1,XNYS
DEMZ.OQ,1,1,0,1,0,1,XNMS
DERM.OQ,1,1,0,1,0,1,XNCM
DEVS.OQ,1,1,0,1,0,1,XNCM
DFDV.OQ,1,1,0,1,0,1,XNCM
DFH.N,1,1,0,1,0,1,XNYS
DFIN.N,1,1,0,1,0,1,XNYS
DFLI.OQ,1,1,0,1,0,1,XNCM
DFNS.OQ,1,1,0,1,0,1,XNMS
DFP.N,1,1,0,1,0,1,XNYS
DFSC.OQ,1,1,0,1,0,1,XNCM
DFTX.OQ,1,1,0,1,0,1,XNGS
DG,1,1,0,1,1,0,
DG.N,1,1,0,1,0,1,XNYS
DGICA.OQ,1,1,0,1,0,1,XNGS
DGII.OQ,1,1,0,1,0,1,XNGS
DGLO.OQ,1,1,0,1,0,1,XNMS
DGNX.OQ,1,1,0,1,0,1,XNCM
DGRE.OQ,1,1,0,1,0,1,XNMS
DGRS.OQ,1,1,0,1,0,1,XNMS
DGRW.OQ,1,1,0,1,0,1,XNMS
DGX,1,1,0,1,1,0,
DGX.N,1,1,0,1,0,1,XNYS
DGXX.OQ,1,1,0,1,0,1,XNCM
DH.OQ,1,1,0,1,0,1,XNGS
DHC.OQ,1,1,0,1,0,1,XNGS
DHF.N,1,1,0,1,0,1,XNYS
DHI.N,1,1,0,1,0,1,XNYS
DHIL.OQ,1,1,0,1,0,1,XNGS
DHR.N,1,1,0,1,0,1,XNYS
DHT.N,1,1,0,1,0,1,XNYS
DHX.N,1,1,0,1,0,1,XNYS
DHY.A,1,1,0,1,0,1,XASE
DIBS.OQ,1,1,0,1,0,1,XNMS
DIN.N,1,1,0,1,0,1,XNYS
DINO.N,1,1,0,1,0,1,XNYS
DIOD.OQ,1,1,0,1,0,1,XNGS
DIS,1,1,0,1,1,0,
DIS.N,1,1,0,1,0,1,XNYS
DIT.A,1,1,0,1,0,1,XASE
DJCO.OQ,1,1,0,1,0,1,XNCM
DJT.OQ,1,1,0,1,0,1,XNMS
DK.N,1,1,0,1,0,1,XNYS
DKI.OQ,1,1,0,1,0,1,XNCM
DKL.N,1,1,0,1,0,1,XNYS
DKNG.N,1,1,0,1,1,0,
DKNG.OQ,1,1,0,1,0,1,XNGS
DKS,1,1,0,1,1,0,
DKS.N,1,1,0,1,0,1,XNYS
DLB,1,1,0,1,1,0,
DLB.N,1,1,0,1,0,1,XNYS
DLHC.OQ,1,1,0,1,0,1,XNCM
DLLL.OQ,1,1,0,1,0,1,XNMS
DLNG.N,1,1,0,1,0,1,XNYS
DLO.OQ,1,1,0,1,0,1,XNGS
DLPN.OQ,1,1,0,1,0,1,XNCM
DLR.N,1,1,0,1,0,1,XNYS
DLTH.OQ,1,1,0,1,0,1,XNGS
DLTR.N,1,1,0,1,1,0,
DLTR.OQ,1,1,0,1,0,1,XNGS
DLX.N,1,1,0,1,0,1,XNYS
DLXY.OQ,1,1,0,1,0,1,XNCM
DLY.N,1,1,0,1,0,1,XNYS
DMAA.OQ,1,1,0,1,0,1,XNMS
DMAC.OQ,1,1,0,1,0,1,XNCM
DMB.N,1,1,0,1,0,1,XNYS
DMII.OQ,1,1,0,1,0,1,XNMS
DMLP.OQ,1,1,0,1,0,1,XNGS
DMO.N,1,1,0,1,0,1,XNYS
DMRA.OQ,1,1,0,1,0,1,XNCM
DMRC.OQ,1,1,0,1,0,1,XNGS
DMXF.OQ,1,1,0,1,0,1,XNMS
DNA.N,1,1,0,1,0,1,XNYS
DNLI.OQ,1,1,0,1,0,1,XNGS
DNMX.OQ,1,1,0,1,0,1,XNMS
DNN.A,1,1,0,1,0,1,XASE
DNNG.OQ,1,1,0,1,0,1,XNMS
DNOW.N,1,1,0,1,0,1,XNYS
DNP.N,1,1,0,1,0,1,XNYS
DNTH.OQ,1,1,0,1,0,1,XNCM
DNUT.N,1,1,0,1,1,0,
DNUT.OQ,1,1,0,1,0,1,XNGS
DOC.N,1,1,0,1,0,1,XNYS
DOCN.N,1,1,0,1,0,1,XNYS
DOCS.N,1,1,0,1,0,1,XNYS
DOCU.N,1,1,0,1,1,0,
DOCU.OQ,1,1,0,1,0,1,XNGS
DOGZ.OQ,1,1,0,1,0,1,XNCM
DOLE.N,1,1,0,1,0,1,XNYS
DOMH.OQ,1,1,0,1,0,1,XNCM
DOMO.OQ,1,1,0,1,0,1,XNMS
DOO.OQ,1,1,0,1,0,1,XNGS
DORM.OQ,1,1,0,1,0,1,XNGS
DOUG.N,1,1,0,1,0,1,XNYS
DOV.N,1,1,0,1,0,1,XNYS
DOW,1,1,0,1,1,0,
DOW.N,1,1,0,1,0,1,XNYS
DOX.OQ,1,1,0,1,0,1,XNGS
DOYU.OQ,1,1,0,1,0,1,XNGS
DPG.N,1,1,0,1,0,1,XNYS
DPRO.OQ,1,1,0,1,0,1,XNCM
DPZ.N,1,1,0,1,1,0,
DPZ.OQ,1,1,0,1,0,1,XNGS
DQ.N,1,1,0,1,0,1,XNYS
DRCT.OQ,1,1,0,1,0,1,XNCM
DRDB.OQ,1,1,0,1,0,1,XNMS
DRH.OQ,1,1,0,1,0,1,XNGS
DRI.N,1,1,0,1,0,1,XNYS
DRIO.OQ,1,1,0,1,0,1,XNCM
DRIV.OQ,1,1,0,1,0,1,XNMS
DRMA.OQ,1,1,0,1,0,1,XNCM
DRS.OQ,1,1,0,1,0,1,XNGS
DRTS.OQ,1,1,0,1,0,1,XNCM
DRUG.OQ,1,1,0,1,0,1,XNCM
DRVN.OQ,1,1,0,1,0,1,XNGS
DSAC.OQ,1,1,0,1,0,1,XNMS
DSGN.OQ,1,1,0,1,0,1,XNGS
DSGR.OQ,1,1,0,1,0,1,XNGS
DSGX.OQ,1,1,0,1,0,1,XNGS
DSL.N,1,1,0,1,0,1,XNYS
DSM.N,1,1,0,1,0,1,XNYS
DSP.OQ,1,1,0,1,0,1,XNGS
DSS.A,1,1,0,1,0,1,XASE
DSTX.N,1,1,0,1,0,1,XNYS
DSU.N,1,1,0,1,0,1,XNYS
DSWL.OQ,1,1,0,1,0,1,XNMS
DSX.N,1,1,0,1,0,1,XNYS
DSY.OQ,1,1,0,1,0,1,XNMS
DT.N,1,1,0,1,0,1,XNYS
DTCR.OQ,1,1,0,1,0,1,XNMS
DTCX.OQ,1,1,0,1,0,1,XNCM
DTE.N,1,1,0,1,0,1,XNYS
DTF.N,1,1,0,1,0,1,XNYS
DTI.OQ,1,1,0,1,0,1,XNCM
DTIL.OQ,1,1,0,1,0,1,XNCM
DTM.N,1,1,0,1,0,1,XNYS
DTSQ.OQ,1,1,0,1,0,1,XNMS
DTSS.OQ,1,1,0,1,0,1,XNCM
DTST.OQ,1,1,0,1,0,1,XNCM
DUK.N,1,1,0,1,0,1,XNYS
DUKH.OQ,1,1,0,1,0,1,XNMS
DUKX.OQ,1,1,0,1,0,1,XNMS
DUO.OQ,1,1,0,1,0,1,XNCM
DUOG.OQ,1,1,0,1,0,1,XNMS
DUOL.OQ,1,1,0,1,0,1,XNGS
DUOT.OQ,1,1,0,1,0,1,XNCM
DV.N,1,1,0,1,0,1,XNYS
DVA.N,1,1,0,1,0,1,XNYS
DVGR.OQ,1,1,0,1,0,1,XNMS
DVIN.OQ,1,1,0,1,0,1,XNMS
DVLT.OQ,1,1,0,1,0,1,XNCM
DVLU.OQ,1,1,0,1,0,1,XNMS
DVN.N,1,1,0,1,0,1,XNYS
DVOL.OQ,1,1,0,1,0,1,XNMS
DVQQ.OQ,1,1,0,1,0,1,XNMS
DVRE.OQ,1,1,0,1,0,1,XNMS
DVSP.OQ,1,1,0,1,0,1,XNMS
DVUT.OQ,1,1,0,1,0,1,XNMS
DVXB.OQ,1,1,0,1,0,1,XNMS
DVXC.OQ,1,1,0,1,0,1,XNMS
DVXE.OQ,1,1,0,1,0,1,XNMS
DVXF.OQ,1,1,0,1,0,1,XNMS
DVXK.OQ,1,1,0,1,0,1,XNMS
DVXP.OQ,1,1,0,1,0,1,XNMS
DVXV.OQ,1,1,0,1,0,1,XNMS
DVXY.OQ,1,1,0,1,0,1,XNMS
DVY.OQ,1,1,0,1,0,1,XNMS
DWAS.OQ,1,1,0,1,0,1,XNMS
DWSN.OQ,1,1,0,1,0,1,XNGS
DWTX.OQ,1,1,0,1,0,1,XNCM
DX.N,1,1,0,1,0,1,XNYS
DXC.N,1,1,0,1,0,1,XNYS
DXCM.OQ,1,1,0,1,0,1,XNGS
DXF.A,1,1,0,1,0,1,XASE
DXLG.OQ,1,1,0,1,0,1,XNMS
DXPE.OQ,1,1,0,1,0,1,XNGS
DXR.OQ,1,1,0,1,0,1,XNCM
DXST.OQ,1,1,0,1,0,1,XNCM
DXYZ.N,1,1,0,1,0,1,XNYS
DY,1,1,0,1,1,0,
DY.N,1,1,0,1,0,1,XNYS
DYAI.OQ,1,1,0,1,0,1,XNCM
DYFI.OQ,1,1,0,1,0,1,XNMS
DYN.OQ,1,1,0,1,0,1,XNGS
DYOR.OQ,1,1,0,1,0,1,XNMS
EA.N,1,1,0,1,1,0,
EA.OQ,1,1,0,1,0,1,XNGS
EAD.A,1,1,0,1,0,1,XASE
EAF.N,1,1,0,1,0,1,XNYS
EASY.OQ,1,1,0,1,0,1,XNMS
EAT.N,1,1,0,1,0,1,XNYS
EBAY.N,1,1,0,1,1,0,
EBAY.OQ,1,1,0,1,0,1,XNGS
EBC.OQ,1,1,0,1,0,1,XNGS
EBF.N,1,1,0,1,0,1,XNYS
EBIZ.OQ,1,1,0,1,0,1,XNMS
EBMT.OQ,1,1,0,1,0,1,XNMS
EBON.OQ,1,1,0,1,0,1,XNGS
EBS.N,1,1,0,1,0,1,XNYS
ECAT.N,1,1,0,1,0,1,XNYS
ECBK.OQ,1,1,0,1,0,1,XNCM
ECC.N,1,1,0,1,0,1,XNYS
ECF.A,1,1,0,1,0,1,XASE
ECG.N,1,1,0,1,0,1,XNYS
ECL.N,1,1,0,1,0,1,XNYS
ECO.N,1,1,0,1,0,1,XNYS
ECOR.OQ,1,1,0,1,0,1,XNCM
ECPG.OQ,1,1,0,1,0,1,XNGS
ECVT.N,1,1,0,1,0,1,XNYS
ECX.OQ,1,1,0,1,0,1,XNMS
ED,1,1,0,1,1,0,
ED.N,1,1,0,1,0,1,XNYS
EDAP.OQ,1,1,0,1,0,1,XNMS
EDBL.OQ,1,1,0,1,0,1,XNCM
EDD.N,1,1,0,1,0,1,XNYS
EDF.N,1,1,0,1,0,1,XNYS
EDHL.OQ,1,1,0,1,0,1,XNCM
EDIT.OQ,1,1,0,1,0,1,XNGS
EDRY.OQ,1,1,0,1,0,1,XNCM
EDSA.OQ,1,1,0,1,0,1,XNCM
EDTK.OQ,1,1,0,1,0,1,XNCM
EDU.N,1,1,0,1,0,1,XNYS
EDUC.OQ,1,1,0,1,0,1,XNMS
EE.N,1,1,0,1,0,1,XNYS
EEA.N,1,1,0,1,0,1,XNYS
EEFT.OQ,1,1,0,1,0,1,XNGS
EEIQ.OQ,1,1,0,1,0,1,XNCM
EEMA.OQ,1,1,0,1,0,1,XNMS
EEX.N,1,1,0,1,0,1,XNYS
EFAS.OQ,1,1,0,1,0,1,XNMS
EFC.N,1,1,0,1,0,1,XNYS
EFOI.OQ,1,1,0,1,0,1,XNCM
EFR.N,1,1,0,1,0,1,XNYS
EFSC.OQ,1,1,0,1,0,1,XNGS
EFSI.OQ,1,1,0,1,0,1,XNCM
EFT.N,1,1,0,1,0,1,XNYS
EFTY.OQ,1,1,0,1,0,1,XNCM
EFX,1,1,0,1,1,0,
EFX.N,1,1,0,1,0,1,XNYS
EFXT.N,1,1,0,1,0,1,XNYS
EG.N,1,1,0,1,0,1,XNYS
EGAN.OQ,1,1,0,1,0,1,XNCM
EGBN.OQ,1,1,0,1,0,1,XNCM
EGG.A,1,1,0,1,0,1,XASE
EGGQ.OQ,1,1,0,1,0,1,XNMS
EGHA.OQ,1,1,0,1,0,1,XNMS
EGHT.OQ,1,1,0,1,0,1,XNGS
EGO.N,1,1,0,1,0,1,XNYS
EGP.N,1,1,0,1,0,1,XNYS
EGY.N,1,1,0,1,0,1,XNYS
EH.OQ,1,1,0,1,0,1,XNMS
EHAB.N,1,1,0,1,0,1,XNYS
EHC.N,1,1,0,1,0,1,XNYS
EHGO.OQ,1,1,0,1,0,1,XNCM
EHI.N,1,1,0,1,0,1,XNYS
EHLD.OQ,1,1,0,1,0,1,XNCM
EHTH.OQ,1,1,0,1,0,1,XNGS
EIC.N,1,1,0,1,0,1,XNYS
EIG.N,1,1,0,1,0,1,XNYS
EIKN.OQ,1,1,0,1,0,1,XNGS
EIM.A,1,1,0,1,0,1,XASE
EIX.N,1,1,0,1,0,1,XNYS
EJH.OQ,1,1,0,1,0,1,XNCM
EKG.OQ,1,1,0,1,0,1,XNMS
EKSO.OQ,1,1,0,1,0,1,XNCM
EL,1,1,0,1,1,0,
EL.N,1,1,0,1,0,1,XNYS
ELA.A,1,1,0,1,0,1,XASE
ELAB.OQ,1,1,0,1,0,1,XNCM
ELAN.N,1,1,0,1,0,1,XNYS
ELBM.OQ,1,1,0,1,0,1,XNCM
ELC.N,1,1,0,1,0,1,XNYS
ELDN.OQ,1,1,0,1,0,1,XNCM
ELE.OQ,1,1,0,1,0,1,XNCM
ELF.N,1,1,0,1,0,1,XNYS
ELFY.OQ,1,1,0,1,0,1,XNMS
ELIL.OQ,1,1,0,1,0,1,XNMS
ELIS.OQ,1,1,0,1,0,1,XNMS
ELLO.A,1,1,0,1,0,1,XASE
ELMD.A,1,1,0,1,0,1,XASE
ELME.N,1,1,0,1,0,1,XNYS
ELOG.OQ,1,1,0,1,0,1,XNCM
ELPW.OQ,1,1,0,1,0,1,XNMS
ELS.N,1,1,0,1,0,1,XNYS
ELSE.OQ,1,1,0,1,0,1,XNCM
ELTK.OQ,1,1,0,1,0,1,XNCM
ELTX.OQ,1,1,0,1,0,1,XNCM
ELUT.OQ,1,1,0,1,0,1,XNCM
ELV.N,1,1,0,1,0,1,XNYS
ELVA.OQ,1,1,0,1,0,1,XNCM
ELVN.OQ,1,1,0,1,0,1,XNGS
ELWT.OQ,1,1,0,1,0,1,XNCM
EM.OQ,1,1,0,1,0,1,XNCM
EMA.N,1,1,0,1,0,1,XNYS
EMAT.OQ,1,1,0,1,0,1,XNMS
EMB.OQ,1,1,0,1,0,1,XNMS
EMBC.OQ,1,1,0,1,0,1,XNGS
EMCB.OQ,1,1,0,1,0,1,XNMS
EMD.N,1,1,0,1,0,1,XNYS
EME.N,1,1,0,1,0,1,XNYS
EMEQ.OQ,1,1,0,1,0,1,XNMS
EMF.N,1,1,0,1,0,1,XNYS
EMIF.OQ,1,1,0,1,0,1,XNMS
EMIS.OQ,1,1,0,1,0,1,XNMS
EML.OQ,1,1,0,1,0,1,XNMS
EMN.N,1,1,0,1,0,1,XNYS
EMO.N,1,1,0,1,0,1,XNYS
EMPD.OQ,1,1,0,1,0,1,XNGS
EMPG.OQ,1,1,0,1,0,1,XNCM
EMR.N,1,1,0,1,0,1,XNYS
EMXC.OQ,1,1,0,1,0,1,XNMS
ENB.N,1,1,0,1,0,1,XNYS
ENGN.OQ,1,1,0,1,0,1,XNCM
ENGS.OQ,1,1,0,1,0,1,XNCM
ENLT.OQ,1,1,0,1,0,1,XNGS
ENLV.OQ,1,1,0,1,0,1,XNCM
ENOV.N,1,1,0,1,0,1,XNYS
ENPH.OQ,1,1,0,1,0,1,XNMS
ENR.N,1,1,0,1,0,1,XNYS
ENS.N,1,1,0,1,0,1,XNYS
ENSC.OQ,1,1,0,1,0,1,XNCM
ENSG.OQ,1,1,0,1,0,1,XNGS
ENTA.OQ,1,1,0,1,0,1,XNGS
ENTG.OQ,1,1,0,1,0,1,XNGS
ENTX.OQ,1,1,0,1,0,1,XNCM
ENVA.N,1,1,0,1,0,1,XNYS
ENVB.OQ,1,1,0,1,0,1,XNCM
ENVX.OQ,1,1,0,1,0,1,XNGS
ENZL.OQ,1,1,0,1,0,1,XNMS
EOD.N,1,1,0,1,0,1,XNYS
EOG.N,1,1,0,1,0,1,XNYS
EOI.N,1,1,0,1,0,1,XNYS
EOLS.OQ,1,1,0,1,0,1,XNMS
EONR.A,1,1,0,1,0,1,XASE
EOS.N,1,1,0,1,0,1,XNYS
EOSE.OQ,1,1,0,1,0,1,XNCM
EOT.N,1,1,0,1,0,1,XNYS
EP.A,1,1,0,1,0,1,XASE
EPAC.N,1,1,0,1,0,1,XNYS
EPAM.N,1,1,0,1,0,1,XNYS
EPC.N,1,1,0,1,0,1,XNYS
EPD.N,1,1,0,1,0,1,XNYS
EPM.A,1,1,0,1,0,1,XASE
EPOW.OQ,1,1,0,1,0,1,XNCM
EPR.N,1,1,0,1,0,1,XNYS
EPRT.N,1,1,0,1,0,1,XNYS
EPRX.OQ,1,1,0,1,0,1,XNCM
EPSM.OQ,1,1,0,1,0,1,XNCM
EPSN.OQ,1,1,0,1,0,1,XNMS
EP_PC.N,1,1,0,1,0,1,
EQ.OQ,1,1,0,1,0,1,XNCM
EQBK.N,1,1,0,1,0,1,XNYS
EQH.N,1,1,0,1,0,1,XNYS
EQIX.OQ,1,1,0,1,0,1,XNGS
EQPT.OQ,1,1,0,1,0,1,XNGS
EQR.N,1,1,0,1,0,1,XNYS
EQRR.OQ,1,1,0,1,0,1,XNMS
EQS.N,1,1,0,1,0,1,XNYS
EQT.N,1,1,0,1,0,1,XNYS
EQX.A,1,1,0,1,0,1,XASE
ERAS.OQ,1,1,0,1,0,1,XNGS
ERC.A,1,1,0,1,0,1,XASE
ERH.A,1,1,0,1,0,1,XASE
ERIE.OQ,1,1,0,1,0,1,XNGS
ERII.OQ,1,1,0,1,0,1,XNGS
ERNA.OQ,1,1,0,1,0,1,XNCM
ERO.N,1,1,0,1,0,1,XNYS
ES.N,1,1,0,1,0,1,XNYS
ESAB.N,1,1,0,1,0,1,XNYS
ESCA.OQ,1,1,0,1,0,1,XNMS
ESE.N,1,1,0,1,0,1,XNYS
ESEA.OQ,1,1,0,1,0,1,XNCM
ESGD.OQ,1,1,0,1,0,1,XNMS
ESGE.OQ,1,1,0,1,0,1,XNMS
ESGU.OQ,1,1,0,1,0,1,XNMS
ESHA.OQ,1,1,0,1,0,1,XNCM
ESI.N,1,1,0,1,0,1,XNYS
ESLA.OQ,1,1,0,1,0,1,XNCM
ESLT.OQ,1,1,0,1,0,1,XNGS
ESMV.OQ,1,1,0,1,0,1,XNMS
ESNT.N,1,1,0,1,0,1,XNYS
ESOA.OQ,1,1,0,1,0,1,XNCM
ESP.A,1,1,0,1,0,1,XASE
ESPO.OQ,1,1,0,1,0,1,XNMS
ESPR.OQ,1,1,0,1,0,1,XNMS
ESQ.OQ,1,1,0,1,0,1,XNCM
ESRT.N,1,1,0,1,0,1,XNYS
ESS.N,1,1,0,1,0,1,XNYS
ESTA.OQ,1,1,0,1,0,1,XNCM
ESTC.N,1,1,0,1,0,1,XNYS
ET.N,1,1,0,1,0,1,XNYS
ETB.N,1,1,0,1,0,1,XNYS
ETD.N,1,1,0,1,0,1,XNYS
ETEC.OQ,1,1,0,1,0,1,XNMS
ETG.N,1,1,0,1,0,1,XNYS
ETHA.OQ,1,1,0,1,0,1,XNMS
ETHB.OQ,1,1,0,1,0,1,XNMS
ETHM.OQ,1,1,0,1,0,1,XNMS
ETJ.N,1,1,0,1,0,1,XNYS
ETN.N,1,1,0,1,0,1,XNYS
ETO.N,1,1,0,1,0,1,XNYS
ETON.OQ,1,1,0,1,0,1,XNMS
ETOR.N,1,1,0,1,1,0,
ETOR.OQ,1,1,0,1,0,1,XNGS
ETR.N,1,1,0,1,0,1,XNYS
ETRL.OQ,1,1,0,1,0,1,XNMS
ETS.OQ,1,1,0,1,0,1,XNCM
ETSY.N,1,1,0,1,1,1,XNYS
ETV.N,1,1,0,1,0,1,XNYS
ETW.N,1,1,0,1,0,1,XNYS
ETX.N,1,1,0,1,0,1,XNYS
ETY.N,1,1,0,1,0,1,XNYS
EU.OQ,1,1,0,1,0,1,XNCM
EUDA.OQ,1,1,0,1,0,1,XNCM
EUFN.OQ,1,1,0,1,0,1,XNMS
EURK.OQ,1,1,0,1,0,1,XNCM
EVAC_U.N,1,1,0,1,0,1,
EVAX.OQ,1,1,0,1,0,1,XNCM
EVC.N,1,1,0,1,0,1,XNYS
EVCM.OQ,1,1,0,1,0,1,XNGS
EVER.OQ,1,1,0,1,0,1,XNMS
EVEX.N,1,1,0,1,0,1,XNYS
EVF.N,1,1,0,1,0,1,XNYS
EVG.N,1,1,0,1,0,1,XNYS
EVGN.OQ,1,1,0,1,0,1,XNCM
EVGO.OQ,1,1,0,1,0,1,XNGS
EVH.N,1,1,0,1,0,1,XNYS
EVI.A,1,1,0,1,0,1,XASE
EVLV.OQ,1,1,0,1,0,1,XNCM
EVMN.N,1,1,0,1,0,1,XNYS
EVN.N,1,1,0,1,0,1,XNYS
EVOX.OQ,1,1,0,1,0,1,XNMS
EVPF.OQ,1,1,0,1,0,1,XNMS
EVR,1,1,0,1,1,0,
EVR.N,1,1,0,1,0,1,XNYS
EVRG.OQ,1,1,0,1,0,1,XNGS
EVT.N,1,1,0,1,0,1,XNYS
EVTC.N,1,1,0,1,0,1,XNYS
EVTL.N,1,1,0,1,0,1,XNYS
EVTV.OQ,1,1,0,1,0,1,XNCM
EVV.A,1,1,0,1,0,1,XASE
EVYM.OQ,1,1,0,1,0,1,XNMS
EW.N,1,1,0,1,0,1,XNYS
EWBC.N,1,1,0,1,1,0,
EWBC.OQ,1,1,0,1,0,1,XNGS
EWCZ.N,1,1,0,1,1,0,
EWCZ.OQ,1,1,0,1,0,1,XNGS
EWTX.OQ,1,1,0,1,0,1,XNGS
EWZS.OQ,1,1,0,1,0,1,XNMS
EXC.OQ,1,1,0,1,0,1,XNGS
EXE.OQ,1,1,0,1,0,1,XNGS
EXEL.OQ,1,1,0,1,0,1,XNGS
EXFY.OQ,1,1,0,1,0,1,XNGS
EXG.N,1,1,0,1,0,1,XNYS
EXK.N,1,1,0,1,0,1,XNYS
EXLS.OQ,1,1,0,1,0,1,XNGS
EXOD.A,1,1,0,1,0,1,XASE
EXOZ.OQ,1,1,0,1,0,1,XNCM
EXP.N,1,1,0,1,0,1,XNYS
EXPD.N,1,1,0,1,0,1,XNYS
EXPE.N,1,1,0,1,1,0,
EXPE.OQ,1,1,0,1,0,1,XNGS
EXPI.OQ,1,1,0,1,0,1,XNMS
EXPO.OQ,1,1,0,1,0,1,XNGS
EXR.N,1,1,0,1,0,1,XNYS
EXTR.OQ,1,1,0,1,0,1,XNGS
EXUS.OQ,1,1,0,1,0,1,XNMS
EYE.OQ,1,1,0,1,0,1,XNGS
EYPT.OQ,1,1,0,1,0,1,XNMS
EZGO.OQ,1,1,0,1,0,1,XNCM
EZMO.OQ,1,1,0,1,0,1,XNMS
EZPW.OQ,1,1,0,1,0,1,XNGS
EZRA.OQ,1,1,0,1,0,1,XNCM
EZRO.OQ,1,1,0,1,0,1,XNMS
F,1,1,0,1,1,0,
F.N,1,1,0,1,0,1,XNYS
FA.OQ,1,1,0,1,0,1,XNGS
FAAA.OQ,1,1,0,1,0,1,XNMS
FAAR.OQ,1,1,0,1,0,1,XNMS
FAB.OQ,1,1,0,1,0,1,XNMS
FACT.OQ,1,1,0,1,0,1,XNMS
FAD.OQ,1,1,0,1,0,1,XNMS
FAF.N,1,1,0,1,0,1,XNYS
FALN.OQ,1,1,0,1,0,1,XNMS
FAMI.OQ,1,1,0,1,0,1,XNCM
FANG.OQ,1,1,0,1,0,1,XNGS
FARM.OQ,1,1,0,1,0,1,XNGS
FAST.N,1,1,0,1,1,0,
FAST.OQ,1,1,0,1,0,1,XNGS
FATE.OQ,1,1,0,1,0,1,XNMS
FATN.OQ,1,1,0,1,0,1,XNCM
FAX.A,1,1,0,1,0,1,XASE
FBGL.OQ,1,1,0,1,0,1,XNCM
FBIN.N,1,1,0,1,0,1,XNYS
FBIO.OQ,1,1,0,1,0,1,XNCM
FBIZ.OQ,1,1,0,1,0,1,XNGS
FBK.N,1,1,0,1,0,1,XNYS
FBL.OQ,1,1,0,1,0,1,XNMS
FBLA.OQ,1,1,0,1,0,1,XNCM
FBLG.OQ,1,1,0,1,0,1,XNCM
FBNC.OQ,1,1,0,1,0,1,XNGS
FBP.N,1,1,0,1,0,1,XNYS
FBRT.N,1,1,0,1,0,1,XNYS
FBRX.OQ,1,1,0,1,0,1,XNCM
FBYD.OQ,1,1,0,1,0,1,XNMS
FBYY.OQ,1,1,0,1,0,1,XNMS
FC.N,1,1,0,1,0,1,XNYS
FCA.OQ,1,1,0,1,0,1,XNMS
FCAL.OQ,1,1,0,1,0,1,XNMS
FCAP.OQ,1,1,0,1,0,1,XNCM
FCBC.OQ,1,1,0,1,0,1,XNGS
FCCO.OQ,1,1,0,1,0,1,XNCM
FCEF.OQ,1,1,0,1,0,1,XNMS
FCEL.OQ,1,1,0,1,0,1,XNMS
FCF.N,1,1,0,1,0,1,XNYS
FCFS.OQ,1,1,0,1,0,1,XNGS
FCHL.OQ,1,1,0,1,0,1,XNCM
FCLO.OQ,1,1,0,1,0,1,XNMS
FCN,1,1,0,1,1,0,
FCN.N,1,1,0,1,0,1,XNYS
FCNCA.OQ,1,1,0,1,0,1,XNGS
FCO.A,1,1,0,1,0,1,XASE
FCPT.N,1,1,0,1,0,1,XNYS
FCRS.N,1,1,0,1,0,1,XNYS
FCT.N,1,1,0,1,0,1,XNYS
FCUV.OQ,1,1,0,1,0,1,XNCM
FCVT.OQ,1,1,0,1,0,1,XNMS
FCX.N,1,1,0,1,0,1,XNYS
FCXG.OQ,1,1,0,1,0,1,XNMS
FDBC.OQ,1,1,0,1,0,1,XNMS
FDIG.OQ,1,1,0,1,0,1,XNMS
FDIQ.OQ,1,1,0,1,0,1,XNMS
FDMT.OQ,1,1,0,1,0,1,XNGS
FDNI.OQ,1,1,0,1,0,1,XNMS
FDP.N,1,1,0,1,0,1,XNYS
FDS,1,1,0,1,1,0,
FDS.N,1,1,0,1,0,1,XNYS
FDSB.OQ,1,1,0,1,0,1,XNCM
FDT.OQ,1,1,0,1,0,1,XNMS
FDTS.OQ,1,1,0,1,0,1,XNMS
FDUS.OQ,1,1,0,1,0,1,XNGS
FDX,1,1,0,1,1,0,
FDX.N,1,1,0,1,0,1,XNYS
FE.N,1,1,0,1,0,1,XNYS
FEAM.OQ,1,1,0,1,0,1,XNGS
FEBO.OQ,1,1,0,1,0,1,XNCM
FEDU.N,1,1,0,1,0,1,XNYS
FEED.OQ,1,1,0,1,0,1,XNCM
FEIM.OQ,1,1,0,1,0,1,XNMS
FELE.OQ,1,1,0,1,0,1,XNGS
FEM.OQ,1,1,0,1,0,1,XNMS
FEMB.OQ,1,1,0,1,0,1,XNMS
FEMS.OQ,1,1,0,1,0,1,XNMS
FEMY.N,1,1,0,1,1,0,
FEMY.OQ,1,1,0,1,0,1,XNCM
FENC.OQ,1,1,0,1,0,1,XNCM
FENG.N,1,1,0,1,0,1,XNYS
FEP.OQ,1,1,0,1,0,1,XNMS
FER.OQ,1,1,0,1,0,1,XNGS
FERA.OQ,1,1,0,1,0,1,XNMS
FERG.N,1,1,0,1,0,1,XNYS
FET.N,1,1,0,1,0,1,XNYS
FEUZ.OQ,1,1,0,1,0,1,XNMS
FEX.OQ,1,1,0,1,0,1,XNMS
FF.N,1,1,0,1,0,1,XNYS
FFA.N,1,1,0,1,0,1,XNYS
FFAI.OQ,1,1,0,1,0,1,XNCM
FFBC.OQ,1,1,0,1,0,1,XNGS
FFC.N,1,1,0,1,0,1,XNYS
FFIC.OQ,1,1,0,1,0,1,XNGS
FFIN.OQ,1,1,0,1,0,1,XNGS
FFIV.OQ,1,1,0,1,0,1,XNGS
FFUT.OQ,1,1,0,1,0,1,XNMS
FFWM.N,1,1,0,1,0,1,XNYS
FG.N,1,1,0,1,0,1,XNYS
FGBI.OQ,1,1,0,1,0,1,XNMS
FGI.OQ,1,1,0,1,0,1,XNCM
FGL.OQ,1,1,0,1,0,1,XNCM
FGM.OQ,1,1,0,1,0,1,XNMS
FGMC.OQ,1,1,0,1,0,1,XNMS
FGNX.OQ,1,1,0,1,0,1,XNMS
FGSI.OQ,1,1,0,1,0,1,XNMS
FHB.OQ,1,1,0,1,0,1,XNGS
FHI.N,1,1,0,1,0,1,XNYS
FHN.N,1,1,0,1,0,1,XNYS
FHTX.OQ,1,1,0,1,0,1,XNMS
FIBK.OQ,1,1,0,1,0,1,XNGS
FICO.N,1,1,0,1,0,1,XNYS
FICS.OQ,1,1,0,1,0,1,XNMS
FID.OQ,1,1,0,1,0,1,XNMS
FIEE.OQ,1,1,0,1,0,1,XNCM
FIG,1,1,0,1,1,0,
FIG.N,1,1,0,1,0,1,XNYS
FIGR.OQ,1,1,0,1,0,1,XNGS
FIGS.N,1,1,0,1,0,1,XNYS
FIGX.OQ,1,1,0,1,0,1,XNMS
FIHL.N,1,1,0,1,0,1,XNYS
FINS.N,1,1,0,1,0,1,XNYS
FINV.N,1,1,0,1,0,1,XNYS
FINW.OQ,1,1,0,1,0,1,XNMS
FINX.OQ,1,1,0,1,0,1,XNMS
FIP.OQ,1,1,0,1,0,1,XNGS
FIS,1,1,0,1,1,0,
FIS.N,1,1,0,1,0,1,XNYS
FISI.OQ,1,1,0,1,0,1,XNGS
FISV.OQ,1,1,0,1,0,1,XNGS
FITB.OQ,1,1,0,1,0,1,XNGS
FIVE.N,1,1,0,1,1,0,
FIVE.OQ,1,1,0,1,0,1,XNGS
FIVN.OQ,1,1,0,1,0,1,XNMS
FIX.N,1,1,0,1,0,1,XNYS
FIXD.OQ,1,1,0,1,0,1,XNMS
FIXT.N,1,1,0,1,0,1,XNYS
FIZZ.OQ,1,1,0,1,0,1,XNGS
FJET.A,1,1,0,1,0,1,XASE
FJP.OQ,1,1,0,1,0,1,XNMS
FKU.OQ,1,1,0,1,0,1,XNMS
FKWL.OQ,1,1,0,1,0,1,XNCM
FLC.N,1,1,0,1,0,1,XNYS
FLD.OQ,1,1,0,1,0,1,XNCM
FLDB.OQ,1,1,0,1,0,1,XNMS
FLEX.OQ,1,1,0,1,0,1,XNGS
FLG.N,1,1,0,1,0,1,XNYS
FLGT.OQ,1,1,0,1,0,1,XNMS
FLG_PU.N,1,1,0,1,0,1,
FLL.OQ,1,1,0,1,0,1,XNCM
FLN.OQ,1,1,0,1,0,1,XNMS
FLNC.OQ,1,1,0,1,0,1,XNGS
FLNG.N,1,1,0,1,0,1,XNYS
FLNT.OQ,1,1,0,1,0,1,XNCM
FLO.N,1,1,0,1,0,1,XNYS
FLOC.N,1,1,0,1,0,1,XNYS
FLR.N,1,1,0,1,0,1,XNYS
FLS.N,1,1,0,1,0,1,XNYS
FLUT.N,1,1,0,1,1,1,XNYS
FLUX.OQ,1,1,0,1,0,1,XNCM
FLWS.OQ,1,1,0,1,0,1,XNGS
FLX.OQ,1,1,0,1,0,1,XNGS
FLXS.OQ,1,1,0,1,0,1,XNGS
FLY.OQ,1,1,0,1,0,1,XNMS
FLYE.OQ,1,1,0,1,0,1,XNCM
FLYW.OQ,1,1,0,1,0,1,XNGS
FLYX.A,1,1,0,1,0,1,XASE
FMAO.OQ,1,1,0,1,0,1,XNCM
FMB.OQ,1,1,0,1,0,1,XNMS
FMBH.OQ,1,1,0,1,0,1,XNMS
FMC.N,1,1,0,1,0,1,XNYS
FMET.OQ,1,1,0,1,0,1,XNMS
FMFC.OQ,1,1,0,1,0,1,XNCM
FMHI.OQ,1,1,0,1,0,1,XNMS
FMN.N,1,1,0,1,0,1,XNYS
FMNB.OQ,1,1,0,1,0,1,XNCM
FMST.OQ,1,1,0,1,0,1,XNCM
FMTM.OQ,1,1,0,1,0,1,XNMS
FMY.N,1,1,0,1,0,1,XNYS
FN.N,1,1,0,1,0,1,XNYS
FNB.N,1,1,0,1,0,1,XNYS
FND.N,1,1,0,1,0,1,XNYS
FNF,1,1,0,1,1,0,
FNF.N,1,1,0,1,0,1,XNYS
FNGR.OQ,1,1,0,1,0,1,XNCM
FNK.OQ,1,1,0,1,0,1,XNMS
FNKO.OQ,1,1,0,1,0,1,XNGS
FNLC.OQ,1,1,0,1,0,1,XNGS
FNUC.OQ,1,1,0,1,0,1,XNCM
FNV.N,1,1,0,1,0,1,XNYS
FNWB.OQ,1,1,0,1,0,1,XNMS
FNWD.OQ,1,1,0,1,0,1,XNCM
FNX.OQ,1,1,0,1,0,1,XNMS
FNY.OQ,1,1,0,1,0,1,XNMS
FOA.N,1,1,0,1,0,1,XNYS
FOF.N,1,1,0,1,0,1,XNYS
FOFO.OQ,1,1,0,1,0,1,XNCM
FOLD.OQ,1,1,0,1,0,1,XNMS
FONR.OQ,1,1,0,1,0,1,XNCM
FOR.N,1,1,0,1,0,1,XNYS
FORA.OQ,1,1,0,1,0,1,XNCM
FORM.OQ,1,1,0,1,0,1,XNGS
FORR.OQ,1,1,0,1,0,1,XNGS
FOSL.OQ,1,1,0,1,0,1,XNGS
FOUR.N,1,1,0,1,0,1,XNYS
FOXA.N,1,1,0,1,1,0,
FOXA.OQ,1,1,0,1,0,1,XNGS
FOXF.OQ,1,1,0,1,0,1,XNGS
FOXX.OQ,1,1,0,1,0,1,XNCM
FPA.OQ,1,1,0,1,0,1,XNMS
FPF.N,1,1,0,1,0,1,XNYS
FPH.N,1,1,0,1,0,1,XNYS
FPI.N,1,1,0,1,0,1,XNYS
FPS.N,1,1,0,1,0,1,XNYS
FPXI.OQ,1,1,0,1,0,1,XNMS
FR.N,1,1,0,1,0,1,XNYS
FRA.N,1,1,0,1,0,1,XNYS
FRAF.OQ,1,1,0,1,0,1,XNCM
FRBA.OQ,1,1,0,1,0,1,XNMS
FRD.OQ,1,1,0,1,0,1,XNGS
FRDD.OQ,1,1,0,1,0,1,XNMS
FRDU.OQ,1,1,0,1,0,1,XNMS
FRGE.N,1,1,0,1,1,0,
FRGT.OQ,1,1,0,1,0,1,XNCM
FRHC.OQ,1,1,0,1,0,1,XNCM
FRME.OQ,1,1,0,1,0,1,XNGS
FRMI.OQ,1,1,0,1,0,1,XNGS
FRMM.OQ,1,1,0,1,0,1,XNCM
FRO,1,1,0,1,1,0,
FRO.N,1,1,0,1,0,1,XNYS
FROG.OQ,1,1,0,1,0,1,XNGS
FRPH.OQ,1,1,0,1,0,1,XNGS
FRPT.OQ,1,1,0,1,0,1,XNMS
FRSH.OQ,1,1,0,1,0,1,XNGS
FRST.OQ,1,1,0,1,0,1,XNMS
FRT.N,1,1,0,1,0,1,XNYS
FRWD.OQ,1,1,0,1,0,1,XNMS
FSBC.OQ,1,1,0,1,0,1,XNGS
FSBW.OQ,1,1,0,1,0,1,XNCM
FSCO.N,1,1,0,1,0,1,XNYS
FSCS.OQ,1,1,0,1,0,1,XNMS
FSEA.OQ,1,1,0,1,0,1,XNCM
FSGS.OQ,1,1,0,1,0,1,XNMS
FSHP.OQ,1,1,0,1,0,1,XNMS
FSI.A,1,1,0,1,0,1,XASE
FSK,1,1,0,1,1,0,
FSK.N,1,1,0,1,0,1,XNYS
FSLR.OQ,1,1,0,1,0,1,XNGS
FSLY.OQ,1,1,0,1,0,1,XNGS
FSM.N,1,1,0,1,0,1,XNYS
FSP.A,1,1,0,1,0,1,XASE
FSS.N,1,1,0,1,0,1,XNYS
FSSL.N,1,1,0,1,0,1,XNYS
FSTR.OQ,1,1,0,1,0,1,XNGS
FSUN.OQ,1,1,0,1,0,1,XNGS
FSV.OQ,1,1,0,1,0,1,XNGS
FSZ.OQ,1,1,0,1,0,1,XNMS
FT.N,1,1,0,1,0,1,XNYS
FTA.OQ,1,1,0,1,0,1,XNMS
FTAG.OQ,1,1,0,1,0,1,XNMS
FTAI.OQ,1,1,0,1,0,1,XNGS
FTC.OQ,1,1,0,1,0,1,XNMS
FTCI.OQ,1,1,0,1,0,1,XNCM
FTCS.OQ,1,1,0,1,0,1,XNMS
FTDR.N,1,1,0,1,1,0,
FTDR.OQ,1,1,0,1,0,1,XNGS
FTDS.OQ,1,1,0,1,0,1,XNMS
FTEK.OQ,1,1,0,1,0,1,XNCM
FTF.A,1,1,0,1,0,1,XASE
FTFT.OQ,1,1,0,1,0,1,XNCM
FTGC.OQ,1,1,0,1,0,1,XNMS
FTGS.OQ,1,1,0,1,0,1,XNMS
FTHI.OQ,1,1,0,1,0,1,XNMS
FTHM.OQ,1,1,0,1,0,1,XNCM
FTHY.N,1,1,0,1,0,1,XNYS
FTI.N,1,1,0,1,0,1,XNYS
FTK.N,1,1,0,1,0,1,XNYS
FTLF.OQ,1,1,0,1,0,1,XNCM
FTNT.OQ,1,1,0,1,0,1,XNGS
FTQI.OQ,1,1,0,1,0,1,XNMS
FTRE.OQ,1,1,0,1,0,1,XNGS
FTRI.OQ,1,1,0,1,0,1,XNMS
FTRK.OQ,1,1,0,1,0,1,XNCM
FTS.N,1,1,0,1,0,1,XNYS
FTSL.OQ,1,1,0,1,0,1,XNMS
FTSM.OQ,1,1,0,1,0,1,XNMS
FTV.N,1,1,0,1,0,1,XNYS
FTW.N,1,1,0,1,0,1,XNYS
FTXG.OQ,1,1,0,1,0,1,XNMS
FTXH.OQ,1,1,0,1,0,1,XNMS
FTXL.OQ,1,1,0,1,0,1,XNMS
FTXN.OQ,1,1,0,1,0,1,XNMS
FTXO.OQ,1,1,0,1,0,1,XNMS
FTXR.OQ,1,1,0,1,0,1,XNMS
FUBO.N,1,1,0,1,0,1,XNYS
FUFU.OQ,1,1,0,1,0,1,XNCM
FUL.N,1,1,0,1,0,1,XNYS
FULC.OQ,1,1,0,1,0,1,XNMS
FULT.OQ,1,1,0,1,0,1,XNGS
FUN.N,1,1,0,1,0,1,XNYS
FUNC.OQ,1,1,0,1,0,1,XNGS
FUND.OQ,1,1,0,1,0,1,XNGS
FURY.A,1,1,0,1,0,1,XASE
FUSB.OQ,1,1,0,1,0,1,XNCM
FUSE.OQ,1,1,0,1,0,1,XNMS
FUTU.OQ,1,1,0,1,0,1,XNMS
FV.OQ,1,1,0,1,0,1,XNMS
FVAV.OQ,1,1,0,1,0,1,XNMS
FVC.OQ,1,1,0,1,0,1,XNMS
FVCB.OQ,1,1,0,1,0,1,XNCM
FVN.OQ,1,1,0,1,0,1,XNCM
FVR.N,1,1,0,1,0,1,XNYS
FVRR.N,1,1,0,1,0,1,XNYS
FWDI.OQ,1,1,0,1,0,1,XNCM
FWONA.OQ,1,1,0,1,0,1,XNGS
FWRD.OQ,1,1,0,1,0,1,XNGS
FWRG.OQ,1,1,0,1,0,1,XNGS
FXNC.OQ,1,1,0,1,0,1,XNCM
FYC.OQ,1,1,0,1,0,1,XNMS
FYT.OQ,1,1,0,1,0,1,XNMS
FYX.OQ,1,1,0,1,0,1,XNMS
G.N,1,1,0,1,0,1,XNYS
GAB.N,1,1,0,1,0,1,XNYS
GABC.OQ,1,1,0,1,0,1,XNGS
GAIA.OQ,1,1,0,1,0,1,XNMS
GAIN.OQ,1,1,0,1,0,1,XNGS
GALT.OQ,1,1,0,1,0,1,XNCM
GAM.N,1,1,0,1,0,1,XNYS
GAMB.N,1,1,0,1,1,0,
GAMB.OQ,1,1,0,1,0,1,XNMS
GAME.OQ,1,1,0,1,0,1,XNCM
GANX.OQ,1,1,0,1,0,1,XNMS
GAP,1,1,0,1,1,0,
GAP.N,1,1,0,1,0,1,XNYS
GARY.OQ,1,1,0,1,0,1,XNMS
GASS.OQ,1,1,0,1,0,1,XNGS
GATX.N,1,1,0,1,0,1,XNYS
GAU.A,1,1,0,1,0,1,XASE
GAUZ.OQ,1,1,0,1,0,1,XNMS
GAVA.OQ,1,1,0,1,0,1,XNMS
GBAB.N,1,1,0,1,0,1,XNYS
GBCI.N,1,1,0,1,1,1,XNYS
GBDC.OQ,1,1,0,1,0,1,XNGS
GBFH.OQ,1,1,0,1,0,1,XNCM
GBLI.OQ,1,1,0,1,0,1,XNGS
GBR.A,1,1,0,1,0,1,XASE
GBTG.N,1,1,0,1,0,1,XNYS
GBUG.OQ,1,1,0,1,0,1,XNMS
GBX.N,1,1,0,1,0,1,XNYS
GCBC.OQ,1,1,0,1,0,1,XNCM
GCDT.A,1,1,0,1,0,1,XASE
GCL.OQ,1,1,0,1,0,1,XNGS
GCMG.OQ,1,1,0,1,0,1,XNMS
GCO.N,1,1,0,1,0,1,XNYS
GCT.OQ,1,1,0,1,0,1,XNMS
GCTK.OQ,1,1,0,1,0,1,XNCM
GCTS.N,1,1,0,1,0,1,XNYS
GCV.N,1,1,0,1,0,1,XNYS
GD,1,1,0,1,1,0,
GD.N,1,1,0,1,0,1,XNYS
GDC.OQ,1,1,0,1,0,1,XNCM
GDDY.N,1,1,0,1,0,1,XNYS
GDEN.OQ,1,1,0,1,0,1,XNMS
GDEV.OQ,1,1,0,1,0,1,XNMS
GDHG.OQ,1,1,0,1,0,1,XNCM
GDL.N,1,1,0,1,0,1,XNYS
GDO.N,1,1,0,1,0,1,XNYS
GDOT.N,1,1,0,1,0,1,XNYS
GDRX.OQ,1,1,0,1,0,1,XNGS
GDTC.OQ,1,1,0,1,0,1,XNCM
GDV.N,1,1,0,1,0,1,XNYS
GDYN.OQ,1,1,0,1,0,1,XNCM
GE.N,1,1,0,1,0,1,XNYS
GECC.OQ,1,1,0,1,0,1,XNMS
GEF.N,1,1,0,1,0,1,XNYS
GEG.OQ,1,1,0,1,0,1,XNGS
GEHC.OQ,1,1,0,1,0,1,XNGS
GEL.N,1,1,0,1,0,1,XNYS
GELS.OQ,1,1,0,1,0,1,XNCM
GEME.OQ,1,1,0,1,0,1,XNMS
GEMI.OQ,1,1,0,1,0,1,XNGS
GEN.OQ,1,1,0,1,0,1,XNGS
GENB.OQ,1,1,0,1,0,1,XNGS
GENC.A,1,1,0,1,0,1,XASE
GENI.N,1,1,0,1,0,1,XNYS
GENK.OQ,1,1,0,1,0,1,XNMS
GEO.N,1,1,0,1,0,1,XNYS
GEOS.OQ,1,1,0,1,0,1,XNGS
GERN.OQ,1,1,0,1,0,1,XNGS
GETY.N,1,1,0,1,1,1,XNYS
GEV.N,1,1,0,1,0,1,XNYS
GEVG.OQ,1,1,0,1,0,1,XNMS
GEVO.OQ,1,1,0,1,0,1,XNCM
GF.N,1,1,0,1,0,1,XNYS
GFAI.OQ,1,1,0,1,0,1,XNCM
GFF.N,1,1,0,1,0,1,XNYS
GFGF.OQ,1,1,0,1,0,1,XNMS
GFL.N,1,1,0,1,0,1,XNYS
GFR.N,1,1,0,1,0,1,XNYS
GFS.OQ,1,1,0,1,0,1,XNGS
GGG.N,1,1,0,1,0,1,XNYS
GGLL.OQ,1,1,0,1,0,1,XNMS
GGLS.OQ,1,1,0,1,0,1,XNMS
GGN.A,1,1,0,1,0,1,XASE
GGR.OQ,1,1,0,1,0,1,XNCM
GGRP.OQ,1,1,0,1,0,1,XNCM
GGT.N,1,1,0,1,0,1,XNYS
GGZ.N,1,1,0,1,0,1,XNYS
GH.OQ,1,1,0,1,0,1,XNGS
GHC.N,1,1,0,1,0,1,XNYS
GHG.N,1,1,0,1,0,1,XNYS
GHI.N,1,1,0,1,0,1,XNYS
GHM.N,1,1,0,1,0,1,XNYS
GHRS.OQ,1,1,0,1,0,1,XNMS
GHY.N,1,1,0,1,0,1,XNYS
GIB.N,1,1,0,1,0,1,XNYS
GIBO.OQ,1,1,0,1,0,1,XNCM
GIC.N,1,1,0,1,0,1,XNYS
GIFT.OQ,1,1,0,1,0,1,XNCM
GIG.OQ,1,1,0,1,0,1,XNMS
GIGM.OQ,1,1,0,1,0,1,XNCM
GIII.OQ,1,1,0,1,0,1,XNGS
GIL.N,1,1,0,1,0,1,XNYS
GILD.OQ,1,1,0,1,0,1,XNGS
GILT.OQ,1,1,0,1,0,1,XNGS
GINX.OQ,1,1,0,1,0,1,XNMS
GIPR.OQ,1,1,0,1,0,1,XNCM
GIS,1,1,0,1,1,0,
GIS.N,1,1,0,1,0,1,XNYS
GITS.OQ,1,1,0,1,0,1,XNCM
GIW.OQ,1,1,0,1,0,1,XNMS
GIX.OQ,1,1,0,1,0,1,XNMS
GKAT.OQ,1,1,0,1,0,1,XNMS
GKOS.N,1,1,0,1,0,1,XNYS
GL.N,1,1,0,1,0,1,XNYS
GLAD.OQ,1,1,0,1,0,1,XNGS
GLBE.OQ,1,1,0,1,0,1,XNGS
GLBS.OQ,1,1,0,1,0,1,XNCM
GLCR.OQ,1,1,0,1,0,1,XNMS
GLDB.OQ,1,1,0,1,0,1,XNMS
GLDD.OQ,1,1,0,1,0,1,XNGS
GLDG.A,1,1,0,1,0,1,XASE
GLE.OQ,1,1,0,1,0,1,XNCM
GLED_U.N,1,1,0,1,0,1,
GLIBA.OQ,1,1,0,1,0,1,XNGS
GLMD.OQ,1,1,0,1,0,1,XNCM
GLND.OQ,1,1,0,1,0,1,XNMS
GLNG.OQ,1,1,0,1,0,1,XNGS
GLNK.N,1,1,0,1,0,1,XNYS
GLO.A,1,1,0,1,0,1,XASE
GLOB.N,1,1,0,1,0,1,XNYS
GLOO.OQ,1,1,0,1,0,1,XNGS
GLOP_PA.N,1,1,0,1,0,1,
GLP.N,1,1,0,1,0,1,XNYS
GLPI.OQ,1,1,0,1,0,1,XNGS
GLQ.A,1,1,0,1,0,1,XASE
GLRE.OQ,1,1,0,1,0,1,XNGS
GLSI.OQ,1,1,0,1,0,1,XNCM
GLU.A,1,1,0,1,0,1,XASE
GLUE.OQ,1,1,0,1,0,1,XNGS
GLV.A,1,1,0,1,0,1,XASE
GLW.N,1,1,0,1,0,1,XNYS
GLXG.OQ,1,1,0,1,0,1,XNCM
GLXY.OQ,1,1,0,1,0,1,XNGS
GM,1,1,0,1,1,0,
GM.N,1,1,0,1,0,1,XNYS
GME,1,1,0,1,1,0,
GME.N,1,1,0,1,0,1,XNYS
GMED.N,1,1,0,1,0,1,XNYS
GMHS.OQ,1,1,0,1,0,1,XNCM
GMM.OQ,1,1,0,1,0,1,XNCM
GMMF.N,1,1,0,1,0,1,XNYS
GNE.N,1,1,0,1,0,1,XNYS
GNK.N,1,1,0,1,0,1,XNYS
GNL.N,1,1,0,1,0,1,XNYS
GNLN.OQ,1,1,0,1,0,1,XNCM
GNLX.OQ,1,1,0,1,0,1,XNCM
GNMA.OQ,1,1,0,1,0,1,XNMS
GNOM.OQ,1,1,0,1,0,1,XNMS
GNPX.OQ,1,1,0,1,0,1,XNCM
GNRC.N,1,1,0,1,0,1,XNYS
GNS.A,1,1,0,1,0,1,XASE
GNSS.OQ,1,1,0,1,0,1,XNCM
GNT.N,1,1,0,1,0,1,XNYS
GNTA.OQ,1,1,0,1,0,1,XNCM
GNTX.OQ,1,1,0,1,0,1,XNGS
GNW.N,1,1,0,1,0,1,XNYS
GO.OQ,1,1,0,1,0,1,XNGS
GOAI.OQ,1,1,0,1,0,1,XNCM
GOCO.OQ,1,1,0,1,0,1,XNCM
GOF.N,1,1,0,1,0,1,XNYS
GOGO.OQ,1,1,0,1,0,1,XNGS
GOLD.N,1,1,0,1,0,1,XNYS
GOLF.N,1,1,0,1,0,1,XNYS
GOOD.OQ,1,1,0,1,0,1,XNGS
GOOGL.N,1,1,0,1,1,0,
GOOGL.OQ,1,1,0,1,0,1,XNGS
GOOS.N,1,1,0,1,0,1,XNYS
GORO.A,1,1,0,1,0,1,XASE
GOSS.OQ,1,1,0,1,0,1,XNGS
GOTU.N,1,1,0,1,0,1,XNYS
GOU.OQ,1,1,0,1,0,1,XNMS
GOVI.OQ,1,1,0,1,0,1,XNMS
GOVX.OQ,1,1,0,1,0,1,XNCM
GP.OQ,1,1,0,1,0,1,XNCM
GPAC.OQ,1,1,0,1,0,1,XNMS
GPAT.OQ,1,1,0,1,0,1,XNMS
GPC.N,1,1,0,1,0,1,XNYS
GPCR.OQ,1,1,0,1,0,1,XNMS
GPGI.N,1,1,0,1,0,1,XNYS
GPI.N,1,1,0,1,0,1,XNYS
GPIQ.OQ,1,1,0,1,0,1,XNMS
GPIX.OQ,1,1,0,1,0,1,XNMS
GPK.N,1,1,0,1,0,1,XNYS
GPMT.N,1,1,0,1,0,1,XNYS
GPN.N,1,1,0,1,0,1,XNYS
GPOR.N,1,1,0,1,0,1,XNYS
GPRE.OQ,1,1,0,1,0,1,XNGS
GPRK.N,1,1,0,1,0,1,XNYS
GPRO.N,1,1,0,1,1,0,
GPRO.OQ,1,1,0,1,0,1,XNGS
GPUS.A,1,1,0,1,0,1,XASE
GQQQ.OQ,1,1,0,1,0,1,XNMS
GRAB.N,1,1,0,1,1,0,
GRAB.OQ,1,1,0,1,0,1,XNGS
GRAF.A,1,1,0,1,0,1,XASE
GRAG.OQ,1,1,0,1,0,1,XNMS
GRAL.OQ,1,1,0,1,0,1,XNGS
GRAN.OQ,1,1,0,1,0,1,XNCM
GRBK.N,1,1,0,1,0,1,XNYS
GRC.N,1,1,0,1,0,1,XNYS
GRCE.OQ,1,1,0,1,0,1,XNCM
GRDN.N,1,1,0,1,0,1,XNYS
GRDX.OQ,1,1,0,1,0,1,XNCM
GREE.OQ,1,1,0,1,0,1,XNGS
GRF.A,1,1,0,1,0,1,XASE
GRI.OQ,1,1,0,1,0,1,XNCM
GRID.OQ,1,1,0,1,0,1,XNMS
GRMN.N,1,1,0,1,1,1,XNYS
GRND.N,1,1,0,1,0,1,XNYS
GRNQ.OQ,1,1,0,1,0,1,XNCM
GRNT.N,1,1,0,1,0,1,XNYS
GRO.A,1,1,0,1,0,1,XASE
GROV.N,1,1,0,1,0,1,XNYS
GROW.OQ,1,1,0,1,0,1,XNCM
GROY.A,1,1,0,1,0,1,XASE
GRPN.OQ,1,1,0,1,0,1,XNGS
GRRR.OQ,1,1,0,1,0,1,XNCM
GRVY.OQ,1,1,0,1,0,1,XNMS
GRWG.OQ,1,1,0,1,0,1,XNCM
GRX.N,1,1,0,1,0,1,XNYS
GS,1,1,0,1,1,0,
GS.N,1,1,0,1,0,1,XNYS
GSAT.OQ,1,1,0,1,0,1,XNGS
GSBC.OQ,1,1,0,1,0,1,XNGS
GSBD.N,1,1,0,1,0,1,XNYS
GSHD.OQ,1,1,0,1,0,1,XNGS
GSHR.OQ,1,1,0,1,0,1,XNMS
GSIT.OQ,1,1,0,1,0,1,XNGS
GSIW.OQ,1,1,0,1,0,1,XNCM
GSL.N,1,1,0,1,0,1,XNYS
GSM.OQ,1,1,0,1,0,1,XNCM
GSRF.OQ,1,1,0,1,0,1,XNMS
GSUN.OQ,1,1,0,1,0,1,XNCM
GT.N,1,1,0,1,1,0,
GT.OQ,1,1,0,1,0,1,XNGS
GTBP.OQ,1,1,0,1,0,1,XNCM
GTE.A,1,1,0,1,0,1,XASE
GTEC.OQ,1,1,0,1,0,1,XNCM
GTEN.OQ,1,1,0,1,0,1,XNMS
GTERA.OQ,1,1,0,1,0,1,XNMS
GTES.N,1,1,0,1,0,1,XNYS
GTIM.OQ,1,1,0,1,0,1,XNCM
GTLB.N,1,1,0,1,1,0,
GTLB.OQ,1,1,0,1,0,1,XNGS
GTLS.N,1,1,0,1,0,1,XNYS
GTM.N,1,1,0,1,1,0,
GTM.OQ,1,1,0,1,0,1,XNGS
GTN.N,1,1,0,1,0,1,XNYS
GTOQ.OQ,1,1,0,1,0,1,XNMS
GTR.OQ,1,1,0,1,0,1,XNMS
GTX.OQ,1,1,0,1,0,1,XNGS
GTY.N,1,1,0,1,0,1,XNYS
GUG.N,1,1,0,1,0,1,XNYS
GURE.OQ,1,1,0,1,0,1,XNCM
GUT.N,1,1,0,1,0,1,XNYS
GUTS.OQ,1,1,0,1,0,1,XNMS
GV.OQ,1,1,0,1,0,1,XNCM
GVA.N,1,1,0,1,0,1,XNYS
GVH.OQ,1,1,0,1,0,1,XNCM
GWAV.OQ,1,1,0,1,0,1,XNCM
GWH.N,1,1,0,1,0,1,XNYS
GWRE.N,1,1,0,1,0,1,XNYS
GWRS.OQ,1,1,0,1,0,1,XNMS
GWW.N,1,1,0,1,0,1,XNYS
GXAI.OQ,1,1,0,1,0,1,XNCM
GXDW.OQ,1,1,0,1,0,1,XNMS
GXO.N,1,1,0,1,0,1,XNYS
GYLD.N,1,1,0,1,0,1,XNYS
GYRE.OQ,1,1,0,1,0,1,XNCM
GYRO.OQ,1,1,0,1,0,1,XNCM
H,1,1,0,1,1,0,
H.N,1,1,0,1,0,1,XNYS
HACQU.OQ,1,1,0,1,0,1,XNMS
HAE.N,1,1,0,1,0,1,XNYS
HAFC.OQ,1,1,0,1,0,1,XNGS
HAFN.N,1,1,0,1,0,1,XNYS
HAIN.OQ,1,1,0,1,0,1,XNGS
HAL,1,1,0,1,1,0,
HAL.N,1,1,0,1,0,1,XNYS
HALO.OQ,1,1,0,1,0,1,XNGS
HAO.OQ,1,1,0,1,0,1,XNCM
HAS.N,1,1,0,1,1,0,
HAS.OQ,1,1,0,1,0,1,XNGS
HASI.N,1,1,0,1,0,1,XNYS
HAVA.OQ,1,1,0,1,0,1,XNMS
HAYW.N,1,1,0,1,0,1,XNYS
HBAN.OQ,1,1,0,1,0,1,XNGS
HBB.N,1,1,0,1,0,1,XNYS
HBCP.OQ,1,1,0,1,0,1,XNGS
HBIO.OQ,1,1,0,1,0,1,XNCM
HBM.N,1,1,0,1,0,1,XNYS
HBNB.OQ,1,1,0,1,0,1,XNCM
HBNC.OQ,1,1,0,1,0,1,XNGS
HBT.OQ,1,1,0,1,0,1,XNGS
HCA.N,1,1,0,1,0,1,XNYS
HCAC.OQ,1,1,0,1,0,1,XNMS
HCAI.OQ,1,1,0,1,0,1,XNCM
HCAT.OQ,1,1,0,1,0,1,XNGS
HCC.N,1,1,0,1,0,1,XNYS
HCHL.OQ,1,1,0,1,0,1,XNCM
HCI.N,1,1,0,1,0,1,XNYS
HCKT.OQ,1,1,0,1,0,1,XNGS
HCMA.OQ,1,1,0,1,0,1,XNMS
HCSG.OQ,1,1,0,1,0,1,XNGS
HCTI.OQ,1,1,0,1,0,1,XNCM
HCWB.OQ,1,1,0,1,0,1,XNCM
HCWC.A,1,1,0,1,0,1,XASE
HD,1,1,0,1,1,0,
HD.N,1,1,0,1,0,1,XNYS
HDSN.OQ,1,1,0,1,0,1,XNCM
HE.N,1,1,0,1,0,1,XNYS
HEAL.OQ,1,1,0,1,0,1,XNMS
HECO.OQ,1,1,0,1,0,1,XNMS
HEI.N,1,1,0,1,0,1,XNYS
HELE.N,1,1,0,1,1,0,
HELE.OQ,1,1,0,1,0,1,XNGS
HELP.OQ,1,1,0,1,0,1,XNMS
HEPS.OQ,1,1,0,1,0,1,XNGS
HEQ.N,1,1,0,1,0,1,XNYS
HEQQ.OQ,1,1,0,1,0,1,XNMS
HERE.OQ,1,1,0,1,0,1,XNMS
HERO.OQ,1,1,0,1,0,1,XNMS
HERZ.OQ,1,1,0,1,0,1,XNCM
HESM.N,1,1,0,1,1,1,XNYS
HFBL.OQ,1,1,0,1,0,1,XNCM
HFEQ.N,1,1,0,1,0,1,XNYS
HFFG.OQ,1,1,0,1,0,1,XNCM
HFGM.N,1,1,0,1,0,1,XNYS
HFMF.N,1,1,0,1,0,1,XNYS
HFRO.N,1,1,0,1,0,1,XNYS
HFWA.OQ,1,1,0,1,0,1,XNGS
HG.N,1,1,0,1,0,1,XNYS
HGBL.OQ,1,1,0,1,0,1,XNCM
HGER.N,1,1,0,1,0,1,XNYS
HGLB.N,1,1,0,1,0,1,XNYS
HGTY.N,1,1,0,1,0,1,XNYS
HGV,1,1,0,1,1,0,
HGV.N,1,1,0,1,0,1,XNYS
HHH,1,1,0,1,1,0,
HHH.N,1,1,0,1,0,1,XNYS
HHS.OQ,1,1,0,1,0,1,XNMS
HIFS.OQ,1,1,0,1,0,1,XNMS
HIG.N,1,1,0,1,0,1,XNYS
HIHO.OQ,1,1,0,1,0,1,XNCM
HII.N,1,1,0,1,0,1,XNYS
HIMS.N,1,1,0,1,1,1,XNYS
HIMX.OQ,1,1,0,1,0,1,XNGS
HIND.OQ,1,1,0,1,0,1,XNCM
HIO.N,1,1,0,1,0,1,XNYS
HIPO.N,1,1,0,1,0,1,XNYS
HISF.OQ,1,1,0,1,0,1,XNMS
HIT.OQ,1,1,0,1,0,1,XNCM
HITI.OQ,1,1,0,1,0,1,XNCM
HIVE.OQ,1,1,0,1,0,1,XNCM
HIW.N,1,1,0,1,0,1,XNYS
HIX.N,1,1,0,1,0,1,XNYS
HKD.N,1,1,0,1,0,1,XNYS
HKIT.OQ,1,1,0,1,0,1,XNCM
HKPD.OQ,1,1,0,1,0,1,XNCM
HL.N,1,1,0,1,0,1,XNYS
HLF.N,1,1,0,1,0,1,XNYS
HLI.N,1,1,0,1,0,1,XNYS
HLIO.N,1,1,0,1,0,1,XNYS
HLIT.OQ,1,1,0,1,0,1,XNGS
HLLY.N,1,1,0,1,0,1,XNYS
HLMN.OQ,1,1,0,1,0,1,XNMS
HLNE.OQ,1,1,0,1,0,1,XNGS
HLP.OQ,1,1,0,1,0,1,XNCM
HLT,1,1,0,1,1,0,
HLT.N,1,1,0,1,0,1,XNYS
HLX.N,1,1,0,1,0,1,XNYS
HLXC.OQ,1,1,0,1,0,1,XNMS
HMN.N,1,1,0,1,0,1,XNYS
HMR.OQ,1,1,0,1,0,1,XNCM
HMYY.OQ,1,1,0,1,0,1,XNMS
HNDL.OQ,1,1,0,1,0,1,XNMS
HNGE.N,1,1,0,1,1,1,XNYS
HNI.N,1,1,0,1,0,1,XNYS
HNNA.OQ,1,1,0,1,0,1,XNMS
HNRG.OQ,1,1,0,1,0,1,XNCM
HNST.OQ,1,1,0,1,0,1,XNGS
HNVR.OQ,1,1,0,1,0,1,XNGS
HODU.OQ,1,1,0,1,0,1,XNMS
HOFT.OQ,1,1,0,1,0,1,XNGS
HOG,1,1,0,1,1,0,
HOG.N,1,1,0,1,0,1,XNYS
HOLO.OQ,1,1,0,1,0,1,XNCM
HOLX.OQ,1,1,0,1,0,1,XNGS
HOMB.N,1,1,0,1,0,1,XNYS
HON.N,1,1,0,1,1,0,
HON.OQ,1,1,0,1,0,1,XNGS
HOOD.N,1,1,0,1,1,0,
HOOD.OQ,1,1,0,1,0,1,XNGS
HOPE.OQ,1,1,0,1,0,1,XNGS
HOTH.OQ,1,1,0,1,0,1,XNCM
HOUR.OQ,1,1,0,1,0,1,XNCM
HOV.N,1,1,0,1,0,1,XNYS
HOVR.OQ,1,1,0,1,0,1,XNCM
HOWL.OQ,1,1,0,1,0,1,XNGS
HOYY.OQ,1,1,0,1,0,1,XNMS
HP.N,1,1,0,1,0,1,XNYS
HPAI.OQ,1,1,0,1,0,1,XNCM
HPE,1,1,0,1,1,0,
HPE.N,1,1,0,1,0,1,XNYS
HPF.N,1,1,0,1,0,1,XNYS
HPI.N,1,1,0,1,0,1,XNYS
HPK.OQ,1,1,0,1,0,1,XNMS
HPP.N,1,1,0,1,0,1,XNYS
HPQ,1,1,0,1,1,0,
HPQ.N,1,1,0,1,0,1,XNYS
HPS.N,1,1,0,1,0,1,XNYS
HQ.OQ,1,1,0,1,0,1,XNCM
HQGO.OQ,1,1,0,1,0,1,XNMS
HQH.N,1,1,0,1,0,1,XNYS
HQI.OQ,1,1,0,1,0,1,XNCM
HQL.N,1,1,0,1,0,1,XNYS
HQY.OQ,1,1,0,1,0,1,XNGS
HR.N,1,1,0,1,0,1,XNYS
HRB.N,1,1,0,1,0,1,XNYS
HRI.N,1,1,0,1,0,1,XNYS
HRL.N,1,1,0,1,0,1,XNYS
HRMY.OQ,1,1,0,1,0,1,XNMS
HROW.OQ,1,1,0,1,0,1,XNMS
HRTG.N,1,1,0,1,0,1,XNYS
HRTX.OQ,1,1,0,1,0,1,XNCM
HRZN.OQ,1,1,0,1,0,1,XNGS
HSCS.OQ,1,1,0,1,0,1,XNCM
HSDT.OQ,1,1,0,1,0,1,XNCM
HSHP.N,1,1,0,1,0,1,XNYS
HSIC.OQ,1,1,0,1,0,1,XNGS
HSPT.OQ,1,1,0,1,0,1,XNMS
HST.OQ,1,1,0,1,0,1,XNGS
HSTM.OQ,1,1,0,1,0,1,XNGS
HSY.N,1,1,0,1,0,1,XNYS
HTB.N,1,1,0,1,0,1,XNYS
HTBK.OQ,1,1,0,1,0,1,XNGS
HTCO.OQ,1,1,0,1,0,1,XNCM
HTCR.OQ,1,1,0,1,0,1,XNCM
HTD.N,1,1,0,1,0,1,XNYS
HTFL.OQ,1,1,0,1,0,1,XNGS
HTGC.N,1,1,0,1,0,1,XNYS
HTH.N,1,1,0,1,0,1,XNYS
HTLD.OQ,1,1,0,1,0,1,XNGS
HTLM.OQ,1,1,0,1,0,1,XNCM
HTO.OQ,1,1,0,1,0,1,XNGS
HTOO.OQ,1,1,0,1,0,1,XNCM
HTT.N,1,1,0,1,0,1,XNYS
HTZ.N,1,1,0,1,1,0,
HTZ.OQ,1,1,0,1,0,1,XNGS
HUBB.N,1,1,0,1,0,1,XNYS
HUBC.OQ,1,1,0,1,0,1,XNCM
HUBG.OQ,1,1,0,1,0,1,XNGS
HUBS.N,1,1,0,1,1,1,XNYS
HUDI.OQ,1,1,0,1,0,1,XNCM
HUHU.OQ,1,1,0,1,0,1,XNCM
HUIZ.OQ,1,1,0,1,0,1,XNMS
HUM,1,1,0,1,1,0,
HUM.N,1,1,0,1,0,1,XNYS
HUMA.OQ,1,1,0,1,0,1,XNGS
HUN.N,1,1,0,1,0,1,XNYS
HURA.OQ,1,1,0,1,0,1,XNCM
HURC.OQ,1,1,0,1,0,1,XNGS
HURN.OQ,1,1,0,1,0,1,XNGS
HUT.OQ,1,1,0,1,0,1,XNGS
HUTG.OQ,1,1,0,1,0,1,XNMS
HUYA.N,1,1,0,1,0,1,XNYS
HVII.OQ,1,1,0,1,0,1,XNMS
HVMC.OQ,1,1,0,1,0,1,XNMS
HVT.N,1,1,0,1,0,1,XNYS
HWAY.OQ,1,1,0,1,0,1,XNMS
HWBK.OQ,1,1,0,1,0,1,XNGS
HWC.OQ,1,1,0,1,0,1,XNGS
HWH.OQ,1,1,0,1,0,1,XNCM
HWKN.OQ,1,1,0,1,0,1,XNGS
HWM.N,1,1,0,1,0,1,XNYS
HWSM.OQ,1,1,0,1,0,1,XNMS
HXHX.OQ,1,1,0,1,0,1,XNCM
HXL.N,1,1,0,1,0,1,XNYS
HY.N,1,1,0,1,0,1,XNYS
HYAC.N,1,1,0,1,0,1,XNYS
HYBI.OQ,1,1,0,1,0,1,XNMS
HYBX.N,1,1,0,1,0,1,XNYS
HYDR.OQ,1,1,0,1,0,1,XNMS
HYFM.OQ,1,1,0,1,0,1,XNCM
HYFT.OQ,1,1,0,1,0,1,XNCM
HYI.N,1,1,0,1,0,1,XNYS
HYLN.A,1,1,0,1,0,1,XASE
HYLS.OQ,1,1,0,1,0,1,XNMS
HYMC.OQ,1,1,0,1,0,1,XNCM
HYNE.OQ,1,1,0,1,0,1,XNCM
HYP.OQ,1,1,0,1,0,1,XNMS
HYPD.OQ,1,1,0,1,0,1,XNCM
HYPR.OQ,1,1,0,1,0,1,XNMS
HYT.N,1,1,0,1,0,1,XNYS
HYXF.OQ,1,1,0,1,0,1,XNMS
HYZD.OQ,1,1,0,1,0,1,XNMS
HZO.N,1,1,0,1,0,1,XNYS
IAC.OQ,1,1,0,1,0,1,XNGS
IACOU.OQ,1,1,0,1,0,1,XNMS
IAE.N,1,1,0,1,0,1,XNYS
IAF.A,1,1,0,1,0,1,XASE
IAG.N,1,1,0,1,0,1,XNYS
IART.N,1,1,0,1,1,0,
IART.OQ,1,1,0,1,0,1,XNGS
IAUX.A,1,1,0,1,0,1,XASE
IBAC.OQ,1,1,0,1,0,1,XNCM
IBB.OQ,1,1,0,1,0,1,XNMS
IBCP.OQ,1,1,0,1,0,1,XNGS
IBEX.OQ,1,1,0,1,0,1,XNMS
IBG.OQ,1,1,0,1,0,1,XNCM
IBGB.OQ,1,1,0,1,0,1,XNMS
IBGC.OQ,1,1,0,1,0,1,XNMS
IBGL.OQ,1,1,0,1,0,1,XNMS
IBGM.OQ,1,1,0,1,0,1,XNMS
IBIO.OQ,1,1,0,1,0,1,XNCM
IBIT.OQ,1,1,0,1,0,1,XNMS
IBKR.N,1,1,0,1,1,0,
IBKR.OQ,1,1,0,1,0,1,XNGS
IBM,1,1,0,1,1,0,
IBM.N,1,1,0,1,0,1,XNYS
IBO.A,1,1,0,1,0,1,XASE
IBOC.OQ,1,1,0,1,0,1,XNGS
IBP.N,1,1,0,1,0,1,XNYS
IBRX.OQ,1,1,0,1,0,1,XNGS
IBTA.N,1,1,0,1,0,1,XNYS
IBTO.OQ,1,1,0,1,0,1,XNMS
IBTQ.OQ,1,1,0,1,0,1,XNMS
IBTR.OQ,1,1,0,1,0,1,XNMS
ICCC.OQ,1,1,0,1,0,1,XNCM
ICCM.OQ,1,1,0,1,0,1,XNCM
ICE,1,1,0,1,1,0,
ICE.N,1,1,0,1,0,1,XNYS
ICFI.OQ,1,1,0,1,0,1,XNGS
ICG.OQ,1,1,0,1,0,1,XNCM
ICHR.OQ,1,1,0,1,0,1,XNGS
ICL.N,1,1,0,1,0,1,XNYS
ICLN.OQ,1,1,0,1,0,1,XNMS
ICLR.OQ,1,1,0,1,0,1,XNGS
ICMB.OQ,1,1,0,1,0,1,XNGS
ICON.OQ,1,1,0,1,0,1,XNCM
ICOP.OQ,1,1,0,1,0,1,XNMS
ICU.OQ,1,1,0,1,0,1,XNCM
ICUI.N,1,1,0,1,1,0,
ICUI.OQ,1,1,0,1,0,1,XNGS
IDA.N,1,1,0,1,0,1,XNYS
IDAI.OQ,1,1,0,1,0,1,XNCM
IDCC.OQ,1,1,0,1,0,1,XNGS
IDE.N,1,1,0,1,0,1,XNYS
IDN.OQ,1,1,0,1,0,1,XNMS
IDR.A,1,1,0,1,0,1,XASE
IDT.N,1,1,0,1,0,1,XNYS
IDVY.OQ,1,1,0,1,0,1,XNMS
IDXX.OQ,1,1,0,1,0,1,XNGS
IDYA.OQ,1,1,0,1,0,1,XNGS
IE.A,1,1,0,1,0,1,XASE
IEF.OQ,1,1,0,1,0,1,XNMS
IEI.OQ,1,1,0,1,0,1,XNMS
IEP.N,1,1,0,1,1,0,
IEP.OQ,1,1,0,1,0,1,XNGS
IESC.OQ,1,1,0,1,0,1,XNMS
IEUS.OQ,1,1,0,1,0,1,XNMS
IEX.N,1,1,0,1,0,1,XNYS
IFBD.OQ,1,1,0,1,0,1,XNCM
IFF.N,1,1,0,1,0,1,XNYS
IFGL.OQ,1,1,0,1,0,1,XNMS
IFN.N,1,1,0,1,0,1,XNYS
IFRX.OQ,1,1,0,1,0,1,XNGS
IFS.N,1,1,0,1,0,1,XNYS
IFV.OQ,1,1,0,1,0,1,XNMS
IGA.N,1,1,0,1,0,1,XNYS
IGAC.OQ,1,1,0,1,0,1,XNMS
IGC.A,1,1,0,1,0,1,XASE
IGCB.N,1,1,0,1,0,1,XNYS
IGD.N,1,1,0,1,0,1,XNYS
IGF.OQ,1,1,0,1,0,1,XNMS
IGI.N,1,1,0,1,0,1,XNYS
IGIB.OQ,1,1,0,1,0,1,XNMS
IGIC.OQ,1,1,0,1,0,1,XNCM
IGOV.OQ,1,1,0,1,0,1,XNMS
IGR.N,1,1,0,1,0,1,XNYS
IGSB.OQ,1,1,0,1,0,1,XNMS
IH.N,1,1,0,1,0,1,XNYS
IHD.N,1,1,0,1,0,1,XNYS
IHRT.N,1,1,0,1,1,0,
IHRT.OQ,1,1,0,1,0,1,XNGS
IHS.N,1,1,0,1,0,1,XNYS
IHT.A,1,1,0,1,0,1,XASE
IIF.N,1,1,0,1,0,1,XNYS
III.OQ,1,1,0,1,0,1,XNMS
IIIN.N,1,1,0,1,0,1,XNYS
IIIV.OQ,1,1,0,1,0,1,XNGS
IIM.N,1,1,0,1,0,1,XNYS
IINN.OQ,1,1,0,1,0,1,XNCM
IIPR.N,1,1,0,1,0,1,XNYS
IJT.OQ,1,1,0,1,0,1,XNMS
IKT.OQ,1,1,0,1,0,1,XNCM
ILAG.OQ,1,1,0,1,0,1,XNCM
ILIT.OQ,1,1,0,1,0,1,XNMS
ILLUU.OQ,1,1,0,1,0,1,XNMS
ILMN.OQ,1,1,0,1,0,1,XNGS
ILPT.OQ,1,1,0,1,0,1,XNGS
IMA.OQ,1,1,0,1,0,1,XNCM
IMAX.N,1,1,0,1,1,1,XNYS
IMCC.OQ,1,1,0,1,0,1,XNCM
IMCR.OQ,1,1,0,1,0,1,XNGS
IMCV.OQ,1,1,0,1,0,1,XNMS
IMDX.OQ,1,1,0,1,0,1,XNCM
IMKTA.OQ,1,1,0,1,0,1,XNGS
IMMR.OQ,1,1,0,1,0,1,XNGS
IMMX.OQ,1,1,0,1,0,1,XNCM
IMNM.OQ,1,1,0,1,0,1,XNCM
IMNN.OQ,1,1,0,1,0,1,XNCM
IMO.A,1,1,0,1,0,1,XASE
IMOM.OQ,1,1,0,1,0,1,XNMS
IMPP.OQ,1,1,0,1,0,1,XNCM
IMRX.OQ,1,1,0,1,0,1,XNMS
IMSR.OQ,1,1,0,1,0,1,XNGS
IMTE.OQ,1,1,0,1,0,1,XNCM
IMTX.OQ,1,1,0,1,0,1,XNCM
IMUX.OQ,1,1,0,1,0,1,XNCM
IMVT.OQ,1,1,0,1,0,1,XNGS
IMXI.OQ,1,1,0,1,0,1,XNCM
INAB.OQ,1,1,0,1,0,1,XNCM
INAC.OQ,1,1,0,1,0,1,XNMS
INBK.OQ,1,1,0,1,0,1,XNGS
INBS.OQ,1,1,0,1,0,1,XNCM
INBX.OQ,1,1,0,1,0,1,XNGS
INCR.OQ,1,1,0,1,0,1,XNMS
INCY.OQ,1,1,0,1,0,1,XNGS
INDB.OQ,1,1,0,1,0,1,XNGS
INDH.OQ,1,1,0,1,0,1,XNMS
INDI.OQ,1,1,0,1,0,1,XNCM
INDO.A,1,1,0,1,0,1,XASE
INDP.OQ,1,1,0,1,0,1,XNCM
INDV.OQ,1,1,0,1,0,1,XNGS
INDY.OQ,1,1,0,1,0,1,XNMS
INEO.OQ,1,1,0,1,0,1,XNCM
INFO.N,1,1,0,1,0,1,XNYS
INFQ.N,1,1,0,1,0,1,XNYS
INFU.A,1,1,0,1,0,1,XASE
INGM.N,1,1,0,1,0,1,XNYS
INGN.OQ,1,1,0,1,0,1,XNGS
INGR.N,1,1,0,1,0,1,XNYS
INHD.OQ,1,1,0,1,0,1,XNCM
INKT.OQ,1,1,0,1,0,1,XNCM
INLF.OQ,1,1,0,1,0,1,XNCM
INLX.A,1,1,0,1,0,1,XASE
INM.OQ,1,1,0,1,0,1,XNCM
INMB.OQ,1,1,0,1,0,1,XNCM
INMD.OQ,1,1,0,1,0,1,XNGS
INN.N,1,1,0,1,0,1,XNYS
INNV.OQ,1,1,0,1,0,1,XNGS
INO.OQ,1,1,0,1,0,1,XNCM
INOD.OQ,1,1,0,1,0,1,XNMS
INR.N,1,1,0,1,0,1,XNYS
INSE.OQ,1,1,0,1,0,1,XNCM
INSG.OQ,1,1,0,1,0,1,XNGS
INSM.OQ,1,1,0,1,0,1,XNGS
INSP.N,1,1,0,1,0,1,XNYS
INSW.N,1,1,0,1,0,1,XNYS
INTA.OQ,1,1,0,1,0,1,XNGS
INTC.N,1,1,0,1,1,0,
INTC.OQ,1,1,0,1,0,1,XNGS
INTG.OQ,1,1,0,1,0,1,XNCM
INTJ.OQ,1,1,0,1,0,1,XNCM
INTR.OQ,1,1,0,1,0,1,XNGS
INTS.OQ,1,1,0,1,0,1,XNCM
INTT.A,1,1,0,1,0,1,XASE
INTU.N,1,1,0,1,1,0,
INTU.OQ,1,1,0,1,0,1,XNGS
INTW.OQ,1,1,0,1,0,1,XNMS
INTZ.OQ,1,1,0,1,0,1,XNCM
INUV.A,1,1,0,1,0,1,XASE
INV.OQ,1,1,0,1,0,1,XNMS
INVA.OQ,1,1,0,1,0,1,XNGS
INVE.OQ,1,1,0,1,0,1,XNCM
INVH.N,1,1,0,1,0,1,XNYS
INVX.N,1,1,0,1,0,1,XNYS
INVZ.OQ,1,1,0,1,0,1,XNCM
IOBT.OQ,1,1,0,1,0,1,XNGS
IONL.OQ,1,1,0,1,0,1,XNMS
IONQ.N,1,1,0,1,1,1,XNYS
IONS.OQ,1,1,0,1,0,1,XNGS
IONZ.OQ,1,1,0,1,0,1,XNMS
IOR.A,1,1,0,1,0,1,XASE
IOSP.OQ,1,1,0,1,0,1,XNGS
IOT,1,1,0,1,1,0,
IOT.N,1,1,0,1,0,1,XNYS
IOTR.OQ,1,1,0,1,0,1,XNCM
IOVA.OQ,1,1,0,1,0,1,XNMS
IOYY.OQ,1,1,0,1,0,1,XNMS
IP.N,1,1,0,1,0,1,XNYS
IPAR.OQ,1,1,0,1,0,1,XNGS
IPCX.OQ,1,1,0,1,0,1,XNMS
IPDN.OQ,1,1,0,1,0,1,XNCM
IPEX.OQ,1,1,0,1,0,1,XNMS
IPGP.OQ,1,1,0,1,0,1,XNGS
IPI.N,1,1,0,1,0,1,XNYS
IPKW.OQ,1,1,0,1,0,1,XNMS
IPM.OQ,1,1,0,1,0,1,XNCM
IPOD.OQ,1,1,0,1,0,1,XNMS
IPSC.OQ,1,1,0,1,0,1,XNCM
IPST.OQ,1,1,0,1,0,1,XNCM
IPW.OQ,1,1,0,1,0,1,XNCM
IPWR.OQ,1,1,0,1,0,1,XNCM
IQ.OQ,1,1,0,1,0,1,XNGS
IQI.N,1,1,0,1,0,1,XNYS
IQST.OQ,1,1,0,1,0,1,XNCM
IQV.N,1,1,0,1,0,1,XNYS
IR.N,1,1,0,1,0,1,XNYS
IRAB.N,1,1,0,1,0,1,XNYS
IRD.OQ,1,1,0,1,0,1,XNCM
IRDM.OQ,1,1,0,1,0,1,XNGS
IREG.OQ,1,1,0,1,0,1,XNMS
IREN.OQ,1,1,0,1,0,1,XNGS
IRHO.OQ,1,1,0,1,0,1,XNMS
IRIX.OQ,1,1,0,1,0,1,XNCM
IRM.N,1,1,0,1,0,1,XNYS
IRMD.OQ,1,1,0,1,0,1,XNMS
IRON.OQ,1,1,0,1,0,1,XNMS
IRT.N,1,1,0,1,0,1,XNYS
IRTC.OQ,1,1,0,1,0,1,XNGS
IRWD.OQ,1,1,0,1,0,1,XNGS
ISBA.OQ,1,1,0,1,0,1,XNCM
ISD.N,1,1,0,1,0,1,XNYS
ISHG.OQ,1,1,0,1,0,1,XNMS
ISHP.OQ,1,1,0,1,0,1,XNMS
ISOU.A,1,1,0,1,0,1,XASE
ISPC.OQ,1,1,0,1,0,1,XNCM
ISPR.OQ,1,1,0,1,0,1,XNCM
ISRG.OQ,1,1,0,1,0,1,XNGS
ISSC.OQ,1,1,0,1,0,1,XNGS
ISTB.OQ,1,1,0,1,0,1,XNMS
ISTR.OQ,1,1,0,1,0,1,XNMS
ISUL.OQ,1,1,0,1,0,1,XNMS
IT.N,1,1,0,1,0,1,XNYS
ITGR.N,1,1,0,1,0,1,XNYS
ITHA.OQ,1,1,0,1,0,1,XNMS
ITIC.OQ,1,1,0,1,0,1,XNGS
ITOC.OQ,1,1,0,1,0,1,XNCM
ITP.A,1,1,0,1,0,1,XASE
ITRG.A,1,1,0,1,0,1,XASE
ITRI.OQ,1,1,0,1,0,1,XNGS
ITRM.OQ,1,1,0,1,0,1,XNCM
ITRN.OQ,1,1,0,1,0,1,XNGS
ITT.N,1,1,0,1,0,1,XNYS
ITW.N,1,1,0,1,0,1,XNYS
IUSB.OQ,1,1,0,1,0,1,XNMS
IUSG.OQ,1,1,0,1,0,1,XNMS
IUSV.OQ,1,1,0,1,0,1,XNMS
IVAL.OQ,1,1,0,1,0,1,XNMS
IVDA.OQ,1,1,0,1,0,1,XNCM
IVF.OQ,1,1,0,1,0,1,XNCM
IVR.N,1,1,0,1,0,1,XNYS
IVSI.OQ,1,1,0,1,0,1,XNMS
IVSS.OQ,1,1,0,1,0,1,XNMS
IVSX.OQ,1,1,0,1,0,1,XNMS
IVT.N,1,1,0,1,0,1,XNYS
IVVD.OQ,1,1,0,1,0,1,XNMS
IVZ,1,1,0,1,1,0,
IVZ.N,1,1,0,1,0,1,XNYS
IXHL.OQ,1,1,0,1,0,1,XNCM
IXUS.OQ,1,1,0,1,0,1,XNMS
IZEA.OQ,1,1,0,1,0,1,XNCM
IZM.OQ,1,1,0,1,0,1,XNCM
J.N,1,1,0,1,0,1,XNYS
JACK.OQ,1,1,0,1,0,1,XNGS
JACS.N,1,1,0,1,0,1,XNYS
JAGU.A,1,1,0,1,0,1,XASE
JAGX.OQ,1,1,0,1,0,1,XNCM
JAKK.OQ,1,1,0,1,0,1,XNGS
JAN.N,1,1,0,1,0,1,XNYS
JANX.OQ,1,1,0,1,0,1,XNMS
JAPN.OQ,1,1,0,1,0,1,XNMS
JAZZ.OQ,1,1,0,1,0,1,XNGS
JBDI.OQ,1,1,0,1,0,1,XNCM
JBGS.N,1,1,0,1,0,1,XNYS
JBHT.OQ,1,1,0,1,0,1,XNGS
JBI.N,1,1,0,1,0,1,XNYS
JBIO.OQ,1,1,0,1,0,1,XNCM
JBL,1,1,0,1,1,0,
JBL.N,1,1,0,1,0,1,XNYS
JBLU.N,1,1,0,1,1,0,
JBLU.OQ,1,1,0,1,0,1,XNGS
JBND.N,1,1,0,1,0,1,XNYS
JBS.N,1,1,0,1,0,1,XNYS
JBSS.OQ,1,1,0,1,0,1,XNGS
JBTM.N,1,1,0,1,0,1,XNYS
JCAP.OQ,1,1,0,1,0,1,XNGS
JCE.N,1,1,0,1,0,1,XNYS
JCI.N,1,1,0,1,0,1,XNYS
JCSE.OQ,1,1,0,1,0,1,XNCM
JCTC.OQ,1,1,0,1,0,1,XNCM
JDOC.OQ,1,1,0,1,0,1,XNMS
JDZG.OQ,1,1,0,1,0,1,XNCM
JEF,1,1,0,1,1,0,
JEF.N,1,1,0,1,0,1,XNYS
JELD.N,1,1,0,1,0,1,XNYS
JEM.OQ,1,1,0,1,0,1,XNCM
JENA.N,1,1,0,1,0,1,XNYS
JEPQ.OQ,1,1,0,1,0,1,XNMS
JF.OQ,1,1,0,1,0,1,XNMS
JFB.OQ,1,1,0,1,0,1,XNCM
JFBR.OQ,1,1,0,1,0,1,XNCM
JFIN.OQ,1,1,0,1,0,1,XNMS
JFR.N,1,1,0,1,0,1,XNYS
JFU.OQ,1,1,0,1,0,1,XNMS
JG.OQ,1,1,0,1,0,1,XNCM
JGH.N,1,1,0,1,0,1,XNYS
JGLO.OQ,1,1,0,1,0,1,XNMS
JHG.N,1,1,0,1,0,1,XNYS
JHI.N,1,1,0,1,0,1,XNYS
JHS.N,1,1,0,1,0,1,XNYS
JHX.N,1,1,0,1,0,1,XNYS
JILL.N,1,1,0,1,0,1,XNYS
JIVE.OQ,1,1,0,1,0,1,XNMS
JJSF.OQ,1,1,0,1,0,1,XNGS
JKHY.OQ,1,1,0,1,0,1,XNGS
JKS.N,1,1,0,1,0,1,XNYS
JL.OQ,1,1,0,1,0,1,XNCM
JLHL.OQ,1,1,0,1,0,1,XNCM
JLL.N,1,1,0,1,0,1,XNYS
JLS.N,1,1,0,1,0,1,XNYS
JMG.A,1,1,0,1,0,1,XASE
JMIA.N,1,1,0,1,0,1,XNYS
JMM.N,1,1,0,1,0,1,XNYS
JMSB.OQ,1,1,0,1,0,1,XNCM
JNJ,1,1,0,1,1,0,
JNJ.N,1,1,0,1,0,1,XNYS
JOB.A,1,1,0,1,0,1,XASE
JOBY.N,1,1,0,1,0,1,XNYS
JOE.N,1,1,0,1,0,1,XNYS
JOF.N,1,1,0,1,0,1,XNYS
JOUT.OQ,1,1,0,1,0,1,XNGS
JOYY.OQ,1,1,0,1,0,1,XNGS
JPC.N,1,1,0,1,0,1,XNYS
JPM,1,1,0,1,1,0,
JPM.N,1,1,0,1,0,1,XNYS
JQC.N,1,1,0,1,0,1,XNYS
JRI.N,1,1,0,1,0,1,XNYS
JRS.N,1,1,0,1,0,1,XNYS
JRSH.OQ,1,1,0,1,0,1,XNCM
JRVR.OQ,1,1,0,1,0,1,XNGS
JSMD.OQ,1,1,0,1,0,1,XNMS
JSML.OQ,1,1,0,1,0,1,XNMS
JSPR.OQ,1,1,0,1,0,1,XNCM
JTAI.OQ,1,1,0,1,0,1,XNCM
JTEK.OQ,1,1,0,1,0,1,XNMS
JUNS.OQ,1,1,0,1,0,1,XNCM
JVA.OQ,1,1,0,1,0,1,XNCM
JWEL.OQ,1,1,0,1,0,1,XNCM
JXG.OQ,1,1,0,1,0,1,XNCM
JXN.N,1,1,0,1,0,1,XNYS
JYD.OQ,1,1,0,1,0,1,XNCM
JYNT.OQ,1,1,0,1,0,1,XNCM
JZ.OQ,1,1,0,1,0,1,XNCM
JZXN.OQ,1,1,0,1,0,1,XNCM
KAI.N,1,1,0,1,0,1,XNYS
KALA.OQ,1,1,0,1,0,1,XNCM
KALU.OQ,1,1,0,1,0,1,XNGS
KALV.OQ,1,1,0,1,0,1,XNMS
KAPA.A,1,1,0,1,0,1,XASE
KARO.OQ,1,1,0,1,0,1,XNCM
KBAB.OQ,1,1,0,1,0,1,XNMS
KBDC.N,1,1,0,1,0,1,XNYS
KBDU.OQ,1,1,0,1,0,1,XNMS
KBH,1,1,0,1,1,0,
KBH.N,1,1,0,1,0,1,XNYS
KBON.OQ,1,1,0,1,0,1,XNMS
KBR.N,1,1,0,1,0,1,XNYS
KBSX.OQ,1,1,0,1,0,1,XNMS
KBWB.OQ,1,1,0,1,0,1,XNMS
KBWD.OQ,1,1,0,1,0,1,XNMS
KBWP.OQ,1,1,0,1,0,1,XNMS
KBWY.OQ,1,1,0,1,0,1,XNMS
KC.OQ,1,1,0,1,0,1,XNGS
KCAC_U.N,1,1,0,1,0,1,
KCHV.OQ,1,1,0,1,0,1,XNMS
KD.N,1,1,0,1,0,1,XNYS
KDK.OQ,1,1,0,1,0,1,XNMS
KDP.OQ,1,1,0,1,0,1,XNGS
KE.OQ,1,1,0,1,0,1,XNGS
KELYA.OQ,1,1,0,1,0,1,XNGS
KEN.N,1,1,0,1,0,1,XNYS
KEQU.OQ,1,1,0,1,0,1,XNMS
KEX.N,1,1,0,1,0,1,XNYS
KEY,1,1,0,1,1,0,
KEY.N,1,1,0,1,0,1,XNYS
KEYS.N,1,1,0,1,0,1,XNYS
KF.N,1,1,0,1,0,1,XNYS
KFFB.OQ,1,1,0,1,0,1,XNMS
KFII.OQ,1,1,0,1,0,1,XNMS
KFRC.N,1,1,0,1,0,1,XNYS
KFS.N,1,1,0,1,0,1,XNYS
KFY,1,1,0,1,1,0,
KFY.N,1,1,0,1,0,1,XNYS
KG.OQ,1,1,0,1,0,1,XNCM
KGC.N,1,1,0,1,0,1,XNYS
KGEI.OQ,1,1,0,1,0,1,XNCM
KGS.N,1,1,0,1,0,1,XNYS
KHC.N,1,1,0,1,1,0,
KHC.OQ,1,1,0,1,0,1,XNGS
KIDS.OQ,1,1,0,1,0,1,XNMS
KIM.N,1,1,0,1,0,1,XNYS
KINS.OQ,1,1,0,1,0,1,XNCM
KIO.N,1,1,0,1,0,1,XNYS
KITT.OQ,1,1,0,1,0,1,XNCM
KKR,1,1,0,1,1,0,
KKR.N,1,1,0,1,0,1,XNYS
KLAC.OQ,1,1,0,1,0,1,XNGS
KLAG.OQ,1,1,0,1,0,1,XNMS
KLAR.N,1,1,0,1,0,1,XNYS
KLC.N,1,1,0,1,0,1,XNYS
KLIC.OQ,1,1,0,1,0,1,XNGS
KLRS.OQ,1,1,0,1,0,1,XNMS
KLTR.OQ,1,1,0,1,0,1,XNGS
KLXE.OQ,1,1,0,1,0,1,XNGS
KMB.OQ,1,1,0,1,0,1,XNGS
KMDA.OQ,1,1,0,1,0,1,XNGS
KMI,1,1,0,1,1,0,
KMI.N,1,1,0,1,0,1,XNYS
KMPR.N,1,1,0,1,0,1,XNYS
KMRK.OQ,1,1,0,1,0,1,XNCM
KMT.N,1,1,0,1,0,1,XNYS
KMTS.OQ,1,1,0,1,0,1,XNGS
KMX,1,1,0,1,1,0,
KMX.N,1,1,0,1,0,1,XNYS
KN.N,1,1,0,1,0,1,XNYS
KNDI.OQ,1,1,0,1,0,1,XNGS
KNF.N,1,1,0,1,0,1,XNYS
KNGZ.OQ,1,1,0,1,0,1,XNMS
KNOP.N,1,1,0,1,0,1,XNYS
KNRX.A,1,1,0,1,0,1,XASE
KNSA.OQ,1,1,0,1,0,1,XNGS
KNSL.N,1,1,0,1,0,1,XNYS
KNTK.N,1,1,0,1,0,1,XNYS
KNX.N,1,1,0,1,0,1,XNYS
KO,1,1,0,1,1,0,
KO.N,1,1,0,1,0,1,XNYS
KOD.OQ,1,1,0,1,0,1,XNMS
KODK.N,1,1,0,1,0,1,XNYS
KOP.N,1,1,0,1,0,1,XNYS
KOPN.OQ,1,1,0,1,0,1,XNCM
KORE.N,1,1,0,1,0,1,XNYS
KOS.N,1,1,0,1,0,1,XNYS
KOSS.OQ,1,1,0,1,0,1,XNCM
KOYN.OQ,1,1,0,1,0,1,XNMS
KPDD.OQ,1,1,0,1,0,1,XNMS
KPLT.OQ,1,1,0,1,0,1,XNMS
KPRX.OQ,1,1,0,1,0,1,XNCM
KPTI.OQ,1,1,0,1,0,1,XNGS
KR,1,1,0,1,1,0,
KR.N,1,1,0,1,0,1,XNYS
KRAQ.OQ,1,1,0,1,0,1,XNMS
KRC.N,1,1,0,1,0,1,XNYS
KREF.N,1,1,0,1,0,1,XNYS
KRG.N,1,1,0,1,0,1,XNYS
KRKR.OQ,1,1,0,1,0,1,XNCM
KRMA.OQ,1,1,0,1,0,1,XNMS
KRMD.OQ,1,1,0,1,0,1,XNCM
KRMN.N,1,1,0,1,0,1,XNYS
KRNT.OQ,1,1,0,1,0,1,XNGS
KRNY.OQ,1,1,0,1,0,1,XNGS
KRO.N,1,1,0,1,0,1,XNYS
KROP.OQ,1,1,0,1,0,1,XNMS
KROS.OQ,1,1,0,1,0,1,XNMS
KRP.N,1,1,0,1,0,1,XNYS
KRRO.OQ,1,1,0,1,0,1,XNCM
KRSP.N,1,1,0,1,0,1,XNYS
KRT.OQ,1,1,0,1,0,1,XNGS
KRUS.OQ,1,1,0,1,0,1,XNMS
KRYS.OQ,1,1,0,1,0,1,XNGS
KSCP.OQ,1,1,0,1,0,1,XNCM
KSS,1,1,0,1,1,0,
KSS.N,1,1,0,1,0,1,XNYS
KTB.N,1,1,0,1,0,1,XNYS
KTCC.OQ,1,1,0,1,0,1,XNMS
KTF.N,1,1,0,1,0,1,XNYS
KTOS.OQ,1,1,0,1,0,1,XNGS
KTTA.OQ,1,1,0,1,0,1,XNCM
KTWO.OQ,1,1,0,1,0,1,XNMS
KULR.A,1,1,0,1,0,1,XASE
KURA.OQ,1,1,0,1,0,1,XNGS
KUST.OQ,1,1,0,1,0,1,XNCM
KVAC.OQ,1,1,0,1,0,1,XNMS
KVHI.OQ,1,1,0,1,0,1,XNGS
KVUE.N,1,1,0,1,0,1,XNYS
KVYO.N,1,1,0,1,0,1,XNYS
KW.N,1,1,0,1,0,1,XNYS
KWM.OQ,1,1,0,1,0,1,XNMS
KWR.N,1,1,0,1,0,1,XNYS
KXIN.OQ,1,1,0,1,0,1,XNCM
KYIV.OQ,1,1,0,1,0,1,XNGS
KYMR.OQ,1,1,0,1,0,1,XNMS
KYN.N,1,1,0,1,0,1,XNYS
KYNB.OQ,1,1,0,1,0,1,XNGS
KYTX.OQ,1,1,0,1,0,1,XNGS
KZIA.OQ,1,1,0,1,0,1,XNCM
KZR.OQ,1,1,0,1,0,1,XNCM
L.N,1,1,0,1,0,1,XNYS
LAB.OQ,1,1,0,1,0,1,XNGS
LAC.N,1,1,0,1,0,1,XNYS
LACG.OQ,1,1,0,1,0,1,XNMS
LAD.N,1,1,0,1,0,1,XNYS
LADR.N,1,1,0,1,0,1,XNYS
LAES.OQ,1,1,0,1,0,1,XNGS
LAFA.OQ,1,1,0,1,0,1,XNMS
LAKE.OQ,1,1,0,1,0,1,XNMS
LAMR.OQ,1,1,0,1,0,1,XNGS
LAND.OQ,1,1,0,1,0,1,XNMS
LANV.N,1,1,0,1,0,1,XNYS
LAR.N,1,1,0,1,0,1,XNYS
LARK.OQ,1,1,0,1,0,1,XNMS
LASE.OQ,1,1,0,1,0,1,XNCM
LASR.OQ,1,1,0,1,0,1,XNGS
LATA.OQ,1,1,0,1,0,1,XNMS
LAUR.OQ,1,1,0,1,0,1,XNGS
LAW.N,1,1,0,1,0,1,XNYS
LAWR.OQ,1,1,0,1,0,1,XNCM
LAZ.N,1,1,0,1,0,1,XNYS
LB.N,1,1,0,1,0,1,XNYS
LBGJ.OQ,1,1,0,1,0,1,XNCM
LBRDA.OQ,1,1,0,1,0,1,XNGS
LBRT.N,1,1,0,1,0,1,XNYS
LBRX.OQ,1,1,0,1,0,1,XNMS
LBTYA.OQ,1,1,0,1,0,1,XNGS
LC.N,1,1,0,1,0,1,XNYS
LCCC.OQ,1,1,0,1,0,1,XNMS
LCDL.OQ,1,1,0,1,0,1,XNMS
LCDS.OQ,1,1,0,1,0,1,XNMS
LCFY.OQ,1,1,0,1,0,1,XNCM
LCID.OQ,1,1,0,1,0,1,XNGS
LCII.N,1,1,0,1,0,1,XNYS
LCNB.OQ,1,1,0,1,0,1,XNCM
LCTX.A,1,1,0,1,0,1,XASE
LCUT.OQ,1,1,0,1,0,1,XNGS
LDI.N,1,1,0,1,0,1,XNYS
LDOS.N,1,1,0,1,0,1,XNYS
LDP.N,1,1,0,1,0,1,XNYS
LDRX.OQ,1,1,0,1,0,1,XNMS
LDSF.OQ,1,1,0,1,0,1,XNMS
LE.OQ,1,1,0,1,0,1,XNCM
LEA.N,1,1,0,1,0,1,XNYS
LECO.OQ,1,1,0,1,0,1,XNGS
LEDS.OQ,1,1,0,1,0,1,XNCM
LEE.OQ,1,1,0,1,0,1,XNGS
LEG.N,1,1,0,1,0,1,XNYS
LEGN.OQ,1,1,0,1,0,1,XNGS
LEGO.A,1,1,0,1,0,1,XASE
LEGR.OQ,1,1,0,1,0,1,XNMS
LEGT.A,1,1,0,1,0,1,XASE
LEN,1,1,0,1,1,0,
LEN.N,1,1,0,1,0,1,XNYS
LENZ.OQ,1,1,0,1,0,1,XNGS
LEO.N,1,1,0,1,0,1,XNYS
LESL.OQ,1,1,0,1,0,1,XNGS
LEU.N,1,1,0,1,0,1,XNYS
LEVI.N,1,1,0,1,1,1,XNYS
LEXI.OQ,1,1,0,1,0,1,XNMS
LEXX.OQ,1,1,0,1,0,1,XNCM
LFAC.OQ,1,1,0,1,0,1,XNMS
LFCR.OQ,1,1,0,1,0,1,XNGS
LFMD.OQ,1,1,0,1,0,1,XNMS
LFS.OQ,1,1,0,1,0,1,XNCM
LFSC.OQ,1,1,0,1,0,1,XNMS
LFST.OQ,1,1,0,1,0,1,XNGS
LFT.N,1,1,0,1,0,1,XNYS
LFUS.OQ,1,1,0,1,0,1,XNGS
LFVN.OQ,1,1,0,1,0,1,XNCM
LFWD.OQ,1,1,0,1,0,1,XNCM
LGCB.OQ,1,1,0,1,0,1,XNCM
LGCF.OQ,1,1,0,1,0,1,XNMS
LGCL.OQ,1,1,0,1,0,1,XNCM
LGCY.A,1,1,0,1,0,1,XASE
LGHL.OQ,1,1,0,1,0,1,XNCM
LGI.N,1,1,0,1,0,1,XNYS
LGIH.OQ,1,1,0,1,0,1,XNGS
LGL.A,1,1,0,1,0,1,XASE
LGN.OQ,1,1,0,1,0,1,XNGS
LGND.OQ,1,1,0,1,0,1,XNMS
LGO.OQ,1,1,0,1,0,1,XNGS
LGPS.A,1,1,0,1,0,1,XASE
LGRO.OQ,1,1,0,1,0,1,XNMS
LGVN.OQ,1,1,0,1,0,1,XNCM
LH,1,1,0,1,1,0,
LH.N,1,1,0,1,0,1,XNYS
LHAI.OQ,1,1,0,1,0,1,XNCM
LHSW.OQ,1,1,0,1,0,1,XNCM
LHX.N,1,1,0,1,0,1,XNYS
LICN.OQ,1,1,0,1,0,1,XNCM
LIDR.OQ,1,1,0,1,0,1,XNCM
LIEN.OQ,1,1,0,1,0,1,XNMS
LIF.OQ,1,1,0,1,0,1,XNGS
LII.N,1,1,0,1,0,1,XNYS
LILA.OQ,1,1,0,1,0,1,XNGS
LIMN.OQ,1,1,0,1,0,1,XNMS
LIN.OQ,1,1,0,1,0,1,XNGS
LINC.OQ,1,1,0,1,0,1,XNGS
LIND.OQ,1,1,0,1,0,1,XNCM
LINE.OQ,1,1,0,1,0,1,XNGS
LINK.OQ,1,1,0,1,0,1,XNCM
LINT.OQ,1,1,0,1,0,1,XNMS
LION.N,1,1,0,1,0,1,XNYS
LIQT.OQ,1,1,0,1,0,1,XNCM
LITB.N,1,1,0,1,0,1,XNYS
LITE.OQ,1,1,0,1,0,1,XNGS
LITP.OQ,1,1,0,1,0,1,XNMS
LITS.OQ,1,1,0,1,0,1,XNCM
LIVE.OQ,1,1,0,1,0,1,XNCM
LIVN.OQ,1,1,0,1,0,1,XNGS
LIXT.OQ,1,1,0,1,0,1,XNCM
LKFN.OQ,1,1,0,1,0,1,XNGS
LKQ.OQ,1,1,0,1,0,1,XNGS
LKSP.OQ,1,1,0,1,0,1,XNMS
LLY,1,1,0,1,1,0,
LLY.N,1,1,0,1,0,1,XNYS
LLYVA.OQ,1,1,0,1,0,1,XNGS
LMAT.OQ,1,1,0,1,0,1,XNMS
LMB.OQ,1,1,0,1,0,1,XNCM
LMBS.OQ,1,1,0,1,0,1,XNMS
LMFA.OQ,1,1,0,1,0,1,XNCM
LMND.N,1,1,0,1,0,1,XNYS
LMNR.OQ,1,1,0,1,0,1,XNGS
LMRI.OQ,1,1,0,1,0,1,XNGS
LMT,1,1,0,1,1,0,
LMT.N,1,1,0,1,0,1,XNYS
LMTL.OQ,1,1,0,1,0,1,XNMS
LMTS.OQ,1,1,0,1,0,1,XNMS
LNAI.OQ,1,1,0,1,0,1,XNCM
LNC.N,1,1,0,1,0,1,XNYS
LNG.N,1,1,0,1,0,1,XNYS
LNKB.OQ,1,1,0,1,0,1,XNCM
LNKS.OQ,1,1,0,1,0,1,XNCM
LNN.N,1,1,0,1,0,1,XNYS
LNSR.OQ,1,1,0,1,0,1,XNCM
LNT.OQ,1,1,0,1,0,1,XNGS
LNTH.OQ,1,1,0,1,0,1,XNMS
LNZA.OQ,1,1,0,1,0,1,XNCM
LOAN.OQ,1,1,0,1,0,1,XNCM
LOAR.N,1,1,0,1,0,1,XNYS
LOB.N,1,1,0,1,0,1,XNYS
LOBO.OQ,1,1,0,1,0,1,XNCM
LOCL.N,1,1,0,1,0,1,XNYS
LOCO.OQ,1,1,0,1,0,1,XNGS
LODE.A,1,1,0,1,0,1,XASE
LOGI.OQ,1,1,0,1,0,1,XNGS
LOKV.OQ,1,1,0,1,0,1,XNMS
LONA.OQ,1,1,0,1,0,1,XNCM
LOOP.OQ,1,1,0,1,0,1,XNMS
LOPE.OQ,1,1,0,1,0,1,XNGS
LOT.OQ,1,1,0,1,0,1,XNGS
LOTI.OQ,1,1,0,1,0,1,XNMS
LOVE.OQ,1,1,0,1,0,1,XNMS
LOW,1,1,0,1,1,0,
LOW.N,1,1,0,1,0,1,XNYS
LPA.A,1,1,0,1,0,1,XASE
LPAA.OQ,1,1,0,1,0,1,XNMS
LPBBU.OQ,1,1,0,1,0,1,XNMS
LPCN.OQ,1,1,0,1,0,1,XNCM
LPCV.OQ,1,1,0,1,0,1,XNMS
LPG.N,1,1,0,1,0,1,XNYS
LPLA.OQ,1,1,0,1,0,1,XNGS
LPRO.OQ,1,1,0,1,0,1,XNMS
LPSN.OQ,1,1,0,1,0,1,XNGS
LPTH.OQ,1,1,0,1,0,1,XNCM
LPX.N,1,1,0,1,0,1,XNYS
LQDA.OQ,1,1,0,1,0,1,XNCM
LQDT.OQ,1,1,0,1,0,1,XNGS
LRCX.OQ,1,1,0,1,0,1,XNGS
LRE.OQ,1,1,0,1,0,1,XNCM
LRGE.OQ,1,1,0,1,0,1,XNMS
LRHC.OQ,1,1,0,1,0,1,XNCM
LRMR.OQ,1,1,0,1,0,1,XNMS
LRN.N,1,1,0,1,0,1,XNYS
LSAK.OQ,1,1,0,1,0,1,XNGS
LSBK.OQ,1,1,0,1,0,1,XNMS
LSCC.OQ,1,1,0,1,0,1,XNGS
LSE.OQ,1,1,0,1,0,1,XNCM
LSF.A,1,1,0,1,0,1,XASE
LSH.OQ,1,1,0,1,0,1,XNCM
LSPD.N,1,1,0,1,0,1,XNYS
LSTA.OQ,1,1,0,1,0,1,XNCM
LSTR.OQ,1,1,0,1,0,1,XNGS
LTBR.OQ,1,1,0,1,0,1,XNCM
LTC.N,1,1,0,1,0,1,XNYS
LTH.N,1,1,0,1,0,1,XNYS
LTRN.OQ,1,1,0,1,0,1,XNCM
LTRX.OQ,1,1,0,1,0,1,XNCM
LU.N,1,1,0,1,0,1,XNYS
LUCD.OQ,1,1,0,1,0,1,XNCM
LUCK.N,1,1,0,1,0,1,XNYS
LUCY.OQ,1,1,0,1,0,1,XNCM
LUD.A,1,1,0,1,0,1,XASE
LULU.N,1,1,0,1,1,0,
LULU.OQ,1,1,0,1,0,1,XNGS
LUMN.N,1,1,0,1,0,1,XNYS
LUNG.OQ,1,1,0,1,0,1,XNGS
LUNR.OQ,1,1,0,1,0,1,XNMS
LUV,1,1,0,1,1,0,
LUV.N,1,1,0,1,0,1,XNYS
LUXE.N,1,1,0,1,0,1,XNYS
LVHD.OQ,1,1,0,1,0,1,XNMS
LVLU.OQ,1,1,0,1,0,1,XNCM
LVO.OQ,1,1,0,1,0,1,XNCM
LVS,1,1,0,1,1,0,
LVS.N,1,1,0,1,0,1,XNYS
LVWR.N,1,1,0,1,0,1,XNYS
LW,1,1,0,1,1,0,
LW.N,1,1,0,1,0,1,XNYS
LWAC.OQ,1,1,0,1,0,1,XNMS
LWAY.OQ,1,1,0,1,0,1,XNMS
LWLG.OQ,1,1,0,1,0,1,XNCM
LX.OQ,1,1,0,1,0,1,XNGS
LXEH.OQ,1,1,0,1,0,1,XNMS
LXEO.OQ,1,1,0,1,0,1,XNMS
LXFR.N,1,1,0,1,0,1,XNYS
LXP.N,1,1,0,1,0,1,XNYS
LXRX.OQ,1,1,0,1,0,1,XNCM
LXU.N,1,1,0,1,0,1,XNYS
LYB.N,1,1,0,1,0,1,XNYS
LYEL.OQ,1,1,0,1,0,1,XNGS
LYFT.N,1,1,0,1,1,0,
LYFT.OQ,1,1,0,1,0,1,XNGS
LYTS.OQ,1,1,0,1,0,1,XNGS
LYV,1,1,0,1,1,0,
LYV.N,1,1,0,1,0,1,XNYS
LZ.OQ,1,1,0,1,0,1,XNGS
LZB,1,1,0,1,1,0,
LZB.N,1,1,0,1,0,1,XNYS
LZM.N,1,1,0,1,0,1,XNYS
LZMH.OQ,1,1,0,1,0,1,XNCM
M,1,1,0,1,1,0,
M.N,1,1,0,1,0,1,XNYS
MA,1,1,0,1,1,0,
MA.N,1,1,0,1,0,1,XNYS
MAA.N,1,1,0,1,0,1,XNYS
MAAS.OQ,1,1,0,1,0,1,XNMS
MAAY.OQ,1,1,0,1,0,1,XNMS
MAC.N,1,1,0,1,0,1,XNYS
MACI.OQ,1,1,0,1,0,1,XNMS
MAGH.OQ,1,1,0,1,0,1,XNCM
MAGN.N,1,1,0,1,0,1,XNYS
MAIA.A,1,1,0,1,0,1,XASE
MAIN.N,1,1,0,1,0,1,XNYS
MAMA.OQ,1,1,0,1,0,1,XNCM
MAMK.OQ,1,1,0,1,0,1,XNCM
MAMO.OQ,1,1,0,1,0,1,XNCM
MAN.N,1,1,0,1,0,1,XNYS
MANE.N,1,1,0,1,0,1,XNYS
MANH.OQ,1,1,0,1,0,1,XNGS
MANU.N,1,1,0,1,0,1,XNYS
MAPS.OQ,1,1,0,1,0,1,XNGS
MAR.N,1,1,0,1,1,0,
MAR.OQ,1,1,0,1,0,1,XNGS
MARA.OQ,1,1,0,1,0,1,XNCM
MARPS.OQ,1,1,0,1,0,1,XNCM
MAS.N,1,1,0,1,0,1,XNYS
MASI.OQ,1,1,0,1,0,1,XNGS
MASK.OQ,1,1,0,1,0,1,XNCM
MASS.OQ,1,1,0,1,0,1,XNMS
MAT.N,1,1,0,1,1,0,
MAT.OQ,1,1,0,1,0,1,XNGS
MATE.OQ,1,1,0,1,0,1,XNMS
MATH.OQ,1,1,0,1,0,1,XNCM
MATV.N,1,1,0,1,0,1,XNYS
MATW.OQ,1,1,0,1,0,1,XNGS
MATX.N,1,1,0,1,0,1,XNYS
MAX.N,1,1,0,1,0,1,XNYS
MAXI.OQ,1,1,0,1,0,1,XNMS
MAXN.OQ,1,1,0,1,0,1,XNGS
MAYS.OQ,1,1,0,1,0,1,XNCM
MAZE.OQ,1,1,0,1,0,1,XNMS
MB.OQ,1,1,0,1,0,1,XNCM
MBAI.OQ,1,1,0,1,0,1,XNCM
MBAV.OQ,1,1,0,1,0,1,XNMS
MBB.OQ,1,1,0,1,0,1,XNMS
MBBC.OQ,1,1,0,1,0,1,XNCM
MBC.N,1,1,0,1,0,1,XNYS
MBI.N,1,1,0,1,0,1,XNYS
MBIN.OQ,1,1,0,1,0,1,XNCM
MBIO.OQ,1,1,0,1,0,1,XNCM
MBLY.OQ,1,1,0,1,0,1,XNGS
MBNKO.OQ,1,1,0,1,0,1,XNCM
MBOT.OQ,1,1,0,1,0,1,XNCM
MBRX.OQ,1,1,0,1,0,1,XNCM
MBS.OQ,1,1,0,1,0,1,XNMS
MBUU.OQ,1,1,0,1,0,1,XNMS
MBVI.OQ,1,1,0,1,0,1,XNMS
MBWM.N,1,1,0,1,1,0,
MBWM.OQ,1,1,0,1,0,1,XNGS
MBX.OQ,1,1,0,1,0,1,XNGS
MC.N,1,1,0,1,0,1,XNYS
MCB.N,1,1,0,1,0,1,XNYS
MCBS.OQ,1,1,0,1,0,1,XNGS
MCD,1,1,0,1,1,0,
MCD.N,1,1,0,1,0,1,XNYS
MCDS.OQ,1,1,0,1,0,1,XNMS
MCFT.OQ,1,1,0,1,0,1,XNMS
MCGA.OQ,1,1,0,1,0,1,XNMS
MCHB.OQ,1,1,0,1,0,1,XNGS
MCHI.OQ,1,1,0,1,0,1,XNMS
MCHP.N,1,1,0,1,1,0,
MCHP.OQ,1,1,0,1,0,1,XNGS
MCHS.OQ,1,1,0,1,0,1,XNMS
MCHX.OQ,1,1,0,1,0,1,XNGS
MCI.N,1,1,0,1,0,1,XNYS
MCK.N,1,1,0,1,0,1,XNYS
MCN.N,1,1,0,1,0,1,XNYS
MCO,1,1,0,1,1,0,
MCO.N,1,1,0,1,0,1,XNYS
MCR.N,1,1,0,1,0,1,XNYS
MCRB.OQ,1,1,0,1,0,1,XNGS
MCRI.OQ,1,1,0,1,0,1,XNGS
MCRP.A,1,1,0,1,0,1,XASE
MCS.N,1,1,0,1,0,1,XNYS
MCTA.OQ,1,1,0,1,0,1,XNCM
MCW.OQ,1,1,0,1,0,1,XNGS
MCY.N,1,1,0,1,0,1,XNYS
MD.N,1,1,0,1,0,1,XNYS
MDA.N,1,1,0,1,0,1,XNYS
MDAI.OQ,1,1,0,1,0,1,XNCM
MDB.N,1,1,0,1,1,0,
MDB.OQ,1,1,0,1,0,1,XNMS
MDBH.OQ,1,1,0,1,0,1,XNCM
MDCX.OQ,1,1,0,1,0,1,XNCM
MDGL.OQ,1,1,0,1,0,1,XNGS
MDIA.OQ,1,1,0,1,0,1,XNCM
MDIV.OQ,1,1,0,1,0,1,XNMS
MDLN.OQ,1,1,0,1,0,1,XNGS
MDLZ.OQ,1,1,0,1,0,1,XNGS
MDRR.OQ,1,1,0,1,0,1,XNCM
MDST.N,1,1,0,1,0,1,XNYS
MDT.N,1,1,0,1,0,1,XNYS
MDU.N,1,1,0,1,0,1,XNYS
MDV.N,1,1,0,1,0,1,XNYS
MDWD.OQ,1,1,0,1,0,1,XNMS
MDXG.OQ,1,1,0,1,0,1,XNCM
MDXH.OQ,1,1,0,1,0,1,XNCM
MEC.N,1,1,0,1,0,1,XNYS
MED.N,1,1,0,1,0,1,XNYS
MEDP.OQ,1,1,0,1,0,1,XNGS
MEG.N,1,1,0,1,0,1,XNYS
MEGI.N,1,1,0,1,0,1,XNYS
MEGL.OQ,1,1,0,1,0,1,XNCM
MEHA.OQ,1,1,0,1,0,1,XNCM
MEI.N,1,1,0,1,0,1,XNYS
MELI.OQ,1,1,0,1,0,1,XNGS
MEMA.OQ,1,1,0,1,0,1,XNMS
MEMS.OQ,1,1,0,1,0,1,XNMS
MENS.OQ,1,1,0,1,0,1,XNMS
MEOH.OQ,1,1,0,1,0,1,XNGS
MERC.OQ,1,1,0,1,0,1,XNGS
MESH.OQ,1,1,0,1,0,1,XNMS
MET,1,1,0,1,1,0,
MET.N,1,1,0,1,0,1,XNYS
META.N,1,1,0,1,1,0,
META.OQ,1,1,0,1,0,1,XNGS
METC.OQ,1,1,0,1,0,1,XNGS
METD.OQ,1,1,0,1,0,1,XNMS
METU.OQ,1,1,0,1,0,1,XNMS
MEVO.OQ,1,1,0,1,0,1,XNMS
MFA.N,1,1,0,1,0,1,XNYS
MFC.N,1,1,0,1,0,1,XNYS
MFI.OQ,1,1,0,1,0,1,XNCM
MFIC.OQ,1,1,0,1,0,1,XNGS
MFIN.OQ,1,1,0,1,0,1,XNGS
MFLX.OQ,1,1,0,1,0,1,XNMS
MFM.N,1,1,0,1,0,1,XNYS
MG.N,1,1,0,1,0,1,XNYS
MGA.N,1,1,0,1,0,1,XNYS
MGEE.OQ,1,1,0,1,0,1,XNGS
MGF.N,1,1,0,1,0,1,XNYS
MGIH.OQ,1,1,0,1,0,1,XNCM
MGLD.A,1,1,0,1,0,1,XASE
MGM,1,1,0,1,1,0,
MGM.N,1,1,0,1,0,1,XNYS
MGN.OQ,1,1,0,1,0,1,XNCM
MGNI.OQ,1,1,0,1,0,1,XNGS
MGNX.OQ,1,1,0,1,0,1,XNGS
MGPI.OQ,1,1,0,1,0,1,XNGS
MGRC.OQ,1,1,0,1,0,1,XNGS
MGRT.OQ,1,1,0,1,0,1,XNCM
MGRX.OQ,1,1,0,1,0,1,XNCM
MGTX.OQ,1,1,0,1,0,1,XNGS
MGX.OQ,1,1,0,1,0,1,XNGS
MGY.N,1,1,0,1,0,1,XNYS
MGYR.OQ,1,1,0,1,0,1,XNMS
MH.N,1,1,0,1,0,1,XNYS
MHD.N,1,1,0,1,0,1,XNYS
MHF.N,1,1,0,1,0,1,XNYS
MHH.A,1,1,0,1,0,1,XASE
MHK.N,1,1,0,1,0,1,XNYS
MHO.N,1,1,0,1,0,1,XNYS
MI.A,1,1,0,1,0,1,XASE
MIAX.N,1,1,0,1,0,1,XNYS
MICC.N,1,1,0,1,0,1,XNYS
MIDD.OQ,1,1,0,1,0,1,XNGS
MIGI.OQ,1,1,0,1,0,1,XNCM
MILN.OQ,1,1,0,1,0,1,XNMS
MIMI.OQ,1,1,0,1,0,1,XNCM
MIN.N,1,1,0,1,0,1,XNYS
MIND.OQ,1,1,0,1,0,1,XNCM
MINE.A,1,1,0,1,0,1,XASE
MIR.N,1,1,0,1,0,1,XNYS
MIRA.OQ,1,1,0,1,0,1,XNCM
MIRM.OQ,1,1,0,1,0,1,XNMS
MIST.OQ,1,1,0,1,0,1,XNGS
MITK.OQ,1,1,0,1,0,1,XNCM
MITQ.A,1,1,0,1,0,1,XASE
MITT.N,1,1,0,1,0,1,XNYS
MIY.N,1,1,0,1,0,1,XNYS
MKC,1,1,0,1,1,0,
MKC.N,1,1,0,1,0,1,XNYS
MKDW.OQ,1,1,0,1,0,1,XNCM
MKL.N,1,1,0,1,0,1,XNYS
MKLY.OQ,1,1,0,1,0,1,XNMS
MKSI.OQ,1,1,0,1,0,1,XNGS
MKTW.OQ,1,1,0,1,0,1,XNMS
MKTX.N,1,1,0,1,1,0,
MKTX.OQ,1,1,0,1,0,1,XNGS
MKZR.OQ,1,1,0,1,0,1,XNCM
MLAB.OQ,1,1,0,1,0,1,XNGS
MLAC.OQ,1,1,0,1,0,1,XNMS
MLCI.OQ,1,1,0,1,0,1,XNMS
MLCO.OQ,1,1,0,1,0,1,XNGS
MLEC.OQ,1,1,0,1,0,1,XNCM
MLGO.OQ,1,1,0,1,0,1,XNCM
MLI.N,1,1,0,1,0,1,XNYS
MLKN.N,1,1,0,1,1,0,
MLKN.OQ,1,1,0,1,0,1,XNGS
MLM.N,1,1,0,1,0,1,XNYS
MLP.N,1,1,0,1,0,1,XNYS
MLR.N,1,1,0,1,0,1,XNYS
MLSS.A,1,1,0,1,0,1,XASE
MLTX.OQ,1,1,0,1,0,1,XNCM
MLYS.OQ,1,1,0,1,0,1,XNGS
MMA.A,1,1,0,1,0,1,XASE
MMD.N,1,1,0,1,0,1,XNYS
MMED.OQ,1,1,0,1,0,1,XNGS
MMI.N,1,1,0,1,0,1,XNYS
MMK.N,1,1,0,1,0,1,XNYS
MMKT.N,1,1,0,1,0,1,XNYS
MMLP.OQ,1,1,0,1,0,1,XNGS
MMM,1,1,0,1,1,0,
MMM.N,1,1,0,1,0,1,XNYS
MMS.N,1,1,0,1,0,1,XNYS
MMSI.OQ,1,1,0,1,0,1,XNGS
MMT.N,1,1,0,1,0,1,XNYS
MMTX.OQ,1,1,0,1,0,1,XNMS
MMU.N,1,1,0,1,0,1,XNYS
MMYT.OQ,1,1,0,1,0,1,XNGS
MNDO.OQ,1,1,0,1,0,1,XNMS
MNDR.OQ,1,1,0,1,0,1,XNCM
MNDY.OQ,1,1,0,1,0,1,XNGS
MNKD.OQ,1,1,0,1,0,1,XNMS
MNOV.OQ,1,1,0,1,0,1,XNMS
MNPR.OQ,1,1,0,1,0,1,XNCM
MNR.N,1,1,0,1,0,1,XNYS
MNRO.OQ,1,1,0,1,0,1,XNGS
MNSB.OQ,1,1,0,1,0,1,XNCM
MNST.N,1,1,0,1,1,0,
MNST.OQ,1,1,0,1,0,1,XNGS
MNTK.OQ,1,1,0,1,0,1,XNCM
MNTN.N,1,1,0,1,0,1,XNYS
MNTS.OQ,1,1,0,1,0,1,XNCM
MNVT.OQ,1,1,0,1,0,1,XNMS
MNY.OQ,1,1,0,1,0,1,XNMS
MNZL.OQ,1,1,0,1,0,1,XNMS
MO.N,1,1,0,1,0,1,XNYS
MOB.OQ,1,1,0,1,0,1,XNCM
MOBX.OQ,1,1,0,1,0,1,XNCM
MOD.N,1,1,0,1,0,1,XNYS
MODD.OQ,1,1,0,1,0,1,XNCM
MOGA.N,1,1,0,1,0,1,
MOGU.N,1,1,0,1,0,1,XNYS
MOH.N,1,1,0,1,0,1,XNYS
MOMO.OQ,1,1,0,1,0,1,XNGS
MORN.OQ,1,1,0,1,0,1,XNGS
MOS.N,1,1,0,1,0,1,XNYS
MOV.N,1,1,0,1,0,1,XNYS
MOVE.OQ,1,1,0,1,0,1,XNCM
MP.N,1,1,0,1,0,1,XNYS
MPA.N,1,1,0,1,0,1,XNYS
MPAA.OQ,1,1,0,1,0,1,XNGS
MPB.OQ,1,1,0,1,0,1,XNMS
MPC,1,1,0,1,1,0,
MPC.N,1,1,0,1,0,1,XNYS
MPLT.OQ,1,1,0,1,0,1,XNGS
MPLX.N,1,1,0,1,0,1,XNYS
MPT.N,1,1,0,1,0,1,XNYS
MPTI.A,1,1,0,1,0,1,XASE
MPU.A,1,1,0,1,0,1,XASE
MPV.N,1,1,0,1,0,1,XNYS
MPWR.OQ,1,1,0,1,0,1,XNGS
MPX.N,1,1,0,1,0,1,XNYS
MQ.OQ,1,1,0,1,0,1,XNGS
MQQQ.OQ,1,1,0,1,0,1,XNMS
MQY.N,1,1,0,1,0,1,XNYS
MRAL.OQ,1,1,0,1,0,1,XNMS
MRAM.OQ,1,1,0,1,0,1,XNMS
MRBK.OQ,1,1,0,1,0,1,XNGS
MRCC.OQ,1,1,0,1,0,1,XNGS
MRCY.OQ,1,1,0,1,0,1,XNGS
MRDN.OQ,1,1,0,1,0,1,XNCM
MREO.OQ,1,1,0,1,0,1,XNCM
MRK,1,1,0,1,1,0,
MRK.N,1,1,0,1,0,1,XNYS
MRKR.OQ,1,1,0,1,0,1,XNCM
MRM.OQ,1,1,0,1,0,1,XNCM
MRNA.N,1,1,0,1,1,0,
MRNA.OQ,1,1,0,1,0,1,XNGS
MRNO.OQ,1,1,0,1,0,1,XNCM
MRP.N,1,1,0,1,0,1,XNYS
MRSH.N,1,1,0,1,0,1,XNYS
MRT.A,1,1,0,1,0,1,XASE
MRTN.OQ,1,1,0,1,0,1,XNGS
MRVI.OQ,1,1,0,1,0,1,XNGS
MRVL.N,1,1,0,1,1,0,
MRVL.OQ,1,1,0,1,0,1,XNGS
MRVU.OQ,1,1,0,1,0,1,XNMS
MRX.N,1,1,0,1,1,0,
MRX.OQ,1,1,0,1,0,1,XNGS
MS,1,1,0,1,1,0,
MS.N,1,1,0,1,0,1,XNYS
MSA.N,1,1,0,1,0,1,XNYS
MSAI.OQ,1,1,0,1,0,1,XNCM
MSB.N,1,1,0,1,0,1,XNYS
MSBI.OQ,1,1,0,1,0,1,XNGS
MSC.N,1,1,0,1,0,1,XNYS
MSCI.N,1,1,0,1,1,1,XNYS
MSD.N,1,1,0,1,0,1,XNYS
MSDD.OQ,1,1,0,1,0,1,XNMS
MSDL.N,1,1,0,1,0,1,XNYS
MSEX.OQ,1,1,0,1,0,1,XNGS
MSFD.OQ,1,1,0,1,0,1,XNMS
MSFL.OQ,1,1,0,1,0,1,XNMS
MSFT.N,1,1,0,1,1,0,
MSFT.OQ,1,1,0,1,0,1,XNGS
MSFU.OQ,1,1,0,1,0,1,XNMS
MSGE.N,1,1,0,1,0,1,XNYS
MSGM.OQ,1,1,0,1,0,1,XNCM
MSGS.N,1,1,0,1,0,1,XNYS
MSGY.OQ,1,1,0,1,0,1,XNCM
MSI.N,1,1,0,1,0,1,XNYS
MSIF.N,1,1,0,1,0,1,XNYS
MSLE.OQ,1,1,0,1,0,1,XNMS
MSM.N,1,1,0,1,0,1,XNYS
MSN.A,1,1,0,1,0,1,XASE
MSS.OQ,1,1,0,1,0,1,XNCM
MSTP.OQ,1,1,0,1,0,1,XNMS
MSTR.N,1,1,0,1,1,0,
MSTR.OQ,1,1,0,1,0,1,XNGS
MSW.OQ,1,1,0,1,0,1,XNCM
MTA.A,1,1,0,1,0,1,XASE
MTAL_U.N,1,1,0,1,0,1,
MTB,1,1,0,1,1,0,
MTB.N,1,1,0,1,0,1,XNYS
MTC.OQ,1,1,0,1,0,1,XNCM
MTCH.OQ,1,1,0,1,0,1,XNGS
MTD.N,1,1,0,1,0,1,XNYS
MTDR.N,1,1,0,1,0,1,XNYS
MTEK.OQ,1,1,0,1,0,1,XNCM
MTEN.OQ,1,1,0,1,0,1,XNCM
MTEX.OQ,1,1,0,1,0,1,XNCM
MTG.N,1,1,0,1,0,1,XNYS
MTH.N,1,1,0,1,0,1,XNYS
MTN,1,1,0,1,1,0,
MTN.N,1,1,0,1,0,1,XNYS
MTNB.A,1,1,0,1,0,1,XASE
MTR.N,1,1,0,1,0,1,XNYS
MTRN.N,1,1,0,1,0,1,XNYS
MTRX.OQ,1,1,0,1,0,1,XNGS
MTSI.OQ,1,1,0,1,0,1,XNGS
MTUS.N,1,1,0,1,0,1,XNYS
MTVA.OQ,1,1,0,1,0,1,XNCM
MTW.N,1,1,0,1,0,1,XNYS
MTX.N,1,1,0,1,0,1,XNYS
MTYY.OQ,1,1,0,1,0,1,XNMS
MTZ.N,1,1,0,1,0,1,XNYS
MU.N,1,1,0,1,1,0,
MU.OQ,1,1,0,1,0,1,XNGS
MUA.N,1,1,0,1,0,1,XNYS
MUC.N,1,1,0,1,0,1,XNYS
MUD.OQ,1,1,0,1,0,1,XNMS
MUJ.N,1,1,0,1,0,1,XNYS
MULL.OQ,1,1,0,1,0,1,XNMS
MUR.N,1,1,0,1,0,1,XNYS
MUSA.N,1,1,0,1,0,1,XNYS
MUSE.N,1,1,0,1,0,1,XNYS
MUU.OQ,1,1,0,1,0,1,XNMS
MUX.N,1,1,0,1,0,1,XNYS
MUZE.OQ,1,1,0,1,0,1,XNMS
MVBF.OQ,1,1,0,1,0,1,XNCM
MVIS.OQ,1,1,0,1,0,1,XNMS
MVLL.OQ,1,1,0,1,0,1,XNMS
MVO.N,1,1,0,1,0,1,XNYS
MVST.OQ,1,1,0,1,0,1,XNCM
MWA.N,1,1,0,1,0,1,XNYS
MWG.A,1,1,0,1,0,1,XASE
MWH.OQ,1,1,0,1,0,1,XNGS
MWYN.OQ,1,1,0,1,0,1,XNCM
MX.N,1,1,0,1,0,1,XNYS
MXC.A,1,1,0,1,0,1,XASE
MXCT.OQ,1,1,0,1,0,1,XNGS
MXE.N,1,1,0,1,0,1,XNYS
MXF.N,1,1,0,1,0,1,XNYS
MXL.OQ,1,1,0,1,0,1,XNGS
MYCF.OQ,1,1,0,1,0,1,XNMS
MYCG.OQ,1,1,0,1,0,1,XNMS
MYCH.OQ,1,1,0,1,0,1,XNMS
MYCI.OQ,1,1,0,1,0,1,XNMS
MYCJ.OQ,1,1,0,1,0,1,XNMS
MYCK.OQ,1,1,0,1,0,1,XNMS
MYCL.OQ,1,1,0,1,0,1,XNMS
MYCM.OQ,1,1,0,1,0,1,XNMS
MYCN.OQ,1,1,0,1,0,1,XNMS
MYE.N,1,1,0,1,0,1,XNYS
MYFW.OQ,1,1,0,1,0,1,XNGS
MYGN.OQ,1,1,0,1,0,1,XNGS
MYHA.OQ,1,1,0,1,0,1,XNMS
MYHB.OQ,1,1,0,1,0,1,XNMS
MYHC.OQ,1,1,0,1,0,1,XNMS
MYHD.OQ,1,1,0,1,0,1,XNMS
MYHE.OQ,1,1,0,1,0,1,XNMS
MYI.N,1,1,0,1,0,1,XNYS
MYMF.OQ,1,1,0,1,0,1,XNMS
MYMG.OQ,1,1,0,1,0,1,XNMS
MYMH.OQ,1,1,0,1,0,1,XNMS
MYMI.OQ,1,1,0,1,0,1,XNMS
MYMJ.OQ,1,1,0,1,0,1,XNMS
MYMK.OQ,1,1,0,1,0,1,XNMS
MYN.N,1,1,0,1,0,1,XNYS
MYND.A,1,1,0,1,0,1,XASE
MYO.A,1,1,0,1,0,1,XASE
MYPS.OQ,1,1,0,1,0,1,XNMS
MYRG.OQ,1,1,0,1,0,1,XNGS
MYSE.OQ,1,1,0,1,0,1,XNCM
MYSZ.OQ,1,1,0,1,0,1,XNCM
MZTI.OQ,1,1,0,1,0,1,XNGS
MZYX_U.N,1,1,0,1,0,1,
NA.OQ,1,1,0,1,0,1,XNMS
NAAS.OQ,1,1,0,1,0,1,XNCM
NABL.N,1,1,0,1,0,1,XNYS
NAC.N,1,1,0,1,0,1,XNYS
NAD.N,1,1,0,1,0,1,XNYS
NAGE.OQ,1,1,0,1,0,1,XNCM
NAII.OQ,1,1,0,1,0,1,XNMS
NAK.A,1,1,0,1,0,1,XASE
NAMI.OQ,1,1,0,1,0,1,XNCM
NAMM.OQ,1,1,0,1,0,1,XNMS
NAMS.OQ,1,1,0,1,0,1,XNMS
NAN.N,1,1,0,1,0,1,XNYS
NAT.N,1,1,0,1,0,1,XNYS
NATH.OQ,1,1,0,1,0,1,XNGS
NATL.N,1,1,0,1,0,1,XNYS
NATO.OQ,1,1,0,1,0,1,XNMS
NATR.OQ,1,1,0,1,0,1,XNCM
NAUT.OQ,1,1,0,1,0,1,XNCM
NAVI.OQ,1,1,0,1,0,1,XNGS
NAVN.OQ,1,1,0,1,0,1,XNGS
NAZ.N,1,1,0,1,0,1,XNYS
NB.OQ,1,1,0,1,0,1,XNMS
NBB.N,1,1,0,1,0,1,XNYS
NBBK.OQ,1,1,0,1,0,1,XNCM
NBH.A,1,1,0,1,0,1,XASE
NBHC.N,1,1,0,1,0,1,XNYS
NBIL.OQ,1,1,0,1,0,1,XNMS
NBIS.OQ,1,1,0,1,0,1,XNGS
NBIX.OQ,1,1,0,1,0,1,XNGS
NBN.OQ,1,1,0,1,0,1,XNMS
NBP.OQ,1,1,0,1,0,1,XNMS
NBR.N,1,1,0,1,0,1,XNYS
NBTB.OQ,1,1,0,1,0,1,XNGS
NBXG.N,1,1,0,1,0,1,XNYS
NBY.A,1,1,0,1,0,1,XASE
NC.N,1,1,0,1,0,1,XNYS
NCA.N,1,1,0,1,0,1,XNYS
NCDL.N,1,1,0,1,0,1,XNYS
NCEL.OQ,1,1,0,1,0,1,XNCM
NCEW.OQ,1,1,0,1,0,1,XNCM
NCI.OQ,1,1,0,1,0,1,XNCM
NCIQ.OQ,1,1,0,1,0,1,XNMS
NCL.A,1,1,0,1,0,1,XASE
NCLH.N,1,1,0,1,0,1,XNYS
NCMI.OQ,1,1,0,1,0,1,XNGS
NCNA.OQ,1,1,0,1,0,1,XNCM
NCNO.OQ,1,1,0,1,0,1,XNGS
NCPL.OQ,1,1,0,1,0,1,XNCM
NCRA.OQ,1,1,0,1,0,1,XNCM
NCSM.OQ,1,1,0,1,0,1,XNCM
NCT.OQ,1,1,0,1,0,1,XNCM
NCTY.OQ,1,1,0,1,0,1,XNCM
NCV.N,1,1,0,1,0,1,XNYS
NCZ.N,1,1,0,1,0,1,XNYS
NDAA.OQ,1,1,0,1,0,1,XNMS
NDAQ.N,1,1,0,1,1,0,
NDAQ.OQ,1,1,0,1,0,1,XNGS
NDLS.OQ,1,1,0,1,0,1,XNGS
NDMO.N,1,1,0,1,0,1,XNYS
NDRA.OQ,1,1,0,1,0,1,XNCM
NDSN.OQ,1,1,0,1,0,1,XNGS
NE.N,1,1,0,1,0,1,XNYS
NEA.N,1,1,0,1,0,1,XNYS
NECB.OQ,1,1,0,1,0,1,XNCM
NEE.N,1,1,0,1,0,1,XNYS
NEGG.OQ,1,1,0,1,0,1,XNCM
NEM.N,1,1,0,1,0,1,XNYS
NEMG.OQ,1,1,0,1,0,1,XNMS
NEN.A,1,1,0,1,0,1,XASE
NEO.OQ,1,1,0,1,0,1,XNCM
NEOG.N,1,1,0,1,1,0,
NEOG.OQ,1,1,0,1,0,1,XNGS
NEON.OQ,1,1,0,1,0,1,XNCM
NEOV.OQ,1,1,0,1,0,1,XNCM
NEPH.OQ,1,1,0,1,0,1,XNCM
NERV.OQ,1,1,0,1,0,1,XNCM
NESR.OQ,1,1,0,1,0,1,XNCM
NET,1,1,0,1,1,0,
NET.N,1,1,0,1,0,1,XNYS
NETG.OQ,1,1,0,1,0,1,XNMS
NEU.N,1,1,0,1,0,1,XNYS
NEUP.OQ,1,1,0,1,0,1,XNMS
NEWP.A,1,1,0,1,0,1,XASE
NEWT.OQ,1,1,0,1,0,1,XNMS
NEXA.N,1,1,0,1,0,1,XNYS
NEXM.OQ,1,1,0,1,0,1,XNCM
NEXN.OQ,1,1,0,1,0,1,XNMS
NEXT.OQ,1,1,0,1,0,1,XNCM
NFBK.OQ,1,1,0,1,0,1,XNGS
NFE.OQ,1,1,0,1,0,1,XNGS
NFG.N,1,1,0,1,0,1,XNYS
NFGC.A,1,1,0,1,0,1,XASE
NFJ.N,1,1,0,1,0,1,XNYS
NFLX.N,1,1,0,1,1,0,
NFLX.OQ,1,1,0,1,0,1,XNGS
NFTY.OQ,1,1,0,1,0,1,XNMS
NFXL.OQ,1,1,0,1,0,1,XNMS
NFXS.OQ,1,1,0,1,0,1,XNMS
NG.A,1,1,0,1,0,1,XASE
NGEN.OQ,1,1,0,1,0,1,XNCM
NGL.N,1,1,0,1,0,1,XNYS
NGNE.OQ,1,1,0,1,0,1,XNMS
NGS.N,1,1,0,1,0,1,XNYS
NGVC.N,1,1,0,1,0,1,XNYS
NGVT.N,1,1,0,1,0,1,XNYS
NHC.A,1,1,0,1,0,1,XASE
NHI.N,1,1,0,1,0,1,XNYS
NHIC.OQ,1,1,0,1,0,1,XNMS
NHPAP.OQ,1,1,0,1,0,1,XNMS
NHS.A,1,1,0,1,0,1,XASE
NHTC.OQ,1,1,0,1,0,1,XNCM
NI.N,1,1,0,1,0,1,XNYS
NIC.N,1,1,0,1,0,1,XNYS
NIE.N,1,1,0,1,0,1,XNYS
NIKL.OQ,1,1,0,1,0,1,XNMS
NIM.N,1,1,0,1,0,1,XNYS
NIO.N,1,1,0,1,0,1,XNYS
NIOG.OQ,1,1,0,1,0,1,XNMS
NIPG.OQ,1,1,0,1,0,1,XNMS
NIQ.N,1,1,0,1,0,1,XNYS
NIU.OQ,1,1,0,1,0,1,XNMS
NIVF.OQ,1,1,0,1,0,1,XNCM
NIXX.OQ,1,1,0,1,0,1,XNCM
NJR.N,1,1,0,1,0,1,XNYS
NKE,1,1,0,1,1,0,
NKE.N,1,1,0,1,0,1,XNYS
NKLR.OQ,1,1,0,1,0,1,XNMS
NKSH.OQ,1,1,0,1,0,1,XNCM
NKTR.OQ,1,1,0,1,0,1,XNCM
NKTX.OQ,1,1,0,1,0,1,XNGS
NKX.N,1,1,0,1,0,1,XNYS
NL.N,1,1,0,1,0,1,XNYS
NLOP.N,1,1,0,1,0,1,XNYS
NLY.N,1,1,0,1,0,1,XNYS
NMAI.N,1,1,0,1,0,1,XNYS
NMAX.N,1,1,0,1,1,1,XNYS
NMCO.N,1,1,0,1,0,1,XNYS
NMFC.OQ,1,1,0,1,0,1,XNGS
NMG.N,1,1,0,1,0,1,XNYS
NMI.N,1,1,0,1,0,1,XNYS
NMIH.OQ,1,1,0,1,0,1,XNMS
NML.A,1,1,0,1,0,1,XASE
NMM.N,1,1,0,1,0,1,XNYS
NMP.OQ,1,1,0,1,0,1,XNMS
NMRA.OQ,1,1,0,1,0,1,XNGS
NMRK.OQ,1,1,0,1,0,1,XNGS
NMS.N,1,1,0,1,0,1,XNYS
NMT.N,1,1,0,1,0,1,XNYS
NMTC.OQ,1,1,0,1,0,1,XNCM
NMZ.N,1,1,0,1,0,1,XNYS
NN.OQ,1,1,0,1,0,1,XNCM
NNBR.OQ,1,1,0,1,0,1,XNGS
NNDM.OQ,1,1,0,1,0,1,XNCM
NNE.OQ,1,1,0,1,0,1,XNCM
NNI.N,1,1,0,1,0,1,XNYS
NNN.N,1,1,0,1,0,1,XNYS
NNNN.OQ,1,1,0,1,0,1,XNMS
NNOX.OQ,1,1,0,1,0,1,XNMS
NNVC.A,1,1,0,1,0,1,XASE
NNY.N,1,1,0,1,0,1,XNYS
NOA.N,1,1,0,1,0,1,XNYS
NOAH.N,1,1,0,1,0,1,XNYS
NOC,1,1,0,1,1,0,
NOC.N,1,1,0,1,0,1,XNYS
NODK.OQ,1,1,0,1,0,1,XNCM
NOEM.OQ,1,1,0,1,0,1,XNMS
NOG.N,1,1,0,1,0,1,XNYS
NOM.N,1,1,0,1,0,1,XNYS
NOMA.OQ,1,1,0,1,0,1,XNCM
NOMD.N,1,1,0,1,0,1,XNYS
NOTV.OQ,1,1,0,1,0,1,XNCM
NOV.N,1,1,0,1,0,1,XNYS
NOVT.OQ,1,1,0,1,0,1,XNGS
NOW.N,1,1,0,1,0,1,XNYS
NOWL.OQ,1,1,0,1,0,1,XNMS
NP.N,1,1,0,1,0,1,XNYS
NPAC.OQ,1,1,0,1,0,1,XNMS
NPB.N,1,1,0,1,0,1,XNYS
NPCE.OQ,1,1,0,1,0,1,XNMS
NPCT.N,1,1,0,1,0,1,XNYS
NPFD.N,1,1,0,1,0,1,XNYS
NPK.N,1,1,0,1,0,1,XNYS
NPKI.N,1,1,0,1,0,1,XNYS
NPO.N,1,1,0,1,0,1,XNYS
NPT.OQ,1,1,0,1,0,1,XNCM
NPV.N,1,1,0,1,0,1,XNYS
NPWR.N,1,1,0,1,0,1,XNYS
NQP.N,1,1,0,1,0,1,XNYS
NRC.OQ,1,1,0,1,0,1,XNGS
NRDS.OQ,1,1,0,1,0,1,XNMS
NRDY.N,1,1,0,1,0,1,XNYS
NREF.N,1,1,0,1,0,1,XNYS
NRG.N,1,1,0,1,0,1,XNYS
NRGV.N,1,1,0,1,0,1,XNYS
NRIM.OQ,1,1,0,1,0,1,XNGS
NRIX.N,1,1,0,1,1,0,
NRIX.OQ,1,1,0,1,0,1,XNMS
NRK.N,1,1,0,1,0,1,XNYS
NRO.A,1,1,0,1,0,1,XASE
NRP.N,1,1,0,1,0,1,XNYS
NRSN.OQ,1,1,0,1,0,1,XNCM
NRT.N,1,1,0,1,0,1,XNYS
NRXP.OQ,1,1,0,1,0,1,XNCM
NRXS.A,1,1,0,1,0,1,XASE
NSA.N,1,1,0,1,0,1,XNYS
NSC.N,1,1,0,1,0,1,XNYS
NSI.OQ,1,1,0,1,0,1,XNMS
NSIT.OQ,1,1,0,1,0,1,XNGS
NSP.N,1,1,0,1,0,1,XNYS
NSPR.OQ,1,1,0,1,0,1,XNCM
NSRX.A,1,1,0,1,0,1,XASE
NSSC.OQ,1,1,0,1,0,1,XNGS
NSTS.OQ,1,1,0,1,0,1,XNCM
NSYS.OQ,1,1,0,1,0,1,XNCM
NTAP.OQ,1,1,0,1,0,1,XNGS
NTB.N,1,1,0,1,0,1,XNYS
NTCL.OQ,1,1,0,1,0,1,XNCM
NTCT.OQ,1,1,0,1,0,1,XNGS
NTES.OQ,1,1,0,1,0,1,XNGS
NTGR.OQ,1,1,0,1,0,1,XNGS
NTHI.OQ,1,1,0,1,0,1,XNMS
NTIC.OQ,1,1,0,1,0,1,XNMS
NTIP.A,1,1,0,1,0,1,XASE
NTLA.OQ,1,1,0,1,0,1,XNMS
NTNX.OQ,1,1,0,1,0,1,XNGS
NTR.N,1,1,0,1,0,1,XNYS
NTRA.OQ,1,1,0,1,0,1,XNGS
NTRB.OQ,1,1,0,1,0,1,XNCM
NTRP.OQ,1,1,0,1,0,1,XNCM
NTRS.N,1,1,0,1,1,0,
NTRS.OQ,1,1,0,1,0,1,XNGS
NTSK.OQ,1,1,0,1,0,1,XNGS
NTST.N,1,1,0,1,0,1,XNYS
NTWK.OQ,1,1,0,1,0,1,XNCM
NTWO.OQ,1,1,0,1,0,1,XNMS
NTZ.N,1,1,0,1,0,1,XNYS
NU.N,1,1,0,1,0,1,XNYS
NUAI.OQ,1,1,0,1,0,1,XNMS
NUCL.OQ,1,1,0,1,0,1,XNCM
NUE.N,1,1,0,1,0,1,XNYS
NUG.OQ,1,1,0,1,0,1,XNMS
NUGY.OQ,1,1,0,1,0,1,XNMS
NUS.N,1,1,0,1,0,1,XNYS
NUTR.OQ,1,1,0,1,0,1,XNCM
NUTX.OQ,1,1,0,1,0,1,XNCM
NUV.N,1,1,0,1,0,1,XNYS
NUVB.N,1,1,0,1,0,1,XNYS
NUVL.OQ,1,1,0,1,0,1,XNGS
NUW.N,1,1,0,1,0,1,XNYS
NUWE.OQ,1,1,0,1,0,1,XNCM
NVAX.OQ,1,1,0,1,0,1,XNGS
NVCR.OQ,1,1,0,1,0,1,XNGS
NVCT.OQ,1,1,0,1,0,1,XNCM
NVD.OQ,1,1,0,1,0,1,XNMS
NVDA.N,1,1,0,1,1,0,
NVDA.OQ,1,1,0,1,0,1,XNGS
NVDG.OQ,1,1,0,1,0,1,XNMS
NVDL.OQ,1,1,0,1,0,1,XNMS
NVDS.OQ,1,1,0,1,0,1,XNMS
NVDU.OQ,1,1,0,1,0,1,XNMS
NVEC.OQ,1,1,0,1,0,1,XNCM
NVG.N,1,1,0,1,0,1,XNYS
NVGS.N,1,1,0,1,0,1,XNYS
NVMI.OQ,1,1,0,1,0,1,XNGS
NVNI.OQ,1,1,0,1,0,1,XNCM
NVNO.OQ,1,1,0,1,0,1,XNCM
NVR.N,1,1,0,1,0,1,XNYS
NVRI.N,1,1,0,1,0,1,XNYS
NVST.N,1,1,0,1,0,1,XNYS
NVT.N,1,1,0,1,0,1,XNYS
NVTS.N,1,1,0,1,1,0,
NVTS.OQ,1,1,0,1,0,1,XNMS
NVVE.OQ,1,1,0,1,0,1,XNCM
NVYY.OQ,1,1,0,1,0,1,XNMS
NWAX.N,1,1,0,1,0,1,XNYS
NWBI.OQ,1,1,0,1,0,1,XNGS
NWE.OQ,1,1,0,1,0,1,XNGS
NWFL.OQ,1,1,0,1,0,1,XNMS
NWGL.OQ,1,1,0,1,0,1,XNCM
NWL.OQ,1,1,0,1,0,1,XNGS
NWN.N,1,1,0,1,0,1,XNYS
NWPX.OQ,1,1,0,1,0,1,XNGS
NWSA.N,1,1,0,1,1,0,
NWSA.OQ,1,1,0,1,0,1,XNGS
NWTG.OQ,1,1,0,1,0,1,XNCM
NX.N,1,1,0,1,0,1,XNYS
NXDR.N,1,1,0,1,0,1,XNYS
NXDT.N,1,1,0,1,0,1,XNYS
NXE.N,1,1,0,1,0,1,XNYS
NXG.N,1,1,0,1,0,1,XNYS
NXGL.OQ,1,1,0,1,0,1,XNCM
NXJ.N,1,1,0,1,0,1,XNYS
NXL.OQ,1,1,0,1,0,1,XNCM
NXP.N,1,1,0,1,0,1,XNYS
NXPI.N,1,1,0,1,1,0,
NXPI.OQ,1,1,0,1,0,1,XNGS
NXPL.OQ,1,1,0,1,0,1,XNCM
NXRT.N,1,1,0,1,0,1,XNYS
NXST.OQ,1,1,0,1,0,1,XNGS
NXT.OQ,1,1,0,1,0,1,XNGS
NXTC.OQ,1,1,0,1,0,1,XNGS
NXTG.OQ,1,1,0,1,0,1,XNMS
NXTS.OQ,1,1,0,1,0,1,XNCM
NXTT.OQ,1,1,0,1,0,1,XNCM
NXXT.OQ,1,1,0,1,0,1,XNCM
NYAX.OQ,1,1,0,1,0,1,XNGS
NYC.N,1,1,0,1,0,1,XNYS
NYT,1,1,0,1,1,0,
NYT.N,1,1,0,1,0,1,XNYS
NYXH.OQ,1,1,0,1,0,1,XNMS
NZAC.OQ,1,1,0,1,0,1,XNMS
NZF.N,1,1,0,1,0,1,XNYS
NZUS.OQ,1,1,0,1,0,1,XNMS
O.N,1,1,0,1,0,1,XNYS
OABI.OQ,1,1,0,1,0,1,XNMS
OACC.OQ,1,1,0,1,0,1,XNMS
OAKU.OQ,1,1,0,1,0,1,XNCM
OAK_PA.N,1,1,0,1,0,1,
OBA.OQ,1,1,0,1,0,1,XNMS
OBAI.OQ,1,1,0,1,0,1,XNMS
OBDC.N,1,1,0,1,0,1,XNYS
OBE.A,1,1,0,1,0,1,XASE
OBIL.OQ,1,1,0,1,0,1,XNMS
OBIO.OQ,1,1,0,1,0,1,XNMS
OBK.N,1,1,0,1,0,1,XNYS
OBT.OQ,1,1,0,1,0,1,XNCM
OBTC.OQ,1,1,0,1,0,1,XNMS
OC.N,1,1,0,1,0,1,XNYS
OCC.OQ,1,1,0,1,0,1,XNMS
OCCI.OQ,1,1,0,1,0,1,XNCM
OCFC.OQ,1,1,0,1,0,1,XNGS
OCG.OQ,1,1,0,1,0,1,XNCM
OCGN.OQ,1,1,0,1,0,1,XNCM
OCS.OQ,1,1,0,1,0,1,XNMS
OCSL.OQ,1,1,0,1,0,1,XNGS
OCUL.OQ,1,1,0,1,0,1,XNMS
ODC.N,1,1,0,1,0,1,XNYS
ODD.OQ,1,1,0,1,0,1,XNMS
ODFL.OQ,1,1,0,1,0,1,XNGS
ODV.N,1,1,0,1,0,1,XNYS
ODYS.OQ,1,1,0,1,0,1,XNCM
OEC.N,1,1,0,1,0,1,XNYS
OESX.OQ,1,1,0,1,0,1,XNCM
OFAL.OQ,1,1,0,1,0,1,XNCM
OFG.N,1,1,0,1,0,1,XNYS
OFIX.OQ,1,1,0,1,0,1,XNGS
OFLX.OQ,1,1,0,1,0,1,XNMS
OFRM.N,1,1,0,1,0,1,XNYS
OFS.OQ,1,1,0,1,0,1,XNGS
OGE.N,1,1,0,1,0,1,XNYS
OGEN.A,1,1,0,1,0,1,XASE
OGI.OQ,1,1,0,1,0,1,XNGS
OGN.N,1,1,0,1,0,1,XNYS
OGS.N,1,1,0,1,0,1,XNYS
OHI.N,1,1,0,1,0,1,XNYS
OI.N,1,1,0,1,0,1,XNYS
OIA.N,1,1,0,1,0,1,XNYS
OII.N,1,1,0,1,0,1,XNYS
OIM.OQ,1,1,0,1,0,1,XNMS
OIO.OQ,1,1,0,1,0,1,XNCM
OIS.N,1,1,0,1,0,1,XNYS
OKE.N,1,1,0,1,0,1,XNYS
OKLO.N,1,1,0,1,1,1,XNYS
OKTA.N,1,1,0,1,1,0,
OKTA.OQ,1,1,0,1,0,1,XNGS
OKTG.OQ,1,1,0,1,0,1,XNMS
OKUR.OQ,1,1,0,1,0,1,XNMS
OKYO.OQ,1,1,0,1,0,1,XNCM
OLB.OQ,1,1,0,1,0,1,XNCM
OLED.OQ,1,1,0,1,0,1,XNGS
OLLI.OQ,1,1,0,1,0,1,XNMS
OLMA.OQ,1,1,0,1,0,1,XNGS
OLN.N,1,1,0,1,0,1,XNYS
OLOX.OQ,1,1,0,1,0,1,XNCM
OLP.N,1,1,0,1,0,1,XNYS
OLPX.OQ,1,1,0,1,0,1,XNGS
OM.OQ,1,1,0,1,0,1,XNGS
OMC,1,1,0,1,1,0,
OMC.N,1,1,0,1,0,1,XNYS
OMCL.OQ,1,1,0,1,0,1,XNGS
OMDA.OQ,1,1,0,1,0,1,XNGS
OMER.OQ,1,1,0,1,0,1,XNMS
OMEX.OQ,1,1,0,1,0,1,XNCM
OMF.N,1,1,0,1,0,1,XNYS
OMH.OQ,1,1,0,1,0,1,XNCM
OMSE.OQ,1,1,0,1,0,1,XNCM
ON.N,1,1,0,1,1,0,
ON.OQ,1,1,0,1,0,1,XNGS
ONB.OQ,1,1,0,1,0,1,XNGS
ONCH.OQ,1,1,0,1,0,1,XNMS
ONCO.OQ,1,1,0,1,0,1,XNCM
ONDG.OQ,1,1,0,1,0,1,XNMS
ONDS.OQ,1,1,0,1,0,1,XNCM
ONEG.OQ,1,1,0,1,0,1,XNCM
ONEQ.OQ,1,1,0,1,0,1,XNMS
ONEW.OQ,1,1,0,1,0,1,XNMS
ONFO.OQ,1,1,0,1,0,1,XNCM
ONIT.N,1,1,0,1,0,1,XNYS
ONL.N,1,1,0,1,0,1,XNYS
ONMD.OQ,1,1,0,1,0,1,XNCM
ONON.N,1,1,0,1,0,1,XNYS
ONTF.N,1,1,0,1,0,1,XNYS
ONTO.N,1,1,0,1,0,1,XNYS
OOMA.N,1,1,0,1,0,1,XNYS
OPAD.N,1,1,0,1,0,1,XNYS
OPAL.OQ,1,1,0,1,0,1,XNCM
OPBK.OQ,1,1,0,1,0,1,XNMS
OPCH.OQ,1,1,0,1,0,1,XNGS
OPEG.OQ,1,1,0,1,0,1,XNMS
OPEN.N,1,1,0,1,1,0,
OPEN.OQ,1,1,0,1,0,1,XNGS
OPFI.N,1,1,0,1,0,1,XNYS
OPHC.A,1,1,0,1,0,1,XASE
OPK.OQ,1,1,0,1,0,1,XNGS
OPLN.N,1,1,0,1,0,1,XNYS
OPP.N,1,1,0,1,0,1,XNYS
OPPJ.OQ,1,1,0,1,0,1,XNMS
OPRA.OQ,1,1,0,1,0,1,XNGS
OPRT.OQ,1,1,0,1,0,1,XNGS
OPRX.OQ,1,1,0,1,0,1,XNCM
OPTT.A,1,1,0,1,0,1,XASE
OPTU.N,1,1,0,1,0,1,XNYS
OPTX.OQ,1,1,0,1,0,1,XNCM
OPXS.OQ,1,1,0,1,0,1,XNCM
OPY.N,1,1,0,1,0,1,XNYS
OR.N,1,1,0,1,0,1,XNYS
ORA.N,1,1,0,1,0,1,XNYS
ORBS.OQ,1,1,0,1,0,1,XNCM
ORC.N,1,1,0,1,0,1,XNYS
ORCL.N,1,1,0,1,1,1,XNYS
ORCS.OQ,1,1,0,1,0,1,XNMS
ORCU.OQ,1,1,0,1,0,1,XNMS
ORGN.OQ,1,1,0,1,0,1,XNCM
ORGO.OQ,1,1,0,1,0,1,XNCM
ORI.N,1,1,0,1,0,1,XNYS
ORIC.OQ,1,1,0,1,0,1,XNGS
ORIO.OQ,1,1,0,1,0,1,XNCM
ORIQ.OQ,1,1,0,1,0,1,XNMS
ORIS.OQ,1,1,0,1,0,1,XNCM
ORKA.OQ,1,1,0,1,0,1,XNMS
ORKT.OQ,1,1,0,1,0,1,XNCM
ORLA.A,1,1,0,1,0,1,XASE
ORLY.N,1,1,0,1,1,0,
ORLY.OQ,1,1,0,1,0,1,XNGS
ORMP.OQ,1,1,0,1,0,1,XNCM
ORN.N,1,1,0,1,0,1,XNYS
ORR.OQ,1,1,0,1,0,1,XNMS
ORRF.OQ,1,1,0,1,0,1,XNCM
OS.N,1,1,0,1,1,0,
OS.OQ,1,1,0,1,0,1,XNGS
OSBC.OQ,1,1,0,1,0,1,XNGS
OSCR.N,1,1,0,1,0,1,XNYS
OSCX.OQ,1,1,0,1,0,1,XNMS
OSG.N,1,1,0,1,0,1,XNYS
OSIS.OQ,1,1,0,1,0,1,XNGS
OSK.N,1,1,0,1,0,1,XNYS
OSPN.OQ,1,1,0,1,0,1,XNCM
OSRH.OQ,1,1,0,1,0,1,XNCM
OSS.OQ,1,1,0,1,0,1,XNCM
OST.OQ,1,1,0,1,0,1,XNCM
OSTX.A,1,1,0,1,0,1,XASE
OSUR.OQ,1,1,0,1,0,1,XNGS
OSW.OQ,1,1,0,1,0,1,XNCM
OTEX.OQ,1,1,0,1,0,1,XNGS
OTF.N,1,1,0,1,0,1,XNYS
OTGA.OQ,1,1,0,1,0,1,XNMS
OTIS.N,1,1,0,1,1,1,XNYS
OTLK.OQ,1,1,0,1,0,1,XNCM
OTLY.N,1,1,0,1,1,0,
OTLY.OQ,1,1,0,1,0,1,XNGS
OTTR.OQ,1,1,0,1,0,1,XNGS
OUST.OQ,1,1,0,1,0,1,XNGS
OUT.N,1,1,0,1,0,1,XNYS
OVBC.OQ,1,1,0,1,0,1,XNMS
OVID.OQ,1,1,0,1,0,1,XNCM
OVLY.OQ,1,1,0,1,0,1,XNCM
OVV.N,1,1,0,1,0,1,XNYS
OWL.N,1,1,0,1,0,1,XNYS
OWLS.OQ,1,1,0,1,0,1,XNMS
OWLT.N,1,1,0,1,0,1,XNYS
OXBR.OQ,1,1,0,1,0,1,XNCM
OXLC.OQ,1,1,0,1,0,1,XNGS
OXM.N,1,1,0,1,0,1,XNYS
OXSQ.OQ,1,1,0,1,0,1,XNGS
OXY,1,1,0,1,1,0,
OXY.N,1,1,0,1,0,1,XNYS
OYSE.OQ,1,1,0,1,0,1,XNMS
OZ.A,1,1,0,1,0,1,XASE
OZK.OQ,1,1,0,1,0,1,XNGS
PAA.OQ,1,1,0,1,0,1,XNGS
PAACU.OQ,1,1,0,1,0,1,XNMS
PAAS.N,1,1,0,1,0,1,XNYS
PACB.OQ,1,1,0,1,0,1,XNGS
PACH.OQ,1,1,0,1,0,1,XNMS
PACK.N,1,1,0,1,0,1,XNYS
PACS.N,1,1,0,1,0,1,XNYS
PAG,1,1,0,1,1,0,
PAG.N,1,1,0,1,0,1,XNYS
PAGP.OQ,1,1,0,1,0,1,XNGS
PAGS.N,1,1,0,1,0,1,XNYS
PAHC.OQ,1,1,0,1,0,1,XNMS
PAI.N,1,1,0,1,0,1,XNYS
PAII.N,1,1,0,1,0,1,XNYS
PAL.OQ,1,1,0,1,0,1,XNGS
PALD.OQ,1,1,0,1,0,1,XNMS
PALI.OQ,1,1,0,1,0,1,XNCM
PALOU.OQ,1,1,0,1,0,1,XNMS
PALU.OQ,1,1,0,1,0,1,XNMS
PAMT.OQ,1,1,0,1,0,1,XNMS
PANL.OQ,1,1,0,1,0,1,XNCM
PANW.N,1,1,0,1,1,0,
PANW.OQ,1,1,0,1,0,1,XNGS
PAPL.A,1,1,0,1,0,1,XASE
PAR.N,1,1,0,1,0,1,XNYS
PARK.OQ,1,1,0,1,0,1,XNCM
PARR.N,1,1,0,1,0,1,XNYS
PASG.OQ,1,1,0,1,0,1,XNCM
PASW.OQ,1,1,0,1,0,1,XNCM
PATH.N,1,1,0,1,0,1,XNYS
PATK.OQ,1,1,0,1,0,1,XNGS
PAVM.OQ,1,1,0,1,0,1,XNCM
PAVS.OQ,1,1,0,1,0,1,XNCM
PAX.OQ,1,1,0,1,0,1,XNGS
PAXS.N,1,1,0,1,0,1,XNYS
PAY.N,1,1,0,1,0,1,XNYS
PAYC.N,1,1,0,1,0,1,XNYS
PAYO.OQ,1,1,0,1,0,1,XNMS
PAYP.OQ,1,1,0,1,0,1,XNGS
PAYS.OQ,1,1,0,1,0,1,XNCM
PAYX.N,1,1,0,1,1,0,
PAYX.OQ,1,1,0,1,0,1,XNGS
PB.N,1,1,0,1,0,1,XNYS
PBA.N,1,1,0,1,0,1,XNYS
PBF.N,1,1,0,1,0,1,XNYS
PBFS.OQ,1,1,0,1,0,1,XNCM
PBH.N,1,1,0,1,0,1,XNYS
PBHC.OQ,1,1,0,1,0,1,XNCM
PBI.N,1,1,0,1,0,1,XNYS
PBM.OQ,1,1,0,1,0,1,XNCM
PBRG.OQ,1,1,0,1,0,1,XNMS
PBT.N,1,1,0,1,0,1,XNYS
PBYI.OQ,1,1,0,1,0,1,XNGS
PC.OQ,1,1,0,1,0,1,XNCM
PCAP.OQ,1,1,0,1,0,1,XNMS
PCAR.OQ,1,1,0,1,0,1,XNGS
PCB.OQ,1,1,0,1,0,1,XNGS
PCF.N,1,1,0,1,0,1,XNYS
PCG,1,1,0,1,1,0,
PCG.N,1,1,0,1,0,1,XNYS
PCG_PA.A,1,1,0,1,0,1,
PCLA.OQ,1,1,0,1,0,1,XNCM
PCM.N,1,1,0,1,0,1,XNYS
PCN.N,1,1,0,1,0,1,XNYS
PCOR.N,1,1,0,1,0,1,XNYS
PCQ.N,1,1,0,1,0,1,XNYS
PCRX.OQ,1,1,0,1,0,1,XNGS
PCSA.OQ,1,1,0,1,0,1,XNCM
PCSC.OQ,1,1,0,1,0,1,XNMS
PCT.OQ,1,1,0,1,0,1,XNCM
PCTY.OQ,1,1,0,1,0,1,XNGS
PCVX.OQ,1,1,0,1,0,1,XNGS
PCYO.OQ,1,1,0,1,0,1,XNCM
PD,1,1,0,1,1,0,
PD.N,1,1,0,1,0,1,XNYS
PDBC.OQ,1,1,0,1,0,1,XNMS
PDC.OQ,1,1,0,1,0,1,XNCM
PDCC.N,1,1,0,1,0,1,XNYS
PDD.OQ,1,1,0,1,0,1,XNGS
PDDL.OQ,1,1,0,1,0,1,XNMS
PDEX.OQ,1,1,0,1,0,1,XNCM
PDFS.OQ,1,1,0,1,0,1,XNGS
PDI.N,1,1,0,1,0,1,XNYS
PDLB.OQ,1,1,0,1,0,1,XNMS
PDM.N,1,1,0,1,0,1,XNYS
PDO.N,1,1,0,1,0,1,XNYS
PDP.OQ,1,1,0,1,0,1,XNMS
PDS.N,1,1,0,1,0,1,XNYS
PDSB.OQ,1,1,0,1,0,1,XNCM
PDT.N,1,1,0,1,0,1,XNYS
PDX.N,1,1,0,1,0,1,XNYS
PDYN.OQ,1,1,0,1,0,1,XNMS
PEB.N,1,1,0,1,0,1,XNYS
PEBK.OQ,1,1,0,1,0,1,XNMS
PEBO.OQ,1,1,0,1,0,1,XNGS
PECO.OQ,1,1,0,1,0,1,XNGS
PED.A,1,1,0,1,0,1,XASE
PEG.N,1,1,0,1,0,1,XNYS
PEGA.OQ,1,1,0,1,0,1,XNGS
PEN.N,1,1,0,1,0,1,XNYS
PENG.N,1,1,0,1,1,0,
PENG.OQ,1,1,0,1,0,1,XNGS
PENN.OQ,1,1,0,1,0,1,XNGS
PEO.N,1,1,0,1,0,1,XNYS
PEP.N,1,1,0,1,1,0,
PEP.OQ,1,1,0,1,0,1,XNGS
PEPG.OQ,1,1,0,1,0,1,XNGS
PEPS.OQ,1,1,0,1,0,1,XNMS
PERF.N,1,1,0,1,0,1,XNYS
PERI.OQ,1,1,0,1,0,1,XNGS
PESI.OQ,1,1,0,1,0,1,XNCM
PETS.OQ,1,1,0,1,0,1,XNGS
PETZ.OQ,1,1,0,1,0,1,XNCM
PEW.N,1,1,0,1,0,1,XNYS
PEY.OQ,1,1,0,1,0,1,XNMS
PEZ.OQ,1,1,0,1,0,1,XNMS
PFAI.OQ,1,1,0,1,0,1,XNCM
PFBC.OQ,1,1,0,1,0,1,XNGS
PFD.N,1,1,0,1,0,1,XNYS
PFE,1,1,0,1,1,0,
PFE.N,1,1,0,1,0,1,XNYS
PFF.OQ,1,1,0,1,0,1,XNMS
PFG.OQ,1,1,0,1,0,1,XNGS
PFGC.N,1,1,0,1,0,1,XNYS
PFI.OQ,1,1,0,1,0,1,XNMS
PFIS.OQ,1,1,0,1,0,1,XNGS
PFL.N,1,1,0,1,0,1,XNYS
PFLT.N,1,1,0,1,0,1,XNYS
PFM.OQ,1,1,0,1,0,1,XNMS
PFN.N,1,1,0,1,0,1,XNYS
PFO.N,1,1,0,1,0,1,XNYS
PFS.N,1,1,0,1,0,1,XNYS
PFSA.OQ,1,1,0,1,0,1,XNMS
PFSI.N,1,1,0,1,0,1,XNYS
PFX.OQ,1,1,0,1,0,1,XNMS
PG,1,1,0,1,1,0,
PG.N,1,1,0,1,0,1,XNYS
PGAC.OQ,1,1,0,1,0,1,XNMS
PGC.OQ,1,1,0,1,0,1,XNGS
PGEN.OQ,1,1,0,1,0,1,XNGS
PGJ.OQ,1,1,0,1,0,1,XNMS
PGNY.OQ,1,1,0,1,0,1,XNGS
PGP.N,1,1,0,1,0,1,XNYS
PGR.N,1,1,0,1,0,1,XNYS
PGY.OQ,1,1,0,1,0,1,XNCM
PGZ.N,1,1,0,1,0,1,XNYS
PH.N,1,1,0,1,0,1,XNYS
PHAT.OQ,1,1,0,1,0,1,XNGS
PHGE.A,1,1,0,1,0,1,XASE
PHIN.N,1,1,0,1,0,1,XNYS
PHIO.OQ,1,1,0,1,0,1,XNCM
PHK.N,1,1,0,1,0,1,XNYS
PHM,1,1,0,1,1,0,
PHM.N,1,1,0,1,0,1,XNYS
PHO.OQ,1,1,0,1,0,1,XNMS
PHOE.OQ,1,1,0,1,0,1,XNCM
PHR.N,1,1,0,1,0,1,XNYS
PHUN.OQ,1,1,0,1,0,1,XNCM
PHVS.OQ,1,1,0,1,0,1,XNGS
PI.OQ,1,1,0,1,0,1,XNGS
PICS.OQ,1,1,0,1,0,1,XNGS
PID.OQ,1,1,0,1,0,1,XNMS
PIE.OQ,1,1,0,1,0,1,XNMS
PII.N,1,1,0,1,0,1,XNYS
PIII.OQ,1,1,0,1,0,1,XNCM
PIM.N,1,1,0,1,0,1,XNYS
PINE.N,1,1,0,1,0,1,XNYS
PINS.N,1,1,0,1,1,1,XNYS
PIO.OQ,1,1,0,1,0,1,XNMS
PIPR.N,1,1,0,1,1,1,XNYS
PIZ.OQ,1,1,0,1,0,1,XNMS
PJT,1,1,0,1,1,0,
PJT.N,1,1,0,1,0,1,XNYS
PK.N,1,1,0,1,0,1,XNYS
PKBK.OQ,1,1,0,1,0,1,XNCM
PKE.N,1,1,0,1,0,1,XNYS
PKG.N,1,1,0,1,0,1,XNYS
PKOH.OQ,1,1,0,1,0,1,XNGS
PKST.N,1,1,0,1,0,1,XNYS
PKW.OQ,1,1,0,1,0,1,XNMS
PL.N,1,1,0,1,0,1,XNYS
PLAB.OQ,1,1,0,1,0,1,XNGS
PLAG.A,1,1,0,1,0,1,XASE
PLAY.N,1,1,0,1,1,0,
PLAY.OQ,1,1,0,1,0,1,XNGS
PLBC.OQ,1,1,0,1,0,1,XNCM
PLBL.OQ,1,1,0,1,0,1,XNMS
PLBY.N,1,1,0,1,1,0,
PLBY.OQ,1,1,0,1,0,1,XNMS
PLCE.OQ,1,1,0,1,0,1,XNGS
PLD.N,1,1,0,1,0,1,XNYS
PLG.A,1,1,0,1,0,1,XASE
PLMK.OQ,1,1,0,1,0,1,XNMS
PLMR.OQ,1,1,0,1,0,1,XNGS
PLNT.N,1,1,0,1,0,1,XNYS
PLOW.N,1,1,0,1,0,1,XNYS
PLPC.OQ,1,1,0,1,0,1,XNGS
PLRX.OQ,1,1,0,1,0,1,XNGS
PLRZ.OQ,1,1,0,1,0,1,XNCM
PLSE.OQ,1,1,0,1,0,1,XNCM
PLSM.OQ,1,1,0,1,0,1,XNCM
PLTD.OQ,1,1,0,1,0,1,XNMS
PLTK.OQ,1,1,0,1,0,1,XNGS
PLTR.N,1,1,0,1,1,0,
PLTR.OQ,1,1,0,1,0,1,XNGS
PLTS.OQ,1,1,0,1,0,1,XNCM
PLTU.OQ,1,1,0,1,0,1,XNMS
PLTZ.OQ,1,1,0,1,0,1,XNMS
PLUG.OQ,1,1,0,1,0,1,XNCM
PLUL.OQ,1,1,0,1,0,1,XNMS
PLUR.OQ,1,1,0,1,0,1,XNCM
PLUS.OQ,1,1,0,1,0,1,XNGS
PLUT.OQ,1,1,0,1,0,1,XNCM
PLX.A,1,1,0,1,0,1,XASE
PLXS.OQ,1,1,0,1,0,1,XNGS
PLYX.OQ,1,1,0,1,0,1,XNCM
PLYY.OQ,1,1,0,1,0,1,XNMS
PM,1,1,0,1,1,0,
PM.N,1,1,0,1,0,1,XNYS
PMAX.OQ,1,1,0,1,0,1,XNCM
PMCB.OQ,1,1,0,1,0,1,XNCM
PMEC.OQ,1,1,0,1,0,1,XNCM
PMI.A,1,1,0,1,0,1,XASE
PML.N,1,1,0,1,0,1,XNYS
PMM.N,1,1,0,1,0,1,XNYS
PMMF.N,1,1,0,1,0,1,XNYS
PMN.OQ,1,1,0,1,0,1,XNCM
PMNT.A,1,1,0,1,0,1,XASE
PMO.N,1,1,0,1,0,1,XNYS
PMT.N,1,1,0,1,0,1,XNYS
PMTR.OQ,1,1,0,1,0,1,XNMS
PMTS.OQ,1,1,0,1,0,1,XNMS
PMVP.OQ,1,1,0,1,0,1,XNGS
PN.OQ,1,1,0,1,0,1,XNCM
PNBK.OQ,1,1,0,1,0,1,XNMS
PNC,1,1,0,1,1,0,
PNC.N,1,1,0,1,0,1,XNYS
PNFP.N,1,1,0,1,0,1,XNYS
PNI.N,1,1,0,1,0,1,XNYS
PNNT.N,1,1,0,1,0,1,XNYS
PNQI.OQ,1,1,0,1,0,1,XNMS
PNR.N,1,1,0,1,0,1,XNYS
PNRG.OQ,1,1,0,1,0,1,XNCM
PNTG.OQ,1,1,0,1,0,1,XNGS
PNW.N,1,1,0,1,0,1,XNYS
POCI.OQ,1,1,0,1,0,1,XNCM
PODC.OQ,1,1,0,1,0,1,XNCM
PODD.OQ,1,1,0,1,0,1,XNGS
POET.OQ,1,1,0,1,0,1,XNCM
POLA.OQ,1,1,0,1,0,1,XNCM
POLE.OQ,1,1,0,1,0,1,XNMS
POM.OQ,1,1,0,1,0,1,XNMS
PONOU.OQ,1,1,0,1,0,1,XNMS
POOL.OQ,1,1,0,1,0,1,XNGS
POR.N,1,1,0,1,0,1,XNYS
POST.N,1,1,0,1,0,1,XNYS
POWI.OQ,1,1,0,1,0,1,XNGS
POWL.N,1,1,0,1,1,0,
POWL.OQ,1,1,0,1,0,1,XNGS
POWW.OQ,1,1,0,1,0,1,XNCM
PPC.OQ,1,1,0,1,0,1,XNGS
PPCB.OQ,1,1,0,1,0,1,XNCM
PPG.N,1,1,0,1,0,1,XNYS
PPH.OQ,1,1,0,1,0,1,XNMS
PPHC.OQ,1,1,0,1,0,1,XNMS
PPI.OQ,1,1,0,1,0,1,XNMS
PPIH.OQ,1,1,0,1,0,1,XNMS
PPL.N,1,1,0,1,0,1,XNYS
PPSI.OQ,1,1,0,1,0,1,XNCM
PPT.N,1,1,0,1,0,1,XNYS
PPTA.OQ,1,1,0,1,0,1,XNCM
PR.N,1,1,0,1,0,1,XNYS
PRA.N,1,1,0,1,0,1,XNYS
PRAA.OQ,1,1,0,1,0,1,XNGS
PRAX.OQ,1,1,0,1,0,1,XNGS
PRCH.OQ,1,1,0,1,0,1,XNCM
PRCS.N,1,1,0,1,0,1,XNYS
PRCT.OQ,1,1,0,1,0,1,XNMS
PRDO.OQ,1,1,0,1,0,1,XNGS
PRE.OQ,1,1,0,1,0,1,XNMS
PRFX.OQ,1,1,0,1,0,1,XNCM
PRFZ.OQ,1,1,0,1,0,1,XNMS
PRG.N,1,1,0,1,0,1,XNYS
PRGO.N,1,1,0,1,0,1,XNYS
PRGS.N,1,1,0,1,1,0,
PRGS.OQ,1,1,0,1,0,1,XNGS
PRHI.OQ,1,1,0,1,0,1,XNCM
PRI.N,1,1,0,1,0,1,XNYS
PRIF_PD.N,1,1,0,1,0,1,
PRIM.N,1,1,0,1,0,1,XNYS
PRK.A,1,1,0,1,0,1,XASE
PRKS.N,1,1,0,1,0,1,XNYS
PRLB.N,1,1,0,1,0,1,XNYS
PRLD.OQ,1,1,0,1,0,1,XNGS
PRM.N,1,1,0,1,0,1,XNYS
PRMB.N,1,1,0,1,0,1,XNYS
PRME.OQ,1,1,0,1,0,1,XNMS
PRMR.OQ,1,1,0,1,0,1,XNMS
PRN.OQ,1,1,0,1,0,1,XNMS
PROF.OQ,1,1,0,1,0,1,XNCM
PROK.OQ,1,1,0,1,0,1,XNCM
PROP.OQ,1,1,0,1,0,1,XNCM
PROV.OQ,1,1,0,1,0,1,XNGS
PRPL.OQ,1,1,0,1,0,1,XNGS
PRPO.OQ,1,1,0,1,0,1,XNCM
PRQR.OQ,1,1,0,1,0,1,XNCM
PRSO.OQ,1,1,0,1,0,1,XNCM
PRSU.N,1,1,0,1,0,1,XNYS
PRT.N,1,1,0,1,0,1,XNYS
PRTA.OQ,1,1,0,1,0,1,XNGS
PRTH.OQ,1,1,0,1,0,1,XNCM
PRTS.OQ,1,1,0,1,0,1,XNCM
PRU.N,1,1,0,1,0,1,XNYS
PRVA.OQ,1,1,0,1,0,1,XNGS
PRVS.N,1,1,0,1,0,1,XNYS
PRZO.OQ,1,1,0,1,0,1,XNCM
PSA.N,1,1,0,1,0,1,XNYS
PSBD.N,1,1,0,1,0,1,XNYS
PSC.OQ,1,1,0,1,0,1,XNMS
PSCC.OQ,1,1,0,1,0,1,XNMS
PSCD.OQ,1,1,0,1,0,1,XNMS
PSCE.OQ,1,1,0,1,0,1,XNMS
PSCF.OQ,1,1,0,1,0,1,XNMS
PSCH.OQ,1,1,0,1,0,1,XNMS
PSCI.OQ,1,1,0,1,0,1,XNMS
PSCM.OQ,1,1,0,1,0,1,XNMS
PSCT.OQ,1,1,0,1,0,1,XNMS
PSCU.OQ,1,1,0,1,0,1,XNMS
PSEC.OQ,1,1,0,1,0,1,XNGS
PSET.OQ,1,1,0,1,0,1,XNMS
PSF.N,1,1,0,1,0,1,XNYS
PSFE.N,1,1,0,1,0,1,XNYS
PSHG.OQ,1,1,0,1,0,1,XNCM
PSIG.OQ,1,1,0,1,0,1,XNCM
PSIX.OQ,1,1,0,1,0,1,XNCM
PSKY.N,1,1,0,1,1,0,
PSKY.OQ,1,1,0,1,0,1,XNGS
PSL.OQ,1,1,0,1,0,1,XNMS
PSMT.OQ,1,1,0,1,0,1,XNGS
PSN.N,1,1,0,1,0,1,XNYS
PSNL.OQ,1,1,0,1,0,1,XNMS
PSNY.OQ,1,1,0,1,0,1,XNMS
PSQH.N,1,1,0,1,0,1,XNYS
PSTG.N,1,1,0,1,0,1,XNYS
PSTL.N,1,1,0,1,0,1,XNYS
PSTR.OQ,1,1,0,1,0,1,XNMS
PSTV.OQ,1,1,0,1,0,1,XNCM
PSX.N,1,1,0,1,0,1,XNYS
PTC.OQ,1,1,0,1,0,1,XNGS
PTCT.OQ,1,1,0,1,0,1,XNGS
PTEN.OQ,1,1,0,1,0,1,XNGS
PTF.OQ,1,1,0,1,0,1,XNMS
PTGX.OQ,1,1,0,1,0,1,XNMS
PTH.OQ,1,1,0,1,0,1,XNMS
PTHS.A,1,1,0,1,0,1,XASE
PTIR.OQ,1,1,0,1,0,1,XNMS
PTLE.OQ,1,1,0,1,0,1,XNCM
PTLO.OQ,1,1,0,1,0,1,XNGS
PTN.A,1,1,0,1,0,1,XASE
PTNM.OQ,1,1,0,1,0,1,XNCM
PTNQ.OQ,1,1,0,1,0,1,XNMS
PTON.N,1,1,0,1,1,0,
PTON.OQ,1,1,0,1,0,1,XNGS
PTOR.OQ,1,1,0,1,0,1,XNMS
PTRN.OQ,1,1,0,1,0,1,XNGS
PTY.N,1,1,0,1,0,1,XNYS
PUBM.OQ,1,1,0,1,0,1,XNMS
PUI.OQ,1,1,0,1,0,1,XNMS
PULM.OQ,1,1,0,1,0,1,XNCM
PUMP.N,1,1,0,1,0,1,XNYS
PURR.OQ,1,1,0,1,0,1,XNCM
PVH.N,1,1,0,1,0,1,XNYS
PVL.N,1,1,0,1,0,1,XNYS
PVLA.OQ,1,1,0,1,0,1,XNCM
PW.A,1,1,0,1,0,1,XASE
PWP.OQ,1,1,0,1,0,1,XNGS
PWR.N,1,1,0,1,0,1,XNYS
PWRD.OQ,1,1,0,1,0,1,XNMS
PXED.N,1,1,0,1,0,1,XNYS
PXI.OQ,1,1,0,1,0,1,XNMS
PXLW.N,1,1,0,1,1,0,
PXLW.OQ,1,1,0,1,0,1,XNCM
PXS.OQ,1,1,0,1,0,1,XNCM
PY.OQ,1,1,0,1,0,1,XNMS
PYPD.OQ,1,1,0,1,0,1,XNCM
PYPG.OQ,1,1,0,1,0,1,XNMS
PYPL.N,1,1,0,1,1,0,
PYPL.OQ,1,1,0,1,0,1,XNGS
PYXS.OQ,1,1,0,1,0,1,XNGS
PYZ.OQ,1,1,0,1,0,1,XNMS
PZG.A,1,1,0,1,0,1,XASE
PZZA.N,1,1,0,1,1,0,
PZZA.OQ,1,1,0,1,0,1,XNGS
Q.N,1,1,0,1,0,1,XNYS
QABA.OQ,1,1,0,1,0,1,XNMS
QALT.OQ,1,1,0,1,0,1,XNMS
QAT.OQ,1,1,0,1,0,1,XNMS
QB.OQ,1,1,0,1,0,1,XNMS
QBIG.OQ,1,1,0,1,0,1,XNMS
QBTS.N,1,1,0,1,0,1,XNYS
QBTZ.OQ,1,1,0,1,0,1,XNMS
QBY.OQ,1,1,0,1,0,1,XNMS
QCLN.OQ,1,1,0,1,0,1,XNMS
QCLR.OQ,1,1,0,1,0,1,XNMS
QCLS.OQ,1,1,0,1,0,1,XNCM
QCMD.OQ,1,1,0,1,0,1,XNMS
QCML.OQ,1,1,0,1,0,1,XNMS
QCMU.OQ,1,1,0,1,0,1,XNMS
QCOM.N,1,1,0,1,1,0,
QCOM.OQ,1,1,0,1,0,1,XNGS
QCRH.OQ,1,1,0,1,0,1,XNMS
QDEL.OQ,1,1,0,1,0,1,XNGS
QETA.OQ,1,1,0,1,0,1,XNMS
QEW.OQ,1,1,0,1,0,1,XNMS
QFIN.OQ,1,1,0,1,0,1,XNGS
QGEN.N,1,1,0,1,0,1,XNYS
QH.OQ,1,1,0,1,0,1,XNMS
QLYS.OQ,1,1,0,1,0,1,XNGS
QMCO.OQ,1,1,0,1,0,1,XNMS
QMMM.OQ,1,1,0,1,0,1,XNCM
QMOM.OQ,1,1,0,1,0,1,XNMS
QNC.A,1,1,0,1,0,1,XASE
QNCX.OQ,1,1,0,1,0,1,XNGS
QNRX.OQ,1,1,0,1,0,1,XNCM
QNST.OQ,1,1,0,1,0,1,XNGS
QNTM.OQ,1,1,0,1,0,1,XNCM
QOWZ.OQ,1,1,0,1,0,1,XNMS
QQA.OQ,1,1,0,1,0,1,XNMS
QQEW.OQ,1,1,0,1,0,1,XNMS
QQHG.OQ,1,1,0,1,0,1,XNMS
QQLV.OQ,1,1,0,1,0,1,XNMS
QQQ.OQ,1,1,0,1,0,1,XNMS
QQQA.OQ,1,1,0,1,0,1,XNMS
QQQE.OQ,1,1,0,1,0,1,XNMS
QQQG.OQ,1,1,0,1,0,1,XNMS
QQQJ.OQ,1,1,0,1,0,1,XNMS
QQQM.OQ,1,1,0,1,0,1,XNMS
QQQP.OQ,1,1,0,1,0,1,XNMS
QQQS.OQ,1,1,0,1,0,1,XNMS
QQQX.OQ,1,1,0,1,0,1,XNGS
QQXT.OQ,1,1,0,1,0,1,XNMS
QRHC.OQ,1,1,0,1,0,1,XNCM
QRMI.OQ,1,1,0,1,0,1,XNMS
QRVO.OQ,1,1,0,1,0,1,XNGS
QS.OQ,1,1,0,1,0,1,XNGS
QSEA.OQ,1,1,0,1,0,1,XNMS
QSI.OQ,1,1,0,1,0,1,XNMS
QSR.N,1,1,0,1,0,1,XNYS
QTEC.OQ,1,1,0,1,0,1,XNMS
QTI.OQ,1,1,0,1,0,1,XNCM
QTR.OQ,1,1,0,1,0,1,XNMS
QTRX.OQ,1,1,0,1,0,1,XNMS
QTTB.OQ,1,1,0,1,0,1,XNCM
QTUM.OQ,1,1,0,1,0,1,XNMS
QTWO.N,1,1,0,1,0,1,XNYS
QUAD.N,1,1,0,1,0,1,XNYS
QUBT.N,1,1,0,1,1,0,
QUBT.OQ,1,1,0,1,0,1,XNCM
QUIK.OQ,1,1,0,1,0,1,XNCM
QUMS.OQ,1,1,0,1,0,1,XNMS
QURE.OQ,1,1,0,1,0,1,XNGS
QVAL.OQ,1,1,0,1,0,1,XNMS
QVCGA.OQ,1,1,0,1,0,1,XNCM
QXO.N,1,1,0,1,0,1,XNYS
QXQ.OQ,1,1,0,1,0,1,XNMS
QYLD.OQ,1,1,0,1,0,1,XNMS
QYLG.OQ,1,1,0,1,0,1,XNMS
R.N,1,1,0,1,0,1,XNYS
RA.N,1,1,0,1,0,1,XNYS
RAA.OQ,1,1,0,1,0,1,XNMS
RAAQ.OQ,1,1,0,1,0,1,XNMS
RAC.N,1,1,0,1,0,1,XNYS
RACE.N,1,1,0,1,0,1,XNYS
RAIL.OQ,1,1,0,1,0,1,XNGS
RAIN.OQ,1,1,0,1,0,1,XNCM
RAL.N,1,1,0,1,0,1,XNYS
RAMP.N,1,1,0,1,0,1,XNYS
RAND.OQ,1,1,0,1,0,1,XNCM
RANG.OQ,1,1,0,1,0,1,XNMS
RANI.OQ,1,1,0,1,0,1,XNMS
RAPP.OQ,1,1,0,1,0,1,XNMS
RARE.OQ,1,1,0,1,0,1,XNGS
RAUS.OQ,1,1,0,1,0,1,XNMS
RAVE.OQ,1,1,0,1,0,1,XNCM
RAY.OQ,1,1,0,1,0,1,XNCM
RAYA.OQ,1,1,0,1,0,1,XNCM
RBA.N,1,1,0,1,0,1,XNYS
RBB.OQ,1,1,0,1,0,1,XNGS
RBBN.OQ,1,1,0,1,0,1,XNGS
RBC.N,1,1,0,1,0,1,XNYS
RBCAA.OQ,1,1,0,1,0,1,XNGS
RBKB.OQ,1,1,0,1,0,1,XNCM
RBLX.N,1,1,0,1,1,1,XNYS
RBNE.OQ,1,1,0,1,0,1,XNCM
RBRK.N,1,1,0,1,1,1,XNYS
RC.N,1,1,0,1,0,1,XNYS
RCAT.OQ,1,1,0,1,0,1,XNCM
RCEL.OQ,1,1,0,1,0,1,XNCM
RCG.A,1,1,0,1,0,1,XASE
RCGE.OQ,1,1,0,1,0,1,XNMS
RCI.N,1,1,0,1,0,1,XNYS
RCKT.OQ,1,1,0,1,0,1,XNMS
RCKY.OQ,1,1,0,1,0,1,XNGS
RCL,1,1,0,1,1,0,
RCL.N,1,1,0,1,0,1,XNYS
RCMT.OQ,1,1,0,1,0,1,XNMS
RCON.OQ,1,1,0,1,0,1,XNCM
RCS.N,1,1,0,1,0,1,XNYS
RCT.OQ,1,1,0,1,0,1,XNCM
RCUS.N,1,1,0,1,0,1,XNYS
RDACU.OQ,1,1,0,1,0,1,XNCM
RDAG.OQ,1,1,0,1,0,1,XNMS
RDCM.OQ,1,1,0,1,0,1,XNCM
RDDT.N,1,1,0,1,1,1,XNYS
RDGT.OQ,1,1,0,1,0,1,XNCM
RDHL.OQ,1,1,0,1,0,1,XNCM
RDI.OQ,1,1,0,1,0,1,XNCM
RDN.N,1,1,0,1,0,1,XNYS
RDNT.OQ,1,1,0,1,0,1,XNMS
RDNW.OQ,1,1,0,1,0,1,XNCM
RDTL.OQ,1,1,0,1,0,1,XNMS
RDVT.OQ,1,1,0,1,0,1,XNCM
RDVY.OQ,1,1,0,1,0,1,XNMS
RDW.N,1,1,0,1,0,1,XNYS
RDWR.OQ,1,1,0,1,0,1,XNGS
RDZN.OQ,1,1,0,1,0,1,XNMS
REAL.N,1,1,0,1,1,0,
REAL.OQ,1,1,0,1,0,1,XNGS
REAX.OQ,1,1,0,1,0,1,XNCM
REBN.OQ,1,1,0,1,0,1,XNCM
RECT.OQ,1,1,0,1,0,1,XNCM
REE.OQ,1,1,0,1,0,1,XNCM
REED.A,1,1,0,1,0,1,XASE
REFI.OQ,1,1,0,1,0,1,XNMS
REFR.OQ,1,1,0,1,0,1,XNCM
REG.OQ,1,1,0,1,0,1,XNGS
REGN.OQ,1,1,0,1,0,1,XNGS
REI.A,1,1,0,1,0,1,XASE
REIT.OQ,1,1,0,1,0,1,XNMS
REKR.OQ,1,1,0,1,0,1,XNCM
RELL.N,1,1,0,1,1,0,
RELL.OQ,1,1,0,1,0,1,XNGS
RELY.OQ,1,1,0,1,0,1,XNGS
REMG.OQ,1,1,0,1,0,1,XNMS
RENT.OQ,1,1,0,1,0,1,XNMS
RENX.OQ,1,1,0,1,0,1,XNCM
REPL.OQ,1,1,0,1,0,1,XNGS
REPX.A,1,1,0,1,0,1,XASE
RERE.N,1,1,0,1,0,1,XNYS
RES.N,1,1,0,1,0,1,XNYS
RETO.OQ,1,1,0,1,0,1,XNCM
REVB.OQ,1,1,0,1,0,1,XNCM
REX.N,1,1,0,1,0,1,XNYS
REXR.N,1,1,0,1,0,1,XNYS
REYN.OQ,1,1,0,1,0,1,XNGS
REZI.N,1,1,0,1,0,1,XNYS
RF.N,1,1,0,1,0,1,XNYS
RFAI.OQ,1,1,0,1,0,1,XNMS
RFAM.OQ,1,1,0,1,0,1,XNMS
RFDI.OQ,1,1,0,1,0,1,XNMS
RFEM.OQ,1,1,0,1,0,1,XNMS
RFI.N,1,1,0,1,0,1,XNYS
RFIL.OQ,1,1,0,1,0,1,XNMS
RFL.N,1,1,0,1,0,1,XNYS
RFM.N,1,1,0,1,0,1,XNYS
RFMZ.N,1,1,0,1,0,1,XNYS
RGA.N,1,1,0,1,0,1,XNYS
RGC.OQ,1,1,0,1,0,1,XNCM
RGCO.OQ,1,1,0,1,0,1,XNMS
RGEN.OQ,1,1,0,1,0,1,XNGS
RGLD.OQ,1,1,0,1,0,1,XNGS
RGLO.OQ,1,1,0,1,0,1,XNMS
RGNT.A,1,1,0,1,0,1,XASE
RGNX.OQ,1,1,0,1,0,1,XNGS
RGP.N,1,1,0,1,1,0,
RGP.OQ,1,1,0,1,0,1,XNGS
RGR.N,1,1,0,1,0,1,XNYS
RGS.OQ,1,1,0,1,0,1,XNMS
RGT.N,1,1,0,1,0,1,XNYS
RGTI.OQ,1,1,0,1,0,1,XNCM
RGYY.OQ,1,1,0,1,0,1,XNMS
RH,1,1,0,1,1,0,
RH.N,1,1,0,1,0,1,XNYS
RHI.N,1,1,0,1,0,1,XNYS
RHLD.N,1,1,0,1,0,1,XNYS
RHP.N,1,1,0,1,0,1,XNYS
RIBB.OQ,1,1,0,1,0,1,XNCM
RICK.OQ,1,1,0,1,0,1,XNMS
RIFR.OQ,1,1,0,1,0,1,XNMS
RIG.N,1,1,0,1,0,1,XNYS
RIGL.OQ,1,1,0,1,0,1,XNGS
RILY.OQ,1,1,0,1,0,1,XNMS
RIME.OQ,1,1,0,1,0,1,XNCM
RING.OQ,1,1,0,1,0,1,XNMS
RINT.OQ,1,1,0,1,0,1,XNMS
RIOT.OQ,1,1,0,1,0,1,XNCM
RITM.N,1,1,0,1,0,1,XNYS
RITR.OQ,1,1,0,1,0,1,XNCM
RIV.N,1,1,0,1,0,1,XNYS
RIVN.N,1,1,0,1,1,0,
RIVN.OQ,1,1,0,1,0,1,XNGS
RJET.OQ,1,1,0,1,0,1,XNGS
RJF,1,1,0,1,1,0,
RJF.N,1,1,0,1,0,1,XNYS
RKDA.OQ,1,1,0,1,0,1,XNCM
RKLB.N,1,1,0,1,1,0,
RKLB.OQ,1,1,0,1,0,1,XNCM
RKT.N,1,1,0,1,0,1,XNYS
RL,1,1,0,1,1,0,
RL.N,1,1,0,1,0,1,XNYS
RLAY.OQ,1,1,0,1,0,1,XNMS
RLGT.A,1,1,0,1,0,1,XASE
RLI.N,1,1,0,1,0,1,XNYS
RLJ.N,1,1,0,1,0,1,XNYS
RLMD.OQ,1,1,0,1,0,1,XNCM
RLTY.N,1,1,0,1,0,1,XNYS
RLX.N,1,1,0,1,0,1,XNYS
RLYB.OQ,1,1,0,1,0,1,XNCM
RM.N,1,1,0,1,0,1,XNYS
RMAX.N,1,1,0,1,0,1,XNYS
RMBI.OQ,1,1,0,1,0,1,XNCM
RMBS.OQ,1,1,0,1,0,1,XNGS
RMCF.OQ,1,1,0,1,0,1,XNCM
RMCO.OQ,1,1,0,1,0,1,XNCM
RMD.N,1,1,0,1,0,1,XNYS
RMI.N,1,1,0,1,0,1,XNYS
RMM.N,1,1,0,1,0,1,XNYS
RMMZ.N,1,1,0,1,0,1,XNYS
RMNI.OQ,1,1,0,1,0,1,XNMS
RMR.OQ,1,1,0,1,0,1,XNCM
RMSG.OQ,1,1,0,1,0,1,XNCM
RMT.N,1,1,0,1,0,1,XNYS
RMTI.OQ,1,1,0,1,0,1,XNCM
RNA.OQ,1,1,0,1,0,1,XNGS
RNAC.OQ,1,1,0,1,0,1,XNMS
RNAZ.OQ,1,1,0,1,0,1,XNCM
RNEM.OQ,1,1,0,1,0,1,XNMS
RNG.N,1,1,0,1,0,1,XNYS
RNGR.N,1,1,0,1,0,1,XNYS
RNGT.OQ,1,1,0,1,0,1,XNMS
RNIN.OQ,1,1,0,1,0,1,XNMS
RNP.N,1,1,0,1,0,1,XNYS
RNR.N,1,1,0,1,0,1,XNYS
RNRG.OQ,1,1,0,1,0,1,XNMS
RNST.N,1,1,0,1,0,1,XNYS
RNTX.OQ,1,1,0,1,0,1,XNCM
RNW.OQ,1,1,0,1,0,1,XNGS
RNXT.OQ,1,1,0,1,0,1,XNCM
ROAD.OQ,1,1,0,1,0,1,XNGS
ROBT.OQ,1,1,0,1,0,1,XNMS
ROC.OQ,1,1,0,1,0,1,XNCM
ROCK.OQ,1,1,0,1,0,1,XNGS
ROCQ.OQ,1,1,0,1,0,1,XNMS
ROCY.OQ,1,1,0,1,0,1,XNMS
ROG.N,1,1,0,1,0,1,XNYS
ROIV.OQ,1,1,0,1,0,1,XNGS
ROK.N,1,1,0,1,0,1,XNYS
ROKU.N,1,1,0,1,1,0,
ROKU.OQ,1,1,0,1,0,1,XNGS
ROL.N,1,1,0,1,0,1,XNYS
ROLR.A,1,1,0,1,0,1,XASE
ROMA.OQ,1,1,0,1,0,1,XNCM
RONB.N,1,1,0,1,0,1,XNYS
ROOT.OQ,1,1,0,1,0,1,XNGS
ROP.OQ,1,1,0,1,0,1,XNGS
ROST.OQ,1,1,0,1,0,1,XNGS
RPAY.OQ,1,1,0,1,0,1,XNCM
RPC.N,1,1,0,1,0,1,XNYS
RPD.OQ,1,1,0,1,0,1,XNMS
RPGL.OQ,1,1,0,1,0,1,XNCM
RPID.OQ,1,1,0,1,0,1,XNCM
RPM.N,1,1,0,1,0,1,XNYS
RPRX.OQ,1,1,0,1,0,1,XNGS
RPT.N,1,1,0,1,0,1,XNYS
RQI.N,1,1,0,1,0,1,XNYS
RR.OQ,1,1,0,1,0,1,XNCM
RRBI.OQ,1,1,0,1,0,1,XNGS
RRC.N,1,1,0,1,0,1,XNYS
RRGB.OQ,1,1,0,1,0,1,XNGS
RRR.OQ,1,1,0,1,0,1,XNGS
RRX.N,1,1,0,1,0,1,XNYS
RS.N,1,1,0,1,0,1,XNYS
RSG.N,1,1,0,1,0,1,XNYS
RSI.N,1,1,0,1,0,1,XNYS
RSKD.N,1,1,0,1,0,1,XNYS
RSSS.OQ,1,1,0,1,0,1,XNCM
RSVR.OQ,1,1,0,1,0,1,XNMS
RTAC.OQ,1,1,0,1,0,1,XNMS
RTH.OQ,1,1,0,1,0,1,XNMS
RTX.N,1,1,0,1,0,1,XNYS
RTXG.OQ,1,1,0,1,0,1,XNMS
RTYY.OQ,1,1,0,1,0,1,XNMS
RUBI.OQ,1,1,0,1,0,1,XNCM
RUM.N,1,1,0,1,1,0,
RUM.OQ,1,1,0,1,0,1,XNMS
RUN.OQ,1,1,0,1,0,1,XNGS
RUSC.OQ,1,1,0,1,0,1,XNMS
RUSHA.OQ,1,1,0,1,0,1,XNGS
RVI.N,1,1,0,1,0,1,XNYS
RVLV.N,1,1,0,1,0,1,XNYS
RVMD.OQ,1,1,0,1,0,1,XNGS
RVNL.OQ,1,1,0,1,0,1,XNMS
RVP.A,1,1,0,1,0,1,XASE
RVPH.OQ,1,1,0,1,0,1,XNCM
RVSB.OQ,1,1,0,1,0,1,XNGS
RVSN.OQ,1,1,0,1,0,1,XNCM
RVT.N,1,1,0,1,0,1,XNYS
RVTY.N,1,1,0,1,0,1,XNYS
RVYL.OQ,1,1,0,1,0,1,XNCM
RWAY.OQ,1,1,0,1,0,1,XNGS
RWT.N,1,1,0,1,0,1,XNYS
RXO.N,1,1,0,1,0,1,XNYS
RXRX.OQ,1,1,0,1,0,1,XNGS
RXST.OQ,1,1,0,1,0,1,XNMS
RXT.OQ,1,1,0,1,0,1,XNGS
RY.N,1,1,0,1,0,1,XNYS
RYAM.N,1,1,0,1,0,1,XNYS
RYAN.N,1,1,0,1,0,1,XNYS
RYDE.A,1,1,0,1,0,1,XASE
RYET.OQ,1,1,0,1,0,1,XNCM
RYM.OQ,1,1,0,1,0,1,XNCM
RYN.N,1,1,0,1,0,1,XNYS
RYOJ.OQ,1,1,0,1,0,1,XNCM
RYTM.OQ,1,1,0,1,0,1,XNMS
RYZ.N,1,1,0,1,0,1,XNYS
RZLT.OQ,1,1,0,1,0,1,XNCM
RZLV.OQ,1,1,0,1,0,1,XNMS
S.N,1,1,0,1,0,1,XNYS
SA.N,1,1,0,1,0,1,XNYS
SAAQ.OQ,1,1,0,1,0,1,XNMS
SABA.N,1,1,0,1,0,1,XNYS
SABR.OQ,1,1,0,1,0,1,XNGS
SABS.OQ,1,1,0,1,0,1,XNCM
SAC.N,1,1,0,1,0,1,XNYS
SACH.A,1,1,0,1,0,1,XASE
SAFE.N,1,1,0,1,0,1,XNYS
SAFT.OQ,1,1,0,1,0,1,XNGS
SAFX.OQ,1,1,0,1,0,1,XNCM
SAGT.OQ,1,1,0,1,0,1,XNCM
SAH.N,1,1,0,1,0,1,XNYS
SAIA.OQ,1,1,0,1,0,1,XNGS
SAIC.OQ,1,1,0,1,0,1,XNGS
SAIH.OQ,1,1,0,1,0,1,XNCM
SAIL.OQ,1,1,0,1,0,1,XNGS
SAM,1,1,0,1,1,0,
SAM.N,1,1,0,1,0,1,XNYS
SAMG.OQ,1,1,0,1,0,1,XNMS
SANA.OQ,1,1,0,1,0,1,XNGS
SANG.OQ,1,1,0,1,0,1,XNGS
SANM.OQ,1,1,0,1,0,1,XNGS
SAR.N,1,1,0,1,0,1,XNYS
SARO.N,1,1,0,1,0,1,XNYS
SATG.OQ,1,1,0,1,0,1,XNMS
SATL.OQ,1,1,0,1,0,1,XNCM
SATS.OQ,1,1,0,1,0,1,XNGS
SB.N,1,1,0,1,0,1,XNYS
SBAC.OQ,1,1,0,1,0,1,XNGS
SBC.OQ,1,1,0,1,0,1,XNMS
SBCF.OQ,1,1,0,1,0,1,XNGS
SBDS.N,1,1,0,1,0,1,XNYS
SBET.OQ,1,1,0,1,0,1,XNCM
SBEV.A,1,1,0,1,0,1,XASE
SBFG.OQ,1,1,0,1,0,1,XNCM
SBFM.OQ,1,1,0,1,0,1,XNCM
SBGI.OQ,1,1,0,1,0,1,XNGS
SBH.N,1,1,0,1,0,1,XNYS
SBI.N,1,1,0,1,0,1,XNYS
SBLK.OQ,1,1,0,1,0,1,XNGS
SBLX.OQ,1,1,0,1,0,1,XNCM
SBR.N,1,1,0,1,0,1,XNYS
SBRA.OQ,1,1,0,1,0,1,XNGS
SBSI.N,1,1,0,1,0,1,XNYS
SBU.OQ,1,1,0,1,0,1,XNMS
SBUX.N,1,1,0,1,1,0,
SBUX.OQ,1,1,0,1,0,1,XNGS
SBXD.N,1,1,0,1,0,1,XNYS
SBXE.N,1,1,0,1,0,1,XNYS
SCAG.OQ,1,1,0,1,0,1,XNMS
SCCO.N,1,1,0,1,0,1,XNYS
SCD.N,1,1,0,1,0,1,XNYS
SCDS.OQ,1,1,0,1,0,1,XNMS
SCE_PN.N,1,1,0,1,0,1,
SCHL.OQ,1,1,0,1,0,1,XNGS
SCHW.N,1,1,0,1,1,1,XNYS
SCI.N,1,1,0,1,0,1,XNYS
SCII.OQ,1,1,0,1,0,1,XNMS
SCKT.OQ,1,1,0,1,0,1,XNCM
SCL.N,1,1,0,1,0,1,XNYS
SCLX.OQ,1,1,0,1,0,1,XNCM
SCM.N,1,1,0,1,0,1,XNYS
SCNI.OQ,1,1,0,1,0,1,XNCM
SCNX.OQ,1,1,0,1,0,1,XNCM
SCOR.OQ,1,1,0,1,0,1,XNGS
SCPQ.OQ,1,1,0,1,0,1,XNMS
SCSC.OQ,1,1,0,1,0,1,XNGS
SCVL.OQ,1,1,0,1,0,1,XNGS
SCWO.OQ,1,1,0,1,0,1,XNCM
SCYX.OQ,1,1,0,1,0,1,XNCM
SCZ.OQ,1,1,0,1,0,1,XNMS
SCZM.OQ,1,1,0,1,0,1,XNCM
SD.N,1,1,0,1,0,1,XNYS
SDA.OQ,1,1,0,1,0,1,XNCM
SDG.OQ,1,1,0,1,0,1,XNMS
SDGR.OQ,1,1,0,1,0,1,XNGS
SDHC.N,1,1,0,1,0,1,XNYS
SDHI.OQ,1,1,0,1,0,1,XNMS
SDHY.N,1,1,0,1,0,1,XNYS
SDM.OQ,1,1,0,1,0,1,XNCM
SDOT.OQ,1,1,0,1,0,1,XNCM
SDRL.N,1,1,0,1,0,1,XNYS
SDST.OQ,1,1,0,1,0,1,XNCM
SDVY.OQ,1,1,0,1,0,1,XNMS
SE.N,1,1,0,1,0,1,XNYS
SEAL_PB.N,1,1,0,1,0,1,
SEAT.OQ,1,1,0,1,0,1,XNGS
SEB.A,1,1,0,1,0,1,XASE
SEDG.OQ,1,1,0,1,0,1,XNGS
SEE.N,1,1,0,1,0,1,XNYS
SEED.OQ,1,1,0,1,0,1,XNCM
SEEM.OQ,1,1,0,1,0,1,XNMS
SEER.OQ,1,1,0,1,0,1,XNGS
SEG.N,1,1,0,1,0,1,XNYS
SEGG.OQ,1,1,0,1,0,1,XNMS
SEI.N,1,1,0,1,0,1,XNYS
SEIC.N,1,1,0,1,1,0,
SEIC.OQ,1,1,0,1,0,1,XNGS
SEIE.OQ,1,1,0,1,0,1,XNMS
SEIS.OQ,1,1,0,1,0,1,XNMS
SELF.OQ,1,1,0,1,0,1,XNCM
SELX.OQ,1,1,0,1,0,1,XNCM
SEM.N,1,1,0,1,0,1,XNYS
SEMR.N,1,1,0,1,0,1,XNYS
SEMY.OQ,1,1,0,1,0,1,XNMS
SENEA.OQ,1,1,0,1,0,1,XNGS
SENS.OQ,1,1,0,1,0,1,XNGS
SEPN.OQ,1,1,0,1,0,1,XNMS
SER.A,1,1,0,1,0,1,XASE
SERA.OQ,1,1,0,1,0,1,XNMS
SERV.OQ,1,1,0,1,0,1,XNCM
SES.N,1,1,0,1,0,1,XNYS
SETM.OQ,1,1,0,1,0,1,XNMS
SEV.OQ,1,1,0,1,0,1,XNCM
SEVN.OQ,1,1,0,1,0,1,XNCM
SEZL.OQ,1,1,0,1,0,1,XNCM
SF.N,1,1,0,1,0,1,XNYS
SFBC.OQ,1,1,0,1,0,1,XNCM
SFBS.N,1,1,0,1,1,1,XNYS
SFD.OQ,1,1,0,1,0,1,XNGS
SFHG.OQ,1,1,0,1,0,1,XNCM
SFIX.OQ,1,1,0,1,0,1,XNGS
SFL.N,1,1,0,1,0,1,XNYS
SFM.OQ,1,1,0,1,0,1,XNGS
SFNC.OQ,1,1,0,1,0,1,XNGS
SFST.OQ,1,1,0,1,0,1,XNMS
SFWL.OQ,1,1,0,1,0,1,XNCM
SG,1,1,0,1,1,0,
SG.N,1,1,0,1,0,1,XNYS
SGA.OQ,1,1,0,1,0,1,XNMS
SGC.OQ,1,1,0,1,0,1,XNMS
SGHC.N,1,1,0,1,0,1,XNYS
SGHT.OQ,1,1,0,1,0,1,XNGS
SGI.N,1,1,0,1,0,1,XNYS
SGLY.OQ,1,1,0,1,0,1,XNCM
SGML.OQ,1,1,0,1,0,1,XNCM
SGMO.OQ,1,1,0,1,0,1,XNCM
SGMT.OQ,1,1,0,1,0,1,XNMS
SGOV.N,1,1,0,1,0,1,XNYS
SGP.OQ,1,1,0,1,0,1,XNGS
SGRP.OQ,1,1,0,1,0,1,XNCM
SGRY.OQ,1,1,0,1,0,1,XNGS
SGU.N,1,1,0,1,0,1,XNYS
SHAK.N,1,1,0,1,1,1,XNYS
SHAZ.OQ,1,1,0,1,0,1,XNCM
SHBI.OQ,1,1,0,1,0,1,XNGS
SHC.OQ,1,1,0,1,0,1,XNGS
SHEN.OQ,1,1,0,1,0,1,XNGS
SHFS.OQ,1,1,0,1,0,1,XNCM
SHIM.OQ,1,1,0,1,0,1,XNCM
SHIP.OQ,1,1,0,1,0,1,XNCM
SHLS.OQ,1,1,0,1,0,1,XNMS
SHMD.OQ,1,1,0,1,0,1,XNMS
SHO.N,1,1,0,1,0,1,XNYS
SHOO.OQ,1,1,0,1,0,1,XNGS
SHOP.N,1,1,0,1,1,0,
SHOP.OQ,1,1,0,1,0,1,XNGS
SHPD.OQ,1,1,0,1,0,1,XNMS
SHPH.OQ,1,1,0,1,0,1,XNCM
SHPU.OQ,1,1,0,1,0,1,XNMS
SHRY.OQ,1,1,0,1,0,1,XNMS
SHV.N,1,1,0,1,0,1,XNYS
SHW.N,1,1,0,1,0,1,XNYS
SHY.OQ,1,1,0,1,0,1,XNMS
SI.N,1,1,0,1,0,1,XNYS
SIBN.OQ,1,1,0,1,0,1,XNMS
SIDU.OQ,1,1,0,1,0,1,XNCM
SIEB.OQ,1,1,0,1,0,1,XNCM
SIF.A,1,1,0,1,0,1,XASE
SIFY.OQ,1,1,0,1,0,1,XNCM
SIG.N,1,1,0,1,0,1,XNYS
SIGA.OQ,1,1,0,1,0,1,XNMS
SIGI.OQ,1,1,0,1,0,1,XNGS
SII.N,1,1,0,1,0,1,XNYS
SILA.N,1,1,0,1,0,1,XNYS
SILC.OQ,1,1,0,1,0,1,XNGS
SILO.OQ,1,1,0,1,0,1,XNCM
SIMA.OQ,1,1,0,1,0,1,XNMS
SIMO.OQ,1,1,0,1,0,1,XNGS
SINT.OQ,1,1,0,1,0,1,XNCM
SION.OQ,1,1,0,1,0,1,XNMS
SIRI.OQ,1,1,0,1,0,1,XNGS
SITC.N,1,1,0,1,0,1,XNYS
SITE.N,1,1,0,1,0,1,XNYS
SITM.OQ,1,1,0,1,0,1,XNMS
SJ.OQ,1,1,0,1,0,1,XNCM
SJM,1,1,0,1,1,0,
SJM.N,1,1,0,1,0,1,XNYS
SJT.N,1,1,0,1,0,1,XNYS
SKBL.OQ,1,1,0,1,0,1,XNCM
SKE.N,1,1,0,1,0,1,XNYS
SKIL.N,1,1,0,1,0,1,XNYS
SKIN.OQ,1,1,0,1,0,1,XNCM
SKK.OQ,1,1,0,1,0,1,XNCM
SKLZ.N,1,1,0,1,0,1,XNYS
SKOR.OQ,1,1,0,1,0,1,XNMS
SKRE.OQ,1,1,0,1,0,1,XNMS
SKT.N,1,1,0,1,0,1,XNYS
SKWD.OQ,1,1,0,1,0,1,XNGS
SKY.N,1,1,0,1,0,1,XNYS
SKYE.OQ,1,1,0,1,0,1,XNMS
SKYH.N,1,1,0,1,0,1,XNYS
SKYQ.OQ,1,1,0,1,0,1,XNCM
SKYT.OQ,1,1,0,1,0,1,XNCM
SKYW.OQ,1,1,0,1,0,1,XNGS
SKYX.OQ,1,1,0,1,0,1,XNCM
SKYY.OQ,1,1,0,1,0,1,XNMS
SLAB.OQ,1,1,0,1,0,1,XNGS
SLAI.N,1,1,0,1,0,1,XNYS
SLB.N,1,1,0,1,0,1,XNYS
SLDB.OQ,1,1,0,1,0,1,XNGS
SLDE.OQ,1,1,0,1,0,1,XNGS
SLDP.OQ,1,1,0,1,0,1,XNGS
SLE.OQ,1,1,0,1,0,1,XNCM
SLF.N,1,1,0,1,0,1,XNYS
SLG.N,1,1,0,1,0,1,XNYS
SLGB.OQ,1,1,0,1,0,1,XNCM
SLGL.OQ,1,1,0,1,0,1,XNCM
SLGN.N,1,1,0,1,0,1,XNYS
SLI.A,1,1,0,1,0,1,XASE
SLM.OQ,1,1,0,1,0,1,XNGS
SLMT.OQ,1,1,0,1,0,1,XNCM
SLN.OQ,1,1,0,1,0,1,XNMS
SLND.A,1,1,0,1,0,1,XASE
SLNG.OQ,1,1,0,1,0,1,XNCM
SLNH.OQ,1,1,0,1,0,1,XNCM
SLNO.OQ,1,1,0,1,0,1,XNCM
SLNZ.N,1,1,0,1,0,1,XNYS
SLP.OQ,1,1,0,1,0,1,XNGS
SLQD.OQ,1,1,0,1,0,1,XNMS
SLQT.N,1,1,0,1,0,1,XNYS
SLRC.OQ,1,1,0,1,0,1,XNGS
SLS.OQ,1,1,0,1,0,1,XNCM
SLSN.OQ,1,1,0,1,0,1,XNCM
SLSR.A,1,1,0,1,0,1,XASE
SLVM.N,1,1,0,1,0,1,XNYS
SLVR.OQ,1,1,0,1,0,1,XNMS
SLXN.OQ,1,1,0,1,0,1,XNCM
SM.N,1,1,0,1,0,1,XNYS
SMA.N,1,1,0,1,0,1,XNYS
SMBC.OQ,1,1,0,1,0,1,XNMS
SMBK.N,1,1,0,1,0,1,XNYS
SMC.N,1,1,0,1,0,1,XNYS
SMCF.OQ,1,1,0,1,0,1,XNMS
SMCI.OQ,1,1,0,1,0,1,XNGS
SMCL.OQ,1,1,0,1,0,1,XNMS
SMCO.OQ,1,1,0,1,0,1,XNMS
SMCX.OQ,1,1,0,1,0,1,XNMS
SMG.N,1,1,0,1,0,1,XNYS
SMH.OQ,1,1,0,1,0,1,XNMS
SMHI.N,1,1,0,1,0,1,XNYS
SMHX.OQ,1,1,0,1,0,1,XNMS
SMID.OQ,1,1,0,1,0,1,XNCM
SMJF.A,1,1,0,1,0,1,XASE
SMMT.OQ,1,1,0,1,0,1,XNMS
SMOM.OQ,1,1,0,1,0,1,XNMS
SMP.N,1,1,0,1,0,1,XNYS
SMPL.OQ,1,1,0,1,0,1,XNCM
SMR.N,1,1,0,1,0,1,XNYS
SMRT.N,1,1,0,1,0,1,XNYS
SMSI.OQ,1,1,0,1,0,1,XNCM
SMTC.N,1,1,0,1,1,0,
SMTC.OQ,1,1,0,1,0,1,XNGS
SMTI.OQ,1,1,0,1,0,1,XNCM
SMTK.OQ,1,1,0,1,0,1,XNCM
SMWB.N,1,1,0,1,0,1,XNYS
SMX.OQ,1,1,0,1,0,1,XNCM
SMXT.OQ,1,1,0,1,0,1,XNCM
SMYY.OQ,1,1,0,1,0,1,XNMS
SN.N,1,1,0,1,0,1,XNYS
SNA.N,1,1,0,1,0,1,XNYS
SNAG.OQ,1,1,0,1,0,1,XNMS
SNAL.OQ,1,1,0,1,0,1,XNCM
SNAP.N,1,1,0,1,0,1,XNYS
SNBR.OQ,1,1,0,1,0,1,XNGS
SNCY.OQ,1,1,0,1,0,1,XNGS
SND.OQ,1,1,0,1,0,1,XNGS
SNDA.N,1,1,0,1,0,1,XNYS
SNDK.N,1,1,0,1,1,0,
SNDK.OQ,1,1,0,1,0,1,XNGS
SNDL.OQ,1,1,0,1,0,1,XNCM
SNDR.N,1,1,0,1,0,1,XNYS
SNDX.OQ,1,1,0,1,0,1,XNGS
SNES.OQ,1,1,0,1,0,1,XNCM
SNEX.N,1,1,0,1,1,0,
SNEX.OQ,1,1,0,1,0,1,XNGS
SNFCA.OQ,1,1,0,1,0,1,XNMS
SNGX.OQ,1,1,0,1,0,1,XNCM
SNOA.OQ,1,1,0,1,0,1,XNCM
SNOW.N,1,1,0,1,1,1,XNYS
SNPS.OQ,1,1,0,1,0,1,XNGS
SNSE.OQ,1,1,0,1,0,1,XNCM
SNSR.OQ,1,1,0,1,0,1,XNMS
SNT.OQ,1,1,0,1,0,1,XNMS
SNTG.OQ,1,1,0,1,0,1,XNCM
SNTI.OQ,1,1,0,1,0,1,XNCM
SNWV.OQ,1,1,0,1,0,1,XNMS
SNX.N,1,1,0,1,0,1,XNYS
SNYR.OQ,1,1,0,1,0,1,XNCM
SO.N,1,1,0,1,0,1,XNYS
SOAR.A,1,1,0,1,0,1,XASE
SOBO.N,1,1,0,1,0,1,XNYS
SOBR.OQ,1,1,0,1,0,1,XNCM
SOC.N,1,1,0,1,0,1,XNYS
SOCA.OQ,1,1,0,1,0,1,XNMS
SOCL.OQ,1,1,0,1,0,1,XNMS
SOFA.OQ,1,1,0,1,0,1,XNMS
SOFI.N,1,1,0,1,1,0,
SOFI.OQ,1,1,0,1,0,1,XNGS
SOGP.OQ,1,1,0,1,0,1,XNCM
SOHU.OQ,1,1,0,1,0,1,XNGS
SOLS.OQ,1,1,0,1,0,1,XNGS
SOLT.OQ,1,1,0,1,0,1,XNMS
SOLV.N,1,1,0,1,0,1,XNYS
SOLZ.OQ,1,1,0,1,0,1,XNMS
SON.N,1,1,0,1,0,1,XNYS
SONM.OQ,1,1,0,1,0,1,XNCM
SONO.N,1,1,0,1,1,0,
SONO.OQ,1,1,0,1,0,1,XNGS
SOPA.OQ,1,1,0,1,0,1,XNCM
SOPH.OQ,1,1,0,1,0,1,XNGS
SOR.N,1,1,0,1,0,1,XNYS
SORA.OQ,1,1,0,1,0,1,XNCM
SORN.OQ,1,1,0,1,0,1,XNMS
SOS.N,1,1,0,1,0,1,XNYS
SOTK.OQ,1,1,0,1,0,1,XNCM
SOUL.N,1,1,0,1,0,1,XNYS
SOUN.N,1,1,0,1,1,0,
SOUN.OQ,1,1,0,1,0,1,XNMS
SOUX.OQ,1,1,0,1,0,1,XNMS
SOWG.OQ,1,1,0,1,0,1,XNCM
SOXQ.OQ,1,1,0,1,0,1,XNMS
SOXX.OQ,1,1,0,1,0,1,XNMS
SPAI.OQ,1,1,0,1,0,1,XNCM
SPAM.OQ,1,1,0,1,0,1,XNMS
SPAQ.OQ,1,1,0,1,0,1,XNMS
SPB.N,1,1,0,1,0,1,XNYS
SPBC.OQ,1,1,0,1,0,1,XNMS
SPCB.OQ,1,1,0,1,0,1,XNCM
SPCE.N,1,1,0,1,1,1,XNYS
SPCT.OQ,1,1,0,1,0,1,XNMS
SPE.N,1,1,0,1,0,1,XNYS
SPEG.OQ,1,1,0,1,0,1,XNMS
SPFI.OQ,1,1,0,1,0,1,XNGS
SPG.N,1,1,0,1,0,1,XNYS
SPGI.N,1,1,0,1,1,1,XNYS
SPH.N,1,1,0,1,0,1,XNYS
SPHL.OQ,1,1,0,1,0,1,XNCM
SPHR.N,1,1,0,1,0,1,XNYS
SPIR.N,1,1,0,1,0,1,XNYS
SPKL.OQ,1,1,0,1,0,1,XNMS
SPMC.N,1,1,0,1,0,1,XNYS
SPNT.N,1,1,0,1,0,1,XNYS
SPOG.OQ,1,1,0,1,0,1,XNMS
SPOK.OQ,1,1,0,1,0,1,XNGS
SPOT.N,1,1,0,1,0,1,XNYS
SPPL.OQ,1,1,0,1,0,1,XNCM
SPRB.OQ,1,1,0,1,0,1,XNCM
SPRC.OQ,1,1,0,1,0,1,XNCM
SPRO.OQ,1,1,0,1,0,1,XNGS
SPRU.N,1,1,0,1,0,1,XNYS
SPRY.OQ,1,1,0,1,0,1,XNMS
SPSC.OQ,1,1,0,1,0,1,XNGS
SPT.OQ,1,1,0,1,0,1,XNCM
SPWH.OQ,1,1,0,1,0,1,XNGS
SPWR.OQ,1,1,0,1,0,1,XNMS
SPXC.N,1,1,0,1,0,1,XNYS
SPXD.OQ,1,1,0,1,0,1,XNMS
SPXX.N,1,1,0,1,0,1,XNYS
SPYQ.OQ,1,1,0,1,0,1,XNMS
SQFT.OQ,1,1,0,1,0,1,XNCM
SQLV.OQ,1,1,0,1,0,1,XNMS
SQNS.N,1,1,0,1,0,1,XNYS
SQQQ.OQ,1,1,0,1,0,1,XNMS
SR.N,1,1,0,1,0,1,XNYS
SRAD.OQ,1,1,0,1,0,1,XNGS
SRBK.OQ,1,1,0,1,0,1,XNCM
SRCE.OQ,1,1,0,1,0,1,XNGS
SRE.N,1,1,0,1,0,1,XNYS
SRET.OQ,1,1,0,1,0,1,XNMS
SRFM.N,1,1,0,1,0,1,XNYS
SRG.N,1,1,0,1,0,1,XNYS
SRI.N,1,1,0,1,0,1,XNYS
SRL.N,1,1,0,1,0,1,XNYS
SRPT.OQ,1,1,0,1,0,1,XNGS
SRRK.OQ,1,1,0,1,0,1,XNGS
SRTA.OQ,1,1,0,1,0,1,XNCM
SRTS.OQ,1,1,0,1,0,1,XNCM
SRV.N,1,1,0,1,0,1,XNYS
SRXH.A,1,1,0,1,0,1,XASE
SRZN.OQ,1,1,0,1,0,1,XNCM
SSAC.OQ,1,1,0,1,0,1,XNMS
SSB.N,1,1,0,1,0,1,XNYS
SSBI.OQ,1,1,0,1,0,1,XNMS
SSD.N,1,1,0,1,0,1,XNYS
SSEA.OQ,1,1,0,1,0,1,XNCM
SSII.OQ,1,1,0,1,0,1,XNCM
SSM.OQ,1,1,0,1,0,1,XNCM
SSNC.N,1,1,0,1,1,0,
SSNC.OQ,1,1,0,1,0,1,XNGS
SSP.OQ,1,1,0,1,0,1,XNGS
SSRM.OQ,1,1,0,1,0,1,XNGS
SSSS.OQ,1,1,0,1,0,1,XNGS
SST.N,1,1,0,1,0,1,XNYS
SSTI.OQ,1,1,0,1,0,1,XNCM
SSTK.N,1,1,0,1,1,1,XNYS
SSYS.OQ,1,1,0,1,0,1,XNGS
ST.N,1,1,0,1,0,1,XNYS
STAA.OQ,1,1,0,1,0,1,XNMS
STAG.N,1,1,0,1,0,1,XNYS
STAK.OQ,1,1,0,1,0,1,XNCM
STBA.N,1,1,0,1,1,0,
STBA.OQ,1,1,0,1,0,1,XNGS
STC.N,1,1,0,1,0,1,XNYS
STE.N,1,1,0,1,0,1,XNYS
STEL.N,1,1,0,1,0,1,XNYS
STEM.N,1,1,0,1,0,1,XNYS
STEP.OQ,1,1,0,1,0,1,XNGS
STEW.N,1,1,0,1,0,1,XNYS
STEX.OQ,1,1,0,1,0,1,XNCM
STFS.OQ,1,1,0,1,0,1,XNCM
STG.N,1,1,0,1,0,1,XNYS
STGW.OQ,1,1,0,1,0,1,XNGS
STHO.OQ,1,1,0,1,0,1,XNMS
STI.OQ,1,1,0,1,0,1,XNCM
STIM.OQ,1,1,0,1,0,1,XNMS
STK.N,1,1,0,1,0,1,XNYS
STKE.OQ,1,1,0,1,0,1,XNGS
STKH.OQ,1,1,0,1,0,1,XNCM
STKL.OQ,1,1,0,1,0,1,XNGS
STKS.OQ,1,1,0,1,0,1,XNCM
STLA.N,1,1,0,1,0,1,XNYS
STLD.OQ,1,1,0,1,0,1,XNGS
STN.N,1,1,0,1,0,1,XNYS
STNE.OQ,1,1,0,1,0,1,XNGS
STNG.N,1,1,0,1,0,1,XNYS
STOK.OQ,1,1,0,1,0,1,XNGS
STRA.OQ,1,1,0,1,0,1,XNGS
STRL.OQ,1,1,0,1,0,1,XNGS
STRO.OQ,1,1,0,1,0,1,XNMS
STRR.OQ,1,1,0,1,0,1,XNGS
STRRP.OQ,1,1,0,1,0,1,XNGS
STRS.OQ,1,1,0,1,0,1,XNGS
STRT.OQ,1,1,0,1,0,1,XNMS
STRV.N,1,1,0,1,0,1,XNYS
STRW.A,1,1,0,1,0,1,XASE
STRZ.OQ,1,1,0,1,0,1,XNGS
STSS.OQ,1,1,0,1,0,1,XNCM
STT,1,1,0,1,1,0,
STT.N,1,1,0,1,0,1,XNYS
STTK.OQ,1,1,0,1,0,1,XNGS
STUB.N,1,1,0,1,1,1,XNYS
STVN.N,1,1,0,1,0,1,XNYS
STWD.N,1,1,0,1,0,1,XNYS
STX.OQ,1,1,0,1,0,1,XNGS
STXK.N,1,1,0,1,0,1,XNYS
STXS.A,1,1,0,1,0,1,XASE
STZ,1,1,0,1,1,0,
STZ.N,1,1,0,1,0,1,XNYS
SU.N,1,1,0,1,0,1,XNYS
SUGP.OQ,1,1,0,1,0,1,XNCM
SUI.N,1,1,0,1,0,1,XNYS
SUIG.OQ,1,1,0,1,0,1,XNCM
SUN,1,1,0,1,1,0,
SUN.N,1,1,0,1,0,1,XNYS
SUNB.N,1,1,0,1,0,1,XNYS
SUNC.N,1,1,0,1,0,1,XNYS
SUNE.OQ,1,1,0,1,0,1,XNCM
SUNS.OQ,1,1,0,1,0,1,XNCM
SUPN.OQ,1,1,0,1,0,1,XNMS
SUPP.OQ,1,1,0,1,0,1,XNMS
SUPX.OQ,1,1,0,1,0,1,XNCM
SURG.OQ,1,1,0,1,0,1,XNCM
SUSB.OQ,1,1,0,1,0,1,XNMS
SUSC.OQ,1,1,0,1,0,1,XNMS
SUUN.OQ,1,1,0,1,0,1,XNMS
SVA.OQ,1,1,0,1,0,1,XNGS
SVAC.OQ,1,1,0,1,0,1,XNMS
SVAQ.OQ,1,1,0,1,0,1,XNMS
SVC.OQ,1,1,0,1,0,1,XNGS
SVCC.OQ,1,1,0,1,0,1,XNMS
SVCO.OQ,1,1,0,1,0,1,XNGS
SVIV.OQ,1,1,0,1,0,1,XNMS
SVM.A,1,1,0,1,0,1,XASE
SVRA.OQ,1,1,0,1,0,1,XNGS
SVRN.OQ,1,1,0,1,0,1,XNCM
SVV.N,1,1,0,1,0,1,XNYS
SW.N,1,1,0,1,0,1,XNYS
SWAG.OQ,1,1,0,1,0,1,XNCM
SWBI.N,1,1,0,1,1,0,
SWBI.OQ,1,1,0,1,0,1,XNGS
SWIM.OQ,1,1,0,1,0,1,XNGS
SWK.N,1,1,0,1,0,1,XNYS
SWKH.OQ,1,1,0,1,0,1,XNMS
SWKS.OQ,1,1,0,1,0,1,XNGS
SWMR.OQ,1,1,0,1,0,1,XNCM
SWVL.OQ,1,1,0,1,0,1,XNCM
SWX.N,1,1,0,1,0,1,XNYS
SWZ.N,1,1,0,1,0,1,XNYS
SXC.N,1,1,0,1,0,1,XNYS
SXI.N,1,1,0,1,0,1,XNYS
SXT.N,1,1,0,1,0,1,XNYS
SXTC.OQ,1,1,0,1,0,1,XNCM
SXTP.OQ,1,1,0,1,0,1,XNCM
SY.OQ,1,1,0,1,0,1,XNCM
SYBT.OQ,1,1,0,1,0,1,XNGS
SYF.N,1,1,0,1,0,1,XNYS
SYK.N,1,1,0,1,0,1,XNYS
SYM.OQ,1,1,0,1,0,1,XNMS
SYNA.OQ,1,1,0,1,0,1,XNGS
SYNX.A,1,1,0,1,0,1,XASE
SYPR.OQ,1,1,0,1,0,1,XNMS
SYRE.OQ,1,1,0,1,0,1,XNGS
SYY,1,1,0,1,1,0,
SYY.N,1,1,0,1,0,1,XNYS
SZZL.OQ,1,1,0,1,0,1,XNMS
T,1,1,0,1,1,0,
T.N,1,1,0,1,0,1,XNYS
TAC.N,1,1,0,1,0,1,XNYS
TACH.OQ,1,1,0,1,0,1,XNMS
TACO.OQ,1,1,0,1,0,1,XNMS
TACT.OQ,1,1,0,1,0,1,XNMS
TAL.N,1,1,0,1,0,1,XNYS
TALK.OQ,1,1,0,1,0,1,XNCM
TALO.N,1,1,0,1,0,1,XNYS
TANH.OQ,1,1,0,1,0,1,XNCM
TAOP.OQ,1,1,0,1,0,1,XNCM
TAOX.OQ,1,1,0,1,0,1,XNCM
TAP.N,1,1,0,1,0,1,XNYS
TARA.OQ,1,1,0,1,0,1,XNMS
TARS.OQ,1,1,0,1,0,1,XNGS
TASK.OQ,1,1,0,1,0,1,XNGS
TATT.OQ,1,1,0,1,0,1,XNMS
TAVI.OQ,1,1,0,1,0,1,XNMS
TAXE.OQ,1,1,0,1,0,1,XNMS
TAXI.OQ,1,1,0,1,0,1,XNMS
TAXS.OQ,1,1,0,1,0,1,XNMS
TAXT.OQ,1,1,0,1,0,1,XNMS
TAYD.OQ,1,1,0,1,0,1,XNCM
TBBB.N,1,1,0,1,0,1,XNYS
TBBK.OQ,1,1,0,1,0,1,XNGS
TBCH.OQ,1,1,0,1,0,1,XNMS
TBH.OQ,1,1,0,1,0,1,XNCM
TBHC.OQ,1,1,0,1,0,1,XNGS
TBI.N,1,1,0,1,0,1,XNYS
TBIL.OQ,1,1,0,1,0,1,XNMS
TBLA.OQ,1,1,0,1,0,1,XNGS
TBLD.OQ,1,1,0,1,0,1,XNGS
TBLU.N,1,1,0,1,0,1,XNYS
TBN.N,1,1,0,1,0,1,XNYS
TBPH.N,1,1,0,1,1,0,
TBPH.OQ,1,1,0,1,0,1,XNMS
TBRG.OQ,1,1,0,1,0,1,XNGS
TC.OQ,1,1,0,1,0,1,XNCM
TCAI.N,1,1,0,1,0,1,XNYS
TCBI.OQ,1,1,0,1,0,1,XNGS
TCBK.OQ,1,1,0,1,0,1,XNGS
TCBS.OQ,1,1,0,1,0,1,XNCM
TCBX.N,1,1,0,1,0,1,XNYS
TCGL.A,1,1,0,1,0,1,XASE
TCI.N,1,1,0,1,0,1,XNYS
TCMD.OQ,1,1,0,1,0,1,XNMS
TCPC.OQ,1,1,0,1,0,1,XNGS
TCRT.OQ,1,1,0,1,0,1,XNCM
TCRX.OQ,1,1,0,1,0,1,XNMS
TCX.OQ,1,1,0,1,0,1,XNCM
TD.N,1,1,0,1,0,1,XNYS
TDAC.OQ,1,1,0,1,0,1,XNMS
TDAY.N,1,1,0,1,1,1,XNYS
TDC.N,1,1,0,1,0,1,XNYS
TDF.N,1,1,0,1,0,1,XNYS
TDG.N,1,1,0,1,0,1,XNYS
TDIC.OQ,1,1,0,1,0,1,XNCM
TDIV.OQ,1,1,0,1,0,1,XNMS
TDOC.N,1,1,0,1,1,1,XNYS
TDOG.OQ,1,1,0,1,0,1,XNMS
TDOT.OQ,1,1,0,1,0,1,XNMS
TDS.N,1,1,0,1,0,1,XNYS
TDTH.OQ,1,1,0,1,0,1,XNCM
TDUP.OQ,1,1,0,1,0,1,XNGS
TDW.N,1,1,0,1,0,1,XNYS
TDWD.OQ,1,1,0,1,0,1,XNMS
TDY.N,1,1,0,1,0,1,XNYS
TE.N,1,1,0,1,0,1,XNYS
TEAD.OQ,1,1,0,1,0,1,XNGS
TEAM.OQ,1,1,0,1,0,1,XNGS
TECH.OQ,1,1,0,1,0,1,XNGS
TECK.N,1,1,0,1,0,1,XNYS
TECX.OQ,1,1,0,1,0,1,XNMS
TEI.N,1,1,0,1,0,1,XNYS
TEKX.OQ,1,1,0,1,0,1,XNMS
TEL.N,1,1,0,1,0,1,XNYS
TELA.OQ,1,1,0,1,0,1,XNMS
TELO.OQ,1,1,0,1,0,1,XNCM
TEM.OQ,1,1,0,1,0,1,XNGS
TEN.N,1,1,0,1,0,1,XNYS
TENB.OQ,1,1,0,1,0,1,XNGS
TENX.OQ,1,1,0,1,0,1,XNCM
TER.OQ,1,1,0,1,0,1,XNGS
TERG.OQ,1,1,0,1,0,1,XNMS
TERN.OQ,1,1,0,1,0,1,XNGS
TEX.N,1,1,0,1,0,1,XNYS
TEXX.OQ,1,1,0,1,0,1,XNMS
TFC,1,1,0,1,1,0,
TFC.N,1,1,0,1,0,1,XNYS
TFII.N,1,1,0,1,0,1,XNYS
TFIN.N,1,1,0,1,0,1,XNYS
TFNS.OQ,1,1,0,1,0,1,XNMS
TFPM.N,1,1,0,1,0,1,XNYS
TFSL.OQ,1,1,0,1,0,1,XNGS
TFX,1,1,0,1,1,0,
TFX.N,1,1,0,1,0,1,XNYS
TG.N,1,1,0,1,0,1,XNYS
TGB.A,1,1,0,1,0,1,XASE
TGE.N,1,1,0,1,0,1,XNYS
TGEN.A,1,1,0,1,0,1,XASE
TGHL.OQ,1,1,0,1,0,1,XNCM
TGL.OQ,1,1,0,1,0,1,XNCM
TGLS.N,1,1,0,1,0,1,XNYS
TGT,1,1,0,1,1,0,
TGT.N,1,1,0,1,0,1,XNYS
TGTX.OQ,1,1,0,1,0,1,XNCM
TH.OQ,1,1,0,1,0,1,XNCM
THC.N,1,1,0,1,0,1,XNYS
THCH.OQ,1,1,0,1,0,1,XNCM
THFF.OQ,1,1,0,1,0,1,XNGS
THG.N,1,1,0,1,0,1,XNYS
THH.OQ,1,1,0,1,0,1,XNCM
THIR.N,1,1,0,1,0,1,XNYS
THLV.N,1,1,0,1,0,1,XNYS
THM.A,1,1,0,1,0,1,XASE
THMZ.OQ,1,1,0,1,0,1,XNMS
THO.N,1,1,0,1,0,1,XNYS
THQ.N,1,1,0,1,0,1,XNYS
THR.N,1,1,0,1,0,1,XNYS
THRM.OQ,1,1,0,1,0,1,XNGS
THRV.OQ,1,1,0,1,0,1,XNMS
THRY.OQ,1,1,0,1,0,1,XNCM
THW.N,1,1,0,1,0,1,XNYS
THYM.OQ,1,1,0,1,0,1,XNMS
TIC.N,1,1,0,1,0,1,XNYS
TIGO.OQ,1,1,0,1,0,1,XNGS
TIGR.OQ,1,1,0,1,0,1,XNGS
TII.A,1,1,0,1,0,1,XASE
TIL.OQ,1,1,0,1,0,1,XNCM
TILE.OQ,1,1,0,1,0,1,XNGS
TIPT.OQ,1,1,0,1,0,1,XNCM
TISI.N,1,1,0,1,0,1,XNYS
TITN.OQ,1,1,0,1,0,1,XNGS
TIVC.OQ,1,1,0,1,0,1,XNCM
TJGC.OQ,1,1,0,1,0,1,XNCM
TJX.N,1,1,0,1,0,1,XNYS
TK.N,1,1,0,1,0,1,XNYS
TKLF.OQ,1,1,0,1,0,1,XNCM
TKNO.OQ,1,1,0,1,0,1,XNMS
TKO,1,1,0,1,1,0,
TKO.N,1,1,0,1,0,1,XNYS
TKR.N,1,1,0,1,0,1,XNYS
TLA.OQ,1,1,0,1,0,1,XNMS
TLF.OQ,1,1,0,1,0,1,XNCM
TLIH.OQ,1,1,0,1,0,1,XNCM
TLN.OQ,1,1,0,1,0,1,XNGS
TLNC.OQ,1,1,0,1,0,1,XNMS
TLPH.OQ,1,1,0,1,0,1,XNCM
TLRY.OQ,1,1,0,1,0,1,XNGS
TLS.OQ,1,1,0,1,0,1,XNMS
TLSA.OQ,1,1,0,1,0,1,XNCM
TLSI.OQ,1,1,0,1,0,1,XNMS
TLT.OQ,1,1,0,1,0,1,XNMS
TLYS.N,1,1,0,1,0,1,XNYS
TMB.OQ,1,1,0,1,0,1,XNMS
TMC.OQ,1,1,0,1,0,1,XNGS
TMCI.OQ,1,1,0,1,0,1,XNGS
TMDE.A,1,1,0,1,0,1,XASE
TMDX.OQ,1,1,0,1,0,1,XNMS
TMED.OQ,1,1,0,1,0,1,XNMS
TMET.OQ,1,1,0,1,0,1,XNMS
TMHC.N,1,1,0,1,0,1,XNYS
TMNL.OQ,1,1,0,1,0,1,XNMS
TMNS.OQ,1,1,0,1,0,1,XNMS
TMO.N,1,1,0,1,0,1,XNYS
TMP.A,1,1,0,1,0,1,XASE
TMQ.A,1,1,0,1,0,1,XASE
TMSF.OQ,1,1,0,1,0,1,XNMS
TMTSU.OQ,1,1,0,1,0,1,XNMS
TMUS.N,1,1,0,1,1,0,
TMUS.OQ,1,1,0,1,0,1,XNGS
TNC.N,1,1,0,1,0,1,XNYS
TNDM.OQ,1,1,0,1,0,1,XNMS
TNET.N,1,1,0,1,0,1,XNYS
TNGX.OQ,1,1,0,1,0,1,XNMS
TNGY.N,1,1,0,1,0,1,XNYS
TNK.N,1,1,0,1,0,1,XNYS
TNL.N,1,1,0,1,0,1,XNYS
TNMG.OQ,1,1,0,1,0,1,XNCM
TNON.OQ,1,1,0,1,0,1,XNCM
TNXP.OQ,1,1,0,1,0,1,XNGS
TNXT.OQ,1,1,0,1,0,1,XNMS
TNYA.OQ,1,1,0,1,0,1,XNGS
TOI.OQ,1,1,0,1,0,1,XNCM
TOL.N,1,1,0,1,0,1,XNYS
TOMZ.OQ,1,1,0,1,0,1,XNCM
TONX.OQ,1,1,0,1,0,1,XNCM
TOON.A,1,1,0,1,0,1,XASE
TOP.OQ,1,1,0,1,0,1,XNCM
TOPP.A,1,1,0,1,0,1,XASE
TOPS.A,1,1,0,1,0,1,XASE
TORO.OQ,1,1,0,1,0,1,XNCM
TOST.N,1,1,0,1,1,1,XNYS
TOUR.OQ,1,1,0,1,0,1,XNCM
TOVX.A,1,1,0,1,0,1,XASE
TOWN.OQ,1,1,0,1,0,1,XNGS
TOYO.OQ,1,1,0,1,0,1,XNCM
TPB.N,1,1,0,1,0,1,XNYS
TPC.N,1,1,0,1,0,1,XNYS
TPCS.OQ,1,1,0,1,0,1,XNCM
TPET.A,1,1,0,1,0,1,XASE
TPG.N,1,1,0,1,1,0,
TPG.OQ,1,1,0,1,0,1,XNGS
TPH.N,1,1,0,1,0,1,XNYS
TPL.N,1,1,0,1,0,1,XNYS
TPR.N,1,1,0,1,0,1,XNYS
TPST.OQ,1,1,0,1,0,1,XNCM
TPVG.N,1,1,0,1,0,1,XNYS
TPYP.N,1,1,0,1,0,1,XNYS
TPZ.N,1,1,0,1,0,1,XNYS
TQQQ.OQ,1,1,0,1,0,1,XNMS
TQQY.OQ,1,1,0,1,0,1,XNMS
TR.N,1,1,0,1,0,1,XNYS
TRAD_U.N,1,1,0,1,0,1,
TRAK.N,1,1,0,1,0,1,XNYS
TRAW.OQ,1,1,0,1,0,1,XNCM
TRC.N,1,1,0,1,0,1,XNYS
TRDA.OQ,1,1,0,1,0,1,XNMS
TREE.OQ,1,1,0,1,0,1,XNGS
TREX.N,1,1,0,1,0,1,XNYS
TRGP.N,1,1,0,1,0,1,XNYS
TRGSU.OQ,1,1,0,1,0,1,XNMS
TRI.OQ,1,1,0,1,0,1,XNGS
TRIB.OQ,1,1,0,1,0,1,XNGS
TRIN.OQ,1,1,0,1,0,1,XNGS
TRIP.N,1,1,0,1,1,0,
TRIP.OQ,1,1,0,1,0,1,XNGS
TRMB.OQ,1,1,0,1,0,1,XNGS
TRMD.OQ,1,1,0,1,0,1,XNGS
TRMK.OQ,1,1,0,1,0,1,XNGS
TRN.N,1,1,0,1,0,1,XNYS
TRNO.N,1,1,0,1,0,1,XNYS
TRNR.OQ,1,1,0,1,0,1,XNCM
TRNS.OQ,1,1,0,1,0,1,XNMS
TRON.OQ,1,1,0,1,0,1,XNCM
TROO.OQ,1,1,0,1,0,1,XNCM
TROW.OQ,1,1,0,1,0,1,XNGS
TROX.N,1,1,0,1,0,1,XNYS
TRP.N,1,1,0,1,0,1,XNYS
TRS.OQ,1,1,0,1,0,1,XNGS
TRSG.OQ,1,1,0,1,0,1,XNCM
TRST.OQ,1,1,0,1,0,1,XNGS
TRT.A,1,1,0,1,0,1,XASE
TRTN_PA.N,1,1,0,1,0,1,
TRTX.N,1,1,0,1,0,1,XNYS
TRU.N,1,1,0,1,0,1,XNYS
TRUC.OQ,1,1,0,1,0,1,XNMS
TRUD.OQ,1,1,0,1,0,1,XNMS
TRUP.OQ,1,1,0,1,0,1,XNMS
TRUT.OQ,1,1,0,1,0,1,XNMS
TRV.N,1,1,0,1,0,1,XNYS
TRVG.OQ,1,1,0,1,0,1,XNGS
TRVI.OQ,1,1,0,1,0,1,XNMS
TRX.A,1,1,0,1,0,1,XASE
TSAT.OQ,1,1,0,1,0,1,XNGS
TSBK.OQ,1,1,0,1,0,1,XNMS
TSCO.N,1,1,0,1,1,0,
TSCO.OQ,1,1,0,1,0,1,XNGS
TSDD.OQ,1,1,0,1,0,1,XNMS
TSEM.N,1,1,0,1,1,0,
TSEM.OQ,1,1,0,1,0,1,XNGS
TSHA.OQ,1,1,0,1,0,1,XNGS
TSI.N,1,1,0,1,0,1,XNYS
TSL.OQ,1,1,0,1,0,1,XNMS
TSLA.N,1,1,0,1,1,0,
TSLA.OQ,1,1,0,1,0,1,XNGS
TSLG.OQ,1,1,0,1,0,1,XNMS
TSLL.OQ,1,1,0,1,0,1,XNMS
TSLQ.OQ,1,1,0,1,0,1,XNMS
TSLR.OQ,1,1,0,1,0,1,XNMS
TSLS.OQ,1,1,0,1,0,1,XNMS
TSLX.N,1,1,0,1,0,1,XNYS
TSM,1,1,0,1,1,0,
TSMU.OQ,1,1,0,1,0,1,XNMS
TSMX.OQ,1,1,0,1,0,1,XNMS
TSMZ.OQ,1,1,0,1,0,1,XNMS
TSN,1,1,0,1,1,0,
TSN.N,1,1,0,1,0,1,XNYS
TSPY.OQ,1,1,0,1,0,1,XNMS
TSQ.N,1,1,0,1,0,1,XNYS
TSSI.OQ,1,1,0,1,0,1,XNCM
TSUI.OQ,1,1,0,1,0,1,XNMS
TSYX.OQ,1,1,0,1,0,1,XNMS
TSYY.OQ,1,1,0,1,0,1,XNMS
TT.N,1,1,0,1,0,1,XNYS
TTAM.N,1,1,0,1,0,1,XNYS
TTAN.OQ,1,1,0,1,0,1,XNGS
TTC.N,1,1,0,1,0,1,XNYS
TTD.N,1,1,0,1,1,0,
TTD.OQ,1,1,0,1,0,1,XNMS
TTE.N,1,1,0,1,0,1,XNYS
TTEC.OQ,1,1,0,1,0,1,XNGS
TTEK.OQ,1,1,0,1,0,1,XNGS
TTEQ.OQ,1,1,0,1,0,1,XNMS
TTGT.OQ,1,1,0,1,0,1,XNGS
TTI.N,1,1,0,1,0,1,XNYS
TTMI.OQ,1,1,0,1,0,1,XNGS
TTRX.OQ,1,1,0,1,0,1,XNMS
TTWO.OQ,1,1,0,1,0,1,XNGS
TU.N,1,1,0,1,0,1,XNYS
TULP.OQ,1,1,0,1,0,1,XNCM
TURB.OQ,1,1,0,1,0,1,XNCM
TURF.OQ,1,1,0,1,0,1,XNMS
TUSK.OQ,1,1,0,1,0,1,XNGS
TUYA.N,1,1,0,1,0,1,XNYS
TVA.OQ,1,1,0,1,0,1,XNMS
TVAI.OQ,1,1,0,1,0,1,XNMS
TVGN.OQ,1,1,0,1,0,1,XNMS
TVRD.OQ,1,1,0,1,0,1,XNCM
TVTX.OQ,1,1,0,1,0,1,XNMS
TW.N,1,1,0,1,1,0,
TW.OQ,1,1,0,1,0,1,XNGS
TWAV.OQ,1,1,0,1,0,1,XNCM
TWFG.OQ,1,1,0,1,0,1,XNGS
TWG.OQ,1,1,0,1,0,1,XNCM
TWI.N,1,1,0,1,0,1,XNYS
TWIN.OQ,1,1,0,1,0,1,XNGS
TWLO.N,1,1,0,1,0,1,XNYS
TWLV.OQ,1,1,0,1,0,1,XNMS
TWN.N,1,1,0,1,0,1,XNYS
TWO.N,1,1,0,1,0,1,XNYS
TWST.OQ,1,1,0,1,0,1,XNGS
TX.N,1,1,0,1,0,1,XNYS
TXG.OQ,1,1,0,1,0,1,XNGS
TXMD.OQ,1,1,0,1,0,1,XNGS
TXN.N,1,1,0,1,1,0,
TXN.OQ,1,1,0,1,0,1,XNGS
TXNM.N,1,1,0,1,0,1,XNYS
TXO.N,1,1,0,1,0,1,XNYS
TXRH.N,1,1,0,1,1,0,
TXRH.OQ,1,1,0,1,0,1,XNGS
TXT.N,1,1,0,1,0,1,XNYS
TXUE.OQ,1,1,0,1,0,1,XNMS
TXUG.OQ,1,1,0,1,0,1,XNMS
TXXD.OQ,1,1,0,1,0,1,XNMS
TXXS.OQ,1,1,0,1,0,1,XNMS
TY.N,1,1,0,1,0,1,XNYS
TYG.N,1,1,0,1,0,1,XNYS
TYGO.OQ,1,1,0,1,0,1,XNCM
TYL.N,1,1,0,1,0,1,XNYS
TYRA.OQ,1,1,0,1,0,1,XNGS
TZOO.OQ,1,1,0,1,0,1,XNGS
U.N,1,1,0,1,0,1,XNYS
UAA,1,1,0,1,1,0,
UAA.N,1,1,0,1,0,1,XNYS
UAC.A,1,1,0,1,0,1,XASE
UAE.OQ,1,1,0,1,0,1,XNMS
UAL.N,1,1,0,1,1,0,
UAL.OQ,1,1,0,1,0,1,XNGS
UAN.N,1,1,0,1,0,1,XNYS
UAVS.A,1,1,0,1,0,1,XASE
UBCP.OQ,1,1,0,1,0,1,XNCM
UBER.N,1,1,0,1,1,1,XNYS
UBFO.OQ,1,1,0,1,0,1,XNGS
UBRL.OQ,1,1,0,1,0,1,XNMS
UBS.N,1,1,0,1,0,1,XNYS
UBSI.N,1,1,0,1,1,0,
UBSI.OQ,1,1,0,1,0,1,XNGS
UBXG.OQ,1,1,0,1,0,1,XNCM
UCAR.OQ,1,1,0,1,0,1,XNCM
UCB.N,1,1,0,1,0,1,XNYS
UCFI.OQ,1,1,0,1,0,1,XNCM
UCL.OQ,1,1,0,1,0,1,XNMS
UCTT.OQ,1,1,0,1,0,1,XNGS
UDMY.OQ,1,1,0,1,0,1,XNGS
UDR.N,1,1,0,1,0,1,XNYS
UE.N,1,1,0,1,0,1,XNYS
UEC.A,1,1,0,1,0,1,XASE
UECG.OQ,1,1,0,1,0,1,XNMS
UEIC.OQ,1,1,0,1,0,1,XNGS
UEVM.OQ,1,1,0,1,0,1,XNMS
UFCS.OQ,1,1,0,1,0,1,XNGS
UFG.OQ,1,1,0,1,0,1,XNCM
UFI.N,1,1,0,1,0,1,XNYS
UFIV.OQ,1,1,0,1,0,1,XNMS
UFO.OQ,1,1,0,1,0,1,XNMS
UFPI.OQ,1,1,0,1,0,1,XNGS
UFPT.OQ,1,1,0,1,0,1,XNCM
UG.OQ,1,1,0,1,0,1,XNMS
UGI.N,1,1,0,1,0,1,XNYS
UGRO.OQ,1,1,0,1,0,1,XNCM
UHAL.B,1,1,0,1,1,0,
UHAL.N,1,1,0,1,0,1,XNYS
UHG.OQ,1,1,0,1,0,1,XNMS
UHS.N,1,1,0,1,0,1,XNYS
UHT.N,1,1,0,1,0,1,XNYS
UI.N,1,1,0,1,0,1,XNYS
UIS.N,1,1,0,1,0,1,XNYS
UITB.OQ,1,1,0,1,0,1,XNMS
UIVM.OQ,1,1,0,1,0,1,XNMS
UK.OQ,1,1,0,1,0,1,XNCM
ULBI.OQ,1,1,0,1,0,1,XNMS
ULCC.OQ,1,1,0,1,0,1,XNGS
ULH.OQ,1,1,0,1,0,1,XNGS
ULS.N,1,1,0,1,0,1,XNYS
ULTA.OQ,1,1,0,1,0,1,XNGS
ULVM.OQ,1,1,0,1,0,1,XNMS
UMAC.A,1,1,0,1,0,1,XASE
UMBF.OQ,1,1,0,1,0,1,XNGS
UMH.N,1,1,0,1,0,1,XNYS
UMMA.OQ,1,1,0,1,0,1,XNMS
UNB.OQ,1,1,0,1,0,1,XNMS
UNCY.OQ,1,1,0,1,0,1,XNCM
UNF.N,1,1,0,1,0,1,XNYS
UNFI.N,1,1,0,1,1,1,XNYS
UNH,1,1,0,1,1,0,
UNH.N,1,1,0,1,0,1,XNYS
UNHG.OQ,1,1,0,1,0,1,XNMS
UNIT.OQ,1,1,0,1,0,1,XNGS
UNM.N,1,1,0,1,0,1,XNYS
UNP,1,1,0,1,1,0,
UNP.N,1,1,0,1,0,1,XNYS
UNTY.N,1,1,0,1,1,0,
UNTY.OQ,1,1,0,1,0,1,XNMS
UONEK.OQ,1,1,0,1,0,1,XNCM
UP.N,1,1,0,1,0,1,XNYS
UPB.OQ,1,1,0,1,0,1,XNGS
UPBD.OQ,1,1,0,1,0,1,XNGS
UPC.OQ,1,1,0,1,0,1,XNCM
UPLD.OQ,1,1,0,1,0,1,XNMS
UPS,1,1,0,1,1,0,
UPS.N,1,1,0,1,0,1,XNYS
UPSG.OQ,1,1,0,1,0,1,XNMS
UPST.OQ,1,1,0,1,0,1,XNGS
UPWK.OQ,1,1,0,1,0,1,XNGS
UPXI.OQ,1,1,0,1,0,1,XNCM
URBN.N,1,1,0,1,1,0,
URBN.OQ,1,1,0,1,0,1,XNGS
URG.A,1,1,0,1,0,1,XASE
URGN.OQ,1,1,0,1,0,1,XNMS
URI.N,1,1,0,1,0,1,XNYS
URNJ.OQ,1,1,0,1,0,1,XNMS
UROY.OQ,1,1,0,1,0,1,XNCM
USA.N,1,1,0,1,0,1,XNYS
USAC.N,1,1,0,1,0,1,XNYS
USAF.OQ,1,1,0,1,0,1,XNMS
USAR.N,1,1,0,1,1,0,
USAR.OQ,1,1,0,1,0,1,XNMS
USAS.A,1,1,0,1,0,1,XASE
USAU.OQ,1,1,0,1,0,1,XNCM
USB,1,1,0,1,1,0,
USB.N,1,1,0,1,0,1,XNYS
USBC.A,1,1,0,1,0,1,XASE
USCB.OQ,1,1,0,1,0,1,XNMS
USDX.OQ,1,1,0,1,0,1,XNMS
USEA.OQ,1,1,0,1,0,1,XNCM
USEG.OQ,1,1,0,1,0,1,XNCM
USFD.N,1,1,0,1,1,1,XNYS
USGG.OQ,1,1,0,1,0,1,XNMS
USGO.OQ,1,1,0,1,0,1,XNCM
USIG.OQ,1,1,0,1,0,1,XNMS
USIO.OQ,1,1,0,1,0,1,XNMS
USLM.OQ,1,1,0,1,0,1,XNGS
USMC.OQ,1,1,0,1,0,1,XNMS
USNA.N,1,1,0,1,0,1,XNYS
USPH.N,1,1,0,1,0,1,XNYS
USRD.OQ,1,1,0,1,0,1,XNMS
USTB.OQ,1,1,0,1,0,1,XNMS
USVM.OQ,1,1,0,1,0,1,XNMS
USVN.OQ,1,1,0,1,0,1,XNMS
USXF.OQ,1,1,0,1,0,1,XNMS
UTEN.OQ,1,1,0,1,0,1,XNMS
UTF.N,1,1,0,1,0,1,XNYS
UTG.A,1,1,0,1,0,1,XASE
UTHR.OQ,1,1,0,1,0,1,XNGS
UTHY.OQ,1,1,0,1,0,1,XNMS
UTI.N,1,1,0,1,0,1,XNYS
UTL.N,1,1,0,1,0,1,XNYS
UTMD.OQ,1,1,0,1,0,1,XNGS
UTRE.OQ,1,1,0,1,0,1,XNMS
UTSI.OQ,1,1,0,1,0,1,XNGS
UTWO.OQ,1,1,0,1,0,1,XNMS
UTWY.OQ,1,1,0,1,0,1,XNMS
UTZ.N,1,1,0,1,0,1,XNYS
UUU.A,1,1,0,1,0,1,XASE
UUUG.OQ,1,1,0,1,0,1,XNMS
UUUU.A,1,1,0,1,0,1,XASE
UVE.N,1,1,0,1,0,1,XNYS
UVSP.OQ,1,1,0,1,0,1,XNGS
UVV.N,1,1,0,1,0,1,XNYS
UWMC.N,1,1,0,1,0,1,XNYS
UXIN.OQ,1,1,0,1,0,1,XNGS
UYSC.OQ,1,1,0,1,0,1,XNCM
V,1,1,0,1,1,0,
V.N,1,1,0,1,0,1,XNYS
VABK.OQ,1,1,0,1,0,1,XNCM
VAC.N,1,1,0,1,0,1,XNYS
VACH.OQ,1,1,0,1,0,1,XNMS
VACI.N,1,1,0,1,0,1,XNYS
VAL.N,1,1,0,1,0,1,XNYS
VALG.OQ,1,1,0,1,0,1,XNMS
VALU.OQ,1,1,0,1,0,1,XNCM
VANI.OQ,1,1,0,1,0,1,XNCM
VATE.N,1,1,0,1,0,1,XNYS
VAVX.OQ,1,1,0,1,0,1,XNMS
VBCA.OQ,1,1,0,1,0,1,XNMS
VBCB.OQ,1,1,0,1,0,1,XNMS
VBCC.OQ,1,1,0,1,0,1,XNMS
VBCD.OQ,1,1,0,1,0,1,XNMS
VBCE.OQ,1,1,0,1,0,1,XNMS
VBCF.OQ,1,1,0,1,0,1,XNMS
VBCG.OQ,1,1,0,1,0,1,XNMS
VBCH.OQ,1,1,0,1,0,1,XNMS
VBCI.OQ,1,1,0,1,0,1,XNMS
VBCJ.OQ,1,1,0,1,0,1,XNMS
VBF.N,1,1,0,1,0,1,XNYS
VBIX.OQ,1,1,0,1,0,1,XNCM
VBNK.OQ,1,1,0,1,0,1,XNGS
VC.OQ,1,1,0,1,0,1,XNGS
VCEL.OQ,1,1,0,1,0,1,XNMS
VCIC.OQ,1,1,0,1,0,1,XNMS
VCIG.OQ,1,1,0,1,0,1,XNCM
VCIT.OQ,1,1,0,1,0,1,XNMS
VCLT.OQ,1,1,0,1,0,1,XNMS
VCTR.OQ,1,1,0,1,0,1,XNGS
VCV.N,1,1,0,1,0,1,XNYS
VCYT.OQ,1,1,0,1,0,1,XNMS
VECO.OQ,1,1,0,1,0,1,XNGS
VEEA.OQ,1,1,0,1,0,1,XNMS
VEEE.OQ,1,1,0,1,0,1,XNCM
VEEV.N,1,1,0,1,0,1,XNYS
VEL.N,1,1,0,1,0,1,XNYS
VELO.OQ,1,1,0,1,0,1,XNCM
VENU.A,1,1,0,1,0,1,XASE
VEON.OQ,1,1,0,1,0,1,XNGS
VERA.OQ,1,1,0,1,0,1,XNMS
VERI.OQ,1,1,0,1,0,1,XNMS
VERU.OQ,1,1,0,1,0,1,XNCM
VERX.OQ,1,1,0,1,0,1,XNMS
VET.N,1,1,0,1,0,1,XNYS
VFC.N,1,1,0,1,0,1,XNYS
VFF.OQ,1,1,0,1,0,1,XNCM
VFL.A,1,1,0,1,0,1,XASE
VFS.OQ,1,1,0,1,0,1,XNGS
VG.N,1,1,0,1,0,1,XNYS
VGAS.OQ,1,1,0,1,0,1,XNCM
VGI.N,1,1,0,1,0,1,XNYS
VGIT.OQ,1,1,0,1,0,1,XNMS
VGLT.OQ,1,1,0,1,0,1,XNMS
VGM.N,1,1,0,1,0,1,XNYS
VGSH.OQ,1,1,0,1,0,1,XNMS
VGSR.OQ,1,1,0,1,0,1,XNMS
VGZ.A,1,1,0,1,0,1,XASE
VHC.OQ,1,1,0,1,0,1,XNCM
VHCP.OQ,1,1,0,1,0,1,XNMS
VHI.N,1,1,0,1,0,1,XNYS
VHUB.OQ,1,1,0,1,0,1,XNMS
VIA.N,1,1,0,1,0,1,XNYS
VIAV.OQ,1,1,0,1,0,1,XNGS
VICI.N,1,1,0,1,0,1,XNYS
VICR.OQ,1,1,0,1,0,1,XNGS
VIGI.OQ,1,1,0,1,0,1,XNMS
VIK,1,1,0,1,1,0,
VIK.N,1,1,0,1,0,1,XNYS
VINP.OQ,1,1,0,1,0,1,XNGS
VIOT.OQ,1,1,0,1,0,1,XNGS
VIPS.N,1,1,0,1,0,1,XNYS
VIR.OQ,1,1,0,1,0,1,XNGS
VIRC.OQ,1,1,0,1,0,1,XNMS
VIRT.N,1,1,0,1,1,1,XNYS
VISN.OQ,1,1,0,1,0,1,XNGS
VITL.OQ,1,1,0,1,0,1,XNMS
VIVO.OQ,1,1,0,1,0,1,XNCM
VIVS.OQ,1,1,0,1,0,1,XNCM
VKI.A,1,1,0,1,0,1,XASE
VKQ.N,1,1,0,1,0,1,XNYS
VKTX.OQ,1,1,0,1,0,1,XNCM
VLGEA.OQ,1,1,0,1,0,1,XNGS
VLN.N,1,1,0,1,0,1,XNYS
VLO.N,1,1,0,1,0,1,XNYS
VLT.N,1,1,0,1,0,1,XNYS
VLTO.N,1,1,0,1,0,1,XNYS
VLY.OQ,1,1,0,1,0,1,XNGS
VMAR.OQ,1,1,0,1,0,1,XNCM
VMBS.OQ,1,1,0,1,0,1,XNMS
VMC.N,1,1,0,1,0,1,XNYS
VMD.OQ,1,1,0,1,0,1,XNCM
VMET.OQ,1,1,0,1,0,1,XNCM
VMI.N,1,1,0,1,0,1,XNYS
VMO.N,1,1,0,1,0,1,XNYS
VNCE.OQ,1,1,0,1,0,1,XNCM
VNDA.OQ,1,1,0,1,0,1,XNMS
VNET.OQ,1,1,0,1,0,1,XNGS
VNME.OQ,1,1,0,1,0,1,XNMS
VNO.N,1,1,0,1,0,1,XNYS
VNOM.OQ,1,1,0,1,0,1,XNGS
VNRX.A,1,1,0,1,0,1,XASE
VNT.N,1,1,0,1,0,1,XNYS
VNTG.A,1,1,0,1,0,1,XASE
VOC.N,1,1,0,1,0,1,XNYS
VONE.OQ,1,1,0,1,0,1,XNMS
VONG.OQ,1,1,0,1,0,1,XNMS
VONV.OQ,1,1,0,1,0,1,XNMS
VOR.OQ,1,1,0,1,0,1,XNGS
VOTE.OQ,1,1,0,1,0,1,XNMS
VOXR.OQ,1,1,0,1,0,1,XNCM
VOYA.N,1,1,0,1,0,1,XNYS
VOYG.N,1,1,0,1,0,1,XNYS
VPG.N,1,1,0,1,0,1,XNYS
VPLS.OQ,1,1,0,1,0,1,XNMS
VPV.N,1,1,0,1,0,1,XNYS
VRA.OQ,1,1,0,1,0,1,XNGS
VRAX.OQ,1,1,0,1,0,1,XNCM
VRCA.OQ,1,1,0,1,0,1,XNCM
VRDN.OQ,1,1,0,1,0,1,XNCM
VRE.N,1,1,0,1,0,1,XNYS
VREX.OQ,1,1,0,1,0,1,XNGS
VRIG.OQ,1,1,0,1,0,1,XNMS
VRM.OQ,1,1,0,1,0,1,XNMS
VRME.OQ,1,1,0,1,0,1,XNCM
VRNS.OQ,1,1,0,1,0,1,XNGS
VRRM.OQ,1,1,0,1,0,1,XNCM
VRSK.OQ,1,1,0,1,0,1,XNGS
VRSN.OQ,1,1,0,1,0,1,XNGS
VRT.N,1,1,0,1,0,1,XNYS
VRTL.OQ,1,1,0,1,0,1,XNMS
VRTS.N,1,1,0,1,0,1,XNYS
VRTX.OQ,1,1,0,1,0,1,XNGS
VS.OQ,1,1,0,1,0,1,XNCM
VSA.OQ,1,1,0,1,0,1,XNCM
VSAT.OQ,1,1,0,1,0,1,XNGS
VSCO.N,1,1,0,1,1,1,XNYS
VSDA.OQ,1,1,0,1,0,1,XNMS
VSEC.OQ,1,1,0,1,0,1,XNGS
VSEE.OQ,1,1,0,1,0,1,XNCM
VSH.N,1,1,0,1,0,1,XNYS
VSME.OQ,1,1,0,1,0,1,XNCM
VSMV.OQ,1,1,0,1,0,1,XNMS
VSNT.OQ,1,1,0,1,0,1,XNGS
VST.N,1,1,0,1,0,1,XNYS
VSTD.OQ,1,1,0,1,0,1,XNCM
VSTM.OQ,1,1,0,1,0,1,XNCM
VSTS.N,1,1,0,1,0,1,XNYS
VTAK.A,1,1,0,1,0,1,XASE
VTC.OQ,1,1,0,1,0,1,XNMS
VTEX.N,1,1,0,1,0,1,XNYS
VTGN.OQ,1,1,0,1,0,1,XNCM
VTHR.OQ,1,1,0,1,0,1,XNMS
VTIP.OQ,1,1,0,1,0,1,XNMS
VTIX.OQ,1,1,0,1,0,1,XNMS
VTN.N,1,1,0,1,0,1,XNYS
VTOL.N,1,1,0,1,0,1,XNYS
VTR.N,1,1,0,1,0,1,XNYS
VTRS.OQ,1,1,0,1,0,1,XNGS
VTS.N,1,1,0,1,0,1,XNYS
VTSI.OQ,1,1,0,1,0,1,XNCM
VTVT.OQ,1,1,0,1,0,1,XNCM
VTWG.OQ,1,1,0,1,0,1,XNMS
VTWO.OQ,1,1,0,1,0,1,XNMS
VTWV.OQ,1,1,0,1,0,1,XNMS
VUZI.OQ,1,1,0,1,0,1,XNCM
VVOS.OQ,1,1,0,1,0,1,XNCM
VVR.N,1,1,0,1,0,1,XNYS
VVV.N,1,1,0,1,0,1,XNYS
VVX.N,1,1,0,1,0,1,XNYS
VWAV.OQ,1,1,0,1,0,1,XNMS
VWOB.OQ,1,1,0,1,0,1,XNMS
VXUS.OQ,1,1,0,1,0,1,XNMS
VYGR.OQ,1,1,0,1,0,1,XNGS
VYMI.OQ,1,1,0,1,0,1,XNMS
VYNE.OQ,1,1,0,1,0,1,XNCM
VYX.N,1,1,0,1,0,1,XNYS
VZ,1,1,0,1,1,0,
VZ.N,1,1,0,1,0,1,XNYS
VZLA.A,1,1,0,1,0,1,XASE
W.N,1,1,0,1,0,1,XNYS
WAB.N,1,1,0,1,0,1,XNYS
WABC.OQ,1,1,0,1,0,1,XNGS
WAFD.OQ,1,1,0,1,0,1,XNGS
WAFU.OQ,1,1,0,1,0,1,XNCM
WAI.OQ,1,1,0,1,0,1,XNCM
WAL.N,1,1,0,1,0,1,XNYS
WALD.OQ,1,1,0,1,0,1,XNCM
WAMA.OQ,1,1,0,1,0,1,XNMS
WASH.OQ,1,1,0,1,0,1,XNGS
WAT.N,1,1,0,1,0,1,XNYS
WATT.OQ,1,1,0,1,0,1,XNCM
WAVE.OQ,1,1,0,1,0,1,XNCM
WAY.N,1,1,0,1,1,0,
WAY.OQ,1,1,0,1,0,1,XNGS
WB.N,1,1,0,1,1,0,
WBD.N,1,1,0,1,1,0,
WBD.OQ,1,1,0,1,0,1,XNGS
WBI.N,1,1,0,1,0,1,XNYS
WBIY.N,1,1,0,1,0,1,XNYS
WBS.N,1,1,0,1,0,1,XNYS
WBTN.OQ,1,1,0,1,0,1,XNGS
WBUY.OQ,1,1,0,1,0,1,XNCM
WBX.N,1,1,0,1,0,1,XNYS
WCC.N,1,1,0,1,0,1,XNYS
WCN.N,1,1,0,1,0,1,XNYS
WCT.OQ,1,1,0,1,0,1,XNCM
WD.N,1,1,0,1,0,1,XNYS
WDAF.OQ,1,1,0,1,0,1,XNMS
WDAY.N,1,1,0,1,1,0,
WDAY.OQ,1,1,0,1,0,1,XNGS
WDC.OQ,1,1,0,1,0,1,XNGS
WDFC.N,1,1,0,1,1,0,
WDFC.OQ,1,1,0,1,0,1,XNGS
WDGF.OQ,1,1,0,1,0,1,XNMS
WDH.N,1,1,0,1,0,1,XNYS
WDI.N,1,1,0,1,0,1,XNYS
WEA.N,1,1,0,1,0,1,XNYS
WEAV.N,1,1,0,1,0,1,XNYS
WEC.N,1,1,0,1,0,1,XNYS
WEEI.OQ,1,1,0,1,0,1,XNMS
WELL.N,1,1,0,1,0,1,XNYS
WEN.N,1,1,0,1,1,0,
WEN.OQ,1,1,0,1,0,1,XNGS
WENN.OQ,1,1,0,1,0,1,XNMS
WERN.OQ,1,1,0,1,0,1,XNGS
WES.N,1,1,0,1,0,1,XNYS
WEST.OQ,1,1,0,1,0,1,XNMS
WETH.OQ,1,1,0,1,0,1,XNCM
WETO.OQ,1,1,0,1,0,1,XNCM
WEX.N,1,1,0,1,0,1,XNYS
WEYS.OQ,1,1,0,1,0,1,XNGS
WFC,1,1,0,1,1,0,
WFC.N,1,1,0,1,0,1,XNYS
WFCF.OQ,1,1,0,1,0,1,XNCM
WFF.OQ,1,1,0,1,0,1,XNCM
WFG.N,1,1,0,1,0,1,XNYS
WFRD.OQ,1,1,0,1,0,1,XNGS
WGMI.OQ,1,1,0,1,0,1,XNMS
WGO.N,1,1,0,1,0,1,XNYS
WGRX.OQ,1,1,0,1,0,1,XNCM
WGS.OQ,1,1,0,1,0,1,XNGS
WH.N,1,1,0,1,0,1,XNYS
WHD.N,1,1,0,1,0,1,XNYS
WHF.OQ,1,1,0,1,0,1,XNGS
WHG.N,1,1,0,1,0,1,XNYS
WHLR.OQ,1,1,0,1,0,1,XNCM
WHR.N,1,1,0,1,0,1,XNYS
WHWK.OQ,1,1,0,1,0,1,XNCM
WIA.N,1,1,0,1,0,1,XNYS
WILC.OQ,1,1,0,1,0,1,XNCM
WIMA.OQ,1,1,0,1,0,1,XNMS
WIMI.OQ,1,1,0,1,0,1,XNMS
WINA.OQ,1,1,0,1,0,1,XNMS
WING.N,1,1,0,1,1,0,
WING.OQ,1,1,0,1,0,1,XNGS
WINN.N,1,1,0,1,0,1,XNYS
WISE.OQ,1,1,0,1,0,1,XNMS
WIW.N,1,1,0,1,0,1,XNYS
WIX.N,1,1,0,1,1,0,
WIX.OQ,1,1,0,1,0,1,XNGS
WK.N,1,1,0,1,0,1,XNYS
WKC.N,1,1,0,1,0,1,XNYS
WKHS.OQ,1,1,0,1,0,1,XNCM
WKSP.OQ,1,1,0,1,0,1,XNCM
WLAC.OQ,1,1,0,1,0,1,XNMS
WLDN.OQ,1,1,0,1,0,1,XNMS
WLDS.OQ,1,1,0,1,0,1,XNCM
WLFC.OQ,1,1,0,1,0,1,XNMS
WLIIU.OQ,1,1,0,1,0,1,XNMS
WLK.N,1,1,0,1,0,1,XNYS
WLKP.N,1,1,0,1,0,1,XNYS
WLTG.N,1,1,0,1,0,1,XNYS
WLTH.OQ,1,1,0,1,0,1,XNGS
WLY.N,1,1,0,1,0,1,XNYS
WM.N,1,1,0,1,0,1,XNYS
WMB,1,1,0,1,1,0,
WMB.N,1,1,0,1,0,1,XNYS
WMG.OQ,1,1,0,1,0,1,XNGS
WMK.N,1,1,0,1,0,1,XNYS
WMS.N,1,1,0,1,0,1,XNYS
WMT.N,1,1,0,1,1,0,
WMT.OQ,1,1,0,1,0,1,XNGS
WNC.N,1,1,0,1,0,1,XNYS
WNEB.OQ,1,1,0,1,0,1,XNGS
WNW.OQ,1,1,0,1,0,1,XNCM
WOK.OQ,1,1,0,1,0,1,XNCM
WOLF.N,1,1,0,1,0,1,XNYS
WOOF.OQ,1,1,0,1,0,1,XNGS
WOR.N,1,1,0,1,0,1,XNYS
WORX.OQ,1,1,0,1,0,1,XNCM
WPAC.N,1,1,0,1,0,1,XNYS
WPC.N,1,1,0,1,0,1,XNYS
WPM.N,1,1,0,1,0,1,XNYS
WPRT.OQ,1,1,0,1,0,1,XNGS
WRAP.OQ,1,1,0,1,0,1,XNCM
WRB.N,1,1,0,1,0,1,XNYS
WRBY.N,1,1,0,1,1,1,XNYS
WRLD.OQ,1,1,0,1,0,1,XNGS
WRN.A,1,1,0,1,0,1,XASE
WS.N,1,1,0,1,0,1,XNYS
WSBC.OQ,1,1,0,1,0,1,XNGS
WSBF.OQ,1,1,0,1,0,1,XNGS
WSBK.OQ,1,1,0,1,0,1,XNCM
WSC.OQ,1,1,0,1,0,1,XNCM
WSFS.OQ,1,1,0,1,0,1,XNGS
WSHP.OQ,1,1,0,1,0,1,XNCM
WSM,1,1,0,1,1,0,
WSM.N,1,1,0,1,0,1,XNYS
WSML.OQ,1,1,0,1,0,1,XNMS
WSO.N,1,1,0,1,0,1,XNYS
WSR.N,1,1,0,1,0,1,XNYS
WST.N,1,1,0,1,0,1,XNYS
WSTN.OQ,1,1,0,1,0,1,XNCM
WT.N,1,1,0,1,0,1,XNYS
WTBA.OQ,1,1,0,1,0,1,XNGS
WTBN.OQ,1,1,0,1,0,1,XNMS
WTF.OQ,1,1,0,1,0,1,XNCM
WTFC.N,1,1,0,1,1,0,
WTFC.OQ,1,1,0,1,0,1,XNGS
WTG.OQ,1,1,0,1,0,1,XNCM
WTI.N,1,1,0,1,0,1,XNYS
WTM.N,1,1,0,1,0,1,XNYS
WTO.OQ,1,1,0,1,0,1,XNCM
WTRG.N,1,1,0,1,0,1,XNYS
WTS.N,1,1,0,1,0,1,XNYS
WTTR.N,1,1,0,1,0,1,XNYS
WTW.OQ,1,1,0,1,0,1,XNGS
WU.N,1,1,0,1,0,1,XNYS
WULF.OQ,1,1,0,1,0,1,XNCM
WVE.OQ,1,1,0,1,0,1,XNMS
WVVI.OQ,1,1,0,1,0,1,XNCM
WW.OQ,1,1,0,1,0,1,XNMS
WWD.N,1,1,0,1,1,0,
WWD.OQ,1,1,0,1,0,1,XNGS
WWR.A,1,1,0,1,0,1,XASE
WWW.N,1,1,0,1,0,1,XNYS
WXM.OQ,1,1,0,1,0,1,XNCM
WY.N,1,1,0,1,0,1,XNYS
WYFI.OQ,1,1,0,1,0,1,XNCM
WYNN.N,1,1,0,1,1,0,
WYNN.OQ,1,1,0,1,0,1,XNGS
WYY.A,1,1,0,1,0,1,XASE
XAIR.OQ,1,1,0,1,0,1,XNCM
XBIL.OQ,1,1,0,1,0,1,XNMS
XBIO.OQ,1,1,0,1,0,1,XNCM
XBIT.OQ,1,1,0,1,0,1,XNGS
XBP.OQ,1,1,0,1,0,1,XNCM
XBTY.OQ,1,1,0,1,0,1,XNMS
XCBE.OQ,1,1,0,1,0,1,XNMS
XCH.OQ,1,1,0,1,0,1,XNMS
XCPCX.O,1,1,0,1,0,1,XNAS
XCUR.OQ,1,1,0,1,0,1,XNCM
XDEF.OQ,1,1,0,1,0,1,XNMS
XEL.OQ,1,1,0,1,0,1,XNGS
XELB.OQ,1,1,0,1,0,1,XNCM
XENE.OQ,1,1,0,1,0,1,XNMS
XERS.OQ,1,1,0,1,0,1,XNGS
XFLH.N,1,1,0,1,0,1,XNYS
XFLT.N,1,1,0,1,0,1,XNYS
XFOR.OQ,1,1,0,1,0,1,XNCM
XGN.OQ,1,1,0,1,0,1,XNMS
XHG.OQ,1,1,0,1,0,1,XNCM
XHLD.OQ,1,1,0,1,0,1,XNCM
XHR.N,1,1,0,1,0,1,XNYS
XIFR.N,1,1,0,1,0,1,XNYS
XLO.OQ,1,1,0,1,0,1,XNCM
XMTR.OQ,1,1,0,1,0,1,XNGS
XNCR.OQ,1,1,0,1,0,1,XNMS
XNET.OQ,1,1,0,1,0,1,XNGS
XOM,1,1,0,1,1,0,
XOM.N,1,1,0,1,0,1,XNYS
XOMA.OQ,1,1,0,1,0,1,XNMS
XOMX.OQ,1,1,0,1,0,1,XNMS
XOMZ.OQ,1,1,0,1,0,1,XNMS
XOS.OQ,1,1,0,1,0,1,XNCM
XOVR.OQ,1,1,0,1,0,1,XNMS
XP.OQ,1,1,0,1,0,1,XNGS
XPEG.OQ,1,1,0,1,0,1,XNMS
XPEL.OQ,1,1,0,1,0,1,XNCM
XPER.N,1,1,0,1,0,1,XNYS
XPL.A,1,1,0,1,0,1,XASE
XPO.N,1,1,0,1,0,1,XNYS
XPOF.N,1,1,0,1,0,1,XNYS
XPON.OQ,1,1,0,1,0,1,XNCM
XPRO.N,1,1,0,1,0,1,XNYS
XRAY.OQ,1,1,0,1,0,1,XNGS
XRN.N,1,1,0,1,0,1,XNYS
XRPN.OQ,1,1,0,1,0,1,XNMS
XRTX.OQ,1,1,0,1,0,1,XNCM
XRX.OQ,1,1,0,1,0,1,XNGS
XSLL.OQ,1,1,0,1,0,1,XNMS
XT.OQ,1,1,0,1,0,1,XNMS
XTIA.OQ,1,1,0,1,0,1,XNCM
XTKG.OQ,1,1,0,1,0,1,XNCM
XTNT.A,1,1,0,1,0,1,XASE
XWEL.OQ,1,1,0,1,0,1,XNCM
XWIN.OQ,1,1,0,1,0,1,XNCM
XXI.N,1,1,0,1,0,1,XNYS
XXII.OQ,1,1,0,1,0,1,XNCM
XYF.N,1,1,0,1,0,1,XNYS
XYL.N,1,1,0,1,0,1,XNYS
XYZ.N,1,1,0,1,0,1,XNYS
XYZG.OQ,1,1,0,1,0,1,XNMS
XZO.N,1,1,0,1,0,1,XNYS
YAAS.OQ,1,1,0,1,0,1,XNCM
YALA.N,1,1,0,1,0,1,XNYS
YB.OQ,1,1,0,1,0,1,XNMS
YBMN.OQ,1,1,0,1,0,1,XNMS
YBST.OQ,1,1,0,1,0,1,XNMS
YBTY.OQ,1,1,0,1,0,1,XNMS
YCBD.A,1,1,0,1,0,1,XASE
YCY.N,1,1,0,1,0,1,XNYS
YDDL.OQ,1,1,0,1,0,1,XNCM
YDES.OQ,1,1,0,1,0,1,XNMS
YDKG.OQ,1,1,0,1,0,1,XNCM
YELP.N,1,1,0,1,1,1,XNYS
YETI.N,1,1,0,1,0,1,XNYS
YEXT.N,1,1,0,1,0,1,XNYS
YHC.OQ,1,1,0,1,0,1,XNCM
YHGJ.OQ,1,1,0,1,0,1,XNCM
YHNA.OQ,1,1,0,1,0,1,XNMS
YI.OQ,1,1,0,1,0,1,XNMS
YIBO.OQ,1,1,0,1,0,1,XNCM
YJ.OQ,1,1,0,1,0,1,XNCM
YLDE.OQ,1,1,0,1,0,1,XNMS
YMAT.OQ,1,1,0,1,0,1,XNCM
YMM.N,1,1,0,1,0,1,XNYS
YMT.OQ,1,1,0,1,0,1,XNMS
YOKE.OQ,1,1,0,1,0,1,XNMS
YORW.OQ,1,1,0,1,0,1,XNGS
YOU.N,1,1,0,1,0,1,XNYS
YOUL.OQ,1,1,0,1,0,1,XNCM
YQ.OQ,1,1,0,1,0,1,XNGS
YRD.N,1,1,0,1,0,1,XNYS
YSG.N,1,1,0,1,0,1,XNYS
YSPY.OQ,1,1,0,1,0,1,XNMS
YSS.N,1,1,0,1,0,1,XNYS
YSXT.OQ,1,1,0,1,0,1,XNCM
YTRA.OQ,1,1,0,1,0,1,XNCM
YUM,1,1,0,1,1,0,
YUM.N,1,1,0,1,0,1,XNYS
YUMC.N,1,1,0,1,0,1,XNYS
YXT.OQ,1,1,0,1,0,1,XNMS
YYAI.OQ,1,1,0,1,0,1,XNCM
YYGH.OQ,1,1,0,1,0,1,XNCM
Z.OQ,1,1,0,1,0,1,XNGS
ZBAI.OQ,1,1,0,1,0,1,XNCM
ZBAO.OQ,1,1,0,1,0,1,XNCM
ZBH.N,1,1,0,1,0,1,XNYS
ZBIO.OQ,1,1,0,1,0,1,XNGS
ZBRA.OQ,1,1,0,1,0,1,XNGS
ZCMD.OQ,1,1,0,1,0,1,XNCM
ZD.OQ,1,1,0,1,0,1,XNGS
ZDAI.OQ,1,1,0,1,0,1,XNCM
ZDGE.A,1,1,0,1,0,1,XASE
ZENA.OQ,1,1,0,1,0,1,XNCM
ZEO.OQ,1,1,0,1,0,1,XNCM
ZEPP.N,1,1,0,1,0,1,XNYS
ZETA.N,1,1,0,1,0,1,XNYS
ZGM.OQ,1,1,0,1,0,1,XNCM
ZGN.N,1,1,0,1,0,1,XNYS
ZIM.N,1,1,0,1,0,1,XNYS
ZION.OQ,1,1,0,1,0,1,XNGS
ZIP.N,1,1,0,1,0,1,XNYS
ZJK.OQ,1,1,0,1,0,1,XNCM
ZJYL.OQ,1,1,0,1,0,1,XNCM
ZKH.N,1,1,0,1,0,1,XNYS
ZKIN.OQ,1,1,0,1,0,1,XNCM
ZKP.OQ,1,1,0,1,0,1,XNMS
ZM.N,1,1,0,1,1,0,
ZM.OQ,1,1,0,1,0,1,XNGS
ZNB.OQ,1,1,0,1,0,1,XNCM
ZNTL.OQ,1,1,0,1,0,1,XNMS
ZONE.A,1,1,0,1,0,1,XASE
ZOOZ.OQ,1,1,0,1,0,1,XNCM
ZS.OQ,1,1,0,1,0,1,XNGS
ZSPC.OQ,1,1,0,1,0,1,XNCM
ZSTK.OQ,1,1,0,1,0,1,XNCM
ZTEK.OQ,1,1,0,1,0,1,XNCM
ZTR.N,1,1,0,1,0,1,XNYS
ZTS.N,1,1,0,1,0,1,XNYS
ZUMZ.OQ,1,1,0,1,0,1,XNGS
ZURA.OQ,1,1,0,1,0,1,XNCM
ZVIA.N,1,1,0,1,0,1,XNYS
ZVRA.OQ,1,1,0,1,0,1,XNGS
ZWS.N,1,1,0,1,0,1,XNYS
ZYBT.OQ,1,1,0,1,0,1,XNCM
ZYME.OQ,1,1,0,1,0,1,XNGS
ABNG.OQ,1,0,0,0,0,1,XNMS
BCHT.A,1,0,0,0,0,1,XASE
CAQ.OQ,1,0,0,0,0,1,XNMS
CYAB.OQ,1,0,0,0,0,1,XNMS
EB,1,0,0,0,1,0,
ENHI.OQ,1,0,0,0,0,1,XNMS
FGII.OQ,1,0,0,0,0,1,XNMS
FLNA.OQ,1,0,0,0,0,1,XNCM
FMACU.OQ,1,0,0,0,0,1,XNMS
GLWG.OQ,1,0,0,0,0,1,XNMS
GRML.OQ,1,0,0,0,0,1,XNCM
HCIC.OQ,1,0,0,0,0,1,XNMS
HSLV.A,1,0,0,0,0,1,XASE
IEAG.OQ,1,0,0,0,0,1,XNMS
IPFXU.OQ,1,0,0,0,0,1,XNMS
MAKO.OQ,1,0,0,0,0,1,XNCM
MOG.A,1,0,0,0,1,0,
OTH.A,1,0,0,0,0,1,XASE
POAS.A,1,0,0,0,0,1,XASE
QADRU.OQ,1,0,0,0,0,1,XNMS
QUCY.OQ,1,0,0,0,0,1,XNCM
SUMAU.OQ,1,0,0,0,0,1,XNMS
UAMY.N,1,0,0,0,0,1,XNYS
XNDU.OQ,1,0,0,0,0,1,XNMS
