market_id,ric,ticker,slug,event_datetime_utc,event_date,event_quarter,n_rows_selected_horizons,n_snapshots_ok,any_ok_snapshot,loss_mean,loss_target,volume_num,market_cap_usd_asof,analysts_covering_asof,turnover_6m_avg_daily_volume,volatility_6m,selected_mean,selected_target,log_market_cap,analysts,log_turnover,log_volatility_6m,log_volume,approx_event_key,market_row_id,n_candidates_total,n_candidates_accepted,closest_candidate_time_diff_hours,matched_event_key,matched_universe_ric,matched_universe_ticker,matched_event_date,matched_event_datetime_utc,match_tier,match_rule,identifier_method,match_time_diff_hours,quarter_consistent,match_status,unmatched_reason
1069148,JPM,JPM,jpm-quarterly-earnings-gaap-eps-01-13-2026-4pt94,2026-01-13T11:48:00Z,2026-01-13,NA,9,9,1,0.7087477499999999,0.7081222500000001,141618.557105,887562078000,27,8417730.38095238,0.012497803489729,1,1,27.511744302892055,27,15.945850917724208,0.012420350603343771,11.860899565853043,JPM__2026-01-13,1,2,1,0,JPM__2026-01-13,JPM,JPM,2026-01-13,2026-01-13T11:48:00Z,1,exact_ric_plus_event_date,ric_exact,0,TRUE,matched,NA
1069149,BK,BK,bk-quarterly-earnings-nongaap-eps-01-13-2026-1pt99,2026-01-13T13:30:00Z,2026-01-13,NA,9,9,1,0.007769444444443889,0.008099999999999,41553.592934,81927613440,17,3467432.0714285714,0.010783560056105,1,1,25.129101931419186,17,15.058925129305988,0.010725832110069448,10.634763334102304,BK__2026-01-13,2,2,1,0,BK__2026-01-13,BK,BK,2026-01-13,2026-01-13T13:30:00Z,1,exact_ric_plus_event_date,ric_exact,0,TRUE,matched,NA
1069150,DAL,DAL,dal-quarterly-earnings-nongaap-eps-01-13-2026-1pt57,2026-01-13T11:30:00Z,2026-01-13,NA,9,9,1,0.6608694444444443,0.4489,34846.39086,47215737754.08,28,8002830.428571428,0.022661128725539,1,1,24.577993100956714,28,15.895305965597597,0.022408179625568014,10.458733545667148,DAL__2026-01-13,3,2,1,0,DAL__2026-01-13,DAL,DAL,2026-01-13,2026-01-13T11:30:00Z,1,exact_ric_plus_event_date,ric_exact,0,TRUE,matched,NA
1099134,BAC,BAC,bac-quarterly-earnings-gaap-eps-01-14-2026-0pt97,2026-01-14T11:45:00Z,2026-01-14,NA,9,9,1,0.02387777777777733,0.0169,36178.687969,398055907200.55,25,35828639.11023622,0.012513829224162,1,1,26.709858302718953,25,17.394258134618255,0.012436178398280293,10.496253134506347,BAC__2026-01-14,4,2,1,0,BAC__2026-01-14,BAC,BAC,2026-01-14,2026-01-14T11:45:00Z,1,exact_ric_plus_event_date,ric_exact,0,TRUE,matched,NA
1099135,WFC,WFC,wfc-quarterly-earnings-gaap-eps-01-14-2026-1pt68,2026-01-14T12:00:00Z,2026-01-14,NA,9,9,1,0.4834916666666667,0.6320250000000001,56879.688635,293673296000,26,14855600.16535433,0.015669936864813,1,1,26.405733748307018,26,16.513887534949557,0.015548431085591995,10.948711171207632,WFC__2026-01-14,5,2,1,0,WFC__2026-01-14,WFC,WFC,2026-01-14,2026-01-14T12:00:00Z,1,exact_ric_plus_event_date,ric_exact,0,TRUE,matched,NA
1099148,C,C,c-quarterly-earnings-gaap-eps-01-14-2026-1pt69,2026-01-14T13:00:02Z,2026-01-14,NA,9,9,1,0.2897361111111108,0.2304,39081.184395,210600610000,23,13825590.692913383,0.01495329546225,1,1,26.07322933312832,23,16.44203190322091,0.014842597112152819,10.573422000065454,C__2026-01-14,6,2,1,0,C__2026-01-14,C,C,2026-01-14,2026-01-14T13:00:02Z,1,exact_ric_plus_event_date,ric_exact,0,TRUE,matched,NA
1099149,MS,MS,ms-quarterly-earnings-gaap-eps-01-15-2026-2pt42,2026-01-15T12:30:00Z,2026-01-15,NA,9,9,1,0.061616666666665786,0.102399999999999,40360.273668,289309080000,27,5351729.0390625,0.013306198143576,1,1,26.39076143454036,27,15.492930438386185,0.013218448243692796,10.605626031650484,MS__2026-01-15,7,2,1,0,MS__2026-01-15,MS,MS,2026-01-15,2026-01-15T12:30:00Z,1,exact_ric_plus_event_date,ric_exact,0,TRUE,matched,NA
1099181,GS,GS,gs-quarterly-earnings-gaap-eps-01-15-2026-11pt49,2026-01-15T12:30:00Z,2026-01-15,NA,9,9,1,0.010647222222221666,0.007224999999999,39226.239714,281377932594.65,27,1966480.6015625,0.014898636396454,1,1,26.36296455849003,27,14.491756514879647,0.01478874188759054,10.577126675117093,GS__2026-01-15,8,2,1,0,GS__2026-01-15,GS,GS,2026-01-15,2026-01-15T12:30:00Z,1,exact_ric_plus_event_date,ric_exact,0,TRUE,matched,NA
1099182,PNC,PNC,pnc-quarterly-earnings-gaap-eps-01-16-2026-4pt16,2026-01-16T11:34:19Z,2026-01-16,NA,9,9,1,0.021424999999999556,0.042024999999999,20031.21384,82804800000,25,1911552.078125,0.012160935363431,1,1,25.139751867671862,25,14.463426599520165,0.012087585260778097,9.905096948762976,PNC__2026-01-16,9,2,1,0,PNC__2026-01-16,PNC,PNC,2026-01-16,2026-01-16T11:34:19Z,1,exact_ric_plus_event_date,ric_exact,0,TRUE,matched,NA
1099187,STT,STT,stt-quarterly-earnings-gaap-eps-01-16-2026-2pt67,2026-01-16T12:30:00Z,2026-01-16,NA,9,9,1,0.2353472222222218,0.105625,25081.28419,37597375631.04,19,1956068.109375,0.01354993398667,1,1,24.350200087859523,19,14.48644746094405,0.01345895455334656,10.129917066755976,STT__2026-01-16,10,2,1,0,STT__2026-01-16,STT,STT,2026-01-16,2026-01-16T12:30:00Z,1,exact_ric_plus_event_date,ric_exact,0,TRUE,matched,NA
1099457,MTB,MTB,mtb-quarterly-earnings-gaap-eps-01-16-2026-4pt5,2026-01-16T10:30:00Z,2026-01-16,NA,9,9,1,0.04470277777777778,0.07562500000000001,8753.720625,31854513600,23,1051247.7421875,0.012939253691554,1,1,24.184444923209778,23,13.865489293776308,0.012856256727654043,9.077348333873855,MTB__2026-01-16,11,2,1,0,MTB__2026-01-16,MTB,MTB,2026-01-16,2026-01-16T10:30:00Z,1,exact_ric_plus_event_date,ric_exact,0,TRUE,matched,NA
1114909,TSM,TSM,tsm-quarterly-earnings-gaap-eps-01-15-2026-2pt92,NA,NA,NA,9,9,1,0.004529999999999666,0.001849,97961.83422,1402733588425.96,17,12218384.4296875,0.020875174053886,1,1,27.96944401193747,17,16.31845237774826,0.020660273191095074,11.492343443068966,TSM__NA,12,4,0,NA,NA,NA,NA,NA,NA,NA,NA,NA,NA,NA,unmatched,candidate_found_but_failed_time_or_quarter_rules
1118155,IBKR.N,IBKR,ibkr-quarterly-earnings-nongaap-eps-01-20-2026-0pt56,2026-01-20T21:00:00Z,2026-01-20,NA,9,9,1,0.09992499999999956,0.0729,17864.819232,124425979116.88,10,56145.43650793651,0.02233545621282,1,1,25.54697683079312,10,10.935718494358136,0.02208967296607449,9.79064462622112,IBKR.N__2026-01-20,13,2,1,0,IBKR.N__2026-01-20,IBKR.N,IBKR,2026-01-20,2026-01-20T21:00:00Z,1,exact_ric_plus_event_date,ric_exact,0,TRUE,matched,NA
1118156,UAL.N,UAL,ual-quarterly-earnings-nongaap-eps-01-20-2026-2pt98,2026-01-20T21:00:00Z,2026-01-20,NA,9,9,1,0.08988611111111056,0.042024999999999,7429.686056,36741024371.61,27,72866.55555555556,0.024825751586292,1,1,24.327159797988962,27,11.19639876482317,0.024522599686598714,8.913373469384501,UAL.N__2026-01-20,14,2,1,0,UAL.N__2026-01-20,UAL.N,UAL,2026-01-20,2026-01-20T21:00:00Z,1,exact_ric_plus_event_date,ric_exact,0,TRUE,matched,NA
1118157,WTFC.N,WTFC,wtfc-quarterly-earnings-gaap-eps-01-20-2026-2pt92,2026-01-20T22:00:03Z,2026-01-20,NA,9,9,1,0.08142222222222179,0.050624999999999,4260.217618,9773649054.09,14,4756.555555555556,0.015928174264753,1,1,23.002955729081595,14,8.467489276570449,0.01580265203600153,8.357310224244594,WTFC.N__2026-01-20,15,2,1,0,WTFC.N__2026-01-20,WTFC.N,WTFC,2026-01-20,2026-01-20T22:00:03Z,1,exact_ric_plus_event_date,ric_exact,0,TRUE,matched,NA
1118261,BFC.N,BFC,bfc-quarterly-earnings-gaap-eps-01-20-2026-1pt8,2026-01-22T21:00:00Z,2026-01-22,NA,9,9,1,0.13937777777777746,0.087025,6911.297705,1522004103.68,2,1037.6771653543308,0.023077901879473,1,1,21.143293792624057,2,6.945703226122213,0.022815634490010603,8.841057380302901,BFC.N__2026-01-22,16,2,1,0,BFC.N__2026-01-22,BFC.N,BFC,2026-01-22,2026-01-22T21:00:00Z,1,exact_ric_plus_event_date,ric_exact,0,TRUE,matched,NA
1118262,NFLX.N,NFLX,nflx-quarterly-earnings-gaap-eps-01-20-2026-0pt55,2026-01-20T21:00:00Z,2026-01-20,NA,9,9,1,0.08376944444444412,0.050624999999999,75530.166069,371550269200,45,501864.5714285714,0.018692513342585,1,1,26.64095000608199,45,13.126087576813932,0.018519955360005436,11.23230064567634,NFLX.N__2026-01-20,17,2,1,0,NFLX.N__2026-01-20,NFLX.N,NFLX,2026-01-20,2026-01-20T21:00:00Z,1,exact_ric_plus_event_date,ric_exact,0,TRUE,matched,NA
1118263,USB,USB,usb-quarterly-earnings-gaap-eps-01-20-2026-1pt19,2026-01-20T11:45:00Z,2026-01-20,NA,9,9,1,0.045913888888888664,0.027225,13939.05248,84592000000,24,9104862.42857143,0.012982752466322,1,1,25.161105536439507,24,16.0243192714236,0.012899198928432226,9.54252144901331,USB__2026-01-20,18,2,1,0,USB__2026-01-20,USB,USB,2026-01-20,2026-01-20T11:45:00Z,1,exact_ric_plus_event_date,ric_exact,0,TRUE,matched,NA
1118342,KEY,KEY,key-quarterly-earnings-gaap-eps-01-20-2026-0pt39,2026-01-20T11:30:00Z,2026-01-20,NA,9,9,1,0.082941666666666,0.060024999999999,13078.169675,23337829170,24,22885440.595238097,0.014796412128069,1,1,23.873341450481785,24,16.946011528158042,0.014688013190887314,9.47877614249163,KEY__2026-01-20,19,2,1,0,KEY__2026-01-20,KEY,KEY,2026-01-20,2026-01-20T11:30:00Z,1,exact_ric_plus_event_date,ric_exact,0,TRUE,matched,NA
1118343,MMM,MMM,mmm-quarterly-earnings-nongaap-eps-01-20-2026-1pt81,2026-01-20T11:30:00Z,2026-01-20,NA,9,9,1,0.019194444444444,0.0144,43951.518534,88980838181.8,20,3013236.746031746,0.015039170470891,1,1,25.211686882169804,20,14.918525721747471,0.014927203346051082,10.690865205999353,MMM__2026-01-20,20,2,1,0,MMM__2026-01-20,MMM,MMM,2026-01-20,2026-01-20T11:30:00Z,1,exact_ric_plus_event_date,ric_exact,0,TRUE,matched,NA
1118344,MBWM.N,MBWM,mbwm-quarterly-earnings-gaap-eps-01-20-2026-1pt34,2026-01-20T10:05:00Z,2026-01-20,NA,9,9,1,0.06679722222222167,0.07562500000000001,13720.47523,863178966.4,5,3849.84126984127,0.017432069963276,1,1,20.57613260460483,5,8.25604691505872,0.017281874399097,9.526717419552059,MBWM.N__2026-01-20,21,2,1,0,MBWM.N__2026-01-20,MBWM.N,MBWM,2026-01-20,2026-01-20T10:05:00Z,1,exact_ric_plus_event_date,ric_exact,0,TRUE,matched,NA
1125126,TFC,TFC,tfc-quarterly-earnings-nongaap-eps-01-21-2026-1pt1,2026-01-21T13:30:00Z,2026-01-21,NA,9,9,1,0.20668888888888867,0.07840000000000001,60301.467645,63110875300,23,7784844.873015873,0.012871900740781,1,1,24.8681589418807,23,15.867689565111528,0.012789761930594156,11.007128304680615,TFC__2026-01-21,22,2,1,0,TFC__2026-01-21,TFC,TFC,2026-01-21,2026-01-21T13:30:00Z,1,exact_ric_plus_event_date,ric_exact,0,TRUE,matched,NA
1125566,UNTY.N,UNTY,unty-quarterly-earnings-gaap-eps-01-21-2026-1pt36,2026-01-13T11:00:00Z,2026-01-13,NA,9,8,1,0.032437499999999626,0.039999999999999,16754.322297,526849960,3,538.032,0.023059431021187,1,1,20.08242636008687,3,6.289774938348942,0.022797580121919563,9.726471235856293,UNTY.N__2026-01-13,23,2,1,0,UNTY.N__2026-01-13,UNTY.N,UNTY,2026-01-13,2026-01-13T11:00:00Z,1,exact_ric_plus_event_date,ric_exact,0,TRUE,matched,NA
1125598,BLK,BLK,blk-quarterly-earnings-nongaap-eps-01-15-2026-12pt64,2026-01-15T11:00:00Z,2026-01-15,NA,9,9,1,0.08868611111111079,0.087025,22681.523845,169043121391.86,17,609620.75,0.014548703726685,1,1,25.85341967548754,17,13.320593961851946,0.014443886747653036,10.029350032294197,BLK__2026-01-15,24,2,1,0,BLK__2026-01-15,BLK,BLK,2026-01-15,2026-01-15T11:00:00Z,1,exact_ric_plus_event_date,ric_exact,0,TRUE,matched,NA
1125627,SCHW.N,SCHW,schw-quarterly-earnings-nongaap-eps-01-21-2026-1pt36,2026-01-21T12:30:00Z,2026-01-21,NA,9,9,1,0.020974999999999442,0.011024999999999,28083.551227,184481575461.4,20,2292984.3333333335,0.012950767507002,1,1,25.94081543344262,20,14.645365165541056,0.012867623401390174,10.242974925739702,SCHW.N__2026-01-21,25,4,2,0,SCHW.N__2026-01-21,SCHW.N,SCHW,2026-01-21,2026-01-21T12:30:00Z,1,exact_ric_plus_event_date,ric_exact,0,TRUE,matched,NA
1125915,JNJ,JNJ,jnj-quarterly-earnings-nongaap-eps-01-21-2026-2pt51,2026-01-21T11:20:00Z,2026-01-21,NA,9,9,1,0.4850861111111109,0.7482249999999999,35829.907273,526816467003.32,26,8516679.07142857,0.00971947496773,1,1,26.990118064875443,26,15.957537159889286,0.00967254471746884,10.486566131580423,JNJ__2026-01-21,26,2,1,0,JNJ__2026-01-21,JNJ,JNJ,2026-01-21,2026-01-21T11:20:00Z,1,exact_ric_plus_event_date,ric_exact,0,TRUE,matched,NA
1126021,CFG,CFG,cfg-quarterly-earnings-nongaap-eps-01-21-2026-1pt11,2026-01-21T11:20:00Z,2026-01-21,NA,9,9,1,0.08541388888888855,0.0625,9429.74613,26106509022.68,21,4456710.404761905,0.015487546634255,1,1,23.985450508025227,21,15.30992169882528,0.0153688386782775,9.151730495509108,CFG__2026-01-21,27,2,1,0,CFG__2026-01-21,CFG,CFG,2026-01-21,2026-01-21T11:20:00Z,1,exact_ric_plus_event_date,ric_exact,0,TRUE,matched,NA
1126184,HAL,HAL,hal-quarterly-earnings-nongaap-eps-01-21-2026-0pt54,2026-01-21T11:45:00Z,2026-01-21,NA,9,9,1,0.08100277777777745,0.055224999999999,13313.67271,27411778687.7,27,12669574.904761905,0.02370846963929,1,1,24.03423863708202,27,16.354714079342624,0.023431788465374886,9.496621917397672,HAL__2026-01-21,28,2,1,0,HAL__2026-01-21,HAL,HAL,2026-01-21,2026-01-21T11:45:00Z,1,exact_ric_plus_event_date,ric_exact,0,TRUE,matched,NA
1126201,ALLY.N,ALLY,ally-quarterly-earnings-nongaap-eps-01-21-2026-1pt04,2026-01-21T12:25:00Z,2026-01-21,NA,9,9,1,0.08216111111111056,0.046224999999999,10804.856726,13453379730,20,995602.5238095238,0.017411791110275,1,1,23.32249619246936,20,13.811104388852119,0.017261942793149635,9.287843555570971,ALLY.N__2026-01-21,29,4,2,0,ALLY.N__2026-01-21,ALLY.N,ALLY,2026-01-21,2026-01-21T12:25:00Z,1,exact_ric_plus_event_date,ric_exact,0,TRUE,matched,NA
1139368,AAL.N,AAL,aal-quarterly-earnings-nongaap-eps-01-22-2026-0pt4,2026-01-27T12:00:02Z,2026-01-27,NA,9,9,1,0.3983863055555553,0.30525625,34675.278367,9686616843.6,26,989750.544,0.027537059767917,1,1,22.994011062938526,26,13.805209224957057,0.02716473463847068,10.453811111612325,AAL.N__2026-01-27,30,2,1,0,AAL.N__2026-01-27,AAL.N,AAL,2026-01-27,2026-01-27T12:00:02Z,1,exact_ric_plus_event_date,ric_exact,0,TRUE,matched,NA
1139580,PG,PG,pg-quarterly-earnings-nongaap-eps-01-22-2026-1pt87,2026-01-22T12:00:01Z,2026-01-22,NA,9,9,1,0.02174513888888822,0.006399999999999,33602.31168,341628100695,26,8554182.637795275,0.010448222351558,1,1,26.5569885574652,26,15.96193103559973,0.010394016916441024,10.422379902999152,PG__2026-01-22,31,2,1,0,PG__2026-01-22,PG,PG,2026-01-22,2026-01-22T12:00:01Z,1,exact_ric_plus_event_date,ric_exact,0,TRUE,matched,NA
1139906,COF,COF,cof-quarterly-earnings-nongaap-eps-01-22-2026-4pt17,2026-01-22T21:00:00Z,2026-01-22,NA,9,9,1,0.5854444444444442,0.7832250000000001,24846.128033,142972872000,26,3857865.118110236,0.018340511192833,1,1,25.685920742916096,26,15.165624769437747,0.01817435256514067,10.120497452733128,COF__2026-01-22,32,2,1,0,COF__2026-01-22,COF,COF,2026-01-22,2026-01-22T21:00:00Z,1,exact_ric_plus_event_date,ric_exact,0,TRUE,matched,NA
1139951,MKC,MKC,mkc-quarterly-earnings-nongaap-eps-01-22-2026-0pt88,2026-01-22T11:30:00Z,2026-01-22,NA,9,9,1,0.5527749999999998,0.616225,7078.918482,18202672101.63,15,2616610.42519685,0.013835240410116,1,1,23.62483423902322,15,14.777390689477894,0.013740407164258821,8.865017672779672,MKC__2026-01-22,33,2,1,0,MKC__2026-01-22,MKC,MKC,2026-01-22,2026-01-22T11:30:00Z,1,exact_ric_plus_event_date,ric_exact,0,TRUE,matched,NA
1160451,UBSI.N,UBSI,ubsi-quarterly-earnings-gaap-eps-01-23-2026-0pt86,2026-01-22T12:50:00Z,2026-01-22,NA,9,9,1,0.09348888888888877,0.065025,16311.868646,5659554793.62,5,23807.007874015748,0.014810667759805,1,1,22.456611067696745,5,10.077777268362592,0.014702060867284879,9.699709562798201,UBSI.N__2026-01-22,34,2,1,0,UBSI.N__2026-01-22,UBSI.N,UBSI,2026-01-22,2026-01-22T12:50:00Z,1,exact_ric_plus_event_date,ric_exact,0,TRUE,matched,NA
1175891,TXN.N,TXN,txn-quarterly-earnings-gaap-eps-01-27-2026-1pt31,2026-01-27T21:00:00Z,2026-01-27,NA,9,9,1,0.6195138888888887,0.6889000000000001,16829.861448,178307130000,40,92821.78571428572,0.018960981133822,1,1,25.906773349798925,40,11.438447424349617,0.018783462176564965,9.730969471139339,TXN.N__2026-01-27,35,2,1,0,TXN.N__2026-01-27,TXN.N,TXN,2026-01-27,2026-01-27T21:00:00Z,1,exact_ric_plus_event_date,ric_exact,0,TRUE,matched,NA
1175892,UNP,UNP,unp-quarterly-earnings-gaap-eps-01-27-2026-2pt87,2026-01-27T12:45:00Z,2026-01-27,NA,9,9,1,0.11551666666666646,0.19359999999999905,24229.932181,136219398158.85,28,3810927.968,0.011645206077166,1,1,25.637532644594266,28,15.153383541004782,0.011577922515055282,10.09538528525378,UNP__2026-01-27,36,2,1,0,UNP__2026-01-27,UNP,UNP,2026-01-27,2026-01-27T12:45:00Z,1,exact_ric_plus_event_date,ric_exact,0,TRUE,matched,NA
1198857,LMT,LMT,lmt-quarterly-earnings-gaap-eps-01-29-2026-6pt2,2026-01-29T12:20:00Z,2026-01-29,NA,9,9,1,0.07482777777777767,0.08410000000000001,69174.858682,136886238788,24,1504260.9212598426,0.013971843541882,1,1,25.64241604401301,24,14.223812918103443,0.013875137073285878,11.144407217762037,LMT__2026-01-29,37,2,1,0,LMT__2026-01-29,LMT,LMT,2026-01-29,2026-01-29T12:20:00Z,1,exact_ric_plus_event_date,ric_exact,0,TRUE,matched,NA
1198858,KMI,KMI,kmi-quarterly-earnings-gaap-eps-01-21-2026-0pt36,2026-01-21T21:05:00Z,2026-01-21,NA,9,7,1,0.17378214285714272,0.19359999999999905,13946.73835,62204300504.4,20,13844949.322834646,0.012301118310987,1,1,24.85368997424361,20,16.44343112648648,0.012226074344854152,9.543072648657732,KMI__2026-01-21,38,2,1,0,KMI__2026-01-21,KMI,KMI,2026-01-21,2026-01-21T21:05:00Z,1,exact_ric_plus_event_date,ric_exact,0,TRUE,matched,NA
1230449,PLTR.N,PLTR,pltr-quarterly-earnings-nongaap-eps-02-02-2026-0pt23,2026-02-02T21:05:00Z,2026-02-02,NA,9,9,1,0.01296666666666622,0.004899999999999,65565.239932,349240609837.42,31,313738.90476190473,0.030370413431162,1,1,26.579026948071835,31,12.656319592852796,0.029918362282533188,11.090816207279117,PLTR.N__2026-02-02,39,2,1,0,PLTR.N__2026-02-02,PLTR.N,PLTR,2026-02-02,2026-02-02T21:05:00Z,1,exact_ric_plus_event_date,ric_exact,0,TRUE,matched,NA
1230450,DIS,DIS,dis-quarterly-earnings-nongaap-eps-02-02-2026-1pt57,2026-02-02T11:40:00Z,2026-02-02,NA,9,9,1,0.02986944444444389,0.007224999999999,39371.779874,199827439192.8,31,9638839.76190476,0.013982844768157,1,1,26.02072002702881,31,16.081311406441323,0.013885986651275488,10.580829990385908,DIS__2026-02-02,40,2,1,0,DIS__2026-02-02,DIS,DIS,2026-02-02,2026-02-02T11:40:00Z,1,exact_ric_plus_event_date,ric_exact,0,TRUE,matched,NA
1230451,PEP.N,PEP,pep-quarterly-earnings-nongaap-eps-02-03-2026-2pt24,2026-02-03T13:30:00Z,2026-02-03,NA,9,9,1,0.024855555555555443,0.011024999999999,15918.65315,209958294012.39,23,79794.912,0.012132785119526,1,1,26.0701747479993,23,11.287227554055523,0.012059772850333926,9.675309672100731,PEP.N__2026-02-03,41,2,1,0,PEP.N__2026-02-03,PEP.N,PEP,2026-02-03,2026-02-03T13:30:00Z,1,exact_ric_plus_event_date,ric_exact,0,TRUE,matched,NA
1230452,PFE,PFE,pfe-quarterly-earnings-nongaap-eps-02-03-2026-0pt57,2026-02-03T11:45:00Z,2026-02-03,NA,9,9,1,0.015758138888888554,0.003844,30780.961008,150330107674.88,26,57280324.856,0.016661295954953,1,1,25.736099430842668,26,17.8634677694273,0.016524019269997886,10.334684115824784,PFE__2026-02-03,42,2,1,0,PFE__2026-02-03,PFE,PFE,2026-02-03,2026-02-03T11:45:00Z,1,exact_ric_plus_event_date,ric_exact,0,TRUE,matched,NA
1230453,MPC,MPC,mpc-quarterly-earnings-gaap-eps-02-03-2026-2pt98,2026-02-03T11:30:00Z,2026-02-03,NA,9,9,1,0.2926305555555552,0.27040000000000003,25079.522415,51976050000,20,2024452.84,0.01727095504706,1,1,24.67404887250663,20,14.520810513502884,0.01712350738968843,10.129846824474095,MPC__2026-02-03,43,2,1,0,MPC__2026-02-03,MPC,MPC,2026-02-03,2026-02-03T11:30:00Z,1,exact_ric_plus_event_date,ric_exact,0,TRUE,matched,NA
1230454,CMG,CMG,cmg-quarterly-earnings-nongaap-eps-02-03-2026-0pt24,2026-02-03T21:10:00Z,2026-02-03,NA,9,9,1,0.131533333333333,0.189225,6335.499398,50625182010,38,20075182.368,0.025452198398435998,1,1,24.64771495762591,38,16.81499495190233,0.02513368447307158,8.754081749516985,CMG__2026-02-03,44,2,1,0,CMG__2026-02-03,CMG,CMG,2026-02-03,2026-02-03T21:10:00Z,1,exact_ric_plus_event_date,ric_exact,0,TRUE,matched,NA
1230455,FOXA.N,FOXA,foxa-quarterly-earnings-nongaap-eps-02-03-2026-0pt51,2026-02-04T13:00:00Z,2026-02-04,NA,9,9,1,0.01759444444444433,0.009999999999999,13595.84063,29194782349.44,21,54118.03968253968,0.016795194157916,1,1,24.09725584359127,21,10.898941337902233,0.016655714444010768,9.517592738119134,FOXA.N__2026-02-04,45,2,1,0,FOXA.N__2026-02-04,FOXA.N,FOXA,2026-02-04,2026-02-04T13:00:00Z,1,exact_ric_plus_event_date,ric_exact,0,TRUE,matched,NA
1237791,CME.N,CME,cme-quarterly-earnings-nongaap-eps-02-04-2026-2pt74,2026-02-04T12:00:00Z,2026-02-04,NA,9,9,1,0.020977777777777443,0.005624999999999,10738.611409,104850687048.19,17,22096.0873015873,0.011171648090272,1,1,25.375803146949934,17,10.00320108251168,0.011109706131975674,9.281694185750927,CME.N__2026-02-04,46,2,1,0,CME.N__2026-02-04,CME.N,CME,2026-02-04,2026-02-04T12:00:00Z,1,exact_ric_plus_event_date,ric_exact,0,TRUE,matched,NA
1237792,ORLY.N,ORLY,orly-quarterly-earnings-gaap-eps-02-04-2026-0pt72,2026-02-04T21:30:00Z,2026-02-04,NA,9,9,1,0.4434722222222222,0.4290250000000001,9033.864292,82515524416.38,31,58437.56349206349,0.012224201533929,1,1,25.1362522873284,31,10.975731284660116,0.012150089345959795,9.108846182658958,ORLY.N__2026-02-04,47,2,1,0,ORLY.N__2026-02-04,ORLY.N,ORLY,2026-02-04,2026-02-04T21:30:00Z,1,exact_ric_plus_event_date,ric_exact,0,TRUE,matched,NA
1237793,AFL,AFL,afl-quarterly-earnings-nongaap-eps-02-04-2026-1pt7,2026-02-04T21:05:00Z,2026-02-04,NA,9,9,1,0.422472222222222,0.3844,4937.676555,58067345500,13,2342930.6746031744,0.010050636089759,1,1,24.784869303213902,13,14.666913555563735,0.010000464338799536,8.504852670443169,AFL__2026-02-04,48,2,1,0,AFL__2026-02-04,AFL,AFL,2026-02-04,2026-02-04T21:05:00Z,1,exact_ric_plus_event_date,ric_exact,0,TRUE,matched,NA
1237794,YUM,YUM,yum-quarterly-earnings-nongaap-eps-02-04-2026-1pt76,2026-02-04T12:00:00Z,2026-02-04,NA,9,9,1,0.4305972222222217,0.48999999999999905,9095.544566,43361042304.93,31,2055112.634920635,0.014449184483793,1,1,24.492827232186716,31,14.535841701182022,0.014345789806744362,9.11564990237182,YUM__2026-02-04,49,2,1,0,YUM__2026-02-04,YUM,YUM,2026-02-04,2026-02-04T12:00:00Z,1,exact_ric_plus_event_date,ric_exact,0,TRUE,matched,NA
1237795,F,F,f-quarterly-earnings-nongaap-eps-02-04-2026-0pt18,2026-02-10T21:00:00Z,2026-02-10,NA,9,9,1,0.6448749999999999,0.6320250000000001,9057.070696,55054758105,24,73623794.704,0.019296846827055,1,1,24.731594128805103,24,18.114478842640956,0.01911302371845184,9.111411428899126,F__2026-02-10,50,2,1,0,F__2026-02-10,F,F,2026-02-10,2026-02-10T21:00:00Z,1,exact_ric_plus_event_date,ric_exact,0,TRUE,matched,NA
1238098,UBER.N,UBER,uber-quarterly-earnings-gaap-eps-02-04-2026-0pt79,2026-02-04T11:55:00Z,2026-02-04,NA,9,9,1,0.4880583333333328,0.48999999999999905,21833.787918,167971808000.04,54,3719010.960317461,0.020034935741583,1,1,25.847061992744504,54,15.128968588905655,0.019836877436679112,9.991259752934546,UBER.N__2026-02-04,51,4,2,0,UBER.N__2026-02-04,UBER.N,UBER,2026-02-04,2026-02-04T11:55:00Z,1,exact_ric_plus_event_date,ric_exact,0,TRUE,matched,NA
1238099,QCOM.N,QCOM,qcom-quarterly-earnings-nongaap-eps-02-04-2026-3pt39,2026-02-04T21:00:00Z,2026-02-04,NA,9,9,1,0.018416666666666446,0.0144,27495.121035,162845540000,37,104712.57142857143,0.020508690017528,1,1,25.816067981127514,37,11.558984010507809,0.020301218682293055,10.221800220432987,QCOM.N__2026-02-04,52,2,1,0,QCOM.N__2026-02-04,QCOM.N,QCOM,2026-02-04,2026-02-04T21:00:00Z,1,exact_ric_plus_event_date,ric_exact,0,TRUE,matched,NA
1238100,NYT,NYT,nyt-quarterly-earnings-nongaap-eps-02-04-2026-0pt88,2026-02-04T13:30:00Z,2026-02-04,NA,9,9,1,0.006868999999999222,0.003540249999999,39075.846348,11965121963.3,10,1731345.761904762,0.017903943535171,1,1,23.2052617515937,10,14.364410138708854,0.017745555655872224,10.573285405561721,NYT__2026-02-04,53,2,1,0,NYT__2026-02-04,NYT,NYT,2026-02-04,2026-02-04T13:30:00Z,1,exact_ric_plus_event_date,ric_exact,0,TRUE,matched,NA
1238101,HOG,HOG,hog-quarterly-earnings-gaap-eps-02-04-2026-neg1pt06,2026-02-10T12:00:00Z,2026-02-10,NA,9,9,1,0.3725777777777777,0.3721,9947.105746,2291818035.87,17,2218022.456,0.021740128539369,1,1,21.5526112416656,17,14.612127022129588,0.021507182088805046,9.20513743474215,HOG__2026-02-10,54,2,1,0,HOG__2026-02-10,HOG,HOG,2026-02-10,2026-02-10T12:00:00Z,1,exact_ric_plus_event_date,ric_exact,0,TRUE,matched,NA
1238102,LLY,LLY,lly-quarterly-earnings-nongaap-eps-02-04-2026-7pt06,2026-02-04T11:45:00Z,2026-02-04,NA,9,9,1,0.08386388888888889,0.07562500000000001,26450.953201,987103542196.41,31,3984588.1904761903,0.023676881083463,1,1,27.618040776851718,31,15.19794477592785,0.02340093100532873,10.183085279588392,LLY__2026-02-04,55,2,1,0,LLY__2026-02-04,LLY,LLY,2026-02-04,2026-02-04T11:45:00Z,1,exact_ric_plus_event_date,ric_exact,0,TRUE,matched,NA
1238115,UHAL.B,UHAL.B,uhalb-quarterly-earnings-gaap-eps-02-04-2026-neg0pt04,2026-02-04T21:39:00Z,2026-02-04,NA,9,9,1,0.09929444444444423,0.081224999999999,5346.597265,10332716042.36,4,774.6692913385826,0.017021705354948,1,1,23.058581013142945,4,6.653726258391133,0.01687845937057991,8.584402629664451,UHAL.B__2026-02-04,56,2,1,0,UHAL.B__2026-02-04,UHAL.B,UHAL,2026-02-04,2026-02-04T21:39:00Z,1,exact_ric_plus_event_date,ric_exact,0,TRUE,matched,NA
1238170,TSLA.N,TSLA,tsla-quarterly-earnings-nongaap-eps-01-28-2026-0pt45,2026-01-28T21:00:00Z,2026-01-28,NA,9,8,1,0.4893093749999999,0.570025,145386.587986,1633058399436.8,52,372605.90476190473,0.027806846201113,1,1,28.121475691333032,52,12.828279268276647,0.02742725657843598,11.887158475829812,TSLA.N__2026-01-28,57,2,1,0,TSLA.N__2026-01-28,TSLA.N,TSLA,2026-01-28,2026-01-28T21:00:00Z,1,exact_ric_plus_event_date,ric_exact,0,TRUE,matched,NA
1238190,GOOGL.N,GOOGL,googl-quarterly-earnings-gaap-eps-02-04-2026-2pt64,2026-02-04T21:00:00Z,2026-02-04,NA,9,9,1,0.001607722222221889,0.001406249999999,182367.174978,4164197910000,65,338227.5714285714,0.017276643534411,1,1,29.057544794370255,65,12.731477192743395,0.017129099283783197,12.113782862111806,GOOGL.N__2026-02-04,58,2,1,0,GOOGL.N__2026-02-04,GOOGL.N,GOOGL,2026-02-04,2026-02-04T21:00:00Z,1,exact_ric_plus_event_date,ric_exact,0,TRUE,matched,NA
1238195,ARM.N,ARM,arm-quarterly-earnings-nongaap-eps-02-04-2026-0pt41,2026-02-04T21:04:00Z,2026-02-04,NA,9,9,1,0.020424999999999777,0.01822499999999999,19574.106131,113559660000,40,79996.02380952382,0.028443575575591,1,1,25.455594174534724,40,11.28974471058304,0.0280465677168907,9.882013942606758,ARM.N__2026-02-04,59,2,1,0,ARM.N__2026-02-04,ARM.N,ARM,2026-02-04,2026-02-04T21:04:00Z,1,exact_ric_plus_event_date,ric_exact,0,TRUE,matched,NA
1244865,META.N,META,meta-quarterly-earnings-gaap-eps-01-28-2026-8pt19,2026-01-28T21:00:00Z,2026-01-28,NA,9,7,1,0.013071428571427856,0.009999999999999,24613.310852,1700771911775.04,69,159468.4126984127,0.021437343484505,1,1,28.162103329684086,69,11.979607412900927,0.021210795640514202,10.111083294725422,META.N__2026-01-28,60,2,1,0,META.N__2026-01-28,META.N,META,2026-01-28,2026-01-28T21:00:00Z,1,exact_ric_plus_event_date,ric_exact,0,TRUE,matched,NA
1244866,AAPL.N,AAPL,aapl-quarterly-earnings-gaap-eps-01-29-2026-2pt67,2026-01-29T21:00:00Z,2026-01-29,NA,9,8,1,0.007531249999999375,0.004224999999999,62703.954113,3770361157320,46,429777.58267716534,0.014071038973337,1,1,28.958191910497774,46,12.971025431044259,0.013972960874142673,11.04619573646616,AAPL.N__2026-01-29,61,2,1,0,AAPL.N__2026-01-29,AAPL.N,AAPL,2026-01-29,2026-01-29T21:00:00Z,1,exact_ric_plus_event_date,ric_exact,0,TRUE,matched,NA
1244871,MSFT.N,MSFT,msft-quarterly-earnings-gaap-eps-01-28-2026-3pt85,2026-01-28T21:00:00Z,2026-01-28,NA,9,7,1,0.0066178571428564285,0.004224999999999,40691.683649,3492124841861.28,59,221022.61904761905,0.012224065465858,1,1,28.88153150408624,59,12.30602484830796,0.01214995492111603,10.613803592347562,MSFT.N__2026-01-28,62,2,1,0,MSFT.N__2026-01-28,MSFT.N,MSFT,2026-01-28,2026-01-28T21:00:00Z,1,exact_ric_plus_event_date,ric_exact,0,TRUE,matched,NA
1244920,IBM,IBM,ibm-quarterly-earnings-nongaap-eps-01-28-2026-4pt29,2026-01-28T21:08:00Z,2026-01-28,NA,9,7,1,0.015728571428570856,0.008099999999999,24058.663194,274681287635.16,23,4816427.283464567,0.017117043473036,1,1,26.338877308452425,23,15.387543191307634,0.01697219743855855,10.088291990843823,IBM__2026-01-28,63,2,1,0,IBM__2026-01-28,IBM,IBM,2026-01-28,2026-01-28T21:08:00Z,1,exact_ric_plus_event_date,ric_exact,0,TRUE,matched,NA
1244921,T,T,t-quarterly-earnings-nongaap-eps-01-28-2026-0pt47,2026-01-28T11:32:53Z,2026-01-28,NA,9,7,1,0.07431071428571386,0.044099999999999,11176.001054,165029430248.2,26,41339322.365079366,0.011435662415149,1,1,25.829389660082427,26,17.53732474452418,0.011370769488174557,9.321613468686403,T__2026-01-28,64,2,1,0,T__2026-01-28,T,T,2026-01-28,2026-01-28T11:32:53Z,1,exact_ric_plus_event_date,ric_exact,0,TRUE,matched,NA
1244922,SBUX.N,SBUX,sbux-quarterly-earnings-gaap-eps-01-28-2026-0pt58,2026-01-28T12:45:00Z,2026-01-28,NA,9,7,1,0.195367857142857,0.0729,15097.929108,109748769000,38,127433.28571428572,0.018019239832582,1,1,25.421459672437877,38,11.75535610455074,0.017858817588813657,9.622379100288073,SBUX.N__2026-01-28,65,2,1,0,SBUX.N__2026-01-28,SBUX.N,SBUX,2026-01-28,2026-01-28T12:45:00Z,1,exact_ric_plus_event_date,ric_exact,0,TRUE,matched,NA
1244935,V,V,v-quarterly-earnings-nongaap-eps-01-29-2026-3pt14,2026-01-29T21:05:00Z,2026-01-29,NA,9,8,1,0.015259374999999499,0.012099999999999,37235.979574,623226922875.88,41,6482546.590551181,0.012057904113065,1,1,27.158176531590158,41,15.684624137756543,0.011985786731443569,10.525057621066203,V__2026-01-29,66,2,1,0,V__2026-01-29,V,V,2026-01-29,2026-01-29T21:05:00Z,1,exact_ric_plus_event_date,ric_exact,0,TRUE,matched,NA
1244936,MA,MA,ma-quarterly-earnings-nongaap-eps-01-29-2026-4pt24,2026-01-29T13:30:00Z,2026-01-29,NA,9,8,1,0.011668749999999251,0.008099999999999,26426.733046,465246540000,41,2880080.2362204725,0.011684697164509,1,1,26.865833295579215,41,14.873329058735315,0.011616958252415507,10.182169231918193,MA__2026-01-29,67,2,1,0,MA__2026-01-29,MA,MA,2026-01-29,2026-01-29T13:30:00Z,1,exact_ric_plus_event_date,ric_exact,0,TRUE,matched,NA
1244937,VZ,VZ,vz-quarterly-earnings-nongaap-eps-01-30-2026-1pt05,2026-01-30T11:30:00Z,2026-01-30,NA,9,9,1,0.05759444444444378,0.042024999999999,20307.615541,166191970000,26,24131296.62204725,0.011605823385754,1,1,25.836409402917745,26,16.999020212452347,0.011538992406192392,9.918800485879752,VZ__2026-01-30,68,2,1,0,VZ__2026-01-30,VZ,VZ,2026-01-30,2026-01-30T11:30:00Z,1,exact_ric_plus_event_date,ric_exact,0,TRUE,matched,NA
1244958,CVX,CVX,cvx-quarterly-earnings-nongaap-eps-01-30-2026-1pt48,2026-01-30T11:15:00Z,2026-01-30,NA,9,9,1,0.16001666666666645,0.15602500000000002,31520.530531,336461400000,27,8482752.881889764,0.012674689099139,1,1,26.54174926919887,27,15.953545705270995,0.01259503756014091,10.358426100248524,CVX__2026-01-30,69,2,1,0,CVX__2026-01-30,CVX,CVX,2026-01-30,2026-01-30T11:15:00Z,1,exact_ric_plus_event_date,ric_exact,0,TRUE,matched,NA
1244959,AXP,AXP,axp-quarterly-earnings-gaap-eps-01-30-2026-3pt53,2026-01-30T12:00:00Z,2026-01-30,NA,9,9,1,0.7128499999999999,0.765625,20891.365421,244895140000,31,2590267.94488189,0.015656404419547,1,1,26.224095955872997,31,14.767272268007487,0.015535107332543388,9.947139080356699,AXP__2026-01-30,70,2,1,0,AXP__2026-01-30,AXP,AXP,2026-01-30,2026-01-30T12:00:00Z,1,exact_ric_plus_event_date,ric_exact,0,TRUE,matched,NA
1244960,XOM,XOM,xom-quarterly-earnings-nongaap-eps-01-30-2026-1pt69,2026-01-30T11:30:00Z,2026-01-30,NA,9,9,1,0.03610277777777767,0.06760000000000001,22120.134571,574946820000,28,15570409.125984251,0.012521356917856,1,1,27.077543386510058,28,16.560882884245814,0.012443613028301095,10.004288745957428,XOM__2026-01-30,71,2,1,0,XOM__2026-01-30,XOM,XOM,2026-01-30,2026-01-30T11:30:00Z,1,exact_ric_plus_event_date,ric_exact,0,TRUE,matched,NA
1254012,MET,MET,met-quarterly-earnings-nongaap-eps-02-04-2026-2pt35,2026-02-04T21:00:00Z,2026-02-04,NA,9,9,1,0.19805833333333311,0.220899999999999,3495.002039,50392570000,17,3456439.9921259843,0.014329077081285,1,1,24.643109580521322,17,15.05575000265396,0.01422738613008463,8.159375320013242,MET__2026-02-04,72,2,1,0,MET__2026-02-04,MET,MET,2026-02-04,2026-02-04T21:00:00Z,1,exact_ric_plus_event_date,ric_exact,0,TRUE,matched,NA
1254013,EFX,EFX,efx-quarterly-earnings-nongaap-eps-02-04-2026-2pt05,2026-02-04T11:30:00Z,2026-02-04,NA,9,9,1,0.02460833333333311,0.0196,6517.515449,23954175501.66,25,1328869.9126984128,0.01945112110437,1,1,23.899408488056725,25,14.09984020182541,0.019264365895156493,8.782401937123803,EFX__2026-02-04,73,2,1,0,EFX__2026-02-04,EFX,EFX,2026-02-04,2026-02-04T11:30:00Z,1,exact_ric_plus_event_date,ric_exact,0,TRUE,matched,NA
1254014,AMZN.N,AMZN,amzn-quarterly-earnings-gaap-eps-02-05-2026-1pt95,2026-02-05T21:01:00Z,2026-02-05,NA,9,9,1,0.8842881388888888,0.8281000000000001,85202.230469,2561566817999.4,69,364178.84251968504,0.018597017525157,1,1,28.571640225481993,69,12.80540309746135,0.018426207450293983,11.35279462840142,AMZN.N__2026-02-05,74,2,1,0,AMZN.N__2026-02-05,AMZN.N,AMZN,2026-02-05,2026-02-05T21:01:00Z,1,exact_ric_plus_event_date,ric_exact,0,TRUE,matched,NA
1254472,COP,COP,cop-quarterly-earnings-nongaap-eps-02-05-2026-1pt11,2026-02-05T13:30:00Z,2026-02-05,NA,9,9,1,0.5621444444444444,0.5041,7668.085371,128235600436.32,30,7203511.173228347,0.017932144621466,1,1,25.577135037394072,30,15.790079266886915,0.017773260328621532,8.944952639662738,COP__2026-02-05,75,2,1,0,COP__2026-02-05,COP,COP,2026-02-05,2026-02-05T13:30:00Z,1,exact_ric_plus_event_date,ric_exact,0,TRUE,matched,NA
1254473,ICE,ICE,ice-quarterly-earnings-nongaap-eps-02-05-2026-1pt67,2026-02-05T12:30:00Z,2026-02-05,NA,9,9,1,0.022594444444444445,0.0289,5152.033351,92606884374.91,17,3442092.771653543,0.013169550546463,1,1,25.251629321136473,17,15.051590498744975,0.013083585936647234,8.547340820459425,ICE__2026-02-05,76,2,1,0,ICE__2026-02-05,ICE,ICE,2026-02-05,2026-02-05T12:30:00Z,1,exact_ric_plus_event_date,ric_exact,0,TRUE,matched,NA
1254527,ALL,ALL,all-quarterly-earnings-nongaap-eps-02-04-2026-9pt86,2026-02-04T21:00:00Z,2026-02-04,NA,9,9,1,0.021105555555555443,0.015625,18941.192719,52104415639.92,25,1485570.150793651,0.013723689517434,1,1,24.676515535279837,25,14.211309869603248,0.01363037249039754,9.849147131897526,ALL__2026-02-04,77,8,1,0,ALL__2026-02-04,ALL,ALL,2026-02-04,2026-02-04T21:00:00Z,1,exact_ric_plus_event_date,ric_exact,0,TRUE,matched,NA
1254528,MCHP.N,MCHP,mchp-quarterly-earnings-nongaap-eps-02-05-2026-0pt43,2026-02-05T21:15:01Z,2026-02-05,NA,9,9,1,0.036002777777777335,0.0324,8087.527803,41483444210.28,27,124088.67716535433,0.027685614003316,1,1,24.4485602498954,27,11.728759786148345,0.027309297305624525,8.998202016113163,MCHP.N__2026-02-05,78,2,1,0,MCHP.N__2026-02-05,MCHP.N,MCHP,2026-02-05,2026-02-05T21:15:01Z,1,exact_ric_plus_event_date,ric_exact,0,TRUE,matched,NA
1268876,RL,RL,rl-quarterly-earnings-nongaap-eps-02-05-2026-5pt78,2026-02-05T13:01:00Z,2026-02-05,NA,9,9,1,0.014313888888888333,0.01822499999999999,15590.556844,21432311658.52,21,620015.3700787402,0.017991521147657,1,1,23.788165510820576,21,13.337501160025518,0.017831589162070602,9.654484818772197,RL__2026-02-05,79,2,1,0,RL__2026-02-05,RL,RL,2026-02-05,2026-02-05T13:01:00Z,1,exact_ric_plus_event_date,ric_exact,0,TRUE,matched,NA
1268877,RBLX.N,RBLX,rblx-quarterly-earnings-gaap-eps-02-05-2026-neg0pt47,2026-02-05T21:00:00Z,2026-02-05,NA,9,9,1,0.15952499999999956,0.102399999999999,14237.085212,46349375473.8,38,1755970.606299213,0.034807281993283,1,1,24.559473654731576,38,14.378532883512992,0.03421520840710564,9.56367571047524,RBLX.N__2026-02-05,80,4,2,0,RBLX.N__2026-02-05,RBLX.N,RBLX,2026-02-05,2026-02-05T21:00:00Z,1,exact_ric_plus_event_date,ric_exact,0,TRUE,matched,NA
1268878,RDDT.N,RDDT,rddt-quarterly-earnings-gaap-eps-02-05-2026-0pt93,2026-02-05T21:06:00Z,2026-02-05,NA,9,9,1,0.019972222222221666,0.005624999999999,36473.137287,31344494488.65,28,1013611.9448818896,0.039787702597688,1,1,24.1683044742062,28,13.82903167910117,0.03901656019787706,10.504358720938548,RDDT.N__2026-02-05,81,4,2,0,RDDT.N__2026-02-05,RDDT.N,RDDT,2026-02-05,2026-02-05T21:06:00Z,1,exact_ric_plus_event_date,ric_exact,0,TRUE,matched,NA
1268941,TW.N,TW,tw-quarterly-earnings-nongaap-eps-02-05-2026-0pt84,2026-02-05T12:00:00Z,2026-02-05,NA,9,9,1,0.08989166666666645,0.093025,7785.619595,21148555167,15,20301.929133858263,0.015487932815438,1,1,23.774837426488194,15,9.918520446929033,0.015369218969607362,8.96016210309311,TW.N__2026-02-05,82,2,1,0,TW.N__2026-02-05,TW.N,TW,2026-02-05,2026-02-05T12:00:00Z,1,exact_ric_plus_event_date,ric_exact,0,TRUE,matched,NA
1268968,CBOE.N,CBOE,cboe-quarterly-earnings-nongaap-eps-02-06-2026-2pt95,2026-02-06T12:30:00Z,2026-02-06,NA,9,9,1,0.03369722222222211,0.0196,15240.239639,28380466816.8,17,11864.503937007874,0.01176718627818,1,1,24.068966957337953,17,9.381390640534965,0.01169849131420134,9.631760167074358,CBOE.N__2026-02-06,83,4,2,0,CBOE.N__2026-02-06,CBOE.N,CBOE,2026-02-06,2026-02-06T12:30:00Z,1,exact_ric_plus_event_date,ric_exact,0,TRUE,matched,NA
1270843,CI,CI,ci-quarterly-earnings-nongaap-eps-02-05-2026-7pt88,2026-02-05T11:00:00Z,2026-02-05,NA,9,9,1,0.034419444444444,0.036099999999999,5983.981325,72573052203.03,26,1774949.0236220472,0.023239521138591,1,1,25.00785950809571,26,14.389282824789385,0.022973595574284307,8.697008497686454,CI__2026-02-05,84,2,1,0,CI__2026-02-05,CI,CI,2026-02-05,2026-02-05T11:00:00Z,1,exact_ric_plus_event_date,ric_exact,0,TRUE,matched,NA
1270844,ARES.N,ARES,ares-quarterly-earnings-nongaap-eps-02-05-2026-1pt69,2026-02-05T11:00:00Z,2026-02-05,NA,9,9,1,0.5174166666666661,0.532899999999999,7108.149282,43016107002.4,16,645098.8503937008,0.023005276319317,1,1,24.48484046395302,16,13.37716039060851,0.022744644648580566,8.86913786472434,ARES.N__2026-02-05,85,4,2,0,ARES.N__2026-02-05,ARES.N,ARES,2026-02-05,2026-02-05T11:00:00Z,1,exact_ric_plus_event_date,ric_exact,0,TRUE,matched,NA
1271534,APO,APO,apo-quarterly-earnings-nongaap-eps-02-09-2026-2pt03,2026-02-09T13:30:00Z,2026-02-09,NA,9,9,1,0.07456388888888822,0.07562500000000001,8965.186959,77213614886.19,18,3427820.9285714286,0.02138489491015,1,1,25.06984163705719,18,15.047435611192865,0.0211594465085332,9.101215776494415,APO__2026-02-09,86,2,1,0,APO__2026-02-09,APO,APO,2026-02-09,2026-02-09T13:30:00Z,1,exact_ric_plus_event_date,ric_exact,0,TRUE,matched,NA
1271536,ON.N,ON,on-quarterly-earnings-nongaap-eps-02-10-2026-0pt62,2026-02-09T21:15:01Z,2026-02-09,NA,9,9,1,0.04069999999999922,0.044099999999999,5666.672526,25690138556,36,134691.216,0.028570150329879,1,1,23.9693730414363,36,11.810747573052366,0.028169634231084265,8.642533823206403,ON.N__2026-02-09,87,2,1,0,ON.N__2026-02-09,ON.N,ON,2026-02-09,2026-02-09T21:15:01Z,1,exact_ric_plus_event_date,ric_exact,0,TRUE,matched,NA
1273386,TPG.N,TPG,tpg-quarterly-earnings-gaap-eps-02-09-2026-0pt68,2026-02-05T13:00:01Z,2026-02-05,NA,9,9,1,0.024163888888888773,0.02402499999999999,48922.079046,20132957531.82,14,23882.929133858263,0.022563412434762,1,1,23.725623987406784,14,10.080961090565607,0.02231262406295393,10.798004528253804,TPG.N__2026-02-05,88,2,1,0,TPG.N__2026-02-05,TPG.N,TPG,2026-02-05,2026-02-05T13:00:01Z,1,exact_ric_plus_event_date,ric_exact,0,TRUE,matched,NA
1279292,CVS,CVS,cvs-quarterly-earnings-nongaap-eps-02-10-2026-0pt99,2026-02-10T13:30:00Z,2026-02-10,NA,9,9,1,0.030305555555555332,0.030625,9471.788844,99677736786.05,29,7713879.616,0.020232508958558,1,1,25.325208186932954,29,15.858531941353652,0.020030551278905823,9.156178635328358,CVS__2026-02-10,89,2,1,0,CVS__2026-02-10,CVS,CVS,2026-02-10,2026-02-10T13:30:00Z,1,exact_ric_plus_event_date,ric_exact,0,TRUE,matched,NA
1279293,LYFT.N,LYFT,lyft-quarterly-earnings-gaap-eps-02-10-2026-0pt12,2026-02-10T21:00:00Z,2026-02-10,NA,9,9,1,0.107091666666666,0.087025,33178.354755,6612567252.61,46,303617.2380952381,0.033410400361267,1,1,22.612237804606142,46,12.623526395476778,0.03286440103674127,10.40968311675004,LYFT.N__2026-02-10,90,2,1,0,LYFT.N__2026-02-10,LYFT.N,LYFT,2026-02-10,2026-02-10T21:00:00Z,1,exact_ric_plus_event_date,ric_exact,0,TRUE,matched,NA
1279298,SPGI.N,SPGI,spgi-quarterly-earnings-nongaap-eps-02-10-2026-4pt33,2026-02-10T12:22:29Z,2026-02-10,NA,9,9,1,0.7304111111111105,0.731024999999999,16548.830591,131256864000,26,487829.632,0.017710072658067,1,1,25.600422034193553,26,13.097723559020318,0.017555076639567624,9.714131144559465,SPGI.N__2026-02-10,91,4,2,0,SPGI.N__2026-02-10,SPGI.N,SPGI,2026-02-10,2026-02-10T12:22:29Z,1,exact_ric_plus_event_date,ric_exact,0,TRUE,matched,NA
1279299,HOOD.N,HOOD,hood-quarterly-earnings-gaap-eps-02-10-2026-0pt63,2026-02-10T21:00:00Z,2026-02-10,NA,9,9,1,0.021836111111111108,0.0225,21676.622452,74648020738.24,27,258641.68,0.044104051892353,1,1,25.03604984669183,27,12.46320277423861,0.04315915105762153,9.984035784041728,HOOD.N__2026-02-10,92,2,1,0,HOOD.N__2026-02-10,HOOD.N,HOOD,2026-02-10,2026-02-10T21:00:00Z,1,exact_ric_plus_event_date,ric_exact,0,TRUE,matched,NA
1279474,AMD.N,AMD,amd-quarterly-earnings-nongaap-eps-02-03-2026-1pt32,2026-02-03T21:00:00Z,2026-02-03,NA,9,8,1,0.024049999999999627,0.0144,28372.727813,385967158863.39,57,346351.44,0.038139721483005,1,1,26.679018122126884,57,12.755212148322716,0.037430382123410946,10.253218918994454,AMD.N__2026-02-03,93,2,1,0,AMD.N__2026-02-03,AMD.N,AMD,2026-02-03,2026-02-03T21:00:00Z,1,exact_ric_plus_event_date,ric_exact,0,TRUE,matched,NA
1279575,KO,KO,ko-quarterly-earnings-nongaap-eps-02-10-2026-0pt56,2026-02-10T11:55:00Z,2026-02-10,NA,9,9,1,0.011969444444443556,0.012099999999999,25500.384704,339956147020.35,27,16722808.128,0.010101301373429,1,1,26.552082466886155,27,16.63228416155657,0.010050624213154575,10.146488031789858,KO__2026-02-10,94,2,1,0,KO__2026-02-10,KO,KO,2026-02-10,2026-02-10T11:55:00Z,1,exact_ric_plus_event_date,ric_exact,0,TRUE,matched,NA
1279999,BP,BP,bp-quarterly-earnings-nongaap-eps-02-10-2026-0pt61,2026-02-10T07:00:00Z,2026-02-10,NA,9,9,1,0.33690277777777744,0.265225,22999.491572,102176607330.189,20,7383445.304,0.014957379208097,1,1,25.34996859742241,20,15.814751066437747,0.014846620684123705,10.043270867378546,BP__2026-02-10,95,4,2,0,BP__2026-02-10,BP,BP,2026-02-10,2026-02-10T07:00:00Z,1,exact_ric_plus_event_date,ric_exact,0,TRUE,matched,NA
1280185,CRSP.N,CRSP,crsp-quarterly-earnings-gaap-eps-02-11-2026-neg1pt17,2026-02-12T21:30:00Z,2026-02-12,NA,9,9,1,0.41074166666666667,0.442225,6764.679232,4638010275.84,28,22932.992125984252,0.036844377563057,1,1,22.257551291352975,28,10.040375461264462,0.03618184813337923,8.81961793940807,CRSP.N__2026-02-12,96,2,1,0,CRSP.N__2026-02-12,CRSP.N,CRSP,2026-02-12,2026-02-12T21:30:00Z,1,exact_ric_plus_event_date,ric_exact,0,TRUE,matched,NA
1280186,MAR.N,MAR,mar-quarterly-earnings-nongaap-eps-02-10-2026-2pt62,2026-02-10T12:00:02Z,2026-02-10,NA,9,9,1,0.61240000000000006,0.570025,8014.030489,88303452774.96,28,32421.2,0.015720763811189,1,1,25.204045046566012,28,10.386598652333408,0.015598472612679513,8.989073869028932,MAR.N__2026-02-10,97,2,1,0,MAR.N__2026-02-10,MAR.N,MAR,2026-02-10,2026-02-10T12:00:02Z,1,exact_ric_plus_event_date,ric_exact,0,TRUE,matched,NA
1280187,NET,NET,net-quarterly-earnings-nongaap-eps-02-11-2026-0pt27,2026-02-10T21:15:00Z,2026-02-10,NA,9,9,1,0.03397777777777745,0.034225,9784.266054,61140366250,35,2897191.1507936507,0.030652433888185,1,1,24.836438143741173,35,14.879252602060943,0.030192032668235103,9.188633069445206,NET__2026-02-10,98,2,1,0,NET__2026-02-10,NET,NET,2026-02-10,2026-02-10T21:15:00Z,1,exact_ric_plus_event_date,ric_exact,0,TRUE,matched,NA
1280188,DDOG.N,DDOG,ddog-quarterly-earnings-nongaap-eps-02-10-2026-0pt55,2026-02-10T12:00:01Z,2026-02-10,NA,9,9,1,0.015799999999999887,0.0144,10429.554904,39379222486.89,47,64510.288,0.034486834994279,1,1,24.396504166104936,47,11.07459549522373,0.03390549216238732,9.25249474926417,DDOG.N__2026-02-10,99,2,1,0,DDOG.N__2026-02-10,DDOG.N,DDOG,2026-02-10,2026-02-10T12:00:01Z,1,exact_ric_plus_event_date,ric_exact,0,TRUE,matched,NA
1280193,FIS,FIS,fis-quarterly-earnings-nongaap-eps-02-10-2026-1pt69,2026-02-24T12:30:01Z,2026-02-24,NA,9,9,1,0.5122388888888887,0.5476,4239.952069,25272653191.44,30,3978488.233870968,0.017779131572656,1,1,23.952988746560425,30,15.19641271571864,0.017622931496740983,8.352543067595116,FIS__2026-02-24,100,2,1,0,FIS__2026-02-24,FIS,FIS,2026-02-24,2026-02-24T12:30:01Z,1,exact_ric_plus_event_date,ric_exact,0,TRUE,matched,NA
1287872,NXPI.N,NXPI,nxpi-quarterly-earnings-nongaap-eps-02-02-2026-3pt31,2026-02-02T21:10:00Z,2026-02-02,NA,9,6,1,0.06287499999999983,0.030625,2127.241519,56913664871.94,37,37381.992,0.023584603224371,1,1,24.764801305167495,37,10.528971120609938,0.023310783400968663,7.663051339792054,NXPI.N__2026-02-02,101,2,1,0,NXPI.N__2026-02-02,NXPI.N,NXPI,2026-02-02,2026-02-02T21:10:00Z,1,exact_ric_plus_event_date,ric_exact,0,TRUE,matched,NA
1287877,MRK,MRK,mrk-quarterly-earnings-nongaap-eps-02-03-2026-2pt01,2026-02-03T11:30:00Z,2026-02-03,NA,9,6,1,0.032062499999999834,0.01822499999999999,6587.366114,273692625044.72,28,12852140.224,0.017082614135645,1,1,26.33527150723257,28,16.369020987641797,0.01693834693891314,8.793060662613161,MRK__2026-02-03,102,2,1,0,MRK__2026-02-03,MRK,MRK,2026-02-03,2026-02-03T11:30:00Z,1,exact_ric_plus_event_date,ric_exact,0,TRUE,matched,NA
1287878,PYPL.N,PYPL,pypl-quarterly-earnings-nongaap-eps-02-03-2026-1pt29,2026-02-03T12:01:16Z,2026-02-03,NA,9,6,1,0.7307041666666664,0.722499999999999,18533.906901,48509814717.98,42,215622.216,0.019651046503963,1,1,24.605031979735926,42,12.281287793110346,0.01946045749214412,9.827411092696577,PYPL.N__2026-02-03,103,2,1,0,PYPL.N__2026-02-03,PYPL.N,PYPL,2026-02-03,2026-02-03T12:01:16Z,1,exact_ric_plus_event_date,ric_exact,0,TRUE,matched,NA
1287904,MCD,MCD,mcd-quarterly-earnings-nongaap-eps-02-11-2026-3pt04,2026-02-11T21:00:00Z,2026-02-11,NA,9,9,1,0.13500555555555502,0.119024999999999,8400.789413,231305797835.2,39,3134933.0555555555,0.009577059411367,1,1,26.167006472169692,39,14.958118696917413,0.009531490093569413,9.036199987501869,MCD__2026-02-11,104,2,1,0,MCD__2026-02-11,MCD,MCD,2026-02-11,2026-02-11T21:00:00Z,1,exact_ric_plus_event_date,ric_exact,0,TRUE,matched,NA
1287905,CSCO.N,CSCO,csco-quarterly-earnings-nongaap-eps-02-11-2026-1pt02,2026-02-11T21:00:00Z,2026-02-11,NA,9,9,1,0.006449999999999,0.008099999999999,21347.35024,342875986177.14,25,338175.61904761905,0.014119990185478,1,1,26.560634662400233,25,12.731323579548858,0.014021231684383665,9.968729743539978,CSCO.N__2026-02-11,105,2,1,0,CSCO.N__2026-02-11,CSCO.N,CSCO,2026-02-11,2026-02-11T21:00:00Z,1,exact_ric_plus_event_date,ric_exact,0,TRUE,matched,NA
1287906,TMUS.N,TMUS,tmus-quarterly-earnings-gaap-eps-02-11-2026-2pt07,2026-02-11T12:35:00Z,2026-02-11,NA,9,9,1,0.4426194444444441,0.4225,113515.352254,217794188990.74,28,81233.76190476191,0.013663614055606,1,1,26.106816366606054,28,11.305098536815528,0.013571108568067845,11.639702178248584,TMUS.N__2026-02-11,106,2,1,0,TMUS.N__2026-02-11,TMUS.N,TMUS,2026-02-11,2026-02-11T12:35:00Z,1,exact_ric_plus_event_date,ric_exact,0,TRUE,matched,NA
1288097,MGM,MGM,mgm-quarterly-earnings-nongaap-eps-02-11-2026-0pt56,2026-02-05T21:15:00Z,2026-02-05,NA,9,9,1,0.09981944444444434,0.119024999999999,4800.644194,9539873670.99,23,4570403.834645669,0.02069920450863,1,1,22.97874608028434,23,15.335112344208579,0.020487887068365934,8.476713678659074,MGM__2026-02-05,107,3,2,0,MGM__2026-02-05,MGM,MGM,2026-02-05,2026-02-05T21:15:00Z,1,exact_ric_plus_event_date,ric_exact,0,TRUE,matched,NA
1288098,HLT,HLT,hlt-quarterly-earnings-nongaap-eps-02-11-2026-2pt02,2026-02-11T11:00:00Z,2026-02-11,NA,9,9,1,0.03463055555555533,0.024025,27564.551821,72004445858.45,25,1720733.6904761903,0.013748558075855,1,1,24.999993702090162,25,14.358261903214604,0.013654904079869868,10.224322149724188,HLT__2026-02-11,108,2,1,0,HLT__2026-02-11,HLT,HLT,2026-02-11,2026-02-11T11:00:00Z,1,exact_ric_plus_event_date,ric_exact,0,TRUE,matched,NA
1288099,GRAB.N,GRAB,grab-quarterly-earnings-gaap-eps-02-11-2026-0pt01,2026-02-11T21:00:00Z,2026-02-11,NA,9,9,1,0.17459722222222201,0.184899999999999,14021.31096,17673076484.73,23,1145233.1732283465,0.024960540515228,1,1,23.59530821591758,23,13.95111969216286,0.024654114791026586,9.548404980100678,GRAB.N__2026-02-11,109,2,1,0,GRAB.N__2026-02-11,GRAB.N,GRAB,2026-02-11,2026-02-11T21:00:00Z,1,exact_ric_plus_event_date,ric_exact,0,TRUE,matched,NA
1292720,TSN,TSN,tsn-quarterly-earnings-nongaap-eps-02-02-2026-0pt94,2026-02-02T12:00:00Z,2026-02-02,NA,9,5,1,0.0248249999999996,0.027225,8056.489679,23001318848.78,14,2948011.9523809524,0.014507584483587,1,1,23.85881739248292,14,14.896641925898047,0.01440335633620753,8.994357332770374,TSN__2026-02-02,110,2,1,0,TSN__2026-02-02,TSN,TSN,2026-02-02,2026-02-02T12:00:00Z,1,exact_ric_plus_event_date,ric_exact,0,TRUE,matched,NA
1292721,APTV.N,APTV,aptv-quarterly-earnings-nongaap-eps-02-02-2026-1pt86,2026-02-02T11:45:00Z,2026-02-02,NA,9,5,1,0.7355149999999997,0.7744000000000001,7621.046552,16115691375.75,23,705573.5714285715,0.020512805141527,1,1,23.503059253915303,23,13.466767744800512,0.02030525109842269,8.938800188998465,APTV.N__2026-02-02,111,4,2,0,APTV.N__2026-02-02,APTV.N,APTV,2026-02-02,2026-02-02T11:45:00Z,1,exact_ric_plus_event_date,ric_exact,0,TRUE,matched,NA
1293041,PAG,PAG,pag-quarterly-earnings-gaap-eps-02-11-2026-3pt02,2026-02-11T11:58:00Z,2026-02-11,NA,9,9,1,0.4541638888888887,0.511224999999999,2922.520479,10966107493.52,12,240881.54761904763,0.013754384799145,1,1,23.118075216316846,12,12.392064739399286,0.013660651764045116,7.980543812550999,PAG__2026-02-11,112,2,1,0,PAG__2026-02-11,PAG,PAG,2026-02-11,2026-02-11T11:58:00Z,1,exact_ric_plus_event_date,ric_exact,0,TRUE,matched,NA
1293042,EXPE.N,EXPE,expe-quarterly-earnings-nongaap-eps-02-12-2026-3pt29,2026-02-12T21:01:00Z,2026-02-12,NA,9,9,1,0.024372222222222222,0.024025,10257.554972,29597073224.42,38,32311.748031496063,0.030229657795176,1,1,24.11094131583434,38,10.383217107244413,0.029781746120891347,9.235867267870072,EXPE.N__2026-02-12,113,2,1,0,EXPE.N__2026-02-12,EXPE.N,EXPE,2026-02-12,2026-02-12T21:01:00Z,1,exact_ric_plus_event_date,ric_exact,0,TRUE,matched,NA
1293043,PINS.N,PINS,pins-quarterly-earnings-nongaap-eps-02-12-2026-0pt68,2026-02-12T21:06:00Z,2026-02-12,NA,9,9,1,0.13159166666666666,0.148225,8681.041097,13522268205.59,37,2816663.401574803,0.03158573349543,1,1,23.327603660175622,37,14.851063906490298,0.031097165436820624,9.069011929435067,PINS.N__2026-02-12,114,4,2,0,PINS.N__2026-02-12,PINS.N,PINS,2026-02-12,2026-02-12T21:06:00Z,1,exact_ric_plus_event_date,ric_exact,0,TRUE,matched,NA
1293048,WYNN.N,WYNN,wynn-quarterly-earnings-nongaap-eps-02-12-2026-1pt48,2026-02-12T21:01:00Z,2026-02-12,NA,9,9,1,0.23902777777777756,0.07562500000000001,8427.03464,12150457615.94,19,25253.149606299212,0.022576477068127,1,1,23.220632669887078,19,10.136745762044562,0.022325400336530358,9.039318885024793,WYNN.N__2026-02-12,115,2,1,0,WYNN.N__2026-02-12,WYNN.N,WYNN,2026-02-12,2026-02-12T21:01:00Z,1,exact_ric_plus_event_date,ric_exact,0,TRUE,matched,NA
1293440,RIVN.N,RIVN,rivn-quarterly-earnings-gaap-eps-02-12-2026-neg0pt8,2026-02-12T21:03:00Z,2026-02-12,NA,9,9,1,0.18833888888888878,0.245025,24960.049983,18565207243.44,31,592980.811023622,0.04001000583757,1,1,23.64455508763946,31,13.292919004699362,0.039230334104663256,10.125071888225191,RIVN.N__2026-02-12,116,2,1,0,RIVN.N__2026-02-12,RIVN.N,RIVN,2026-02-12,2026-02-12T21:03:00Z,1,exact_ric_plus_event_date,ric_exact,0,TRUE,matched,NA
1293441,COIN.N,COIN,coin-quarterly-earnings-gaap-eps-02-12-2026-0pt61,NA,NA,NA,9,9,1,0.14278055555555533,0.0361,102737.101884,40456315890.8,37,106924.26771653544,0.0390278220559,1,1,24.42348860894949,37,11.579885436870656,0.038285489483212545,11.539938328904128,COIN.N__NA,117,2,0,NA,NA,NA,NA,NA,NA,NA,NA,NA,NA,NA,unmatched,candidate_found_but_failed_time_or_quarter_rules
1293442,TOST.N,TOST,tost-quarterly-earnings-gaap-eps-02-12-2026-0pt12,2026-02-12T21:05:00Z,2026-02-12,NA,9,9,1,0.08236111111111112,0.093025,5523.387093,17357830000,27,2030655.4803149607,0.026858792269902,1,1,23.577309538365466,27,14.52386968805663,0.026504426137568735,8.616927586838724,TOST.N__2026-02-12,118,4,2,0,TOST.N__2026-02-12,TOST.N,TOST,2026-02-12,2026-02-12T21:05:00Z,1,exact_ric_plus_event_date,ric_exact,0,TRUE,matched,NA
1293448,ABNB.N,ABNB,abnb-quarterly-earnings-gaap-eps-02-12-2026-0pt66,2026-02-12T21:03:00Z,2026-02-12,NA,9,9,1,0.32893333333333313,0.255025,6980.06671,73240463426.56,38,67276.81102362205,0.016211226027368,1,1,25.017013884238985,38,11.116585758796827,0.01608122718139245,8.850957007862288,ABNB.N__2026-02-12,119,2,1,0,ABNB.N__2026-02-12,ABNB.N,ABNB,2026-02-12,2026-02-12T21:03:00Z,1,exact_ric_plus_event_date,ric_exact,0,TRUE,matched,NA
1293473,BUD,BUD,bud-quarterly-earnings-nongaap-eps-02-12-2026-0pt89,2026-02-12T06:00:00Z,2026-02-12,NA,9,9,1,0.032819444444444,0.0324,8031.125012,135694449570.056,12,2094199.937007874,0.011072836182373,1,1,25.63367150074037,12,14.554682624265384,0.011011981144966322,8.991204406053416,BUD__2026-02-12,120,4,2,0,BUD__2026-02-12,BUD,BUD,2026-02-12,2026-02-12T06:00:00Z,1,exact_ric_plus_event_date,ric_exact,0,TRUE,matched,NA
1293498,DKNG.N,DKNG,dkng-quarterly-earnings-nongaap-eps-02-12-2026-0pt4,2026-02-12T21:15:01Z,2026-02-12,NA,9,9,1,0.2165888888888889,0.30250000000000005,6904.863189,12965673425.5,34,263464.2598425197,0.030112856604474,1,1,23.28557119639297,34,12.48167679706688,0.029668365758149903,8.84012606729903,DKNG.N__2026-02-12,121,2,1,0,DKNG.N__2026-02-12,DKNG.N,DKNG,2026-02-12,2026-02-12T21:15:01Z,1,exact_ric_plus_event_date,ric_exact,0,TRUE,matched,NA
1293499,AMAT.N,AMAT,amat-quarterly-earnings-nongaap-eps-02-12-2026-2pt21,2026-02-12T21:00:00Z,2026-02-12,NA,9,9,1,0.012186111111110554,0.007224999999999,27891.50831,261153198933.69,36,104688.77165354331,0.030493992511015,1,1,26.288373041164725,36,11.558756700143224,0.030038291647749838,10.236113412396842,AMAT.N__2026-02-12,122,2,1,0,AMAT.N__2026-02-12,AMAT.N,AMAT,2026-02-12,2026-02-12T21:00:00Z,1,exact_ric_plus_event_date,ric_exact,0,TRUE,matched,NA
1293861,PANW.N,PANW,panw-quarterly-earnings-nongaap-eps-02-12-2026-0pt94,2026-02-17T21:00:00Z,2026-02-17,NA,9,9,1,0.011244444444443665,0.005624999999999,33169.977328,136231200000,54,84020.44,0.019001312190081,1,1,25.637619279318045,54,11.338827283352988,0.01882304196309623,10.40943059572169,PANW.N__2026-02-17,123,2,1,0,PANW.N__2026-02-17,PANW.N,PANW,2026-02-17,2026-02-17T21:00:00Z,1,exact_ric_plus_event_date,ric_exact,0,TRUE,matched,NA
1293905,H,H,h-quarterly-earnings-nongaap-eps-02-12-2026-0pt39,2026-02-12T11:55:00Z,2026-02-12,NA,9,9,1,0.31036944444444436,0.378225,5467.505493,15969775673.25,24,873157.4409448819,0.01984833356516,1,1,23.493963752315125,24,13.679872308554708,0.01965392365716514,8.606760639254981,H__2026-02-12,124,2,1,0,H__2026-02-12,H,H,2026-02-12,2026-02-12T11:55:00Z,1,exact_ric_plus_event_date,ric_exact,0,TRUE,matched,NA
1321183,KKR,KKR,kkr-quarterly-earnings-nongaap-eps-02-05-2026-1pt14,2026-02-05T13:30:00Z,2026-02-05,NA,9,4,1,0.6828374999999998,0.5776,18006.456091,92058980184.8,20,4191120.0393700786,0.022733313398727,1,1,25.245695297550924,20,15.248478807275202,0.022478762268926526,9.798541178387644,KKR__2026-02-05,125,2,1,0,KKR__2026-02-05,KKR,KKR,2026-02-05,2026-02-05T13:30:00Z,1,exact_ric_plus_event_date,ric_exact,0,TRUE,matched,NA
1321184,EL,EL,el-quarterly-earnings-nongaap-eps-02-05-2026-0pt83,2026-02-05T11:00:00Z,2026-02-05,NA,9,4,1,0.0233249999999995,0.013224999999999,2762.817511,42058003289.61,27,3531354.968503937,0.023462529007251,1,1,24.462315533188956,27,15.07719248220651,0.023191514806374432,7.924368159191269,EL__2026-02-05,126,2,1,0,EL__2026-02-05,EL,EL,2026-02-05,2026-02-05T11:00:00Z,1,exact_ric_plus_event_date,ric_exact,0,TRUE,matched,NA
1321185,NWSA.N,NWSA,nwsa-quarterly-earnings-nongaap-eps-02-05-2026-0pt37,2026-02-05T21:15:00Z,2026-02-05,NA,9,5,1,0.1367799999999998,0.065025,1478.502887,14599138459.38,9,84529.61417322834,0.015783900269442,1,1,23.40422835428806,9,11.344869045639253,0.015660629947968626,7.299461423173271,NWSA.N__2026-02-05,127,2,1,0,NWSA.N__2026-02-05,NWSA.N,NWSA,2026-02-05,2026-02-05T21:15:00Z,1,exact_ric_plus_event_date,ric_exact,0,TRUE,matched,NA
1321186,PTON.N,PTON,pton-quarterly-earnings-gaap-eps-02-05-2026-neg0pt06,2026-02-05T12:00:01Z,2026-02-05,NA,9,4,1,0.3884375,0.3721,1390.5155,2433797594.8,20,196871.3228346457,0.035798415341232,1,1,21.612718670617657,20,12.190310690169364,0.03517254511773303,7.238148719962476,PTON.N__2026-02-05,128,2,1,0,PTON.N__2026-02-05,PTON.N,PTON,2026-02-05,2026-02-05T12:00:01Z,1,exact_ric_plus_event_date,ric_exact,0,TRUE,matched,NA
1321392,UAA,UAA,uaa-quarterly-earnings-nongaap-eps-02-06-2026-neg0pt01,2026-02-06T11:55:00Z,2026-02-06,NA,9,5,1,0.17641499999999982,0.17222500000000002,10149.120937,2794872345.11,27,12276051.31496063,0.030320236295068,1,1,21.75105226992011,27,16.323160956276762,0.029869662943687172,9.22524089937432,UAA__2026-02-06,129,2,1,0,UAA__2026-02-06,UAA,UAA,2026-02-06,2026-02-06T11:55:00Z,1,exact_ric_plus_event_date,ric_exact,0,TRUE,matched,NA
1321395,ACM,ACM,acm-quarterly-earnings-nongaap-eps-02-09-2026-1pt16,2026-02-09T21:05:00Z,2026-02-09,NA,9,9,1,0.056155555555555,0.055224999999999,3822.775495,13062029682.72,14,1158740.6587301588,0.017570161136517,1,1,23.292975360872617,14,13.962845197329418,0.017417590391288644,8.248993562981296,ACM__2026-02-09,130,2,1,0,ACM__2026-02-09,ACM,ACM,2026-02-09,2026-02-09T21:05:00Z,1,exact_ric_plus_event_date,ric_exact,0,TRUE,matched,NA
1321400,CHGG.N,CHGG,chgg-quarterly-earnings-nongaap-eps-02-09-2026-neg0pt1,2026-02-09T21:05:00Z,2026-02-09,NA,9,9,1,0.11032777777777711,0.126025,3354.657191,87722988.2048,2,421018.8571428571,0.06491220119306,1,1,18.289694546195953,2,12.95043527816232,0.06289235556869899,8.118402914276658,CHGG.N__2026-02-09,131,4,2,0,CHGG.N__2026-02-09,CHGG.N,CHGG,2026-02-09,2026-02-09T21:05:00Z,1,exact_ric_plus_event_date,ric_exact,0,TRUE,matched,NA
1321401,GTM.N,GTM,gtm-quarterly-earnings-nongaap-eps-02-09-2026-0pt28,2026-02-09T21:05:00Z,2026-02-09,NA,9,9,1,0.04886666666666656,0.030625,6783.133565,2231703847.64,21,87115.33333333333,0.030826545053107,1,1,21.52603118791297,21,11.374999669179049,0.030360951359247334,8.822341865514957,GTM.N__2026-02-09,132,2,1,0,GTM.N__2026-02-09,GTM.N,GTM,2026-02-09,2026-02-09T21:05:00Z,1,exact_ric_plus_event_date,ric_exact,0,TRUE,matched,NA
1321402,DD,DD,dd-quarterly-earnings-nongaap-eps-02-10-2026-0pt43,2026-02-10T11:00:01Z,2026-02-10,NA,9,9,1,0.03355555555555533,0.0324,9884.950991,19121703144.85,18,4456111.776,0.01805940872599,1,1,23.674089817216075,18,15.309787369066122,0.017898274702556928,9.19886993644009,DD__2026-02-10,133,2,1,0,DD__2026-02-10,DD,DD,2026-02-10,2026-02-10T11:00:01Z,1,exact_ric_plus_event_date,ric_exact,0,TRUE,matched,NA
1321481,WMB,WMB,wmb-quarterly-earnings-nongaap-eps-02-10-2026-0pt57,2026-02-10T13:00:01Z,2026-02-10,NA,9,9,1,0.5151555555555553,0.476099999999999,3446.799591,81776240000,23,7024003.28,0.014482035793798,1,1,25.127252573814438,23,15.764844023636313,0.014378172678750615,8.145491506834501,WMB__2026-02-10,134,2,1,0,WMB__2026-02-10,WMB,WMB,2026-02-10,2026-02-10T13:00:01Z,1,exact_ric_plus_event_date,ric_exact,0,TRUE,matched,NA
1321482,APP.N,APP,app-quarterly-earnings-gaap-eps-02-11-2026-2pt95,2026-02-11T21:05:00Z,2026-02-11,NA,9,9,1,0.025588888888888554,0.009999999999999,67199.78149,155752538940,30,83178.46825396825,0.045318710545665,1,1,25.771534295861525,30,11.328755820561494,0.044321825086047525,11.115440155759098,APP.N__2026-02-11,135,2,1,0,APP.N__2026-02-11,APP.N,APP,2026-02-11,2026-02-11T21:05:00Z,1,exact_ric_plus_event_date,ric_exact,0,TRUE,matched,NA
1321483,HUM,HUM,hum-quarterly-earnings-nongaap-eps-02-11-2026-neg3pt99,2026-02-11T11:00:00Z,2026-02-11,NA,9,9,1,0.07931388888888867,0.093025,21702.22333,22851729786.83,29,1792823.5238095238,0.0346721569099,1,1,23.85229265325202,29,14.39930288043014,0.034084619930569104,9.985216069050491,HUM__2026-02-11,136,2,1,0,HUM__2026-02-11,HUM,HUM,2026-02-11,2026-02-11T11:00:00Z,1,exact_ric_plus_event_date,ric_exact,0,TRUE,matched,NA
1321484,KHC.N,KHC,khc-quarterly-earnings-nongaap-eps-02-11-2026-0pt61,2026-02-11T12:00:00Z,2026-02-11,NA,9,9,1,0.045161111111110666,0.034225,5020.338355,29096445979.58,21,269703.64285714284,0.015805086081323,1,1,24.093881872379313,21,12.505082723874503,0.015681486343651123,8.521451781734761,KHC.N__2026-02-11,137,2,1,0,KHC.N__2026-02-11,KHC.N,KHC,2026-02-11,2026-02-11T12:00:00Z,1,exact_ric_plus_event_date,ric_exact,0,TRUE,matched,NA
1321485,HUBS.N,HUBS,hubs-quarterly-earnings-nongaap-eps-02-11-2026-2pt99,2026-02-11T21:05:00Z,2026-02-11,NA,9,9,1,0.025847222222222223,0.021025,5711.559235,12187283058.88,36,198233.49206349207,0.034052951426818,1,1,23.223658872814923,36,12.19720591229363,0.03348598505242275,8.650422404514126,HUBS.N__2026-02-11,138,4,2,0,HUBS.N__2026-02-11,HUBS.N,HUBS,2026-02-11,2026-02-11T21:05:00Z,1,exact_ric_plus_event_date,ric_exact,0,TRUE,matched,NA
1321486,GT.N,GT,gt-quarterly-earnings-nongaap-eps-02-12-2026-0pt49,2026-02-09T21:30:00Z,2026-02-09,NA,9,9,1,0.4876999999999996,0.48302499999999904,8592.297467,3017043854.3,14,146004.208,0.023078253979759,1,1,21.82754333274855,14,11.891397571287147,0.0228159786477964,9.058737814077025,GT.N__2026-02-09,139,2,1,0,GT.N__2026-02-09,GT.N,GT,2026-02-09,2026-02-09T21:30:00Z,1,exact_ric_plus_event_date,ric_exact,0,TRUE,matched,NA
1321489,USFD.N,USFD,usfd-quarterly-earnings-nongaap-eps-02-12-2026-1pt01,2026-02-12T11:45:00Z,2026-02-12,NA,9,9,1,0.09033888888888833,0.1764,5410.678329,19996539241.19,17,650695.842519685,0.015172910029232,1,1,23.71882505758711,17,13.38579913303498,0.015058952693637967,8.596314550901932,USFD.N__2026-02-12,140,4,2,0,USFD.N__2026-02-12,USFD.N,USFD,2026-02-12,2026-02-12T11:45:00Z,1,exact_ric_plus_event_date,ric_exact,0,TRUE,matched,NA
1321490,ROKU.N,ROKU,roku-quarterly-earnings-gaap-eps-02-12-2026-0pt28,NA,NA,NA,9,9,1,0.047577777777777004,0.046224999999999,6157.049052,12957427496.31,30,42980.03937007874,0.0243316022082,1,1,23.284935012512577,30,10.668514352549028,0.024040304477052615,8.725515294025959,ROKU.N__NA,141,2,0,NA,NA,NA,NA,NA,NA,NA,NA,NA,NA,NA,unmatched,candidate_found_but_failed_time_or_quarter_rules
1321491,YELP.N,YELP,yelp-quarterly-earnings-gaap-eps-02-12-2026-0pt53,2026-02-12T21:05:01Z,2026-02-12,NA,9,9,1,0.06173333333333311,0.0729,4607.663128,1496715012.26,11,348743.41732283466,0.022700146068457,1,1,21.126538551688935,11,12.762094604313129,0.022446331656119842,8.435693100008077,YELP.N__2026-02-12,142,4,2,0,YELP.N__2026-02-12,YELP.N,YELP,2026-02-12,2026-02-12T21:05:01Z,1,exact_ric_plus_event_date,ric_exact,0,TRUE,matched,NA
1321492,BGC.N,BGC,bgc-quarterly-earnings-nongaap-eps-02-12-2026-0pt29,2026-02-12T13:12:00Z,2026-02-12,NA,9,9,1,0.11569999999999957,0.15602500000000002,1565.997436,4296188919.96,2,63360.20472440945,0.015759110824155,1,1,22.18099416896819,2,11.056607040266027,0.01563622539915734,7.356916606107076,BGC.N__2026-02-12,143,2,1,0,BGC.N__2026-02-12,BGC.N,BGC,2026-02-12,2026-02-12T13:12:00Z,1,exact_ric_plus_event_date,ric_exact,0,TRUE,matched,NA
1321493,TRIP.N,TRIP,trip-quarterly-earnings-nongaap-eps-02-12-2026-0pt13,2026-02-12T12:05:00Z,2026-02-12,NA,9,9,1,0.6589583333333332,0.511224999999999,14038.118586,1472309485.43,16,38349.4251968504,0.028360263085193,1,1,21.110098083408104,16,10.554520894005137,0.027965556111527488,9.549602896834203,TRIP.N__2026-02-12,144,2,1,0,TRIP.N__2026-02-12,TRIP.N,TRIP,2026-02-12,2026-02-12T12:05:00Z,1,exact_ric_plus_event_date,ric_exact,0,TRUE,matched,NA
1326168,TSEM.N,TSEM,tsem-quarterly-earnings-gaap-eps-02-11-2026-0pt59,2026-02-11T12:00:05Z,2026-02-11,NA,9,9,1,0.065644444444444,0.048399999999999,4532.337541,16602141020,6,21013.738095238095,0.034031153001271,1,1,23.53279750110051,6,9.952979284608194,0.033464904260301055,8.419213711217367,TSEM.N__2026-02-11,145,2,1,0,TSEM.N__2026-02-11,TSEM.N,TSEM,2026-02-11,2026-02-11T12:00:05Z,1,exact_ric_plus_event_date,ric_exact,0,TRUE,matched,NA
1326457,WEN.N,WEN,wen-quarterly-earnings-nongaap-eps-02-13-2026-0pt15,2026-02-13T12:00:00Z,2026-02-13,NA,9,9,1,0.1077222222222219,0.180625,6619.382952,1499753120,29,136565.02362204724,0.021162366468707,1,1,21.12856634484204,29,11.82456346620588,0.020941553442819557,8.797908494992077,WEN.N__2026-02-13,146,2,1,0,WEN.N__2026-02-13,WEN.N,WEN,2026-02-13,2026-02-13T12:00:00Z,1,exact_ric_plus_event_date,ric_exact,0,TRUE,matched,NA
1326458,MRNA.N,MRNA,mrna-quarterly-earnings-gaap-eps-02-13-2026-neg2pt6,2026-02-13T12:00:00Z,2026-02-13,NA,9,9,1,0.06589444444444378,0.07562500000000001,10017.745012,15826427031.12,26,172003.28346456692,0.042662308575328003,1,1,23.484946976653244,26,12.055274659349255,0.041777354251099554,9.212213118491238,MRNA.N__2026-02-13,147,3,1,0,MRNA.N__2026-02-13,MRNA.N,MRNA,2026-02-13,2026-02-13T12:00:00Z,1,exact_ric_plus_event_date,ric_exact,0,TRUE,matched,NA
1326501,LH,LH,lh-quarterly-earnings-nongaap-eps-02-17-2026-3pt94,2026-02-17T11:50:00Z,2026-02-17,NA,9,9,1,0.030138888888888556,0.0169,13642.77743,23232186000,22,712381.88,0.014852418593984,1,1,23.868804481755095,22,13.476370798665874,0.014743201522071966,9.521038830740576,LH__2026-02-17,148,2,1,0,LH__2026-02-17,LH,LH,2026-02-17,2026-02-17T11:50:00Z,1,exact_ric_plus_event_date,ric_exact,0,TRUE,matched,NA
1326546,SUN,SUN,sun-quarterly-earnings-gaap-eps-02-17-2026-1pt62,2026-02-17T12:00:01Z,2026-02-17,NA,9,9,1,0.04918055555555533,0.021025,11458.460421,12189000781.32,7,504864.76,0.012322412130371,1,1,23.22379980672053,7,13.132047851138447,0.012247109188186377,9.346570905477886,SUN__2026-02-17,149,2,1,0,SUN__2026-02-17,SUN,SUN,2026-02-17,2026-02-17T12:00:01Z,1,exact_ric_plus_event_date,ric_exact,0,TRUE,matched,NA
1326547,CZR.N,CZR,czr-quarterly-earnings-gaap-eps-02-17-2026-neg0pt18,2026-02-17T21:01:00Z,2026-02-17,NA,9,9,1,0.06444444444444411,0.07022500000000001,5840.987088,3691871320.94,19,122250.92,0.033141825721928,1,1,22.029399299496415,19,11.713839112735261,0.032604475700752894,8.672826272743258,CZR.N__2026-02-17,150,2,1,0,CZR.N__2026-02-17,CZR.N,CZR,2026-02-17,2026-02-17T21:01:00Z,1,exact_ric_plus_event_date,ric_exact,0,TRUE,matched,NA
1326576,WAY.N,WAY,way-quarterly-earnings-nongaap-eps-02-17-2026-0pt4,2026-02-17T12:00:01Z,2026-02-17,NA,9,9,1,0.40665277777777764,0.29702500000000004,11485.269381,4295584476.72,23,30414.608,0.026543167083294,1,1,22.180853466178885,23,10.32271117669145,0.026197009279747968,9.348907634135468,WAY.N__2026-02-17,151,2,1,0,WAY.N__2026-02-17,WAY.N,WAY,2026-02-17,2026-02-17T12:00:01Z,1,exact_ric_plus_event_date,ric_exact,0,TRUE,matched,NA
1339362,LZB,LZB,lzb-quarterly-earnings-nongaap-eps-02-17-2026-0pt59,2026-02-17T21:15:01Z,2026-02-17,NA,9,9,1,0.07799166666666656,0.07562500000000001,4378.374551,1569015041.4,3,532718.984,0.026870222691834,1,1,21.173713897267035,3,13.185751206749964,0.02651555752038394,8.384661196598747,LZB__2026-02-17,152,2,1,0,LZB__2026-02-17,LZB,LZB,2026-02-17,2026-02-17T21:15:01Z,1,exact_ric_plus_event_date,ric_exact,0,TRUE,matched,NA
1339376,AMPL.N,AMPL,ampl-quarterly-earnings-nongaap-eps-02-18-2026-0pt05,2026-02-18T21:19:00Z,2026-02-18,NA,9,9,1,0.4423249999999997,0.476099999999999,5410.991281,847827214.6,11,21713.816,0.032112977689033,1,1,20.558187416627103,11,9.985750071527542,0.03160813557235162,8.596372378239861,AMPL.N__2026-02-18,153,2,1,0,AMPL.N__2026-02-18,AMPL.N,AMPL,2026-02-18,2026-02-18T21:19:00Z,1,exact_ric_plus_event_date,ric_exact,0,TRUE,matched,NA
1339377,MCO,MCO,mco-quarterly-earnings-nongaap-eps-02-18-2026-3pt44,2026-02-18T12:00:00Z,2026-02-18,NA,9,9,1,0.03961944444444378,0.042024999999999,8004.470519,75607812000,25,902588.032,0.017454973746934,1,1,25.04882544812671,25,13.713022614739053,0.017304385509706078,8.987880401842112,MCO__2026-02-18,154,2,1,0,MCO__2026-02-18,MCO,MCO,2026-02-18,2026-02-18T12:00:00Z,1,exact_ric_plus_event_date,ric_exact,0,TRUE,matched,NA
1339469,DASH.N,DASH,dash-quarterly-earnings-gaap-eps-02-18-2026-0pt58,2026-02-18T21:05:00Z,2026-02-18,NA,9,9,1,0.033411111111110774,0.0289,34662.05066,69655921279.68,42,66765.56,0.029175944087345,1,1,24.966833548342308,42,11.108957635380929,0.028758427743180656,10.45342957613034,DASH.N__2026-02-18,155,2,1,0,DASH.N__2026-02-18,DASH.N,DASH,2026-02-18,2026-02-18T21:05:00Z,1,exact_ric_plus_event_date,ric_exact,0,TRUE,matched,NA
1339470,WING.N,WING,wing-quarterly-earnings-gaap-eps-02-18-2026-0pt84,2026-02-18T12:45:00Z,2026-02-18,NA,9,9,1,0.06222222222222189,0.027225,11578.073694,6104378201.35,30,14356.984,0.033029959640098,1,1,22.53227208860122,30,9.572061442774476,0.03249619227269349,9.356954756044908,WING.N__2026-02-18,156,2,1,0,WING.N__2026-02-18,WING.N,WING,2026-02-18,2026-02-18T12:45:00Z,1,exact_ric_plus_event_date,ric_exact,0,TRUE,matched,NA
1339476,CVNA.N,CVNA,cvna-quarterly-earnings-gaap-eps-02-18-2026-1pt08,2026-02-18T21:05:00Z,2026-02-18,NA,9,9,1,0.23277499999999945,0.202499999999999,4781.711673,75035614187.16,27,782251.968,0.039963649767263,1,1,25.04122869360317,27,13.569933455707377,0.03918576039557828,8.472762960240875,CVNA.N__2026-02-18,157,4,2,0,CVNA.N__2026-02-18,CVNA.N,CVNA,2026-02-18,2026-02-18T21:05:00Z,1,exact_ric_plus_event_date,ric_exact,0,TRUE,matched,NA
1339583,ADI.N,ADI,adi-quarterly-earnings-nongaap-eps-02-18-2026-2pt3,2026-02-18T12:00:00Z,2026-02-18,NA,9,9,1,0.013888888888888333,0.012099999999999,9577.289406,164573621324.7,36,55085.408,0.018238730983207,1,1,25.826623853079784,36,10.916658285944914,0.01807440044189111,9.167254296148721,ADI.N__2026-02-18,158,2,1,0,ADI.N__2026-02-18,ADI.N,ADI,2026-02-18,2026-02-18T12:00:00Z,1,exact_ric_plus_event_date,ric_exact,0,TRUE,matched,NA
1339584,OXY,OXY,oxy-quarterly-earnings-nongaap-eps-02-18-2026-0pt25,2026-02-18T21:15:00Z,2026-02-18,NA,9,9,1,0.14409722222222188,0.265225,13634.591465,45437304841.92,27,10208560.992,0.019580248058155,1,1,24.53959929714251,27,16.138737337126525,0.019391021086352152,9.520438672776715,OXY__2026-02-18,159,3,1,0,OXY__2026-02-18,OXY,OXY,2026-02-18,2026-02-18T21:15:00Z,1,exact_ric_plus_event_date,ric_exact,0,TRUE,matched,NA
1339585,GRMN.N,GRMN,grmn-quarterly-earnings-nongaap-eps-02-18-2026-2pt39,2026-02-18T12:00:01Z,2026-02-18,NA,9,9,1,0.04601944444444367,0.046224999999999,7522.282492,41333333434.2,9,295850.712,0.018800227784141,1,1,24.44493511632366,9,12.597613634804338,0.018625687703961454,8.925757823300522,GRMN.N__2026-02-18,160,4,2,0,GRMN.N__2026-02-18,GRMN.N,GRMN,2026-02-18,2026-02-18T12:00:01Z,1,exact_ric_plus_event_date,ric_exact,0,TRUE,matched,NA
1339586,BKNG.N,BKNG,bkng-quarterly-earnings-nongaap-eps-02-18-2026-48pt5,2026-02-18T21:00:00Z,2026-02-18,NA,9,9,1,0.016500027777777444,0.006399999999999,14951.465111,131146656447.6,37,4905.736,0.020513584118486,1,1,25.59958204882528,37,8.498364233949706,0.02030601441727354,9.612631455593803,BKNG.N__2026-02-18,161,2,1,0,BKNG.N__2026-02-18,BKNG.N,BKNG,2026-02-18,2026-02-18T21:00:00Z,1,exact_ric_plus_event_date,ric_exact,0,TRUE,matched,NA
1339587,CRL,CRL,crl-quarterly-earnings-nongaap-eps-02-18-2026-2pt35,2026-02-18T12:00:00Z,2026-02-18,NA,9,9,1,0.016994444444444444,0.015625,8007.136165,7942905530,19,897647.176,0.026094752245358,1,1,22.795544981035555,19,13.707533484324538,0.02576009360080931,8.988213324471875,CRL__2026-02-18,162,2,1,0,CRL__2026-02-18,CRL,CRL,2026-02-18,2026-02-18T12:00:00Z,1,exact_ric_plus_event_date,ric_exact,0,TRUE,matched,NA
1339766,DE,DE,de-quarterly-earnings-gaap-eps-02-19-2026-2pt1,2026-02-19T11:22:24Z,2026-02-19,NA,9,9,1,0.14883888888888833,0.220899999999999,8588.594943,162291259316.88,26,1430817.015873016,0.015543156714354,1,1,25.812658454914317,26,14.173756877756148,0.015423599130713013,9.058306859384539,DE__2026-02-19,163,2,1,0,DE__2026-02-19,DE,DE,2026-02-19,2026-02-19T11:22:24Z,1,exact_ric_plus_event_date,ric_exact,0,TRUE,matched,NA
1339770,TXRH.N,TXRH,txrh-quarterly-earnings-gaap-eps-02-19-2026-1pt49,2026-02-19T21:03:00Z,2026-02-19,NA,9,9,1,0.21549166666666666,0.255025,5409.041215,12319431846.15,31,15163.444444444443,0.016174997286522,1,1,23.234443677604464,31,9.626708785389287,0.016045575748181332,8.596011990110954,TXRH.N__2026-02-19,164,2,1,0,TXRH.N__2026-02-19,TXRH.N,TXRH,2026-02-19,2026-02-19T21:03:00Z,1,exact_ric_plus_event_date,ric_exact,0,TRUE,matched,NA
1339772,HHH,HHH,hhh-quarterly-earnings-gaap-eps-02-19-2026-0pt4,2026-02-19T21:01:01Z,2026-02-19,NA,9,9,1,0.3195861111111107,0.184899999999999,5203.724869,4951605559.29,2,357255.3095238095,0.018871716713922,1,1,22.322977716347285,2,12.78620875700441,0.018695854965186557,8.557322120670236,HHH__2026-02-19,165,2,1,0,HHH__2026-02-19,HHH,HHH,2026-02-19,2026-02-19T21:01:01Z,1,exact_ric_plus_event_date,ric_exact,0,TRUE,matched,NA
1339773,OPEN.N,OPEN,open-quarterly-earnings-gaap-eps-02-19-2026-neg0pt11,2026-02-19T21:05:03Z,2026-02-19,NA,9,9,1,0.08328055555555522,0.055224999999999,7722.358712,4149549332.73,9,2509286.26984127,0.092160188611694,1,1,22.146265570769316,9,14.735509314546222,0.08815755943221831,8.952004614726155,OPEN.N__2026-02-19,166,2,1,0,OPEN.N__2026-02-19,OPEN.N,OPEN,2026-02-19,2026-02-19T21:05:03Z,1,exact_ric_plus_event_date,ric_exact,0,TRUE,matched,NA
1339782,AKAM.N,AKAM,akam-quarterly-earnings-nongaap-eps-02-19-2026-1pt75,2026-02-19T21:01:00Z,2026-02-19,NA,9,9,1,0.01565555555555511,0.008099999999999,9718.454364,15837719741.34,26,28727.055555555555,0.024792740102756,1,1,23.485660257246586,26,10.265629469751012,0.024490387366430142,9.181884760487888,AKAM.N__2026-02-19,167,2,1,0,AKAM.N__2026-02-19,AKAM.N,AKAM,2026-02-19,2026-02-19T21:01:00Z,1,exact_ric_plus_event_date,ric_exact,0,TRUE,matched,NA
1339788,WMT.N,WMT,wmt-quarterly-earnings-nongaap-eps-02-19-2026-0pt72,2026-02-19T12:00:00Z,2026-02-19,NA,9,9,1,0.01564444444444389,0.012099999999999,25057.538583,1026956013311.4,45,429164.2978723404,0.015962361444914,1,1,27.657620215686453,45,12.969597433423159,0.0158363026481417,10.128969910029701,WMT.N__2026-02-19,168,2,1,0,WMT.N__2026-02-19,WMT.N,WMT,2026-02-19,2026-02-19T12:00:00Z,1,exact_ric_plus_event_date,ric_exact,0,TRUE,matched,NA
1339793,ED,ED,ed-quarterly-earnings-nongaap-eps-02-19-2026-0pt86,2026-02-19T21:37:31Z,2026-02-19,NA,9,9,1,0.034802777777777336,0.027225,66932.514677,40318826555.18,19,2104965.238095238,0.010584835509177,1,1,24.420084356991868,19,14.559809986060369,0.010529208329857759,11.11145508744566,ED__2026-02-19,169,2,1,0,ED__2026-02-19,ED,ED,2026-02-19,2026-02-19T21:37:31Z,1,exact_ric_plus_event_date,ric_exact,0,TRUE,matched,NA
1339807,DBX.N,DBX,dbx-quarterly-earnings-nongaap-eps-02-19-2026-0pt67,2026-02-19T21:04:00Z,2026-02-19,NA,9,9,1,0.012361111111110667,0.006399999999999,10998.424737,5747952873,10,62214.119047619046,0.017732505742098,1,1,22.472109606277805,10,11.038353320695308,0.01757711910273506,9.305598253776628,DBX.N__2026-02-19,170,2,1,0,DBX.N__2026-02-19,DBX.N,DBX,2026-02-19,2026-02-19T21:04:00Z,1,exact_ric_plus_event_date,ric_exact,0,TRUE,matched,NA
1352086,ETSY.N,ETSY,etsy-quarterly-earnings-gaap-eps-02-19-2026-0pt85,2026-02-19T12:00:01Z,2026-02-19,NA,9,9,1,0.11905277777777745,0.087025,98833.644309,4269524904.8,34,1574313.9436619717,0.043106061811632,1,1,22.17476839448382,34,14.269330779215798,0.04220286002566165,11.50120347317311,ETSY.N__2026-02-19,171,4,2,0,ETSY.N__2026-02-19,ETSY.N,ETSY,2026-02-19,2026-02-19T12:00:01Z,1,exact_ric_plus_event_date,ric_exact,0,TRUE,matched,NA
1352087,FNF,FNF,fnf-quarterly-earnings-nongaap-eps-02-19-2026-1pt5,2026-02-19T21:00:00Z,2026-02-19,NA,9,9,1,0.4076194444444444,0.416025,4267.789798,15199972398.44,5,1247720.492063492,0.014805562978982,1,1,23.444559448904887,5,14.036829639596187,0.014697030575601457,8.359085646379594,FNF__2026-02-19,172,2,1,0,FNF__2026-02-19,FNF,FNF,2026-02-19,2026-02-19T21:00:00Z,1,exact_ric_plus_event_date,ric_exact,0,TRUE,matched,NA
1360921,DPZ.N,DPZ,dpz-quarterly-earnings-gaap-eps-02-23-2026-5pt39,2026-02-23T11:05:00Z,2026-02-23,NA,9,9,1,0.41219166666666646,0.4356,385836.348821,12934010075.17,35,11452.44,0.013878927948026,1,1,23.283126118938345,35,9.346045400541547,0.013783497594457014,12.863171183531708,DPZ.N__2026-02-23,173,2,1,0,DPZ.N__2026-02-23,DPZ.N,DPZ,2026-02-23,2026-02-23T11:05:00Z,1,exact_ric_plus_event_date,ric_exact,0,TRUE,matched,NA
1360922,HIMS.N,HIMS,hims-quarterly-earnings-gaap-eps-02-23-2026-0pt05,2026-02-23T21:05:00Z,2026-02-23,NA,9,9,1,0.3175194444444438,0.044099999999999,287931.953117,3562682912.58,16,3781415.52,0.047188038897396,1,1,21.993779725105234,16,15.145609238138736,0.04610851356340579,12.570482930338482,HIMS.N__2026-02-23,174,4,2,0,HIMS.N__2026-02-23,HIMS.N,HIMS,2026-02-23,2026-02-23T21:05:00Z,1,exact_ric_plus_event_date,ric_exact,0,TRUE,matched,NA
1360923,BBBY.N,BBBY,bbby-quarterly-earnings-nongaap-eps-02-23-2026-neg0pt22,2026-02-23T21:01:00Z,2026-02-23,NA,9,9,1,0.08971944444444423,0.087025,5585.121304,360918319.97,7,527427.336,0.04673035098546,1,1,19.704162230225478,7,13.175768279178936,0.045671354291643915,8.628040461987206,BBBY.N__2026-02-23,175,4,2,0,BBBY.N__2026-02-23,BBBY.N,BBBY,2026-02-23,2026-02-23T21:01:00Z,1,exact_ric_plus_event_date,ric_exact,0,TRUE,matched,NA
1360933,WIX.N,WIX,wix-quarterly-earnings-nongaap-eps-02-18-2026-1pt47,2026-03-04T10:14:43Z,2026-03-04,NA,9,6,1,0.065566666666666,0.038024999999999,9717.265244,3994243189.68,18,26284.704,0.038863747413166,1,1,22.10811995883952,18,10.176780496231386,0.03812756532057982,9.181762408686806,WIX.N__2026-03-04,176,2,1,0,WIX.N__2026-03-04,WIX.N,WIX,2026-03-04,2026-03-04T10:14:43Z,1,exact_ric_plus_event_date,ric_exact,0,TRUE,matched,NA
1362677,CSGP.N,CSGP,csgp-quarterly-earnings-gaap-eps-02-24-2026-0pt06,2026-02-24T21:02:00Z,2026-02-24,NA,9,9,1,0.2856722222222216,0.29702499999999904,5672.635773,20935091920.87,21,57169.27419354839,0.027424582006913,1,1,23.764692627182658,21,10.953789360355461,0.027055265187723,8.643585421027806,CSGP.N__2026-02-24,177,2,1,0,CSGP.N__2026-02-24,CSGP.N,CSGP,2026-02-24,2026-02-24T21:02:00Z,1,exact_ric_plus_event_date,ric_exact,0,TRUE,matched,NA
1362683,HD,HD,hd-quarterly-earnings-nongaap-eps-02-24-2026-2pt52,2026-02-24T11:00:01Z,2026-02-24,NA,9,9,1,0.11371666666666633,0.042024999999999,26008.384746,380534265141.25,38,3990645.685483871,0.013619760892549,1,1,26.66484206312727,38,15.199463852295432,0.013527845585096891,10.166212703645432,HD__2026-02-24,178,2,1,0,HD__2026-02-24,HD,HD,2026-02-24,2026-02-24T11:00:01Z,1,exact_ric_plus_event_date,ric_exact,0,TRUE,matched,NA
1362778,AS,AS,as-quarterly-earnings-nongaap-eps-02-24-2026-0pt28,2026-02-24T11:00:00Z,2026-02-24,NA,9,9,1,0.041044444444444,0.01822499999999999,260299.647331,23400537288.8,25,4480211.741935484,0.023491148607256,1,1,23.876024820106295,25,15.315181090302865,0.0232194779208502,12.46959257784472,AS__2026-02-24,179,2,1,0,AS__2026-02-24,AS,AS,2026-02-24,2026-02-24T11:00:00Z,1,exact_ric_plus_event_date,ric_exact,0,TRUE,matched,NA
1363685,NVDA.N,NVDA,nvda-quarterly-earnings-nongaap-eps-02-25-2026-1pt52,2026-02-25T21:00:00Z,2026-02-25,NA,9,9,1,0.004872361111110444,0.002025,381687.063845,4686255000000,67,2255636.4285714286,0.021842317845051,1,1,29.175654871947152,67,14.628943164398448,0.02160719205507577,12.852358967206907,NVDA.N__2026-02-25,180,2,1,0,NVDA.N__2026-02-25,NVDA.N,NVDA,2026-02-25,2026-02-25T21:00:00Z,1,exact_ric_plus_event_date,ric_exact,0,TRUE,matched,NA
1363711,IMAX.N,IMAX,imax-quarterly-earnings-nongaap-eps-02-25-2026-0pt48,2026-02-25T21:05:01Z,2026-02-25,NA,9,9,1,0.0924166666666661,0.102399999999999,3526.365402,1988562816.11,11,355111.2301587302,0.020598793104946,1,1,21.410678011808827,11,12.780189159787621,0.02038950711219846,8.168306526230731,IMAX.N__2026-02-25,181,4,2,0,IMAX.N__2026-02-25,IMAX.N,IMAX,2026-02-25,2026-02-25T21:05:01Z,1,exact_ric_plus_event_date,ric_exact,0,TRUE,matched,NA
1363712,ZM.N,ZM,zm-quarterly-earnings-nongaap-eps-02-25-2026-1pt49,2026-02-25T21:05:06Z,2026-02-25,NA,9,9,1,0.5148555555555554,0.0361,64803.42237,25359032209.16,31,39960.048,0.022529117496709,1,1,23.956400803687877,31,10.595660458644815,0.022279085298761814,11.0791291264623,ZM.N__2026-02-25,182,2,1,0,ZM.N__2026-02-25,ZM.N,ZM,2026-02-25,2026-02-25T21:05:06Z,1,exact_ric_plus_event_date,ric_exact,0,TRUE,matched,NA
1363713,CRM,CRM,crm-quarterly-earnings-nongaap-eps-02-25-2026-3pt05,2026-02-25T21:01:00Z,2026-02-25,NA,9,9,1,0.019774999999999442,0.048399999999999,4749.034475,173738540000,54,9593366.373015871,0.02292168535449,1,1,25.88081736238153,54,16.076582519013428,0.02266293013341026,8.465907154897085,CRM__2026-02-25,183,2,1,0,CRM__2026-02-25,CRM,CRM,2026-02-25,2026-02-25T21:01:00Z,1,exact_ric_plus_event_date,ric_exact,0,TRUE,matched,NA
1367585,EBAY.N,EBAY,ebay-quarterly-earnings-nongaap-eps-02-18-2026-1pt35,2026-02-18T21:05:00Z,2026-02-18,NA,9,8,1,0.0231468749999995,0.011024999999999,13091.446001,36906240000,35,102201.056,0.024396215642696,1,1,24.331646479387192,35,11.534707073966219,0.02410338111803385,9.479790701722758,EBAY.N__2026-02-18,184,2,1,0,EBAY.N__2026-02-18,EBAY.N,EBAY,2026-02-18,2026-02-18T21:05:00Z,1,exact_ric_plus_event_date,ric_exact,0,TRUE,matched,NA
1367586,SNOW.N,SNOW,snow-quarterly-earnings-nongaap-eps-02-25-2026-0pt27,2026-02-25T21:05:02Z,2026-02-25,NA,9,9,1,0.013130555555554778,0.012099999999999,9002.41816,55114732000,51,1000632.761904762,0.03431982621638,1,1,24.732682885789767,51,13.81614411912677,0.03374403794687928,9.105359579769836,SNOW.N__2026-02-25,185,4,2,0,SNOW.N__2026-02-25,SNOW.N,SNOW,2026-02-25,2026-02-25T21:05:02Z,1,exact_ric_plus_event_date,ric_exact,0,TRUE,matched,NA
1367587,LOW,LOW,low-quarterly-earnings-gaap-eps-02-25-2026-1pt9,2026-02-25T11:00:00Z,2026-02-25,NA,9,9,1,0.49115277777777777,0.4290250000000001,12176.155379,153915960000,36,2829453.88,0.014081277802528,1,1,25.759672576118092,36,14.855594629157311,0.013983057580495934,9.407316965465018,LOW__2026-02-25,186,2,1,0,LOW__2026-02-25,LOW,LOW,2026-02-25,2026-02-25T11:00:00Z,1,exact_ric_plus_event_date,ric_exact,0,TRUE,matched,NA
1367628,TKO,TKO,tko-quarterly-earnings-gaap-eps-02-25-2026-0pt19,2026-02-25T21:05:01Z,2026-02-25,NA,9,9,1,0.2646583333333332,0.007225,26041.518229,39980034070.35,20,1118260.736,0.017827317537371,1,1,24.411646018203143,20,13.927286016209841,0.01767027460153913,10.16748579782956,TKO__2026-02-25,187,2,1,0,TKO__2026-02-25,TKO,TKO,2026-02-25,2026-02-25T21:05:01Z,1,exact_ric_plus_event_date,ric_exact,0,TRUE,matched,NA
1367670,NVTS.N,NVTS,nvts-quarterly-earnings-nongaap-eps-02-24-2026-neg0pt05,2026-02-24T21:05:03Z,2026-02-24,NA,9,9,1,0.16751111111111078,0.1521,4692.832659,1816309914.16,9,443282.75,0.07192837028016501,1,1,21.320072760142256,9,13.001965363169768,0.06945924164763409,8.454004725796796,NVTS.N__2026-02-24,188,2,1,0,NVTS.N__2026-02-24,NVTS.N,NVTS,2026-02-24,2026-02-24T21:05:03Z,1,exact_ric_plus_event_date,ric_exact,0,TRUE,matched,NA
1367779,PSKY.N,PSKY,psky-quarterly-earnings-gaap-eps-02-25-2026-neg0pt22,2026-02-25T21:00:00Z,2026-02-25,NA,9,9,1,0.08566388888888868,0.0361,5952.158746,11550990122.51,22,127126.37301587302,0.032520033705626,1,1,23.170036995132687,22,11.752944799968168,0.03200244876953549,8.691677239352522,PSKY.N__2026-02-25,189,2,1,0,PSKY.N__2026-02-25,PSKY.N,PSKY,2026-02-25,2026-02-25T21:00:00Z,1,exact_ric_plus_event_date,ric_exact,0,TRUE,matched,NA
1369095,IEP.N,IEP,iep-quarterly-earnings-gaap-eps-02-25-2026-0pt17,2026-02-25T13:00:02Z,2026-02-25,NA,9,9,1,0.11404166666666644,0.09,16866.309073,4925629063.96,1,13412.656,0.018325023475168,1,1,22.317717832136687,1,9.504028571482182,0.018159143668636392,9.73313265321416,IEP.N__2026-02-25,190,2,1,0,IEP.N__2026-02-25,IEP.N,IEP,2026-02-25,2026-02-25T13:00:02Z,1,exact_ric_plus_event_date,ric_exact,0,TRUE,matched,NA
1369192,IART.N,IART,iart-quarterly-earnings-nongaap-eps-02-26-2026-0pt8,2026-02-26T11:00:00Z,2026-02-26,NA,9,9,1,0.05861666666666589,0.055224999999999,1671.060298,898096039.83,12,11981.690476190475,0.038182016860911,1,1,20.615787569133627,12,9.39121842710527,0.03747112280163126,7.421811856391508,IART.N__2026-02-26,191,2,1,0,IART.N__2026-02-26,IART.N,IART,2026-02-26,2026-02-26T11:00:00Z,1,exact_ric_plus_event_date,ric_exact,0,TRUE,matched,NA
1369194,TTD.N,TTD,ttd-quarterly-earnings-nongaap-eps-02-25-2026-0pt58,2026-02-25T21:01:00Z,2026-02-25,NA,9,9,1,0.09523055555555478,0.065025,7863.533296,11504365225.99,36,181661.016,0.028082114366724,1,1,23.1659923851602,36,12.109903184649585,0.027695041631554704,8.970118474380172,TTD.N__2026-02-25,192,2,1,0,TTD.N__2026-02-25,TTD.N,TTD,2026-02-25,2026-02-25T21:01:00Z,1,exact_ric_plus_event_date,ric_exact,0,TRUE,matched,NA
1369345,ADSK.N,ADSK,adsk-quarterly-earnings-nongaap-eps-02-26-2026-2pt64,2026-02-26T21:01:00Z,2026-02-26,NA,9,9,1,0.015583333333333107,0.01822499999999999,4750.497291,46612010000,32,23375.36507936508,0.019175262058814,1,1,24.565124070194432,32,10.059480751568948,0.01899373362087809,8.46621506651546,ADSK.N__2026-02-26,193,2,1,0,ADSK.N__2026-02-26,ADSK.N,ADSK,2026-02-26,2026-02-26T21:01:00Z,1,exact_ric_plus_event_date,ric_exact,0,TRUE,matched,NA
1369346,WDAY.N,WDAY,wday-quarterly-earnings-nongaap-eps-02-24-2026-2pt32,2026-02-24T21:01:00Z,2026-02-24,NA,9,9,1,0.015477777777777443,0.0169,5826.39275,36244030000,42,43721.532258064515,0.02374424059783,1,1,24.313540515029093,42,10.685618860514017,0.023466730379651867,8.67032496662215,WDAY.N__2026-02-24,194,2,1,0,WDAY.N__2026-02-24,WDAY.N,WDAY,2026-02-24,2026-02-24T21:01:00Z,1,exact_ric_plus_event_date,ric_exact,0,TRUE,matched,NA
1369348,IONQ.N,IONQ,ionq-quarterly-earnings-gaap-eps-02-25-2026-neg0pt47,2026-02-25T21:05:01Z,2026-02-25,NA,9,9,1,0.06586944444444388,0.046224999999999,12682.941133,11593180704.72,13,4142427.738095238,0.059247722898454,1,1,23.173682891912485,13,15.236792825502476,0.05755896079217981,9.448091994603633,IONQ.N__2026-02-25,195,4,2,0,IONQ.N__2026-02-25,IONQ.N,IONQ,2026-02-25,2026-02-25T21:05:01Z,1,exact_ric_plus_event_date,ric_exact,0,TRUE,matched,NA
1369365,INTU.N,INTU,intu-quarterly-earnings-nongaap-eps-02-26-2026-3pt68,2026-02-26T21:00:00Z,2026-02-26,NA,9,9,1,0.011152777777776998,0.008099999999999,11268.559385,99201250500,34,36897.77777777778,0.022305518829409,1,1,25.32041645700456,34,10.515933706926607,0.022060389210365225,9.329860509996251,INTU.N__2026-02-26,196,2,1,0,INTU.N__2026-02-26,INTU.N,INTU,2026-02-26,2026-02-26T21:00:00Z,1,exact_ric_plus_event_date,ric_exact,0,TRUE,matched,NA
1369367,HPQ,HPQ,hpq-quarterly-earnings-nongaap-eps-02-24-2026-0pt77,2026-02-24T21:00:00Z,2026-02-24,NA,9,9,1,0.4234638888888887,0.378225,5766.469191,17001488199.41,17,13958270,0.022011175025755,1,1,23.55656671831289,17,16.451582793759783,0.021772426189202485,8.659988648204425,HPQ__2026-02-24,197,2,1,0,HPQ__2026-02-24,HPQ,HPQ,2026-02-24,2026-02-24T21:00:00Z,1,exact_ric_plus_event_date,ric_exact,0,TRUE,matched,NA
1369373,DELL.N,DELL,dell-quarterly-earnings-nongaap-eps-02-26-2026-3pt52,2026-02-26T21:05:00Z,2026-02-26,NA,9,9,1,0.029638888888888666,0.01822499999999999,8269.541405,79376960886.9,28,1530869.0476190476,0.030374583177437,1,1,25.097473997941055,28,14.241346790318142,0.029922409116354808,9.020455252017607,DELL.N__2026-02-26,198,4,2,0,DELL.N__2026-02-26,DELL.N,DELL,2026-02-26,2026-02-26T21:05:00Z,1,exact_ric_plus_event_date,ric_exact,0,TRUE,matched,NA
1369644,SG,SG,sg-quarterly-earnings-gaap-eps-02-26-2026-neg0pt33,2026-02-26T21:05:01Z,2026-02-26,NA,9,9,1,0.170908333333333,0.05062499999999999,4179.240494,642686257.21,14,5257487.658730159,0.040419671864858,1,1,20.281167227212634,14,15.475164029396447,0.03962416239597603,8.33812405831352,SG__2026-02-26,199,2,1,0,SG__2026-02-26,SG,SG,2026-02-26,2026-02-26T21:05:01Z,1,exact_ric_plus_event_date,ric_exact,0,TRUE,matched,NA
1369645,RKLB.N,RKLB,rklb-quarterly-earnings-gaap-eps-02-26-2026-neg0pt1,2026-02-26T21:05:06Z,2026-02-26,NA,9,9,1,0.08690277777777733,0.148225,371770.433862,39704158066.53,18,195991.27777777775,0.056190572665098,1,1,24.40472175634719,18,12.185830538343518,0.05466863554086134,12.826034519316675,RKLB.N__2026-02-26,200,2,1,0,RKLB.N__2026-02-26,RKLB.N,RKLB,2026-02-26,2026-02-26T21:05:06Z,1,exact_ric_plus_event_date,ric_exact,0,TRUE,matched,NA
1369646,WRBY.N,WRBY,wrby-quarterly-earnings-gaap-eps-02-26-2026-0pt02,2026-02-26T11:45:00Z,2026-02-26,NA,9,9,1,0.1626583333333331,0.140625,6098.387278,2723238560.48,14,901319.1111111112,0.044609608652374,1,1,21.725087656231327,14,13.711615757744037,0.043643235381330824,8.715943598886835,WRBY.N__2026-02-26,201,4,2,0,WRBY.N__2026-02-26,WRBY.N,WRBY,2026-02-26,2026-02-26T11:45:00Z,1,exact_ric_plus_event_date,ric_exact,0,TRUE,matched,NA
1369669,REAL.N,REAL,real-quarterly-earnings-nongaap-eps-02-26-2026-0pt04,2026-02-26T21:03:00Z,2026-02-26,NA,9,9,1,0.05363888888888822,0.036099999999999,3613.053357,1381390366.05,9,48677.84920634921,0.046532687582589,1,1,21.04635634054676,9,10.79299990685386,0.04548249756430809,8.192585235016624,REAL.N__2026-02-26,202,2,1,0,REAL.N__2026-02-26,REAL.N,REAL,2026-02-26,2026-02-26T21:03:00Z,1,exact_ric_plus_event_date,ric_exact,0,TRUE,matched,NA
1369670,SHAK.N,SHAK,shak-quarterly-earnings-nongaap-eps-02-26-2026-0pt35,2026-02-26T12:00:01Z,2026-02-26,NA,9,9,1,0.08243611111111056,0.1296,3597.045479,3816283558.29,25,368361.00793650793,0.02535417937528,1,1,22.062542895499757,25,12.816821450837137,0.025038093758811126,8.188146054508413,SHAK.N__2026-02-26,203,6,2,0,SHAK.N__2026-02-26,SHAK.N,SHAK,2026-02-26,2026-02-26T12:00:01Z,1,exact_ric_plus_event_date,ric_exact,0,TRUE,matched,NA
1369671,FTDR.N,FTDR,ftdr-quarterly-earnings-nongaap-eps-02-26-2026-0pt13,2026-02-26T12:00:01Z,2026-02-26,NA,9,9,1,0.03201388888888889,0.0256,5893.029461,3923518745.28,6,6903.603174603175,0.024954572773057,1,1,22.090254727213775,6,8.839943594909302,0.02464829236244666,8.68169516175817,FTDR.N__2026-02-26,204,2,1,0,FTDR.N__2026-02-26,FTDR.N,FTDR,2026-02-26,2026-02-26T12:00:01Z,1,exact_ric_plus_event_date,ric_exact,0,TRUE,matched,NA
1369672,PZZA.N,PZZA,pzza-quarterly-earnings-nongaap-eps-02-26-2026-0pt33,2026-02-26T12:00:01Z,2026-02-26,NA,9,9,1,0.14869166666666622,0.1444,365785.08947300003,1133283374.08,17,16891.23015873016,0.028837462298489,1,1,20.848384897234673,17,9.734609041270634,0.02842948742543758,12.809803986531305,PZZA.N__2026-02-26,205,2,1,0,PZZA.N__2026-02-26,PZZA.N,PZZA,2026-02-26,2026-02-26T12:00:01Z,1,exact_ric_plus_event_date,ric_exact,0,TRUE,matched,NA
1369679,ICUI.N,ICUI,icui-quarterly-earnings-nongaap-eps-02-19-2026-1pt69,2026-02-19T21:00:00Z,2026-02-19,NA,9,9,1,0.01900833333333311,0.015625,6123.113939,3743786398.25,7,4901.809523809524,0.022147951023551,1,1,22.04336334218478,7,8.497563691989706,0.021906247471760325,8.719989361927816,ICUI.N__2026-02-19,206,2,1,0,ICUI.N__2026-02-19,ICUI.N,ICUI,2026-02-19,2026-02-19T21:00:00Z,1,exact_ric_plus_event_date,ric_exact,0,TRUE,matched,NA
1370976,HGV,HGV,hgv-quarterly-earnings-nongaap-eps-02-26-2026-1pt16,2026-02-26T12:00:01Z,2026-02-26,NA,9,9,1,0.13137222222222178,0.16,850539.219215,3891252577.68,10,841551.1984126985,0.020790520698888,1,1,22.081996942149683,10,13.64300332088849,0.020577347416063367,13.653626978606495,HGV__2026-02-26,207,2,1,0,HGV__2026-02-26,HGV,HGV,2026-02-26,2026-02-26T12:00:01Z,1,exact_ric_plus_event_date,ric_exact,0,TRUE,matched,NA
1371036,SOUN.N,SOUN,soun-quarterly-earnings-nongaap-eps-02-26-2026-neg0pt02,2026-02-26T21:06:00Z,2026-02-26,NA,9,9,1,0.43985555555555556,0.403225,5202.734298,3532986987.64,9,542576.3333333334,0.045605376809452,1,1,21.98540952222578,9,13.204085904160673,0.04459602563432829,8.557131781065285,SOUN.N__2026-02-26,208,2,1,0,SOUN.N__2026-02-26,SOUN.N,SOUN,2026-02-26,2026-02-26T21:06:00Z,1,exact_ric_plus_event_date,ric_exact,0,TRUE,matched,NA
1371096,TDAY.N,TDAY,tday-quarterly-earnings-gaap-eps-02-26-2026-neg0pt17,2026-02-26T13:00:01Z,2026-02-26,NA,9,9,1,0.18338055555555544,0.255025,7405.109979,860578594.2,5,519789.7619047619,0.033541620196689,1,1,20.57311550494765,5,13.16118162862829,0.03299137044318435,8.910060611349795,TDAY.N__2026-02-26,209,4,2,0,TDAY.N__2026-02-26,TDAY.N,TDAY,2026-02-26,2026-02-26T13:00:01Z,1,exact_ric_plus_event_date,ric_exact,0,TRUE,matched,NA
1386902,DNUT.N,DNUT,dnut-quarterly-earnings-nongaap-eps-02-26-2026-0pt04,2026-02-26T11:45:00Z,2026-02-26,NA,9,9,1,0.4213305555555553,0.45562500000000006,4426.988962,509712000,6,95603.94444444444,0.039624511155653,1,1,20.049356418293872,6,11.467979817832225,0.03885960099441497,8.39570080105216,DNUT.N__2026-02-26,210,2,1,0,DNUT.N__2026-02-26,DNUT.N,DNUT,2026-02-26,2026-02-26T11:45:00Z,1,exact_ric_plus_event_date,ric_exact,0,TRUE,matched,NA
1387000,URBN.N,URBN,urbn-quarterly-earnings-gaap-eps-02-25-2026-1pt25,2026-02-25T21:05:07Z,2026-02-25,NA,9,9,1,0.47070277777777764,0.5776,5968.068681,5820517625.58,14,24065.46031746032,0.031065853099367,1,1,22.484655033838003,14,10.088574462109305,0.030593076030300936,8.694346194384913,URBN.N__2026-02-25,211,2,1,0,URBN.N__2026-02-25,URBN.N,URBN,2026-02-25,2026-02-25T21:05:07Z,1,exact_ric_plus_event_date,ric_exact,0,TRUE,matched,NA
1387101,MNST.N,MNST,mnst-quarterly-earnings-gaap-eps-02-26-2026-0pt48,2026-02-26T21:10:00Z,2026-02-26,NA,9,9,1,0.5006499999999999,0.5476,9802.639674,83681278586.36,26,85051.02380952382,0.013005363521712,1,1,25.150281116620004,26,11.35101839306734,0.012921519943261982,9.190508991014621,MNST.N__2026-02-26,212,2,1,0,MNST.N__2026-02-26,MNST.N,MNST,2026-02-26,2026-02-26T21:10:00Z,1,exact_ric_plus_event_date,ric_exact,0,TRUE,matched,NA
1387102,TFX,TFX,tfx-quarterly-earnings-nongaap-eps-02-26-2026-3pt74,2026-02-26T11:30:00Z,2026-02-26,NA,9,9,1,0.565997222222222,0.664225,11362.946713,4955767011.44,14,747333.4047619047,0.027436217823424,1,1,22.323817788195807,14,13.524268027614022,0.027066590350490312,9.338201053857135,TFX__2026-02-26,213,2,1,0,TFX__2026-02-26,TFX,TFX,2026-02-26,2026-02-26T11:30:00Z,1,exact_ric_plus_event_date,ric_exact,0,TRUE,matched,NA
1390924,AMC,AMC,amc-quarterly-earnings-nongaap-eps-02-24-2026-neg0pt25,2026-02-23T12:41:00Z,2026-02-23,NA,9,7,1,0.09792500000000001,0.06760000000000001,26979.471729,635456958,7,26524025.419354837,0.033249392826882,1,1,20.269854916953076,7,17.093561537525098,0.03270858677525378,10.202868614004746,AMC__2026-02-23,214,3,1,0,AMC__2026-02-23,AMC,AMC,2026-02-23,2026-02-23T12:41:00Z,1,exact_ric_plus_event_date,ric_exact,0,TRUE,matched,NA
1399646,MDB.N,MDB,mdb-quarterly-earnings-nongaap-eps-03-02-2026-1pt47,2026-03-02T21:05:00Z,2026-03-02,NA,9,9,1,0.013356222222221667,0.005624999999999,11381.41522,26439461475.78,43,30393.06451612903,0.034415791541307,1,1,23.998123483938052,43,10.32200262215133,0.03383681473688771,9.339824918905336,MDB.N__2026-03-02,215,2,1,0,MDB.N__2026-03-02,MDB.N,MDB,2026-03-02,2026-03-02T21:05:00Z,1,exact_ric_plus_event_date,ric_exact,0,TRUE,matched,NA
1399647,ASAN.N,ASAN,asan-quarterly-earnings-nongaap-eps-03-02-2026-0pt07,2026-03-02T21:05:00Z,2026-03-02,NA,9,9,1,0.025827777777777776,0.034225,6159.827706,1683410007.1,15,1270449.144,0.034274401331485,1,1,21.244087339300535,15,14.054881839728793,0.03370011934332004,8.725966415358156,ASAN.N__2026-03-02,216,4,2,0,ASAN.N__2026-03-02,ASAN.N,ASAN,2026-03-02,2026-03-02T21:05:00Z,1,exact_ric_plus_event_date,ric_exact,0,TRUE,matched,NA
1399648,TGT,TGT,tgt-quarterly-earnings-nongaap-eps-03-03-2026-2pt16,2026-03-03T11:30:00Z,2026-03-03,NA,9,9,1,0.05638888888888845,0.036099999999999,11442.925355,51528684878.73,39,7366450.548387097,0.017854783081092,1,1,24.6654044774924,39,15.812446675817085,0.017697258720242463,9.345214331516782,TGT__2026-03-03,217,2,1,0,TGT__2026-03-03,TGT,TGT,2026-03-03,2026-03-03T11:30:00Z,1,exact_ric_plus_event_date,ric_exact,0,TRUE,matched,NA
1399734,BBY,BBY,bby-quarterly-earnings-nongaap-eps-03-03-2026-2pt47,2026-03-03T12:00:01Z,2026-03-03,NA,9,9,1,0.06345277777777711,0.07022500000000001,5160.943675,12984890332.91,26,4000944.129032258,0.021210072315054,1,1,23.287052236350448,26,15.202041173431972,0.020988269551448686,8.549068468750606,BBY__2026-03-03,218,2,1,0,BBY__2026-03-03,BBY,BBY,2026-03-03,2026-03-03T12:00:01Z,1,exact_ric_plus_event_date,ric_exact,0,TRUE,matched,NA
1399738,GTLB.N,GTLB,gtlb-quarterly-earnings-nongaap-eps-03-03-2026-0pt23,2026-03-03T21:05:00Z,2026-03-03,NA,9,9,1,0.032491666666666114,0.0144,14999.204885,4472788400,28,71101.78225806452,0.036247960755678,1,1,22.221277854219583,28,11.171881746644058,0.03560645955776235,9.615819138991064,GTLB.N__2026-03-03,219,2,1,0,GTLB.N__2026-03-03,GTLB.N,GTLB,2026-03-03,2026-03-03T21:05:00Z,1,exact_ric_plus_event_date,ric_exact,0,TRUE,matched,NA
1399742,BOX,BOX,box-quarterly-earnings-nongaap-eps-03-03-2026-0pt34,2026-03-03T21:05:00Z,2026-03-03,NA,9,9,1,0.09313055555555522,0.093025,2385.545427,3264641119.98,11,2187220.696,0.018779581888372,1,1,21.90641567632258,11,14.598142664434446,0.01860542258779599,7.777602171253265,BOX__2026-03-03,220,2,1,0,BOX__2026-03-03,BOX,BOX,2026-03-03,2026-03-03T21:05:00Z,1,exact_ric_plus_event_date,ric_exact,0,TRUE,matched,NA
1403447,CRWD.N,CRWD,crwd-quarterly-earnings-nongaap-eps-03-03-2026-1pt1,2026-03-03T21:05:00Z,2026-03-03,NA,9,9,1,0.014399999999999332,0.007224999999999,9798.605645,97605918677.4,54,40347.752,0.028075408679079,1,1,25.30420397071327,54,10.605315743851742,0.027688519088831333,9.190097423542879,CRWD.N__2026-03-03,221,2,1,0,CRWD.N__2026-03-03,CRWD.N,CRWD,2026-03-03,2026-03-03T21:05:00Z,1,exact_ric_plus_event_date,ric_exact,0,TRUE,matched,NA
1403452,AZO,AZO,azo-quarterly-earnings-gaap-eps-03-03-2026-27pt33,2026-03-03T11:55:00Z,2026-03-03,NA,9,9,1,0.2971583333333328,0.330624999999999,4772.05804,62038426020,30,148521.68548387097,0.015922979558196,1,1,24.851019804526725,30,11.90849298975878,0.01579753876129414,8.470742476999007,AZO__2026-03-03,222,3,1,0,AZO__2026-03-03,AZO,AZO,2026-03-03,2026-03-03T11:55:00Z,1,exact_ric_plus_event_date,ric_exact,0,TRUE,matched,NA
1403494,BBWI.N,BBWI,bbwi-quarterly-earnings-nongaap-eps-03-04-2026-1pt75,2026-03-04T11:55:00Z,2026-03-04,NA,9,9,1,0.08964166666666612,0.07840000000000001,11957.105057,4512064174.2,16,1593952.392,0.039314085254686,1,1,22.230020574046343,16,14.281727898256127,0.03856096215649054,9.389164574901505,BBWI.N__2026-03-04,223,4,2,0,BBWI.N__2026-03-04,BBWI.N,BBWI,2026-03-04,2026-03-04T11:55:00Z,1,exact_ric_plus_event_date,ric_exact,0,TRUE,matched,NA
1403495,AVGO.N,AVGO,avgo-quarterly-earnings-nongaap-eps-03-04-2026-2pt02,2026-03-04T21:15:00Z,2026-03-04,NA,9,9,1,0.00569066666666611,0.0036,NA,1509804824757.84,53,276146.752,0.030202164770959,1,1,28.04300150327396,53,12.52869133479285,0.029755059458496092,NA,AVGO.N__2026-03-04,224,2,1,0,AVGO.N__2026-03-04,AVGO.N,AVGO,2026-03-04,2026-03-04T21:15:00Z,1,exact_ric_plus_event_date,ric_exact,0,TRUE,matched,NA
1403496,OKTA.N,OKTA,okta-quarterly-earnings-nongaap-eps-03-04-2026-0pt85,2026-03-04T21:01:00Z,2026-03-04,NA,9,9,1,0.014588888888888554,0.006399999999999,NA,12827912828.64,47,33051.642857142855,0.024491562455597,1,1,23.274889323356664,47,10.405856807503127,0.024196452894818348,NA,OKTA.N__2026-03-04,225,2,1,0,OKTA.N__2026-03-04,OKTA.N,OKTA,2026-03-04,2026-03-04T21:01:00Z,1,exact_ric_plus_event_date,ric_exact,0,TRUE,matched,NA
1403497,AEO,AEO,aeo-quarterly-earnings-gaap-eps-03-04-2026-0pt72,2026-03-04T21:05:00Z,2026-03-04,NA,9,9,1,0.3872833333333328,0.342224999999999,58561.023871,3814020135,12,8479489.704,0.043476350448724,1,1,22.061949623345104,12,15.953160947473936,0.04255778359714714,10.97784170867665,AEO__2026-03-04,226,2,1,0,AEO__2026-03-04,AEO,AEO,2026-03-04,2026-03-04T21:05:00Z,1,exact_ric_plus_event_date,ric_exact,0,TRUE,matched,NA
1403526,ANF,ANF,anf-quarterly-earnings-gaap-eps-03-04-2026-3pt58,2026-03-04T12:30:00Z,2026-03-04,NA,9,9,1,0.07336944444444422,0.065025,5518.682958,4487161854.6,13,1915364.176,0.043260264347706,1,1,22.224486235186273,13,14.465418854845591,0.042350679259917264,8.616075702476753,ANF__2026-03-04,227,2,1,0,ANF__2026-03-04,ANF,ANF,2026-03-04,2026-03-04T12:30:00Z,1,exact_ric_plus_event_date,ric_exact,0,TRUE,matched,NA
1403851,FLUT.N,FLUT,flut-quarterly-earnings-nongaap-eps-02-26-2026-1pt61,2026-02-26T21:05:08Z,2026-02-26,NA,9,7,1,0.13632499999999972,0.0225,3357.146829,20753999991.52,26,544790.5714285715,0.027857340035133,1,1,23.7560048357209,26,13.208158562751676,0.027476383118041268,8.11914456181558,FLUT.N__2026-02-26,228,4,2,0,FLUT.N__2026-02-26,FLUT.N,FLUT,2026-02-26,2026-02-26T21:05:08Z,1,exact_ric_plus_event_date,ric_exact,0,TRUE,matched,NA
1403852,GAP,GAP,gap-quarterly-earnings-gaap-eps-03-05-2026-0pt45,2026-03-05T21:15:00Z,2026-03-05,NA,9,9,1,0.47843333333333304,0.705599999999999,8530.196028,10317109067.6,21,8437220.566929134,0.026066533079737,1,1,23.057069428647814,21,15.948163614143361,0.02573259170237221,9.05148484495908,GAP__2026-03-05,229,2,1,0,GAP__2026-03-05,GAP,GAP,2026-03-05,2026-03-05T21:15:00Z,1,exact_ric_plus_event_date,ric_exact,0,TRUE,matched,NA
1403853,COST.N,COST,cost-quarterly-earnings-gaap-eps-03-05-2026-4pt54,2026-03-05T21:15:00Z,2026-03-05,NA,9,9,1,0.013863361111110556,0.004224999999999,25049.202235000022,446682484080,38,28856.48031496063,0.012158084523642,1,1,26.825113852715667,38,10.270124521342447,0.012084768669360445,10.128637179733916,COST.N__2026-03-05,230,3,1,0,COST.N__2026-03-05,COST.N,COST,2026-03-05,2026-03-05T21:15:00Z,1,exact_ric_plus_event_date,ric_exact,0,TRUE,matched,NA
1404328,VSCO.N,VSCO,vsco-quarterly-earnings-nongaap-eps-03-05-2026-2pt48,2026-03-05T12:00:03Z,2026-03-05,NA,9,9,1,0.014880805555555333,0.007224999999999,17749.761362,4986305558.88,10,602581.8174603175,0.036546190059707,1,1,22.329961103539464,10,13.308980391266358,0.03589421539301454,9.784183687617459,VSCO.N__2026-03-05,231,4,2,0,VSCO.N__2026-03-05,VSCO.N,VSCO,2026-03-05,2026-03-05T12:00:03Z,1,exact_ric_plus_event_date,ric_exact,0,TRUE,matched,NA
1404329,IOT,IOT,iot-quarterly-earnings-nongaap-eps-03-05-2026-0pt13,2026-03-05T21:10:00Z,2026-03-05,NA,9,9,1,0.01078888888888811,0.004224999999999,12455.471682,16698497409.58,23,6520130.753968254,0.035188255788553,1,1,23.538584576846834,23,15.690405141362506,0.03458329982819131,9.429995580651713,IOT__2026-03-05,232,2,1,0,IOT__2026-03-05,IOT,IOT,2026-03-05,2026-03-05T21:10:00Z,1,exact_ric_plus_event_date,ric_exact,0,TRUE,matched,NA
1404330,GPRO.N,GPRO,gpro-quarterly-earnings-nongaap-eps-03-05-2026-0pt04,2026-03-05T21:05:00Z,2026-03-05,NA,9,9,1,0.0721499999999999,0.0081,13290.754087000008,148033360.9612,2,77158.62698412698,0.05745475762269,1,1,18.812948218226943,2,11.253631632691325,0.055864848633212186,9.494899128475778,GPRO.N__2026-03-05,233,2,1,0,GPRO.N__2026-03-05,GPRO.N,GPRO,2026-03-05,2026-03-05T21:05:00Z,1,exact_ric_plus_event_date,ric_exact,0,TRUE,matched,NA
1404331,MRVL.N,MRVL,mrvl-quarterly-earnings-nongaap-eps-03-05-2026-0pt79,2026-03-05T21:05:00Z,2026-03-05,NA,9,9,1,0.025166666666666112,0.011024999999999,16884.972215999995,67525683209.77,44,239026.46825396825,0.030564556040313,1,1,24.935773854452766,44,12.38433375424263,0.030106764743164975,9.734238509841381,MRVL.N__2026-03-05,234,2,1,0,MRVL.N__2026-03-05,MRVL.N,MRVL,2026-03-05,2026-03-05T21:05:00Z,1,exact_ric_plus_event_date,ric_exact,0,TRUE,matched,NA
1404416,MRX.N,MRX,mrx-quarterly-earnings-nongaap-eps-03-03-2026-1pt02,2026-03-03T12:00:04Z,2026-03-03,NA,9,9,1,0.026011111111110888,0.024025,12720.640667,3168193929.88,7,7525.282258064516,0.023787820658277,1,1,21.876427524264912,7,8.926156474843483,0.023509298758705083,9.451059811831206,MRX.N__2026-03-03,235,2,1,0,MRX.N__2026-03-03,MRX.N,MRX,2026-03-03,2026-03-03T12:00:04Z,1,exact_ric_plus_event_date,ric_exact,0,TRUE,matched,NA
1404417,SWBI.N,SWBI,swbi-quarterly-earnings-nongaap-eps-03-05-2026-0pt05,2026-03-05T21:05:48Z,2026-03-05,NA,9,9,1,0.07445833333333267,0.042024999999999,5074.868478,527695815.7,2,13471.47619047619,0.027010536655454,1,1,20.08403056902856,2,9.508404082537668,0.026652190538829352,8.532252917939099,SWBI.N__2026-03-05,236,2,1,0,SWBI.N__2026-03-05,SWBI.N,SWBI,2026-03-05,2026-03-05T21:05:48Z,1,exact_ric_plus_event_date,ric_exact,0,TRUE,matched,NA
1419057,WBD.N,WBD,wbd-quarterly-earnings-gaap-eps-02-26-2026-0,2026-02-26T13:30:00Z,2026-02-26,NA,9,4,1,0.0738187499999995,0.093025,2440.250214,72289945362.25,23,702054.2857142857,0.034157914677479,1,1,25.003950888144942,23,13.461767434485724,0.033587486550622325,7.800265569850895,WBD.N__2026-02-26,237,2,1,0,WBD.N__2026-02-26,WBD.N,WBD,2026-02-26,2026-02-26T13:30:00Z,1,exact_ric_plus_event_date,ric_exact,0,TRUE,matched,NA
1420756,BURL.N,BURL,burl-quarterly-earnings-gaap-eps-03-05-2026-4pt58,2026-03-05T11:45:00Z,2026-03-05,NA,9,9,1,0.029219444444443778,0.039999999999999,10731.164357999998,18902014062.28,18,234122.57142857145,0.024490691804206,1,1,23.66253431747625,18,12.36360433798115,0.02419560305691547,9.281000526187842,BURL.N__2026-03-05,238,4,2,0,BURL.N__2026-03-05,BURL.N,BURL,2026-03-05,2026-03-05T11:45:00Z,1,exact_ric_plus_event_date,ric_exact,0,TRUE,matched,NA
1420842,KR,KR,kr-quarterly-earnings-nongaap-eps-03-05-2026-1pt2,2026-03-05T11:45:00Z,2026-03-05,NA,9,9,1,0.035380555555555554,0.021025,4395.176767999999,45165120000,26,6831203.444444444,0.015988362001291,1,1,24.5335909444693,26,15.737011562184943,0.01586189436754553,8.388490525816069,KR__2026-03-05,239,2,1,0,KR__2026-03-05,KR,KR,2026-03-05,2026-03-05T11:45:00Z,1,exact_ric_plus_event_date,ric_exact,0,TRUE,matched,NA
1428532,CBRL.N,CBRL,cbrl-quarterly-earnings-nongaap-eps-03-04-2026-neg0pt3,2026-03-04T21:05:00Z,2026-03-04,NA,9,9,1,0.13870833333333277,0.2304,NA,686399916.33,10,17282.920634920636,0.033960135777355,1,1,20.346970984241167,10,9.757531905217666,0.03339622193622235,NA,CBRL.N__2026-03-04,240,3,1,0,CBRL.N__2026-03-04,CBRL.N,CBRL,2026-03-04,2026-03-04T21:05:00Z,1,exact_ric_plus_event_date,ric_exact,0,TRUE,matched,NA
1428533,STUB.N,STUB,stub-quarterly-earnings-gaap-eps-03-04-2026-neg0pt01,2026-03-04T21:15:00Z,2026-03-04,NA,9,9,1,0.14996666666666633,0.176399999999999,NA,3517299813.34,10,829245.2631578947,0.058118010683929,1,1,21.98095943370287,10,13.628272450507792,0.05649186850499843,NA,STUB.N__2026-03-04,241,4,2,0,STUB.N__2026-03-04,STUB.N,STUB,2026-03-04,2026-03-04T21:15:00Z,1,exact_ric_plus_event_date,ric_exact,0,TRUE,matched,NA
1428903,CELH.N,CELH,celh-quarterly-earnings-gaap-eps-02-26-2026-0pt19,2026-02-26T11:00:00Z,2026-02-26,NA,9,3,1,0.28465,0.265225,1452.125896,13033822364.96,23,88893.83333333333,0.038615341149058,1,1,23.29081353617389,23,11.395209302077811,0.0378884233078785,7.281472305377681,CELH.N__2026-02-26,242,2,1,0,CELH.N__2026-02-26,CELH.N,CELH,2026-02-26,2026-02-26T11:00:00Z,1,exact_ric_plus_event_date,ric_exact,0,TRUE,matched,NA
1494761,RUM.N,RUM,rum-quarterly-earnings-gaap-eps-03-05-2026-neg0pt1,2026-03-05T21:05:02Z,2026-03-05,NA,9,3,1,0.36195,0.378225,948.980932,1832973224.4,3,60681.72222222222,0.041508402407131,1,1,21.329205198168648,3,11.013414294391309,0.040670049288008735,6.856441912814202,RUM.N__2026-03-05,243,2,1,0,RUM.N__2026-03-05,RUM.N,RUM,2026-03-05,2026-03-05T21:05:02Z,1,exact_ric_plus_event_date,ric_exact,0,TRUE,matched,NA
549606,AVGO.N,AVGO,will-broadcom-beat-q2-earnings-estimate,2025-06-05T20:15:05Z,2025-06-05,Q2,9,3,1,0.019616666666666664,0.021025,4894.410265,1208086520956.15,43,308181.104,0.044532629519321,1,1,27.820058836184415,43,12.638446133991462,0.043569540894013194,8.496053364527057,AVGO.N__2025-06-05,244,2,0,4536.998611111111,NA,NA,NA,NA,NA,NA,NA,NA,NA,NA,unmatched,candidate_found_but_failed_time_or_quarter_rules
598104,GIS,GIS,will-gis-beat-earnings-estimate-2025-09-17-0pt82,2025-09-17T11:00:01Z,2025-09-17,NA,9,4,1,0.0871437499999995,0.0729,18668.050719,26142738842.2199,22,5778513.761904762,0.013523200810515,1,1,23.986837315561292,22,15.569657246020096,0.01343257841950349,9.834622389983329,GIS__2025-09-17,245,2,1,0,GIS__2025-09-17,GIS,GIS,2025-09-17,2025-09-17T11:00:01Z,1,exact_ric_plus_event_date,ric_exact,0,TRUE,matched,NA
598105,FDS,FDS,will-fds-beat-earnings-estimate-2025-09-18-4pt15,2025-09-18T10:00:00Z,2025-09-18,NA,9,5,1,0.4781349999999996,0.511224999999999,21779.189819,13050520317.06,21,370734.94488188974,0.016406959024621,1,1,23.292093840959364,21,12.82324534932039,0.01627381917854906,9.98875611173823,FDS__2025-09-18,246,2,1,0,FDS__2025-09-18,FDS,FDS,2025-09-18,2025-09-18T10:00:00Z,1,exact_ric_plus_event_date,ric_exact,0,TRUE,matched,NA
598106,FDX,FDX,will-fdx-beat-earnings-estimate-2025-09-18-3pt62,2025-09-18T20:02:00Z,2025-09-18,NA,9,5,1,0.0770499999999994,0.06760000000000001,13560.2346,53274023984.58,32,2080769.6692913389,0.024145780277217,1,1,24.69871469443629,32,14.548248897136483,0.023858880036556982,9.514970604547482,FDX__2025-09-18,247,2,1,0,FDX__2025-09-18,FDX,FDX,2025-09-18,2025-09-18T20:02:00Z,1,exact_ric_plus_event_date,ric_exact,0,TRUE,matched,NA
598107,MU.N,MU,will-mu-beat-earnings-estimate-2025-09-23-2pt85,2025-09-23T20:01:02Z,2025-09-23,NA,9,9,1,0.023386111111110663,0.013224999999999,52930.977068,184230374126.62,44,277096.5714285714,0.03802786903364,1,1,25.939452844712168,44,12.53212496657077,0.03732263316327485,10.876762916657752,MU.N__2025-09-23,248,2,1,0,MU.N__2025-09-23,MU.N,MU,2025-09-23,2025-09-23T20:01:02Z,1,exact_ric_plus_event_date,ric_exact,0,TRUE,matched,NA
598110,ACN,ACN,will-acn-beat-earnings-estimate-2025-09-25-2pt99,2025-09-25T10:39:00Z,2025-09-25,NA,9,9,1,0.07077499999999956,0.060024999999999,20486.20731,148194591021.24,25,4004248.062992126,0.018883112109669,1,1,25.721792051309947,25,15.202866621027175,0.018707039230914633,9.92755593667792,ACN__2025-09-25,249,2,1,0,ACN__2025-09-25,ACN,ACN,2025-09-25,2025-09-25T10:39:00Z,1,exact_ric_plus_event_date,ric_exact,0,TRUE,matched,NA
598111,JBL,JBL,will-jbl-beat-earnings-estimate-2025-09-25-2pt9,2025-09-25T11:30:01Z,2025-09-25,NA,9,9,1,0.03899722222222156,0.0256,33787.74734,24176787599.36,11,1450235.5118110236,0.026222064993,1,1,23.90865881968275,11,14.187237212689316,0.025884160944346087,10.427883107106387,JBL__2025-09-25,250,2,1,0,JBL__2025-09-25,JBL,JBL,2025-09-25,2025-09-25T11:30:01Z,1,exact_ric_plus_event_date,ric_exact,0,TRUE,matched,NA
599650,CASH.N,CASH,will-cash-beat-earnings-estimate-2025-09-19-1pt29,2025-10-21T20:10:00Z,2025-10-21,NA,9,9,1,0.005031666666666554,0.00592899999999999,80885.573542,1549901114.2,2,2435.1428571428573,0.015529145963387,1,1,21.16145696855211,2,7.798171271257601,0.015409802722826646,11.300803125638978,CASH.N__2025-10-21,251,2,1,0,CASH.N__2025-10-21,CASH.N,CASH,2025-10-21,2025-10-21T20:10:00Z,1,exact_ric_plus_event_date,ric_exact,0,TRUE,matched,NA
599651,MLKN.N,MLKN,will-mlkn-beat-earnings-estimate-2025-09-23-0pt34,2025-09-23T20:00:00Z,2025-09-23,NA,9,9,1,0.07686666666666622,0.055224999999999,25781.736934,1362442475.39999,3,8700.626984126984,0.029545913041619,1,1,21.032544863720474,3,9.071265296828315,0.02911784390906589,10.157460435869709,MLKN.N__2025-09-23,252,2,1,0,MLKN.N__2025-09-23,MLKN.N,MLKN,2025-09-23,2025-09-23T20:00:00Z,1,exact_ric_plus_event_date,ric_exact,0,TRUE,matched,NA
599652,PRGS.N,PRGS,will-prgs-beat-earnings-estimate-2025-09-29-1pt3,2025-09-29T20:02:00Z,2025-09-29,NA,9,9,1,0.036299999999999444,0.024025,22038.842926,1802976217.46,6,10201.808,0.024355943723419,1,1,21.3127045905426,6,9.230418255503537,0.024064067510384354,10.000607136471945,PRGS.N__2025-09-29,253,2,1,0,PRGS.N__2025-09-29,PRGS.N,PRGS,2025-09-29,2025-09-29T20:02:00Z,1,exact_ric_plus_event_date,ric_exact,0,TRUE,matched,NA
599915,BLSH.N,BLSH,will-blsh-beat-earnings-estimate-2025-09-17-neg0pt04,2025-09-17T20:00:00Z,2025-09-17,NA,9,3,1,0.13554999999999967,0.102399999999999,7901.772928,7507996835.04,8,1298205.9583333333,0.066685926028605,1,1,22.739234534125565,8,14.076494607552762,0.06455657662638704,8.974968980412084,BLSH.N__2025-09-17,254,6,2,0,BLSH.N__2025-09-17,BLSH.N,BLSH,2025-09-17,2025-09-17T20:00:00Z,1,exact_ric_plus_event_date,ric_exact,0,TRUE,matched,NA
613036,JEF,JEF,jef-quarterly-earnings-gaap-eps-2025-09-29-0pt8,2025-09-29T20:00:00Z,2025-09-29,NA,9,5,1,0.2163449999999994,0.225625,45005.464553,13760953542.9099,4,1709211.304,0.03018462904012,1,1,23.345100965227193,4,14.351543181415542,0.029738037673176853,10.71456141516815,JEF__2025-09-29,255,2,1,0,JEF__2025-09-29,JEF,JEF,2025-09-29,2025-09-29T20:00:00Z,1,exact_ric_plus_event_date,ric_exact,0,TRUE,matched,NA
613037,NKE,NKE,nke-quarterly-earnings-gaap-eps-2025-09-30-0pt27,2025-09-30T20:15:00Z,2025-09-30,NA,9,6,1,0.04052083333333283,0.038024999999999,159213.625713,102454136469.53,37,16626532.384,0.029497947634059,1,1,25.352681086311907,37,16.626510373876993,0.02907125392768207,11.978008418229157,NKE__2025-09-30,256,2,1,0,NKE__2025-09-30,NKE,NKE,2025-09-30,2025-09-30T20:15:00Z,1,exact_ric_plus_event_date,ric_exact,0,TRUE,matched,NA
613046,XOM,XOM,xom-quarterly-earnings-nongaap-eps-2025-10-31-1pt75,2025-10-31T10:30:00Z,2025-10-31,NA,9,9,1,0.04019722222222167,0.01428025,74422.781346,491088935750.3,29,15755469,0.01256737547461,1,1,26.91989108021287,29,16.57269816452798,0.012489061463251945,11.217530811493955,XOM__2025-10-31,257,2,1,0,XOM__2025-10-31,XOM,XOM,2025-10-31,2025-10-31T10:30:00Z,1,exact_ric_plus_event_date,ric_exact,0,TRUE,matched,NA
613049,LEVI.N,LEVI,levi-quarterly-earnings-nongaap-eps-2025-10-09-0pt30,2025-10-09T20:15:00Z,2025-10-09,NA,9,9,1,0.008066666666666,0.004899999999999,50505.336193,9590957304.24,14,711352.8346456693,0.019841490431724,1,1,22.984086544033897,14,13.474925242724332,0.01964721368258418,10.82985407656117,LEVI.N__2025-10-09,258,4,2,0,LEVI.N__2025-10-09,LEVI.N,LEVI,2025-10-09,2025-10-09T20:15:00Z,1,exact_ric_plus_event_date,ric_exact,0,TRUE,matched,NA
613050,PEP.N,PEP,pep-quarterly-earnings-nongaap-eps-2025-10-09-2pt26,2025-10-09T12:30:00Z,2025-10-09,NA,9,9,1,0.008849416666665999,0.006723999999999,36990.499959,192507815776.379,23,109277.51968503935,0.014633138072585,1,1,25.98340259128577,23,11.601655128638924,0.014527106835877227,10.518443434396353,PEP.N__2025-10-09,259,2,1,0,PEP.N__2025-10-09,PEP.N,PEP,2025-10-09,2025-10-09T12:30:00Z,1,exact_ric_plus_event_date,ric_exact,0,TRUE,matched,NA
613051,DAL,DAL,dal-quarterly-earnings-nongaap-eps-2025-10-09-1pt52,2025-10-09T10:30:45Z,2025-10-09,NA,9,9,1,0.01993002777777733,0.015625,32169.421752,36977281551.84,25,9951725.440944882,0.033050948250555,1,1,24.333569548895568,25,16.113256605736122,0.03251650958977199,10.378802730249715,DAL__2025-10-09,260,2,1,0,DAL__2025-10-09,DAL,DAL,2025-10-09,2025-10-09T10:30:45Z,1,exact_ric_plus_event_date,ric_exact,0,TRUE,matched,NA
613052,JPM,JPM,jpm-quarterly-earnings-gaap-eps-2025-10-14-4pt72,2025-10-14T10:37:00Z,2025-10-14,NA,9,9,1,0.011602777777777112,0.009024999999999,30839.269081,838375118991.15,28,8432952.150793651,0.010978233866749,1,1,27.454731473297002,28,15.947657583079904,0.010918410495743575,10.336576552704054,JPM__2025-10-14,261,2,1,0,JPM__2025-10-14,JPM,JPM,2025-10-14,2025-10-14T10:37:00Z,1,exact_ric_plus_event_date,ric_exact,0,TRUE,matched,NA
613055,WFC,WFC,wfc-quarterly-earnings-gaap-eps-2025-10-14-1pt53,2025-10-14T11:00:00Z,2025-10-14,NA,9,9,1,0.0072541666666660004,0.015129,22929.613627,248514082864.52,26,15992297.134920634,0.015014569392148,1,1,26.23876535236433,26,16.587617797742517,0.01490296647166581,10.040228136374827,WFC__2025-10-14,262,2,1,0,WFC__2025-10-14,WFC,WFC,2025-10-14,2025-10-14T11:00:00Z,1,exact_ric_plus_event_date,ric_exact,0,TRUE,matched,NA
613056,GS,GS,gs-quarterly-earnings-gaap-eps-2025-10-14-10pt47,2025-10-14T11:30:00Z,2025-10-14,NA,9,9,1,0.010219444444443445,0.008099999999999,23143.120101,238174900763.76,28,2047145.007936508,0.014155758709418,1,1,26.19627111788654,28,14.531957189865482,0.014056501567153002,10.049496035935627,GS__2025-10-14,263,2,1,0,GS__2025-10-14,GS,GS,2025-10-14,2025-10-14T11:30:00Z,1,exact_ric_plus_event_date,ric_exact,0,TRUE,matched,NA
613057,C,C,c-quarterly-earnings-gaap-eps-2025-10-14-1pt90,2025-10-14T12:47:00Z,2025-10-14,NA,9,9,1,0.6820166666666664,0.6889000000000001,66332.438147,168068949000,24,13837525.056,0.014913024039734,1,1,25.847640142868514,24,16.442894738996355,0.01480291822085404,11.102449395142798,C__2025-10-14,264,2,1,0,C__2025-10-14,C,C,2025-10-14,2025-10-14T12:47:00Z,1,exact_ric_plus_event_date,ric_exact,0,TRUE,matched,NA
613066,DPZ.N,DPZ,dpz-quarterly-earnings-gaap-eps-2025-10-14-3pt96,2025-10-14T10:05:00Z,2025-10-14,NA,9,9,1,0.041941666666666,0.036099999999999,14654.896339,13729705408.66,34,12272,0.013646250915222,1,1,23.342827600462602,34,9.415157006597509,0.013553979326322971,9.592598013949488,DPZ.N__2025-10-14,265,2,1,0,DPZ.N__2025-10-14,DPZ.N,DPZ,2025-10-14,2025-10-14T10:05:00Z,1,exact_ric_plus_event_date,ric_exact,0,TRUE,matched,NA
613067,JNJ,JNJ,jnj-quarterly-earnings-nongaap-eps-2025-10-14-2pt75,2025-10-14T10:20:00Z,2025-10-14,NA,9,9,1,0.006688944444443889,0.00855625,67936.535453,459751890664.8,25,8350207.134920635,0.010790681338373,1,1,26.85395281279824,25,15.937797022854182,0.010732877394009271,11.126343965710715,JNJ__2025-10-14,266,2,1,0,JNJ__2025-10-14,JNJ,JNJ,2025-10-14,2025-10-14T10:20:00Z,1,exact_ric_plus_event_date,ric_exact,0,TRUE,matched,NA
614609,IBKR.N,IBKR,ibkr-quarterly-earnings-nongaap-eps-2025-10-16-0pt51,2025-10-16T20:00:00Z,2025-10-16,NA,9,9,1,0.03278888888888878,0.07562500000000001,27625.835218,118596468749.84,11,72098.18897637795,0.022765671175736,1,1,25.49899254861348,11,11.185798074615848,0.02251040029686564,10.226542869844234,IBKR.N__2025-10-16,267,2,1,0,IBKR.N__2025-10-16,IBKR.N,IBKR,2025-10-16,2025-10-16T20:00:00Z,1,exact_ric_plus_event_date,ric_exact,0,TRUE,matched,NA
614613,BAC,BAC,bac-quarterly-earnings-gaap-eps-2025-10-15-0pt93,2025-10-15T12:30:00Z,2025-10-15,NA,9,9,1,0.010936111111110444,0.011024999999999,44878.391794,358115555450.94,26,37895811.34920635,0.012593328969915,1,1,26.604121551853883,26,17.45035117184258,0.012514692510950493,10.711733988277656,BAC__2025-10-15,268,2,1,0,BAC__2025-10-15,BAC,BAC,2025-10-15,2025-10-15T12:30:00Z,1,exact_ric_plus_event_date,ric_exact,0,TRUE,matched,NA
614614,MS,MS,ms-quarterly-earnings-gaap-eps-2025-10-15-2pt06,2025-10-15T11:28:00Z,2025-10-15,NA,9,9,1,0.011955555555554888,0.0225,21395.696932,246811830000,26,5494826.333333333,0.013138334805624,1,1,26.2318920613783,26,15.519317722820853,0.013052775474854015,9.970991840124952,MS__2025-10-15,269,2,1,0,MS__2025-10-15,MS,MS,2025-10-15,2025-10-15T11:28:00Z,1,exact_ric_plus_event_date,ric_exact,0,TRUE,matched,NA
614615,TSLA.N,TSLA,tsla-quarterly-earnings-nongaap-eps-2025-10-22-0pt5,2025-10-22T20:07:00Z,2025-10-22,NA,9,9,1,0.5759388888888887,0.585225,726860.842831,1488071269890.81,55,504441.92913385824,0.034515852144042,1,1,28.02850194762445,55,13.131209988757135,0.033933541569906495,13.496491701084878,TSLA.N__2025-10-22,270,2,1,0,TSLA.N__2025-10-22,TSLA.N,TSLA,2025-10-22,2025-10-22T20:07:00Z,1,exact_ric_plus_event_date,ric_exact,0,TRUE,matched,NA
614616,SCHW.N,SCHW,schw-quarterly-earnings-nongaap-eps-2025-10-16-1pt21,2025-10-16T11:30:00Z,2025-10-16,NA,9,9,1,0.011594444444443776,0.027225,25032.048584,171229636569,21,2284451.7322834646,0.012536464618405,1,1,25.866271396472342,21,14.641637049153534,0.012458533787983717,10.1279521742125,SCHW.N__2025-10-16,271,4,2,0,SCHW.N__2025-10-16,SCHW.N,SCHW,2025-10-16,2025-10-16T11:30:00Z,1,exact_ric_plus_event_date,ric_exact,0,TRUE,matched,NA
614619,CCL,CCL,ccl-quarterly-earnings-nongaap-eps-2025-09-29-1pt32,2025-09-29T12:30:00Z,2025-09-29,NA,9,4,1,0.02577499999999975,0.0169,12102.393893,39757744798.2794,27,22640532.603174604,0.031626245573149,1,1,24.40607049676092,27,16.935252380066327,0.031136436319439766,9.401241179280495,CCL__2025-09-29,272,2,1,0,CCL__2025-09-29,CCL,CCL,2025-09-29,2025-09-29T12:30:00Z,1,exact_ric_plus_event_date,ric_exact,0,TRUE,matched,NA
614632,LW,LW,lw-quarterly-earnings-nongaap-eps-2025-09-30-0pt53,2025-09-30T12:30:00Z,2025-09-30,NA,9,5,1,0.08695999999999919,0.099224999999999,6483.689158,7695043945.59999,12,2028109.352,0.026168848192407,1,1,22.76384231515012,12,14.522615056413995,0.025832302596832425,8.777199163142225,LW__2025-09-30,273,2,1,0,LW__2025-09-30,LW,LW,2025-09-30,2025-09-30T12:30:00Z,1,exact_ric_plus_event_date,ric_exact,0,TRUE,matched,NA
614635,UNFI.N,UNFI,unfi-quarterly-earnings-nongaap-eps-2025-09-30-neg0pt18,2025-09-30T12:30:00Z,2025-09-30,NA,9,5,1,0.0230549999999994,0.013224999999999,10879.427314,1917828919.62,11,305954.32,0.032105989133617,1,1,21.37445961215093,11,12.631194357201677,0.031601364434668704,9.294720794822508,UNFI.N__2025-09-30,274,4,2,0,UNFI.N__2025-09-30,UNFI.N,UNFI,2025-09-30,2025-09-30T12:30:00Z,1,exact_ric_plus_event_date,ric_exact,0,TRUE,matched,NA
614636,STZ,STZ,stz-quarterly-earnings-nongaap-eps-2025-10-06-3pt44,2025-10-06T20:05:11Z,2025-10-06,NA,9,9,1,0.13746944444444434,0.119024999999999,28275.424567,24890759526.6,26,2340289.087301587,0.017959712630249,1,1,23.93776246819179,26,14.665785448582673,0.01780034232581749,10.249783682279265,STZ__2025-10-06,275,2,1,0,STZ__2025-10-06,STZ,STZ,2025-10-06,2025-10-06T20:05:11Z,1,exact_ric_plus_event_date,ric_exact,0,TRUE,matched,NA
614637,MKC,MKC,mkc-quarterly-earnings-nongaap-eps-2025-10-07-0pt82,2025-10-07T10:30:38Z,2025-10-07,NA,9,9,1,0.04216388888888867,0.0196,10219.254055,18489377292.16,16,2405332.528,0.014976067104505,1,1,23.64046220369071,16,14.693199132987747,0.014865033008372537,9.232126722059293,MKC__2025-10-07,276,2,1,0,MKC__2025-10-07,MKC,MKC,2025-10-07,2025-10-07T10:30:38Z,1,exact_ric_plus_event_date,ric_exact,0,TRUE,matched,NA
614638,OMC,OMC,omc-quarterly-earnings-nongaap-eps-2025-10-21-2pt17,2025-10-21T20:03:00Z,2025-10-21,NA,9,9,1,0.06297777777777744,0.07022500000000001,17925.594766,14960086501.44,12,3763786.563492063,0.018127831265115,1,1,23.428651591657843,12,15.140936339064927,0.01796548123229734,9.794040630324835,OMC__2025-10-21,277,2,1,0,OMC__2025-10-21,OMC,OMC,2025-10-21,2025-10-21T20:03:00Z,1,exact_ric_plus_event_date,ric_exact,0,TRUE,matched,NA
614639,CFG,CFG,cfg-quarterly-earnings-gaap-eps-2025-10-15-1pt03,2025-10-15T10:20:00Z,2025-10-15,NA,9,9,1,0.10009166666666656,0.07562500000000001,12035.198598,22086920385.5,22,4755391.658730159,0.016366029428646,1,1,23.818251432504837,22,15.374789828623783,0.016233549462045527,9.395673937946142,CFG__2025-10-15,278,2,1,0,CFG__2025-10-15,CFG,CFG,2025-10-15,2025-10-15T10:20:00Z,1,exact_ric_plus_event_date,ric_exact,0,TRUE,matched,NA
614644,ABT,ABT,abt-quarterly-earnings-nongaap-eps-2025-10-15-1pt30,2025-10-15T11:30:13Z,2025-10-15,NA,9,9,1,0.7003833333333328,0.64,26893.832044,228452996396.86,30,6284783.333333333,0.013457171366473,1,1,26.15459632107392,30,15.653642084912292,0.013367427868495008,10.199689429809613,ABT__2025-10-15,279,2,1,0,ABT__2025-10-15,ABT,ABT,2025-10-15,2025-10-15T11:30:13Z,1,exact_ric_plus_event_date,ric_exact,0,TRUE,matched,NA
614647,KMI,KMI,kmi-quarterly-earnings-nongaap-eps-2025-10-15-0pt3,2025-10-22T20:05:00Z,2025-10-22,NA,9,9,1,0.12637777777777767,0.180624999999999,21007.333399,61107134440,21,13726996.9765625,0.01231750811423,1,1,24.83589446291938,21,16.434875106828127,0.012242264854048761,9.952674466513754,KMI__2025-10-22,280,2,1,0,KMI__2025-10-22,KMI,KMI,2025-10-22,2025-10-22T20:05:00Z,1,exact_ric_plus_event_date,ric_exact,0,TRUE,matched,NA
619465,BK,BK,bk-quarterly-earnings-gaap-eps-2025-10-16-1pt76,2025-10-16T12:30:00Z,2025-10-16,NA,9,9,1,0.020938888888888556,0.044099999999999,4428.5395,75962240077.32,17,3746296.803149606,0.010949322673781,1,1,25.053502212678417,17,15.136278657798426,0.01088981284111797,8.39605090729737,BK__2025-10-16,281,2,1,0,BK__2025-10-16,BK,BK,2025-10-16,2025-10-16T12:30:00Z,1,exact_ric_plus_event_date,ric_exact,0,TRUE,matched,NA
619538,KEY,KEY,key-quarterly-earnings-gaap-eps-2025-10-16-0pt38,2025-10-16T10:30:29Z,2025-10-16,NA,9,9,1,0.10404722222222179,0.28090000000000004,9712.263924,19732638960,24,21636612.826771654,0.015944432885183,1,1,23.70553990171132,24,16.88989752219274,0.01581865561848316,9.181247645276557,KEY__2025-10-16,282,2,1,0,KEY__2025-10-16,KEY,KEY,2025-10-16,2025-10-16T10:30:29Z,1,exact_ric_plus_event_date,ric_exact,0,TRUE,matched,NA
619541,STT,STT,stt-quarterly-earnings-gaap-eps-2025-10-17-2pt58,2025-10-17T11:30:00Z,2025-10-17,NA,9,9,1,0.03394722222222178,0.060024999999999,14913.069103,32937641655.49,17,1910539.440944882,0.015050137742823,1,1,24.217881963974683,17,14.46289671337334,0.014938008064727972,9.610060281524682,STT__2025-10-17,283,2,1,0,STT__2025-10-17,STT,STT,2025-10-17,2025-10-17T11:30:00Z,1,exact_ric_plus_event_date,ric_exact,0,TRUE,matched,NA
619549,USB,USB,usb-quarterly-earnings-gaap-eps-2025-10-16-1pt12,2025-10-16T10:45:00Z,2025-10-16,NA,9,9,1,0.04535555555555556,0.09000000000000001,8195.451807,72285000091.85,24,9663411.236220472,0.01384154900299,1,1,25.00388247697748,24,16.08385737737961,0.013746629647947503,9.011456633144473,USB__2025-10-16,284,2,1,0,USB__2025-10-16,USB,USB,2025-10-16,2025-10-16T10:45:00Z,1,exact_ric_plus_event_date,ric_exact,0,TRUE,matched,NA
619556,BLK,BLK,blk-quarterly-earnings-nongaap-eps-2025-10-14-11pt76,2025-10-14T12:30:00Z,2025-10-14,NA,9,9,1,0.8549650277777778,0.8556250000000001,48009.316079,175629036000,18,587606.288,0.013596130441029,1,1,25.891639857553287,18,13.283814126200177,0.013504532378425523,10.779171185110895,BLK__2025-10-14,285,2,1,0,BLK__2025-10-14,BLK,BLK,2025-10-14,2025-10-14T12:30:00Z,1,exact_ric_plus_event_date,ric_exact,0,TRUE,matched,NA
619557,TFC,TFC,tfc-quarterly-earnings-nongaap-eps-2025-10-17-0pt99,2025-10-17T12:30:00Z,2025-10-17,NA,9,9,1,0.05677499999999978,0.133224999999999,3651.367172,55340195413.86,22,7751791.669291339,0.014455141366471,1,1,24.7367653424493,22,15.86343468674762,0.014351661826042778,8.20313077663915,TFC__2025-10-17,286,2,1,0,TFC__2025-10-17,TFC,TFC,2025-10-17,2025-10-17T12:30:00Z,1,exact_ric_plus_event_date,ric_exact,0,TRUE,matched,NA
619560,EFX,EFX,efx-quarterly-earnings-nongaap-eps-2025-10-21-1pt94,2025-10-21T10:30:00Z,2025-10-21,NA,9,9,1,0.07844166666666601,0.060024999999999,11085.787306,27772430935.67,24,1037275.1428571428,0.023374504317079,1,1,24.04730967262869,24,13.852108741885349,0.023105504353374856,9.313509345498861,EFX__2025-10-21,287,2,1,0,EFX__2025-10-21,EFX,EFX,2025-10-21,2025-10-21T10:30:00Z,1,exact_ric_plus_event_date,ric_exact,0,TRUE,matched,NA
619852,UNTY.N,UNTY,unty-quarterly-earnings-gaap-eps-2025-10-10-1pt29,2025-10-14T10:00:05Z,2025-10-14,NA,9,9,1,0.03692808333333289,0.04223025,7434.126077,473533560,3,808.1507936507936,0.021898675618642,1,1,19.975733344530745,3,6.69598529480749,0.02166234363620619,8.913970815979804,UNTY.N__2025-10-14,288,2,1,0,UNTY.N__2025-10-14,UNTY.N,UNTY,2025-10-14,2025-10-14T10:00:05Z,1,exact_ric_plus_event_date,ric_exact,0,TRUE,matched,NA
619853,PENG.N,PENG,peng-quarterly-earnings-nongaap-eps-2025-10-07-0pt37,2025-10-07T20:00:00Z,2025-10-07,NA,9,5,1,0.0260699999999996,0.005624999999999,6272.205259,1535352640.2,8,14518.587301587302,0.028558154356399,1,1,21.152025924630298,8,9.583253865219158,0.028157971396585504,8.744042708588044,PENG.N__2025-10-07,289,2,1,0,PENG.N__2025-10-07,PENG.N,PENG,2025-10-07,2025-10-07T20:00:00Z,1,exact_ric_plus_event_date,ric_exact,0,TRUE,matched,NA
619857,AZZ,AZZ,azz-quarterly-earnings-nongaap-eps-2025-10-08-1pt57,2025-10-08T20:00:00Z,2025-10-08,NA,9,6,1,0.799175,0.765625,7149.079433,3214304349.08,11,261171.5158730159,0.01956346856386,1,1,21.890876794576222,11,12.472936448309909,0.019374563693811745,8.874878745136833,AZZ__2025-10-08,290,2,1,0,AZZ__2025-10-08,AZZ,AZZ,2025-10-08,2025-10-08T20:00:00Z,1,exact_ric_plus_event_date,ric_exact,0,TRUE,matched,NA
619980,RELL.N,RELL,rell-quarterly-earnings-nongaap-eps-2025-10-08-neg0pt01,2025-10-08T20:15:00Z,2025-10-08,NA,9,6,1,0.016662499999999334,0.011024999999999,22033.366218,142611336.48,2,651.5826771653543,0.032405907472403,1,1,18.775633561241857,2,6.480937839469424,0.03189191092305554,10.000358614348256,RELL.N__2025-10-08,291,2,1,0,RELL.N__2025-10-08,RELL.N,RELL,2025-10-08,2025-10-08T20:15:00Z,1,exact_ric_plus_event_date,ric_exact,0,TRUE,matched,NA
619983,RGP.N,RGP,rgp-quarterly-earnings-nongaap-eps-2025-10-08-neg0pt10,2025-10-08T20:05:00Z,2025-10-08,NA,9,6,1,0.03387499999999917,0.048399999999999,4974.09297,164281230.48,4,4900.658730158731,0.029594179081754,1,1,18.91709033716337,4,8.497328943173907,0.029164723711298354,8.512199336855272,RGP.N__2025-10-08,292,2,1,0,RGP.N__2025-10-08,RGP.N,RGP,2025-10-08,2025-10-08T20:05:00Z,1,exact_ric_plus_event_date,ric_exact,0,TRUE,matched,NA
619984,APLD.N,APLD,apld-quarterly-earnings-nongaap-eps-2025-10-09-neg0pt16,2025-10-09T20:05:00Z,2025-10-09,NA,9,7,1,0.025078571428570857,0.0144,9270.325321,8191999278.75,10,663178.6692913385,0.08251165808748201,1,1,22.826423817200347,10,13.40480122686189,0.07928395043234251,9.134681617164997,APLD.N__2025-10-09,293,2,1,0,APLD.N__2025-10-09,APLD.N,APLD,2025-10-09,2025-10-09T20:05:00Z,1,exact_ric_plus_event_date,ric_exact,0,TRUE,matched,NA
620021,HELE.N,HELE,hele-quarterly-earnings-nongaap-eps-2025-10-09-0pt52,2025-10-09T10:45:00Z,2025-10-09,NA,9,7,1,0.31563928571428546,0.448899999999999,63372.762324,476926841.49,5,11294.24409448819,0.05551365796907,1,1,19.98287366495154,5,9.332137039513054,0.054027528032154874,11.056805211298444,HELE.N__2025-10-09,294,2,1,0,HELE.N__2025-10-09,HELE.N,HELE,2025-10-09,2025-10-09T10:45:00Z,1,exact_ric_plus_event_date,ric_exact,0,TRUE,matched,NA
620023,NEOG.N,NEOG,neog-quarterly-earnings-nongaap-eps-2025-10-09-0pt04,2025-10-09T11:00:00Z,2025-10-09,NA,9,7,1,0.11922142857142828,0.0196,18819.863416,1473284684.28,5,143227.07874015748,0.042919192073226,1,1,21.110760224103288,5,11.872193594875089,0.042023696577320975,9.842721289664073,NEOG.N__2025-10-09,295,2,1,0,NEOG.N__2025-10-09,NEOG.N,NEOG,2025-10-09,2025-10-09T11:00:00Z,1,exact_ric_plus_event_date,ric_exact,0,TRUE,matched,NA
620032,NRIX.N,NRIX,nrix-quarterly-earnings-gaap-eps-2025-10-9-neg0pt85,2025-10-09T20:01:00Z,2025-10-09,NA,9,7,1,0.6575892857142854,0.6480250000000001,4947.955613,834954114.959999,18,12826.645669291338,0.038936007872174,1,1,20.54288732916149,18,9.459357938767337,0.038197120106938154,8.506931846029063,NRIX.N__2025-10-09,296,2,1,0,NRIX.N__2025-10-09,NRIX.N,NRIX,2025-10-09,2025-10-09T20:01:00Z,1,exact_ric_plus_event_date,ric_exact,0,TRUE,matched,NA
620038,BYRN.N,BYRN,byrn-quarterly-earnings-gaap-eps-2025-10-09-0pt06,2025-10-09T12:00:01Z,2025-10-09,NA,9,7,1,0.02863214285714243,0.009999999999999,12833.139842,513333234.539999,5,6424.669291338582,0.047304885378398,1,1,20.056435772249273,5,8.768056074196263,0.04622008852245094,9.459864074464281,BYRN.N__2025-10-09,297,3,1,0,BYRN.N__2025-10-09,BYRN.N,BYRN,2025-10-09,2025-10-09T12:00:01Z,1,exact_ric_plus_event_date,ric_exact,0,TRUE,matched,NA
620048,FAST.N,FAST,fast-quarterly-earnings-gaap-eps-2025-10-13-0pt30,2025-10-13T11:00:00Z,2025-10-13,NA,9,9,1,0.5752111111111109,0.511224999999999,15797.541849,52557075307.38,20,102130.09523809524,0.013170755639182,1,1,24.685165564737776,20,11.534012514475235,0.013084775364420369,9.66767292671828,FAST.N__2025-10-13,298,2,1,0,FAST.N__2025-10-13,FAST.N,FAST,2025-10-13,2025-10-13T11:00:00Z,1,exact_ric_plus_event_date,ric_exact,0,TRUE,matched,NA
620052,SFBS.N,SFBS,sfbs-quarterly-earnings-nongaap-eps-2025-10-20-1pt34,2025-10-20T20:00:00Z,2025-10-20,NA,9,9,1,0.6453277777777777,0.6561,30151.521357,4108078577.61,3,88920.52380952382,0.018143898839658,1,1,22.13622125677769,3,11.39550950479054,0.017981262598119777,10.314023825756625,SFBS.N__2025-10-20,299,4,2,0,SFBS.N__2025-10-20,SFBS.N,SFBS,2025-10-20,2025-10-20T20:00:00Z,1,exact_ric_plus_event_date,ric_exact,0,TRUE,matched,NA
620069,GBCI.N,GBCI,gbci-quarterly-earnings-gaap-eps-2025-10-16-0pt61,2025-10-16T20:05:01Z,2025-10-16,NA,9,9,1,0.6173027777777778,0.585225,39335.776905,6237753533.48,6,285946.9763779527,0.019070933632429,1,1,22.553885943848094,6,12.563565172479647,0.018891362840845083,10.579915159379755,GBCI.N__2025-10-16,300,4,2,0,GBCI.N__2025-10-16,GBCI.N,GBCI,2025-10-16,2025-10-16T20:05:01Z,1,exact_ric_plus_event_date,ric_exact,0,TRUE,matched,NA
627451,AXP,AXP,axp-quarterly-earnings-gaap-eps-10-17-2025-4,2025-10-17T11:00:00Z,2025-10-17,NA,9,9,1,0.02875555555555511,0.038024999999999,22848.665874,227775687580.98,31,2659413.322834646,0.015393111050164,1,1,26.151627155226794,31,14.79361647712937,0.015275839039129093,10.036691773633382,AXP__2025-10-17,301,2,1,0,AXP__2025-10-17,AXP,AXP,2025-10-17,2025-10-17T11:00:00Z,1,exact_ric_plus_event_date,ric_exact,0,TRUE,matched,NA
627454,CB,CB,cb-quarterly-earnings-nongaap-eps-10-21-2025-5pt78,2025-10-21T20:10:00Z,2025-10-21,NA,9,9,1,0.01731666666666611,0.0144,9549.515576,105757814271.6,26,1749844.4566929133,0.011370696679176,1,1,25.384417545964062,26,14.375038031538907,0.011306536215717946,9.164350419033235,CB__2025-10-21,302,2,1,0,CB__2025-10-21,CB,CB,2025-10-21,2025-10-21T20:10:00Z,1,exact_ric_plus_event_date,ric_exact,0,TRUE,matched,NA
627582,KO,KO,ko-quarterly-earnings-nongaap-eps-10-21-2025-0pt78,2025-10-21T10:55:00Z,2025-10-21,NA,9,9,1,0.013141666666666111,0.015625,53051.390997,294428880000,26,15613803.301587302,0.009027083607946,1,1,26.408303316815942,26,16.563665972061816,0.008986583040909962,10.879035213657959,KO__2025-10-21,303,2,1,0,KO__2025-10-21,KO,KO,2025-10-21,2025-10-21T10:55:00Z,1,exact_ric_plus_event_date,ric_exact,0,TRUE,matched,NA
627585,EWBC.N,EWBC,ewbc-quarterly-earnings-gaap-eps-10-21-2025-2pt34,2025-10-21T20:05:00Z,2025-10-21,NA,9,9,1,0.05081111111111056,0.0576,8739.858917,13228133100.68,15,13372.888888888889,0.018983936038471,1,1,23.30561169405646,15,9.50105949458546,0.01880598967910593,9.075763738077276,EWBC.N__2025-10-21,304,2,1,0,EWBC.N__2025-10-21,EWBC.N,EWBC,2025-10-21,2025-10-21T20:05:00Z,1,exact_ric_plus_event_date,ric_exact,0,TRUE,matched,NA
627587,GM,GM,gm-quarterly-earnings-nongaap-eps-10-21-2025-2pt31,2025-10-21T10:30:00Z,2025-10-21,NA,9,9,1,0.017527777777777663,0.01822499999999999,25906.465997,54460442869.14,31,8947211.523809524,0.018547473018594,1,1,24.720740456166673,31,16.006852591886776,0.01837756631874661,10.16228646858043,GM__2025-10-21,305,2,1,0,GM__2025-10-21,GM,GM,2025-10-21,2025-10-21T10:30:00Z,1,exact_ric_plus_event_date,ric_exact,0,TRUE,matched,NA
627639,HAL,HAL,hal-quarterly-earnings-gaap-eps-10-21-2025-0pt49,2025-10-21T10:45:00Z,2025-10-21,NA,9,9,1,0.16271666666666634,0.2025,17587.869097,18743024604.7,26,14216608.849206349,0.023880016568774,1,1,23.654087499063156,26,16.46992154668704,0.02359934843266407,9.775021543282724,HAL__2025-10-21,306,2,1,0,HAL__2025-10-21,HAL,HAL,2025-10-21,2025-10-21T10:45:00Z,1,exact_ric_plus_event_date,ric_exact,0,TRUE,matched,NA
627649,LMT,LMT,lmt-quarterly-earnings-gaap-eps-10-21-2025-6pt33,2025-10-21T11:29:00Z,2025-10-21,NA,9,9,1,0.0736305555555549,0.0961,10232.42431,114576618689.4,22,1549440.753968254,0.016119324457365,1,1,25.46450959501313,22,14.253405265292539,0.01599078759217925,9.233414535095674,LMT__2025-10-21,307,2,1,0,LMT__2025-10-21,LMT,LMT,2025-10-21,2025-10-21T11:29:00Z,1,exact_ric_plus_event_date,ric_exact,0,TRUE,matched,NA
627652,MAT.N,MAT,mat-quarterly-earnings-nongaap-eps-10-21-2025-1pt07,2025-10-21T20:05:00Z,2025-10-21,NA,9,9,1,0.5214027777777774,0.540225,16978.539558,5709396000,14,83898.58267716535,0.025199435905152,1,1,22.4653790756848,14,11.337375918392455,0.024887165278552316,9.739764342772114,MAT.N__2025-10-21,308,2,1,0,MAT.N__2025-10-21,MAT.N,MAT,2025-10-21,2025-10-21T20:05:00Z,1,exact_ric_plus_event_date,ric_exact,0,TRUE,matched,NA
627653,NDAQ.N,NDAQ,ndaq-quarterly-earnings-nongaap-eps-10-21-2025-0pt83,2025-10-21T11:00:00Z,2025-10-21,NA,9,9,1,0.009306027777776999,0.008280999999999,13369.512604,50584485409.47,19,57825.642857142855,0.011736513382385,1,1,24.646910753763553,19,10.965204897541591,0.011668174694762992,9.500807009226405,NDAQ.N__2025-10-21,309,2,1,0,NDAQ.N__2025-10-21,NDAQ.N,NDAQ,2025-10-21,2025-10-21T11:00:00Z,1,exact_ric_plus_event_date,ric_exact,0,TRUE,matched,NA
627654,NFLX.N,NFLX,nflx-quarterly-earnings-nongaap-eps-10-21-2025-6pt95,2025-10-21T20:01:00Z,2025-10-21,NA,9,9,1,0.6324916666666665,0.616225,64178.354417,524817919599.04,51,452463.9606299212,0.016106947613155,1,1,26.986317219570783,51,13.02246560405187,0.01597860701526195,11.069436855669661,NFLX.N__2025-10-21,310,2,1,0,NFLX.N__2025-10-21,NFLX.N,NFLX,2025-10-21,2025-10-21T20:01:00Z,1,exact_ric_plus_event_date,ric_exact,0,TRUE,matched,NA
627657,NOC,NOC,noc-quarterly-earnings-gaap-eps-10-21-2025-6pt49,2025-10-21T12:30:00Z,2025-10-21,NA,9,9,1,0.06660833333333278,0.052899999999999,13934.227456,84847079831.5,24,868871.9920634921,0.018745612938853,1,1,25.16411641237737,24,13.674952239438808,0.018572079245972893,9.542175262423669,NOC__2025-10-21,311,2,1,0,NOC__2025-10-21,NOC,NOC,2025-10-21,2025-10-21T12:30:00Z,1,exact_ric_plus_event_date,ric_exact,0,TRUE,matched,NA
627658,PM,PM,pm-quarterly-earnings-nongaap-eps-10-21-2025-2pt1,2025-10-21T10:59:00Z,2025-10-21,NA,9,9,1,0.04578611111111089,0.030625,7412.956971,246042320666.94,20,5797728.944444444,0.015135704755145,1,1,26.228769393313875,20,15.572977010015137,0.015022302822953047,8.911119579944172,PM__2025-10-21,312,2,1,0,PM__2025-10-21,PM,PM,2025-10-21,2025-10-21T10:59:00Z,1,exact_ric_plus_event_date,ric_exact,0,TRUE,matched,NA
627659,PHM,PHM,phm-quarterly-earnings-gaap-eps-10-21-2025-3pt03,2025-10-21T10:30:00Z,2025-10-21,NA,9,9,1,0.23767777777777746,0.1024,37860.21061,24257405342.65,16,2071849.8412698412,0.022878084387684,1,1,23.9119877826671,16,14.543952891966134,0.022620305271038615,10.541682400216171,PHM__2025-10-21,313,2,1,0,PHM__2025-10-21,PHM,PHM,2025-10-21,2025-10-21T10:30:00Z,1,exact_ric_plus_event_date,ric_exact,0,TRUE,matched,NA
627660,DGX,DGX,dgx-quarterly-earnings-nongaap-eps-10-21-2025-2pt5,2025-10-21T10:45:00Z,2025-10-21,NA,9,9,1,0.014237138888888555,0.00648025,16135.064381,21081540022.62,20,1016083.3333333334,0.01449753329519,1,1,23.771663614052624,20,13.831466908925163,0.01439344883197404,9.688812069524452,DGX__2025-10-21,314,2,1,0,DGX__2025-10-21,DGX,DGX,2025-10-21,2025-10-21T10:45:00Z,1,exact_ric_plus_event_date,ric_exact,0,TRUE,matched,NA
627663,TXN.N,TXN,txn-quarterly-earnings-gaap-eps-10-21-2025-1pt49,2025-10-21T20:01:01Z,2025-10-21,NA,9,9,1,0.7079222222222218,0.739599999999999,44279.380126,160444652871.6,39,91660.14285714286,0.02252110445383,1,1,25.80121487812334,39,11.425853826424648,0.022271248774462283,10.698296971383739,TXN.N__2025-10-21,315,2,1,0,TXN.N__2025-10-21,TXN.N,TXN,2025-10-21,2025-10-21T20:01:01Z,1,exact_ric_plus_event_date,ric_exact,0,TRUE,matched,NA
627671,MCO,MCO,mco-quarterly-earnings-nongaap-eps-10-22-2025-3pt52,2025-10-22T12:30:00Z,2025-10-22,NA,9,9,1,0.030347222222221776,0.0576,11960.056033,84643664000,27,728916.1732283465,0.013466294835562,1,1,25.161716093344403,27,13.499315387565181,0.013376430151256238,9.389411320680244,MCO__2025-10-22,316,2,1,0,MCO__2025-10-22,MCO,MCO,2025-10-22,2025-10-22T12:30:00Z,1,exact_ric_plus_event_date,ric_exact,0,TRUE,matched,NA
627672,AMP,AMP,amp-quarterly-earnings-nongaap-eps-10-30-2025-9pt68,2025-10-30T11:30:00Z,2025-10-30,NA,9,9,1,0.209161111111111,0.180625,65435.826552,45016534177.02,16,470938.421875,0.013291124773824,1,1,24.53029568538827,16,13.062484748750165,0.013203572698776374,11.088840476090976,AMP__2025-10-30,317,2,1,0,AMP__2025-10-30,AMP,AMP,2025-10-30,2025-10-30T11:30:00Z,1,exact_ric_plus_event_date,ric_exact,0,TRUE,matched,NA
627673,T,T,t-quarterly-earnings-nongaap-eps-10-22-2025-0pt54,2025-10-22T10:33:23Z,2025-10-22,NA,9,9,1,0.6025972222222222,0.555025,16216.870468,185544900000,27,33323472.09448819,0.012632959759929,1,1,25.946562738222404,27,17.32177260435933,0.012553829658477761,9.693869028544503,T__2025-10-22,318,2,1,0,T__2025-10-22,T,T,2025-10-22,2025-10-22T10:33:23Z,1,exact_ric_plus_event_date,ric_exact,0,TRUE,matched,NA
627694,CME.N,CME,cme-quarterly-earnings-nongaap-eps-10-22-2025-2pt65,2025-10-22T11:00:00Z,2025-10-22,NA,9,9,1,0.06210277777777722,0.1681,36878.932262,96502874670.14,19,26115.23622047244,0.011653828863835,1,1,25.292838634175535,19,10.170312477313574,0.01158644600715422,10.515422840955177,CME.N__2025-10-22,319,2,1,0,CME.N__2025-10-22,CME.N,CME,2025-10-22,2025-10-22T11:00:00Z,1,exact_ric_plus_event_date,ric_exact,0,TRUE,matched,NA
627695,CHDN.N,CHDN,chdn-quarterly-earnings-gaap-eps-10-22-2025-1,2025-10-22T20:01:00Z,2025-10-22,NA,9,9,1,0.4765388888888889,0.3721,8054.373985,6736493764.62,10,10743.46875,0.022593888814789,1,1,22.630805413548526,10,9.28214636625359,0.02234242752111398,8.994094723459419,CHDN.N__2025-10-22,320,2,1,0,CHDN.N__2025-10-22,CHDN.N,CHDN,2025-10-22,2025-10-22T20:01:00Z,1,exact_ric_plus_event_date,ric_exact,0,TRUE,matched,NA
627698,EVR,EVR,evr-quarterly-earnings-nongaap-eps-10-29-2025-2pt93,2025-10-29T10:45:00Z,2025-10-29,NA,9,9,1,0.017874999999999776,0.012099999999999,27247.416592,13549277587.5,10,516042.8976377953,0.01990254545564,1,1,23.329599068275204,10,13.153947113786666,0.01970707906065126,10.212750691687534,EVR__2025-10-29,321,2,1,0,EVR__2025-10-29,EVR,EVR,2025-10-29,2025-10-29T10:45:00Z,1,exact_ric_plus_event_date,ric_exact,0,TRUE,matched,NA
627735,HLT,HLT,hlt-quarterly-earnings-nongaap-eps-10-22-2025-2pt05,2025-10-22T10:00:00Z,2025-10-22,NA,9,9,1,0.03916111111111067,0.044099999999999,18743.410468,60674875732.64,24,1846792.393700787,0.013724693006637,1,1,24.82879554047523,24,14.428961392448505,0.013631362393974519,9.83865087858209,HLT__2025-10-22,322,2,1,0,HLT__2025-10-22,HLT,HLT,2025-10-22,2025-10-22T10:00:00Z,1,exact_ric_plus_event_date,ric_exact,0,TRUE,matched,NA
627736,IBM,IBM,ibm-quarterly-earnings-nongaap-eps-10-22-2025-2pt44,2025-10-22T20:08:00Z,2025-10-22,NA,9,9,1,0.03582499999999956,0.042024999999999,14891.286792,265137641181.9,22,4631169.212598425,0.016733045583641,1,1,26.3035149287772,22,15.348320139829207,0.01659459055787064,9.60859869293234,IBM__2025-10-22,323,2,1,0,IBM__2025-10-22,IBM,IBM,2025-10-22,2025-10-22T20:08:00Z,1,exact_ric_plus_event_date,ric_exact,0,TRUE,matched,NA
627739,AAL.N,AAL,aal-quarterly-earnings-nongaap-eps-10-23-2025-neg0pt28,2025-10-23T11:00:03Z,2025-10-23,NA,9,9,1,0.11688611111111057,0.16,12291.461271,8152068213.25,23,1530811.25,0.029380284261639,1,1,22.821537500502338,23,14.241309034853376,0.02895695540266463,9.416741448660835,AAL.N__2025-10-23,324,2,1,0,AAL.N__2025-10-23,AAL.N,AAL,2025-10-23,2025-10-23T11:00:03Z,1,exact_ric_plus_event_date,ric_exact,0,TRUE,matched,NA
627748,SAM,SAM,sam-quarterly-earnings-gaap-eps-10-23-2025-3pt61,2025-10-23T20:15:00Z,2025-10-23,NA,9,9,1,0.233722222222222,0.342224999999999,4652.433418,2330665330.56,16,226691.4453125,0.021089834923081,1,1,21.56941961335906,16,12.331349511337343,0.020870522503930556,8.445360595583146,SAM__2025-10-23,325,2,1,0,SAM__2025-10-23,SAM,SAM,2025-10-23,2025-10-23T20:15:00Z,1,exact_ric_plus_event_date,ric_exact,0,TRUE,matched,NA
627749,VZ,VZ,vz-quarterly-earnings-gaap-eps-10-29-2025-1pt17,2025-10-29T10:30:00Z,2025-10-29,NA,9,9,1,0.5067083333333331,0.6320250000000001,32741.897001,165410371933.47,24,19276985.96062992,0.011859836945455,1,1,25.831695325752936,24,16.77442255695837,0.011790060231078271,10.396441332074696,VZ__2025-10-29,326,2,1,0,VZ__2025-10-29,VZ,VZ,2025-10-29,2025-10-29T10:30:00Z,1,exact_ric_plus_event_date,ric_exact,0,TRUE,matched,NA
627752,MMM,MMM,mmm-quarterly-earnings-nongaap-eps-10-21-2025-2pt07,2025-10-21T10:30:25Z,2025-10-21,NA,9,9,1,0.06882777777777734,0.021025,10123.948917,81086191326.72,20,3184014.0317460317,0.016406788614983,1,1,25.118778516329236,20,14.97365354696103,0.01627365151966915,9.222757846727445,MMM__2025-10-21,327,2,1,0,MMM__2025-10-21,MMM,MMM,2025-10-21,2025-10-21T10:30:25Z,1,exact_ric_plus_event_date,ric_exact,0,TRUE,matched,NA
627753,LVS,LVS,lvs-quarterly-earnings-nongaap-eps-10-22-2025-0pt61,2025-10-22T20:05:00Z,2025-10-22,NA,9,9,1,0.1562749999999998,0.133224999999999,3108.927988,34137337826.38,19,5362186.102362204,0.02237982476559,1,1,24.253657573134586,19,15.494882491306182,0.022133071235936032,8.042354849921276,LVS__2025-10-22,328,2,1,0,LVS__2025-10-22,LVS,LVS,2025-10-22,2025-10-22T20:05:00Z,1,exact_ric_plus_event_date,ric_exact,0,TRUE,matched,NA
637819,NTRS.N,NTRS,ntrs-quarterly-earnings-gaap-eps-10-22-2025-2pt24,2025-10-22T11:21:00Z,2025-10-22,NA,9,7,1,0.052064285714285,0.087025,6183.432195,24305364263.88,16,21187.71875,0.016765137355661,1,1,23.913962914530863,16,9.961224184592366,0.016626153676335076,8.729790477055392,NTRS.N__2025-10-22,329,2,1,0,NTRS.N__2025-10-22,NTRS.N,NTRS,2025-10-22,2025-10-22T11:21:00Z,1,exact_ric_plus_event_date,ric_exact,0,TRUE,matched,NA
637843,ORLY.N,ORLY,orly-quarterly-earnings-gaap-eps-10-22-2025-0pt83,2025-10-22T20:30:30Z,2025-10-22,NA,9,7,1,0.256217857142857,0.31360000000000005,4925.434388,85792585175.88,30,64810.6171875,0.012225937228591,1,1,25.175198419844378,30,11.079240143856937,0.012151804077904796,8.502370757496637,ORLY.N__2025-10-22,330,2,1,0,ORLY.N__2025-10-22,ORLY.N,ORLY,2025-10-22,2025-10-22T20:30:30Z,1,exact_ric_plus_event_date,ric_exact,0,TRUE,matched,NA
637846,OTIS.N,OTIS,otis-quarterly-earnings-nongaap-eps-10-29-2025-1,2025-10-29T10:09:41Z,2025-10-29,NA,9,9,1,0.08446944444444422,0.087025,11065.558473,35873344084.55,15,849051.3464566929,0.015557082190545,1,1,24.303260352038937,15,13.651876119996672,0.015437311379793074,9.311683089652535,OTIS.N__2025-10-29,331,4,2,0,OTIS.N__2025-10-29,OTIS.N,OTIS,2025-10-29,2025-10-29T10:09:41Z,1,exact_ric_plus_event_date,ric_exact,0,TRUE,matched,NA
637847,RJF,RJF,rjf-quarterly-earnings-nongaap-eps-10-22-2025-2pt83,2025-10-22T20:36:53Z,2025-10-22,NA,9,7,1,0.16552142857142843,0.1681,4328.296563,32835075000,15,1100583.9375,0.01389170131256,1,1,24.21476314073475,15,13.911352357797263,0.013796096025808023,8.373160351217049,RJF__2025-10-22,332,2,1,0,RJF__2025-10-22,RJF,RJF,2025-10-22,2025-10-22T20:36:53Z,1,exact_ric_plus_event_date,ric_exact,0,TRUE,matched,NA
637848,SEIC.N,SEIC,seic-quarterly-earnings-gaap-eps-10-22-2025-1pt26,2025-10-22T20:01:00Z,2025-10-22,NA,9,7,1,0.06846785714285643,0.093025,5879.68382,10097578142.7,7,16254.671875,0.013201661517902,1,1,23.035561444188435,7,9.696197165319669,0.013115279015635438,8.679428330049195,SEIC.N__2025-10-22,333,2,1,0,SEIC.N__2025-10-22,SEIC.N,SEIC,2025-10-22,2025-10-22T20:01:00Z,1,exact_ric_plus_event_date,ric_exact,0,TRUE,matched,NA
637859,WDFC.N,WDFC,wdfc-quarterly-earnings-gaap-eps-10-22-2025-1pt26,2025-10-22T20:05:00Z,2025-10-22,NA,9,7,1,0.04643571428571371,0.0324,4096.275739,2686357474.3,3,1802.75,0.012816097901835,1,1,21.71145201416672,3,7.497623110088081,0.012734666734297876,8.318077577942631,WDFC.N__2025-10-22,334,2,1,0,WDFC.N__2025-10-22,WDFC.N,WDFC,2025-10-22,2025-10-22T20:05:00Z,1,exact_ric_plus_event_date,ric_exact,0,TRUE,matched,NA
637863,LUV,LUV,luv-quarterly-earnings-nongaap-eps-10-22-2025-neg0pt04,2025-10-22T20:23:03Z,2025-10-22,NA,9,7,1,0.13987499999999972,0.126025,11231.707235,18213509748.12,23,10698229.7578125,0.022671116592158,1,1,23.625429449518084,23,16.185588936023212,0.02241794612354598,9.326585090362371,LUV__2025-10-22,335,2,1,0,LUV__2025-10-22,LUV,LUV,2025-10-22,2025-10-22T20:23:03Z,1,exact_ric_plus_event_date,ric_exact,0,TRUE,matched,NA
637864,AB,AB,ab-quarterly-earnings-nongaap-eps-10-23-2025-0pt85,2025-10-23T10:20:00Z,2025-10-23,NA,9,8,1,0.1306218749999999,0.1369,4326.071692,3646099567.57,7,197355.765625,0.012641353568746,1,1,22.016923821543664,7,12.192768362869721,0.012562118717161619,8.372646308610854,AB__2025-10-23,336,2,1,0,AB__2025-10-23,AB,AB,2025-10-23,2025-10-23T10:20:00Z,1,exact_ric_plus_event_date,ric_exact,0,TRUE,matched,NA
637865,BX,BX,bx-quarterly-earnings-gaap-eps-10-23-2025-1pt23,2025-10-23T12:30:00Z,2025-10-23,NA,9,8,1,0.39379999999999976,0.3844,32735.410703,192971414779.38,22,3767437.484375,0.01950754122209,1,1,25.985807904930535,22,15.141905881380008,0.01931970798597654,10.396243214585411,BX__2025-10-23,337,2,1,0,BX__2025-10-23,BX,BX,2025-10-23,2025-10-23T12:30:00Z,1,exact_ric_plus_event_date,ric_exact,0,TRUE,matched,NA
637868,CBRE.N,CBRE,cbre-quarterly-earnings-gaap-eps-10-23-2025-1pt27,2025-10-23T10:55:00Z,2025-10-23,NA,9,8,1,0.23721874999999987,0.172225,24962.998476,47876761357.36,13,481119.015625,0.015841763873642,1,1,24.591896074524715,13,13.083872030698661,0.015717592808043593,10.125190005006022,CBRE.N__2025-10-23,338,4,2,0,CBRE.N__2025-10-23,CBRE.N,CBRE,2025-10-23,2025-10-23T10:55:00Z,1,exact_ric_plus_event_date,ric_exact,0,TRUE,matched,NA
637869,COUR.N,COUR,cour-quarterly-earnings-nongaap-eps-10-23-2025-0pt08,2025-10-23T20:10:00Z,2025-10-23,NA,9,8,1,0.08995312499999963,0.133224999999999,49939.083025,1756501000,14,856347.5625,0.039505842836696,1,1,21.28658959898397,14,13.660432771423034,0.03874544911465621,10.818579226327376,COUR.N__2025-10-23,339,4,2,0,COUR.N__2025-10-23,COUR.N,COUR,2025-10-23,2025-10-23T20:10:00Z,1,exact_ric_plus_event_date,ric_exact,0,TRUE,matched,NA
637870,DOW,DOW,dow-quarterly-earnings-nongaap-eps-10-23-2025-neg0pt3,2025-10-23T10:00:22Z,2025-10-23,NA,9,8,1,0.2283687499999994,0.30802499999999905,3608.299427,15459190776,22,12880742.9609375,0.030441794744445,1,1,23.46146953565683,22,16.371244037914735,0.029987637215036365,8.19126896795103,DOW__2025-10-23,340,2,1,0,DOW__2025-10-23,DOW,DOW,2025-10-23,2025-10-23T10:00:22Z,1,exact_ric_plus_event_date,ric_exact,0,TRUE,matched,NA
637871,F,F,f-quarterly-earnings-nongaap-eps-10-24-2025-0pt35,2025-10-23T20:05:00Z,2025-10-23,NA,9,8,1,0.11014687499999976,0.08410000000000001,19513.213928,49527317175.38,26,85155289.25,0.016359965465936,1,1,24.62579021643004,26,18.259987091739664,0.016227583126469308,9.878898398403745,F__2025-10-23,341,2,1,0,F__2025-10-23,F,F,2025-10-23,2025-10-23T20:05:00Z,1,exact_ric_plus_event_date,ric_exact,0,TRUE,matched,NA
637874,FCN,FCN,fcn-quarterly-earnings-gaap-eps-10-23-2025-1pt87,2025-10-23T11:30:51Z,2025-10-23,NA,9,8,1,0.14160312499999964,0.25,5149.514637,4731757727.5,3,376706.671875,0.012499523956798,1,1,22.27756258299868,3,12.839224759480182,0.012422049832321194,8.546851918179724,FCN__2025-10-23,342,2,1,0,FCN__2025-10-23,FCN,FCN,2025-10-23,2025-10-23T11:30:51Z,1,exact_ric_plus_event_date,ric_exact,0,TRUE,matched,NA
637875,HOG,HOG,hog-quarterly-earnings-gaap-eps-11-4-2025-1pt7,2025-11-04T12:00:06Z,2025-11-04,NA,9,9,1,0.5271555555555555,0.525625,39369.678507,3187467463.74,16,1791138.9206349207,0.025909029269867,1,1,21.88249253992474,16,14.398362802298909,0.025579077388586748,10.580776617901545,HOG__2025-11-04,343,2,1,0,HOG__2025-11-04,HOG,HOG,2025-11-04,2025-11-04T12:00:06Z,1,exact_ric_plus_event_date,ric_exact,0,TRUE,matched,NA
637876,HAS.N,HAS,has-quarterly-earnings-nongaap-eps-10-23-2025-1pt63,2025-10-23T12:30:00Z,2025-10-23,NA,9,8,1,0.06557187499999938,0.099224999999999,11557.641372,10493600968.2,14,25502.8671875,0.019564114068569,1,1,23.07403147673097,14,10.146585374059914,0.019375196812322325,9.355188606945665,HAS.N__2025-10-23,344,2,1,0,HAS.N__2025-10-23,HAS.N,HAS,2025-10-23,2025-10-23T12:30:00Z,1,exact_ric_plus_event_date,ric_exact,0,TRUE,matched,NA
637877,HON.N,HON,hon-quarterly-earnings-nongaap-eps-10-23-2025-2pt57,2025-10-23T10:00:01Z,2025-10-23,NA,9,8,1,0.04369374999999988,0.030625,9806.787639,132742217448.64,26,44092.7421875,0.013026006937293,1,1,25.61167486972761,26,10.694073150855903,0.012941898122872336,9.190932006126744,HON.N__2025-10-23,345,2,1,0,HON.N__2025-10-23,HON.N,HON,2025-10-23,2025-10-23T10:00:01Z,1,exact_ric_plus_event_date,ric_exact,0,TRUE,matched,NA
637878,INTC.N,INTC,intc-quarterly-earnings-nongaap-eps-10-23-2025-0,2025-10-23T20:01:00Z,2025-10-23,NA,9,8,1,0.08751562499999951,0.044099999999999,19629.633897,181679920000,43,1241140.234375,0.035896697599541,1,1,25.925512294408964,43,14.03154186462098,0.0352674261238896,9.884846579005872,INTC.N__2025-10-23,346,2,1,0,INTC.N__2025-10-23,INTC.N,INTC,2025-10-23,2025-10-23T20:01:00Z,1,exact_ric_plus_event_date,ric_exact,0,TRUE,matched,NA
637879,PCG,PCG,pcg-quarterly-earnings-nongaap-eps-10-23-2025-0pt41,2025-10-23T10:00:00Z,2025-10-23,NA,9,8,1,0.17939062499999964,0.19359999999999905,7815.204372,36814999618.75,17,24153481.078125,0.01923897062756,1,1,24.32917119741126,17,16.999939113098744,0.019056241591775432,8.96395434128251,PCG__2025-10-23,347,2,1,0,PCG__2025-10-23,PCG,PCG,2025-10-23,2025-10-23T10:00:00Z,1,exact_ric_plus_event_date,ric_exact,0,TRUE,matched,NA
637880,STBA.N,STBA,stba-quarterly-earnings-gaap-eps-10-23-2025-0pt86,2025-10-23T11:30:00Z,2025-10-23,NA,9,8,1,0.1170968749999995,0.07562500000000001,2942.226548,1373331405,6,2932.1171875,0.014906503595508,1,1,21.040505307512536,6,7.98382102300369,0.014796493566704006,7.987261723864045,STBA.N__2025-10-23,348,2,1,0,STBA.N__2025-10-23,STBA.N,STBA,2025-10-23,2025-10-23T11:30:00Z,1,exact_ric_plus_event_date,ric_exact,0,TRUE,matched,NA
637883,SSNC.N,SSNC,ssnc-quarterly-earnings-nongaap-eps-10-23-2025-1pt47,2025-10-23T20:05:00Z,2025-10-23,NA,9,8,1,0.06167812499999976,0.052899999999999,17599.083556,20148202882.5,11,15059.9609375,0.01267034725166,1,1,23.726380934389002,11,9.619861306589204,0.012590750046259492,9.775658928514973,SSNC.N__2025-10-23,349,2,1,0,SSNC.N__2025-10-23,SSNC.N,SSNC,2025-10-23,2025-10-23T20:05:00Z,1,exact_ric_plus_event_date,ric_exact,0,TRUE,matched,NA
637884,TMUS.N,TMUS,tmus-quarterly-earnings-gaap-eps-10-23-2025-2pt4,2025-10-23T12:30:00Z,2025-10-23,NA,9,8,1,0.05336562499999975,0.039999999999999,22591.915618,256227497884.08,28,70375.40625,0.017166582066744,1,1,26.269331550407934,28,11.16161334748036,0.01702090116216508,10.025391667888853,TMUS.N__2025-10-23,350,2,1,0,TMUS.N__2025-10-23,TMUS.N,TMUS,2025-10-23,2025-10-23T12:30:00Z,1,exact_ric_plus_event_date,ric_exact,0,TRUE,matched,NA
637885,TSCO.N,TSCO,tsco-quarterly-earnings-gaap-eps-10-23-2025-0pt48,2025-10-23T10:55:00Z,2025-10-23,NA,9,8,1,0.13900312499999976,0.15602500000000002,3591.96574,29057250011.27,32,80036.140625,0.014715334246804,1,1,24.09253385920225,32,11.290246063734203,0.014608114287662975,8.18673325186071,TSCO.N__2025-10-23,351,2,1,0,TSCO.N__2025-10-23,TSCO.N,TSCO,2025-10-23,2025-10-23T10:55:00Z,1,exact_ric_plus_event_date,ric_exact,0,TRUE,matched,NA
637886,UNP,UNP,unp-quarterly-earnings-gaap-eps-10-23-2025-2pt98,2025-10-23T11:45:00Z,2025-10-23,NA,9,8,1,0.1157562499999995,0.17222500000000002,8786.672867,134374667794.06,28,3900107.25,0.012525071735865,1,1,25.623897763595032,28,15.17651486712493,0.012447281900240463,9.081105207845772,UNP__2025-10-23,352,2,1,0,UNP__2025-10-23,UNP,UNP,2025-10-23,2025-10-23T11:45:00Z,1,exact_ric_plus_event_date,ric_exact,0,TRUE,matched,NA
642123,PG,PG,pg-quarterly-earnings-nongaap-eps-10-24-2025-1pt9,2025-10-24T11:00:00Z,2025-10-24,NA,9,5,1,0.0921749999999996,0.105624999999999,16195.371783,355650846157.8,24,7779965.4921875,0.01002867745836,1,1,26.597215317309946,24,15.867062589228526,0.009978723973208349,9.692542532124445,PG__2025-10-24,353,2,1,0,PG__2025-10-24,PG,PG,2025-10-24,2025-10-24T11:00:00Z,1,exact_ric_plus_event_date,ric_exact,0,TRUE,matched,NA
642124,TDOC.N,TDOC,tdoc-quarterly-earnings-gaap-eps-10-29-2025-neg0pt26,2025-10-29T20:05:04Z,2025-10-29,NA,9,9,1,0.26606388888888866,0.27040000000000003,12325.717658,1482642990.4,26,1519518.90625,0.037330656095091,1,1,21.117092136394046,26,14.233904991779662,0.03665073675950994,9.41952435293292,TDOC.N__2025-10-29,354,6,2,0,TDOC.N__2025-10-29,TDOC.N,TDOC,2025-10-29,2025-10-29T20:05:04Z,1,exact_ric_plus_event_date,ric_exact,0,TRUE,matched,NA
642125,PIPR.N,PIPR,pipr-quarterly-earnings-nongaap-eps-10-28-2025-3pt27,2025-10-31T12:30:00Z,2025-10-31,NA,9,9,1,0.062388888888888334,0.105624999999999,12129.688746,5773176876.92,4,46760.953125,0.019226813861267,1,1,22.476488351204736,4,10.75282518385399,0.019044314223275408,9.403493780705377,PIPR.N__2025-10-31,355,4,2,0,PIPR.N__2025-10-31,PIPR.N,PIPR,2025-10-31,2025-10-31T12:30:00Z,1,exact_ric_plus_event_date,ric_exact,0,TRUE,matched,NA
642128,RCL,RCL,rcl-quarterly-earnings-nongaap-eps-10-28-2025-5pt68,2025-10-28T10:32:00Z,2025-10-28,NA,9,9,1,0.06917222222222166,0.133224999999999,15125.376087,86300019989.4,28,2097520.119047619,0.020135340760652,1,1,25.18109566666265,28,14.55626678594867,0.019935305514282714,9.624195259719203,RCL__2025-10-28,356,2,1,0,RCL__2025-10-28,RCL,RCL,2025-10-28,2025-10-28T10:32:00Z,1,exact_ric_plus_event_date,ric_exact,0,TRUE,matched,NA
642129,GTM.N,GTM,gtm-quarterly-earnings-nongaap-eps-11-03-2025-0pt26,2025-11-03T21:05:00Z,2025-11-03,NA,9,9,1,0.037313888888888445,0.024025,8451.704302,3496068231.48,21,89858.00787401575,0.028851127204896,1,1,21.974904811562975,21,11.405997141766582,0.028442769227627583,9.042241704890351,GTM.N__2025-11-03,357,2,1,0,GTM.N__2025-11-03,GTM.N,GTM,2025-11-03,2025-11-03T21:05:00Z,1,exact_ric_plus_event_date,ric_exact,0,TRUE,matched,NA
642130,GOOGL.N,GOOGL,googl-quarterly-earnings-gaap-eps-10-29-2025-2pt29,2025-10-29T20:00:00Z,2025-10-29,NA,9,9,1,0.07773888888888844,0.038024999999999,140820.696219,3252849710000,69,518290.17322834645,0.017815192080589,1,1,28.81055256192212,69,13.158292473796136,0.01765836145202997,11.855249803299543,GOOGL.N__2025-10-29,358,2,1,0,GOOGL.N__2025-10-29,GOOGL.N,GOOGL,2025-10-29,2025-10-29T20:00:00Z,1,exact_ric_plus_event_date,ric_exact,0,TRUE,matched,NA
642131,AMZN.N,AMZN,amzn-quarterly-earnings-gaap-eps-10-30-2025-1pt56,2025-10-30T20:01:00Z,2025-10-30,NA,9,9,1,0.03370833333333289,0.01822499999999999,63823.611551,2450732020521.75,69,404578.1875,0.017939833188902,1,1,28.527407879744597,69,12.910602762699192,0.017780813423825783,11.063894155933703,AMZN.N__2025-10-30,359,2,1,0,AMZN.N__2025-10-30,AMZN.N,AMZN,2025-10-30,2025-10-30T20:01:00Z,1,exact_ric_plus_event_date,ric_exact,0,TRUE,matched,NA
642132,GD,GD,gd-quarterly-earnings-gaap-eps-10-24-2025-3pt71,2025-10-24T11:00:00Z,2025-10-24,NA,9,5,1,0.1144999999999996,0.189225,7345.268374,91365538302.08,23,1120713.9765625,0.010855899862994,1,1,25.23813420166124,23,13.929477411529394,0.010797397597738321,8.90194775906377,GD__2025-10-24,360,2,1,0,GD__2025-10-24,GD,GD,2025-10-24,2025-10-24T11:00:00Z,1,exact_ric_plus_event_date,ric_exact,0,TRUE,matched,NA
642133,IMAX.N,IMAX,imax-quarterly-earnings-nongaap-eps-10-23-2025-0pt39,2025-10-23T11:30:00Z,2025-10-23,NA,9,4,1,0.12166874999999974,0.119024999999999,6826.753997,1724255834.7,11,295625.96875,0.017839063135424,1,1,21.268061394175994,11,12.59685369782561,0.017681814408026724,8.828751054706412,IMAX.N__2025-10-23,361,4,2,0,IMAX.N__2025-10-23,IMAX.N,IMAX,2025-10-23,2025-10-23T11:30:00Z,1,exact_ric_plus_event_date,ric_exact,0,TRUE,matched,NA
642134,ARCC.N,ARCC,arcc-quarterly-earnings-nongaap-eps-10-28-2025-0pt5,2025-10-28T11:00:01Z,2025-10-28,NA,9,9,1,0.12668333333333334,0.1296,12997.949186,14371790128,14,96826.11904761904,0.011152093930069,1,1,23.388533103252207,14,11.480682389479067,0.011090367823477082,9.47262380133045,ARCC.N__2025-10-28,362,2,1,0,ARCC.N__2025-10-28,ARCC.N,ARCC,2025-10-28,2025-10-28T11:00:01Z,1,exact_ric_plus_event_date,ric_exact,0,TRUE,matched,NA
642137,BBBY.N,BBBY,bbby-quarterly-earnings-nongaap-eps-10-27-2025-neg0pt31,2025-10-27T20:01:00Z,2025-10-27,NA,9,8,1,0.21696562499999952,0.189225,36386.406622,590006577.75,7,607730.5275590551,0.058079941915804,1,1,20.195644243530705,7,13.31748849691439,0.05645589004836838,10.501978021839662,BBBY.N__2025-10-27,363,4,2,0,BBBY.N__2025-10-27,BBBY.N,BBBY,2025-10-27,2025-10-27T20:01:00Z,1,exact_ric_plus_event_date,ric_exact,0,TRUE,matched,NA
642138,BGC.N,BGC,bgc-quarterly-earnings-nongaap-eps-11-06-2025-0pt28,2025-11-06T13:00:01Z,2025-11-06,NA,9,9,1,0.3071666666666665,0.5625,18429.708293,4378338179.16,2,61383.0390625,0.017557432777191,1,1,22.19993507818946,2,11.024905130220194,0.01740508173152281,9.821773481450085,BGC.N__2025-11-06,364,2,1,0,BGC.N__2025-11-06,BGC.N,BGC,2025-11-06,2025-11-06T13:00:01Z,1,exact_ric_plus_event_date,ric_exact,0,TRUE,matched,NA
642139,BKNG.N,BKNG,bkng-quarterly-earnings-nongaap-eps-10-28-2025-95pt61,2025-10-28T20:00:00Z,2025-10-28,NA,9,9,1,0.06940833333333289,0.07562500000000001,10947.369477,165880369400.4,37,2773.5,0.016101008031745,1,1,25.83453269923554,37,7.928225829765956,0.015972761568792244,9.300945817946971,BKNG.N__2025-10-28,365,2,1,0,BKNG.N__2025-10-28,BKNG.N,BKNG,2025-10-28,2025-10-28T20:00:00Z,1,exact_ric_plus_event_date,ric_exact,0,TRUE,matched,NA
643016,CSGP.N,CSGP,csgp-quarterly-earnings-gaap-eps-10-28-2025-0pt01,2025-10-28T20:02:00Z,2025-10-28,NA,9,8,1,0.3217624999999999,0.2025,21840.954153,32998126696.18,20,38226.54761904762,0.018510260320377,1,1,24.21971663001917,20,10.551311676556702,0.018341030586241727,9.991587901726078,CSGP.N__2025-10-28,366,2,1,0,CSGP.N__2025-10-28,CSGP.N,CSGP,2025-10-28,2025-10-28T20:02:00Z,1,exact_ric_plus_event_date,ric_exact,0,TRUE,matched,NA
643017,EA.N,EA,ea-quarterly-earnings-gaap-eps-10-28-2025-0pt35,2025-10-28T20:05:00Z,2025-10-28,NA,9,8,1,0.049465624999999624,0.034225,34490.077012,50078225260.88,28,42991.25396825397,0.019301355389233,1,1,24.63685212502884,28,10.668775238175328,0.01911744691687623,10.448455932233715,EA.N__2025-10-28,367,2,1,0,EA.N__2025-10-28,EA.N,EA,2025-10-28,2025-10-28T20:05:00Z,1,exact_ric_plus_event_date,ric_exact,0,TRUE,matched,NA
643018,IART.N,IART,iart-quarterly-earnings-nongaap-eps-11-03-2025-0pt43,2025-10-30T10:00:02Z,2025-10-30,NA,9,9,1,0.09171944444444367,0.0729,4075.731249,1201875272.73,12,15504.359375,0.041431450360902,1,1,20.90714890122773,12,9.648941009273038,0.04059616136833429,8.31305078183366,IART.N__2025-10-30,368,2,1,0,IART.N__2025-10-30,IART.N,IART,2025-10-30,2025-10-30T10:00:02Z,1,exact_ric_plus_event_date,ric_exact,0,TRUE,matched,NA
643019,IVZ,IVZ,ivz-quarterly-earnings-nongaap-eps-10-28-2025-0pt44,2025-10-28T10:55:00Z,2025-10-28,NA,9,8,1,0.1045562499999995,0.093025,4074.578142,10237136700,14,5331111.214285715,0.020827489413701,1,1,23.049287798316428,14,15.489070444971041,0.02061356253038341,8.312767890949033,IVZ__2025-10-28,369,2,1,0,IVZ__2025-10-28,IVZ,IVZ,2025-10-28,2025-10-28T10:55:00Z,1,exact_ric_plus_event_date,ric_exact,0,TRUE,matched,NA
643022,JBLU.N,JBLU,jblu-quarterly-earnings-nongaap-eps-10-28-2025-neg0pt42,2025-10-28T11:00:01Z,2025-10-28,NA,9,8,1,0.053546874999999626,0.027225,12029.149486,1662157990.4,16,342815.59523809527,0.03356680963481,1,1,21.231382589270858,16,12.744950875380248,0.03301574210918767,9.395171234992935,JBLU.N__2025-10-28,370,2,1,0,JBLU.N__2025-10-28,JBLU.N,JBLU,2025-10-28,2025-10-28T11:00:01Z,1,exact_ric_plus_event_date,ric_exact,0,TRUE,matched,NA
643023,LH,LH,lh-quarterly-earnings-nongaap-eps-10-28-2025-4pt14,2025-10-28T10:50:00Z,2025-10-28,NA,9,8,1,0.03570312499999962,0.0289,7275.324406,23197670000,22,653131.7142857143,0.013881939366242,1,1,23.86731767954066,22,13.389535625412108,0.013786467785138314,8.892381124405505,LH__2025-10-28,371,2,1,0,LH__2025-10-28,LH,LH,2025-10-28,2025-10-28T10:50:00Z,1,exact_ric_plus_event_date,ric_exact,0,TRUE,matched,NA
643033,MSCI.N,MSCI,msci-quarterly-earnings-nongaap-eps-10-28-2025-4pt37,2025-10-28T10:45:00Z,2025-10-28,NA,9,8,1,0.04057499999999975,0.015625,11037.709062,40747420604.31,20,162789.88888888888,0.015676671289257,1,1,24.430658376576133,20,12.00022176592851,0.015555061588153193,9.30916338020406,MSCI.N__2025-10-28,372,4,2,0,MSCI.N__2025-10-28,MSCI.N,MSCI,2025-10-28,2025-10-28T10:45:00Z,1,exact_ric_plus_event_date,ric_exact,0,TRUE,matched,NA
643036,PYPL.N,PYPL,pypl-quarterly-earnings-nongaap-eps-10-28-2025-1pt21,2025-10-28T11:01:22Z,2025-10-28,NA,9,8,1,0.0450531249999995,0.034225,32025.079283,65280436760.81,43,253763.38095238095,0.02104158181074,1,1,24.901958238156013,43,12.444161481436204,0.020823264906349344,10.374305827461697,PYPL.N__2025-10-28,373,2,1,0,PYPL.N__2025-10-28,PYPL.N,PYPL,2025-10-28,2025-10-28T11:01:22Z,1,exact_ric_plus_event_date,ric_exact,0,TRUE,matched,NA
643037,SSTK.N,SSTK,sstk-quarterly-earnings-nongaap-eps-11-04-2025-1pt15,2025-11-05T12:30:00Z,2025-11-05,NA,9,9,1,0.35108055555555534,0.7482249999999999,7956.232878,803308945.92,4,82388.86614173229,0.033277735967299,1,1,20.504249937544124,4,11.319217724617605,0.03273601747289511,8.981836590009713,SSTK.N__2025-11-05,374,4,2,0,SSTK.N__2025-11-05,SSTK.N,SSTK,2025-11-05,2025-11-05T12:30:00Z,1,exact_ric_plus_event_date,ric_exact,0,TRUE,matched,NA
643038,SOFI.N,SOFI,sofi-quarterly-earnings-gaap-eps-10-28-2025-0pt08,2025-10-28T11:00:01Z,2025-10-28,NA,9,8,1,0.026879593749999625,0.017161,72258.901883,34944565691.55,25,1171980.634920635,0.031181577957643,1,1,24.27702880545516,25,13.974206579133382,0.030705307818450777,11.188024646867884,SOFI.N__2025-10-28,375,2,1,0,SOFI.N__2025-10-28,SOFI.N,SOFI,2025-10-28,2025-10-28T11:00:01Z,1,exact_ric_plus_event_date,ric_exact,0,TRUE,matched,NA
643045,SBUX.N,SBUX,sbux-quarterly-earnings-gaap-eps-10-29-2025-0pt51,2025-10-29T20:05:00Z,2025-10-29,NA,9,9,1,0.13924722222222222,0.099225,24103.566097,97125367000,39,127401.6875,0.018646690312589,1,1,25.299268424262863,39,11.755108116874156,0.018474972148646702,10.090156566138404,SBUX.N__2025-10-29,376,2,1,0,SBUX.N__2025-10-29,SBUX.N,SBUX,2025-10-29,2025-10-29T20:05:00Z,1,exact_ric_plus_event_date,ric_exact,0,TRUE,matched,NA
643046,SYY,SYY,syy-quarterly-earnings-nongaap-eps-10-28-2025-1pt12,2025-10-28T12:03:00Z,2025-10-28,NA,9,8,1,0.21915312499999975,0.180625,41004.601021,37039902681.6,20,2948117.5,0.011197957288612,1,1,24.33526161933433,20,14.896677728227052,0.011135724321995452,10.621463946624404,SYY__2025-10-28,377,2,1,0,SYY__2025-10-28,SYY,SYY,2025-10-28,2025-10-28T12:03:00Z,1,exact_ric_plus_event_date,ric_exact,0,TRUE,matched,NA
643047,UBER.N,UBER,uber-quarterly-earnings-gaap-eps-11-04-2025-0pt69,2025-11-04T11:55:00Z,2025-11-04,NA,9,9,1,0.038144444444444,0.044099999999999,32246.558102,200510631766.5,54,3541830.73015873,0.019217868585818,1,1,26.024133108554025,54,15.080154589183076,0.01903553765403506,10.381197601589742,UBER.N__2025-11-04,378,4,2,0,UBER.N__2025-11-04,UBER.N,UBER,2025-11-04,2025-11-04T11:55:00Z,1,exact_ric_plus_event_date,ric_exact,0,TRUE,matched,NA
643048,UPS,UPS,ups-quarterly-earnings-nongaap-eps-10-28-2025-1pt31,2025-10-28T10:00:00Z,2025-10-28,NA,9,8,1,0.09975624999999963,0.060024999999999,14144.458263,73996191944.78,31,6933803.095238095,0.017371049055784,1,1,25.027279468620783,31,15.751919152050096,0.017221897188584655,9.557148880736506,UPS__2025-10-28,379,2,1,0,UPS__2025-10-28,UPS,UPS,2025-10-28,2025-10-28T10:00:00Z,1,exact_ric_plus_event_date,ric_exact,0,TRUE,matched,NA
643051,UNH,UNH,unh-quarterly-earnings-nongaap-eps-10-28-2025-2pt84,2025-10-28T09:55:00Z,2025-10-28,NA,9,8,1,0.1806968749999995,0.0625,21086.957054,328366499750,29,16564372.126984129,0.032541707687999,1,1,26.517396198815778,29,16.62276474977544,0.03202343989240542,9.956457400786503,UNH__2025-10-28,380,2,1,0,UNH__2025-10-28,UNH,UNH,2025-10-28,2025-10-28T09:55:00Z,1,exact_ric_plus_event_date,ric_exact,0,TRUE,matched,NA
643053,PAG,PAG,pag-quarterly-earnings-gaap-eps-10-29-2025-3pt38,2025-10-29T10:57:00Z,2025-10-29,NA,9,9,1,0.5468527777777773,0.540225,11507.631941,10937129730.64,10,236695.38582677164,0.015870694795651,1,1,23.115429234858482,10,12.374533526381581,0.015746072154997938,9.350852636354588,PAG__2025-10-29,381,2,1,0,PAG__2025-10-29,PAG,PAG,2025-10-29,2025-10-29T10:57:00Z,1,exact_ric_plus_event_date,ric_exact,0,TRUE,matched,NA
643054,MSFT.N,MSFT,msft-quarterly-earnings-gaap-eps-10-29-2025-3pt66,2025-10-29T20:00:00Z,2025-10-29,NA,9,9,1,0.029325888888888332,0.0225,46480.381425,3950457371185.6,59,211188.61417322836,0.011647014084109,1,1,29.004852478311985,59,12.260511654288944,0.011579709708150759,10.746807111931814,MSFT.N__2025-10-29,382,2,1,0,MSFT.N__2025-10-29,MSFT.N,MSFT,2025-10-29,2025-10-29T20:00:00Z,1,exact_ric_plus_event_date,ric_exact,0,TRUE,matched,NA
647504,ALL,ALL,all-quarterly-earnings-nongaap-eps-11-05-2025-7pt51,2025-11-05T21:15:00Z,2025-11-05,NA,9,9,1,0.02316227777777689,0.034225,6233.179494,51095970304.08,24,1441968.5703125,0.014988312815725,1,1,24.656971472026573,24,14.181520494185856,0.014877097960192659,8.737802252662219,ALL__2025-11-05,383,8,1,0,ALL__2025-11-05,ALL,ALL,2025-11-05,2025-11-05T21:15:00Z,1,exact_ric_plus_event_date,ric_exact,0,TRUE,matched,NA
647505,BA,BA,ba-quarterly-earnings-nongaap-eps-10-29-2025-neg2pt38,2025-10-29T11:30:24Z,2025-10-29,NA,9,7,1,0.16218571428571402,0.15602500000000002,28547.065392,169501289364,26,7716959.102362204,0.016236457627794,1,1,25.856126370605242,26,15.858931075329473,0.01610605596358469,10.259344450686624,BA__2025-10-29,384,2,1,0,BA__2025-10-29,BA,BA,2025-10-29,2025-10-29T11:30:24Z,1,exact_ric_plus_event_date,ric_exact,0,TRUE,matched,NA
647508,CVNA.N,CVNA,cvna-quarterly-earnings-gaap-eps-10-29-2025-1pt27,2025-10-29T20:05:00Z,2025-10-29,NA,9,7,1,0.744367857142857,0.739599999999999,19249.326449,78793952900.8,24,625362.5546875,0.032697211422283,1,1,25.09010209102803,24,13.346088447103943,0.03217403141296892,9.86528329796175,CVNA.N__2025-10-29,385,4,2,0,CVNA.N__2025-10-29,CVNA.N,CVNA,2025-10-29,2025-10-29T20:05:00Z,1,exact_ric_plus_event_date,ric_exact,0,TRUE,matched,NA
647509,CAT,CAT,cat-quarterly-earnings-nongaap-eps-10-29-2025-4pt52,2025-10-29T10:30:00Z,2025-10-29,NA,9,7,1,0.21704999999999985,0.265225,11657.563042,246658005663.72,28,2788414.850393701,0.014641409092976,1,1,26.231268621685963,28,14.840984196982793,0.01453525853758028,9.363796214059597,CAT__2025-10-29,386,2,1,0,CAT__2025-10-29,CAT,CAT,2025-10-29,2025-10-29T10:30:00Z,1,exact_ric_plus_event_date,ric_exact,0,TRUE,matched,NA
647510,CMG,CMG,cmg-quarterly-earnings-nongaap-eps-10-29-2025-0pt29,2025-10-29T20:10:28Z,2025-10-29,NA,9,7,1,0.5620178571428569,0.585225,9571.44121,53234912280,37,16294468.6171875,0.020964322756087,1,1,24.697980263923515,37,16.606336320916924,0.020747595140148296,9.166643541781271,CMG__2025-10-29,387,2,1,0,CMG__2025-10-29,CMG,CMG,2025-10-29,2025-10-29T20:10:28Z,1,exact_ric_plus_event_date,ric_exact,0,TRUE,matched,NA
647803,CFLT.N,CFLT,cflt-quarterly-earnings-nongaap-eps-10-27-2025-0pt1,2025-10-27T20:03:00Z,2025-10-27,NA,9,5,1,0.044944999999999596,0.024025,6935.72498,7975954892.4,33,167948.29133858267,0.04740689124251601,1,1,22.799697214173708,33,12.031417375553017,0.046317482221514585,8.844585037219556,CFLT.N__2025-10-27,388,2,1,0,CFLT.N__2025-10-27,CFLT.N,NA,2025-10-27,2025-10-27T20:03:00Z,1,exact_ric_plus_event_date,ric_exact,0,TRUE,matched,NA
647808,CVS,CVS,cvs-quarterly-earnings-nongaap-eps-10-29-2025-1pt36,2025-10-29T10:30:01Z,2025-10-29,NA,9,6,1,0.035470833333332834,0.034225,7332.744896,104664708388.25,29,8022357.8503937,0.017178767280149,1,1,25.374027824345127,29,15.897743057594317,0.017032880655626265,8.900241564279371,CVS__2025-10-29,389,2,1,0,CVS__2025-10-29,CVS,CVS,2025-10-29,2025-10-29T10:30:01Z,1,exact_ric_plus_event_date,ric_exact,0,TRUE,matched,NA
647811,EBAY.N,EBAY,ebay-quarterly-earnings-nongaap-eps-10-29-2025-1pt33,2025-10-29T20:05:00Z,2025-10-29,NA,9,7,1,0.026860714285713856,0.050624999999999,17348.780978,44300520000,33,112856.0157480315,0.020885844383941,1,1,24.514262252077593,33,11.63387694910399,0.020670725276288927,9.761335161548928,EBAY.N__2025-10-29,390,2,1,0,EBAY.N__2025-10-29,EBAY.N,EBAY,2025-10-29,2025-10-29T20:05:00Z,1,exact_ric_plus_event_date,ric_exact,0,TRUE,matched,NA
647815,ETSY.N,ETSY,etsy-quarterly-earnings-gaap-eps-10-29-2025-0pt52,2025-10-29T11:00:03Z,2025-10-29,NA,9,6,1,0.41374583333333337,0.4290250000000001,10701.599469,7458225964.48,33,1886464,0.034660242647429,1,1,22.732583416511687,33,14.4502152653387,0.034073104852108356,9.278241931972643,ETSY.N__2025-10-29,391,4,2,0,ETSY.N__2025-10-29,ETSY.N,ETSY,2025-10-29,2025-10-29T11:00:03Z,1,exact_ric_plus_event_date,ric_exact,0,TRUE,matched,NA
647816,GRMN.N,GRMN,grmn-quarterly-earnings-nongaap-eps-10-29-2025-1pt98,2025-10-29T11:00:02Z,2025-10-29,NA,9,6,1,0.03344583333333317,0.038024999999999,6587.383438,48356816924.52,8,273548.6692913386,0.016738372207106,1,1,24.60187304010739,8,12.51923849053982,0.016599829503860648,8.793063292093207,GRMN.N__2025-10-29,392,4,2,0,GRMN.N__2025-10-29,GRMN.N,GRMN,2025-10-29,2025-10-29T11:00:02Z,1,exact_ric_plus_event_date,ric_exact,0,TRUE,matched,NA
647818,KHC.N,KHC,khc-quarterly-earnings-nongaap-eps-10-29-2025-0pt58,2025-10-29T11:00:00Z,2025-10-29,NA,9,6,1,0.039095833333333,0.0289,4563.47383,30289746266.61,21,310139.3937007874,0.015439668441612,1,1,24.134075085146577,21,12.644780356846583,0.015321689580765326,8.42605852461155,KHC.N__2025-10-29,393,2,1,0,KHC.N__2025-10-29,KHC.N,KHC,2025-10-29,2025-10-29T11:00:00Z,1,exact_ric_plus_event_date,ric_exact,0,TRUE,matched,NA
647819,META.N,META,meta-quarterly-earnings-gaap-eps-10-29-2025-6pt72,2025-10-29T20:05:00Z,2025-10-29,NA,9,7,1,0.7574892857142856,0.819025,39904.21982,1894025257489.68,71,133304.7734375,0.019101207401273,1,1,28.269725446131332,71,11.800400816838032,0.018921069623934434,10.594262416877822,META.N__2025-10-29,394,2,1,0,META.N__2025-10-29,META.N,META,2025-10-29,2025-10-29T20:05:00Z,1,exact_ric_plus_event_date,ric_exact,0,TRUE,matched,NA
647822,MGM,MGM,mgm-quarterly-earnings-nongaap-eps-10-29-2025-0pt3,2025-10-29T20:15:00Z,2025-10-29,NA,9,7,1,0.6902142857142853,0.680624999999999,7358.979187,9001096940.4,21,4790296.299212598,0.021582838093041,1,1,22.920612289122257,21,15.382103034102505,0.021353226547554602,8.903812383865663,MGM__2025-10-29,395,3,1,0,MGM__2025-10-29,MGM,MGM,2025-10-29,2025-10-29T20:15:00Z,1,exact_ric_plus_event_date,ric_exact,0,TRUE,matched,NA
647823,OTLY.N,OTLY,otly-quarterly-earnings-gaap-eps-10-29-2025-neg0pt87,2025-10-29T11:00:02Z,2025-10-29,NA,9,6,1,0.4534874999999998,0.4096,23241.004588,474969781.57,7,991.7637795275592,0.040159441432169,1,1,19.978761742227853,7,6.9004927500737425,0.03937401047204016,10.053716463184056,OTLY.N__2025-10-29,396,2,1,0,OTLY.N__2025-10-29,OTLY.N,OTLY,2025-10-29,2025-10-29T11:00:02Z,1,exact_ric_plus_event_date,ric_exact,0,TRUE,matched,NA
647847,PSKY.N,PSKY,psky-quarterly-earnings-gaap-eps-11-10-2025-0pt35,2025-11-10T21:00:00Z,2025-11-10,NA,9,9,1,0.097994444444444,0.1089,59438.663822,16830921399.25,26,220190.58267716537,0.042436977079968,1,1,23.546483591080722,26,12.302253276732486,0.04156121922310603,10.992717023621946,PSKY.N__2025-11-10,397,2,1,0,PSKY.N__2025-11-10,PSKY.N,PSKY,2025-11-10,2025-11-10T21:00:00Z,1,exact_ric_plus_event_date,ric_exact,0,TRUE,matched,NA
647852,BUD,BUD,bud-quarterly-earnings-nongaap-eps-10-30-2025-0pt95,2025-10-30T06:00:00Z,2025-10-30,NA,9,7,1,0.051396428571428426,0.01822499999999999,18649.109021,110441058957.408,13,2239659.5,0.017205062212962,1,1,25.4277478124938,13,14.621834849844467,0.017058731168625097,9.833607270684903,BUD__2025-10-30,398,4,2,0,BUD__2025-10-30,BUD,BUD,2025-10-30,2025-10-30T06:00:00Z,1,exact_ric_plus_event_date,ric_exact,0,TRUE,matched,NA
647853,AAPL.N,AAPL,aapl-quarterly-earnings-gaap-eps-10-30-2025-1pt76,2025-10-30T20:30:00Z,2025-10-30,NA,9,8,1,0.022734374999999623,0.01822499999999999,90394.750561,3974838957000,48,439635.640625,0.015778234331396,1,1,29.011005349251867,48,12.993703847958574,0.015655052035337243,11.411952538206817,AAPL.N__2025-10-30,399,2,1,0,AAPL.N__2025-10-30,AAPL.N,AAPL,2025-10-30,2025-10-30T20:30:00Z,1,exact_ric_plus_event_date,ric_exact,0,TRUE,matched,NA
647860,CLX,CLX,clx-quarterly-earnings-nongaap-eps-11-03-2025-0pt79,2025-11-03T21:15:00Z,2025-11-03,NA,9,9,1,0.028588888888888667,0.0196,12625.799229,13717913422.34,20,1821639.393700787,0.01336009969078,1,1,23.341968364758547,20,14.41524796833253,0.013271640569705525,9.44357675717764,CLX__2025-11-03,400,2,1,0,CLX__2025-11-03,CLX,CLX,2025-11-03,2025-11-03T21:15:00Z,1,exact_ric_plus_event_date,ric_exact,0,TRUE,matched,NA
647869,COIN.N,COIN,coin-quarterly-earnings-gaap-eps-11-03-2025-1pt18,2025-10-30T20:11:00Z,2025-10-30,NA,9,8,1,0.0669687499999995,0.034225,33988.119127,94000529998.54,34,133882.84375,0.044360228567455,1,1,25.26656625748286,34,11.804727865325436,0.04340447646613694,10.433795726702684,COIN.N__2025-10-30,401,2,1,0,COIN.N__2025-10-30,COIN.N,COIN,2025-10-30,2025-10-30T20:11:00Z,1,exact_ric_plus_event_date,ric_exact,0,TRUE,matched,NA
647871,LLY,LLY,lly-quarterly-earnings-nongaap-eps-10-30-2025-5pt92,2025-10-30T10:45:00Z,2025-10-30,NA,9,7,1,0.046971428571428,0.034225,14055.315693,775309219115.7,30,4150335.3046875,0.026852711662545,1,1,27.376527779130807,30,15.238699926197635,0.026498504558665977,9.550827089276073,LLY__2025-10-30,402,2,1,0,LLY__2025-10-30,LLY,LLY,2025-10-30,2025-10-30T10:45:00Z,1,exact_ric_plus_event_date,ric_exact,0,TRUE,matched,NA
647888,EL,EL,el-quarterly-earnings-nongaap-eps-10-30-2025-0pt17,2025-10-30T10:00:00Z,2025-10-30,NA,9,7,1,0.04697857142857071,0.01822499999999999,14093.487426,35589177302.4,28,3822611.1796875,0.026659984995962,1,1,24.295307420224937,28,15.15644456355879,0.026310800175379265,9.553539037225384,EL__2025-10-30,403,2,1,0,EL__2025-10-30,EL,EL,2025-10-30,2025-10-30T10:00:00Z,1,exact_ric_plus_event_date,ric_exact,0,TRUE,matched,NA
647937,ICE,ICE,ice-quarterly-earnings-nongaap-eps-10-30-2025-1pt61,2025-10-30T11:30:00Z,2025-10-30,NA,9,7,1,0.03281428571428543,0.0289,7998.207119,89671986062.95,20,2928019.6171875,0.00986101420629,1,1,25.219424250242653,20,14.889837195427722,0.009812711687342488,8.98709770562524,ICE__2025-10-30,404,2,1,0,ICE__2025-10-30,ICE,ICE,2025-10-30,2025-10-30T11:30:00Z,1,exact_ric_plus_event_date,ric_exact,0,TRUE,matched,NA
647938,MA,MA,ma-quarterly-earnings-nongaap-eps-10-30-2025-4pt31,2025-10-30T12:30:00Z,2025-10-30,NA,9,7,1,0.014985714285713428,0.006399999999999,30096.744216,508202790258.64,39,2666105.0390625,0.012284531341544,1,1,26.954146398290916,39,14.796129553521888,0.012209688800042829,10.312205504938568,MA__2025-10-30,405,2,1,0,MA__2025-10-30,MA,MA,2025-10-30,2025-10-30T12:30:00Z,1,exact_ric_plus_event_date,ric_exact,0,TRUE,matched,NA
647962,RBLX.N,RBLX,rblx-quarterly-earnings-gaap-eps-10-30-2025-neg0pt51,2025-10-30T11:45:00Z,2025-10-30,NA,9,7,1,0.05327499999999972,0.039999999999999,21466.192848,93875517439.92,35,1606167.921875,0.028206381800031,1,1,25.26523545902532,35,14.289362349697981,0.027815907389146535,9.974281134676728,RBLX.N__2025-10-30,406,4,2,0,RBLX.N__2025-10-30,RBLX.N,RBLX,2025-10-30,2025-10-30T11:45:00Z,1,exact_ric_plus_event_date,ric_exact,0,TRUE,matched,NA
647966,ROKU.N,ROKU,roku-quarterly-earnings-gaap-eps-10-30-2025-0pt08,2025-10-30T23:00:00Z,2025-10-30,NA,9,8,1,0.049384374999999626,0.0961,10731.74446,14628902846.71,30,48219.3359375,0.030722060183458,1,1,23.40626505577669,30,10.783536118477796,0.030259585939607887,9.281054577384152,ROKU.N__2025-10-30,407,2,1,0,ROKU.N__2025-10-30,ROKU.N,ROKU,2025-10-30,2025-10-30T23:00:00Z,1,exact_ric_plus_event_date,ric_exact,0,TRUE,matched,NA
647968,HGV,HGV,hgv-quarterly-earnings-nongaap-eps-10-30-2025-0pt97,2025-10-30T11:30:00Z,2025-10-30,NA,9,7,1,0.13089999999999985,0.15602500000000002,5129.147714,3778438417.81,9,978173.2421875,0.024638443561235,1,1,22.052576644240098,9,13.793443094893945,0.02433981237465445,8.542889731902319,HGV__2025-10-30,408,2,1,0,HGV__2025-10-30,HGV,HGV,2025-10-30,2025-10-30T11:30:00Z,1,exact_ric_plus_event_date,ric_exact,0,TRUE,matched,NA
648017,SPGI.N,SPGI,spgi-quarterly-earnings-nongaap-eps-10-30-2025-4pt41,2025-10-30T11:19:13Z,2025-10-30,NA,9,7,1,0.02797142857142843,0.0256,10852.558411,149486304000,27,400435.0546875,0.012083693399941,1,1,25.73047061354038,27,12.900309369041322,0.01201126843381961,9.292248269347585,SPGI.N__2025-10-30,409,4,2,0,SPGI.N__2025-10-30,SPGI.N,SPGI,2025-10-30,2025-10-30T11:19:13Z,1,exact_ric_plus_event_date,ric_exact,0,TRUE,matched,NA
648033,SHAK.N,SHAK,shak-quarterly-earnings-nongaap-eps-10-30-2025-0pt31,2025-10-30T11:00:00Z,2025-10-30,NA,9,7,1,0.12174285714285643,0.036099999999999,12513.974061,3892326306.04,24,351287.4609375,0.027598153354018,1,1,22.08227283795105,24,12.769362990966659,0.02722418920450499,9.434681131230887,SHAK.N__2025-10-30,410,6,2,0,SHAK.N__2025-10-30,SHAK.N,SHAK,2025-10-30,2025-10-30T11:00:00Z,1,exact_ric_plus_event_date,ric_exact,0,TRUE,matched,NA
648038,TFX,TFX,tfx-quarterly-earnings-nongaap-eps-11-06-2025-3pt38,2025-11-06T11:30:02Z,2025-11-06,NA,9,9,1,0.026988888888888778,0.030625,20359.38248,5498226299.28,14,540546.2578125,0.019187740452563,1,1,22.427691386133418,14,13.200337345749952,0.019005977165068973,9.921346256342623,TFX__2025-11-06,411,2,1,0,TFX__2025-11-06,TFX,TFX,2025-11-06,2025-11-06T11:30:02Z,1,exact_ric_plus_event_date,ric_exact,0,TRUE,matched,NA
648217,TW.N,TW,tw-quarterly-earnings-nongaap-eps-10-30-2025-0pt83,2025-10-30T11:00:00Z,2025-10-30,NA,9,7,1,0.12793571428571385,0.112224999999999,8155.112423,23058017696.76,16,21293.4453125,0.017315019953108,1,1,23.86127938524582,16,9.966201534236895,0.01716682323536547,9.006522915684682,TW.N__2025-10-30,412,2,1,0,TW.N__2025-10-30,TW.N,TW,2025-10-30,2025-10-30T11:00:00Z,1,exact_ric_plus_event_date,ric_exact,0,TRUE,matched,NA
648218,VIRT.N,VIRT,virt-quarterly-earnings-nongaap-eps-10-29-2025-0pt95,2025-10-29T11:15:00Z,2025-10-29,NA,9,6,1,0.04225416666666617,0.0576,4915.740972,5179517744.08,8,322607.5905511811,0.01545945388178,1,1,22.36797778928531,8,12.684195073429612,0.015341173995280202,8.500401185934809,VIRT.N__2025-10-29,413,4,2,0,VIRT.N__2025-10-29,VIRT.N,VIRT,2025-10-29,2025-10-29T11:15:00Z,1,exact_ric_plus_event_date,ric_exact,0,TRUE,matched,NA
648224,WAY.N,WAY,way-quarterly-earnings-nongaap-eps-10-29-2025-0pt35,2025-10-29T20:05:00Z,2025-10-29,NA,9,7,1,0.06647142857142814,0.0225,3958.15968,7555091862.67,17,32994.1171875,0.019385698457225,1,1,22.745487591785807,17,10.404114865485711,0.019200189452451753,8.28378707971029,WAY.N__2025-10-29,414,2,1,0,WAY.N__2025-10-29,WAY.N,WAY,2025-10-29,2025-10-29T20:05:00Z,1,exact_ric_plus_event_date,ric_exact,0,TRUE,matched,NA
648227,ABNB.N,ABNB,abnb-quarterly-earnings-gaap-eps-11-06-2025-2pt32,2025-11-06T21:03:00Z,2025-11-06,NA,9,9,1,0.59581666666666655,0.6561,21922.878824,74186892646.6,41,76506.75,0.017556196315057,1,1,25.029853322547826,41,11.245147321872944,0.017403866603171916,9.995331679057136,ABNB.N__2025-11-06,415,2,1,0,ABNB.N__2025-11-06,ABNB.N,ABNB,2025-11-06,2025-11-06T21:03:00Z,1,exact_ric_plus_event_date,ric_exact,0,TRUE,matched,NA
648228,CBOE.N,CBOE,cboe-quarterly-earnings-nongaap-eps-10-31-2025-2pt53,2025-10-31T11:30:01Z,2025-10-31,NA,9,8,1,0.03261874999999938,0.0256,35983.096196,24348685517.52,19,13472.875,0.013191635509244,1,1,23.915743702164495,19,9.508507904351255,0.013105383593386664,10.490832347494768,CBOE.N__2025-10-31,416,4,2,0,CBOE.N__2025-10-31,CBOE.N,CBOE,2025-10-31,2025-10-31T11:30:01Z,1,exact_ric_plus_event_date,ric_exact,0,TRUE,matched,NA
648240,CVX,CVX,cvx-quarterly-earnings-nongaap-eps-10-31-2025-1pt7,2025-10-31T10:15:00Z,2025-10-31,NA,9,8,1,0.11476874999999975,0.065025,19290.997294,312297199694.7,28,8797031.640625,0.011931699022733,1,1,26.467221134479583,28,15.989925022654779,0.011861077503392166,9.867445640923458,CVX__2025-10-31,417,2,1,0,CVX__2025-10-31,CVX,CVX,2025-10-31,2025-10-31T10:15:00Z,1,exact_ric_plus_event_date,ric_exact,0,TRUE,matched,NA
648376,CL,CL,cl-quarterly-earnings-nongaap-eps-10-31-2025-0pt89,2025-10-31T10:55:00Z,2025-10-31,NA,9,8,1,0.056634375,0.1681,11490.365127,61043298057.66,21,5237680.0859375,0.010791473135051,1,1,24.83484925355178,21,15.471389417495502,0.010733660737566443,9.349351173794155,CL__2025-10-31,418,2,1,0,CL__2025-10-31,CL,CL,2025-10-31,2025-10-31T10:55:00Z,1,exact_ric_plus_event_date,ric_exact,0,TRUE,matched,NA
648377,FOXA.N,FOXA,foxa-quarterly-earnings-nongaap-eps-10-30-2025-1pt1,2025-10-30T11:30:00Z,2025-10-30,NA,9,7,1,0.052203571428571,0.0324,10531.584012,25579216535.81,22,69188.8984375,0.01720995840857,1,1,23.965046004630015,22,11.144610154613474,0.017063544538127765,9.262228970275194,FOXA.N__2025-10-30,419,2,1,0,FOXA.N__2025-10-30,FOXA.N,FOXA,2025-10-30,2025-10-30T11:30:00Z,1,exact_ric_plus_event_date,ric_exact,0,TRUE,matched,NA
648379,RDDT.N,RDDT,rddt-quarterly-earnings-gaap-eps-10-30-2025-0pt51,2025-10-30T20:07:00Z,2025-10-30,NA,9,8,1,0.03443124999999962,0.030625,21766.75865,40356913072.05,28,1265676.3359375,0.040821076283118,1,1,24.421028544671472,28,14.05111798027393,0.04000989809098809,9.988185193025652,RDDT.N__2025-10-30,420,4,2,0,RDDT.N__2025-10-30,RDDT.N,RDDT,2025-10-30,2025-10-30T20:07:00Z,1,exact_ric_plus_event_date,ric_exact,0,TRUE,matched,NA
648382,MSTR.N,MSTR,mstr-quarterly-earnings-gaap-eps-10-30-2025-9pt67,2025-10-30T20:22:00Z,2025-10-30,NA,9,8,1,0.16626874999999988,0.07022500000000001,49451.633401,81722613536.64,13,154225.1875,0.033097428988432,1,1,25.126596587987954,13,11.946175553837465,0.032561502232504605,10.808770589444855,MSTR.N__2025-10-30,421,2,1,0,MSTR.N__2025-10-30,MSTR.N,MSTR,2025-10-30,2025-10-30T20:22:00Z,1,exact_ric_plus_event_date,ric_exact,0,TRUE,matched,NA
652465,PLTR.N,PLTR,pltr-quarterly-earnings-nongaap-eps-11-03-2025-0pt17,2025-11-03T21:05:00Z,2025-11-03,NA,9,9,1,0.05634166666666644,0.0169,70254.722923,477606010328.86,30,497355.3858267717,0.031767449990127,1,1,26.89205198338628,30,13.117062122202107,0.03127330250983479,11.159897048973976,PLTR.N__2025-11-03,422,2,1,0,PLTR.N__2025-11-03,PLTR.N,PLTR,2025-11-03,2025-11-03T21:05:00Z,1,exact_ric_plus_event_date,ric_exact,0,TRUE,matched,NA
652509,WMB,WMB,wmb-quarterly-earnings-nongaap-eps-11-03-2025-0pt52,2025-11-03T21:15:01Z,2025-11-03,NA,9,9,1,0.40926388888888887,0.46922500000000006,9523.625596,70671935833.29,23,7301282.236220472,0.014121496921799,1,1,24.981314383849213,23,15.803560676453735,0.014022717440720452,9.161635891715779,WMB__2025-11-03,423,2,1,0,WMB__2025-11-03,WMB,WMB,2025-11-03,2025-11-03T21:15:01Z,1,exact_ric_plus_event_date,ric_exact,0,TRUE,matched,NA
652512,ARES.N,ARES,ares-quarterly-earnings-nongaap-eps-11-03-2025-1pt14,2025-11-03T11:00:00Z,2025-11-03,NA,9,8,1,0.22505624999999937,0.105624999999999,16946.424977,48608854652.94,15,395373.6062992126,0.01951573185806,1,1,24.607071545762395,15,12.887588964841948,0.01932774186776512,9.73787118250671,ARES.N__2025-11-03,424,4,2,0,ARES.N__2025-11-03,ARES.N,ARES,2025-11-03,2025-11-03T11:00:00Z,1,exact_ric_plus_event_date,ric_exact,0,TRUE,matched,NA
652566,GRAB.N,GRAB,grab-quarterly-earnings-gaap-eps-11-03-2025-0pt01,2025-11-03T21:00:00Z,2025-11-03,NA,9,9,1,0.3392583333333332,0.390625,17805.769449,24562870000,23,940069.373015873,0.024524950634814,1,1,23.924501790075666,23,13.753710016354452,0.024229042362991643,9.787333970105728,GRAB.N__2025-11-03,425,2,1,0,GRAB.N__2025-11-03,GRAB.N,GRAB,2025-11-03,2025-11-03T21:00:00Z,1,exact_ric_plus_event_date,ric_exact,0,TRUE,matched,NA
652567,HIMS.N,HIMS,hims-quarterly-earnings-gaap-eps-11-03-2025-0pt1,2025-11-03T21:05:01Z,2025-11-03,NA,9,9,1,0.3161249999999999,0.286225,35218.618643,10348901446.44,15,5117684.582677165,0.065983287685906,1,1,23.060146210583916,15,15.44821286018387,0.06389764802779933,10.469358554138083,HIMS.N__2025-11-03,426,4,2,0,HIMS.N__2025-11-03,HIMS.N,HIMS,2025-11-03,2025-11-03T21:05:01Z,1,exact_ric_plus_event_date,ric_exact,0,TRUE,matched,NA
652568,HESM.N,HESM,hesm-quarterly-earnings-gaap-eps-11-03-2025-0pt69,2025-11-03T13:00:02Z,2025-11-03,NA,9,8,1,0.10049374999999988,0.060024999999999,16892.847501,7050589132.3,7,455402.8031496063,0.017395510317616,1,1,22.67637701514449,7,13.028939783805729,0.017245940498831224,9.734704781432447,HESM.N__2025-11-03,427,4,2,0,HESM.N__2025-11-03,HESM.N,HESM,2025-11-03,2025-11-03T13:00:02Z,1,exact_ric_plus_event_date,ric_exact,0,TRUE,matched,NA
652577,CRL,CRL,crl-quarterly-earnings-nongaap-eps-11-05-2025-2pt34,2025-11-05T12:00:01Z,2025-11-05,NA,9,9,1,0.01653055555555511,0.005624999999999,15319.849586,8802679143.06,19,977437.7952755904,0.029646212547505,1,1,22.898321960170662,19,13.79269095535254,0.029215260274172306,9.636969897762176,CRL__2025-11-05,428,2,1,0,CRL__2025-11-05,CRL,CRL,2025-11-05,2025-11-05T12:00:01Z,1,exact_ric_plus_event_date,ric_exact,0,TRUE,matched,NA
652605,NYT,NYT,nyt-quarterly-earnings-nongaap-eps-11-05-2025-0pt53,2025-11-05T13:30:00Z,2025-11-05,NA,9,9,1,0.012248472222221777,0.002025,23683.956841,9263634453.54,10,1648548.4330708662,0.017560086238565,1,1,22.949362298183765,10,14.315406327741853,0.0174076894053787,10.072595393148044,NYT__2025-11-05,429,2,1,0,NYT__2025-11-05,NYT,NYT,2025-11-05,2025-11-05T13:30:00Z,1,exact_ric_plus_event_date,ric_exact,0,TRUE,matched,NA
652607,UHAL.B,UHAL.B,uhalb-quarterly-earnings-gaap-eps-11-05-2025-0pt7-725,2025-11-05T21:43:00Z,2025-11-05,NA,9,9,1,0.2003833333333331,0.240099999999999,4209.313235,9731149106.52,5,590.125,0.019437934987634,1,1,22.998597825505165,5,6.38202750096404,0.019251431285794804,8.345292326521516,UHAL.B__2025-11-05,430,2,1,0,UHAL.B__2025-11-05,UHAL.B,UHAL,2025-11-05,2025-11-05T21:43:00Z,1,exact_ric_plus_event_date,ric_exact,0,TRUE,matched,NA
652646,LYFT.N,LYFT,lyft-quarterly-earnings-gaap-eps-11-05-2025-0pt07,2025-11-05T21:00:00Z,2025-11-05,NA,9,9,1,0.041474999999999554,0.038024999999999,8350.887853,8366453688.1,46,403433.6771653543,0.03653754312631,1,1,22.847495938486464,46,12.9077698630421,0.03588587329543437,9.03024288247001,LYFT.N__2025-11-05,431,2,1,0,LYFT.N__2025-11-05,LYFT.N,LYFT,2025-11-05,2025-11-05T21:00:00Z,1,exact_ric_plus_event_date,ric_exact,0,TRUE,matched,NA
652651,CHYM.N,CHYM,chym-quarterly-earnings-gaap-eps-11-05-2025-neg0pt24,2025-11-05T21:05:02Z,2025-11-05,NA,9,9,1,0.12871388888888854,0.050624999999999,2639.245405,6664634437,10,37023.39603960396,0.040721673848774,1,1,22.620080940910828,10,10.519332326770785,0.03991438966637057,7.878627148259573,CHYM.N__2025-11-05,432,2,1,0,CHYM.N__2025-11-05,CHYM.N,CHYM,2025-11-05,2025-11-05T21:05:02Z,1,exact_ric_plus_event_date,ric_exact,0,TRUE,matched,NA
652652,SUN,SUN,sun-quarterly-earnings-gaap-eps-11-05-2025-1pt37,2025-11-05T14:30:00Z,2025-11-05,NA,9,9,1,0.14414166666666645,0.1369,8538.084354,9705639184.78,5,443764.8031496063,0.014765577797787,1,1,22.995972912787593,5,13.003052231869152,0.014657627984190081,9.05240906253313,SUN__2025-11-05,433,2,1,0,SUN__2025-11-05,SUN,SUN,2025-11-05,2025-11-05T14:30:00Z,1,exact_ric_plus_event_date,ric_exact,0,TRUE,matched,NA
652657,FTDR.N,FTDR,ftdr-quarterly-earnings-nongaap-eps-11-05-2025-1pt51,2025-11-05T12:00:01Z,2025-11-05,NA,9,9,1,0.021252777777777444,0.013224999999999,17658.515086,4721251138.53,6,8077.905511811024,0.016192823561762,1,1,22.27533967314103,6,8.997011685881054,0.01606311811925963,9.779030015457069,FTDR.N__2025-11-05,434,2,1,0,FTDR.N__2025-11-05,FTDR.N,FTDR,2025-11-05,2025-11-05T12:00:01Z,1,exact_ric_plus_event_date,ric_exact,0,TRUE,matched,NA
652658,IEP.N,IEP,iep-quarterly-earnings-gaap-eps-11-05-2025-0pt14,2025-11-05T13:00:02Z,2025-11-05,NA,9,9,1,0.489683333333333,0.532899999999999,20110.133015,4837680647.02,1,8789.763779527559,0.020383974678286,1,1,22.299701237658308,1,9.081456878773235,0.020179002221276155,9.909028822054797,IEP.N__2025-11-05,435,2,1,0,IEP.N__2025-11-05,IEP.N,IEP,2025-11-05,2025-11-05T13:00:02Z,1,exact_ric_plus_event_date,ric_exact,0,TRUE,matched,NA
652823,FSK,FSK,fsk-quarterly-earnings-gaap-eps-11-05-2025-0pt58,2025-11-05T21:00:00Z,2025-11-05,NA,9,9,1,0.4446277777777778,0.378225,14904.189142,4178591180.36,11,1995270.234375,0.015643310183653,1,1,22.153239988481552,11,14.506290556144975,0.015522214861973884,9.609464695867283,FSK__2025-11-05,436,2,1,0,FSK__2025-11-05,FSK,FSK,2025-11-05,2025-11-05T21:00:00Z,1,exact_ric_plus_event_date,ric_exact,0,TRUE,matched,NA
655224,BYND.N,BYND,bynd-quarterly-earnings-gaap-eps-11-04-2025-neg0pt48,2025-11-10T22:38:57Z,2025-11-10,NA,9,9,1,0.03660833333333322,0.03802499999999999,16592.38117,994464167.33,6,1149470.642857143,0.15173449538734302,1,1,20.717714624769556,6,13.954812953770292,0.14126906295673036,9.71675917013401,BYND.N__2025-11-10,437,2,1,0,BYND.N__2025-11-10,BYND.N,BYND,2025-11-10,2025-11-10T22:38:57Z,1,exact_ric_plus_event_date,ric_exact,0,TRUE,matched,NA
655260,MCD,MCD,mcd-quarterly-earnings-nongaap-eps-11-05-2025-3pt33,2025-11-05T13:30:00Z,2025-11-05,NA,9,8,1,0.5008249999999997,0.442225,62858.353165,211061184709.5,39,3260423.42519685,0.009156612345274,1,1,26.075413903314416,39,14.997367936646851,0.009114944733421478,11.048655020209528,MCD__2025-11-05,438,2,1,0,MCD__2025-11-05,MCD,MCD,2025-11-05,2025-11-05T13:30:00Z,1,exact_ric_plus_event_date,ric_exact,0,TRUE,matched,NA
655266,APP.N,APP,app-quarterly-earnings-gaap-eps-11-05-2025-2pt39,2025-11-05T21:05:01Z,2025-11-05,NA,9,9,1,0.03723055555555522,0.046224999999999,19358.929804,205706449400,27,88477.9375,0.037604524307874,1,1,26.049715986541134,27,11.390519808320589,0.036914714368988966,9.87096073499755,APP.N__2025-11-05,439,2,1,0,APP.N__2025-11-05,APP.N,APP,2025-11-05,2025-11-05T21:05:01Z,1,exact_ric_plus_event_date,ric_exact,0,TRUE,matched,NA
655388,ARM.N,ARM,arm-quarterly-earnings-nongaap-eps-11-05-2025-0pt33,2025-11-05T21:04:00Z,2025-11-05,NA,9,9,1,0.032005555555555114,0.052899999999999,12897.383722,178969480000,36,83488.92125984252,0.031984791452724,1,1,25.910481125456617,36,11.332481200078757,0.031483929986366135,9.46485728963174,ARM.N__2025-11-05,440,2,1,0,ARM.N__2025-11-05,ARM.N,ARM,2025-11-05,2025-11-05T21:04:00Z,1,exact_ric_plus_event_date,ric_exact,0,TRUE,matched,NA
655399,QCOM.N,QCOM,qcom-quarterly-earnings-nongaap-eps-11-05-2025-2pt86,2025-11-05T21:00:00Z,2025-11-05,NA,9,9,1,0.01938055555555522,0.021025,13220.927333,193551120000,39,107796.2125984252,0.020078830235585,1,1,25.98880750057177,39,11.588007079965266,0.019879908854574326,9.489631891962523,QCOM.N__2025-11-05,441,2,1,0,QCOM.N__2025-11-05,QCOM.N,QCOM,2025-11-05,2025-11-05T21:00:00Z,1,exact_ric_plus_event_date,ric_exact,0,TRUE,matched,NA
655400,HOOD.N,HOOD,hood-quarterly-earnings-gaap-eps-11-05-2025-0pt54,2025-11-05T21:05:10Z,2025-11-05,NA,9,9,1,0.024327777777777223,0.0196,131520.235041,123009037279.2,27,390189.5234375,0.036963865717001,1,1,25.535523663434393,27,12.874390420452599,0.036297083622931756,11.786923600764469,HOOD.N__2025-11-05,442,2,1,0,HOOD.N__2025-11-05,HOOD.N,HOOD,2025-11-05,2025-11-05T21:05:10Z,1,exact_ric_plus_event_date,ric_exact,0,TRUE,matched,NA
655439,DASH.N,DASH,dash-quarterly-earnings-gaap-eps-11-05-2025-0pt68,2025-11-05T21:05:01Z,2025-11-05,NA,9,9,1,0.43294444444444435,0.099225,47815.505411,103409474663.67,43,54953.4453125,0.021918719941215,1,1,25.361962425999554,43,10.914259853966483,0.021681958228602933,10.775126160362065,DASH.N__2025-11-05,443,2,1,0,DASH.N__2025-11-05,DASH.N,DASH,2025-11-05,2025-11-05T21:05:01Z,1,exact_ric_plus_event_date,ric_exact,0,TRUE,matched,NA
655443,MET,MET,met-quarterly-earnings-nongaap-eps-11-05-2025-2pt32,2025-11-05T21:00:00Z,2025-11-05,NA,9,9,1,0.49921666666666664,0.540225,3647.80269,52355530985.76,16,3080814.4453125,0.013116659710116,1,1,24.681323422660192,16,14.940704874879936,0.013031381232206873,8.202154362625897,MET__2025-11-05,444,2,1,0,MET__2025-11-05,MET,MET,2025-11-05,2025-11-05T21:00:00Z,1,exact_ric_plus_event_date,ric_exact,0,TRUE,matched,NA
655448,TKO,TKO,tko-quarterly-earnings-gaap-eps-11-05-2025-0pt52,2025-11-05T21:05:02Z,2025-11-05,NA,9,9,1,0.45683055555555535,0.16,21755.724732,36548421040.95,20,1065743.8828125,0.018546556557009,1,1,24.321903822235043,20,13.879184533126368,0.018376666545273524,9.987678171810051,TKO__2025-11-05,445,2,1,0,TKO__2025-11-05,TKO,TKO,2025-11-05,2025-11-05T21:05:02Z,1,exact_ric_plus_event_date,ric_exact,0,TRUE,matched,NA
655449,FIS,FIS,fis-quarterly-earnings-nongaap-eps-11-05-2025-1pt48,2025-11-05T12:00:01Z,2025-11-05,NA,9,8,1,0.0993,0.024025,9730.282601,32210317520.8,29,3665884.6692913384,0.016481074514136,1,1,24.1955526580739,29,15.114580520122786,0.016346735628766755,9.183100985711572,FIS__2025-11-05,446,2,1,0,FIS__2025-11-05,FIS,FIS,2025-11-05,2025-11-05T12:00:01Z,1,exact_ric_plus_event_date,ric_exact,0,TRUE,matched,NA
655450,HUM,HUM,hum-quarterly-earnings-nongaap-eps-11-05-2025-2pt92,2025-11-05T11:00:00Z,2025-11-05,NA,9,8,1,0.033468749999999624,0.0256,11692.555323,33666837194.56,29,1809579.9606299212,0.029193098169783,1,1,24.239779130291684,29,14.408605862974497,0.028775095388375693,9.366793141930854,HUM__2025-11-05,447,2,1,0,HUM__2025-11-05,HUM,HUM,2025-11-05,2025-11-05T11:00:00Z,1,exact_ric_plus_event_date,ric_exact,0,TRUE,matched,NA
655451,ATO,ATO,ato-quarterly-earnings-gaap-eps-11-05-2025-0pt97,2025-11-05T21:31:00Z,2025-11-05,NA,9,9,1,0.06589444444444423,0.0256,4049.676631,27923075175.45,15,882136.1640625,0.009911103923797,1,1,24.052719251162532,15,13.690102837707844,0.009862311062507288,8.306639215528765,ATO__2025-11-05,448,2,1,0,ATO__2025-11-05,ATO,ATO,2025-11-05,2025-11-05T21:31:00Z,1,exact_ric_plus_event_date,ric_exact,0,TRUE,matched,NA
655460,HUBS.N,HUBS,hubs-quarterly-earnings-nongaap-eps-11-05-2025-2pt59,2025-11-05T21:05:02Z,2025-11-05,NA,9,9,1,0.02641111111111089,0.0196,5220.919759,25908845813.58,35,169499.4094488189,0.027382189443308,1,1,23.97785028454521,35,12.040610621426975,0.027014003338482452,8.560620383189274,HUBS.N__2025-11-05,449,4,2,0,HUBS.N__2025-11-05,HUBS.N,HUBS,2025-11-05,2025-11-05T21:05:02Z,1,exact_ric_plus_event_date,ric_exact,0,TRUE,matched,NA
656723,HNGE.N,HNGE,hnge-quarterly-earnings-gaap-eps-11-04-2025-neg0pt21,2025-11-04T21:05:01Z,2025-11-04,NA,9,7,1,0.055410714285713716,0.052899999999999,5749.10451,3962735300.76,15,246041.7894736842,0.043244528538448,1,1,22.100200356282045,15,12.413260740738462,0.04233559584452138,8.656973309278396,HNGE.N__2025-11-04,450,4,2,0,HNGE.N__2025-11-04,HNGE.N,HNGE,2025-11-04,2025-11-04T21:05:01Z,1,exact_ric_plus_event_date,ric_exact,0,TRUE,matched,NA
656730,TOST.N,TOST,tost-quarterly-earnings-gaap-eps-11-04-2025-0pt12,2025-11-04T21:05:01Z,2025-11-04,NA,9,7,1,0.07066428571428514,0.050624999999999,9550.118505,21003360000,28,2037759.779527559,0.025259313260502,1,1,23.7679482618712,28,14.527362105859316,0.024945569140996642,9.164413547559063,TOST.N__2025-11-04,451,4,2,0,TOST.N__2025-11-04,TOST.N,TOST,2025-11-04,2025-11-04T21:05:01Z,1,exact_ric_plus_event_date,ric_exact,0,TRUE,matched,NA
656735,CBT,CBT,cbt-quarterly-earnings-nongaap-eps-11-03-2025-1pt68,2025-11-03T21:30:01Z,2025-11-03,NA,9,6,1,0.094245833333333,0.039999999999999,4360.849684,3565810617.88,5,399367.14173228346,0.018852202850402,1,1,21.994657247259763,5,12.897638931465163,0.018676702357384053,8.38065148582851,CBT__2025-11-03,452,2,1,0,CBT__2025-11-03,CBT,CBT,2025-11-03,2025-11-03T21:30:01Z,1,exact_ric_plus_event_date,ric_exact,0,TRUE,matched,NA
656746,PFE,PFE,pfe-quarterly-earnings-gaap-eps-11-04-2025-0pt64,2025-11-04T13:30:00Z,2025-11-04,NA,9,6,1,0.07559999999999983,0.081224999999999,55053.317506,140152691156.8,22,47064682.99206349,0.017356486937288,1,1,25.66599831634788,22,17.667033468653518,0.01720758360778462,10.91607556788562,PFE__2025-11-04,453,2,1,0,PFE__2025-11-04,PFE,PFE,2025-11-04,2025-11-04T13:30:00Z,1,exact_ric_plus_event_date,ric_exact,0,TRUE,matched,NA
656755,MAR.N,MAR,mar-quarterly-earnings-nongaap-eps-11-04-2025-2pt39,2025-11-04T12:00:09Z,2025-11-04,NA,9,6,1,0.05244999999999933,0.012099999999999,9933.662961,69927110741.1,27,21333.36507936508,0.014566895157412,1,1,24.97071926136505,27,9.968074435599481,0.01446181715116232,9.203785230001815,MAR.N__2025-11-04,454,2,1,0,MAR.N__2025-11-04,MAR.N,MAR,2025-11-04,2025-11-04T12:00:09Z,1,exact_ric_plus_event_date,ric_exact,0,TRUE,matched,NA
656760,APO,APO,apo-quarterly-earnings-nongaap-eps-11-04-2025-1pt9,2025-11-04T11:30:00Z,2025-11-04,NA,9,6,1,0.11577083333333302,0.034225,17530.312182,72767987134.08,18,3241311.476190476,0.020936387934278,1,1,25.01054195826708,18,14.99148889098761,0.020720233553304733,9.771743828622167,APO__2025-11-04,455,2,1,0,APO__2025-11-04,APO,APO,2025-11-04,2025-11-04T11:30:00Z,1,exact_ric_plus_event_date,ric_exact,0,TRUE,matched,NA
656761,LYV,LYV,lyv-quarterly-earnings-gaap-eps-11-04-2025-1pt53,2025-11-04T21:07:00Z,2025-11-04,NA,9,7,1,0.146817857142857,0.220899999999999,6186.02997,34794233570.48,22,2472184.188976378,0.014646384313738,1,1,24.272717507999047,22,14.720613009388215,0.01454016195323002,8.730210439547056,LYV__2025-11-04,456,2,1,0,LYV__2025-11-04,LYV,LYV,2025-11-04,2025-11-04T21:07:00Z,1,exact_ric_plus_event_date,ric_exact,0,TRUE,matched,NA
656782,PJT,PJT,pjt-quarterly-earnings-nongaap-eps-11-04-2025-1pt4,2025-11-04T11:50:00Z,2025-11-04,NA,9,6,1,0.014195833333332334,0.009999999999999,7692.502087,6396713695.54,6,217030.96825396825,0.017491544671901,1,1,22.579050210361554,6,12.287799940814908,0.017340328395319952,8.948131366765349,PJT__2025-11-04,457,2,1,0,PJT__2025-11-04,PJT,PJT,2025-11-04,2025-11-04T11:50:00Z,1,exact_ric_plus_event_date,ric_exact,0,TRUE,matched,NA
656783,HTZ.N,HTZ,htz-quarterly-earnings-nongaap-eps-11-04-2025-0pt07,2025-11-04T13:00:00Z,2025-11-04,NA,9,6,1,0.4642208333333332,0.164025,10095.170968,1598471602.65,10,152872.60317460317,0.046052495613778,1,1,21.192313761307936,10,11.93736673590507,0.04502355139466528,9.21991151886899,HTZ.N__2025-11-04,458,2,1,0,HTZ.N__2025-11-04,HTZ.N,HTZ,2025-11-04,2025-11-04T13:00:00Z,1,exact_ric_plus_event_date,ric_exact,0,TRUE,matched,NA
656785,SONO.N,SONO,sono-quarterly-earnings-nongaap-eps-11-05-2025-0pt05,2025-11-05T13:01:00Z,2025-11-05,NA,9,7,1,0.3325142857142856,0.3844,15038.693599,2021245343.31,4,41702.16535433071,0.029124569280929,1,1,21.42697966498652,4,10.638332312683758,0.028708508106963296,9.618448224889395,SONO.N__2025-11-05,459,2,1,0,SONO.N__2025-11-05,SONO.N,SONO,2025-11-05,2025-11-05T13:01:00Z,1,exact_ric_plus_event_date,ric_exact,0,TRUE,matched,NA
656791,AMPL.N,AMPL,ampl-quarterly-earnings-nongaap-eps-11-05-2025-0pt01,2025-11-05T21:05:03Z,2025-11-05,NA,9,8,1,0.06484062499999962,0.07840000000000001,9199.635582,1267344929.52,10,23589.078125,0.031991226984258,1,1,20.960189942371063,10,10.068581484180891,0.031490166038991296,9.127027845650874,AMPL.N__2025-11-05,460,2,1,0,AMPL.N__2025-11-05,AMPL.N,AMPL,2025-11-05,2025-11-05T21:05:03Z,1,exact_ric_plus_event_date,ric_exact,0,TRUE,matched,NA
656792,BMBL.N,BMBL,bmbl-quarterly-earnings-gaap-eps-11-05-2025-0pt33,2025-11-05T21:15:01Z,2025-11-05,NA,9,8,1,0.14265312499999977,0.07840000000000001,4268.358176,1384683790.94,15,71635.578125,0.045381880406966,1,1,21.04873764072845,15,11.179361090167873,0.0443822544575162,8.359218784854722,BMBL.N__2025-11-05,461,1,1,0,BMBL.N__2025-11-05,BMBL.N,BMBL,2025-11-05,2025-11-05T21:15:01Z,1,exact_ric_plus_event_date,ric_exact,0,TRUE,matched,NA
656803,EWCZ.N,EWCZ,ewcz-quarterly-earnings-gaap-eps-11-12-2025-0pt04,2025-11-12T11:00:01Z,2025-11-12,NA,9,9,1,0.03383333333333289,0.024025,24039.05161,198958774.86,8,12413.062992125984,0.039737552036787,1,1,19.10860819972032,8,9.426585221241856,0.03896832749591881,10.087476535485441,EWCZ.N__2025-11-12,462,2,1,0,EWCZ.N__2025-11-12,EWCZ.N,EWCZ,2025-11-12,2025-11-12T11:00:01Z,1,exact_ric_plus_event_date,ric_exact,0,TRUE,matched,NA
656808,FIG,FIG,fig-quarterly-earnings-gaap-eps-11-05-2025-neg2pt08,2025-11-05T21:05:01Z,2025-11-05,NA,9,8,1,0.5636374999999998,0.6889000000000001,8626.62797,22703056601.58,11,11957599.073529411,0.07267549545438201,1,1,23.845765404420977,11,16.29687762360292,0.07015599055905694,9.06272488766424,FIG__2025-11-05,463,2,1,0,FIG__2025-11-05,FIG,FIG,2025-11-05,2025-11-05T21:05:01Z,1,exact_ric_plus_event_date,ric_exact,0,TRUE,matched,NA
656817,WING.N,WING,wing-quarterly-earnings-gaap-eps-11-04-2025-0pt91,2025-11-04T12:30:00Z,2025-11-04,NA,9,6,1,0.03272083333333333,0.027225,11688.730756,6019441919.46,29,14358.23015873016,0.03570615320903,1,1,22.518260387561185,29,9.572148231048857,0.03508346770640241,9.366466022207717,WING.N__2025-11-04,464,2,1,0,WING.N__2025-11-04,WING.N,WING,2025-11-04,2025-11-04T12:30:00Z,1,exact_ric_plus_event_date,ric_exact,0,TRUE,matched,NA
656819,MPC,MPC,mpc-quarterly-earnings-gaap-eps-11-04-2025-3pt17,2025-11-04T11:30:01Z,2025-11-04,NA,9,6,1,0.031345833333332504,0.0196,13268.821201,58590429181.89,20,2116712.912698413,0.015317826665286,1,1,24.793837195649346,20,14.565375402911537,0.015201693198365378,9.49324765330933,MPC__2025-11-04,465,2,1,0,MPC__2025-11-04,MPC,MPC,2025-11-04,2025-11-04T11:30:01Z,1,exact_ric_plus_event_date,ric_exact,0,TRUE,matched,NA
656831,PINS.N,PINS,pins-quarterly-earnings-nongaap-eps-11-04-2025-0pt42,2025-11-04T21:06:00Z,2025-11-04,NA,9,7,1,0.22735357142857102,0.176399999999999,6550.128247,22360963014.5,38,2147224.523809524,0.024552109297649,1,1,23.830582552932896,38,14.579687112708934,0.024255550553793883,8.787392565246101,PINS.N__2025-11-04,466,4,2,0,PINS.N__2025-11-04,PINS.N,PINS,2025-11-04,2025-11-04T21:06:00Z,1,exact_ric_plus_event_date,ric_exact,0,TRUE,matched,NA
656855,COP,COP,cop-quarterly-earnings-nongaap-eps-11-06-2025-1pt41,2025-11-06T13:30:00Z,2025-11-06,NA,9,8,1,0.036796874999999375,0.036099999999999,7834.350755,108631991357.5,30,7175023.703125,0.016488771048562,1,1,25.41123178078531,30,15.786116762548282,0.016354307344051012,8.966400921497076,COP__2025-11-06,467,2,1,0,COP__2025-11-06,COP,COP,2025-11-06,2025-11-06T13:30:00Z,1,exact_ric_plus_event_date,ric_exact,0,TRUE,matched,NA
656874,MNST.N,MNST,mnst-quarterly-earnings-gaap-eps-11-06-2025-0pt48,2025-11-06T21:10:01Z,2025-11-06,NA,9,9,1,0.15534166666666624,0.19359999999999905,27946.161223,66310429929.92,25,102482.046875,0.013712662017357,1,1,24.917613035942423,25,11.537452667539654,0.013619494220341113,10.238070907163863,MNST.N__2025-11-06,468,2,1,0,MNST.N__2025-11-06,MNST.N,MNST,2025-11-06,2025-11-06T21:10:01Z,1,exact_ric_plus_event_date,ric_exact,0,TRUE,matched,NA
656996,DDOG.N,DDOG,ddog-quarterly-earnings-nongaap-eps-11-06-2025-0pt46,2025-11-06T12:00:09Z,2025-11-06,NA,9,8,1,0.03125249999999963,0.017556249999999,34539.466463,55234149674.99,45,78783.9296875,0.026075441078787,1,1,24.73484725247468,45,11.274477009935254,0.02574127336198663,10.449886856618162,DDOG.N__2025-11-06,469,2,1,0,DDOG.N__2025-11-06,DDOG.N,DDOG,2025-11-06,2025-11-06T12:00:09Z,1,exact_ric_plus_event_date,ric_exact,0,TRUE,matched,NA
657003,WBD.N,WBD,wbd-quarterly-earnings-gaap-eps-11-06-2025-neg0pt08,2025-11-06T12:00:01Z,2025-11-06,NA,9,8,1,0.09512812499999976,0.07562500000000001,16410.521313,56002223903.4,28,975283.390625,0.037431361295137,1,1,24.748657239453753,28,13.790484390141165,0.036747813146373584,9.705738886246634,WBD.N__2025-11-06,470,2,1,0,WBD.N__2025-11-06,WBD.N,WBD,2025-11-06,2025-11-06T12:00:01Z,1,exact_ric_plus_event_date,ric_exact,0,TRUE,matched,NA
657004,ED,ED,ed-quarterly-earnings-nongaap-eps-11-06-2025-1pt75,2025-11-06T21:36:57Z,2025-11-06,NA,9,9,1,0.040230555555555,0.0324,3023.047212,34689521284.88,17,2378167.390625,0.011167311666556,1,1,24.26970349803118,17,14.68184116559504,0.011105417608832624,8.014351349611413,ED__2025-11-06,471,2,1,0,ED__2025-11-06,ED,ED,2025-11-06,2025-11-06T21:36:57Z,1,exact_ric_plus_event_date,ric_exact,0,TRUE,matched,NA
657005,DD,DD,dd-quarterly-earnings-nongaap-eps-11-06-2025-1pt11,2025-11-06T11:00:00Z,2025-11-06,NA,9,8,1,0.559928125,0.6006250000000001,10568.869333,15820508234.24,18,3186827.0390625,0.018369575826851,1,1,23.484572924828043,18,14.97453663495049,0.018202893332140556,9.265762716725432,DD__2025-11-06,472,2,1,0,DD__2025-11-06,DD,DD,2025-11-06,2025-11-06T11:00:00Z,1,exact_ric_plus_event_date,ric_exact,0,TRUE,matched,NA
657007,EXPE.N,EXPE,expe-quarterly-earnings-nongaap-eps-11-06-2025-7pt03,2025-11-06T21:01:00Z,2025-11-06,NA,9,9,1,0.04075555555555511,0.0169,5690.550738,26198677032.15,37,27203.2734375,0.020720160289059,1,1,23.98897475148244,37,10.211129351616137,0.02050841766662624,8.646738027422892,EXPE.N__2025-11-06,473,2,1,0,EXPE.N__2025-11-06,EXPE.N,EXPE,2025-11-06,2025-11-06T21:01:00Z,1,exact_ric_plus_event_date,ric_exact,0,TRUE,matched,NA
657012,SNDK.N,SNDK,sndk-quarterly-earnings-nongaap-eps-11-06-2025-0pt88,2025-11-06T21:05:02Z,2025-11-06,NA,9,9,1,0.021171694444443778,0.024025,26425.916232,31728763253.5,19,70969.2421875,0.048147874085816,1,1,24.18048946458365,19,11.170015944046671,0.04702467717193229,10.182138323984407,SNDK.N__2025-11-06,474,2,1,0,SNDK.N__2025-11-06,SNDK.N,SNDK,2025-11-06,2025-11-06T21:05:02Z,1,exact_ric_plus_event_date,ric_exact,0,TRUE,matched,NA
657013,RL,RL,rl-quarterly-earnings-nongaap-eps-11-06-2025-3pt45,2025-11-06T13:01:00Z,2025-11-06,NA,9,8,1,0.014824999999999375,0.0196,10784.136672,18755549112.82,20,665808.1171875,0.018184896695816,1,1,23.654755498261206,20,13.408758297612213,0.018021529038640998,9.285924231158354,RL__2025-11-06,475,2,1,0,RL__2025-11-06,RL,RL,2025-11-06,2025-11-06T13:01:00Z,1,exact_ric_plus_event_date,ric_exact,0,TRUE,matched,NA
657018,USFD.N,USFD,usfd-quarterly-earnings-nongaap-eps-11-06-2025-1pt03,2025-11-06T11:45:00Z,2025-11-06,NA,9,8,1,0.07849062499999988,0.027225,7213.721704,16361670226.68,19,640425.03125,0.012954017110842,1,1,23.518207255005322,19,13.369888907701432,0.012870831453283507,8.883878898599885,USFD.N__2025-11-06,476,4,2,0,USFD.N__2025-11-06,USFD.N,USFD,2025-11-06,2025-11-06T11:45:00Z,1,exact_ric_plus_event_date,ric_exact,0,TRUE,matched,NA
657027,DKNG.N,DKNG,dkng-quarterly-earnings-nongaap-eps-11-06-2025-neg0pt25,2025-11-06T21:15:01Z,2025-11-06,NA,9,9,1,0.34790833333333326,0.30802500000000005,34995.802616,13897808423.36,32,244776.09375,0.027470553798599,1,1,23.354996997268074,32,12.408103253959563,0.02710000887404804,10.463011982469965,DKNG.N__2025-11-06,477,2,1,0,DKNG.N__2025-11-06,DKNG.N,DKNG,2025-11-06,2025-11-06T21:15:01Z,1,exact_ric_plus_event_date,ric_exact,0,TRUE,matched,NA
657064,OPEN.N,OPEN,open-quarterly-earnings-gaap-eps-11-06-2025-neg0pt07,2025-11-06T21:07:36Z,2025-11-06,NA,9,9,1,0.23831666666666657,0.172225,4938.973007,5587672813.17,10,3132729.90625,0.11969355387855302,1,1,22.443828724939365,10,14.957415676124272,0.11305503525980932,8.505115145997,OPEN.N__2025-11-06,478,2,1,0,OPEN.N__2025-11-06,OPEN.N,OPEN,2025-11-06,2025-11-06T21:07:36Z,1,exact_ric_plus_event_date,ric_exact,0,TRUE,matched,NA
657065,NWSA.N,NWSA,nwsa-quarterly-earnings-nongaap-eps-11-06-2025-0pt19,2025-11-06T21:15:01Z,2025-11-06,NA,9,9,1,0.18255277777777745,0.286224999999999,5755.113866,15098524355.91,9,88588.734375,0.013007530342588,1,1,23.43786285121774,9,11.391771265038336,0.01292365894334689,8.65801784995197,NWSA.N__2025-11-06,479,2,1,0,NWSA.N__2025-11-06,NWSA.N,NWSA,2025-11-06,2025-11-06T21:15:01Z,1,exact_ric_plus_event_date,ric_exact,0,TRUE,matched,NA
657071,FNF,FNF,fnf-quarterly-earnings-nongaap-eps-11-06-2025-1pt42,2025-11-06T21:00:00Z,2025-11-06,NA,9,9,1,0.3427027777777776,0.354025,3456.330055,14955120188.96,4,1533829.03125,0.016557153455834,1,1,23.428319565703482,4,14.243278453760023,0.016421578236925166,8.148251909764003,FNF__2025-11-06,480,2,1,0,FNF__2025-11-06,FNF,FNF,2025-11-06,2025-11-06T21:00:00Z,1,exact_ric_plus_event_date,ric_exact,0,TRUE,matched,NA
657072,H,H,h-quarterly-earnings-nongaap-eps-11-06-2025-0pt49,2025-11-06T11:55:00Z,2025-11-06,NA,9,8,1,0.5956874999999996,0.697225,3173.460259,12859850729.88,21,966175.4140625,0.01706644893303,1,1,23.277375948369702,21,13.781101719774163,0.016922453115880372,8.062892899710281,H__2025-11-06,481,2,1,0,H__2025-11-06,H,H,2025-11-06,2025-11-06T11:55:00Z,1,exact_ric_plus_event_date,ric_exact,0,TRUE,matched,NA
657073,AKAM.N,AKAM,akam-quarterly-earnings-nongaap-eps-11-06-2025-1pt64,2025-11-06T21:01:00Z,2025-11-06,NA,9,9,1,0.024741666666666332,0.0144,15622.318359,10353981106.89,26,24574.1171875,0.018932833456849,1,1,23.060636930708405,26,10.109489713569614,0.01875583789430525,9.6565198437886135,AKAM.N__2025-11-06,482,2,1,0,AKAM.N__2025-11-06,AKAM.N,AKAM,2025-11-06,2025-11-06T21:01:00Z,1,exact_ric_plus_event_date,ric_exact,0,TRUE,matched,NA
657079,MRNA.N,MRNA,mrna-quarterly-earnings-gaap-eps-11-06-2025-neg2pt18,2025-11-06T13:30:00Z,2025-11-06,NA,9,8,1,0.0421656249999995,0.0225,6760.015133,9278638410,26,178642.65625,0.037547813213707,1,1,22.950980649919295,26,12.093148353445208,0.03686005708609392,8.818928325366533,MRNA.N__2025-11-06,483,3,1,0,MRNA.N__2025-11-06,MRNA.N,MRNA,2025-11-06,2025-11-06T13:30:00Z,1,exact_ric_plus_event_date,ric_exact,0,TRUE,matched,NA
657080,DBX.N,DBX,dbx-quarterly-earnings-nongaap-eps-11-06-2025-0pt65,2025-11-06T21:04:00Z,2025-11-06,NA,9,9,1,0.013916666666665889,0.0169,25806.338777,7495678129.37,13,51103.046875,0.015000503934424,1,1,22.737592441975835,13,10.8416189682615,0.014889108980744647,10.158414179182772,DBX.N__2025-11-06,484,2,1,0,DBX.N__2025-11-06,DBX.N,DBX,2025-11-06,2025-11-06T21:04:00Z,1,exact_ric_plus_event_date,ric_exact,0,TRUE,matched,NA
657085,OS.N,OS,os-quarterly-earnings-gaap-eps-11-06-2025-neg0pt14,2025-11-06T21:05:00Z,2025-11-06,NA,9,9,1,0.07984722222222178,0.07562500000000001,13116.459201,4532460860.07,19,21231.8984375,0.02786507985869,1,1,22.23453086516052,19,9.963307070931998,0.02748391314591092,9.481699385283493,OS.N__2025-11-06,485,2,1,0,OS.N__2025-11-06,OS.N,OS,2025-11-06,2025-11-06T21:05:00Z,1,exact_ric_plus_event_date,ric_exact,0,TRUE,matched,NA
657086,CRSP.N,CRSP,crsp-quarterly-earnings-gaap-eps-11-04-2025-neg1pt24,2025-11-10T13:00:00Z,2025-11-10,NA,9,9,1,0.15358055555555522,0.126025,11810.2227,5252948842.96,29,30272.858267716536,0.039141111768052,1,1,22.382055440237654,29,10.318039855661176,0.03839451787875859,9.376805434738465,CRSP.N__2025-11-10,486,2,1,0,CRSP.N__2025-11-10,CRSP.N,CRSP,2025-11-10,2025-11-10T13:00:00Z,1,exact_ric_plus_event_date,ric_exact,0,TRUE,matched,NA
657290,PTON.N,PTON,pton-quarterly-earnings-gaap-eps-11-06-2025-0,2025-11-06T21:01:02Z,2025-11-06,NA,9,9,1,0.2519305555555552,0.286224999999999,5317.694975,2953891757.04,19,239189.1328125,0.044060619871508,1,1,21.806389377540633,19,12.385014049423914,0.043117552785762465,8.578983246792259,PTON.N__2025-11-06,487,2,1,0,PTON.N__2025-11-06,PTON.N,PTON,2025-11-06,2025-11-06T21:01:02Z,1,exact_ric_plus_event_date,ric_exact,0,TRUE,matched,NA
657295,ICUI.N,ICUI,icui-quarterly-earnings-nongaap-eps-11-06-2025-1pt43,2025-11-06T21:00:00Z,2025-11-06,NA,9,9,1,0.03992777777777722,0.0144,8405.379996,3144586750.8,7,5008.34375,0.026463534440271,1,1,21.868948319673503,7,8.519060197475278,0.026119432676608934,9.036746219872859,ICUI.N__2025-11-06,488,2,1,0,ICUI.N__2025-11-06,ICUI.N,ICUI,2025-11-06,2025-11-06T21:00:00Z,1,exact_ric_plus_event_date,ric_exact,0,TRUE,matched,NA
657300,WRBY.N,WRBY,wrby-quarterly-earnings-gaap-eps-11-06-2025-0pt05,2025-11-06T11:45:00Z,2025-11-06,NA,9,8,1,0.12977812499999974,0.065025,10335.650925,2400538575.45,14,666010.6328125,0.031725851608596,1,1,21.598958955562452,14,13.409062416055422,0.031232984102690545,9.243451200529385,WRBY.N__2025-11-06,489,4,2,0,WRBY.N__2025-11-06,WRBY.N,WRBY,2025-11-06,2025-11-06T11:45:00Z,1,exact_ric_plus_event_date,ric_exact,0,TRUE,matched,NA
657371,CGBD.N,CGBD,cgbd-quarterly-earnings-gaap-eps-11-04-2025-0pt39,2025-11-04T21:00:00Z,2025-11-04,NA,9,6,1,0.15416666666666617,0.148225,3680.877756,920035620.22,7,14582.062992125984,0.012456869755367,1,1,20.639922944888287,7,9.587616065263036,0.01237992131876924,8.21117816080733,CGBD.N__2025-11-04,490,2,1,0,CGBD.N__2025-11-04,CGBD.N,CGBD,2025-11-04,2025-11-04T21:00:00Z,1,exact_ric_plus_event_date,ric_exact,0,TRUE,matched,NA
657435,RIVN.N,RIVN,rivn-quarterly-earnings-gaap-eps-11-04-2025-neg0pt86,2025-11-04T21:03:00Z,2025-11-04,NA,9,6,1,0.35413333333333336,0.525625,12842.033515,16169793986.85,30,606039.125984252,0.027499727359919,1,1,23.50641076999972,30,13.314701477354834,0.02712840204507289,9.460556804402424,RIVN.N__2025-11-04,491,2,1,0,RIVN.N__2025-11-04,RIVN.N,RIVN,2025-11-04,2025-11-04T21:03:00Z,1,exact_ric_plus_event_date,ric_exact,0,TRUE,matched,NA
657445,AMD.N,AMD,amd-quarterly-earnings-nongaap-eps-11-04-2025-1pt17,2025-11-04T21:15:02Z,2025-11-04,NA,9,6,1,0.011168583333332833,0.009408999999999,41628.045143,416973999224.8,54,465309.48412698414,0.034972652076307,1,1,26.75628970482235,54,13.050460169551785,0.034375003253556524,10.636553403173627,AMD.N__2025-11-04,492,2,1,0,AMD.N__2025-11-04,AMD.N,AMD,2025-11-04,2025-11-04T21:15:02Z,1,exact_ric_plus_event_date,ric_exact,0,TRUE,matched,NA
657454,SHOP.N,SHOP,shop-quarterly-earnings-gaap-eps-11-04-2025-0pt25,2025-11-04T12:01:37Z,2025-11-04,NA,9,6,1,0.7946205833333331,0.732735999999999,27982.267873,226338405550.84,45,142702.37301587302,0.032765088788793,1,1,26.145297085972516,45,11.86852344029751,0.0322397574894289,10.239362034573375,SHOP.N__2025-11-04,493,2,1,0,SHOP.N__2025-11-04,SHOP.N,SHOP,2025-11-04,2025-11-04T12:01:37Z,1,exact_ric_plus_event_date,ric_exact,0,TRUE,matched,NA
658478,USAR.N,USAR,usar-quarterly-earnings-nongaap-eps-11-06-2025-neg0pt07,2025-11-06T21:00:00Z,2025-11-06,NA,9,8,1,0.5370499999999998,0.324899999999999,5333.213212,2237612524.07,5,79449.59375,0.077397809914447,1,1,21.52867529693593,5,11.282890645190555,0.07454869851157779,8.581896676196559,USAR.N__2025-11-06,494,1,1,0,USAR.N__2025-11-06,USAR.N,USAR,2025-11-06,2025-11-06T21:00:00Z,1,exact_ric_plus_event_date,ric_exact,0,TRUE,matched,NA
658481,MRX.N,MRX,mrx-quarterly-earnings-nongaap-eps-11-06-2025-0pt94,2025-11-06T12:00:06Z,2025-11-06,NA,9,7,1,0.09247142857142815,0.005624999999999,4495.889884,2238730685.38,9,13573.171875,0.023377729626048,1,1,21.52917488388936,9,9.515924139258095,0.023108655989333052,8.41114129992432,MRX.N__2025-11-06,495,2,1,0,MRX.N__2025-11-06,MRX.N,MRX,2025-11-06,2025-11-06T12:00:06Z,1,exact_ric_plus_event_date,ric_exact,0,TRUE,matched,NA
658486,YELP.N,YELP,yelp-quarterly-earnings-gaap-eps-11-06-2025-0pt53,2025-11-06T21:05:02Z,2025-11-06,NA,9,8,1,0.10215312499999937,0.448899999999999,8373.140564,1929618614.82,11,312364.796875,0.021919956525106,1,1,21.38058821143444,11,12.651930205918532,0.021683168288775725,9.032903732203673,YELP.N__2025-11-06,496,4,2,0,YELP.N__2025-11-06,YELP.N,YELP,2025-11-06,2025-11-06T21:05:02Z,1,exact_ric_plus_event_date,ric_exact,0,TRUE,matched,NA
658487,UAA,UAA,uaa-quarterly-earnings-nongaap-eps-11-06-2025-0pt02,2025-11-06T11:55:00Z,2025-11-06,NA,9,7,1,0.12550714285714243,0.1296,5060.60872,1862915446.08,29,12187919.6484375,0.030185377372002,1,1,21.345408541642172,29,16.31595590843621,0.0297387640785115,8.529439640606597,UAA__2025-11-06,497,2,1,0,UAA__2025-11-06,UAA,UAA,2025-11-06,2025-11-06T11:55:00Z,1,exact_ric_plus_event_date,ric_exact,0,TRUE,matched,NA
658488,TRIP.N,TRIP,trip-quarterly-earnings-nongaap-eps-11-06-2025-0pt55,2025-11-06T12:05:00Z,2025-11-06,NA,9,7,1,0.033824999999999716,0.024025,21450.536579,1731412500.59,18,67173.1015625,0.034497166948607,1,1,21.272203386651732,18,11.115043058812933,0.03391547962900706,9.973551557175087,TRIP.N__2025-11-06,498,2,1,0,TRIP.N__2025-11-06,TRIP.N,TRIP,2025-11-06,2025-11-06T12:05:00Z,1,exact_ric_plus_event_date,ric_exact,0,TRUE,matched,NA
658493,PZZA.N,PZZA,pzza-quarterly-earnings-nongaap-eps-11-06-2025-0pt41,2025-11-06T12:00:01Z,2025-11-06,NA,9,7,1,0.6234607142857141,0.6241000000000001,11276.418105,1425355913.52,17,16979.0703125,0.032877594531724,1,1,21.077687383354906,17,9.739795600757825,0.03234868798738065,9.330557607451706,PZZA.N__2025-11-06,499,2,1,0,PZZA.N__2025-11-06,PZZA.N,PZZA,2025-11-06,2025-11-06T12:00:01Z,1,exact_ric_plus_event_date,ric_exact,0,TRUE,matched,NA
658498,SG,SG,sg-quarterly-earnings-gaap-eps-11-06-2025-neg0pt17,2025-11-06T21:05:02Z,2025-11-06,NA,9,8,1,0.168128125,0.1296,10571.830012,765876810.27,14,5798246.5859375,0.047544705311077,1,1,20.456531892669776,14,15.573066289507452,0.04644905000473831,9.266042783047242,SG__2025-11-06,500,2,1,0,SG__2025-11-06,SG,SG,2025-11-06,2025-11-06T21:05:02Z,1,exact_ric_plus_event_date,ric_exact,0,TRUE,matched,NA
658499,GPRO.N,GPRO,gpro-quarterly-earnings-nongaap-eps-11-06-2025-neg0pt04,2025-11-06T21:05:00Z,2025-11-06,NA,9,8,1,0.24438437499999988,0.07562500000000001,8964.650029,282719046.75,2,141580.03125,0.07284068527884201,1,1,19.45996419481945,2,11.860627491169431,0.07030997664992852,9.101155890828434,GPRO.N__2025-11-06,501,2,1,0,GPRO.N__2025-11-06,GPRO.N,GPRO,2025-11-06,2025-11-06T21:05:00Z,1,exact_ric_plus_event_date,ric_exact,0,TRUE,matched,NA
658526,BIRD.N,BIRD,bird-quarterly-earnings-gaap-eps-11-06-2025-neg2pt66,2025-11-06T21:05:16Z,2025-11-06,NA,9,8,1,0.11598124999999924,0.039999999999999,7799.572031,66854568.88,3,319.7345132743363,0.08643349973796001,1,1,18.018030204427358,3,5.770613719475333,0.08290031289361206,8.961952347296327,BIRD.N__2025-11-06,502,1,1,0,BIRD.N__2025-11-06,BIRD.N,BIRD,2025-11-06,2025-11-06T21:05:16Z,1,exact_ric_plus_event_date,ric_exact,0,TRUE,matched,NA
658547,BZFD.N,BZFD,bzfd-quarterly-earnings-gaap-eps-11-06-2025-neg0pt06,2025-11-06T21:10:00Z,2025-11-06,NA,9,8,1,0.19967812499999987,0.126025,1336.252219,60648834.62,1,1325.5546875,0.040587792309533,1,1,17.920610978330483,1,7.190340399640918,0.03978573840945511,7.198372204785567,BZFD.N__2025-11-06,503,1,1,0,BZFD.N__2025-11-06,BZFD.N,BZFD,2025-11-06,2025-11-06T21:10:00Z,1,exact_ric_plus_event_date,ric_exact,0,TRUE,matched,NA
658568,KKR,KKR,kkr-quarterly-earnings-nongaap-eps-11-07-2025-1pt29,2025-11-07T13:30:00Z,2025-11-07,NA,9,8,1,0.054518749999999255,0.009999999999999,12921.734793,105924893915.25,21,3825740.578125,0.020608335126098,1,1,25.38599613195039,21,15.157262883085114,0.020398856502586233,9.466743426222218,KKR__2025-11-07,504,2,1,0,KKR__2025-11-07,KKR,KKR,2025-11-07,2025-11-07T13:30:00Z,1,exact_ric_plus_event_date,ric_exact,0,TRUE,matched,NA
658579,BRKA,BRK.A,brka-quarterly-earnings-gaap-eps-11-01-2025-8849,2025-11-01T12:00:00Z,2025-11-01,NA,9,2,1,0.2475125,NA,1384.0051,1029915706578.06,3,383.9296875,0.009127016092789,1,0,27.66049807654743,3,5.953060687738789,0.00908561659334235,7.233459100925129,BRKA__2025-11-01,505,4,2,0,BRKA__2025-11-01,BRKA,BRKA,2025-11-01,2025-11-01T12:00:00Z,1,exact_ric_plus_event_date,ric_exact,0,TRUE,matched,NA
658589,CELH.N,CELH,celh-quarterly-earnings-gaap-eps-11-06-2025-0pt26,2025-11-06T11:00:00Z,2025-11-06,NA,9,7,1,0.582253571428571,0.714024999999999,58468.980582,15353692289.32,24,93662.6953125,0.027821665118219,1,1,23.454621822075353,24,11.447465936502251,0.027441674472549294,10.976268749067728,CELH.N__2025-11-06,506,2,1,0,CELH.N__2025-11-06,CELH.N,CELH,2025-11-06,2025-11-06T11:00:00Z,1,exact_ric_plus_event_date,ric_exact,0,TRUE,matched,NA
658619,BEN,BEN,ben-quarterly-earnings-nongaap-eps-11-07-2025-0pt59,2025-11-07T13:30:00Z,2025-11-07,NA,9,8,1,0.1478124999999995,0.034225,21514.79079,11857290400.8,11,4325168.3515625,0.014800531187118,1,1,23.19620873905124,11,15.279961854012159,0.014692072183055759,9.97654239988425,BEN__2025-11-07,507,2,1,0,BEN__2025-11-07,BEN,BEN,2025-11-07,2025-11-07T13:30:00Z,1,exact_ric_plus_event_date,ric_exact,0,TRUE,matched,NA
658624,MKTX.N,MKTX,mktx-quarterly-earnings-gaap-eps-11-07-2025-1pt68,2025-11-07T13:30:00Z,2025-11-07,NA,9,8,1,0.12836562499999962,0.048399999999999,18345.98631,5984612788,16,9601.3984375,0.017266259506936,1,1,22.51245747678738,16,9.169768183491385,0.017118891558539785,9.817220606207405,MKTX.N__2025-11-07,508,2,1,0,MKTX.N__2025-11-07,MKTX.N,MKTX,2025-11-07,2025-11-07T13:30:00Z,1,exact_ric_plus_event_date,ric_exact,0,TRUE,matched,NA
658859,GT.N,GT,gt-quarterly-earnings-nongaap-eps-11-03-2025-0pt16,2025-11-03T21:30:00Z,2025-11-03,NA,9,4,1,0.34168750000000003,0.27040000000000003,9762.898791,1971648663.01,14,145881.71653543308,0.028959389172417,1,1,21.402135914480148,14,11.890558266461827,0.028547989768352072,9.186447065932704,GT.N__2025-11-03,509,2,1,0,GT.N__2025-11-03,GT.N,GT,2025-11-03,2025-11-03T21:30:00Z,1,exact_ric_plus_event_date,ric_exact,0,TRUE,matched,NA
658905,WEN.N,WEN,wen-quarterly-earnings-nongaap-eps-11-07-2025-0pt2,2025-11-07T12:00:00Z,2025-11-07,NA,9,8,1,0.2321593749999999,0.31922499999999904,18789.336584,1728285211.48,29,133757.1875,0.020770288632065,1,1,21.270395546648352,29,11.803788877837965,0.020557527220915427,9.841098005179488,WEN.N__2025-11-07,510,2,1,0,WEN.N__2025-11-07,WEN.N,WEN,2025-11-07,2025-11-07T12:00:00Z,1,exact_ric_plus_event_date,ric_exact,0,TRUE,matched,NA
658909,AMC,AMC,amc-quarterly-earnings-nongaap-eps-11-05-2025-neg0pt22,2025-11-05T21:21:00Z,2025-11-05,NA,9,6,1,0.0846291666666665,0.0144,3161.523883,1287488338.11,7,15025730.5625,0.037325910354559,1,1,20.9759591326825,7,16.525274726884103,0.036646161794565126,8.05912568494402,AMC__2025-11-05,511,3,1,0,AMC__2025-11-05,AMC,AMC,2025-11-05,2025-11-05T21:21:00Z,1,exact_ric_plus_event_date,ric_exact,0,TRUE,matched,NA
667880,OXY,OXY,oxy-quarterly-earnings-nongaap-eps-11-10-2025-0pt51,2025-11-10T21:15:00Z,2025-11-10,NA,9,6,1,0.03948333333333267,0.044099999999999,21738.19238,40699043028.54,26,10794556.188976375,0.019246312736837,1,1,24.429470416306245,26,16.19455260107825,0.019063445086779245,9.986872010951119,OXY__2025-11-10,512,3,1,0,OXY__2025-11-10,OXY,OXY,2025-11-10,2025-11-10T21:15:00Z,1,exact_ric_plus_event_date,ric_exact,0,TRUE,matched,NA
667887,TSN,TSN,tsn-quarterly-earnings-nongaap-eps-11-10-2025-0pt83,2025-11-10T12:30:00Z,2025-11-10,NA,9,5,1,0.0284649999999994,0.0169,17692.167868,18598889461.2,14,2746252.440944882,0.011552875384066,1,1,23.646367709495973,14,14.82574815564144,0.011486650489829348,9.780933847888036,TSN__2025-11-10,513,2,1,0,TSN__2025-11-10,TSN,TSN,2025-11-10,2025-11-10T12:30:00Z,1,exact_ric_plus_event_date,ric_exact,0,TRUE,matched,NA
667902,TSEM.N,TSEM,tsem-quarterly-earnings-gaap-eps-11-10-2025-0pt45,2025-11-10T12:00:00Z,2025-11-10,NA,9,5,1,0.0412999999999992,0.042024999999999,30192.669045,9402858499.09,6,12909.952755905511,0.028756618239429,1,1,22.964279575642532,6,9.465831280955376,0.028350906271004568,10.315387547115103,TSEM.N__2025-11-10,514,2,1,0,TSEM.N__2025-11-10,TSEM.N,TSEM,2025-11-10,2025-11-10T12:00:00Z,1,exact_ric_plus_event_date,ric_exact,0,TRUE,matched,NA
667903,HHH,HHH,hhh-quarterly-earnings-gaap-eps-11-10-2025-1pt53,2025-11-10T12:00:00Z,2025-11-10,NA,9,5,1,0.0555199999999994,0.07022500000000001,7159.121119,4756621986.4,3,420607.22047244094,0.015593060716608,1,1,22.282803586534424,3,12.94945708669227,0.015472738131668017,8.876282175873069,HHH__2025-11-10,515,2,1,0,HHH__2025-11-10,HHH,HHH,2025-11-10,2025-11-10T12:00:00Z,1,exact_ric_plus_event_date,ric_exact,0,TRUE,matched,NA
667905,ETOR.N,ETOR,etor-quarterly-earnings-gaap-eps-11-10-2025-0pt55,2025-11-10T12:00:01Z,2025-11-10,NA,9,5,1,0.3955499999999998,0.4356,27625.11139,2919595101.44,15,12817.33870967742,0.035275501823151,1,1,21.794710779721463,15,9.458632136249097,0.03466757663267909,10.226516669323013,ETOR.N__2025-11-10,516,2,1,0,ETOR.N__2025-11-10,ETOR.N,ETOR,2025-11-10,2025-11-10T12:00:01Z,1,exact_ric_plus_event_date,ric_exact,0,TRUE,matched,NA
667914,GETY.N,GETY,gety-quarterly-earnings-gaap-eps-11-10-2025-0pt04,2025-11-10T21:07:00Z,2025-11-10,NA,9,6,1,0.5431958333333333,0.5776,25854.250299,736072520.37,3,303975.7559055118,0.041885440501563,1,1,20.416839204950495,3,12.624706516627947,0.04103199535003776,10.160268965657568,GETY.N__2025-11-10,517,2,2,0,GETY.N__2025-11-10,GETY.N,GETY,2025-11-10,2025-11-10T21:07:00Z,1,exact_ric_plus_event_date,ric_exact,0,TRUE,matched,NA
667915,CHGG.N,CHGG,chgg-quarterly-earnings-nongaap-eps-11-10-2025-neg0pt08,2025-11-10T21:05:00Z,2025-11-10,NA,9,6,1,0.34728333333333317,0.354025,21861.005934,97351411.9172,4,637845.2936507936,0.07488218417688601,1,1,18.39383779319246,4,13.36585261425863,0.07221105945900849,9.992505520283622,CHGG.N__2025-11-10,518,4,2,0,CHGG.N__2025-11-10,CHGG.N,CHGG,2025-11-10,2025-11-10T21:05:00Z,1,exact_ric_plus_event_date,ric_exact,0,TRUE,matched,NA
667924,BCSF.N,BCSF,bcsf-quarterly-earnings-gaap-eps-11-10-2025-0pt45,2025-11-10T22:26:00Z,2025-11-10,NA,9,6,1,0.33696666666666636,0.324899999999999,17157.826271,901023562.23,3,82909.61904761905,0.01234950253957,1,1,20.619041966429343,3,11.325518427583646,0.012273869483525419,9.750267971576752,BCSF.N__2025-11-10,519,4,2,0,BCSF.N__2025-11-10,BCSF.N,BCSF,2025-11-10,2025-11-10T22:26:00Z,1,exact_ric_plus_event_date,ric_exact,0,TRUE,matched,NA
668446,REAL.N,REAL,real-quarterly-earnings-nongaap-eps-11-10-2025-neg0pt06,2025-11-10T21:05:01Z,2025-11-10,NA,9,5,1,0.0399449999999994,0.027225,20449.054715,1282344488.53,8,69237.86614173229,0.043627766891423,1,1,20.97195587115021,8,11.14531763338674,0.04270288075996394,9.925740837017491,REAL.N__2025-11-10,520,2,1,0,REAL.N__2025-11-10,REAL.N,REAL,2025-11-10,2025-11-10T21:05:01Z,1,exact_ric_plus_event_date,ric_exact,0,TRUE,matched,NA
668447,TBPH.N,TBPH,tbph-quarterly-earnings-gaap-eps-11-10-2025-neg0pt13,2025-11-10T21:05:00Z,2025-11-10,NA,9,5,1,0.19127499999999942,0.198024999999999,10530.68682,747418357.25,6,5696.834645669292,0.026129290573394,1,1,20.432135636193827,6,8.647841494922714,0.02579375301354265,9.262143784131538,TBPH.N__2025-11-10,521,2,1,0,TBPH.N__2025-11-10,TBPH.N,TBPH,2025-11-10,2025-11-10T21:05:00Z,1,exact_ric_plus_event_date,ric_exact,0,TRUE,matched,NA
668448,IHRT.N,IHRT,ihrt-quarterly-earnings-gaap-eps-11-10-2025-neg0pt01,2025-11-10T21:00:00Z,2025-11-10,NA,9,5,1,0.1047349999999996,0.065025,14905.804877,686224436.4,4,16073.141732283464,0.056912267754078,1,1,20.34671529894663,4,9.68496715622063,0.05535170226457797,9.60957309083077,IHRT.N__2025-11-10,522,2,1,0,IHRT.N__2025-11-10,IHRT.N,IHRT,2025-11-10,2025-11-10T21:00:00Z,1,exact_ric_plus_event_date,ric_exact,0,TRUE,matched,NA
668453,OKLO.N,OKLO,oklo-quarterly-earnings-gaap-eps-11-11-2025-neg0pt12,2025-11-11T21:00:00Z,2025-11-11,NA,9,6,1,0.14419583333333316,0.2116,18381.3387,17424673804,18,3343557.275590551,0.06965413222061201,1,1,23.581153073417777,18,15.022546149841416,0.06733535530489362,9.819145629382078,OKLO.N__2025-11-11,523,2,2,0,OKLO.N__2025-11-11,OKLO.N,OKLO,2025-11-11,2025-11-11T21:00:00Z,1,exact_ric_plus_event_date,ric_exact,0,TRUE,matched,NA
668459,FLUT.N,FLUT,flut-quarterly-earnings-nongaap-eps-11-12-2025-0pt53,2025-11-12T21:05:00Z,2025-11-12,NA,9,7,1,0.13603214285714244,0.044099999999999,20070.875178,40286893932.3,26,616548.8897637795,0.02112311772362,1,1,24.41929204040795,26,13.331894522503395,0.02090311734228844,9.907074869314288,FLUT.N__2025-11-12,524,4,2,0,FLUT.N__2025-11-12,FLUT.N,FLUT,2025-11-12,2025-11-12T21:05:00Z,1,exact_ric_plus_event_date,ric_exact,0,TRUE,matched,NA
668460,CRCL.N,CRCL,crcl-quarterly-earnings-gaap-eps-11-12-2025-0pt17,2025-11-12T11:25:00Z,2025-11-12,NA,9,7,1,0.033078571428570715,0.012099999999999,66610.940007,24513009023.1,21,2324235.4454545453,0.078564996662198,1,1,23.922469794111503,21,14.658902132507853,0.07563145082828761,11.106639119844237,CRCL.N__2025-11-12,525,4,2,0,CRCL.N__2025-11-12,CRCL.N,CRCL,2025-11-12,2025-11-12T11:25:00Z,1,exact_ric_plus_event_date,ric_exact,0,TRUE,matched,NA
668465,RUM.N,RUM,rum-quarterly-earnings-gaap-eps-11-12-2025-neg0pt06,2025-11-10T05:46:51Z,2025-11-10,NA,9,5,1,0.2694349999999998,0.275625,16945.288925,1997129974.67,4,44022.0873015873,0.034470061004277,1,1,21.414976974224597,4,10.69246948668722,0.03388927723781851,9.737804146359316,RUM.N__2025-11-10,526,2,1,0,RUM.N__2025-11-10,RUM.N,RUM,2025-11-10,2025-11-10T05:46:51Z,1,exact_ric_plus_event_date,ric_exact,0,TRUE,matched,NA
668474,PLBY.N,PLBY,plby-quarterly-earnings-gaap-eps-11-12-2025-neg0pt02,2025-11-12T21:08:09Z,2025-11-12,NA,9,7,1,0.5441785714285713,0.6006250000000001,13054.090025,145472452.2,3,4516.203125,0.042497470917993,1,1,18.7954972946915,3,8.415648303649506,0.0416192487099324,9.476933376934808,PLBY.N__2025-11-12,527,2,1,0,PLBY.N__2025-11-12,PLBY.N,PLBY,2025-11-12,2025-11-12T21:08:09Z,1,exact_ric_plus_event_date,ric_exact,0,TRUE,matched,NA
668475,PXLW.N,PXLW,pxlw-quarterly-earnings-nongaap-eps-11-11-2025-neg0pt86,2025-11-11T21:05:00Z,2025-11-11,NA,9,6,1,0.018841666666666333,0.0256,25679.56781,38579430.85,1,1006.963963963964,0.12300273380217,1,1,17.46822981287062,1,6.915687697956516,0.11600611012749264,10.153489868540762,PXLW.N__2025-11-11,528,1,1,0,PXLW.N__2025-11-11,PXLW.N,PXLW,2025-11-11,2025-11-11T21:05:00Z,1,exact_ric_plus_event_date,ric_exact,0,TRUE,matched,NA
668496,CSCO.N,CSCO,csco-quarterly-earnings-nongaap-eps-11-12-2025-0pt98,2025-11-12T21:05:00Z,2025-11-12,NA,9,7,1,0.007682142857142,0.004224999999999,30270.51089,282589383152.68,25,420278.03125,0.0124588224993,1,1,26.367260738029273,25,12.94867412978911,0.012381850035051573,10.31796231454613,CSCO.N__2025-11-12,529,2,1,0,CSCO.N__2025-11-12,CSCO.N,CSCO,2025-11-12,2025-11-12T21:05:00Z,1,exact_ric_plus_event_date,ric_exact,0,TRUE,matched,NA
668497,DIS,DIS,dis-quarterly-earnings-nongaap-eps-11-13-2025-1pt02,2025-11-13T11:40:00Z,2025-11-13,NA,9,8,1,0.012662499999999374,0.01822499999999999,45468.518294,205040423963.1,32,8556080.703125,0.010655088466577,1,1,26.04647298670932,32,15.962152898358685,0.010598723043667789,10.724797452832876,DIS__2025-11-13,530,2,1,0,DIS__2025-11-13,DIS,DIS,2025-11-13,2025-11-13T11:40:00Z,1,exact_ric_plus_event_date,ric_exact,0,TRUE,matched,NA
668506,AMAT.N,AMAT,amat-quarterly-earnings-nongaap-eps-11-13-2025-2pt1,2025-11-13T21:01:02Z,2025-11-13,NA,9,8,1,0.014618749999999125,0.012099999999999,28200.530007,182168223782.09,33,95683.484375,0.025980116682875,1,1,25.928196403610002,33,11.468811436553976,0.02564836710940491,10.2471315110218,AMAT.N__2025-11-13,531,2,1,0,AMAT.N__2025-11-13,AMAT.N,AMAT,2025-11-13,2025-11-13T21:01:02Z,1,exact_ric_plus_event_date,ric_exact,0,TRUE,matched,NA
668511,NMAX.N,NMAX,nmax-quarterly-earnings-gaap-eps-11-13-2025-neg0pt07,2025-11-13T21:00:00Z,2025-11-13,NA,9,8,1,0.42205937499999974,0.511225,13701.313484,1136336247.2,2,135537.625,0.045665100188655,1,1,20.851075105701828,2,11.817011934031889,0.04465314247299276,9.52531996500497,NMAX.N__2025-11-13,532,2,2,0,NMAX.N__2025-11-13,NMAX.N,NMAX,2025-11-13,2025-11-13T21:00:00Z,1,exact_ric_plus_event_date,ric_exact,0,TRUE,matched,NA
668512,GAMB.N,GAMB,gamb-quarterly-earnings-nongaap-eps-11-13-2025-0pt16,2025-11-13T12:00:00Z,2025-11-13,NA,9,8,1,0.025068749999999747,0.0169,16187.800889,240541568.64,7,11769.375,0.029325910560735,1,1,19.298403475152494,7,9.373341060409484,0.028904132225609648,9.692074979012125,GAMB.N__2025-11-13,533,1,1,0,GAMB.N__2025-11-13,GAMB.N,GAMB,2025-11-13,2025-11-13T12:00:00Z,1,exact_ric_plus_event_date,ric_exact,0,TRUE,matched,NA
668514,SPCE.N,SPCE,spce-quarterly-earnings-gaap-eps-11-13-2025-neg1pt5,2025-11-13T21:05:00Z,2025-11-13,NA,9,8,1,0.054684374999999626,0.021025,27719.642285,230048891.8,9,736192.8671875,0.056324099270505,1,1,19.2538024173405,9,13.509248769530366,0.05479505038413671,10.229932623489955,SPCE.N__2025-11-13,534,2,2,0,SPCE.N__2025-11-13,SPCE.N,SPCE,2025-11-13,2025-11-13T21:05:00Z,1,exact_ric_plus_event_date,ric_exact,0,TRUE,matched,NA
668515,BTM.N,BTM,btm-quarterly-earnings-gaap-eps-11-13-2025-0pt1,2025-11-13T13:30:00Z,2025-11-13,NA,9,8,1,0.16006249999999975,0.1521,17993.28118,193799721.08,3,5107.8125,0.066756214988005,1,1,19.082335818204218,3,8.538722268716059,0.0646224691650916,9.79780927417486,BTM.N__2025-11-13,535,2,1,0,BTM.N__2025-11-13,BTM.N,BTM,2025-11-13,2025-11-13T13:30:00Z,1,exact_ric_plus_event_date,ric_exact,0,TRUE,matched,NA
668520,SNEX.N,SNEX,snex-quarterly-earnings-gaap-eps-11-18-2025-1pt56,2025-11-24T21:00:00Z,2025-11-24,NA,9,9,1,0.04133055555555489,0.048399999999999,46409.815208,4373336115.61,2,6805.0952380952385,0.025151850804814,1,1,22.198791967985354,2,8.825573848218198,0.02484074874431744,10.745287797433248,SNEX.N__2025-11-24,536,2,1,0,SNEX.N__2025-11-24,SNEX.N,SNEX,2025-11-24,2025-11-24T21:00:00Z,1,exact_ric_plus_event_date,ric_exact,0,TRUE,matched,NA
668521,QUBT.N,QUBT,qubt-quarterly-earnings-gaap-eps-11-14-2025-neg0pt06,2025-11-14T21:05:00Z,2025-11-14,NA,9,9,1,0.4695722222222219,0.46239999999999903,18836.78104,2247956739.12,3,506710.234375,0.07703488944616001,1,1,21.53328752462898,3,13.135696562868105,0.07421179267847612,9.843619762000634,QUBT.N__2025-11-14,537,2,1,0,QUBT.N__2025-11-14,QUBT.N,QUBT,2025-11-14,2025-11-14T21:05:00Z,1,exact_ric_plus_event_date,ric_exact,0,TRUE,matched,NA
668522,DEFT.N,DEFT,deft-quarterly-earnings-gaap-eps-11-13-2025-0pt05,2025-11-14T12:05:00Z,2025-11-14,NA,9,9,1,0.15449166666666644,0.46922500000000006,9008.982979,661268932.524099,8,172121.3515625,0.050109627256708,1,1,20.309671172143318,8,12.05596084920234,0.04889456563056027,9.106088461477404,DEFT.N__2025-11-14,538,1,1,0,DEFT.N__2025-11-14,DEFT.N,DEFT,2025-11-14,2025-11-14T12:05:00Z,1,exact_ric_plus_event_date,ric_exact,0,TRUE,matched,NA
674909,WSM,WSM,wsm-quarterly-earnings-gaap-eps-11-19-2025-1pt86,2025-11-19T14:00:02Z,2025-11-19,NA,9,9,1,0.027783333333333,0.030625,4450.411936,21830746680,24,1367674.535433071,0.02106273881509,1,1,23.80658521122931,24,14.128623167331634,0.020843985693369933,8.400976613823543,WSM__2025-11-19,539,1,1,0,WSM__2025-11-19,WSM,WSM,2025-11-19,2025-11-19T14:00:02Z,1,exact_ric_plus_event_date,ric_exact,0,TRUE,matched,NA
674910,WWD.N,WWD,wwd-quarterly-earnings-gaap-eps-11-24-2025-1pt88,2025-11-24T21:00:00Z,2025-11-24,NA,9,9,1,0.01489166666666611,0.007224999999999,18452.209102,15753126256.7,11,8205.761904761905,0.014628240596712,1,1,23.480304675009915,11,9.012713715969923,0.01452227998022966,9.822993569411475,WWD.N__2025-11-24,540,2,1,0,WWD.N__2025-11-24,WWD.N,WWD,2025-11-24,2025-11-24T21:00:00Z,1,exact_ric_plus_event_date,ric_exact,0,TRUE,matched,NA
674911,FEMY.N,FEMY,femy-quarterly-earnings-gaap-eps-11-11-2025-neg0pt12,2025-11-14T21:01:00Z,2025-11-14,NA,9,6,1,0.42974166666666647,0.476099999999999,5958.985218,48339422.5184,3,13565.475247524751,0.109711113968358,1,1,17.69375798692084,3,9.515356973143977,0.10409972376516995,8.692823279854977,FEMY.N__2025-11-14,541,1,1,0,FEMY.N__2025-11-14,FEMY.N,FEMY,2025-11-14,2025-11-14T21:01:00Z,1,exact_ric_plus_event_date,ric_exact,0,TRUE,matched,NA
674912,HD,HD,hd-quarterly-earnings-nongaap-eps-11-18-2025-3pt85,2025-11-18T13:30:00Z,2025-11-18,NA,9,9,1,0.25443333333333323,0.4290250000000001,46598.316583,360688305406.92,37,3466707.722222222,0.011733302600566,1,1,26.61128000239218,37,15.058716206780163,0.011665001154151079,10.749341154405338,HD__2025-11-18,542,2,1,0,HD__2025-11-18,HD,HD,2025-11-18,2025-11-18T13:30:00Z,1,exact_ric_plus_event_date,ric_exact,0,TRUE,matched,NA
674921,FRO,FRO,fro-quarterly-earnings-nongaap-eps-11-28-2025-0pt23,2025-11-21T06:29:00Z,2025-11-21,NA,9,9,1,0.11229166666666644,0.112225,17905.010287,5563345996.11,8,2569774.390625,0.026054518727618,1,1,22.439465562062697,8,14.759329056408124,0.02572088249826989,9.792891705694103,FRO__2025-11-21,543,2,1,0,FRO__2025-11-21,FRO,FRO,2025-11-21,2025-11-21T06:29:00Z,1,exact_ric_plus_event_date,ric_exact,0,TRUE,matched,NA
674922,PD,PD,pd-quarterly-earnings-nongaap-eps-11-25-2025-0pt25,2025-11-25T21:05:00Z,2025-11-25,NA,9,9,1,0.0062138888888879995,0.008099999999999,20894.894498,1363803307.44,10,2016070.6692913389,0.026770898067505,1,1,21.033543183212867,10,14.51666145778522,0.02641882725587724,9.94730798315453,PD__2025-11-25,544,1,1,0,PD__2025-11-25,PD,PD,2025-11-25,2025-11-25T21:05:00Z,1,exact_ric_plus_event_date,ric_exact,0,TRUE,matched,NA
674923,BURL.N,BURL,burl-quarterly-earnings-gaap-eps-11-25-2025-1pt55,2025-11-25T11:45:00Z,2025-11-25,NA,9,9,1,0.02892499999999989,0.0196,14547.988565,17900845396.82,18,255438.9606299213,0.020591018191476,1,1,23.608113777550496,18,12.45074267326213,0.020381889091153082,9.585276755750408,BURL.N__2025-11-25,545,4,2,0,BURL.N__2025-11-25,BURL.N,BURL,2025-11-25,2025-11-25T11:45:00Z,1,exact_ric_plus_event_date,ric_exact,0,TRUE,matched,NA
675008,ACM,ACM,acm-quarterly-earnings-nongaap-eps-11-18-2025-1pt34,2025-11-18T11:58:00Z,2025-11-18,NA,9,9,1,0.011769444444443776,0.006399999999999,20350.032268,17602386488.64,14,890108.3015873015,0.011993563253531,1,1,23.591300325743674,14,13.699099544939946,0.01192221042363418,9.920886915284482,ACM__2025-11-18,546,2,1,0,ACM__2025-11-18,ACM,ACM,2025-11-18,2025-11-18T11:58:00Z,1,exact_ric_plus_event_date,ric_exact,0,TRUE,matched,NA
675024,AS,AS,as-quarterly-earnings-nongaap-eps-11-18-2025-0pt25,2025-11-18T11:00:01Z,2025-11-18,NA,9,9,1,0.021399999999999333,0.009024999999999,11372.216792,16813779422.52,23,4730003.103174604,0.0285667265213,1,1,23.545464590893793,23,15.369436627946515,0.02816630551862227,9.339016465991689,AS__2025-11-18,547,2,1,0,AS__2025-11-18,AS,AS,2025-11-18,2025-11-18T11:00:01Z,1,exact_ric_plus_event_date,ric_exact,0,TRUE,matched,NA
675495,DLB,DLB,dlb-quarterly-earnings-nongaap-eps-11-18-2025-0pt71,2025-11-18T21:15:00Z,2025-11-18,NA,9,9,1,0.012919444444443666,0.005624999999999,10807.027243,6164905264.05,4,441846.56692913384,0.013531143283454,1,1,22.54213860670499,4,12.998720230377032,0.013440414887195818,9.288044400269722,DLB__2025-11-18,548,2,1,0,DLB__2025-11-18,DLB,DLB,2025-11-18,2025-11-18T21:15:00Z,1,exact_ric_plus_event_date,ric_exact,0,TRUE,matched,NA
675497,POWL.N,POWL,powl-quarterly-earnings-gaap-eps-11-18-2025-3pt76,2025-11-18T21:15:00Z,2025-11-18,NA,9,9,1,0.021236111111110668,0.009024999999999,13114.177431,3842984898.23,4,2919.0078740157483,0.03459851227386,1,1,22.069515218838855,4,7.979341591839427,0.034013440613945296,9.481525421069543,POWL.N__2025-11-18,549,2,1,0,POWL.N__2025-11-18,POWL.N,POWL,2025-11-18,2025-11-18T21:15:00Z,1,exact_ric_plus_event_date,ric_exact,0,TRUE,matched,NA
675502,WB.N,WB,wb-quarterly-earnings-nongaap-eps-11-18-2025-0pt43,2025-11-18T08:00:00Z,2025-11-18,NA,9,9,1,0.6357527777777776,0.731024999999999,12461.620588,2540033347.04997,16,26694.5,0.024423148908028,1,1,21.655443046650507,16,10.19225029085815,0.024129672616249414,9.430489090291486,WB.N__2025-11-18,550,2,2,0,WB.N__2025-11-18,WB.N,WB,2025-11-18,2025-11-18T08:00:00Z,1,exact_ric_plus_event_date,ric_exact,0,TRUE,matched,NA
675503,LZB,LZB,lzb-quarterly-earnings-nongaap-eps-11-18-2025-0pt54,2025-11-18T21:15:01Z,2025-11-18,NA,9,9,1,0.224833333333333,0.093025,5668.618389,1252318729.2,3,508074.2301587302,0.02042127416326,1,1,20.948262653263676,3,13.138384806459891,0.020215555914970665,8.642877090929478,LZB__2025-11-18,551,2,1,0,LZB__2025-11-18,LZB,LZB,2025-11-18,2025-11-18T21:15:01Z,1,exact_ric_plus_event_date,ric_exact,0,TRUE,matched,NA
675504,NVDA.N,NVDA,nvda-quarterly-earnings-nongaap-eps-11-19-2025-1pt25,2025-11-19T21:20:00Z,2025-11-19,NA,9,9,1,0.006166666666665667,0.005624999999999,995129.929459,4534380000000,65,2060158.748031496,0.020074281502119,1,1,29.14270947570616,65,14.53829408534721,0.019875449646645435,13.810629594879847,NVDA.N__2025-11-19,552,2,1,0,NVDA.N__2025-11-19,NVDA.N,NVDA,2025-11-19,2025-11-19T21:20:00Z,1,exact_ric_plus_event_date,ric_exact,0,TRUE,matched,NA
675505,PANW.N,PANW,panw-quarterly-earnings-nongaap-eps-11-19-2025-0pt89,2025-11-19T21:10:00Z,2025-11-19,NA,9,9,1,0.0053055555555546665,0.004224999999999,20629.215488,141421300000,54,79729.64566929133,0.019483585215304,1,1,25.675009215556567,54,11.286409303661308,0.01929621008402249,9.934512051381564,PANW.N__2025-11-19,553,2,1,0,PANW.N__2025-11-19,PANW.N,PANW,2025-11-19,2025-11-19T21:10:00Z,1,exact_ric_plus_event_date,ric_exact,0,TRUE,matched,NA
675506,LOW,LOW,low-quarterly-earnings-gaap-eps-11-19-2025-2pt98,2025-11-19T11:00:02Z,2025-11-19,NA,9,9,1,0.6995861111111105,0.7482249999999999,20672.138979,126225000000,35,2776282.8346456694,0.013260785793947,1,1,25.56133186569139,35,14.836623841291898,0.013173631220622218,9.936590502732852,LOW__2025-11-19,554,2,1,0,LOW__2025-11-19,LOW,LOW,2025-11-19,2025-11-19T11:00:02Z,1,exact_ric_plus_event_date,ric_exact,0,TRUE,matched,NA
675507,TGT,TGT,tgt-quarterly-earnings-nongaap-eps-11-19-2025-1pt73,2025-11-19T11:30:00Z,2025-11-19,NA,9,9,1,0.18277777777777757,0.1764,18540.498651,40063436089.6,39,7288530.803149606,0.019009738721104,1,1,24.41372993708537,39,15.80181268495648,0.018831311330447582,9.827766669240274,TGT__2025-11-19,555,2,1,0,TGT__2025-11-19,TGT,TGT,2025-11-19,2025-11-19T11:30:00Z,1,exact_ric_plus_event_date,ric_exact,0,TRUE,matched,NA
675508,VIK,VIK,vik-quarterly-earnings-nongaap-eps-11-19-2025-1pt19,2025-11-19T12:00:00Z,2025-11-19,NA,9,9,1,0.049127777777777444,0.034225,6420.881535,25401126121.56,18,2788971.937007874,0.017295398607229,1,1,23.958059345482603,18,14.84118396308742,0.017147535664928777,8.767466427733753,VIK__2025-11-19,556,2,1,0,VIK__2025-11-19,VIK,VIK,2025-11-19,2025-11-19T12:00:00Z,1,exact_ric_plus_event_date,ric_exact,0,TRUE,matched,NA
675509,DY,DY,dy-quarterly-earnings-gaap-eps-11-19-2025-3pt2,2025-11-19T11:58:00Z,2025-11-19,NA,9,9,1,0.016497222222222,0.0144,6807.0641,8505846250.77,9,371394.7401574803,0.021263250207873,1,1,22.864019558228883,9,12.825023458145898,0.02104034160766074,8.82586308560254,DY__2025-11-19,557,2,1,0,DY__2025-11-19,DY,DY,2025-11-19,2025-11-19T11:58:00Z,1,exact_ric_plus_event_date,ric_exact,0,TRUE,matched,NA
675510,WIX.N,WIX,wix-quarterly-earnings-nongaap-eps-11-19-2025-1pt49,2025-11-19T06:00:01Z,2025-11-19,NA,9,9,1,0.02023055555555522,0.01822499999999999,25208.232813,6795213119.44,20,21155.3937007874,0.033240056899654,1,1,22.63948424821367,20,9.95969744142789,0.03269955123216955,10.134965587866468,WIX.N__2025-11-19,558,2,1,0,WIX.N__2025-11-19,WIX.N,WIX,2025-11-19,2025-11-19T06:00:01Z,1,exact_ric_plus_event_date,ric_exact,0,TRUE,matched,NA
675511,WMT.N,WMT,wmt-quarterly-earnings-nongaap-eps-11-20-2025-0pt6,2025-11-20T12:01:00Z,2025-11-20,NA,9,9,1,0.018827777777777773,0.027225,21740.881601,808367375259.58,41,NA,NA,1,1,27.418282464486317,41,NA,NA,9.986995707113943,WMT.N__2025-11-20,559,2,1,0,WMT.N__2025-11-20,WMT.N,WMT,2025-11-20,2025-11-20T12:01:00Z,1,exact_ric_plus_event_date,ric_exact,0,TRUE,matched,NA
675513,INTU.N,INTU,intu-quarterly-earnings-nongaap-eps-11-20-2025-3pt09,2025-11-20T21:00:00Z,2025-11-20,NA,9,9,1,0.007691666666665667,0.012099999999999,17951.619171,180884832000,33,28272.8359375,0.0158808108252,1,1,25.92112637840275,33,10.249692130817655,0.015756030094756908,9.795491298090834,INTU.N__2025-11-20,560,2,1,0,INTU.N__2025-11-20,INTU.N,INTU,2025-11-20,2025-11-20T21:00:00Z,1,exact_ric_plus_event_date,ric_exact,0,TRUE,matched,NA
675514,AVR.N,AVR,avr-quarterly-earnings-gaap-eps-11-20-2025-neg0pt54,2025-11-12T22:52:49Z,2025-11-12,NA,9,3,1,0.10990833333333334,0.189225,7729.209815,155726814.6,3,1965.828125,0.062535535238534,1,1,18.863613841629302,3,7.584177435313516,0.06065806618755057,8.952891284162652,AVR.N__2025-11-12,561,2,1,0,AVR.N__2025-11-12,AVR.N,AVR,2025-11-12,2025-11-12T22:52:49Z,1,exact_ric_plus_event_date,ric_exact,0,TRUE,matched,NA
675520,GAP,GAP,gap-quarterly-earnings-gaap-eps-11-20-2025-0pt58,2025-11-20T21:15:00Z,2025-11-20,NA,9,9,1,0.015538888888888665,0.0196,27685.769647,8870333499,20,9904063.1953125,0.030486274376768,1,1,22.905978231095478,20,16.108455755641618,0.03003080187759431,10.22870994800165,GAP__2025-11-20,562,2,1,0,GAP__2025-11-20,GAP,GAP,2025-11-20,2025-11-20T21:15:00Z,1,exact_ric_plus_event_date,ric_exact,0,TRUE,matched,NA
675540,BBWI.N,BBWI,bbwi-quarterly-earnings-nongaap-eps-11-20-2025-0pt4,2025-11-20T11:55:00Z,2025-11-20,NA,9,9,1,0.7100527777777774,0.731024999999999,15238.218938,4319625865.5,16,1421521.578125,0.026482267287675,1,1,22.18643463024365,16,14.167239093256937,0.026137682400872234,9.63162757713987,BBWI.N__2025-11-20,563,4,2,0,BBWI.N__2025-11-20,BBWI.N,BBWI,2025-11-20,2025-11-20T11:55:00Z,1,exact_ric_plus_event_date,ric_exact,0,TRUE,matched,NA
675603,ZM.N,ZM,zm-quarterly-earnings-nongaap-eps-11-24-2025-1pt44,2025-11-24T21:05:00Z,2025-11-24,NA,9,9,1,0.013667138888888113,0.00366025,33631.226414,23282419192.47,31,40179.62698412698,0.018269863093782,1,1,23.87096437161295,31,10.601140242630628,0.018104974445524558,10.423240005754398,ZM.N__2025-11-24,564,2,1,0,ZM.N__2025-11-24,ZM.N,ZM,2025-11-24,2025-11-24T21:05:00Z,1,exact_ric_plus_event_date,ric_exact,0,TRUE,matched,NA
675612,BJ,BJ,bj-quarterly-earnings-nongaap-eps-11-21-2025-1pt09,2025-11-21T11:45:00Z,2025-11-21,NA,9,9,1,0.010427777777776887,0.006399999999999,19143.824176,12030400945.18,22,2022356.7734375,0.017027346155513,1,1,23.210702695154,22,14.51977460328508,0.016884005746721456,9.85978768006144,BJ__2025-11-21,565,2,1,0,BJ__2025-11-21,BJ,BJ,2025-11-21,2025-11-21T11:45:00Z,1,exact_ric_plus_event_date,ric_exact,0,TRUE,matched,NA
675613,ADI.N,ADI,adi-quarterly-earnings-nongaap-eps-11-25-2025-2pt23,2025-11-25T12:00:00Z,2025-11-25,NA,9,9,1,0.009499999999999221,0.004899999999999,12172.256887,117223190821.8,36,53180.62204724409,0.01641601659282,1,1,25.48734556842101,36,10.881468165408284,0.016282730498725684,9.4069967662018,ADI.N__2025-11-25,566,2,1,0,ADI.N__2025-11-25,ADI.N,ADI,2025-11-25,2025-11-25T12:00:00Z,1,exact_ric_plus_event_date,ric_exact,0,TRUE,matched,NA
675614,DELL.N,DELL,dell-quarterly-earnings-nongaap-eps-11-25-2025-2pt47,2025-11-25T22:00:00Z,2025-11-25,NA,9,9,1,0.019161111111110667,0.009024999999999,20204.867985,85262867281.26,28,1303642.559055118,0.026621930039614,1,1,25.169004877570924,28,14.080673639820493,0.026273732731231736,9.913728335510925,DELL.N__2025-11-25,567,4,2,0,DELL.N__2025-11-25,DELL.N,DELL,2025-11-25,2025-11-25T22:00:00Z,1,exact_ric_plus_event_date,ric_exact,0,TRUE,matched,NA
675615,ADSK.N,ADSK,adsk-quarterly-earnings-nongaap-eps-11-25-2025-2pt5,2025-11-25T21:01:00Z,2025-11-25,NA,9,9,1,0.006605555555554555,0.008099999999999,9652.504356,61448200000,30,20695.59842519685,0.016432040668651,1,1,24.841460380422028,30,9.937724638465076,0.016298495647305376,9.175076274111072,ADSK.N__2025-11-25,568,2,1,0,ADSK.N__2025-11-25,ADSK.N,ADSK,2025-11-25,2025-11-25T21:01:00Z,1,exact_ric_plus_event_date,ric_exact,0,TRUE,matched,NA
675616,WDAY.N,WDAY,wday-quarterly-earnings-nongaap-eps-11-25-2025-2pt17,2025-11-25T21:01:00Z,2025-11-25,NA,9,9,1,0.006288888888888,0.006399999999999,10095.023705,59606320000,41,39676.299212598424,0.01848103908242,1,1,24.8110274456643,41,10.588534494883708,0.018312339999328006,9.219896932737825,WDAY.N__2025-11-25,569,2,1,0,WDAY.N__2025-11-25,WDAY.N,WDAY,2025-11-25,2025-11-25T21:01:00Z,1,exact_ric_plus_event_date,ric_exact,0,TRUE,matched,NA
675617,HPQ,HPQ,hpq-quarterly-earnings-nongaap-eps-11-25-2025-0pt92,2025-11-25T21:15:00Z,2025-11-25,NA,9,9,1,0.37491388888888855,0.476099999999999,12030.841056,22788031127.38,18,10248019.48031496,0.022326119858656,1,1,23.849501284518517,18,16.142595121026165,0.022080540546046322,9.395311835995983,HPQ__2025-11-25,570,2,1,0,HPQ__2025-11-25,HPQ,HPQ,2025-11-25,2025-11-25T21:15:00Z,1,exact_ric_plus_event_date,ric_exact,0,TRUE,matched,NA
675618,SMTC.N,SMTC,smtc-quarterly-earnings-nongaap-eps-11-24-2025-0pt45,2025-11-24T21:05:00Z,2025-11-24,NA,9,9,1,0.01801944444444433,0.0289,12817.999296,5908682639.45,14,24667.93650793651,0.035619172627145,1,1,22.499688739871345,14,10.113300099876582,0.03499948226881692,9.458683669393652,SMTC.N__2025-11-24,571,1,1,0,SMTC.N__2025-11-24,SMTC.N,SMTC,2025-11-24,2025-11-24T21:05:00Z,1,exact_ric_plus_event_date,ric_exact,0,TRUE,matched,NA
675619,ANF,ANF,anf-quarterly-earnings-gaap-eps-11-25-2025-2pt22,2025-11-25T12:30:00Z,2025-11-25,NA,9,9,1,0.048669444444444335,0.065025,9657.975609,3088250758.98,13,2200697.716535433,0.030594524147192,1,1,21.85087067014495,13,14.604285466330037,0.030135843631028777,9.175642876966458,ANF__2025-11-25,572,2,1,0,ANF__2025-11-25,ANF,ANF,2025-11-25,2025-11-25T12:30:00Z,1,exact_ric_plus_event_date,ric_exact,0,TRUE,matched,NA
675620,KSS,KSS,kss-quarterly-earnings-gaap-eps-11-25-2025-neg0pt21,2025-11-25T12:00:00Z,2025-11-25,NA,9,9,1,0.04646111111111089,0.0961,15544.334006,1762934763.59,15,9018344.559055118,0.05366089483071101,1,1,21.29024573660888,15,16.014771456041963,0.052270666692769564,9.651515808656363,KSS__2025-11-25,573,1,1,0,KSS__2025-11-25,KSS,KSS,2025-11-25,2025-11-25T12:00:00Z,1,exact_ric_plus_event_date,ric_exact,0,TRUE,matched,NA
675621,DE,DE,de-quarterly-earnings-gaap-eps-11-26-2025-3pt87,2025-11-26T11:27:50Z,2025-11-26,NA,9,9,1,0.031952777777777774,0.0324,16271.738512,131712589664.16,26,1290060.496062992,0.013954123098177,1,1,25.603888034628472,26,14.070200446568272,0.013857660652551633,9.697246502705847,DE__2025-11-26,574,2,1,0,DE__2025-11-26,DE,DE,2025-11-26,2025-11-26T11:27:50Z,1,exact_ric_plus_event_date,ric_exact,0,TRUE,matched,NA
675626,BLSH.N,BLSH,blsh-quarterly-earnings-gaap-eps-11-19-2025-1pt59,2025-11-19T13:30:00Z,2025-11-19,NA,9,9,1,0.20065555555555512,0.540225,10218.698012,5372252408.25,10,868257.0147058824,0.059594632577202,1,1,22.404513100402706,10,13.674244201437178,0.057886412885018404,9.23207231459314,BLSH.N__2025-11-19,575,6,2,0,BLSH.N__2025-11-19,BLSH.N,BLSH,2025-11-19,2025-11-19T13:30:00Z,1,exact_ric_plus_event_date,ric_exact,0,TRUE,matched,NA
675627,DKS,DKS,dks-quarterly-earnings-nongaap-eps-11-25-2025-2pt7,2025-11-25T12:00:01Z,2025-11-25,NA,9,9,1,0.7535167777777776,0.7490902500000001,129342.291288,18584876912.42,29,1499464.0317460315,0.021494176032878,1,1,23.645614017720774,29,14.22061895695666,0.02126643387199157,11.770225321468223,DKS__2025-11-25,576,1,1,0,DKS__2025-11-25,DKS,DKS,2025-11-25,2025-11-25T12:00:01Z,1,exact_ric_plus_event_date,ric_exact,0,TRUE,matched,NA
675628,BBY,BBY,bby-quarterly-earnings-nongaap-eps-11-25-2025-1pt31,2025-11-25T12:00:00Z,2025-11-25,NA,9,9,1,0.020272222222221886,0.01822499999999999,20083.025666,15887857659.3,27,3575277.015748031,0.022192489602217,1,1,23.4888209852023,27,15.089553497729382,0.021949820037061057,9.907680035086463,BBY__2025-11-25,577,2,1,0,BBY__2025-11-25,BBY,BBY,2025-11-25,2025-11-25T12:00:00Z,1,exact_ric_plus_event_date,ric_exact,0,TRUE,matched,NA
675629,SJM,SJM,sjm-quarterly-earnings-nongaap-eps-11-25-2025-2pt1,2025-11-25T12:00:00Z,2025-11-25,NA,9,9,1,0.7748499999999999,0.731024999999999,14146.572951,11125017476.29,20,2065270.6692913389,0.021761226469453,1,1,23.132462235899954,20,14.540772334703004,0.021527830893400195,9.557298365462122,SJM__2025-11-25,578,2,1,0,SJM__2025-11-25,SJM,SJM,2025-11-25,2025-11-25T12:00:00Z,1,exact_ric_plus_event_date,ric_exact,0,TRUE,matched,NA
696247,MDB.N,MDB,mdb-quarterly-earnings-nongaap-eps-12-01-2025-0pt79,2025-12-01T21:05:00Z,2025-12-01,NA,9,9,1,0.004552583333332889,0.002025,18174.174774,27052179271.2,42,41076.17322834646,0.039026057187441,1,1,24.02103340354828,42,10.623207850290912,0.03828379090506053,9.80781191853155,MDB.N__2025-12-01,579,2,1,0,MDB.N__2025-12-01,MDB.N,MDB,2025-12-01,2025-12-01T21:05:00Z,1,exact_ric_plus_event_date,ric_exact,0,TRUE,matched,NA
696252,CRWD.N,CRWD,crwd-quarterly-earnings-nongaap-eps-12-02-2025-0pt94,2025-12-02T21:10:00Z,2025-12-02,NA,9,9,1,0.003976694444443778,0.004224999999999,13995.104935,127090386557.2,53,39333.92913385827,0.023377048374619,1,1,25.568164375437778,53,10.57986818515649,0.02310799029998294,9.546534350958758,CRWD.N__2025-12-02,580,2,1,0,CRWD.N__2025-12-02,CRWD.N,CRWD,2025-12-02,2025-12-02T21:10:00Z,1,exact_ric_plus_event_date,ric_exact,0,TRUE,matched,NA
696257,OKTA.N,OKTA,okta-quarterly-earnings-nongaap-eps-12-02-2025-0pt76,2025-12-02T21:01:00Z,2025-12-02,NA,9,9,1,0.004813888888888222,0.003025,13000.95436,14291845021.44,46,36913.20472440945,0.01884868155769,1,1,23.38295493332082,46,10.516351707834668,0.01867324621449385,9.472854960529057,OKTA.N__2025-12-02,581,2,1,0,OKTA.N__2025-12-02,OKTA.N,OKTA,2025-12-02,2025-12-02T21:01:00Z,1,exact_ric_plus_event_date,ric_exact,0,TRUE,matched,NA
696258,AEO,AEO,aeo-quarterly-earnings-gaap-eps-12-02-2025-0pt43,2025-12-02T21:10:00Z,2025-12-02,NA,9,9,1,0.05563611111111089,0.039999999999999,11581.905806,3598450392.5,12,10711067.582677163,0.046818600139437,1,1,22.003769143211997,12,16.186788211739728,0.045755660086339425,9.357285652809148,AEO__2025-12-02,582,2,1,0,AEO__2025-12-02,AEO,AEO,2025-12-02,2025-12-02T21:10:00Z,1,exact_ric_plus_event_date,ric_exact,0,TRUE,matched,NA
696259,ASAN.N,ASAN,asan-quarterly-earnings-nongaap-eps-12-02-2025-0pt06,2025-12-02T21:05:00Z,2025-12-02,NA,9,9,1,0.013377777777777222,0.007224999999999,14505.846772,3027767012.77,15,1091535.3622047245,0.034979732963233,1,1,21.831091225297712,15,13.903096768393164,0.03438184484757309,9.58237600813391,ASAN.N__2025-12-02,583,4,2,0,ASAN.N__2025-12-02,ASAN.N,ASAN,2025-12-02,2025-12-02T21:05:00Z,1,exact_ric_plus_event_date,ric_exact,0,TRUE,matched,NA
696263,UNFI.N,UNFI,unfi-quarterly-earnings-nongaap-eps-12-02-2025-0pt4,2025-12-02T12:00:00Z,2025-12-02,NA,9,9,1,0.010261111111110333,0.007224999999999,12872.390631,2273366092.27,10,344053.126984127,0.033902965128995,1,1,21.54452743011929,10,12.74855426986206,0.03334092751334735,9.462917718184864,UNFI.N__2025-12-02,584,4,2,0,UNFI.N__2025-12-02,UNFI.N,UNFI,2025-12-02,2025-12-02T12:00:00Z,1,exact_ric_plus_event_date,ric_exact,0,TRUE,matched,NA
697446,CRM,CRM,crm-quarterly-earnings-nongaap-eps-12-03-2025-2pt86,2025-12-03T21:01:00Z,2025-12-03,NA,9,9,1,0.011022222222221554,0.004224999999999,17045.936433,218161710000,54,8227482.881889764,0.018406730130265,1,1,26.108502413736854,54,15.92299080074451,0.018239376772476595,9.74372578521806,CRM__2025-12-03,585,2,1,0,CRM__2025-12-03,CRM,CRM,2025-12-03,2025-12-03T21:01:00Z,1,exact_ric_plus_event_date,ric_exact,0,TRUE,matched,NA
697447,SNOW.N,SNOW,snow-quarterly-earnings-nongaap-eps-12-03-2025-0pt31,2025-12-03T21:05:00Z,2025-12-03,NA,9,9,1,0.008388888888888111,0.004224999999999,15647.807614,86234400000,51,849093.8031496063,0.027432571259078,1,1,25.18033500693379,51,13.65192612354664,0.027063041156142352,9.658150002266911,SNOW.N__2025-12-03,586,4,2,0,SNOW.N__2025-12-03,SNOW.N,SNOW,2025-12-03,2025-12-03T21:05:00Z,1,exact_ric_plus_event_date,ric_exact,0,TRUE,matched,NA
697448,DLTR.N,DLTR,dltr-quarterly-earnings-nongaap-eps-12-03-2025-1pt08,2025-12-03T11:30:00Z,2025-12-03,NA,9,9,1,0.028680555555555223,0.0289,15804.302925,21851976719.43,28,55808.67716535433,0.023070869569571,1,1,23.80755722210452,28,10.929702559235276,0.022808760786592597,9.668100790869081,DLTR.N__2025-12-03,587,1,1,0,DLTR.N__2025-12-03,DLTR.N,DLTR,2025-12-03,2025-12-03T11:30:00Z,1,exact_ric_plus_event_date,ric_exact,0,TRUE,matched,NA
697451,M,M,m-quarterly-earnings-nongaap-eps-12-03-2025-neg0pt15,2025-12-03T11:55:00Z,2025-12-03,NA,9,9,1,0.01588333333333289,0.007224999999999,19334.872662,6067452547.38,13,7978307.362204724,0.030603203065301,1,1,22.526204674748293,13,15.892236962267937,0.030144264868830924,9.869717336821708,M__2025-12-03,588,1,1,0,M__2025-12-03,M,M,2025-12-03,2025-12-03T11:55:00Z,1,exact_ric_plus_event_date,ric_exact,0,TRUE,matched,NA
697452,CXM,CXM,cxm-quarterly-earnings-nongaap-eps-12-03-2025-0pt09,2025-12-03T12:05:00Z,2025-12-03,NA,9,9,1,0.009952777777777,0.005624999999999,15692.515334,1793408208.72,9,2084496.8503937009,0.022586302774904,1,1,21.30738367365475,9,14.550038545068924,0.022335009064866233,9.661002869962559,CXM__2025-12-03,589,1,1,0,CXM__2025-12-03,CXM,CXM,2025-12-03,2025-12-03T12:05:00Z,1,exact_ric_plus_event_date,ric_exact,0,TRUE,matched,NA
697462,HPE,HPE,hpe-quarterly-earnings-nongaap-eps-12-04-2025-0pt58,2025-12-04T21:05:00Z,2025-12-04,NA,9,9,1,0.021199999999999775,0.015625,10622.219785,28912480000,22,24806449.328125,0.02320956497175,1,1,24.087539172761403,22,17.02661427119267,0.022944319334727254,9.270797430107548,HPE__2025-12-04,590,1,1,0,HPE__2025-12-04,HPE,HPE,2025-12-04,2025-12-04T21:05:00Z,1,exact_ric_plus_event_date,ric_exact,0,TRUE,matched,NA
697463,DG,DG,dg-quarterly-earnings-gaap-eps-12-04-2025-0pt92,2025-12-04T11:50:00Z,2025-12-04,NA,9,9,1,0.052569444444444,0.055224999999999,13380.224797,24219679376.13,31,3101796.9765625,0.020955719846997,1,1,23.910431337003967,31,14.947492493764283,0.020739168846355634,9.50160786887989,DG__2025-12-04,591,1,1,0,DG__2025-12-04,DG,DG,2025-12-04,2025-12-04T11:50:00Z,1,exact_ric_plus_event_date,ric_exact,0,TRUE,matched,NA
697468,IOT,IOT,iot-quarterly-earnings-nongaap-eps-12-04-2025-0pt12,2025-12-04T21:10:00Z,2025-12-04,NA,9,9,1,0.007277777777776778,0.004224999999999,20034.455505,21914614084.86,21,5628554.6875,0.030312086113794,1,1,23.810419561027636,21,15.543363428571883,0.029861752574442343,9.905258758274739,IOT__2025-12-04,592,2,1,0,IOT__2025-12-04,IOT,IOT,2025-12-04,2025-12-04T21:10:00Z,1,exact_ric_plus_event_date,ric_exact,0,TRUE,matched,NA
697469,RBRK.N,RBRK,rbrk-quarterly-earnings-nongaap-eps-12-04-2025-neg0pt17,2025-12-04T21:00:00Z,2025-12-04,NA,9,9,1,0.008580555555554778,0.007224999999999,19420.215113,13889823223,22,886208.0546875,0.034729820195608,1,1,23.35442226670583,22,13.694708155126495,0.034140349350334685,9.87412131007326,RBRK.N__2025-12-04,593,2,2,0,RBRK.N__2025-12-04,RBRK.N,RBRK,2025-12-04,2025-12-04T21:00:00Z,1,exact_ric_plus_event_date,ric_exact,0,TRUE,matched,NA
697470,DOCU.N,DOCU,docu-quarterly-earnings-nongaap-eps-12-04-2025-0pt91,2025-12-04T21:05:00Z,2025-12-04,NA,9,9,1,0.003344805555555,0.0025,12407.069542,13790780876.4,22,38624.75,0.030933363265913,1,1,23.34726615342833,22,10.561674431487258,0.03046456983826671,9.426102309450599,DOCU.N__2025-12-04,594,1,1,0,DOCU.N__2025-12-04,DOCU.N,DOCU,2025-12-04,2025-12-04T21:05:00Z,1,exact_ric_plus_event_date,ric_exact,0,TRUE,matched,NA
697471,CBRL.N,CBRL,cbrl-quarterly-earnings-nongaap-eps-11-27-2025-neg0pt65,2025-12-09T21:05:00Z,2025-12-09,NA,9,9,1,0.26790833333333314,0.235225,22021.186127,594373888.9,9,14055.125984251968,0.034395673935471,1,1,20.203019121903612,9,9.550813592849813,0.03381736626981147,9.999805684504135,CBRL.N__2025-12-09,595,3,1,0,CBRL.N__2025-12-09,CBRL.N,CBRL,2025-12-09,2025-12-09T21:05:00Z,1,exact_ric_plus_event_date,ric_exact,0,TRUE,matched,NA
697472,KFY,KFY,kfy-quarterly-earnings-nongaap-eps-12-04-2025-1pt31,2025-12-09T11:45:00Z,2025-12-09,NA,9,9,1,0.012491416666666222,0.01404225,14537.831644,3448519950.08,5,447338.9285714286,0.016029555705316,1,1,21.96121097596605,5,13.011074051190239,0.015902438994314504,9.584578393250927,KFY__2025-12-09,596,1,1,0,KFY__2025-12-09,KFY,KFY,2025-12-09,2025-12-09T11:45:00Z,1,exact_ric_plus_event_date,ric_exact,0,TRUE,matched,NA
697473,ASO.N,ASO,aso-quarterly-earnings-nongaap-eps-12-09-2025-1pt06,2025-12-09T13:00:02Z,2025-12-09,NA,9,9,1,0.49739444444444436,0.4290250000000001,9281.074082,3349401699,21,29341.15873015873,0.027329831449503,1,1,21.932047569519554,21,10.286780625342061,0.02696303951164546,9.135840301023311,ASO.N__2025-12-09,597,1,1,0,ASO.N__2025-12-09,ASO.N,ASO,2025-12-09,2025-12-09T13:00:02Z,1,exact_ric_plus_event_date,ric_exact,0,TRUE,matched,NA
697474,VSCO.N,VSCO,vsco-quarterly-earnings-nongaap-eps-12-05-2025-neg0pt59,2025-12-05T12:00:00Z,2025-12-05,NA,9,9,1,0.022866666666666334,0.013224999999999,22625.270092,3412231959.24,10,738850.8828125,0.035313967653702,1,1,21.950632447629676,10,13.512852750629948,0.034704731105955865,10.026866903655506,VSCO.N__2025-12-05,598,4,2,0,VSCO.N__2025-12-05,VSCO.N,VSCO,2025-12-05,2025-12-05T12:00:00Z,1,exact_ric_plus_event_date,ric_exact,0,TRUE,matched,NA
697475,KR,KR,kr-quarterly-earnings-nongaap-eps-12-04-2025-1pt03,2025-12-04T13:00:03Z,2025-12-04,NA,9,9,1,0.013536111111110779,0.012099999999999,9404.650783,43033260000,25,7023350.9765625,0.015899823161958,1,1,24.485239142024103,25,15.764751151578958,0.01577474504502321,9.149065934769201,KR__2025-12-04,599,2,1,0,KR__2025-12-04,KR,KR,2025-12-04,2025-12-04T13:00:03Z,1,exact_ric_plus_event_date,ric_exact,0,TRUE,matched,NA
697476,BBW,BBW,bbw-quarterly-earnings-gaap-eps-12-04-2025-0pt59,2025-12-04T11:45:00Z,2025-12-04,NA,9,9,1,0.024855555555555332,0.030625,10787.530696,688073149.94,4,318140.703125,0.03184241978806,1,1,20.349405712832983,4,12.67025216982018,0.031345961396636916,9.28623887622728,BBW__2025-12-04,600,1,1,0,BBW__2025-12-04,BBW,BBW,2025-12-04,2025-12-04T11:45:00Z,1,exact_ric_plus_event_date,ric_exact,0,TRUE,matched,NA
697477,SWBI.N,SWBI,swbi-quarterly-earnings-nongaap-eps-12-04-2025-0pt02,2025-12-04T21:05:18Z,2025-12-04,NA,9,9,1,0.3312999999999997,0.31360000000000005,21460.062077,387985456.4,3,16122.765625,0.028334976781726,1,1,19.77647841337987,3,9.688049588346246,0.02794096685495887,9.973995505966574,SWBI.N__2025-12-04,601,2,1,0,SWBI.N__2025-12-04,SWBI.N,SWBI,2025-12-04,2025-12-04T21:05:18Z,1,exact_ric_plus_event_date,ric_exact,0,TRUE,matched,NA
700377,FIVE.N,FIVE,five-quarterly-earnings-nongaap-eps-12-03-2025-0pt24,2025-12-03T21:01:00Z,2025-12-03,NA,9,9,1,0.052583333333333336,0.027225,13236.34549,8921984296.98,25,20763.03937007874,0.023524867274852,1,1,22.91178421361731,25,9.940977893019236,0.02325242213558759,9.49079731769801,FIVE.N__2025-12-03,602,1,1,0,FIVE.N__2025-12-03,FIVE.N,FIVE,2025-12-03,2025-12-03T21:01:00Z,1,exact_ric_plus_event_date,ric_exact,0,TRUE,matched,NA
701948,ORCL.N,ORCL,orcl-quarterly-earnings-nongaap-eps-12-08-2025-1pt64,2025-12-10T22:00:00Z,2025-12-10,NA,9,9,1,0.041372222222221665,0.015625,35204.87808,636484488900,47,3587888.2734375,0.040570699192121,1,1,27.179225885283227,47,15.093074641438678,0.03976931186867776,10.46896833855385,ORCL.N__2025-12-10,603,2,2,0,ORCL.N__2025-12-10,ORCL.N,ORCL,2025-12-10,2025-12-10T22:00:00Z,1,exact_ric_plus_event_date,ric_exact,0,TRUE,matched,NA
701950,AZO,AZO,azo-quarterly-earnings-gaap-eps-12-09-2025-32pt58,2025-12-09T11:55:00Z,2025-12-09,NA,9,9,1,0.33324444444444445,0.4624,17762.359605,63398816100,30,128418.87301587302,0.013413134579229,1,1,24.872711024713663,30,11.76306043252862,0.013323974878807656,9.784893165604549,AZO__2025-12-09,604,3,1,0,AZO__2025-12-09,AZO,AZO,2025-12-09,2025-12-09T11:55:00Z,1,exact_ric_plus_event_date,ric_exact,0,TRUE,matched,NA
701955,CASY.N,CASY,casy-quarterly-earnings-gaap-eps-12-09-2025-5pt2,2025-12-09T21:30:00Z,2025-12-09,NA,9,9,1,0.012327777777777221,0.004899999999999,19387.706236,20999158883.16,15,5442.708661417323,0.016303932157976,1,1,23.767748220684826,15,8.602215846802487,0.016172450245878777,9.87244602275119,CASY.N__2025-12-09,605,1,1,0,CASY.N__2025-12-09,CASY.N,CASY,2025-12-09,2025-12-09T21:30:00Z,1,exact_ric_plus_event_date,ric_exact,0,TRUE,matched,NA
701960,CHWY.N,CHWY,chwy-quarterly-earnings-nongaap-eps-12-10-2025-0pt3,2025-12-10T12:05:00Z,2025-12-10,NA,9,9,1,0.040349999999999775,0.050624999999999,18130.614454,14367249904.86,29,1938923.7007874015,0.028706648341397,1,1,23.38821714118997,29,14.477644099426067,0.028302331991353038,9.805412348543255,CHWY.N__2025-12-10,606,2,2,0,CHWY.N__2025-12-10,CHWY.N,CHWY,2025-12-10,2025-12-10T12:05:00Z,1,exact_ric_plus_event_date,ric_exact,0,TRUE,matched,NA
701961,ADBE.N,ADBE,adbe-quarterly-earnings-nongaap-eps-12-10-2025-5pt4,2025-12-10T21:05:00Z,2025-12-10,NA,9,9,1,0.0033360277777776666,0.0016,29968.71221,144132352000,39,57828.75,0.017732457198117,1,1,25.693997825509538,39,10.965258628127184,0.017577071404561044,10.307942557662,ADBE.N__2025-12-10,607,1,1,0,ADBE.N__2025-12-10,ADBE.N,ADBE,2025-12-10,2025-12-10T21:05:00Z,1,exact_ric_plus_event_date,ric_exact,0,TRUE,matched,NA
701985,CPB.N,CPB,cpb-quarterly-earnings-nongaap-eps-12-09-2025-0pt73,2025-12-09T12:15:00Z,2025-12-09,NA,9,9,1,0.00728980555555511,0.002162249999999,22322.420956,8824773652,21,156015.2619047619,0.01723566264662,1,1,22.90082879093826,21,11.957715523777996,0.017088813572389817,10.013391673388803,CPB.N__2025-12-09,608,1,1,0,CPB.N__2025-12-09,CPB.N,CPB,2025-12-09,2025-12-09T12:15:00Z,1,exact_ric_plus_event_date,ric_exact,0,TRUE,matched,NA
701986,DBI,DBI,dbi-quarterly-earnings-nongaap-eps-12-09-2025-0pt16,2025-12-09T11:45:00Z,2025-12-09,NA,9,9,1,0.09303888888888834,0.034225,14182.446894,242224128.96,2,1153406.857142857,0.054011978679542,1,1,19.305374008233418,2,13.95823147229809,0.05260381502569226,9.559830851928854,DBI__2025-12-09,609,1,1,0,DBI__2025-12-09,DBI,DBI,2025-12-09,2025-12-09T11:45:00Z,1,exact_ric_plus_event_date,ric_exact,0,TRUE,matched,NA
701987,PLAY.N,PLAY,play-quarterly-earnings-nongaap-eps-12-09-2025-neg1pt02,2025-12-09T21:05:00Z,2025-12-09,NA,9,9,1,0.1450861111111109,0.1521,7527.55247,616268309.05,11,17858.63779527559,0.044238333503414,1,1,20.239192993305792,11,9.790298574005112,0.043287752202898405,8.92645806725465,PLAY.N__2025-12-09,610,2,1,0,PLAY.N__2025-12-09,PLAY.N,PLAY,2025-12-09,2025-12-09T21:05:00Z,1,exact_ric_plus_event_date,ric_exact,0,TRUE,matched,NA
701993,GME,GME,gme-quarterly-earnings-nongaap-eps-12-09-2025-0pt2,2025-12-09T21:02:00Z,2025-12-09,NA,9,9,1,0.020230555555555002,0.013224999999999,51573.506126,10461021358,1,10242605.622047244,0.030559486627996,1,1,23.070921934984568,1,16.142066698116835,0.030101845667736167,10.850782762052596,GME__2025-12-09,611,1,1,0,GME__2025-12-09,GME,GME,2025-12-09,2025-12-09T21:02:00Z,1,exact_ric_plus_event_date,ric_exact,0,TRUE,matched,NA
701994,MTN,MTN,mtn-quarterly-earnings-gaap-eps-12-10-2025-neg5pt24,2025-12-10T21:05:00Z,2025-12-10,NA,9,9,1,0.11040277777777723,0.030625,18787.381825,5203915139.5,11,697406.9765625,0.01840351962126,1,1,22.37267709068047,11,13.455125850729974,0.018236224285390085,9.840993969752814,MTN__2025-12-10,612,2,1,0,MTN__2025-12-10,MTN,MTN,2025-12-10,2025-12-10T21:05:00Z,1,exact_ric_plus_event_date,ric_exact,0,TRUE,matched,NA
703110,MU.N,MU,mu-quarterly-earnings-nongaap-eps-12-17-2025-3pt78,2025-12-17T21:01:00Z,2025-12-17,NA,9,9,1,0.0014490833333326667,0.001482249999999,28122.590974,267308449487.5,46,238519.6692913386,0.034082052208634,1,1,26.31166907009486,46,12.382211249250792,0.033514127104819484,10.244364039549517,MU.N__2025-12-17,613,2,1,0,MU.N__2025-12-17,MU.N,MU,2025-12-17,2025-12-17T21:01:00Z,1,exact_ric_plus_event_date,ric_exact,0,TRUE,matched,NA
703111,GIS,GIS,gis-quarterly-earnings-nongaap-eps-12-17-2025-1pt02,2025-12-17T12:00:00Z,2025-12-17,NA,9,9,1,0.004113083333333111,0.002025,18835.551167,25110372731.86,22,6077286.68503937,0.013233688638383,1,1,23.946546853966705,22,15.62006904997385,0.013146888334414046,9.843554472296564,GIS__2025-12-17,614,2,1,0,GIS__2025-12-17,GIS,GIS,2025-12-17,2025-12-17T12:00:00Z,1,exact_ric_plus_event_date,ric_exact,0,TRUE,matched,NA
703120,ACN,ACN,acn-quarterly-earnings-gaap-eps-12-18-2025-3pt44,2025-12-18T11:39:00Z,2025-12-18,NA,9,9,1,0.017163888888888444,0.008099999999999,13533.491876,167388049358.16,27,4411833.859375,0.018397922278047,1,1,25.843580602717218,27,15.299801228776275,0.018230728076385254,9.512996659858663,ACN__2025-12-18,615,2,1,0,ACN__2025-12-18,ACN,ACN,2025-12-18,2025-12-18T11:39:00Z,1,exact_ric_plus_event_date,ric_exact,0,TRUE,matched,NA
703121,NKE,NKE,nke-quarterly-earnings-gaap-eps-12-18-2025-0pt37,2025-12-18T21:15:00Z,2025-12-18,NA,9,9,1,0.010236111111110223,0.013224999999999,27648.656503,99216875484.56,40,14900498.3828125,0.022221565800679,1,1,25.320573952540965,40,16.516905285979053,0.02197826456705939,10.22736858383534,NKE__2025-12-18,616,2,1,0,NKE__2025-12-18,NKE,NKE,2025-12-18,2025-12-18T21:15:00Z,1,exact_ric_plus_event_date,ric_exact,0,TRUE,matched,NA
703122,FDX,FDX,fdx-quarterly-earnings-nongaap-eps-12-18-2025-4pt03,2025-12-18T21:07:00Z,2025-12-18,NA,9,9,1,0.008572222222221332,0.007224999999999,11803.37328,66412790607.36,31,1951294.78125,0.016857556347479,1,1,24.91915550450701,31,14.484004213060562,0.016717044668226332,9.376225358741411,FDX__2025-12-18,617,2,1,0,FDX__2025-12-18,FDX,FDX,2025-12-18,2025-12-18T21:07:00Z,1,exact_ric_plus_event_date,ric_exact,0,TRUE,matched,NA
703171,FDS,FDS,fds-quarterly-earnings-nongaap-eps-12-18-2025-4pt34,2025-12-18T12:00:01Z,2025-12-18,NA,9,9,1,0.0824472222222219,0.030625,6896.11005,10964041248,19,649086.2890625,0.019344383027214,1,1,23.11788677751048,19,13.383322484427264,0.019159658898268168,8.838857769516839,FDS__2025-12-18,618,2,1,0,FDS__2025-12-18,FDS,FDS,2025-12-18,2025-12-18T12:00:01Z,1,exact_ric_plus_event_date,ric_exact,0,TRUE,matched,NA
703172,KMX,KMX,kmx-quarterly-earnings-gaap-eps-12-18-2025-0pt33,2025-12-18T11:50:00Z,2025-12-18,NA,9,9,1,0.15615555555555521,0.1764,35078.088899,5812626896.57,21,4383501.0859375,0.038769731973421,1,1,22.483298439289534,21,15.293358525871849,0.03803706289005783,10.465360474056478,KMX__2025-12-18,619,2,1,0,KMX__2025-12-18,KMX,KMX,2025-12-18,2025-12-18T11:50:00Z,1,exact_ric_plus_event_date,ric_exact,0,TRUE,matched,NA
703173,CTAS.N,CTAS,ctas-quarterly-earnings-gaap-eps-12-18-2025-1pt2,2025-12-18T13:30:00Z,2025-12-18,NA,9,9,1,0.004174999999999445,0.004899999999999,11569.106326,75601103760,22,20747.09375,0.0118559055474,1,1,25.04873672002532,22,9.940209653968891,0.011786174904722939,9.356180009946707,CTAS.N__2025-12-18,620,2,1,0,CTAS.N__2025-12-18,CTAS.N,CTAS,2025-12-18,2025-12-18T13:30:00Z,1,exact_ric_plus_event_date,ric_exact,0,TRUE,matched,NA
703174,PAYX.N,PAYX,payx-quarterly-earnings-nongaap-eps-12-18-2025-1pt23,2025-12-19T13:30:00Z,2025-12-19,NA,9,9,1,0.02834688888888833,0.011024999999999,7791.390017,41891501415,18,32846.53125,0.015369102759892,1,1,24.458348813110746,18,10.399631868881686,0.015252194429130096,8.960902897586163,PAYX.N__2025-12-19,621,2,1,0,PAYX.N__2025-12-19,PAYX.N,PAYX,2025-12-19,2025-12-19T13:30:00Z,1,exact_ric_plus_event_date,ric_exact,0,TRUE,matched,NA
703175,LW,LW,lw-quarterly-earnings-nongaap-eps-12-19-2025-0pt63,2025-12-19T13:30:00Z,2025-12-19,NA,9,9,1,0.010147222222221334,0.034225,8326.011093,8257797902.64,12,1890664.578125,0.023205937027082,1,1,22.83442379119246,12,14.452439482780937,0.02294077367680543,9.027259858407383,LW__2025-12-19,622,2,1,0,LW__2025-12-19,LW,LW,2025-12-19,2025-12-19T13:30:00Z,1,exact_ric_plus_event_date,ric_exact,0,TRUE,matched,NA
703176,CCL,CCL,ccl-quarterly-earnings-nongaap-eps-12-19-2025-0pt25,2025-12-19T13:30:00Z,2025-12-19,NA,9,9,1,0.002590222222222111,0.0025,18452.010443,36538842438.682,29,21677369.84375,0.023470173731856,1,1,24.321641708102792,29,16.89177945613705,0.023198984250381853,9.822982803800558,CCL__2025-12-19,623,2,1,0,CCL__2025-12-19,CCL,CCL,2025-12-19,2025-12-19T13:30:00Z,1,exact_ric_plus_event_date,ric_exact,0,TRUE,matched,NA
898889,AVGO.N,AVGO,avgo-quarterly-earnings-nongaap-eps-12-11-2025-1pt87,2025-12-11T21:15:00Z,2025-12-11,NA,9,4,1,0.00776943749999925,0.003422249999999,29199.982794,1958003840773.03,51,219349.46875,0.026024865721286,1,1,28.30294662161463,51,12.298426043587746,0.025691982050695807,10.281957645018744,AVGO.N__2025-12-11,624,2,1,0,AVGO.N__2025-12-11,AVGO.N,AVGO,2025-12-11,2025-12-11T21:15:00Z,1,exact_ric_plus_event_date,ric_exact,0,TRUE,matched,NA
899875,COST.N,COST,cost-quarterly-earnings-gaap-eps-12-11-2025-4pt28,2025-12-11T21:00:00Z,2025-12-11,NA,9,4,1,0.00786874999999925,0.004224999999999,17081.424912,388123851672.51,37,25769.5625,0.01056605103468,1,1,26.684590330976018,37,10.156988131114826,0.010510620430634004,9.74580543103573,COST.N__2025-12-11,625,3,1,0,COST.N__2025-12-11,COST.N,COST,2025-12-11,2025-12-11T21:00:00Z,1,exact_ric_plus_event_date,ric_exact,0,TRUE,matched,NA
899876,LULU.N,LULU,lulu-quarterly-earnings-gaap-eps-12-11-2025-2pt21,2025-12-11T21:06:00Z,2025-12-11,NA,9,4,1,0.00855549999999975,0.009024999999999,9500.435714,22008952095.24,33,59238.140625,0.028405891054884,1,1,23.814715120957914,33,10.98933776160872,0.028009924762389074,9.159198193959451,LULU.N__2025-12-11,626,1,1,0,LULU.N__2025-12-11,LULU.N,LULU,2025-12-11,2025-12-11T21:06:00Z,1,exact_ric_plus_event_date,ric_exact,0,TRUE,matched,NA
899877,RH,RH,rh-quarterly-earnings-nongaap-eps-12-11-2025-2pt16,2025-12-11T21:46:00Z,2025-12-11,NA,9,4,1,0.2337875,0.275625,1669.151663,2952229836.78,22,1138556.2734375,0.03645918967443,1,1,21.805826598641666,22,13.94527246927025,0.035810278914915054,7.420669717454927,RH__2025-12-11,627,1,1,0,RH__2025-12-11,RH,RH,2025-12-11,2025-12-11T21:46:00Z,1,exact_ric_plus_event_date,ric_exact,0,TRUE,matched,NA
899878,BRZE.N,BRZE,brze-quarterly-earnings-nongaap-eps-12-09-2025-0pt07,2025-12-09T21:05:00Z,2025-12-09,NA,9,0,0,NA,NA,3569.640596,3369831404.94,20,21890.69291338583,0.029976769890807,0,0,21.938128551851513,20,9.993862524821456,0.029536248483139432,8.180500297331957,BRZE.N__2025-12-09,628,1,1,0,BRZE.N__2025-12-09,BRZE.N,BRZE,2025-12-09,2025-12-09T21:05:00Z,1,exact_ric_plus_event_date,ric_exact,0,TRUE,matched,NA
899879,LEN,LEN,len-quarterly-earnings-gaap-eps-12-16-2025-2pt22,2025-12-16T21:30:00Z,2025-12-16,NA,9,9,1,0.7005444444444442,0.765625,10874.384841,30246695886.66,22,4659229.753968254,0.023474284297177,1,1,24.132652788570297,22,15.354360918219834,0.023203000544331484,9.294257243008916,LEN__2025-12-16,629,2,1,0,LEN__2025-12-16,LEN,LEN,2025-12-16,2025-12-16T21:30:00Z,1,exact_ric_plus_event_date,ric_exact,0,TRUE,matched,NA
899880,KBH,KBH,kbh-quarterly-earnings-gaap-eps-12-18-2025-1pt79,2025-12-18T21:10:00Z,2025-12-18,NA,9,9,1,0.6445055555555554,0.45562500000000006,7715.428082,4139111018.35,16,1355539.8515625,0.022427442441304,1,1,22.143746871858724,16,14.119711085100443,0.022179645479373313,8.951106852268945,KBH__2025-12-18,630,2,1,0,KBH__2025-12-18,KBH,KBH,2025-12-18,2025-12-18T21:10:00Z,1,exact_ric_plus_event_date,ric_exact,0,TRUE,matched,NA
899881,CAG,CAG,cag-quarterly-earnings-nongaap-eps-12-19-2025-0pt44,2025-12-19T12:30:00Z,2025-12-19,NA,9,9,1,0.036449999999999774,0.065025,7430.391829,8572380992,19,11124446.9296875,0.015811848854024,1,1,22.871811359673636,19,16.224655760487497,0.0156881438710469,8.913468445740566,CAG__2025-12-19,631,2,1,0,CAG__2025-12-19,CAG,CAG,2025-12-19,2025-12-19T12:30:00Z,1,exact_ric_plus_event_date,ric_exact,0,TRUE,matched,NA
973541,JEF,JEF,jef-quarterly-earnings-gaap-eps-01-07-2026-0pt96,2026-01-07T21:15:00Z,2026-01-07,NA,9,9,1,0.683686111111111,0.6006250000000001,37515.813552,13304029040,7,1996604.4173228347,0.024726524186327,1,1,23.31133276163682,7,14.506959005154764,0.024425771319529985,10.532544472861236,JEF__2026-01-07,632,2,1,0,JEF__2026-01-07,JEF,JEF,2026-01-07,2026-01-07T21:15:00Z,1,exact_ric_plus_event_date,ric_exact,0,TRUE,matched,NA
973542,WDFC.N,WDFC,wdfc-quarterly-earnings-gaap-eps-01-08-2026-1pt45,2026-01-08T21:05:00Z,2026-01-08,NA,9,9,1,0.8834462777777774,0.887363999999999,56384.685101,2682560330.82,3,2249.0625,0.016459720987985,1,1,21.710037522736258,3,7.718713272590448,0.016325728104889005,10.939970595004915,WDFC.N__2026-01-08,633,2,1,0,WDFC.N__2026-01-08,WDFC.N,WDFC,2026-01-08,2026-01-08T21:05:00Z,1,exact_ric_plus_event_date,ric_exact,0,TRUE,matched,NA
