market_id,ticker,slug,ric,signal_bin,signal_bin_id,signal_value,release_dt_ny,purchase_date,event_trading_date,n_days_observed,abnormal_return,window_name,start_day,end_day
1326546,SUN,sun-quarterly-earnings-gaap-eps-02-17-2026-1pt62,SUN,0.0-0.2,1,0.165,2026-02-17T12:00:01Z,2026-02-13,2026-02-17,11,0.07447748456200866,"CAR[-5,5]",-5,5
1326546,SUN,sun-quarterly-earnings-gaap-eps-02-17-2026-1pt62,SUN,0.0-0.2,1,0.165,2026-02-17T12:00:01Z,2026-02-13,2026-02-17,1,0.01653311946451793,AR[0],0,0
1326546,SUN,sun-quarterly-earnings-gaap-eps-02-17-2026-1pt62,SUN,0.0-0.2,1,0.165,2026-02-17T12:00:01Z,2026-02-13,2026-02-17,2,0.03062200592014681,"CAR[0,1]",0,1
1326546,SUN,sun-quarterly-earnings-gaap-eps-02-17-2026-1pt62,SUN,0.0-0.2,1,0.165,2026-02-17T12:00:01Z,2026-02-13,2026-02-17,4,0.04877389684443434,"CAR[0,3]",0,3
1326546,SUN,sun-quarterly-earnings-gaap-eps-02-17-2026-1pt62,SUN,0.0-0.2,1,0.165,2026-02-17T12:00:01Z,2026-02-13,2026-02-17,6,0.03686203781231204,"CAR[0,5]",0,5
1339773,OPEN,open-quarterly-earnings-gaap-eps-02-19-2026-neg0pt11,OPEN.N,0.0-0.2,1,0.12,2026-02-19T21:05:03Z,2026-02-19,2026-02-20,11,-0.021860322408725968,"CAR[-5,5]",-5,5
1339773,OPEN,open-quarterly-earnings-gaap-eps-02-19-2026-neg0pt11,OPEN.N,0.0-0.2,1,0.12,2026-02-19T21:05:03Z,2026-02-19,2026-02-20,1,0.02466560333498416,AR[0],0,0
1339773,OPEN,open-quarterly-earnings-gaap-eps-02-19-2026-neg0pt11,OPEN.N,0.0-0.2,1,0.12,2026-02-19T21:05:03Z,2026-02-19,2026-02-20,2,0.009990582512708988,"CAR[0,1]",0,1
1339773,OPEN,open-quarterly-earnings-gaap-eps-02-19-2026-neg0pt11,OPEN.N,0.0-0.2,1,0.12,2026-02-19T21:05:03Z,2026-02-19,2026-02-20,4,-0.056095871535231004,"CAR[0,3]",0,3
1339773,OPEN,open-quarterly-earnings-gaap-eps-02-19-2026-neg0pt11,OPEN.N,0.0-0.2,1,0.12,2026-02-19T21:05:03Z,2026-02-19,2026-02-20,6,0.03896058476485821,"CAR[0,5]",0,5
1404330,GPRO,gpro-quarterly-earnings-nongaap-eps-03-05-2026-0pt04,GPRO.OQ,0.0-0.2,1,0.135,2026-03-05T21:05:00Z,2026-03-05,2026-03-06,11,-0.008848556553911023,"CAR[-5,5]",-5,5
1404330,GPRO,gpro-quarterly-earnings-nongaap-eps-03-05-2026-0pt04,GPRO.OQ,0.0-0.2,1,0.135,2026-03-05T21:05:00Z,2026-03-05,2026-03-06,1,-0.19647412650550608,AR[0],0,0
1404330,GPRO,gpro-quarterly-earnings-nongaap-eps-03-05-2026-0pt04,GPRO.OQ,0.0-0.2,1,0.135,2026-03-05T21:05:00Z,2026-03-05,2026-03-06,2,-0.1735762401053359,"CAR[0,1]",0,1
1404330,GPRO,gpro-quarterly-earnings-nongaap-eps-03-05-2026-0pt04,GPRO.OQ,0.0-0.2,1,0.135,2026-03-05T21:05:00Z,2026-03-05,2026-03-06,4,-0.22251517273831825,"CAR[0,3]",0,3
1404330,GPRO,gpro-quarterly-earnings-nongaap-eps-03-05-2026-0pt04,GPRO.OQ,0.0-0.2,1,0.135,2026-03-05T21:05:00Z,2026-03-05,2026-03-06,6,-0.20182237385638924,"CAR[0,5]",0,5
1499778,GIS,gis-quarterly-earnings-nongaap-eps-03-18-2026-0pt73,GIS,0.0-0.2,1,0.17500000000000002,2026-03-18T11:00:00Z,2026-03-17,2026-03-18,11,-0.16069195687346102,"CAR[-5,5]",-5,5
1499778,GIS,gis-quarterly-earnings-nongaap-eps-03-18-2026-0pt73,GIS,0.0-0.2,1,0.17500000000000002,2026-03-18T11:00:00Z,2026-03-17,2026-03-18,1,-0.03455925729425015,AR[0],0,0
1499778,GIS,gis-quarterly-earnings-nongaap-eps-03-18-2026-0pt73,GIS,0.0-0.2,1,0.17500000000000002,2026-03-18T11:00:00Z,2026-03-17,2026-03-18,2,-0.037651673336915,"CAR[0,1]",0,1
1499778,GIS,gis-quarterly-earnings-nongaap-eps-03-18-2026-0pt73,GIS,0.0-0.2,1,0.17500000000000002,2026-03-18T11:00:00Z,2026-03-17,2026-03-18,4,-0.041960659464859995,"CAR[0,3]",0,3
1499778,GIS,gis-quarterly-earnings-nongaap-eps-03-18-2026-0pt73,GIS,0.0-0.2,1,0.17500000000000002,2026-03-18T11:00:00Z,2026-03-17,2026-03-18,6,-0.0727068445979096,"CAR[0,5]",0,5
599650,CASH,will-cash-beat-earnings-estimate-2025-09-19-1pt29,CASH.N,0.0-0.2,1,0.0635,2025-10-21T20:10:00Z,2025-10-21,2025-10-22,11,-0.1363153912179794,"CAR[-5,5]",-5,5
599650,CASH,will-cash-beat-earnings-estimate-2025-09-19-1pt29,CASH.N,0.0-0.2,1,0.0635,2025-10-21T20:10:00Z,2025-10-21,2025-10-22,1,0.004125119304302272,AR[0],0,0
599650,CASH,will-cash-beat-earnings-estimate-2025-09-19-1pt29,CASH.N,0.0-0.2,1,0.0635,2025-10-21T20:10:00Z,2025-10-21,2025-10-22,2,-0.007344707727296155,"CAR[0,1]",0,1
599650,CASH,will-cash-beat-earnings-estimate-2025-09-19-1pt29,CASH.N,0.0-0.2,1,0.0635,2025-10-21T20:10:00Z,2025-10-21,2025-10-22,4,-0.037067502435398414,"CAR[0,3]",0,3
599650,CASH,will-cash-beat-earnings-estimate-2025-09-19-1pt29,CASH.N,0.0-0.2,1,0.0635,2025-10-21T20:10:00Z,2025-10-21,2025-10-22,6,-0.06757899298044769,"CAR[0,5]",0,5
620023,NEOG,neog-quarterly-earnings-nongaap-eps-2025-10-09-0pt04,NEOG.N,0.0-0.2,1,0.14,2025-10-09T11:00:00Z,2025-10-08,2025-10-09,11,0.07733074769532197,"CAR[-5,5]",-5,5
620023,NEOG,neog-quarterly-earnings-nongaap-eps-2025-10-09-0pt04,NEOG.N,0.0-0.2,1,0.14,2025-10-09T11:00:00Z,2025-10-08,2025-10-09,1,0.16640645258288297,AR[0],0,0
620023,NEOG,neog-quarterly-earnings-nongaap-eps-2025-10-09-0pt04,NEOG.N,0.0-0.2,1,0.14,2025-10-09T11:00:00Z,2025-10-08,2025-10-09,2,0.051536851886077206,"CAR[0,1]",0,1
620023,NEOG,neog-quarterly-earnings-nongaap-eps-2025-10-09-0pt04,NEOG.N,0.0-0.2,1,0.14,2025-10-09T11:00:00Z,2025-10-08,2025-10-09,4,0.04273337425259016,"CAR[0,3]",0,3
620023,NEOG,neog-quarterly-earnings-nongaap-eps-2025-10-09-0pt04,NEOG.N,0.0-0.2,1,0.14,2025-10-09T11:00:00Z,2025-10-08,2025-10-09,6,0.05161813200203354,"CAR[0,5]",0,5
643045,SBUX,sbux-quarterly-earnings-gaap-eps-10-29-2025-0pt51,SBUX.N,0.0-0.2,1,0.17,2025-10-29T20:05:00Z,2025-10-29,2025-10-30,11,-0.010481298294327373,"CAR[-5,5]",-5,5
643045,SBUX,sbux-quarterly-earnings-gaap-eps-10-29-2025-0pt51,SBUX.N,0.0-0.2,1,0.17,2025-10-29T20:05:00Z,2025-10-29,2025-10-30,1,0.0029802169622233,AR[0],0,0
643045,SBUX,sbux-quarterly-earnings-gaap-eps-10-29-2025-0pt51,SBUX.N,0.0-0.2,1,0.17,2025-10-29T20:05:00Z,2025-10-29,2025-10-30,2,-0.025009495931838842,"CAR[0,1]",0,1
643045,SBUX,sbux-quarterly-earnings-gaap-eps-10-29-2025-0pt51,SBUX.N,0.0-0.2,1,0.17,2025-10-29T20:05:00Z,2025-10-29,2025-10-30,4,-0.022487717643029873,"CAR[0,3]",0,3
643045,SBUX,sbux-quarterly-earnings-gaap-eps-10-29-2025-0pt51,SBUX.N,0.0-0.2,1,0.17,2025-10-29T20:05:00Z,2025-10-29,2025-10-30,6,0.024924037331140913,"CAR[0,5]",0,5
648382,MSTR,mstr-quarterly-earnings-gaap-eps-10-30-2025-9pt67,MSTR.N,0.0-0.2,1,0.17,2025-10-30T20:22:00Z,2025-10-30,2025-10-31,11,-0.15834857896060994,"CAR[-5,5]",-5,5
648382,MSTR,mstr-quarterly-earnings-gaap-eps-10-30-2025-9pt67,MSTR.N,0.0-0.2,1,0.17,2025-10-30T20:22:00Z,2025-10-30,2025-10-31,1,0.05160899907951165,AR[0],0,0
648382,MSTR,mstr-quarterly-earnings-gaap-eps-10-30-2025-9pt67,MSTR.N,0.0-0.2,1,0.17,2025-10-30T20:22:00Z,2025-10-30,2025-10-31,2,0.03051075057737425,"CAR[0,1]",0,1
648382,MSTR,mstr-quarterly-earnings-gaap-eps-10-30-2025-9pt67,MSTR.N,0.0-0.2,1,0.17,2025-10-30T20:22:00Z,2025-10-30,2025-10-31,4,0.01089438958781739,"CAR[0,3]",0,3
648382,MSTR,mstr-quarterly-earnings-gaap-eps-10-30-2025-9pt67,MSTR.N,0.0-0.2,1,0.17,2025-10-30T20:22:00Z,2025-10-30,2025-10-31,6,-0.020683901911594933,"CAR[0,5]",0,5
655224,BYND,bynd-quarterly-earnings-gaap-eps-11-04-2025-neg0pt48,BYND.OQ,0.0-0.2,1,0.145,2025-11-10T22:38:57Z,2025-11-10,2025-11-11,11,-0.22295315936757182,"CAR[-5,5]",-5,5
655224,BYND,bynd-quarterly-earnings-gaap-eps-11-04-2025-neg0pt48,BYND.OQ,0.0-0.2,1,0.145,2025-11-10T22:38:57Z,2025-11-10,2025-11-11,1,-0.08837246190851449,AR[0],0,0
655224,BYND,bynd-quarterly-earnings-gaap-eps-11-04-2025-neg0pt48,BYND.OQ,0.0-0.2,1,0.145,2025-11-10T22:38:57Z,2025-11-10,2025-11-11,2,-0.17176122926820497,"CAR[0,1]",0,1
655224,BYND,bynd-quarterly-earnings-gaap-eps-11-04-2025-neg0pt48,BYND.OQ,0.0-0.2,1,0.145,2025-11-10T22:38:57Z,2025-11-10,2025-11-11,4,-0.17230559829901138,"CAR[0,3]",0,3
655224,BYND,bynd-quarterly-earnings-gaap-eps-11-04-2025-neg0pt48,BYND.OQ,0.0-0.2,1,0.145,2025-11-10T22:38:57Z,2025-11-10,2025-11-11,6,-0.22311220636592716,"CAR[0,5]",0,5
655443,MET,met-quarterly-earnings-nongaap-eps-11-05-2025-2pt32,MET,0.0-0.2,1,0.18,2025-11-05T21:00:00Z,2025-11-05,2025-11-06,11,0.05997743292647538,"CAR[-5,5]",-5,5
655443,MET,met-quarterly-earnings-nongaap-eps-11-05-2025-2pt32,MET,0.0-0.2,1,0.18,2025-11-05T21:00:00Z,2025-11-05,2025-11-06,1,-0.018765682698650595,AR[0],0,0
655443,MET,met-quarterly-earnings-nongaap-eps-11-05-2025-2pt32,MET,0.0-0.2,1,0.18,2025-11-05T21:00:00Z,2025-11-05,2025-11-06,2,-0.016551844759232263,"CAR[0,1]",0,1
655443,MET,met-quarterly-earnings-nongaap-eps-11-05-2025-2pt32,MET,0.0-0.2,1,0.18,2025-11-05T21:00:00Z,2025-11-05,2025-11-06,4,-0.014464520046281792,"CAR[0,3]",0,3
655443,MET,met-quarterly-earnings-nongaap-eps-11-05-2025-2pt32,MET,0.0-0.2,1,0.18,2025-11-05T21:00:00Z,2025-11-05,2025-11-06,6,0.030591875565013273,"CAR[0,5]",0,5
667914,GETY,gety-quarterly-earnings-gaap-eps-11-10-2025-0pt04,GETY.N,0.0-0.2,1,0.165,2025-11-10T21:07:00Z,2025-11-10,2025-11-11,11,-0.22269977213876133,"CAR[-5,5]",-5,5
667914,GETY,gety-quarterly-earnings-gaap-eps-11-10-2025-0pt04,GETY.N,0.0-0.2,1,0.165,2025-11-10T21:07:00Z,2025-11-10,2025-11-11,1,-0.013916858377357262,AR[0],0,0
667914,GETY,gety-quarterly-earnings-gaap-eps-11-10-2025-0pt04,GETY.N,0.0-0.2,1,0.165,2025-11-10T21:07:00Z,2025-11-10,2025-11-11,2,-0.0375376038017781,"CAR[0,1]",0,1
667914,GETY,gety-quarterly-earnings-gaap-eps-11-10-2025-0pt04,GETY.N,0.0-0.2,1,0.165,2025-11-10T21:07:00Z,2025-11-10,2025-11-11,4,-0.11485394138298145,"CAR[0,3]",0,3
667914,GETY,gety-quarterly-earnings-gaap-eps-11-10-2025-0pt04,GETY.N,0.0-0.2,1,0.165,2025-11-10T21:07:00Z,2025-11-10,2025-11-11,6,-0.10659726882173912,"CAR[0,5]",0,5
668474,PLBY,plby-quarterly-earnings-gaap-eps-11-12-2025-neg0pt02,PLBY.OQ,0.0-0.2,1,0.155,2025-11-12T21:08:09Z,2025-11-12,2025-11-13,11,0.24463192103788564,"CAR[-5,5]",-5,5
668474,PLBY,plby-quarterly-earnings-gaap-eps-11-12-2025-neg0pt02,PLBY.OQ,0.0-0.2,1,0.155,2025-11-12T21:08:09Z,2025-11-12,2025-11-13,1,0.23560412903396605,AR[0],0,0
668474,PLBY,plby-quarterly-earnings-gaap-eps-11-12-2025-neg0pt02,PLBY.OQ,0.0-0.2,1,0.155,2025-11-12T21:08:09Z,2025-11-12,2025-11-13,2,0.24697014929059447,"CAR[0,1]",0,1
668474,PLBY,plby-quarterly-earnings-gaap-eps-11-12-2025-neg0pt02,PLBY.OQ,0.0-0.2,1,0.155,2025-11-12T21:08:09Z,2025-11-12,2025-11-13,4,0.2691515757386944,"CAR[0,3]",0,3
668474,PLBY,plby-quarterly-earnings-gaap-eps-11-12-2025-neg0pt02,PLBY.OQ,0.0-0.2,1,0.155,2025-11-12T21:08:09Z,2025-11-12,2025-11-13,6,0.25635241066211784,"CAR[0,5]",0,5
668521,QUBT,qubt-quarterly-earnings-gaap-eps-11-14-2025-neg0pt06,QUBT.N,0.0-0.2,1,0.17500000000000002,2025-11-14T21:05:00Z,2025-11-14,2025-11-17,11,-0.1987461695331395,"CAR[-5,5]",-5,5
668521,QUBT,qubt-quarterly-earnings-gaap-eps-11-14-2025-neg0pt06,QUBT.N,0.0-0.2,1,0.17500000000000002,2025-11-14T21:05:00Z,2025-11-14,2025-11-17,1,0.09094872771967925,AR[0],0,0
668521,QUBT,qubt-quarterly-earnings-gaap-eps-11-14-2025-neg0pt06,QUBT.N,0.0-0.2,1,0.17500000000000002,2025-11-14T21:05:00Z,2025-11-14,2025-11-17,2,0.17052612979271825,"CAR[0,1]",0,1
668521,QUBT,qubt-quarterly-earnings-gaap-eps-11-14-2025-neg0pt06,QUBT.N,0.0-0.2,1,0.17500000000000002,2025-11-14T21:05:00Z,2025-11-14,2025-11-17,4,-0.0065739493801904025,"CAR[0,3]",0,3
668521,QUBT,qubt-quarterly-earnings-gaap-eps-11-14-2025-neg0pt06,QUBT.N,0.0-0.2,1,0.17500000000000002,2025-11-14T21:05:00Z,2025-11-14,2025-11-17,6,0.04156931898132872,"CAR[0,5]",0,5
1099187,STT,stt-quarterly-earnings-gaap-eps-01-16-2026-2pt67,STT,0.2-0.4,2,0.325,2026-01-16T12:30:00Z,2026-01-15,2026-01-16,11,-0.04589001946979878,"CAR[-5,5]",-5,5
1099187,STT,stt-quarterly-earnings-gaap-eps-01-16-2026-2pt67,STT,0.2-0.4,2,0.325,2026-01-16T12:30:00Z,2026-01-15,2026-01-16,1,-0.06009766021629932,AR[0],0,0
1099187,STT,stt-quarterly-earnings-gaap-eps-01-16-2026-2pt67,STT,0.2-0.4,2,0.325,2026-01-16T12:30:00Z,2026-01-15,2026-01-16,2,-0.054776251833705575,"CAR[0,1]",0,1
1099187,STT,stt-quarterly-earnings-gaap-eps-01-16-2026-2pt67,STT,0.2-0.4,2,0.325,2026-01-16T12:30:00Z,2026-01-15,2026-01-16,4,-0.05243271784603531,"CAR[0,3]",0,3
1099187,STT,stt-quarterly-earnings-gaap-eps-01-16-2026-2pt67,STT,0.2-0.4,2,0.325,2026-01-16T12:30:00Z,2026-01-15,2026-01-16,6,-0.0664011687559283,"CAR[0,5]",0,5
1198857,LMT,lmt-quarterly-earnings-gaap-eps-01-29-2026-6pt2,LMT,0.2-0.4,2,0.29,2026-01-29T12:20:00Z,2026-01-28,2026-01-29,11,0.03728488655678212,"CAR[-5,5]",-5,5
1198857,LMT,lmt-quarterly-earnings-gaap-eps-01-29-2026-6pt2,LMT,0.2-0.4,2,0.29,2026-01-29T12:20:00Z,2026-01-28,2026-01-29,1,0.04191687208062976,AR[0],0,0
1198857,LMT,lmt-quarterly-earnings-gaap-eps-01-29-2026-6pt2,LMT,0.2-0.4,2,0.29,2026-01-29T12:20:00Z,2026-01-28,2026-01-29,2,0.06025367756368927,"CAR[0,1]",0,1
1198857,LMT,lmt-quarterly-earnings-gaap-eps-01-29-2026-6pt2,LMT,0.2-0.4,2,0.29,2026-01-29T12:20:00Z,2026-01-28,2026-01-29,4,0.05018755657828385,"CAR[0,3]",0,3
1198857,LMT,lmt-quarterly-earnings-gaap-eps-01-29-2026-6pt2,LMT,0.2-0.4,2,0.29,2026-01-29T12:20:00Z,2026-01-28,2026-01-29,6,0.018919329689457674,"CAR[0,5]",0,5
1244922,SBUX,sbux-quarterly-earnings-gaap-eps-01-28-2026-0pt58,SBUX.N,0.2-0.4,2,0.27,2026-01-28T12:45:00Z,2026-01-27,2026-01-28,11,0.034679715541103884,"CAR[-5,5]",-5,5
1244922,SBUX,sbux-quarterly-earnings-gaap-eps-01-28-2026-0pt58,SBUX.N,0.2-0.4,2,0.27,2026-01-28T12:45:00Z,2026-01-27,2026-01-28,1,-0.0043562674785164665,AR[0],0,0
1244922,SBUX,sbux-quarterly-earnings-gaap-eps-01-28-2026-0pt58,SBUX.N,0.2-0.4,2,0.27,2026-01-28T12:45:00Z,2026-01-27,2026-01-28,2,-0.016975717010314834,"CAR[0,1]",0,1
1244922,SBUX,sbux-quarterly-earnings-gaap-eps-01-28-2026-0pt58,SBUX.N,0.2-0.4,2,0.27,2026-01-28T12:45:00Z,2026-01-27,2026-01-28,4,-0.039821721210915394,"CAR[0,3]",0,3
1244922,SBUX,sbux-quarterly-earnings-gaap-eps-01-28-2026-0pt58,SBUX.N,0.2-0.4,2,0.27,2026-01-28T12:45:00Z,2026-01-27,2026-01-28,6,0.028497059546602567,"CAR[0,5]",0,5
1268877,RBLX,rblx-quarterly-earnings-gaap-eps-02-05-2026-neg0pt47,RBLX.N,0.2-0.4,2,0.33,2026-02-05T21:00:00Z,2026-02-05,2026-02-06,11,-0.11448117187552043,"CAR[-5,5]",-5,5
1268877,RBLX,rblx-quarterly-earnings-gaap-eps-02-05-2026-neg0pt47,RBLX.N,0.2-0.4,2,0.33,2026-02-05T21:00:00Z,2026-02-05,2026-02-06,1,0.07389358615731013,AR[0],0,0
1268877,RBLX,rblx-quarterly-earnings-gaap-eps-02-05-2026-neg0pt47,RBLX.N,0.2-0.4,2,0.33,2026-02-05T21:00:00Z,2026-02-05,2026-02-06,2,0.1755397147888623,"CAR[0,1]",0,1
1268877,RBLX,rblx-quarterly-earnings-gaap-eps-02-05-2026-neg0pt47,RBLX.N,0.2-0.4,2,0.33,2026-02-05T21:00:00Z,2026-02-05,2026-02-06,4,0.12127996081961191,"CAR[0,3]",0,3
1268877,RBLX,rblx-quarterly-earnings-gaap-eps-02-05-2026-neg0pt47,RBLX.N,0.2-0.4,2,0.33,2026-02-05T21:00:00Z,2026-02-05,2026-02-06,6,0.058806400639859265,"CAR[0,5]",0,5
1288099,GRAB,grab-quarterly-earnings-gaap-eps-02-11-2026-0pt01,GRAB.N,0.2-0.4,2,0.28,2026-02-11T21:00:00Z,2026-02-11,2026-02-12,11,0.05543687081685288,"CAR[-5,5]",-5,5
1288099,GRAB,grab-quarterly-earnings-gaap-eps-02-11-2026-0pt01,GRAB.N,0.2-0.4,2,0.28,2026-02-11T21:00:00Z,2026-02-11,2026-02-12,1,0.03521269249110306,AR[0],0,0
1288099,GRAB,grab-quarterly-earnings-gaap-eps-02-11-2026-0pt01,GRAB.N,0.2-0.4,2,0.28,2026-02-11T21:00:00Z,2026-02-11,2026-02-12,2,0.006346657572686255,"CAR[0,1]",0,1
1288099,GRAB,grab-quarterly-earnings-gaap-eps-02-11-2026-0pt01,GRAB.N,0.2-0.4,2,0.28,2026-02-11T21:00:00Z,2026-02-11,2026-02-12,4,0.07168495472627766,"CAR[0,3]",0,3
1288099,GRAB,grab-quarterly-earnings-gaap-eps-02-11-2026-0pt01,GRAB.N,0.2-0.4,2,0.28,2026-02-11T21:00:00Z,2026-02-11,2026-02-12,6,0.05218330979159803,"CAR[0,5]",0,5
1293498,DKNG,dkng-quarterly-earnings-nongaap-eps-02-12-2026-0pt4,DKNG.N,0.2-0.4,2,0.33,2026-02-12T21:15:01Z,2026-02-12,2026-02-13,11,-0.13830814903924504,"CAR[-5,5]",-5,5
1293498,DKNG,dkng-quarterly-earnings-nongaap-eps-02-12-2026-0pt4,DKNG.N,0.2-0.4,2,0.33,2026-02-12T21:15:01Z,2026-02-12,2026-02-13,1,-0.13452992762653268,AR[0],0,0
1293498,DKNG,dkng-quarterly-earnings-nongaap-eps-02-12-2026-0pt4,DKNG.N,0.2-0.4,2,0.33,2026-02-12T21:15:01Z,2026-02-12,2026-02-13,2,-0.09626698618293182,"CAR[0,1]",0,1
1293498,DKNG,dkng-quarterly-earnings-nongaap-eps-02-12-2026-0pt4,DKNG.N,0.2-0.4,2,0.33,2026-02-12T21:15:01Z,2026-02-12,2026-02-13,4,-0.10085930480460023,"CAR[0,3]",0,3
1293498,DKNG,dkng-quarterly-earnings-nongaap-eps-02-12-2026-0pt4,DKNG.N,0.2-0.4,2,0.33,2026-02-12T21:15:01Z,2026-02-12,2026-02-13,6,-0.12529380727410017,"CAR[0,5]",0,5
1293905,H,h-quarterly-earnings-nongaap-eps-02-12-2026-0pt39,H,0.2-0.4,2,0.385,2026-02-12T11:55:00Z,2026-02-11,2026-02-12,11,0.05685648249126733,"CAR[-5,5]",-5,5
1293905,H,h-quarterly-earnings-nongaap-eps-02-12-2026-0pt39,H,0.2-0.4,2,0.385,2026-02-12T11:55:00Z,2026-02-11,2026-02-12,1,0.018555671324561884,AR[0],0,0
1293905,H,h-quarterly-earnings-nongaap-eps-02-12-2026-0pt39,H,0.2-0.4,2,0.385,2026-02-12T11:55:00Z,2026-02-11,2026-02-12,2,-0.004261677969268435,"CAR[0,1]",0,1
1293905,H,h-quarterly-earnings-nongaap-eps-02-12-2026-0pt39,H,0.2-0.4,2,0.385,2026-02-12T11:55:00Z,2026-02-11,2026-02-12,4,0.0034116014829481713,"CAR[0,3]",0,3
1293905,H,h-quarterly-earnings-nongaap-eps-02-12-2026-0pt39,H,0.2-0.4,2,0.385,2026-02-12T11:55:00Z,2026-02-11,2026-02-12,6,0.021247795224552366,"CAR[0,5]",0,5
1326547,CZR,czr-quarterly-earnings-gaap-eps-02-17-2026-neg0pt18,CZR.N,0.2-0.4,2,0.245,2026-02-17T21:01:00Z,2026-02-17,2026-02-18,11,0.04556161472580431,"CAR[-5,5]",-5,5
1326547,CZR,czr-quarterly-earnings-gaap-eps-02-17-2026-neg0pt18,CZR.N,0.2-0.4,2,0.245,2026-02-17T21:01:00Z,2026-02-17,2026-02-18,1,0.12649286526716955,AR[0],0,0
1326547,CZR,czr-quarterly-earnings-gaap-eps-02-17-2026-neg0pt18,CZR.N,0.2-0.4,2,0.245,2026-02-17T21:01:00Z,2026-02-17,2026-02-18,2,0.15430570351457207,"CAR[0,1]",0,1
1326547,CZR,czr-quarterly-earnings-gaap-eps-02-17-2026-neg0pt18,CZR.N,0.2-0.4,2,0.245,2026-02-17T21:01:00Z,2026-02-17,2026-02-18,4,0.08711685750810805,"CAR[0,3]",0,3
1326547,CZR,czr-quarterly-earnings-gaap-eps-02-17-2026-neg0pt18,CZR.N,0.2-0.4,2,0.245,2026-02-17T21:01:00Z,2026-02-17,2026-02-18,6,0.09467324827618494,"CAR[0,5]",0,5
1339469,DASH,dash-quarterly-earnings-gaap-eps-02-18-2026-0pt58,DASH.N,0.2-0.4,2,0.21,2026-02-18T21:05:00Z,2026-02-18,2026-02-19,11,1.6052620649835165e-4,"CAR[-5,5]",-5,5
1339469,DASH,dash-quarterly-earnings-gaap-eps-02-18-2026-0pt58,DASH.N,0.2-0.4,2,0.21,2026-02-18T21:05:00Z,2026-02-18,2026-02-19,1,0.01875373471214443,AR[0],0,0
1339469,DASH,dash-quarterly-earnings-gaap-eps-02-18-2026-0pt58,DASH.N,0.2-0.4,2,0.21,2026-02-18T21:05:00Z,2026-02-18,2026-02-19,2,0.010358679986272233,"CAR[0,1]",0,1
1339469,DASH,dash-quarterly-earnings-gaap-eps-02-18-2026-0pt58,DASH.N,0.2-0.4,2,0.21,2026-02-18T21:05:00Z,2026-02-18,2026-02-19,4,-0.05208776426434172,"CAR[0,3]",0,3
1339469,DASH,dash-quarterly-earnings-gaap-eps-02-18-2026-0pt58,DASH.N,0.2-0.4,2,0.21,2026-02-18T21:05:00Z,2026-02-18,2026-02-19,6,0.0409479538982713,"CAR[0,5]",0,5
1339770,TXRH,txrh-quarterly-earnings-gaap-eps-02-19-2026-1pt49,TXRH.N,0.2-0.4,2,0.25,2026-02-19T21:03:00Z,2026-02-19,2026-02-20,11,0.0072619036912884,"CAR[-5,5]",-5,5
1339770,TXRH,txrh-quarterly-earnings-gaap-eps-02-19-2026-1pt49,TXRH.N,0.2-0.4,2,0.25,2026-02-19T21:03:00Z,2026-02-19,2026-02-20,1,-0.02246477079890103,AR[0],0,0
1339770,TXRH,txrh-quarterly-earnings-gaap-eps-02-19-2026-1pt49,TXRH.N,0.2-0.4,2,0.25,2026-02-19T21:03:00Z,2026-02-19,2026-02-20,2,-0.024681931388570943,"CAR[0,1]",0,1
1339770,TXRH,txrh-quarterly-earnings-gaap-eps-02-19-2026-1pt49,TXRH.N,0.2-0.4,2,0.25,2026-02-19T21:03:00Z,2026-02-19,2026-02-20,4,-0.006213333275822547,"CAR[0,3]",0,3
1339770,TXRH,txrh-quarterly-earnings-gaap-eps-02-19-2026-1pt49,TXRH.N,0.2-0.4,2,0.25,2026-02-19T21:03:00Z,2026-02-19,2026-02-20,6,0.00503890095257583,"CAR[0,5]",0,5
1362677,CSGP,csgp-quarterly-earnings-gaap-eps-02-24-2026-0pt06,CSGP.N,0.2-0.4,2,0.395,2026-02-24T21:02:00Z,2026-02-24,2026-02-25,11,0.074861817802010025,"CAR[-5,5]",-5,5
1362677,CSGP,csgp-quarterly-earnings-gaap-eps-02-24-2026-0pt06,CSGP.N,0.2-0.4,2,0.395,2026-02-24T21:02:00Z,2026-02-24,2026-02-25,1,-0.09123541887854343,AR[0],0,0
1362677,CSGP,csgp-quarterly-earnings-gaap-eps-02-24-2026-0pt06,CSGP.N,0.2-0.4,2,0.395,2026-02-24T21:02:00Z,2026-02-24,2026-02-25,2,-0.08086488702826267,"CAR[0,1]",0,1
1362677,CSGP,csgp-quarterly-earnings-gaap-eps-02-24-2026-0pt06,CSGP.N,0.2-0.4,2,0.395,2026-02-24T21:02:00Z,2026-02-24,2026-02-25,4,-0.06974130459956236,"CAR[0,3]",0,3
1362677,CSGP,csgp-quarterly-earnings-gaap-eps-02-24-2026-0pt06,CSGP.N,0.2-0.4,2,0.395,2026-02-24T21:02:00Z,2026-02-24,2026-02-25,6,-0.008937893220070603,"CAR[0,5]",0,5
1363712,ZM,zm-quarterly-earnings-nongaap-eps-02-25-2026-1pt49,ZM.N,0.2-0.4,2,0.275,2026-02-25T21:05:06Z,2026-02-25,2026-02-26,11,-0.13836349169956735,"CAR[-5,5]",-5,5
1363712,ZM,zm-quarterly-earnings-nongaap-eps-02-25-2026-1pt49,ZM.N,0.2-0.4,2,0.275,2026-02-25T21:05:06Z,2026-02-25,2026-02-26,1,-0.1100441985866497,AR[0],0,0
1363712,ZM,zm-quarterly-earnings-nongaap-eps-02-25-2026-1pt49,ZM.N,0.2-0.4,2,0.275,2026-02-25T21:05:06Z,2026-02-25,2026-02-26,2,-0.12558939104472278,"CAR[0,1]",0,1
1363712,ZM,zm-quarterly-earnings-nongaap-eps-02-25-2026-1pt49,ZM.N,0.2-0.4,2,0.275,2026-02-25T21:05:06Z,2026-02-25,2026-02-26,4,-0.1203483830394742,"CAR[0,3]",0,3
1363712,ZM,zm-quarterly-earnings-nongaap-eps-02-25-2026-1pt49,ZM.N,0.2-0.4,2,0.275,2026-02-25T21:05:06Z,2026-02-25,2026-02-26,6,-0.06853072627832973,"CAR[0,5]",0,5
1367628,TKO,tko-quarterly-earnings-gaap-eps-02-25-2026-0pt19,TKO,0.2-0.4,2,0.295,2026-02-25T21:05:01Z,2026-02-25,2026-02-26,11,-0.007026267989816124,"CAR[-5,5]",-5,5
1367628,TKO,tko-quarterly-earnings-gaap-eps-02-25-2026-0pt19,TKO,0.2-0.4,2,0.295,2026-02-25T21:05:01Z,2026-02-25,2026-02-26,1,0.08249199249426291,AR[0],0,0
1367628,TKO,tko-quarterly-earnings-gaap-eps-02-25-2026-0pt19,TKO,0.2-0.4,2,0.295,2026-02-25T21:05:01Z,2026-02-25,2026-02-26,2,0.08453739070204525,"CAR[0,1]",0,1
1367628,TKO,tko-quarterly-earnings-gaap-eps-02-25-2026-0pt19,TKO,0.2-0.4,2,0.295,2026-02-25T21:05:01Z,2026-02-25,2026-02-26,4,0.07086136105451049,"CAR[0,3]",0,3
1367628,TKO,tko-quarterly-earnings-gaap-eps-02-25-2026-0pt19,TKO,0.2-0.4,2,0.295,2026-02-25T21:05:01Z,2026-02-25,2026-02-26,6,0.030493097981074774,"CAR[0,5]",0,5
1367670,NVTS,nvts-quarterly-earnings-nongaap-eps-02-24-2026-neg0pt05,NVTS.N,0.2-0.4,2,0.355,2026-02-24T21:05:03Z,2026-02-24,2026-02-25,11,0.11386275614006179,"CAR[-5,5]",-5,5
1367670,NVTS,nvts-quarterly-earnings-nongaap-eps-02-24-2026-neg0pt05,NVTS.N,0.2-0.4,2,0.355,2026-02-24T21:05:03Z,2026-02-24,2026-02-25,1,0.1683599989881225,AR[0],0,0
1367670,NVTS,nvts-quarterly-earnings-nongaap-eps-02-24-2026-neg0pt05,NVTS.N,0.2-0.4,2,0.355,2026-02-24T21:05:03Z,2026-02-24,2026-02-25,2,0.14913610018657442,"CAR[0,1]",0,1
1367670,NVTS,nvts-quarterly-earnings-nongaap-eps-02-24-2026-neg0pt05,NVTS.N,0.2-0.4,2,0.355,2026-02-24T21:05:03Z,2026-02-24,2026-02-25,4,0.16686416290763725,"CAR[0,3]",0,3
1367670,NVTS,nvts-quarterly-earnings-nongaap-eps-02-24-2026-neg0pt05,NVTS.N,0.2-0.4,2,0.355,2026-02-24T21:05:03Z,2026-02-24,2026-02-25,6,0.1407962593730354,"CAR[0,5]",0,5
1367779,PSKY,psky-quarterly-earnings-gaap-eps-02-25-2026-neg0pt22,PSKY.N,0.2-0.4,2,0.39,2026-02-25T21:00:00Z,2026-02-25,2026-02-26,11,0.08532569635629081,"CAR[-5,5]",-5,5
1367779,PSKY,psky-quarterly-earnings-gaap-eps-02-25-2026-neg0pt22,PSKY.N,0.2-0.4,2,0.39,2026-02-25T21:00:00Z,2026-02-25,2026-02-26,1,0.10181900187364748,AR[0],0,0
1367779,PSKY,psky-quarterly-earnings-gaap-eps-02-25-2026-neg0pt22,PSKY.N,0.2-0.4,2,0.39,2026-02-25T21:00:00Z,2026-02-25,2026-02-26,2,0.3149832557918863,"CAR[0,1]",0,1
1367779,PSKY,psky-quarterly-earnings-gaap-eps-02-25-2026-neg0pt22,PSKY.N,0.2-0.4,2,0.39,2026-02-25T21:00:00Z,2026-02-25,2026-02-26,4,0.23826925993891065,"CAR[0,3]",0,3
1367779,PSKY,psky-quarterly-earnings-gaap-eps-02-25-2026-neg0pt22,PSKY.N,0.2-0.4,2,0.39,2026-02-25T21:00:00Z,2026-02-25,2026-02-26,6,0.18056561014245046,"CAR[0,5]",0,5
1369095,IEP,iep-quarterly-earnings-gaap-eps-02-25-2026-0pt17,IEP.N,0.2-0.4,2,0.30000000000000004,2026-02-25T13:00:02Z,2026-02-24,2026-02-25,11,0.032859673888010206,"CAR[-5,5]",-5,5
1369095,IEP,iep-quarterly-earnings-gaap-eps-02-25-2026-0pt17,IEP.N,0.2-0.4,2,0.30000000000000004,2026-02-25T13:00:02Z,2026-02-24,2026-02-25,1,0.028196993988691785,AR[0],0,0
1369095,IEP,iep-quarterly-earnings-gaap-eps-02-25-2026-0pt17,IEP.N,0.2-0.4,2,0.30000000000000004,2026-02-25T13:00:02Z,2026-02-24,2026-02-25,2,0.04864230200634381,"CAR[0,1]",0,1
1369095,IEP,iep-quarterly-earnings-gaap-eps-02-25-2026-0pt17,IEP.N,0.2-0.4,2,0.30000000000000004,2026-02-25T13:00:02Z,2026-02-24,2026-02-25,4,0.05285869804871068,"CAR[0,3]",0,3
1369095,IEP,iep-quarterly-earnings-gaap-eps-02-25-2026-0pt17,IEP.N,0.2-0.4,2,0.30000000000000004,2026-02-25T13:00:02Z,2026-02-24,2026-02-25,6,0.06552521898083194,"CAR[0,5]",0,5
1369367,HPQ,hpq-quarterly-earnings-nongaap-eps-02-24-2026-0pt77,HPQ,0.2-0.4,2,0.295,2026-02-24T21:00:00Z,2026-02-24,2026-02-25,11,0.05695628719403879,"CAR[-5,5]",-5,5
1369367,HPQ,hpq-quarterly-earnings-nongaap-eps-02-24-2026-0pt77,HPQ,0.2-0.4,2,0.295,2026-02-24T21:00:00Z,2026-02-24,2026-02-25,1,-0.008363165226294536,AR[0],0,0
1369367,HPQ,hpq-quarterly-earnings-nongaap-eps-02-24-2026-0pt77,HPQ,0.2-0.4,2,0.295,2026-02-24T21:00:00Z,2026-02-24,2026-02-25,2,0.034208506283634296,"CAR[0,1]",0,1
1369367,HPQ,hpq-quarterly-earnings-nongaap-eps-02-24-2026-0pt77,HPQ,0.2-0.4,2,0.295,2026-02-24T21:00:00Z,2026-02-24,2026-02-25,4,0.03843073850487534,"CAR[0,3]",0,3
1369367,HPQ,hpq-quarterly-earnings-nongaap-eps-02-24-2026-0pt77,HPQ,0.2-0.4,2,0.295,2026-02-24T21:00:00Z,2026-02-24,2026-02-25,6,0.07078198998277088,"CAR[0,5]",0,5
1369644,SG,sg-quarterly-earnings-gaap-eps-02-26-2026-neg0pt33,SG,0.2-0.4,2,0.37,2026-02-26T21:05:01Z,2026-02-26,2026-02-27,11,-6.564701953609905e-4,"CAR[-5,5]",-5,5
1369644,SG,sg-quarterly-earnings-gaap-eps-02-26-2026-neg0pt33,SG,0.2-0.4,2,0.37,2026-02-26T21:05:01Z,2026-02-26,2026-02-27,1,-0.08799921663688062,AR[0],0,0
1369644,SG,sg-quarterly-earnings-gaap-eps-02-26-2026-neg0pt33,SG,0.2-0.4,2,0.37,2026-02-26T21:05:01Z,2026-02-26,2026-02-27,2,-0.11380320116720716,"CAR[0,1]",0,1
1369644,SG,sg-quarterly-earnings-gaap-eps-02-26-2026-neg0pt33,SG,0.2-0.4,2,0.37,2026-02-26T21:05:01Z,2026-02-26,2026-02-27,4,-0.07870439443868994,"CAR[0,3]",0,3
1369644,SG,sg-quarterly-earnings-gaap-eps-02-26-2026-neg0pt33,SG,0.2-0.4,2,0.37,2026-02-26T21:05:01Z,2026-02-26,2026-02-27,6,-0.03438887412034908,"CAR[0,5]",0,5
1369646,WRBY,wrby-quarterly-earnings-gaap-eps-02-26-2026-0pt02,WRBY.N,0.2-0.4,2,0.375,2026-02-26T11:45:00Z,2026-02-25,2026-02-26,11,0.19394050577309638,"CAR[-5,5]",-5,5
1369646,WRBY,wrby-quarterly-earnings-gaap-eps-02-26-2026-0pt02,WRBY.N,0.2-0.4,2,0.375,2026-02-26T11:45:00Z,2026-02-25,2026-02-26,1,0.18853946123207732,AR[0],0,0
1369646,WRBY,wrby-quarterly-earnings-gaap-eps-02-26-2026-0pt02,WRBY.N,0.2-0.4,2,0.375,2026-02-26T11:45:00Z,2026-02-25,2026-02-26,2,0.17180190429074857,"CAR[0,1]",0,1
1369646,WRBY,wrby-quarterly-earnings-gaap-eps-02-26-2026-0pt02,WRBY.N,0.2-0.4,2,0.375,2026-02-26T11:45:00Z,2026-02-25,2026-02-26,4,0.28542373087807826,"CAR[0,3]",0,3
1369646,WRBY,wrby-quarterly-earnings-gaap-eps-02-26-2026-0pt02,WRBY.N,0.2-0.4,2,0.375,2026-02-26T11:45:00Z,2026-02-25,2026-02-26,6,0.25751123414909943,"CAR[0,5]",0,5
1386902,DNUT,dnut-quarterly-earnings-nongaap-eps-02-26-2026-0pt04,DNUT.N,0.2-0.4,2,0.325,2026-02-26T11:45:00Z,2026-02-25,2026-02-26,11,0.2040373406257024,"CAR[-5,5]",-5,5
1386902,DNUT,dnut-quarterly-earnings-nongaap-eps-02-26-2026-0pt04,DNUT.N,0.2-0.4,2,0.325,2026-02-26T11:45:00Z,2026-02-25,2026-02-26,1,0.2791817237500882,AR[0],0,0
1386902,DNUT,dnut-quarterly-earnings-nongaap-eps-02-26-2026-0pt04,DNUT.N,0.2-0.4,2,0.325,2026-02-26T11:45:00Z,2026-02-25,2026-02-26,2,0.2712483374168767,"CAR[0,1]",0,1
1386902,DNUT,dnut-quarterly-earnings-nongaap-eps-02-26-2026-0pt04,DNUT.N,0.2-0.4,2,0.325,2026-02-26T11:45:00Z,2026-02-25,2026-02-26,4,0.21754126636597554,"CAR[0,3]",0,3
1386902,DNUT,dnut-quarterly-earnings-nongaap-eps-02-26-2026-0pt04,DNUT.N,0.2-0.4,2,0.325,2026-02-26T11:45:00Z,2026-02-25,2026-02-26,6,0.2380093095466172,"CAR[0,5]",0,5
1419057,WBD,wbd-quarterly-earnings-gaap-eps-02-26-2026-0,WBD.N,0.2-0.4,2,0.305,2026-02-26T13:30:00Z,2026-02-25,2026-02-26,11,-0.0892263077543842,"CAR[-5,5]",-5,5
1419057,WBD,wbd-quarterly-earnings-gaap-eps-02-26-2026-0,WBD.N,0.2-0.4,2,0.305,2026-02-26T13:30:00Z,2026-02-25,2026-02-26,1,-0.0028141651043282504,AR[0],0,0
1419057,WBD,wbd-quarterly-earnings-gaap-eps-02-26-2026-0,WBD.N,0.2-0.4,2,0.305,2026-02-26T13:30:00Z,2026-02-25,2026-02-26,2,-0.02854885865886927,"CAR[0,1]",0,1
1419057,WBD,wbd-quarterly-earnings-gaap-eps-02-26-2026-0,WBD.N,0.2-0.4,2,0.305,2026-02-26T13:30:00Z,2026-02-25,2026-02-26,4,-0.028561056258521192,"CAR[0,3]",0,3
1419057,WBD,wbd-quarterly-earnings-gaap-eps-02-26-2026-0,WBD.N,0.2-0.4,2,0.305,2026-02-26T13:30:00Z,2026-02-25,2026-02-26,6,-0.050418096459723435,"CAR[0,5]",0,5
1428249,MTN,mtn-quarterly-earnings-gaap-eps-03-09-2026-6pt17,MTN,0.2-0.4,2,0.28500000000000003,2026-03-09T20:00:00Z,2026-03-09,2026-03-10,11,0.10680646010016633,"CAR[-5,5]",-5,5
1428249,MTN,mtn-quarterly-earnings-gaap-eps-03-09-2026-6pt17,MTN,0.2-0.4,2,0.28500000000000003,2026-03-09T20:00:00Z,2026-03-09,2026-03-10,1,0.012280256794539847,AR[0],0,0
1428249,MTN,mtn-quarterly-earnings-gaap-eps-03-09-2026-6pt17,MTN,0.2-0.4,2,0.28500000000000003,2026-03-09T20:00:00Z,2026-03-09,2026-03-10,2,0.039100159166824494,"CAR[0,1]",0,1
1428249,MTN,mtn-quarterly-earnings-gaap-eps-03-09-2026-6pt17,MTN,0.2-0.4,2,0.28500000000000003,2026-03-09T20:00:00Z,2026-03-09,2026-03-10,4,0.006302687032367157,"CAR[0,3]",0,3
1428249,MTN,mtn-quarterly-earnings-gaap-eps-03-09-2026-6pt17,MTN,0.2-0.4,2,0.28500000000000003,2026-03-09T20:00:00Z,2026-03-09,2026-03-10,6,0.0968841172276873,"CAR[0,5]",0,5
1454725,GETY,gety-quarterly-earnings-gaap-eps-03-16-2026-0pt03,GETY.N,0.2-0.4,2,0.365,2026-03-16T20:07:00Z,2026-03-16,2026-03-17,11,0.0677363844387591,"CAR[-5,5]",-5,5
1454725,GETY,gety-quarterly-earnings-gaap-eps-03-16-2026-0pt03,GETY.N,0.2-0.4,2,0.365,2026-03-16T20:07:00Z,2026-03-16,2026-03-17,1,0.11743260589726143,AR[0],0,0
1454725,GETY,gety-quarterly-earnings-gaap-eps-03-16-2026-0pt03,GETY.N,0.2-0.4,2,0.365,2026-03-16T20:07:00Z,2026-03-16,2026-03-17,2,0.11016701506100754,"CAR[0,1]",0,1
1454725,GETY,gety-quarterly-earnings-gaap-eps-03-16-2026-0pt03,GETY.N,0.2-0.4,2,0.365,2026-03-16T20:07:00Z,2026-03-16,2026-03-17,4,0.14123876752285247,"CAR[0,3]",0,3
1454725,GETY,gety-quarterly-earnings-gaap-eps-03-16-2026-0pt03,GETY.N,0.2-0.4,2,0.365,2026-03-16T20:07:00Z,2026-03-16,2026-03-17,6,0.09436592408628272,"CAR[0,5]",0,5
1652247,RH,rh-quarterly-earnings-nongaap-eps-04-01-2026-2pt22,RH,0.2-0.4,2,0.24,2026-03-31T20:00:00Z,2026-03-31,2026-04-01,11,-0.09604800909456145,"CAR[-5,5]",-5,5
1652247,RH,rh-quarterly-earnings-nongaap-eps-04-01-2026-2pt22,RH,0.2-0.4,2,0.24,2026-03-31T20:00:00Z,2026-03-31,2026-04-01,1,-0.20842635977551457,AR[0],0,0
1652247,RH,rh-quarterly-earnings-nongaap-eps-04-01-2026-2pt22,RH,0.2-0.4,2,0.24,2026-03-31T20:00:00Z,2026-03-31,2026-04-01,2,-0.20488076819280934,"CAR[0,1]",0,1
1652247,RH,rh-quarterly-earnings-nongaap-eps-04-01-2026-2pt22,RH,0.2-0.4,2,0.24,2026-03-31T20:00:00Z,2026-03-31,2026-04-01,4,-0.20592495913722178,"CAR[0,3]",0,3
1652247,RH,rh-quarterly-earnings-nongaap-eps-04-01-2026-2pt22,RH,0.2-0.4,2,0.24,2026-03-31T20:00:00Z,2026-03-31,2026-04-01,6,-0.19398453420224673,"CAR[0,5]",0,5
614636,STZ,stz-quarterly-earnings-nongaap-eps-2025-10-06-3pt44,STZ,0.2-0.4,2,0.35000000000000003,2025-10-06T20:05:11Z,2025-10-06,2025-10-07,11,0.0461469313984628,"CAR[-5,5]",-5,5
614636,STZ,stz-quarterly-earnings-nongaap-eps-2025-10-06-3pt44,STZ,0.2-0.4,2,0.35000000000000003,2025-10-06T20:05:11Z,2025-10-06,2025-10-07,1,0.013005339611423156,AR[0],0,0
614636,STZ,stz-quarterly-earnings-nongaap-eps-2025-10-06-3pt44,STZ,0.2-0.4,2,0.35000000000000003,2025-10-06T20:05:11Z,2025-10-06,2025-10-07,2,0.029766407399796854,"CAR[0,1]",0,1
614636,STZ,stz-quarterly-earnings-nongaap-eps-2025-10-06-3pt44,STZ,0.2-0.4,2,0.35000000000000003,2025-10-06T20:05:11Z,2025-10-06,2025-10-07,4,0.03584477036084957,"CAR[0,3]",0,3
614636,STZ,stz-quarterly-earnings-nongaap-eps-2025-10-06-3pt44,STZ,0.2-0.4,2,0.35000000000000003,2025-10-06T20:05:11Z,2025-10-06,2025-10-07,6,0.030197108032988917,"CAR[0,5]",0,5
620021,HELE,hele-quarterly-earnings-nongaap-eps-2025-10-09-0pt52,HELE.N,0.2-0.4,2,0.33,2025-10-09T10:45:00Z,2025-10-08,2025-10-09,11,-0.14466877314354235,"CAR[-5,5]",-5,5
620021,HELE,hele-quarterly-earnings-nongaap-eps-2025-10-09-0pt52,HELE.N,0.2-0.4,2,0.33,2025-10-09T10:45:00Z,2025-10-08,2025-10-09,1,-0.23879013371560662,AR[0],0,0
620021,HELE,hele-quarterly-earnings-nongaap-eps-2025-10-09-0pt52,HELE.N,0.2-0.4,2,0.33,2025-10-09T10:45:00Z,2025-10-08,2025-10-09,2,-0.20130471719913026,"CAR[0,1]",0,1
620021,HELE,hele-quarterly-earnings-nongaap-eps-2025-10-09-0pt52,HELE.N,0.2-0.4,2,0.33,2025-10-09T10:45:00Z,2025-10-08,2025-10-09,4,-0.199562277614109,"CAR[0,3]",0,3
620021,HELE,hele-quarterly-earnings-nongaap-eps-2025-10-09-0pt52,HELE.N,0.2-0.4,2,0.33,2025-10-09T10:45:00Z,2025-10-08,2025-10-09,6,-0.22648095814722616,"CAR[0,5]",0,5
627659,PHM,phm-quarterly-earnings-gaap-eps-10-21-2025-3pt03,PHM,0.2-0.4,2,0.32,2025-10-21T10:30:00Z,2025-10-20,2025-10-21,11,-0.040456809775486435,"CAR[-5,5]",-5,5
627659,PHM,phm-quarterly-earnings-gaap-eps-10-21-2025-3pt03,PHM,0.2-0.4,2,0.32,2025-10-21T10:30:00Z,2025-10-20,2025-10-21,1,-0.0016639249324657086,AR[0],0,0
627659,PHM,phm-quarterly-earnings-gaap-eps-10-21-2025-3pt03,PHM,0.2-0.4,2,0.32,2025-10-21T10:30:00Z,2025-10-20,2025-10-21,2,-0.024242783110875517,"CAR[0,1]",0,1
627659,PHM,phm-quarterly-earnings-gaap-eps-10-21-2025-3pt03,PHM,0.2-0.4,2,0.32,2025-10-21T10:30:00Z,2025-10-20,2025-10-21,4,-0.03483940831913617,"CAR[0,3]",0,3
627659,PHM,phm-quarterly-earnings-gaap-eps-10-21-2025-3pt03,PHM,0.2-0.4,2,0.32,2025-10-21T10:30:00Z,2025-10-20,2025-10-21,6,-0.04698084266124043,"CAR[0,5]",0,5
637847,RJF,rjf-quarterly-earnings-nongaap-eps-10-22-2025-2pt83,RJF,0.2-0.4,2,0.38,2025-10-22T20:36:53Z,2025-10-22,2025-10-23,11,-0.058578458976714015,"CAR[-5,5]",-5,5
637847,RJF,rjf-quarterly-earnings-nongaap-eps-10-22-2025-2pt83,RJF,0.2-0.4,2,0.38,2025-10-22T20:36:53Z,2025-10-22,2025-10-23,1,-0.01212433345154024,AR[0],0,0
637847,RJF,rjf-quarterly-earnings-nongaap-eps-10-22-2025-2pt83,RJF,0.2-0.4,2,0.38,2025-10-22T20:36:53Z,2025-10-22,2025-10-23,2,-0.036738155061878344,"CAR[0,1]",0,1
637847,RJF,rjf-quarterly-earnings-nongaap-eps-10-22-2025-2pt83,RJF,0.2-0.4,2,0.38,2025-10-22T20:36:53Z,2025-10-22,2025-10-23,4,-0.06961880783774702,"CAR[0,3]",0,3
637847,RJF,rjf-quarterly-earnings-nongaap-eps-10-22-2025-2pt83,RJF,0.2-0.4,2,0.38,2025-10-22T20:36:53Z,2025-10-22,2025-10-23,6,-0.0688588888117719,"CAR[0,5]",0,5
637875,HOG,hog-quarterly-earnings-gaap-eps-11-4-2025-1pt7,HOG,0.2-0.4,2,0.255,2025-11-04T12:00:06Z,2025-11-03,2025-11-04,11,-0.05426017347413558,"CAR[-5,5]",-5,5
637875,HOG,hog-quarterly-earnings-gaap-eps-11-4-2025-1pt7,HOG,0.2-0.4,2,0.255,2025-11-04T12:00:06Z,2025-11-03,2025-11-04,1,-0.04980442597363591,AR[0],0,0
637875,HOG,hog-quarterly-earnings-gaap-eps-11-4-2025-1pt7,HOG,0.2-0.4,2,0.255,2025-11-04T12:00:06Z,2025-11-03,2025-11-04,2,-0.051493928166090455,"CAR[0,1]",0,1
637875,HOG,hog-quarterly-earnings-gaap-eps-11-4-2025-1pt7,HOG,0.2-0.4,2,0.255,2025-11-04T12:00:06Z,2025-11-03,2025-11-04,4,-0.03241389494195637,"CAR[0,3]",0,3
637875,HOG,hog-quarterly-earnings-gaap-eps-11-4-2025-1pt7,HOG,0.2-0.4,2,0.255,2025-11-04T12:00:06Z,2025-11-03,2025-11-04,6,-0.06410960020726285,"CAR[0,5]",0,5
642134,ARCC,arcc-quarterly-earnings-nongaap-eps-10-28-2025-0pt5,ARCC.N,0.2-0.4,2,0.36,2025-10-28T11:00:01Z,2025-10-27,2025-10-28,11,0.04250260935314095,"CAR[-5,5]",-5,5
642134,ARCC,arcc-quarterly-earnings-nongaap-eps-10-28-2025-0pt5,ARCC.N,0.2-0.4,2,0.36,2025-10-28T11:00:01Z,2025-10-27,2025-10-28,1,0.009931830867380607,AR[0],0,0
642134,ARCC,arcc-quarterly-earnings-nongaap-eps-10-28-2025-0pt5,ARCC.N,0.2-0.4,2,0.36,2025-10-28T11:00:01Z,2025-10-27,2025-10-28,2,0.013294165509350028,"CAR[0,1]",0,1
642134,ARCC,arcc-quarterly-earnings-nongaap-eps-10-28-2025-0pt5,ARCC.N,0.2-0.4,2,0.36,2025-10-28T11:00:01Z,2025-10-27,2025-10-28,4,0.01010172254568199,"CAR[0,3]",0,3
642134,ARCC,arcc-quarterly-earnings-nongaap-eps-10-28-2025-0pt5,ARCC.N,0.2-0.4,2,0.36,2025-10-28T11:00:01Z,2025-10-27,2025-10-28,6,0.01728918962994344,"CAR[0,5]",0,5
642138,BGC,bgc-quarterly-earnings-nongaap-eps-11-06-2025-0pt28,BGC.N,0.2-0.4,2,0.25,2025-11-06T13:00:01Z,2025-11-05,2025-11-06,11,0.03014699036591621,"CAR[-5,5]",-5,5
642138,BGC,bgc-quarterly-earnings-nongaap-eps-11-06-2025-0pt28,BGC.N,0.2-0.4,2,0.25,2025-11-06T13:00:01Z,2025-11-05,2025-11-06,1,0.012968027608803865,AR[0],0,0
642138,BGC,bgc-quarterly-earnings-nongaap-eps-11-06-2025-0pt28,BGC.N,0.2-0.4,2,0.25,2025-11-06T13:00:01Z,2025-11-05,2025-11-06,2,0.026093751404538255,"CAR[0,1]",0,1
642138,BGC,bgc-quarterly-earnings-nongaap-eps-11-06-2025-0pt28,BGC.N,0.2-0.4,2,0.25,2025-11-06T13:00:01Z,2025-11-05,2025-11-06,4,-0.0029310004235822973,"CAR[0,3]",0,3
642138,BGC,bgc-quarterly-earnings-nongaap-eps-11-06-2025-0pt28,BGC.N,0.2-0.4,2,0.25,2025-11-06T13:00:01Z,2025-11-05,2025-11-06,6,0.008380172868261457,"CAR[0,5]",0,5
647505,BA,ba-quarterly-earnings-nongaap-eps-10-29-2025-neg2pt38,BA,0.2-0.4,2,0.395,2025-10-29T11:30:24Z,2025-10-28,2025-10-29,11,-0.11074776009776957,"CAR[-5,5]",-5,5
647505,BA,ba-quarterly-earnings-nongaap-eps-10-29-2025-neg2pt38,BA,0.2-0.4,2,0.395,2025-10-29T11:30:24Z,2025-10-28,2025-10-29,1,-0.04429317854138045,AR[0],0,0
647505,BA,ba-quarterly-earnings-nongaap-eps-10-29-2025-neg2pt38,BA,0.2-0.4,2,0.395,2025-10-29T11:30:24Z,2025-10-28,2025-10-29,2,-0.09506145611132966,"CAR[0,1]",0,1
647505,BA,ba-quarterly-earnings-nongaap-eps-10-29-2025-neg2pt38,BA,0.2-0.4,2,0.395,2025-10-29T11:30:24Z,2025-10-28,2025-10-29,4,-0.07994276965131131,"CAR[0,3]",0,3
647505,BA,ba-quarterly-earnings-nongaap-eps-10-29-2025-neg2pt38,BA,0.2-0.4,2,0.395,2025-10-29T11:30:24Z,2025-10-28,2025-10-29,6,-0.1045599861335582,"CAR[0,5]",0,5
647815,ETSY,etsy-quarterly-earnings-gaap-eps-10-29-2025-0pt52,ETSY.N,0.2-0.4,2,0.34500000000000003,2025-10-29T11:00:03Z,2025-10-28,2025-10-29,11,-0.1834164487005496,"CAR[-5,5]",-5,5
647815,ETSY,etsy-quarterly-earnings-gaap-eps-10-29-2025-0pt52,ETSY.N,0.2-0.4,2,0.34500000000000003,2025-10-29T11:00:03Z,2025-10-28,2025-10-29,1,-0.12894428381868062,AR[0],0,0
647815,ETSY,etsy-quarterly-earnings-gaap-eps-10-29-2025-0pt52,ETSY.N,0.2-0.4,2,0.34500000000000003,2025-10-29T11:00:03Z,2025-10-28,2025-10-29,2,-0.17163469061886968,"CAR[0,1]",0,1
647815,ETSY,etsy-quarterly-earnings-gaap-eps-10-29-2025-0pt52,ETSY.N,0.2-0.4,2,0.34500000000000003,2025-10-29T11:00:03Z,2025-10-28,2025-10-29,4,-0.1911303821775882,"CAR[0,3]",0,3
647815,ETSY,etsy-quarterly-earnings-gaap-eps-10-29-2025-0pt52,ETSY.N,0.2-0.4,2,0.34500000000000003,2025-10-29T11:00:03Z,2025-10-28,2025-10-29,6,-0.19762358554733922,"CAR[0,5]",0,5
647847,PSKY,psky-quarterly-earnings-gaap-eps-11-10-2025-0pt35,PSKY.N,0.2-0.4,2,0.275,2025-11-10T21:00:00Z,2025-11-10,2025-11-11,11,0.02823259826823872,"CAR[-5,5]",-5,5
647847,PSKY,psky-quarterly-earnings-gaap-eps-11-10-2025-0pt35,PSKY.N,0.2-0.4,2,0.275,2025-11-10T21:00:00Z,2025-11-10,2025-11-11,1,0.0962561876899229,AR[0],0,0
647847,PSKY,psky-quarterly-earnings-gaap-eps-11-10-2025-0pt35,PSKY.N,0.2-0.4,2,0.275,2025-11-10T21:00:00Z,2025-11-10,2025-11-11,2,0.02071152841772199,"CAR[0,1]",0,1
647847,PSKY,psky-quarterly-earnings-gaap-eps-11-10-2025-0pt35,PSKY.N,0.2-0.4,2,0.275,2025-11-10T21:00:00Z,2025-11-10,2025-11-11,4,0.028006096665726676,"CAR[0,3]",0,3
647847,PSKY,psky-quarterly-earnings-gaap-eps-11-10-2025-0pt35,PSKY.N,0.2-0.4,2,0.275,2025-11-10T21:00:00Z,2025-11-10,2025-11-11,6,0.05413670025936562,"CAR[0,5]",0,5
647968,HGV,hgv-quarterly-earnings-nongaap-eps-10-30-2025-0pt97,HGV,0.2-0.4,2,0.395,2025-10-30T11:30:00Z,2025-10-29,2025-10-30,11,-0.1476542262033309,"CAR[-5,5]",-5,5
647968,HGV,hgv-quarterly-earnings-nongaap-eps-10-30-2025-0pt97,HGV,0.2-0.4,2,0.395,2025-10-30T11:30:00Z,2025-10-29,2025-10-30,1,-0.05195461769957257,AR[0],0,0
647968,HGV,hgv-quarterly-earnings-nongaap-eps-10-30-2025-0pt97,HGV,0.2-0.4,2,0.395,2025-10-30T11:30:00Z,2025-10-29,2025-10-30,2,-0.05005643203936135,"CAR[0,1]",0,1
647968,HGV,hgv-quarterly-earnings-nongaap-eps-10-30-2025-0pt97,HGV,0.2-0.4,2,0.395,2025-10-30T11:30:00Z,2025-10-29,2025-10-30,4,-0.05558507059133988,"CAR[0,3]",0,3
647968,HGV,hgv-quarterly-earnings-nongaap-eps-10-30-2025-0pt97,HGV,0.2-0.4,2,0.395,2025-10-30T11:30:00Z,2025-10-29,2025-10-30,6,-0.06503526129354305,"CAR[0,5]",0,5
652652,SUN,sun-quarterly-earnings-gaap-eps-11-05-2025-1pt37,SUN,0.2-0.4,2,0.37,2025-11-05T14:30:00Z,2025-11-04,2025-11-05,11,-0.02410582779033171,"CAR[-5,5]",-5,5
652652,SUN,sun-quarterly-earnings-gaap-eps-11-05-2025-1pt37,SUN,0.2-0.4,2,0.37,2025-11-05T14:30:00Z,2025-11-04,2025-11-05,1,0.0024123945178931216,AR[0],0,0
652652,SUN,sun-quarterly-earnings-gaap-eps-11-05-2025-1pt37,SUN,0.2-0.4,2,0.37,2025-11-05T14:30:00Z,2025-11-04,2025-11-05,2,0.004851286907531566,"CAR[0,1]",0,1
652652,SUN,sun-quarterly-earnings-gaap-eps-11-05-2025-1pt37,SUN,0.2-0.4,2,0.37,2025-11-05T14:30:00Z,2025-11-04,2025-11-05,4,-0.020212559936705066,"CAR[0,3]",0,3
652652,SUN,sun-quarterly-earnings-gaap-eps-11-05-2025-1pt37,SUN,0.2-0.4,2,0.37,2025-11-05T14:30:00Z,2025-11-04,2025-11-05,6,-0.022607788749108074,"CAR[0,5]",0,5
652658,IEP,iep-quarterly-earnings-gaap-eps-11-05-2025-0pt14,IEP.N,0.2-0.4,2,0.27,2025-11-05T13:00:02Z,2025-11-04,2025-11-05,11,0.1291726194609373,"CAR[-5,5]",-5,5
652658,IEP,iep-quarterly-earnings-gaap-eps-11-05-2025-0pt14,IEP.N,0.2-0.4,2,0.27,2025-11-05T13:00:02Z,2025-11-04,2025-11-05,1,0.08873973680353069,AR[0],0,0
652658,IEP,iep-quarterly-earnings-gaap-eps-11-05-2025-0pt14,IEP.N,0.2-0.4,2,0.27,2025-11-05T13:00:02Z,2025-11-04,2025-11-05,2,0.13495214433606023,"CAR[0,1]",0,1
652658,IEP,iep-quarterly-earnings-gaap-eps-11-05-2025-0pt14,IEP.N,0.2-0.4,2,0.27,2025-11-05T13:00:02Z,2025-11-04,2025-11-05,4,0.11063258224239798,"CAR[0,3]",0,3
652658,IEP,iep-quarterly-earnings-gaap-eps-11-05-2025-0pt14,IEP.N,0.2-0.4,2,0.27,2025-11-05T13:00:02Z,2025-11-04,2025-11-05,6,0.11103686288353176,"CAR[0,5]",0,5
652823,FSK,fsk-quarterly-earnings-gaap-eps-11-05-2025-0pt58,FSK,0.2-0.4,2,0.39,2025-11-05T21:00:00Z,2025-11-05,2025-11-06,11,0.0832647067584369,"CAR[-5,5]",-5,5
652823,FSK,fsk-quarterly-earnings-gaap-eps-11-05-2025-0pt58,FSK,0.2-0.4,2,0.39,2025-11-05T21:00:00Z,2025-11-05,2025-11-06,1,0.04146005124416255,AR[0],0,0
652823,FSK,fsk-quarterly-earnings-gaap-eps-11-05-2025-0pt58,FSK,0.2-0.4,2,0.39,2025-11-05T21:00:00Z,2025-11-05,2025-11-06,2,0.04526233147388457,"CAR[0,1]",0,1
652823,FSK,fsk-quarterly-earnings-gaap-eps-11-05-2025-0pt58,FSK,0.2-0.4,2,0.39,2025-11-05T21:00:00Z,2025-11-05,2025-11-06,4,0.05452571875845508,"CAR[0,3]",0,3
652823,FSK,fsk-quarterly-earnings-gaap-eps-11-05-2025-0pt58,FSK,0.2-0.4,2,0.39,2025-11-05T21:00:00Z,2025-11-05,2025-11-06,6,0.08104192312903724,"CAR[0,5]",0,5
656746,PFE,pfe-quarterly-earnings-gaap-eps-11-04-2025-0pt64,PFE,0.2-0.4,2,0.28500000000000003,2025-11-04T13:30:00Z,2025-11-03,2025-11-04,11,0.04294127155917446,"CAR[-5,5]",-5,5
656746,PFE,pfe-quarterly-earnings-gaap-eps-11-04-2025-0pt64,PFE,0.2-0.4,2,0.28500000000000003,2025-11-04T13:30:00Z,2025-11-03,2025-11-04,1,-0.007779701393297159,AR[0],0,0
656746,PFE,pfe-quarterly-earnings-gaap-eps-11-04-2025-0pt64,PFE,0.2-0.4,2,0.28500000000000003,2025-11-04T13:30:00Z,2025-11-03,2025-11-04,2,0.004041771483504654,"CAR[0,1]",0,1
656746,PFE,pfe-quarterly-earnings-gaap-eps-11-04-2025-0pt64,PFE,0.2-0.4,2,0.28500000000000003,2025-11-04T13:30:00Z,2025-11-03,2025-11-04,4,0.00369921533529669,"CAR[0,3]",0,3
656746,PFE,pfe-quarterly-earnings-gaap-eps-11-04-2025-0pt64,PFE,0.2-0.4,2,0.28500000000000003,2025-11-04T13:30:00Z,2025-11-03,2025-11-04,6,0.04098696355084105,"CAR[0,5]",0,5
656761,LYV,lyv-quarterly-earnings-gaap-eps-11-04-2025-1pt53,LYV,0.2-0.4,2,0.325,2025-11-04T21:07:00Z,2025-11-04,2025-11-05,11,-0.061792946695831276,"CAR[-5,5]",-5,5
656761,LYV,lyv-quarterly-earnings-gaap-eps-11-04-2025-1pt53,LYV,0.2-0.4,2,0.325,2025-11-04T21:07:00Z,2025-11-04,2025-11-05,1,-0.10986115330888631,AR[0],0,0
656761,LYV,lyv-quarterly-earnings-gaap-eps-11-04-2025-1pt53,LYV,0.2-0.4,2,0.325,2025-11-04T21:07:00Z,2025-11-04,2025-11-05,2,-0.07624184051720478,"CAR[0,1]",0,1
656761,LYV,lyv-quarterly-earnings-gaap-eps-11-04-2025-1pt53,LYV,0.2-0.4,2,0.325,2025-11-04T21:07:00Z,2025-11-04,2025-11-05,4,-0.05390074423697386,"CAR[0,3]",0,3
656761,LYV,lyv-quarterly-earnings-gaap-eps-11-04-2025-1pt53,LYV,0.2-0.4,2,0.325,2025-11-04T21:07:00Z,2025-11-04,2025-11-05,6,-0.0771233179437359,"CAR[0,5]",0,5
656792,BMBL,bmbl-quarterly-earnings-gaap-eps-11-05-2025-0pt33,BMBL.N,0.2-0.4,2,0.28500000000000003,2025-11-05T21:15:01Z,2025-11-05,2025-11-06,11,-0.3522160593898852,"CAR[-5,5]",-5,5
656792,BMBL,bmbl-quarterly-earnings-gaap-eps-11-05-2025-0pt33,BMBL.N,0.2-0.4,2,0.28500000000000003,2025-11-05T21:15:01Z,2025-11-05,2025-11-06,1,-0.20713608898921804,AR[0],0,0
656792,BMBL,bmbl-quarterly-earnings-gaap-eps-11-05-2025-0pt33,BMBL.N,0.2-0.4,2,0.28500000000000003,2025-11-05T21:15:01Z,2025-11-05,2025-11-06,2,-0.20229179393606236,"CAR[0,1]",0,1
656792,BMBL,bmbl-quarterly-earnings-gaap-eps-11-05-2025-0pt33,BMBL.N,0.2-0.4,2,0.28500000000000003,2025-11-05T21:15:01Z,2025-11-05,2025-11-06,4,-0.28796879777547874,"CAR[0,3]",0,3
656792,BMBL,bmbl-quarterly-earnings-gaap-eps-11-05-2025-0pt33,BMBL.N,0.2-0.4,2,0.28500000000000003,2025-11-05T21:15:01Z,2025-11-05,2025-11-06,6,-0.3394607437941277,"CAR[0,5]",0,5
656831,PINS,pins-quarterly-earnings-nongaap-eps-11-04-2025-0pt42,PINS.N,0.2-0.4,2,0.35000000000000003,2025-11-04T21:06:00Z,2025-11-04,2025-11-05,11,-0.13807166694368278,"CAR[-5,5]",-5,5
656831,PINS,pins-quarterly-earnings-nongaap-eps-11-04-2025-0pt42,PINS.N,0.2-0.4,2,0.35000000000000003,2025-11-04T21:06:00Z,2025-11-04,2025-11-05,1,-0.22176472609297165,AR[0],0,0
656831,PINS,pins-quarterly-earnings-nongaap-eps-11-04-2025-0pt42,PINS.N,0.2-0.4,2,0.35000000000000003,2025-11-04T21:06:00Z,2025-11-04,2025-11-05,2,-0.18142196833769225,"CAR[0,1]",0,1
656831,PINS,pins-quarterly-earnings-nongaap-eps-11-04-2025-0pt42,PINS.N,0.2-0.4,2,0.35000000000000003,2025-11-04T21:06:00Z,2025-11-04,2025-11-05,4,-0.17707160038653288,"CAR[0,3]",0,3
656831,PINS,pins-quarterly-earnings-nongaap-eps-11-04-2025-0pt42,PINS.N,0.2-0.4,2,0.35000000000000003,2025-11-04T21:06:00Z,2025-11-04,2025-11-05,6,-0.16654360997685883,"CAR[0,5]",0,5
657300,WRBY,wrby-quarterly-earnings-gaap-eps-11-06-2025-0pt05,WRBY.N,0.2-0.4,2,0.255,2025-11-06T11:45:00Z,2025-11-05,2025-11-06,11,-0.10176142830710845,"CAR[-5,5]",-5,5
657300,WRBY,wrby-quarterly-earnings-gaap-eps-11-06-2025-0pt05,WRBY.N,0.2-0.4,2,0.255,2025-11-06T11:45:00Z,2025-11-05,2025-11-06,1,-0.09170626346733331,AR[0],0,0
657300,WRBY,wrby-quarterly-earnings-gaap-eps-11-06-2025-0pt05,WRBY.N,0.2-0.4,2,0.255,2025-11-06T11:45:00Z,2025-11-05,2025-11-06,2,-0.07679662959640178,"CAR[0,1]",0,1
657300,WRBY,wrby-quarterly-earnings-gaap-eps-11-06-2025-0pt05,WRBY.N,0.2-0.4,2,0.255,2025-11-06T11:45:00Z,2025-11-05,2025-11-06,4,-0.09814155993861134,"CAR[0,3]",0,3
657300,WRBY,wrby-quarterly-earnings-gaap-eps-11-06-2025-0pt05,WRBY.N,0.2-0.4,2,0.255,2025-11-06T11:45:00Z,2025-11-05,2025-11-06,6,-0.07592553948760619,"CAR[0,5]",0,5
657371,CGBD,cgbd-quarterly-earnings-gaap-eps-11-04-2025-0pt39,CGBD.N,0.2-0.4,2,0.365,2025-11-04T21:00:00Z,2025-11-04,2025-11-05,11,-0.028059670434742966,"CAR[-5,5]",-5,5
657371,CGBD,cgbd-quarterly-earnings-gaap-eps-11-04-2025-0pt39,CGBD.N,0.2-0.4,2,0.365,2025-11-04T21:00:00Z,2025-11-04,2025-11-05,1,-0.028448002927278174,AR[0],0,0
657371,CGBD,cgbd-quarterly-earnings-gaap-eps-11-04-2025-0pt39,CGBD.N,0.2-0.4,2,0.365,2025-11-04T21:00:00Z,2025-11-04,2025-11-05,2,-0.033312648215924286,"CAR[0,1]",0,1
657371,CGBD,cgbd-quarterly-earnings-gaap-eps-11-04-2025-0pt39,CGBD.N,0.2-0.4,2,0.365,2025-11-04T21:00:00Z,2025-11-04,2025-11-05,4,-0.047250689186883854,"CAR[0,3]",0,3
657371,CGBD,cgbd-quarterly-earnings-gaap-eps-11-04-2025-0pt39,CGBD.N,0.2-0.4,2,0.365,2025-11-04T21:00:00Z,2025-11-04,2025-11-05,6,-0.01998800255322129,"CAR[0,5]",0,5
658498,SG,sg-quarterly-earnings-gaap-eps-11-06-2025-neg0pt17,SG,0.2-0.4,2,0.335,2025-11-06T21:05:02Z,2025-11-06,2025-11-07,11,0.08898603815261212,"CAR[-5,5]",-5,5
658498,SG,sg-quarterly-earnings-gaap-eps-11-06-2025-neg0pt17,SG,0.2-0.4,2,0.335,2025-11-06T21:05:02Z,2025-11-06,2025-11-07,1,-0.070143591681036635,AR[0],0,0
658498,SG,sg-quarterly-earnings-gaap-eps-11-06-2025-neg0pt17,SG,0.2-0.4,2,0.335,2025-11-06T21:05:02Z,2025-11-06,2025-11-07,2,-0.14971463776050353,"CAR[0,1]",0,1
658498,SG,sg-quarterly-earnings-gaap-eps-11-06-2025-neg0pt17,SG,0.2-0.4,2,0.335,2025-11-06T21:05:02Z,2025-11-06,2025-11-07,4,-0.14997413599733936,"CAR[0,3]",0,3
658498,SG,sg-quarterly-earnings-gaap-eps-11-06-2025-neg0pt17,SG,0.2-0.4,2,0.335,2025-11-06T21:05:02Z,2025-11-06,2025-11-07,6,0.0299284918193959,"CAR[0,5]",0,5
658499,GPRO,gpro-quarterly-earnings-nongaap-eps-11-06-2025-neg0pt04,GPRO.OQ,0.2-0.4,2,0.24,2025-11-06T21:05:00Z,2025-11-06,2025-11-07,11,-0.2524546103804107,"CAR[-5,5]",-5,5
658499,GPRO,gpro-quarterly-earnings-nongaap-eps-11-06-2025-neg0pt04,GPRO.OQ,0.2-0.4,2,0.24,2025-11-06T21:05:00Z,2025-11-06,2025-11-07,1,-0.11103496001211864,AR[0],0,0
658499,GPRO,gpro-quarterly-earnings-nongaap-eps-11-06-2025-neg0pt04,GPRO.OQ,0.2-0.4,2,0.24,2025-11-06T21:05:00Z,2025-11-06,2025-11-07,2,-0.09689763452509988,"CAR[0,1]",0,1
658499,GPRO,gpro-quarterly-earnings-nongaap-eps-11-06-2025-neg0pt04,GPRO.OQ,0.2-0.4,2,0.24,2025-11-06T21:05:00Z,2025-11-06,2025-11-07,4,-0.09339532479051821,"CAR[0,3]",0,3
658499,GPRO,gpro-quarterly-earnings-nongaap-eps-11-06-2025-neg0pt04,GPRO.OQ,0.2-0.4,2,0.24,2025-11-06T21:05:00Z,2025-11-06,2025-11-07,6,-0.1198741333281465,"CAR[0,5]",0,5
658859,GT,gt-quarterly-earnings-nongaap-eps-11-03-2025-0pt16,GT.N,0.2-0.4,2,0.365,2025-11-03T21:30:00Z,2025-11-03,2025-11-04,11,0.08050720451728406,"CAR[-5,5]",-5,5
658859,GT,gt-quarterly-earnings-nongaap-eps-11-03-2025-0pt16,GT.N,0.2-0.4,2,0.365,2025-11-03T21:30:00Z,2025-11-03,2025-11-04,1,0.08836338214643556,AR[0],0,0
658859,GT,gt-quarterly-earnings-nongaap-eps-11-03-2025-0pt16,GT.N,0.2-0.4,2,0.365,2025-11-03T21:30:00Z,2025-11-03,2025-11-04,2,0.1704040765972646,"CAR[0,1]",0,1
658859,GT,gt-quarterly-earnings-nongaap-eps-11-03-2025-0pt16,GT.N,0.2-0.4,2,0.365,2025-11-03T21:30:00Z,2025-11-03,2025-11-04,4,0.12261862359523108,"CAR[0,3]",0,3
658859,GT,gt-quarterly-earnings-nongaap-eps-11-03-2025-0pt16,GT.N,0.2-0.4,2,0.365,2025-11-03T21:30:00Z,2025-11-03,2025-11-04,6,0.09866865995606046,"CAR[0,5]",0,5
667915,CHGG,chgg-quarterly-earnings-nongaap-eps-11-10-2025-neg0pt08,CHGG.N,0.2-0.4,2,0.385,2025-11-10T21:05:00Z,2025-11-10,2025-11-11,11,0.16183537174752158,"CAR[-5,5]",-5,5
667915,CHGG,chgg-quarterly-earnings-nongaap-eps-11-10-2025-neg0pt08,CHGG.N,0.2-0.4,2,0.385,2025-11-10T21:05:00Z,2025-11-10,2025-11-11,1,0.2729638028448291,AR[0],0,0
667915,CHGG,chgg-quarterly-earnings-nongaap-eps-11-10-2025-neg0pt08,CHGG.N,0.2-0.4,2,0.385,2025-11-10T21:05:00Z,2025-11-10,2025-11-11,2,0.32874027319757676,"CAR[0,1]",0,1
667915,CHGG,chgg-quarterly-earnings-nongaap-eps-11-10-2025-neg0pt08,CHGG.N,0.2-0.4,2,0.385,2025-11-10T21:05:00Z,2025-11-10,2025-11-11,4,0.24338908451712502,"CAR[0,3]",0,3
667915,CHGG,chgg-quarterly-earnings-nongaap-eps-11-10-2025-neg0pt08,CHGG.N,0.2-0.4,2,0.385,2025-11-10T21:05:00Z,2025-11-10,2025-11-11,6,0.22528242723138953,"CAR[0,5]",0,5
668448,IHRT,ihrt-quarterly-earnings-gaap-eps-11-10-2025-neg0pt01,IHRT.N,0.2-0.4,2,0.295,2025-11-10T21:00:00Z,2025-11-10,2025-11-11,11,0.39506986255155374,"CAR[-5,5]",-5,5
668448,IHRT,ihrt-quarterly-earnings-gaap-eps-11-10-2025-neg0pt01,IHRT.N,0.2-0.4,2,0.295,2025-11-10T21:00:00Z,2025-11-10,2025-11-11,1,-0.058611313803281107,AR[0],0,0
668448,IHRT,ihrt-quarterly-earnings-gaap-eps-11-10-2025-neg0pt01,IHRT.N,0.2-0.4,2,0.295,2025-11-10T21:00:00Z,2025-11-10,2025-11-11,2,-0.0740286161714648,"CAR[0,1]",0,1
668448,IHRT,ihrt-quarterly-earnings-gaap-eps-11-10-2025-neg0pt01,IHRT.N,0.2-0.4,2,0.295,2025-11-10T21:00:00Z,2025-11-10,2025-11-11,4,-0.1001438161139229,"CAR[0,3]",0,3
668448,IHRT,ihrt-quarterly-earnings-gaap-eps-11-10-2025-neg0pt01,IHRT.N,0.2-0.4,2,0.295,2025-11-10T21:00:00Z,2025-11-10,2025-11-11,6,-0.10397659819707844,"CAR[0,5]",0,5
668511,NMAX,nmax-quarterly-earnings-gaap-eps-11-13-2025-neg0pt07,NMAX.N,0.2-0.4,2,0.265,2025-11-13T21:00:00Z,2025-11-13,2025-11-14,11,-0.13946552287046662,"CAR[-5,5]",-5,5
668511,NMAX,nmax-quarterly-earnings-gaap-eps-11-13-2025-neg0pt07,NMAX.N,0.2-0.4,2,0.265,2025-11-13T21:00:00Z,2025-11-13,2025-11-14,1,-0.06698886560427783,AR[0],0,0
668511,NMAX,nmax-quarterly-earnings-gaap-eps-11-13-2025-neg0pt07,NMAX.N,0.2-0.4,2,0.265,2025-11-13T21:00:00Z,2025-11-13,2025-11-14,2,-0.09876875984636818,"CAR[0,1]",0,1
668511,NMAX,nmax-quarterly-earnings-gaap-eps-11-13-2025-neg0pt07,NMAX.N,0.2-0.4,2,0.265,2025-11-13T21:00:00Z,2025-11-13,2025-11-14,4,-0.09432943764392285,"CAR[0,3]",0,3
668511,NMAX,nmax-quarterly-earnings-gaap-eps-11-13-2025-neg0pt07,NMAX.N,0.2-0.4,2,0.265,2025-11-13T21:00:00Z,2025-11-13,2025-11-14,6,-0.11027313257841423,"CAR[0,5]",0,5
668515,BTM,btm-quarterly-earnings-gaap-eps-11-13-2025-0pt1,BTM.N,0.2-0.4,2,0.39,2025-11-13T13:30:00Z,2025-11-12,2025-11-13,11,-0.6201398052479085,"CAR[-5,5]",-5,5
668515,BTM,btm-quarterly-earnings-gaap-eps-11-13-2025-0pt1,BTM.N,0.2-0.4,2,0.39,2025-11-13T13:30:00Z,2025-11-12,2025-11-13,1,-0.1822944869945874,AR[0],0,0
668515,BTM,btm-quarterly-earnings-gaap-eps-11-13-2025-0pt1,BTM.N,0.2-0.4,2,0.39,2025-11-13T13:30:00Z,2025-11-12,2025-11-13,2,-0.2031831782704724,"CAR[0,1]",0,1
668515,BTM,btm-quarterly-earnings-gaap-eps-11-13-2025-0pt1,BTM.N,0.2-0.4,2,0.39,2025-11-13T13:30:00Z,2025-11-12,2025-11-13,4,-0.30397670330596643,"CAR[0,3]",0,3
668515,BTM,btm-quarterly-earnings-gaap-eps-11-13-2025-0pt1,BTM.N,0.2-0.4,2,0.39,2025-11-13T13:30:00Z,2025-11-12,2025-11-13,6,-0.4848415779344757,"CAR[0,5]",0,5
674921,FRO,fro-quarterly-earnings-nongaap-eps-11-28-2025-0pt23,FRO,0.2-0.4,2,0.335,2025-11-21T06:29:00Z,2025-11-20,2025-11-21,11,-0.12109321223167815,"CAR[-5,5]",-5,5
674921,FRO,fro-quarterly-earnings-nongaap-eps-11-28-2025-0pt23,FRO,0.2-0.4,2,0.335,2025-11-21T06:29:00Z,2025-11-20,2025-11-21,1,0.026421335455597723,AR[0],0,0
674921,FRO,fro-quarterly-earnings-nongaap-eps-11-28-2025-0pt23,FRO,0.2-0.4,2,0.335,2025-11-21T06:29:00Z,2025-11-20,2025-11-21,2,-0.02439407938452727,"CAR[0,1]",0,1
674921,FRO,fro-quarterly-earnings-nongaap-eps-11-28-2025-0pt23,FRO,0.2-0.4,2,0.335,2025-11-21T06:29:00Z,2025-11-20,2025-11-21,4,-0.09988354616497519,"CAR[0,3]",0,3
674921,FRO,fro-quarterly-earnings-nongaap-eps-11-28-2025-0pt23,FRO,0.2-0.4,2,0.335,2025-11-21T06:29:00Z,2025-11-20,2025-11-21,6,-0.13261848738220444,"CAR[0,5]",0,5
675514,AVR,avr-quarterly-earnings-gaap-eps-11-20-2025-neg0pt54,AVR.N,0.2-0.4,2,0.27,2025-11-12T22:52:49Z,2025-11-12,2025-11-13,11,-0.059105705061133024,"CAR[-5,5]",-5,5
675514,AVR,avr-quarterly-earnings-gaap-eps-11-20-2025-neg0pt54,AVR.N,0.2-0.4,2,0.27,2025-11-12T22:52:49Z,2025-11-12,2025-11-13,1,0.012136395490522998,AR[0],0,0
675514,AVR,avr-quarterly-earnings-gaap-eps-11-20-2025-neg0pt54,AVR.N,0.2-0.4,2,0.27,2025-11-12T22:52:49Z,2025-11-12,2025-11-13,2,-0.004976692945787536,"CAR[0,1]",0,1
675514,AVR,avr-quarterly-earnings-gaap-eps-11-20-2025-neg0pt54,AVR.N,0.2-0.4,2,0.27,2025-11-12T22:52:49Z,2025-11-12,2025-11-13,4,-0.004834742605883832,"CAR[0,3]",0,3
675514,AVR,avr-quarterly-earnings-gaap-eps-11-20-2025-neg0pt54,AVR.N,0.2-0.4,2,0.27,2025-11-12T22:52:49Z,2025-11-12,2025-11-13,6,0.01606687991324359,"CAR[0,5]",0,5
675617,HPQ,hpq-quarterly-earnings-nongaap-eps-11-25-2025-0pt92,HPQ,0.2-0.4,2,0.35000000000000003,2025-11-25T21:15:00Z,2025-11-25,2025-11-26,11,0.09941609177747994,"CAR[-5,5]",-5,5
675617,HPQ,hpq-quarterly-earnings-nongaap-eps-11-25-2025-0pt92,HPQ,0.2-0.4,2,0.35000000000000003,2025-11-25T21:15:00Z,2025-11-25,2025-11-26,1,-0.022251158904571057,AR[0],0,0
675617,HPQ,hpq-quarterly-earnings-nongaap-eps-11-25-2025-0pt92,HPQ,0.2-0.4,2,0.35000000000000003,2025-11-25T21:15:00Z,2025-11-25,2025-11-26,2,-0.010004253426084141,"CAR[0,1]",0,1
675617,HPQ,hpq-quarterly-earnings-nongaap-eps-11-25-2025-0pt92,HPQ,0.2-0.4,2,0.35000000000000003,2025-11-25T21:15:00Z,2025-11-25,2025-11-26,4,0.026699146288600945,"CAR[0,3]",0,3
675617,HPQ,hpq-quarterly-earnings-nongaap-eps-11-25-2025-0pt92,HPQ,0.2-0.4,2,0.35000000000000003,2025-11-25T21:15:00Z,2025-11-25,2025-11-26,6,0.05356601718857178,"CAR[0,5]",0,5
697473,ASO,aso-quarterly-earnings-nongaap-eps-12-09-2025-1pt06,ASO.N,0.2-0.4,2,0.34500000000000003,2025-12-09T13:00:02Z,2025-12-08,2025-12-09,11,0.10265093775963549,"CAR[-5,5]",-5,5
697473,ASO,aso-quarterly-earnings-nongaap-eps-12-09-2025-1pt06,ASO.N,0.2-0.4,2,0.34500000000000003,2025-12-09T13:00:02Z,2025-12-08,2025-12-09,1,0.08884405717929994,AR[0],0,0
697473,ASO,aso-quarterly-earnings-nongaap-eps-12-09-2025-1pt06,ASO.N,0.2-0.4,2,0.34500000000000003,2025-12-09T13:00:02Z,2025-12-08,2025-12-09,2,0.11485273403923708,"CAR[0,1]",0,1
697473,ASO,aso-quarterly-earnings-nongaap-eps-12-09-2025-1pt06,ASO.N,0.2-0.4,2,0.34500000000000003,2025-12-09T13:00:02Z,2025-12-08,2025-12-09,4,0.1415800424223525,"CAR[0,3]",0,3
697473,ASO,aso-quarterly-earnings-nongaap-eps-12-09-2025-1pt06,ASO.N,0.2-0.4,2,0.34500000000000003,2025-12-09T13:00:02Z,2025-12-08,2025-12-09,6,0.11568467289060386,"CAR[0,5]",0,5
1099148,C,c-quarterly-earnings-gaap-eps-01-14-2026-1pt69,C,0.4-0.6,3,0.48,2026-01-14T13:00:02Z,2026-01-13,2026-01-14,11,-0.05872676641874349,"CAR[-5,5]",-5,5
1099148,C,c-quarterly-earnings-gaap-eps-01-14-2026-1pt69,C,0.4-0.6,3,0.48,2026-01-14T13:00:02Z,2026-01-13,2026-01-14,1,-0.027371444369881356,AR[0],0,0
1099148,C,c-quarterly-earnings-gaap-eps-01-14-2026-1pt69,C,0.4-0.6,3,0.48,2026-01-14T13:00:02Z,2026-01-13,2026-01-14,2,0.01324755262466576,"CAR[0,1]",0,1
1099148,C,c-quarterly-earnings-gaap-eps-01-14-2026-1pt69,C,0.4-0.6,3,0.48,2026-01-14T13:00:02Z,2026-01-13,2026-01-14,4,-1.4276040833811118e-4,"CAR[0,3]",0,3
1099148,C,c-quarterly-earnings-gaap-eps-01-14-2026-1pt69,C,0.4-0.6,3,0.48,2026-01-14T13:00:02Z,2026-01-13,2026-01-14,6,8.183608440244664e-4,"CAR[0,5]",0,5
1175892,UNP,unp-quarterly-earnings-gaap-eps-01-27-2026-2pt87,UNP,0.4-0.6,3,0.56,2026-01-27T12:45:00Z,2026-01-26,2026-01-27,11,0.05700828513082625,"CAR[-5,5]",-5,5
1175892,UNP,unp-quarterly-earnings-gaap-eps-01-27-2026-2pt87,UNP,0.4-0.6,3,0.56,2026-01-27T12:45:00Z,2026-01-26,2026-01-27,1,0.005113169394267277,AR[0],0,0
1175892,UNP,unp-quarterly-earnings-gaap-eps-01-27-2026-2pt87,UNP,0.4-0.6,3,0.56,2026-01-27T12:45:00Z,2026-01-26,2026-01-27,2,-0.015448540034164002,"CAR[0,1]",0,1
1175892,UNP,unp-quarterly-earnings-gaap-eps-01-27-2026-2pt87,UNP,0.4-0.6,3,0.56,2026-01-27T12:45:00Z,2026-01-26,2026-01-27,4,0.02037532237846827,"CAR[0,3]",0,3
1175892,UNP,unp-quarterly-earnings-gaap-eps-01-27-2026-2pt87,UNP,0.4-0.6,3,0.56,2026-01-27T12:45:00Z,2026-01-26,2026-01-27,6,0.04963537724240706,"CAR[0,5]",0,5
1230453,MPC,mpc-quarterly-earnings-gaap-eps-02-03-2026-2pt98,MPC,0.4-0.6,3,0.48,2026-02-03T11:30:00Z,2026-02-02,2026-02-03,11,0.17321653892772565,"CAR[-5,5]",-5,5
1230453,MPC,mpc-quarterly-earnings-gaap-eps-02-03-2026-2pt98,MPC,0.4-0.6,3,0.48,2026-02-03T11:30:00Z,2026-02-02,2026-02-03,1,0.065225217060353,AR[0],0,0
1230453,MPC,mpc-quarterly-earnings-gaap-eps-02-03-2026-2pt98,MPC,0.4-0.6,3,0.48,2026-02-03T11:30:00Z,2026-02-02,2026-02-03,2,0.11268227291884116,"CAR[0,1]",0,1
1230453,MPC,mpc-quarterly-earnings-gaap-eps-02-03-2026-2pt98,MPC,0.4-0.6,3,0.48,2026-02-03T11:30:00Z,2026-02-02,2026-02-03,4,0.14471229725430573,"CAR[0,3]",0,3
1230453,MPC,mpc-quarterly-earnings-gaap-eps-02-03-2026-2pt98,MPC,0.4-0.6,3,0.48,2026-02-03T11:30:00Z,2026-02-02,2026-02-03,6,0.14974041885264486,"CAR[0,5]",0,5
1238170,TSLA,tsla-quarterly-earnings-nongaap-eps-01-28-2026-0pt45,TSLA.N,0.4-0.6,3,0.555,2026-01-28T21:00:00Z,2026-01-28,2026-01-29,11,-0.05088553350163601,"CAR[-5,5]",-5,5
1238170,TSLA,tsla-quarterly-earnings-nongaap-eps-01-28-2026-0pt45,TSLA.N,0.4-0.6,3,0.555,2026-01-28T21:00:00Z,2026-01-28,2026-01-29,1,-0.03144459724428365,AR[0],0,0
1238170,TSLA,tsla-quarterly-earnings-nongaap-eps-01-28-2026-0pt45,TSLA.N,0.4-0.6,3,0.555,2026-01-28T21:00:00Z,2026-01-28,2026-01-29,2,0.012140274659398785,"CAR[0,1]",0,1
1238170,TSLA,tsla-quarterly-earnings-nongaap-eps-01-28-2026-0pt45,TSLA.N,0.4-0.6,3,0.555,2026-01-28T21:00:00Z,2026-01-28,2026-01-29,4,5.64005931745569e-4,"CAR[0,3]",0,3
1238170,TSLA,tsla-quarterly-earnings-nongaap-eps-01-28-2026-0pt45,TSLA.N,0.4-0.6,3,0.555,2026-01-28T21:00:00Z,2026-01-28,2026-01-29,6,-0.015599744530336048,"CAR[0,5]",0,5
1279999,BP,bp-quarterly-earnings-nongaap-eps-02-10-2026-0pt61,BP,0.4-0.6,3,0.49,2026-02-10T07:00:00Z,2026-02-09,2026-02-10,11,0.01639815112318915,"CAR[-5,5]",-5,5
1279999,BP,bp-quarterly-earnings-nongaap-eps-02-10-2026-0pt61,BP,0.4-0.6,3,0.49,2026-02-10T07:00:00Z,2026-02-09,2026-02-10,1,-0.05796513362060728,AR[0],0,0
1279999,BP,bp-quarterly-earnings-nongaap-eps-02-10-2026-0pt61,BP,0.4-0.6,3,0.49,2026-02-10T07:00:00Z,2026-02-09,2026-02-10,2,-0.016324788430465358,"CAR[0,1]",0,1
1279999,BP,bp-quarterly-earnings-nongaap-eps-02-10-2026-0pt61,BP,0.4-0.6,3,0.49,2026-02-10T07:00:00Z,2026-02-09,2026-02-10,4,-0.03884311207409241,"CAR[0,3]",0,3
1279999,BP,bp-quarterly-earnings-nongaap-eps-02-10-2026-0pt61,BP,0.4-0.6,3,0.49,2026-02-10T07:00:00Z,2026-02-09,2026-02-10,6,-0.018896826547412707,"CAR[0,5]",0,5
1321185,NWSA,nwsa-quarterly-earnings-nongaap-eps-02-05-2026-0pt37,NWSA.N,0.4-0.6,3,0.405,2026-02-05T21:15:00Z,2026-02-05,2026-02-06,11,-0.12851405322897222,"CAR[-5,5]",-5,5
1321185,NWSA,nwsa-quarterly-earnings-nongaap-eps-02-05-2026-0pt37,NWSA.N,0.4-0.6,3,0.405,2026-02-05T21:15:00Z,2026-02-05,2026-02-06,1,-0.0861542108087063,AR[0],0,0
1321185,NWSA,nwsa-quarterly-earnings-nongaap-eps-02-05-2026-0pt37,NWSA.N,0.4-0.6,3,0.405,2026-02-05T21:15:00Z,2026-02-05,2026-02-06,2,-0.07829259881443479,"CAR[0,1]",0,1
1321185,NWSA,nwsa-quarterly-earnings-nongaap-eps-02-05-2026-0pt37,NWSA.N,0.4-0.6,3,0.405,2026-02-05T21:15:00Z,2026-02-05,2026-02-06,4,-0.05168446255878365,"CAR[0,3]",0,3
1321185,NWSA,nwsa-quarterly-earnings-nongaap-eps-02-05-2026-0pt37,NWSA.N,0.4-0.6,3,0.405,2026-02-05T21:15:00Z,2026-02-05,2026-02-06,6,-0.05751890088044317,"CAR[0,5]",0,5
1321392,UAA,uaa-quarterly-earnings-nongaap-eps-02-06-2026-neg0pt01,UAA,0.4-0.6,3,0.585,2026-02-06T11:55:00Z,2026-02-05,2026-02-06,11,0.25338370393222226,"CAR[-5,5]",-5,5
1321392,UAA,uaa-quarterly-earnings-nongaap-eps-02-06-2026-neg0pt01,UAA,0.4-0.6,3,0.585,2026-02-06T11:55:00Z,2026-02-05,2026-02-06,1,0.18786773643416135,AR[0],0,0
1321392,UAA,uaa-quarterly-earnings-nongaap-eps-02-06-2026-neg0pt01,UAA,0.4-0.6,3,0.585,2026-02-06T11:55:00Z,2026-02-05,2026-02-06,2,0.2261523028591424,"CAR[0,1]",0,1
1321392,UAA,uaa-quarterly-earnings-nongaap-eps-02-06-2026-neg0pt01,UAA,0.4-0.6,3,0.585,2026-02-06T11:55:00Z,2026-02-05,2026-02-06,4,0.122231171290643,"CAR[0,3]",0,3
1321392,UAA,uaa-quarterly-earnings-nongaap-eps-02-06-2026-neg0pt01,UAA,0.4-0.6,3,0.585,2026-02-06T11:55:00Z,2026-02-05,2026-02-06,6,0.17316810447840134,"CAR[0,5]",0,5
1321489,USFD,usfd-quarterly-earnings-nongaap-eps-02-12-2026-1pt01,USFD.N,0.4-0.6,3,0.58,2026-02-12T11:45:00Z,2026-02-11,2026-02-12,11,0.1101137666375268,"CAR[-5,5]",-5,5
1321489,USFD,usfd-quarterly-earnings-nongaap-eps-02-12-2026-1pt01,USFD.N,0.4-0.6,3,0.58,2026-02-12T11:45:00Z,2026-02-11,2026-02-12,1,0.14494533299201165,AR[0],0,0
1321489,USFD,usfd-quarterly-earnings-nongaap-eps-02-12-2026-1pt01,USFD.N,0.4-0.6,3,0.58,2026-02-12T11:45:00Z,2026-02-11,2026-02-12,2,0.1251718362728288,"CAR[0,1]",0,1
1321489,USFD,usfd-quarterly-earnings-nongaap-eps-02-12-2026-1pt01,USFD.N,0.4-0.6,3,0.58,2026-02-12T11:45:00Z,2026-02-11,2026-02-12,4,0.0885733060258976,"CAR[0,3]",0,3
1321489,USFD,usfd-quarterly-earnings-nongaap-eps-02-12-2026-1pt01,USFD.N,0.4-0.6,3,0.58,2026-02-12T11:45:00Z,2026-02-11,2026-02-12,6,0.08842928851053683,"CAR[0,5]",0,5
1326457,WEN,wen-quarterly-earnings-nongaap-eps-02-13-2026-0pt15,WEN.N,0.4-0.6,3,0.5750000000000001,2026-02-13T12:00:00Z,2026-02-12,2026-02-13,11,0.009729795957658296,"CAR[-5,5]",-5,5
1326457,WEN,wen-quarterly-earnings-nongaap-eps-02-13-2026-0pt15,WEN.N,0.4-0.6,3,0.5750000000000001,2026-02-13T12:00:00Z,2026-02-12,2026-02-13,1,0.03450261856668786,AR[0],0,0
1326457,WEN,wen-quarterly-earnings-nongaap-eps-02-13-2026-0pt15,WEN.N,0.4-0.6,3,0.5750000000000001,2026-02-13T12:00:00Z,2026-02-12,2026-02-13,2,-0.029566171383132014,"CAR[0,1]",0,1
1326457,WEN,wen-quarterly-earnings-nongaap-eps-02-13-2026-0pt15,WEN.N,0.4-0.6,3,0.5750000000000001,2026-02-13T12:00:00Z,2026-02-12,2026-02-13,4,0.1623130506671541,"CAR[0,3]",0,3
1326457,WEN,wen-quarterly-earnings-nongaap-eps-02-13-2026-0pt15,WEN.N,0.4-0.6,3,0.5750000000000001,2026-02-13T12:00:00Z,2026-02-12,2026-02-13,6,0.0989882824762928,"CAR[0,5]",0,5
1339376,AMPL,ampl-quarterly-earnings-nongaap-eps-02-18-2026-0pt05,AMPL.N,0.4-0.6,3,0.58,2026-02-18T21:19:00Z,2026-02-18,2026-02-19,11,0.04746303762976537,"CAR[-5,5]",-5,5
1339376,AMPL,ampl-quarterly-earnings-nongaap-eps-02-18-2026-0pt05,AMPL.N,0.4-0.6,3,0.58,2026-02-18T21:19:00Z,2026-02-18,2026-02-19,1,0.003236629926844768,AR[0],0,0
1339376,AMPL,ampl-quarterly-earnings-nongaap-eps-02-18-2026-0pt05,AMPL.N,0.4-0.6,3,0.58,2026-02-18T21:19:00Z,2026-02-18,2026-02-19,2,-0.019345607499293923,"CAR[0,1]",0,1
1339376,AMPL,ampl-quarterly-earnings-nongaap-eps-02-18-2026-0pt05,AMPL.N,0.4-0.6,3,0.58,2026-02-18T21:19:00Z,2026-02-18,2026-02-19,4,-0.04192262396280386,"CAR[0,3]",0,3
1339376,AMPL,ampl-quarterly-earnings-nongaap-eps-02-18-2026-0pt05,AMPL.N,0.4-0.6,3,0.58,2026-02-18T21:19:00Z,2026-02-18,2026-02-19,6,0.027814371549060562,"CAR[0,5]",0,5
1339476,CVNA,cvna-quarterly-earnings-gaap-eps-02-18-2026-1pt08,CVNA.N,0.4-0.6,3,0.515,2026-02-18T21:05:00Z,2026-02-18,2026-02-19,11,-0.09376542310578309,"CAR[-5,5]",-5,5
1339476,CVNA,cvna-quarterly-earnings-gaap-eps-02-18-2026-1pt08,CVNA.N,0.4-0.6,3,0.515,2026-02-18T21:05:00Z,2026-02-18,2026-02-19,1,-0.07463129871259525,AR[0],0,0
1339476,CVNA,cvna-quarterly-earnings-gaap-eps-02-18-2026-1pt08,CVNA.N,0.4-0.6,3,0.515,2026-02-18T21:05:00Z,2026-02-18,2026-02-19,2,-0.07907905832423694,"CAR[0,1]",0,1
1339476,CVNA,cvna-quarterly-earnings-gaap-eps-02-18-2026-1pt08,CVNA.N,0.4-0.6,3,0.515,2026-02-18T21:05:00Z,2026-02-18,2026-02-19,4,-0.10959578610164117,"CAR[0,3]",0,3
1339476,CVNA,cvna-quarterly-earnings-gaap-eps-02-18-2026-1pt08,CVNA.N,0.4-0.6,3,0.515,2026-02-18T21:05:00Z,2026-02-18,2026-02-19,6,-0.031126811781676637,"CAR[0,5]",0,5
1339766,DE,de-quarterly-earnings-gaap-eps-02-19-2026-2pt1,DE,0.4-0.6,3,0.53,2026-02-19T11:22:24Z,2026-02-18,2026-02-19,11,0.06349181575291786,"CAR[-5,5]",-5,5
1339766,DE,de-quarterly-earnings-gaap-eps-02-19-2026-2pt1,DE,0.4-0.6,3,0.53,2026-02-19T11:22:24Z,2026-02-18,2026-02-19,1,0.11817451109878144,AR[0],0,0
1339766,DE,de-quarterly-earnings-gaap-eps-02-19-2026-2pt1,DE,0.4-0.6,3,0.53,2026-02-19T11:22:24Z,2026-02-18,2026-02-19,2,0.11644633910776755,"CAR[0,1]",0,1
1339766,DE,de-quarterly-earnings-gaap-eps-02-19-2026-2pt1,DE,0.4-0.6,3,0.53,2026-02-19T11:22:24Z,2026-02-18,2026-02-19,4,0.09248870897765701,"CAR[0,3]",0,3
1339766,DE,de-quarterly-earnings-gaap-eps-02-19-2026-2pt1,DE,0.4-0.6,3,0.53,2026-02-19T11:22:24Z,2026-02-18,2026-02-19,6,0.053879209134186534,"CAR[0,5]",0,5
1339772,HHH,hhh-quarterly-earnings-gaap-eps-02-19-2026-0pt4,HHH,0.4-0.6,3,0.595,2026-02-19T21:01:01Z,2026-02-19,2026-02-20,11,-0.12507651215881668,"CAR[-5,5]",-5,5
1339772,HHH,hhh-quarterly-earnings-gaap-eps-02-19-2026-0pt4,HHH,0.4-0.6,3,0.595,2026-02-19T21:01:01Z,2026-02-19,2026-02-20,1,-0.10562358247025429,AR[0],0,0
1339772,HHH,hhh-quarterly-earnings-gaap-eps-02-19-2026-0pt4,HHH,0.4-0.6,3,0.595,2026-02-19T21:01:01Z,2026-02-19,2026-02-20,2,-0.11469906614164317,"CAR[0,1]",0,1
1339772,HHH,hhh-quarterly-earnings-gaap-eps-02-19-2026-0pt4,HHH,0.4-0.6,3,0.595,2026-02-19T21:01:01Z,2026-02-19,2026-02-20,4,-0.13196021736938623,"CAR[0,3]",0,3
1339772,HHH,hhh-quarterly-earnings-gaap-eps-02-19-2026-0pt4,HHH,0.4-0.6,3,0.595,2026-02-19T21:01:01Z,2026-02-19,2026-02-20,6,-0.12517275924249135,"CAR[0,5]",0,5
1360921,DPZ,dpz-quarterly-earnings-gaap-eps-02-23-2026-5pt39,DPZ.N,0.4-0.6,3,0.46,2026-02-23T11:05:00Z,2026-02-20,2026-02-23,11,0.059081844708707455,"CAR[-5,5]",-5,5
1360921,DPZ,dpz-quarterly-earnings-gaap-eps-02-23-2026-5pt39,DPZ.N,0.4-0.6,3,0.46,2026-02-23T11:05:00Z,2026-02-20,2026-02-23,1,0.0422327372951165,AR[0],0,0
1360921,DPZ,dpz-quarterly-earnings-gaap-eps-02-23-2026-5pt39,DPZ.N,0.4-0.6,3,0.46,2026-02-23T11:05:00Z,2026-02-20,2026-02-23,2,0.07741914633521657,"CAR[0,1]",0,1
1360921,DPZ,dpz-quarterly-earnings-gaap-eps-02-23-2026-5pt39,DPZ.N,0.4-0.6,3,0.46,2026-02-23T11:05:00Z,2026-02-20,2026-02-23,4,0.04168305792016905,"CAR[0,3]",0,3
1360921,DPZ,dpz-quarterly-earnings-gaap-eps-02-23-2026-5pt39,DPZ.N,0.4-0.6,3,0.46,2026-02-23T11:05:00Z,2026-02-20,2026-02-23,6,0.04891801568740296,"CAR[0,5]",0,5
1360923,BBBY,bbby-quarterly-earnings-nongaap-eps-02-23-2026-neg0pt22,BBBY.N,0.4-0.6,3,0.55,2026-02-23T21:01:00Z,2026-02-23,2026-02-24,11,0.03764791386804382,"CAR[-5,5]",-5,5
1360923,BBBY,bbby-quarterly-earnings-nongaap-eps-02-23-2026-neg0pt22,BBBY.N,0.4-0.6,3,0.55,2026-02-23T21:01:00Z,2026-02-23,2026-02-24,1,0.06466116032957135,AR[0],0,0
1360923,BBBY,bbby-quarterly-earnings-nongaap-eps-02-23-2026-neg0pt22,BBBY.N,0.4-0.6,3,0.55,2026-02-23T21:01:00Z,2026-02-23,2026-02-24,2,0.08317956198187357,"CAR[0,1]",0,1
1360923,BBBY,bbby-quarterly-earnings-nongaap-eps-02-23-2026-neg0pt22,BBBY.N,0.4-0.6,3,0.55,2026-02-23T21:01:00Z,2026-02-23,2026-02-24,4,0.04231097207658661,"CAR[0,3]",0,3
1360923,BBBY,bbby-quarterly-earnings-nongaap-eps-02-23-2026-neg0pt22,BBBY.N,0.4-0.6,3,0.55,2026-02-23T21:01:00Z,2026-02-23,2026-02-24,6,0.017517941635151475,"CAR[0,5]",0,5
1370976,HGV,hgv-quarterly-earnings-nongaap-eps-02-26-2026-1pt16,HGV,0.4-0.6,3,0.4,2026-02-26T12:00:01Z,2026-02-25,2026-02-26,11,-0.05506820124573258,"CAR[-5,5]",-5,5
1370976,HGV,hgv-quarterly-earnings-nongaap-eps-02-26-2026-1pt16,HGV,0.4-0.6,3,0.4,2026-02-26T12:00:01Z,2026-02-25,2026-02-26,1,-0.026901424309766227,AR[0],0,0
1370976,HGV,hgv-quarterly-earnings-nongaap-eps-02-26-2026-1pt16,HGV,0.4-0.6,3,0.4,2026-02-26T12:00:01Z,2026-02-25,2026-02-26,2,-0.06172907863660375,"CAR[0,1]",0,1
1370976,HGV,hgv-quarterly-earnings-nongaap-eps-02-26-2026-1pt16,HGV,0.4-0.6,3,0.4,2026-02-26T12:00:01Z,2026-02-25,2026-02-26,4,-0.06141603259148676,"CAR[0,3]",0,3
1370976,HGV,hgv-quarterly-earnings-nongaap-eps-02-26-2026-1pt16,HGV,0.4-0.6,3,0.4,2026-02-26T12:00:01Z,2026-02-25,2026-02-26,6,-0.0429817944812013,"CAR[0,5]",0,5
1371096,TDAY,tday-quarterly-earnings-gaap-eps-02-26-2026-neg0pt17,TDAY.N,0.4-0.6,3,0.505,2026-02-26T13:00:01Z,2026-02-25,2026-02-26,11,0.048627216153068135,"CAR[-5,5]",-5,5
1371096,TDAY,tday-quarterly-earnings-gaap-eps-02-26-2026-neg0pt17,TDAY.N,0.4-0.6,3,0.505,2026-02-26T13:00:01Z,2026-02-25,2026-02-26,1,0.04604448177803411,AR[0],0,0
1371096,TDAY,tday-quarterly-earnings-gaap-eps-02-26-2026-neg0pt17,TDAY.N,0.4-0.6,3,0.505,2026-02-26T13:00:01Z,2026-02-25,2026-02-26,2,-0.024793547715418557,"CAR[0,1]",0,1
1371096,TDAY,tday-quarterly-earnings-gaap-eps-02-26-2026-neg0pt17,TDAY.N,0.4-0.6,3,0.505,2026-02-26T13:00:01Z,2026-02-25,2026-02-26,4,-0.018815128080255036,"CAR[0,3]",0,3
1371096,TDAY,tday-quarterly-earnings-gaap-eps-02-26-2026-neg0pt17,TDAY.N,0.4-0.6,3,0.505,2026-02-26T13:00:01Z,2026-02-25,2026-02-26,6,0.042198733594028155,"CAR[0,5]",0,5
1386999,TBPH,tbph-quarterly-earnings-gaap-eps-02-25-2026-1pt01,TBPH.N,0.4-0.6,3,0.495,2026-03-19T12:30:00Z,2026-03-18,2026-03-19,11,0.07829647712062439,"CAR[-5,5]",-5,5
1386999,TBPH,tbph-quarterly-earnings-gaap-eps-02-25-2026-1pt01,TBPH.N,0.4-0.6,3,0.495,2026-03-19T12:30:00Z,2026-03-18,2026-03-19,1,0.0036158677501523457,AR[0],0,0
1386999,TBPH,tbph-quarterly-earnings-gaap-eps-02-25-2026-1pt01,TBPH.N,0.4-0.6,3,0.495,2026-03-19T12:30:00Z,2026-03-18,2026-03-19,2,0.040845228369726434,"CAR[0,1]",0,1
1386999,TBPH,tbph-quarterly-earnings-gaap-eps-02-25-2026-1pt01,TBPH.N,0.4-0.6,3,0.495,2026-03-19T12:30:00Z,2026-03-18,2026-03-19,4,0.06519510026320677,"CAR[0,3]",0,3
1386999,TBPH,tbph-quarterly-earnings-gaap-eps-02-25-2026-1pt01,TBPH.N,0.4-0.6,3,0.495,2026-03-19T12:30:00Z,2026-03-18,2026-03-19,6,0.08298368733020264,"CAR[0,5]",0,5
1390924,AMC,amc-quarterly-earnings-nongaap-eps-02-24-2026-neg0pt25,AMC,0.4-0.6,3,0.595,2026-02-23T12:41:00Z,2026-02-20,2026-02-23,11,-0.007160510501133113,"CAR[-5,5]",-5,5
1390924,AMC,amc-quarterly-earnings-nongaap-eps-02-24-2026-neg0pt25,AMC,0.4-0.6,3,0.595,2026-02-23T12:41:00Z,2026-02-20,2026-02-23,1,-0.02192754135430979,AR[0],0,0
1390924,AMC,amc-quarterly-earnings-nongaap-eps-02-24-2026-neg0pt25,AMC,0.4-0.6,3,0.595,2026-02-23T12:41:00Z,2026-02-20,2026-02-23,2,-0.008311820752848767,"CAR[0,1]",0,1
1390924,AMC,amc-quarterly-earnings-nongaap-eps-02-24-2026-neg0pt25,AMC,0.4-0.6,3,0.595,2026-02-23T12:41:00Z,2026-02-20,2026-02-23,4,-0.025313126183273423,"CAR[0,3]",0,3
1390924,AMC,amc-quarterly-earnings-nongaap-eps-02-24-2026-neg0pt25,AMC,0.4-0.6,3,0.595,2026-02-23T12:41:00Z,2026-02-20,2026-02-23,6,-0.00747358984455374,"CAR[0,5]",0,5
1399742,BOX,box-quarterly-earnings-nongaap-eps-03-03-2026-0pt34,BOX,0.4-0.6,3,0.5650000000000001,2026-03-03T21:05:00Z,2026-03-03,2026-03-04,11,0.11780868405452675,"CAR[-5,5]",-5,5
1399742,BOX,box-quarterly-earnings-nongaap-eps-03-03-2026-0pt34,BOX,0.4-0.6,3,0.5650000000000001,2026-03-03T21:05:00Z,2026-03-03,2026-03-04,1,0.09933002475378708,AR[0],0,0
1399742,BOX,box-quarterly-earnings-nongaap-eps-03-03-2026-0pt34,BOX,0.4-0.6,3,0.5650000000000001,2026-03-03T21:05:00Z,2026-03-03,2026-03-04,2,0.09532143571343543,"CAR[0,1]",0,1
1399742,BOX,box-quarterly-earnings-nongaap-eps-03-03-2026-0pt34,BOX,0.4-0.6,3,0.5650000000000001,2026-03-03T21:05:00Z,2026-03-03,2026-03-04,4,0.07720198800543875,"CAR[0,3]",0,3
1399742,BOX,box-quarterly-earnings-nongaap-eps-03-03-2026-0pt34,BOX,0.4-0.6,3,0.5650000000000001,2026-03-03T21:05:00Z,2026-03-03,2026-03-04,6,0.05253185799177096,"CAR[0,5]",0,5
1403452,AZO,azo-quarterly-earnings-gaap-eps-03-03-2026-27pt33,AZO,0.4-0.6,3,0.425,2026-03-03T11:55:00Z,2026-03-02,2026-03-03,11,-0.02614948092875586,"CAR[-5,5]",-5,5
1403452,AZO,azo-quarterly-earnings-gaap-eps-03-03-2026-27pt33,AZO,0.4-0.6,3,0.425,2026-03-03T11:55:00Z,2026-03-02,2026-03-03,1,-0.06439814780994055,AR[0],0,0
1403452,AZO,azo-quarterly-earnings-gaap-eps-03-03-2026-27pt33,AZO,0.4-0.6,3,0.425,2026-03-03T11:55:00Z,2026-03-02,2026-03-03,2,-0.04182063637643951,"CAR[0,1]",0,1
1403452,AZO,azo-quarterly-earnings-gaap-eps-03-03-2026-27pt33,AZO,0.4-0.6,3,0.425,2026-03-03T11:55:00Z,2026-03-02,2026-03-03,4,-0.0644452673569293,"CAR[0,3]",0,3
1403452,AZO,azo-quarterly-earnings-gaap-eps-03-03-2026-27pt33,AZO,0.4-0.6,3,0.425,2026-03-03T11:55:00Z,2026-03-02,2026-03-03,6,-0.04104564527499425,"CAR[0,5]",0,5
1403497,AEO,aeo-quarterly-earnings-gaap-eps-03-04-2026-0pt72,AEO,0.4-0.6,3,0.59,2026-03-04T21:05:00Z,2026-03-04,2026-03-05,11,-0.2627236672432299,"CAR[-5,5]",-5,5
1403497,AEO,aeo-quarterly-earnings-gaap-eps-03-04-2026-0pt72,AEO,0.4-0.6,3,0.59,2026-03-04T21:05:00Z,2026-03-04,2026-03-05,1,-0.13080840121215215,AR[0],0,0
1403497,AEO,aeo-quarterly-earnings-gaap-eps-03-04-2026-0pt72,AEO,0.4-0.6,3,0.59,2026-03-04T21:05:00Z,2026-03-04,2026-03-05,2,-0.14849523896051625,"CAR[0,1]",0,1
1403497,AEO,aeo-quarterly-earnings-gaap-eps-03-04-2026-0pt72,AEO,0.4-0.6,3,0.59,2026-03-04T21:05:00Z,2026-03-04,2026-03-05,4,-0.15975409702723056,"CAR[0,3]",0,3
1403497,AEO,aeo-quarterly-earnings-gaap-eps-03-04-2026-0pt72,AEO,0.4-0.6,3,0.59,2026-03-04T21:05:00Z,2026-03-04,2026-03-05,6,-0.1964627331074904,"CAR[0,5]",0,5
1403852,GAP,gap-quarterly-earnings-gaap-eps-03-05-2026-0pt45,GAP,0.4-0.6,3,0.435,2026-03-05T21:15:00Z,2026-03-05,2026-03-06,11,-0.1223042061435896,"CAR[-5,5]",-5,5
1403852,GAP,gap-quarterly-earnings-gaap-eps-03-05-2026-0pt45,GAP,0.4-0.6,3,0.435,2026-03-05T21:15:00Z,2026-03-05,2026-03-06,1,-0.12263940134591965,AR[0],0,0
1403852,GAP,gap-quarterly-earnings-gaap-eps-03-05-2026-0pt45,GAP,0.4-0.6,3,0.435,2026-03-05T21:15:00Z,2026-03-05,2026-03-06,2,-0.15547333786959278,"CAR[0,1]",0,1
1403852,GAP,gap-quarterly-earnings-gaap-eps-03-05-2026-0pt45,GAP,0.4-0.6,3,0.435,2026-03-05T21:15:00Z,2026-03-05,2026-03-06,4,-0.12170011904323656,"CAR[0,3]",0,3
1403852,GAP,gap-quarterly-earnings-gaap-eps-03-05-2026-0pt45,GAP,0.4-0.6,3,0.435,2026-03-05T21:15:00Z,2026-03-05,2026-03-06,6,-0.10015210371328076,"CAR[0,5]",0,5
1421689,GRPN,grpn-quarterly-earnings-gaap-eps-03-10-2026-0pt16,GRPN.N,0.4-0.6,3,0.45,2026-03-10T20:15:50Z,2026-03-10,2026-03-11,11,1.9337098394128782e-4,"CAR[-5,5]",-5,5
1421689,GRPN,grpn-quarterly-earnings-gaap-eps-03-10-2026-0pt16,GRPN.N,0.4-0.6,3,0.45,2026-03-10T20:15:50Z,2026-03-10,2026-03-11,1,-0.034404981219805106,AR[0],0,0
1421689,GRPN,grpn-quarterly-earnings-gaap-eps-03-10-2026-0pt16,GRPN.N,0.4-0.6,3,0.45,2026-03-10T20:15:50Z,2026-03-10,2026-03-11,2,-0.13137079695149023,"CAR[0,1]",0,1
1421689,GRPN,grpn-quarterly-earnings-gaap-eps-03-10-2026-0pt16,GRPN.N,0.4-0.6,3,0.45,2026-03-10T20:15:50Z,2026-03-10,2026-03-11,4,-0.05727572332795248,"CAR[0,3]",0,3
1421689,GRPN,grpn-quarterly-earnings-gaap-eps-03-10-2026-0pt16,GRPN.N,0.4-0.6,3,0.45,2026-03-10T20:15:50Z,2026-03-10,2026-03-11,6,0.016745450762603524,"CAR[0,5]",0,5
1428903,CELH,celh-quarterly-earnings-gaap-eps-02-26-2026-0pt19,CELH.N,0.4-0.6,3,0.515,2026-02-26T11:00:00Z,2026-02-25,2026-02-26,11,0.027271204127595386,"CAR[-5,5]",-5,5
1428903,CELH,celh-quarterly-earnings-gaap-eps-02-26-2026-0pt19,CELH.N,0.4-0.6,3,0.515,2026-02-26T11:00:00Z,2026-02-25,2026-02-26,1,0.07779678715756634,AR[0],0,0
1428903,CELH,celh-quarterly-earnings-gaap-eps-02-26-2026-0pt19,CELH.N,0.4-0.6,3,0.515,2026-02-26T11:00:00Z,2026-02-25,2026-02-26,2,0.07607590963141292,"CAR[0,1]",0,1
1428903,CELH,celh-quarterly-earnings-gaap-eps-02-26-2026-0pt19,CELH.N,0.4-0.6,3,0.515,2026-02-26T11:00:00Z,2026-02-25,2026-02-26,4,-0.035424570426716595,"CAR[0,3]",0,3
1428903,CELH,celh-quarterly-earnings-gaap-eps-02-26-2026-0pt19,CELH.N,0.4-0.6,3,0.515,2026-02-26T11:00:00Z,2026-02-25,2026-02-26,6,-0.11381703498263904,"CAR[0,5]",0,5
1494761,RUM,rum-quarterly-earnings-gaap-eps-03-05-2026-neg0pt1,RUM.N,0.4-0.6,3,0.54,2026-03-05T21:05:02Z,2026-03-05,2026-03-06,11,0.11596757082695915,"CAR[-5,5]",-5,5
1494761,RUM,rum-quarterly-earnings-gaap-eps-03-05-2026-neg0pt1,RUM.N,0.4-0.6,3,0.54,2026-03-05T21:05:02Z,2026-03-05,2026-03-06,1,-0.08646318156265999,AR[0],0,0
1494761,RUM,rum-quarterly-earnings-gaap-eps-03-05-2026-neg0pt1,RUM.N,0.4-0.6,3,0.54,2026-03-05T21:05:02Z,2026-03-05,2026-03-06,2,-0.02491462134374859,"CAR[0,1]",0,1
1494761,RUM,rum-quarterly-earnings-gaap-eps-03-05-2026-neg0pt1,RUM.N,0.4-0.6,3,0.54,2026-03-05T21:05:02Z,2026-03-05,2026-03-06,4,0.04616225545042707,"CAR[0,3]",0,3
1494761,RUM,rum-quarterly-earnings-gaap-eps-03-05-2026-neg0pt1,RUM.N,0.4-0.6,3,0.54,2026-03-05T21:05:02Z,2026-03-05,2026-03-06,6,0.06942911551814757,"CAR[0,5]",0,5
1545608,DBI,dbi-quarterly-earnings-nongaap-eps-03-19-2026-neg0pt51,DBI,0.4-0.6,3,0.585,2026-03-26T12:30:00Z,2026-03-25,2026-03-26,11,0.04792341965697295,"CAR[-5,5]",-5,5
1545608,DBI,dbi-quarterly-earnings-nongaap-eps-03-19-2026-neg0pt51,DBI,0.4-0.6,3,0.585,2026-03-26T12:30:00Z,2026-03-25,2026-03-26,1,0.07711029682411968,AR[0],0,0
1545608,DBI,dbi-quarterly-earnings-nongaap-eps-03-19-2026-neg0pt51,DBI,0.4-0.6,3,0.585,2026-03-26T12:30:00Z,2026-03-25,2026-03-26,2,0.07486518661643775,"CAR[0,1]",0,1
1545608,DBI,dbi-quarterly-earnings-nongaap-eps-03-19-2026-neg0pt51,DBI,0.4-0.6,3,0.585,2026-03-26T12:30:00Z,2026-03-25,2026-03-26,4,0.04882931814989917,"CAR[0,3]",0,3
1545608,DBI,dbi-quarterly-earnings-nongaap-eps-03-19-2026-neg0pt51,DBI,0.4-0.6,3,0.585,2026-03-26T12:30:00Z,2026-03-25,2026-03-26,6,0.056763398588709116,"CAR[0,5]",0,5
1651877,PLAY,play-quarterly-earnings-nongaap-eps-03-31-2026-0pt46,PLAY.N,0.4-0.6,3,0.485,2026-03-31T20:00:00Z,2026-03-31,2026-04-01,11,0.1927519522513772,"CAR[-5,5]",-5,5
1651877,PLAY,play-quarterly-earnings-nongaap-eps-03-31-2026-0pt46,PLAY.N,0.4-0.6,3,0.485,2026-03-31T20:00:00Z,2026-03-31,2026-04-01,1,0.1497261899113999,AR[0],0,0
1651877,PLAY,play-quarterly-earnings-nongaap-eps-03-31-2026-0pt46,PLAY.N,0.4-0.6,3,0.485,2026-03-31T20:00:00Z,2026-03-31,2026-04-01,2,0.13749061296282983,"CAR[0,1]",0,1
1651877,PLAY,play-quarterly-earnings-nongaap-eps-03-31-2026-0pt46,PLAY.N,0.4-0.6,3,0.485,2026-03-31T20:00:00Z,2026-03-31,2026-04-01,4,0.12202643063859521,"CAR[0,3]",0,3
1651877,PLAY,play-quarterly-earnings-nongaap-eps-03-31-2026-0pt46,PLAY.N,0.4-0.6,3,0.485,2026-03-31T20:00:00Z,2026-03-31,2026-04-01,6,0.19305530906985222,"CAR[0,5]",0,5
613036,JEF,jef-quarterly-earnings-gaap-eps-2025-09-29-0pt8,JEF,0.4-0.6,3,0.535,2025-09-29T20:00:00Z,2025-09-29,2025-09-30,11,-0.14592015265846714,"CAR[-5,5]",-5,5
613036,JEF,jef-quarterly-earnings-gaap-eps-2025-09-29-0pt8,JEF,0.4-0.6,3,0.535,2025-09-29T20:00:00Z,2025-09-29,2025-09-30,1,-0.023972450346798672,AR[0],0,0
613036,JEF,jef-quarterly-earnings-gaap-eps-2025-09-29-0pt8,JEF,0.4-0.6,3,0.535,2025-09-29T20:00:00Z,2025-09-29,2025-09-30,2,-0.05759763817558706,"CAR[0,1]",0,1
613036,JEF,jef-quarterly-earnings-gaap-eps-2025-09-29-0pt8,JEF,0.4-0.6,3,0.535,2025-09-29T20:00:00Z,2025-09-29,2025-09-30,4,-0.07156907425199596,"CAR[0,3]",0,3
613036,JEF,jef-quarterly-earnings-gaap-eps-2025-09-29-0pt8,JEF,0.4-0.6,3,0.535,2025-09-29T20:00:00Z,2025-09-29,2025-09-30,6,-0.12126657212231083,"CAR[0,5]",0,5
614639,CFG,cfg-quarterly-earnings-gaap-eps-2025-10-15-1pt03,CFG,0.4-0.6,3,0.415,2025-10-15T10:20:00Z,2025-10-14,2025-10-15,11,-0.04194633962807258,"CAR[-5,5]",-5,5
614639,CFG,cfg-quarterly-earnings-gaap-eps-2025-10-15-1pt03,CFG,0.4-0.6,3,0.415,2025-10-15T10:20:00Z,2025-10-14,2025-10-15,1,-0.007199573340437431,AR[0],0,0
614639,CFG,cfg-quarterly-earnings-gaap-eps-2025-10-15-1pt03,CFG,0.4-0.6,3,0.415,2025-10-15T10:20:00Z,2025-10-14,2025-10-15,2,-0.06309170004613943,"CAR[0,1]",0,1
614639,CFG,cfg-quarterly-earnings-gaap-eps-2025-10-15-1pt03,CFG,0.4-0.6,3,0.415,2025-10-15T10:20:00Z,2025-10-14,2025-10-15,4,-0.04498918676755444,"CAR[0,3]",0,3
614639,CFG,cfg-quarterly-earnings-gaap-eps-2025-10-15-1pt03,CFG,0.4-0.6,3,0.415,2025-10-15T10:20:00Z,2025-10-14,2025-10-15,6,-0.03157822481285823,"CAR[0,5]",0,5
614647,KMI,kmi-quarterly-earnings-nongaap-eps-2025-10-15-0pt3,KMI,0.4-0.6,3,0.4,2025-10-22T20:05:00Z,2025-10-22,2025-10-23,11,-0.06928800033243526,"CAR[-5,5]",-5,5
614647,KMI,kmi-quarterly-earnings-nongaap-eps-2025-10-15-0pt3,KMI,0.4-0.6,3,0.4,2025-10-22T20:05:00Z,2025-10-22,2025-10-23,1,-0.051148554596893936,AR[0],0,0
614647,KMI,kmi-quarterly-earnings-nongaap-eps-2025-10-15-0pt3,KMI,0.4-0.6,3,0.4,2025-10-22T20:05:00Z,2025-10-22,2025-10-23,2,-0.07092295752323624,"CAR[0,1]",0,1
614647,KMI,kmi-quarterly-earnings-nongaap-eps-2025-10-15-0pt3,KMI,0.4-0.6,3,0.4,2025-10-22T20:05:00Z,2025-10-22,2025-10-23,4,-0.07145067221883405,"CAR[0,3]",0,3
614647,KMI,kmi-quarterly-earnings-nongaap-eps-2025-10-15-0pt3,KMI,0.4-0.6,3,0.4,2025-10-22T20:05:00Z,2025-10-22,2025-10-23,6,-0.06508606995160446,"CAR[0,5]",0,5
619538,KEY,key-quarterly-earnings-gaap-eps-2025-10-16-0pt38,KEY,0.4-0.6,3,0.56,2025-10-16T10:30:29Z,2025-10-15,2025-10-16,11,-0.02740007060393147,"CAR[-5,5]",-5,5
619538,KEY,key-quarterly-earnings-gaap-eps-2025-10-16-0pt38,KEY,0.4-0.6,3,0.56,2025-10-16T10:30:29Z,2025-10-15,2025-10-16,1,-0.04576029496417016,AR[0],0,0
619538,KEY,key-quarterly-earnings-gaap-eps-2025-10-16-0pt38,KEY,0.4-0.6,3,0.56,2025-10-16T10:30:29Z,2025-10-15,2025-10-16,2,-0.041838934200404264,"CAR[0,1]",0,1
619538,KEY,key-quarterly-earnings-gaap-eps-2025-10-16-0pt38,KEY,0.4-0.6,3,0.56,2025-10-16T10:30:29Z,2025-10-15,2025-10-16,4,-0.021686936807761723,"CAR[0,3]",0,3
619538,KEY,key-quarterly-earnings-gaap-eps-2025-10-16-0pt38,KEY,0.4-0.6,3,0.56,2025-10-16T10:30:29Z,2025-10-15,2025-10-16,6,-0.023714457080444232,"CAR[0,5]",0,5
627639,HAL,hal-quarterly-earnings-gaap-eps-10-21-2025-0pt49,HAL,0.4-0.6,3,0.45,2025-10-21T10:45:00Z,2025-10-20,2025-10-21,11,0.14694945417084848,"CAR[-5,5]",-5,5
627639,HAL,hal-quarterly-earnings-gaap-eps-10-21-2025-0pt49,HAL,0.4-0.6,3,0.45,2025-10-21T10:45:00Z,2025-10-20,2025-10-21,1,0.1174010044200726,AR[0],0,0
627639,HAL,hal-quarterly-earnings-gaap-eps-10-21-2025-0pt49,HAL,0.4-0.6,3,0.45,2025-10-21T10:45:00Z,2025-10-20,2025-10-21,2,0.16866902704572123,"CAR[0,1]",0,1
627639,HAL,hal-quarterly-earnings-gaap-eps-10-21-2025-0pt49,HAL,0.4-0.6,3,0.45,2025-10-21T10:45:00Z,2025-10-20,2025-10-21,4,0.16321427620176163,"CAR[0,3]",0,3
627639,HAL,hal-quarterly-earnings-gaap-eps-10-21-2025-0pt49,HAL,0.4-0.6,3,0.45,2025-10-21T10:45:00Z,2025-10-20,2025-10-21,6,0.14933288978340672,"CAR[0,5]",0,5
627672,AMP,amp-quarterly-earnings-nongaap-eps-10-30-2025-9pt68,AMP,0.4-0.6,3,0.5750000000000001,2025-10-30T11:30:00Z,2025-10-29,2025-10-30,11,-0.020451506348142197,"CAR[-5,5]",-5,5
627672,AMP,amp-quarterly-earnings-nongaap-eps-10-30-2025-9pt68,AMP,0.4-0.6,3,0.5750000000000001,2025-10-30T11:30:00Z,2025-10-29,2025-10-30,1,-0.037349238342283146,AR[0],0,0
627672,AMP,amp-quarterly-earnings-nongaap-eps-10-30-2025-9pt68,AMP,0.4-0.6,3,0.5750000000000001,2025-10-30T11:30:00Z,2025-10-29,2025-10-30,2,-0.04221018108014381,"CAR[0,1]",0,1
627672,AMP,amp-quarterly-earnings-nongaap-eps-10-30-2025-9pt68,AMP,0.4-0.6,3,0.5750000000000001,2025-10-30T11:30:00Z,2025-10-29,2025-10-30,4,-0.02871740360741024,"CAR[0,3]",0,3
627672,AMP,amp-quarterly-earnings-nongaap-eps-10-30-2025-9pt68,AMP,0.4-0.6,3,0.5750000000000001,2025-10-30T11:30:00Z,2025-10-29,2025-10-30,6,-0.004364109542708949,"CAR[0,5]",0,5
627694,CME,cme-quarterly-earnings-nongaap-eps-10-22-2025-2pt65,CME.N,0.4-0.6,3,0.59,2025-10-22T11:00:00Z,2025-10-21,2025-10-22,11,-0.024259194315562078,"CAR[-5,5]",-5,5
627694,CME,cme-quarterly-earnings-nongaap-eps-10-22-2025-2pt65,CME.N,0.4-0.6,3,0.59,2025-10-22T11:00:00Z,2025-10-21,2025-10-22,1,-0.004872470944063979,AR[0],0,0
627694,CME,cme-quarterly-earnings-nongaap-eps-10-22-2025-2pt65,CME.N,0.4-0.6,3,0.59,2025-10-22T11:00:00Z,2025-10-21,2025-10-22,2,-9.197957307729276e-4,"CAR[0,1]",0,1
627694,CME,cme-quarterly-earnings-nongaap-eps-10-22-2025-2pt65,CME.N,0.4-0.6,3,0.59,2025-10-22T11:00:00Z,2025-10-21,2025-10-22,4,0.006605832241979196,"CAR[0,3]",0,3
627694,CME,cme-quarterly-earnings-nongaap-eps-10-22-2025-2pt65,CME.N,0.4-0.6,3,0.59,2025-10-22T11:00:00Z,2025-10-21,2025-10-22,6,-0.03004546006918304,"CAR[0,5]",0,5
627748,SAM,sam-quarterly-earnings-gaap-eps-10-23-2025-3pt61,SAM,0.4-0.6,3,0.495,2025-10-23T20:15:00Z,2025-10-23,2025-10-24,11,-0.09265293226591448,"CAR[-5,5]",-5,5
627748,SAM,sam-quarterly-earnings-gaap-eps-10-23-2025-3pt61,SAM,0.4-0.6,3,0.495,2025-10-23T20:15:00Z,2025-10-23,2025-10-24,1,0.05146447031144953,AR[0],0,0
627748,SAM,sam-quarterly-earnings-gaap-eps-10-23-2025-3pt61,SAM,0.4-0.6,3,0.495,2025-10-23T20:15:00Z,2025-10-23,2025-10-24,2,0.028922262766696703,"CAR[0,1]",0,1
627748,SAM,sam-quarterly-earnings-gaap-eps-10-23-2025-3pt61,SAM,0.4-0.6,3,0.495,2025-10-23T20:15:00Z,2025-10-23,2025-10-24,4,-0.03613909883884708,"CAR[0,3]",0,3
627748,SAM,sam-quarterly-earnings-gaap-eps-10-23-2025-3pt61,SAM,0.4-0.6,3,0.495,2025-10-23T20:15:00Z,2025-10-23,2025-10-24,6,-0.06024615404958364,"CAR[0,5]",0,5
627753,LVS,lvs-quarterly-earnings-nongaap-eps-10-22-2025-0pt61,LVS,0.4-0.6,3,0.47,2025-10-22T20:05:00Z,2025-10-22,2025-10-23,11,0.15323820349956854,"CAR[-5,5]",-5,5
627753,LVS,lvs-quarterly-earnings-nongaap-eps-10-22-2025-0pt61,LVS,0.4-0.6,3,0.47,2025-10-22T20:05:00Z,2025-10-22,2025-10-23,1,0.11593316652065801,AR[0],0,0
627753,LVS,lvs-quarterly-earnings-nongaap-eps-10-22-2025-0pt61,LVS,0.4-0.6,3,0.47,2025-10-22T20:05:00Z,2025-10-22,2025-10-23,2,0.11808919659474876,"CAR[0,1]",0,1
627753,LVS,lvs-quarterly-earnings-nongaap-eps-10-22-2025-0pt61,LVS,0.4-0.6,3,0.47,2025-10-22T20:05:00Z,2025-10-22,2025-10-23,4,0.10993891985492799,"CAR[0,3]",0,3
627753,LVS,lvs-quarterly-earnings-nongaap-eps-10-22-2025-0pt61,LVS,0.4-0.6,3,0.47,2025-10-22T20:05:00Z,2025-10-22,2025-10-23,6,0.13185117915907993,"CAR[0,5]",0,5
637843,ORLY,orly-quarterly-earnings-gaap-eps-10-22-2025-0pt83,ORLY.N,0.4-0.6,3,0.405,2025-10-22T20:30:30Z,2025-10-22,2025-10-23,11,-0.09093945597140803,"CAR[-5,5]",-5,5
637843,ORLY,orly-quarterly-earnings-gaap-eps-10-22-2025-0pt83,ORLY.N,0.4-0.6,3,0.405,2025-10-22T20:30:30Z,2025-10-22,2025-10-23,1,-0.03151429249427771,AR[0],0,0
637843,ORLY,orly-quarterly-earnings-gaap-eps-10-22-2025-0pt83,ORLY.N,0.4-0.6,3,0.405,2025-10-22T20:30:30Z,2025-10-22,2025-10-23,2,-0.04520085049168148,"CAR[0,1]",0,1
637843,ORLY,orly-quarterly-earnings-gaap-eps-10-22-2025-0pt83,ORLY.N,0.4-0.6,3,0.405,2025-10-22T20:30:30Z,2025-10-22,2025-10-23,4,-0.06112719010607515,"CAR[0,3]",0,3
637843,ORLY,orly-quarterly-earnings-gaap-eps-10-22-2025-0pt83,ORLY.N,0.4-0.6,3,0.405,2025-10-22T20:30:30Z,2025-10-22,2025-10-23,6,-0.07334058717276674,"CAR[0,5]",0,5
637863,LUV,luv-quarterly-earnings-nongaap-eps-10-22-2025-neg0pt04,LUV,0.4-0.6,3,0.415,2025-10-22T20:23:03Z,2025-10-22,2025-10-23,11,-0.1384661845335315,"CAR[-5,5]",-5,5
637863,LUV,luv-quarterly-earnings-nongaap-eps-10-22-2025-neg0pt04,LUV,0.4-0.6,3,0.415,2025-10-22T20:23:03Z,2025-10-22,2025-10-23,1,-0.07109223340068455,AR[0],0,0
637863,LUV,luv-quarterly-earnings-nongaap-eps-10-22-2025-neg0pt04,LUV,0.4-0.6,3,0.415,2025-10-22T20:23:03Z,2025-10-22,2025-10-23,2,-0.06537771037879836,"CAR[0,1]",0,1
637863,LUV,luv-quarterly-earnings-nongaap-eps-10-22-2025-neg0pt04,LUV,0.4-0.6,3,0.415,2025-10-22T20:23:03Z,2025-10-22,2025-10-23,4,-0.12130435721261529,"CAR[0,3]",0,3
637863,LUV,luv-quarterly-earnings-nongaap-eps-10-22-2025-neg0pt04,LUV,0.4-0.6,3,0.415,2025-10-22T20:23:03Z,2025-10-22,2025-10-23,6,-0.1389405235407769,"CAR[0,5]",0,5
637868,CBRE,cbre-quarterly-earnings-gaap-eps-10-23-2025-1pt27,CBRE.N,0.4-0.6,3,0.415,2025-10-23T10:55:00Z,2025-10-22,2025-10-23,11,-0.05343893358627614,"CAR[-5,5]",-5,5
637868,CBRE,cbre-quarterly-earnings-gaap-eps-10-23-2025-1pt27,CBRE.N,0.4-0.6,3,0.415,2025-10-23T10:55:00Z,2025-10-22,2025-10-23,1,-0.003871885831900083,AR[0],0,0
637868,CBRE,cbre-quarterly-earnings-gaap-eps-10-23-2025-1pt27,CBRE.N,0.4-0.6,3,0.415,2025-10-23T10:55:00Z,2025-10-22,2025-10-23,2,-0.020022085811823787,"CAR[0,1]",0,1
637868,CBRE,cbre-quarterly-earnings-gaap-eps-10-23-2025-1pt27,CBRE.N,0.4-0.6,3,0.415,2025-10-23T10:55:00Z,2025-10-22,2025-10-23,4,-0.05769494801994906,"CAR[0,3]",0,3
637868,CBRE,cbre-quarterly-earnings-gaap-eps-10-23-2025-1pt27,CBRE.N,0.4-0.6,3,0.415,2025-10-23T10:55:00Z,2025-10-22,2025-10-23,6,-0.0898489640664828,"CAR[0,5]",0,5
637870,DOW,dow-quarterly-earnings-nongaap-eps-10-23-2025-neg0pt3,DOW,0.4-0.6,3,0.445,2025-10-23T10:00:22Z,2025-10-22,2025-10-23,11,0.0846893937464019,"CAR[-5,5]",-5,5
637870,DOW,dow-quarterly-earnings-nongaap-eps-10-23-2025-neg0pt3,DOW,0.4-0.6,3,0.445,2025-10-23T10:00:22Z,2025-10-22,2025-10-23,1,0.12434736751106337,AR[0],0,0
637870,DOW,dow-quarterly-earnings-nongaap-eps-10-23-2025-neg0pt3,DOW,0.4-0.6,3,0.445,2025-10-23T10:00:22Z,2025-10-22,2025-10-23,2,0.1283435694365185,"CAR[0,1]",0,1
637870,DOW,dow-quarterly-earnings-nongaap-eps-10-23-2025-neg0pt3,DOW,0.4-0.6,3,0.445,2025-10-23T10:00:22Z,2025-10-22,2025-10-23,4,0.13716689539759463,"CAR[0,3]",0,3
637870,DOW,dow-quarterly-earnings-nongaap-eps-10-23-2025-neg0pt3,DOW,0.4-0.6,3,0.445,2025-10-23T10:00:22Z,2025-10-22,2025-10-23,6,0.09600107641435099,"CAR[0,5]",0,5
637871,F,f-quarterly-earnings-nongaap-eps-10-24-2025-0pt35,F,0.4-0.6,3,0.59,2025-10-23T20:05:00Z,2025-10-23,2025-10-24,11,0.07956285754240158,"CAR[-5,5]",-5,5
637871,F,f-quarterly-earnings-nongaap-eps-10-24-2025-0pt35,F,0.4-0.6,3,0.59,2025-10-23T20:05:00Z,2025-10-23,2025-10-24,1,0.11341390684064102,AR[0],0,0
637871,F,f-quarterly-earnings-nongaap-eps-10-24-2025-0pt35,F,0.4-0.6,3,0.59,2025-10-23T20:05:00Z,2025-10-23,2025-10-24,2,0.05955797767113447,"CAR[0,1]",0,1
637871,F,f-quarterly-earnings-nongaap-eps-10-24-2025-0pt35,F,0.4-0.6,3,0.59,2025-10-23T20:05:00Z,2025-10-23,2025-10-24,4,0.05361198808031442,"CAR[0,3]",0,3
637871,F,f-quarterly-earnings-nongaap-eps-10-24-2025-0pt35,F,0.4-0.6,3,0.59,2025-10-23T20:05:00Z,2025-10-23,2025-10-24,6,0.049125679489115386,"CAR[0,5]",0,5
637874,FCN,fcn-quarterly-earnings-gaap-eps-10-23-2025-1pt87,FCN,0.4-0.6,3,0.5,2025-10-23T11:30:51Z,2025-10-22,2025-10-23,11,0.10189495086107933,"CAR[-5,5]",-5,5
637874,FCN,fcn-quarterly-earnings-gaap-eps-10-23-2025-1pt87,FCN,0.4-0.6,3,0.5,2025-10-23T11:30:51Z,2025-10-22,2025-10-23,1,-0.014615668355939153,AR[0],0,0
637874,FCN,fcn-quarterly-earnings-gaap-eps-10-23-2025-1pt87,FCN,0.4-0.6,3,0.5,2025-10-23T11:30:51Z,2025-10-22,2025-10-23,2,0.010302964202836372,"CAR[0,1]",0,1
637874,FCN,fcn-quarterly-earnings-gaap-eps-10-23-2025-1pt87,FCN,0.4-0.6,3,0.5,2025-10-23T11:30:51Z,2025-10-22,2025-10-23,4,0.08323392715700362,"CAR[0,3]",0,3
637874,FCN,fcn-quarterly-earnings-gaap-eps-10-23-2025-1pt87,FCN,0.4-0.6,3,0.5,2025-10-23T11:30:51Z,2025-10-22,2025-10-23,6,0.07740119432617193,"CAR[0,5]",0,5
637878,INTC,intc-quarterly-earnings-nongaap-eps-10-23-2025-0,INTC.N,0.4-0.6,3,0.585,2025-10-23T20:01:00Z,2025-10-23,2025-10-24,11,0.0526096291234038,"CAR[-5,5]",-5,5
637878,INTC,intc-quarterly-earnings-nongaap-eps-10-23-2025-0,INTC.N,0.4-0.6,3,0.585,2025-10-23T20:01:00Z,2025-10-23,2025-10-24,1,-0.00778655707768113,AR[0],0,0
637878,INTC,intc-quarterly-earnings-nongaap-eps-10-23-2025-0,INTC.N,0.4-0.6,3,0.585,2025-10-23T20:01:00Z,2025-10-23,2025-10-24,2,0.008517945429724156,"CAR[0,1]",0,1
637878,INTC,intc-quarterly-earnings-nongaap-eps-10-23-2025-0,INTC.N,0.4-0.6,3,0.585,2025-10-23T20:01:00Z,2025-10-23,2025-10-24,4,0.053688866181844236,"CAR[0,3]",0,3
637878,INTC,intc-quarterly-earnings-nongaap-eps-10-23-2025-0,INTC.N,0.4-0.6,3,0.585,2025-10-23T20:01:00Z,2025-10-23,2025-10-24,6,0.03334901738395317,"CAR[0,5]",0,5
637879,PCG,pcg-quarterly-earnings-nongaap-eps-10-23-2025-0pt41,PCG,0.4-0.6,3,0.56,2025-10-23T10:00:00Z,2025-10-22,2025-10-23,11,-0.059794100038015184,"CAR[-5,5]",-5,5
637879,PCG,pcg-quarterly-earnings-nongaap-eps-10-23-2025-0pt41,PCG,0.4-0.6,3,0.56,2025-10-23T10:00:00Z,2025-10-22,2025-10-23,1,-0.020236777138090495,AR[0],0,0
637879,PCG,pcg-quarterly-earnings-nongaap-eps-10-23-2025-0pt41,PCG,0.4-0.6,3,0.56,2025-10-23T10:00:00Z,2025-10-22,2025-10-23,2,-0.01865591605887798,"CAR[0,1]",0,1
637879,PCG,pcg-quarterly-earnings-nongaap-eps-10-23-2025-0pt41,PCG,0.4-0.6,3,0.56,2025-10-23T10:00:00Z,2025-10-22,2025-10-23,4,-0.04409023662755764,"CAR[0,3]",0,3
637879,PCG,pcg-quarterly-earnings-nongaap-eps-10-23-2025-0pt41,PCG,0.4-0.6,3,0.56,2025-10-23T10:00:00Z,2025-10-22,2025-10-23,6,-0.051690660312585505,"CAR[0,5]",0,5
637883,SSNC,ssnc-quarterly-earnings-nongaap-eps-10-23-2025-1pt47,SSNC.N,0.4-0.6,3,0.535,2025-10-23T20:05:00Z,2025-10-23,2025-10-24,11,0.04426862978165331,"CAR[-5,5]",-5,5
637883,SSNC,ssnc-quarterly-earnings-nongaap-eps-10-23-2025-1pt47,SSNC.N,0.4-0.6,3,0.535,2025-10-23T20:05:00Z,2025-10-23,2025-10-24,1,0.03790642185375555,AR[0],0,0
637883,SSNC,ssnc-quarterly-earnings-nongaap-eps-10-23-2025-1pt47,SSNC.N,0.4-0.6,3,0.535,2025-10-23T20:05:00Z,2025-10-23,2025-10-24,2,0.037318637629683155,"CAR[0,1]",0,1
637883,SSNC,ssnc-quarterly-earnings-nongaap-eps-10-23-2025-1pt47,SSNC.N,0.4-0.6,3,0.535,2025-10-23T20:05:00Z,2025-10-23,2025-10-24,4,0.010561180882398272,"CAR[0,3]",0,3
637883,SSNC,ssnc-quarterly-earnings-nongaap-eps-10-23-2025-1pt47,SSNC.N,0.4-0.6,3,0.535,2025-10-23T20:05:00Z,2025-10-23,2025-10-24,6,0.037877667881694804,"CAR[0,5]",0,5
637886,UNP,unp-quarterly-earnings-gaap-eps-10-23-2025-2pt98,UNP,0.4-0.6,3,0.585,2025-10-23T11:45:00Z,2025-10-22,2025-10-23,11,-0.03211967658861142,"CAR[-5,5]",-5,5
637886,UNP,unp-quarterly-earnings-gaap-eps-10-23-2025-2pt98,UNP,0.4-0.6,3,0.585,2025-10-23T11:45:00Z,2025-10-22,2025-10-23,1,-0.026075668833897378,AR[0],0,0
637886,UNP,unp-quarterly-earnings-gaap-eps-10-23-2025-2pt98,UNP,0.4-0.6,3,0.585,2025-10-23T11:45:00Z,2025-10-22,2025-10-23,2,-0.04621433418642822,"CAR[0,1]",0,1
637886,UNP,unp-quarterly-earnings-gaap-eps-10-23-2025-2pt98,UNP,0.4-0.6,3,0.585,2025-10-23T11:45:00Z,2025-10-22,2025-10-23,4,-0.04984612865415577,"CAR[0,3]",0,3
637886,UNP,unp-quarterly-earnings-gaap-eps-10-23-2025-2pt98,UNP,0.4-0.6,3,0.585,2025-10-23T11:45:00Z,2025-10-22,2025-10-23,6,-0.0338061971265469,"CAR[0,5]",0,5
642124,TDOC,tdoc-quarterly-earnings-gaap-eps-10-29-2025-neg0pt26,TDOC.N,0.4-0.6,3,0.44,2025-10-29T20:05:04Z,2025-10-29,2025-10-30,11,-0.04995215025864523,"CAR[-5,5]",-5,5
642124,TDOC,tdoc-quarterly-earnings-gaap-eps-10-29-2025-neg0pt26,TDOC.N,0.4-0.6,3,0.44,2025-10-29T20:05:04Z,2025-10-29,2025-10-30,1,0.07815461651236247,AR[0],0,0
642124,TDOC,tdoc-quarterly-earnings-gaap-eps-10-29-2025-neg0pt26,TDOC.N,0.4-0.6,3,0.44,2025-10-29T20:05:04Z,2025-10-29,2025-10-30,2,0.06478576882386594,"CAR[0,1]",0,1
642124,TDOC,tdoc-quarterly-earnings-gaap-eps-10-29-2025-neg0pt26,TDOC.N,0.4-0.6,3,0.44,2025-10-29T20:05:04Z,2025-10-29,2025-10-30,4,0.007452418625742387,"CAR[0,3]",0,3
642124,TDOC,tdoc-quarterly-earnings-gaap-eps-10-29-2025-neg0pt26,TDOC.N,0.4-0.6,3,0.44,2025-10-29T20:05:04Z,2025-10-29,2025-10-30,6,-0.021387821435977443,"CAR[0,5]",0,5
642132,GD,gd-quarterly-earnings-gaap-eps-10-24-2025-3pt71,GD,0.4-0.6,3,0.5650000000000001,2025-10-24T11:00:00Z,2025-10-23,2025-10-24,11,0.00564606344318855,"CAR[-5,5]",-5,5
642132,GD,gd-quarterly-earnings-gaap-eps-10-24-2025-3pt71,GD,0.4-0.6,3,0.5650000000000001,2025-10-24T11:00:00Z,2025-10-23,2025-10-24,1,0.020956032496721975,AR[0],0,0
642132,GD,gd-quarterly-earnings-gaap-eps-10-24-2025-3pt71,GD,0.4-0.6,3,0.5650000000000001,2025-10-24T11:00:00Z,2025-10-23,2025-10-24,2,0.02090772669785096,"CAR[0,1]",0,1
642132,GD,gd-quarterly-earnings-gaap-eps-10-24-2025-3pt71,GD,0.4-0.6,3,0.5650000000000001,2025-10-24T11:00:00Z,2025-10-23,2025-10-24,4,-0.013287184942850699,"CAR[0,3]",0,3
642132,GD,gd-quarterly-earnings-gaap-eps-10-24-2025-3pt71,GD,0.4-0.6,3,0.5650000000000001,2025-10-24T11:00:00Z,2025-10-23,2025-10-24,6,-0.008838958515334942,"CAR[0,5]",0,5
643016,CSGP,csgp-quarterly-earnings-gaap-eps-10-28-2025-0pt01,CSGP.N,0.4-0.6,3,0.545,2025-10-28T20:02:00Z,2025-10-28,2025-10-29,11,-0.09413410753560901,"CAR[-5,5]",-5,5
643016,CSGP,csgp-quarterly-earnings-gaap-eps-10-28-2025-0pt01,CSGP.N,0.4-0.6,3,0.545,2025-10-28T20:02:00Z,2025-10-28,2025-10-29,1,-0.10220472777682249,AR[0],0,0
643016,CSGP,csgp-quarterly-earnings-gaap-eps-10-28-2025-0pt01,CSGP.N,0.4-0.6,3,0.545,2025-10-28T20:02:00Z,2025-10-28,2025-10-29,2,-0.09851034092544235,"CAR[0,1]",0,1
643016,CSGP,csgp-quarterly-earnings-gaap-eps-10-28-2025-0pt01,CSGP.N,0.4-0.6,3,0.545,2025-10-28T20:02:00Z,2025-10-28,2025-10-29,4,-0.11156464492643216,"CAR[0,3]",0,3
643016,CSGP,csgp-quarterly-earnings-gaap-eps-10-28-2025-0pt01,CSGP.N,0.4-0.6,3,0.545,2025-10-28T20:02:00Z,2025-10-28,2025-10-29,6,-0.0885002772126878,"CAR[0,5]",0,5
643046,SYY,syy-quarterly-earnings-nongaap-eps-10-28-2025-1pt12,SYY,0.4-0.6,3,0.5750000000000001,2025-10-28T12:03:00Z,2025-10-27,2025-10-28,11,-0.09887991236047632,"CAR[-5,5]",-5,5
643046,SYY,syy-quarterly-earnings-nongaap-eps-10-28-2025-1pt12,SYY,0.4-0.6,3,0.5750000000000001,2025-10-28T12:03:00Z,2025-10-27,2025-10-28,1,-0.028768872409512685,AR[0],0,0
643046,SYY,syy-quarterly-earnings-nongaap-eps-10-28-2025-1pt12,SYY,0.4-0.6,3,0.5750000000000001,2025-10-28T12:03:00Z,2025-10-27,2025-10-28,2,-0.05061641409643177,"CAR[0,1]",0,1
643046,SYY,syy-quarterly-earnings-nongaap-eps-10-28-2025-1pt12,SYY,0.4-0.6,3,0.5750000000000001,2025-10-28T12:03:00Z,2025-10-27,2025-10-28,4,-0.04930521125462762,"CAR[0,3]",0,3
643046,SYY,syy-quarterly-earnings-nongaap-eps-10-28-2025-1pt12,SYY,0.4-0.6,3,0.5750000000000001,2025-10-28T12:03:00Z,2025-10-27,2025-10-28,6,-0.06260953527378259,"CAR[0,5]",0,5
647509,CAT,cat-quarterly-earnings-nongaap-eps-10-29-2025-4pt52,CAT,0.4-0.6,3,0.485,2025-10-29T10:30:00Z,2025-10-28,2025-10-29,11,0.06480336780471489,"CAR[-5,5]",-5,5
647509,CAT,cat-quarterly-earnings-nongaap-eps-10-29-2025-4pt52,CAT,0.4-0.6,3,0.485,2025-10-29T10:30:00Z,2025-10-28,2025-10-29,1,0.11510446311825973,AR[0],0,0
647509,CAT,cat-quarterly-earnings-nongaap-eps-10-29-2025-4pt52,CAT,0.4-0.6,3,0.485,2025-10-29T10:30:00Z,2025-10-28,2025-10-29,2,0.121293261086296,"CAR[0,1]",0,1
647509,CAT,cat-quarterly-earnings-nongaap-eps-10-29-2025-4pt52,CAT,0.4-0.6,3,0.485,2025-10-29T10:30:00Z,2025-10-28,2025-10-29,4,0.09202689383870336,"CAR[0,3]",0,3
647509,CAT,cat-quarterly-earnings-nongaap-eps-10-29-2025-4pt52,CAT,0.4-0.6,3,0.485,2025-10-29T10:30:00Z,2025-10-28,2025-10-29,6,0.0978743752056631,"CAR[0,5]",0,5
648227,ABNB,abnb-quarterly-earnings-gaap-eps-11-06-2025-2pt32,ABNB.N,0.4-0.6,3,0.595,2025-11-06T21:03:00Z,2025-11-06,2025-11-07,11,0.005411150567718298,"CAR[-5,5]",-5,5
648227,ABNB,abnb-quarterly-earnings-gaap-eps-11-06-2025-2pt32,ABNB.N,0.4-0.6,3,0.595,2025-11-06T21:03:00Z,2025-11-06,2025-11-07,1,0.003398374914475682,AR[0],0,0
648227,ABNB,abnb-quarterly-earnings-gaap-eps-11-06-2025-2pt32,ABNB.N,0.4-0.6,3,0.595,2025-11-06T21:03:00Z,2025-11-06,2025-11-07,2,-0.022578489670839134,"CAR[0,1]",0,1
648227,ABNB,abnb-quarterly-earnings-gaap-eps-11-06-2025-2pt32,ABNB.N,0.4-0.6,3,0.595,2025-11-06T21:03:00Z,2025-11-06,2025-11-07,4,-0.009426560185920509,"CAR[0,3]",0,3
648227,ABNB,abnb-quarterly-earnings-gaap-eps-11-06-2025-2pt32,ABNB.N,0.4-0.6,3,0.595,2025-11-06T21:03:00Z,2025-11-06,2025-11-07,6,0.02116814399702267,"CAR[0,5]",0,5
648376,CL,cl-quarterly-earnings-nongaap-eps-10-31-2025-0pt89,CL,0.4-0.6,3,0.59,2025-10-31T10:55:00Z,2025-10-30,2025-10-31,11,0.013539631001816446,"CAR[-5,5]",-5,5
648376,CL,cl-quarterly-earnings-nongaap-eps-10-31-2025-0pt89,CL,0.4-0.6,3,0.59,2025-10-31T10:55:00Z,2025-10-30,2025-10-31,1,0.007453333937557257,AR[0],0,0
648376,CL,cl-quarterly-earnings-nongaap-eps-10-31-2025-0pt89,CL,0.4-0.6,3,0.59,2025-10-31T10:55:00Z,2025-10-30,2025-10-31,2,-0.018896232031782412,"CAR[0,1]",0,1
648376,CL,cl-quarterly-earnings-nongaap-eps-10-31-2025-0pt89,CL,0.4-0.6,3,0.59,2025-10-31T10:55:00Z,2025-10-30,2025-10-31,4,0.009327832326561305,"CAR[0,3]",0,3
648376,CL,cl-quarterly-earnings-nongaap-eps-10-31-2025-0pt89,CL,0.4-0.6,3,0.59,2025-10-31T10:55:00Z,2025-10-30,2025-10-31,6,0.03612055670713081,"CAR[0,5]",0,5
652512,ARES,ares-quarterly-earnings-nongaap-eps-11-03-2025-1pt14,ARES.N,0.4-0.6,3,0.465,2025-11-03T11:00:00Z,2025-10-31,2025-11-03,11,0.024137177283648642,"CAR[-5,5]",-5,5
652512,ARES,ares-quarterly-earnings-nongaap-eps-11-03-2025-1pt14,ARES.N,0.4-0.6,3,0.465,2025-11-03T11:00:00Z,2025-10-31,2025-11-03,1,0.04330486796481362,AR[0],0,0
652512,ARES,ares-quarterly-earnings-nongaap-eps-11-03-2025-1pt14,ARES.N,0.4-0.6,3,0.465,2025-11-03T11:00:00Z,2025-10-31,2025-11-03,2,0.04838385600929414,"CAR[0,1]",0,1
652512,ARES,ares-quarterly-earnings-nongaap-eps-11-03-2025-1pt14,ARES.N,0.4-0.6,3,0.465,2025-11-03T11:00:00Z,2025-10-31,2025-11-03,4,0.05136375555145311,"CAR[0,3]",0,3
652512,ARES,ares-quarterly-earnings-nongaap-eps-11-03-2025-1pt14,ARES.N,0.4-0.6,3,0.465,2025-11-03T11:00:00Z,2025-10-31,2025-11-03,6,0.03743177249058195,"CAR[0,5]",0,5
652566,GRAB,grab-quarterly-earnings-gaap-eps-11-03-2025-0pt01,GRAB.N,0.4-0.6,3,0.405,2025-11-03T21:00:00Z,2025-11-03,2025-11-04,11,-0.038298886541752855,"CAR[-5,5]",-5,5
652566,GRAB,grab-quarterly-earnings-gaap-eps-11-03-2025-0pt01,GRAB.N,0.4-0.6,3,0.405,2025-11-03T21:00:00Z,2025-11-03,2025-11-04,1,-0.03373784148931905,AR[0],0,0
652566,GRAB,grab-quarterly-earnings-gaap-eps-11-03-2025-0pt01,GRAB.N,0.4-0.6,3,0.405,2025-11-03T21:00:00Z,2025-11-03,2025-11-04,2,-0.06842093477729527,"CAR[0,1]",0,1
652566,GRAB,grab-quarterly-earnings-gaap-eps-11-03-2025-0pt01,GRAB.N,0.4-0.6,3,0.405,2025-11-03T21:00:00Z,2025-11-03,2025-11-04,4,-0.06805328681288551,"CAR[0,3]",0,3
652566,GRAB,grab-quarterly-earnings-gaap-eps-11-03-2025-0pt01,GRAB.N,0.4-0.6,3,0.405,2025-11-03T21:00:00Z,2025-11-03,2025-11-04,6,-0.03371877390092169,"CAR[0,5]",0,5
652567,HIMS,hims-quarterly-earnings-gaap-eps-11-03-2025-0pt1,HIMS.N,0.4-0.6,3,0.445,2025-11-03T21:05:01Z,2025-11-03,2025-11-04,11,-0.20843838402601453,"CAR[-5,5]",-5,5
652567,HIMS,hims-quarterly-earnings-gaap-eps-11-03-2025-0pt1,HIMS.N,0.4-0.6,3,0.445,2025-11-03T21:05:01Z,2025-11-03,2025-11-04,1,-0.014466737517724475,AR[0],0,0
652567,HIMS,hims-quarterly-earnings-gaap-eps-11-03-2025-0pt1,HIMS.N,0.4-0.6,3,0.445,2025-11-03T21:05:01Z,2025-11-03,2025-11-04,2,-0.0026093724384180523,"CAR[0,1]",0,1
652567,HIMS,hims-quarterly-earnings-gaap-eps-11-03-2025-0pt1,HIMS.N,0.4-0.6,3,0.445,2025-11-03T21:05:01Z,2025-11-03,2025-11-04,4,-0.0497070894634432,"CAR[0,3]",0,3
652567,HIMS,hims-quarterly-earnings-gaap-eps-11-03-2025-0pt1,HIMS.N,0.4-0.6,3,0.445,2025-11-03T21:05:01Z,2025-11-03,2025-11-04,6,-0.12204719641140248,"CAR[0,5]",0,5
655439,DASH,dash-quarterly-earnings-gaap-eps-11-05-2025-0pt68,DASH.N,0.4-0.6,3,0.425,2025-11-05T21:05:01Z,2025-11-05,2025-11-06,11,-0.26843802963469354,"CAR[-5,5]",-5,5
655439,DASH,dash-quarterly-earnings-gaap-eps-11-05-2025-0pt68,DASH.N,0.4-0.6,3,0.425,2025-11-05T21:05:01Z,2025-11-05,2025-11-06,1,-0.16011700550411676,AR[0],0,0
655439,DASH,dash-quarterly-earnings-gaap-eps-11-05-2025-0pt68,DASH.N,0.4-0.6,3,0.425,2025-11-05T21:05:01Z,2025-11-05,2025-11-06,2,-0.12317291095742923,"CAR[0,1]",0,1
655439,DASH,dash-quarterly-earnings-gaap-eps-11-05-2025-0pt68,DASH.N,0.4-0.6,3,0.425,2025-11-05T21:05:01Z,2025-11-05,2025-11-06,4,-0.16683783943991165,"CAR[0,3]",0,3
655439,DASH,dash-quarterly-earnings-gaap-eps-11-05-2025-0pt68,DASH.N,0.4-0.6,3,0.425,2025-11-05T21:05:01Z,2025-11-05,2025-11-06,6,-0.17436022630253248,"CAR[0,5]",0,5
655448,TKO,tko-quarterly-earnings-gaap-eps-11-05-2025-0pt52,TKO,0.4-0.6,3,0.42,2025-11-05T21:05:02Z,2025-11-05,2025-11-06,11,-0.016540390719376147,"CAR[-5,5]",-5,5
655448,TKO,tko-quarterly-earnings-gaap-eps-11-05-2025-0pt52,TKO,0.4-0.6,3,0.42,2025-11-05T21:05:02Z,2025-11-05,2025-11-06,1,-0.02492873081619273,AR[0],0,0
655448,TKO,tko-quarterly-earnings-gaap-eps-11-05-2025-0pt52,TKO,0.4-0.6,3,0.42,2025-11-05T21:05:02Z,2025-11-05,2025-11-06,2,-0.018801209175545563,"CAR[0,1]",0,1
655448,TKO,tko-quarterly-earnings-gaap-eps-11-05-2025-0pt52,TKO,0.4-0.6,3,0.42,2025-11-05T21:05:02Z,2025-11-05,2025-11-06,4,-0.05259459848172221,"CAR[0,3]",0,3
655448,TKO,tko-quarterly-earnings-gaap-eps-11-05-2025-0pt52,TKO,0.4-0.6,3,0.42,2025-11-05T21:05:02Z,2025-11-05,2025-11-06,6,-0.025011962122959024,"CAR[0,5]",0,5
656783,HTZ,htz-quarterly-earnings-nongaap-eps-11-04-2025-0pt07,HTZ.N,0.4-0.6,3,0.595,2025-11-04T13:00:00Z,2025-11-03,2025-11-04,11,0.2152400916441883,"CAR[-5,5]",-5,5
656783,HTZ,htz-quarterly-earnings-nongaap-eps-11-04-2025-0pt07,HTZ.N,0.4-0.6,3,0.595,2025-11-04T13:00:00Z,2025-11-03,2025-11-04,1,0.36429729013388906,AR[0],0,0
656783,HTZ,htz-quarterly-earnings-nongaap-eps-11-04-2025-0pt07,HTZ.N,0.4-0.6,3,0.595,2025-11-04T13:00:00Z,2025-11-03,2025-11-04,2,0.34651545500479425,"CAR[0,1]",0,1
656783,HTZ,htz-quarterly-earnings-nongaap-eps-11-04-2025-0pt07,HTZ.N,0.4-0.6,3,0.595,2025-11-04T13:00:00Z,2025-11-03,2025-11-04,4,0.33482245528864674,"CAR[0,3]",0,3
656783,HTZ,htz-quarterly-earnings-nongaap-eps-11-04-2025-0pt07,HTZ.N,0.4-0.6,3,0.595,2025-11-04T13:00:00Z,2025-11-03,2025-11-04,6,0.2804871090420518,"CAR[0,5]",0,5
657064,OPEN,open-quarterly-earnings-gaap-eps-11-06-2025-neg0pt07,OPEN.N,0.4-0.6,3,0.555,2025-11-06T21:07:36Z,2025-11-06,2025-11-07,11,-0.055775521878968344,"CAR[-5,5]",-5,5
657064,OPEN,open-quarterly-earnings-gaap-eps-11-06-2025-neg0pt07,OPEN.N,0.4-0.6,3,0.555,2025-11-06T21:07:36Z,2025-11-06,2025-11-07,1,-0.0189712683272987,AR[0],0,0
657064,OPEN,open-quarterly-earnings-gaap-eps-11-06-2025-neg0pt07,OPEN.N,0.4-0.6,3,0.555,2025-11-06T21:07:36Z,2025-11-06,2025-11-07,2,0.16139869316974534,"CAR[0,1]",0,1
657064,OPEN,open-quarterly-earnings-gaap-eps-11-06-2025-neg0pt07,OPEN.N,0.4-0.6,3,0.555,2025-11-06T21:07:36Z,2025-11-06,2025-11-07,4,0.2800739057010368,"CAR[0,3]",0,3
657064,OPEN,open-quarterly-earnings-gaap-eps-11-06-2025-neg0pt07,OPEN.N,0.4-0.6,3,0.555,2025-11-06T21:07:36Z,2025-11-06,2025-11-07,6,0.1262657595513001,"CAR[0,5]",0,5
657071,FNF,fnf-quarterly-earnings-nongaap-eps-11-06-2025-1pt42,FNF,0.4-0.6,3,0.43,2025-11-06T21:00:00Z,2025-11-06,2025-11-07,11,0.07678435760416061,"CAR[-5,5]",-5,5
657071,FNF,fnf-quarterly-earnings-nongaap-eps-11-06-2025-1pt42,FNF,0.4-0.6,3,0.43,2025-11-06T21:00:00Z,2025-11-06,2025-11-07,1,0.04576116688463946,AR[0],0,0
657071,FNF,fnf-quarterly-earnings-nongaap-eps-11-06-2025-1pt42,FNF,0.4-0.6,3,0.43,2025-11-06T21:00:00Z,2025-11-06,2025-11-07,2,0.043959433008324215,"CAR[0,1]",0,1
657071,FNF,fnf-quarterly-earnings-nongaap-eps-11-06-2025-1pt42,FNF,0.4-0.6,3,0.43,2025-11-06T21:00:00Z,2025-11-06,2025-11-07,4,0.06154691381634546,"CAR[0,3]",0,3
657071,FNF,fnf-quarterly-earnings-nongaap-eps-11-06-2025-1pt42,FNF,0.4-0.6,3,0.43,2025-11-06T21:00:00Z,2025-11-06,2025-11-07,6,0.07129024890262824,"CAR[0,5]",0,5
657086,CRSP,crsp-quarterly-earnings-gaap-eps-11-04-2025-neg1pt24,CRSP.N,0.4-0.6,3,0.47,2025-11-10T13:00:00Z,2025-11-07,2025-11-10,11,-0.13099940733378165,"CAR[-5,5]",-5,5
657086,CRSP,crsp-quarterly-earnings-gaap-eps-11-04-2025-neg1pt24,CRSP.N,0.4-0.6,3,0.47,2025-11-10T13:00:00Z,2025-11-07,2025-11-10,1,-0.030023198153875528,AR[0],0,0
657086,CRSP,crsp-quarterly-earnings-gaap-eps-11-04-2025-neg1pt24,CRSP.N,0.4-0.6,3,0.47,2025-11-10T13:00:00Z,2025-11-07,2025-11-10,2,-0.023641671032738842,"CAR[0,1]",0,1
657086,CRSP,crsp-quarterly-earnings-gaap-eps-11-04-2025-neg1pt24,CRSP.N,0.4-0.6,3,0.47,2025-11-10T13:00:00Z,2025-11-07,2025-11-10,4,-0.08182724892325366,"CAR[0,3]",0,3
657086,CRSP,crsp-quarterly-earnings-gaap-eps-11-04-2025-neg1pt24,CRSP.N,0.4-0.6,3,0.47,2025-11-10T13:00:00Z,2025-11-07,2025-11-10,6,0.0038934662026101612,"CAR[0,5]",0,5
658547,BZFD,bzfd-quarterly-earnings-gaap-eps-11-06-2025-neg0pt06,BZFD.OQ,0.4-0.6,3,0.555,2025-11-06T21:10:00Z,2025-11-06,2025-11-07,11,-0.3360500204515078,"CAR[-5,5]",-5,5
658547,BZFD,bzfd-quarterly-earnings-gaap-eps-11-06-2025-neg0pt06,BZFD.OQ,0.4-0.6,3,0.555,2025-11-06T21:10:00Z,2025-11-06,2025-11-07,1,-0.34990803408516485,AR[0],0,0
658547,BZFD,bzfd-quarterly-earnings-gaap-eps-11-06-2025-neg0pt06,BZFD.OQ,0.4-0.6,3,0.555,2025-11-06T21:10:00Z,2025-11-06,2025-11-07,2,-0.38224804698349024,"CAR[0,1]",0,1
658547,BZFD,bzfd-quarterly-earnings-gaap-eps-11-06-2025-neg0pt06,BZFD.OQ,0.4-0.6,3,0.555,2025-11-06T21:10:00Z,2025-11-06,2025-11-07,4,-0.3923125522448747,"CAR[0,3]",0,3
658547,BZFD,bzfd-quarterly-earnings-gaap-eps-11-06-2025-neg0pt06,BZFD.OQ,0.4-0.6,3,0.555,2025-11-06T21:10:00Z,2025-11-06,2025-11-07,6,-0.3883042648743796,"CAR[0,5]",0,5
658905,WEN,wen-quarterly-earnings-nongaap-eps-11-07-2025-0pt2,WEN.N,0.4-0.6,3,0.435,2025-11-07T12:00:00Z,2025-11-06,2025-11-07,11,0.06172403641352705,"CAR[-5,5]",-5,5
658905,WEN,wen-quarterly-earnings-nongaap-eps-11-07-2025-0pt2,WEN.N,0.4-0.6,3,0.435,2025-11-07T12:00:00Z,2025-11-06,2025-11-07,1,0.018829746414580437,AR[0],0,0
658905,WEN,wen-quarterly-earnings-nongaap-eps-11-07-2025-0pt2,WEN.N,0.4-0.6,3,0.435,2025-11-07T12:00:00Z,2025-11-06,2025-11-07,2,-0.03378374606166859,"CAR[0,1]",0,1
658905,WEN,wen-quarterly-earnings-nongaap-eps-11-07-2025-0pt2,WEN.N,0.4-0.6,3,0.435,2025-11-07T12:00:00Z,2025-11-06,2025-11-07,4,-0.005722138365849507,"CAR[0,3]",0,3
658905,WEN,wen-quarterly-earnings-nongaap-eps-11-07-2025-0pt2,WEN.N,0.4-0.6,3,0.435,2025-11-07T12:00:00Z,2025-11-06,2025-11-07,6,1.1343222333616738e-4,"CAR[0,5]",0,5
658909,AMC,amc-quarterly-earnings-nongaap-eps-11-05-2025-neg0pt22,AMC,0.4-0.6,3,0.51,2025-11-05T21:21:00Z,2025-11-05,2025-11-06,11,-0.09301270820735599,"CAR[-5,5]",-5,5
658909,AMC,amc-quarterly-earnings-nongaap-eps-11-05-2025-neg0pt22,AMC,0.4-0.6,3,0.51,2025-11-05T21:21:00Z,2025-11-05,2025-11-06,1,0.05095905145659069,AR[0],0,0
658909,AMC,amc-quarterly-earnings-nongaap-eps-11-05-2025-neg0pt22,AMC,0.4-0.6,3,0.51,2025-11-05T21:21:00Z,2025-11-05,2025-11-06,2,-0.02252108255408658,"CAR[0,1]",0,1
658909,AMC,amc-quarterly-earnings-nongaap-eps-11-05-2025-neg0pt22,AMC,0.4-0.6,3,0.51,2025-11-05T21:21:00Z,2025-11-05,2025-11-06,4,-0.028432983597766172,"CAR[0,3]",0,3
658909,AMC,amc-quarterly-earnings-nongaap-eps-11-05-2025-neg0pt22,AMC,0.4-0.6,3,0.51,2025-11-05T21:21:00Z,2025-11-05,2025-11-06,6,-0.04882164283595281,"CAR[0,5]",0,5
668453,OKLO,oklo-quarterly-earnings-gaap-eps-11-11-2025-neg0pt12,OKLO.N,0.4-0.6,3,0.4,2025-11-11T21:00:00Z,2025-11-11,2025-11-12,11,-0.13663858497510237,"CAR[-5,5]",-5,5
668453,OKLO,oklo-quarterly-earnings-gaap-eps-11-11-2025-neg0pt12,OKLO.N,0.4-0.6,3,0.4,2025-11-11T21:00:00Z,2025-11-11,2025-11-12,1,0.0549426558245224,AR[0],0,0
668453,OKLO,oklo-quarterly-earnings-gaap-eps-11-11-2025-neg0pt12,OKLO.N,0.4-0.6,3,0.4,2025-11-11T21:00:00Z,2025-11-11,2025-11-12,2,-0.00526238942194622,"CAR[0,1]",0,1
668453,OKLO,oklo-quarterly-earnings-gaap-eps-11-11-2025-neg0pt12,OKLO.N,0.4-0.6,3,0.4,2025-11-11T21:00:00Z,2025-11-11,2025-11-12,4,-0.06775978411808864,"CAR[0,3]",0,3
668453,OKLO,oklo-quarterly-earnings-gaap-eps-11-11-2025-neg0pt12,OKLO.N,0.4-0.6,3,0.4,2025-11-11T21:00:00Z,2025-11-11,2025-11-12,6,-9.634451720605553e-4,"CAR[0,5]",0,5
668465,RUM,rum-quarterly-earnings-gaap-eps-11-12-2025-neg0pt06,RUM.N,0.4-0.6,3,0.585,2025-11-10T05:46:51Z,2025-11-07,2025-11-10,11,-0.18424918685805713,"CAR[-5,5]",-5,5
668465,RUM,rum-quarterly-earnings-gaap-eps-11-12-2025-neg0pt06,RUM.N,0.4-0.6,3,0.585,2025-11-10T05:46:51Z,2025-11-07,2025-11-10,1,0.08962943853360272,AR[0],0,0
668465,RUM,rum-quarterly-earnings-gaap-eps-11-12-2025-neg0pt06,RUM.N,0.4-0.6,3,0.585,2025-11-10T05:46:51Z,2025-11-07,2025-11-10,2,0.02662161429306413,"CAR[0,1]",0,1
668465,RUM,rum-quarterly-earnings-gaap-eps-11-12-2025-neg0pt06,RUM.N,0.4-0.6,3,0.585,2025-11-10T05:46:51Z,2025-11-07,2025-11-10,4,-0.022499191054925424,"CAR[0,3]",0,3
668465,RUM,rum-quarterly-earnings-gaap-eps-11-12-2025-neg0pt06,RUM.N,0.4-0.6,3,0.585,2025-11-10T05:46:51Z,2025-11-07,2025-11-10,6,-0.07543963378503495,"CAR[0,5]",0,5
675503,LZB,lzb-quarterly-earnings-nongaap-eps-11-18-2025-0pt54,LZB,0.4-0.6,3,0.52,2025-11-18T21:15:01Z,2025-11-18,2025-11-19,11,0.2878406754441648,"CAR[-5,5]",-5,5
675503,LZB,lzb-quarterly-earnings-nongaap-eps-11-18-2025-0pt54,LZB,0.4-0.6,3,0.52,2025-11-18T21:15:01Z,2025-11-18,2025-11-19,1,0.20080649676357018,AR[0],0,0
675503,LZB,lzb-quarterly-earnings-nongaap-eps-11-18-2025-0pt54,LZB,0.4-0.6,3,0.52,2025-11-18T21:15:01Z,2025-11-18,2025-11-19,2,0.2393555969935652,"CAR[0,1]",0,1
675503,LZB,lzb-quarterly-earnings-nongaap-eps-11-18-2025-0pt54,LZB,0.4-0.6,3,0.52,2025-11-18T21:15:01Z,2025-11-18,2025-11-19,4,0.2364831240933463,"CAR[0,3]",0,3
675503,LZB,lzb-quarterly-earnings-nongaap-eps-11-18-2025-0pt54,LZB,0.4-0.6,3,0.52,2025-11-18T21:15:01Z,2025-11-18,2025-11-19,6,0.2965663748474805,"CAR[0,5]",0,5
675507,TGT,tgt-quarterly-earnings-nongaap-eps-11-19-2025-1pt73,TGT,0.4-0.6,3,0.58,2025-11-19T11:30:00Z,2025-11-18,2025-11-19,11,0.012743303595913514,"CAR[-5,5]",-5,5
675507,TGT,tgt-quarterly-earnings-nongaap-eps-11-19-2025-1pt73,TGT,0.4-0.6,3,0.58,2025-11-19T11:30:00Z,2025-11-18,2025-11-19,1,-0.029466030659206395,AR[0],0,0
675507,TGT,tgt-quarterly-earnings-nongaap-eps-11-19-2025-1pt73,TGT,0.4-0.6,3,0.58,2025-11-19T11:30:00Z,2025-11-18,2025-11-19,2,-0.038689851461841514,"CAR[0,1]",0,1
675507,TGT,tgt-quarterly-earnings-nongaap-eps-11-19-2025-1pt73,TGT,0.4-0.6,3,0.58,2025-11-19T11:30:00Z,2025-11-18,2025-11-19,4,-0.04916192379677058,"CAR[0,3]",0,3
675507,TGT,tgt-quarterly-earnings-nongaap-eps-11-19-2025-1pt73,TGT,0.4-0.6,3,0.58,2025-11-19T11:30:00Z,2025-11-18,2025-11-19,6,-3.787300800747635e-4,"CAR[0,5]",0,5
697477,SWBI,swbi-quarterly-earnings-nongaap-eps-12-04-2025-0pt02,SWBI.N,0.4-0.6,3,0.485,2025-12-04T21:05:18Z,2025-12-04,2025-12-05,11,0.2388032960595687,"CAR[-5,5]",-5,5
697477,SWBI,swbi-quarterly-earnings-nongaap-eps-12-04-2025-0pt02,SWBI.N,0.4-0.6,3,0.485,2025-12-04T21:05:18Z,2025-12-04,2025-12-05,1,0.22951340313328938,AR[0],0,0
697477,SWBI,swbi-quarterly-earnings-nongaap-eps-12-04-2025-0pt02,SWBI.N,0.4-0.6,3,0.485,2025-12-04T21:05:18Z,2025-12-04,2025-12-05,2,0.21348936613471395,"CAR[0,1]",0,1
697477,SWBI,swbi-quarterly-earnings-nongaap-eps-12-04-2025-0pt02,SWBI.N,0.4-0.6,3,0.485,2025-12-04T21:05:18Z,2025-12-04,2025-12-05,4,0.24752909980595098,"CAR[0,3]",0,3
697477,SWBI,swbi-quarterly-earnings-nongaap-eps-12-04-2025-0pt02,SWBI.N,0.4-0.6,3,0.485,2025-12-04T21:05:18Z,2025-12-04,2025-12-05,6,0.22415628065645585,"CAR[0,5]",0,5
701987,PLAY,play-quarterly-earnings-nongaap-eps-12-09-2025-neg1pt02,PLAY.N,0.4-0.6,3,0.42,2025-12-09T21:05:00Z,2025-12-09,2025-12-10,11,0.10411833531650944,"CAR[-5,5]",-5,5
701987,PLAY,play-quarterly-earnings-nongaap-eps-12-09-2025-neg1pt02,PLAY.N,0.4-0.6,3,0.42,2025-12-09T21:05:00Z,2025-12-09,2025-12-10,1,0.12407764076362267,AR[0],0,0
701987,PLAY,play-quarterly-earnings-nongaap-eps-12-09-2025-neg1pt02,PLAY.N,0.4-0.6,3,0.42,2025-12-09T21:05:00Z,2025-12-09,2025-12-10,2,0.14290537674044684,"CAR[0,1]",0,1
701987,PLAY,play-quarterly-earnings-nongaap-eps-12-09-2025-neg1pt02,PLAY.N,0.4-0.6,3,0.42,2025-12-09T21:05:00Z,2025-12-09,2025-12-10,4,0.1035773885849743,"CAR[0,3]",0,3
701987,PLAY,play-quarterly-earnings-nongaap-eps-12-09-2025-neg1pt02,PLAY.N,0.4-0.6,3,0.42,2025-12-09T21:05:00Z,2025-12-09,2025-12-10,6,0.06957272765606609,"CAR[0,5]",0,5
703172,KMX,kmx-quarterly-earnings-gaap-eps-12-18-2025-0pt33,KMX,0.4-0.6,3,0.53,2025-12-18T11:50:00Z,2025-12-17,2025-12-18,11,0.0038203432180896786,"CAR[-5,5]",-5,5
703172,KMX,kmx-quarterly-earnings-gaap-eps-12-18-2025-0pt33,KMX,0.4-0.6,3,0.53,2025-12-18T11:50:00Z,2025-12-17,2025-12-18,1,-0.04736280882487239,AR[0],0,0
703172,KMX,kmx-quarterly-earnings-gaap-eps-12-18-2025-0pt33,KMX,0.4-0.6,3,0.53,2025-12-18T11:50:00Z,2025-12-17,2025-12-18,2,-0.07589889084198381,"CAR[0,1]",0,1
703172,KMX,kmx-quarterly-earnings-gaap-eps-12-18-2025-0pt33,KMX,0.4-0.6,3,0.53,2025-12-18T11:50:00Z,2025-12-17,2025-12-18,4,-0.0803052452440382,"CAR[0,3]",0,3
703172,KMX,kmx-quarterly-earnings-gaap-eps-12-18-2025-0pt33,KMX,0.4-0.6,3,0.53,2025-12-18T11:50:00Z,2025-12-17,2025-12-18,6,-0.052184418232527424,"CAR[0,5]",0,5
899877,RH,rh-quarterly-earnings-nongaap-eps-12-11-2025-2pt16,RH,0.4-0.6,3,0.48,2025-12-11T21:46:00Z,2025-12-11,2025-12-12,11,0.13023871403338297,"CAR[-5,5]",-5,5
899877,RH,rh-quarterly-earnings-nongaap-eps-12-11-2025-2pt16,RH,0.4-0.6,3,0.48,2025-12-11T21:46:00Z,2025-12-11,2025-12-12,1,0.09206557173666402,AR[0],0,0
899877,RH,rh-quarterly-earnings-nongaap-eps-12-11-2025-2pt16,RH,0.4-0.6,3,0.48,2025-12-11T21:46:00Z,2025-12-11,2025-12-12,2,0.1115781581482091,"CAR[0,1]",0,1
899877,RH,rh-quarterly-earnings-nongaap-eps-12-11-2025-2pt16,RH,0.4-0.6,3,0.48,2025-12-11T21:46:00Z,2025-12-11,2025-12-12,4,0.20204888640055235,"CAR[0,3]",0,3
899877,RH,rh-quarterly-earnings-nongaap-eps-12-11-2025-2pt16,RH,0.4-0.6,3,0.48,2025-12-11T21:46:00Z,2025-12-11,2025-12-12,6,0.1665661900332343,"CAR[0,5]",0,5
1069150,DAL,dal-quarterly-earnings-nongaap-eps-01-13-2026-1pt57,DAL,0.6-0.8,4,0.67,2026-01-13T11:30:00Z,2026-01-12,2026-01-13,11,-0.026669396197361497,"CAR[-5,5]",-5,5
1069150,DAL,dal-quarterly-earnings-nongaap-eps-01-13-2026-1pt57,DAL,0.6-0.8,4,0.67,2026-01-13T11:30:00Z,2026-01-12,2026-01-13,1,-0.019701070307276754,AR[0],0,0
1069150,DAL,dal-quarterly-earnings-nongaap-eps-01-13-2026-1pt57,DAL,0.6-0.8,4,0.67,2026-01-13T11:30:00Z,2026-01-12,2026-01-13,2,-0.02088689778729954,"CAR[0,1]",0,1
1069150,DAL,dal-quarterly-earnings-nongaap-eps-01-13-2026-1pt57,DAL,0.6-0.8,4,0.67,2026-01-13T11:30:00Z,2026-01-12,2026-01-13,4,0.004957636852861989,"CAR[0,3]",0,3
1069150,DAL,dal-quarterly-earnings-nongaap-eps-01-13-2026-1pt57,DAL,0.6-0.8,4,0.67,2026-01-13T11:30:00Z,2026-01-12,2026-01-13,6,0.0035238201381462813,"CAR[0,5]",0,5
1099135,WFC,wfc-quarterly-earnings-gaap-eps-01-14-2026-1pt68,WFC,0.6-0.8,4,0.795,2026-01-14T12:00:00Z,2026-01-13,2026-01-14,11,-0.08230773629536706,"CAR[-5,5]",-5,5
1099135,WFC,wfc-quarterly-earnings-gaap-eps-01-14-2026-1pt68,WFC,0.6-0.8,4,0.795,2026-01-14T12:00:00Z,2026-01-13,2026-01-14,1,-0.040186641526241206,AR[0],0,0
1099135,WFC,wfc-quarterly-earnings-gaap-eps-01-14-2026-1pt68,WFC,0.6-0.8,4,0.795,2026-01-14T12:00:00Z,2026-01-13,2026-01-14,2,-0.04604897510115663,"CAR[0,1]",0,1
1099135,WFC,wfc-quarterly-earnings-gaap-eps-01-14-2026-1pt68,WFC,0.6-0.8,4,0.795,2026-01-14T12:00:00Z,2026-01-13,2026-01-14,4,-0.04889086436799901,"CAR[0,3]",0,3
1099135,WFC,wfc-quarterly-earnings-gaap-eps-01-14-2026-1pt68,WFC,0.6-0.8,4,0.795,2026-01-14T12:00:00Z,2026-01-13,2026-01-14,6,-0.05084218880714007,"CAR[0,5]",0,5
1099149,MS,ms-quarterly-earnings-gaap-eps-01-15-2026-2pt42,MS,0.6-0.8,4,0.68,2026-01-15T12:30:00Z,2026-01-14,2026-01-15,11,-0.03611275494724948,"CAR[-5,5]",-5,5
1099149,MS,ms-quarterly-earnings-gaap-eps-01-15-2026-2pt42,MS,0.6-0.8,4,0.68,2026-01-15T12:30:00Z,2026-01-14,2026-01-15,1,0.053891203175081934,AR[0],0,0
1099149,MS,ms-quarterly-earnings-gaap-eps-01-15-2026-2pt42,MS,0.6-0.8,4,0.68,2026-01-15T12:30:00Z,2026-01-14,2026-01-15,2,0.04279280050718029,"CAR[0,1]",0,1
1099149,MS,ms-quarterly-earnings-gaap-eps-01-15-2026-2pt42,MS,0.6-0.8,4,0.68,2026-01-15T12:30:00Z,2026-01-14,2026-01-15,4,0.02235198611458789,"CAR[0,3]",0,3
1099149,MS,ms-quarterly-earnings-gaap-eps-01-15-2026-2pt42,MS,0.6-0.8,4,0.68,2026-01-15T12:30:00Z,2026-01-14,2026-01-15,6,-0.00988754616577962,"CAR[0,5]",0,5
1099182,PNC,pnc-quarterly-earnings-gaap-eps-01-16-2026-4pt16,PNC,0.6-0.8,4,0.795,2026-01-16T11:34:19Z,2026-01-15,2026-01-16,11,0.008561157834253728,"CAR[-5,5]",-5,5
1099182,PNC,pnc-quarterly-earnings-gaap-eps-01-16-2026-4pt16,PNC,0.6-0.8,4,0.795,2026-01-16T11:34:19Z,2026-01-15,2026-01-16,1,0.03867018399941866,AR[0],0,0
1099182,PNC,pnc-quarterly-earnings-gaap-eps-01-16-2026-4pt16,PNC,0.6-0.8,4,0.795,2026-01-16T11:34:19Z,2026-01-15,2026-01-16,2,0.04930887141792671,"CAR[0,1]",0,1
1099182,PNC,pnc-quarterly-earnings-gaap-eps-01-16-2026-4pt16,PNC,0.6-0.8,4,0.795,2026-01-16T11:34:19Z,2026-01-15,2026-01-16,4,0.03780471371708391,"CAR[0,3]",0,3
1099182,PNC,pnc-quarterly-earnings-gaap-eps-01-16-2026-4pt16,PNC,0.6-0.8,4,0.795,2026-01-16T11:34:19Z,2026-01-15,2026-01-16,6,0.027334392541357264,"CAR[0,5]",0,5
1099457,MTB,mtb-quarterly-earnings-gaap-eps-01-16-2026-4pt5,MTB,0.6-0.8,4,0.725,2026-01-16T10:30:00Z,2026-01-15,2026-01-16,11,0.006895965369528435,"CAR[-5,5]",-5,5
1099457,MTB,mtb-quarterly-earnings-gaap-eps-01-16-2026-4pt5,MTB,0.6-0.8,4,0.725,2026-01-16T10:30:00Z,2026-01-15,2026-01-16,1,-7.844998170709622e-6,AR[0],0,0
1099457,MTB,mtb-quarterly-earnings-gaap-eps-01-16-2026-4pt5,MTB,0.6-0.8,4,0.725,2026-01-16T10:30:00Z,2026-01-15,2026-01-16,2,0.019395348610590855,"CAR[0,1]",0,1
1099457,MTB,mtb-quarterly-earnings-gaap-eps-01-16-2026-4pt5,MTB,0.6-0.8,4,0.725,2026-01-16T10:30:00Z,2026-01-15,2026-01-16,4,0.030494628629697658,"CAR[0,3]",0,3
1099457,MTB,mtb-quarterly-earnings-gaap-eps-01-16-2026-4pt5,MTB,0.6-0.8,4,0.725,2026-01-16T10:30:00Z,2026-01-15,2026-01-16,6,0.011614854273738078,"CAR[0,5]",0,5
1118156,UAL,ual-quarterly-earnings-nongaap-eps-01-20-2026-2pt98,UAL.N,0.6-0.8,4,0.77,2026-01-20T21:00:00Z,2026-01-20,2026-01-21,11,-0.09279611620044056,"CAR[-5,5]",-5,5
1118156,UAL,ual-quarterly-earnings-nongaap-eps-01-20-2026-2pt98,UAL.N,0.6-0.8,4,0.77,2026-01-20T21:00:00Z,2026-01-20,2026-01-21,1,-0.005174267325801243,AR[0],0,0
1118156,UAL,ual-quarterly-earnings-nongaap-eps-01-20-2026-2pt98,UAL.N,0.6-0.8,4,0.77,2026-01-20T21:00:00Z,2026-01-20,2026-01-21,2,-0.023503664511190583,"CAR[0,1]",0,1
1118156,UAL,ual-quarterly-earnings-nongaap-eps-01-20-2026-2pt98,UAL.N,0.6-0.8,4,0.77,2026-01-20T21:00:00Z,2026-01-20,2026-01-21,4,-0.060388984236289425,"CAR[0,3]",0,3
1118156,UAL,ual-quarterly-earnings-nongaap-eps-01-20-2026-2pt98,UAL.N,0.6-0.8,4,0.77,2026-01-20T21:00:00Z,2026-01-20,2026-01-21,6,-0.09592122413365163,"CAR[0,5]",0,5
1118157,WTFC,wtfc-quarterly-earnings-gaap-eps-01-20-2026-2pt92,WTFC.N,0.6-0.8,4,0.75,2026-01-20T22:00:03Z,2026-01-20,2026-01-21,11,0.014199284164721316,"CAR[-5,5]",-5,5
1118157,WTFC,wtfc-quarterly-earnings-gaap-eps-01-20-2026-2pt92,WTFC.N,0.6-0.8,4,0.75,2026-01-20T22:00:03Z,2026-01-20,2026-01-21,1,0.031564824818371646,AR[0],0,0
1118157,WTFC,wtfc-quarterly-earnings-gaap-eps-01-20-2026-2pt92,WTFC.N,0.6-0.8,4,0.75,2026-01-20T22:00:03Z,2026-01-20,2026-01-21,2,0.031004554333863836,"CAR[0,1]",0,1
1118157,WTFC,wtfc-quarterly-earnings-gaap-eps-01-20-2026-2pt92,WTFC.N,0.6-0.8,4,0.75,2026-01-20T22:00:03Z,2026-01-20,2026-01-21,4,-0.014994116731217944,"CAR[0,3]",0,3
1118157,WTFC,wtfc-quarterly-earnings-gaap-eps-01-20-2026-2pt92,WTFC.N,0.6-0.8,4,0.75,2026-01-20T22:00:03Z,2026-01-20,2026-01-21,6,-0.027940246554245856,"CAR[0,5]",0,5
1118263,USB,usb-quarterly-earnings-gaap-eps-01-20-2026-1pt19,USB,0.6-0.8,4,0.79,2026-01-20T11:45:00Z,2026-01-16,2026-01-20,11,0.02294034616609672,"CAR[-5,5]",-5,5
1118263,USB,usb-quarterly-earnings-gaap-eps-01-20-2026-1pt19,USB,0.6-0.8,4,0.79,2026-01-20T11:45:00Z,2026-01-16,2026-01-20,1,0.02237224266686538,AR[0],0,0
1118263,USB,usb-quarterly-earnings-gaap-eps-01-20-2026-1pt19,USB,0.6-0.8,4,0.79,2026-01-20T11:45:00Z,2026-01-16,2026-01-20,2,0.029771391413267723,"CAR[0,1]",0,1
1118263,USB,usb-quarterly-earnings-gaap-eps-01-20-2026-1pt19,USB,0.6-0.8,4,0.79,2026-01-20T11:45:00Z,2026-01-16,2026-01-20,4,0.023712771069921788,"CAR[0,3]",0,3
1118263,USB,usb-quarterly-earnings-gaap-eps-01-20-2026-1pt19,USB,0.6-0.8,4,0.79,2026-01-20T11:45:00Z,2026-01-16,2026-01-20,6,0.032924742446057996,"CAR[0,5]",0,5
1118342,KEY,key-quarterly-earnings-gaap-eps-01-20-2026-0pt39,KEY,0.6-0.8,4,0.72,2026-01-20T11:30:00Z,2026-01-16,2026-01-20,11,0.012374972075862183,"CAR[-5,5]",-5,5
1118342,KEY,key-quarterly-earnings-gaap-eps-01-20-2026-0pt39,KEY,0.6-0.8,4,0.72,2026-01-20T11:30:00Z,2026-01-16,2026-01-20,1,0.02111627130511493,AR[0],0,0
1118342,KEY,key-quarterly-earnings-gaap-eps-01-20-2026-0pt39,KEY,0.6-0.8,4,0.72,2026-01-20T11:30:00Z,2026-01-16,2026-01-20,2,0.03576976670469893,"CAR[0,1]",0,1
1118342,KEY,key-quarterly-earnings-gaap-eps-01-20-2026-0pt39,KEY,0.6-0.8,4,0.72,2026-01-20T11:30:00Z,2026-01-16,2026-01-20,4,0.001707162792508649,"CAR[0,3]",0,3
1118342,KEY,key-quarterly-earnings-gaap-eps-01-20-2026-0pt39,KEY,0.6-0.8,4,0.72,2026-01-20T11:30:00Z,2026-01-16,2026-01-20,6,0.008024611176972481,"CAR[0,5]",0,5
1125126,TFC,tfc-quarterly-earnings-nongaap-eps-01-21-2026-1pt1,TFC,0.6-0.8,4,0.72,2026-01-21T13:30:00Z,2026-01-20,2026-01-21,11,0.004887288392922851,"CAR[-5,5]",-5,5
1125126,TFC,tfc-quarterly-earnings-nongaap-eps-01-21-2026-1pt1,TFC,0.6-0.8,4,0.72,2026-01-21T13:30:00Z,2026-01-20,2026-01-21,1,0.004718782163525488,AR[0],0,0
1125126,TFC,tfc-quarterly-earnings-nongaap-eps-01-21-2026-1pt1,TFC,0.6-0.8,4,0.72,2026-01-21T13:30:00Z,2026-01-20,2026-01-21,2,0.004130324536401592,"CAR[0,1]",0,1
1125126,TFC,tfc-quarterly-earnings-nongaap-eps-01-21-2026-1pt1,TFC,0.6-0.8,4,0.72,2026-01-21T13:30:00Z,2026-01-20,2026-01-21,4,-0.003770417364544117,"CAR[0,3]",0,3
1125126,TFC,tfc-quarterly-earnings-nongaap-eps-01-21-2026-1pt1,TFC,0.6-0.8,4,0.72,2026-01-21T13:30:00Z,2026-01-20,2026-01-21,6,-0.005585915419486295,"CAR[0,5]",0,5
1125598,BLK,blk-quarterly-earnings-nongaap-eps-01-15-2026-12pt64,BLK,0.6-0.8,4,0.705,2026-01-15T11:00:00Z,2026-01-14,2026-01-15,11,0.05976659684517984,"CAR[-5,5]",-5,5
1125598,BLK,blk-quarterly-earnings-nongaap-eps-01-15-2026-12pt64,BLK,0.6-0.8,4,0.705,2026-01-15T11:00:00Z,2026-01-14,2026-01-15,1,0.057083501856006094,AR[0],0,0
1125598,BLK,blk-quarterly-earnings-nongaap-eps-01-15-2026-12pt64,BLK,0.6-0.8,4,0.705,2026-01-15T11:00:00Z,2026-01-14,2026-01-15,2,0.06401884085669816,"CAR[0,1]",0,1
1125598,BLK,blk-quarterly-earnings-nongaap-eps-01-15-2026-12pt64,BLK,0.6-0.8,4,0.705,2026-01-15T11:00:00Z,2026-01-14,2026-01-15,4,0.04555913603043991,"CAR[0,3]",0,3
1125598,BLK,blk-quarterly-earnings-nongaap-eps-01-15-2026-12pt64,BLK,0.6-0.8,4,0.705,2026-01-15T11:00:00Z,2026-01-14,2026-01-15,6,0.04222161456661085,"CAR[0,5]",0,5
1126021,CFG,cfg-quarterly-earnings-nongaap-eps-01-21-2026-1pt11,CFG,0.6-0.8,4,0.75,2026-01-21T11:20:00Z,2026-01-20,2026-01-21,11,0.03927932143253141,"CAR[-5,5]",-5,5
1126021,CFG,cfg-quarterly-earnings-nongaap-eps-01-21-2026-1pt11,CFG,0.6-0.8,4,0.75,2026-01-21T11:20:00Z,2026-01-20,2026-01-21,1,0.05398577107833033,AR[0],0,0
1126021,CFG,cfg-quarterly-earnings-nongaap-eps-01-21-2026-1pt11,CFG,0.6-0.8,4,0.75,2026-01-21T11:20:00Z,2026-01-20,2026-01-21,2,0.04851325522667418,"CAR[0,1]",0,1
1126021,CFG,cfg-quarterly-earnings-nongaap-eps-01-21-2026-1pt11,CFG,0.6-0.8,4,0.75,2026-01-21T11:20:00Z,2026-01-20,2026-01-21,4,0.012647837767710298,"CAR[0,3]",0,3
1126021,CFG,cfg-quarterly-earnings-nongaap-eps-01-21-2026-1pt11,CFG,0.6-0.8,4,0.75,2026-01-21T11:20:00Z,2026-01-20,2026-01-21,6,0.012154313363065335,"CAR[0,5]",0,5
1126184,HAL,hal-quarterly-earnings-nongaap-eps-01-21-2026-0pt54,HAL,0.6-0.8,4,0.765,2026-01-21T11:45:00Z,2026-01-20,2026-01-21,11,0.027927157929175585,"CAR[-5,5]",-5,5
1126184,HAL,hal-quarterly-earnings-nongaap-eps-01-21-2026-0pt54,HAL,0.6-0.8,4,0.765,2026-01-21T11:45:00Z,2026-01-20,2026-01-21,1,0.03093259069864785,AR[0],0,0
1126184,HAL,hal-quarterly-earnings-nongaap-eps-01-21-2026-0pt54,HAL,0.6-0.8,4,0.765,2026-01-21T11:45:00Z,2026-01-20,2026-01-21,2,0.036295172536572995,"CAR[0,1]",0,1
1126184,HAL,hal-quarterly-earnings-nongaap-eps-01-21-2026-0pt54,HAL,0.6-0.8,4,0.765,2026-01-21T11:45:00Z,2026-01-20,2026-01-21,4,0.04231713099236895,"CAR[0,3]",0,3
1126184,HAL,hal-quarterly-earnings-nongaap-eps-01-21-2026-0pt54,HAL,0.6-0.8,4,0.765,2026-01-21T11:45:00Z,2026-01-20,2026-01-21,6,0.012905246701035593,"CAR[0,5]",0,5
1126201,ALLY,ally-quarterly-earnings-nongaap-eps-01-21-2026-1pt04,ALLY.N,0.6-0.8,4,0.785,2026-01-21T12:25:00Z,2026-01-20,2026-01-21,11,-0.043045341511929895,"CAR[-5,5]",-5,5
1126201,ALLY,ally-quarterly-earnings-nongaap-eps-01-21-2026-1pt04,ALLY.N,0.6-0.8,4,0.785,2026-01-21T12:25:00Z,2026-01-20,2026-01-21,1,-0.018198766404104443,AR[0],0,0
1126201,ALLY,ally-quarterly-earnings-nongaap-eps-01-21-2026-1pt04,ALLY.N,0.6-0.8,4,0.785,2026-01-21T12:25:00Z,2026-01-20,2026-01-21,2,-0.037102207431008664,"CAR[0,1]",0,1
1126201,ALLY,ally-quarterly-earnings-nongaap-eps-01-21-2026-1pt04,ALLY.N,0.6-0.8,4,0.785,2026-01-21T12:25:00Z,2026-01-20,2026-01-21,4,-0.03921147876262748,"CAR[0,3]",0,3
1126201,ALLY,ally-quarterly-earnings-nongaap-eps-01-21-2026-1pt04,ALLY.N,0.6-0.8,4,0.785,2026-01-21T12:25:00Z,2026-01-20,2026-01-21,6,-0.04260386841214159,"CAR[0,5]",0,5
1139368,AAL,aal-quarterly-earnings-nongaap-eps-01-22-2026-0pt4,AAL.N,0.6-0.8,4,0.68,2026-01-27T12:00:02Z,2026-01-26,2026-01-27,11,-0.08214833272335575,"CAR[-5,5]",-5,5
1139368,AAL,aal-quarterly-earnings-nongaap-eps-01-22-2026-0pt4,AAL.N,0.6-0.8,4,0.68,2026-01-27T12:00:02Z,2026-01-26,2026-01-27,1,-0.07745501958110694,AR[0],0,0
1139368,AAL,aal-quarterly-earnings-nongaap-eps-01-22-2026-0pt4,AAL.N,0.6-0.8,4,0.68,2026-01-27T12:00:02Z,2026-01-26,2026-01-27,2,-0.08613203941830318,"CAR[0,1]",0,1
1139368,AAL,aal-quarterly-earnings-nongaap-eps-01-22-2026-0pt4,AAL.N,0.6-0.8,4,0.68,2026-01-27T12:00:02Z,2026-01-26,2026-01-27,4,-0.0856642953834159,"CAR[0,3]",0,3
1139368,AAL,aal-quarterly-earnings-nongaap-eps-01-22-2026-0pt4,AAL.N,0.6-0.8,4,0.68,2026-01-27T12:00:02Z,2026-01-26,2026-01-27,6,-0.026908808608185755,"CAR[0,5]",0,5
1139951,MKC,mkc-quarterly-earnings-nongaap-eps-01-22-2026-0pt88,MKC,0.6-0.8,4,0.785,2026-01-22T11:30:00Z,2026-01-21,2026-01-22,11,-0.07636291150340661,"CAR[-5,5]",-5,5
1139951,MKC,mkc-quarterly-earnings-nongaap-eps-01-22-2026-0pt88,MKC,0.6-0.8,4,0.785,2026-01-22T11:30:00Z,2026-01-21,2026-01-22,1,-0.08038281788413708,AR[0],0,0
1139951,MKC,mkc-quarterly-earnings-nongaap-eps-01-22-2026-0pt88,MKC,0.6-0.8,4,0.785,2026-01-22T11:30:00Z,2026-01-21,2026-01-22,2,-0.08592603763153786,"CAR[0,1]",0,1
1139951,MKC,mkc-quarterly-earnings-nongaap-eps-01-22-2026-0pt88,MKC,0.6-0.8,4,0.785,2026-01-22T11:30:00Z,2026-01-21,2026-01-22,4,-0.0422839256565444,"CAR[0,3]",0,3
1139951,MKC,mkc-quarterly-earnings-nongaap-eps-01-22-2026-0pt88,MKC,0.6-0.8,4,0.785,2026-01-22T11:30:00Z,2026-01-21,2026-01-22,6,-0.07274818702868302,"CAR[0,5]",0,5
1160451,UBSI,ubsi-quarterly-earnings-gaap-eps-01-23-2026-0pt86,UBSI.N,0.6-0.8,4,0.745,2026-01-22T12:50:00Z,2026-01-21,2026-01-22,11,0.07102688099137312,"CAR[-5,5]",-5,5
1160451,UBSI,ubsi-quarterly-earnings-gaap-eps-01-23-2026-0pt86,UBSI.N,0.6-0.8,4,0.745,2026-01-22T12:50:00Z,2026-01-21,2026-01-22,1,-0.006652680289658208,AR[0],0,0
1160451,UBSI,ubsi-quarterly-earnings-gaap-eps-01-23-2026-0pt86,UBSI.N,0.6-0.8,4,0.745,2026-01-22T12:50:00Z,2026-01-21,2026-01-22,2,-0.03649285838734092,"CAR[0,1]",0,1
1160451,UBSI,ubsi-quarterly-earnings-gaap-eps-01-23-2026-0pt86,UBSI.N,0.6-0.8,4,0.745,2026-01-22T12:50:00Z,2026-01-21,2026-01-22,4,-0.04253529594769597,"CAR[0,3]",0,3
1160451,UBSI,ubsi-quarterly-earnings-gaap-eps-01-23-2026-0pt86,UBSI.N,0.6-0.8,4,0.745,2026-01-22T12:50:00Z,2026-01-21,2026-01-22,6,-0.020986968461646553,"CAR[0,5]",0,5
1198858,KMI,kmi-quarterly-earnings-gaap-eps-01-21-2026-0pt36,KMI,0.6-0.8,4,0.605,2026-01-21T21:05:00Z,2026-01-21,2026-01-22,11,0.1043280895680862,"CAR[-5,5]",-5,5
1198858,KMI,kmi-quarterly-earnings-gaap-eps-01-21-2026-0pt36,KMI,0.6-0.8,4,0.605,2026-01-21T21:05:00Z,2026-01-21,2026-01-22,1,0.03788713933455825,AR[0],0,0
1198858,KMI,kmi-quarterly-earnings-gaap-eps-01-21-2026-0pt36,KMI,0.6-0.8,4,0.605,2026-01-21T21:05:00Z,2026-01-21,2026-01-22,2,0.03411465153905513,"CAR[0,1]",0,1
1198858,KMI,kmi-quarterly-earnings-gaap-eps-01-21-2026-0pt36,KMI,0.6-0.8,4,0.605,2026-01-21T21:05:00Z,2026-01-21,2026-01-22,4,0.03340116275434356,"CAR[0,3]",0,3
1198858,KMI,kmi-quarterly-earnings-gaap-eps-01-21-2026-0pt36,KMI,0.6-0.8,4,0.605,2026-01-21T21:05:00Z,2026-01-21,2026-01-22,6,0.056294539311236194,"CAR[0,5]",0,5
1230450,DIS,dis-quarterly-earnings-nongaap-eps-02-02-2026-1pt57,DIS,0.6-0.8,4,0.795,2026-02-02T11:40:00Z,2026-01-30,2026-02-02,11,-0.028669199270730163,"CAR[-5,5]",-5,5
1230450,DIS,dis-quarterly-earnings-nongaap-eps-02-02-2026-1pt57,DIS,0.6-0.8,4,0.795,2026-02-02T11:40:00Z,2026-01-30,2026-02-02,1,-0.07758572517780754,AR[0],0,0
1230450,DIS,dis-quarterly-earnings-nongaap-eps-02-02-2026-1pt57,DIS,0.6-0.8,4,0.795,2026-02-02T11:40:00Z,2026-01-30,2026-02-02,2,-0.07234518839048915,"CAR[0,1]",0,1
1230450,DIS,dis-quarterly-earnings-nongaap-eps-02-02-2026-1pt57,DIS,0.6-0.8,4,0.795,2026-02-02T11:40:00Z,2026-01-30,2026-02-02,4,-0.04932508433058149,"CAR[0,3]",0,3
1230450,DIS,dis-quarterly-earnings-nongaap-eps-02-02-2026-1pt57,DIS,0.6-0.8,4,0.795,2026-02-02T11:40:00Z,2026-01-30,2026-02-02,6,-0.04620758382013531,"CAR[0,5]",0,5
1230454,CMG,cmg-quarterly-earnings-nongaap-eps-02-03-2026-0pt24,CMG,0.6-0.8,4,0.63,2026-02-03T21:10:00Z,2026-02-03,2026-02-04,11,-0.027011459896428273,"CAR[-5,5]",-5,5
1230454,CMG,cmg-quarterly-earnings-nongaap-eps-02-03-2026-0pt24,CMG,0.6-0.8,4,0.63,2026-02-03T21:10:00Z,2026-02-03,2026-02-04,1,0.027058751125154545,AR[0],0,0
1230454,CMG,cmg-quarterly-earnings-nongaap-eps-02-03-2026-0pt24,CMG,0.6-0.8,4,0.63,2026-02-03T21:10:00Z,2026-02-03,2026-02-04,2,0.004770927918244544,"CAR[0,1]",0,1
1230454,CMG,cmg-quarterly-earnings-nongaap-eps-02-03-2026-0pt24,CMG,0.6-0.8,4,0.63,2026-02-03T21:10:00Z,2026-02-03,2026-02-04,4,0.015353644608879514,"CAR[0,3]",0,3
1230454,CMG,cmg-quarterly-earnings-nongaap-eps-02-03-2026-0pt24,CMG,0.6-0.8,4,0.63,2026-02-03T21:10:00Z,2026-02-03,2026-02-04,6,-0.03685711907167374,"CAR[0,5]",0,5
1237792,ORLY,orly-quarterly-earnings-gaap-eps-02-04-2026-0pt72,ORLY.N,0.6-0.8,4,0.72,2026-02-04T21:30:00Z,2026-02-04,2026-02-05,11,-0.06533499882732703,"CAR[-5,5]",-5,5
1237792,ORLY,orly-quarterly-earnings-gaap-eps-02-04-2026-0pt72,ORLY.N,0.6-0.8,4,0.72,2026-02-04T21:30:00Z,2026-02-04,2026-02-05,1,-0.04132468390994874,AR[0],0,0
1237792,ORLY,orly-quarterly-earnings-gaap-eps-02-04-2026-0pt72,ORLY.N,0.6-0.8,4,0.72,2026-02-04T21:30:00Z,2026-02-04,2026-02-05,2,-0.02534990270827072,"CAR[0,1]",0,1
1237792,ORLY,orly-quarterly-earnings-gaap-eps-02-04-2026-0pt72,ORLY.N,0.6-0.8,4,0.72,2026-02-04T21:30:00Z,2026-02-04,2026-02-05,4,-0.03435562033050808,"CAR[0,3]",0,3
1237792,ORLY,orly-quarterly-earnings-gaap-eps-02-04-2026-0pt72,ORLY.N,0.6-0.8,4,0.72,2026-02-04T21:30:00Z,2026-02-04,2026-02-05,6,-0.01705816331758694,"CAR[0,5]",0,5
1237793,AFL,afl-quarterly-earnings-nongaap-eps-02-04-2026-1pt7,AFL,0.6-0.8,4,0.73,2026-02-04T21:05:00Z,2026-02-04,2026-02-05,11,0.06329128726930025,"CAR[-5,5]",-5,5
1237793,AFL,afl-quarterly-earnings-nongaap-eps-02-04-2026-1pt7,AFL,0.6-0.8,4,0.73,2026-02-04T21:05:00Z,2026-02-04,2026-02-05,1,0.03544775816601972,AR[0],0,0
1237793,AFL,afl-quarterly-earnings-nongaap-eps-02-04-2026-1pt7,AFL,0.6-0.8,4,0.73,2026-02-04T21:05:00Z,2026-02-04,2026-02-05,2,0.029383518226220044,"CAR[0,1]",0,1
1237793,AFL,afl-quarterly-earnings-nongaap-eps-02-04-2026-1pt7,AFL,0.6-0.8,4,0.73,2026-02-04T21:05:00Z,2026-02-04,2026-02-05,4,0.018493384950804503,"CAR[0,3]",0,3
1237793,AFL,afl-quarterly-earnings-nongaap-eps-02-04-2026-1pt7,AFL,0.6-0.8,4,0.73,2026-02-04T21:05:00Z,2026-02-04,2026-02-05,6,0.020279954202489646,"CAR[0,5]",0,5
1237794,YUM,yum-quarterly-earnings-nongaap-eps-02-04-2026-1pt76,YUM,0.6-0.8,4,0.7000000000000001,2026-02-04T12:00:00Z,2026-02-03,2026-02-04,11,0.027794447145186453,"CAR[-5,5]",-5,5
1237794,YUM,yum-quarterly-earnings-nongaap-eps-02-04-2026-1pt76,YUM,0.6-0.8,4,0.7000000000000001,2026-02-04T12:00:00Z,2026-02-03,2026-02-04,1,0.005082603541707404,AR[0],0,0
1237794,YUM,yum-quarterly-earnings-nongaap-eps-02-04-2026-1pt76,YUM,0.6-0.8,4,0.7000000000000001,2026-02-04T12:00:00Z,2026-02-03,2026-02-04,2,0.01495588293664701,"CAR[0,1]",0,1
1237794,YUM,yum-quarterly-earnings-nongaap-eps-02-04-2026-1pt76,YUM,0.6-0.8,4,0.7000000000000001,2026-02-04T12:00:00Z,2026-02-03,2026-02-04,4,-0.0010237665132515304,"CAR[0,3]",0,3
1237794,YUM,yum-quarterly-earnings-nongaap-eps-02-04-2026-1pt76,YUM,0.6-0.8,4,0.7000000000000001,2026-02-04T12:00:00Z,2026-02-03,2026-02-04,6,-7.757433804633352e-4,"CAR[0,5]",0,5
1237795,F,f-quarterly-earnings-nongaap-eps-02-04-2026-0pt18,F,0.6-0.8,4,0.775,2026-02-10T21:00:00Z,2026-02-10,2026-02-11,11,0.0012857623775390774,"CAR[-5,5]",-5,5
1237795,F,f-quarterly-earnings-nongaap-eps-02-04-2026-0pt18,F,0.6-0.8,4,0.775,2026-02-10T21:00:00Z,2026-02-10,2026-02-11,1,0.01968991784517912,AR[0],0,0
1237795,F,f-quarterly-earnings-nongaap-eps-02-04-2026-0pt18,F,0.6-0.8,4,0.775,2026-02-10T21:00:00Z,2026-02-10,2026-02-11,2,0.04561780327202566,"CAR[0,1]",0,1
1237795,F,f-quarterly-earnings-nongaap-eps-02-04-2026-0pt18,F,0.6-0.8,4,0.775,2026-02-10T21:00:00Z,2026-02-10,2026-02-11,4,0.05133669011105134,"CAR[0,3]",0,3
1237795,F,f-quarterly-earnings-nongaap-eps-02-04-2026-0pt18,F,0.6-0.8,4,0.775,2026-02-10T21:00:00Z,2026-02-10,2026-02-11,6,0.021658794814727465,"CAR[0,5]",0,5
1238098,UBER,uber-quarterly-earnings-gaap-eps-02-04-2026-0pt79,UBER.N,0.6-0.8,4,0.7000000000000001,2026-02-04T11:55:00Z,2026-02-03,2026-02-04,11,-0.10926578881030632,"CAR[-5,5]",-5,5
1238098,UBER,uber-quarterly-earnings-gaap-eps-02-04-2026-0pt79,UBER.N,0.6-0.8,4,0.7000000000000001,2026-02-04T11:55:00Z,2026-02-03,2026-02-04,1,-0.04409796702350703,AR[0],0,0
1238098,UBER,uber-quarterly-earnings-gaap-eps-02-04-2026-0pt79,UBER.N,0.6-0.8,4,0.7000000000000001,2026-02-04T11:55:00Z,2026-02-03,2026-02-04,2,-0.010926025684759144,"CAR[0,1]",0,1
1238098,UBER,uber-quarterly-earnings-gaap-eps-02-04-2026-0pt79,UBER.N,0.6-0.8,4,0.7000000000000001,2026-02-04T11:55:00Z,2026-02-03,2026-02-04,4,-0.05378671549899297,"CAR[0,3]",0,3
1238098,UBER,uber-quarterly-earnings-gaap-eps-02-04-2026-0pt79,UBER.N,0.6-0.8,4,0.7000000000000001,2026-02-04T11:55:00Z,2026-02-03,2026-02-04,6,-0.08640662042935103,"CAR[0,5]",0,5
1238101,HOG,hog-quarterly-earnings-gaap-eps-02-04-2026-neg1pt06,HOG,0.6-0.8,4,0.605,2026-02-10T12:00:00Z,2026-02-09,2026-02-10,11,0.09368754295414798,"CAR[-5,5]",-5,5
1238101,HOG,hog-quarterly-earnings-gaap-eps-02-04-2026-neg1pt06,HOG,0.6-0.8,4,0.605,2026-02-10T12:00:00Z,2026-02-09,2026-02-10,1,0.045870594647798586,AR[0],0,0
1238101,HOG,hog-quarterly-earnings-gaap-eps-02-04-2026-neg1pt06,HOG,0.6-0.8,4,0.605,2026-02-10T12:00:00Z,2026-02-09,2026-02-10,2,0.030806728043952906,"CAR[0,1]",0,1
1238101,HOG,hog-quarterly-earnings-gaap-eps-02-04-2026-neg1pt06,HOG,0.6-0.8,4,0.605,2026-02-10T12:00:00Z,2026-02-09,2026-02-10,4,0.047459320435702765,"CAR[0,3]",0,3
1238101,HOG,hog-quarterly-earnings-gaap-eps-02-04-2026-neg1pt06,HOG,0.6-0.8,4,0.605,2026-02-10T12:00:00Z,2026-02-09,2026-02-10,6,0.05131915889807602,"CAR[0,5]",0,5
1238102,LLY,lly-quarterly-earnings-nongaap-eps-02-04-2026-7pt06,LLY,0.6-0.8,4,0.725,2026-02-04T11:45:00Z,2026-02-03,2026-02-04,11,-0.03730054683571523,"CAR[-5,5]",-5,5
1238102,LLY,lly-quarterly-earnings-nongaap-eps-02-04-2026-7pt06,LLY,0.6-0.8,4,0.725,2026-02-04T11:45:00Z,2026-02-03,2026-02-04,1,0.1034492974486805,AR[0],0,0
1238102,LLY,lly-quarterly-earnings-nongaap-eps-02-04-2026-7pt06,LLY,0.6-0.8,4,0.725,2026-02-04T11:45:00Z,2026-02-03,2026-02-04,2,0.029254468933040192,"CAR[0,1]",0,1
1238102,LLY,lly-quarterly-earnings-nongaap-eps-02-04-2026-7pt06,LLY,0.6-0.8,4,0.725,2026-02-04T11:45:00Z,2026-02-03,2026-02-04,4,0.03608727762084612,"CAR[0,3]",0,3
1238102,LLY,lly-quarterly-earnings-nongaap-eps-02-04-2026-7pt06,LLY,0.6-0.8,4,0.725,2026-02-04T11:45:00Z,2026-02-03,2026-02-04,6,0.004603500984394611,"CAR[0,5]",0,5
1244921,T,t-quarterly-earnings-nongaap-eps-01-28-2026-0pt47,T,0.6-0.8,4,0.79,2026-01-28T11:32:53Z,2026-01-27,2026-01-28,11,0.16032832278441952,"CAR[-5,5]",-5,5
1244921,T,t-quarterly-earnings-nongaap-eps-01-28-2026-0pt47,T,0.6-0.8,4,0.79,2026-01-28T11:32:53Z,2026-01-27,2026-01-28,1,0.047260133310844485,AR[0],0,0
1244921,T,t-quarterly-earnings-nongaap-eps-01-28-2026-0pt47,T,0.6-0.8,4,0.79,2026-01-28T11:32:53Z,2026-01-27,2026-01-28,2,0.09206237877996123,"CAR[0,1]",0,1
1244921,T,t-quarterly-earnings-nongaap-eps-01-28-2026-0pt47,T,0.6-0.8,4,0.79,2026-01-28T11:32:53Z,2026-01-27,2026-01-28,4,0.13992298010606238,"CAR[0,3]",0,3
1244921,T,t-quarterly-earnings-nongaap-eps-01-28-2026-0pt47,T,0.6-0.8,4,0.79,2026-01-28T11:32:53Z,2026-01-27,2026-01-28,6,0.17636959422317194,"CAR[0,5]",0,5
1244937,VZ,vz-quarterly-earnings-nongaap-eps-01-30-2026-1pt05,VZ,0.6-0.8,4,0.795,2026-01-30T11:30:00Z,2026-01-29,2026-01-30,11,0.17287757525298778,"CAR[-5,5]",-5,5
1244937,VZ,vz-quarterly-earnings-nongaap-eps-01-30-2026-1pt05,VZ,0.6-0.8,4,0.795,2026-01-30T11:30:00Z,2026-01-29,2026-01-30,1,0.11969379668007926,AR[0],0,0
1244937,VZ,vz-quarterly-earnings-nongaap-eps-01-30-2026-1pt05,VZ,0.6-0.8,4,0.795,2026-01-30T11:30:00Z,2026-01-29,2026-01-30,2,0.12128938010633969,"CAR[0,1]",0,1
1244937,VZ,vz-quarterly-earnings-nongaap-eps-01-30-2026-1pt05,VZ,0.6-0.8,4,0.795,2026-01-30T11:30:00Z,2026-01-29,2026-01-30,4,0.17815725295913382,"CAR[0,3]",0,3
1244937,VZ,vz-quarterly-earnings-nongaap-eps-01-30-2026-1pt05,VZ,0.6-0.8,4,0.795,2026-01-30T11:30:00Z,2026-01-29,2026-01-30,6,0.16306943465004473,"CAR[0,5]",0,5
1244958,CVX,cvx-quarterly-earnings-nongaap-eps-01-30-2026-1pt48,CVX,0.6-0.8,4,0.605,2026-01-30T11:15:00Z,2026-01-29,2026-01-30,11,0.07920056182933635,"CAR[-5,5]",-5,5
1244958,CVX,cvx-quarterly-earnings-nongaap-eps-01-30-2026-1pt48,CVX,0.6-0.8,4,0.605,2026-01-30T11:15:00Z,2026-01-29,2026-01-30,1,0.03404163520342086,AR[0],0,0
1244958,CVX,cvx-quarterly-earnings-nongaap-eps-01-30-2026-1pt48,CVX,0.6-0.8,4,0.605,2026-01-30T11:15:00Z,2026-01-29,2026-01-30,2,0.01630977972579942,"CAR[0,1]",0,1
1244958,CVX,cvx-quarterly-earnings-nongaap-eps-01-30-2026-1pt48,CVX,0.6-0.8,4,0.605,2026-01-30T11:15:00Z,2026-01-29,2026-01-30,4,0.05974620965800753,"CAR[0,3]",0,3
1244958,CVX,cvx-quarterly-earnings-nongaap-eps-01-30-2026-1pt48,CVX,0.6-0.8,4,0.605,2026-01-30T11:15:00Z,2026-01-29,2026-01-30,6,0.05554473391584467,"CAR[0,5]",0,5
1244960,XOM,xom-quarterly-earnings-nongaap-eps-01-30-2026-1pt69,XOM,0.6-0.8,4,0.74,2026-01-30T11:30:00Z,2026-01-29,2026-01-30,11,0.10317723190862084,"CAR[-5,5]",-5,5
1244960,XOM,xom-quarterly-earnings-nongaap-eps-01-30-2026-1pt69,XOM,0.6-0.8,4,0.74,2026-01-30T11:30:00Z,2026-01-29,2026-01-30,1,0.00611885508769156,AR[0],0,0
1244960,XOM,xom-quarterly-earnings-nongaap-eps-01-30-2026-1pt69,XOM,0.6-0.8,4,0.74,2026-01-30T11:30:00Z,2026-01-29,2026-01-30,2,-0.016382824999472967,"CAR[0,1]",0,1
1244960,XOM,xom-quarterly-earnings-nongaap-eps-01-30-2026-1pt69,XOM,0.6-0.8,4,0.74,2026-01-30T11:30:00Z,2026-01-29,2026-01-30,4,0.049092122590423753,"CAR[0,3]",0,3
1244960,XOM,xom-quarterly-earnings-nongaap-eps-01-30-2026-1pt69,XOM,0.6-0.8,4,0.74,2026-01-30T11:30:00Z,2026-01-29,2026-01-30,6,0.05699031104239631,"CAR[0,5]",0,5
1254012,MET,met-quarterly-earnings-nongaap-eps-02-04-2026-2pt35,MET,0.6-0.8,4,0.64,2026-02-04T21:00:00Z,2026-02-04,2026-02-05,11,0.04387114618405083,"CAR[-5,5]",-5,5
1254012,MET,met-quarterly-earnings-nongaap-eps-02-04-2026-2pt35,MET,0.6-0.8,4,0.64,2026-02-04T21:00:00Z,2026-02-04,2026-02-05,1,-0.022156638883447564,AR[0],0,0
1254012,MET,met-quarterly-earnings-nongaap-eps-02-04-2026-2pt35,MET,0.6-0.8,4,0.64,2026-02-04T21:00:00Z,2026-02-04,2026-02-05,2,-0.026099725407466124,"CAR[0,1]",0,1
1254012,MET,met-quarterly-earnings-nongaap-eps-02-04-2026-2pt35,MET,0.6-0.8,4,0.64,2026-02-04T21:00:00Z,2026-02-04,2026-02-05,4,-0.00584617465021007,"CAR[0,3]",0,3
1254012,MET,met-quarterly-earnings-nongaap-eps-02-04-2026-2pt35,MET,0.6-0.8,4,0.64,2026-02-04T21:00:00Z,2026-02-04,2026-02-05,6,0.0035101355327670234,"CAR[0,5]",0,5
1254472,COP,cop-quarterly-earnings-nongaap-eps-02-05-2026-1pt11,COP,0.6-0.8,4,0.71,2026-02-05T13:30:00Z,2026-02-04,2026-02-05,11,0.09674899329454484,"CAR[-5,5]",-5,5
1254472,COP,cop-quarterly-earnings-nongaap-eps-02-05-2026-1pt11,COP,0.6-0.8,4,0.71,2026-02-05T13:30:00Z,2026-02-04,2026-02-05,1,-0.019772495592798985,AR[0],0,0
1254472,COP,cop-quarterly-earnings-nongaap-eps-02-05-2026-1pt11,COP,0.6-0.8,4,0.71,2026-02-05T13:30:00Z,2026-02-04,2026-02-05,2,-0.002498367911348616,"CAR[0,1]",0,1
1254472,COP,cop-quarterly-earnings-nongaap-eps-02-05-2026-1pt11,COP,0.6-0.8,4,0.71,2026-02-05T13:30:00Z,2026-02-04,2026-02-05,4,-0.004546304683532324,"CAR[0,3]",0,3
1254472,COP,cop-quarterly-earnings-nongaap-eps-02-05-2026-1pt11,COP,0.6-0.8,4,0.71,2026-02-05T13:30:00Z,2026-02-04,2026-02-05,6,0.0321193800456977,"CAR[0,5]",0,5
1254528,MCHP,mchp-quarterly-earnings-nongaap-eps-02-05-2026-0pt43,MCHP.N,0.6-0.8,4,0.795,2026-02-05T21:15:01Z,2026-02-05,2026-02-06,11,0.03517821271326479,"CAR[-5,5]",-5,5
1254528,MCHP,mchp-quarterly-earnings-nongaap-eps-02-05-2026-0pt43,MCHP.N,0.6-0.8,4,0.795,2026-02-05T21:15:01Z,2026-02-05,2026-02-06,1,-0.06013248449873,AR[0],0,0
1254528,MCHP,mchp-quarterly-earnings-nongaap-eps-02-05-2026-0pt43,MCHP.N,0.6-0.8,4,0.795,2026-02-05T21:15:01Z,2026-02-05,2026-02-06,2,-0.08799785264549251,"CAR[0,1]",0,1
1254528,MCHP,mchp-quarterly-earnings-nongaap-eps-02-05-2026-0pt43,MCHP.N,0.6-0.8,4,0.795,2026-02-05T21:15:01Z,2026-02-05,2026-02-06,4,0.002894562734389719,"CAR[0,3]",0,3
1254528,MCHP,mchp-quarterly-earnings-nongaap-eps-02-05-2026-0pt43,MCHP.N,0.6-0.8,4,0.795,2026-02-05T21:15:01Z,2026-02-05,2026-02-06,6,0.0032194765360820544,"CAR[0,5]",0,5
1268941,TW,tw-quarterly-earnings-nongaap-eps-02-05-2026-0pt84,TW.N,0.6-0.8,4,0.6950000000000001,2026-02-05T12:00:00Z,2026-02-04,2026-02-05,11,0.1451284743961805,"CAR[-5,5]",-5,5
1268941,TW,tw-quarterly-earnings-nongaap-eps-02-05-2026-0pt84,TW.N,0.6-0.8,4,0.6950000000000001,2026-02-05T12:00:00Z,2026-02-04,2026-02-05,1,0.09069928178301793,AR[0],0,0
1268941,TW,tw-quarterly-earnings-nongaap-eps-02-05-2026-0pt84,TW.N,0.6-0.8,4,0.6950000000000001,2026-02-05T12:00:00Z,2026-02-04,2026-02-05,2,0.1128770682191059,"CAR[0,1]",0,1
1268941,TW,tw-quarterly-earnings-nongaap-eps-02-05-2026-0pt84,TW.N,0.6-0.8,4,0.6950000000000001,2026-02-05T12:00:00Z,2026-02-04,2026-02-05,4,0.15742164307178871,"CAR[0,3]",0,3
1268941,TW,tw-quarterly-earnings-nongaap-eps-02-05-2026-0pt84,TW.N,0.6-0.8,4,0.6950000000000001,2026-02-05T12:00:00Z,2026-02-04,2026-02-05,6,0.15966822268702516,"CAR[0,5]",0,5
1270844,ARES,ares-quarterly-earnings-nongaap-eps-02-05-2026-1pt69,ARES.N,0.6-0.8,4,0.73,2026-02-05T11:00:00Z,2026-02-04,2026-02-05,11,-0.04944380663951006,"CAR[-5,5]",-5,5
1270844,ARES,ares-quarterly-earnings-nongaap-eps-02-05-2026-1pt69,ARES.N,0.6-0.8,4,0.73,2026-02-05T11:00:00Z,2026-02-04,2026-02-05,1,-0.09217392124763449,AR[0],0,0
1270844,ARES,ares-quarterly-earnings-nongaap-eps-02-05-2026-1pt69,ARES.N,0.6-0.8,4,0.73,2026-02-05T11:00:00Z,2026-02-04,2026-02-05,2,-0.05003472399635599,"CAR[0,1]",0,1
1270844,ARES,ares-quarterly-earnings-nongaap-eps-02-05-2026-1pt69,ARES.N,0.6-0.8,4,0.73,2026-02-05T11:00:00Z,2026-02-04,2026-02-05,4,5.702336690862541e-4,"CAR[0,3]",0,3
1270844,ARES,ares-quarterly-earnings-nongaap-eps-02-05-2026-1pt69,ARES.N,0.6-0.8,4,0.73,2026-02-05T11:00:00Z,2026-02-04,2026-02-05,6,0.004537704462060622,"CAR[0,5]",0,5
1271534,APO,apo-quarterly-earnings-nongaap-eps-02-09-2026-2pt03,APO,0.6-0.8,4,0.67,2026-02-09T13:30:00Z,2026-02-06,2026-02-09,11,-0.04437049072191398,"CAR[-5,5]",-5,5
1271534,APO,apo-quarterly-earnings-nongaap-eps-02-09-2026-2pt03,APO,0.6-0.8,4,0.67,2026-02-09T13:30:00Z,2026-02-06,2026-02-09,1,8.695457826975077e-4,AR[0],0,0
1271534,APO,apo-quarterly-earnings-nongaap-eps-02-09-2026-2pt03,APO,0.6-0.8,4,0.67,2026-02-09T13:30:00Z,2026-02-06,2026-02-09,2,-0.005662234442883468,"CAR[0,1]",0,1
1271534,APO,apo-quarterly-earnings-nongaap-eps-02-09-2026-2pt03,APO,0.6-0.8,4,0.67,2026-02-09T13:30:00Z,2026-02-06,2026-02-09,4,-0.03749022099651538,"CAR[0,3]",0,3
1271534,APO,apo-quarterly-earnings-nongaap-eps-02-09-2026-2pt03,APO,0.6-0.8,4,0.67,2026-02-09T13:30:00Z,2026-02-06,2026-02-09,6,-0.04066823983254668,"CAR[0,5]",0,5
1271536,ON,on-quarterly-earnings-nongaap-eps-02-10-2026-0pt62,ON.N,0.6-0.8,4,0.79,2026-02-09T21:15:01Z,2026-02-09,2026-02-10,11,0.1751056018488819,"CAR[-5,5]",-5,5
1271536,ON,on-quarterly-earnings-nongaap-eps-02-10-2026-0pt62,ON.N,0.6-0.8,4,0.79,2026-02-09T21:15:01Z,2026-02-09,2026-02-10,1,0.04157352725697847,AR[0],0,0
1271536,ON,on-quarterly-earnings-nongaap-eps-02-10-2026-0pt62,ON.N,0.6-0.8,4,0.79,2026-02-09T21:15:01Z,2026-02-09,2026-02-10,2,0.09854906308692607,"CAR[0,1]",0,1
1271536,ON,on-quarterly-earnings-nongaap-eps-02-10-2026-0pt62,ON.N,0.6-0.8,4,0.79,2026-02-09T21:15:01Z,2026-02-09,2026-02-10,4,0.14122728288191472,"CAR[0,3]",0,3
1271536,ON,on-quarterly-earnings-nongaap-eps-02-10-2026-0pt62,ON.N,0.6-0.8,4,0.79,2026-02-09T21:15:01Z,2026-02-09,2026-02-10,6,0.1098688763028375,"CAR[0,5]",0,5
1279293,LYFT,lyft-quarterly-earnings-gaap-eps-02-10-2026-0pt12,LYFT.N,0.6-0.8,4,0.67,2026-02-10T21:00:00Z,2026-02-10,2026-02-11,11,-0.15869629683628278,"CAR[-5,5]",-5,5
1279293,LYFT,lyft-quarterly-earnings-gaap-eps-02-10-2026-0pt12,LYFT.N,0.6-0.8,4,0.67,2026-02-10T21:00:00Z,2026-02-10,2026-02-11,1,-0.17063482563728505,AR[0],0,0
1279293,LYFT,lyft-quarterly-earnings-gaap-eps-02-10-2026-0pt12,LYFT.N,0.6-0.8,4,0.67,2026-02-10T21:00:00Z,2026-02-10,2026-02-11,2,-0.2167104736872916,"CAR[0,1]",0,1
1279293,LYFT,lyft-quarterly-earnings-gaap-eps-02-10-2026-0pt12,LYFT.N,0.6-0.8,4,0.67,2026-02-10T21:00:00Z,2026-02-10,2026-02-11,4,-0.19746254656023562,"CAR[0,3]",0,3
1279293,LYFT,lyft-quarterly-earnings-gaap-eps-02-10-2026-0pt12,LYFT.N,0.6-0.8,4,0.67,2026-02-10T21:00:00Z,2026-02-10,2026-02-11,6,-0.15977510955412758,"CAR[0,5]",0,5
1280185,CRSP,crsp-quarterly-earnings-gaap-eps-02-11-2026-neg1pt17,CRSP.N,0.6-0.8,4,0.63,2026-02-12T21:30:00Z,2026-02-12,2026-02-13,11,0.15125861725022985,"CAR[-5,5]",-5,5
1280185,CRSP,crsp-quarterly-earnings-gaap-eps-02-11-2026-neg1pt17,CRSP.N,0.6-0.8,4,0.63,2026-02-12T21:30:00Z,2026-02-12,2026-02-13,1,0.0835989137791366,AR[0],0,0
1280185,CRSP,crsp-quarterly-earnings-gaap-eps-02-11-2026-neg1pt17,CRSP.N,0.6-0.8,4,0.63,2026-02-12T21:30:00Z,2026-02-12,2026-02-13,2,0.08346426594867733,"CAR[0,1]",0,1
1280185,CRSP,crsp-quarterly-earnings-gaap-eps-02-11-2026-neg1pt17,CRSP.N,0.6-0.8,4,0.63,2026-02-12T21:30:00Z,2026-02-12,2026-02-13,4,0.10443576837328841,"CAR[0,3]",0,3
1280185,CRSP,crsp-quarterly-earnings-gaap-eps-02-11-2026-neg1pt17,CRSP.N,0.6-0.8,4,0.63,2026-02-12T21:30:00Z,2026-02-12,2026-02-13,6,0.09842818302077501,"CAR[0,5]",0,5
1280186,MAR,mar-quarterly-earnings-nongaap-eps-02-10-2026-2pt62,MAR.N,0.6-0.8,4,0.755,2026-02-10T12:00:02Z,2026-02-09,2026-02-10,11,0.12048461600466741,"CAR[-5,5]",-5,5
1280186,MAR,mar-quarterly-earnings-nongaap-eps-02-10-2026-2pt62,MAR.N,0.6-0.8,4,0.755,2026-02-10T12:00:02Z,2026-02-09,2026-02-10,1,0.08716482211517942,AR[0],0,0
1280186,MAR,mar-quarterly-earnings-nongaap-eps-02-10-2026-2pt62,MAR.N,0.6-0.8,4,0.755,2026-02-10T12:00:02Z,2026-02-09,2026-02-10,2,0.08548298180723321,"CAR[0,1]",0,1
1280186,MAR,mar-quarterly-earnings-nongaap-eps-02-10-2026-2pt62,MAR.N,0.6-0.8,4,0.755,2026-02-10T12:00:02Z,2026-02-09,2026-02-10,4,0.08507930983215387,"CAR[0,3]",0,3
1280186,MAR,mar-quarterly-earnings-nongaap-eps-02-10-2026-2pt62,MAR.N,0.6-0.8,4,0.755,2026-02-10T12:00:02Z,2026-02-09,2026-02-10,6,0.08386245459730587,"CAR[0,5]",0,5
1280193,FIS,fis-quarterly-earnings-nongaap-eps-02-10-2026-1pt69,FIS,0.6-0.8,4,0.74,2026-02-24T12:30:01Z,2026-02-23,2026-02-24,11,0.09787450581923243,"CAR[-5,5]",-5,5
1280193,FIS,fis-quarterly-earnings-nongaap-eps-02-10-2026-1pt69,FIS,0.6-0.8,4,0.74,2026-02-24T12:30:01Z,2026-02-23,2026-02-24,1,0.010037052688825114,AR[0],0,0
1280193,FIS,fis-quarterly-earnings-nongaap-eps-02-10-2026-1pt69,FIS,0.6-0.8,4,0.74,2026-02-24T12:30:01Z,2026-02-23,2026-02-24,2,0.025973448794455616,"CAR[0,1]",0,1
1280193,FIS,fis-quarterly-earnings-nongaap-eps-02-10-2026-1pt69,FIS,0.6-0.8,4,0.74,2026-02-24T12:30:01Z,2026-02-23,2026-02-24,4,0.07577553344552093,"CAR[0,3]",0,3
1280193,FIS,fis-quarterly-earnings-nongaap-eps-02-10-2026-1pt69,FIS,0.6-0.8,4,0.74,2026-02-24T12:30:01Z,2026-02-23,2026-02-24,6,0.0730632400368202,"CAR[0,5]",0,5
1287872,NXPI,nxpi-quarterly-earnings-nongaap-eps-02-02-2026-3pt31,NXPI.N,0.6-0.8,4,0.73,2026-02-02T21:10:00Z,2026-02-02,2026-02-03,11,0.03669593470674657,"CAR[-5,5]",-5,5
1287872,NXPI,nxpi-quarterly-earnings-nongaap-eps-02-02-2026-3pt31,NXPI.N,0.6-0.8,4,0.73,2026-02-02T21:10:00Z,2026-02-02,2026-02-03,1,-0.028906088212297884,AR[0],0,0
1287872,NXPI,nxpi-quarterly-earnings-nongaap-eps-02-02-2026-3pt31,NXPI.N,0.6-0.8,4,0.73,2026-02-02T21:10:00Z,2026-02-02,2026-02-03,2,0.007758465350085383,"CAR[0,1]",0,1
1287872,NXPI,nxpi-quarterly-earnings-nongaap-eps-02-02-2026-3pt31,NXPI.N,0.6-0.8,4,0.73,2026-02-02T21:10:00Z,2026-02-02,2026-02-03,4,-0.015127736229475622,"CAR[0,3]",0,3
1287872,NXPI,nxpi-quarterly-earnings-nongaap-eps-02-02-2026-3pt31,NXPI.N,0.6-0.8,4,0.73,2026-02-02T21:10:00Z,2026-02-02,2026-02-03,6,0.037776903800194696,"CAR[0,5]",0,5
1287904,MCD,mcd-quarterly-earnings-nongaap-eps-02-11-2026-3pt04,MCD,0.6-0.8,4,0.635,2026-02-11T21:00:00Z,2026-02-11,2026-02-12,11,0.016927597926668758,"CAR[-5,5]",-5,5
1287904,MCD,mcd-quarterly-earnings-nongaap-eps-02-11-2026-3pt04,MCD,0.6-0.8,4,0.635,2026-02-11T21:00:00Z,2026-02-11,2026-02-12,1,0.02762036738125814,AR[0],0,0
1287904,MCD,mcd-quarterly-earnings-nongaap-eps-02-11-2026-3pt04,MCD,0.6-0.8,4,0.635,2026-02-11T21:00:00Z,2026-02-11,2026-02-12,2,0.014009531469332644,"CAR[0,1]",0,1
1287904,MCD,mcd-quarterly-earnings-nongaap-eps-02-11-2026-3pt04,MCD,0.6-0.8,4,0.635,2026-02-11T21:00:00Z,2026-02-11,2026-02-12,4,0.014753949807403032,"CAR[0,3]",0,3
1287904,MCD,mcd-quarterly-earnings-nongaap-eps-02-11-2026-3pt04,MCD,0.6-0.8,4,0.635,2026-02-11T21:00:00Z,2026-02-11,2026-02-12,6,0.018690624444698503,"CAR[0,5]",0,5
1287906,TMUS,tmus-quarterly-earnings-gaap-eps-02-11-2026-2pt07,TMUS.N,0.6-0.8,4,0.65,2026-02-11T12:35:00Z,2026-02-10,2026-02-11,11,0.10112328889214853,"CAR[-5,5]",-5,5
1287906,TMUS,tmus-quarterly-earnings-gaap-eps-02-11-2026-2pt07,TMUS.N,0.6-0.8,4,0.65,2026-02-11T12:35:00Z,2026-02-10,2026-02-11,1,0.051718252996252385,AR[0],0,0
1287906,TMUS,tmus-quarterly-earnings-gaap-eps-02-11-2026-2pt07,TMUS.N,0.6-0.8,4,0.65,2026-02-11T12:35:00Z,2026-02-10,2026-02-11,2,0.07681629000033281,"CAR[0,1]",0,1
1287906,TMUS,tmus-quarterly-earnings-gaap-eps-02-11-2026-2pt07,TMUS.N,0.6-0.8,4,0.65,2026-02-11T12:35:00Z,2026-02-10,2026-02-11,4,0.10225329363139152,"CAR[0,3]",0,3
1287906,TMUS,tmus-quarterly-earnings-gaap-eps-02-11-2026-2pt07,TMUS.N,0.6-0.8,4,0.65,2026-02-11T12:35:00Z,2026-02-10,2026-02-11,6,0.08547510674949749,"CAR[0,5]",0,5
1288097,MGM,mgm-quarterly-earnings-nongaap-eps-02-11-2026-0pt56,MGM,0.6-0.8,4,0.715,2026-02-05T21:15:00Z,2026-02-05,2026-02-06,11,0.05387930698521469,"CAR[-5,5]",-5,5
1288097,MGM,mgm-quarterly-earnings-nongaap-eps-02-11-2026-0pt56,MGM,0.6-0.8,4,0.715,2026-02-05T21:15:00Z,2026-02-05,2026-02-06,1,0.008148964279641905,AR[0],0,0
1288097,MGM,mgm-quarterly-earnings-nongaap-eps-02-11-2026-0pt56,MGM,0.6-0.8,4,0.715,2026-02-05T21:15:00Z,2026-02-05,2026-02-06,2,0.017326635773189963,"CAR[0,1]",0,1
1288097,MGM,mgm-quarterly-earnings-nongaap-eps-02-11-2026-0pt56,MGM,0.6-0.8,4,0.715,2026-02-05T21:15:00Z,2026-02-05,2026-02-06,4,-0.023609273043026836,"CAR[0,3]",0,3
1288097,MGM,mgm-quarterly-earnings-nongaap-eps-02-11-2026-0pt56,MGM,0.6-0.8,4,0.715,2026-02-05T21:15:00Z,2026-02-05,2026-02-06,6,-0.0654376036177452,"CAR[0,5]",0,5
1292721,APTV,aptv-quarterly-earnings-nongaap-eps-02-02-2026-1pt86,APTV.N,0.6-0.8,4,0.73,2026-02-02T11:45:00Z,2026-01-30,2026-02-02,11,0.0821415652861441,"CAR[-5,5]",-5,5
1292721,APTV,aptv-quarterly-earnings-nongaap-eps-02-02-2026-1pt86,APTV.N,0.6-0.8,4,0.73,2026-02-02T11:45:00Z,2026-01-30,2026-02-02,1,0.02152733250777853,AR[0],0,0
1292721,APTV,aptv-quarterly-earnings-nongaap-eps-02-02-2026-1pt86,APTV.N,0.6-0.8,4,0.73,2026-02-02T11:45:00Z,2026-01-30,2026-02-02,2,0.037724593525064964,"CAR[0,1]",0,1
1292721,APTV,aptv-quarterly-earnings-nongaap-eps-02-02-2026-1pt86,APTV.N,0.6-0.8,4,0.73,2026-02-02T11:45:00Z,2026-01-30,2026-02-02,4,0.08528148579948881,"CAR[0,3]",0,3
1292721,APTV,aptv-quarterly-earnings-nongaap-eps-02-02-2026-1pt86,APTV.N,0.6-0.8,4,0.73,2026-02-02T11:45:00Z,2026-01-30,2026-02-02,6,0.0938493715827184,"CAR[0,5]",0,5
1293041,PAG,pag-quarterly-earnings-gaap-eps-02-11-2026-3pt02,PAG,0.6-0.8,4,0.715,2026-02-11T11:58:00Z,2026-02-10,2026-02-11,11,0.05676829275258031,"CAR[-5,5]",-5,5
1293041,PAG,pag-quarterly-earnings-gaap-eps-02-11-2026-3pt02,PAG,0.6-0.8,4,0.715,2026-02-11T11:58:00Z,2026-02-10,2026-02-11,1,0.05416167844682936,AR[0],0,0
1293041,PAG,pag-quarterly-earnings-gaap-eps-02-11-2026-3pt02,PAG,0.6-0.8,4,0.715,2026-02-11T11:58:00Z,2026-02-10,2026-02-11,2,0.08687684909380322,"CAR[0,1]",0,1
1293041,PAG,pag-quarterly-earnings-gaap-eps-02-11-2026-3pt02,PAG,0.6-0.8,4,0.715,2026-02-11T11:58:00Z,2026-02-10,2026-02-11,4,0.020232241921987207,"CAR[0,3]",0,3
1293041,PAG,pag-quarterly-earnings-gaap-eps-02-11-2026-3pt02,PAG,0.6-0.8,4,0.715,2026-02-11T11:58:00Z,2026-02-10,2026-02-11,6,0.0202127140029764,"CAR[0,5]",0,5
1321183,KKR,kkr-quarterly-earnings-nongaap-eps-02-05-2026-1pt14,KKR,0.6-0.8,4,0.76,2026-02-05T13:30:00Z,2026-02-04,2026-02-05,11,-0.09149152811606562,"CAR[-5,5]",-5,5
1321183,KKR,kkr-quarterly-earnings-nongaap-eps-02-05-2026-1pt14,KKR,0.6-0.8,4,0.76,2026-02-05T13:30:00Z,2026-02-04,2026-02-05,1,-0.033035922533715484,AR[0],0,0
1321183,KKR,kkr-quarterly-earnings-nongaap-eps-02-05-2026-1pt14,KKR,0.6-0.8,4,0.76,2026-02-05T13:30:00Z,2026-02-04,2026-02-05,2,-0.02272583865028918,"CAR[0,1]",0,1
1321183,KKR,kkr-quarterly-earnings-nongaap-eps-02-05-2026-1pt14,KKR,0.6-0.8,4,0.76,2026-02-05T13:30:00Z,2026-02-04,2026-02-05,4,0.015868839317957975,"CAR[0,3]",0,3
1321183,KKR,kkr-quarterly-earnings-nongaap-eps-02-05-2026-1pt14,KKR,0.6-0.8,4,0.76,2026-02-05T13:30:00Z,2026-02-04,2026-02-05,6,-0.01482318333940521,"CAR[0,5]",0,5
1321186,PTON,pton-quarterly-earnings-gaap-eps-02-05-2026-neg0pt06,PTON.N,0.6-0.8,4,0.61,2026-02-05T12:00:01Z,2026-02-04,2026-02-05,11,-0.20483025797190355,"CAR[-5,5]",-5,5
1321186,PTON,pton-quarterly-earnings-gaap-eps-02-05-2026-neg0pt06,PTON.N,0.6-0.8,4,0.61,2026-02-05T12:00:01Z,2026-02-04,2026-02-05,1,-0.22641916007519156,AR[0],0,0
1321186,PTON,pton-quarterly-earnings-gaap-eps-02-05-2026-neg0pt06,PTON.N,0.6-0.8,4,0.61,2026-02-05T12:00:01Z,2026-02-04,2026-02-05,2,-0.21767337769694636,"CAR[0,1]",0,1
1321186,PTON,pton-quarterly-earnings-gaap-eps-02-05-2026-neg0pt06,PTON.N,0.6-0.8,4,0.61,2026-02-05T12:00:01Z,2026-02-04,2026-02-05,4,-0.2754566477620484,"CAR[0,3]",0,3
1321186,PTON,pton-quarterly-earnings-gaap-eps-02-05-2026-neg0pt06,PTON.N,0.6-0.8,4,0.61,2026-02-05T12:00:01Z,2026-02-04,2026-02-05,6,-0.2613905279540427,"CAR[0,5]",0,5
1321400,CHGG,chgg-quarterly-earnings-nongaap-eps-02-09-2026-neg0pt1,CHGG.N,0.6-0.8,4,0.675,2026-02-09T21:05:00Z,2026-02-09,2026-02-10,11,-0.14003406390042025,"CAR[-5,5]",-5,5
1321400,CHGG,chgg-quarterly-earnings-nongaap-eps-02-09-2026-neg0pt1,CHGG.N,0.6-0.8,4,0.675,2026-02-09T21:05:00Z,2026-02-09,2026-02-10,1,-0.08952565459446185,AR[0],0,0
1321400,CHGG,chgg-quarterly-earnings-nongaap-eps-02-09-2026-neg0pt1,CHGG.N,0.6-0.8,4,0.675,2026-02-09T21:05:00Z,2026-02-09,2026-02-10,2,-0.19454681919134953,"CAR[0,1]",0,1
1321400,CHGG,chgg-quarterly-earnings-nongaap-eps-02-09-2026-neg0pt1,CHGG.N,0.6-0.8,4,0.675,2026-02-09T21:05:00Z,2026-02-09,2026-02-10,4,-0.20056106215431774,"CAR[0,3]",0,3
1321400,CHGG,chgg-quarterly-earnings-nongaap-eps-02-09-2026-neg0pt1,CHGG.N,0.6-0.8,4,0.675,2026-02-09T21:05:00Z,2026-02-09,2026-02-10,6,-0.19094609943762403,"CAR[0,5]",0,5
1321481,WMB,wmb-quarterly-earnings-nongaap-eps-02-10-2026-0pt57,WMB,0.6-0.8,4,0.6900000000000001,2026-02-10T13:00:01Z,2026-02-09,2026-02-10,11,0.09261774736644825,"CAR[-5,5]",-5,5
1321481,WMB,wmb-quarterly-earnings-nongaap-eps-02-10-2026-0pt57,WMB,0.6-0.8,4,0.6900000000000001,2026-02-10T13:00:01Z,2026-02-09,2026-02-10,1,0.01575751187592267,AR[0],0,0
1321481,WMB,wmb-quarterly-earnings-nongaap-eps-02-10-2026-0pt57,WMB,0.6-0.8,4,0.6900000000000001,2026-02-10T13:00:01Z,2026-02-09,2026-02-10,2,0.04919664310431155,"CAR[0,1]",0,1
1321481,WMB,wmb-quarterly-earnings-nongaap-eps-02-10-2026-0pt57,WMB,0.6-0.8,4,0.6900000000000001,2026-02-10T13:00:01Z,2026-02-09,2026-02-10,4,0.07006568328215468,"CAR[0,3]",0,3
1321481,WMB,wmb-quarterly-earnings-nongaap-eps-02-10-2026-0pt57,WMB,0.6-0.8,4,0.6900000000000001,2026-02-10T13:00:01Z,2026-02-09,2026-02-10,6,0.06703386334407688,"CAR[0,5]",0,5
1321483,HUM,hum-quarterly-earnings-nongaap-eps-02-11-2026-neg3pt99,HUM,0.6-0.8,4,0.6950000000000001,2026-02-11T11:00:00Z,2026-02-10,2026-02-11,11,-0.013034880901723615,"CAR[-5,5]",-5,5
1321483,HUM,hum-quarterly-earnings-nongaap-eps-02-11-2026-neg3pt99,HUM,0.6-0.8,4,0.6950000000000001,2026-02-11T11:00:00Z,2026-02-10,2026-02-11,1,-0.033136492537561096,AR[0],0,0
1321483,HUM,hum-quarterly-earnings-nongaap-eps-02-11-2026-neg3pt99,HUM,0.6-0.8,4,0.6950000000000001,2026-02-11T11:00:00Z,2026-02-10,2026-02-11,2,-0.005489751966245109,"CAR[0,1]",0,1
1321483,HUM,hum-quarterly-earnings-nongaap-eps-02-11-2026-neg3pt99,HUM,0.6-0.8,4,0.6950000000000001,2026-02-11T11:00:00Z,2026-02-10,2026-02-11,4,0.026720563827416242,"CAR[0,3]",0,3
1321483,HUM,hum-quarterly-earnings-nongaap-eps-02-11-2026-neg3pt99,HUM,0.6-0.8,4,0.6950000000000001,2026-02-11T11:00:00Z,2026-02-10,2026-02-11,6,0.053529482165647485,"CAR[0,5]",0,5
1321486,GT,gt-quarterly-earnings-nongaap-eps-02-12-2026-0pt49,GT.N,0.6-0.8,4,0.7000000000000001,2026-02-09T21:30:00Z,2026-02-09,2026-02-10,11,-0.00699290378458255,"CAR[-5,5]",-5,5
1321486,GT,gt-quarterly-earnings-nongaap-eps-02-12-2026-0pt49,GT.N,0.6-0.8,4,0.7000000000000001,2026-02-09T21:30:00Z,2026-02-09,2026-02-10,1,-0.13238899430840173,AR[0],0,0
1321486,GT,gt-quarterly-earnings-nongaap-eps-02-12-2026-0pt49,GT.N,0.6-0.8,4,0.7000000000000001,2026-02-09T21:30:00Z,2026-02-09,2026-02-10,2,-0.08842170592592088,"CAR[0,1]",0,1
1321486,GT,gt-quarterly-earnings-nongaap-eps-02-12-2026-0pt49,GT.N,0.6-0.8,4,0.7000000000000001,2026-02-09T21:30:00Z,2026-02-09,2026-02-10,4,-0.08160490148347004,"CAR[0,3]",0,3
1321486,GT,gt-quarterly-earnings-nongaap-eps-02-12-2026-0pt49,GT.N,0.6-0.8,4,0.7000000000000001,2026-02-09T21:30:00Z,2026-02-09,2026-02-10,6,-0.14043878214598488,"CAR[0,5]",0,5
1321492,BGC,bgc-quarterly-earnings-nongaap-eps-02-12-2026-0pt29,BGC.N,0.6-0.8,4,0.605,2026-02-12T13:12:00Z,2026-02-11,2026-02-12,11,0.08627964190820957,"CAR[-5,5]",-5,5
1321492,BGC,bgc-quarterly-earnings-nongaap-eps-02-12-2026-0pt29,BGC.N,0.6-0.8,4,0.605,2026-02-12T13:12:00Z,2026-02-11,2026-02-12,1,0.10404198293879376,AR[0],0,0
1321492,BGC,bgc-quarterly-earnings-nongaap-eps-02-12-2026-0pt29,BGC.N,0.6-0.8,4,0.605,2026-02-12T13:12:00Z,2026-02-11,2026-02-12,2,0.07755410244177789,"CAR[0,1]",0,1
1321492,BGC,bgc-quarterly-earnings-nongaap-eps-02-12-2026-0pt29,BGC.N,0.6-0.8,4,0.605,2026-02-12T13:12:00Z,2026-02-11,2026-02-12,4,0.11735564769513977,"CAR[0,3]",0,3
1321492,BGC,bgc-quarterly-earnings-nongaap-eps-02-12-2026-0pt29,BGC.N,0.6-0.8,4,0.605,2026-02-12T13:12:00Z,2026-02-11,2026-02-12,6,0.11487604297207496,"CAR[0,5]",0,5
1321493,TRIP,trip-quarterly-earnings-nongaap-eps-02-12-2026-0pt13,TRIP.N,0.6-0.8,4,0.715,2026-02-12T12:05:00Z,2026-02-11,2026-02-12,11,-0.12506823742545015,"CAR[-5,5]",-5,5
1321493,TRIP,trip-quarterly-earnings-nongaap-eps-02-12-2026-0pt13,TRIP.N,0.6-0.8,4,0.715,2026-02-12T12:05:00Z,2026-02-11,2026-02-12,1,-0.11204515676066151,AR[0],0,0
1321493,TRIP,trip-quarterly-earnings-nongaap-eps-02-12-2026-0pt13,TRIP.N,0.6-0.8,4,0.715,2026-02-12T12:05:00Z,2026-02-11,2026-02-12,2,-0.18137886845131634,"CAR[0,1]",0,1
1321493,TRIP,trip-quarterly-earnings-nongaap-eps-02-12-2026-0pt13,TRIP.N,0.6-0.8,4,0.715,2026-02-12T12:05:00Z,2026-02-11,2026-02-12,4,-0.10316040426473526,"CAR[0,3]",0,3
1321493,TRIP,trip-quarterly-earnings-nongaap-eps-02-12-2026-0pt13,TRIP.N,0.6-0.8,4,0.715,2026-02-12T12:05:00Z,2026-02-11,2026-02-12,6,-0.07743385659257462,"CAR[0,5]",0,5
1326168,TSEM,tsem-quarterly-earnings-gaap-eps-02-11-2026-0pt59,TSEM.N,0.6-0.8,4,0.78,2026-02-11T12:00:05Z,2026-02-10,2026-02-11,11,-0.10171791309453819,"CAR[-5,5]",-5,5
1326168,TSEM,tsem-quarterly-earnings-gaap-eps-02-11-2026-0pt59,TSEM.N,0.6-0.8,4,0.78,2026-02-11T12:00:05Z,2026-02-10,2026-02-11,1,-0.021801758162334393,AR[0],0,0
1326168,TSEM,tsem-quarterly-earnings-gaap-eps-02-11-2026-0pt59,TSEM.N,0.6-0.8,4,0.78,2026-02-11T12:00:05Z,2026-02-10,2026-02-11,2,0.012711798905010063,"CAR[0,1]",0,1
1326168,TSEM,tsem-quarterly-earnings-gaap-eps-02-11-2026-0pt59,TSEM.N,0.6-0.8,4,0.78,2026-02-11T12:00:05Z,2026-02-10,2026-02-11,4,-0.047193275598052725,"CAR[0,3]",0,3
1326168,TSEM,tsem-quarterly-earnings-gaap-eps-02-11-2026-0pt59,TSEM.N,0.6-0.8,4,0.78,2026-02-11T12:00:05Z,2026-02-10,2026-02-11,6,-0.08119991237323079,"CAR[0,5]",0,5
1326458,MRNA,mrna-quarterly-earnings-gaap-eps-02-13-2026-neg2pt6,MRNA.N,0.6-0.8,4,0.725,2026-02-13T12:00:00Z,2026-02-12,2026-02-13,11,0.20934160313453304,"CAR[-5,5]",-5,5
1326458,MRNA,mrna-quarterly-earnings-gaap-eps-02-13-2026-neg2pt6,MRNA.N,0.6-0.8,4,0.725,2026-02-13T12:00:00Z,2026-02-12,2026-02-13,1,0.0539872076807209,AR[0],0,0
1326458,MRNA,mrna-quarterly-earnings-gaap-eps-02-13-2026-neg2pt6,MRNA.N,0.6-0.8,4,0.725,2026-02-13T12:00:00Z,2026-02-12,2026-02-13,2,0.09235731446610962,"CAR[0,1]",0,1
1326458,MRNA,mrna-quarterly-earnings-gaap-eps-02-13-2026-neg2pt6,MRNA.N,0.6-0.8,4,0.725,2026-02-13T12:00:00Z,2026-02-12,2026-02-13,4,0.21567655697370455,"CAR[0,3]",0,3
1326458,MRNA,mrna-quarterly-earnings-gaap-eps-02-13-2026-neg2pt6,MRNA.N,0.6-0.8,4,0.725,2026-02-13T12:00:00Z,2026-02-12,2026-02-13,6,0.23450163574886468,"CAR[0,5]",0,5
1339362,LZB,lzb-quarterly-earnings-nongaap-eps-02-17-2026-0pt59,LZB,0.6-0.8,4,0.67,2026-02-17T21:15:01Z,2026-02-17,2026-02-18,11,-0.04963925597491189,"CAR[-5,5]",-5,5
1339362,LZB,lzb-quarterly-earnings-nongaap-eps-02-17-2026-0pt59,LZB,0.6-0.8,4,0.67,2026-02-17T21:15:01Z,2026-02-17,2026-02-18,1,-0.06785450734671254,AR[0],0,0
1339362,LZB,lzb-quarterly-earnings-nongaap-eps-02-17-2026-0pt59,LZB,0.6-0.8,4,0.67,2026-02-17T21:15:01Z,2026-02-17,2026-02-18,2,-0.039285914263395554,"CAR[0,1]",0,1
1339362,LZB,lzb-quarterly-earnings-nongaap-eps-02-17-2026-0pt59,LZB,0.6-0.8,4,0.67,2026-02-17T21:15:01Z,2026-02-17,2026-02-18,4,-0.06516718643893463,"CAR[0,3]",0,3
1339362,LZB,lzb-quarterly-earnings-nongaap-eps-02-17-2026-0pt59,LZB,0.6-0.8,4,0.67,2026-02-17T21:15:01Z,2026-02-17,2026-02-18,6,-0.06039866311361152,"CAR[0,5]",0,5
1339377,MCO,mco-quarterly-earnings-nongaap-eps-02-18-2026-3pt44,MCO,0.6-0.8,4,0.795,2026-02-18T12:00:00Z,2026-02-17,2026-02-18,11,0.037121100420060976,"CAR[-5,5]",-5,5
1339377,MCO,mco-quarterly-earnings-nongaap-eps-02-18-2026-3pt44,MCO,0.6-0.8,4,0.795,2026-02-18T12:00:00Z,2026-02-17,2026-02-18,1,0.06089546754986548,AR[0],0,0
1339377,MCO,mco-quarterly-earnings-nongaap-eps-02-18-2026-3pt44,MCO,0.6-0.8,4,0.795,2026-02-18T12:00:00Z,2026-02-17,2026-02-18,2,0.0595780266467747,"CAR[0,1]",0,1
1339377,MCO,mco-quarterly-earnings-nongaap-eps-02-18-2026-3pt44,MCO,0.6-0.8,4,0.795,2026-02-18T12:00:00Z,2026-02-17,2026-02-18,4,0.03467365288662682,"CAR[0,3]",0,3
1339377,MCO,mco-quarterly-earnings-nongaap-eps-02-18-2026-3pt44,MCO,0.6-0.8,4,0.795,2026-02-18T12:00:00Z,2026-02-17,2026-02-18,6,0.0821546120135394,"CAR[0,5]",0,5
1339584,OXY,oxy-quarterly-earnings-nongaap-eps-02-18-2026-0pt25,OXY,0.6-0.8,4,0.76,2026-02-18T21:15:00Z,2026-02-18,2026-02-19,11,0.12100594947173597,"CAR[-5,5]",-5,5
1339584,OXY,oxy-quarterly-earnings-nongaap-eps-02-18-2026-0pt25,OXY,0.6-0.8,4,0.76,2026-02-18T21:15:00Z,2026-02-18,2026-02-19,1,0.09512708367073684,AR[0],0,0
1339584,OXY,oxy-quarterly-earnings-nongaap-eps-02-18-2026-0pt25,OXY,0.6-0.8,4,0.76,2026-02-18T21:15:00Z,2026-02-18,2026-02-19,2,0.10064891033820475,"CAR[0,1]",0,1
1339584,OXY,oxy-quarterly-earnings-nongaap-eps-02-18-2026-0pt25,OXY,0.6-0.8,4,0.76,2026-02-18T21:15:00Z,2026-02-18,2026-02-19,4,0.10494717038840501,"CAR[0,3]",0,3
1339584,OXY,oxy-quarterly-earnings-nongaap-eps-02-18-2026-0pt25,OXY,0.6-0.8,4,0.76,2026-02-18T21:15:00Z,2026-02-18,2026-02-19,6,0.0961826908937752,"CAR[0,5]",0,5
1339585,GRMN,grmn-quarterly-earnings-nongaap-eps-02-18-2026-2pt39,GRMN.N,0.6-0.8,4,0.785,2026-02-18T12:00:01Z,2026-02-17,2026-02-18,11,0.223222022084122,"CAR[-5,5]",-5,5
1339585,GRMN,grmn-quarterly-earnings-nongaap-eps-02-18-2026-2pt39,GRMN.N,0.6-0.8,4,0.785,2026-02-18T12:00:01Z,2026-02-17,2026-02-18,1,0.0884666113790227,AR[0],0,0
1339585,GRMN,grmn-quarterly-earnings-nongaap-eps-02-18-2026-2pt39,GRMN.N,0.6-0.8,4,0.785,2026-02-18T12:00:01Z,2026-02-17,2026-02-18,2,0.10294885719646464,"CAR[0,1]",0,1
1339585,GRMN,grmn-quarterly-earnings-nongaap-eps-02-18-2026-2pt39,GRMN.N,0.6-0.8,4,0.785,2026-02-18T12:00:01Z,2026-02-17,2026-02-18,4,0.14015686226416524,"CAR[0,3]",0,3
1339585,GRMN,grmn-quarterly-earnings-nongaap-eps-02-18-2026-2pt39,GRMN.N,0.6-0.8,4,0.785,2026-02-18T12:00:01Z,2026-02-17,2026-02-18,6,0.14221664808454268,"CAR[0,5]",0,5
1352086,ETSY,etsy-quarterly-earnings-gaap-eps-02-19-2026-0pt85,ETSY.N,0.6-0.8,4,0.705,2026-02-19T12:00:01Z,2026-02-18,2026-02-19,11,0.04275515096381712,"CAR[-5,5]",-5,5
1352086,ETSY,etsy-quarterly-earnings-gaap-eps-02-19-2026-0pt85,ETSY.N,0.6-0.8,4,0.705,2026-02-19T12:00:01Z,2026-02-18,2026-02-19,1,0.0966764363084496,AR[0],0,0
1352086,ETSY,etsy-quarterly-earnings-gaap-eps-02-19-2026-0pt85,ETSY.N,0.6-0.8,4,0.705,2026-02-19T12:00:01Z,2026-02-18,2026-02-19,2,0.17071405795839506,"CAR[0,1]",0,1
1352086,ETSY,etsy-quarterly-earnings-gaap-eps-02-19-2026-0pt85,ETSY.N,0.6-0.8,4,0.705,2026-02-19T12:00:01Z,2026-02-18,2026-02-19,4,0.21668502019295915,"CAR[0,3]",0,3
1352086,ETSY,etsy-quarterly-earnings-gaap-eps-02-19-2026-0pt85,ETSY.N,0.6-0.8,4,0.705,2026-02-19T12:00:01Z,2026-02-18,2026-02-19,6,0.22743279917266535,"CAR[0,5]",0,5
1352087,FNF,fnf-quarterly-earnings-nongaap-eps-02-19-2026-1pt5,FNF,0.6-0.8,4,0.66,2026-02-19T21:00:00Z,2026-02-19,2026-02-20,11,-0.06980612146945435,"CAR[-5,5]",-5,5
1352087,FNF,fnf-quarterly-earnings-nongaap-eps-02-19-2026-1pt5,FNF,0.6-0.8,4,0.66,2026-02-19T21:00:00Z,2026-02-19,2026-02-20,1,-0.04199658244749422,AR[0],0,0
1352087,FNF,fnf-quarterly-earnings-nongaap-eps-02-19-2026-1pt5,FNF,0.6-0.8,4,0.66,2026-02-19T21:00:00Z,2026-02-19,2026-02-20,2,-0.057612659986671214,"CAR[0,1]",0,1
1352087,FNF,fnf-quarterly-earnings-nongaap-eps-02-19-2026-1pt5,FNF,0.6-0.8,4,0.66,2026-02-19T21:00:00Z,2026-02-19,2026-02-20,4,-0.056317085838924176,"CAR[0,3]",0,3
1352087,FNF,fnf-quarterly-earnings-nongaap-eps-02-19-2026-1pt5,FNF,0.6-0.8,4,0.66,2026-02-19T21:00:00Z,2026-02-19,2026-02-20,6,-0.024745148246434527,"CAR[0,5]",0,5
1360922,HIMS,hims-quarterly-earnings-gaap-eps-02-23-2026-0pt05,HIMS.N,0.6-0.8,4,0.77,2026-02-23T21:05:00Z,2026-02-23,2026-02-24,11,0.049890037035928196,"CAR[-5,5]",-5,5
1360922,HIMS,hims-quarterly-earnings-gaap-eps-02-23-2026-0pt05,HIMS.N,0.6-0.8,4,0.77,2026-02-23T21:05:00Z,2026-02-23,2026-02-24,1,-0.015594482468312446,AR[0],0,0
1360922,HIMS,hims-quarterly-earnings-gaap-eps-02-23-2026-0pt05,HIMS.N,0.6-0.8,4,0.77,2026-02-23T21:05:00Z,2026-02-23,2026-02-24,2,-0.005814728733849427,"CAR[0,1]",0,1
1360922,HIMS,hims-quarterly-earnings-gaap-eps-02-23-2026-0pt05,HIMS.N,0.6-0.8,4,0.77,2026-02-23T21:05:00Z,2026-02-23,2026-02-24,4,-0.05511362683232249,"CAR[0,3]",0,3
1360922,HIMS,hims-quarterly-earnings-gaap-eps-02-23-2026-0pt05,HIMS.N,0.6-0.8,4,0.77,2026-02-23T21:05:00Z,2026-02-23,2026-02-24,6,0.07211811557529026,"CAR[0,5]",0,5
1362683,HD,hd-quarterly-earnings-nongaap-eps-02-24-2026-2pt52,HD,0.6-0.8,4,0.795,2026-02-24T11:00:01Z,2026-02-23,2026-02-24,11,-0.06054196268853368,"CAR[-5,5]",-5,5
1362683,HD,hd-quarterly-earnings-nongaap-eps-02-24-2026-2pt52,HD,0.6-0.8,4,0.795,2026-02-24T11:00:01Z,2026-02-23,2026-02-24,1,0.015696928872859357,AR[0],0,0
1362683,HD,hd-quarterly-earnings-nongaap-eps-02-24-2026-2pt52,HD,0.6-0.8,4,0.795,2026-02-24T11:00:01Z,2026-02-23,2026-02-24,2,-0.011914064288011613,"CAR[0,1]",0,1
1362683,HD,hd-quarterly-earnings-nongaap-eps-02-24-2026-2pt52,HD,0.6-0.8,4,0.795,2026-02-24T11:00:01Z,2026-02-23,2026-02-24,4,0.0071927653808589965,"CAR[0,3]",0,3
1362683,HD,hd-quarterly-earnings-nongaap-eps-02-24-2026-2pt52,HD,0.6-0.8,4,0.795,2026-02-24T11:00:01Z,2026-02-23,2026-02-24,6,-0.024313859195241413,"CAR[0,5]",0,5
1363711,IMAX,imax-quarterly-earnings-nongaap-eps-02-25-2026-0pt48,IMAX.N,0.6-0.8,4,0.645,2026-02-25T21:05:01Z,2026-02-25,2026-02-26,11,0.07155398822335286,"CAR[-5,5]",-5,5
1363711,IMAX,imax-quarterly-earnings-nongaap-eps-02-25-2026-0pt48,IMAX.N,0.6-0.8,4,0.645,2026-02-25T21:05:01Z,2026-02-25,2026-02-26,1,0.14610493731176316,AR[0],0,0
1363711,IMAX,imax-quarterly-earnings-nongaap-eps-02-25-2026-0pt48,IMAX.N,0.6-0.8,4,0.645,2026-02-25T21:05:01Z,2026-02-25,2026-02-26,2,0.1731780173632896,"CAR[0,1]",0,1
1363711,IMAX,imax-quarterly-earnings-nongaap-eps-02-25-2026-0pt48,IMAX.N,0.6-0.8,4,0.645,2026-02-25T21:05:01Z,2026-02-25,2026-02-26,4,0.1381387465304219,"CAR[0,3]",0,3
1363711,IMAX,imax-quarterly-earnings-nongaap-eps-02-25-2026-0pt48,IMAX.N,0.6-0.8,4,0.645,2026-02-25T21:05:01Z,2026-02-25,2026-02-26,6,0.11694076081909643,"CAR[0,5]",0,5
1367587,LOW,low-quarterly-earnings-gaap-eps-02-25-2026-1pt9,LOW,0.6-0.8,4,0.655,2026-02-25T11:00:00Z,2026-02-24,2026-02-25,11,-0.09640409855378217,"CAR[-5,5]",-5,5
1367587,LOW,low-quarterly-earnings-gaap-eps-02-25-2026-1pt9,LOW,0.6-0.8,4,0.655,2026-02-25T11:00:00Z,2026-02-24,2026-02-25,1,-0.06162408228373947,AR[0],0,0
1367587,LOW,low-quarterly-earnings-gaap-eps-02-25-2026-1pt9,LOW,0.6-0.8,4,0.655,2026-02-25T11:00:00Z,2026-02-24,2026-02-25,2,-0.05460667628073254,"CAR[0,1]",0,1
1367587,LOW,low-quarterly-earnings-gaap-eps-02-25-2026-1pt9,LOW,0.6-0.8,4,0.655,2026-02-25T11:00:00Z,2026-02-24,2026-02-25,4,-0.08207239213325174,"CAR[0,3]",0,3
1367587,LOW,low-quarterly-earnings-gaap-eps-02-25-2026-1pt9,LOW,0.6-0.8,4,0.655,2026-02-25T11:00:00Z,2026-02-24,2026-02-25,6,-0.0778769694992374,"CAR[0,5]",0,5
1369192,IART,iart-quarterly-earnings-nongaap-eps-02-26-2026-0pt8,IART.N,0.6-0.8,4,0.765,2026-02-26T11:00:00Z,2026-02-25,2026-02-26,11,-0.1562167667961552,"CAR[-5,5]",-5,5
1369192,IART,iart-quarterly-earnings-nongaap-eps-02-26-2026-0pt8,IART.N,0.6-0.8,4,0.765,2026-02-26T11:00:00Z,2026-02-25,2026-02-26,1,-0.005983048548691814,AR[0],0,0
1369192,IART,iart-quarterly-earnings-nongaap-eps-02-26-2026-0pt8,IART.N,0.6-0.8,4,0.765,2026-02-26T11:00:00Z,2026-02-25,2026-02-26,2,0.008940916839477741,"CAR[0,1]",0,1
1369192,IART,iart-quarterly-earnings-nongaap-eps-02-26-2026-0pt8,IART.N,0.6-0.8,4,0.765,2026-02-26T11:00:00Z,2026-02-25,2026-02-26,4,-0.03676602597218771,"CAR[0,3]",0,3
1369192,IART,iart-quarterly-earnings-nongaap-eps-02-26-2026-0pt8,IART.N,0.6-0.8,4,0.765,2026-02-26T11:00:00Z,2026-02-25,2026-02-26,6,-0.10572466585040276,"CAR[0,5]",0,5
1369194,TTD,ttd-quarterly-earnings-nongaap-eps-02-25-2026-0pt58,TTD.N,0.6-0.8,4,0.77,2026-02-25T21:01:00Z,2026-02-25,2026-02-26,11,0.2242797930721213,"CAR[-5,5]",-5,5
1369194,TTD,ttd-quarterly-earnings-nongaap-eps-02-25-2026-0pt58,TTD.N,0.6-0.8,4,0.77,2026-02-25T21:01:00Z,2026-02-25,2026-02-26,1,-0.041771084250276196,AR[0],0,0
1369194,TTD,ttd-quarterly-earnings-nongaap-eps-02-25-2026-0pt58,TTD.N,0.6-0.8,4,0.77,2026-02-25T21:01:00Z,2026-02-25,2026-02-26,2,-0.03971569577749509,"CAR[0,1]",0,1
1369194,TTD,ttd-quarterly-earnings-nongaap-eps-02-25-2026-0pt58,TTD.N,0.6-0.8,4,0.77,2026-02-25T21:01:00Z,2026-02-25,2026-02-26,4,0.024072360511725975,"CAR[0,3]",0,3
1369194,TTD,ttd-quarterly-earnings-nongaap-eps-02-25-2026-0pt58,TTD.N,0.6-0.8,4,0.77,2026-02-25T21:01:00Z,2026-02-25,2026-02-26,6,0.2216195708497152,"CAR[0,5]",0,5
1369645,RKLB,rklb-quarterly-earnings-gaap-eps-02-26-2026-neg0pt1,RKLB.N,0.6-0.8,4,0.745,2026-02-26T21:05:06Z,2026-02-26,2026-02-27,11,-0.09602046996040503,"CAR[-5,5]",-5,5
1369645,RKLB,rklb-quarterly-earnings-gaap-eps-02-26-2026-neg0pt1,RKLB.N,0.6-0.8,4,0.745,2026-02-26T21:05:06Z,2026-02-26,2026-02-27,1,-0.03900821486877235,AR[0],0,0
1369645,RKLB,rklb-quarterly-earnings-gaap-eps-02-26-2026-neg0pt1,RKLB.N,0.6-0.8,4,0.745,2026-02-26T21:05:06Z,2026-02-26,2026-02-27,2,-0.021132949746413467,"CAR[0,1]",0,1
1369645,RKLB,rklb-quarterly-earnings-gaap-eps-02-26-2026-neg0pt1,RKLB.N,0.6-0.8,4,0.745,2026-02-26T21:05:06Z,2026-02-26,2026-02-27,4,-0.01568379700456946,"CAR[0,3]",0,3
1369645,RKLB,rklb-quarterly-earnings-gaap-eps-02-26-2026-neg0pt1,RKLB.N,0.6-0.8,4,0.745,2026-02-26T21:05:06Z,2026-02-26,2026-02-27,6,0.00190219085795967,"CAR[0,5]",0,5
1369669,REAL,real-quarterly-earnings-nongaap-eps-02-26-2026-0pt04,REAL.N,0.6-0.8,4,0.7000000000000001,2026-02-26T21:03:00Z,2026-02-26,2026-02-27,11,-0.0030178339089361184,"CAR[-5,5]",-5,5
1369669,REAL,real-quarterly-earnings-nongaap-eps-02-26-2026-0pt04,REAL.N,0.6-0.8,4,0.7000000000000001,2026-02-26T21:03:00Z,2026-02-26,2026-02-27,1,-0.011260030754030273,AR[0],0,0
1369669,REAL,real-quarterly-earnings-nongaap-eps-02-26-2026-0pt04,REAL.N,0.6-0.8,4,0.7000000000000001,2026-02-26T21:03:00Z,2026-02-26,2026-02-27,2,-0.049915240943733376,"CAR[0,1]",0,1
1369669,REAL,real-quarterly-earnings-nongaap-eps-02-26-2026-0pt04,REAL.N,0.6-0.8,4,0.7000000000000001,2026-02-26T21:03:00Z,2026-02-26,2026-02-27,4,-0.034561291894832584,"CAR[0,3]",0,3
1369669,REAL,real-quarterly-earnings-nongaap-eps-02-26-2026-0pt04,REAL.N,0.6-0.8,4,0.7000000000000001,2026-02-26T21:03:00Z,2026-02-26,2026-02-27,6,-0.05982903961997291,"CAR[0,5]",0,5
1369670,SHAK,shak-quarterly-earnings-nongaap-eps-02-26-2026-0pt35,SHAK.N,0.6-0.8,4,0.64,2026-02-26T12:00:01Z,2026-02-25,2026-02-26,11,0.07969123640892808,"CAR[-5,5]",-5,5
1369670,SHAK,shak-quarterly-earnings-nongaap-eps-02-26-2026-0pt35,SHAK.N,0.6-0.8,4,0.64,2026-02-26T12:00:01Z,2026-02-25,2026-02-26,1,0.08147553238683322,AR[0],0,0
1369670,SHAK,shak-quarterly-earnings-nongaap-eps-02-26-2026-0pt35,SHAK.N,0.6-0.8,4,0.64,2026-02-26T12:00:01Z,2026-02-25,2026-02-26,2,0.06477077378601774,"CAR[0,1]",0,1
1369670,SHAK,shak-quarterly-earnings-nongaap-eps-02-26-2026-0pt35,SHAK.N,0.6-0.8,4,0.64,2026-02-26T12:00:01Z,2026-02-25,2026-02-26,4,0.0855300771156539,"CAR[0,3]",0,3
1369670,SHAK,shak-quarterly-earnings-nongaap-eps-02-26-2026-0pt35,SHAK.N,0.6-0.8,4,0.64,2026-02-26T12:00:01Z,2026-02-25,2026-02-26,6,0.09689326272879291,"CAR[0,5]",0,5
1369672,PZZA,pzza-quarterly-earnings-nongaap-eps-02-26-2026-0pt33,PZZA.N,0.6-0.8,4,0.62,2026-02-26T12:00:01Z,2026-02-25,2026-02-26,11,-0.010210093742011227,"CAR[-5,5]",-5,5
1369672,PZZA,pzza-quarterly-earnings-nongaap-eps-02-26-2026-0pt33,PZZA.N,0.6-0.8,4,0.62,2026-02-26T12:00:01Z,2026-02-25,2026-02-26,1,-0.07692724641576297,AR[0],0,0
1369672,PZZA,pzza-quarterly-earnings-nongaap-eps-02-26-2026-0pt33,PZZA.N,0.6-0.8,4,0.62,2026-02-26T12:00:01Z,2026-02-25,2026-02-26,2,-0.05650505165594011,"CAR[0,1]",0,1
1369672,PZZA,pzza-quarterly-earnings-nongaap-eps-02-26-2026-0pt33,PZZA.N,0.6-0.8,4,0.62,2026-02-26T12:00:01Z,2026-02-25,2026-02-26,4,-0.02157394676771287,"CAR[0,3]",0,3
1369672,PZZA,pzza-quarterly-earnings-nongaap-eps-02-26-2026-0pt33,PZZA.N,0.6-0.8,4,0.62,2026-02-26T12:00:01Z,2026-02-25,2026-02-26,6,-0.04893185014605125,"CAR[0,5]",0,5
1386906,BYND,bynd-quarterly-earnings-gaap-eps-02-25-2026-neg0pt08,BYND.OQ,0.6-0.8,4,0.735,2026-03-31T20:00:00Z,2026-03-31,2026-04-01,11,-0.1877497637817266,"CAR[-5,5]",-5,5
1386906,BYND,bynd-quarterly-earnings-gaap-eps-02-25-2026-neg0pt08,BYND.OQ,0.6-0.8,4,0.735,2026-03-31T20:00:00Z,2026-03-31,2026-04-01,1,-0.12973203992271376,AR[0],0,0
1386906,BYND,bynd-quarterly-earnings-gaap-eps-02-25-2026-neg0pt08,BYND.OQ,0.6-0.8,4,0.735,2026-03-31T20:00:00Z,2026-03-31,2026-04-01,2,-0.17304450061815,"CAR[0,1]",0,1
1386906,BYND,bynd-quarterly-earnings-gaap-eps-02-25-2026-neg0pt08,BYND.OQ,0.6-0.8,4,0.735,2026-03-31T20:00:00Z,2026-03-31,2026-04-01,4,-0.20633473960305662,"CAR[0,3]",0,3
1386906,BYND,bynd-quarterly-earnings-gaap-eps-02-25-2026-neg0pt08,BYND.OQ,0.6-0.8,4,0.735,2026-03-31T20:00:00Z,2026-03-31,2026-04-01,6,-0.23492452283263654,"CAR[0,5]",0,5
1387000,URBN,urbn-quarterly-earnings-gaap-eps-02-25-2026-1pt25,URBN.N,0.6-0.8,4,0.72,2026-02-25T21:05:07Z,2026-02-25,2026-02-26,11,-0.05470643597481259,"CAR[-5,5]",-5,5
1387000,URBN,urbn-quarterly-earnings-gaap-eps-02-25-2026-1pt25,URBN.N,0.6-0.8,4,0.72,2026-02-25T21:05:07Z,2026-02-25,2026-02-26,1,0.0606028638840506,AR[0],0,0
1387000,URBN,urbn-quarterly-earnings-gaap-eps-02-25-2026-1pt25,URBN.N,0.6-0.8,4,0.72,2026-02-25T21:05:07Z,2026-02-25,2026-02-26,2,0.02676976523141325,"CAR[0,1]",0,1
1387000,URBN,urbn-quarterly-earnings-gaap-eps-02-25-2026-1pt25,URBN.N,0.6-0.8,4,0.72,2026-02-25T21:05:07Z,2026-02-25,2026-02-26,4,0.030741982724700936,"CAR[0,3]",0,3
1387000,URBN,urbn-quarterly-earnings-gaap-eps-02-25-2026-1pt25,URBN.N,0.6-0.8,4,0.72,2026-02-25T21:05:07Z,2026-02-25,2026-02-26,6,0.02547370689787063,"CAR[0,5]",0,5
1399734,BBY,bby-quarterly-earnings-nongaap-eps-03-03-2026-2pt47,BBY,0.6-0.8,4,0.735,2026-03-03T12:00:01Z,2026-03-02,2026-03-03,11,0.06194780186420525,"CAR[-5,5]",-5,5
1399734,BBY,bby-quarterly-earnings-nongaap-eps-03-03-2026-2pt47,BBY,0.6-0.8,4,0.735,2026-03-03T12:00:01Z,2026-03-02,2026-03-03,1,0.08657655722847091,AR[0],0,0
1399734,BBY,bby-quarterly-earnings-nongaap-eps-03-03-2026-2pt47,BBY,0.6-0.8,4,0.735,2026-03-03T12:00:01Z,2026-03-02,2026-03-03,2,0.0976601186198228,"CAR[0,1]",0,1
1399734,BBY,bby-quarterly-earnings-nongaap-eps-03-03-2026-2pt47,BBY,0.6-0.8,4,0.735,2026-03-03T12:00:01Z,2026-03-02,2026-03-03,4,0.11918820281974435,"CAR[0,3]",0,3
1399734,BBY,bby-quarterly-earnings-nongaap-eps-03-03-2026-2pt47,BBY,0.6-0.8,4,0.735,2026-03-03T12:00:01Z,2026-03-02,2026-03-03,6,0.08371646426509696,"CAR[0,5]",0,5
1403494,BBWI,bbwi-quarterly-earnings-nongaap-eps-03-04-2026-1pt75,BBWI.N,0.6-0.8,4,0.72,2026-03-04T11:55:00Z,2026-03-03,2026-03-04,11,-0.07817257228930112,"CAR[-5,5]",-5,5
1403494,BBWI,bbwi-quarterly-earnings-nongaap-eps-03-04-2026-1pt75,BBWI.N,0.6-0.8,4,0.72,2026-03-04T11:55:00Z,2026-03-03,2026-03-04,1,0.01445957033223659,AR[0],0,0
1403494,BBWI,bbwi-quarterly-earnings-nongaap-eps-03-04-2026-1pt75,BBWI.N,0.6-0.8,4,0.72,2026-03-04T11:55:00Z,2026-03-03,2026-03-04,2,-0.0034179244192858657,"CAR[0,1]",0,1
1403494,BBWI,bbwi-quarterly-earnings-nongaap-eps-03-04-2026-1pt75,BBWI.N,0.6-0.8,4,0.72,2026-03-04T11:55:00Z,2026-03-03,2026-03-04,4,-0.015715755844486777,"CAR[0,3]",0,3
1403494,BBWI,bbwi-quarterly-earnings-nongaap-eps-03-04-2026-1pt75,BBWI.N,0.6-0.8,4,0.72,2026-03-04T11:55:00Z,2026-03-03,2026-03-04,6,-0.07795241875281936,"CAR[0,5]",0,5
1403526,ANF,anf-quarterly-earnings-gaap-eps-03-04-2026-3pt58,ANF,0.6-0.8,4,0.745,2026-03-04T12:30:00Z,2026-03-03,2026-03-04,11,-0.0622896963057091,"CAR[-5,5]",-5,5
1403526,ANF,anf-quarterly-earnings-gaap-eps-03-04-2026-3pt58,ANF,0.6-0.8,4,0.745,2026-03-04T12:30:00Z,2026-03-03,2026-03-04,1,-0.05068527682801077,AR[0],0,0
1403526,ANF,anf-quarterly-earnings-gaap-eps-03-04-2026-3pt58,ANF,0.6-0.8,4,0.745,2026-03-04T12:30:00Z,2026-03-03,2026-03-04,2,-0.1176395177516313,"CAR[0,1]",0,1
1403526,ANF,anf-quarterly-earnings-gaap-eps-03-04-2026-3pt58,ANF,0.6-0.8,4,0.745,2026-03-04T12:30:00Z,2026-03-03,2026-03-04,4,-0.1345790308362224,"CAR[0,3]",0,3
1403526,ANF,anf-quarterly-earnings-gaap-eps-03-04-2026-3pt58,ANF,0.6-0.8,4,0.745,2026-03-04T12:30:00Z,2026-03-03,2026-03-04,6,-0.11983826802387576,"CAR[0,5]",0,5
1403851,FLUT,flut-quarterly-earnings-nongaap-eps-02-26-2026-1pt61,FLUT.N,0.6-0.8,4,0.605,2026-02-26T21:05:08Z,2026-02-26,2026-02-27,11,-0.017851613475880372,"CAR[-5,5]",-5,5
1403851,FLUT,flut-quarterly-earnings-nongaap-eps-02-26-2026-1pt61,FLUT.N,0.6-0.8,4,0.605,2026-02-26T21:05:08Z,2026-02-26,2026-02-27,1,-0.1300936882444239,AR[0],0,0
1403851,FLUT,flut-quarterly-earnings-nongaap-eps-02-26-2026-1pt61,FLUT.N,0.6-0.8,4,0.605,2026-02-26T21:05:08Z,2026-02-26,2026-02-27,2,-0.12812404679839684,"CAR[0,1]",0,1
1403851,FLUT,flut-quarterly-earnings-nongaap-eps-02-26-2026-1pt61,FLUT.N,0.6-0.8,4,0.605,2026-02-26T21:05:08Z,2026-02-26,2026-02-27,4,-0.0586045462345278,"CAR[0,3]",0,3
1403851,FLUT,flut-quarterly-earnings-nongaap-eps-02-26-2026-1pt61,FLUT.N,0.6-0.8,4,0.605,2026-02-26T21:05:08Z,2026-02-26,2026-02-27,6,-0.03471885328358299,"CAR[0,5]",0,5
1404417,SWBI,swbi-quarterly-earnings-nongaap-eps-03-05-2026-0pt05,SWBI.N,0.6-0.8,4,0.72,2026-03-05T21:05:48Z,2026-03-05,2026-03-06,11,0.19485275874218935,"CAR[-5,5]",-5,5
1404417,SWBI,swbi-quarterly-earnings-nongaap-eps-03-05-2026-0pt05,SWBI.N,0.6-0.8,4,0.72,2026-03-05T21:05:48Z,2026-03-05,2026-03-06,1,0.19703867788452178,AR[0],0,0
1404417,SWBI,swbi-quarterly-earnings-nongaap-eps-03-05-2026-0pt05,SWBI.N,0.6-0.8,4,0.72,2026-03-05T21:05:48Z,2026-03-05,2026-03-06,2,0.20585520459919382,"CAR[0,1]",0,1
1404417,SWBI,swbi-quarterly-earnings-nongaap-eps-03-05-2026-0pt05,SWBI.N,0.6-0.8,4,0.72,2026-03-05T21:05:48Z,2026-03-05,2026-03-06,4,0.1919250323366299,"CAR[0,3]",0,3
1404417,SWBI,swbi-quarterly-earnings-nongaap-eps-03-05-2026-0pt05,SWBI.N,0.6-0.8,4,0.72,2026-03-05T21:05:48Z,2026-03-05,2026-03-06,6,0.1954755861989767,"CAR[0,5]",0,5
1421540,KSS,kss-quarterly-earnings-gaap-eps-03-10-2026-0pt72,KSS,0.6-0.8,4,0.74,2026-03-10T11:00:00Z,2026-03-09,2026-03-10,11,-0.18436827405852668,"CAR[-5,5]",-5,5
1421540,KSS,kss-quarterly-earnings-gaap-eps-03-10-2026-0pt72,KSS,0.6-0.8,4,0.74,2026-03-10T11:00:00Z,2026-03-09,2026-03-10,1,-0.014028350906560816,AR[0],0,0
1421540,KSS,kss-quarterly-earnings-gaap-eps-03-10-2026-0pt72,KSS,0.6-0.8,4,0.74,2026-03-10T11:00:00Z,2026-03-09,2026-03-10,2,-0.07066076641232256,"CAR[0,1]",0,1
1421540,KSS,kss-quarterly-earnings-gaap-eps-03-10-2026-0pt72,KSS,0.6-0.8,4,0.74,2026-03-10T11:00:00Z,2026-03-09,2026-03-10,4,-0.07039455274123946,"CAR[0,3]",0,3
1421540,KSS,kss-quarterly-earnings-gaap-eps-03-10-2026-0pt72,KSS,0.6-0.8,4,0.74,2026-03-10T11:00:00Z,2026-03-09,2026-03-10,6,-0.14896086858597762,"CAR[0,5]",0,5
1421676,ORCL,orcl-quarterly-earnings-nongaap-eps-03-09-2026-1pt71,ORCL.N,0.6-0.8,4,0.79,2026-03-10T20:05:00Z,2026-03-10,2026-03-11,11,0.10731894129960112,"CAR[-5,5]",-5,5
1421676,ORCL,orcl-quarterly-earnings-nongaap-eps-03-09-2026-1pt71,ORCL.N,0.6-0.8,4,0.79,2026-03-10T20:05:00Z,2026-03-10,2026-03-11,1,0.09587984067721185,AR[0],0,0
1421676,ORCL,orcl-quarterly-earnings-nongaap-eps-03-09-2026-1pt71,ORCL.N,0.6-0.8,4,0.79,2026-03-10T20:05:00Z,2026-03-10,2026-03-11,2,0.09982031678754415,"CAR[0,1]",0,1
1421676,ORCL,orcl-quarterly-earnings-nongaap-eps-03-09-2026-1pt71,ORCL.N,0.6-0.8,4,0.79,2026-03-10T20:05:00Z,2026-03-10,2026-03-11,4,0.07835715004770949,"CAR[0,3]",0,3
1421676,ORCL,orcl-quarterly-earnings-nongaap-eps-03-09-2026-1pt71,ORCL.N,0.6-0.8,4,0.79,2026-03-10T20:05:00Z,2026-03-10,2026-03-11,6,0.08252402372426382,"CAR[0,5]",0,5
1428532,CBRL,cbrl-quarterly-earnings-nongaap-eps-03-04-2026-neg0pt3,CBRL.N,0.6-0.8,4,0.635,2026-03-04T21:05:00Z,2026-03-04,2026-03-05,11,-0.026459110376994912,"CAR[-5,5]",-5,5
1428532,CBRL,cbrl-quarterly-earnings-nongaap-eps-03-04-2026-neg0pt3,CBRL.N,0.6-0.8,4,0.635,2026-03-04T21:05:00Z,2026-03-04,2026-03-05,1,0.02361761813346345,AR[0],0,0
1428532,CBRL,cbrl-quarterly-earnings-nongaap-eps-03-04-2026-neg0pt3,CBRL.N,0.6-0.8,4,0.635,2026-03-04T21:05:00Z,2026-03-04,2026-03-05,2,-0.007941879883406923,"CAR[0,1]",0,1
1428532,CBRL,cbrl-quarterly-earnings-nongaap-eps-03-04-2026-neg0pt3,CBRL.N,0.6-0.8,4,0.635,2026-03-04T21:05:00Z,2026-03-04,2026-03-05,4,-0.0479563410258024,"CAR[0,3]",0,3
1428532,CBRL,cbrl-quarterly-earnings-nongaap-eps-03-04-2026-neg0pt3,CBRL.N,0.6-0.8,4,0.635,2026-03-04T21:05:00Z,2026-03-04,2026-03-05,6,-0.0444007400647834,"CAR[0,5]",0,5
1494785,ASO,aso-quarterly-earnings-nongaap-eps-03-17-2026-2pt05,ASO.N,0.6-0.8,4,0.7645000000000001,2026-03-17T12:00:04Z,2026-03-16,2026-03-17,11,-0.02042173517126709,"CAR[-5,5]",-5,5
1494785,ASO,aso-quarterly-earnings-nongaap-eps-03-17-2026-2pt05,ASO.N,0.6-0.8,4,0.7645000000000001,2026-03-17T12:00:04Z,2026-03-16,2026-03-17,1,-0.11939714065601964,AR[0],0,0
1494785,ASO,aso-quarterly-earnings-nongaap-eps-03-17-2026-2pt05,ASO.N,0.6-0.8,4,0.7645000000000001,2026-03-17T12:00:04Z,2026-03-16,2026-03-17,2,-0.07757319078551388,"CAR[0,1]",0,1
1494785,ASO,aso-quarterly-earnings-nongaap-eps-03-17-2026-2pt05,ASO.N,0.6-0.8,4,0.7645000000000001,2026-03-17T12:00:04Z,2026-03-16,2026-03-17,4,-0.019858006927763,"CAR[0,3]",0,3
1494785,ASO,aso-quarterly-earnings-nongaap-eps-03-17-2026-2pt05,ASO.N,0.6-0.8,4,0.7645000000000001,2026-03-17T12:00:04Z,2026-03-16,2026-03-17,6,-0.001370672539647507,"CAR[0,5]",0,5
1545610,PDD,pdd-quarterly-earnings-nongaap-eps-03-19-2026-3pt06,PDD.OQ,0.6-0.8,4,0.72,2026-03-25T12:30:00Z,2026-03-24,2026-03-25,11,0.017297246999082798,"CAR[-5,5]",-5,5
1545610,PDD,pdd-quarterly-earnings-nongaap-eps-03-19-2026-3pt06,PDD.OQ,0.6-0.8,4,0.72,2026-03-25T12:30:00Z,2026-03-24,2026-03-25,1,0.03968764368399883,AR[0],0,0
1545610,PDD,pdd-quarterly-earnings-nongaap-eps-03-19-2026-3pt06,PDD.OQ,0.6-0.8,4,0.72,2026-03-25T12:30:00Z,2026-03-24,2026-03-25,2,0.045166903288537945,"CAR[0,1]",0,1
1545610,PDD,pdd-quarterly-earnings-nongaap-eps-03-19-2026-3pt06,PDD.OQ,0.6-0.8,4,0.72,2026-03-25T12:30:00Z,2026-03-24,2026-03-25,4,0.05356132705301834,"CAR[0,3]",0,3
1545610,PDD,pdd-quarterly-earnings-nongaap-eps-03-19-2026-3pt06,PDD.OQ,0.6-0.8,4,0.72,2026-03-25T12:30:00Z,2026-03-24,2026-03-25,6,0.04018897149088301,"CAR[0,5]",0,5
1562685,BABA,baba-quarterly-earnings-nongaap-eps-03-19-2026-1pt59,BABA.N,0.6-0.8,4,0.795,2026-03-19T09:30:00Z,2026-03-18,2026-03-19,11,-0.05245765186655485,"CAR[-5,5]",-5,5
1562685,BABA,baba-quarterly-earnings-nongaap-eps-03-19-2026-1pt59,BABA.N,0.6-0.8,4,0.795,2026-03-19T09:30:00Z,2026-03-18,2026-03-19,1,-0.07004196883449265,AR[0],0,0
1562685,BABA,baba-quarterly-earnings-nongaap-eps-03-19-2026-1pt59,BABA.N,0.6-0.8,4,0.795,2026-03-19T09:30:00Z,2026-03-18,2026-03-19,2,-0.0746674198775838,"CAR[0,1]",0,1
1562685,BABA,baba-quarterly-earnings-nongaap-eps-03-19-2026-1pt59,BABA.N,0.6-0.8,4,0.795,2026-03-19T09:30:00Z,2026-03-18,2026-03-19,4,-0.06316700867257631,"CAR[0,3]",0,3
1562685,BABA,baba-quarterly-earnings-nongaap-eps-03-19-2026-1pt59,BABA.N,0.6-0.8,4,0.795,2026-03-19T09:30:00Z,2026-03-18,2026-03-19,6,-0.053249166041584084,"CAR[0,5]",0,5
1576482,NMAX,nmax-quarterly-earnings-gaap-eps-03-26-2026-neg0pt09,NMAX.N,0.6-0.8,4,0.655,2026-03-26T20:00:00Z,2026-03-26,2026-03-27,11,-0.12728780503431622,"CAR[-5,5]",-5,5
1576482,NMAX,nmax-quarterly-earnings-gaap-eps-03-26-2026-neg0pt09,NMAX.N,0.6-0.8,4,0.655,2026-03-26T20:00:00Z,2026-03-26,2026-03-27,1,0.020010758038938425,AR[0],0,0
1576482,NMAX,nmax-quarterly-earnings-gaap-eps-03-26-2026-neg0pt09,NMAX.N,0.6-0.8,4,0.655,2026-03-26T20:00:00Z,2026-03-26,2026-03-27,2,-0.0883692912890601,"CAR[0,1]",0,1
1576482,NMAX,nmax-quarterly-earnings-gaap-eps-03-26-2026-neg0pt09,NMAX.N,0.6-0.8,4,0.655,2026-03-26T20:00:00Z,2026-03-26,2026-03-27,4,-0.07335720318195604,"CAR[0,3]",0,3
1576482,NMAX,nmax-quarterly-earnings-gaap-eps-03-26-2026-neg0pt09,NMAX.N,0.6-0.8,4,0.655,2026-03-26T20:00:00Z,2026-03-26,2026-03-27,6,-0.06978329937059688,"CAR[0,5]",0,5
1651875,FDS,fds-quarterly-earnings-nongaap-eps-03-31-2026-4pt37,FDS,0.6-0.8,4,0.755,2026-03-31T12:30:00Z,2026-03-30,2026-03-31,11,0.1202303642455032,"CAR[-5,5]",-5,5
1651875,FDS,fds-quarterly-earnings-nongaap-eps-03-31-2026-4pt37,FDS,0.6-0.8,4,0.755,2026-03-31T12:30:00Z,2026-03-30,2026-03-31,1,0.05467619407842169,AR[0],0,0
1651875,FDS,fds-quarterly-earnings-nongaap-eps-03-31-2026-4pt37,FDS,0.6-0.8,4,0.755,2026-03-31T12:30:00Z,2026-03-30,2026-03-31,2,0.093568749770845,"CAR[0,1]",0,1
1651875,FDS,fds-quarterly-earnings-nongaap-eps-03-31-2026-4pt37,FDS,0.6-0.8,4,0.755,2026-03-31T12:30:00Z,2026-03-30,2026-03-31,4,0.1291827336402454,"CAR[0,3]",0,3
1651875,FDS,fds-quarterly-earnings-nongaap-eps-03-31-2026-4pt37,FDS,0.6-0.8,4,0.755,2026-03-31T12:30:00Z,2026-03-30,2026-03-31,6,0.09503428531386446,"CAR[0,5]",0,5
1651876,MKC,mkc-quarterly-earnings-nongaap-eps-03-31-2026-0pt61,MKC,0.6-0.8,4,0.665,2026-03-31T10:30:00Z,2026-03-30,2026-03-31,11,-0.038554991147414217,"CAR[-5,5]",-5,5
1651876,MKC,mkc-quarterly-earnings-nongaap-eps-03-31-2026-0pt61,MKC,0.6-0.8,4,0.665,2026-03-31T10:30:00Z,2026-03-30,2026-03-31,1,-0.05133870469197492,AR[0],0,0
1651876,MKC,mkc-quarterly-earnings-nongaap-eps-03-31-2026-0pt61,MKC,0.6-0.8,4,0.665,2026-03-31T10:30:00Z,2026-03-30,2026-03-31,2,-0.08985702659629222,"CAR[0,1]",0,1
1651876,MKC,mkc-quarterly-earnings-nongaap-eps-03-31-2026-0pt61,MKC,0.6-0.8,4,0.665,2026-03-31T10:30:00Z,2026-03-30,2026-03-31,4,-0.0385396193338326,"CAR[0,3]",0,3
1651876,MKC,mkc-quarterly-earnings-nongaap-eps-03-31-2026-0pt61,MKC,0.6-0.8,4,0.665,2026-03-31T10:30:00Z,2026-03-30,2026-03-31,6,-0.03568637323441686,"CAR[0,5]",0,5
1652244,CAG,cag-quarterly-earnings-nongaap-eps-04-01-2026-0pt4,CAG,0.6-0.8,4,0.63,2026-04-01T12:30:00Z,2026-03-31,2026-04-01,11,0.0057182820170323615,"CAR[-5,5]",-5,5
1652244,CAG,cag-quarterly-earnings-nongaap-eps-04-01-2026-0pt4,CAG,0.6-0.8,4,0.63,2026-04-01T12:30:00Z,2026-03-31,2026-04-01,1,-0.011711864535146705,AR[0],0,0
1652244,CAG,cag-quarterly-earnings-nongaap-eps-04-01-2026-0pt4,CAG,0.6-0.8,4,0.63,2026-04-01T12:30:00Z,2026-03-31,2026-04-01,2,0.0012749135597246285,"CAR[0,1]",0,1
1652244,CAG,cag-quarterly-earnings-nongaap-eps-04-01-2026-0pt4,CAG,0.6-0.8,4,0.63,2026-04-01T12:30:00Z,2026-03-31,2026-04-01,4,-0.012642303082176986,"CAR[0,3]",0,3
1652244,CAG,cag-quarterly-earnings-nongaap-eps-04-01-2026-0pt4,CAG,0.6-0.8,4,0.63,2026-04-01T12:30:00Z,2026-03-31,2026-04-01,6,-0.004189290079232859,"CAR[0,5]",0,5
1652246,MSM,msm-quarterly-earnings-nongaap-eps-04-01-2026-0pt84,MSM,0.6-0.8,4,0.7195,2026-04-01T12:30:00Z,2026-03-31,2026-04-01,11,0.03428494361683851,"CAR[-5,5]",-5,5
1652246,MSM,msm-quarterly-earnings-nongaap-eps-04-01-2026-0pt84,MSM,0.6-0.8,4,0.7195,2026-04-01T12:30:00Z,2026-03-31,2026-04-01,1,-0.012454028545993869,AR[0],0,0
1652246,MSM,msm-quarterly-earnings-nongaap-eps-04-01-2026-0pt84,MSM,0.6-0.8,4,0.7195,2026-04-01T12:30:00Z,2026-03-31,2026-04-01,2,-0.02685574395567623,"CAR[0,1]",0,1
1652246,MSM,msm-quarterly-earnings-nongaap-eps-04-01-2026-0pt84,MSM,0.6-0.8,4,0.7195,2026-04-01T12:30:00Z,2026-03-31,2026-04-01,4,-0.026265273190846233,"CAR[0,3]",0,3
1652246,MSM,msm-quarterly-earnings-nongaap-eps-04-01-2026-0pt84,MSM,0.6-0.8,4,0.7195,2026-04-01T12:30:00Z,2026-03-31,2026-04-01,6,0.013570309171161912,"CAR[0,5]",0,5
598104,GIS,will-gis-beat-earnings-estimate-2025-09-17-0pt82,GIS,0.6-0.8,4,0.73,2025-09-17T11:00:01Z,2025-09-16,2025-09-17,11,0.02639666963368478,"CAR[-5,5]",-5,5
598104,GIS,will-gis-beat-earnings-estimate-2025-09-17-0pt82,GIS,0.6-0.8,4,0.73,2025-09-17T11:00:01Z,2025-09-16,2025-09-17,1,-0.006348397108911965,AR[0],0,0
598104,GIS,will-gis-beat-earnings-estimate-2025-09-17-0pt82,GIS,0.6-0.8,4,0.73,2025-09-17T11:00:01Z,2025-09-16,2025-09-17,2,0.00785943407490033,"CAR[0,1]",0,1
598104,GIS,will-gis-beat-earnings-estimate-2025-09-17-0pt82,GIS,0.6-0.8,4,0.73,2025-09-17T11:00:01Z,2025-09-16,2025-09-17,4,0.013533342780705629,"CAR[0,3]",0,3
598104,GIS,will-gis-beat-earnings-estimate-2025-09-17-0pt82,GIS,0.6-0.8,4,0.73,2025-09-17T11:00:01Z,2025-09-16,2025-09-17,6,0.037653418389633084,"CAR[0,5]",0,5
598105,FDS,will-fds-beat-earnings-estimate-2025-09-18-4pt15,FDS,0.6-0.8,4,0.715,2025-09-18T10:00:00Z,2025-09-17,2025-09-18,11,-0.22500391126433783,"CAR[-5,5]",-5,5
598105,FDS,will-fds-beat-earnings-estimate-2025-09-18-4pt15,FDS,0.6-0.8,4,0.715,2025-09-18T10:00:00Z,2025-09-17,2025-09-18,1,-0.10525820329541384,AR[0],0,0
598105,FDS,will-fds-beat-earnings-estimate-2025-09-18-4pt15,FDS,0.6-0.8,4,0.715,2025-09-18T10:00:00Z,2025-09-17,2025-09-18,2,-0.14709135224979752,"CAR[0,1]",0,1
598105,FDS,will-fds-beat-earnings-estimate-2025-09-18-4pt15,FDS,0.6-0.8,4,0.715,2025-09-18T10:00:00Z,2025-09-17,2025-09-18,4,-0.14562078387654692,"CAR[0,3]",0,3
598105,FDS,will-fds-beat-earnings-estimate-2025-09-18-4pt15,FDS,0.6-0.8,4,0.715,2025-09-18T10:00:00Z,2025-09-17,2025-09-18,6,-0.15365346238464359,"CAR[0,5]",0,5
598106,FDX,will-fdx-beat-earnings-estimate-2025-09-18-3pt62,FDX,0.6-0.8,4,0.705,2025-09-18T20:02:00Z,2025-09-18,2025-09-19,11,0.05058097869327049,"CAR[-5,5]",-5,5
598106,FDX,will-fdx-beat-earnings-estimate-2025-09-18-3pt62,FDX,0.6-0.8,4,0.705,2025-09-18T20:02:00Z,2025-09-18,2025-09-19,1,0.019702476838374783,AR[0],0,0
598106,FDX,will-fdx-beat-earnings-estimate-2025-09-18-3pt62,FDX,0.6-0.8,4,0.705,2025-09-18T20:02:00Z,2025-09-18,2025-09-19,2,0.009713743571893054,"CAR[0,1]",0,1
598106,FDX,will-fdx-beat-earnings-estimate-2025-09-18-3pt62,FDX,0.6-0.8,4,0.705,2025-09-18T20:02:00Z,2025-09-18,2025-09-19,4,0.038391000138891,"CAR[0,3]",0,3
598106,FDX,will-fdx-beat-earnings-estimate-2025-09-18-3pt62,FDX,0.6-0.8,4,0.705,2025-09-18T20:02:00Z,2025-09-18,2025-09-19,6,0.05851270249375759,"CAR[0,5]",0,5
598110,ACN,will-acn-beat-earnings-estimate-2025-09-25-2pt99,ACN,0.6-0.8,4,0.77,2025-09-25T10:39:00Z,2025-09-24,2025-09-25,11,0.03219242837189087,"CAR[-5,5]",-5,5
598110,ACN,will-acn-beat-earnings-estimate-2025-09-25-2pt99,ACN,0.6-0.8,4,0.77,2025-09-25T10:39:00Z,2025-09-24,2025-09-25,1,-0.02017791066538164,AR[0],0,0
598110,ACN,will-acn-beat-earnings-estimate-2025-09-25-2pt99,ACN,0.6-0.8,4,0.77,2025-09-25T10:39:00Z,2025-09-24,2025-09-25,2,0.005400321400155422,"CAR[0,1]",0,1
598110,ACN,will-acn-beat-earnings-estimate-2025-09-25-2pt99,ACN,0.6-0.8,4,0.77,2025-09-25T10:39:00Z,2025-09-24,2025-09-25,4,0.03763859861708717,"CAR[0,3]",0,3
598110,ACN,will-acn-beat-earnings-estimate-2025-09-25-2pt99,ACN,0.6-0.8,4,0.77,2025-09-25T10:39:00Z,2025-09-24,2025-09-25,6,0.031012613903377152,"CAR[0,5]",0,5
599651,MLKN,will-mlkn-beat-earnings-estimate-2025-09-23-0pt34,MLKN.N,0.6-0.8,4,0.77,2025-09-23T20:00:00Z,2025-09-23,2025-09-24,11,-0.1451785162463199,"CAR[-5,5]",-5,5
599651,MLKN,will-mlkn-beat-earnings-estimate-2025-09-23-0pt34,MLKN.N,0.6-0.8,4,0.77,2025-09-23T20:00:00Z,2025-09-23,2025-09-24,1,-0.10692789052619739,AR[0],0,0
599651,MLKN,will-mlkn-beat-earnings-estimate-2025-09-23-0pt34,MLKN.N,0.6-0.8,4,0.77,2025-09-23T20:00:00Z,2025-09-23,2025-09-24,2,-0.05813342158840839,"CAR[0,1]",0,1
599651,MLKN,will-mlkn-beat-earnings-estimate-2025-09-23-0pt34,MLKN.N,0.6-0.8,4,0.77,2025-09-23T20:00:00Z,2025-09-23,2025-09-24,4,-0.05967177863509629,"CAR[0,3]",0,3
599651,MLKN,will-mlkn-beat-earnings-estimate-2025-09-23-0pt34,MLKN.N,0.6-0.8,4,0.77,2025-09-23T20:00:00Z,2025-09-23,2025-09-24,6,-0.08502637156237146,"CAR[0,5]",0,5
614632,LW,lw-quarterly-earnings-nongaap-eps-2025-09-30-0pt53,LW,0.6-0.8,4,0.685,2025-09-30T12:30:00Z,2025-09-29,2025-09-30,11,0.14424976969781844,"CAR[-5,5]",-5,5
614632,LW,lw-quarterly-earnings-nongaap-eps-2025-09-30-0pt53,LW,0.6-0.8,4,0.685,2025-09-30T12:30:00Z,2025-09-29,2025-09-30,1,0.04193682490587925,AR[0],0,0
614632,LW,lw-quarterly-earnings-nongaap-eps-2025-09-30-0pt53,LW,0.6-0.8,4,0.685,2025-09-30T12:30:00Z,2025-09-29,2025-09-30,2,0.10858711972626833,"CAR[0,1]",0,1
614632,LW,lw-quarterly-earnings-nongaap-eps-2025-09-30-0pt53,LW,0.6-0.8,4,0.685,2025-09-30T12:30:00Z,2025-09-29,2025-09-30,4,0.12388460099752044,"CAR[0,3]",0,3
614632,LW,lw-quarterly-earnings-nongaap-eps-2025-09-30-0pt53,LW,0.6-0.8,4,0.685,2025-09-30T12:30:00Z,2025-09-29,2025-09-30,6,0.13180114502940482,"CAR[0,5]",0,5
614638,OMC,omc-quarterly-earnings-nongaap-eps-2025-10-21-2pt17,OMC,0.6-0.8,4,0.76,2025-10-21T20:03:00Z,2025-10-21,2025-10-22,11,-0.06341432629866443,"CAR[-5,5]",-5,5
614638,OMC,omc-quarterly-earnings-nongaap-eps-2025-10-21-2pt17,OMC,0.6-0.8,4,0.76,2025-10-21T20:03:00Z,2025-10-21,2025-10-22,1,0.03728986152033105,AR[0],0,0
614638,OMC,omc-quarterly-earnings-nongaap-eps-2025-10-21-2pt17,OMC,0.6-0.8,4,0.76,2025-10-21T20:03:00Z,2025-10-21,2025-10-22,2,0.02209113221338022,"CAR[0,1]",0,1
614638,OMC,omc-quarterly-earnings-nongaap-eps-2025-10-21-2pt17,OMC,0.6-0.8,4,0.76,2025-10-21T20:03:00Z,2025-10-21,2025-10-22,4,-0.007354554695925353,"CAR[0,3]",0,3
614638,OMC,omc-quarterly-earnings-nongaap-eps-2025-10-21-2pt17,OMC,0.6-0.8,4,0.76,2025-10-21T20:03:00Z,2025-10-21,2025-10-22,6,-0.05830482098037668,"CAR[0,5]",0,5
619465,BK,bk-quarterly-earnings-gaap-eps-2025-10-16-1pt76,BK,0.6-0.8,4,0.79,2025-10-16T12:30:00Z,2025-10-15,2025-10-16,11,-0.0031004024709984203,"CAR[-5,5]",-5,5
619465,BK,bk-quarterly-earnings-gaap-eps-2025-10-16-1pt76,BK,0.6-0.8,4,0.79,2025-10-16T12:30:00Z,2025-10-15,2025-10-16,1,-0.015463978614738704,AR[0],0,0
619465,BK,bk-quarterly-earnings-gaap-eps-2025-10-16-1pt76,BK,0.6-0.8,4,0.79,2025-10-16T12:30:00Z,2025-10-15,2025-10-16,2,-0.028463132996176466,"CAR[0,1]",0,1
619465,BK,bk-quarterly-earnings-gaap-eps-2025-10-16-1pt76,BK,0.6-0.8,4,0.79,2025-10-16T12:30:00Z,2025-10-15,2025-10-16,4,-0.03079410772914791,"CAR[0,3]",0,3
619465,BK,bk-quarterly-earnings-gaap-eps-2025-10-16-1pt76,BK,0.6-0.8,4,0.79,2025-10-16T12:30:00Z,2025-10-15,2025-10-16,6,-0.036449766960962277,"CAR[0,5]",0,5
619541,STT,stt-quarterly-earnings-gaap-eps-2025-10-17-2pt58,STT,0.6-0.8,4,0.75,2025-10-17T11:30:00Z,2025-10-16,2025-10-17,11,-0.022318943139603857,"CAR[-5,5]",-5,5
619541,STT,stt-quarterly-earnings-gaap-eps-2025-10-17-2pt58,STT,0.6-0.8,4,0.75,2025-10-17T11:30:00Z,2025-10-16,2025-10-17,1,-0.020561451517856686,AR[0],0,0
619541,STT,stt-quarterly-earnings-gaap-eps-2025-10-17-2pt58,STT,0.6-0.8,4,0.75,2025-10-17T11:30:00Z,2025-10-16,2025-10-17,2,0.0018814831563978979,"CAR[0,1]",0,1
619541,STT,stt-quarterly-earnings-gaap-eps-2025-10-17-2pt58,STT,0.6-0.8,4,0.75,2025-10-17T11:30:00Z,2025-10-16,2025-10-17,4,-0.01116336278212043,"CAR[0,3]",0,3
619541,STT,stt-quarterly-earnings-gaap-eps-2025-10-17-2pt58,STT,0.6-0.8,4,0.75,2025-10-17T11:30:00Z,2025-10-16,2025-10-17,6,-0.002506291813296209,"CAR[0,5]",0,5
619549,USB,usb-quarterly-earnings-gaap-eps-2025-10-16-1pt12,USB,0.6-0.8,4,0.705,2025-10-16T10:45:00Z,2025-10-15,2025-10-16,11,0.022690035377743896,"CAR[-5,5]",-5,5
619549,USB,usb-quarterly-earnings-gaap-eps-2025-10-16-1pt12,USB,0.6-0.8,4,0.705,2025-10-16T10:45:00Z,2025-10-15,2025-10-16,1,-0.010214823194457734,AR[0],0,0
619549,USB,usb-quarterly-earnings-gaap-eps-2025-10-16-1pt12,USB,0.6-0.8,4,0.705,2025-10-16T10:45:00Z,2025-10-15,2025-10-16,2,-0.014973404436922811,"CAR[0,1]",0,1
619549,USB,usb-quarterly-earnings-gaap-eps-2025-10-16-1pt12,USB,0.6-0.8,4,0.705,2025-10-16T10:45:00Z,2025-10-15,2025-10-16,4,0.015266436203603408,"CAR[0,3]",0,3
619549,USB,usb-quarterly-earnings-gaap-eps-2025-10-16-1pt12,USB,0.6-0.8,4,0.705,2025-10-16T10:45:00Z,2025-10-15,2025-10-16,6,0.01945679760323001,"CAR[0,5]",0,5
619557,TFC,tfc-quarterly-earnings-nongaap-eps-2025-10-17-0pt99,TFC,0.6-0.8,4,0.635,2025-10-17T12:30:00Z,2025-10-16,2025-10-17,11,-0.002171536677943749,"CAR[-5,5]",-5,5
619557,TFC,tfc-quarterly-earnings-nongaap-eps-2025-10-17-0pt99,TFC,0.6-0.8,4,0.635,2025-10-17T12:30:00Z,2025-10-16,2025-10-17,1,0.031073576054372307,AR[0],0,0
619557,TFC,tfc-quarterly-earnings-nongaap-eps-2025-10-17-0pt99,TFC,0.6-0.8,4,0.635,2025-10-17T12:30:00Z,2025-10-16,2025-10-17,2,0.03897023067462146,"CAR[0,1]",0,1
619557,TFC,tfc-quarterly-earnings-nongaap-eps-2025-10-17-0pt99,TFC,0.6-0.8,4,0.635,2025-10-17T12:30:00Z,2025-10-16,2025-10-17,4,0.04983914997928507,"CAR[0,3]",0,3
619557,TFC,tfc-quarterly-earnings-nongaap-eps-2025-10-17-0pt99,TFC,0.6-0.8,4,0.635,2025-10-17T12:30:00Z,2025-10-16,2025-10-17,6,0.04825142635171809,"CAR[0,5]",0,5
619560,EFX,efx-quarterly-earnings-nongaap-eps-2025-10-21-1pt94,EFX,0.6-0.8,4,0.735,2025-10-21T10:30:00Z,2025-10-20,2025-10-21,11,-0.041444316495796114,"CAR[-5,5]",-5,5
619560,EFX,efx-quarterly-earnings-nongaap-eps-2025-10-21-1pt94,EFX,0.6-0.8,4,0.735,2025-10-21T10:30:00Z,2025-10-20,2025-10-21,1,-0.0049048320902480794,AR[0],0,0
619560,EFX,efx-quarterly-earnings-nongaap-eps-2025-10-21-1pt94,EFX,0.6-0.8,4,0.735,2025-10-21T10:30:00Z,2025-10-20,2025-10-21,2,0.004482743020009906,"CAR[0,1]",0,1
619560,EFX,efx-quarterly-earnings-nongaap-eps-2025-10-21-1pt94,EFX,0.6-0.8,4,0.735,2025-10-21T10:30:00Z,2025-10-20,2025-10-21,4,0.0032317607798115116,"CAR[0,3]",0,3
619560,EFX,efx-quarterly-earnings-nongaap-eps-2025-10-21-1pt94,EFX,0.6-0.8,4,0.735,2025-10-21T10:30:00Z,2025-10-20,2025-10-21,6,-0.0543110566122138,"CAR[0,5]",0,5
620032,NRIX,nrix-quarterly-earnings-gaap-eps-2025-10-9-neg0pt85,NRIX.N,0.6-0.8,4,0.79,2025-10-09T20:01:00Z,2025-10-09,2025-10-10,11,0.16556715146436157,"CAR[-5,5]",-5,5
620032,NRIX,nrix-quarterly-earnings-gaap-eps-2025-10-9-neg0pt85,NRIX.N,0.6-0.8,4,0.79,2025-10-09T20:01:00Z,2025-10-09,2025-10-10,1,-0.05328177341468288,AR[0],0,0
620032,NRIX,nrix-quarterly-earnings-gaap-eps-2025-10-9-neg0pt85,NRIX.N,0.6-0.8,4,0.79,2025-10-09T20:01:00Z,2025-10-09,2025-10-10,2,-0.07497191478364253,"CAR[0,1]",0,1
620032,NRIX,nrix-quarterly-earnings-gaap-eps-2025-10-9-neg0pt85,NRIX.N,0.6-0.8,4,0.79,2025-10-09T20:01:00Z,2025-10-09,2025-10-10,4,0.0017689368516360243,"CAR[0,3]",0,3
620032,NRIX,nrix-quarterly-earnings-gaap-eps-2025-10-9-neg0pt85,NRIX.N,0.6-0.8,4,0.79,2025-10-09T20:01:00Z,2025-10-09,2025-10-10,6,-0.03685085056281145,"CAR[0,5]",0,5
620048,FAST,fast-quarterly-earnings-gaap-eps-2025-10-13-0pt30,FAST.N,0.6-0.8,4,0.755,2025-10-13T11:00:00Z,2025-10-10,2025-10-13,11,-0.1272972169955124,"CAR[-5,5]",-5,5
620048,FAST,fast-quarterly-earnings-gaap-eps-2025-10-13-0pt30,FAST.N,0.6-0.8,4,0.755,2025-10-13T11:00:00Z,2025-10-10,2025-10-13,1,-0.0882498152924443,AR[0],0,0
620048,FAST,fast-quarterly-earnings-gaap-eps-2025-10-13-0pt30,FAST.N,0.6-0.8,4,0.755,2025-10-13T11:00:00Z,2025-10-10,2025-10-13,2,-0.07910046333636885,"CAR[0,1]",0,1
620048,FAST,fast-quarterly-earnings-gaap-eps-2025-10-13-0pt30,FAST.N,0.6-0.8,4,0.755,2025-10-13T11:00:00Z,2025-10-10,2025-10-13,4,-0.09969301316580766,"CAR[0,3]",0,3
620048,FAST,fast-quarterly-earnings-gaap-eps-2025-10-13-0pt30,FAST.N,0.6-0.8,4,0.755,2025-10-13T11:00:00Z,2025-10-10,2025-10-13,6,-0.0904193373485001,"CAR[0,5]",0,5
620052,SFBS,sfbs-quarterly-earnings-nongaap-eps-2025-10-20-1pt34,SFBS.N,0.6-0.8,4,0.78,2025-10-20T20:00:00Z,2025-10-20,2025-10-21,11,-0.11574493185089388,"CAR[-5,5]",-5,5
620052,SFBS,sfbs-quarterly-earnings-nongaap-eps-2025-10-20-1pt34,SFBS.N,0.6-0.8,4,0.78,2025-10-20T20:00:00Z,2025-10-20,2025-10-21,1,-0.06733079554099708,AR[0],0,0
620052,SFBS,sfbs-quarterly-earnings-nongaap-eps-2025-10-20-1pt34,SFBS.N,0.6-0.8,4,0.78,2025-10-20T20:00:00Z,2025-10-20,2025-10-21,2,-0.06442774161048462,"CAR[0,1]",0,1
620052,SFBS,sfbs-quarterly-earnings-nongaap-eps-2025-10-20-1pt34,SFBS.N,0.6-0.8,4,0.78,2025-10-20T20:00:00Z,2025-10-20,2025-10-21,4,-0.07705776012557922,"CAR[0,3]",0,3
620052,SFBS,sfbs-quarterly-earnings-nongaap-eps-2025-10-20-1pt34,SFBS.N,0.6-0.8,4,0.78,2025-10-20T20:00:00Z,2025-10-20,2025-10-21,6,-0.08692886448504408,"CAR[0,5]",0,5
627585,EWBC,ewbc-quarterly-earnings-gaap-eps-10-21-2025-2pt34,EWBC.N,0.6-0.8,4,0.72,2025-10-21T20:05:00Z,2025-10-21,2025-10-22,11,-0.08359034486611475,"CAR[-5,5]",-5,5
627585,EWBC,ewbc-quarterly-earnings-gaap-eps-10-21-2025-2pt34,EWBC.N,0.6-0.8,4,0.72,2025-10-21T20:05:00Z,2025-10-21,2025-10-22,1,0.04116744579135185,AR[0],0,0
627585,EWBC,ewbc-quarterly-earnings-gaap-eps-10-21-2025-2pt34,EWBC.N,0.6-0.8,4,0.72,2025-10-21T20:05:00Z,2025-10-21,2025-10-22,2,0.03078526280225327,"CAR[0,1]",0,1
627585,EWBC,ewbc-quarterly-earnings-gaap-eps-10-21-2025-2pt34,EWBC.N,0.6-0.8,4,0.72,2025-10-21T20:05:00Z,2025-10-21,2025-10-22,4,0.010905964624006942,"CAR[0,3]",0,3
627585,EWBC,ewbc-quarterly-earnings-gaap-eps-10-21-2025-2pt34,EWBC.N,0.6-0.8,4,0.72,2025-10-21T20:05:00Z,2025-10-21,2025-10-22,6,-0.02152459848536558,"CAR[0,5]",0,5
627649,LMT,lmt-quarterly-earnings-gaap-eps-10-21-2025-6pt33,LMT,0.6-0.8,4,0.6900000000000001,2025-10-21T11:29:00Z,2025-10-20,2025-10-21,11,-0.048009026072927216,"CAR[-5,5]",-5,5
627649,LMT,lmt-quarterly-earnings-gaap-eps-10-21-2025-6pt33,LMT,0.6-0.8,4,0.6900000000000001,2025-10-21T11:29:00Z,2025-10-20,2025-10-21,1,-0.03281012099212309,AR[0],0,0
627649,LMT,lmt-quarterly-earnings-gaap-eps-10-21-2025-6pt33,LMT,0.6-0.8,4,0.6900000000000001,2025-10-21T11:29:00Z,2025-10-20,2025-10-21,2,-0.0367655007909653,"CAR[0,1]",0,1
627649,LMT,lmt-quarterly-earnings-gaap-eps-10-21-2025-6pt33,LMT,0.6-0.8,4,0.6900000000000001,2025-10-21T11:29:00Z,2025-10-20,2025-10-21,4,-0.044294335230671965,"CAR[0,3]",0,3
627649,LMT,lmt-quarterly-earnings-gaap-eps-10-21-2025-6pt33,LMT,0.6-0.8,4,0.6900000000000001,2025-10-21T11:29:00Z,2025-10-20,2025-10-21,6,-0.04773182527669746,"CAR[0,5]",0,5
627652,MAT,mat-quarterly-earnings-nongaap-eps-10-21-2025-1pt07,MAT.N,0.6-0.8,4,0.615,2025-10-21T20:05:00Z,2025-10-21,2025-10-22,11,0.0449413511272059,"CAR[-5,5]",-5,5
627652,MAT,mat-quarterly-earnings-nongaap-eps-10-21-2025-1pt07,MAT.N,0.6-0.8,4,0.615,2025-10-21T20:05:00Z,2025-10-21,2025-10-22,1,-0.02054932990397019,AR[0],0,0
627652,MAT,mat-quarterly-earnings-nongaap-eps-10-21-2025-1pt07,MAT.N,0.6-0.8,4,0.615,2025-10-21T20:05:00Z,2025-10-21,2025-10-22,2,0.021870195525912926,"CAR[0,1]",0,1
627652,MAT,mat-quarterly-earnings-nongaap-eps-10-21-2025-1pt07,MAT.N,0.6-0.8,4,0.615,2025-10-21T20:05:00Z,2025-10-21,2025-10-22,4,-0.004813499423908851,"CAR[0,3]",0,3
627652,MAT,mat-quarterly-earnings-nongaap-eps-10-21-2025-1pt07,MAT.N,0.6-0.8,4,0.615,2025-10-21T20:05:00Z,2025-10-21,2025-10-22,6,-0.004923441220274076,"CAR[0,5]",0,5
627657,NOC,noc-quarterly-earnings-gaap-eps-10-21-2025-6pt49,NOC,0.6-0.8,4,0.77,2025-10-21T12:30:00Z,2025-10-20,2025-10-21,11,-0.059546862253001945,"CAR[-5,5]",-5,5
627657,NOC,noc-quarterly-earnings-gaap-eps-10-21-2025-6pt49,NOC,0.6-0.8,4,0.77,2025-10-21T12:30:00Z,2025-10-20,2025-10-21,1,-0.006178011149646385,AR[0],0,0
627657,NOC,noc-quarterly-earnings-gaap-eps-10-21-2025-6pt49,NOC,0.6-0.8,4,0.77,2025-10-21T12:30:00Z,2025-10-20,2025-10-21,2,-0.012470552968403086,"CAR[0,1]",0,1
627657,NOC,noc-quarterly-earnings-gaap-eps-10-21-2025-6pt49,NOC,0.6-0.8,4,0.77,2025-10-21T12:30:00Z,2025-10-20,2025-10-21,4,-0.0014544180567090106,"CAR[0,3]",0,3
627657,NOC,noc-quarterly-earnings-gaap-eps-10-21-2025-6pt49,NOC,0.6-0.8,4,0.77,2025-10-21T12:30:00Z,2025-10-20,2025-10-21,6,-0.023153816168833923,"CAR[0,5]",0,5
627671,MCO,mco-quarterly-earnings-nongaap-eps-10-22-2025-3pt52,MCO,0.6-0.8,4,0.76,2025-10-22T12:30:00Z,2025-10-21,2025-10-22,11,-0.052919560391501155,"CAR[-5,5]",-5,5
627671,MCO,mco-quarterly-earnings-nongaap-eps-10-22-2025-3pt52,MCO,0.6-0.8,4,0.76,2025-10-22T12:30:00Z,2025-10-21,2025-10-22,1,-0.018062620520696914,AR[0],0,0
627671,MCO,mco-quarterly-earnings-nongaap-eps-10-22-2025-3pt52,MCO,0.6-0.8,4,0.76,2025-10-22T12:30:00Z,2025-10-21,2025-10-22,2,-0.010387068436718577,"CAR[0,1]",0,1
627671,MCO,mco-quarterly-earnings-nongaap-eps-10-22-2025-3pt52,MCO,0.6-0.8,4,0.76,2025-10-22T12:30:00Z,2025-10-21,2025-10-22,4,1.6397673644963796e-4,"CAR[0,3]",0,3
627671,MCO,mco-quarterly-earnings-nongaap-eps-10-22-2025-3pt52,MCO,0.6-0.8,4,0.76,2025-10-22T12:30:00Z,2025-10-21,2025-10-22,6,-0.048591646112803866,"CAR[0,5]",0,5
627673,T,t-quarterly-earnings-nongaap-eps-10-22-2025-0pt54,T,0.6-0.8,4,0.745,2025-10-22T10:33:23Z,2025-10-21,2025-10-22,11,-0.05361699601251317,"CAR[-5,5]",-5,5
627673,T,t-quarterly-earnings-nongaap-eps-10-22-2025-0pt54,T,0.6-0.8,4,0.745,2025-10-22T10:33:23Z,2025-10-21,2025-10-22,1,-0.01900600019972223,AR[0],0,0
627673,T,t-quarterly-earnings-nongaap-eps-10-22-2025-0pt54,T,0.6-0.8,4,0.745,2025-10-22T10:33:23Z,2025-10-21,2025-10-22,2,-0.057395384425626056,"CAR[0,1]",0,1
627673,T,t-quarterly-earnings-nongaap-eps-10-22-2025-0pt54,T,0.6-0.8,4,0.745,2025-10-22T10:33:23Z,2025-10-21,2025-10-22,4,-0.0264070621686604,"CAR[0,3]",0,3
627673,T,t-quarterly-earnings-nongaap-eps-10-22-2025-0pt54,T,0.6-0.8,4,0.745,2025-10-22T10:33:23Z,2025-10-21,2025-10-22,6,-0.04368269268866663,"CAR[0,5]",0,5
627735,HLT,hlt-quarterly-earnings-nongaap-eps-10-22-2025-2pt05,HLT,0.6-0.8,4,0.79,2025-10-22T10:00:00Z,2025-10-21,2025-10-22,11,-0.06447259238476458,"CAR[-5,5]",-5,5
627735,HLT,hlt-quarterly-earnings-nongaap-eps-10-22-2025-2pt05,HLT,0.6-0.8,4,0.79,2025-10-22T10:00:00Z,2025-10-21,2025-10-22,1,0.04009693006026184,AR[0],0,0
627735,HLT,hlt-quarterly-earnings-nongaap-eps-10-22-2025-2pt05,HLT,0.6-0.8,4,0.79,2025-10-22T10:00:00Z,2025-10-21,2025-10-22,2,0.0071657861999167155,"CAR[0,1]",0,1
627735,HLT,hlt-quarterly-earnings-nongaap-eps-10-22-2025-2pt05,HLT,0.6-0.8,4,0.79,2025-10-22T10:00:00Z,2025-10-21,2025-10-22,4,-0.018960773757848274,"CAR[0,3]",0,3
627735,HLT,hlt-quarterly-earnings-nongaap-eps-10-22-2025-2pt05,HLT,0.6-0.8,4,0.79,2025-10-22T10:00:00Z,2025-10-21,2025-10-22,6,-0.04279097144988445,"CAR[0,5]",0,5
627736,IBM,ibm-quarterly-earnings-nongaap-eps-10-22-2025-2pt44,IBM,0.6-0.8,4,0.725,2025-10-22T20:08:00Z,2025-10-22,2025-10-23,11,0.09121389036008729,"CAR[-5,5]",-5,5
627736,IBM,ibm-quarterly-earnings-nongaap-eps-10-22-2025-2pt44,IBM,0.6-0.8,4,0.725,2025-10-22T20:08:00Z,2025-10-22,2025-10-23,1,-0.01250460875223725,AR[0],0,0
627736,IBM,ibm-quarterly-earnings-nongaap-eps-10-22-2025-2pt44,IBM,0.6-0.8,4,0.725,2025-10-22T20:08:00Z,2025-10-22,2025-10-23,2,0.06104458286998845,"CAR[0,1]",0,1
627736,IBM,ibm-quarterly-earnings-nongaap-eps-10-22-2025-2pt44,IBM,0.6-0.8,4,0.725,2025-10-22T20:08:00Z,2025-10-22,2025-10-23,4,0.06805643199099988,"CAR[0,3]",0,3
627736,IBM,ibm-quarterly-earnings-nongaap-eps-10-22-2025-2pt44,IBM,0.6-0.8,4,0.725,2025-10-22T20:08:00Z,2025-10-22,2025-10-23,6,0.06800409396054574,"CAR[0,5]",0,5
627739,AAL,aal-quarterly-earnings-nongaap-eps-10-23-2025-neg0pt28,AAL.N,0.6-0.8,4,0.6000000000000001,2025-10-23T11:00:03Z,2025-10-22,2025-10-23,11,0.006319393109601799,"CAR[-5,5]",-5,5
627739,AAL,aal-quarterly-earnings-nongaap-eps-10-23-2025-neg0pt28,AAL.N,0.6-0.8,4,0.6000000000000001,2025-10-23T11:00:03Z,2025-10-22,2025-10-23,1,0.04832874014288902,AR[0],0,0
627739,AAL,aal-quarterly-earnings-nongaap-eps-10-23-2025-neg0pt28,AAL.N,0.6-0.8,4,0.6000000000000001,2025-10-23T11:00:03Z,2025-10-22,2025-10-23,2,0.11401696186041094,"CAR[0,1]",0,1
627739,AAL,aal-quarterly-earnings-nongaap-eps-10-23-2025-neg0pt28,AAL.N,0.6-0.8,4,0.6000000000000001,2025-10-23T11:00:03Z,2025-10-22,2025-10-23,4,0.008788093666451252,"CAR[0,3]",0,3
627739,AAL,aal-quarterly-earnings-nongaap-eps-10-23-2025-neg0pt28,AAL.N,0.6-0.8,4,0.6000000000000001,2025-10-23T11:00:03Z,2025-10-22,2025-10-23,6,0.039063704260554936,"CAR[0,5]",0,5
627749,VZ,vz-quarterly-earnings-gaap-eps-10-29-2025-1pt17,VZ,0.6-0.8,4,0.795,2025-10-29T10:30:00Z,2025-10-28,2025-10-29,11,-0.01723191277527858,"CAR[-5,5]",-5,5
627749,VZ,vz-quarterly-earnings-gaap-eps-10-29-2025-1pt17,VZ,0.6-0.8,4,0.795,2025-10-29T10:30:00Z,2025-10-28,2025-10-29,1,0.022425942757303974,AR[0],0,0
627749,VZ,vz-quarterly-earnings-gaap-eps-10-29-2025-1pt17,VZ,0.6-0.8,4,0.795,2025-10-29T10:30:00Z,2025-10-28,2025-10-29,2,-0.007324261309171444,"CAR[0,1]",0,1
627749,VZ,vz-quarterly-earnings-gaap-eps-10-29-2025-1pt17,VZ,0.6-0.8,4,0.795,2025-10-29T10:30:00Z,2025-10-28,2025-10-29,4,0.004790834122998,"CAR[0,3]",0,3
627749,VZ,vz-quarterly-earnings-gaap-eps-10-29-2025-1pt17,VZ,0.6-0.8,4,0.795,2025-10-29T10:30:00Z,2025-10-28,2025-10-29,6,0.011235896095040953,"CAR[0,5]",0,5
637819,NTRS,ntrs-quarterly-earnings-gaap-eps-10-22-2025-2pt24,NTRS.N,0.6-0.8,4,0.705,2025-10-22T11:21:00Z,2025-10-21,2025-10-22,11,-0.05655577952854292,"CAR[-5,5]",-5,5
637819,NTRS,ntrs-quarterly-earnings-gaap-eps-10-22-2025-2pt24,NTRS.N,0.6-0.8,4,0.705,2025-10-22T11:21:00Z,2025-10-21,2025-10-22,1,-0.017992990572490514,AR[0],0,0
637819,NTRS,ntrs-quarterly-earnings-gaap-eps-10-22-2025-2pt24,NTRS.N,0.6-0.8,4,0.705,2025-10-22T11:21:00Z,2025-10-21,2025-10-22,2,-0.0312265719995358,"CAR[0,1]",0,1
637819,NTRS,ntrs-quarterly-earnings-gaap-eps-10-22-2025-2pt24,NTRS.N,0.6-0.8,4,0.705,2025-10-22T11:21:00Z,2025-10-21,2025-10-22,4,-0.043289455620065295,"CAR[0,3]",0,3
637819,NTRS,ntrs-quarterly-earnings-gaap-eps-10-22-2025-2pt24,NTRS.N,0.6-0.8,4,0.705,2025-10-22T11:21:00Z,2025-10-21,2025-10-22,6,-0.036474188151923305,"CAR[0,5]",0,5
637846,OTIS,otis-quarterly-earnings-nongaap-eps-10-29-2025-1,OTIS.N,0.6-0.8,4,0.705,2025-10-29T10:09:41Z,2025-10-28,2025-10-29,11,-0.010011492775330864,"CAR[-5,5]",-5,5
637846,OTIS,otis-quarterly-earnings-nongaap-eps-10-29-2025-1,OTIS.N,0.6-0.8,4,0.705,2025-10-29T10:09:41Z,2025-10-28,2025-10-29,1,0.023636769226855037,AR[0],0,0
637846,OTIS,otis-quarterly-earnings-nongaap-eps-10-29-2025-1,OTIS.N,0.6-0.8,4,0.705,2025-10-29T10:09:41Z,2025-10-28,2025-10-29,2,0.01961930338546748,"CAR[0,1]",0,1
637846,OTIS,otis-quarterly-earnings-nongaap-eps-10-29-2025-1,OTIS.N,0.6-0.8,4,0.705,2025-10-29T10:09:41Z,2025-10-28,2025-10-29,4,-0.005764321247093938,"CAR[0,3]",0,3
637846,OTIS,otis-quarterly-earnings-nongaap-eps-10-29-2025-1,OTIS.N,0.6-0.8,4,0.705,2025-10-29T10:09:41Z,2025-10-28,2025-10-29,6,0.011554247441230403,"CAR[0,5]",0,5
637864,AB,ab-quarterly-earnings-nongaap-eps-10-23-2025-0pt85,AB,0.6-0.8,4,0.63,2025-10-23T10:20:00Z,2025-10-22,2025-10-23,11,-0.01787159242489472,"CAR[-5,5]",-5,5
637864,AB,ab-quarterly-earnings-nongaap-eps-10-23-2025-0pt85,AB,0.6-0.8,4,0.63,2025-10-23T10:20:00Z,2025-10-22,2025-10-23,1,-0.005470099576410633,AR[0],0,0
637864,AB,ab-quarterly-earnings-nongaap-eps-10-23-2025-0pt85,AB,0.6-0.8,4,0.63,2025-10-23T10:20:00Z,2025-10-22,2025-10-23,2,-0.004091224869749211,"CAR[0,1]",0,1
637864,AB,ab-quarterly-earnings-nongaap-eps-10-23-2025-0pt85,AB,0.6-0.8,4,0.63,2025-10-23T10:20:00Z,2025-10-22,2025-10-23,4,0.004928814909922894,"CAR[0,3]",0,3
637864,AB,ab-quarterly-earnings-nongaap-eps-10-23-2025-0pt85,AB,0.6-0.8,4,0.63,2025-10-23T10:20:00Z,2025-10-22,2025-10-23,6,-0.004047305577805782,"CAR[0,5]",0,5
637865,BX,bx-quarterly-earnings-gaap-eps-10-23-2025-1pt23,BX,0.6-0.8,4,0.62,2025-10-23T12:30:00Z,2025-10-22,2025-10-23,11,-0.1355557791120966,"CAR[-5,5]",-5,5
637865,BX,bx-quarterly-earnings-gaap-eps-10-23-2025-1pt23,BX,0.6-0.8,4,0.62,2025-10-23T12:30:00Z,2025-10-22,2025-10-23,1,-0.05142379179445287,AR[0],0,0
637865,BX,bx-quarterly-earnings-gaap-eps-10-23-2025-1pt23,BX,0.6-0.8,4,0.62,2025-10-23T12:30:00Z,2025-10-22,2025-10-23,2,-0.0670739663888543,"CAR[0,1]",0,1
637865,BX,bx-quarterly-earnings-gaap-eps-10-23-2025-1pt23,BX,0.6-0.8,4,0.62,2025-10-23T12:30:00Z,2025-10-22,2025-10-23,4,-0.1103206548581939,"CAR[0,3]",0,3
637865,BX,bx-quarterly-earnings-gaap-eps-10-23-2025-1pt23,BX,0.6-0.8,4,0.62,2025-10-23T12:30:00Z,2025-10-22,2025-10-23,6,-0.11570149158784426,"CAR[0,5]",0,5
637869,COUR,cour-quarterly-earnings-nongaap-eps-10-23-2025-0pt08,COUR.N,0.6-0.8,4,0.63,2025-10-23T20:10:00Z,2025-10-23,2025-10-24,11,-0.22307645848565105,"CAR[-5,5]",-5,5
637869,COUR,cour-quarterly-earnings-nongaap-eps-10-23-2025-0pt08,COUR.N,0.6-0.8,4,0.63,2025-10-23T20:10:00Z,2025-10-23,2025-10-24,1,-0.13941220959041475,AR[0],0,0
637869,COUR,cour-quarterly-earnings-nongaap-eps-10-23-2025-0pt08,COUR.N,0.6-0.8,4,0.63,2025-10-23T20:10:00Z,2025-10-23,2025-10-24,2,-0.15918514178237989,"CAR[0,1]",0,1
637869,COUR,cour-quarterly-earnings-nongaap-eps-10-23-2025-0pt08,COUR.N,0.6-0.8,4,0.63,2025-10-23T20:10:00Z,2025-10-23,2025-10-24,4,-0.24364534933823895,"CAR[0,3]",0,3
637869,COUR,cour-quarterly-earnings-nongaap-eps-10-23-2025-0pt08,COUR.N,0.6-0.8,4,0.63,2025-10-23T20:10:00Z,2025-10-23,2025-10-24,6,-0.24283780756683931,"CAR[0,5]",0,5
637876,HAS,has-quarterly-earnings-nongaap-eps-10-23-2025-1pt63,HAS.N,0.6-0.8,4,0.685,2025-10-23T12:30:00Z,2025-10-22,2025-10-23,11,-0.009971954659192768,"CAR[-5,5]",-5,5
637876,HAS,has-quarterly-earnings-nongaap-eps-10-23-2025-1pt63,HAS.N,0.6-0.8,4,0.685,2025-10-23T12:30:00Z,2025-10-22,2025-10-23,1,0.029315178327467082,AR[0],0,0
637876,HAS,has-quarterly-earnings-nongaap-eps-10-23-2025-1pt63,HAS.N,0.6-0.8,4,0.685,2025-10-23T12:30:00Z,2025-10-22,2025-10-23,2,0.001699179159331824,"CAR[0,1]",0,1
637876,HAS,has-quarterly-earnings-nongaap-eps-10-23-2025-1pt63,HAS.N,0.6-0.8,4,0.685,2025-10-23T12:30:00Z,2025-10-22,2025-10-23,4,-0.002400467567269464,"CAR[0,3]",0,3
637876,HAS,has-quarterly-earnings-nongaap-eps-10-23-2025-1pt63,HAS.N,0.6-0.8,4,0.685,2025-10-23T12:30:00Z,2025-10-22,2025-10-23,6,-0.012007689964206161,"CAR[0,5]",0,5
637880,STBA,stba-quarterly-earnings-gaap-eps-10-23-2025-0pt86,STBA.N,0.6-0.8,4,0.725,2025-10-23T11:30:00Z,2025-10-22,2025-10-23,11,0.0038144047959445156,"CAR[-5,5]",-5,5
637880,STBA,stba-quarterly-earnings-gaap-eps-10-23-2025-0pt86,STBA.N,0.6-0.8,4,0.725,2025-10-23T11:30:00Z,2025-10-22,2025-10-23,1,0.01711502340614397,AR[0],0,0
637880,STBA,stba-quarterly-earnings-gaap-eps-10-23-2025-0pt86,STBA.N,0.6-0.8,4,0.725,2025-10-23T11:30:00Z,2025-10-22,2025-10-23,2,0.013159295817835846,"CAR[0,1]",0,1
637880,STBA,stba-quarterly-earnings-gaap-eps-10-23-2025-0pt86,STBA.N,0.6-0.8,4,0.725,2025-10-23T11:30:00Z,2025-10-22,2025-10-23,4,0.014425420649183401,"CAR[0,3]",0,3
637880,STBA,stba-quarterly-earnings-gaap-eps-10-23-2025-0pt86,STBA.N,0.6-0.8,4,0.725,2025-10-23T11:30:00Z,2025-10-22,2025-10-23,6,0.018563301487803014,"CAR[0,5]",0,5
637885,TSCO,tsco-quarterly-earnings-gaap-eps-10-23-2025-0pt48,TSCO.N,0.6-0.8,4,0.605,2025-10-23T10:55:00Z,2025-10-22,2025-10-23,11,-0.04479655584400656,"CAR[-5,5]",-5,5
637885,TSCO,tsco-quarterly-earnings-gaap-eps-10-23-2025-0pt48,TSCO.N,0.6-0.8,4,0.605,2025-10-23T10:55:00Z,2025-10-22,2025-10-23,1,0.02300914112729286,AR[0],0,0
637885,TSCO,tsco-quarterly-earnings-gaap-eps-10-23-2025-0pt48,TSCO.N,0.6-0.8,4,0.605,2025-10-23T10:55:00Z,2025-10-22,2025-10-23,2,0.017086530914863538,"CAR[0,1]",0,1
637885,TSCO,tsco-quarterly-earnings-gaap-eps-10-23-2025-0pt48,TSCO.N,0.6-0.8,4,0.605,2025-10-23T10:55:00Z,2025-10-22,2025-10-23,4,-0.0057171898399813225,"CAR[0,3]",0,3
637885,TSCO,tsco-quarterly-earnings-gaap-eps-10-23-2025-0pt48,TSCO.N,0.6-0.8,4,0.605,2025-10-23T10:55:00Z,2025-10-22,2025-10-23,6,-0.02443336413001426,"CAR[0,5]",0,5
642123,PG,pg-quarterly-earnings-nongaap-eps-10-24-2025-1pt9,PG,0.6-0.8,4,0.675,2025-10-24T11:00:00Z,2025-10-23,2025-10-24,11,0.0022840724097201726,"CAR[-5,5]",-5,5
642123,PG,pg-quarterly-earnings-nongaap-eps-10-24-2025-1pt9,PG,0.6-0.8,4,0.675,2025-10-24T11:00:00Z,2025-10-23,2025-10-24,1,3.631397639175622e-4,AR[0],0,0
642123,PG,pg-quarterly-earnings-nongaap-eps-10-24-2025-1pt9,PG,0.6-0.8,4,0.675,2025-10-24T11:00:00Z,2025-10-23,2025-10-24,2,-0.0070714192730091776,"CAR[0,1]",0,1
642123,PG,pg-quarterly-earnings-nongaap-eps-10-24-2025-1pt9,PG,0.6-0.8,4,0.675,2025-10-24T11:00:00Z,2025-10-23,2025-10-24,4,-0.026425530170964003,"CAR[0,3]",0,3
642123,PG,pg-quarterly-earnings-nongaap-eps-10-24-2025-1pt9,PG,0.6-0.8,4,0.675,2025-10-24T11:00:00Z,2025-10-23,2025-10-24,6,-0.013179948273260135,"CAR[0,5]",0,5
642125,PIPR,pipr-quarterly-earnings-nongaap-eps-10-28-2025-3pt27,PIPR.N,0.6-0.8,4,0.675,2025-10-31T12:30:00Z,2025-10-30,2025-10-31,11,-0.0433680304929692,"CAR[-5,5]",-5,5
642125,PIPR,pipr-quarterly-earnings-nongaap-eps-10-28-2025-3pt27,PIPR.N,0.6-0.8,4,0.675,2025-10-31T12:30:00Z,2025-10-30,2025-10-31,1,-0.02891164165519166,AR[0],0,0
642125,PIPR,pipr-quarterly-earnings-nongaap-eps-10-28-2025-3pt27,PIPR.N,0.6-0.8,4,0.675,2025-10-31T12:30:00Z,2025-10-30,2025-10-31,2,-0.018121300273148823,"CAR[0,1]",0,1
642125,PIPR,pipr-quarterly-earnings-nongaap-eps-10-28-2025-3pt27,PIPR.N,0.6-0.8,4,0.675,2025-10-31T12:30:00Z,2025-10-30,2025-10-31,4,0.027091565311917615,"CAR[0,3]",0,3
642125,PIPR,pipr-quarterly-earnings-nongaap-eps-10-28-2025-3pt27,PIPR.N,0.6-0.8,4,0.675,2025-10-31T12:30:00Z,2025-10-30,2025-10-31,6,0.015412051178768172,"CAR[0,5]",0,5
642128,RCL,rcl-quarterly-earnings-nongaap-eps-10-28-2025-5pt68,RCL,0.6-0.8,4,0.635,2025-10-28T10:32:00Z,2025-10-27,2025-10-28,11,-0.1771035103732794,"CAR[-5,5]",-5,5
642128,RCL,rcl-quarterly-earnings-nongaap-eps-10-28-2025-5pt68,RCL,0.6-0.8,4,0.635,2025-10-28T10:32:00Z,2025-10-27,2025-10-28,1,-0.0904549874960203,AR[0],0,0
642128,RCL,rcl-quarterly-earnings-nongaap-eps-10-28-2025-5pt68,RCL,0.6-0.8,4,0.635,2025-10-28T10:32:00Z,2025-10-27,2025-10-28,2,-0.13572021649380883,"CAR[0,1]",0,1
642128,RCL,rcl-quarterly-earnings-nongaap-eps-10-28-2025-5pt68,RCL,0.6-0.8,4,0.635,2025-10-28T10:32:00Z,2025-10-27,2025-10-28,4,-0.10190201387074407,"CAR[0,3]",0,3
642128,RCL,rcl-quarterly-earnings-nongaap-eps-10-28-2025-5pt68,RCL,0.6-0.8,4,0.635,2025-10-28T10:32:00Z,2025-10-27,2025-10-28,6,-0.19252883598808623,"CAR[0,5]",0,5
642133,IMAX,imax-quarterly-earnings-nongaap-eps-10-23-2025-0pt39,IMAX.N,0.6-0.8,4,0.655,2025-10-23T11:30:00Z,2025-10-22,2025-10-23,11,-0.0031952909070484337,"CAR[-5,5]",-5,5
642133,IMAX,imax-quarterly-earnings-nongaap-eps-10-23-2025-0pt39,IMAX.N,0.6-0.8,4,0.655,2025-10-23T11:30:00Z,2025-10-22,2025-10-23,1,0.006734868208834712,AR[0],0,0
642133,IMAX,imax-quarterly-earnings-nongaap-eps-10-23-2025-0pt39,IMAX.N,0.6-0.8,4,0.655,2025-10-23T11:30:00Z,2025-10-22,2025-10-23,2,-0.022677794875211852,"CAR[0,1]",0,1
642133,IMAX,imax-quarterly-earnings-nongaap-eps-10-23-2025-0pt39,IMAX.N,0.6-0.8,4,0.655,2025-10-23T11:30:00Z,2025-10-22,2025-10-23,4,-0.0015294273347688783,"CAR[0,3]",0,3
642133,IMAX,imax-quarterly-earnings-nongaap-eps-10-23-2025-0pt39,IMAX.N,0.6-0.8,4,0.655,2025-10-23T11:30:00Z,2025-10-22,2025-10-23,6,-0.006634528369088037,"CAR[0,5]",0,5
642137,BBBY,bbby-quarterly-earnings-nongaap-eps-10-27-2025-neg0pt31,BBBY.N,0.6-0.8,4,0.72,2025-10-27T20:01:00Z,2025-10-27,2025-10-28,11,-0.17000635777997838,"CAR[-5,5]",-5,5
642137,BBBY,bbby-quarterly-earnings-nongaap-eps-10-27-2025-neg0pt31,BBBY.N,0.6-0.8,4,0.72,2025-10-27T20:01:00Z,2025-10-27,2025-10-28,1,-0.031108286196712714,AR[0],0,0
642137,BBBY,bbby-quarterly-earnings-nongaap-eps-10-27-2025-neg0pt31,BBBY.N,0.6-0.8,4,0.72,2025-10-27T20:01:00Z,2025-10-27,2025-10-28,2,-0.05651030570704039,"CAR[0,1]",0,1
642137,BBBY,bbby-quarterly-earnings-nongaap-eps-10-27-2025-neg0pt31,BBBY.N,0.6-0.8,4,0.72,2025-10-27T20:01:00Z,2025-10-27,2025-10-28,4,-0.1019011708300783,"CAR[0,3]",0,3
642137,BBBY,bbby-quarterly-earnings-nongaap-eps-10-27-2025-neg0pt31,BBBY.N,0.6-0.8,4,0.72,2025-10-27T20:01:00Z,2025-10-27,2025-10-28,6,-0.1250322927978551,"CAR[0,5]",0,5
643018,IART,iart-quarterly-earnings-nongaap-eps-11-03-2025-0pt43,IART.N,0.6-0.8,4,0.73,2025-10-30T10:00:02Z,2025-10-29,2025-10-30,11,-0.2635200447540092,"CAR[-5,5]",-5,5
643018,IART,iart-quarterly-earnings-nongaap-eps-11-03-2025-0pt43,IART.N,0.6-0.8,4,0.73,2025-10-30T10:00:02Z,2025-10-29,2025-10-30,1,-0.2187444777151594,AR[0],0,0
643018,IART,iart-quarterly-earnings-nongaap-eps-11-03-2025-0pt43,IART.N,0.6-0.8,4,0.73,2025-10-30T10:00:02Z,2025-10-29,2025-10-30,2,-0.2016396954383026,"CAR[0,1]",0,1
643018,IART,iart-quarterly-earnings-nongaap-eps-11-03-2025-0pt43,IART.N,0.6-0.8,4,0.73,2025-10-30T10:00:02Z,2025-10-29,2025-10-30,4,-0.2405146470332359,"CAR[0,3]",0,3
643018,IART,iart-quarterly-earnings-nongaap-eps-11-03-2025-0pt43,IART.N,0.6-0.8,4,0.73,2025-10-30T10:00:02Z,2025-10-29,2025-10-30,6,-0.23542957052742292,"CAR[0,5]",0,5
643019,IVZ,ivz-quarterly-earnings-nongaap-eps-10-28-2025-0pt44,IVZ,0.6-0.8,4,0.6950000000000001,2025-10-28T10:55:00Z,2025-10-27,2025-10-28,11,-3.2779385767170953e-4,"CAR[-5,5]",-5,5
643019,IVZ,ivz-quarterly-earnings-nongaap-eps-10-28-2025-0pt44,IVZ,0.6-0.8,4,0.6950000000000001,2025-10-28T10:55:00Z,2025-10-27,2025-10-28,1,0.016860017103290416,AR[0],0,0
643019,IVZ,ivz-quarterly-earnings-nongaap-eps-10-28-2025-0pt44,IVZ,0.6-0.8,4,0.6950000000000001,2025-10-28T10:55:00Z,2025-10-27,2025-10-28,2,0.02186059503449837,"CAR[0,1]",0,1
643019,IVZ,ivz-quarterly-earnings-nongaap-eps-10-28-2025-0pt44,IVZ,0.6-0.8,4,0.6950000000000001,2025-10-28T10:55:00Z,2025-10-27,2025-10-28,4,0.014968331751565134,"CAR[0,3]",0,3
643019,IVZ,ivz-quarterly-earnings-nongaap-eps-10-28-2025-0pt44,IVZ,0.6-0.8,4,0.6950000000000001,2025-10-28T10:55:00Z,2025-10-27,2025-10-28,6,0.009176354887893211,"CAR[0,5]",0,5
643047,UBER,uber-quarterly-earnings-gaap-eps-11-04-2025-0pt69,UBER.N,0.6-0.8,4,0.79,2025-11-04T11:55:00Z,2025-11-03,2025-11-04,11,-0.03393068485581699,"CAR[-5,5]",-5,5
643047,UBER,uber-quarterly-earnings-gaap-eps-11-04-2025-0pt69,UBER.N,0.6-0.8,4,0.79,2025-11-04T11:55:00Z,2025-11-03,2025-11-04,1,-0.037572936267248766,AR[0],0,0
643047,UBER,uber-quarterly-earnings-gaap-eps-11-04-2025-0pt69,UBER.N,0.6-0.8,4,0.79,2025-11-04T11:55:00Z,2025-11-03,2025-11-04,2,-0.0632729805879369,"CAR[0,1]",0,1
643047,UBER,uber-quarterly-earnings-gaap-eps-11-04-2025-0pt69,UBER.N,0.6-0.8,4,0.79,2025-11-04T11:55:00Z,2025-11-03,2025-11-04,4,-0.06162483589998356,"CAR[0,3]",0,3
643047,UBER,uber-quarterly-earnings-gaap-eps-11-04-2025-0pt69,UBER.N,0.6-0.8,4,0.79,2025-11-04T11:55:00Z,2025-11-03,2025-11-04,6,-0.0670553110031951,"CAR[0,5]",0,5
643048,UPS,ups-quarterly-earnings-nongaap-eps-10-28-2025-1pt31,UPS,0.6-0.8,4,0.755,2025-10-28T10:00:00Z,2025-10-27,2025-10-28,11,0.09755779816242828,"CAR[-5,5]",-5,5
643048,UPS,ups-quarterly-earnings-nongaap-eps-10-28-2025-1pt31,UPS,0.6-0.8,4,0.755,2025-10-28T10:00:00Z,2025-10-27,2025-10-28,1,0.0805903404850472,AR[0],0,0
643048,UPS,ups-quarterly-earnings-nongaap-eps-10-28-2025-1pt31,UPS,0.6-0.8,4,0.755,2025-10-28T10:00:00Z,2025-10-27,2025-10-28,2,0.09394317674338332,"CAR[0,1]",0,1
643048,UPS,ups-quarterly-earnings-nongaap-eps-10-28-2025-1pt31,UPS,0.6-0.8,4,0.755,2025-10-28T10:00:00Z,2025-10-27,2025-10-28,4,0.09551075990517333,"CAR[0,3]",0,3
643048,UPS,ups-quarterly-earnings-nongaap-eps-10-28-2025-1pt31,UPS,0.6-0.8,4,0.755,2025-10-28T10:00:00Z,2025-10-27,2025-10-28,6,0.07604054270893384,"CAR[0,5]",0,5
643051,UNH,unh-quarterly-earnings-nongaap-eps-10-28-2025-2pt84,UNH,0.6-0.8,4,0.75,2025-10-28T09:55:00Z,2025-10-27,2025-10-28,11,-0.07283020785564913,"CAR[-5,5]",-5,5
643051,UNH,unh-quarterly-earnings-nongaap-eps-10-28-2025-2pt84,UNH,0.6-0.8,4,0.75,2025-10-28T09:55:00Z,2025-10-27,2025-10-28,1,0.006679537928699056,AR[0],0,0
643051,UNH,unh-quarterly-earnings-nongaap-eps-10-28-2025-2pt84,UNH,0.6-0.8,4,0.75,2025-10-28T09:55:00Z,2025-10-27,2025-10-28,2,-0.025332796389578416,"CAR[0,1]",0,1
643051,UNH,unh-quarterly-earnings-nongaap-eps-10-28-2025-2pt84,UNH,0.6-0.8,4,0.75,2025-10-28T09:55:00Z,2025-10-27,2025-10-28,4,-0.05797314935653345,"CAR[0,3]",0,3
643051,UNH,unh-quarterly-earnings-nongaap-eps-10-28-2025-2pt84,UNH,0.6-0.8,4,0.75,2025-10-28T09:55:00Z,2025-10-27,2025-10-28,6,-0.0827022162966745,"CAR[0,5]",0,5
643053,PAG,pag-quarterly-earnings-gaap-eps-10-29-2025-3pt38,PAG,0.6-0.8,4,0.735,2025-10-29T10:57:00Z,2025-10-28,2025-10-29,11,-0.09063875551394285,"CAR[-5,5]",-5,5
643053,PAG,pag-quarterly-earnings-gaap-eps-10-29-2025-3pt38,PAG,0.6-0.8,4,0.735,2025-10-29T10:57:00Z,2025-10-28,2025-10-29,1,-0.01389697809169359,AR[0],0,0
643053,PAG,pag-quarterly-earnings-gaap-eps-10-29-2025-3pt38,PAG,0.6-0.8,4,0.735,2025-10-29T10:57:00Z,2025-10-28,2025-10-29,2,-0.004992783462570075,"CAR[0,1]",0,1
643053,PAG,pag-quarterly-earnings-gaap-eps-10-29-2025-3pt38,PAG,0.6-0.8,4,0.735,2025-10-29T10:57:00Z,2025-10-28,2025-10-29,4,-0.021601363687132738,"CAR[0,3]",0,3
643053,PAG,pag-quarterly-earnings-gaap-eps-10-29-2025-3pt38,PAG,0.6-0.8,4,0.735,2025-10-29T10:57:00Z,2025-10-28,2025-10-29,6,-0.023287492760759657,"CAR[0,5]",0,5
647510,CMG,cmg-quarterly-earnings-nongaap-eps-10-29-2025-0pt29,CMG,0.6-0.8,4,0.765,2025-10-29T20:10:28Z,2025-10-29,2025-10-30,11,-0.2665109059511913,"CAR[-5,5]",-5,5
647510,CMG,cmg-quarterly-earnings-nongaap-eps-10-29-2025-0pt29,CMG,0.6-0.8,4,0.765,2025-10-29T20:10:28Z,2025-10-29,2025-10-30,1,-0.17043672805538038,AR[0],0,0
647510,CMG,cmg-quarterly-earnings-nongaap-eps-10-29-2025-0pt29,CMG,0.6-0.8,4,0.765,2025-10-29T20:10:28Z,2025-10-29,2025-10-30,2,-0.19643936118214825,"CAR[0,1]",0,1
647510,CMG,cmg-quarterly-earnings-nongaap-eps-10-29-2025-0pt29,CMG,0.6-0.8,4,0.765,2025-10-29T20:10:28Z,2025-10-29,2025-10-30,4,-0.18107142758575318,"CAR[0,3]",0,3
647510,CMG,cmg-quarterly-earnings-nongaap-eps-10-29-2025-0pt29,CMG,0.6-0.8,4,0.765,2025-10-29T20:10:28Z,2025-10-29,2025-10-30,6,-0.20648500596994038,"CAR[0,5]",0,5
647869,COIN,coin-quarterly-earnings-gaap-eps-11-03-2025-1pt18,COIN.N,0.6-0.8,4,0.6950000000000001,2025-10-30T20:11:00Z,2025-10-30,2025-10-31,11,-0.05046784596952783,"CAR[-5,5]",-5,5
647869,COIN,coin-quarterly-earnings-gaap-eps-11-03-2025-1pt18,COIN.N,0.6-0.8,4,0.6950000000000001,2025-10-30T20:11:00Z,2025-10-30,2025-10-31,1,0.034896521738498915,AR[0],0,0
647869,COIN,coin-quarterly-earnings-gaap-eps-11-03-2025-1pt18,COIN.N,0.6-0.8,4,0.6950000000000001,2025-10-30T20:11:00Z,2025-10-30,2025-10-31,2,-0.009815718604844578,"CAR[0,1]",0,1
647869,COIN,coin-quarterly-earnings-gaap-eps-11-03-2025-1pt18,COIN.N,0.6-0.8,4,0.6950000000000001,2025-10-30T20:11:00Z,2025-10-30,2025-10-31,4,-0.028387981055929802,"CAR[0,3]",0,3
647869,COIN,coin-quarterly-earnings-gaap-eps-11-03-2025-1pt18,COIN.N,0.6-0.8,4,0.6950000000000001,2025-10-30T20:11:00Z,2025-10-30,2025-10-31,6,-0.04047855466249737,"CAR[0,5]",0,5
648217,TW,tw-quarterly-earnings-nongaap-eps-10-30-2025-0pt83,TW.N,0.6-0.8,4,0.665,2025-10-30T11:00:00Z,2025-10-29,2025-10-30,11,-0.01816874087590053,"CAR[-5,5]",-5,5
648217,TW,tw-quarterly-earnings-nongaap-eps-10-30-2025-0pt83,TW.N,0.6-0.8,4,0.665,2025-10-30T11:00:00Z,2025-10-29,2025-10-30,1,-0.006475512289591409,AR[0],0,0
648217,TW,tw-quarterly-earnings-nongaap-eps-10-30-2025-0pt83,TW.N,0.6-0.8,4,0.665,2025-10-30T11:00:00Z,2025-10-29,2025-10-30,2,0.005170180472618906,"CAR[0,1]",0,1
648217,TW,tw-quarterly-earnings-nongaap-eps-10-30-2025-0pt83,TW.N,0.6-0.8,4,0.665,2025-10-30T11:00:00Z,2025-10-29,2025-10-30,4,0.007956166028848542,"CAR[0,3]",0,3
648217,TW,tw-quarterly-earnings-nongaap-eps-10-30-2025-0pt83,TW.N,0.6-0.8,4,0.665,2025-10-30T11:00:00Z,2025-10-29,2025-10-30,6,0.033968907434249004,"CAR[0,5]",0,5
648218,VIRT,virt-quarterly-earnings-nongaap-eps-10-29-2025-0pt95,VIRT.N,0.6-0.8,4,0.76,2025-10-29T11:15:00Z,2025-10-28,2025-10-29,11,0.02887011412467115,"CAR[-5,5]",-5,5
648218,VIRT,virt-quarterly-earnings-nongaap-eps-10-29-2025-0pt95,VIRT.N,0.6-0.8,4,0.76,2025-10-29T11:15:00Z,2025-10-28,2025-10-29,1,-0.004658094405030984,AR[0],0,0
648218,VIRT,virt-quarterly-earnings-nongaap-eps-10-29-2025-0pt95,VIRT.N,0.6-0.8,4,0.76,2025-10-29T11:15:00Z,2025-10-28,2025-10-29,2,0.011568984180825572,"CAR[0,1]",0,1
648218,VIRT,virt-quarterly-earnings-nongaap-eps-10-29-2025-0pt95,VIRT.N,0.6-0.8,4,0.76,2025-10-29T11:15:00Z,2025-10-28,2025-10-29,4,0.0178566310463872,"CAR[0,3]",0,3
648218,VIRT,virt-quarterly-earnings-nongaap-eps-10-29-2025-0pt95,VIRT.N,0.6-0.8,4,0.76,2025-10-29T11:15:00Z,2025-10-28,2025-10-29,6,0.009869427915542342,"CAR[0,5]",0,5
648240,CVX,cvx-quarterly-earnings-nongaap-eps-10-31-2025-1pt7,CVX,0.6-0.8,4,0.745,2025-10-31T10:15:00Z,2025-10-30,2025-10-31,11,-0.0018768063694207613,"CAR[-5,5]",-5,5
648240,CVX,cvx-quarterly-earnings-nongaap-eps-10-31-2025-1pt7,CVX,0.6-0.8,4,0.745,2025-10-31T10:15:00Z,2025-10-30,2025-10-31,1,0.025911116195827692,AR[0],0,0
648240,CVX,cvx-quarterly-earnings-nongaap-eps-10-31-2025-1pt7,CVX,0.6-0.8,4,0.745,2025-10-31T10:15:00Z,2025-10-30,2025-10-31,2,0.0018226228611516355,"CAR[0,1]",0,1
648240,CVX,cvx-quarterly-earnings-nongaap-eps-10-31-2025-1pt7,CVX,0.6-0.8,4,0.745,2025-10-31T10:15:00Z,2025-10-30,2025-10-31,4,2.0663614060938314e-4,"CAR[0,3]",0,3
648240,CVX,cvx-quarterly-earnings-nongaap-eps-10-31-2025-1pt7,CVX,0.6-0.8,4,0.745,2025-10-31T10:15:00Z,2025-10-30,2025-10-31,6,0.02441527872585282,"CAR[0,5]",0,5
652509,WMB,wmb-quarterly-earnings-nongaap-eps-11-03-2025-0pt52,WMB,0.6-0.8,4,0.635,2025-11-03T21:15:01Z,2025-11-03,2025-11-04,11,0.05264392728785894,"CAR[-5,5]",-5,5
652509,WMB,wmb-quarterly-earnings-nongaap-eps-11-03-2025-0pt52,WMB,0.6-0.8,4,0.635,2025-11-03T21:15:01Z,2025-11-03,2025-11-04,1,-0.03545283120871969,AR[0],0,0
652509,WMB,wmb-quarterly-earnings-nongaap-eps-11-03-2025-0pt52,WMB,0.6-0.8,4,0.635,2025-11-03T21:15:01Z,2025-11-03,2025-11-04,2,-0.019635744226901886,"CAR[0,1]",0,1
652509,WMB,wmb-quarterly-earnings-nongaap-eps-11-03-2025-0pt52,WMB,0.6-0.8,4,0.635,2025-11-03T21:15:01Z,2025-11-03,2025-11-04,4,0.02159765527977884,"CAR[0,3]",0,3
652509,WMB,wmb-quarterly-earnings-nongaap-eps-11-03-2025-0pt52,WMB,0.6-0.8,4,0.635,2025-11-03T21:15:01Z,2025-11-03,2025-11-04,6,0.02752350634123516,"CAR[0,5]",0,5
652568,HESM,hesm-quarterly-earnings-gaap-eps-11-03-2025-0pt69,HESM.N,0.6-0.8,4,0.63,2025-11-03T13:00:02Z,2025-10-31,2025-11-03,11,0.005250006837884143,"CAR[-5,5]",-5,5
652568,HESM,hesm-quarterly-earnings-gaap-eps-11-03-2025-0pt69,HESM.N,0.6-0.8,4,0.63,2025-11-03T13:00:02Z,2025-10-31,2025-11-03,1,0.015508569753023487,AR[0],0,0
652568,HESM,hesm-quarterly-earnings-gaap-eps-11-03-2025-0pt69,HESM.N,0.6-0.8,4,0.63,2025-11-03T13:00:02Z,2025-10-31,2025-11-03,2,0.009264445528261108,"CAR[0,1]",0,1
652568,HESM,hesm-quarterly-earnings-gaap-eps-11-03-2025-0pt69,HESM.N,0.6-0.8,4,0.63,2025-11-03T13:00:02Z,2025-10-31,2025-11-03,4,0.0055242449378729444,"CAR[0,3]",0,3
652568,HESM,hesm-quarterly-earnings-gaap-eps-11-03-2025-0pt69,HESM.N,0.6-0.8,4,0.63,2025-11-03T13:00:02Z,2025-10-31,2025-11-03,6,-3.3789879682486184e-4,"CAR[0,5]",0,5
652646,LYFT,lyft-quarterly-earnings-gaap-eps-11-05-2025-0pt07,LYFT.N,0.6-0.8,4,0.725,2025-11-05T21:00:00Z,2025-11-05,2025-11-06,11,0.18404891785340147,"CAR[-5,5]",-5,5
652646,LYFT,lyft-quarterly-earnings-gaap-eps-11-05-2025-0pt07,LYFT.N,0.6-0.8,4,0.725,2025-11-05T21:00:00Z,2025-11-05,2025-11-06,1,0.07035648387642847,AR[0],0,0
652646,LYFT,lyft-quarterly-earnings-gaap-eps-11-05-2025-0pt07,LYFT.N,0.6-0.8,4,0.725,2025-11-05T21:00:00Z,2025-11-05,2025-11-06,2,0.1030111986413889,"CAR[0,1]",0,1
652646,LYFT,lyft-quarterly-earnings-gaap-eps-11-05-2025-0pt07,LYFT.N,0.6-0.8,4,0.725,2025-11-05T21:00:00Z,2025-11-05,2025-11-06,4,0.16768410676209114,"CAR[0,3]",0,3
652646,LYFT,lyft-quarterly-earnings-gaap-eps-11-05-2025-0pt07,LYFT.N,0.6-0.8,4,0.725,2025-11-05T21:00:00Z,2025-11-05,2025-11-06,6,0.1699231839659418,"CAR[0,5]",0,5
653003,FRGE,frge-quarterly-earnings-gaap-eps-11-05-2025-neg1pt09,FRGE.N^C26,0.6-0.8,4,0.74,2025-11-14T13:30:00Z,2025-11-13,2025-11-14,11,-0.04846277975317537,"CAR[-5,5]",-5,5
653003,FRGE,frge-quarterly-earnings-gaap-eps-11-05-2025-neg1pt09,FRGE.N^C26,0.6-0.8,4,0.74,2025-11-14T13:30:00Z,2025-11-13,2025-11-14,1,-0.005758914541975558,AR[0],0,0
653003,FRGE,frge-quarterly-earnings-gaap-eps-11-05-2025-neg1pt09,FRGE.N^C26,0.6-0.8,4,0.74,2025-11-14T13:30:00Z,2025-11-13,2025-11-14,2,-0.007182857191394347,"CAR[0,1]",0,1
653003,FRGE,frge-quarterly-earnings-gaap-eps-11-05-2025-neg1pt09,FRGE.N^C26,0.6-0.8,4,0.74,2025-11-14T13:30:00Z,2025-11-13,2025-11-14,4,-0.015535136140234784,"CAR[0,3]",0,3
653003,FRGE,frge-quarterly-earnings-gaap-eps-11-05-2025-neg1pt09,FRGE.N^C26,0.6-0.8,4,0.74,2025-11-14T13:30:00Z,2025-11-13,2025-11-14,6,-0.01687825216893179,"CAR[0,5]",0,5
655260,MCD,mcd-quarterly-earnings-nongaap-eps-11-05-2025-3pt33,MCD,0.6-0.8,4,0.665,2025-11-05T13:30:00Z,2025-11-04,2025-11-05,11,0.006417495327100584,"CAR[-5,5]",-5,5
655260,MCD,mcd-quarterly-earnings-nongaap-eps-11-05-2025-3pt33,MCD,0.6-0.8,4,0.665,2025-11-05T13:30:00Z,2025-11-04,2025-11-05,1,0.020985428745803524,AR[0],0,0
655260,MCD,mcd-quarterly-earnings-nongaap-eps-11-05-2025-3pt33,MCD,0.6-0.8,4,0.665,2025-11-05T13:30:00Z,2025-11-04,2025-11-05,2,-5.699401569209811e-5,"CAR[0,1]",0,1
655260,MCD,mcd-quarterly-earnings-nongaap-eps-11-05-2025-3pt33,MCD,0.6-0.8,4,0.665,2025-11-05T13:30:00Z,2025-11-04,2025-11-05,4,-0.0010365337511809283,"CAR[0,3]",0,3
655260,MCD,mcd-quarterly-earnings-nongaap-eps-11-05-2025-3pt33,MCD,0.6-0.8,4,0.665,2025-11-05T13:30:00Z,2025-11-04,2025-11-05,6,0.024984783528716636,"CAR[0,5]",0,5
655451,ATO,ato-quarterly-earnings-gaap-eps-11-05-2025-0pt97,ATO,0.6-0.8,4,0.68,2025-11-05T21:31:00Z,2025-11-05,2025-11-06,11,0.036578047795583754,"CAR[-5,5]",-5,5
655451,ATO,ato-quarterly-earnings-gaap-eps-11-05-2025-0pt97,ATO,0.6-0.8,4,0.68,2025-11-05T21:31:00Z,2025-11-05,2025-11-06,1,0.018724943494700906,AR[0],0,0
655451,ATO,ato-quarterly-earnings-gaap-eps-11-05-2025-0pt97,ATO,0.6-0.8,4,0.68,2025-11-05T21:31:00Z,2025-11-05,2025-11-06,2,0.026182950758892348,"CAR[0,1]",0,1
655451,ATO,ato-quarterly-earnings-gaap-eps-11-05-2025-0pt97,ATO,0.6-0.8,4,0.68,2025-11-05T21:31:00Z,2025-11-05,2025-11-06,4,0.03145787272302514,"CAR[0,3]",0,3
655451,ATO,ato-quarterly-earnings-gaap-eps-11-05-2025-0pt97,ATO,0.6-0.8,4,0.68,2025-11-05T21:31:00Z,2025-11-05,2025-11-06,6,0.030179136191305037,"CAR[0,5]",0,5
656785,SONO,sono-quarterly-earnings-nongaap-eps-11-05-2025-0pt05,SONO.N,0.6-0.8,4,0.62,2025-11-05T13:01:00Z,2025-11-04,2025-11-05,11,-0.0012803663884738475,"CAR[-5,5]",-5,5
656785,SONO,sono-quarterly-earnings-nongaap-eps-11-05-2025-0pt05,SONO.N,0.6-0.8,4,0.62,2025-11-05T13:01:00Z,2025-11-04,2025-11-05,1,0.006431452812168588,AR[0],0,0
656785,SONO,sono-quarterly-earnings-nongaap-eps-11-05-2025-0pt05,SONO.N,0.6-0.8,4,0.62,2025-11-05T13:01:00Z,2025-11-04,2025-11-05,2,0.005094351499039437,"CAR[0,1]",0,1
656785,SONO,sono-quarterly-earnings-nongaap-eps-11-05-2025-0pt05,SONO.N,0.6-0.8,4,0.62,2025-11-05T13:01:00Z,2025-11-04,2025-11-05,4,5.504860878819415e-4,"CAR[0,3]",0,3
656785,SONO,sono-quarterly-earnings-nongaap-eps-11-05-2025-0pt05,SONO.N,0.6-0.8,4,0.62,2025-11-05T13:01:00Z,2025-11-04,2025-11-05,6,0.02269684853847038,"CAR[0,5]",0,5
656791,AMPL,ampl-quarterly-earnings-nongaap-eps-11-05-2025-0pt01,AMPL.N,0.6-0.8,4,0.715,2025-11-05T21:05:03Z,2025-11-05,2025-11-06,11,0.16185504090394212,"CAR[-5,5]",-5,5
656791,AMPL,ampl-quarterly-earnings-nongaap-eps-11-05-2025-0pt01,AMPL.N,0.6-0.8,4,0.715,2025-11-05T21:05:03Z,2025-11-05,2025-11-06,1,0.045278235545745095,AR[0],0,0
656791,AMPL,ampl-quarterly-earnings-nongaap-eps-11-05-2025-0pt01,AMPL.N,0.6-0.8,4,0.715,2025-11-05T21:05:03Z,2025-11-05,2025-11-06,2,0.05612997405905781,"CAR[0,1]",0,1
656791,AMPL,ampl-quarterly-earnings-nongaap-eps-11-05-2025-0pt01,AMPL.N,0.6-0.8,4,0.715,2025-11-05T21:05:03Z,2025-11-05,2025-11-06,4,0.14329164454055823,"CAR[0,3]",0,3
656791,AMPL,ampl-quarterly-earnings-nongaap-eps-11-05-2025-0pt01,AMPL.N,0.6-0.8,4,0.715,2025-11-05T21:05:03Z,2025-11-05,2025-11-06,6,0.14115891220207705,"CAR[0,5]",0,5
657003,WBD,wbd-quarterly-earnings-gaap-eps-11-06-2025-neg0pt08,WBD.N,0.6-0.8,4,0.725,2025-11-06T12:00:01Z,2025-11-05,2025-11-06,11,0.04821372305084908,"CAR[-5,5]",-5,5
657003,WBD,wbd-quarterly-earnings-gaap-eps-11-06-2025-neg0pt08,WBD.N,0.6-0.8,4,0.725,2025-11-06T12:00:01Z,2025-11-05,2025-11-06,1,0.0076138778163144585,AR[0],0,0
657003,WBD,wbd-quarterly-earnings-gaap-eps-11-06-2025-neg0pt08,WBD.N,0.6-0.8,4,0.725,2025-11-06T12:00:01Z,2025-11-05,2025-11-06,2,0.011677034191365197,"CAR[0,1]",0,1
657003,WBD,wbd-quarterly-earnings-gaap-eps-11-06-2025-neg0pt08,WBD.N,0.6-0.8,4,0.725,2025-11-06T12:00:01Z,2025-11-05,2025-11-06,4,-0.012280291448623422,"CAR[0,3]",0,3
657003,WBD,wbd-quarterly-earnings-gaap-eps-11-06-2025-neg0pt08,WBD.N,0.6-0.8,4,0.725,2025-11-06T12:00:01Z,2025-11-05,2025-11-06,6,-0.026611927668484033,"CAR[0,5]",0,5
657005,DD,dd-quarterly-earnings-nongaap-eps-11-06-2025-1pt11,DD,0.6-0.8,4,0.775,2025-11-06T11:00:00Z,2025-11-05,2025-11-06,11,0.22118725081715085,"CAR[-5,5]",-5,5
657005,DD,dd-quarterly-earnings-nongaap-eps-11-06-2025-1pt11,DD,0.6-0.8,4,0.775,2025-11-06T11:00:00Z,2025-11-05,2025-11-06,1,0.0059757736492378685,AR[0],0,0
657005,DD,dd-quarterly-earnings-nongaap-eps-11-06-2025-1pt11,DD,0.6-0.8,4,0.775,2025-11-06T11:00:00Z,2025-11-05,2025-11-06,2,0.022188016425107173,"CAR[0,1]",0,1
657005,DD,dd-quarterly-earnings-nongaap-eps-11-06-2025-1pt11,DD,0.6-0.8,4,0.775,2025-11-06T11:00:00Z,2025-11-05,2025-11-06,4,0.014227608863272918,"CAR[0,3]",0,3
657005,DD,dd-quarterly-earnings-nongaap-eps-11-06-2025-1pt11,DD,0.6-0.8,4,0.775,2025-11-06T11:00:00Z,2025-11-05,2025-11-06,6,0.045849168407509605,"CAR[0,5]",0,5
657007,EXPE,expe-quarterly-earnings-nongaap-eps-11-06-2025-7pt03,EXPE.N,0.6-0.8,4,0.615,2025-11-06T21:01:00Z,2025-11-06,2025-11-07,11,0.22203488169121244,"CAR[-5,5]",-5,5
657007,EXPE,expe-quarterly-earnings-nongaap-eps-11-06-2025-7pt03,EXPE.N,0.6-0.8,4,0.615,2025-11-06T21:01:00Z,2025-11-06,2025-11-07,1,0.17189104836626803,AR[0],0,0
657007,EXPE,expe-quarterly-earnings-nongaap-eps-11-06-2025-7pt03,EXPE.N,0.6-0.8,4,0.615,2025-11-06T21:01:00Z,2025-11-06,2025-11-07,2,0.1849770502723344,"CAR[0,1]",0,1
657007,EXPE,expe-quarterly-earnings-nongaap-eps-11-06-2025-7pt03,EXPE.N,0.6-0.8,4,0.615,2025-11-06T21:01:00Z,2025-11-06,2025-11-07,4,0.20253742994590915,"CAR[0,3]",0,3
657007,EXPE,expe-quarterly-earnings-nongaap-eps-11-06-2025-7pt03,EXPE.N,0.6-0.8,4,0.615,2025-11-06T21:01:00Z,2025-11-06,2025-11-07,6,0.19796621630156477,"CAR[0,5]",0,5
657027,DKNG,dkng-quarterly-earnings-nongaap-eps-11-06-2025-neg0pt25,DKNG.N,0.6-0.8,4,0.72,2025-11-06T21:15:01Z,2025-11-06,2025-11-07,11,0.012775991606198724,"CAR[-5,5]",-5,5
657027,DKNG,dkng-quarterly-earnings-nongaap-eps-11-06-2025-neg0pt25,DKNG.N,0.6-0.8,4,0.72,2025-11-06T21:15:01Z,2025-11-06,2025-11-07,1,0.08642536114842803,AR[0],0,0
657027,DKNG,dkng-quarterly-earnings-nongaap-eps-11-06-2025-neg0pt25,DKNG.N,0.6-0.8,4,0.72,2025-11-06T21:15:01Z,2025-11-06,2025-11-07,2,0.07310890376724216,"CAR[0,1]",0,1
657027,DKNG,dkng-quarterly-earnings-nongaap-eps-11-06-2025-neg0pt25,DKNG.N,0.6-0.8,4,0.72,2025-11-06T21:15:01Z,2025-11-06,2025-11-07,4,0.10403658941409263,"CAR[0,3]",0,3
657027,DKNG,dkng-quarterly-earnings-nongaap-eps-11-06-2025-neg0pt25,DKNG.N,0.6-0.8,4,0.72,2025-11-06T21:15:01Z,2025-11-06,2025-11-07,6,0.06412762804420723,"CAR[0,5]",0,5
657065,NWSA,nwsa-quarterly-earnings-nongaap-eps-11-06-2025-0pt19,NWSA.N,0.6-0.8,4,0.705,2025-11-06T21:15:01Z,2025-11-06,2025-11-07,11,0.0041203047696265335,"CAR[-5,5]",-5,5
657065,NWSA,nwsa-quarterly-earnings-nongaap-eps-11-06-2025-0pt19,NWSA.N,0.6-0.8,4,0.705,2025-11-06T21:15:01Z,2025-11-06,2025-11-07,1,0.06665492459709532,AR[0],0,0
657065,NWSA,nwsa-quarterly-earnings-nongaap-eps-11-06-2025-0pt19,NWSA.N,0.6-0.8,4,0.705,2025-11-06T21:15:01Z,2025-11-06,2025-11-07,2,0.05617848261441649,"CAR[0,1]",0,1
657065,NWSA,nwsa-quarterly-earnings-nongaap-eps-11-06-2025-0pt19,NWSA.N,0.6-0.8,4,0.705,2025-11-06T21:15:01Z,2025-11-06,2025-11-07,4,0.054933577485520406,"CAR[0,3]",0,3
657065,NWSA,nwsa-quarterly-earnings-nongaap-eps-11-06-2025-0pt19,NWSA.N,0.6-0.8,4,0.705,2025-11-06T21:15:01Z,2025-11-06,2025-11-07,6,0.04483821267734891,"CAR[0,5]",0,5
657085,OS,os-quarterly-earnings-gaap-eps-11-06-2025-neg0pt14,OS.N,0.6-0.8,4,0.635,2025-11-06T21:05:00Z,2025-11-06,2025-11-07,11,0.2438592478658914,"CAR[-5,5]",-5,5
657085,OS,os-quarterly-earnings-gaap-eps-11-06-2025-neg0pt14,OS.N,0.6-0.8,4,0.635,2025-11-06T21:05:00Z,2025-11-06,2025-11-07,1,0.19167531363772186,AR[0],0,0
657085,OS,os-quarterly-earnings-gaap-eps-11-06-2025-neg0pt14,OS.N,0.6-0.8,4,0.635,2025-11-06T21:05:00Z,2025-11-06,2025-11-07,2,0.21407788494883215,"CAR[0,1]",0,1
657085,OS,os-quarterly-earnings-gaap-eps-11-06-2025-neg0pt14,OS.N,0.6-0.8,4,0.635,2025-11-06T21:05:00Z,2025-11-06,2025-11-07,4,0.14653499594616476,"CAR[0,3]",0,3
657085,OS,os-quarterly-earnings-gaap-eps-11-06-2025-neg0pt14,OS.N,0.6-0.8,4,0.635,2025-11-06T21:05:00Z,2025-11-06,2025-11-07,6,0.15453368376530718,"CAR[0,5]",0,5
657290,PTON,pton-quarterly-earnings-gaap-eps-11-06-2025-0,PTON.N,0.6-0.8,4,0.685,2025-11-06T21:01:02Z,2025-11-06,2025-11-07,11,0.06270239567659147,"CAR[-5,5]",-5,5
657290,PTON,pton-quarterly-earnings-gaap-eps-11-06-2025-0,PTON.N,0.6-0.8,4,0.685,2025-11-06T21:01:02Z,2025-11-06,2025-11-07,1,0.13511909489348153,AR[0],0,0
657290,PTON,pton-quarterly-earnings-gaap-eps-11-06-2025-0,PTON.N,0.6-0.8,4,0.685,2025-11-06T21:01:02Z,2025-11-06,2025-11-07,2,0.07480851242735959,"CAR[0,1]",0,1
657290,PTON,pton-quarterly-earnings-gaap-eps-11-06-2025-0,PTON.N,0.6-0.8,4,0.685,2025-11-06T21:01:02Z,2025-11-06,2025-11-07,4,0.07213775034126609,"CAR[0,3]",0,3
657290,PTON,pton-quarterly-earnings-gaap-eps-11-06-2025-0,PTON.N,0.6-0.8,4,0.685,2025-11-06T21:01:02Z,2025-11-06,2025-11-07,6,0.10833692992236042,"CAR[0,5]",0,5
657435,RIVN,rivn-quarterly-earnings-gaap-eps-11-04-2025-neg0pt86,RIVN.N,0.6-0.8,4,0.675,2025-11-04T21:03:00Z,2025-11-04,2025-11-05,11,0.2857901315959759,"CAR[-5,5]",-5,5
657435,RIVN,rivn-quarterly-earnings-gaap-eps-11-04-2025-neg0pt86,RIVN.N,0.6-0.8,4,0.675,2025-11-04T21:03:00Z,2025-11-04,2025-11-05,1,0.22803309281979378,AR[0],0,0
657435,RIVN,rivn-quarterly-earnings-gaap-eps-11-04-2025-neg0pt86,RIVN.N,0.6-0.8,4,0.675,2025-11-04T21:03:00Z,2025-11-04,2025-11-05,2,0.2263828077754327,"CAR[0,1]",0,1
657435,RIVN,rivn-quarterly-earnings-gaap-eps-11-04-2025-neg0pt86,RIVN.N,0.6-0.8,4,0.675,2025-11-04T21:03:00Z,2025-11-04,2025-11-05,4,0.28185253503148866,"CAR[0,3]",0,3
657435,RIVN,rivn-quarterly-earnings-gaap-eps-11-04-2025-neg0pt86,RIVN.N,0.6-0.8,4,0.675,2025-11-04T21:03:00Z,2025-11-04,2025-11-05,6,0.3481079773685246,"CAR[0,5]",0,5
658486,YELP,yelp-quarterly-earnings-gaap-eps-11-06-2025-0pt53,YELP.N,0.6-0.8,4,0.755,2025-11-06T21:05:02Z,2025-11-06,2025-11-07,11,-0.09846503587992389,"CAR[-5,5]",-5,5
658486,YELP,yelp-quarterly-earnings-gaap-eps-11-06-2025-0pt53,YELP.N,0.6-0.8,4,0.755,2025-11-06T21:05:02Z,2025-11-06,2025-11-07,1,-0.10022112892076697,AR[0],0,0
658486,YELP,yelp-quarterly-earnings-gaap-eps-11-06-2025-0pt53,YELP.N,0.6-0.8,4,0.755,2025-11-06T21:05:02Z,2025-11-06,2025-11-07,2,-0.10155325889167964,"CAR[0,1]",0,1
658486,YELP,yelp-quarterly-earnings-gaap-eps-11-06-2025-0pt53,YELP.N,0.6-0.8,4,0.755,2025-11-06T21:05:02Z,2025-11-06,2025-11-07,4,-0.08396685264952954,"CAR[0,3]",0,3
658486,YELP,yelp-quarterly-earnings-gaap-eps-11-06-2025-0pt53,YELP.N,0.6-0.8,4,0.755,2025-11-06T21:05:02Z,2025-11-06,2025-11-07,6,-0.11610147328551942,"CAR[0,5]",0,5
658487,UAA,uaa-quarterly-earnings-nongaap-eps-11-06-2025-0pt02,UAA,0.6-0.8,4,0.64,2025-11-06T11:55:00Z,2025-11-05,2025-11-06,11,0.07263002554881035,"CAR[-5,5]",-5,5
658487,UAA,uaa-quarterly-earnings-nongaap-eps-11-06-2025-0pt02,UAA,0.6-0.8,4,0.64,2025-11-06T11:55:00Z,2025-11-05,2025-11-06,1,0.004225694253578809,AR[0],0,0
658487,UAA,uaa-quarterly-earnings-nongaap-eps-11-06-2025-0pt02,UAA,0.6-0.8,4,0.64,2025-11-06T11:55:00Z,2025-11-05,2025-11-06,2,0.029694119824579642,"CAR[0,1]",0,1
658487,UAA,uaa-quarterly-earnings-nongaap-eps-11-06-2025-0pt02,UAA,0.6-0.8,4,0.64,2025-11-06T11:55:00Z,2025-11-05,2025-11-06,4,0.007965299371972673,"CAR[0,3]",0,3
658487,UAA,uaa-quarterly-earnings-nongaap-eps-11-06-2025-0pt02,UAA,0.6-0.8,4,0.64,2025-11-06T11:55:00Z,2025-11-05,2025-11-06,6,0.04189693524203246,"CAR[0,5]",0,5
658493,PZZA,pzza-quarterly-earnings-nongaap-eps-11-06-2025-0pt41,PZZA.N,0.6-0.8,4,0.79,2025-11-06T12:00:01Z,2025-11-05,2025-11-06,11,-0.22174942603454467,"CAR[-5,5]",-5,5
658493,PZZA,pzza-quarterly-earnings-nongaap-eps-11-06-2025-0pt41,PZZA.N,0.6-0.8,4,0.79,2025-11-06T12:00:01Z,2025-11-05,2025-11-06,1,0.04639749770489866,AR[0],0,0
658493,PZZA,pzza-quarterly-earnings-nongaap-eps-11-06-2025-0pt41,PZZA.N,0.6-0.8,4,0.79,2025-11-06T12:00:01Z,2025-11-05,2025-11-06,2,0.0050979259609324964,"CAR[0,1]",0,1
658493,PZZA,pzza-quarterly-earnings-nongaap-eps-11-06-2025-0pt41,PZZA.N,0.6-0.8,4,0.79,2025-11-06T12:00:01Z,2025-11-05,2025-11-06,4,0.022570116494493565,"CAR[0,3]",0,3
658493,PZZA,pzza-quarterly-earnings-nongaap-eps-11-06-2025-0pt41,PZZA.N,0.6-0.8,4,0.79,2025-11-06T12:00:01Z,2025-11-05,2025-11-06,6,-0.0018439453400249505,"CAR[0,5]",0,5
658526,BIRD,bird-quarterly-earnings-gaap-eps-11-06-2025-neg2pt66,BIRD.OQ,0.6-0.8,4,0.67,2025-11-06T21:05:16Z,2025-11-06,2025-11-07,11,-0.44001470852693253,"CAR[-5,5]",-5,5
658526,BIRD,bird-quarterly-earnings-gaap-eps-11-06-2025-neg2pt66,BIRD.OQ,0.6-0.8,4,0.67,2025-11-06T21:05:16Z,2025-11-06,2025-11-07,1,-0.2140432487939581,AR[0],0,0
658526,BIRD,bird-quarterly-earnings-gaap-eps-11-06-2025-neg2pt66,BIRD.OQ,0.6-0.8,4,0.67,2025-11-06T21:05:16Z,2025-11-06,2025-11-07,2,-0.24683340149532365,"CAR[0,1]",0,1
658526,BIRD,bird-quarterly-earnings-gaap-eps-11-06-2025-neg2pt66,BIRD.OQ,0.6-0.8,4,0.67,2025-11-06T21:05:16Z,2025-11-06,2025-11-07,4,-0.26387936696160724,"CAR[0,3]",0,3
658526,BIRD,bird-quarterly-earnings-gaap-eps-11-06-2025-neg2pt66,BIRD.OQ,0.6-0.8,4,0.67,2025-11-06T21:05:16Z,2025-11-06,2025-11-07,6,-0.3818041941847292,"CAR[0,5]",0,5
658624,MKTX,mktx-quarterly-earnings-gaap-eps-11-07-2025-1pt68,MKTX.N,0.6-0.8,4,0.78,2025-11-07T13:30:00Z,2025-11-06,2025-11-07,11,0.0879518930389426,"CAR[-5,5]",-5,5
658624,MKTX,mktx-quarterly-earnings-gaap-eps-11-07-2025-1pt68,MKTX.N,0.6-0.8,4,0.78,2025-11-07T13:30:00Z,2025-11-06,2025-11-07,1,0.011004700486704197,AR[0],0,0
658624,MKTX,mktx-quarterly-earnings-gaap-eps-11-07-2025-1pt68,MKTX.N,0.6-0.8,4,0.78,2025-11-07T13:30:00Z,2025-11-06,2025-11-07,2,0.02445417389383333,"CAR[0,1]",0,1
658624,MKTX,mktx-quarterly-earnings-gaap-eps-11-07-2025-1pt68,MKTX.N,0.6-0.8,4,0.78,2025-11-07T13:30:00Z,2025-11-06,2025-11-07,4,0.027143008062960723,"CAR[0,3]",0,3
658624,MKTX,mktx-quarterly-earnings-gaap-eps-11-07-2025-1pt68,MKTX.N,0.6-0.8,4,0.78,2025-11-07T13:30:00Z,2025-11-06,2025-11-07,6,0.0545679836703479,"CAR[0,5]",0,5
667902,TSEM,tsem-quarterly-earnings-gaap-eps-11-10-2025-0pt45,TSEM.N,0.6-0.8,4,0.785,2025-11-10T12:00:00Z,2025-11-07,2025-11-10,11,0.1448569066132868,"CAR[-5,5]",-5,5
667902,TSEM,tsem-quarterly-earnings-gaap-eps-11-10-2025-0pt45,TSEM.N,0.6-0.8,4,0.785,2025-11-10T12:00:00Z,2025-11-07,2025-11-10,1,0.13462010113410067,AR[0],0,0
667902,TSEM,tsem-quarterly-earnings-gaap-eps-11-10-2025-0pt45,TSEM.N,0.6-0.8,4,0.785,2025-11-10T12:00:00Z,2025-11-07,2025-11-10,2,0.1479456489185052,"CAR[0,1]",0,1
667902,TSEM,tsem-quarterly-earnings-gaap-eps-11-10-2025-0pt45,TSEM.N,0.6-0.8,4,0.785,2025-11-10T12:00:00Z,2025-11-07,2025-11-10,4,0.16697030622479764,"CAR[0,3]",0,3
667902,TSEM,tsem-quarterly-earnings-gaap-eps-11-10-2025-0pt45,TSEM.N,0.6-0.8,4,0.785,2025-11-10T12:00:00Z,2025-11-07,2025-11-10,6,0.14033601104573484,"CAR[0,5]",0,5
667903,HHH,hhh-quarterly-earnings-gaap-eps-11-10-2025-1pt53,HHH,0.6-0.8,4,0.705,2025-11-10T12:00:00Z,2025-11-07,2025-11-10,11,0.07965484567191047,"CAR[-5,5]",-5,5
667903,HHH,hhh-quarterly-earnings-gaap-eps-11-10-2025-1pt53,HHH,0.6-0.8,4,0.705,2025-11-10T12:00:00Z,2025-11-07,2025-11-10,1,0.099747400325793,AR[0],0,0
667903,HHH,hhh-quarterly-earnings-gaap-eps-11-10-2025-1pt53,HHH,0.6-0.8,4,0.705,2025-11-10T12:00:00Z,2025-11-07,2025-11-10,2,0.09872980944665019,"CAR[0,1]",0,1
667903,HHH,hhh-quarterly-earnings-gaap-eps-11-10-2025-1pt53,HHH,0.6-0.8,4,0.705,2025-11-10T12:00:00Z,2025-11-07,2025-11-10,4,0.08953030867319234,"CAR[0,3]",0,3
667903,HHH,hhh-quarterly-earnings-gaap-eps-11-10-2025-1pt53,HHH,0.6-0.8,4,0.705,2025-11-10T12:00:00Z,2025-11-07,2025-11-10,6,0.05289810794912989,"CAR[0,5]",0,5
667924,BCSF,bcsf-quarterly-earnings-gaap-eps-11-10-2025-0pt45,BCSF.N,0.6-0.8,4,0.66,2025-11-10T22:26:00Z,2025-11-10,2025-11-11,11,0.02754518513364364,"CAR[-5,5]",-5,5
667924,BCSF,bcsf-quarterly-earnings-gaap-eps-11-10-2025-0pt45,BCSF.N,0.6-0.8,4,0.66,2025-11-10T22:26:00Z,2025-11-10,2025-11-11,1,-0.013183925994350853,AR[0],0,0
667924,BCSF,bcsf-quarterly-earnings-gaap-eps-11-10-2025-0pt45,BCSF.N,0.6-0.8,4,0.66,2025-11-10T22:26:00Z,2025-11-10,2025-11-11,2,0.008854523750319651,"CAR[0,1]",0,1
667924,BCSF,bcsf-quarterly-earnings-gaap-eps-11-10-2025-0pt45,BCSF.N,0.6-0.8,4,0.66,2025-11-10T22:26:00Z,2025-11-10,2025-11-11,4,0.01853862707542206,"CAR[0,3]",0,3
667924,BCSF,bcsf-quarterly-earnings-gaap-eps-11-10-2025-0pt45,BCSF.N,0.6-0.8,4,0.66,2025-11-10T22:26:00Z,2025-11-10,2025-11-11,6,0.026583682967769216,"CAR[0,5]",0,5
668447,TBPH,tbph-quarterly-earnings-gaap-eps-11-10-2025-neg0pt13,TBPH.N,0.6-0.8,4,0.65,2025-11-10T21:05:00Z,2025-11-10,2025-11-11,11,0.2120485152672601,"CAR[-5,5]",-5,5
668447,TBPH,tbph-quarterly-earnings-gaap-eps-11-10-2025-neg0pt13,TBPH.N,0.6-0.8,4,0.65,2025-11-10T21:05:00Z,2025-11-10,2025-11-11,1,0.22719119706589622,AR[0],0,0
668447,TBPH,tbph-quarterly-earnings-gaap-eps-11-10-2025-neg0pt13,TBPH.N,0.6-0.8,4,0.65,2025-11-10T21:05:00Z,2025-11-10,2025-11-11,2,0.1829827314694966,"CAR[0,1]",0,1
668447,TBPH,tbph-quarterly-earnings-gaap-eps-11-10-2025-neg0pt13,TBPH.N,0.6-0.8,4,0.65,2025-11-10T21:05:00Z,2025-11-10,2025-11-11,4,0.1656639562650732,"CAR[0,3]",0,3
668447,TBPH,tbph-quarterly-earnings-gaap-eps-11-10-2025-neg0pt13,TBPH.N,0.6-0.8,4,0.65,2025-11-10T21:05:00Z,2025-11-10,2025-11-11,6,0.2300210659131252,"CAR[0,5]",0,5
668520,SNEX,snex-quarterly-earnings-gaap-eps-11-18-2025-1pt56,SNEX.N,0.6-0.8,4,0.715,2025-11-24T21:00:00Z,2025-11-24,2025-11-25,11,0.053501109357706925,"CAR[-5,5]",-5,5
668520,SNEX,snex-quarterly-earnings-gaap-eps-11-18-2025-1pt56,SNEX.N,0.6-0.8,4,0.715,2025-11-24T21:00:00Z,2025-11-24,2025-11-25,1,0.04525209983917544,AR[0],0,0
668520,SNEX,snex-quarterly-earnings-gaap-eps-11-18-2025-1pt56,SNEX.N,0.6-0.8,4,0.715,2025-11-24T21:00:00Z,2025-11-24,2025-11-25,2,0.061850940168383016,"CAR[0,1]",0,1
668520,SNEX,snex-quarterly-earnings-gaap-eps-11-18-2025-1pt56,SNEX.N,0.6-0.8,4,0.715,2025-11-24T21:00:00Z,2025-11-24,2025-11-25,4,0.02295552744056905,"CAR[0,3]",0,3
668520,SNEX,snex-quarterly-earnings-gaap-eps-11-18-2025-1pt56,SNEX.N,0.6-0.8,4,0.715,2025-11-24T21:00:00Z,2025-11-24,2025-11-25,6,0.07893507812405898,"CAR[0,5]",0,5
674912,HD,hd-quarterly-earnings-nongaap-eps-11-18-2025-3pt85,HD,0.6-0.8,4,0.655,2025-11-18T13:30:00Z,2025-11-17,2025-11-18,11,-0.04271570985080549,"CAR[-5,5]",-5,5
674912,HD,hd-quarterly-earnings-nongaap-eps-11-18-2025-3pt85,HD,0.6-0.8,4,0.655,2025-11-18T13:30:00Z,2025-11-17,2025-11-18,1,-0.054704718558715865,AR[0],0,0
674912,HD,hd-quarterly-earnings-nongaap-eps-11-18-2025-3pt85,HD,0.6-0.8,4,0.655,2025-11-18T13:30:00Z,2025-11-17,2025-11-18,2,-0.06294174075014823,"CAR[0,1]",0,1
674912,HD,hd-quarterly-earnings-nongaap-eps-11-18-2025-3pt85,HD,0.6-0.8,4,0.655,2025-11-18T13:30:00Z,2025-11-17,2025-11-18,4,-0.03242186789338596,"CAR[0,3]",0,3
674912,HD,hd-quarterly-earnings-nongaap-eps-11-18-2025-3pt85,HD,0.6-0.8,4,0.655,2025-11-18T13:30:00Z,2025-11-17,2025-11-18,6,-0.024817027964448644,"CAR[0,5]",0,5
675603,ZM,zm-quarterly-earnings-nongaap-eps-11-24-2025-1pt44,ZM.N,0.6-0.8,4,0.735,2025-11-24T21:05:00Z,2025-11-24,2025-11-25,11,0.032136306224423775,"CAR[-5,5]",-5,5
675603,ZM,zm-quarterly-earnings-nongaap-eps-11-24-2025-1pt44,ZM.N,0.6-0.8,4,0.735,2025-11-24T21:05:00Z,2025-11-24,2025-11-25,1,0.08996307347565559,AR[0],0,0
675603,ZM,zm-quarterly-earnings-nongaap-eps-11-24-2025-1pt44,ZM.N,0.6-0.8,4,0.735,2025-11-24T21:05:00Z,2025-11-24,2025-11-25,2,0.06257868771642645,"CAR[0,1]",0,1
675603,ZM,zm-quarterly-earnings-nongaap-eps-11-24-2025-1pt44,ZM.N,0.6-0.8,4,0.735,2025-11-24T21:05:00Z,2025-11-24,2025-11-25,4,0.06958177995543968,"CAR[0,3]",0,3
675603,ZM,zm-quarterly-earnings-nongaap-eps-11-24-2025-1pt44,ZM.N,0.6-0.8,4,0.735,2025-11-24T21:05:00Z,2025-11-24,2025-11-25,6,0.07364210574300614,"CAR[0,5]",0,5
675619,ANF,anf-quarterly-earnings-gaap-eps-11-25-2025-2pt22,ANF,0.6-0.8,4,0.745,2025-11-25T12:30:00Z,2025-11-24,2025-11-25,11,0.40248510241045327,"CAR[-5,5]",-5,5
675619,ANF,anf-quarterly-earnings-gaap-eps-11-25-2025-2pt22,ANF,0.6-0.8,4,0.745,2025-11-25T12:30:00Z,2025-11-24,2025-11-25,1,0.36473811348718027,AR[0],0,0
675619,ANF,anf-quarterly-earnings-gaap-eps-11-25-2025-2pt22,ANF,0.6-0.8,4,0.745,2025-11-25T12:30:00Z,2025-11-24,2025-11-25,2,0.41129002543137694,"CAR[0,1]",0,1
675619,ANF,anf-quarterly-earnings-gaap-eps-11-25-2025-2pt22,ANF,0.6-0.8,4,0.745,2025-11-25T12:30:00Z,2025-11-24,2025-11-25,4,0.48430365779668605,"CAR[0,3]",0,3
675619,ANF,anf-quarterly-earnings-gaap-eps-11-25-2025-2pt22,ANF,0.6-0.8,4,0.745,2025-11-25T12:30:00Z,2025-11-24,2025-11-25,6,0.4575725008175562,"CAR[0,5]",0,5
675620,KSS,kss-quarterly-earnings-gaap-eps-11-25-2025-neg0pt21,KSS,0.6-0.8,4,0.725,2025-11-25T12:00:00Z,2025-11-24,2025-11-25,11,0.3402824965599371,"CAR[-5,5]",-5,5
675620,KSS,kss-quarterly-earnings-gaap-eps-11-25-2025-neg0pt21,KSS,0.6-0.8,4,0.725,2025-11-25T12:00:00Z,2025-11-24,2025-11-25,1,0.40186507390520987,AR[0],0,0
675620,KSS,kss-quarterly-earnings-gaap-eps-11-25-2025-neg0pt21,KSS,0.6-0.8,4,0.725,2025-11-25T12:00:00Z,2025-11-24,2025-11-25,2,0.45800089816124834,"CAR[0,1]",0,1
675620,KSS,kss-quarterly-earnings-gaap-eps-11-25-2025-neg0pt21,KSS,0.6-0.8,4,0.725,2025-11-25T12:00:00Z,2025-11-24,2025-11-25,4,0.45170331938406655,"CAR[0,3]",0,3
675620,KSS,kss-quarterly-earnings-gaap-eps-11-25-2025-neg0pt21,KSS,0.6-0.8,4,0.725,2025-11-25T12:00:00Z,2025-11-24,2025-11-25,6,0.3857624141671892,"CAR[0,5]",0,5
675621,DE,de-quarterly-earnings-gaap-eps-11-26-2025-3pt87,DE,0.6-0.8,4,0.745,2025-11-26T11:27:50Z,2025-11-25,2025-11-26,11,0.004430783758095849,"CAR[-5,5]",-5,5
675621,DE,de-quarterly-earnings-gaap-eps-11-26-2025-3pt87,DE,0.6-0.8,4,0.745,2025-11-26T11:27:50Z,2025-11-25,2025-11-26,1,-0.061491304432299,AR[0],0,0
675621,DE,de-quarterly-earnings-gaap-eps-11-26-2025-3pt87,DE,0.6-0.8,4,0.745,2025-11-26T11:27:50Z,2025-11-25,2025-11-26,2,-0.0763437934755925,"CAR[0,1]",0,1
675621,DE,de-quarterly-earnings-gaap-eps-11-26-2025-3pt87,DE,0.6-0.8,4,0.745,2025-11-26T11:27:50Z,2025-11-25,2025-11-26,4,-0.06126656616137951,"CAR[0,3]",0,3
675621,DE,de-quarterly-earnings-gaap-eps-11-26-2025-3pt87,DE,0.6-0.8,4,0.745,2025-11-26T11:27:50Z,2025-11-25,2025-11-26,6,-0.032741448611105055,"CAR[0,5]",0,5
697463,DG,dg-quarterly-earnings-gaap-eps-12-04-2025-0pt92,DG,0.6-0.8,4,0.765,2025-12-04T11:50:00Z,2025-12-03,2025-12-04,11,0.24073789210699414,"CAR[-5,5]",-5,5
697463,DG,dg-quarterly-earnings-gaap-eps-12-04-2025-0pt92,DG,0.6-0.8,4,0.765,2025-12-04T11:50:00Z,2025-12-03,2025-12-04,1,0.13870647179245355,AR[0],0,0
697463,DG,dg-quarterly-earnings-gaap-eps-12-04-2025-0pt92,DG,0.6-0.8,4,0.765,2025-12-04T11:50:00Z,2025-12-03,2025-12-04,2,0.1938957035801207,"CAR[0,1]",0,1
697463,DG,dg-quarterly-earnings-gaap-eps-12-04-2025-0pt92,DG,0.6-0.8,4,0.765,2025-12-04T11:50:00Z,2025-12-03,2025-12-04,4,0.13918871804589925,"CAR[0,3]",0,3
697463,DG,dg-quarterly-earnings-gaap-eps-12-04-2025-0pt92,DG,0.6-0.8,4,0.765,2025-12-04T11:50:00Z,2025-12-03,2025-12-04,6,0.19393302464070214,"CAR[0,5]",0,5
697471,CBRL,cbrl-quarterly-earnings-nongaap-eps-11-27-2025-neg0pt65,CBRL.N,0.6-0.8,4,0.605,2025-12-09T21:05:00Z,2025-12-09,2025-12-10,11,-0.02252332375212427,"CAR[-5,5]",-5,5
697471,CBRL,cbrl-quarterly-earnings-nongaap-eps-11-27-2025-neg0pt65,CBRL.N,0.6-0.8,4,0.605,2025-12-09T21:05:00Z,2025-12-09,2025-12-10,1,0.029863635885389164,AR[0],0,0
697471,CBRL,cbrl-quarterly-earnings-nongaap-eps-11-27-2025-neg0pt65,CBRL.N,0.6-0.8,4,0.605,2025-12-09T21:05:00Z,2025-12-09,2025-12-10,2,0.03983761020351654,"CAR[0,1]",0,1
697471,CBRL,cbrl-quarterly-earnings-nongaap-eps-11-27-2025-neg0pt65,CBRL.N,0.6-0.8,4,0.605,2025-12-09T21:05:00Z,2025-12-09,2025-12-10,4,9.987762557452443e-4,"CAR[0,3]",0,3
697471,CBRL,cbrl-quarterly-earnings-nongaap-eps-11-27-2025-neg0pt65,CBRL.N,0.6-0.8,4,0.605,2025-12-09T21:05:00Z,2025-12-09,2025-12-10,6,0.02520844710411712,"CAR[0,5]",0,5
701948,ORCL,orcl-quarterly-earnings-nongaap-eps-12-08-2025-1pt64,ORCL.N,0.6-0.8,4,0.765,2025-12-10T22:00:00Z,2025-12-10,2025-12-11,11,-0.15566832680435852,"CAR[-5,5]",-5,5
701948,ORCL,orcl-quarterly-earnings-nongaap-eps-12-08-2025-1pt64,ORCL.N,0.6-0.8,4,0.765,2025-12-10T22:00:00Z,2025-12-10,2025-12-11,1,-0.11436762029978355,AR[0],0,0
701948,ORCL,orcl-quarterly-earnings-nongaap-eps-12-08-2025-1pt64,ORCL.N,0.6-0.8,4,0.765,2025-12-10T22:00:00Z,2025-12-10,2025-12-11,2,-0.14856360637518928,"CAR[0,1]",0,1
701948,ORCL,orcl-quarterly-earnings-nongaap-eps-12-08-2025-1pt64,ORCL.N,0.6-0.8,4,0.765,2025-12-10T22:00:00Z,2025-12-10,2025-12-11,4,-0.15650522566754804,"CAR[0,3]",0,3
701948,ORCL,orcl-quarterly-earnings-nongaap-eps-12-08-2025-1pt64,ORCL.N,0.6-0.8,4,0.765,2025-12-10T22:00:00Z,2025-12-10,2025-12-11,6,-0.20366991370446164,"CAR[0,5]",0,5
701950,AZO,azo-quarterly-earnings-gaap-eps-12-09-2025-32pt58,AZO,0.6-0.8,4,0.68,2025-12-09T11:55:00Z,2025-12-08,2025-12-09,11,-0.13674829849572648,"CAR[-5,5]",-5,5
701950,AZO,azo-quarterly-earnings-gaap-eps-12-09-2025-32pt58,AZO,0.6-0.8,4,0.68,2025-12-09T11:55:00Z,2025-12-08,2025-12-09,1,-0.07127623140616954,AR[0],0,0
701950,AZO,azo-quarterly-earnings-gaap-eps-12-09-2025-32pt58,AZO,0.6-0.8,4,0.68,2025-12-09T11:55:00Z,2025-12-08,2025-12-09,2,-0.09398062093851402,"CAR[0,1]",0,1
701950,AZO,azo-quarterly-earnings-gaap-eps-12-09-2025-32pt58,AZO,0.6-0.8,4,0.68,2025-12-09T11:55:00Z,2025-12-08,2025-12-09,4,-0.08443683237284105,"CAR[0,3]",0,3
701950,AZO,azo-quarterly-earnings-gaap-eps-12-09-2025-32pt58,AZO,0.6-0.8,4,0.68,2025-12-09T11:55:00Z,2025-12-08,2025-12-09,6,-0.09104703282277384,"CAR[0,5]",0,5
701960,CHWY,chwy-quarterly-earnings-nongaap-eps-12-10-2025-0pt3,CHWY.N,0.6-0.8,4,0.775,2025-12-10T12:05:00Z,2025-12-09,2025-12-10,11,-0.002558736505726974,"CAR[-5,5]",-5,5
701960,CHWY,chwy-quarterly-earnings-nongaap-eps-12-10-2025-0pt3,CHWY.N,0.6-0.8,4,0.775,2025-12-10T12:05:00Z,2025-12-09,2025-12-10,1,0.011310409545180753,AR[0],0,0
701960,CHWY,chwy-quarterly-earnings-nongaap-eps-12-10-2025-0pt3,CHWY.N,0.6-0.8,4,0.775,2025-12-10T12:05:00Z,2025-12-09,2025-12-10,2,-0.02350151742448143,"CAR[0,1]",0,1
701960,CHWY,chwy-quarterly-earnings-nongaap-eps-12-10-2025-0pt3,CHWY.N,0.6-0.8,4,0.775,2025-12-10T12:05:00Z,2025-12-09,2025-12-10,4,-0.044295952274245834,"CAR[0,3]",0,3
701960,CHWY,chwy-quarterly-earnings-nongaap-eps-12-10-2025-0pt3,CHWY.N,0.6-0.8,4,0.775,2025-12-10T12:05:00Z,2025-12-09,2025-12-10,6,-0.04481139871440122,"CAR[0,5]",0,5
899881,CAG,cag-quarterly-earnings-nongaap-eps-12-19-2025-0pt44,CAG,0.6-0.8,4,0.745,2025-12-19T12:30:00Z,2025-12-18,2025-12-19,11,0.030421917526319935,"CAR[-5,5]",-5,5
899881,CAG,cag-quarterly-earnings-nongaap-eps-12-19-2025-0pt44,CAG,0.6-0.8,4,0.745,2025-12-19T12:30:00Z,2025-12-18,2025-12-19,1,-0.024189171818611868,AR[0],0,0
899881,CAG,cag-quarterly-earnings-nongaap-eps-12-19-2025-0pt44,CAG,0.6-0.8,4,0.745,2025-12-19T12:30:00Z,2025-12-18,2025-12-19,2,-0.027651216460362477,"CAR[0,1]",0,1
899881,CAG,cag-quarterly-earnings-nongaap-eps-12-19-2025-0pt44,CAG,0.6-0.8,4,0.745,2025-12-19T12:30:00Z,2025-12-18,2025-12-19,4,-0.03317688808066081,"CAR[0,3]",0,3
899881,CAG,cag-quarterly-earnings-nongaap-eps-12-19-2025-0pt44,CAG,0.6-0.8,4,0.745,2025-12-19T12:30:00Z,2025-12-18,2025-12-19,6,-0.0031632065950477693,"CAR[0,5]",0,5
1069148,JPM,jpm-quarterly-earnings-gaap-eps-01-13-2026-4pt94,JPM,0.8-1.0,5,0.8415,2026-01-13T11:48:00Z,2026-01-12,2026-01-13,11,-0.0981737423505242,"CAR[-5,5]",-5,5
1069148,JPM,jpm-quarterly-earnings-gaap-eps-01-13-2026-4pt94,JPM,0.8-1.0,5,0.8415,2026-01-13T11:48:00Z,2026-01-12,2026-01-13,1,-0.0402755718411159,AR[0],0,0
1069148,JPM,jpm-quarterly-earnings-gaap-eps-01-13-2026-4pt94,JPM,0.8-1.0,5,0.8415,2026-01-13T11:48:00Z,2026-01-12,2026-01-13,2,-0.045172514095614034,"CAR[0,1]",0,1
1069148,JPM,jpm-quarterly-earnings-gaap-eps-01-13-2026-4pt94,JPM,0.8-1.0,5,0.8415,2026-01-13T11:48:00Z,2026-01-12,2026-01-13,4,-0.032624580836218255,"CAR[0,3]",0,3
1069148,JPM,jpm-quarterly-earnings-gaap-eps-01-13-2026-4pt94,JPM,0.8-1.0,5,0.8415,2026-01-13T11:48:00Z,2026-01-12,2026-01-13,6,-0.05793319008558157,"CAR[0,5]",0,5
1069149,BK,bk-quarterly-earnings-nongaap-eps-01-13-2026-1pt99,BK,0.8-1.0,5,0.91,2026-01-13T13:30:00Z,2026-01-12,2026-01-13,11,-0.018035412079891573,"CAR[-5,5]",-5,5
1069149,BK,bk-quarterly-earnings-nongaap-eps-01-13-2026-1pt99,BK,0.8-1.0,5,0.91,2026-01-13T13:30:00Z,2026-01-12,2026-01-13,1,0.01926391970304392,AR[0],0,0
1069149,BK,bk-quarterly-earnings-nongaap-eps-01-13-2026-1pt99,BK,0.8-1.0,5,0.91,2026-01-13T13:30:00Z,2026-01-12,2026-01-13,2,0.0357052131939062,"CAR[0,1]",0,1
1069149,BK,bk-quarterly-earnings-nongaap-eps-01-13-2026-1pt99,BK,0.8-1.0,5,0.91,2026-01-13T13:30:00Z,2026-01-12,2026-01-13,4,0.006073452939065808,"CAR[0,3]",0,3
1069149,BK,bk-quarterly-earnings-nongaap-eps-01-13-2026-1pt99,BK,0.8-1.0,5,0.91,2026-01-13T13:30:00Z,2026-01-12,2026-01-13,6,-0.0022245229739178956,"CAR[0,5]",0,5
1099134,BAC,bac-quarterly-earnings-gaap-eps-01-14-2026-0pt97,BAC,0.8-1.0,5,0.87,2026-01-14T11:45:00Z,2026-01-13,2026-01-14,11,-0.08687683580189676,"CAR[-5,5]",-5,5
1099134,BAC,bac-quarterly-earnings-gaap-eps-01-14-2026-0pt97,BAC,0.8-1.0,5,0.87,2026-01-14T11:45:00Z,2026-01-13,2026-01-14,1,-0.032895740587432325,AR[0],0,0
1099134,BAC,bac-quarterly-earnings-gaap-eps-01-14-2026-0pt97,BAC,0.8-1.0,5,0.87,2026-01-14T11:45:00Z,2026-01-13,2026-01-14,2,-0.03383702901217929,"CAR[0,1]",0,1
1099134,BAC,bac-quarterly-earnings-gaap-eps-01-14-2026-0pt97,BAC,0.8-1.0,5,0.87,2026-01-14T11:45:00Z,2026-01-13,2026-01-14,4,-0.022685616055086726,"CAR[0,3]",0,3
1099134,BAC,bac-quarterly-earnings-gaap-eps-01-14-2026-0pt97,BAC,0.8-1.0,5,0.87,2026-01-14T11:45:00Z,2026-01-13,2026-01-14,6,-0.03395176343080088,"CAR[0,5]",0,5
1099181,GS,gs-quarterly-earnings-gaap-eps-01-15-2026-11pt49,GS,0.8-1.0,5,0.915,2026-01-15T12:30:00Z,2026-01-14,2026-01-15,11,-0.030261551433352605,"CAR[-5,5]",-5,5
1099181,GS,gs-quarterly-earnings-gaap-eps-01-15-2026-11pt49,GS,0.8-1.0,5,0.915,2026-01-15T12:30:00Z,2026-01-14,2026-01-15,1,0.0419622464890367,AR[0],0,0
1099181,GS,gs-quarterly-earnings-gaap-eps-01-15-2026-11pt49,GS,0.8-1.0,5,0.915,2026-01-15T12:30:00Z,2026-01-14,2026-01-15,2,0.027782430709986785,"CAR[0,1]",0,1
1099181,GS,gs-quarterly-earnings-gaap-eps-01-15-2026-11pt49,GS,0.8-1.0,5,0.915,2026-01-15T12:30:00Z,2026-01-14,2026-01-15,4,0.029195256874463844,"CAR[0,3]",0,3
1099181,GS,gs-quarterly-earnings-gaap-eps-01-15-2026-11pt49,GS,0.8-1.0,5,0.915,2026-01-15T12:30:00Z,2026-01-14,2026-01-15,6,-0.016131957404325794,"CAR[0,5]",0,5
1118155,IBKR,ibkr-quarterly-earnings-nongaap-eps-01-20-2026-0pt56,IBKR.N,0.8-1.0,5,0.81,2026-01-20T21:00:00Z,2026-01-20,2026-01-21,11,0.06595650895896744,"CAR[-5,5]",-5,5
1118155,IBKR,ibkr-quarterly-earnings-nongaap-eps-01-20-2026-0pt56,IBKR.N,0.8-1.0,5,0.81,2026-01-20T21:00:00Z,2026-01-20,2026-01-21,1,0.04037965484090203,AR[0],0,0
1118155,IBKR,ibkr-quarterly-earnings-nongaap-eps-01-20-2026-0pt56,IBKR.N,0.8-1.0,5,0.81,2026-01-20T21:00:00Z,2026-01-20,2026-01-21,2,0.049726794638756386,"CAR[0,1]",0,1
1118155,IBKR,ibkr-quarterly-earnings-nongaap-eps-01-20-2026-0pt56,IBKR.N,0.8-1.0,5,0.81,2026-01-20T21:00:00Z,2026-01-20,2026-01-21,4,0.01667417066834876,"CAR[0,3]",0,3
1118155,IBKR,ibkr-quarterly-earnings-nongaap-eps-01-20-2026-0pt56,IBKR.N,0.8-1.0,5,0.81,2026-01-20T21:00:00Z,2026-01-20,2026-01-21,6,0.011793943251434097,"CAR[0,5]",0,5
1118262,NFLX,nflx-quarterly-earnings-gaap-eps-01-20-2026-0pt55,NFLX.N,0.8-1.0,5,0.8150000000000001,2026-01-20T21:00:00Z,2026-01-20,2026-01-21,11,-0.035615136273860114,"CAR[-5,5]",-5,5
1118262,NFLX,nflx-quarterly-earnings-gaap-eps-01-20-2026-0pt55,NFLX.N,0.8-1.0,5,0.8150000000000001,2026-01-20T21:00:00Z,2026-01-20,2026-01-21,1,-0.027537343187792922,AR[0],0,0
1118262,NFLX,nflx-quarterly-earnings-gaap-eps-01-20-2026-0pt55,NFLX.N,0.8-1.0,5,0.8150000000000001,2026-01-20T21:00:00Z,2026-01-20,2026-01-21,2,-0.05003697236826906,"CAR[0,1]",0,1
1118262,NFLX,nflx-quarterly-earnings-gaap-eps-01-20-2026-0pt55,NFLX.N,0.8-1.0,5,0.8150000000000001,2026-01-20T21:00:00Z,2026-01-20,2026-01-21,4,-0.02363952639382511,"CAR[0,3]",0,3
1118262,NFLX,nflx-quarterly-earnings-gaap-eps-01-20-2026-0pt55,NFLX.N,0.8-1.0,5,0.8150000000000001,2026-01-20T21:00:00Z,2026-01-20,2026-01-21,6,-0.035554943963716994,"CAR[0,5]",0,5
1118343,MMM,mmm-quarterly-earnings-nongaap-eps-01-20-2026-1pt81,MMM,0.8-1.0,5,0.85,2026-01-20T11:30:00Z,2026-01-16,2026-01-20,11,-0.04232532054087761,"CAR[-5,5]",-5,5
1118343,MMM,mmm-quarterly-earnings-nongaap-eps-01-20-2026-1pt81,MMM,0.8-1.0,5,0.85,2026-01-20T11:30:00Z,2026-01-16,2026-01-20,1,-0.04857994004336381,AR[0],0,0
1118343,MMM,mmm-quarterly-earnings-nongaap-eps-01-20-2026-1pt81,MMM,0.8-1.0,5,0.85,2026-01-20T11:30:00Z,2026-01-16,2026-01-20,2,-0.06184364515911803,"CAR[0,1]",0,1
1118343,MMM,mmm-quarterly-earnings-nongaap-eps-01-20-2026-1pt81,MMM,0.8-1.0,5,0.85,2026-01-20T11:30:00Z,2026-01-16,2026-01-20,4,-0.024410784094521812,"CAR[0,3]",0,3
1118343,MMM,mmm-quarterly-earnings-nongaap-eps-01-20-2026-1pt81,MMM,0.8-1.0,5,0.85,2026-01-20T11:30:00Z,2026-01-16,2026-01-20,6,-0.06218038850100313,"CAR[0,5]",0,5
1125627,SCHW,schw-quarterly-earnings-nongaap-eps-01-21-2026-1pt36,SCHW.N,0.8-1.0,5,0.895,2026-01-21T12:30:00Z,2026-01-20,2026-01-21,11,0.01883812377564181,"CAR[-5,5]",-5,5
1125627,SCHW,schw-quarterly-earnings-nongaap-eps-01-21-2026-1pt36,SCHW.N,0.8-1.0,5,0.895,2026-01-21T12:30:00Z,2026-01-20,2026-01-21,1,3.038868321050825e-6,AR[0],0,0
1125627,SCHW,schw-quarterly-earnings-nongaap-eps-01-21-2026-1pt36,SCHW.N,0.8-1.0,5,0.895,2026-01-21T12:30:00Z,2026-01-20,2026-01-21,2,0.018592101079304632,"CAR[0,1]",0,1
1125627,SCHW,schw-quarterly-earnings-nongaap-eps-01-21-2026-1pt36,SCHW.N,0.8-1.0,5,0.895,2026-01-21T12:30:00Z,2026-01-20,2026-01-21,4,0.004812498592979267,"CAR[0,3]",0,3
1125627,SCHW,schw-quarterly-earnings-nongaap-eps-01-21-2026-1pt36,SCHW.N,0.8-1.0,5,0.895,2026-01-21T12:30:00Z,2026-01-20,2026-01-21,6,0.007674624199496794,"CAR[0,5]",0,5
1125915,JNJ,jnj-quarterly-earnings-nongaap-eps-01-21-2026-2pt51,JNJ,0.8-1.0,5,0.865,2026-01-21T11:20:00Z,2026-01-20,2026-01-21,11,0.06041862732763796,"CAR[-5,5]",-5,5
1125915,JNJ,jnj-quarterly-earnings-nongaap-eps-01-21-2026-2pt51,JNJ,0.8-1.0,5,0.865,2026-01-21T11:20:00Z,2026-01-20,2026-01-21,1,-0.003588426754510229,AR[0],0,0
1125915,JNJ,jnj-quarterly-earnings-nongaap-eps-01-21-2026-2pt51,JNJ,0.8-1.0,5,0.865,2026-01-21T11:20:00Z,2026-01-20,2026-01-21,2,-0.003733523515795492,"CAR[0,1]",0,1
1125915,JNJ,jnj-quarterly-earnings-nongaap-eps-01-21-2026-2pt51,JNJ,0.8-1.0,5,0.865,2026-01-21T11:20:00Z,2026-01-20,2026-01-21,4,0.005557744415495818,"CAR[0,3]",0,3
1125915,JNJ,jnj-quarterly-earnings-nongaap-eps-01-21-2026-2pt51,JNJ,0.8-1.0,5,0.865,2026-01-21T11:20:00Z,2026-01-20,2026-01-21,6,0.02916877096415352,"CAR[0,5]",0,5
1139580,PG,pg-quarterly-earnings-nongaap-eps-01-22-2026-1pt87,PG,0.8-1.0,5,0.92,2026-01-22T12:00:01Z,2026-01-21,2026-01-22,11,0.05306433505952941,"CAR[-5,5]",-5,5
1139580,PG,pg-quarterly-earnings-nongaap-eps-01-22-2026-1pt87,PG,0.8-1.0,5,0.92,2026-01-22T12:00:01Z,2026-01-21,2026-01-22,1,0.027485537758552593,AR[0],0,0
1139580,PG,pg-quarterly-earnings-nongaap-eps-01-22-2026-1pt87,PG,0.8-1.0,5,0.92,2026-01-22T12:00:01Z,2026-01-21,2026-01-22,2,0.03018547499704221,"CAR[0,1]",0,1
1139580,PG,pg-quarterly-earnings-nongaap-eps-01-22-2026-1pt87,PG,0.8-1.0,5,0.92,2026-01-22T12:00:01Z,2026-01-21,2026-01-22,4,0.02016506311562312,"CAR[0,3]",0,3
1139580,PG,pg-quarterly-earnings-nongaap-eps-01-22-2026-1pt87,PG,0.8-1.0,5,0.92,2026-01-22T12:00:01Z,2026-01-21,2026-01-22,6,0.033359246381749474,"CAR[0,5]",0,5
1139906,COF,cof-quarterly-earnings-nongaap-eps-01-22-2026-4pt17,COF,0.8-1.0,5,0.89,2026-01-22T21:00:00Z,2026-01-22,2026-01-23,11,-0.06376004371242036,"CAR[-5,5]",-5,5
1139906,COF,cof-quarterly-earnings-nongaap-eps-01-22-2026-4pt17,COF,0.8-1.0,5,0.89,2026-01-22T21:00:00Z,2026-01-22,2026-01-23,1,-0.07579585849137914,AR[0],0,0
1139906,COF,cof-quarterly-earnings-nongaap-eps-01-22-2026-4pt17,COF,0.8-1.0,5,0.89,2026-01-22T21:00:00Z,2026-01-22,2026-01-23,2,-0.07010203356804973,"CAR[0,1]",0,1
1139906,COF,cof-quarterly-earnings-nongaap-eps-01-22-2026-4pt17,COF,0.8-1.0,5,0.89,2026-01-22T21:00:00Z,2026-01-22,2026-01-23,4,-0.08372262524070437,"CAR[0,3]",0,3
1139906,COF,cof-quarterly-earnings-nongaap-eps-01-22-2026-4pt17,COF,0.8-1.0,5,0.89,2026-01-22T21:00:00Z,2026-01-22,2026-01-23,6,-0.07191129977414365,"CAR[0,5]",0,5
1160450,MOG.A,moga-quarterly-earnings-nongaap-eps-01-23-2026-2pt19,MOGa,0.8-1.0,5,0.8445,2026-01-30T12:55:00Z,2026-01-29,2026-01-30,11,0.10569044735317423,"CAR[-5,5]",-5,5
1160450,MOG.A,moga-quarterly-earnings-nongaap-eps-01-23-2026-2pt19,MOGa,0.8-1.0,5,0.8445,2026-01-30T12:55:00Z,2026-01-29,2026-01-30,1,0.06415908280210217,AR[0],0,0
1160450,MOG.A,moga-quarterly-earnings-nongaap-eps-01-23-2026-2pt19,MOGa,0.8-1.0,5,0.8445,2026-01-30T12:55:00Z,2026-01-29,2026-01-30,2,0.09168307044853564,"CAR[0,1]",0,1
1160450,MOG.A,moga-quarterly-earnings-nongaap-eps-01-23-2026-2pt19,MOGa,0.8-1.0,5,0.8445,2026-01-30T12:55:00Z,2026-01-29,2026-01-30,4,0.1245625305522665,"CAR[0,3]",0,3
1160450,MOG.A,moga-quarterly-earnings-nongaap-eps-01-23-2026-2pt19,MOGa,0.8-1.0,5,0.8445,2026-01-30T12:55:00Z,2026-01-29,2026-01-30,6,0.12102064298051016,"CAR[0,5]",0,5
1175891,TXN,txn-quarterly-earnings-gaap-eps-01-27-2026-1pt31,TXN.N,0.8-1.0,5,0.835,2026-01-27T21:00:00Z,2026-01-27,2026-01-28,11,0.16462249438582785,"CAR[-5,5]",-5,5
1175891,TXN,txn-quarterly-earnings-gaap-eps-01-27-2026-1pt31,TXN.N,0.8-1.0,5,0.835,2026-01-27T21:00:00Z,2026-01-27,2026-01-28,1,0.0995795617632088,AR[0],0,0
1175891,TXN,txn-quarterly-earnings-gaap-eps-01-27-2026-1pt31,TXN.N,0.8-1.0,5,0.835,2026-01-27T21:00:00Z,2026-01-27,2026-01-28,2,0.11479374884980845,"CAR[0,1]",0,1
1175891,TXN,txn-quarterly-earnings-gaap-eps-01-27-2026-1pt31,TXN.N,0.8-1.0,5,0.835,2026-01-27T21:00:00Z,2026-01-27,2026-01-28,4,0.14383860646268584,"CAR[0,3]",0,3
1175891,TXN,txn-quarterly-earnings-gaap-eps-01-27-2026-1pt31,TXN.N,0.8-1.0,5,0.835,2026-01-27T21:00:00Z,2026-01-27,2026-01-28,6,0.14900695901941546,"CAR[0,5]",0,5
1230449,PLTR,pltr-quarterly-earnings-nongaap-eps-02-02-2026-0pt23,PLTR.N,0.8-1.0,5,0.88,2026-02-02T21:05:00Z,2026-02-02,2026-02-03,11,-0.1730447109716992,"CAR[-5,5]",-5,5
1230449,PLTR,pltr-quarterly-earnings-nongaap-eps-02-02-2026-0pt23,PLTR.N,0.8-1.0,5,0.88,2026-02-02T21:05:00Z,2026-02-02,2026-02-03,1,0.0885023282450699,AR[0],0,0
1230449,PLTR,pltr-quarterly-earnings-nongaap-eps-02-02-2026-0pt23,PLTR.N,0.8-1.0,5,0.88,2026-02-02T21:05:00Z,2026-02-02,2026-02-03,2,-0.016612174243495495,"CAR[0,1]",0,1
1230449,PLTR,pltr-quarterly-earnings-nongaap-eps-02-02-2026-0pt23,PLTR.N,0.8-1.0,5,0.88,2026-02-02T21:05:00Z,2026-02-02,2026-02-03,4,-0.05960904643766493,"CAR[0,3]",0,3
1230449,PLTR,pltr-quarterly-earnings-nongaap-eps-02-02-2026-0pt23,PLTR.N,0.8-1.0,5,0.88,2026-02-02T21:05:00Z,2026-02-02,2026-02-03,6,-0.03675495342604555,"CAR[0,5]",0,5
1230451,PEP,pep-quarterly-earnings-nongaap-eps-02-03-2026-2pt24,PEP.N,0.8-1.0,5,0.895,2026-02-03T13:30:00Z,2026-02-02,2026-02-03,11,0.1263142787604783,"CAR[-5,5]",-5,5
1230451,PEP,pep-quarterly-earnings-nongaap-eps-02-03-2026-2pt24,PEP.N,0.8-1.0,5,0.895,2026-02-03T13:30:00Z,2026-02-02,2026-02-03,1,0.04811436941460415,AR[0],0,0
1230451,PEP,pep-quarterly-earnings-nongaap-eps-02-03-2026-2pt24,PEP.N,0.8-1.0,5,0.895,2026-02-03T13:30:00Z,2026-02-02,2026-02-03,2,0.06688505774936869,"CAR[0,1]",0,1
1230451,PEP,pep-quarterly-earnings-nongaap-eps-02-03-2026-2pt24,PEP.N,0.8-1.0,5,0.895,2026-02-03T13:30:00Z,2026-02-02,2026-02-03,4,0.09085905884081849,"CAR[0,3]",0,3
1230451,PEP,pep-quarterly-earnings-nongaap-eps-02-03-2026-2pt24,PEP.N,0.8-1.0,5,0.895,2026-02-03T13:30:00Z,2026-02-02,2026-02-03,6,0.06841533988231237,"CAR[0,5]",0,5
1230452,PFE,pfe-quarterly-earnings-nongaap-eps-02-03-2026-0pt57,PFE,0.8-1.0,5,0.938,2026-02-03T11:45:00Z,2026-02-02,2026-02-03,11,0.06598961051792647,"CAR[-5,5]",-5,5
1230452,PFE,pfe-quarterly-earnings-nongaap-eps-02-03-2026-0pt57,PFE,0.8-1.0,5,0.938,2026-02-03T11:45:00Z,2026-02-02,2026-02-03,1,-0.029821305195921365,AR[0],0,0
1230452,PFE,pfe-quarterly-earnings-nongaap-eps-02-03-2026-0pt57,PFE,0.8-1.0,5,0.938,2026-02-03T11:45:00Z,2026-02-02,2026-02-03,2,0.011456078006463168,"CAR[0,1]",0,1
1230452,PFE,pfe-quarterly-earnings-nongaap-eps-02-03-2026-0pt57,PFE,0.8-1.0,5,0.938,2026-02-03T11:45:00Z,2026-02-02,2026-02-03,4,0.02455291311401652,"CAR[0,3]",0,3
1230452,PFE,pfe-quarterly-earnings-nongaap-eps-02-03-2026-0pt57,PFE,0.8-1.0,5,0.938,2026-02-03T11:45:00Z,2026-02-02,2026-02-03,6,0.03806457994904747,"CAR[0,5]",0,5
1230455,FOXA,foxa-quarterly-earnings-nongaap-eps-02-03-2026-0pt51,FOXA.N,0.8-1.0,5,0.9,2026-02-04T13:00:00Z,2026-02-03,2026-02-04,11,-0.17520107638836355,"CAR[-5,5]",-5,5
1230455,FOXA,foxa-quarterly-earnings-nongaap-eps-02-03-2026-0pt51,FOXA.N,0.8-1.0,5,0.9,2026-02-04T13:00:00Z,2026-02-03,2026-02-04,1,-0.03446247686311917,AR[0],0,0
1230455,FOXA,foxa-quarterly-earnings-nongaap-eps-02-03-2026-0pt51,FOXA.N,0.8-1.0,5,0.9,2026-02-04T13:00:00Z,2026-02-03,2026-02-04,2,-0.055944981396585436,"CAR[0,1]",0,1
1230455,FOXA,foxa-quarterly-earnings-nongaap-eps-02-03-2026-0pt51,FOXA.N,0.8-1.0,5,0.9,2026-02-04T13:00:00Z,2026-02-03,2026-02-04,4,-0.11891258870483545,"CAR[0,3]",0,3
1230455,FOXA,foxa-quarterly-earnings-nongaap-eps-02-03-2026-0pt51,FOXA.N,0.8-1.0,5,0.9,2026-02-04T13:00:00Z,2026-02-03,2026-02-04,6,-0.14760852251436973,"CAR[0,5]",0,5
1237791,CME,cme-quarterly-earnings-nongaap-eps-02-04-2026-2pt74,CME.N,0.8-1.0,5,0.925,2026-02-04T12:00:00Z,2026-02-03,2026-02-04,11,0.06298711590442659,"CAR[-5,5]",-5,5
1237791,CME,cme-quarterly-earnings-nongaap-eps-02-04-2026-2pt74,CME.N,0.8-1.0,5,0.925,2026-02-04T12:00:00Z,2026-02-03,2026-02-04,1,0.0028539245071983865,AR[0],0,0
1237791,CME,cme-quarterly-earnings-nongaap-eps-02-04-2026-2pt74,CME.N,0.8-1.0,5,0.925,2026-02-04T12:00:00Z,2026-02-03,2026-02-04,2,0.010870283099055094,"CAR[0,1]",0,1
1237791,CME,cme-quarterly-earnings-nongaap-eps-02-04-2026-2pt74,CME.N,0.8-1.0,5,0.925,2026-02-04T12:00:00Z,2026-02-03,2026-02-04,4,0.04941283212027275,"CAR[0,3]",0,3
1237791,CME,cme-quarterly-earnings-nongaap-eps-02-04-2026-2pt74,CME.N,0.8-1.0,5,0.925,2026-02-04T12:00:00Z,2026-02-03,2026-02-04,6,0.03308133819791114,"CAR[0,5]",0,5
1238099,QCOM,qcom-quarterly-earnings-nongaap-eps-02-04-2026-3pt39,QCOM.N,0.8-1.0,5,0.94,2026-02-04T21:00:00Z,2026-02-04,2026-02-05,11,-0.05276140441353974,"CAR[-5,5]",-5,5
1238099,QCOM,qcom-quarterly-earnings-nongaap-eps-02-04-2026-3pt39,QCOM.N,0.8-1.0,5,0.94,2026-02-04T21:00:00Z,2026-02-04,2026-02-05,1,-0.06152161830899282,AR[0],0,0
1238099,QCOM,qcom-quarterly-earnings-nongaap-eps-02-04-2026-3pt39,QCOM.N,0.8-1.0,5,0.94,2026-02-04T21:00:00Z,2026-02-04,2026-02-05,2,-0.08920329845874521,"CAR[0,1]",0,1
1238099,QCOM,qcom-quarterly-earnings-nongaap-eps-02-04-2026-3pt39,QCOM.N,0.8-1.0,5,0.94,2026-02-04T21:00:00Z,2026-02-04,2026-02-05,4,-0.07006658760230684,"CAR[0,3]",0,3
1238099,QCOM,qcom-quarterly-earnings-nongaap-eps-02-04-2026-3pt39,QCOM.N,0.8-1.0,5,0.94,2026-02-04T21:00:00Z,2026-02-04,2026-02-05,6,-0.05379341020625513,"CAR[0,5]",0,5
1238100,NYT,nyt-quarterly-earnings-nongaap-eps-02-04-2026-0pt88,NYT,0.8-1.0,5,0.9405,2026-02-04T13:30:00Z,2026-02-03,2026-02-04,11,-0.030765086872865444,"CAR[-5,5]",-5,5
1238100,NYT,nyt-quarterly-earnings-nongaap-eps-02-04-2026-0pt88,NYT,0.8-1.0,5,0.9405,2026-02-04T13:30:00Z,2026-02-03,2026-02-04,1,-0.06345608170831227,AR[0],0,0
1238100,NYT,nyt-quarterly-earnings-nongaap-eps-02-04-2026-0pt88,NYT,0.8-1.0,5,0.9405,2026-02-04T13:30:00Z,2026-02-03,2026-02-04,2,-0.039667281221577505,"CAR[0,1]",0,1
1238100,NYT,nyt-quarterly-earnings-nongaap-eps-02-04-2026-0pt88,NYT,0.8-1.0,5,0.9405,2026-02-04T13:30:00Z,2026-02-03,2026-02-04,4,-0.0554297706374893,"CAR[0,3]",0,3
1238100,NYT,nyt-quarterly-earnings-nongaap-eps-02-04-2026-0pt88,NYT,0.8-1.0,5,0.9405,2026-02-04T13:30:00Z,2026-02-03,2026-02-04,6,-0.017985021562858906,"CAR[0,5]",0,5
1238190,GOOGL,googl-quarterly-earnings-gaap-eps-02-04-2026-2pt64,GOOGL.N,0.8-1.0,5,0.969,2026-02-04T21:00:00Z,2026-02-04,2026-02-05,11,-0.08663077091973599,"CAR[-5,5]",-5,5
1238190,GOOGL,googl-quarterly-earnings-gaap-eps-02-04-2026-2pt64,GOOGL.N,0.8-1.0,5,0.969,2026-02-04T21:00:00Z,2026-02-04,2026-02-05,1,0.007805944226785322,AR[0],0,0
1238190,GOOGL,googl-quarterly-earnings-gaap-eps-02-04-2026-2pt64,GOOGL.N,0.8-1.0,5,0.969,2026-02-04T21:00:00Z,2026-02-04,2026-02-05,2,-0.04649038493497888,"CAR[0,1]",0,1
1238190,GOOGL,googl-quarterly-earnings-gaap-eps-02-04-2026-2pt64,GOOGL.N,0.8-1.0,5,0.969,2026-02-04T21:00:00Z,2026-02-04,2026-02-05,4,-0.06758625618323667,"CAR[0,3]",0,3
1238190,GOOGL,googl-quarterly-earnings-gaap-eps-02-04-2026-2pt64,GOOGL.N,0.8-1.0,5,0.969,2026-02-04T21:00:00Z,2026-02-04,2026-02-05,6,-0.08219195587580679,"CAR[0,5]",0,5
1238195,ARM,arm-quarterly-earnings-nongaap-eps-02-04-2026-0pt41,ARM.N,0.8-1.0,5,0.895,2026-02-04T21:04:00Z,2026-02-04,2026-02-05,11,0.1989600000094201,"CAR[-5,5]",-5,5
1238195,ARM,arm-quarterly-earnings-nongaap-eps-02-04-2026-0pt41,ARM.N,0.8-1.0,5,0.895,2026-02-04T21:04:00Z,2026-02-04,2026-02-05,1,0.09030020513968545,AR[0],0,0
1238195,ARM,arm-quarterly-earnings-nongaap-eps-02-04-2026-0pt41,ARM.N,0.8-1.0,5,0.895,2026-02-04T21:04:00Z,2026-02-04,2026-02-05,2,0.15915021243073205,"CAR[0,1]",0,1
1238195,ARM,arm-quarterly-earnings-nongaap-eps-02-04-2026-0pt41,ARM.N,0.8-1.0,5,0.895,2026-02-04T21:04:00Z,2026-02-04,2026-02-05,4,0.17960145226423782,"CAR[0,3]",0,3
1238195,ARM,arm-quarterly-earnings-nongaap-eps-02-04-2026-0pt41,ARM.N,0.8-1.0,5,0.895,2026-02-04T21:04:00Z,2026-02-04,2026-02-05,6,0.19521126181411538,"CAR[0,5]",0,5
1244865,META,meta-quarterly-earnings-gaap-eps-01-28-2026-8pt19,META.N,0.8-1.0,5,0.87,2026-01-28T21:00:00Z,2026-01-28,2026-01-29,11,0.1266588862016213,"CAR[-5,5]",-5,5
1244865,META,meta-quarterly-earnings-gaap-eps-01-28-2026-8pt19,META.N,0.8-1.0,5,0.87,2026-01-28T21:00:00Z,2026-01-28,2026-01-29,1,0.10625665490810737,AR[0],0,0
1244865,META,meta-quarterly-earnings-gaap-eps-01-28-2026-8pt19,META.N,0.8-1.0,5,0.87,2026-01-28T21:00:00Z,2026-01-28,2026-01-29,2,0.08491365152460598,"CAR[0,1]",0,1
1244865,META,meta-quarterly-earnings-gaap-eps-01-28-2026-8pt19,META.N,0.8-1.0,5,0.87,2026-01-28T21:00:00Z,2026-01-28,2026-01-29,4,0.05583124673897631,"CAR[0,3]",0,3
1244865,META,meta-quarterly-earnings-gaap-eps-01-28-2026-8pt19,META.N,0.8-1.0,5,0.87,2026-01-28T21:00:00Z,2026-01-28,2026-01-29,6,0.05178331760487828,"CAR[0,5]",0,5
1244866,AAPL,aapl-quarterly-earnings-gaap-eps-01-29-2026-2pt67,AAPL.N,0.8-1.0,5,0.935,2026-01-29T21:00:00Z,2026-01-29,2026-01-30,11,0.097581323372081,"CAR[-5,5]",-5,5
1244866,AAPL,aapl-quarterly-earnings-gaap-eps-01-29-2026-2pt67,AAPL.N,0.8-1.0,5,0.935,2026-01-29T21:00:00Z,2026-01-29,2026-01-30,1,0.006877699377822188,AR[0],0,0
1244866,AAPL,aapl-quarterly-earnings-gaap-eps-01-29-2026-2pt67,AAPL.N,0.8-1.0,5,0.935,2026-01-29T21:00:00Z,2026-01-29,2026-01-30,2,0.04278344817479021,"CAR[0,1]",0,1
1244866,AAPL,aapl-quarterly-earnings-gaap-eps-01-29-2026-2pt67,AAPL.N,0.8-1.0,5,0.935,2026-01-29T21:00:00Z,2026-01-29,2026-01-30,4,0.07677927649680094,"CAR[0,3]",0,3
1244866,AAPL,aapl-quarterly-earnings-gaap-eps-01-29-2026-2pt67,AAPL.N,0.8-1.0,5,0.935,2026-01-29T21:00:00Z,2026-01-29,2026-01-30,6,0.07319554467341809,"CAR[0,5]",0,5
1244871,MSFT,msft-quarterly-earnings-gaap-eps-01-28-2026-3pt85,MSFT.N,0.8-1.0,5,0.905,2026-01-28T21:00:00Z,2026-01-28,2026-01-29,11,-0.09746368992735693,"CAR[-5,5]",-5,5
1244871,MSFT,msft-quarterly-earnings-gaap-eps-01-28-2026-3pt85,MSFT.N,0.8-1.0,5,0.905,2026-01-28T21:00:00Z,2026-01-28,2026-01-29,1,-0.09948702812730949,AR[0],0,0
1244871,MSFT,msft-quarterly-earnings-gaap-eps-01-28-2026-3pt85,MSFT.N,0.8-1.0,5,0.905,2026-01-28T21:00:00Z,2026-01-28,2026-01-29,2,-0.10208949989278668,"CAR[0,1]",0,1
1244871,MSFT,msft-quarterly-earnings-gaap-eps-01-28-2026-3pt85,MSFT.N,0.8-1.0,5,0.905,2026-01-28T21:00:00Z,2026-01-28,2026-01-29,4,-0.14310416782041124,"CAR[0,3]",0,3
1244871,MSFT,msft-quarterly-earnings-gaap-eps-01-28-2026-3pt85,MSFT.N,0.8-1.0,5,0.905,2026-01-28T21:00:00Z,2026-01-28,2026-01-29,6,-0.17069876829664818,"CAR[0,5]",0,5
1244920,IBM,ibm-quarterly-earnings-nongaap-eps-01-28-2026-4pt29,IBM,0.8-1.0,5,0.885,2026-01-28T21:08:00Z,2026-01-28,2026-01-29,11,-0.016107651460889695,"CAR[-5,5]",-5,5
1244920,IBM,ibm-quarterly-earnings-nongaap-eps-01-28-2026-4pt29,IBM,0.8-1.0,5,0.885,2026-01-28T21:08:00Z,2026-01-28,2026-01-29,1,0.052034516280689544,AR[0],0,0
1244920,IBM,ibm-quarterly-earnings-nongaap-eps-01-28-2026-4pt29,IBM,0.8-1.0,5,0.885,2026-01-28T21:08:00Z,2026-01-28,2026-01-29,2,0.047239107598830425,"CAR[0,1]",0,1
1244920,IBM,ibm-quarterly-earnings-nongaap-eps-01-28-2026-4pt29,IBM,0.8-1.0,5,0.885,2026-01-28T21:08:00Z,2026-01-28,2026-01-29,4,0.010456062341203989,"CAR[0,3]",0,3
1244920,IBM,ibm-quarterly-earnings-nongaap-eps-01-28-2026-4pt29,IBM,0.8-1.0,5,0.885,2026-01-28T21:08:00Z,2026-01-28,2026-01-29,6,0.01000023537441408,"CAR[0,5]",0,5
1244935,V,v-quarterly-earnings-nongaap-eps-01-29-2026-3pt14,V,0.8-1.0,5,0.96,2026-01-29T21:05:00Z,2026-01-29,2026-01-30,11,0.025529084559013177,"CAR[-5,5]",-5,5
1244935,V,v-quarterly-earnings-nongaap-eps-01-29-2026-3pt14,V,0.8-1.0,5,0.96,2026-01-29T21:05:00Z,2026-01-29,2026-01-30,1,-0.025881412943767428,AR[0],0,0
1244935,V,v-quarterly-earnings-nongaap-eps-01-29-2026-3pt14,V,0.8-1.0,5,0.96,2026-01-29T21:05:00Z,2026-01-29,2026-01-30,2,0.008364217123560131,"CAR[0,1]",0,1
1244935,V,v-quarterly-earnings-nongaap-eps-01-29-2026-3pt14,V,0.8-1.0,5,0.96,2026-01-29T21:05:00Z,2026-01-29,2026-01-30,4,0.008730107740427108,"CAR[0,3]",0,3
1244935,V,v-quarterly-earnings-nongaap-eps-01-29-2026-3pt14,V,0.8-1.0,5,0.96,2026-01-29T21:05:00Z,2026-01-29,2026-01-30,6,0.010036947977201697,"CAR[0,5]",0,5
1244936,MA,ma-quarterly-earnings-nongaap-eps-01-29-2026-4pt24,MA,0.8-1.0,5,0.91,2026-01-29T13:30:00Z,2026-01-28,2026-01-29,11,0.06228960009875173,"CAR[-5,5]",-5,5
1244936,MA,ma-quarterly-earnings-nongaap-eps-01-29-2026-4pt24,MA,0.8-1.0,5,0.91,2026-01-29T13:30:00Z,2026-01-28,2026-01-29,1,0.044493353237962836,AR[0],0,0
1244936,MA,ma-quarterly-earnings-nongaap-eps-01-29-2026-4pt24,MA,0.8-1.0,5,0.91,2026-01-29T13:30:00Z,2026-01-28,2026-01-29,2,0.03911330604558149,"CAR[0,1]",0,1
1244936,MA,ma-quarterly-earnings-nongaap-eps-01-29-2026-4pt24,MA,0.8-1.0,5,0.91,2026-01-29T13:30:00Z,2026-01-28,2026-01-29,4,0.06502404019764456,"CAR[0,3]",0,3
1244936,MA,ma-quarterly-earnings-nongaap-eps-01-29-2026-4pt24,MA,0.8-1.0,5,0.91,2026-01-29T13:30:00Z,2026-01-28,2026-01-29,6,0.08065619269060197,"CAR[0,5]",0,5
1244959,AXP,axp-quarterly-earnings-gaap-eps-01-30-2026-3pt53,AXP,0.8-1.0,5,0.875,2026-01-30T12:00:00Z,2026-01-29,2026-01-30,11,-0.03562775949167732,"CAR[-5,5]",-5,5
1244959,AXP,axp-quarterly-earnings-gaap-eps-01-30-2026-3pt53,AXP,0.8-1.0,5,0.875,2026-01-30T12:00:00Z,2026-01-29,2026-01-30,1,-0.013161854805237957,AR[0],0,0
1244959,AXP,axp-quarterly-earnings-gaap-eps-01-30-2026-3pt53,AXP,0.8-1.0,5,0.875,2026-01-30T12:00:00Z,2026-01-29,2026-01-30,2,-0.018572740844097817,"CAR[0,1]",0,1
1244959,AXP,axp-quarterly-earnings-gaap-eps-01-30-2026-3pt53,AXP,0.8-1.0,5,0.875,2026-01-30T12:00:00Z,2026-01-29,2026-01-30,4,-0.0011754365697656333,"CAR[0,3]",0,3
1244959,AXP,axp-quarterly-earnings-gaap-eps-01-30-2026-3pt53,AXP,0.8-1.0,5,0.875,2026-01-30T12:00:00Z,2026-01-29,2026-01-30,6,0.0037711833294851406,"CAR[0,5]",0,5
1254013,EFX,efx-quarterly-earnings-nongaap-eps-02-04-2026-2pt05,EFX,0.8-1.0,5,0.86,2026-02-04T11:30:00Z,2026-02-03,2026-02-04,11,-0.015561927342307621,"CAR[-5,5]",-5,5
1254013,EFX,efx-quarterly-earnings-nongaap-eps-02-04-2026-2pt05,EFX,0.8-1.0,5,0.86,2026-02-04T11:30:00Z,2026-02-03,2026-02-04,1,0.0398345274997139,AR[0],0,0
1254013,EFX,efx-quarterly-earnings-nongaap-eps-02-04-2026-2pt05,EFX,0.8-1.0,5,0.86,2026-02-04T11:30:00Z,2026-02-03,2026-02-04,2,0.10576181152268174,"CAR[0,1]",0,1
1254013,EFX,efx-quarterly-earnings-nongaap-eps-02-04-2026-2pt05,EFX,0.8-1.0,5,0.86,2026-02-04T11:30:00Z,2026-02-03,2026-02-04,4,0.13621201150261197,"CAR[0,3]",0,3
1254013,EFX,efx-quarterly-earnings-nongaap-eps-02-04-2026-2pt05,EFX,0.8-1.0,5,0.86,2026-02-04T11:30:00Z,2026-02-03,2026-02-04,6,0.13290838562547289,"CAR[0,5]",0,5
1254014,AMZN,amzn-quarterly-earnings-gaap-eps-02-05-2026-1pt95,AMZN.N,0.8-1.0,5,0.9515,2026-02-05T21:01:00Z,2026-02-05,2026-02-06,11,-0.15372807775957503,"CAR[-5,5]",-5,5
1254014,AMZN,amzn-quarterly-earnings-gaap-eps-02-05-2026-1pt95,AMZN.N,0.8-1.0,5,0.9515,2026-02-05T21:01:00Z,2026-02-05,2026-02-06,1,-0.08575038999803986,AR[0],0,0
1254014,AMZN,amzn-quarterly-earnings-gaap-eps-02-05-2026-1pt95,AMZN.N,0.8-1.0,5,0.9515,2026-02-05T21:01:00Z,2026-02-05,2026-02-06,2,-0.0998085386605502,"CAR[0,1]",0,1
1254014,AMZN,amzn-quarterly-earnings-gaap-eps-02-05-2026-1pt95,AMZN.N,0.8-1.0,5,0.9515,2026-02-05T21:01:00Z,2026-02-05,2026-02-06,4,-0.11493246609710851,"CAR[0,3]",0,3
1254014,AMZN,amzn-quarterly-earnings-gaap-eps-02-05-2026-1pt95,AMZN.N,0.8-1.0,5,0.9515,2026-02-05T21:01:00Z,2026-02-05,2026-02-06,6,-0.11563070923068422,"CAR[0,5]",0,5
1254473,ICE,ice-quarterly-earnings-nongaap-eps-02-05-2026-1pt67,ICE,0.8-1.0,5,0.8300000000000001,2026-02-05T12:30:00Z,2026-02-04,2026-02-05,11,-0.11507507035884315,"CAR[-5,5]",-5,5
1254473,ICE,ice-quarterly-earnings-nongaap-eps-02-05-2026-1pt67,ICE,0.8-1.0,5,0.8300000000000001,2026-02-05T12:30:00Z,2026-02-04,2026-02-05,1,0.02635974167816739,AR[0],0,0
1254473,ICE,ice-quarterly-earnings-nongaap-eps-02-05-2026-1pt67,ICE,0.8-1.0,5,0.8300000000000001,2026-02-05T12:30:00Z,2026-02-04,2026-02-05,2,0.024647794422300702,"CAR[0,1]",0,1
1254473,ICE,ice-quarterly-earnings-nongaap-eps-02-05-2026-1pt67,ICE,0.8-1.0,5,0.8300000000000001,2026-02-05T12:30:00Z,2026-02-04,2026-02-05,4,0.0016605569501469642,"CAR[0,3]",0,3
1254473,ICE,ice-quarterly-earnings-nongaap-eps-02-05-2026-1pt67,ICE,0.8-1.0,5,0.8300000000000001,2026-02-05T12:30:00Z,2026-02-04,2026-02-05,6,-0.08249661522942833,"CAR[0,5]",0,5
1254527,ALL,all-quarterly-earnings-nongaap-eps-02-04-2026-9pt86,ALL,0.8-1.0,5,0.885,2026-02-04T21:00:00Z,2026-02-04,2026-02-05,11,0.056079236784951296,"CAR[-5,5]",-5,5
1254527,ALL,all-quarterly-earnings-nongaap-eps-02-04-2026-9pt86,ALL,0.8-1.0,5,0.885,2026-02-04T21:00:00Z,2026-02-04,2026-02-05,1,0.042299147957504106,AR[0],0,0
1254527,ALL,all-quarterly-earnings-nongaap-eps-02-04-2026-9pt86,ALL,0.8-1.0,5,0.885,2026-02-04T21:00:00Z,2026-02-04,2026-02-05,2,0.0020088586719163443,"CAR[0,1]",0,1
1254527,ALL,all-quarterly-earnings-nongaap-eps-02-04-2026-9pt86,ALL,0.8-1.0,5,0.885,2026-02-04T21:00:00Z,2026-02-04,2026-02-05,4,-0.02851551983876545,"CAR[0,3]",0,3
1254527,ALL,all-quarterly-earnings-nongaap-eps-02-04-2026-9pt86,ALL,0.8-1.0,5,0.885,2026-02-04T21:00:00Z,2026-02-04,2026-02-05,6,0.002657683284512007,"CAR[0,5]",0,5
1268876,RL,rl-quarterly-earnings-nongaap-eps-02-05-2026-5pt78,RL,0.8-1.0,5,0.865,2026-02-05T13:01:00Z,2026-02-04,2026-02-05,11,0.04990795840940824,"CAR[-5,5]",-5,5
1268876,RL,rl-quarterly-earnings-nongaap-eps-02-05-2026-5pt78,RL,0.8-1.0,5,0.865,2026-02-05T13:01:00Z,2026-02-04,2026-02-05,1,-0.029209527381908774,AR[0],0,0
1268876,RL,rl-quarterly-earnings-nongaap-eps-02-05-2026-5pt78,RL,0.8-1.0,5,0.865,2026-02-05T13:01:00Z,2026-02-04,2026-02-05,2,-0.04435917623708607,"CAR[0,1]",0,1
1268876,RL,rl-quarterly-earnings-nongaap-eps-02-05-2026-5pt78,RL,0.8-1.0,5,0.865,2026-02-05T13:01:00Z,2026-02-04,2026-02-05,4,-0.009305548584449532,"CAR[0,3]",0,3
1268876,RL,rl-quarterly-earnings-nongaap-eps-02-05-2026-5pt78,RL,0.8-1.0,5,0.865,2026-02-05T13:01:00Z,2026-02-04,2026-02-05,6,0.0299284393673877,"CAR[0,5]",0,5
1268878,RDDT,rddt-quarterly-earnings-gaap-eps-02-05-2026-0pt93,RDDT.N,0.8-1.0,5,0.935,2026-02-05T21:06:00Z,2026-02-05,2026-02-06,11,-0.2952747010409015,"CAR[-5,5]",-5,5
1268878,RDDT,rddt-quarterly-earnings-gaap-eps-02-05-2026-0pt93,RDDT.N,0.8-1.0,5,0.935,2026-02-05T21:06:00Z,2026-02-05,2026-02-06,1,-0.1151343271667163,AR[0],0,0
1268878,RDDT,rddt-quarterly-earnings-gaap-eps-02-05-2026-0pt93,RDDT.N,0.8-1.0,5,0.935,2026-02-05T21:06:00Z,2026-02-05,2026-02-06,2,-0.11402292301267854,"CAR[0,1]",0,1
1268878,RDDT,rddt-quarterly-earnings-gaap-eps-02-05-2026-0pt93,RDDT.N,0.8-1.0,5,0.935,2026-02-05T21:06:00Z,2026-02-05,2026-02-06,4,-0.1282363282845678,"CAR[0,3]",0,3
1268878,RDDT,rddt-quarterly-earnings-gaap-eps-02-05-2026-0pt93,RDDT.N,0.8-1.0,5,0.935,2026-02-05T21:06:00Z,2026-02-05,2026-02-06,6,-0.10058270060771754,"CAR[0,5]",0,5
1268968,CBOE,cboe-quarterly-earnings-nongaap-eps-02-06-2026-2pt95,CBOE.N,0.8-1.0,5,0.86,2026-02-06T12:30:00Z,2026-02-05,2026-02-06,11,0.02081157903985938,"CAR[-5,5]",-5,5
1268968,CBOE,cboe-quarterly-earnings-nongaap-eps-02-06-2026-2pt95,CBOE.N,0.8-1.0,5,0.86,2026-02-06T12:30:00Z,2026-02-05,2026-02-06,1,-0.0033552646466136673,AR[0],0,0
1268968,CBOE,cboe-quarterly-earnings-nongaap-eps-02-06-2026-2pt95,CBOE.N,0.8-1.0,5,0.86,2026-02-06T12:30:00Z,2026-02-05,2026-02-06,2,0.023780786048657937,"CAR[0,1]",0,1
1268968,CBOE,cboe-quarterly-earnings-nongaap-eps-02-06-2026-2pt95,CBOE.N,0.8-1.0,5,0.86,2026-02-06T12:30:00Z,2026-02-05,2026-02-06,4,-0.02101017124173081,"CAR[0,3]",0,3
1268968,CBOE,cboe-quarterly-earnings-nongaap-eps-02-06-2026-2pt95,CBOE.N,0.8-1.0,5,0.86,2026-02-06T12:30:00Z,2026-02-05,2026-02-06,6,-0.005183909381298812,"CAR[0,5]",0,5
1270843,CI,ci-quarterly-earnings-nongaap-eps-02-05-2026-7pt88,CI,0.8-1.0,5,0.81,2026-02-05T11:00:00Z,2026-02-04,2026-02-05,11,0.0841365008971418,"CAR[-5,5]",-5,5
1270843,CI,ci-quarterly-earnings-nongaap-eps-02-05-2026-7pt88,CI,0.8-1.0,5,0.81,2026-02-05T11:00:00Z,2026-02-04,2026-02-05,1,0.05603380247153881,AR[0],0,0
1270843,CI,ci-quarterly-earnings-nongaap-eps-02-05-2026-7pt88,CI,0.8-1.0,5,0.81,2026-02-05T11:00:00Z,2026-02-04,2026-02-05,2,0.07167139057730613,"CAR[0,1]",0,1
1270843,CI,ci-quarterly-earnings-nongaap-eps-02-05-2026-7pt88,CI,0.8-1.0,5,0.81,2026-02-05T11:00:00Z,2026-02-04,2026-02-05,4,0.059117204058108275,"CAR[0,3]",0,3
1270843,CI,ci-quarterly-earnings-nongaap-eps-02-05-2026-7pt88,CI,0.8-1.0,5,0.81,2026-02-05T11:00:00Z,2026-02-04,2026-02-05,6,0.0712994861598835,"CAR[0,5]",0,5
1279292,CVS,cvs-quarterly-earnings-nongaap-eps-02-10-2026-0pt99,CVS,0.8-1.0,5,0.8250000000000001,2026-02-10T13:30:00Z,2026-02-09,2026-02-10,11,0.017691040305885367,"CAR[-5,5]",-5,5
1279292,CVS,cvs-quarterly-earnings-nongaap-eps-02-10-2026-0pt99,CVS,0.8-1.0,5,0.8250000000000001,2026-02-10T13:30:00Z,2026-02-09,2026-02-10,1,-0.001811815989409272,AR[0],0,0
1279292,CVS,cvs-quarterly-earnings-nongaap-eps-02-10-2026-0pt99,CVS,0.8-1.0,5,0.8250000000000001,2026-02-10T13:30:00Z,2026-02-09,2026-02-10,2,0.014085020255255664,"CAR[0,1]",0,1
1279292,CVS,cvs-quarterly-earnings-nongaap-eps-02-10-2026-0pt99,CVS,0.8-1.0,5,0.8250000000000001,2026-02-10T13:30:00Z,2026-02-09,2026-02-10,4,0.03289662091617633,"CAR[0,3]",0,3
1279292,CVS,cvs-quarterly-earnings-nongaap-eps-02-10-2026-0pt99,CVS,0.8-1.0,5,0.8250000000000001,2026-02-10T13:30:00Z,2026-02-09,2026-02-10,6,0.019151383915621465,"CAR[0,5]",0,5
1279298,SPGI,spgi-quarterly-earnings-nongaap-eps-02-10-2026-4pt33,SPGI.N,0.8-1.0,5,0.855,2026-02-10T12:22:29Z,2026-02-09,2026-02-10,11,-0.21204868870203986,"CAR[-5,5]",-5,5
1279298,SPGI,spgi-quarterly-earnings-nongaap-eps-02-10-2026-4pt33,SPGI.N,0.8-1.0,5,0.855,2026-02-10T12:22:29Z,2026-02-09,2026-02-10,1,-0.09618580260055475,AR[0],0,0
1279298,SPGI,spgi-quarterly-earnings-nongaap-eps-02-10-2026-4pt33,SPGI.N,0.8-1.0,5,0.855,2026-02-10T12:22:29Z,2026-02-09,2026-02-10,2,-0.12188275697136408,"CAR[0,1]",0,1
1279298,SPGI,spgi-quarterly-earnings-nongaap-eps-02-10-2026-4pt33,SPGI.N,0.8-1.0,5,0.855,2026-02-10T12:22:29Z,2026-02-09,2026-02-10,4,-0.07040891035400657,"CAR[0,3]",0,3
1279298,SPGI,spgi-quarterly-earnings-nongaap-eps-02-10-2026-4pt33,SPGI.N,0.8-1.0,5,0.855,2026-02-10T12:22:29Z,2026-02-09,2026-02-10,6,-0.04807811410390873,"CAR[0,5]",0,5
1279299,HOOD,hood-quarterly-earnings-gaap-eps-02-10-2026-0pt63,HOOD.N,0.8-1.0,5,0.84,2026-02-10T21:00:00Z,2026-02-10,2026-02-11,11,-0.09334552190485014,"CAR[-5,5]",-5,5
1279299,HOOD,hood-quarterly-earnings-gaap-eps-02-10-2026-0pt63,HOOD.N,0.8-1.0,5,0.84,2026-02-10T21:00:00Z,2026-02-10,2026-02-11,1,-0.08949717371092827,AR[0],0,0
1279299,HOOD,hood-quarterly-earnings-gaap-eps-02-10-2026-0pt63,HOOD.N,0.8-1.0,5,0.84,2026-02-10T21:00:00Z,2026-02-10,2026-02-11,2,-0.1282515372763671,"CAR[0,1]",0,1
1279299,HOOD,hood-quarterly-earnings-gaap-eps-02-10-2026-0pt63,HOOD.N,0.8-1.0,5,0.84,2026-02-10T21:00:00Z,2026-02-10,2026-02-11,4,-0.07257644477967153,"CAR[0,3]",0,3
1279299,HOOD,hood-quarterly-earnings-gaap-eps-02-10-2026-0pt63,HOOD.N,0.8-1.0,5,0.84,2026-02-10T21:00:00Z,2026-02-10,2026-02-11,6,-0.08003764648116027,"CAR[0,5]",0,5
1279474,AMD,amd-quarterly-earnings-nongaap-eps-02-03-2026-1pt32,AMD.N,0.8-1.0,5,0.905,2026-02-03T21:00:00Z,2026-02-03,2026-02-04,11,-0.15468052468715093,"CAR[-5,5]",-5,5
1279474,AMD,amd-quarterly-earnings-nongaap-eps-02-03-2026-1pt32,AMD.N,0.8-1.0,5,0.905,2026-02-03T21:00:00Z,2026-02-03,2026-02-04,1,-0.16390183245956322,AR[0],0,0
1279474,AMD,amd-quarterly-earnings-nongaap-eps-02-03-2026-1pt32,AMD.N,0.8-1.0,5,0.905,2026-02-03T21:00:00Z,2026-02-03,2026-02-04,2,-0.17425854820667203,"CAR[0,1]",0,1
1279474,AMD,amd-quarterly-earnings-nongaap-eps-02-03-2026-1pt32,AMD.N,0.8-1.0,5,0.905,2026-02-03T21:00:00Z,2026-02-03,2026-02-04,4,-0.12294812503647357,"CAR[0,3]",0,3
1279474,AMD,amd-quarterly-earnings-nongaap-eps-02-03-2026-1pt32,AMD.N,0.8-1.0,5,0.905,2026-02-03T21:00:00Z,2026-02-03,2026-02-04,6,-0.1303501899379724,"CAR[0,5]",0,5
1279575,KO,ko-quarterly-earnings-nongaap-eps-02-10-2026-0pt56,KO,0.8-1.0,5,0.89,2026-02-10T11:55:00Z,2026-02-09,2026-02-10,11,0.05212573461147073,"CAR[-5,5]",-5,5
1279575,KO,ko-quarterly-earnings-nongaap-eps-02-10-2026-0pt56,KO,0.8-1.0,5,0.89,2026-02-10T11:55:00Z,2026-02-09,2026-02-10,1,-0.015371592622346908,AR[0],0,0
1279575,KO,ko-quarterly-earnings-nongaap-eps-02-10-2026-0pt56,KO,0.8-1.0,5,0.89,2026-02-10T11:55:00Z,2026-02-09,2026-02-10,2,0.007846324080646583,"CAR[0,1]",0,1
1279575,KO,ko-quarterly-earnings-nongaap-eps-02-10-2026-0pt56,KO,0.8-1.0,5,0.89,2026-02-10T11:55:00Z,2026-02-09,2026-02-10,4,0.006824963136021914,"CAR[0,3]",0,3
1279575,KO,ko-quarterly-earnings-nongaap-eps-02-10-2026-0pt56,KO,0.8-1.0,5,0.89,2026-02-10T11:55:00Z,2026-02-09,2026-02-10,6,0.01779573300162446,"CAR[0,5]",0,5
1280187,NET,net-quarterly-earnings-nongaap-eps-02-11-2026-0pt27,NET,0.8-1.0,5,0.8250000000000001,2026-02-10T21:15:00Z,2026-02-10,2026-02-11,11,0.1519521509965859,"CAR[-5,5]",-5,5
1280187,NET,net-quarterly-earnings-nongaap-eps-02-11-2026-0pt27,NET,0.8-1.0,5,0.8250000000000001,2026-02-10T21:15:00Z,2026-02-10,2026-02-11,1,0.05324282888765652,AR[0],0,0
1280187,NET,net-quarterly-earnings-nongaap-eps-02-11-2026-0pt27,NET,0.8-1.0,5,0.8250000000000001,2026-02-10T21:15:00Z,2026-02-10,2026-02-11,2,0.06040109237478303,"CAR[0,1]",0,1
1280187,NET,net-quarterly-earnings-nongaap-eps-02-11-2026-0pt27,NET,0.8-1.0,5,0.8250000000000001,2026-02-10T21:15:00Z,2026-02-10,2026-02-11,4,0.10570126275323104,"CAR[0,3]",0,3
1280187,NET,net-quarterly-earnings-nongaap-eps-02-11-2026-0pt27,NET,0.8-1.0,5,0.8250000000000001,2026-02-10T21:15:00Z,2026-02-10,2026-02-11,6,0.09687675877986685,"CAR[0,5]",0,5
1280188,DDOG,ddog-quarterly-earnings-nongaap-eps-02-10-2026-0pt55,DDOG.N,0.8-1.0,5,0.88,2026-02-10T12:00:01Z,2026-02-09,2026-02-10,11,-0.022118639465417804,"CAR[-5,5]",-5,5
1280188,DDOG,ddog-quarterly-earnings-nongaap-eps-02-10-2026-0pt55,DDOG.N,0.8-1.0,5,0.88,2026-02-10T12:00:01Z,2026-02-09,2026-02-10,1,0.1381445806878811,AR[0],0,0
1280188,DDOG,ddog-quarterly-earnings-nongaap-eps-02-10-2026-0pt55,DDOG.N,0.8-1.0,5,0.88,2026-02-10T12:00:01Z,2026-02-09,2026-02-10,2,0.12133534978974685,"CAR[0,1]",0,1
1280188,DDOG,ddog-quarterly-earnings-nongaap-eps-02-10-2026-0pt55,DDOG.N,0.8-1.0,5,0.88,2026-02-10T12:00:01Z,2026-02-09,2026-02-10,4,0.125048605162342,"CAR[0,3]",0,3
1280188,DDOG,ddog-quarterly-earnings-nongaap-eps-02-10-2026-0pt55,DDOG.N,0.8-1.0,5,0.88,2026-02-10T12:00:01Z,2026-02-09,2026-02-10,6,0.08847883883086971,"CAR[0,5]",0,5
1287877,MRK,mrk-quarterly-earnings-nongaap-eps-02-03-2026-2pt01,MRK,0.8-1.0,5,0.865,2026-02-03T11:30:00Z,2026-02-02,2026-02-03,11,0.07048761669222157,"CAR[-5,5]",-5,5
1287877,MRK,mrk-quarterly-earnings-nongaap-eps-02-03-2026-2pt01,MRK,0.8-1.0,5,0.865,2026-02-03T11:30:00Z,2026-02-02,2026-02-03,1,0.023531915282043864,AR[0],0,0
1287877,MRK,mrk-quarterly-earnings-nongaap-eps-02-03-2026-2pt01,MRK,0.8-1.0,5,0.865,2026-02-03T11:30:00Z,2026-02-02,2026-02-03,2,0.04540328140057996,"CAR[0,1]",0,1
1287877,MRK,mrk-quarterly-earnings-nongaap-eps-02-03-2026-2pt01,MRK,0.8-1.0,5,0.865,2026-02-03T11:30:00Z,2026-02-02,2026-02-03,4,0.06913461424323193,"CAR[0,3]",0,3
1287877,MRK,mrk-quarterly-earnings-nongaap-eps-02-03-2026-2pt01,MRK,0.8-1.0,5,0.865,2026-02-03T11:30:00Z,2026-02-02,2026-02-03,6,0.02579749289047984,"CAR[0,5]",0,5
1287878,PYPL,pypl-quarterly-earnings-nongaap-eps-02-03-2026-1pt29,PYPL.N,0.8-1.0,5,0.85,2026-02-03T12:01:16Z,2026-02-02,2026-02-03,11,-0.2530782267822166,"CAR[-5,5]",-5,5
1287878,PYPL,pypl-quarterly-earnings-nongaap-eps-02-03-2026-1pt29,PYPL.N,0.8-1.0,5,0.85,2026-02-03T12:01:16Z,2026-02-02,2026-02-03,1,-0.19051982305844123,AR[0],0,0
1287878,PYPL,pypl-quarterly-earnings-nongaap-eps-02-03-2026-1pt29,PYPL.N,0.8-1.0,5,0.85,2026-02-03T12:01:16Z,2026-02-02,2026-02-03,2,-0.19108832751972865,"CAR[0,1]",0,1
1287878,PYPL,pypl-quarterly-earnings-nongaap-eps-02-03-2026-1pt29,PYPL.N,0.8-1.0,5,0.85,2026-02-03T12:01:16Z,2026-02-02,2026-02-03,4,-0.21278333681553438,"CAR[0,3]",0,3
1287878,PYPL,pypl-quarterly-earnings-nongaap-eps-02-03-2026-1pt29,PYPL.N,0.8-1.0,5,0.85,2026-02-03T12:01:16Z,2026-02-02,2026-02-03,6,-0.1831762339741343,"CAR[0,5]",0,5
1287905,CSCO,csco-quarterly-earnings-nongaap-eps-02-11-2026-1pt02,CSCO.N,0.8-1.0,5,0.925,2026-02-11T21:00:00Z,2026-02-11,2026-02-12,11,-0.02239917652570692,"CAR[-5,5]",-5,5
1287905,CSCO,csco-quarterly-earnings-nongaap-eps-02-11-2026-1pt02,CSCO.N,0.8-1.0,5,0.925,2026-02-11T21:00:00Z,2026-02-11,2026-02-12,1,-0.10959414710868902,AR[0],0,0
1287905,CSCO,csco-quarterly-earnings-nongaap-eps-02-11-2026-1pt02,CSCO.N,0.8-1.0,5,0.925,2026-02-11T21:00:00Z,2026-02-11,2026-02-12,2,-0.08531315942514713,"CAR[0,1]",0,1
1287905,CSCO,csco-quarterly-earnings-nongaap-eps-02-11-2026-1pt02,CSCO.N,0.8-1.0,5,0.925,2026-02-11T21:00:00Z,2026-02-11,2026-02-12,4,-0.07512711020967731,"CAR[0,3]",0,3
1287905,CSCO,csco-quarterly-earnings-nongaap-eps-02-11-2026-1pt02,CSCO.N,0.8-1.0,5,0.925,2026-02-11T21:00:00Z,2026-02-11,2026-02-12,6,-0.06563274865475746,"CAR[0,5]",0,5
1288098,HLT,hlt-quarterly-earnings-nongaap-eps-02-11-2026-2pt02,HLT,0.8-1.0,5,0.845,2026-02-11T11:00:00Z,2026-02-10,2026-02-11,11,0.027322897622476285,"CAR[-5,5]",-5,5
1288098,HLT,hlt-quarterly-earnings-nongaap-eps-02-11-2026-2pt02,HLT,0.8-1.0,5,0.845,2026-02-11T11:00:00Z,2026-02-10,2026-02-11,1,0.003983271752064249,AR[0],0,0
1288098,HLT,hlt-quarterly-earnings-nongaap-eps-02-11-2026-2pt02,HLT,0.8-1.0,5,0.845,2026-02-11T11:00:00Z,2026-02-10,2026-02-11,2,0.004472178108762875,"CAR[0,1]",0,1
1288098,HLT,hlt-quarterly-earnings-nongaap-eps-02-11-2026-2pt02,HLT,0.8-1.0,5,0.845,2026-02-11T11:00:00Z,2026-02-10,2026-02-11,4,-0.010706289037531243,"CAR[0,3]",0,3
1288098,HLT,hlt-quarterly-earnings-nongaap-eps-02-11-2026-2pt02,HLT,0.8-1.0,5,0.845,2026-02-11T11:00:00Z,2026-02-10,2026-02-11,6,-0.02947663459663664,"CAR[0,5]",0,5
1292720,TSN,tsn-quarterly-earnings-nongaap-eps-02-02-2026-0pt94,TSN,0.8-1.0,5,0.8250000000000001,2026-02-02T12:00:00Z,2026-01-30,2026-02-02,11,0.05637775607793835,"CAR[-5,5]",-5,5
1292720,TSN,tsn-quarterly-earnings-nongaap-eps-02-02-2026-0pt94,TSN,0.8-1.0,5,0.8250000000000001,2026-02-02T12:00:00Z,2026-01-30,2026-02-02,1,0.003777640719617412,AR[0],0,0
1292720,TSN,tsn-quarterly-earnings-nongaap-eps-02-02-2026-0pt94,TSN,0.8-1.0,5,0.8250000000000001,2026-02-02T12:00:00Z,2026-01-30,2026-02-02,2,-0.007353048840068085,"CAR[0,1]",0,1
1292720,TSN,tsn-quarterly-earnings-nongaap-eps-02-02-2026-0pt94,TSN,0.8-1.0,5,0.8250000000000001,2026-02-02T12:00:00Z,2026-01-30,2026-02-02,4,0.00721732795551589,"CAR[0,3]",0,3
1292720,TSN,tsn-quarterly-earnings-nongaap-eps-02-02-2026-0pt94,TSN,0.8-1.0,5,0.8250000000000001,2026-02-02T12:00:00Z,2026-01-30,2026-02-02,6,-9.01450486001272e-4,"CAR[0,5]",0,5
1293473,BUD,bud-quarterly-earnings-nongaap-eps-02-12-2026-0pt89,BUD,0.8-1.0,5,0.81,2026-02-12T06:00:00Z,2026-02-11,2026-02-12,11,0.060961494721146765,"CAR[-5,5]",-5,5
1293473,BUD,bud-quarterly-earnings-nongaap-eps-02-12-2026-0pt89,BUD,0.8-1.0,5,0.81,2026-02-12T06:00:00Z,2026-02-11,2026-02-12,1,0.04155023570272694,AR[0],0,0
1293473,BUD,bud-quarterly-earnings-nongaap-eps-02-12-2026-0pt89,BUD,0.8-1.0,5,0.81,2026-02-12T06:00:00Z,2026-02-11,2026-02-12,2,0.044538469408717696,"CAR[0,1]",0,1
1293473,BUD,bud-quarterly-earnings-nongaap-eps-02-12-2026-0pt89,BUD,0.8-1.0,5,0.81,2026-02-12T06:00:00Z,2026-02-11,2026-02-12,4,0.026051611058091922,"CAR[0,3]",0,3
1293473,BUD,bud-quarterly-earnings-nongaap-eps-02-12-2026-0pt89,BUD,0.8-1.0,5,0.81,2026-02-12T06:00:00Z,2026-02-11,2026-02-12,6,0.022039503490081724,"CAR[0,5]",0,5
1293861,PANW,panw-quarterly-earnings-nongaap-eps-02-12-2026-0pt94,PANW.N,0.8-1.0,5,0.89,2026-02-17T21:00:00Z,2026-02-17,2026-02-18,11,-0.1127436631914055,"CAR[-5,5]",-5,5
1293861,PANW,panw-quarterly-earnings-nongaap-eps-02-12-2026-0pt94,PANW.N,0.8-1.0,5,0.89,2026-02-17T21:00:00Z,2026-02-17,2026-02-18,1,-0.07262033022778587,AR[0],0,0
1293861,PANW,panw-quarterly-earnings-nongaap-eps-02-12-2026-0pt94,PANW.N,0.8-1.0,5,0.89,2026-02-17T21:00:00Z,2026-02-17,2026-02-18,2,-0.07769367408107353,"CAR[0,1]",0,1
1293861,PANW,panw-quarterly-earnings-nongaap-eps-02-12-2026-0pt94,PANW.N,0.8-1.0,5,0.89,2026-02-17T21:00:00Z,2026-02-17,2026-02-18,4,-0.11618572392831301,"CAR[0,3]",0,3
1293861,PANW,panw-quarterly-earnings-nongaap-eps-02-12-2026-0pt94,PANW.N,0.8-1.0,5,0.89,2026-02-17T21:00:00Z,2026-02-17,2026-02-18,6,-0.12708622882590925,"CAR[0,5]",0,5
1321184,EL,el-quarterly-earnings-nongaap-eps-02-05-2026-0pt83,EL,0.8-1.0,5,0.885,2026-02-05T11:00:00Z,2026-02-04,2026-02-05,11,-0.03953909736719304,"CAR[-5,5]",-5,5
1321184,EL,el-quarterly-earnings-nongaap-eps-02-05-2026-0pt83,EL,0.8-1.0,5,0.885,2026-02-05T11:00:00Z,2026-02-04,2026-02-05,1,-0.1739183797864775,AR[0],0,0
1321184,EL,el-quarterly-earnings-nongaap-eps-02-05-2026-0pt83,EL,0.8-1.0,5,0.885,2026-02-05T11:00:00Z,2026-02-04,2026-02-05,2,-0.17909011257634785,"CAR[0,1]",0,1
1321184,EL,el-quarterly-earnings-nongaap-eps-02-05-2026-0pt83,EL,0.8-1.0,5,0.885,2026-02-05T11:00:00Z,2026-02-04,2026-02-05,4,-0.166874772743591,"CAR[0,3]",0,3
1321184,EL,el-quarterly-earnings-nongaap-eps-02-05-2026-0pt83,EL,0.8-1.0,5,0.885,2026-02-05T11:00:00Z,2026-02-04,2026-02-05,6,-0.09528399057029788,"CAR[0,5]",0,5
1321395,ACM,acm-quarterly-earnings-nongaap-eps-02-09-2026-1pt16,ACM,0.8-1.0,5,0.8,2026-02-09T21:05:00Z,2026-02-09,2026-02-10,11,0.02468444586985835,"CAR[-5,5]",-5,5
1321395,ACM,acm-quarterly-earnings-nongaap-eps-02-09-2026-1pt16,ACM,0.8-1.0,5,0.8,2026-02-09T21:05:00Z,2026-02-09,2026-02-10,1,0.01556085757698858,AR[0],0,0
1321395,ACM,acm-quarterly-earnings-nongaap-eps-02-09-2026-1pt16,ACM,0.8-1.0,5,0.8,2026-02-09T21:05:00Z,2026-02-09,2026-02-10,2,-0.011563910860080732,"CAR[0,1]",0,1
1321395,ACM,acm-quarterly-earnings-nongaap-eps-02-09-2026-1pt16,ACM,0.8-1.0,5,0.8,2026-02-09T21:05:00Z,2026-02-09,2026-02-10,4,-0.12080872440522855,"CAR[0,3]",0,3
1321395,ACM,acm-quarterly-earnings-nongaap-eps-02-09-2026-1pt16,ACM,0.8-1.0,5,0.8,2026-02-09T21:05:00Z,2026-02-09,2026-02-10,6,-0.044497416611858014,"CAR[0,5]",0,5
1321401,GTM,gtm-quarterly-earnings-nongaap-eps-02-09-2026-0pt28,GTM.N,0.8-1.0,5,0.84,2026-02-09T21:05:00Z,2026-02-09,2026-02-10,11,-0.11115832053287308,"CAR[-5,5]",-5,5
1321401,GTM,gtm-quarterly-earnings-nongaap-eps-02-09-2026-0pt28,GTM.N,0.8-1.0,5,0.84,2026-02-09T21:05:00Z,2026-02-09,2026-02-10,1,-0.08794688401619753,AR[0],0,0
1321401,GTM,gtm-quarterly-earnings-nongaap-eps-02-09-2026-0pt28,GTM.N,0.8-1.0,5,0.84,2026-02-09T21:05:00Z,2026-02-09,2026-02-10,2,-0.09993119162224144,"CAR[0,1]",0,1
1321401,GTM,gtm-quarterly-earnings-nongaap-eps-02-09-2026-0pt28,GTM.N,0.8-1.0,5,0.84,2026-02-09T21:05:00Z,2026-02-09,2026-02-10,4,-0.09640698277444179,"CAR[0,3]",0,3
1321401,GTM,gtm-quarterly-earnings-nongaap-eps-02-09-2026-0pt28,GTM.N,0.8-1.0,5,0.84,2026-02-09T21:05:00Z,2026-02-09,2026-02-10,6,-0.0673296399203109,"CAR[0,5]",0,5
1321402,DD,dd-quarterly-earnings-nongaap-eps-02-10-2026-0pt43,DD,0.8-1.0,5,0.8200000000000001,2026-02-10T11:00:01Z,2026-02-09,2026-02-10,11,0.14760223345489104,"CAR[-5,5]",-5,5
1321402,DD,dd-quarterly-earnings-nongaap-eps-02-10-2026-0pt43,DD,0.8-1.0,5,0.8200000000000001,2026-02-10T11:00:01Z,2026-02-09,2026-02-10,1,0.05146611974890836,AR[0],0,0
1321402,DD,dd-quarterly-earnings-nongaap-eps-02-10-2026-0pt43,DD,0.8-1.0,5,0.8200000000000001,2026-02-10T11:00:01Z,2026-02-09,2026-02-10,2,0.09237870150425664,"CAR[0,1]",0,1
1321402,DD,dd-quarterly-earnings-nongaap-eps-02-10-2026-0pt43,DD,0.8-1.0,5,0.8200000000000001,2026-02-10T11:00:01Z,2026-02-09,2026-02-10,4,0.08098108943188682,"CAR[0,3]",0,3
1321402,DD,dd-quarterly-earnings-nongaap-eps-02-10-2026-0pt43,DD,0.8-1.0,5,0.8200000000000001,2026-02-10T11:00:01Z,2026-02-09,2026-02-10,6,0.09287547735051534,"CAR[0,5]",0,5
1321482,APP,app-quarterly-earnings-gaap-eps-02-11-2026-2pt95,APP.N,0.8-1.0,5,0.855,2026-02-11T21:05:00Z,2026-02-11,2026-02-12,11,0.08673905284487773,"CAR[-5,5]",-5,5
1321482,APP,app-quarterly-earnings-gaap-eps-02-11-2026-2pt95,APP.N,0.8-1.0,5,0.855,2026-02-11T21:05:00Z,2026-02-11,2026-02-12,1,-0.16504764776018227,AR[0],0,0
1321482,APP,app-quarterly-earnings-gaap-eps-02-11-2026-2pt95,APP.N,0.8-1.0,5,0.855,2026-02-11T21:05:00Z,2026-02-11,2026-02-12,2,-0.10312028019064029,"CAR[0,1]",0,1
1321482,APP,app-quarterly-earnings-gaap-eps-02-11-2026-2pt95,APP.N,0.8-1.0,5,0.855,2026-02-11T21:05:00Z,2026-02-11,2026-02-12,4,-0.08348160060980818,"CAR[0,3]",0,3
1321482,APP,app-quarterly-earnings-gaap-eps-02-11-2026-2pt95,APP.N,0.8-1.0,5,0.855,2026-02-11T21:05:00Z,2026-02-11,2026-02-12,6,-0.06245525890547325,"CAR[0,5]",0,5
1321484,KHC,khc-quarterly-earnings-nongaap-eps-02-11-2026-0pt61,KHC.N,0.8-1.0,5,0.8150000000000001,2026-02-11T12:00:00Z,2026-02-10,2026-02-11,11,0.016998271129351483,"CAR[-5,5]",-5,5
1321484,KHC,khc-quarterly-earnings-nongaap-eps-02-11-2026-0pt61,KHC.N,0.8-1.0,5,0.8150000000000001,2026-02-11T12:00:00Z,2026-02-10,2026-02-11,1,0.001371274389142768,AR[0],0,0
1321484,KHC,khc-quarterly-earnings-nongaap-eps-02-11-2026-0pt61,KHC.N,0.8-1.0,5,0.8150000000000001,2026-02-11T12:00:00Z,2026-02-10,2026-02-11,2,-0.021154586029895225,"CAR[0,1]",0,1
1321484,KHC,khc-quarterly-earnings-nongaap-eps-02-11-2026-0pt61,KHC.N,0.8-1.0,5,0.8150000000000001,2026-02-11T12:00:00Z,2026-02-10,2026-02-11,4,-0.04072292482177386,"CAR[0,3]",0,3
1321484,KHC,khc-quarterly-earnings-nongaap-eps-02-11-2026-0pt61,KHC.N,0.8-1.0,5,0.8150000000000001,2026-02-11T12:00:00Z,2026-02-10,2026-02-11,6,-0.031499663435008075,"CAR[0,5]",0,5
1321485,HUBS,hubs-quarterly-earnings-nongaap-eps-02-11-2026-2pt99,HUBS.N,0.8-1.0,5,0.85,2026-02-11T21:05:00Z,2026-02-11,2026-02-12,11,0.009240737611269301,"CAR[-5,5]",-5,5
1321485,HUBS,hubs-quarterly-earnings-nongaap-eps-02-11-2026-2pt99,HUBS.N,0.8-1.0,5,0.85,2026-02-11T21:05:00Z,2026-02-11,2026-02-12,1,0.1174621846743594,AR[0],0,0
1321485,HUBS,hubs-quarterly-earnings-nongaap-eps-02-11-2026-2pt99,HUBS.N,0.8-1.0,5,0.85,2026-02-11T21:05:00Z,2026-02-11,2026-02-12,2,0.18565416905000687,"CAR[0,1]",0,1
1321485,HUBS,hubs-quarterly-earnings-nongaap-eps-02-11-2026-2pt99,HUBS.N,0.8-1.0,5,0.85,2026-02-11T21:05:00Z,2026-02-11,2026-02-12,4,0.21036552609577228,"CAR[0,3]",0,3
1321485,HUBS,hubs-quarterly-earnings-nongaap-eps-02-11-2026-2pt99,HUBS.N,0.8-1.0,5,0.85,2026-02-11T21:05:00Z,2026-02-11,2026-02-12,6,0.14503057270997027,"CAR[0,5]",0,5
1326501,LH,lh-quarterly-earnings-nongaap-eps-02-17-2026-3pt94,LH,0.8-1.0,5,0.845,2026-02-17T11:50:00Z,2026-02-13,2026-02-17,11,0.045291158005910485,"CAR[-5,5]",-5,5
1326501,LH,lh-quarterly-earnings-nongaap-eps-02-17-2026-3pt94,LH,0.8-1.0,5,0.845,2026-02-17T11:50:00Z,2026-02-13,2026-02-17,1,-0.020951448614832013,AR[0],0,0
1326501,LH,lh-quarterly-earnings-nongaap-eps-02-17-2026-3pt94,LH,0.8-1.0,5,0.845,2026-02-17T11:50:00Z,2026-02-13,2026-02-17,2,-0.01491112874936579,"CAR[0,1]",0,1
1326501,LH,lh-quarterly-earnings-nongaap-eps-02-17-2026-3pt94,LH,0.8-1.0,5,0.845,2026-02-17T11:50:00Z,2026-02-13,2026-02-17,4,-0.0013690621087626502,"CAR[0,3]",0,3
1326501,LH,lh-quarterly-earnings-nongaap-eps-02-17-2026-3pt94,LH,0.8-1.0,5,0.845,2026-02-17T11:50:00Z,2026-02-13,2026-02-17,6,0.016367010434779134,"CAR[0,5]",0,5
1326576,WAY,way-quarterly-earnings-nongaap-eps-02-17-2026-0pt4,WAY.N,0.8-1.0,5,0.8150000000000001,2026-02-17T12:00:01Z,2026-02-13,2026-02-17,11,0.08012510488444774,"CAR[-5,5]",-5,5
1326576,WAY,way-quarterly-earnings-nongaap-eps-02-17-2026-0pt4,WAY.N,0.8-1.0,5,0.8150000000000001,2026-02-17T12:00:01Z,2026-02-13,2026-02-17,1,0.08817501645579924,AR[0],0,0
1326576,WAY,way-quarterly-earnings-nongaap-eps-02-17-2026-0pt4,WAY.N,0.8-1.0,5,0.8150000000000001,2026-02-17T12:00:01Z,2026-02-13,2026-02-17,2,0.13062373356608897,"CAR[0,1]",0,1
1326576,WAY,way-quarterly-earnings-nongaap-eps-02-17-2026-0pt4,WAY.N,0.8-1.0,5,0.8150000000000001,2026-02-17T12:00:01Z,2026-02-13,2026-02-17,4,0.1174532199450347,"CAR[0,3]",0,3
1326576,WAY,way-quarterly-earnings-nongaap-eps-02-17-2026-0pt4,WAY.N,0.8-1.0,5,0.8150000000000001,2026-02-17T12:00:01Z,2026-02-13,2026-02-17,6,0.1323794079334964,"CAR[0,5]",0,5
1339470,WING,wing-quarterly-earnings-gaap-eps-02-18-2026-0pt84,WING.N,0.8-1.0,5,0.835,2026-02-18T12:45:00Z,2026-02-17,2026-02-18,11,-0.04199091982718557,"CAR[-5,5]",-5,5
1339470,WING,wing-quarterly-earnings-gaap-eps-02-18-2026-0pt84,WING.N,0.8-1.0,5,0.835,2026-02-18T12:45:00Z,2026-02-17,2026-02-18,1,0.10367065053487322,AR[0],0,0
1339470,WING,wing-quarterly-earnings-gaap-eps-02-18-2026-0pt84,WING.N,0.8-1.0,5,0.835,2026-02-18T12:45:00Z,2026-02-17,2026-02-18,2,0.039942434544652974,"CAR[0,1]",0,1
1339470,WING,wing-quarterly-earnings-gaap-eps-02-18-2026-0pt84,WING.N,0.8-1.0,5,0.835,2026-02-18T12:45:00Z,2026-02-17,2026-02-18,4,0.003853804125297471,"CAR[0,3]",0,3
1339470,WING,wing-quarterly-earnings-gaap-eps-02-18-2026-0pt84,WING.N,0.8-1.0,5,0.835,2026-02-18T12:45:00Z,2026-02-17,2026-02-18,6,0.02218118135678639,"CAR[0,5]",0,5
1339583,ADI,adi-quarterly-earnings-nongaap-eps-02-18-2026-2pt3,ADI.N,0.8-1.0,5,0.89,2026-02-18T12:00:00Z,2026-02-17,2026-02-18,11,0.1139184678368557,"CAR[-5,5]",-5,5
1339583,ADI,adi-quarterly-earnings-nongaap-eps-02-18-2026-2pt3,ADI.N,0.8-1.0,5,0.89,2026-02-18T12:00:00Z,2026-02-17,2026-02-18,1,0.016542824653982116,AR[0],0,0
1339583,ADI,adi-quarterly-earnings-nongaap-eps-02-18-2026-2pt3,ADI.N,0.8-1.0,5,0.89,2026-02-18T12:00:00Z,2026-02-17,2026-02-18,2,0.01721554791877801,"CAR[0,1]",0,1
1339583,ADI,adi-quarterly-earnings-nongaap-eps-02-18-2026-2pt3,ADI.N,0.8-1.0,5,0.89,2026-02-18T12:00:00Z,2026-02-17,2026-02-18,4,0.04968705857865394,"CAR[0,3]",0,3
1339583,ADI,adi-quarterly-earnings-nongaap-eps-02-18-2026-2pt3,ADI.N,0.8-1.0,5,0.89,2026-02-18T12:00:00Z,2026-02-17,2026-02-18,6,0.04370219908995844,"CAR[0,5]",0,5
1339587,CRL,crl-quarterly-earnings-nongaap-eps-02-18-2026-2pt35,CRL,0.8-1.0,5,0.875,2026-02-18T12:00:00Z,2026-02-17,2026-02-18,11,-0.10937846857369059,"CAR[-5,5]",-5,5
1339587,CRL,crl-quarterly-earnings-nongaap-eps-02-18-2026-2pt35,CRL,0.8-1.0,5,0.875,2026-02-18T12:00:00Z,2026-02-17,2026-02-18,1,-0.011124526759947061,AR[0],0,0
1339587,CRL,crl-quarterly-earnings-nongaap-eps-02-18-2026-2pt35,CRL,0.8-1.0,5,0.875,2026-02-18T12:00:00Z,2026-02-17,2026-02-18,2,0.030059549551038615,"CAR[0,1]",0,1
1339587,CRL,crl-quarterly-earnings-nongaap-eps-02-18-2026-2pt35,CRL,0.8-1.0,5,0.875,2026-02-18T12:00:00Z,2026-02-17,2026-02-18,4,0.02748512577174988,"CAR[0,3]",0,3
1339587,CRL,crl-quarterly-earnings-nongaap-eps-02-18-2026-2pt35,CRL,0.8-1.0,5,0.875,2026-02-18T12:00:00Z,2026-02-17,2026-02-18,6,0.031231473403040288,"CAR[0,5]",0,5
1339782,AKAM,akam-quarterly-earnings-nongaap-eps-02-19-2026-1pt75,AKAM.N,0.8-1.0,5,0.925,2026-02-19T21:01:00Z,2026-02-19,2026-02-20,11,0.06335191285027861,"CAR[-5,5]",-5,5
1339782,AKAM,akam-quarterly-earnings-nongaap-eps-02-19-2026-1pt75,AKAM.N,0.8-1.0,5,0.925,2026-02-19T21:01:00Z,2026-02-19,2026-02-20,1,-0.14515765617260923,AR[0],0,0
1339782,AKAM,akam-quarterly-earnings-nongaap-eps-02-19-2026-1pt75,AKAM.N,0.8-1.0,5,0.925,2026-02-19T21:01:00Z,2026-02-19,2026-02-20,2,-0.08840347699354134,"CAR[0,1]",0,1
1339782,AKAM,akam-quarterly-earnings-nongaap-eps-02-19-2026-1pt75,AKAM.N,0.8-1.0,5,0.925,2026-02-19T21:01:00Z,2026-02-19,2026-02-20,4,-0.08997044248960409,"CAR[0,3]",0,3
1339782,AKAM,akam-quarterly-earnings-nongaap-eps-02-19-2026-1pt75,AKAM.N,0.8-1.0,5,0.925,2026-02-19T21:01:00Z,2026-02-19,2026-02-20,6,-0.0986456291005692,"CAR[0,5]",0,5
1339793,ED,ed-quarterly-earnings-nongaap-eps-02-19-2026-0pt86,ED,0.8-1.0,5,0.86,2026-02-19T21:37:31Z,2026-02-19,2026-02-20,11,0.02003939765344021,"CAR[-5,5]",-5,5
1339793,ED,ed-quarterly-earnings-nongaap-eps-02-19-2026-0pt86,ED,0.8-1.0,5,0.86,2026-02-19T21:37:31Z,2026-02-19,2026-02-20,1,-0.016905413326262938,AR[0],0,0
1339793,ED,ed-quarterly-earnings-nongaap-eps-02-19-2026-0pt86,ED,0.8-1.0,5,0.86,2026-02-19T21:37:31Z,2026-02-19,2026-02-20,2,9.03720876921147e-4,"CAR[0,1]",0,1
1339793,ED,ed-quarterly-earnings-nongaap-eps-02-19-2026-0pt86,ED,0.8-1.0,5,0.86,2026-02-19T21:37:31Z,2026-02-19,2026-02-20,4,-0.0047783272600258435,"CAR[0,3]",0,3
1339793,ED,ed-quarterly-earnings-nongaap-eps-02-19-2026-0pt86,ED,0.8-1.0,5,0.86,2026-02-19T21:37:31Z,2026-02-19,2026-02-20,6,0.0055525676931196186,"CAR[0,5]",0,5
1339807,DBX,dbx-quarterly-earnings-nongaap-eps-02-19-2026-0pt67,DBX.N,0.8-1.0,5,0.94,2026-02-19T21:04:00Z,2026-02-19,2026-02-20,11,0.04386853409112356,"CAR[-5,5]",-5,5
1339807,DBX,dbx-quarterly-earnings-nongaap-eps-02-19-2026-0pt67,DBX.N,0.8-1.0,5,0.94,2026-02-19T21:04:00Z,2026-02-19,2026-02-20,1,0.026854637170951455,AR[0],0,0
1339807,DBX,dbx-quarterly-earnings-nongaap-eps-02-19-2026-0pt67,DBX.N,0.8-1.0,5,0.94,2026-02-19T21:04:00Z,2026-02-19,2026-02-20,2,-0.0022102613727916567,"CAR[0,1]",0,1
1339807,DBX,dbx-quarterly-earnings-nongaap-eps-02-19-2026-0pt67,DBX.N,0.8-1.0,5,0.94,2026-02-19T21:04:00Z,2026-02-19,2026-02-20,4,-0.01605548007097556,"CAR[0,3]",0,3
1339807,DBX,dbx-quarterly-earnings-nongaap-eps-02-19-2026-0pt67,DBX.N,0.8-1.0,5,0.94,2026-02-19T21:04:00Z,2026-02-19,2026-02-20,6,0.017001053818124515,"CAR[0,5]",0,5
1360933,WIX,wix-quarterly-earnings-nongaap-eps-02-18-2026-1pt47,WIX.N,0.8-1.0,5,0.8,2026-03-04T10:14:43Z,2026-03-03,2026-03-04,11,0.4081527535402103,"CAR[-5,5]",-5,5
1360933,WIX,wix-quarterly-earnings-nongaap-eps-02-18-2026-1pt47,WIX.N,0.8-1.0,5,0.8,2026-03-04T10:14:43Z,2026-03-03,2026-03-04,1,0.12740177579676745,AR[0],0,0
1360933,WIX,wix-quarterly-earnings-nongaap-eps-02-18-2026-1pt47,WIX.N,0.8-1.0,5,0.8,2026-03-04T10:14:43Z,2026-03-03,2026-03-04,2,0.24567202621241668,"CAR[0,1]",0,1
1360933,WIX,wix-quarterly-earnings-nongaap-eps-02-18-2026-1pt47,WIX.N,0.8-1.0,5,0.8,2026-03-04T10:14:43Z,2026-03-03,2026-03-04,4,0.2505248944171195,"CAR[0,3]",0,3
1360933,WIX,wix-quarterly-earnings-nongaap-eps-02-18-2026-1pt47,WIX.N,0.8-1.0,5,0.8,2026-03-04T10:14:43Z,2026-03-03,2026-03-04,6,0.2403842049697608,"CAR[0,5]",0,5
1362778,AS,as-quarterly-earnings-nongaap-eps-02-24-2026-0pt28,AS,0.8-1.0,5,0.865,2026-02-24T11:00:00Z,2026-02-23,2026-02-24,11,-0.05348394474663699,"CAR[-5,5]",-5,5
1362778,AS,as-quarterly-earnings-nongaap-eps-02-24-2026-0pt28,AS,0.8-1.0,5,0.865,2026-02-24T11:00:00Z,2026-02-23,2026-02-24,1,-0.06764020286050144,AR[0],0,0
1362778,AS,as-quarterly-earnings-nongaap-eps-02-24-2026-0pt28,AS,0.8-1.0,5,0.865,2026-02-24T11:00:00Z,2026-02-23,2026-02-24,2,-0.09075396347833245,"CAR[0,1]",0,1
1362778,AS,as-quarterly-earnings-nongaap-eps-02-24-2026-0pt28,AS,0.8-1.0,5,0.865,2026-02-24T11:00:00Z,2026-02-23,2026-02-24,4,-0.0675035949182513,"CAR[0,3]",0,3
1362778,AS,as-quarterly-earnings-nongaap-eps-02-24-2026-0pt28,AS,0.8-1.0,5,0.865,2026-02-24T11:00:00Z,2026-02-23,2026-02-24,6,-0.0772132455818851,"CAR[0,5]",0,5
1363685,NVDA,nvda-quarterly-earnings-nongaap-eps-02-25-2026-1pt52,NVDA.N,0.8-1.0,5,0.9515,2026-02-25T21:00:00Z,2026-02-25,2026-02-26,11,-0.010423930925582175,"CAR[-5,5]",-5,5
1363685,NVDA,nvda-quarterly-earnings-nongaap-eps-02-25-2026-1pt52,NVDA.N,0.8-1.0,5,0.9515,2026-02-25T21:00:00Z,2026-02-25,2026-02-26,1,-0.04670632197595294,AR[0],0,0
1363685,NVDA,nvda-quarterly-earnings-nongaap-eps-02-25-2026-1pt52,NVDA.N,0.8-1.0,5,0.9515,2026-02-25T21:00:00Z,2026-02-25,2026-02-26,2,-0.0813984679761581,"CAR[0,1]",0,1
1363685,NVDA,nvda-quarterly-earnings-nongaap-eps-02-25-2026-1pt52,NVDA.N,0.8-1.0,5,0.9515,2026-02-25T21:00:00Z,2026-02-25,2026-02-26,4,-0.04902433432186802,"CAR[0,3]",0,3
1363685,NVDA,nvda-quarterly-earnings-nongaap-eps-02-25-2026-1pt52,NVDA.N,0.8-1.0,5,0.9515,2026-02-25T21:00:00Z,2026-02-25,2026-02-26,6,-0.034419353386199524,"CAR[0,5]",0,5
1363713,CRM,crm-quarterly-earnings-nongaap-eps-02-25-2026-3pt05,CRM,0.8-1.0,5,0.87,2026-02-25T21:01:00Z,2026-02-25,2026-02-26,11,0.09578911093834802,"CAR[-5,5]",-5,5
1363713,CRM,crm-quarterly-earnings-nongaap-eps-02-25-2026-3pt05,CRM,0.8-1.0,5,0.87,2026-02-25T21:01:00Z,2026-02-25,2026-02-26,1,0.046400907227643236,AR[0],0,0
1363713,CRM,crm-quarterly-earnings-nongaap-eps-02-25-2026-3pt05,CRM,0.8-1.0,5,0.87,2026-02-25T21:01:00Z,2026-02-25,2026-02-26,2,0.028166743019482965,"CAR[0,1]",0,1
1363713,CRM,crm-quarterly-earnings-nongaap-eps-02-25-2026-3pt05,CRM,0.8-1.0,5,0.87,2026-02-25T21:01:00Z,2026-02-25,2026-02-26,4,0.0455692035652612,"CAR[0,3]",0,3
1363713,CRM,crm-quarterly-earnings-nongaap-eps-02-25-2026-3pt05,CRM,0.8-1.0,5,0.87,2026-02-25T21:01:00Z,2026-02-25,2026-02-26,6,0.0743264092108647,"CAR[0,5]",0,5
1367585,EBAY,ebay-quarterly-earnings-nongaap-eps-02-18-2026-1pt35,EBAY.N,0.8-1.0,5,0.89,2026-02-18T21:05:00Z,2026-02-18,2026-02-19,11,0.005585665190938547,"CAR[-5,5]",-5,5
1367585,EBAY,ebay-quarterly-earnings-nongaap-eps-02-18-2026-1pt35,EBAY.N,0.8-1.0,5,0.89,2026-02-18T21:05:00Z,2026-02-18,2026-02-19,1,0.033193659659894736,AR[0],0,0
1367585,EBAY,ebay-quarterly-earnings-nongaap-eps-02-18-2026-1pt35,EBAY.N,0.8-1.0,5,0.89,2026-02-18T21:05:00Z,2026-02-18,2026-02-19,2,0.06620575174332777,"CAR[0,1]",0,1
1367585,EBAY,ebay-quarterly-earnings-nongaap-eps-02-18-2026-1pt35,EBAY.N,0.8-1.0,5,0.89,2026-02-18T21:05:00Z,2026-02-18,2026-02-19,4,0.034964822525253014,"CAR[0,3]",0,3
1367585,EBAY,ebay-quarterly-earnings-nongaap-eps-02-18-2026-1pt35,EBAY.N,0.8-1.0,5,0.89,2026-02-18T21:05:00Z,2026-02-18,2026-02-19,6,0.06245127339538313,"CAR[0,5]",0,5
1367586,SNOW,snow-quarterly-earnings-nongaap-eps-02-25-2026-0pt27,SNOW.N,0.8-1.0,5,0.92,2026-02-25T21:05:02Z,2026-02-25,2026-02-26,11,0.04415479269820696,"CAR[-5,5]",-5,5
1367586,SNOW,snow-quarterly-earnings-nongaap-eps-02-25-2026-0pt27,SNOW.N,0.8-1.0,5,0.92,2026-02-25T21:05:02Z,2026-02-25,2026-02-26,1,0.03302258701911551,AR[0],0,0
1367586,SNOW,snow-quarterly-earnings-nongaap-eps-02-25-2026-0pt27,SNOW.N,0.8-1.0,5,0.92,2026-02-25T21:05:02Z,2026-02-25,2026-02-26,2,0.014733087245067104,"CAR[0,1]",0,1
1367586,SNOW,snow-quarterly-earnings-nongaap-eps-02-25-2026-0pt27,SNOW.N,0.8-1.0,5,0.92,2026-02-25T21:05:02Z,2026-02-25,2026-02-26,4,0.017243606781395936,"CAR[0,3]",0,3
1367586,SNOW,snow-quarterly-earnings-nongaap-eps-02-25-2026-0pt27,SNOW.N,0.8-1.0,5,0.92,2026-02-25T21:05:02Z,2026-02-25,2026-02-26,6,0.08615347450173935,"CAR[0,5]",0,5
1369345,ADSK,adsk-quarterly-earnings-nongaap-eps-02-26-2026-2pt64,ADSK.N,0.8-1.0,5,0.9,2026-02-26T21:01:00Z,2026-02-26,2026-02-27,11,0.16574324477011723,"CAR[-5,5]",-5,5
1369345,ADSK,adsk-quarterly-earnings-nongaap-eps-02-26-2026-2pt64,ADSK.N,0.8-1.0,5,0.9,2026-02-26T21:01:00Z,2026-02-26,2026-02-27,1,0.05724157242229552,AR[0],0,0
1369345,ADSK,adsk-quarterly-earnings-nongaap-eps-02-26-2026-2pt64,ADSK.N,0.8-1.0,5,0.9,2026-02-26T21:01:00Z,2026-02-26,2026-02-27,2,0.06319404907287172,"CAR[0,1]",0,1
1369345,ADSK,adsk-quarterly-earnings-nongaap-eps-02-26-2026-2pt64,ADSK.N,0.8-1.0,5,0.9,2026-02-26T21:01:00Z,2026-02-26,2026-02-27,4,0.11139884603099687,"CAR[0,3]",0,3
1369345,ADSK,adsk-quarterly-earnings-nongaap-eps-02-26-2026-2pt64,ADSK.N,0.8-1.0,5,0.9,2026-02-26T21:01:00Z,2026-02-26,2026-02-27,6,0.14149640927654397,"CAR[0,5]",0,5
1369346,WDAY,wday-quarterly-earnings-nongaap-eps-02-24-2026-2pt32,WDAY.N,0.8-1.0,5,0.935,2026-02-24T21:01:00Z,2026-02-24,2026-02-25,11,0.022300480453356624,"CAR[-5,5]",-5,5
1369346,WDAY,wday-quarterly-earnings-nongaap-eps-02-24-2026-2pt32,WDAY.N,0.8-1.0,5,0.935,2026-02-24T21:01:00Z,2026-02-24,2026-02-25,1,0.019192327600771747,AR[0],0,0
1369346,WDAY,wday-quarterly-earnings-nongaap-eps-02-24-2026-2pt32,WDAY.N,0.8-1.0,5,0.935,2026-02-24T21:01:00Z,2026-02-24,2026-02-25,2,0.06925616837109838,"CAR[0,1]",0,1
1369346,WDAY,wday-quarterly-earnings-nongaap-eps-02-24-2026-2pt32,WDAY.N,0.8-1.0,5,0.935,2026-02-24T21:01:00Z,2026-02-24,2026-02-25,4,0.03890536278952259,"CAR[0,3]",0,3
1369346,WDAY,wday-quarterly-earnings-nongaap-eps-02-24-2026-2pt32,WDAY.N,0.8-1.0,5,0.935,2026-02-24T21:01:00Z,2026-02-24,2026-02-25,6,0.11223830615145806,"CAR[0,5]",0,5
1369348,IONQ,ionq-quarterly-earnings-gaap-eps-02-25-2026-neg0pt47,IONQ.N,0.8-1.0,5,0.8,2026-02-25T21:05:01Z,2026-02-25,2026-02-26,11,0.13467241477681405,"CAR[-5,5]",-5,5
1369348,IONQ,ionq-quarterly-earnings-gaap-eps-02-25-2026-neg0pt47,IONQ.N,0.8-1.0,5,0.8,2026-02-25T21:05:01Z,2026-02-25,2026-02-26,1,0.23484213665816256,AR[0],0,0
1369348,IONQ,ionq-quarterly-earnings-gaap-eps-02-25-2026-neg0pt47,IONQ.N,0.8-1.0,5,0.8,2026-02-25T21:05:01Z,2026-02-25,2026-02-26,2,0.1879707968936975,"CAR[0,1]",0,1
1369348,IONQ,ionq-quarterly-earnings-gaap-eps-02-25-2026-neg0pt47,IONQ.N,0.8-1.0,5,0.8,2026-02-25T21:05:01Z,2026-02-25,2026-02-26,4,0.18377318393710892,"CAR[0,3]",0,3
1369348,IONQ,ionq-quarterly-earnings-gaap-eps-02-25-2026-neg0pt47,IONQ.N,0.8-1.0,5,0.8,2026-02-25T21:05:01Z,2026-02-25,2026-02-26,6,0.15055601756871956,"CAR[0,5]",0,5
1369365,INTU,intu-quarterly-earnings-nongaap-eps-02-26-2026-3pt68,INTU.N,0.8-1.0,5,0.92,2026-02-26T21:00:00Z,2026-02-26,2026-02-27,11,0.2836036238443171,"CAR[-5,5]",-5,5
1369365,INTU,intu-quarterly-earnings-nongaap-eps-02-26-2026-3pt68,INTU.N,0.8-1.0,5,0.92,2026-02-26T21:00:00Z,2026-02-26,2026-02-27,1,0.04160432009902201,AR[0],0,0
1369365,INTU,intu-quarterly-earnings-nongaap-eps-02-26-2026-3pt68,INTU.N,0.8-1.0,5,0.92,2026-02-26T21:00:00Z,2026-02-26,2026-02-27,2,0.068393304811518,"CAR[0,1]",0,1
1369365,INTU,intu-quarterly-earnings-nongaap-eps-02-26-2026-3pt68,INTU.N,0.8-1.0,5,0.92,2026-02-26T21:00:00Z,2026-02-26,2026-02-27,4,0.12465363107523912,"CAR[0,3]",0,3
1369365,INTU,intu-quarterly-earnings-nongaap-eps-02-26-2026-3pt68,INTU.N,0.8-1.0,5,0.92,2026-02-26T21:00:00Z,2026-02-26,2026-02-27,6,0.23530557537047525,"CAR[0,5]",0,5
1369373,DELL,dell-quarterly-earnings-nongaap-eps-02-26-2026-3pt52,DELL.N,0.8-1.0,5,0.915,2026-02-26T21:05:00Z,2026-02-26,2026-02-27,11,0.28422210124627645,"CAR[-5,5]",-5,5
1369373,DELL,dell-quarterly-earnings-nongaap-eps-02-26-2026-3pt52,DELL.N,0.8-1.0,5,0.915,2026-02-26T21:05:00Z,2026-02-26,2026-02-27,1,0.2294518317071724,AR[0],0,0
1369373,DELL,dell-quarterly-earnings-nongaap-eps-02-26-2026-3pt52,DELL.N,0.8-1.0,5,0.915,2026-02-26T21:05:00Z,2026-02-26,2026-02-27,2,0.2671972363940783,"CAR[0,1]",0,1
1369373,DELL,dell-quarterly-earnings-nongaap-eps-02-26-2026-3pt52,DELL.N,0.8-1.0,5,0.915,2026-02-26T21:05:00Z,2026-02-26,2026-02-27,4,0.23244263337882048,"CAR[0,3]",0,3
1369373,DELL,dell-quarterly-earnings-nongaap-eps-02-26-2026-3pt52,DELL.N,0.8-1.0,5,0.915,2026-02-26T21:05:00Z,2026-02-26,2026-02-27,6,0.2688766741164218,"CAR[0,5]",0,5
1369671,FTDR,ftdr-quarterly-earnings-nongaap-eps-02-26-2026-0pt13,FTDR.N,0.8-1.0,5,0.84,2026-02-26T12:00:01Z,2026-02-25,2026-02-26,11,0.2072824534155701,"CAR[-5,5]",-5,5
1369671,FTDR,ftdr-quarterly-earnings-nongaap-eps-02-26-2026-0pt13,FTDR.N,0.8-1.0,5,0.84,2026-02-26T12:00:01Z,2026-02-25,2026-02-26,1,0.17777458836405138,AR[0],0,0
1369671,FTDR,ftdr-quarterly-earnings-nongaap-eps-02-26-2026-0pt13,FTDR.N,0.8-1.0,5,0.84,2026-02-26T12:00:01Z,2026-02-25,2026-02-26,2,0.22192363680386146,"CAR[0,1]",0,1
1369671,FTDR,ftdr-quarterly-earnings-nongaap-eps-02-26-2026-0pt13,FTDR.N,0.8-1.0,5,0.84,2026-02-26T12:00:01Z,2026-02-25,2026-02-26,4,0.24425359594314658,"CAR[0,3]",0,3
1369671,FTDR,ftdr-quarterly-earnings-nongaap-eps-02-26-2026-0pt13,FTDR.N,0.8-1.0,5,0.84,2026-02-26T12:00:01Z,2026-02-25,2026-02-26,6,0.2286313026927146,"CAR[0,5]",0,5
1369679,ICUI,icui-quarterly-earnings-nongaap-eps-02-19-2026-1pt69,ICUI.N,0.8-1.0,5,0.925,2026-02-19T21:00:00Z,2026-02-19,2026-02-20,11,0.021716285569258306,"CAR[-5,5]",-5,5
1369679,ICUI,icui-quarterly-earnings-nongaap-eps-02-19-2026-1pt69,ICUI.N,0.8-1.0,5,0.925,2026-02-19T21:00:00Z,2026-02-19,2026-02-20,1,0.03635525397422267,AR[0],0,0
1369679,ICUI,icui-quarterly-earnings-nongaap-eps-02-19-2026-1pt69,ICUI.N,0.8-1.0,5,0.925,2026-02-19T21:00:00Z,2026-02-19,2026-02-20,2,0.011492650585957564,"CAR[0,1]",0,1
1369679,ICUI,icui-quarterly-earnings-nongaap-eps-02-19-2026-1pt69,ICUI.N,0.8-1.0,5,0.925,2026-02-19T21:00:00Z,2026-02-19,2026-02-20,4,0.02075941763920058,"CAR[0,3]",0,3
1369679,ICUI,icui-quarterly-earnings-nongaap-eps-02-19-2026-1pt69,ICUI.N,0.8-1.0,5,0.925,2026-02-19T21:00:00Z,2026-02-19,2026-02-20,6,-0.0017019965171373528,"CAR[0,5]",0,5
1371036,SOUN,soun-quarterly-earnings-nongaap-eps-02-26-2026-neg0pt02,SOUN.N,0.8-1.0,5,0.865,2026-02-26T21:06:00Z,2026-02-26,2026-02-27,11,0.09202090551781818,"CAR[-5,5]",-5,5
1371036,SOUN,soun-quarterly-earnings-nongaap-eps-02-26-2026-neg0pt02,SOUN.N,0.8-1.0,5,0.865,2026-02-26T21:06:00Z,2026-02-26,2026-02-27,1,-0.032791687436678464,AR[0],0,0
1371036,SOUN,soun-quarterly-earnings-nongaap-eps-02-26-2026-neg0pt02,SOUN.N,0.8-1.0,5,0.865,2026-02-26T21:06:00Z,2026-02-26,2026-02-27,2,-0.028805690152562312,"CAR[0,1]",0,1
1371036,SOUN,soun-quarterly-earnings-nongaap-eps-02-26-2026-neg0pt02,SOUN.N,0.8-1.0,5,0.865,2026-02-26T21:06:00Z,2026-02-26,2026-02-27,4,-0.08049359204196743,"CAR[0,3]",0,3
1371036,SOUN,soun-quarterly-earnings-nongaap-eps-02-26-2026-neg0pt02,SOUN.N,0.8-1.0,5,0.865,2026-02-26T21:06:00Z,2026-02-26,2026-02-27,6,-0.03379581734215118,"CAR[0,5]",0,5
1387001,SPCE,spce-quarterly-earnings-gaap-eps-02-25-2026-neg1pt05,SPCE.N,0.8-1.0,5,0.8705,2026-03-30T20:00:00Z,2026-03-30,2026-03-31,11,0.23085914971933635,"CAR[-5,5]",-5,5
1387001,SPCE,spce-quarterly-earnings-gaap-eps-02-25-2026-neg1pt05,SPCE.N,0.8-1.0,5,0.8705,2026-03-30T20:00:00Z,2026-03-30,2026-03-31,1,0.07070104994916329,AR[0],0,0
1387001,SPCE,spce-quarterly-earnings-gaap-eps-02-25-2026-neg1pt05,SPCE.N,0.8-1.0,5,0.8705,2026-03-30T20:00:00Z,2026-03-30,2026-03-31,2,0.04926454782949333,"CAR[0,1]",0,1
1387001,SPCE,spce-quarterly-earnings-gaap-eps-02-25-2026-neg1pt05,SPCE.N,0.8-1.0,5,0.8705,2026-03-30T20:00:00Z,2026-03-30,2026-03-31,4,0.32006796018469763,"CAR[0,3]",0,3
1387001,SPCE,spce-quarterly-earnings-gaap-eps-02-25-2026-neg1pt05,SPCE.N,0.8-1.0,5,0.8705,2026-03-30T20:00:00Z,2026-03-30,2026-03-31,6,0.24817507583716755,"CAR[0,5]",0,5
1387101,MNST,mnst-quarterly-earnings-gaap-eps-02-26-2026-0pt48,MNST.N,0.8-1.0,5,0.84,2026-02-26T21:10:00Z,2026-02-26,2026-02-27,11,-0.09519389184292176,"CAR[-5,5]",-5,5
1387101,MNST,mnst-quarterly-earnings-gaap-eps-02-26-2026-0pt48,MNST.N,0.8-1.0,5,0.84,2026-02-26T21:10:00Z,2026-02-26,2026-02-27,1,-0.01853442265607713,AR[0],0,0
1387101,MNST,mnst-quarterly-earnings-gaap-eps-02-26-2026-0pt48,MNST.N,0.8-1.0,5,0.84,2026-02-26T21:10:00Z,2026-02-26,2026-02-27,2,-0.07002880174802874,"CAR[0,1]",0,1
1387101,MNST,mnst-quarterly-earnings-gaap-eps-02-26-2026-0pt48,MNST.N,0.8-1.0,5,0.84,2026-02-26T21:10:00Z,2026-02-26,2026-02-27,4,-0.10319605228243016,"CAR[0,3]",0,3
1387101,MNST,mnst-quarterly-earnings-gaap-eps-02-26-2026-0pt48,MNST.N,0.8-1.0,5,0.84,2026-02-26T21:10:00Z,2026-02-26,2026-02-27,6,-0.14458037889487058,"CAR[0,5]",0,5
1387102,TFX,tfx-quarterly-earnings-nongaap-eps-02-26-2026-3pt74,TFX,0.8-1.0,5,0.8150000000000001,2026-02-26T11:30:00Z,2026-02-25,2026-02-26,11,0.07413135242534867,"CAR[-5,5]",-5,5
1387102,TFX,tfx-quarterly-earnings-nongaap-eps-02-26-2026-3pt74,TFX,0.8-1.0,5,0.8150000000000001,2026-02-26T11:30:00Z,2026-02-25,2026-02-26,1,0.0713384651721106,AR[0],0,0
1387102,TFX,tfx-quarterly-earnings-nongaap-eps-02-26-2026-3pt74,TFX,0.8-1.0,5,0.8150000000000001,2026-02-26T11:30:00Z,2026-02-25,2026-02-26,2,0.10336576308591253,"CAR[0,1]",0,1
1387102,TFX,tfx-quarterly-earnings-nongaap-eps-02-26-2026-3pt74,TFX,0.8-1.0,5,0.8150000000000001,2026-02-26T11:30:00Z,2026-02-25,2026-02-26,4,0.11784846493183683,"CAR[0,3]",0,3
1387102,TFX,tfx-quarterly-earnings-nongaap-eps-02-26-2026-3pt74,TFX,0.8-1.0,5,0.8150000000000001,2026-02-26T11:30:00Z,2026-02-25,2026-02-26,6,0.08079963980844378,"CAR[0,5]",0,5
1399646,MDB,mdb-quarterly-earnings-nongaap-eps-03-02-2026-1pt47,MDB.N,0.8-1.0,5,0.934,2026-03-02T21:05:00Z,2026-03-02,2026-03-03,11,-0.11302155376571077,"CAR[-5,5]",-5,5
1399646,MDB,mdb-quarterly-earnings-nongaap-eps-03-02-2026-1pt47,MDB.N,0.8-1.0,5,0.934,2026-03-02T21:05:00Z,2026-03-02,2026-03-03,1,-0.20788458593241801,AR[0],0,0
1399646,MDB,mdb-quarterly-earnings-nongaap-eps-03-02-2026-1pt47,MDB.N,0.8-1.0,5,0.934,2026-03-02T21:05:00Z,2026-03-02,2026-03-03,2,-0.24453886272792247,"CAR[0,1]",0,1
1399646,MDB,mdb-quarterly-earnings-nongaap-eps-03-02-2026-1pt47,MDB.N,0.8-1.0,5,0.934,2026-03-02T21:05:00Z,2026-03-02,2026-03-03,4,-0.12717516351350636,"CAR[0,3]",0,3
1399646,MDB,mdb-quarterly-earnings-nongaap-eps-03-02-2026-1pt47,MDB.N,0.8-1.0,5,0.934,2026-03-02T21:05:00Z,2026-03-02,2026-03-03,6,-0.146273591781178,"CAR[0,5]",0,5
1399647,ASAN,asan-quarterly-earnings-nongaap-eps-03-02-2026-0pt07,ASAN.N,0.8-1.0,5,0.84,2026-03-02T21:05:00Z,2026-03-02,2026-03-03,11,0.16428571149329055,"CAR[-5,5]",-5,5
1399647,ASAN,asan-quarterly-earnings-nongaap-eps-03-02-2026-0pt07,ASAN.N,0.8-1.0,5,0.84,2026-03-02T21:05:00Z,2026-03-02,2026-03-03,1,0.04153113755361986,AR[0],0,0
1399647,ASAN,asan-quarterly-earnings-nongaap-eps-03-02-2026-0pt07,ASAN.N,0.8-1.0,5,0.84,2026-03-02T21:05:00Z,2026-03-02,2026-03-03,2,0.06973259925414511,"CAR[0,1]",0,1
1399647,ASAN,asan-quarterly-earnings-nongaap-eps-03-02-2026-0pt07,ASAN.N,0.8-1.0,5,0.84,2026-03-02T21:05:00Z,2026-03-02,2026-03-03,4,0.14147892982299234,"CAR[0,3]",0,3
1399647,ASAN,asan-quarterly-earnings-nongaap-eps-03-02-2026-0pt07,ASAN.N,0.8-1.0,5,0.84,2026-03-02T21:05:00Z,2026-03-02,2026-03-03,6,0.0568469760580599,"CAR[0,5]",0,5
1399648,TGT,tgt-quarterly-earnings-nongaap-eps-03-03-2026-2pt16,TGT,0.8-1.0,5,0.81,2026-03-03T11:30:00Z,2026-03-02,2026-03-03,11,0.07075900452645273,"CAR[-5,5]",-5,5
1399648,TGT,tgt-quarterly-earnings-nongaap-eps-03-03-2026-2pt16,TGT,0.8-1.0,5,0.81,2026-03-03T11:30:00Z,2026-03-02,2026-03-03,1,0.0762122914433637,AR[0],0,0
1399648,TGT,tgt-quarterly-earnings-nongaap-eps-03-03-2026-2pt16,TGT,0.8-1.0,5,0.81,2026-03-03T11:30:00Z,2026-03-02,2026-03-03,2,0.06258397513392205,"CAR[0,1]",0,1
1399648,TGT,tgt-quarterly-earnings-nongaap-eps-03-03-2026-2pt16,TGT,0.8-1.0,5,0.81,2026-03-03T11:30:00Z,2026-03-02,2026-03-03,4,0.08610554385593087,"CAR[0,3]",0,3
1399648,TGT,tgt-quarterly-earnings-nongaap-eps-03-03-2026-2pt16,TGT,0.8-1.0,5,0.81,2026-03-03T11:30:00Z,2026-03-02,2026-03-03,6,0.07932321797158565,"CAR[0,5]",0,5
1399738,GTLB,gtlb-quarterly-earnings-nongaap-eps-03-03-2026-0pt23,GTLB.N,0.8-1.0,5,0.895,2026-03-03T21:05:00Z,2026-03-03,2026-03-04,11,-0.019118705077532033,"CAR[-5,5]",-5,5
1399738,GTLB,gtlb-quarterly-earnings-nongaap-eps-03-03-2026-0pt23,GTLB.N,0.8-1.0,5,0.895,2026-03-03T21:05:00Z,2026-03-03,2026-03-04,1,-0.06835003263699815,AR[0],0,0
1399738,GTLB,gtlb-quarterly-earnings-nongaap-eps-03-03-2026-0pt23,GTLB.N,0.8-1.0,5,0.895,2026-03-03T21:05:00Z,2026-03-03,2026-03-04,2,-0.04718988435434643,"CAR[0,1]",0,1
1399738,GTLB,gtlb-quarterly-earnings-nongaap-eps-03-03-2026-0pt23,GTLB.N,0.8-1.0,5,0.895,2026-03-03T21:05:00Z,2026-03-03,2026-03-04,4,-0.06819162472131465,"CAR[0,3]",0,3
1399738,GTLB,gtlb-quarterly-earnings-nongaap-eps-03-03-2026-0pt23,GTLB.N,0.8-1.0,5,0.895,2026-03-03T21:05:00Z,2026-03-03,2026-03-04,6,-0.11789192270263218,"CAR[0,5]",0,5
1403447,CRWD,crwd-quarterly-earnings-nongaap-eps-03-03-2026-1pt1,CRWD.N,0.8-1.0,5,0.925,2026-03-03T21:05:00Z,2026-03-03,2026-03-04,11,0.2870267115938264,"CAR[-5,5]",-5,5
1403447,CRWD,crwd-quarterly-earnings-nongaap-eps-03-03-2026-1pt1,CRWD.N,0.8-1.0,5,0.925,2026-03-03T21:05:00Z,2026-03-03,2026-03-04,1,0.028172947605907394,AR[0],0,0
1403447,CRWD,crwd-quarterly-earnings-nongaap-eps-03-03-2026-1pt1,CRWD.N,0.8-1.0,5,0.925,2026-03-03T21:05:00Z,2026-03-03,2026-03-04,2,0.08481411192257175,"CAR[0,1]",0,1
1403447,CRWD,crwd-quarterly-earnings-nongaap-eps-03-03-2026-1pt1,CRWD.N,0.8-1.0,5,0.925,2026-03-03T21:05:00Z,2026-03-03,2026-03-04,4,0.11619790060124743,"CAR[0,3]",0,3
1403447,CRWD,crwd-quarterly-earnings-nongaap-eps-03-03-2026-1pt1,CRWD.N,0.8-1.0,5,0.925,2026-03-03T21:05:00Z,2026-03-03,2026-03-04,6,0.14315240002919888,"CAR[0,5]",0,5
1403495,AVGO,avgo-quarterly-earnings-nongaap-eps-03-04-2026-2pt02,AVGO.N,0.8-1.0,5,0.954,2026-03-04T21:15:00Z,2026-03-04,2026-03-05,11,0.10431268763061236,"CAR[-5,5]",-5,5
1403495,AVGO,avgo-quarterly-earnings-nongaap-eps-03-04-2026-2pt02,AVGO.N,0.8-1.0,5,0.954,2026-03-04T21:15:00Z,2026-03-04,2026-03-05,1,0.06070949613195615,AR[0],0,0
1403495,AVGO,avgo-quarterly-earnings-nongaap-eps-03-04-2026-2pt02,AVGO.N,0.8-1.0,5,0.954,2026-03-04T21:15:00Z,2026-03-04,2026-03-05,2,0.08422407688108269,"CAR[0,1]",0,1
1403495,AVGO,avgo-quarterly-earnings-nongaap-eps-03-04-2026-2pt02,AVGO.N,0.8-1.0,5,0.954,2026-03-04T21:15:00Z,2026-03-04,2026-03-05,4,0.10721509718367485,"CAR[0,3]",0,3
1403495,AVGO,avgo-quarterly-earnings-nongaap-eps-03-04-2026-2pt02,AVGO.N,0.8-1.0,5,0.954,2026-03-04T21:15:00Z,2026-03-04,2026-03-05,6,0.12434471066404454,"CAR[0,5]",0,5
1403496,OKTA,okta-quarterly-earnings-nongaap-eps-03-04-2026-0pt85,OKTA.N,0.8-1.0,5,0.945,2026-03-04T21:01:00Z,2026-03-04,2026-03-05,11,0.15302415132811378,"CAR[-5,5]",-5,5
1403496,OKTA,okta-quarterly-earnings-nongaap-eps-03-04-2026-0pt85,OKTA.N,0.8-1.0,5,0.945,2026-03-04T21:01:00Z,2026-03-04,2026-03-05,1,0.11917600610419009,AR[0],0,0
1403496,OKTA,okta-quarterly-earnings-nongaap-eps-03-04-2026-0pt85,OKTA.N,0.8-1.0,5,0.945,2026-03-04T21:01:00Z,2026-03-04,2026-03-05,2,0.15076385921926733,"CAR[0,1]",0,1
1403496,OKTA,okta-quarterly-earnings-nongaap-eps-03-04-2026-0pt85,OKTA.N,0.8-1.0,5,0.945,2026-03-04T21:01:00Z,2026-03-04,2026-03-05,4,0.1322664374151582,"CAR[0,3]",0,3
1403496,OKTA,okta-quarterly-earnings-nongaap-eps-03-04-2026-0pt85,OKTA.N,0.8-1.0,5,0.945,2026-03-04T21:01:00Z,2026-03-04,2026-03-05,6,0.14772433841934018,"CAR[0,5]",0,5
1403853,COST,cost-quarterly-earnings-gaap-eps-03-05-2026-4pt54,COST.N,0.8-1.0,5,0.9545,2026-03-05T21:15:00Z,2026-03-05,2026-03-06,11,0.02753246770186742,"CAR[-5,5]",-5,5
1403853,COST,cost-quarterly-earnings-gaap-eps-03-05-2026-4pt54,COST.N,0.8-1.0,5,0.9545,2026-03-05T21:15:00Z,2026-03-05,2026-03-06,1,0.018202505133505662,AR[0],0,0
1403853,COST,cost-quarterly-earnings-gaap-eps-03-05-2026-4pt54,COST.N,0.8-1.0,5,0.9545,2026-03-05T21:15:00Z,2026-03-05,2026-03-06,2,0.02409637968965284,"CAR[0,1]",0,1
1403853,COST,cost-quarterly-earnings-gaap-eps-03-05-2026-4pt54,COST.N,0.8-1.0,5,0.9545,2026-03-05T21:15:00Z,2026-03-05,2026-03-06,4,0.0114485400077824,"CAR[0,3]",0,3
1403853,COST,cost-quarterly-earnings-gaap-eps-03-05-2026-4pt54,COST.N,0.8-1.0,5,0.9545,2026-03-05T21:15:00Z,2026-03-05,2026-03-06,6,0.0295351686553509,"CAR[0,5]",0,5
1404328,VSCO,vsco-quarterly-earnings-nongaap-eps-03-05-2026-2pt48,VSCO.N,0.8-1.0,5,0.915,2026-03-05T12:00:03Z,2026-03-04,2026-03-05,11,-0.3064476666325261,"CAR[-5,5]",-5,5
1404328,VSCO,vsco-quarterly-earnings-nongaap-eps-03-05-2026-2pt48,VSCO.N,0.8-1.0,5,0.915,2026-03-05T12:00:03Z,2026-03-04,2026-03-05,1,-0.11765580244319461,AR[0],0,0
1404328,VSCO,vsco-quarterly-earnings-nongaap-eps-03-05-2026-2pt48,VSCO.N,0.8-1.0,5,0.915,2026-03-05T12:00:03Z,2026-03-04,2026-03-05,2,-0.2109222068231562,"CAR[0,1]",0,1
1404328,VSCO,vsco-quarterly-earnings-nongaap-eps-03-05-2026-2pt48,VSCO.N,0.8-1.0,5,0.915,2026-03-05T12:00:03Z,2026-03-04,2026-03-05,4,-0.218777949490147,"CAR[0,3]",0,3
1404328,VSCO,vsco-quarterly-earnings-nongaap-eps-03-05-2026-2pt48,VSCO.N,0.8-1.0,5,0.915,2026-03-05T12:00:03Z,2026-03-04,2026-03-05,6,-0.25833503061338503,"CAR[0,5]",0,5
1404329,IOT,iot-quarterly-earnings-nongaap-eps-03-05-2026-0pt13,IOT,0.8-1.0,5,0.925,2026-03-05T21:10:00Z,2026-03-05,2026-03-06,11,0.2239123750193319,"CAR[-5,5]",-5,5
1404329,IOT,iot-quarterly-earnings-nongaap-eps-03-05-2026-0pt13,IOT,0.8-1.0,5,0.925,2026-03-05T21:10:00Z,2026-03-05,2026-03-06,1,0.2257929790574724,AR[0],0,0
1404329,IOT,iot-quarterly-earnings-nongaap-eps-03-05-2026-0pt13,IOT,0.8-1.0,5,0.925,2026-03-05T21:10:00Z,2026-03-05,2026-03-06,2,0.17715216553195498,"CAR[0,1]",0,1
1404329,IOT,iot-quarterly-earnings-nongaap-eps-03-05-2026-0pt13,IOT,0.8-1.0,5,0.925,2026-03-05T21:10:00Z,2026-03-05,2026-03-06,4,0.1268502534714943,"CAR[0,3]",0,3
1404329,IOT,iot-quarterly-earnings-nongaap-eps-03-05-2026-0pt13,IOT,0.8-1.0,5,0.925,2026-03-05T21:10:00Z,2026-03-05,2026-03-06,6,0.1653741996841936,"CAR[0,5]",0,5
1404331,MRVL,mrvl-quarterly-earnings-nongaap-eps-03-05-2026-0pt79,MRVL.N,0.8-1.0,5,0.92,2026-03-05T21:05:00Z,2026-03-05,2026-03-06,11,0.22749472309051322,"CAR[-5,5]",-5,5
1404331,MRVL,mrvl-quarterly-earnings-nongaap-eps-03-05-2026-0pt79,MRVL.N,0.8-1.0,5,0.92,2026-03-05T21:05:00Z,2026-03-05,2026-03-06,1,0.213205526858032,AR[0],0,0
1404331,MRVL,mrvl-quarterly-earnings-nongaap-eps-03-05-2026-0pt79,MRVL.N,0.8-1.0,5,0.92,2026-03-05T21:05:00Z,2026-03-05,2026-03-06,2,0.2293711770776551,"CAR[0,1]",0,1
1404331,MRVL,mrvl-quarterly-earnings-nongaap-eps-03-05-2026-0pt79,MRVL.N,0.8-1.0,5,0.92,2026-03-05T21:05:00Z,2026-03-05,2026-03-06,4,0.21408438510564168,"CAR[0,3]",0,3
1404331,MRVL,mrvl-quarterly-earnings-nongaap-eps-03-05-2026-0pt79,MRVL.N,0.8-1.0,5,0.92,2026-03-05T21:05:00Z,2026-03-05,2026-03-06,6,0.2392169711293551,"CAR[0,5]",0,5
1404416,MRX,mrx-quarterly-earnings-nongaap-eps-03-03-2026-1pt02,MRX.OQ,0.8-1.0,5,0.845,2026-03-03T12:00:04Z,2026-03-02,2026-03-03,11,-0.08604786647613084,"CAR[-5,5]",-5,5
1404416,MRX,mrx-quarterly-earnings-nongaap-eps-03-03-2026-1pt02,MRX.OQ,0.8-1.0,5,0.845,2026-03-03T12:00:04Z,2026-03-02,2026-03-03,1,-0.04544414965066543,AR[0],0,0
1404416,MRX,mrx-quarterly-earnings-nongaap-eps-03-03-2026-1pt02,MRX.OQ,0.8-1.0,5,0.845,2026-03-03T12:00:04Z,2026-03-02,2026-03-03,2,-0.08782096415919087,"CAR[0,1]",0,1
1404416,MRX,mrx-quarterly-earnings-nongaap-eps-03-03-2026-1pt02,MRX.OQ,0.8-1.0,5,0.845,2026-03-03T12:00:04Z,2026-03-02,2026-03-03,4,-0.18054424465195712,"CAR[0,3]",0,3
1404416,MRX,mrx-quarterly-earnings-nongaap-eps-03-03-2026-1pt02,MRX.OQ,0.8-1.0,5,0.845,2026-03-03T12:00:04Z,2026-03-02,2026-03-03,6,-0.1764079891828834,"CAR[0,5]",0,5
1420756,BURL,burl-quarterly-earnings-gaap-eps-03-05-2026-4pt58,BURL.N,0.8-1.0,5,0.8,2026-03-05T11:45:00Z,2026-03-04,2026-03-05,11,-0.021986107514273975,"CAR[-5,5]",-5,5
1420756,BURL,burl-quarterly-earnings-gaap-eps-03-05-2026-4pt58,BURL.N,0.8-1.0,5,0.8,2026-03-05T11:45:00Z,2026-03-04,2026-03-05,1,0.07285761912066116,AR[0],0,0
1420756,BURL,burl-quarterly-earnings-gaap-eps-03-05-2026-4pt58,BURL.N,0.8-1.0,5,0.8,2026-03-05T11:45:00Z,2026-03-04,2026-03-05,2,0.03509006468665371,"CAR[0,1]",0,1
1420756,BURL,burl-quarterly-earnings-gaap-eps-03-05-2026-4pt58,BURL.N,0.8-1.0,5,0.8,2026-03-05T11:45:00Z,2026-03-04,2026-03-05,4,0.025445135254432722,"CAR[0,3]",0,3
1420756,BURL,burl-quarterly-earnings-gaap-eps-03-05-2026-4pt58,BURL.N,0.8-1.0,5,0.8,2026-03-05T11:45:00Z,2026-03-04,2026-03-05,6,-0.0029063704002499306,"CAR[0,5]",0,5
1420816,M,m-quarterly-earnings-nongaap-eps-03-05-2026-1pt55,M,0.8-1.0,5,0.943,2026-03-18T12:30:00Z,2026-03-17,2026-03-18,11,0.04134339030628817,"CAR[-5,5]",-5,5
1420816,M,m-quarterly-earnings-nongaap-eps-03-05-2026-1pt55,M,0.8-1.0,5,0.943,2026-03-18T12:30:00Z,2026-03-17,2026-03-18,1,0.06589060727346638,AR[0],0,0
1420816,M,m-quarterly-earnings-nongaap-eps-03-05-2026-1pt55,M,0.8-1.0,5,0.943,2026-03-18T12:30:00Z,2026-03-17,2026-03-18,2,0.08587305629183459,"CAR[0,1]",0,1
1420816,M,m-quarterly-earnings-nongaap-eps-03-05-2026-1pt55,M,0.8-1.0,5,0.943,2026-03-18T12:30:00Z,2026-03-17,2026-03-18,4,0.08469364277125188,"CAR[0,3]",0,3
1420816,M,m-quarterly-earnings-nongaap-eps-03-05-2026-1pt55,M,0.8-1.0,5,0.943,2026-03-18T12:30:00Z,2026-03-17,2026-03-18,6,0.10195682895782236,"CAR[0,5]",0,5
1420842,KR,kr-quarterly-earnings-nongaap-eps-03-05-2026-1pt2,KR,0.8-1.0,5,0.855,2026-03-05T11:45:00Z,2026-03-04,2026-03-05,11,0.09430026689411729,"CAR[-5,5]",-5,5
1420842,KR,kr-quarterly-earnings-nongaap-eps-03-05-2026-1pt2,KR,0.8-1.0,5,0.855,2026-03-05T11:45:00Z,2026-03-04,2026-03-05,1,0.050685784726414766,AR[0],0,0
1420842,KR,kr-quarterly-earnings-nongaap-eps-03-05-2026-1pt2,KR,0.8-1.0,5,0.855,2026-03-05T11:45:00Z,2026-03-04,2026-03-05,2,0.08100803042894536,"CAR[0,1]",0,1
1420842,KR,kr-quarterly-earnings-nongaap-eps-03-05-2026-1pt2,KR,0.8-1.0,5,0.855,2026-03-05T11:45:00Z,2026-03-04,2026-03-05,4,0.059003538410492884,"CAR[0,3]",0,3
1420842,KR,kr-quarterly-earnings-nongaap-eps-03-05-2026-1pt2,KR,0.8-1.0,5,0.855,2026-03-05T11:45:00Z,2026-03-04,2026-03-05,6,0.09074399717716512,"CAR[0,5]",0,5
1421384,HPE,hpe-quarterly-earnings-nongaap-eps-03-09-2026-0pt59,HPE,0.8-1.0,5,0.9765,2026-03-09T20:05:00Z,2026-03-09,2026-03-10,11,0.04136039388314457,"CAR[-5,5]",-5,5
1421384,HPE,hpe-quarterly-earnings-nongaap-eps-03-09-2026-0pt59,HPE,0.8-1.0,5,0.9765,2026-03-09T20:05:00Z,2026-03-09,2026-03-10,1,-0.02711918483516547,AR[0],0,0
1421384,HPE,hpe-quarterly-earnings-nongaap-eps-03-09-2026-0pt59,HPE,0.8-1.0,5,0.9765,2026-03-09T20:05:00Z,2026-03-09,2026-03-10,2,-0.00857056178213805,"CAR[0,1]",0,1
1421384,HPE,hpe-quarterly-earnings-nongaap-eps-03-09-2026-0pt59,HPE,0.8-1.0,5,0.9765,2026-03-09T20:05:00Z,2026-03-09,2026-03-10,4,0.04242491034169852,"CAR[0,3]",0,3
1421384,HPE,hpe-quarterly-earnings-nongaap-eps-03-09-2026-0pt59,HPE,0.8-1.0,5,0.9765,2026-03-09T20:05:00Z,2026-03-09,2026-03-10,6,0.02467752015863294,"CAR[0,5]",0,5
1421510,CASY,casy-quarterly-earnings-gaap-eps-03-09-2026-2pt92,CASY.N,0.8-1.0,5,0.9675,2026-03-09T20:30:00Z,2026-03-09,2026-03-10,11,-0.00546673900218978,"CAR[-5,5]",-5,5
1421510,CASY,casy-quarterly-earnings-gaap-eps-03-09-2026-2pt92,CASY.N,0.8-1.0,5,0.9675,2026-03-09T20:30:00Z,2026-03-09,2026-03-10,1,0.03861704555033344,AR[0],0,0
1421510,CASY,casy-quarterly-earnings-gaap-eps-03-09-2026-2pt92,CASY.N,0.8-1.0,5,0.9675,2026-03-09T20:30:00Z,2026-03-09,2026-03-10,2,0.028388139137129766,"CAR[0,1]",0,1
1421510,CASY,casy-quarterly-earnings-gaap-eps-03-09-2026-2pt92,CASY.N,0.8-1.0,5,0.9675,2026-03-09T20:30:00Z,2026-03-09,2026-03-10,4,-0.006546613653200294,"CAR[0,3]",0,3
1421510,CASY,casy-quarterly-earnings-gaap-eps-03-09-2026-2pt92,CASY.N,0.8-1.0,5,0.9675,2026-03-09T20:30:00Z,2026-03-09,2026-03-10,6,0.036422196899453314,"CAR[0,5]",0,5
1421535,KFY,kfy-quarterly-earnings-nongaap-eps-03-10-2026-1pt23,KFY,0.8-1.0,5,0.93,2026-03-09T10:45:00Z,2026-03-06,2026-03-09,11,0.00166160003208196,"CAR[-5,5]",-5,5
1421535,KFY,kfy-quarterly-earnings-nongaap-eps-03-10-2026-1pt23,KFY,0.8-1.0,5,0.93,2026-03-09T10:45:00Z,2026-03-06,2026-03-09,1,-0.0212679841995066,AR[0],0,0
1421535,KFY,kfy-quarterly-earnings-nongaap-eps-03-10-2026-1pt23,KFY,0.8-1.0,5,0.93,2026-03-09T10:45:00Z,2026-03-06,2026-03-09,2,-0.018827126118099655,"CAR[0,1]",0,1
1421535,KFY,kfy-quarterly-earnings-nongaap-eps-03-10-2026-1pt23,KFY,0.8-1.0,5,0.93,2026-03-09T10:45:00Z,2026-03-06,2026-03-09,4,-0.019519371546393938,"CAR[0,3]",0,3
1421535,KFY,kfy-quarterly-earnings-nongaap-eps-03-10-2026-1pt23,KFY,0.8-1.0,5,0.93,2026-03-09T10:45:00Z,2026-03-06,2026-03-09,6,-0.03757894846937626,"CAR[0,5]",0,5
1421646,UNFI,unfi-quarterly-earnings-nongaap-eps-03-10-2026-0pt51,UNFI.N,0.8-1.0,5,0.91,2026-03-10T11:00:00Z,2026-03-09,2026-03-10,11,0.04298243260206305,"CAR[-5,5]",-5,5
1421646,UNFI,unfi-quarterly-earnings-nongaap-eps-03-10-2026-0pt51,UNFI.N,0.8-1.0,5,0.91,2026-03-10T11:00:00Z,2026-03-09,2026-03-10,1,-0.030284652019317022,AR[0],0,0
1421646,UNFI,unfi-quarterly-earnings-nongaap-eps-03-10-2026-0pt51,UNFI.N,0.8-1.0,5,0.91,2026-03-10T11:00:00Z,2026-03-09,2026-03-10,2,0.04958991160986936,"CAR[0,1]",0,1
1421646,UNFI,unfi-quarterly-earnings-nongaap-eps-03-10-2026-0pt51,UNFI.N,0.8-1.0,5,0.91,2026-03-10T11:00:00Z,2026-03-09,2026-03-10,4,0.09015923083792501,"CAR[0,3]",0,3
1421646,UNFI,unfi-quarterly-earnings-nongaap-eps-03-10-2026-0pt51,UNFI.N,0.8-1.0,5,0.91,2026-03-10T11:00:00Z,2026-03-09,2026-03-10,6,0.03457325890343585,"CAR[0,5]",0,5
1428250,BIRD,bird-quarterly-earnings-gaap-eps-03-10-2026-neg2pt28,BIRD.OQ,0.8-1.0,5,0.91,2026-03-31T20:00:00Z,2026-03-31,2026-04-01,11,-0.22671989148846122,"CAR[-5,5]",-5,5
1428250,BIRD,bird-quarterly-earnings-gaap-eps-03-10-2026-neg2pt28,BIRD.OQ,0.8-1.0,5,0.91,2026-03-31T20:00:00Z,2026-03-31,2026-04-01,1,-0.1332469508946057,AR[0],0,0
1428250,BIRD,bird-quarterly-earnings-gaap-eps-03-10-2026-neg2pt28,BIRD.OQ,0.8-1.0,5,0.91,2026-03-31T20:00:00Z,2026-03-31,2026-04-01,2,-0.1112224779408838,"CAR[0,1]",0,1
1428250,BIRD,bird-quarterly-earnings-gaap-eps-03-10-2026-neg2pt28,BIRD.OQ,0.8-1.0,5,0.91,2026-03-31T20:00:00Z,2026-03-31,2026-04-01,4,-0.1561314899656533,"CAR[0,3]",0,3
1428250,BIRD,bird-quarterly-earnings-gaap-eps-03-10-2026-neg2pt28,BIRD.OQ,0.8-1.0,5,0.91,2026-03-31T20:00:00Z,2026-03-31,2026-04-01,6,-0.18070925831650742,"CAR[0,5]",0,5
1428288,DKS,dks-quarterly-earnings-nongaap-eps-03-12-2026-2pt97,DKS,0.8-1.0,5,0.89,2026-03-12T11:00:02Z,2026-03-11,2026-03-12,11,0.03666425697451431,"CAR[-5,5]",-5,5
1428288,DKS,dks-quarterly-earnings-nongaap-eps-03-12-2026-2pt97,DKS,0.8-1.0,5,0.89,2026-03-12T11:00:02Z,2026-03-11,2026-03-12,1,0.03551257960700455,AR[0],0,0
1428288,DKS,dks-quarterly-earnings-nongaap-eps-03-12-2026-2pt97,DKS,0.8-1.0,5,0.89,2026-03-12T11:00:02Z,2026-03-11,2026-03-12,2,0.01855044148161602,"CAR[0,1]",0,1
1428288,DKS,dks-quarterly-earnings-nongaap-eps-03-12-2026-2pt97,DKS,0.8-1.0,5,0.89,2026-03-12T11:00:02Z,2026-03-11,2026-03-12,4,-0.006623170480999889,"CAR[0,3]",0,3
1428288,DKS,dks-quarterly-earnings-nongaap-eps-03-12-2026-2pt97,DKS,0.8-1.0,5,0.89,2026-03-12T11:00:02Z,2026-03-11,2026-03-12,6,0.03377295053958132,"CAR[0,5]",0,5
1428531,CPB,cpb-quarterly-earnings-nongaap-eps-03-04-2026-0pt57,CPB.N,0.8-1.0,5,0.845,2026-03-11T11:15:00Z,2026-03-10,2026-03-11,11,-0.20620155693513909,"CAR[-5,5]",-5,5
1428531,CPB,cpb-quarterly-earnings-nongaap-eps-03-04-2026-0pt57,CPB.N,0.8-1.0,5,0.845,2026-03-11T11:15:00Z,2026-03-10,2026-03-11,1,-0.0706094644631083,AR[0],0,0
1428531,CPB,cpb-quarterly-earnings-nongaap-eps-03-04-2026-0pt57,CPB.N,0.8-1.0,5,0.845,2026-03-11T11:15:00Z,2026-03-10,2026-03-11,2,-0.1311281373264782,"CAR[0,1]",0,1
1428531,CPB,cpb-quarterly-earnings-nongaap-eps-03-04-2026-0pt57,CPB.N,0.8-1.0,5,0.845,2026-03-11T11:15:00Z,2026-03-10,2026-03-11,4,-0.14110768504120255,"CAR[0,3]",0,3
1428531,CPB,cpb-quarterly-earnings-nongaap-eps-03-04-2026-0pt57,CPB.N,0.8-1.0,5,0.845,2026-03-11T11:15:00Z,2026-03-10,2026-03-11,6,-0.15613461783592344,"CAR[0,5]",0,5
1435106,CXM,cxm-quarterly-earnings-nongaap-eps-03-11-2026-0pt1,CXM,0.8-1.0,5,0.92,2026-03-11T11:05:00Z,2026-03-10,2026-03-11,11,0.06343176717901232,"CAR[-5,5]",-5,5
1435106,CXM,cxm-quarterly-earnings-nongaap-eps-03-11-2026-0pt1,CXM,0.8-1.0,5,0.92,2026-03-11T11:05:00Z,2026-03-10,2026-03-11,1,0.0641018926921354,AR[0],0,0
1435106,CXM,cxm-quarterly-earnings-nongaap-eps-03-11-2026-0pt1,CXM,0.8-1.0,5,0.92,2026-03-11T11:05:00Z,2026-03-10,2026-03-11,2,0.06810020183670072,"CAR[0,1]",0,1
1435106,CXM,cxm-quarterly-earnings-nongaap-eps-03-11-2026-0pt1,CXM,0.8-1.0,5,0.92,2026-03-11T11:05:00Z,2026-03-10,2026-03-11,4,0.0458632979816999,"CAR[0,3]",0,3
1435106,CXM,cxm-quarterly-earnings-nongaap-eps-03-11-2026-0pt1,CXM,0.8-1.0,5,0.92,2026-03-11T11:05:00Z,2026-03-10,2026-03-11,6,0.09892835850188465,"CAR[0,5]",0,5
1435682,BBW,bbw-quarterly-earnings-gaap-eps-03-12-2026-1pt27,BBW,0.8-1.0,5,0.885,2026-03-12T10:40:00Z,2026-03-11,2026-03-12,11,-0.05855906934633009,"CAR[-5,5]",-5,5
1435682,BBW,bbw-quarterly-earnings-gaap-eps-03-12-2026-1pt27,BBW,0.8-1.0,5,0.885,2026-03-12T10:40:00Z,2026-03-11,2026-03-12,1,-0.024013153338527157,AR[0],0,0
1435682,BBW,bbw-quarterly-earnings-gaap-eps-03-12-2026-1pt27,BBW,0.8-1.0,5,0.885,2026-03-12T10:40:00Z,2026-03-11,2026-03-12,2,-0.032295379815122205,"CAR[0,1]",0,1
1435682,BBW,bbw-quarterly-earnings-gaap-eps-03-12-2026-1pt27,BBW,0.8-1.0,5,0.885,2026-03-12T10:40:00Z,2026-03-11,2026-03-12,4,-0.07193636664787818,"CAR[0,3]",0,3
1435682,BBW,bbw-quarterly-earnings-gaap-eps-03-12-2026-1pt27,BBW,0.8-1.0,5,0.885,2026-03-12T10:40:00Z,2026-03-11,2026-03-12,6,-0.02899755892007411,"CAR[0,5]",0,5
1435757,GAMB,gamb-quarterly-earnings-nongaap-eps-03-12-2026-0pt2,GAMB.OQ,0.8-1.0,5,0.92,2026-03-12T11:00:01Z,2026-03-11,2026-03-12,11,0.09190286563849676,"CAR[-5,5]",-5,5
1435757,GAMB,gamb-quarterly-earnings-nongaap-eps-03-12-2026-0pt2,GAMB.OQ,0.8-1.0,5,0.92,2026-03-12T11:00:01Z,2026-03-11,2026-03-12,1,0.09154008211765226,AR[0],0,0
1435757,GAMB,gamb-quarterly-earnings-nongaap-eps-03-12-2026-0pt2,GAMB.OQ,0.8-1.0,5,0.92,2026-03-12T11:00:01Z,2026-03-11,2026-03-12,2,0.08017917753394355,"CAR[0,1]",0,1
1435757,GAMB,gamb-quarterly-earnings-nongaap-eps-03-12-2026-0pt2,GAMB.OQ,0.8-1.0,5,0.92,2026-03-12T11:00:01Z,2026-03-11,2026-03-12,4,-0.024265754514748817,"CAR[0,3]",0,3
1435757,GAMB,gamb-quarterly-earnings-nongaap-eps-03-12-2026-0pt2,GAMB.OQ,0.8-1.0,5,0.92,2026-03-12T11:00:01Z,2026-03-11,2026-03-12,6,0.06544988162010468,"CAR[0,5]",0,5
1435762,PLBY,plby-quarterly-earnings-gaap-eps-03-12-2026-0pt01,PLBY.OQ,0.8-1.0,5,0.9855,2026-03-16T20:05:01Z,2026-03-16,2026-03-17,11,0.03876345872388906,"CAR[-5,5]",-5,5
1435762,PLBY,plby-quarterly-earnings-gaap-eps-03-12-2026-0pt01,PLBY.OQ,0.8-1.0,5,0.9855,2026-03-16T20:05:01Z,2026-03-16,2026-03-17,1,-0.012042366664924054,AR[0],0,0
1435762,PLBY,plby-quarterly-earnings-gaap-eps-03-12-2026-0pt01,PLBY.OQ,0.8-1.0,5,0.9855,2026-03-16T20:05:01Z,2026-03-16,2026-03-17,2,-0.03930435799725669,"CAR[0,1]",0,1
1435762,PLBY,plby-quarterly-earnings-gaap-eps-03-12-2026-0pt01,PLBY.OQ,0.8-1.0,5,0.9855,2026-03-16T20:05:01Z,2026-03-16,2026-03-17,4,0.030121589629772773,"CAR[0,3]",0,3
1435762,PLBY,plby-quarterly-earnings-gaap-eps-03-12-2026-0pt01,PLBY.OQ,0.8-1.0,5,0.9855,2026-03-16T20:05:01Z,2026-03-16,2026-03-17,6,0.004296031721673263,"CAR[0,5]",0,5
1435763,DG,dg-quarterly-earnings-gaap-eps-03-12-2026-1pt61,DG,0.8-1.0,5,0.928,2026-03-12T10:50:00Z,2026-03-11,2026-03-12,11,-0.20266477734355862,"CAR[-5,5]",-5,5
1435763,DG,dg-quarterly-earnings-gaap-eps-03-12-2026-1pt61,DG,0.8-1.0,5,0.928,2026-03-12T10:50:00Z,2026-03-11,2026-03-12,1,-0.05715162381333091,AR[0],0,0
1435763,DG,dg-quarterly-earnings-gaap-eps-03-12-2026-1pt61,DG,0.8-1.0,5,0.928,2026-03-12T10:50:00Z,2026-03-11,2026-03-12,2,-0.08659651627291343,"CAR[0,1]",0,1
1435763,DG,dg-quarterly-earnings-gaap-eps-03-12-2026-1pt61,DG,0.8-1.0,5,0.928,2026-03-12T10:50:00Z,2026-03-11,2026-03-12,4,-0.10054405744587941,"CAR[0,3]",0,3
1435763,DG,dg-quarterly-earnings-gaap-eps-03-12-2026-1pt61,DG,0.8-1.0,5,0.928,2026-03-12T10:50:00Z,2026-03-11,2026-03-12,6,-0.15533730077653235,"CAR[0,5]",0,5
1486741,DOCU,docu-quarterly-earnings-nongaap-eps-03-17-2026-0pt95,DOCU.N,0.8-1.0,5,0.9635,2026-03-17T20:05:00Z,2026-03-17,2026-03-18,11,0.03565220550109513,"CAR[-5,5]",-5,5
1486741,DOCU,docu-quarterly-earnings-nongaap-eps-03-17-2026-0pt95,DOCU.N,0.8-1.0,5,0.9635,2026-03-17T20:05:00Z,2026-03-17,2026-03-18,1,0.05156771596841633,AR[0],0,0
1486741,DOCU,docu-quarterly-earnings-nongaap-eps-03-17-2026-0pt95,DOCU.N,0.8-1.0,5,0.9635,2026-03-17T20:05:00Z,2026-03-17,2026-03-18,2,0.03557565774173772,"CAR[0,1]",0,1
1486741,DOCU,docu-quarterly-earnings-nongaap-eps-03-17-2026-0pt95,DOCU.N,0.8-1.0,5,0.9635,2026-03-17T20:05:00Z,2026-03-17,2026-03-18,4,0.07027060930319243,"CAR[0,3]",0,3
1486741,DOCU,docu-quarterly-earnings-nongaap-eps-03-17-2026-0pt95,DOCU.N,0.8-1.0,5,0.9635,2026-03-17T20:05:00Z,2026-03-17,2026-03-18,6,0.025547499283917436,"CAR[0,5]",0,5
1486791,WB,wb-quarterly-earnings-nongaap-eps-03-18-2026-0pt32,WB.OQ,0.8-1.0,5,0.895,2026-03-18T08:00:00Z,2026-03-17,2026-03-18,11,-0.07862850838957575,"CAR[-5,5]",-5,5
1486791,WB,wb-quarterly-earnings-nongaap-eps-03-18-2026-0pt32,WB.OQ,0.8-1.0,5,0.895,2026-03-18T08:00:00Z,2026-03-17,2026-03-18,1,-0.09005045523090158,AR[0],0,0
1486791,WB,wb-quarterly-earnings-nongaap-eps-03-18-2026-0pt32,WB.OQ,0.8-1.0,5,0.895,2026-03-18T08:00:00Z,2026-03-17,2026-03-18,2,-0.07033168906838803,"CAR[0,1]",0,1
1486791,WB,wb-quarterly-earnings-nongaap-eps-03-18-2026-0pt32,WB.OQ,0.8-1.0,5,0.895,2026-03-18T08:00:00Z,2026-03-17,2026-03-18,4,-0.0675833001030291,"CAR[0,3]",0,3
1486791,WB,wb-quarterly-earnings-nongaap-eps-03-18-2026-0pt32,WB.OQ,0.8-1.0,5,0.895,2026-03-18T08:00:00Z,2026-03-17,2026-03-18,6,-0.07481636215831115,"CAR[0,5]",0,5
1494780,DLTR,dltr-quarterly-earnings-nongaap-eps-03-16-2026-2pt53,DLTR.N,0.8-1.0,5,0.94,2026-03-16T10:30:00Z,2026-03-13,2026-03-16,11,-0.04614393491793753,"CAR[-5,5]",-5,5
1494780,DLTR,dltr-quarterly-earnings-nongaap-eps-03-16-2026-2pt53,DLTR.N,0.8-1.0,5,0.94,2026-03-16T10:30:00Z,2026-03-13,2026-03-16,1,0.055425868070930404,AR[0],0,0
1494780,DLTR,dltr-quarterly-earnings-nongaap-eps-03-16-2026-2pt53,DLTR.N,0.8-1.0,5,0.94,2026-03-16T10:30:00Z,2026-03-13,2026-03-16,2,0.030120002495282752,"CAR[0,1]",0,1
1494780,DLTR,dltr-quarterly-earnings-nongaap-eps-03-16-2026-2pt53,DLTR.N,0.8-1.0,5,0.94,2026-03-16T10:30:00Z,2026-03-13,2026-03-16,4,-0.012659433660428269,"CAR[0,3]",0,3
1494780,DLTR,dltr-quarterly-earnings-nongaap-eps-03-16-2026-2pt53,DLTR.N,0.8-1.0,5,0.94,2026-03-16T10:30:00Z,2026-03-13,2026-03-16,6,0.015265862289404075,"CAR[0,5]",0,5
1494817,LULU,lulu-quarterly-earnings-gaap-eps-03-17-2026-4pt78,LULU.N,0.8-1.0,5,0.91,2026-03-17T20:06:00Z,2026-03-17,2026-03-18,11,0.03491662642058457,"CAR[-5,5]",-5,5
1494817,LULU,lulu-quarterly-earnings-gaap-eps-03-17-2026-4pt78,LULU.N,0.8-1.0,5,0.91,2026-03-17T20:06:00Z,2026-03-17,2026-03-18,1,0.06447264079931708,AR[0],0,0
1494817,LULU,lulu-quarterly-earnings-gaap-eps-03-17-2026-4pt78,LULU.N,0.8-1.0,5,0.91,2026-03-17T20:06:00Z,2026-03-17,2026-03-18,2,0.07317941757424545,"CAR[0,1]",0,1
1494817,LULU,lulu-quarterly-earnings-gaap-eps-03-17-2026-4pt78,LULU.N,0.8-1.0,5,0.91,2026-03-17T20:06:00Z,2026-03-17,2026-03-18,4,0.07892296669363359,"CAR[0,3]",0,3
1494817,LULU,lulu-quarterly-earnings-gaap-eps-03-17-2026-4pt78,LULU.N,0.8-1.0,5,0.91,2026-03-17T20:06:00Z,2026-03-17,2026-03-18,6,0.046638123725915685,"CAR[0,5]",0,5
1499779,MU,mu-quarterly-earnings-nongaap-eps-03-18-2026-8pt58,MU.N,0.8-1.0,5,0.9765,2026-03-18T20:01:01Z,2026-03-18,2026-03-19,11,-0.08584245384187059,"CAR[-5,5]",-5,5
1499779,MU,mu-quarterly-earnings-nongaap-eps-03-18-2026-8pt58,MU.N,0.8-1.0,5,0.9765,2026-03-18T20:01:01Z,2026-03-18,2026-03-19,1,-0.03565354545002879,AR[0],0,0
1499779,MU,mu-quarterly-earnings-nongaap-eps-03-18-2026-8pt58,MU.N,0.8-1.0,5,0.9765,2026-03-18T20:01:01Z,2026-03-18,2026-03-19,2,-0.0433313247904845,"CAR[0,1]",0,1
1499779,MU,mu-quarterly-earnings-nongaap-eps-03-18-2026-8pt58,MU.N,0.8-1.0,5,0.9765,2026-03-18T20:01:01Z,2026-03-18,2026-03-19,4,-0.14579311391060934,"CAR[0,3]",0,3
1499779,MU,mu-quarterly-earnings-nongaap-eps-03-18-2026-8pt58,MU.N,0.8-1.0,5,0.9765,2026-03-18T20:01:01Z,2026-03-18,2026-03-19,6,-0.22485885157234384,"CAR[0,5]",0,5
1508633,FDX,fdx-quarterly-earnings-nongaap-eps-03-19-2026-4pt08,FDX,0.8-1.0,5,0.93,2026-03-19T20:06:00Z,2026-03-19,2026-03-20,11,-0.0117801249758409,"CAR[-5,5]",-5,5
1508633,FDX,fdx-quarterly-earnings-nongaap-eps-03-19-2026-4pt08,FDX,0.8-1.0,5,0.93,2026-03-19T20:06:00Z,2026-03-19,2026-03-20,1,0.019230884961194947,AR[0],0,0
1508633,FDX,fdx-quarterly-earnings-nongaap-eps-03-19-2026-4pt08,FDX,0.8-1.0,5,0.93,2026-03-19T20:06:00Z,2026-03-19,2026-03-20,2,-0.0027560054443826892,"CAR[0,1]",0,1
1508633,FDX,fdx-quarterly-earnings-nongaap-eps-03-19-2026-4pt08,FDX,0.8-1.0,5,0.93,2026-03-19T20:06:00Z,2026-03-19,2026-03-20,4,-0.004715141218499155,"CAR[0,3]",0,3
1508633,FDX,fdx-quarterly-earnings-nongaap-eps-03-19-2026-4pt08,FDX,0.8-1.0,5,0.93,2026-03-19T20:06:00Z,2026-03-19,2026-03-20,6,-0.016281039608280434,"CAR[0,5]",0,5
1508634,ACN,acn-quarterly-earnings-gaap-eps-03-19-2026-2pt85,ACN,0.8-1.0,5,0.902,2026-03-19T10:39:00Z,2026-03-18,2026-03-19,11,0.039181239574864205,"CAR[-5,5]",-5,5
1508634,ACN,acn-quarterly-earnings-gaap-eps-03-19-2026-2pt85,ACN,0.8-1.0,5,0.902,2026-03-19T10:39:00Z,2026-03-18,2026-03-19,1,0.047379960497270245,AR[0],0,0
1508634,ACN,acn-quarterly-earnings-gaap-eps-03-19-2026-2pt85,ACN,0.8-1.0,5,0.902,2026-03-19T10:39:00Z,2026-03-18,2026-03-19,2,0.04683765005004397,"CAR[0,1]",0,1
1508634,ACN,acn-quarterly-earnings-gaap-eps-03-19-2026-2pt85,ACN,0.8-1.0,5,0.902,2026-03-19T10:39:00Z,2026-03-18,2026-03-19,4,0.00981856242295699,"CAR[0,3]",0,3
1508634,ACN,acn-quarterly-earnings-gaap-eps-03-19-2026-2pt85,ACN,0.8-1.0,5,0.902,2026-03-19T10:39:00Z,2026-03-18,2026-03-19,6,0.040115824072366454,"CAR[0,5]",0,5
1518162,FIVE,five-quarterly-earnings-nongaap-eps-03-18-2026-4,FIVE.N,0.8-1.0,5,0.9385,2026-03-18T20:01:00Z,2026-03-18,2026-03-19,11,0.10200408243039302,"CAR[-5,5]",-5,5
1518162,FIVE,five-quarterly-earnings-nongaap-eps-03-18-2026-4,FIVE.N,0.8-1.0,5,0.9385,2026-03-18T20:01:00Z,2026-03-18,2026-03-19,1,0.10812648684799088,AR[0],0,0
1518162,FIVE,five-quarterly-earnings-nongaap-eps-03-18-2026-4,FIVE.N,0.8-1.0,5,0.9385,2026-03-18T20:01:00Z,2026-03-18,2026-03-19,2,0.09891035287209866,"CAR[0,1]",0,1
1518162,FIVE,five-quarterly-earnings-nongaap-eps-03-18-2026-4,FIVE.N,0.8-1.0,5,0.9385,2026-03-18T20:01:00Z,2026-03-18,2026-03-19,4,0.0983412590885772,"CAR[0,3]",0,3
1518162,FIVE,five-quarterly-earnings-nongaap-eps-03-18-2026-4,FIVE.N,0.8-1.0,5,0.9385,2026-03-18T20:01:00Z,2026-03-18,2026-03-19,6,0.09807396743329384,"CAR[0,5]",0,5
1545005,WSM,wsm-quarterly-earnings-gaap-eps-03-18-2026-2pt91,WSM,0.8-1.0,5,0.855,2026-03-18T12:30:00Z,2026-03-17,2026-03-18,11,-0.004964419413456951,"CAR[-5,5]",-5,5
1545005,WSM,wsm-quarterly-earnings-gaap-eps-03-18-2026-2pt91,WSM,0.8-1.0,5,0.855,2026-03-18T12:30:00Z,2026-03-17,2026-03-18,1,0.02770826697632247,AR[0],0,0
1545005,WSM,wsm-quarterly-earnings-gaap-eps-03-18-2026-2pt91,WSM,0.8-1.0,5,0.855,2026-03-18T12:30:00Z,2026-03-17,2026-03-18,2,0.022300266884558592,"CAR[0,1]",0,1
1545005,WSM,wsm-quarterly-earnings-gaap-eps-03-18-2026-2pt91,WSM,0.8-1.0,5,0.855,2026-03-18T12:30:00Z,2026-03-17,2026-03-18,4,0.032536370314038485,"CAR[0,3]",0,3
1545005,WSM,wsm-quarterly-earnings-gaap-eps-03-18-2026-2pt91,WSM,0.8-1.0,5,0.855,2026-03-18T12:30:00Z,2026-03-17,2026-03-18,6,0.019131635315097664,"CAR[0,5]",0,5
1555415,GME,gme-quarterly-earnings-nongaap-eps-03-24-2026-0pt37,GME,0.8-1.0,5,0.8,2026-03-24T20:00:00Z,2026-03-24,2026-03-25,11,-0.013889440457515122,"CAR[-5,5]",-5,5
1555415,GME,gme-quarterly-earnings-nongaap-eps-03-24-2026-0pt37,GME,0.8-1.0,5,0.8,2026-03-24T20:00:00Z,2026-03-24,2026-03-25,1,0.006571967882137974,AR[0],0,0
1555415,GME,gme-quarterly-earnings-nongaap-eps-03-24-2026-0pt37,GME,0.8-1.0,5,0.8,2026-03-24T20:00:00Z,2026-03-24,2026-03-25,2,0.0010702336588510738,"CAR[0,1]",0,1
1555415,GME,gme-quarterly-earnings-nongaap-eps-03-24-2026-0pt37,GME,0.8-1.0,5,0.8,2026-03-24T20:00:00Z,2026-03-24,2026-03-25,4,0.00861441323675553,"CAR[0,3]",0,3
1555415,GME,gme-quarterly-earnings-nongaap-eps-03-24-2026-0pt37,GME,0.8-1.0,5,0.8,2026-03-24T20:00:00Z,2026-03-24,2026-03-25,6,-0.0043607518242553675,"CAR[0,5]",0,5
1555597,CHWY,chwy-quarterly-earnings-nongaap-eps-03-25-2026-0pt28,CHWY.N,0.8-1.0,5,0.885,2026-03-25T12:30:00Z,2026-03-24,2026-03-25,11,0.10058824809045391,"CAR[-5,5]",-5,5
1555597,CHWY,chwy-quarterly-earnings-nongaap-eps-03-25-2026-0pt28,CHWY.N,0.8-1.0,5,0.885,2026-03-25T12:30:00Z,2026-03-24,2026-03-25,1,0.13335357463507055,AR[0],0,0
1555597,CHWY,chwy-quarterly-earnings-nongaap-eps-03-25-2026-0pt28,CHWY.N,0.8-1.0,5,0.885,2026-03-25T12:30:00Z,2026-03-24,2026-03-25,2,0.1593513939628139,"CAR[0,1]",0,1
1555597,CHWY,chwy-quarterly-earnings-nongaap-eps-03-25-2026-0pt28,CHWY.N,0.8-1.0,5,0.885,2026-03-25T12:30:00Z,2026-03-24,2026-03-25,4,0.13042799837875046,"CAR[0,3]",0,3
1555597,CHWY,chwy-quarterly-earnings-nongaap-eps-03-25-2026-0pt28,CHWY.N,0.8-1.0,5,0.885,2026-03-25T12:30:00Z,2026-03-24,2026-03-25,6,0.15005162545406622,"CAR[0,5]",0,5
1555598,CTAS,ctas-quarterly-earnings-gaap-eps-03-25-2026-1pt23,CTAS.N,0.8-1.0,5,0.935,2026-03-25T12:30:00Z,2026-03-24,2026-03-25,11,-0.09390586321368313,"CAR[-5,5]",-5,5
1555598,CTAS,ctas-quarterly-earnings-gaap-eps-03-25-2026-1pt23,CTAS.N,0.8-1.0,5,0.935,2026-03-25T12:30:00Z,2026-03-24,2026-03-25,1,-0.006590830158957405,AR[0],0,0
1555598,CTAS,ctas-quarterly-earnings-gaap-eps-03-25-2026-1pt23,CTAS.N,0.8-1.0,5,0.935,2026-03-25T12:30:00Z,2026-03-24,2026-03-25,2,-0.04548043484011002,"CAR[0,1]",0,1
1555598,CTAS,ctas-quarterly-earnings-gaap-eps-03-25-2026-1pt23,CTAS.N,0.8-1.0,5,0.935,2026-03-25T12:30:00Z,2026-03-24,2026-03-25,4,-0.036849819636288916,"CAR[0,3]",0,3
1555598,CTAS,ctas-quarterly-earnings-gaap-eps-03-25-2026-1pt23,CTAS.N,0.8-1.0,5,0.935,2026-03-25T12:30:00Z,2026-03-24,2026-03-25,6,-0.027401610322758,"CAR[0,5]",0,5
1555635,PAYX,payx-quarterly-earnings-nongaap-eps-03-25-2026-1pt67,PAYX.N,0.8-1.0,5,0.84,2026-03-25T12:30:00Z,2026-03-24,2026-03-25,11,0.024251579763246166,"CAR[-5,5]",-5,5
1555635,PAYX,payx-quarterly-earnings-nongaap-eps-03-25-2026-1pt67,PAYX.N,0.8-1.0,5,0.84,2026-03-25T12:30:00Z,2026-03-24,2026-03-25,1,0.030953090197904442,AR[0],0,0
1555635,PAYX,payx-quarterly-earnings-nongaap-eps-03-25-2026-1pt67,PAYX.N,0.8-1.0,5,0.84,2026-03-25T12:30:00Z,2026-03-24,2026-03-25,2,0.04311568834369475,"CAR[0,1]",0,1
1555635,PAYX,payx-quarterly-earnings-nongaap-eps-03-25-2026-1pt67,PAYX.N,0.8-1.0,5,0.84,2026-03-25T12:30:00Z,2026-03-24,2026-03-25,4,0.05182680535788213,"CAR[0,3]",0,3
1555635,PAYX,payx-quarterly-earnings-nongaap-eps-03-25-2026-1pt67,PAYX.N,0.8-1.0,5,0.84,2026-03-25T12:30:00Z,2026-03-24,2026-03-25,6,0.019155880361620692,"CAR[0,5]",0,5
1651878,NKE,nke-quarterly-earnings-gaap-eps-03-31-2026-0pt29,NKE,0.8-1.0,5,0.855,2026-03-31T20:00:00Z,2026-03-31,2026-04-01,11,-0.19928004183943723,"CAR[-5,5]",-5,5
1651878,NKE,nke-quarterly-earnings-gaap-eps-03-31-2026-0pt29,NKE,0.8-1.0,5,0.855,2026-03-31T20:00:00Z,2026-03-31,2026-04-01,1,-0.15945430865296994,AR[0],0,0
1651878,NKE,nke-quarterly-earnings-gaap-eps-03-31-2026-0pt29,NKE,0.8-1.0,5,0.855,2026-03-31T20:00:00Z,2026-03-31,2026-04-01,2,-0.16898164892814854,"CAR[0,1]",0,1
1651878,NKE,nke-quarterly-earnings-gaap-eps-03-31-2026-0pt29,NKE,0.8-1.0,5,0.855,2026-03-31T20:00:00Z,2026-03-31,2026-04-01,4,-0.2046763947524376,"CAR[0,3]",0,3
1651878,NKE,nke-quarterly-earnings-gaap-eps-03-31-2026-0pt29,NKE,0.8-1.0,5,0.855,2026-03-31T20:00:00Z,2026-03-31,2026-04-01,6,-0.19622828669053374,"CAR[0,5]",0,5
1652245,LW,lw-quarterly-earnings-nongaap-eps-04-01-2026-0pt63,LW,0.8-1.0,5,0.955,2026-04-01T12:30:00Z,2026-03-31,2026-04-01,11,0.012648728502892243,"CAR[-5,5]",-5,5
1652245,LW,lw-quarterly-earnings-nongaap-eps-04-01-2026-0pt63,LW,0.8-1.0,5,0.955,2026-04-01T12:30:00Z,2026-03-31,2026-04-01,1,-0.08992702560625586,AR[0],0,0
1652245,LW,lw-quarterly-earnings-nongaap-eps-04-01-2026-0pt63,LW,0.8-1.0,5,0.955,2026-04-01T12:30:00Z,2026-03-31,2026-04-01,2,-0.06637286647797332,"CAR[0,1]",0,1
1652245,LW,lw-quarterly-earnings-nongaap-eps-04-01-2026-0pt63,LW,0.8-1.0,5,0.955,2026-04-01T12:30:00Z,2026-03-31,2026-04-01,4,-0.03413171514565672,"CAR[0,3]",0,3
1652245,LW,lw-quarterly-earnings-nongaap-eps-04-01-2026-0pt63,LW,0.8-1.0,5,0.955,2026-04-01T12:30:00Z,2026-03-31,2026-04-01,6,-0.013710785632709548,"CAR[0,5]",0,5
598107,MU,will-mu-beat-earnings-estimate-2025-09-23-2pt85,MU.N,0.8-1.0,5,0.855,2025-09-23T20:01:02Z,2025-09-23,2025-09-24,11,0.1026752911464549,"CAR[-5,5]",-5,5
598107,MU,will-mu-beat-earnings-estimate-2025-09-23-2pt85,MU.N,0.8-1.0,5,0.855,2025-09-23T20:01:02Z,2025-09-23,2025-09-24,1,-0.02331502596120373,AR[0],0,0
598107,MU,will-mu-beat-earnings-estimate-2025-09-23-2pt85,MU.N,0.8-1.0,5,0.855,2025-09-23T20:01:02Z,2025-09-23,2025-09-24,2,-0.043931240752977836,"CAR[0,1]",0,1
598107,MU,will-mu-beat-earnings-estimate-2025-09-23-2pt85,MU.N,0.8-1.0,5,0.855,2025-09-23T20:01:02Z,2025-09-23,2025-09-24,4,-0.018450286558708198,"CAR[0,3]",0,3
598107,MU,will-mu-beat-earnings-estimate-2025-09-23-2pt85,MU.N,0.8-1.0,5,0.855,2025-09-23T20:01:02Z,2025-09-23,2025-09-24,6,0.07358387310573171,"CAR[0,5]",0,5
598111,JBL,will-jbl-beat-earnings-estimate-2025-09-25-2pt9,JBL,0.8-1.0,5,0.85,2025-09-25T11:30:01Z,2025-09-24,2025-09-25,11,-0.026100228728378,"CAR[-5,5]",-5,5
598111,JBL,will-jbl-beat-earnings-estimate-2025-09-25-2pt9,JBL,0.8-1.0,5,0.85,2025-09-25T11:30:01Z,2025-09-24,2025-09-25,1,-0.06102411793226185,AR[0],0,0
598111,JBL,will-jbl-beat-earnings-estimate-2025-09-25-2pt9,JBL,0.8-1.0,5,0.85,2025-09-25T11:30:01Z,2025-09-24,2025-09-25,2,-0.044257085706436966,"CAR[0,1]",0,1
598111,JBL,will-jbl-beat-earnings-estimate-2025-09-25-2pt9,JBL,0.8-1.0,5,0.85,2025-09-25T11:30:01Z,2025-09-24,2025-09-25,4,-0.05071202121531489,"CAR[0,3]",0,3
598111,JBL,will-jbl-beat-earnings-estimate-2025-09-25-2pt9,JBL,0.8-1.0,5,0.85,2025-09-25T11:30:01Z,2025-09-24,2025-09-25,6,-0.066211623955102,"CAR[0,5]",0,5
599652,PRGS,will-prgs-beat-earnings-estimate-2025-09-29-1pt3,PRGS.N,0.8-1.0,5,0.885,2025-09-29T20:02:00Z,2025-09-29,2025-09-30,11,0.1159757963735381,"CAR[-5,5]",-5,5
599652,PRGS,will-prgs-beat-earnings-estimate-2025-09-29-1pt3,PRGS.N,0.8-1.0,5,0.885,2025-09-29T20:02:00Z,2025-09-29,2025-09-30,1,0.028832788861580177,AR[0],0,0
599652,PRGS,will-prgs-beat-earnings-estimate-2025-09-29-1pt3,PRGS.N,0.8-1.0,5,0.885,2025-09-29T20:02:00Z,2025-09-29,2025-09-30,2,0.056564408900895924,"CAR[0,1]",0,1
599652,PRGS,will-prgs-beat-earnings-estimate-2025-09-29-1pt3,PRGS.N,0.8-1.0,5,0.885,2025-09-29T20:02:00Z,2025-09-29,2025-09-30,4,0.08000299894889945,"CAR[0,3]",0,3
599652,PRGS,will-prgs-beat-earnings-estimate-2025-09-29-1pt3,PRGS.N,0.8-1.0,5,0.885,2025-09-29T20:02:00Z,2025-09-29,2025-09-30,6,0.09791764475751208,"CAR[0,5]",0,5
613037,NKE,nke-quarterly-earnings-gaap-eps-2025-09-30-0pt27,NKE,0.8-1.0,5,0.835,2025-09-30T20:15:00Z,2025-09-30,2025-10-01,11,-0.04109838268923443,"CAR[-5,5]",-5,5
613037,NKE,nke-quarterly-earnings-gaap-eps-2025-09-30-0pt27,NKE,0.8-1.0,5,0.835,2025-09-30T20:15:00Z,2025-09-30,2025-10-01,1,0.06011428470627761,AR[0],0,0
613037,NKE,nke-quarterly-earnings-gaap-eps-2025-09-30-0pt27,NKE,0.8-1.0,5,0.835,2025-09-30T20:15:00Z,2025-09-30,2025-10-01,2,0.06420646234379661,"CAR[0,1]",0,1
613037,NKE,nke-quarterly-earnings-gaap-eps-2025-09-30-0pt27,NKE,0.8-1.0,5,0.835,2025-09-30T20:15:00Z,2025-09-30,2025-10-01,4,0.013693881507717252,"CAR[0,3]",0,3
613037,NKE,nke-quarterly-earnings-gaap-eps-2025-09-30-0pt27,NKE,0.8-1.0,5,0.835,2025-09-30T20:15:00Z,2025-09-30,2025-10-01,6,-0.018105177515415842,"CAR[0,5]",0,5
613046,XOM,xom-quarterly-earnings-nongaap-eps-2025-10-31-1pt75,XOM,0.8-1.0,5,0.837,2025-10-31T10:30:00Z,2025-10-30,2025-10-31,11,0.014959973164845142,"CAR[-5,5]",-5,5
613046,XOM,xom-quarterly-earnings-nongaap-eps-2025-10-31-1pt75,XOM,0.8-1.0,5,0.837,2025-10-31T10:30:00Z,2025-10-30,2025-10-31,1,-0.004178391529211397,AR[0],0,0
613046,XOM,xom-quarterly-earnings-nongaap-eps-2025-10-31-1pt75,XOM,0.8-1.0,5,0.837,2025-10-31T10:30:00Z,2025-10-30,2025-10-31,2,-0.01018475315193553,"CAR[0,1]",0,1
613046,XOM,xom-quarterly-earnings-nongaap-eps-2025-10-31-1pt75,XOM,0.8-1.0,5,0.837,2025-10-31T10:30:00Z,2025-10-30,2025-10-31,4,-0.005440704779133249,"CAR[0,3]",0,3
613046,XOM,xom-quarterly-earnings-nongaap-eps-2025-10-31-1pt75,XOM,0.8-1.0,5,0.837,2025-10-31T10:30:00Z,2025-10-30,2025-10-31,6,0.03206777660026142,"CAR[0,5]",0,5
613049,LEVI,levi-quarterly-earnings-nongaap-eps-2025-10-09-0pt30,LEVI.N,0.8-1.0,5,0.88,2025-10-09T20:15:00Z,2025-10-09,2025-10-10,11,-0.14291181080603543,"CAR[-5,5]",-5,5
613049,LEVI,levi-quarterly-earnings-nongaap-eps-2025-10-09-0pt30,LEVI.N,0.8-1.0,5,0.88,2025-10-09T20:15:00Z,2025-10-09,2025-10-10,1,-0.08439910480503246,AR[0],0,0
613049,LEVI,levi-quarterly-earnings-nongaap-eps-2025-10-09-0pt30,LEVI.N,0.8-1.0,5,0.88,2025-10-09T20:15:00Z,2025-10-09,2025-10-10,2,-0.12309548081471725,"CAR[0,1]",0,1
613049,LEVI,levi-quarterly-earnings-nongaap-eps-2025-10-09-0pt30,LEVI.N,0.8-1.0,5,0.88,2025-10-09T20:15:00Z,2025-10-09,2025-10-10,4,-0.11550505759767571,"CAR[0,3]",0,3
613049,LEVI,levi-quarterly-earnings-nongaap-eps-2025-10-09-0pt30,LEVI.N,0.8-1.0,5,0.88,2025-10-09T20:15:00Z,2025-10-09,2025-10-10,6,-0.14158275325397257,"CAR[0,5]",0,5
613050,PEP,pep-quarterly-earnings-nongaap-eps-2025-10-09-2pt26,PEP.N,0.8-1.0,5,0.918,2025-10-09T12:30:00Z,2025-10-08,2025-10-09,11,0.07092044807509211,"CAR[-5,5]",-5,5
613050,PEP,pep-quarterly-earnings-nongaap-eps-2025-10-09-2pt26,PEP.N,0.8-1.0,5,0.918,2025-10-09T12:30:00Z,2025-10-08,2025-10-09,1,0.04409737769985687,AR[0],0,0
613050,PEP,pep-quarterly-earnings-nongaap-eps-2025-10-09-2pt26,PEP.N,0.8-1.0,5,0.918,2025-10-09T12:30:00Z,2025-10-08,2025-10-09,2,0.08793997527805174,"CAR[0,1]",0,1
613050,PEP,pep-quarterly-earnings-nongaap-eps-2025-10-09-2pt26,PEP.N,0.8-1.0,5,0.918,2025-10-09T12:30:00Z,2025-10-08,2025-10-09,4,0.09479669490010088,"CAR[0,3]",0,3
613050,PEP,pep-quarterly-earnings-nongaap-eps-2025-10-09-2pt26,PEP.N,0.8-1.0,5,0.918,2025-10-09T12:30:00Z,2025-10-08,2025-10-09,6,0.1031647956392795,"CAR[0,5]",0,5
613051,DAL,dal-quarterly-earnings-nongaap-eps-2025-10-09-1pt52,DAL,0.8-1.0,5,0.875,2025-10-09T10:30:45Z,2025-10-08,2025-10-09,11,0.11479526697937985,"CAR[-5,5]",-5,5
613051,DAL,dal-quarterly-earnings-nongaap-eps-2025-10-09-1pt52,DAL,0.8-1.0,5,0.875,2025-10-09T10:30:45Z,2025-10-08,2025-10-09,1,0.04974771267413909,AR[0],0,0
613051,DAL,dal-quarterly-earnings-nongaap-eps-2025-10-09-1pt52,DAL,0.8-1.0,5,0.875,2025-10-09T10:30:45Z,2025-10-08,2025-10-09,2,0.07133095375408083,"CAR[0,1]",0,1
613051,DAL,dal-quarterly-earnings-nongaap-eps-2025-10-09-1pt52,DAL,0.8-1.0,5,0.875,2025-10-09T10:30:45Z,2025-10-08,2025-10-09,4,0.11006767075478222,"CAR[0,3]",0,3
613051,DAL,dal-quarterly-earnings-nongaap-eps-2025-10-09-1pt52,DAL,0.8-1.0,5,0.875,2025-10-09T10:30:45Z,2025-10-08,2025-10-09,6,0.10309536085802722,"CAR[0,5]",0,5
613052,JPM,jpm-quarterly-earnings-gaap-eps-2025-10-14-4pt72,JPM,0.8-1.0,5,0.89,2025-10-14T10:37:00Z,2025-10-13,2025-10-14,11,-0.04048563703542912,"CAR[-5,5]",-5,5
613052,JPM,jpm-quarterly-earnings-gaap-eps-2025-10-14-4pt72,JPM,0.8-1.0,5,0.89,2025-10-14T10:37:00Z,2025-10-13,2025-10-14,1,-0.017687501673369476,AR[0],0,0
613052,JPM,jpm-quarterly-earnings-gaap-eps-2025-10-14-4pt72,JPM,0.8-1.0,5,0.89,2025-10-14T10:37:00Z,2025-10-13,2025-10-14,2,-0.010092386069647727,"CAR[0,1]",0,1
613052,JPM,jpm-quarterly-earnings-gaap-eps-2025-10-14-4pt72,JPM,0.8-1.0,5,0.89,2025-10-14T10:37:00Z,2025-10-13,2025-10-14,4,-0.03607060030919328,"CAR[0,3]",0,3
613052,JPM,jpm-quarterly-earnings-gaap-eps-2025-10-14-4pt72,JPM,0.8-1.0,5,0.89,2025-10-14T10:37:00Z,2025-10-13,2025-10-14,6,-0.04882882871087688,"CAR[0,5]",0,5
613055,WFC,wfc-quarterly-earnings-gaap-eps-2025-10-14-1pt53,WFC,0.8-1.0,5,0.921,2025-10-14T11:00:00Z,2025-10-13,2025-10-14,11,0.05687732165835349,"CAR[-5,5]",-5,5
613055,WFC,wfc-quarterly-earnings-gaap-eps-2025-10-14-1pt53,WFC,0.8-1.0,5,0.921,2025-10-14T11:00:00Z,2025-10-13,2025-10-14,1,0.07341083352236882,AR[0],0,0
613055,WFC,wfc-quarterly-earnings-gaap-eps-2025-10-14-1pt53,WFC,0.8-1.0,5,0.921,2025-10-14T11:00:00Z,2025-10-13,2025-10-14,2,0.09186464198072056,"CAR[0,1]",0,1
613055,WFC,wfc-quarterly-earnings-gaap-eps-2025-10-14-1pt53,WFC,0.8-1.0,5,0.921,2025-10-14T11:00:00Z,2025-10-13,2025-10-14,4,0.056488117733768106,"CAR[0,3]",0,3
613055,WFC,wfc-quarterly-earnings-gaap-eps-2025-10-14-1pt53,WFC,0.8-1.0,5,0.921,2025-10-14T11:00:00Z,2025-10-13,2025-10-14,6,0.0638814599541196,"CAR[0,5]",0,5
613056,GS,gs-quarterly-earnings-gaap-eps-2025-10-14-10pt47,GS,0.8-1.0,5,0.905,2025-10-14T11:30:00Z,2025-10-13,2025-10-14,11,-0.04995425418958538,"CAR[-5,5]",-5,5
613056,GS,gs-quarterly-earnings-gaap-eps-2025-10-14-10pt47,GS,0.8-1.0,5,0.905,2025-10-14T11:30:00Z,2025-10-13,2025-10-14,1,-0.01843264537013683,AR[0],0,0
613056,GS,gs-quarterly-earnings-gaap-eps-2025-10-14-10pt47,GS,0.8-1.0,5,0.905,2025-10-14T11:30:00Z,2025-10-13,2025-10-14,2,-0.02798458091557552,"CAR[0,1]",0,1
613056,GS,gs-quarterly-earnings-gaap-eps-2025-10-14-10pt47,GS,0.8-1.0,5,0.905,2025-10-14T11:30:00Z,2025-10-13,2025-10-14,4,-0.04953687064577402,"CAR[0,3]",0,3
613056,GS,gs-quarterly-earnings-gaap-eps-2025-10-14-10pt47,GS,0.8-1.0,5,0.905,2025-10-14T11:30:00Z,2025-10-13,2025-10-14,6,-0.053972699047821864,"CAR[0,5]",0,5
613057,C,c-quarterly-earnings-gaap-eps-2025-10-14-1pt90,C,0.8-1.0,5,0.8300000000000001,2025-10-14T12:47:00Z,2025-10-13,2025-10-14,11,-0.0024451710442571807,"CAR[-5,5]",-5,5
613057,C,c-quarterly-earnings-gaap-eps-2025-10-14-1pt90,C,0.8-1.0,5,0.8300000000000001,2025-10-14T12:47:00Z,2025-10-13,2025-10-14,1,0.040325839671232704,AR[0],0,0
613057,C,c-quarterly-earnings-gaap-eps-2025-10-14-1pt90,C,0.8-1.0,5,0.8300000000000001,2025-10-14T12:47:00Z,2025-10-13,2025-10-14,2,0.03384856514678049,"CAR[0,1]",0,1
613057,C,c-quarterly-earnings-gaap-eps-2025-10-14-1pt90,C,0.8-1.0,5,0.8300000000000001,2025-10-14T12:47:00Z,2025-10-13,2025-10-14,4,0.007058896437779585,"CAR[0,3]",0,3
613057,C,c-quarterly-earnings-gaap-eps-2025-10-14-1pt90,C,0.8-1.0,5,0.8300000000000001,2025-10-14T12:47:00Z,2025-10-13,2025-10-14,6,0.004248525083724848,"CAR[0,5]",0,5
613066,DPZ,dpz-quarterly-earnings-gaap-eps-2025-10-14-3pt96,DPZ.N,0.8-1.0,5,0.81,2025-10-14T10:05:00Z,2025-10-13,2025-10-14,11,-0.0028733721248927137,"CAR[-5,5]",-5,5
613066,DPZ,dpz-quarterly-earnings-gaap-eps-2025-10-14-3pt96,DPZ.N,0.8-1.0,5,0.81,2025-10-14T10:05:00Z,2025-10-13,2025-10-14,1,0.04055349694615572,AR[0],0,0
613066,DPZ,dpz-quarterly-earnings-gaap-eps-2025-10-14-3pt96,DPZ.N,0.8-1.0,5,0.81,2025-10-14T10:05:00Z,2025-10-13,2025-10-14,2,0.020913827609699467,"CAR[0,1]",0,1
613066,DPZ,dpz-quarterly-earnings-gaap-eps-2025-10-14-3pt96,DPZ.N,0.8-1.0,5,0.81,2025-10-14T10:05:00Z,2025-10-13,2025-10-14,4,0.020791087812763016,"CAR[0,3]",0,3
613066,DPZ,dpz-quarterly-earnings-gaap-eps-2025-10-14-3pt96,DPZ.N,0.8-1.0,5,0.81,2025-10-14T10:05:00Z,2025-10-13,2025-10-14,6,0.02200428632947972,"CAR[0,5]",0,5
613067,JNJ,jnj-quarterly-earnings-nongaap-eps-2025-10-14-2pt75,JNJ,0.8-1.0,5,0.907,2025-10-14T10:20:00Z,2025-10-13,2025-10-14,11,0.00741082520473188,"CAR[-5,5]",-5,5
613067,JNJ,jnj-quarterly-earnings-nongaap-eps-2025-10-14-2pt75,JNJ,0.8-1.0,5,0.907,2025-10-14T10:20:00Z,2025-10-13,2025-10-14,1,-0.0012509083762144658,AR[0],0,0
613067,JNJ,jnj-quarterly-earnings-nongaap-eps-2025-10-14-2pt75,JNJ,0.8-1.0,5,0.907,2025-10-14T10:20:00Z,2025-10-13,2025-10-14,2,-0.0010248498431967565,"CAR[0,1]",0,1
613067,JNJ,jnj-quarterly-earnings-nongaap-eps-2025-10-14-2pt75,JNJ,0.8-1.0,5,0.907,2025-10-14T10:20:00Z,2025-10-13,2025-10-14,4,0.007518321185449698,"CAR[0,3]",0,3
613067,JNJ,jnj-quarterly-earnings-nongaap-eps-2025-10-14-2pt75,JNJ,0.8-1.0,5,0.907,2025-10-14T10:20:00Z,2025-10-13,2025-10-14,6,-0.0025125853454281916,"CAR[0,5]",0,5
614609,IBKR,ibkr-quarterly-earnings-nongaap-eps-2025-10-16-0pt51,IBKR.N,0.8-1.0,5,0.845,2025-10-16T20:00:00Z,2025-10-16,2025-10-17,11,-0.06569430603225941,"CAR[-5,5]",-5,5
614609,IBKR,ibkr-quarterly-earnings-nongaap-eps-2025-10-16-0pt51,IBKR.N,0.8-1.0,5,0.845,2025-10-16T20:00:00Z,2025-10-16,2025-10-17,1,-0.04219931562764124,AR[0],0,0
614609,IBKR,ibkr-quarterly-earnings-nongaap-eps-2025-10-16-0pt51,IBKR.N,0.8-1.0,5,0.845,2025-10-16T20:00:00Z,2025-10-16,2025-10-17,2,-0.04947969313504259,"CAR[0,1]",0,1
614609,IBKR,ibkr-quarterly-earnings-nongaap-eps-2025-10-16-0pt51,IBKR.N,0.8-1.0,5,0.845,2025-10-16T20:00:00Z,2025-10-16,2025-10-17,4,-0.07320401511637414,"CAR[0,3]",0,3
614609,IBKR,ibkr-quarterly-earnings-nongaap-eps-2025-10-16-0pt51,IBKR.N,0.8-1.0,5,0.845,2025-10-16T20:00:00Z,2025-10-16,2025-10-17,6,-0.03583192527031532,"CAR[0,5]",0,5
614613,BAC,bac-quarterly-earnings-gaap-eps-2025-10-15-0pt93,BAC,0.8-1.0,5,0.895,2025-10-15T12:30:00Z,2025-10-14,2025-10-15,11,0.020581394186455004,"CAR[-5,5]",-5,5
614613,BAC,bac-quarterly-earnings-gaap-eps-2025-10-15-0pt93,BAC,0.8-1.0,5,0.895,2025-10-15T12:30:00Z,2025-10-14,2025-10-15,1,0.039470414708258246,AR[0],0,0
614613,BAC,bac-quarterly-earnings-gaap-eps-2025-10-15-0pt93,BAC,0.8-1.0,5,0.895,2025-10-15T12:30:00Z,2025-10-14,2025-10-15,2,0.011001208400800953,"CAR[0,1]",0,1
614613,BAC,bac-quarterly-earnings-gaap-eps-2025-10-15-0pt93,BAC,0.8-1.0,5,0.895,2025-10-15T12:30:00Z,2025-10-14,2025-10-15,4,0.025580593215069804,"CAR[0,3]",0,3
614613,BAC,bac-quarterly-earnings-gaap-eps-2025-10-15-0pt93,BAC,0.8-1.0,5,0.895,2025-10-15T12:30:00Z,2025-10-14,2025-10-15,6,0.013140748279617124,"CAR[0,5]",0,5
614614,MS,ms-quarterly-earnings-gaap-eps-2025-10-15-2pt06,MS,0.8-1.0,5,0.89,2025-10-15T11:28:00Z,2025-10-14,2025-10-15,11,0.019632651284792246,"CAR[-5,5]",-5,5
614614,MS,ms-quarterly-earnings-gaap-eps-2025-10-15-2pt06,MS,0.8-1.0,5,0.89,2025-10-15T11:28:00Z,2025-10-14,2025-10-15,1,0.041646734088495854,AR[0],0,0
614614,MS,ms-quarterly-earnings-gaap-eps-2025-10-15-2pt06,MS,0.8-1.0,5,0.89,2025-10-15T11:28:00Z,2025-10-14,2025-10-15,2,0.03426861757265863,"CAR[0,1]",0,1
614614,MS,ms-quarterly-earnings-gaap-eps-2025-10-15-2pt06,MS,0.8-1.0,5,0.89,2025-10-15T11:28:00Z,2025-10-14,2025-10-15,4,0.02494780413809336,"CAR[0,3]",0,3
614614,MS,ms-quarterly-earnings-gaap-eps-2025-10-15-2pt06,MS,0.8-1.0,5,0.89,2025-10-15T11:28:00Z,2025-10-14,2025-10-15,6,0.00861911851697193,"CAR[0,5]",0,5
614615,TSLA,tsla-quarterly-earnings-nongaap-eps-2025-10-22-0pt5,TSLA.N,0.8-1.0,5,0.8250000000000001,2025-10-22T20:07:00Z,2025-10-22,2025-10-23,11,-0.03530756385751744,"CAR[-5,5]",-5,5
614615,TSLA,tsla-quarterly-earnings-nongaap-eps-2025-10-22-0pt5,TSLA.N,0.8-1.0,5,0.8250000000000001,2025-10-22T20:07:00Z,2025-10-22,2025-10-23,1,0.010043980328777052,AR[0],0,0
614615,TSLA,tsla-quarterly-earnings-nongaap-eps-2025-10-22-0pt5,TSLA.N,0.8-1.0,5,0.8250000000000001,2025-10-22T20:07:00Z,2025-10-22,2025-10-23,2,-0.04230768766214486,"CAR[0,1]",0,1
614615,TSLA,tsla-quarterly-earnings-nongaap-eps-2025-10-22-0pt5,TSLA.N,0.8-1.0,5,0.8250000000000001,2025-10-22T20:07:00Z,2025-10-22,2025-10-23,4,-0.014411372171566432,"CAR[0,3]",0,3
614615,TSLA,tsla-quarterly-earnings-nongaap-eps-2025-10-22-0pt5,TSLA.N,0.8-1.0,5,0.8250000000000001,2025-10-22T20:07:00Z,2025-10-22,2025-10-23,6,-0.035165759430474126,"CAR[0,5]",0,5
614616,SCHW,schw-quarterly-earnings-nongaap-eps-2025-10-16-1pt21,SCHW.N,0.8-1.0,5,0.865,2025-10-16T11:30:00Z,2025-10-15,2025-10-16,11,8.393507020224168e-4,"CAR[-5,5]",-5,5
614616,SCHW,schw-quarterly-earnings-nongaap-eps-2025-10-16-1pt21,SCHW.N,0.8-1.0,5,0.865,2025-10-16T11:30:00Z,2025-10-15,2025-10-16,1,-0.004845933059146983,AR[0],0,0
614616,SCHW,schw-quarterly-earnings-nongaap-eps-2025-10-16-1pt21,SCHW.N,0.8-1.0,5,0.865,2025-10-16T11:30:00Z,2025-10-15,2025-10-16,2,-0.002786423458384331,"CAR[0,1]",0,1
614616,SCHW,schw-quarterly-earnings-nongaap-eps-2025-10-16-1pt21,SCHW.N,0.8-1.0,5,0.865,2025-10-16T11:30:00Z,2025-10-15,2025-10-16,4,-0.0043694678744028125,"CAR[0,3]",0,3
614616,SCHW,schw-quarterly-earnings-nongaap-eps-2025-10-16-1pt21,SCHW.N,0.8-1.0,5,0.865,2025-10-16T11:30:00Z,2025-10-15,2025-10-16,6,-0.011741089520633964,"CAR[0,5]",0,5
614635,UNFI,unfi-quarterly-earnings-nongaap-eps-2025-09-30-neg0pt18,UNFI.N,0.8-1.0,5,0.885,2025-09-30T12:30:00Z,2025-09-29,2025-09-30,11,0.39459648677228937,"CAR[-5,5]",-5,5
614635,UNFI,unfi-quarterly-earnings-nongaap-eps-2025-09-30-neg0pt18,UNFI.N,0.8-1.0,5,0.885,2025-09-30T12:30:00Z,2025-09-29,2025-09-30,1,0.1802063940746465,AR[0],0,0
614635,UNFI,unfi-quarterly-earnings-nongaap-eps-2025-09-30-neg0pt18,UNFI.N,0.8-1.0,5,0.885,2025-09-30T12:30:00Z,2025-09-29,2025-09-30,2,0.22743459811154687,"CAR[0,1]",0,1
614635,UNFI,unfi-quarterly-earnings-nongaap-eps-2025-09-30-neg0pt18,UNFI.N,0.8-1.0,5,0.885,2025-09-30T12:30:00Z,2025-09-29,2025-09-30,4,0.2522134484549795,"CAR[0,3]",0,3
614635,UNFI,unfi-quarterly-earnings-nongaap-eps-2025-09-30-neg0pt18,UNFI.N,0.8-1.0,5,0.885,2025-09-30T12:30:00Z,2025-09-29,2025-09-30,6,0.2909154225884386,"CAR[0,5]",0,5
614637,MKC,mkc-quarterly-earnings-nongaap-eps-2025-10-07-0pt82,MKC,0.8-1.0,5,0.86,2025-10-07T10:30:38Z,2025-10-06,2025-10-07,11,-0.004430706943835545,"CAR[-5,5]",-5,5
614637,MKC,mkc-quarterly-earnings-nongaap-eps-2025-10-07-0pt82,MKC,0.8-1.0,5,0.86,2025-10-07T10:30:38Z,2025-10-06,2025-10-07,1,-0.03673095853669713,AR[0],0,0
614637,MKC,mkc-quarterly-earnings-nongaap-eps-2025-10-07-0pt82,MKC,0.8-1.0,5,0.86,2025-10-07T10:30:38Z,2025-10-06,2025-10-07,2,-0.03548520330898685,"CAR[0,1]",0,1
614637,MKC,mkc-quarterly-earnings-nongaap-eps-2025-10-07-0pt82,MKC,0.8-1.0,5,0.86,2025-10-07T10:30:38Z,2025-10-06,2025-10-07,4,-0.008603629022587102,"CAR[0,3]",0,3
614637,MKC,mkc-quarterly-earnings-nongaap-eps-2025-10-07-0pt82,MKC,0.8-1.0,5,0.86,2025-10-07T10:30:38Z,2025-10-06,2025-10-07,6,-0.025664435678335755,"CAR[0,5]",0,5
614644,ABT,abt-quarterly-earnings-nongaap-eps-2025-10-15-1pt30,ABT,0.8-1.0,5,0.81,2025-10-15T11:30:13Z,2025-10-14,2025-10-15,11,-0.03874776739167835,"CAR[-5,5]",-5,5
614644,ABT,abt-quarterly-earnings-nongaap-eps-2025-10-15-1pt30,ABT,0.8-1.0,5,0.81,2025-10-15T11:30:13Z,2025-10-14,2025-10-15,1,-0.0299070238829657,AR[0],0,0
614644,ABT,abt-quarterly-earnings-nongaap-eps-2025-10-15-1pt30,ABT,0.8-1.0,5,0.81,2025-10-15T11:30:13Z,2025-10-14,2025-10-15,2,-0.04231811847196379,"CAR[0,1]",0,1
614644,ABT,abt-quarterly-earnings-nongaap-eps-2025-10-15-1pt30,ABT,0.8-1.0,5,0.81,2025-10-15T11:30:13Z,2025-10-14,2025-10-15,4,-0.032339738360778664,"CAR[0,3]",0,3
614644,ABT,abt-quarterly-earnings-nongaap-eps-2025-10-15-1pt30,ABT,0.8-1.0,5,0.81,2025-10-15T11:30:13Z,2025-10-14,2025-10-15,6,-0.043080426302838655,"CAR[0,5]",0,5
619556,BLK,blk-quarterly-earnings-nongaap-eps-2025-10-14-11pt76,BLK,0.8-1.0,5,0.925,2025-10-14T12:30:00Z,2025-10-13,2025-10-14,11,-0.04435086669939188,"CAR[-5,5]",-5,5
619556,BLK,blk-quarterly-earnings-nongaap-eps-2025-10-14-11pt76,BLK,0.8-1.0,5,0.925,2025-10-14T12:30:00Z,2025-10-13,2025-10-14,1,0.035345911645701826,AR[0],0,0
619556,BLK,blk-quarterly-earnings-nongaap-eps-2025-10-14-11pt76,BLK,0.8-1.0,5,0.925,2025-10-14T12:30:00Z,2025-10-13,2025-10-14,2,0.03731355939397147,"CAR[0,1]",0,1
619556,BLK,blk-quarterly-earnings-nongaap-eps-2025-10-14-11pt76,BLK,0.8-1.0,5,0.925,2025-10-14T12:30:00Z,2025-10-13,2025-10-14,4,0.0031247720614762534,"CAR[0,3]",0,3
619556,BLK,blk-quarterly-earnings-nongaap-eps-2025-10-14-11pt76,BLK,0.8-1.0,5,0.925,2025-10-14T12:30:00Z,2025-10-13,2025-10-14,6,-0.036821144345473955,"CAR[0,5]",0,5
619853,PENG,peng-quarterly-earnings-nongaap-eps-2025-10-07-0pt37,PENG.N,0.8-1.0,5,0.9,2025-10-07T20:00:00Z,2025-10-07,2025-10-08,11,-0.1315167322727164,"CAR[-5,5]",-5,5
619853,PENG,peng-quarterly-earnings-nongaap-eps-2025-10-07-0pt37,PENG.N,0.8-1.0,5,0.9,2025-10-07T20:00:00Z,2025-10-07,2025-10-08,1,-0.16912538422095436,AR[0],0,0
619853,PENG,peng-quarterly-earnings-nongaap-eps-2025-10-07-0pt37,PENG.N,0.8-1.0,5,0.9,2025-10-07T20:00:00Z,2025-10-07,2025-10-08,2,-0.19411317038187584,"CAR[0,1]",0,1
619853,PENG,peng-quarterly-earnings-nongaap-eps-2025-10-07-0pt37,PENG.N,0.8-1.0,5,0.9,2025-10-07T20:00:00Z,2025-10-07,2025-10-08,4,-0.1597699706828114,"CAR[0,3]",0,3
619853,PENG,peng-quarterly-earnings-nongaap-eps-2025-10-07-0pt37,PENG.N,0.8-1.0,5,0.9,2025-10-07T20:00:00Z,2025-10-07,2025-10-08,6,-0.15108898110273108,"CAR[0,5]",0,5
619857,AZZ,azz-quarterly-earnings-nongaap-eps-2025-10-08-1pt57,AZZ,0.8-1.0,5,0.93,2025-10-08T20:00:00Z,2025-10-08,2025-10-09,11,-0.0970805537878168,"CAR[-5,5]",-5,5
619857,AZZ,azz-quarterly-earnings-nongaap-eps-2025-10-08-1pt57,AZZ,0.8-1.0,5,0.93,2025-10-08T20:00:00Z,2025-10-08,2025-10-09,1,-0.047466167473379374,AR[0],0,0
619857,AZZ,azz-quarterly-earnings-nongaap-eps-2025-10-08-1pt57,AZZ,0.8-1.0,5,0.93,2025-10-08T20:00:00Z,2025-10-08,2025-10-09,2,-0.03899049977272748,"CAR[0,1]",0,1
619857,AZZ,azz-quarterly-earnings-nongaap-eps-2025-10-08-1pt57,AZZ,0.8-1.0,5,0.93,2025-10-08T20:00:00Z,2025-10-08,2025-10-09,4,-0.04059944556061806,"CAR[0,3]",0,3
619857,AZZ,azz-quarterly-earnings-nongaap-eps-2025-10-08-1pt57,AZZ,0.8-1.0,5,0.93,2025-10-08T20:00:00Z,2025-10-08,2025-10-09,6,-0.052421251552242615,"CAR[0,5]",0,5
619983,RGP,rgp-quarterly-earnings-nongaap-eps-2025-10-08-neg0pt10,RGP.N,0.8-1.0,5,0.9,2025-10-08T20:05:00Z,2025-10-08,2025-10-09,11,-0.03233201922927303,"CAR[-5,5]",-5,5
619983,RGP,rgp-quarterly-earnings-nongaap-eps-2025-10-08-neg0pt10,RGP.N,0.8-1.0,5,0.9,2025-10-08T20:05:00Z,2025-10-08,2025-10-09,1,-0.0338463683650256,AR[0],0,0
619983,RGP,rgp-quarterly-earnings-nongaap-eps-2025-10-08-neg0pt10,RGP.N,0.8-1.0,5,0.9,2025-10-08T20:05:00Z,2025-10-08,2025-10-09,2,-0.040022506763365905,"CAR[0,1]",0,1
619983,RGP,rgp-quarterly-earnings-nongaap-eps-2025-10-08-neg0pt10,RGP.N,0.8-1.0,5,0.9,2025-10-08T20:05:00Z,2025-10-08,2025-10-09,4,-0.11467434469987281,"CAR[0,3]",0,3
619983,RGP,rgp-quarterly-earnings-nongaap-eps-2025-10-08-neg0pt10,RGP.N,0.8-1.0,5,0.9,2025-10-08T20:05:00Z,2025-10-08,2025-10-09,6,-0.025743789828760345,"CAR[0,5]",0,5
619984,APLD,apld-quarterly-earnings-nongaap-eps-2025-10-09-neg0pt16,APLD.N,0.8-1.0,5,0.915,2025-10-09T20:05:00Z,2025-10-09,2025-10-10,11,0.20226176520044764,"CAR[-5,5]",-5,5
619984,APLD,apld-quarterly-earnings-nongaap-eps-2025-10-09-neg0pt16,APLD.N,0.8-1.0,5,0.915,2025-10-09T20:05:00Z,2025-10-09,2025-10-10,1,0.20819283386806478,AR[0],0,0
619984,APLD,apld-quarterly-earnings-nongaap-eps-2025-10-09-neg0pt16,APLD.N,0.8-1.0,5,0.915,2025-10-09T20:05:00Z,2025-10-09,2025-10-10,2,0.17582956146997264,"CAR[0,1]",0,1
619984,APLD,apld-quarterly-earnings-nongaap-eps-2025-10-09-neg0pt16,APLD.N,0.8-1.0,5,0.915,2025-10-09T20:05:00Z,2025-10-09,2025-10-10,4,0.25560192279916033,"CAR[0,3]",0,3
619984,APLD,apld-quarterly-earnings-nongaap-eps-2025-10-09-neg0pt16,APLD.N,0.8-1.0,5,0.915,2025-10-09T20:05:00Z,2025-10-09,2025-10-10,6,0.14704208654494613,"CAR[0,5]",0,5
620038,BYRN,byrn-quarterly-earnings-gaap-eps-2025-10-09-0pt06,BYRN.N,0.8-1.0,5,0.9,2025-10-09T12:00:01Z,2025-10-08,2025-10-09,11,0.05227682589811024,"CAR[-5,5]",-5,5
620038,BYRN,byrn-quarterly-earnings-gaap-eps-2025-10-09-0pt06,BYRN.N,0.8-1.0,5,0.9,2025-10-09T12:00:01Z,2025-10-08,2025-10-09,1,0.2146405432367986,AR[0],0,0
620038,BYRN,byrn-quarterly-earnings-gaap-eps-2025-10-09-0pt06,BYRN.N,0.8-1.0,5,0.9,2025-10-09T12:00:01Z,2025-10-08,2025-10-09,2,0.21166040693527702,"CAR[0,1]",0,1
620038,BYRN,byrn-quarterly-earnings-gaap-eps-2025-10-09-0pt06,BYRN.N,0.8-1.0,5,0.9,2025-10-09T12:00:01Z,2025-10-08,2025-10-09,4,0.14168920095083543,"CAR[0,3]",0,3
620038,BYRN,byrn-quarterly-earnings-gaap-eps-2025-10-09-0pt06,BYRN.N,0.8-1.0,5,0.9,2025-10-09T12:00:01Z,2025-10-08,2025-10-09,6,0.03955822003536222,"CAR[0,5]",0,5
620069,GBCI,gbci-quarterly-earnings-gaap-eps-2025-10-16-0pt61,GBCI.N,0.8-1.0,5,0.81,2025-10-16T20:05:01Z,2025-10-16,2025-10-17,11,-0.08210724352575265,"CAR[-5,5]",-5,5
620069,GBCI,gbci-quarterly-earnings-gaap-eps-2025-10-16-0pt61,GBCI.N,0.8-1.0,5,0.81,2025-10-16T20:05:01Z,2025-10-16,2025-10-17,1,-0.03030368365051768,AR[0],0,0
620069,GBCI,gbci-quarterly-earnings-gaap-eps-2025-10-16-0pt61,GBCI.N,0.8-1.0,5,0.81,2025-10-16T20:05:01Z,2025-10-16,2025-10-17,2,-0.0504801300831276,"CAR[0,1]",0,1
620069,GBCI,gbci-quarterly-earnings-gaap-eps-2025-10-16-0pt61,GBCI.N,0.8-1.0,5,0.81,2025-10-16T20:05:01Z,2025-10-16,2025-10-17,4,-0.05662351273447275,"CAR[0,3]",0,3
620069,GBCI,gbci-quarterly-earnings-gaap-eps-2025-10-16-0pt61,GBCI.N,0.8-1.0,5,0.81,2025-10-16T20:05:01Z,2025-10-16,2025-10-17,6,-0.05192378665371619,"CAR[0,5]",0,5
627451,AXP,axp-quarterly-earnings-gaap-eps-10-17-2025-4,AXP,0.8-1.0,5,0.805,2025-10-17T11:00:00Z,2025-10-16,2025-10-17,11,0.09055855908402431,"CAR[-5,5]",-5,5
627451,AXP,axp-quarterly-earnings-gaap-eps-10-17-2025-4,AXP,0.8-1.0,5,0.805,2025-10-17T11:00:00Z,2025-10-16,2025-10-17,1,0.0653884863607583,AR[0],0,0
627451,AXP,axp-quarterly-earnings-gaap-eps-10-17-2025-4,AXP,0.8-1.0,5,0.805,2025-10-17T11:00:00Z,2025-10-16,2025-10-17,2,0.058574458422430926,"CAR[0,1]",0,1
627451,AXP,axp-quarterly-earnings-gaap-eps-10-17-2025-4,AXP,0.8-1.0,5,0.805,2025-10-17T11:00:00Z,2025-10-16,2025-10-17,4,0.07391748653411757,"CAR[0,3]",0,3
627451,AXP,axp-quarterly-earnings-gaap-eps-10-17-2025-4,AXP,0.8-1.0,5,0.805,2025-10-17T11:00:00Z,2025-10-16,2025-10-17,6,0.0704114670157294,"CAR[0,5]",0,5
627454,CB,cb-quarterly-earnings-nongaap-eps-10-21-2025-5pt78,CB,0.8-1.0,5,0.8250000000000001,2025-10-21T20:10:00Z,2025-10-21,2025-10-22,11,-0.036285259088974287,"CAR[-5,5]",-5,5
627454,CB,cb-quarterly-earnings-nongaap-eps-10-21-2025-5pt78,CB,0.8-1.0,5,0.8250000000000001,2025-10-21T20:10:00Z,2025-10-21,2025-10-22,1,0.028445773840074347,AR[0],0,0
627454,CB,cb-quarterly-earnings-nongaap-eps-10-21-2025-5pt78,CB,0.8-1.0,5,0.8250000000000001,2025-10-21T20:10:00Z,2025-10-21,2025-10-22,2,0.0495316840121401,"CAR[0,1]",0,1
627454,CB,cb-quarterly-earnings-nongaap-eps-10-21-2025-5pt78,CB,0.8-1.0,5,0.8250000000000001,2025-10-21T20:10:00Z,2025-10-21,2025-10-22,4,0.03804901039301392,"CAR[0,3]",0,3
627454,CB,cb-quarterly-earnings-nongaap-eps-10-21-2025-5pt78,CB,0.8-1.0,5,0.8250000000000001,2025-10-21T20:10:00Z,2025-10-21,2025-10-22,6,0.023958517345462744,"CAR[0,5]",0,5
627582,KO,ko-quarterly-earnings-nongaap-eps-10-21-2025-0pt78,KO,0.8-1.0,5,0.875,2025-10-21T10:55:00Z,2025-10-20,2025-10-21,11,0.04812918206009851,"CAR[-5,5]",-5,5
627582,KO,ko-quarterly-earnings-nongaap-eps-10-21-2025-0pt78,KO,0.8-1.0,5,0.875,2025-10-21T10:55:00Z,2025-10-20,2025-10-21,1,0.04078388003937491,AR[0],0,0
627582,KO,ko-quarterly-earnings-nongaap-eps-10-21-2025-0pt78,KO,0.8-1.0,5,0.875,2025-10-21T10:55:00Z,2025-10-20,2025-10-21,2,0.03578674800846877,"CAR[0,1]",0,1
627582,KO,ko-quarterly-earnings-nongaap-eps-10-21-2025-0pt78,KO,0.8-1.0,5,0.875,2025-10-21T10:55:00Z,2025-10-20,2025-10-21,4,0.01902573737943395,"CAR[0,3]",0,3
627582,KO,ko-quarterly-earnings-nongaap-eps-10-21-2025-0pt78,KO,0.8-1.0,5,0.875,2025-10-21T10:55:00Z,2025-10-20,2025-10-21,6,0.02419378489968542,"CAR[0,5]",0,5
627587,GM,gm-quarterly-earnings-nongaap-eps-10-21-2025-2pt31,GM,0.8-1.0,5,0.865,2025-10-21T10:30:00Z,2025-10-20,2025-10-21,11,0.1950311268935165,"CAR[-5,5]",-5,5
627587,GM,gm-quarterly-earnings-nongaap-eps-10-21-2025-2pt31,GM,0.8-1.0,5,0.865,2025-10-21T10:30:00Z,2025-10-20,2025-10-21,1,0.1474818826101078,AR[0],0,0
627587,GM,gm-quarterly-earnings-nongaap-eps-10-21-2025-2pt31,GM,0.8-1.0,5,0.865,2025-10-21T10:30:00Z,2025-10-20,2025-10-21,2,0.16167816149770872,"CAR[0,1]",0,1
627587,GM,gm-quarterly-earnings-nongaap-eps-10-21-2025-2pt31,GM,0.8-1.0,5,0.865,2025-10-21T10:30:00Z,2025-10-20,2025-10-21,4,0.18193473220485834,"CAR[0,3]",0,3
627587,GM,gm-quarterly-earnings-nongaap-eps-10-21-2025-2pt31,GM,0.8-1.0,5,0.865,2025-10-21T10:30:00Z,2025-10-20,2025-10-21,6,0.1692477890689881,"CAR[0,5]",0,5
627653,NDAQ,ndaq-quarterly-earnings-nongaap-eps-10-21-2025-0pt83,NDAQ.N,0.8-1.0,5,0.909,2025-10-21T11:00:00Z,2025-10-20,2025-10-21,11,-0.055348406402529714,"CAR[-5,5]",-5,5
627653,NDAQ,ndaq-quarterly-earnings-nongaap-eps-10-21-2025-0pt83,NDAQ.N,0.8-1.0,5,0.909,2025-10-21T11:00:00Z,2025-10-20,2025-10-21,1,0.014707756869033063,AR[0],0,0
627653,NDAQ,ndaq-quarterly-earnings-nongaap-eps-10-21-2025-0pt83,NDAQ.N,0.8-1.0,5,0.909,2025-10-21T11:00:00Z,2025-10-20,2025-10-21,2,-0.01294629343731498,"CAR[0,1]",0,1
627653,NDAQ,ndaq-quarterly-earnings-nongaap-eps-10-21-2025-0pt83,NDAQ.N,0.8-1.0,5,0.909,2025-10-21T11:00:00Z,2025-10-20,2025-10-21,4,-0.0159351193604576,"CAR[0,3]",0,3
627653,NDAQ,ndaq-quarterly-earnings-nongaap-eps-10-21-2025-0pt83,NDAQ.N,0.8-1.0,5,0.909,2025-10-21T11:00:00Z,2025-10-20,2025-10-21,6,-0.03574751285552939,"CAR[0,5]",0,5
627654,NFLX,nflx-quarterly-earnings-nongaap-eps-10-21-2025-6pt95,NFLX.N,0.8-1.0,5,0.9,2025-10-21T20:01:00Z,2025-10-21,2025-10-22,11,-0.13620644497197526,"CAR[-5,5]",-5,5
627654,NFLX,nflx-quarterly-earnings-nongaap-eps-10-21-2025-6pt95,NFLX.N,0.8-1.0,5,0.9,2025-10-21T20:01:00Z,2025-10-21,2025-10-22,1,-0.09664739851219928,AR[0],0,0
627654,NFLX,nflx-quarterly-earnings-nongaap-eps-10-21-2025-6pt95,NFLX.N,0.8-1.0,5,0.9,2025-10-21T20:01:00Z,2025-10-21,2025-10-22,2,-0.10543520548844404,"CAR[0,1]",0,1
627654,NFLX,nflx-quarterly-earnings-nongaap-eps-10-21-2025-6pt95,NFLX.N,0.8-1.0,5,0.9,2025-10-21T20:01:00Z,2025-10-21,2025-10-22,4,-0.1428166065289044,"CAR[0,3]",0,3
627654,NFLX,nflx-quarterly-earnings-nongaap-eps-10-21-2025-6pt95,NFLX.N,0.8-1.0,5,0.9,2025-10-21T20:01:00Z,2025-10-21,2025-10-22,6,-0.1416161748700075,"CAR[0,5]",0,5
627658,PM,pm-quarterly-earnings-nongaap-eps-10-21-2025-2pt1,PM,0.8-1.0,5,0.8250000000000001,2025-10-21T10:59:00Z,2025-10-20,2025-10-21,11,-0.07366104608332469,"CAR[-5,5]",-5,5
627658,PM,pm-quarterly-earnings-nongaap-eps-10-21-2025-2pt1,PM,0.8-1.0,5,0.8250000000000001,2025-10-21T10:59:00Z,2025-10-20,2025-10-21,1,-0.03909497529017981,AR[0],0,0
627658,PM,pm-quarterly-earnings-nongaap-eps-10-21-2025-2pt1,PM,0.8-1.0,5,0.8250000000000001,2025-10-21T10:59:00Z,2025-10-20,2025-10-21,2,-0.007107824739020267,"CAR[0,1]",0,1
627658,PM,pm-quarterly-earnings-nongaap-eps-10-21-2025-2pt1,PM,0.8-1.0,5,0.8250000000000001,2025-10-21T10:59:00Z,2025-10-20,2025-10-21,4,-0.0057258703637991714,"CAR[0,3]",0,3
627658,PM,pm-quarterly-earnings-nongaap-eps-10-21-2025-2pt1,PM,0.8-1.0,5,0.8250000000000001,2025-10-21T10:59:00Z,2025-10-20,2025-10-21,6,-0.059483549907724954,"CAR[0,5]",0,5
627660,DGX,dgx-quarterly-earnings-nongaap-eps-10-21-2025-2pt5,DGX,0.8-1.0,5,0.9195,2025-10-21T10:45:00Z,2025-10-20,2025-10-21,11,-0.0395765006095111,"CAR[-5,5]",-5,5
627660,DGX,dgx-quarterly-earnings-nongaap-eps-10-21-2025-2pt5,DGX,0.8-1.0,5,0.9195,2025-10-21T10:45:00Z,2025-10-20,2025-10-21,1,-0.030823643296725524,AR[0],0,0
627660,DGX,dgx-quarterly-earnings-nongaap-eps-10-21-2025-2pt5,DGX,0.8-1.0,5,0.9195,2025-10-21T10:45:00Z,2025-10-20,2025-10-21,2,-0.04858603636619229,"CAR[0,1]",0,1
627660,DGX,dgx-quarterly-earnings-nongaap-eps-10-21-2025-2pt5,DGX,0.8-1.0,5,0.9195,2025-10-21T10:45:00Z,2025-10-20,2025-10-21,4,-0.04793516212717442,"CAR[0,3]",0,3
627660,DGX,dgx-quarterly-earnings-nongaap-eps-10-21-2025-2pt5,DGX,0.8-1.0,5,0.9195,2025-10-21T10:45:00Z,2025-10-20,2025-10-21,6,-0.07469253120653223,"CAR[0,5]",0,5
627663,TXN,txn-quarterly-earnings-gaap-eps-10-21-2025-1pt49,TXN.N,0.8-1.0,5,0.86,2025-10-21T20:01:01Z,2025-10-21,2025-10-22,11,-0.12838911069479972,"CAR[-5,5]",-5,5
627663,TXN,txn-quarterly-earnings-gaap-eps-10-21-2025-1pt49,TXN.N,0.8-1.0,5,0.86,2025-10-21T20:01:01Z,2025-10-21,2025-10-22,1,-0.04924246784064634,AR[0],0,0
627663,TXN,txn-quarterly-earnings-gaap-eps-10-21-2025-1pt49,TXN.N,0.8-1.0,5,0.86,2025-10-21T20:01:01Z,2025-10-21,2025-10-22,2,-0.04855109095923737,"CAR[0,1]",0,1
627663,TXN,txn-quarterly-earnings-gaap-eps-10-21-2025-1pt49,TXN.N,0.8-1.0,5,0.86,2025-10-21T20:01:01Z,2025-10-21,2025-10-22,4,-0.09292219157778894,"CAR[0,3]",0,3
627663,TXN,txn-quarterly-earnings-gaap-eps-10-21-2025-1pt49,TXN.N,0.8-1.0,5,0.86,2025-10-21T20:01:01Z,2025-10-21,2025-10-22,6,-0.15078826788403576,"CAR[0,5]",0,5
627695,CHDN,chdn-quarterly-earnings-gaap-eps-10-22-2025-1,CHDN.N,0.8-1.0,5,0.81,2025-10-22T20:01:00Z,2025-10-22,2025-10-23,11,0.1545706721109519,"CAR[-5,5]",-5,5
627695,CHDN,chdn-quarterly-earnings-gaap-eps-10-22-2025-1,CHDN.N,0.8-1.0,5,0.81,2025-10-22T20:01:00Z,2025-10-22,2025-10-23,1,0.07088989379321509,AR[0],0,0
627695,CHDN,chdn-quarterly-earnings-gaap-eps-10-22-2025-1,CHDN.N,0.8-1.0,5,0.81,2025-10-22T20:01:00Z,2025-10-22,2025-10-23,2,0.04303798755719152,"CAR[0,1]",0,1
627695,CHDN,chdn-quarterly-earnings-gaap-eps-10-22-2025-1,CHDN.N,0.8-1.0,5,0.81,2025-10-22T20:01:00Z,2025-10-22,2025-10-23,4,0.021444836520657526,"CAR[0,3]",0,3
627695,CHDN,chdn-quarterly-earnings-gaap-eps-10-22-2025-1,CHDN.N,0.8-1.0,5,0.81,2025-10-22T20:01:00Z,2025-10-22,2025-10-23,6,0.04060420139884252,"CAR[0,5]",0,5
627698,EVR,evr-quarterly-earnings-nongaap-eps-10-29-2025-2pt93,EVR,0.8-1.0,5,0.885,2025-10-29T10:45:00Z,2025-10-28,2025-10-29,11,-0.0808416156606623,"CAR[-5,5]",-5,5
627698,EVR,evr-quarterly-earnings-nongaap-eps-10-29-2025-2pt93,EVR,0.8-1.0,5,0.885,2025-10-29T10:45:00Z,2025-10-28,2025-10-29,1,-0.09224080803720393,AR[0],0,0
627698,EVR,evr-quarterly-earnings-nongaap-eps-10-29-2025-2pt93,EVR,0.8-1.0,5,0.885,2025-10-29T10:45:00Z,2025-10-28,2025-10-29,2,-0.07766600598847574,"CAR[0,1]",0,1
627698,EVR,evr-quarterly-earnings-nongaap-eps-10-29-2025-2pt93,EVR,0.8-1.0,5,0.885,2025-10-29T10:45:00Z,2025-10-28,2025-10-29,4,-0.05954133321725255,"CAR[0,3]",0,3
627698,EVR,evr-quarterly-earnings-nongaap-eps-10-29-2025-2pt93,EVR,0.8-1.0,5,0.885,2025-10-29T10:45:00Z,2025-10-28,2025-10-29,6,-0.03590555244103695,"CAR[0,5]",0,5
627752,MMM,mmm-quarterly-earnings-nongaap-eps-10-21-2025-2pt07,MMM,0.8-1.0,5,0.855,2025-10-21T10:30:25Z,2025-10-20,2025-10-21,11,0.06432441631088748,"CAR[-5,5]",-5,5
627752,MMM,mmm-quarterly-earnings-nongaap-eps-10-21-2025-2pt07,MMM,0.8-1.0,5,0.855,2025-10-21T10:30:25Z,2025-10-20,2025-10-21,1,0.07678991645010773,AR[0],0,0
627752,MMM,mmm-quarterly-earnings-nongaap-eps-10-21-2025-2pt07,MMM,0.8-1.0,5,0.855,2025-10-21T10:30:25Z,2025-10-20,2025-10-21,2,0.08670004851651714,"CAR[0,1]",0,1
627752,MMM,mmm-quarterly-earnings-nongaap-eps-10-21-2025-2pt07,MMM,0.8-1.0,5,0.855,2025-10-21T10:30:25Z,2025-10-20,2025-10-21,4,0.07930899033749694,"CAR[0,3]",0,3
627752,MMM,mmm-quarterly-earnings-nongaap-eps-10-21-2025-2pt07,MMM,0.8-1.0,5,0.855,2025-10-21T10:30:25Z,2025-10-20,2025-10-21,6,0.05295507974106002,"CAR[0,5]",0,5
637848,SEIC,seic-quarterly-earnings-gaap-eps-10-22-2025-1pt26,SEIC.N,0.8-1.0,5,0.81,2025-10-22T20:01:00Z,2025-10-22,2025-10-23,11,-0.04380860819600634,"CAR[-5,5]",-5,5
637848,SEIC,seic-quarterly-earnings-gaap-eps-10-22-2025-1pt26,SEIC.N,0.8-1.0,5,0.81,2025-10-22T20:01:00Z,2025-10-22,2025-10-23,1,-0.00444271831667142,AR[0],0,0
637848,SEIC,seic-quarterly-earnings-gaap-eps-10-22-2025-1pt26,SEIC.N,0.8-1.0,5,0.81,2025-10-22T20:01:00Z,2025-10-22,2025-10-23,2,-0.009515156235817997,"CAR[0,1]",0,1
637848,SEIC,seic-quarterly-earnings-gaap-eps-10-22-2025-1pt26,SEIC.N,0.8-1.0,5,0.81,2025-10-22T20:01:00Z,2025-10-22,2025-10-23,4,-0.02582931418176338,"CAR[0,3]",0,3
637848,SEIC,seic-quarterly-earnings-gaap-eps-10-22-2025-1pt26,SEIC.N,0.8-1.0,5,0.81,2025-10-22T20:01:00Z,2025-10-22,2025-10-23,6,-0.027598410393383063,"CAR[0,5]",0,5
637877,HON,hon-quarterly-earnings-nongaap-eps-10-23-2025-2pt57,HON.N,0.8-1.0,5,0.8250000000000001,2025-10-23T10:00:01Z,2025-10-22,2025-10-23,11,0.03196489585772196,"CAR[-5,5]",-5,5
637877,HON,hon-quarterly-earnings-nongaap-eps-10-23-2025-2pt57,HON.N,0.8-1.0,5,0.8250000000000001,2025-10-23T10:00:01Z,2025-10-22,2025-10-23,1,0.0640402810351313,AR[0],0,0
637877,HON,hon-quarterly-earnings-nongaap-eps-10-23-2025-2pt57,HON.N,0.8-1.0,5,0.8250000000000001,2025-10-23T10:00:01Z,2025-10-22,2025-10-23,2,0.03662710551218292,"CAR[0,1]",0,1
637877,HON,hon-quarterly-earnings-nongaap-eps-10-23-2025-2pt57,HON.N,0.8-1.0,5,0.8250000000000001,2025-10-23T10:00:01Z,2025-10-22,2025-10-23,4,0.016711859280701052,"CAR[0,3]",0,3
637877,HON,hon-quarterly-earnings-nongaap-eps-10-23-2025-2pt57,HON.N,0.8-1.0,5,0.8250000000000001,2025-10-23T10:00:01Z,2025-10-22,2025-10-23,6,0.015503657113910404,"CAR[0,5]",0,5
637884,TMUS,tmus-quarterly-earnings-gaap-eps-10-23-2025-2pt4,TMUS.N,0.8-1.0,5,0.8,2025-10-23T12:30:00Z,2025-10-22,2025-10-23,11,-0.07264066182471117,"CAR[-5,5]",-5,5
637884,TMUS,tmus-quarterly-earnings-gaap-eps-10-23-2025-2pt4,TMUS.N,0.8-1.0,5,0.8,2025-10-23T12:30:00Z,2025-10-22,2025-10-23,1,-0.033288931183534876,AR[0],0,0
637884,TMUS,tmus-quarterly-earnings-gaap-eps-10-23-2025-2pt4,TMUS.N,0.8-1.0,5,0.8,2025-10-23T12:30:00Z,2025-10-22,2025-10-23,2,-0.04437578759960667,"CAR[0,1]",0,1
637884,TMUS,tmus-quarterly-earnings-gaap-eps-10-23-2025-2pt4,TMUS.N,0.8-1.0,5,0.8,2025-10-23T12:30:00Z,2025-10-22,2025-10-23,4,-0.037715814703903186,"CAR[0,3]",0,3
637884,TMUS,tmus-quarterly-earnings-gaap-eps-10-23-2025-2pt4,TMUS.N,0.8-1.0,5,0.8,2025-10-23T12:30:00Z,2025-10-22,2025-10-23,6,-0.07569190262678842,"CAR[0,5]",0,5
642129,GTM,gtm-quarterly-earnings-nongaap-eps-11-03-2025-0pt26,GTM.N,0.8-1.0,5,0.92,2025-11-03T21:05:00Z,2025-11-03,2025-11-04,11,-0.05755960881711522,"CAR[-5,5]",-5,5
642129,GTM,gtm-quarterly-earnings-nongaap-eps-11-03-2025-0pt26,GTM.N,0.8-1.0,5,0.92,2025-11-03T21:05:00Z,2025-11-03,2025-11-04,1,0.010281700958073434,AR[0],0,0
642129,GTM,gtm-quarterly-earnings-nongaap-eps-11-03-2025-0pt26,GTM.N,0.8-1.0,5,0.92,2025-11-03T21:05:00Z,2025-11-03,2025-11-04,2,-0.03539304806531404,"CAR[0,1]",0,1
642129,GTM,gtm-quarterly-earnings-nongaap-eps-11-03-2025-0pt26,GTM.N,0.8-1.0,5,0.92,2025-11-03T21:05:00Z,2025-11-03,2025-11-04,4,-0.07347257896655464,"CAR[0,3]",0,3
642129,GTM,gtm-quarterly-earnings-nongaap-eps-11-03-2025-0pt26,GTM.N,0.8-1.0,5,0.92,2025-11-03T21:05:00Z,2025-11-03,2025-11-04,6,-0.10444161578063363,"CAR[0,5]",0,5
642130,GOOGL,googl-quarterly-earnings-gaap-eps-10-29-2025-2pt29,GOOGL.N,0.8-1.0,5,0.8300000000000001,2025-10-29T20:00:00Z,2025-10-29,2025-10-30,11,0.10256203111174796,"CAR[-5,5]",-5,5
642130,GOOGL,googl-quarterly-earnings-gaap-eps-10-29-2025-2pt29,GOOGL.N,0.8-1.0,5,0.8300000000000001,2025-10-29T20:00:00Z,2025-10-29,2025-10-30,1,0.033691297742254094,AR[0],0,0
642130,GOOGL,googl-quarterly-earnings-gaap-eps-10-29-2025-2pt29,GOOGL.N,0.8-1.0,5,0.8300000000000001,2025-10-29T20:00:00Z,2025-10-29,2025-10-30,2,0.028017638584479122,"CAR[0,1]",0,1
642130,GOOGL,googl-quarterly-earnings-gaap-eps-10-29-2025-2pt29,GOOGL.N,0.8-1.0,5,0.8300000000000001,2025-10-29T20:00:00Z,2025-10-29,2025-10-30,4,0.021483980864208066,"CAR[0,3]",0,3
642130,GOOGL,googl-quarterly-earnings-gaap-eps-10-29-2025-2pt29,GOOGL.N,0.8-1.0,5,0.8300000000000001,2025-10-29T20:00:00Z,2025-10-29,2025-10-30,6,0.051491829058809745,"CAR[0,5]",0,5
642131,AMZN,amzn-quarterly-earnings-gaap-eps-10-30-2025-1pt56,AMZN.N,0.8-1.0,5,0.88,2025-10-30T20:01:00Z,2025-10-30,2025-10-31,11,0.11137533030358696,"CAR[-5,5]",-5,5
642131,AMZN,amzn-quarterly-earnings-gaap-eps-10-30-2025-1pt56,AMZN.N,0.8-1.0,5,0.88,2025-10-30T20:01:00Z,2025-10-30,2025-10-31,1,0.09269316286355775,AR[0],0,0
642131,AMZN,amzn-quarterly-earnings-gaap-eps-10-30-2025-1pt56,AMZN.N,0.8-1.0,5,0.88,2025-10-30T20:01:00Z,2025-10-30,2025-10-31,2,0.1312462273795803,"CAR[0,1]",0,1
642131,AMZN,amzn-quarterly-earnings-gaap-eps-10-30-2025-1pt56,AMZN.N,0.8-1.0,5,0.88,2025-10-30T20:01:00Z,2025-10-30,2025-10-31,4,0.12756629892644114,"CAR[0,3]",0,3
642131,AMZN,amzn-quarterly-earnings-gaap-eps-10-30-2025-1pt56,AMZN.N,0.8-1.0,5,0.88,2025-10-30T20:01:00Z,2025-10-30,2025-10-31,6,0.11828523458351294,"CAR[0,5]",0,5
643017,EA,ea-quarterly-earnings-gaap-eps-10-28-2025-0pt35,EA.N,0.8-1.0,5,0.855,2025-10-28T20:05:00Z,2025-10-28,2025-10-29,11,-0.023384249622502264,"CAR[-5,5]",-5,5
643017,EA,ea-quarterly-earnings-gaap-eps-10-28-2025-0pt35,EA.N,0.8-1.0,5,0.855,2025-10-28T20:05:00Z,2025-10-28,2025-10-29,1,-0.0023787266085215624,AR[0],0,0
643017,EA,ea-quarterly-earnings-gaap-eps-10-28-2025-0pt35,EA.N,0.8-1.0,5,0.855,2025-10-28T20:05:00Z,2025-10-28,2025-10-29,2,-0.0022043434915966793,"CAR[0,1]",0,1
643017,EA,ea-quarterly-earnings-gaap-eps-10-28-2025-0pt35,EA.N,0.8-1.0,5,0.855,2025-10-28T20:05:00Z,2025-10-28,2025-10-29,4,-0.007327653265777574,"CAR[0,3]",0,3
643017,EA,ea-quarterly-earnings-gaap-eps-10-28-2025-0pt35,EA.N,0.8-1.0,5,0.855,2025-10-28T20:05:00Z,2025-10-28,2025-10-29,6,-0.005079095437059263,"CAR[0,5]",0,5
643022,JBLU,jblu-quarterly-earnings-nongaap-eps-10-28-2025-neg0pt42,JBLU.N,0.8-1.0,5,0.835,2025-10-28T11:00:01Z,2025-10-27,2025-10-28,11,-0.10193634261872553,"CAR[-5,5]",-5,5
643022,JBLU,jblu-quarterly-earnings-nongaap-eps-10-28-2025-neg0pt42,JBLU.N,0.8-1.0,5,0.835,2025-10-28T11:00:01Z,2025-10-27,2025-10-28,1,-0.12543967888208105,AR[0],0,0
643022,JBLU,jblu-quarterly-earnings-nongaap-eps-10-28-2025-neg0pt42,JBLU.N,0.8-1.0,5,0.835,2025-10-28T11:00:01Z,2025-10-27,2025-10-28,2,-0.1393760398657911,"CAR[0,1]",0,1
643022,JBLU,jblu-quarterly-earnings-nongaap-eps-10-28-2025-neg0pt42,JBLU.N,0.8-1.0,5,0.835,2025-10-28T11:00:01Z,2025-10-27,2025-10-28,4,-0.09157131387165572,"CAR[0,3]",0,3
643022,JBLU,jblu-quarterly-earnings-nongaap-eps-10-28-2025-neg0pt42,JBLU.N,0.8-1.0,5,0.835,2025-10-28T11:00:01Z,2025-10-27,2025-10-28,6,-0.09108588088215674,"CAR[0,5]",0,5
643023,LH,lh-quarterly-earnings-nongaap-eps-10-28-2025-4pt14,LH,0.8-1.0,5,0.8300000000000001,2025-10-28T10:50:00Z,2025-10-27,2025-10-28,11,-0.14640420862062214,"CAR[-5,5]",-5,5
643023,LH,lh-quarterly-earnings-nongaap-eps-10-28-2025-4pt14,LH,0.8-1.0,5,0.8300000000000001,2025-10-28T10:50:00Z,2025-10-27,2025-10-28,1,-0.0598656293052651,AR[0],0,0
643023,LH,lh-quarterly-earnings-nongaap-eps-10-28-2025-4pt14,LH,0.8-1.0,5,0.8300000000000001,2025-10-28T10:50:00Z,2025-10-27,2025-10-28,2,-0.1046725049819936,"CAR[0,1]",0,1
643023,LH,lh-quarterly-earnings-nongaap-eps-10-28-2025-4pt14,LH,0.8-1.0,5,0.8300000000000001,2025-10-28T10:50:00Z,2025-10-27,2025-10-28,4,-0.07704402351718231,"CAR[0,3]",0,3
643023,LH,lh-quarterly-earnings-nongaap-eps-10-28-2025-4pt14,LH,0.8-1.0,5,0.8300000000000001,2025-10-28T10:50:00Z,2025-10-27,2025-10-28,6,-0.07697855643800754,"CAR[0,5]",0,5
643033,MSCI,msci-quarterly-earnings-nongaap-eps-10-28-2025-4pt37,MSCI.N,0.8-1.0,5,0.875,2025-10-28T10:45:00Z,2025-10-27,2025-10-28,11,0.07419336938272542,"CAR[-5,5]",-5,5
643033,MSCI,msci-quarterly-earnings-nongaap-eps-10-28-2025-4pt37,MSCI.N,0.8-1.0,5,0.875,2025-10-28T10:45:00Z,2025-10-27,2025-10-28,1,0.08420020464294431,AR[0],0,0
643033,MSCI,msci-quarterly-earnings-nongaap-eps-10-28-2025-4pt37,MSCI.N,0.8-1.0,5,0.875,2025-10-28T10:45:00Z,2025-10-27,2025-10-28,2,0.04056858812111488,"CAR[0,1]",0,1
643033,MSCI,msci-quarterly-earnings-nongaap-eps-10-28-2025-4pt37,MSCI.N,0.8-1.0,5,0.875,2025-10-28T10:45:00Z,2025-10-27,2025-10-28,4,0.08484176757102734,"CAR[0,3]",0,3
643033,MSCI,msci-quarterly-earnings-nongaap-eps-10-28-2025-4pt37,MSCI.N,0.8-1.0,5,0.875,2025-10-28T10:45:00Z,2025-10-27,2025-10-28,6,0.07146909148552912,"CAR[0,5]",0,5
643036,PYPL,pypl-quarterly-earnings-nongaap-eps-10-28-2025-1pt21,PYPL.N,0.8-1.0,5,0.8150000000000001,2025-10-28T11:01:22Z,2025-10-27,2025-10-28,11,-0.03182754526122199,"CAR[-5,5]",-5,5
643036,PYPL,pypl-quarterly-earnings-nongaap-eps-10-28-2025-1pt21,PYPL.N,0.8-1.0,5,0.8150000000000001,2025-10-28T11:01:22Z,2025-10-27,2025-10-28,1,0.037438681966233574,AR[0],0,0
643036,PYPL,pypl-quarterly-earnings-nongaap-eps-10-28-2025-1pt21,PYPL.N,0.8-1.0,5,0.8150000000000001,2025-10-28T11:01:22Z,2025-10-27,2025-10-28,2,-0.007434190411242707,"CAR[0,1]",0,1
643036,PYPL,pypl-quarterly-earnings-nongaap-eps-10-28-2025-1pt21,PYPL.N,0.8-1.0,5,0.8150000000000001,2025-10-28T11:01:22Z,2025-10-27,2025-10-28,4,0.0010548021851283524,"CAR[0,3]",0,3
643036,PYPL,pypl-quarterly-earnings-nongaap-eps-10-28-2025-1pt21,PYPL.N,0.8-1.0,5,0.8150000000000001,2025-10-28T11:01:22Z,2025-10-27,2025-10-28,6,-0.02955728210983015,"CAR[0,5]",0,5
643037,SSTK,sstk-quarterly-earnings-nongaap-eps-11-04-2025-1pt15,SSTK.N,0.8-1.0,5,0.865,2025-11-05T12:30:00Z,2025-11-04,2025-11-05,11,-0.0998069021008937,"CAR[-5,5]",-5,5
643037,SSTK,sstk-quarterly-earnings-nongaap-eps-11-04-2025-1pt15,SSTK.N,0.8-1.0,5,0.865,2025-11-05T12:30:00Z,2025-11-04,2025-11-05,1,0.051185532793660685,AR[0],0,0
643037,SSTK,sstk-quarterly-earnings-nongaap-eps-11-04-2025-1pt15,SSTK.N,0.8-1.0,5,0.865,2025-11-05T12:30:00Z,2025-11-04,2025-11-05,2,0.026593178302201606,"CAR[0,1]",0,1
643037,SSTK,sstk-quarterly-earnings-nongaap-eps-11-04-2025-1pt15,SSTK.N,0.8-1.0,5,0.865,2025-11-05T12:30:00Z,2025-11-04,2025-11-05,4,0.014657209507167552,"CAR[0,3]",0,3
643037,SSTK,sstk-quarterly-earnings-nongaap-eps-11-04-2025-1pt15,SSTK.N,0.8-1.0,5,0.865,2025-11-05T12:30:00Z,2025-11-04,2025-11-05,6,0.0073406738404599645,"CAR[0,5]",0,5
643038,SOFI,sofi-quarterly-earnings-gaap-eps-10-28-2025-0pt08,SOFI.N,0.8-1.0,5,0.869,2025-10-28T11:00:01Z,2025-10-27,2025-10-28,11,-0.01769962261316247,"CAR[-5,5]",-5,5
643038,SOFI,sofi-quarterly-earnings-gaap-eps-10-28-2025-0pt08,SOFI.N,0.8-1.0,5,0.869,2025-10-28T11:00:01Z,2025-10-27,2025-10-28,1,0.0447110044101572,AR[0],0,0
643038,SOFI,sofi-quarterly-earnings-gaap-eps-10-28-2025-0pt08,SOFI.N,0.8-1.0,5,0.869,2025-10-28T11:00:01Z,2025-10-27,2025-10-28,2,0.017457878075035377,"CAR[0,1]",0,1
643038,SOFI,sofi-quarterly-earnings-gaap-eps-10-28-2025-0pt08,SOFI.N,0.8-1.0,5,0.869,2025-10-28T11:00:01Z,2025-10-27,2025-10-28,4,-0.010682453955463692,"CAR[0,3]",0,3
643038,SOFI,sofi-quarterly-earnings-gaap-eps-10-28-2025-0pt08,SOFI.N,0.8-1.0,5,0.869,2025-10-28T11:00:01Z,2025-10-27,2025-10-28,6,-0.004221856612552664,"CAR[0,5]",0,5
643054,MSFT,msft-quarterly-earnings-gaap-eps-10-29-2025-3pt66,MSFT.N,0.8-1.0,5,0.958,2025-10-29T20:00:00Z,2025-10-29,2025-10-30,11,-0.0580274282782332,"CAR[-5,5]",-5,5
643054,MSFT,msft-quarterly-earnings-gaap-eps-10-29-2025-3pt66,MSFT.N,0.8-1.0,5,0.958,2025-10-29T20:00:00Z,2025-10-29,2025-10-30,1,-0.022744242181747164,AR[0],0,0
643054,MSFT,msft-quarterly-earnings-gaap-eps-10-29-2025-3pt66,MSFT.N,0.8-1.0,5,0.958,2025-10-29T20:00:00Z,2025-10-29,2025-10-30,2,-0.04097407028928019,"CAR[0,1]",0,1
643054,MSFT,msft-quarterly-earnings-gaap-eps-10-29-2025-3pt66,MSFT.N,0.8-1.0,5,0.958,2025-10-29T20:00:00Z,2025-10-29,2025-10-30,4,-0.04049816813721697,"CAR[0,3]",0,3
643054,MSFT,msft-quarterly-earnings-gaap-eps-10-29-2025-3pt66,MSFT.N,0.8-1.0,5,0.958,2025-10-29T20:00:00Z,2025-10-29,2025-10-30,6,-0.06934922556579842,"CAR[0,5]",0,5
647504,ALL,all-quarterly-earnings-nongaap-eps-11-05-2025-7pt51,ALL,0.8-1.0,5,0.8305,2025-11-05T21:15:00Z,2025-11-05,2025-11-06,11,0.12196279997485976,"CAR[-5,5]",-5,5
647504,ALL,all-quarterly-earnings-nongaap-eps-11-05-2025-7pt51,ALL,0.8-1.0,5,0.8305,2025-11-05T21:15:00Z,2025-11-05,2025-11-06,1,0.023827111263897437,AR[0],0,0
647504,ALL,all-quarterly-earnings-nongaap-eps-11-05-2025-7pt51,ALL,0.8-1.0,5,0.8305,2025-11-05T21:15:00Z,2025-11-05,2025-11-06,2,0.04482855711513973,"CAR[0,1]",0,1
647504,ALL,all-quarterly-earnings-nongaap-eps-11-05-2025-7pt51,ALL,0.8-1.0,5,0.8305,2025-11-05T21:15:00Z,2025-11-05,2025-11-06,4,0.059272864642288356,"CAR[0,3]",0,3
647504,ALL,all-quarterly-earnings-nongaap-eps-11-05-2025-7pt51,ALL,0.8-1.0,5,0.8305,2025-11-05T21:15:00Z,2025-11-05,2025-11-06,6,0.08771072650525796,"CAR[0,5]",0,5
647508,CVNA,cvna-quarterly-earnings-gaap-eps-10-29-2025-1pt27,CVNA.N,0.8-1.0,5,0.91,2025-10-29T20:05:00Z,2025-10-29,2025-10-30,11,-0.14161844795002856,"CAR[-5,5]",-5,5
647508,CVNA,cvna-quarterly-earnings-gaap-eps-10-29-2025-1pt27,CVNA.N,0.8-1.0,5,0.91,2025-10-29T20:05:00Z,2025-10-29,2025-10-30,1,-0.11711492992140414,AR[0],0,0
647508,CVNA,cvna-quarterly-earnings-gaap-eps-10-29-2025-1pt27,CVNA.N,0.8-1.0,5,0.91,2025-10-29T20:05:00Z,2025-10-29,2025-10-30,2,-0.12178574024999929,"CAR[0,1]",0,1
647508,CVNA,cvna-quarterly-earnings-gaap-eps-10-29-2025-1pt27,CVNA.N,0.8-1.0,5,0.91,2025-10-29T20:05:00Z,2025-10-29,2025-10-30,4,-0.08734190537356776,"CAR[0,3]",0,3
647508,CVNA,cvna-quarterly-earnings-gaap-eps-10-29-2025-1pt27,CVNA.N,0.8-1.0,5,0.91,2025-10-29T20:05:00Z,2025-10-29,2025-10-30,6,-0.13872166817364825,"CAR[0,5]",0,5
647803,CFLT,cflt-quarterly-earnings-nongaap-eps-10-27-2025-0pt1,CFLT.N,0.8-1.0,5,0.865,2025-10-27T20:03:00Z,2025-10-27,2025-10-28,11,0.03854003351796228,"CAR[-5,5]",-5,5
647803,CFLT,cflt-quarterly-earnings-nongaap-eps-10-27-2025-0pt1,CFLT.N,0.8-1.0,5,0.865,2025-10-27T20:03:00Z,2025-10-27,2025-10-28,1,0.07643827914228925,AR[0],0,0
647803,CFLT,cflt-quarterly-earnings-nongaap-eps-10-27-2025-0pt1,CFLT.N,0.8-1.0,5,0.865,2025-10-27T20:03:00Z,2025-10-27,2025-10-28,2,0.07707565777238849,"CAR[0,1]",0,1
647803,CFLT,cflt-quarterly-earnings-nongaap-eps-10-27-2025-0pt1,CFLT.N,0.8-1.0,5,0.865,2025-10-27T20:03:00Z,2025-10-27,2025-10-28,4,0.08325005090879146,"CAR[0,3]",0,3
647803,CFLT,cflt-quarterly-earnings-nongaap-eps-10-27-2025-0pt1,CFLT.N,0.8-1.0,5,0.865,2025-10-27T20:03:00Z,2025-10-27,2025-10-28,6,0.0780421630207559,"CAR[0,5]",0,5
647808,CVS,cvs-quarterly-earnings-nongaap-eps-10-29-2025-1pt36,CVS,0.8-1.0,5,0.8150000000000001,2025-10-29T10:30:01Z,2025-10-28,2025-10-29,11,-0.06771940582286988,"CAR[-5,5]",-5,5
647808,CVS,cvs-quarterly-earnings-nongaap-eps-10-29-2025-1pt36,CVS,0.8-1.0,5,0.8150000000000001,2025-10-29T10:30:01Z,2025-10-28,2025-10-29,1,-0.020457514563324085,AR[0],0,0
647808,CVS,cvs-quarterly-earnings-nongaap-eps-10-29-2025-1pt36,CVS,0.8-1.0,5,0.8150000000000001,2025-10-29T10:30:01Z,2025-10-28,2025-10-29,2,-0.06687008696762729,"CAR[0,1]",0,1
647808,CVS,cvs-quarterly-earnings-nongaap-eps-10-29-2025-1pt36,CVS,0.8-1.0,5,0.8150000000000001,2025-10-29T10:30:01Z,2025-10-28,2025-10-29,4,-0.04749456599922368,"CAR[0,3]",0,3
647808,CVS,cvs-quarterly-earnings-nongaap-eps-10-29-2025-1pt36,CVS,0.8-1.0,5,0.8150000000000001,2025-10-29T10:30:01Z,2025-10-28,2025-10-29,6,-0.04554347972609087,"CAR[0,5]",0,5
647811,EBAY,ebay-quarterly-earnings-nongaap-eps-10-29-2025-1pt33,EBAY.N,0.8-1.0,5,0.895,2025-10-29T20:05:00Z,2025-10-29,2025-10-30,11,-0.17067967164088105,"CAR[-5,5]",-5,5
647811,EBAY,ebay-quarterly-earnings-nongaap-eps-10-29-2025-1pt33,EBAY.N,0.8-1.0,5,0.895,2025-10-29T20:05:00Z,2025-10-29,2025-10-30,1,-0.15495942797563284,AR[0],0,0
647811,EBAY,ebay-quarterly-earnings-nongaap-eps-10-29-2025-1pt33,EBAY.N,0.8-1.0,5,0.895,2025-10-29T20:05:00Z,2025-10-29,2025-10-30,2,-0.18695436575938418,"CAR[0,1]",0,1
647811,EBAY,ebay-quarterly-earnings-nongaap-eps-10-29-2025-1pt33,EBAY.N,0.8-1.0,5,0.895,2025-10-29T20:05:00Z,2025-10-29,2025-10-30,4,-0.18031082855564107,"CAR[0,3]",0,3
647811,EBAY,ebay-quarterly-earnings-nongaap-eps-10-29-2025-1pt33,EBAY.N,0.8-1.0,5,0.895,2025-10-29T20:05:00Z,2025-10-29,2025-10-30,6,-0.19068497912820265,"CAR[0,5]",0,5
647816,GRMN,grmn-quarterly-earnings-nongaap-eps-10-29-2025-1pt98,GRMN.N,0.8-1.0,5,0.805,2025-10-29T11:00:02Z,2025-10-28,2025-10-29,11,-0.2009277696972685,"CAR[-5,5]",-5,5
647816,GRMN,grmn-quarterly-earnings-nongaap-eps-10-29-2025-1pt98,GRMN.N,0.8-1.0,5,0.805,2025-10-29T11:00:02Z,2025-10-28,2025-10-29,1,-0.11437980442432298,AR[0],0,0
647816,GRMN,grmn-quarterly-earnings-nongaap-eps-10-29-2025-1pt98,GRMN.N,0.8-1.0,5,0.805,2025-10-29T11:00:02Z,2025-10-28,2025-10-29,2,-0.1228296869256357,"CAR[0,1]",0,1
647816,GRMN,grmn-quarterly-earnings-nongaap-eps-10-29-2025-1pt98,GRMN.N,0.8-1.0,5,0.805,2025-10-29T11:00:02Z,2025-10-28,2025-10-29,4,-0.14818160112504028,"CAR[0,3]",0,3
647816,GRMN,grmn-quarterly-earnings-nongaap-eps-10-29-2025-1pt98,GRMN.N,0.8-1.0,5,0.805,2025-10-29T11:00:02Z,2025-10-28,2025-10-29,6,-0.16143479361949897,"CAR[0,5]",0,5
647818,KHC,khc-quarterly-earnings-nongaap-eps-10-29-2025-0pt58,KHC.N,0.8-1.0,5,0.8300000000000001,2025-10-29T11:00:00Z,2025-10-28,2025-10-29,11,-0.04318945107516978,"CAR[-5,5]",-5,5
647818,KHC,khc-quarterly-earnings-nongaap-eps-10-29-2025-0pt58,KHC.N,0.8-1.0,5,0.8300000000000001,2025-10-29T11:00:00Z,2025-10-28,2025-10-29,1,-0.04320454740117826,AR[0],0,0
647818,KHC,khc-quarterly-earnings-nongaap-eps-10-29-2025-0pt58,KHC.N,0.8-1.0,5,0.8300000000000001,2025-10-29T11:00:00Z,2025-10-28,2025-10-29,2,-0.03024382175753349,"CAR[0,1]",0,1
647818,KHC,khc-quarterly-earnings-nongaap-eps-10-29-2025-0pt58,KHC.N,0.8-1.0,5,0.8300000000000001,2025-10-29T11:00:00Z,2025-10-28,2025-10-29,4,-0.03984612188575222,"CAR[0,3]",0,3
647818,KHC,khc-quarterly-earnings-nongaap-eps-10-29-2025-0pt58,KHC.N,0.8-1.0,5,0.8300000000000001,2025-10-29T11:00:00Z,2025-10-28,2025-10-29,6,-0.042053492028040616,"CAR[0,5]",0,5
647819,META,meta-quarterly-earnings-gaap-eps-10-29-2025-6pt72,META.N,0.8-1.0,5,0.895,2025-10-29T20:05:00Z,2025-10-29,2025-10-30,11,-0.16860159433809088,"CAR[-5,5]",-5,5
647819,META,meta-quarterly-earnings-gaap-eps-10-29-2025-6pt72,META.N,0.8-1.0,5,0.895,2025-10-29T20:05:00Z,2025-10-29,2025-10-30,1,-0.09916107382217172,AR[0],0,0
647819,META,meta-quarterly-earnings-gaap-eps-10-29-2025-6pt72,META.N,0.8-1.0,5,0.895,2025-10-29T20:05:00Z,2025-10-29,2025-10-30,2,-0.12938539830758736,"CAR[0,1]",0,1
647819,META,meta-quarterly-earnings-gaap-eps-10-29-2025-6pt72,META.N,0.8-1.0,5,0.895,2025-10-29T20:05:00Z,2025-10-29,2025-10-30,4,-0.14721921376819147,"CAR[0,3]",0,3
647819,META,meta-quarterly-earnings-gaap-eps-10-29-2025-6pt72,META.N,0.8-1.0,5,0.895,2025-10-29T20:05:00Z,2025-10-29,2025-10-30,6,-0.1493925896259416,"CAR[0,5]",0,5
647822,MGM,mgm-quarterly-earnings-nongaap-eps-10-29-2025-0pt3,MGM,0.8-1.0,5,0.86,2025-10-29T20:15:00Z,2025-10-29,2025-10-30,11,-0.02439085589352205,"CAR[-5,5]",-5,5
647822,MGM,mgm-quarterly-earnings-nongaap-eps-10-29-2025-0pt3,MGM,0.8-1.0,5,0.86,2025-10-29T20:15:00Z,2025-10-29,2025-10-30,1,-6.272593657970366e-4,AR[0],0,0
647822,MGM,mgm-quarterly-earnings-nongaap-eps-10-29-2025-0pt3,MGM,0.8-1.0,5,0.86,2025-10-29T20:15:00Z,2025-10-29,2025-10-30,2,0.03900651906253195,"CAR[0,1]",0,1
647822,MGM,mgm-quarterly-earnings-nongaap-eps-10-29-2025-0pt3,MGM,0.8-1.0,5,0.86,2025-10-29T20:15:00Z,2025-10-29,2025-10-30,4,0.05004059810586721,"CAR[0,3]",0,3
647822,MGM,mgm-quarterly-earnings-nongaap-eps-10-29-2025-0pt3,MGM,0.8-1.0,5,0.86,2025-10-29T20:15:00Z,2025-10-29,2025-10-30,6,0.05778038309997432,"CAR[0,5]",0,5
647852,BUD,bud-quarterly-earnings-nongaap-eps-10-30-2025-0pt95,BUD,0.8-1.0,5,0.8300000000000001,2025-10-30T06:00:00Z,2025-10-29,2025-10-30,11,0.012077530031271572,"CAR[-5,5]",-5,5
647852,BUD,bud-quarterly-earnings-nongaap-eps-10-30-2025-0pt95,BUD,0.8-1.0,5,0.8300000000000001,2025-10-30T06:00:00Z,2025-10-29,2025-10-30,1,-0.02107325374153379,AR[0],0,0
647852,BUD,bud-quarterly-earnings-nongaap-eps-10-30-2025-0pt95,BUD,0.8-1.0,5,0.8300000000000001,2025-10-30T06:00:00Z,2025-10-29,2025-10-30,2,-0.007395268660371117,"CAR[0,1]",0,1
647852,BUD,bud-quarterly-earnings-nongaap-eps-10-30-2025-0pt95,BUD,0.8-1.0,5,0.8300000000000001,2025-10-30T06:00:00Z,2025-10-29,2025-10-30,4,0.010754383049679711,"CAR[0,3]",0,3
647852,BUD,bud-quarterly-earnings-nongaap-eps-10-30-2025-0pt95,BUD,0.8-1.0,5,0.8300000000000001,2025-10-30T06:00:00Z,2025-10-29,2025-10-30,6,0.027693714624702163,"CAR[0,5]",0,5
647853,AAPL,aapl-quarterly-earnings-gaap-eps-10-30-2025-1pt76,AAPL.N,0.8-1.0,5,0.91,2025-10-30T20:30:00Z,2025-10-30,2025-10-31,11,0.04602233924375605,"CAR[-5,5]",-5,5
647853,AAPL,aapl-quarterly-earnings-gaap-eps-10-30-2025-1pt76,AAPL.N,0.8-1.0,5,0.91,2025-10-30T20:30:00Z,2025-10-30,2025-10-31,1,-0.005453384850445863,AR[0],0,0
647853,AAPL,aapl-quarterly-earnings-gaap-eps-10-30-2025-1pt76,AAPL.N,0.8-1.0,5,0.91,2025-10-30T20:30:00Z,2025-10-30,2025-10-31,2,-0.013032235164397554,"CAR[0,1]",0,1
647853,AAPL,aapl-quarterly-earnings-gaap-eps-10-30-2025-1pt76,AAPL.N,0.8-1.0,5,0.91,2025-10-30T20:30:00Z,2025-10-30,2025-10-31,4,0.005004710905362909,"CAR[0,3]",0,3
647853,AAPL,aapl-quarterly-earnings-gaap-eps-10-30-2025-1pt76,AAPL.N,0.8-1.0,5,0.91,2025-10-30T20:30:00Z,2025-10-30,2025-10-31,6,0.014637376900792923,"CAR[0,5]",0,5
647860,CLX,clx-quarterly-earnings-nongaap-eps-11-03-2025-0pt79,CLX,0.8-1.0,5,0.845,2025-11-03T21:15:00Z,2025-11-03,2025-11-04,11,-0.07099655651158075,"CAR[-5,5]",-5,5
647860,CLX,clx-quarterly-earnings-nongaap-eps-11-03-2025-0pt79,CLX,0.8-1.0,5,0.845,2025-11-03T21:15:00Z,2025-11-03,2025-11-04,1,0.01744694973016312,AR[0],0,0
647860,CLX,clx-quarterly-earnings-nongaap-eps-11-03-2025-0pt79,CLX,0.8-1.0,5,0.845,2025-11-03T21:15:00Z,2025-11-03,2025-11-04,2,0.004532903747054579,"CAR[0,1]",0,1
647860,CLX,clx-quarterly-earnings-nongaap-eps-11-03-2025-0pt79,CLX,0.8-1.0,5,0.845,2025-11-03T21:15:00Z,2025-11-03,2025-11-04,4,-0.0025525930124111317,"CAR[0,3]",0,3
647860,CLX,clx-quarterly-earnings-nongaap-eps-11-03-2025-0pt79,CLX,0.8-1.0,5,0.845,2025-11-03T21:15:00Z,2025-11-03,2025-11-04,6,-0.02616942726837012,"CAR[0,5]",0,5
647871,LLY,lly-quarterly-earnings-nongaap-eps-10-30-2025-5pt92,LLY,0.8-1.0,5,0.8150000000000001,2025-10-30T10:45:00Z,2025-10-29,2025-10-30,11,0.1559728713966955,"CAR[-5,5]",-5,5
647871,LLY,lly-quarterly-earnings-nongaap-eps-10-30-2025-5pt92,LLY,0.8-1.0,5,0.8150000000000001,2025-10-30T10:45:00Z,2025-10-29,2025-10-30,1,0.04671816513320852,AR[0],0,0
647871,LLY,lly-quarterly-earnings-nongaap-eps-10-30-2025-5pt92,LLY,0.8-1.0,5,0.8150000000000001,2025-10-30T10:45:00Z,2025-10-29,2025-10-30,2,0.06769670819361784,"CAR[0,1]",0,1
647871,LLY,lly-quarterly-earnings-nongaap-eps-10-30-2025-5pt92,LLY,0.8-1.0,5,0.8150000000000001,2025-10-30T10:45:00Z,2025-10-29,2025-10-30,4,0.1281787890784532,"CAR[0,3]",0,3
647871,LLY,lly-quarterly-earnings-nongaap-eps-10-30-2025-5pt92,LLY,0.8-1.0,5,0.8150000000000001,2025-10-30T10:45:00Z,2025-10-29,2025-10-30,6,0.16970305406966119,"CAR[0,5]",0,5
647888,EL,el-quarterly-earnings-nongaap-eps-10-30-2025-0pt17,EL,0.8-1.0,5,0.865,2025-10-30T10:00:00Z,2025-10-29,2025-10-30,11,-0.12336099123909841,"CAR[-5,5]",-5,5
647888,EL,el-quarterly-earnings-nongaap-eps-10-30-2025-0pt17,EL,0.8-1.0,5,0.865,2025-10-30T10:00:00Z,2025-10-29,2025-10-30,1,0.017608597485055,AR[0],0,0
647888,EL,el-quarterly-earnings-nongaap-eps-10-30-2025-0pt17,EL,0.8-1.0,5,0.865,2025-10-30T10:00:00Z,2025-10-29,2025-10-30,2,0.0037681747125444635,"CAR[0,1]",0,1
647888,EL,el-quarterly-earnings-nongaap-eps-10-30-2025-0pt17,EL,0.8-1.0,5,0.865,2025-10-30T10:00:00Z,2025-10-29,2025-10-30,4,-0.02091150686105431,"CAR[0,3]",0,3
647888,EL,el-quarterly-earnings-nongaap-eps-10-30-2025-0pt17,EL,0.8-1.0,5,0.865,2025-10-30T10:00:00Z,2025-10-29,2025-10-30,6,-0.06552642929654798,"CAR[0,5]",0,5
647937,ICE,ice-quarterly-earnings-nongaap-eps-10-30-2025-1pt61,ICE,0.8-1.0,5,0.8300000000000001,2025-10-30T11:30:00Z,2025-10-29,2025-10-30,11,-0.05985606660525077,"CAR[-5,5]",-5,5
647937,ICE,ice-quarterly-earnings-nongaap-eps-10-30-2025-1pt61,ICE,0.8-1.0,5,0.8300000000000001,2025-10-30T11:30:00Z,2025-10-29,2025-10-30,1,-0.009125015988223746,AR[0],0,0
647937,ICE,ice-quarterly-earnings-nongaap-eps-10-30-2025-1pt61,ICE,0.8-1.0,5,0.8300000000000001,2025-10-30T11:30:00Z,2025-10-29,2025-10-30,2,-0.02515631348487498,"CAR[0,1]",0,1
647937,ICE,ice-quarterly-earnings-nongaap-eps-10-30-2025-1pt61,ICE,0.8-1.0,5,0.8300000000000001,2025-10-30T11:30:00Z,2025-10-29,2025-10-30,4,-0.015321707376859397,"CAR[0,3]",0,3
647937,ICE,ice-quarterly-earnings-nongaap-eps-10-30-2025-1pt61,ICE,0.8-1.0,5,0.8300000000000001,2025-10-30T11:30:00Z,2025-10-29,2025-10-30,6,-0.007689196270015423,"CAR[0,5]",0,5
647938,MA,ma-quarterly-earnings-nongaap-eps-10-30-2025-4pt31,MA,0.8-1.0,5,0.92,2025-10-30T12:30:00Z,2025-10-29,2025-10-30,11,-0.03195611834501306,"CAR[-5,5]",-5,5
647938,MA,ma-quarterly-earnings-nongaap-eps-10-30-2025-4pt31,MA,0.8-1.0,5,0.92,2025-10-30T12:30:00Z,2025-10-29,2025-10-30,1,0.007041343336950881,AR[0],0,0
647938,MA,ma-quarterly-earnings-nongaap-eps-10-30-2025-4pt31,MA,0.8-1.0,5,0.92,2025-10-30T12:30:00Z,2025-10-29,2025-10-30,2,0.001998798093603699,"CAR[0,1]",0,1
647938,MA,ma-quarterly-earnings-nongaap-eps-10-30-2025-4pt31,MA,0.8-1.0,5,0.92,2025-10-30T12:30:00Z,2025-10-29,2025-10-30,4,0.012600457578671514,"CAR[0,3]",0,3
647938,MA,ma-quarterly-earnings-nongaap-eps-10-30-2025-4pt31,MA,0.8-1.0,5,0.92,2025-10-30T12:30:00Z,2025-10-29,2025-10-30,6,0.020435540040731812,"CAR[0,5]",0,5
647962,RBLX,rblx-quarterly-earnings-gaap-eps-10-30-2025-neg0pt51,RBLX.N,0.8-1.0,5,0.8,2025-10-30T11:45:00Z,2025-10-29,2025-10-30,11,-0.2776855412134819,"CAR[-5,5]",-5,5
647962,RBLX,rblx-quarterly-earnings-gaap-eps-10-30-2025-neg0pt51,RBLX.N,0.8-1.0,5,0.8,2025-10-30T11:45:00Z,2025-10-29,2025-10-30,1,-0.14782622863448294,AR[0],0,0
647962,RBLX,rblx-quarterly-earnings-gaap-eps-10-30-2025-neg0pt51,RBLX.N,0.8-1.0,5,0.8,2025-10-30T11:45:00Z,2025-10-29,2025-10-30,2,-0.14975293871095235,"CAR[0,1]",0,1
647962,RBLX,rblx-quarterly-earnings-gaap-eps-10-30-2025-neg0pt51,RBLX.N,0.8-1.0,5,0.8,2025-10-30T11:45:00Z,2025-10-29,2025-10-30,4,-0.2334890361941998,"CAR[0,3]",0,3
647962,RBLX,rblx-quarterly-earnings-gaap-eps-10-30-2025-neg0pt51,RBLX.N,0.8-1.0,5,0.8,2025-10-30T11:45:00Z,2025-10-29,2025-10-30,6,-0.26178156085475734,"CAR[0,5]",0,5
647966,ROKU,roku-quarterly-earnings-gaap-eps-10-30-2025-0pt08,ROKU.N,0.8-1.0,5,0.86,2025-10-30T23:00:00Z,2025-10-30,2025-10-31,11,0.04733734597555447,"CAR[-5,5]",-5,5
647966,ROKU,roku-quarterly-earnings-gaap-eps-10-30-2025-0pt08,ROKU.N,0.8-1.0,5,0.86,2025-10-30T23:00:00Z,2025-10-30,2025-10-31,1,0.05475856405180584,AR[0],0,0
647966,ROKU,roku-quarterly-earnings-gaap-eps-10-30-2025-0pt08,ROKU.N,0.8-1.0,5,0.86,2025-10-30T23:00:00Z,2025-10-30,2025-10-31,2,0.076032688614882,"CAR[0,1]",0,1
647966,ROKU,roku-quarterly-earnings-gaap-eps-10-30-2025-0pt08,ROKU.N,0.8-1.0,5,0.86,2025-10-30T23:00:00Z,2025-10-30,2025-10-31,4,0.0643031110506434,"CAR[0,3]",0,3
647966,ROKU,roku-quarterly-earnings-gaap-eps-10-30-2025-0pt08,ROKU.N,0.8-1.0,5,0.86,2025-10-30T23:00:00Z,2025-10-30,2025-10-31,6,0.05207414502383624,"CAR[0,5]",0,5
648017,SPGI,spgi-quarterly-earnings-nongaap-eps-10-30-2025-4pt41,SPGI.N,0.8-1.0,5,0.84,2025-10-30T11:19:13Z,2025-10-29,2025-10-30,11,0.030461482330464938,"CAR[-5,5]",-5,5
648017,SPGI,spgi-quarterly-earnings-nongaap-eps-10-30-2025-4pt41,SPGI.N,0.8-1.0,5,0.84,2025-10-30T11:19:13Z,2025-10-29,2025-10-30,1,0.048646146978860015,AR[0],0,0
648017,SPGI,spgi-quarterly-earnings-nongaap-eps-10-30-2025-4pt41,SPGI.N,0.8-1.0,5,0.84,2025-10-30T11:19:13Z,2025-10-29,2025-10-30,2,0.038419820052184396,"CAR[0,1]",0,1
648017,SPGI,spgi-quarterly-earnings-nongaap-eps-10-30-2025-4pt41,SPGI.N,0.8-1.0,5,0.84,2025-10-30T11:19:13Z,2025-10-29,2025-10-30,4,0.07346548189651288,"CAR[0,3]",0,3
648017,SPGI,spgi-quarterly-earnings-nongaap-eps-10-30-2025-4pt41,SPGI.N,0.8-1.0,5,0.84,2025-10-30T11:19:13Z,2025-10-29,2025-10-30,6,0.06330112524948743,"CAR[0,5]",0,5
648033,SHAK,shak-quarterly-earnings-nongaap-eps-10-30-2025-0pt31,SHAK.N,0.8-1.0,5,0.81,2025-10-30T11:00:00Z,2025-10-29,2025-10-30,11,0.029959276808132214,"CAR[-5,5]",-5,5
648033,SHAK,shak-quarterly-earnings-nongaap-eps-10-30-2025-0pt31,SHAK.N,0.8-1.0,5,0.81,2025-10-30T11:00:00Z,2025-10-29,2025-10-30,1,0.036974263369062635,AR[0],0,0
648033,SHAK,shak-quarterly-earnings-nongaap-eps-10-30-2025-0pt31,SHAK.N,0.8-1.0,5,0.81,2025-10-30T11:00:00Z,2025-10-29,2025-10-30,2,0.09043854400532741,"CAR[0,1]",0,1
648033,SHAK,shak-quarterly-earnings-nongaap-eps-10-30-2025-0pt31,SHAK.N,0.8-1.0,5,0.81,2025-10-30T11:00:00Z,2025-10-29,2025-10-30,4,0.09093953374525349,"CAR[0,3]",0,3
648033,SHAK,shak-quarterly-earnings-nongaap-eps-10-30-2025-0pt31,SHAK.N,0.8-1.0,5,0.81,2025-10-30T11:00:00Z,2025-10-29,2025-10-30,6,0.08193386930389933,"CAR[0,5]",0,5
648038,TFX,tfx-quarterly-earnings-nongaap-eps-11-06-2025-3pt38,TFX,0.8-1.0,5,0.8250000000000001,2025-11-06T11:30:02Z,2025-11-05,2025-11-06,11,-0.11471522530209995,"CAR[-5,5]",-5,5
648038,TFX,tfx-quarterly-earnings-nongaap-eps-11-06-2025-3pt38,TFX,0.8-1.0,5,0.8250000000000001,2025-11-06T11:30:02Z,2025-11-05,2025-11-06,1,-0.1206937035160737,AR[0],0,0
648038,TFX,tfx-quarterly-earnings-nongaap-eps-11-06-2025-3pt38,TFX,0.8-1.0,5,0.8250000000000001,2025-11-06T11:30:02Z,2025-11-05,2025-11-06,2,-0.11192217230669958,"CAR[0,1]",0,1
648038,TFX,tfx-quarterly-earnings-nongaap-eps-11-06-2025-3pt38,TFX,0.8-1.0,5,0.8250000000000001,2025-11-06T11:30:02Z,2025-11-05,2025-11-06,4,-0.09483941059428906,"CAR[0,3]",0,3
648038,TFX,tfx-quarterly-earnings-nongaap-eps-11-06-2025-3pt38,TFX,0.8-1.0,5,0.8250000000000001,2025-11-06T11:30:02Z,2025-11-05,2025-11-06,6,-0.1057207979120886,"CAR[0,5]",0,5
648224,WAY,way-quarterly-earnings-nongaap-eps-10-29-2025-0pt35,WAY.N,0.8-1.0,5,0.885,2025-10-29T20:05:00Z,2025-10-29,2025-10-30,11,-0.03891538672373252,"CAR[-5,5]",-5,5
648224,WAY,way-quarterly-earnings-nongaap-eps-10-29-2025-0pt35,WAY.N,0.8-1.0,5,0.885,2025-10-29T20:05:00Z,2025-10-29,2025-10-30,1,-0.05513667299132605,AR[0],0,0
648224,WAY,way-quarterly-earnings-nongaap-eps-10-29-2025-0pt35,WAY.N,0.8-1.0,5,0.885,2025-10-29T20:05:00Z,2025-10-29,2025-10-30,2,-0.08787794526416662,"CAR[0,1]",0,1
648224,WAY,way-quarterly-earnings-nongaap-eps-10-29-2025-0pt35,WAY.N,0.8-1.0,5,0.885,2025-10-29T20:05:00Z,2025-10-29,2025-10-30,4,-0.03300682275968632,"CAR[0,3]",0,3
648224,WAY,way-quarterly-earnings-nongaap-eps-10-29-2025-0pt35,WAY.N,0.8-1.0,5,0.885,2025-10-29T20:05:00Z,2025-10-29,2025-10-30,6,-0.07052056229062145,"CAR[0,5]",0,5
648228,CBOE,cboe-quarterly-earnings-nongaap-eps-10-31-2025-2pt53,CBOE.N,0.8-1.0,5,0.84,2025-10-31T11:30:01Z,2025-10-30,2025-10-31,11,0.06915943314577935,"CAR[-5,5]",-5,5
648228,CBOE,cboe-quarterly-earnings-nongaap-eps-10-31-2025-2pt53,CBOE.N,0.8-1.0,5,0.84,2025-10-31T11:30:01Z,2025-10-30,2025-10-31,1,0.036327160663192803,AR[0],0,0
648228,CBOE,cboe-quarterly-earnings-nongaap-eps-10-31-2025-2pt53,CBOE.N,0.8-1.0,5,0.84,2025-10-31T11:30:01Z,2025-10-30,2025-10-31,2,0.04146410238937023,"CAR[0,1]",0,1
648228,CBOE,cboe-quarterly-earnings-nongaap-eps-10-31-2025-2pt53,CBOE.N,0.8-1.0,5,0.84,2025-10-31T11:30:01Z,2025-10-30,2025-10-31,4,0.05605517016556723,"CAR[0,3]",0,3
648228,CBOE,cboe-quarterly-earnings-nongaap-eps-10-31-2025-2pt53,CBOE.N,0.8-1.0,5,0.84,2025-10-31T11:30:01Z,2025-10-30,2025-10-31,6,0.07520673468069423,"CAR[0,5]",0,5
648377,FOXA,foxa-quarterly-earnings-nongaap-eps-10-30-2025-1pt1,FOXA.N,0.8-1.0,5,0.8200000000000001,2025-10-30T11:30:00Z,2025-10-29,2025-10-30,11,0.11899982440604605,"CAR[-5,5]",-5,5
648377,FOXA,foxa-quarterly-earnings-nongaap-eps-10-30-2025-1pt1,FOXA.N,0.8-1.0,5,0.8200000000000001,2025-10-30T11:30:00Z,2025-10-29,2025-10-30,1,0.08642116005579786,AR[0],0,0
648377,FOXA,foxa-quarterly-earnings-nongaap-eps-10-30-2025-1pt1,FOXA.N,0.8-1.0,5,0.8200000000000001,2025-10-30T11:30:00Z,2025-10-29,2025-10-30,2,0.07158004188006344,"CAR[0,1]",0,1
648377,FOXA,foxa-quarterly-earnings-nongaap-eps-10-30-2025-1pt1,FOXA.N,0.8-1.0,5,0.8200000000000001,2025-10-30T11:30:00Z,2025-10-29,2025-10-30,4,0.07987705786912719,"CAR[0,3]",0,3
648377,FOXA,foxa-quarterly-earnings-nongaap-eps-10-30-2025-1pt1,FOXA.N,0.8-1.0,5,0.8200000000000001,2025-10-30T11:30:00Z,2025-10-29,2025-10-30,6,0.10616121660580433,"CAR[0,5]",0,5
648379,RDDT,rddt-quarterly-earnings-gaap-eps-10-30-2025-0pt51,RDDT.N,0.8-1.0,5,0.81,2025-10-30T20:07:00Z,2025-10-30,2025-10-31,11,-0.04365749519024409,"CAR[-5,5]",-5,5
648379,RDDT,rddt-quarterly-earnings-gaap-eps-10-30-2025-0pt51,RDDT.N,0.8-1.0,5,0.81,2025-10-30T20:07:00Z,2025-10-30,2025-10-31,1,0.06617970991832436,AR[0],0,0
648379,RDDT,rddt-quarterly-earnings-gaap-eps-10-30-2025-0pt51,RDDT.N,0.8-1.0,5,0.81,2025-10-30T20:07:00Z,2025-10-30,2025-10-31,2,0.04055915127840645,"CAR[0,1]",0,1
648379,RDDT,rddt-quarterly-earnings-gaap-eps-10-30-2025-0pt51,RDDT.N,0.8-1.0,5,0.81,2025-10-30T20:07:00Z,2025-10-30,2025-10-31,4,0.013477645511119258,"CAR[0,3]",0,3
648379,RDDT,rddt-quarterly-earnings-gaap-eps-10-30-2025-0pt51,RDDT.N,0.8-1.0,5,0.81,2025-10-30T20:07:00Z,2025-10-30,2025-10-31,6,0.02426309799456636,"CAR[0,5]",0,5
652465,PLTR,pltr-quarterly-earnings-nongaap-eps-11-03-2025-0pt17,PLTR.N,0.8-1.0,5,0.865,2025-11-03T21:05:00Z,2025-11-03,2025-11-04,11,-0.0165250896878905,"CAR[-5,5]",-5,5
652465,PLTR,pltr-quarterly-earnings-nongaap-eps-11-03-2025-0pt17,PLTR.N,0.8-1.0,5,0.865,2025-11-03T21:05:00Z,2025-11-03,2025-11-04,1,-0.06254245366825051,AR[0],0,0
652465,PLTR,pltr-quarterly-earnings-nongaap-eps-11-03-2025-0pt17,PLTR.N,0.8-1.0,5,0.865,2025-11-03T21:05:00Z,2025-11-03,2025-11-04,2,-0.0875566162795968,"CAR[0,1]",0,1
652465,PLTR,pltr-quarterly-earnings-nongaap-eps-11-03-2025-0pt17,PLTR.N,0.8-1.0,5,0.865,2025-11-03T21:05:00Z,2025-11-03,2025-11-04,4,-0.12855983616535707,"CAR[0,3]",0,3
652465,PLTR,pltr-quarterly-earnings-nongaap-eps-11-03-2025-0pt17,PLTR.N,0.8-1.0,5,0.865,2025-11-03T21:05:00Z,2025-11-03,2025-11-04,6,-0.09706635592985911,"CAR[0,5]",0,5
652577,CRL,crl-quarterly-earnings-nongaap-eps-11-05-2025-2pt34,CRL,0.8-1.0,5,0.925,2025-11-05T12:00:01Z,2025-11-04,2025-11-05,11,-0.0677137457112998,"CAR[-5,5]",-5,5
652577,CRL,crl-quarterly-earnings-nongaap-eps-11-05-2025-2pt34,CRL,0.8-1.0,5,0.925,2025-11-05T12:00:01Z,2025-11-04,2025-11-05,1,-0.061292817977289374,AR[0],0,0
652577,CRL,crl-quarterly-earnings-nongaap-eps-11-05-2025-2pt34,CRL,0.8-1.0,5,0.925,2025-11-05T12:00:01Z,2025-11-04,2025-11-05,2,-0.024862282682456036,"CAR[0,1]",0,1
652577,CRL,crl-quarterly-earnings-nongaap-eps-11-05-2025-2pt34,CRL,0.8-1.0,5,0.925,2025-11-05T12:00:01Z,2025-11-04,2025-11-05,4,-0.058075749596630526,"CAR[0,3]",0,3
652577,CRL,crl-quarterly-earnings-nongaap-eps-11-05-2025-2pt34,CRL,0.8-1.0,5,0.925,2025-11-05T12:00:01Z,2025-11-04,2025-11-05,6,-0.044507817060786714,"CAR[0,5]",0,5
652605,NYT,nyt-quarterly-earnings-nongaap-eps-11-05-2025-0pt53,NYT,0.8-1.0,5,0.955,2025-11-05T13:30:00Z,2025-11-04,2025-11-05,11,0.09069143116644009,"CAR[-5,5]",-5,5
652605,NYT,nyt-quarterly-earnings-nongaap-eps-11-05-2025-0pt53,NYT,0.8-1.0,5,0.955,2025-11-05T13:30:00Z,2025-11-04,2025-11-05,1,-0.005278880748477889,AR[0],0,0
652605,NYT,nyt-quarterly-earnings-nongaap-eps-11-05-2025-0pt53,NYT,0.8-1.0,5,0.955,2025-11-05T13:30:00Z,2025-11-04,2025-11-05,2,0.04067871845108663,"CAR[0,1]",0,1
652605,NYT,nyt-quarterly-earnings-nongaap-eps-11-05-2025-0pt53,NYT,0.8-1.0,5,0.955,2025-11-05T13:30:00Z,2025-11-04,2025-11-05,4,0.07318184421837994,"CAR[0,3]",0,3
652605,NYT,nyt-quarterly-earnings-nongaap-eps-11-05-2025-0pt53,NYT,0.8-1.0,5,0.955,2025-11-05T13:30:00Z,2025-11-04,2025-11-05,6,0.08037387866260585,"CAR[0,5]",0,5
652657,FTDR,ftdr-quarterly-earnings-nongaap-eps-11-05-2025-1pt51,FTDR.N,0.8-1.0,5,0.885,2025-11-05T12:00:01Z,2025-11-04,2025-11-05,11,-0.28532746079417315,"CAR[-5,5]",-5,5
652657,FTDR,ftdr-quarterly-earnings-nongaap-eps-11-05-2025-1pt51,FTDR.N,0.8-1.0,5,0.885,2025-11-05T12:00:01Z,2025-11-04,2025-11-05,1,-0.16301945292569492,AR[0],0,0
652657,FTDR,ftdr-quarterly-earnings-nongaap-eps-11-05-2025-1pt51,FTDR.N,0.8-1.0,5,0.885,2025-11-05T12:00:01Z,2025-11-04,2025-11-05,2,-0.263373739775188,"CAR[0,1]",0,1
652657,FTDR,ftdr-quarterly-earnings-nongaap-eps-11-05-2025-1pt51,FTDR.N,0.8-1.0,5,0.885,2025-11-05T12:00:01Z,2025-11-04,2025-11-05,4,-0.2671861901341588,"CAR[0,3]",0,3
652657,FTDR,ftdr-quarterly-earnings-nongaap-eps-11-05-2025-1pt51,FTDR.N,0.8-1.0,5,0.885,2025-11-05T12:00:01Z,2025-11-04,2025-11-05,6,-0.24893230323778012,"CAR[0,5]",0,5
655266,APP,app-quarterly-earnings-gaap-eps-11-05-2025-2pt39,APP.N,0.8-1.0,5,0.8200000000000001,2025-11-05T21:05:01Z,2025-11-05,2025-11-06,11,-0.11139222922443635,"CAR[-5,5]",-5,5
655266,APP,app-quarterly-earnings-gaap-eps-11-05-2025-2pt39,APP.N,0.8-1.0,5,0.8200000000000001,2025-11-05T21:05:01Z,2025-11-05,2025-11-06,1,0.027700021656924242,AR[0],0,0
655266,APP,app-quarterly-earnings-gaap-eps-11-05-2025-2pt39,APP.N,0.8-1.0,5,0.8200000000000001,2025-11-05T21:05:01Z,2025-11-05,2025-11-06,2,0.01803354862459871,"CAR[0,1]",0,1
655266,APP,app-quarterly-earnings-gaap-eps-11-05-2025-2pt39,APP.N,0.8-1.0,5,0.8200000000000001,2025-11-05T21:05:01Z,2025-11-05,2025-11-06,4,-0.06373651469442064,"CAR[0,3]",0,3
655266,APP,app-quarterly-earnings-gaap-eps-11-05-2025-2pt39,APP.N,0.8-1.0,5,0.8200000000000001,2025-11-05T21:05:01Z,2025-11-05,2025-11-06,6,-0.1018978010218742,"CAR[0,5]",0,5
655388,ARM,arm-quarterly-earnings-nongaap-eps-11-05-2025-0pt33,ARM.N,0.8-1.0,5,0.885,2025-11-05T21:04:00Z,2025-11-05,2025-11-06,11,-0.13364413381607684,"CAR[-5,5]",-5,5
655388,ARM,arm-quarterly-earnings-nongaap-eps-11-05-2025-0pt33,ARM.N,0.8-1.0,5,0.885,2025-11-05T21:04:00Z,2025-11-05,2025-11-06,1,0.013147354123559635,AR[0],0,0
655388,ARM,arm-quarterly-earnings-nongaap-eps-11-05-2025-0pt33,ARM.N,0.8-1.0,5,0.885,2025-11-05T21:04:00Z,2025-11-05,2025-11-06,2,-0.0269738834969505,"CAR[0,1]",0,1
655388,ARM,arm-quarterly-earnings-nongaap-eps-11-05-2025-0pt33,ARM.N,0.8-1.0,5,0.885,2025-11-05T21:04:00Z,2025-11-05,2025-11-06,4,-0.08087708846779651,"CAR[0,3]",0,3
655388,ARM,arm-quarterly-earnings-nongaap-eps-11-05-2025-0pt33,ARM.N,0.8-1.0,5,0.885,2025-11-05T21:04:00Z,2025-11-05,2025-11-06,6,-0.10791510598907399,"CAR[0,5]",0,5
655399,QCOM,qcom-quarterly-earnings-nongaap-eps-11-05-2025-2pt86,QCOM.N,0.8-1.0,5,0.925,2025-11-05T21:00:00Z,2025-11-05,2025-11-06,11,0.0161942923057699,"CAR[-5,5]",-5,5
655399,QCOM,qcom-quarterly-earnings-nongaap-eps-11-05-2025-2pt86,QCOM.N,0.8-1.0,5,0.925,2025-11-05T21:00:00Z,2025-11-05,2025-11-06,1,-0.016526478827719678,AR[0],0,0
655399,QCOM,qcom-quarterly-earnings-nongaap-eps-11-05-2025-2pt86,QCOM.N,0.8-1.0,5,0.925,2025-11-05T21:00:00Z,2025-11-05,2025-11-06,2,-0.030922873819959597,"CAR[0,1]",0,1
655399,QCOM,qcom-quarterly-earnings-nongaap-eps-11-05-2025-2pt86,QCOM.N,0.8-1.0,5,0.925,2025-11-05T21:00:00Z,2025-11-05,2025-11-06,4,-0.037663352553301,"CAR[0,3]",0,3
655399,QCOM,qcom-quarterly-earnings-nongaap-eps-11-05-2025-2pt86,QCOM.N,0.8-1.0,5,0.925,2025-11-05T21:00:00Z,2025-11-05,2025-11-06,6,-0.01046526928212456,"CAR[0,5]",0,5
655400,HOOD,hood-quarterly-earnings-gaap-eps-11-05-2025-0pt54,HOOD.N,0.8-1.0,5,0.885,2025-11-05T21:05:10Z,2025-11-05,2025-11-06,11,-0.16208587097726096,"CAR[-5,5]",-5,5
655400,HOOD,hood-quarterly-earnings-gaap-eps-11-05-2025-0pt54,HOOD.N,0.8-1.0,5,0.885,2025-11-05T21:05:10Z,2025-11-05,2025-11-06,1,-0.08728344549056033,AR[0],0,0
655400,HOOD,hood-quarterly-earnings-gaap-eps-11-05-2025-0pt54,HOOD.N,0.8-1.0,5,0.885,2025-11-05T21:05:10Z,2025-11-05,2025-11-06,2,-0.06972136765543693,"CAR[0,1]",0,1
655400,HOOD,hood-quarterly-earnings-gaap-eps-11-05-2025-0pt54,HOOD.N,0.8-1.0,5,0.885,2025-11-05T21:05:10Z,2025-11-05,2025-11-06,4,-0.1114304906790157,"CAR[0,3]",0,3
655400,HOOD,hood-quarterly-earnings-gaap-eps-11-05-2025-0pt54,HOOD.N,0.8-1.0,5,0.885,2025-11-05T21:05:10Z,2025-11-05,2025-11-06,6,-0.16098770948667745,"CAR[0,5]",0,5
655449,FIS,fis-quarterly-earnings-nongaap-eps-11-05-2025-1pt48,FIS,0.8-1.0,5,0.845,2025-11-05T12:00:01Z,2025-11-04,2025-11-05,11,0.02388179029175556,"CAR[-5,5]",-5,5
655449,FIS,fis-quarterly-earnings-nongaap-eps-11-05-2025-1pt48,FIS,0.8-1.0,5,0.845,2025-11-05T12:00:01Z,2025-11-04,2025-11-05,1,0.023919250482740333,AR[0],0,0
655449,FIS,fis-quarterly-earnings-nongaap-eps-11-05-2025-1pt48,FIS,0.8-1.0,5,0.845,2025-11-05T12:00:01Z,2025-11-04,2025-11-05,2,0.03176249049093549,"CAR[0,1]",0,1
655449,FIS,fis-quarterly-earnings-nongaap-eps-11-05-2025-1pt48,FIS,0.8-1.0,5,0.845,2025-11-05T12:00:01Z,2025-11-04,2025-11-05,4,0.034138970158577885,"CAR[0,3]",0,3
655449,FIS,fis-quarterly-earnings-nongaap-eps-11-05-2025-1pt48,FIS,0.8-1.0,5,0.845,2025-11-05T12:00:01Z,2025-11-04,2025-11-05,6,0.04661795361745289,"CAR[0,5]",0,5
655450,HUM,hum-quarterly-earnings-nongaap-eps-11-05-2025-2pt92,HUM,0.8-1.0,5,0.84,2025-11-05T11:00:00Z,2025-11-04,2025-11-05,11,-0.19512366566478903,"CAR[-5,5]",-5,5
655450,HUM,hum-quarterly-earnings-nongaap-eps-11-05-2025-2pt92,HUM,0.8-1.0,5,0.84,2025-11-05T11:00:00Z,2025-11-04,2025-11-05,1,-0.061126275617294175,AR[0],0,0
655450,HUM,hum-quarterly-earnings-nongaap-eps-11-05-2025-2pt92,HUM,0.8-1.0,5,0.84,2025-11-05T11:00:00Z,2025-11-04,2025-11-05,2,-0.10971179216641666,"CAR[0,1]",0,1
655450,HUM,hum-quarterly-earnings-nongaap-eps-11-05-2025-2pt92,HUM,0.8-1.0,5,0.84,2025-11-05T11:00:00Z,2025-11-04,2025-11-05,4,-0.1651244615452733,"CAR[0,3]",0,3
655450,HUM,hum-quarterly-earnings-nongaap-eps-11-05-2025-2pt92,HUM,0.8-1.0,5,0.84,2025-11-05T11:00:00Z,2025-11-04,2025-11-05,6,-0.15689880335900455,"CAR[0,5]",0,5
655460,HUBS,hubs-quarterly-earnings-nongaap-eps-11-05-2025-2pt59,HUBS.N,0.8-1.0,5,0.89,2025-11-05T21:05:02Z,2025-11-05,2025-11-06,11,-0.09199345588556643,"CAR[-5,5]",-5,5
655460,HUBS,hubs-quarterly-earnings-nongaap-eps-11-05-2025-2pt59,HUBS.N,0.8-1.0,5,0.89,2025-11-05T21:05:02Z,2025-11-05,2025-11-06,1,-0.12979776824444686,AR[0],0,0
655460,HUBS,hubs-quarterly-earnings-nongaap-eps-11-05-2025-2pt59,HUBS.N,0.8-1.0,5,0.89,2025-11-05T21:05:02Z,2025-11-05,2025-11-06,2,-0.11972984465421574,"CAR[0,1]",0,1
655460,HUBS,hubs-quarterly-earnings-nongaap-eps-11-05-2025-2pt59,HUBS.N,0.8-1.0,5,0.89,2025-11-05T21:05:02Z,2025-11-05,2025-11-06,4,-0.14763729370317374,"CAR[0,3]",0,3
655460,HUBS,hubs-quarterly-earnings-nongaap-eps-11-05-2025-2pt59,HUBS.N,0.8-1.0,5,0.89,2025-11-05T21:05:02Z,2025-11-05,2025-11-06,6,-0.12803577370409822,"CAR[0,5]",0,5
656730,TOST,tost-quarterly-earnings-gaap-eps-11-04-2025-0pt12,TOST.N,0.8-1.0,5,0.805,2025-11-04T21:05:01Z,2025-11-04,2025-11-05,11,0.054252236842291836,"CAR[-5,5]",-5,5
656730,TOST,tost-quarterly-earnings-gaap-eps-11-04-2025-0pt12,TOST.N,0.8-1.0,5,0.805,2025-11-04T21:05:01Z,2025-11-04,2025-11-05,1,0.09030654136690519,AR[0],0,0
656730,TOST,tost-quarterly-earnings-gaap-eps-11-04-2025-0pt12,TOST.N,0.8-1.0,5,0.805,2025-11-04T21:05:01Z,2025-11-04,2025-11-05,2,0.040755993665021056,"CAR[0,1]",0,1
656730,TOST,tost-quarterly-earnings-gaap-eps-11-04-2025-0pt12,TOST.N,0.8-1.0,5,0.805,2025-11-04T21:05:01Z,2025-11-04,2025-11-05,4,0.06634894920990445,"CAR[0,3]",0,3
656730,TOST,tost-quarterly-earnings-gaap-eps-11-04-2025-0pt12,TOST.N,0.8-1.0,5,0.805,2025-11-04T21:05:01Z,2025-11-04,2025-11-05,6,0.06870052132621089,"CAR[0,5]",0,5
656735,CBT,cbt-quarterly-earnings-nongaap-eps-11-03-2025-1pt68,CBT,0.8-1.0,5,0.8300000000000001,2025-11-03T21:30:01Z,2025-11-03,2025-11-04,11,-0.12357252732091287,"CAR[-5,5]",-5,5
656735,CBT,cbt-quarterly-earnings-nongaap-eps-11-03-2025-1pt68,CBT,0.8-1.0,5,0.8300000000000001,2025-11-03T21:30:01Z,2025-11-03,2025-11-04,1,-0.059805981673476796,AR[0],0,0
656735,CBT,cbt-quarterly-earnings-nongaap-eps-11-03-2025-1pt68,CBT,0.8-1.0,5,0.8300000000000001,2025-11-03T21:30:01Z,2025-11-03,2025-11-04,2,-0.07399444022987547,"CAR[0,1]",0,1
656735,CBT,cbt-quarterly-earnings-nongaap-eps-11-03-2025-1pt68,CBT,0.8-1.0,5,0.8300000000000001,2025-11-03T21:30:01Z,2025-11-03,2025-11-04,4,-0.045825071450941286,"CAR[0,3]",0,3
656735,CBT,cbt-quarterly-earnings-nongaap-eps-11-03-2025-1pt68,CBT,0.8-1.0,5,0.8300000000000001,2025-11-03T21:30:01Z,2025-11-03,2025-11-04,6,-0.058434569092253516,"CAR[0,5]",0,5
656755,MAR,mar-quarterly-earnings-nongaap-eps-11-04-2025-2pt39,MAR.N,0.8-1.0,5,0.89,2025-11-04T12:00:09Z,2025-11-03,2025-11-04,11,0.0955261648885216,"CAR[-5,5]",-5,5
656755,MAR,mar-quarterly-earnings-nongaap-eps-11-04-2025-2pt39,MAR.N,0.8-1.0,5,0.89,2025-11-04T12:00:09Z,2025-11-03,2025-11-04,1,0.04693883192232715,AR[0],0,0
656755,MAR,mar-quarterly-earnings-nongaap-eps-11-04-2025-2pt39,MAR.N,0.8-1.0,5,0.89,2025-11-04T12:00:09Z,2025-11-03,2025-11-04,2,0.08409007741421101,"CAR[0,1]",0,1
656755,MAR,mar-quarterly-earnings-nongaap-eps-11-04-2025-2pt39,MAR.N,0.8-1.0,5,0.89,2025-11-04T12:00:09Z,2025-11-03,2025-11-04,4,0.12732306014407302,"CAR[0,3]",0,3
656755,MAR,mar-quarterly-earnings-nongaap-eps-11-04-2025-2pt39,MAR.N,0.8-1.0,5,0.89,2025-11-04T12:00:09Z,2025-11-03,2025-11-04,6,0.11076405045685579,"CAR[0,5]",0,5
656760,APO,apo-quarterly-earnings-nongaap-eps-11-04-2025-1pt9,APO,0.8-1.0,5,0.8150000000000001,2025-11-04T11:30:00Z,2025-11-03,2025-11-04,11,0.07630453876684049,"CAR[-5,5]",-5,5
656760,APO,apo-quarterly-earnings-nongaap-eps-11-04-2025-1pt9,APO,0.8-1.0,5,0.8150000000000001,2025-11-04T11:30:00Z,2025-11-03,2025-11-04,1,0.07562655076557374,AR[0],0,0
656760,APO,apo-quarterly-earnings-nongaap-eps-11-04-2025-1pt9,APO,0.8-1.0,5,0.8150000000000001,2025-11-04T11:30:00Z,2025-11-03,2025-11-04,2,0.09530239729347283,"CAR[0,1]",0,1
656760,APO,apo-quarterly-earnings-nongaap-eps-11-04-2025-1pt9,APO,0.8-1.0,5,0.8150000000000001,2025-11-04T11:30:00Z,2025-11-03,2025-11-04,4,0.10679143345370593,"CAR[0,3]",0,3
656760,APO,apo-quarterly-earnings-nongaap-eps-11-04-2025-1pt9,APO,0.8-1.0,5,0.8150000000000001,2025-11-04T11:30:00Z,2025-11-03,2025-11-04,6,0.08210516878779255,"CAR[0,5]",0,5
656782,PJT,pjt-quarterly-earnings-nongaap-eps-11-04-2025-1pt4,PJT,0.8-1.0,5,0.9,2025-11-04T11:50:00Z,2025-11-03,2025-11-04,11,-0.075028285432428,"CAR[-5,5]",-5,5
656782,PJT,pjt-quarterly-earnings-nongaap-eps-11-04-2025-1pt4,PJT,0.8-1.0,5,0.9,2025-11-04T11:50:00Z,2025-11-03,2025-11-04,1,0.018114505772339987,AR[0],0,0
656782,PJT,pjt-quarterly-earnings-nongaap-eps-11-04-2025-1pt4,PJT,0.8-1.0,5,0.9,2025-11-04T11:50:00Z,2025-11-03,2025-11-04,2,0.0375528713769922,"CAR[0,1]",0,1
656782,PJT,pjt-quarterly-earnings-nongaap-eps-11-04-2025-1pt4,PJT,0.8-1.0,5,0.9,2025-11-04T11:50:00Z,2025-11-03,2025-11-04,4,0.04407190505231898,"CAR[0,3]",0,3
656782,PJT,pjt-quarterly-earnings-nongaap-eps-11-04-2025-1pt4,PJT,0.8-1.0,5,0.9,2025-11-04T11:50:00Z,2025-11-03,2025-11-04,6,0.03579778676514225,"CAR[0,5]",0,5
656803,EWCZ,ewcz-quarterly-earnings-gaap-eps-11-12-2025-0pt04,EWCZ.N,0.8-1.0,5,0.845,2025-11-12T11:00:01Z,2025-11-11,2025-11-12,11,0.0960774257861958,"CAR[-5,5]",-5,5
656803,EWCZ,ewcz-quarterly-earnings-gaap-eps-11-12-2025-0pt04,EWCZ.N,0.8-1.0,5,0.845,2025-11-12T11:00:01Z,2025-11-11,2025-11-12,1,0.1436430299388472,AR[0],0,0
656803,EWCZ,ewcz-quarterly-earnings-gaap-eps-11-12-2025-0pt04,EWCZ.N,0.8-1.0,5,0.845,2025-11-12T11:00:01Z,2025-11-11,2025-11-12,2,0.10970835192743464,"CAR[0,1]",0,1
656803,EWCZ,ewcz-quarterly-earnings-gaap-eps-11-12-2025-0pt04,EWCZ.N,0.8-1.0,5,0.845,2025-11-12T11:00:01Z,2025-11-11,2025-11-12,4,0.07192200304950616,"CAR[0,3]",0,3
656803,EWCZ,ewcz-quarterly-earnings-gaap-eps-11-12-2025-0pt04,EWCZ.N,0.8-1.0,5,0.845,2025-11-12T11:00:01Z,2025-11-11,2025-11-12,6,0.12664316684841748,"CAR[0,5]",0,5
656817,WING,wing-quarterly-earnings-gaap-eps-11-04-2025-0pt91,WING.N,0.8-1.0,5,0.835,2025-11-04T12:30:00Z,2025-11-03,2025-11-04,11,-0.05548254358634512,"CAR[-5,5]",-5,5
656817,WING,wing-quarterly-earnings-gaap-eps-11-04-2025-0pt91,WING.N,0.8-1.0,5,0.835,2025-11-04T12:30:00Z,2025-11-03,2025-11-04,1,0.11683003591691257,AR[0],0,0
656817,WING,wing-quarterly-earnings-gaap-eps-11-04-2025-0pt91,WING.N,0.8-1.0,5,0.835,2025-11-04T12:30:00Z,2025-11-03,2025-11-04,2,0.17918226075027877,"CAR[0,1]",0,1
656817,WING,wing-quarterly-earnings-gaap-eps-11-04-2025-0pt91,WING.N,0.8-1.0,5,0.835,2025-11-04T12:30:00Z,2025-11-03,2025-11-04,4,0.12933414638505517,"CAR[0,3]",0,3
656817,WING,wing-quarterly-earnings-gaap-eps-11-04-2025-0pt91,WING.N,0.8-1.0,5,0.835,2025-11-04T12:30:00Z,2025-11-03,2025-11-04,6,0.11430338665860267,"CAR[0,5]",0,5
656819,MPC,mpc-quarterly-earnings-gaap-eps-11-04-2025-3pt17,MPC,0.8-1.0,5,0.86,2025-11-04T11:30:01Z,2025-11-03,2025-11-04,11,0.01685079689299279,"CAR[-5,5]",-5,5
656819,MPC,mpc-quarterly-earnings-gaap-eps-11-04-2025-3pt17,MPC,0.8-1.0,5,0.86,2025-11-04T11:30:01Z,2025-11-03,2025-11-04,1,-0.049205608213357246,AR[0],0,0
656819,MPC,mpc-quarterly-earnings-gaap-eps-11-04-2025-3pt17,MPC,0.8-1.0,5,0.86,2025-11-04T11:30:01Z,2025-11-03,2025-11-04,2,-0.041169728863818325,"CAR[0,1]",0,1
656819,MPC,mpc-quarterly-earnings-gaap-eps-11-04-2025-3pt17,MPC,0.8-1.0,5,0.86,2025-11-04T11:30:01Z,2025-11-03,2025-11-04,4,0.008510115247938443,"CAR[0,3]",0,3
656819,MPC,mpc-quarterly-earnings-gaap-eps-11-04-2025-3pt17,MPC,0.8-1.0,5,0.86,2025-11-04T11:30:01Z,2025-11-03,2025-11-04,6,0.0197438758250029,"CAR[0,5]",0,5
656855,COP,cop-quarterly-earnings-nongaap-eps-11-06-2025-1pt41,COP,0.8-1.0,5,0.81,2025-11-06T13:30:00Z,2025-11-05,2025-11-06,11,0.04513923105854798,"CAR[-5,5]",-5,5
656855,COP,cop-quarterly-earnings-nongaap-eps-11-06-2025-1pt41,COP,0.8-1.0,5,0.81,2025-11-06T13:30:00Z,2025-11-05,2025-11-06,1,-0.010604862613790901,AR[0],0,0
656855,COP,cop-quarterly-earnings-nongaap-eps-11-06-2025-1pt41,COP,0.8-1.0,5,0.81,2025-11-06T13:30:00Z,2025-11-05,2025-11-06,2,0.0021175560903689532,"CAR[0,1]",0,1
656855,COP,cop-quarterly-earnings-nongaap-eps-11-06-2025-1pt41,COP,0.8-1.0,5,0.81,2025-11-06T13:30:00Z,2025-11-05,2025-11-06,4,0.02791228849448394,"CAR[0,3]",0,3
656855,COP,cop-quarterly-earnings-nongaap-eps-11-06-2025-1pt41,COP,0.8-1.0,5,0.81,2025-11-06T13:30:00Z,2025-11-05,2025-11-06,6,0.03226672116273463,"CAR[0,5]",0,5
656874,MNST,mnst-quarterly-earnings-gaap-eps-11-06-2025-0pt48,MNST.N,0.8-1.0,5,0.8,2025-11-06T21:10:01Z,2025-11-06,2025-11-07,11,0.06751382102057181,"CAR[-5,5]",-5,5
656874,MNST,mnst-quarterly-earnings-gaap-eps-11-06-2025-0pt48,MNST.N,0.8-1.0,5,0.8,2025-11-06T21:10:01Z,2025-11-06,2025-11-07,1,0.05000962637565486,AR[0],0,0
656874,MNST,mnst-quarterly-earnings-gaap-eps-11-06-2025-0pt48,MNST.N,0.8-1.0,5,0.8,2025-11-06T21:10:01Z,2025-11-06,2025-11-07,2,0.04601330545197654,"CAR[0,1]",0,1
656874,MNST,mnst-quarterly-earnings-gaap-eps-11-06-2025-0pt48,MNST.N,0.8-1.0,5,0.8,2025-11-06T21:10:01Z,2025-11-06,2025-11-07,4,0.05061109108542136,"CAR[0,3]",0,3
656874,MNST,mnst-quarterly-earnings-gaap-eps-11-06-2025-0pt48,MNST.N,0.8-1.0,5,0.8,2025-11-06T21:10:01Z,2025-11-06,2025-11-07,6,0.06826172411450951,"CAR[0,5]",0,5
656996,DDOG,ddog-quarterly-earnings-nongaap-eps-11-06-2025-0pt46,DDOG.N,0.8-1.0,5,0.8675,2025-11-06T12:00:09Z,2025-11-05,2025-11-06,11,0.22574867948511196,"CAR[-5,5]",-5,5
656996,DDOG,ddog-quarterly-earnings-nongaap-eps-11-06-2025-0pt46,DDOG.N,0.8-1.0,5,0.8675,2025-11-06T12:00:09Z,2025-11-05,2025-11-06,1,0.24654007362513353,AR[0],0,0
656996,DDOG,ddog-quarterly-earnings-nongaap-eps-11-06-2025-0pt46,DDOG.N,0.8-1.0,5,0.8675,2025-11-06T12:00:09Z,2025-11-05,2025-11-06,2,0.24596771717687227,"CAR[0,1]",0,1
656996,DDOG,ddog-quarterly-earnings-nongaap-eps-11-06-2025-0pt46,DDOG.N,0.8-1.0,5,0.8675,2025-11-06T12:00:09Z,2025-11-05,2025-11-06,4,0.2564698562231947,"CAR[0,3]",0,3
656996,DDOG,ddog-quarterly-earnings-nongaap-eps-11-06-2025-0pt46,DDOG.N,0.8-1.0,5,0.8675,2025-11-06T12:00:09Z,2025-11-05,2025-11-06,6,0.21531598094864574,"CAR[0,5]",0,5
657004,ED,ed-quarterly-earnings-nongaap-eps-11-06-2025-1pt75,ED,0.8-1.0,5,0.81,2025-11-06T21:36:57Z,2025-11-06,2025-11-07,11,0.03583681464061808,"CAR[-5,5]",-5,5
657004,ED,ed-quarterly-earnings-nongaap-eps-11-06-2025-1pt75,ED,0.8-1.0,5,0.81,2025-11-06T21:36:57Z,2025-11-06,2025-11-07,1,0.016017128802563157,AR[0],0,0
657004,ED,ed-quarterly-earnings-nongaap-eps-11-06-2025-1pt75,ED,0.8-1.0,5,0.81,2025-11-06T21:36:57Z,2025-11-06,2025-11-07,2,0.014606390665089638,"CAR[0,1]",0,1
657004,ED,ed-quarterly-earnings-nongaap-eps-11-06-2025-1pt75,ED,0.8-1.0,5,0.81,2025-11-06T21:36:57Z,2025-11-06,2025-11-07,4,0.03487280110737711,"CAR[0,3]",0,3
657004,ED,ed-quarterly-earnings-nongaap-eps-11-06-2025-1pt75,ED,0.8-1.0,5,0.81,2025-11-06T21:36:57Z,2025-11-06,2025-11-07,6,0.048329432197711214,"CAR[0,5]",0,5
657012,SNDK,sndk-quarterly-earnings-nongaap-eps-11-06-2025-0pt88,SNDK.N,0.8-1.0,5,0.8705,2025-11-06T21:05:02Z,2025-11-06,2025-11-07,11,0.2887243221386286,"CAR[-5,5]",-5,5
657012,SNDK,sndk-quarterly-earnings-nongaap-eps-11-06-2025-0pt88,SNDK.N,0.8-1.0,5,0.8705,2025-11-06T21:05:02Z,2025-11-06,2025-11-07,1,0.14823559071487089,AR[0],0,0
657012,SNDK,sndk-quarterly-earnings-nongaap-eps-11-06-2025-0pt88,SNDK.N,0.8-1.0,5,0.8705,2025-11-06T21:05:02Z,2025-11-06,2025-11-07,2,0.229181701508203,"CAR[0,1]",0,1
657012,SNDK,sndk-quarterly-earnings-nongaap-eps-11-06-2025-0pt88,SNDK.N,0.8-1.0,5,0.8705,2025-11-06T21:05:02Z,2025-11-06,2025-11-07,4,0.2716633598467307,"CAR[0,3]",0,3
657012,SNDK,sndk-quarterly-earnings-nongaap-eps-11-06-2025-0pt88,SNDK.N,0.8-1.0,5,0.8705,2025-11-06T21:05:02Z,2025-11-06,2025-11-07,6,0.20638375743336954,"CAR[0,5]",0,5
657013,RL,rl-quarterly-earnings-nongaap-eps-11-06-2025-3pt45,RL,0.8-1.0,5,0.86,2025-11-06T13:01:00Z,2025-11-05,2025-11-06,11,0.0510413091411857,"CAR[-5,5]",-5,5
657013,RL,rl-quarterly-earnings-nongaap-eps-11-06-2025-3pt45,RL,0.8-1.0,5,0.86,2025-11-06T13:01:00Z,2025-11-05,2025-11-06,1,0.01096017705617347,AR[0],0,0
657013,RL,rl-quarterly-earnings-nongaap-eps-11-06-2025-3pt45,RL,0.8-1.0,5,0.86,2025-11-06T13:01:00Z,2025-11-05,2025-11-06,2,0.03966900985742484,"CAR[0,1]",0,1
657013,RL,rl-quarterly-earnings-nongaap-eps-11-06-2025-3pt45,RL,0.8-1.0,5,0.86,2025-11-06T13:01:00Z,2025-11-05,2025-11-06,4,0.04150041675316584,"CAR[0,3]",0,3
657013,RL,rl-quarterly-earnings-nongaap-eps-11-06-2025-3pt45,RL,0.8-1.0,5,0.86,2025-11-06T13:01:00Z,2025-11-05,2025-11-06,6,0.06288044296632157,"CAR[0,5]",0,5
657018,USFD,usfd-quarterly-earnings-nongaap-eps-11-06-2025-1pt03,USFD.N,0.8-1.0,5,0.835,2025-11-06T11:45:00Z,2025-11-05,2025-11-06,11,0.007591702953147997,"CAR[-5,5]",-5,5
657018,USFD,usfd-quarterly-earnings-nongaap-eps-11-06-2025-1pt03,USFD.N,0.8-1.0,5,0.835,2025-11-06T11:45:00Z,2025-11-05,2025-11-06,1,-0.027162033005192765,AR[0],0,0
657018,USFD,usfd-quarterly-earnings-nongaap-eps-11-06-2025-1pt03,USFD.N,0.8-1.0,5,0.835,2025-11-06T11:45:00Z,2025-11-05,2025-11-06,2,9.611876931262947e-4,"CAR[0,1]",0,1
657018,USFD,usfd-quarterly-earnings-nongaap-eps-11-06-2025-1pt03,USFD.N,0.8-1.0,5,0.835,2025-11-06T11:45:00Z,2025-11-05,2025-11-06,4,-0.03168823575461545,"CAR[0,3]",0,3
657018,USFD,usfd-quarterly-earnings-nongaap-eps-11-06-2025-1pt03,USFD.N,0.8-1.0,5,0.835,2025-11-06T11:45:00Z,2025-11-05,2025-11-06,6,-0.018479681836402615,"CAR[0,5]",0,5
657072,H,h-quarterly-earnings-nongaap-eps-11-06-2025-0pt49,H,0.8-1.0,5,0.835,2025-11-06T11:55:00Z,2025-11-05,2025-11-06,11,0.10428814699801969,"CAR[-5,5]",-5,5
657072,H,h-quarterly-earnings-nongaap-eps-11-06-2025-0pt49,H,0.8-1.0,5,0.835,2025-11-06T11:55:00Z,2025-11-05,2025-11-06,1,0.0773810247750944,AR[0],0,0
657072,H,h-quarterly-earnings-nongaap-eps-11-06-2025-0pt49,H,0.8-1.0,5,0.835,2025-11-06T11:55:00Z,2025-11-05,2025-11-06,2,0.13792389256989496,"CAR[0,1]",0,1
657072,H,h-quarterly-earnings-nongaap-eps-11-06-2025-0pt49,H,0.8-1.0,5,0.835,2025-11-06T11:55:00Z,2025-11-05,2025-11-06,4,0.12279274328850552,"CAR[0,3]",0,3
657072,H,h-quarterly-earnings-nongaap-eps-11-06-2025-0pt49,H,0.8-1.0,5,0.835,2025-11-06T11:55:00Z,2025-11-05,2025-11-06,6,0.11943086621862435,"CAR[0,5]",0,5
657073,AKAM,akam-quarterly-earnings-nongaap-eps-11-06-2025-1pt64,AKAM.N,0.8-1.0,5,0.86,2025-11-06T21:01:00Z,2025-11-06,2025-11-07,11,0.20591899546261025,"CAR[-5,5]",-5,5
657073,AKAM,akam-quarterly-earnings-nongaap-eps-11-06-2025-1pt64,AKAM.N,0.8-1.0,5,0.86,2025-11-06T21:01:00Z,2025-11-06,2025-11-07,1,0.1465988416613282,AR[0],0,0
657073,AKAM,akam-quarterly-earnings-nongaap-eps-11-06-2025-1pt64,AKAM.N,0.8-1.0,5,0.86,2025-11-06T21:01:00Z,2025-11-06,2025-11-07,2,0.17046785721559135,"CAR[0,1]",0,1
657073,AKAM,akam-quarterly-earnings-nongaap-eps-11-06-2025-1pt64,AKAM.N,0.8-1.0,5,0.86,2025-11-06T21:01:00Z,2025-11-06,2025-11-07,4,0.2052970111753097,"CAR[0,3]",0,3
657073,AKAM,akam-quarterly-earnings-nongaap-eps-11-06-2025-1pt64,AKAM.N,0.8-1.0,5,0.86,2025-11-06T21:01:00Z,2025-11-06,2025-11-07,6,0.1947903892410037,"CAR[0,5]",0,5
657079,MRNA,mrna-quarterly-earnings-gaap-eps-11-06-2025-neg2pt18,MRNA.N,0.8-1.0,5,0.85,2025-11-06T13:30:00Z,2025-11-05,2025-11-06,11,0.07884090086621175,"CAR[-5,5]",-5,5
657079,MRNA,mrna-quarterly-earnings-gaap-eps-11-06-2025-neg2pt18,MRNA.N,0.8-1.0,5,0.85,2025-11-06T13:30:00Z,2025-11-05,2025-11-06,1,0.04919616501704635,AR[0],0,0
657079,MRNA,mrna-quarterly-earnings-gaap-eps-11-06-2025-neg2pt18,MRNA.N,0.8-1.0,5,0.85,2025-11-06T13:30:00Z,2025-11-05,2025-11-06,2,0.059966429103864724,"CAR[0,1]",0,1
657079,MRNA,mrna-quarterly-earnings-gaap-eps-11-06-2025-neg2pt18,MRNA.N,0.8-1.0,5,0.85,2025-11-06T13:30:00Z,2025-11-05,2025-11-06,4,0.1159893734082283,"CAR[0,3]",0,3
657079,MRNA,mrna-quarterly-earnings-gaap-eps-11-06-2025-neg2pt18,MRNA.N,0.8-1.0,5,0.85,2025-11-06T13:30:00Z,2025-11-05,2025-11-06,6,0.08606608021049238,"CAR[0,5]",0,5
657080,DBX,dbx-quarterly-earnings-nongaap-eps-11-06-2025-0pt65,DBX.N,0.8-1.0,5,0.935,2025-11-06T21:04:00Z,2025-11-06,2025-11-07,11,0.06025200351160803,"CAR[-5,5]",-5,5
657080,DBX,dbx-quarterly-earnings-nongaap-eps-11-06-2025-0pt65,DBX.N,0.8-1.0,5,0.935,2025-11-06T21:04:00Z,2025-11-06,2025-11-07,1,0.07425537220925414,AR[0],0,0
657080,DBX,dbx-quarterly-earnings-nongaap-eps-11-06-2025-0pt65,DBX.N,0.8-1.0,5,0.935,2025-11-06T21:04:00Z,2025-11-06,2025-11-07,2,0.0502737965738415,"CAR[0,1]",0,1
657080,DBX,dbx-quarterly-earnings-nongaap-eps-11-06-2025-0pt65,DBX.N,0.8-1.0,5,0.935,2025-11-06T21:04:00Z,2025-11-06,2025-11-07,4,0.05668429047392236,"CAR[0,3]",0,3
657080,DBX,dbx-quarterly-earnings-nongaap-eps-11-06-2025-0pt65,DBX.N,0.8-1.0,5,0.935,2025-11-06T21:04:00Z,2025-11-06,2025-11-07,6,0.05357912236788327,"CAR[0,5]",0,5
657295,ICUI,icui-quarterly-earnings-nongaap-eps-11-06-2025-1pt43,ICUI.N,0.8-1.0,5,0.8300000000000001,2025-11-06T21:00:00Z,2025-11-06,2025-11-07,11,0.1658815404222217,"CAR[-5,5]",-5,5
657295,ICUI,icui-quarterly-earnings-nongaap-eps-11-06-2025-1pt43,ICUI.N,0.8-1.0,5,0.8300000000000001,2025-11-06T21:00:00Z,2025-11-06,2025-11-07,1,0.07628356488106411,AR[0],0,0
657295,ICUI,icui-quarterly-earnings-nongaap-eps-11-06-2025-1pt43,ICUI.N,0.8-1.0,5,0.8300000000000001,2025-11-06T21:00:00Z,2025-11-06,2025-11-07,2,0.056761814368517745,"CAR[0,1]",0,1
657295,ICUI,icui-quarterly-earnings-nongaap-eps-11-06-2025-1pt43,ICUI.N,0.8-1.0,5,0.8300000000000001,2025-11-06T21:00:00Z,2025-11-06,2025-11-07,4,0.055080335466137505,"CAR[0,3]",0,3
657295,ICUI,icui-quarterly-earnings-nongaap-eps-11-06-2025-1pt43,ICUI.N,0.8-1.0,5,0.8300000000000001,2025-11-06T21:00:00Z,2025-11-06,2025-11-07,6,0.059967052282026624,"CAR[0,5]",0,5
657445,AMD,amd-quarterly-earnings-nongaap-eps-11-04-2025-1pt17,AMD.N,0.8-1.0,5,0.9185,2025-11-04T21:15:02Z,2025-11-04,2025-11-05,11,0.005401490740402092,"CAR[-5,5]",-5,5
657445,AMD,amd-quarterly-earnings-nongaap-eps-11-04-2025-1pt17,AMD.N,0.8-1.0,5,0.9185,2025-11-04T21:15:02Z,2025-11-04,2025-11-05,1,0.014995599691013214,AR[0],0,0
657445,AMD,amd-quarterly-earnings-nongaap-eps-11-04-2025-1pt17,AMD.N,0.8-1.0,5,0.9185,2025-11-04T21:15:02Z,2025-11-04,2025-11-05,2,-0.03705736683370592,"CAR[0,1]",0,1
657445,AMD,amd-quarterly-earnings-nongaap-eps-11-04-2025-1pt17,AMD.N,0.8-1.0,5,0.9185,2025-11-04T21:15:02Z,2025-11-04,2025-11-05,4,-0.047450840974171085,"CAR[0,3]",0,3
657445,AMD,amd-quarterly-earnings-nongaap-eps-11-04-2025-1pt17,AMD.N,0.8-1.0,5,0.9185,2025-11-04T21:15:02Z,2025-11-04,2025-11-05,6,0.006339887081905204,"CAR[0,5]",0,5
657454,SHOP,shop-quarterly-earnings-gaap-eps-11-04-2025-0pt25,SHOP.N,0.8-1.0,5,0.856,2025-11-04T12:01:37Z,2025-11-03,2025-11-04,11,-0.09828698197332808,"CAR[-5,5]",-5,5
657454,SHOP,shop-quarterly-earnings-gaap-eps-11-04-2025-0pt25,SHOP.N,0.8-1.0,5,0.856,2025-11-04T12:01:37Z,2025-11-03,2025-11-04,1,-0.040465632865779505,AR[0],0,0
657454,SHOP,shop-quarterly-earnings-gaap-eps-11-04-2025-0pt25,SHOP.N,0.8-1.0,5,0.856,2025-11-04T12:01:37Z,2025-11-03,2025-11-04,2,-0.03755025866870669,"CAR[0,1]",0,1
657454,SHOP,shop-quarterly-earnings-gaap-eps-11-04-2025-0pt25,SHOP.N,0.8-1.0,5,0.856,2025-11-04T12:01:37Z,2025-11-03,2025-11-04,4,-0.08471892336372452,"CAR[0,3]",0,3
657454,SHOP,shop-quarterly-earnings-gaap-eps-11-04-2025-0pt25,SHOP.N,0.8-1.0,5,0.856,2025-11-04T12:01:37Z,2025-11-03,2025-11-04,6,-0.08153001727021804,"CAR[0,5]",0,5
658478,USAR,usar-quarterly-earnings-nongaap-eps-11-06-2025-neg0pt07,USAR.N,0.8-1.0,5,0.86,2025-11-06T21:00:00Z,2025-11-06,2025-11-07,11,-0.37615961783307855,"CAR[-5,5]",-5,5
658478,USAR,usar-quarterly-earnings-nongaap-eps-11-06-2025-neg0pt07,USAR.N,0.8-1.0,5,0.86,2025-11-06T21:00:00Z,2025-11-06,2025-11-07,1,0.0927489117277493,AR[0],0,0
658478,USAR,usar-quarterly-earnings-nongaap-eps-11-06-2025-neg0pt07,USAR.N,0.8-1.0,5,0.86,2025-11-06T21:00:00Z,2025-11-06,2025-11-07,2,0.0875138026700637,"CAR[0,1]",0,1
658478,USAR,usar-quarterly-earnings-nongaap-eps-11-06-2025-neg0pt07,USAR.N,0.8-1.0,5,0.86,2025-11-06T21:00:00Z,2025-11-06,2025-11-07,4,0.058013116106801293,"CAR[0,3]",0,3
658478,USAR,usar-quarterly-earnings-nongaap-eps-11-06-2025-neg0pt07,USAR.N,0.8-1.0,5,0.86,2025-11-06T21:00:00Z,2025-11-06,2025-11-07,6,-0.11779870870810122,"CAR[0,5]",0,5
658481,MRX,mrx-quarterly-earnings-nongaap-eps-11-06-2025-0pt94,MRX.OQ,0.8-1.0,5,0.925,2025-11-06T12:00:06Z,2025-11-05,2025-11-06,11,0.15733226866160174,"CAR[-5,5]",-5,5
658481,MRX,mrx-quarterly-earnings-nongaap-eps-11-06-2025-0pt94,MRX.OQ,0.8-1.0,5,0.925,2025-11-06T12:00:06Z,2025-11-05,2025-11-06,1,0.05958964423762456,AR[0],0,0
658481,MRX,mrx-quarterly-earnings-nongaap-eps-11-06-2025-0pt94,MRX.OQ,0.8-1.0,5,0.925,2025-11-06T12:00:06Z,2025-11-05,2025-11-06,2,0.10556102135492898,"CAR[0,1]",0,1
658481,MRX,mrx-quarterly-earnings-nongaap-eps-11-06-2025-0pt94,MRX.OQ,0.8-1.0,5,0.925,2025-11-06T12:00:06Z,2025-11-05,2025-11-06,4,0.12296862317567478,"CAR[0,3]",0,3
658481,MRX,mrx-quarterly-earnings-nongaap-eps-11-06-2025-0pt94,MRX.OQ,0.8-1.0,5,0.925,2025-11-06T12:00:06Z,2025-11-05,2025-11-06,6,0.1427379676630835,"CAR[0,5]",0,5
658488,TRIP,trip-quarterly-earnings-nongaap-eps-11-06-2025-0pt55,TRIP.N,0.8-1.0,5,0.845,2025-11-06T12:05:00Z,2025-11-05,2025-11-06,11,-0.03144366067185413,"CAR[-5,5]",-5,5
658488,TRIP,trip-quarterly-earnings-nongaap-eps-11-06-2025-0pt55,TRIP.N,0.8-1.0,5,0.845,2025-11-06T12:05:00Z,2025-11-05,2025-11-06,1,0.02063203541313385,AR[0],0,0
658488,TRIP,trip-quarterly-earnings-nongaap-eps-11-06-2025-0pt55,TRIP.N,0.8-1.0,5,0.845,2025-11-06T12:05:00Z,2025-11-05,2025-11-06,2,0.015518112432665406,"CAR[0,1]",0,1
658488,TRIP,trip-quarterly-earnings-nongaap-eps-11-06-2025-0pt55,TRIP.N,0.8-1.0,5,0.845,2025-11-06T12:05:00Z,2025-11-05,2025-11-06,4,-0.013426113711663728,"CAR[0,3]",0,3
658488,TRIP,trip-quarterly-earnings-nongaap-eps-11-06-2025-0pt55,TRIP.N,0.8-1.0,5,0.845,2025-11-06T12:05:00Z,2025-11-05,2025-11-06,6,-0.02675113944979408,"CAR[0,5]",0,5
658568,KKR,kkr-quarterly-earnings-nongaap-eps-11-07-2025-1pt29,KKR,0.8-1.0,5,0.9,2025-11-07T13:30:00Z,2025-11-06,2025-11-07,11,0.05602068161182491,"CAR[-5,5]",-5,5
658568,KKR,kkr-quarterly-earnings-nongaap-eps-11-07-2025-1pt29,KKR,0.8-1.0,5,0.9,2025-11-07T13:30:00Z,2025-11-06,2025-11-07,1,0.01570828638672753,AR[0],0,0
658568,KKR,kkr-quarterly-earnings-nongaap-eps-11-07-2025-1pt29,KKR,0.8-1.0,5,0.9,2025-11-07T13:30:00Z,2025-11-06,2025-11-07,2,-0.02354790852043245,"CAR[0,1]",0,1
658568,KKR,kkr-quarterly-earnings-nongaap-eps-11-07-2025-1pt29,KKR,0.8-1.0,5,0.9,2025-11-07T13:30:00Z,2025-11-06,2025-11-07,4,-0.0016883486714850682,"CAR[0,3]",0,3
658568,KKR,kkr-quarterly-earnings-nongaap-eps-11-07-2025-1pt29,KKR,0.8-1.0,5,0.9,2025-11-07T13:30:00Z,2025-11-06,2025-11-07,6,0.009288309169987241,"CAR[0,5]",0,5
658589,CELH,celh-quarterly-earnings-gaap-eps-11-06-2025-0pt26,CELH.N,0.8-1.0,5,0.845,2025-11-06T11:00:00Z,2025-11-05,2025-11-06,11,-0.3202820561049639,"CAR[-5,5]",-5,5
658589,CELH,celh-quarterly-earnings-gaap-eps-11-06-2025-0pt26,CELH.N,0.8-1.0,5,0.845,2025-11-06T11:00:00Z,2025-11-05,2025-11-06,1,-0.24463023239395418,AR[0],0,0
658589,CELH,celh-quarterly-earnings-gaap-eps-11-06-2025-0pt26,CELH.N,0.8-1.0,5,0.845,2025-11-06T11:00:00Z,2025-11-05,2025-11-06,2,-0.32771659337188974,"CAR[0,1]",0,1
658589,CELH,celh-quarterly-earnings-gaap-eps-11-06-2025-0pt26,CELH.N,0.8-1.0,5,0.845,2025-11-06T11:00:00Z,2025-11-05,2025-11-06,4,-0.29661140442602274,"CAR[0,3]",0,3
658589,CELH,celh-quarterly-earnings-gaap-eps-11-06-2025-0pt26,CELH.N,0.8-1.0,5,0.845,2025-11-06T11:00:00Z,2025-11-05,2025-11-06,6,-0.28586083747290447,"CAR[0,5]",0,5
658619,BEN,ben-quarterly-earnings-nongaap-eps-11-07-2025-0pt59,BEN,0.8-1.0,5,0.8150000000000001,2025-11-07T13:30:00Z,2025-11-06,2025-11-07,11,-0.012544849624869122,"CAR[-5,5]",-5,5
658619,BEN,ben-quarterly-earnings-nongaap-eps-11-07-2025-0pt59,BEN,0.8-1.0,5,0.8150000000000001,2025-11-07T13:30:00Z,2025-11-06,2025-11-07,1,-0.04548668508005936,AR[0],0,0
658619,BEN,ben-quarterly-earnings-nongaap-eps-11-07-2025-0pt59,BEN,0.8-1.0,5,0.8150000000000001,2025-11-07T13:30:00Z,2025-11-06,2025-11-07,2,-0.0499359486057485,"CAR[0,1]",0,1
658619,BEN,ben-quarterly-earnings-nongaap-eps-11-07-2025-0pt59,BEN,0.8-1.0,5,0.8150000000000001,2025-11-07T13:30:00Z,2025-11-06,2025-11-07,4,-0.02997052780980542,"CAR[0,3]",0,3
658619,BEN,ben-quarterly-earnings-nongaap-eps-11-07-2025-0pt59,BEN,0.8-1.0,5,0.8150000000000001,2025-11-07T13:30:00Z,2025-11-06,2025-11-07,6,-0.0495654255013954,"CAR[0,5]",0,5
667880,OXY,oxy-quarterly-earnings-nongaap-eps-11-10-2025-0pt51,OXY,0.8-1.0,5,0.925,2025-11-10T21:15:00Z,2025-11-10,2025-11-11,11,0.08346780743784382,"CAR[-5,5]",-5,5
667880,OXY,oxy-quarterly-earnings-nongaap-eps-11-10-2025-0pt51,OXY,0.8-1.0,5,0.925,2025-11-10T21:15:00Z,2025-11-10,2025-11-11,1,-5.375976484398464e-4,AR[0],0,0
667880,OXY,oxy-quarterly-earnings-nongaap-eps-11-10-2025-0pt51,OXY,0.8-1.0,5,0.925,2025-11-10T21:15:00Z,2025-11-10,2025-11-11,2,0.0012274104522729495,"CAR[0,1]",0,1
667880,OXY,oxy-quarterly-earnings-nongaap-eps-11-10-2025-0pt51,OXY,0.8-1.0,5,0.925,2025-11-10T21:15:00Z,2025-11-10,2025-11-11,4,0.04079904357043983,"CAR[0,3]",0,3
667880,OXY,oxy-quarterly-earnings-nongaap-eps-11-10-2025-0pt51,OXY,0.8-1.0,5,0.925,2025-11-10T21:15:00Z,2025-11-10,2025-11-11,6,0.055894364760298625,"CAR[0,5]",0,5
667887,TSN,tsn-quarterly-earnings-nongaap-eps-11-10-2025-0pt83,TSN,0.8-1.0,5,0.8250000000000001,2025-11-10T12:30:00Z,2025-11-07,2025-11-10,11,0.05450324645556876,"CAR[-5,5]",-5,5
667887,TSN,tsn-quarterly-earnings-nongaap-eps-11-10-2025-0pt83,TSN,0.8-1.0,5,0.8250000000000001,2025-11-10T12:30:00Z,2025-11-07,2025-11-10,1,0.018841804107802545,AR[0],0,0
667887,TSN,tsn-quarterly-earnings-nongaap-eps-11-10-2025-0pt83,TSN,0.8-1.0,5,0.8250000000000001,2025-11-10T12:30:00Z,2025-11-07,2025-11-10,2,0.04906363796233918,"CAR[0,1]",0,1
667887,TSN,tsn-quarterly-earnings-nongaap-eps-11-10-2025-0pt83,TSN,0.8-1.0,5,0.8250000000000001,2025-11-10T12:30:00Z,2025-11-07,2025-11-10,4,0.03511950216495243,"CAR[0,3]",0,3
667887,TSN,tsn-quarterly-earnings-nongaap-eps-11-10-2025-0pt83,TSN,0.8-1.0,5,0.8250000000000001,2025-11-10T12:30:00Z,2025-11-07,2025-11-10,6,0.01865263021894355,"CAR[0,5]",0,5
668446,REAL,real-quarterly-earnings-nongaap-eps-11-10-2025-neg0pt06,REAL.N,0.8-1.0,5,0.845,2025-11-10T21:05:01Z,2025-11-10,2025-11-11,11,0.2109663886645044,"CAR[-5,5]",-5,5
668446,REAL,real-quarterly-earnings-nongaap-eps-11-10-2025-neg0pt06,REAL.N,0.8-1.0,5,0.845,2025-11-10T21:05:01Z,2025-11-10,2025-11-11,1,0.36567916520606175,AR[0],0,0
668446,REAL,real-quarterly-earnings-nongaap-eps-11-10-2025-neg0pt06,REAL.N,0.8-1.0,5,0.845,2025-11-10T21:05:01Z,2025-11-10,2025-11-11,2,0.31597122072908324,"CAR[0,1]",0,1
668446,REAL,real-quarterly-earnings-nongaap-eps-11-10-2025-neg0pt06,REAL.N,0.8-1.0,5,0.845,2025-11-10T21:05:01Z,2025-11-10,2025-11-11,4,0.27114506347480355,"CAR[0,3]",0,3
668446,REAL,real-quarterly-earnings-nongaap-eps-11-10-2025-neg0pt06,REAL.N,0.8-1.0,5,0.845,2025-11-10T21:05:01Z,2025-11-10,2025-11-11,6,0.2775799495093,"CAR[0,5]",0,5
668459,FLUT,flut-quarterly-earnings-nongaap-eps-11-12-2025-0pt53,FLUT.N,0.8-1.0,5,0.875,2025-11-12T21:05:00Z,2025-11-12,2025-11-13,11,-0.05141521774176984,"CAR[-5,5]",-5,5
668459,FLUT,flut-quarterly-earnings-nongaap-eps-11-12-2025-0pt53,FLUT.N,0.8-1.0,5,0.875,2025-11-12T21:05:00Z,2025-11-12,2025-11-13,1,-0.12370203101025766,AR[0],0,0
668459,FLUT,flut-quarterly-earnings-nongaap-eps-11-12-2025-0pt53,FLUT.N,0.8-1.0,5,0.875,2025-11-12T21:05:00Z,2025-11-12,2025-11-13,2,-0.13427623692210525,"CAR[0,1]",0,1
668459,FLUT,flut-quarterly-earnings-nongaap-eps-11-12-2025-0pt53,FLUT.N,0.8-1.0,5,0.875,2025-11-12T21:05:00Z,2025-11-12,2025-11-13,4,-0.14017894247356227,"CAR[0,3]",0,3
668459,FLUT,flut-quarterly-earnings-nongaap-eps-11-12-2025-0pt53,FLUT.N,0.8-1.0,5,0.875,2025-11-12T21:05:00Z,2025-11-12,2025-11-13,6,-0.1290303201704934,"CAR[0,5]",0,5
668475,PXLW,pxlw-quarterly-earnings-nongaap-eps-11-11-2025-neg0pt86,PXLW.OQ,0.8-1.0,5,0.875,2025-11-11T21:05:00Z,2025-11-11,2025-11-12,11,-0.0467363588518275,"CAR[-5,5]",-5,5
668475,PXLW,pxlw-quarterly-earnings-nongaap-eps-11-11-2025-neg0pt86,PXLW.OQ,0.8-1.0,5,0.875,2025-11-11T21:05:00Z,2025-11-11,2025-11-12,1,0.020263109717254913,AR[0],0,0
668475,PXLW,pxlw-quarterly-earnings-nongaap-eps-11-11-2025-neg0pt86,PXLW.OQ,0.8-1.0,5,0.875,2025-11-11T21:05:00Z,2025-11-11,2025-11-12,2,-0.011969777247237242,"CAR[0,1]",0,1
668475,PXLW,pxlw-quarterly-earnings-nongaap-eps-11-11-2025-neg0pt86,PXLW.OQ,0.8-1.0,5,0.875,2025-11-11T21:05:00Z,2025-11-11,2025-11-12,4,-0.04297321729180542,"CAR[0,3]",0,3
668475,PXLW,pxlw-quarterly-earnings-nongaap-eps-11-11-2025-neg0pt86,PXLW.OQ,0.8-1.0,5,0.875,2025-11-11T21:05:00Z,2025-11-11,2025-11-12,6,-0.046895388286000025,"CAR[0,5]",0,5
668496,CSCO,csco-quarterly-earnings-nongaap-eps-11-12-2025-0pt98,CSCO.N,0.8-1.0,5,0.935,2025-11-12T21:05:00Z,2025-11-12,2025-11-13,11,0.0894055292825282,"CAR[-5,5]",-5,5
668496,CSCO,csco-quarterly-earnings-nongaap-eps-11-12-2025-0pt98,CSCO.N,0.8-1.0,5,0.935,2025-11-12T21:05:00Z,2025-11-12,2025-11-13,1,0.062439082317683026,AR[0],0,0
668496,CSCO,csco-quarterly-earnings-nongaap-eps-11-12-2025-0pt98,CSCO.N,0.8-1.0,5,0.935,2025-11-12T21:05:00Z,2025-11-12,2025-11-13,2,0.07125801226164225,"CAR[0,1]",0,1
668496,CSCO,csco-quarterly-earnings-nongaap-eps-11-12-2025-0pt98,CSCO.N,0.8-1.0,5,0.935,2025-11-12T21:05:00Z,2025-11-12,2025-11-13,4,0.08044963016091128,"CAR[0,3]",0,3
668496,CSCO,csco-quarterly-earnings-nongaap-eps-11-12-2025-0pt98,CSCO.N,0.8-1.0,5,0.935,2025-11-12T21:05:00Z,2025-11-12,2025-11-13,6,0.06864938369058723,"CAR[0,5]",0,5
668497,DIS,dis-quarterly-earnings-nongaap-eps-11-13-2025-1pt02,DIS,0.8-1.0,5,0.865,2025-11-13T11:40:00Z,2025-11-12,2025-11-13,11,-0.02124958443261786,"CAR[-5,5]",-5,5
668497,DIS,dis-quarterly-earnings-nongaap-eps-11-13-2025-1pt02,DIS,0.8-1.0,5,0.865,2025-11-13T11:40:00Z,2025-11-12,2025-11-13,1,-0.05646550556411787,AR[0],0,0
668497,DIS,dis-quarterly-earnings-nongaap-eps-11-13-2025-1pt02,DIS,0.8-1.0,5,0.865,2025-11-13T11:40:00Z,2025-11-12,2025-11-13,2,-0.07184844605945466,"CAR[0,1]",0,1
668497,DIS,dis-quarterly-earnings-nongaap-eps-11-13-2025-1pt02,DIS,0.8-1.0,5,0.865,2025-11-13T11:40:00Z,2025-11-12,2025-11-13,4,-0.044397935901164295,"CAR[0,3]",0,3
668497,DIS,dis-quarterly-earnings-nongaap-eps-11-13-2025-1pt02,DIS,0.8-1.0,5,0.865,2025-11-13T11:40:00Z,2025-11-12,2025-11-13,6,-0.06230061439907119,"CAR[0,5]",0,5
668506,AMAT,amat-quarterly-earnings-nongaap-eps-11-13-2025-2pt1,AMAT.N,0.8-1.0,5,0.93,2025-11-13T21:01:02Z,2025-11-13,2025-11-14,11,-0.020696948523078802,"CAR[-5,5]",-5,5
668506,AMAT,amat-quarterly-earnings-nongaap-eps-11-13-2025-2pt1,AMAT.N,0.8-1.0,5,0.93,2025-11-13T21:01:02Z,2025-11-13,2025-11-14,1,0.012280750196970763,AR[0],0,0
668506,AMAT,amat-quarterly-earnings-nongaap-eps-11-13-2025-2pt1,AMAT.N,0.8-1.0,5,0.93,2025-11-13T21:01:02Z,2025-11-13,2025-11-14,2,0.036845210961236205,"CAR[0,1]",0,1
668506,AMAT,amat-quarterly-earnings-nongaap-eps-11-13-2025-2pt1,AMAT.N,0.8-1.0,5,0.93,2025-11-13T21:01:02Z,2025-11-13,2025-11-14,4,0.07235710317392283,"CAR[0,3]",0,3
668506,AMAT,amat-quarterly-earnings-nongaap-eps-11-13-2025-2pt1,AMAT.N,0.8-1.0,5,0.93,2025-11-13T21:01:02Z,2025-11-13,2025-11-14,6,0.03209764786915785,"CAR[0,5]",0,5
668512,GAMB,gamb-quarterly-earnings-nongaap-eps-11-13-2025-0pt16,GAMB.OQ,0.8-1.0,5,0.87,2025-11-13T12:00:00Z,2025-11-12,2025-11-13,11,-0.28293391647437016,"CAR[-5,5]",-5,5
668512,GAMB,gamb-quarterly-earnings-nongaap-eps-11-13-2025-0pt16,GAMB.OQ,0.8-1.0,5,0.87,2025-11-13T12:00:00Z,2025-11-12,2025-11-13,1,-0.2083715194347875,AR[0],0,0
668512,GAMB,gamb-quarterly-earnings-nongaap-eps-11-13-2025-0pt16,GAMB.OQ,0.8-1.0,5,0.87,2025-11-13T12:00:00Z,2025-11-12,2025-11-13,2,-0.20594544515882657,"CAR[0,1]",0,1
668512,GAMB,gamb-quarterly-earnings-nongaap-eps-11-13-2025-0pt16,GAMB.OQ,0.8-1.0,5,0.87,2025-11-13T12:00:00Z,2025-11-12,2025-11-13,4,-0.25233938025682207,"CAR[0,3]",0,3
668512,GAMB,gamb-quarterly-earnings-nongaap-eps-11-13-2025-0pt16,GAMB.OQ,0.8-1.0,5,0.87,2025-11-13T12:00:00Z,2025-11-12,2025-11-13,6,-0.2706450062332713,"CAR[0,5]",0,5
668514,SPCE,spce-quarterly-earnings-gaap-eps-11-13-2025-neg1pt5,SPCE.N,0.8-1.0,5,0.925,2025-11-13T21:05:00Z,2025-11-13,2025-11-14,11,-0.05498779709005333,"CAR[-5,5]",-5,5
668514,SPCE,spce-quarterly-earnings-gaap-eps-11-13-2025-neg1pt5,SPCE.N,0.8-1.0,5,0.925,2025-11-13T21:05:00Z,2025-11-13,2025-11-14,1,0.10673144511516826,AR[0],0,0
668514,SPCE,spce-quarterly-earnings-gaap-eps-11-13-2025-neg1pt5,SPCE.N,0.8-1.0,5,0.925,2025-11-13T21:05:00Z,2025-11-13,2025-11-14,2,0.09101501460322561,"CAR[0,1]",0,1
668514,SPCE,spce-quarterly-earnings-gaap-eps-11-13-2025-neg1pt5,SPCE.N,0.8-1.0,5,0.925,2025-11-13T21:05:00Z,2025-11-13,2025-11-14,4,0.0576016910186794,"CAR[0,3]",0,3
668514,SPCE,spce-quarterly-earnings-gaap-eps-11-13-2025-neg1pt5,SPCE.N,0.8-1.0,5,0.925,2025-11-13T21:05:00Z,2025-11-13,2025-11-14,6,0.036226214476974154,"CAR[0,5]",0,5
674909,WSM,wsm-quarterly-earnings-gaap-eps-11-19-2025-1pt86,WSM,0.8-1.0,5,0.8250000000000001,2025-11-19T14:00:02Z,2025-11-18,2025-11-19,11,-0.039952877869017335,"CAR[-5,5]",-5,5
674909,WSM,wsm-quarterly-earnings-gaap-eps-11-19-2025-1pt86,WSM,0.8-1.0,5,0.8250000000000001,2025-11-19T14:00:02Z,2025-11-18,2025-11-19,1,-0.03871726276290341,AR[0],0,0
674909,WSM,wsm-quarterly-earnings-gaap-eps-11-19-2025-1pt86,WSM,0.8-1.0,5,0.8250000000000001,2025-11-19T14:00:02Z,2025-11-18,2025-11-19,2,-0.027527338491004933,"CAR[0,1]",0,1
674909,WSM,wsm-quarterly-earnings-gaap-eps-11-19-2025-1pt86,WSM,0.8-1.0,5,0.8250000000000001,2025-11-19T14:00:02Z,2025-11-18,2025-11-19,4,-0.055188782876274683,"CAR[0,3]",0,3
674909,WSM,wsm-quarterly-earnings-gaap-eps-11-19-2025-1pt86,WSM,0.8-1.0,5,0.8250000000000001,2025-11-19T14:00:02Z,2025-11-18,2025-11-19,6,-0.03474091704665175,"CAR[0,5]",0,5
674910,WWD,wwd-quarterly-earnings-gaap-eps-11-24-2025-1pt88,WWD.N,0.8-1.0,5,0.915,2025-11-24T21:00:00Z,2025-11-24,2025-11-25,11,0.08008248571737485,"CAR[-5,5]",-5,5
674910,WWD,wwd-quarterly-earnings-gaap-eps-11-24-2025-1pt88,WWD.N,0.8-1.0,5,0.915,2025-11-24T21:00:00Z,2025-11-24,2025-11-25,1,0.11415395146016268,AR[0],0,0
674910,WWD,wwd-quarterly-earnings-gaap-eps-11-24-2025-1pt88,WWD.N,0.8-1.0,5,0.915,2025-11-24T21:00:00Z,2025-11-24,2025-11-25,2,0.12051961618449684,"CAR[0,1]",0,1
674910,WWD,wwd-quarterly-earnings-gaap-eps-11-24-2025-1pt88,WWD.N,0.8-1.0,5,0.915,2025-11-24T21:00:00Z,2025-11-24,2025-11-25,4,0.12598447643276547,"CAR[0,3]",0,3
674910,WWD,wwd-quarterly-earnings-gaap-eps-11-24-2025-1pt88,WWD.N,0.8-1.0,5,0.915,2025-11-24T21:00:00Z,2025-11-24,2025-11-25,6,0.0880684205338117,"CAR[0,5]",0,5
674922,PD,pd-quarterly-earnings-nongaap-eps-11-25-2025-0pt25,PD,0.8-1.0,5,0.94,2025-11-25T21:05:00Z,2025-11-25,2025-11-26,11,-0.2186684019821142,"CAR[-5,5]",-5,5
674922,PD,pd-quarterly-earnings-nongaap-eps-11-25-2025-0pt25,PD,0.8-1.0,5,0.94,2025-11-25T21:05:00Z,2025-11-25,2025-11-26,1,-0.2407283738310803,AR[0],0,0
674922,PD,pd-quarterly-earnings-nongaap-eps-11-25-2025-0pt25,PD,0.8-1.0,5,0.94,2025-11-25T21:05:00Z,2025-11-25,2025-11-26,2,-0.21505470259468545,"CAR[0,1]",0,1
674922,PD,pd-quarterly-earnings-nongaap-eps-11-25-2025-0pt25,PD,0.8-1.0,5,0.94,2025-11-25T21:05:00Z,2025-11-25,2025-11-26,4,-0.22829726730775513,"CAR[0,3]",0,3
674922,PD,pd-quarterly-earnings-nongaap-eps-11-25-2025-0pt25,PD,0.8-1.0,5,0.94,2025-11-25T21:05:00Z,2025-11-25,2025-11-26,6,-0.20505377876097888,"CAR[0,5]",0,5
674923,BURL,burl-quarterly-earnings-gaap-eps-11-25-2025-1pt55,BURL.N,0.8-1.0,5,0.84,2025-11-25T11:45:00Z,2025-11-24,2025-11-25,11,-0.11784561707933065,"CAR[-5,5]",-5,5
674923,BURL,burl-quarterly-earnings-gaap-eps-11-25-2025-1pt55,BURL.N,0.8-1.0,5,0.84,2025-11-25T11:45:00Z,2025-11-24,2025-11-25,1,-0.13386595989398906,AR[0],0,0
674923,BURL,burl-quarterly-earnings-gaap-eps-11-25-2025-1pt55,BURL.N,0.8-1.0,5,0.84,2025-11-25T11:45:00Z,2025-11-24,2025-11-25,2,-0.0985238587513797,"CAR[0,1]",0,1
674923,BURL,burl-quarterly-earnings-gaap-eps-11-25-2025-1pt55,BURL.N,0.8-1.0,5,0.84,2025-11-25T11:45:00Z,2025-11-24,2025-11-25,4,-0.16957602219512097,"CAR[0,3]",0,3
674923,BURL,burl-quarterly-earnings-gaap-eps-11-25-2025-1pt55,BURL.N,0.8-1.0,5,0.84,2025-11-25T11:45:00Z,2025-11-24,2025-11-25,6,-0.15003779759622346,"CAR[0,5]",0,5
675008,ACM,acm-quarterly-earnings-nongaap-eps-11-18-2025-1pt34,ACM,0.8-1.0,5,0.92,2025-11-18T11:58:00Z,2025-11-17,2025-11-18,11,-0.22645435870207736,"CAR[-5,5]",-5,5
675008,ACM,acm-quarterly-earnings-nongaap-eps-11-18-2025-1pt34,ACM,0.8-1.0,5,0.92,2025-11-18T11:58:00Z,2025-11-17,2025-11-18,1,-0.031050504249124807,AR[0],0,0
675008,ACM,acm-quarterly-earnings-nongaap-eps-11-18-2025-1pt34,ACM,0.8-1.0,5,0.92,2025-11-18T11:58:00Z,2025-11-17,2025-11-18,2,-0.14623640354931144,"CAR[0,1]",0,1
675008,ACM,acm-quarterly-earnings-nongaap-eps-11-18-2025-1pt34,ACM,0.8-1.0,5,0.92,2025-11-18T11:58:00Z,2025-11-17,2025-11-18,4,-0.22992963122124288,"CAR[0,3]",0,3
675008,ACM,acm-quarterly-earnings-nongaap-eps-11-18-2025-1pt34,ACM,0.8-1.0,5,0.92,2025-11-18T11:58:00Z,2025-11-17,2025-11-18,6,-0.2481719054681902,"CAR[0,5]",0,5
675024,AS,as-quarterly-earnings-nongaap-eps-11-18-2025-0pt25,AS,0.8-1.0,5,0.905,2025-11-18T11:00:01Z,2025-11-17,2025-11-18,11,0.21996718690809927,"CAR[-5,5]",-5,5
675024,AS,as-quarterly-earnings-nongaap-eps-11-18-2025-0pt25,AS,0.8-1.0,5,0.905,2025-11-18T11:00:01Z,2025-11-17,2025-11-18,1,0.09922066369825791,AR[0],0,0
675024,AS,as-quarterly-earnings-nongaap-eps-11-18-2025-0pt25,AS,0.8-1.0,5,0.905,2025-11-18T11:00:01Z,2025-11-17,2025-11-18,2,0.1347843016720735,"CAR[0,1]",0,1
675024,AS,as-quarterly-earnings-nongaap-eps-11-18-2025-0pt25,AS,0.8-1.0,5,0.905,2025-11-18T11:00:01Z,2025-11-17,2025-11-18,4,0.1250203546287398,"CAR[0,3]",0,3
675024,AS,as-quarterly-earnings-nongaap-eps-11-18-2025-0pt25,AS,0.8-1.0,5,0.905,2025-11-18T11:00:01Z,2025-11-17,2025-11-18,6,0.15599643321940995,"CAR[0,5]",0,5
675495,DLB,dlb-quarterly-earnings-nongaap-eps-11-18-2025-0pt71,DLB,0.8-1.0,5,0.935,2025-11-18T21:15:00Z,2025-11-18,2025-11-19,11,0.04688790565624465,"CAR[-5,5]",-5,5
675495,DLB,dlb-quarterly-earnings-nongaap-eps-11-18-2025-0pt71,DLB,0.8-1.0,5,0.935,2025-11-18T21:15:00Z,2025-11-18,2025-11-19,1,-7.366300733560832e-4,AR[0],0,0
675495,DLB,dlb-quarterly-earnings-nongaap-eps-11-18-2025-0pt71,DLB,0.8-1.0,5,0.935,2025-11-18T21:15:00Z,2025-11-18,2025-11-19,2,0.02361982081195671,"CAR[0,1]",0,1
675495,DLB,dlb-quarterly-earnings-nongaap-eps-11-18-2025-0pt71,DLB,0.8-1.0,5,0.935,2025-11-18T21:15:00Z,2025-11-18,2025-11-19,4,0.024024719882849155,"CAR[0,3]",0,3
675495,DLB,dlb-quarterly-earnings-nongaap-eps-11-18-2025-0pt71,DLB,0.8-1.0,5,0.935,2025-11-18T21:15:00Z,2025-11-18,2025-11-19,6,0.01699385500276137,"CAR[0,5]",0,5
675496,URBN,urbn-quarterly-earnings-gaap-eps-11-25-2025-1pt18,URBN.N,0.8-1.0,5,0.85,2025-11-25T21:05:01Z,2025-11-25,2025-11-26,11,0.15943109009600615,"CAR[-5,5]",-5,5
675496,URBN,urbn-quarterly-earnings-gaap-eps-11-25-2025-1pt18,URBN.N,0.8-1.0,5,0.85,2025-11-25T21:05:01Z,2025-11-25,2025-11-26,1,0.12031720324301975,AR[0],0,0
675496,URBN,urbn-quarterly-earnings-gaap-eps-11-25-2025-1pt18,URBN.N,0.8-1.0,5,0.85,2025-11-25T21:05:01Z,2025-11-25,2025-11-26,2,0.06723886156677297,"CAR[0,1]",0,1
675496,URBN,urbn-quarterly-earnings-gaap-eps-11-25-2025-1pt18,URBN.N,0.8-1.0,5,0.85,2025-11-25T21:05:01Z,2025-11-25,2025-11-26,4,0.12757982201510976,"CAR[0,3]",0,3
675496,URBN,urbn-quarterly-earnings-gaap-eps-11-25-2025-1pt18,URBN.N,0.8-1.0,5,0.85,2025-11-25T21:05:01Z,2025-11-25,2025-11-26,6,0.0856232981413987,"CAR[0,5]",0,5
675497,POWL,powl-quarterly-earnings-gaap-eps-11-18-2025-3pt76,POWL.N,0.8-1.0,5,0.81,2025-11-18T21:15:00Z,2025-11-18,2025-11-19,11,-0.12893677689069075,"CAR[-5,5]",-5,5
675497,POWL,powl-quarterly-earnings-gaap-eps-11-18-2025-3pt76,POWL.N,0.8-1.0,5,0.81,2025-11-18T21:15:00Z,2025-11-18,2025-11-19,1,-0.12473630206941272,AR[0],0,0
675497,POWL,powl-quarterly-earnings-gaap-eps-11-18-2025-3pt76,POWL.N,0.8-1.0,5,0.81,2025-11-18T21:15:00Z,2025-11-18,2025-11-19,2,-0.07380263791115721,"CAR[0,1]",0,1
675497,POWL,powl-quarterly-earnings-gaap-eps-11-18-2025-3pt76,POWL.N,0.8-1.0,5,0.81,2025-11-18T21:15:00Z,2025-11-18,2025-11-19,4,-0.09232270805706745,"CAR[0,3]",0,3
675497,POWL,powl-quarterly-earnings-gaap-eps-11-18-2025-3pt76,POWL.N,0.8-1.0,5,0.81,2025-11-18T21:15:00Z,2025-11-18,2025-11-19,6,-0.05284488827787212,"CAR[0,5]",0,5
675502,WB,wb-quarterly-earnings-nongaap-eps-11-18-2025-0pt43,WB.OQ,0.8-1.0,5,0.885,2025-11-18T08:00:00Z,2025-11-17,2025-11-18,11,-0.08112630434462885,"CAR[-5,5]",-5,5
675502,WB,wb-quarterly-earnings-nongaap-eps-11-18-2025-0pt43,WB.OQ,0.8-1.0,5,0.885,2025-11-18T08:00:00Z,2025-11-17,2025-11-18,1,0.0018461586572224124,AR[0],0,0
675502,WB,wb-quarterly-earnings-nongaap-eps-11-18-2025-0pt43,WB.OQ,0.8-1.0,5,0.885,2025-11-18T08:00:00Z,2025-11-17,2025-11-18,2,-0.017888932689173336,"CAR[0,1]",0,1
675502,WB,wb-quarterly-earnings-nongaap-eps-11-18-2025-0pt43,WB.OQ,0.8-1.0,5,0.885,2025-11-18T08:00:00Z,2025-11-17,2025-11-18,4,-0.030162574839757914,"CAR[0,3]",0,3
675502,WB,wb-quarterly-earnings-nongaap-eps-11-18-2025-0pt43,WB.OQ,0.8-1.0,5,0.885,2025-11-18T08:00:00Z,2025-11-17,2025-11-18,6,-0.006089073611934872,"CAR[0,5]",0,5
675504,NVDA,nvda-quarterly-earnings-nongaap-eps-11-19-2025-1pt25,NVDA.N,0.8-1.0,5,0.925,2025-11-19T21:20:00Z,2025-11-19,2025-11-20,11,-0.10287268907974359,"CAR[-5,5]",-5,5
675504,NVDA,nvda-quarterly-earnings-nongaap-eps-11-19-2025-1pt25,NVDA.N,0.8-1.0,5,0.925,2025-11-19T21:20:00Z,2025-11-19,2025-11-20,1,-0.006063816194070731,AR[0],0,0
675504,NVDA,nvda-quarterly-earnings-nongaap-eps-11-19-2025-1pt25,NVDA.N,0.8-1.0,5,0.925,2025-11-19T21:20:00Z,2025-11-19,2025-11-20,2,-0.035082598432344334,"CAR[0,1]",0,1
675504,NVDA,nvda-quarterly-earnings-nongaap-eps-11-19-2025-1pt25,NVDA.N,0.8-1.0,5,0.925,2025-11-19T21:20:00Z,2025-11-19,2025-11-20,4,-0.08542327594225445,"CAR[0,3]",0,3
675504,NVDA,nvda-quarterly-earnings-nongaap-eps-11-19-2025-1pt25,NVDA.N,0.8-1.0,5,0.925,2025-11-19T21:20:00Z,2025-11-19,2025-11-20,6,-0.11326837093000473,"CAR[0,5]",0,5
675505,PANW,panw-quarterly-earnings-nongaap-eps-11-19-2025-0pt89,PANW.N,0.8-1.0,5,0.94,2025-11-19T21:10:00Z,2025-11-19,2025-11-20,11,-0.09313140461320886,"CAR[-5,5]",-5,5
675505,PANW,panw-quarterly-earnings-nongaap-eps-11-19-2025-0pt89,PANW.N,0.8-1.0,5,0.94,2025-11-19T21:10:00Z,2025-11-19,2025-11-20,1,-0.05566530828586609,AR[0],0,0
675505,PANW,panw-quarterly-earnings-nongaap-eps-11-19-2025-0pt89,PANW.N,0.8-1.0,5,0.94,2025-11-19T21:10:00Z,2025-11-19,2025-11-20,2,-0.07951920530068426,"CAR[0,1]",0,1
675505,PANW,panw-quarterly-earnings-nongaap-eps-11-19-2025-0pt89,PANW.N,0.8-1.0,5,0.94,2025-11-19T21:10:00Z,2025-11-19,2025-11-20,4,-0.08954581885707166,"CAR[0,3]",0,3
675505,PANW,panw-quarterly-earnings-nongaap-eps-11-19-2025-0pt89,PANW.N,0.8-1.0,5,0.94,2025-11-19T21:10:00Z,2025-11-19,2025-11-20,6,-0.08143957682952122,"CAR[0,5]",0,5
675506,LOW,low-quarterly-earnings-gaap-eps-11-19-2025-2pt98,LOW,0.8-1.0,5,0.865,2025-11-19T11:00:02Z,2025-11-18,2025-11-19,11,0.03663255433384058,"CAR[-5,5]",-5,5
675506,LOW,low-quarterly-earnings-gaap-eps-11-19-2025-2pt98,LOW,0.8-1.0,5,0.865,2025-11-19T11:00:02Z,2025-11-18,2025-11-19,1,0.03809517074645189,AR[0],0,0
675506,LOW,low-quarterly-earnings-gaap-eps-11-19-2025-2pt98,LOW,0.8-1.0,5,0.865,2025-11-19T11:00:02Z,2025-11-18,2025-11-19,2,0.04922880771799971,"CAR[0,1]",0,1
675506,LOW,low-quarterly-earnings-gaap-eps-11-19-2025-2pt98,LOW,0.8-1.0,5,0.865,2025-11-19T11:00:02Z,2025-11-18,2025-11-19,4,0.03478878647988821,"CAR[0,3]",0,3
675506,LOW,low-quarterly-earnings-gaap-eps-11-19-2025-2pt98,LOW,0.8-1.0,5,0.865,2025-11-19T11:00:02Z,2025-11-18,2025-11-19,6,0.08024321310461582,"CAR[0,5]",0,5
675508,VIK,vik-quarterly-earnings-nongaap-eps-11-19-2025-1pt19,VIK,0.8-1.0,5,0.8150000000000001,2025-11-19T12:00:00Z,2025-11-18,2025-11-19,11,0.1048642692660138,"CAR[-5,5]",-5,5
675508,VIK,vik-quarterly-earnings-nongaap-eps-11-19-2025-1pt19,VIK,0.8-1.0,5,0.8150000000000001,2025-11-19T12:00:00Z,2025-11-18,2025-11-19,1,0.043404611198444625,AR[0],0,0
675508,VIK,vik-quarterly-earnings-nongaap-eps-11-19-2025-1pt19,VIK,0.8-1.0,5,0.8150000000000001,2025-11-19T12:00:00Z,2025-11-18,2025-11-19,2,0.0728937658374783,"CAR[0,1]",0,1
675508,VIK,vik-quarterly-earnings-nongaap-eps-11-19-2025-1pt19,VIK,0.8-1.0,5,0.8150000000000001,2025-11-19T12:00:00Z,2025-11-18,2025-11-19,4,0.06614468929937337,"CAR[0,3]",0,3
675508,VIK,vik-quarterly-earnings-nongaap-eps-11-19-2025-1pt19,VIK,0.8-1.0,5,0.8150000000000001,2025-11-19T12:00:00Z,2025-11-18,2025-11-19,6,0.08241258524753971,"CAR[0,5]",0,5
675509,DY,dy-quarterly-earnings-gaap-eps-11-19-2025-3pt2,DY,0.8-1.0,5,0.88,2025-11-19T11:58:00Z,2025-11-18,2025-11-19,11,0.17339979256447544,"CAR[-5,5]",-5,5
675509,DY,dy-quarterly-earnings-gaap-eps-11-19-2025-3pt2,DY,0.8-1.0,5,0.88,2025-11-19T11:58:00Z,2025-11-18,2025-11-19,1,0.09125238249102258,AR[0],0,0
675509,DY,dy-quarterly-earnings-gaap-eps-11-19-2025-3pt2,DY,0.8-1.0,5,0.88,2025-11-19T11:58:00Z,2025-11-18,2025-11-19,2,0.09629431873980675,"CAR[0,1]",0,1
675509,DY,dy-quarterly-earnings-gaap-eps-11-19-2025-3pt2,DY,0.8-1.0,5,0.88,2025-11-19T11:58:00Z,2025-11-18,2025-11-19,4,0.11904184856778965,"CAR[0,3]",0,3
675509,DY,dy-quarterly-earnings-gaap-eps-11-19-2025-3pt2,DY,0.8-1.0,5,0.88,2025-11-19T11:58:00Z,2025-11-18,2025-11-19,6,0.13874544362767172,"CAR[0,5]",0,5
675510,WIX,wix-quarterly-earnings-nongaap-eps-11-19-2025-1pt49,WIX.N,0.8-1.0,5,0.875,2025-11-19T06:00:01Z,2025-11-18,2025-11-19,11,-0.2643548105903191,"CAR[-5,5]",-5,5
675510,WIX,wix-quarterly-earnings-nongaap-eps-11-19-2025-1pt49,WIX.N,0.8-1.0,5,0.875,2025-11-19T06:00:01Z,2025-11-18,2025-11-19,1,-0.20455618722211014,AR[0],0,0
675510,WIX,wix-quarterly-earnings-nongaap-eps-11-19-2025-1pt49,WIX.N,0.8-1.0,5,0.875,2025-11-19T06:00:01Z,2025-11-18,2025-11-19,2,-0.1970816026434522,"CAR[0,1]",0,1
675510,WIX,wix-quarterly-earnings-nongaap-eps-11-19-2025-1pt49,WIX.N,0.8-1.0,5,0.875,2025-11-19T06:00:01Z,2025-11-18,2025-11-19,4,-0.2878620215227781,"CAR[0,3]",0,3
675510,WIX,wix-quarterly-earnings-nongaap-eps-11-19-2025-1pt49,WIX.N,0.8-1.0,5,0.875,2025-11-19T06:00:01Z,2025-11-18,2025-11-19,6,-0.27568843336909765,"CAR[0,5]",0,5
675540,BBWI,bbwi-quarterly-earnings-nongaap-eps-11-20-2025-0pt4,BBWI.N,0.8-1.0,5,0.855,2025-11-20T11:55:00Z,2025-11-19,2025-11-20,11,-0.17911969768139147,"CAR[-5,5]",-5,5
675540,BBWI,bbwi-quarterly-earnings-nongaap-eps-11-20-2025-0pt4,BBWI.N,0.8-1.0,5,0.855,2025-11-20T11:55:00Z,2025-11-19,2025-11-20,1,-0.22047109218945532,AR[0],0,0
675540,BBWI,bbwi-quarterly-earnings-nongaap-eps-11-20-2025-0pt4,BBWI.N,0.8-1.0,5,0.855,2025-11-20T11:55:00Z,2025-11-19,2025-11-20,2,-0.29495197716002297,"CAR[0,1]",0,1
675540,BBWI,bbwi-quarterly-earnings-nongaap-eps-11-20-2025-0pt4,BBWI.N,0.8-1.0,5,0.855,2025-11-20T11:55:00Z,2025-11-19,2025-11-20,4,-0.19519993892177112,"CAR[0,3]",0,3
675540,BBWI,bbwi-quarterly-earnings-nongaap-eps-11-20-2025-0pt4,BBWI.N,0.8-1.0,5,0.855,2025-11-20T11:55:00Z,2025-11-19,2025-11-20,6,-0.17955424147088228,"CAR[0,5]",0,5
675612,BJ,bj-quarterly-earnings-nongaap-eps-11-21-2025-1pt09,BJ,0.8-1.0,5,0.92,2025-11-21T11:45:00Z,2025-11-20,2025-11-21,11,-0.04223682100295448,"CAR[-5,5]",-5,5
675612,BJ,bj-quarterly-earnings-nongaap-eps-11-21-2025-1pt09,BJ,0.8-1.0,5,0.92,2025-11-21T11:45:00Z,2025-11-20,2025-11-21,1,0.013173249675141448,AR[0],0,0
675612,BJ,bj-quarterly-earnings-nongaap-eps-11-21-2025-1pt09,BJ,0.8-1.0,5,0.92,2025-11-21T11:45:00Z,2025-11-20,2025-11-21,2,-0.024290184932773254,"CAR[0,1]",0,1
675612,BJ,bj-quarterly-earnings-nongaap-eps-11-21-2025-1pt09,BJ,0.8-1.0,5,0.92,2025-11-21T11:45:00Z,2025-11-20,2025-11-21,4,0.010885023322698414,"CAR[0,3]",0,3
675612,BJ,bj-quarterly-earnings-nongaap-eps-11-21-2025-1pt09,BJ,0.8-1.0,5,0.92,2025-11-21T11:45:00Z,2025-11-20,2025-11-21,6,-0.010328586712480657,"CAR[0,5]",0,5
675613,ADI,adi-quarterly-earnings-nongaap-eps-11-25-2025-2pt23,ADI.N,0.8-1.0,5,0.93,2025-11-25T12:00:00Z,2025-11-24,2025-11-25,11,0.15741893162122544,"CAR[-5,5]",-5,5
675613,ADI,adi-quarterly-earnings-nongaap-eps-11-25-2025-2pt23,ADI.N,0.8-1.0,5,0.93,2025-11-25T12:00:00Z,2025-11-24,2025-11-25,1,0.038000650772095634,AR[0],0,0
675613,ADI,adi-quarterly-earnings-nongaap-eps-11-25-2025-2pt23,ADI.N,0.8-1.0,5,0.93,2025-11-25T12:00:00Z,2025-11-24,2025-11-25,2,0.050923508070910485,"CAR[0,1]",0,1
675613,ADI,adi-quarterly-earnings-nongaap-eps-11-25-2025-2pt23,ADI.N,0.8-1.0,5,0.93,2025-11-25T12:00:00Z,2025-11-24,2025-11-25,4,0.08538586386551195,"CAR[0,3]",0,3
675613,ADI,adi-quarterly-earnings-nongaap-eps-11-25-2025-2pt23,ADI.N,0.8-1.0,5,0.93,2025-11-25T12:00:00Z,2025-11-24,2025-11-25,6,0.12099403082779123,"CAR[0,5]",0,5
675614,DELL,dell-quarterly-earnings-nongaap-eps-11-25-2025-2pt47,DELL.N,0.8-1.0,5,0.905,2025-11-25T22:00:00Z,2025-11-25,2025-11-26,11,0.046065352549573724,"CAR[-5,5]",-5,5
675614,DELL,dell-quarterly-earnings-nongaap-eps-11-25-2025-2pt47,DELL.N,0.8-1.0,5,0.905,2025-11-25T22:00:00Z,2025-11-25,2025-11-26,1,0.043817236658951444,AR[0],0,0
675614,DELL,dell-quarterly-earnings-nongaap-eps-11-25-2025-2pt47,DELL.N,0.8-1.0,5,0.905,2025-11-25T22:00:00Z,2025-11-25,2025-11-26,2,0.03294191192231465,"CAR[0,1]",0,1
675614,DELL,dell-quarterly-earnings-nongaap-eps-11-25-2025-2pt47,DELL.N,0.8-1.0,5,0.905,2025-11-25T22:00:00Z,2025-11-25,2025-11-26,4,0.05518373952033039,"CAR[0,3]",0,3
675614,DELL,dell-quarterly-earnings-nongaap-eps-11-25-2025-2pt47,DELL.N,0.8-1.0,5,0.905,2025-11-25T22:00:00Z,2025-11-25,2025-11-26,6,0.06765209096562282,"CAR[0,5]",0,5
675615,ADSK,adsk-quarterly-earnings-nongaap-eps-11-25-2025-2pt5,ADSK.N,0.8-1.0,5,0.925,2025-11-25T21:01:00Z,2025-11-25,2025-11-26,11,0.01357638474157978,"CAR[-5,5]",-5,5
675615,ADSK,adsk-quarterly-earnings-nongaap-eps-11-25-2025-2pt5,ADSK.N,0.8-1.0,5,0.925,2025-11-25T21:01:00Z,2025-11-25,2025-11-26,1,0.014727652311017213,AR[0],0,0
675615,ADSK,adsk-quarterly-earnings-nongaap-eps-11-25-2025-2pt5,ADSK.N,0.8-1.0,5,0.925,2025-11-25T21:01:00Z,2025-11-25,2025-11-26,2,0.01684253331622627,"CAR[0,1]",0,1
675615,ADSK,adsk-quarterly-earnings-nongaap-eps-11-25-2025-2pt5,ADSK.N,0.8-1.0,5,0.925,2025-11-25T21:01:00Z,2025-11-25,2025-11-26,4,0.041925235773310136,"CAR[0,3]",0,3
675615,ADSK,adsk-quarterly-earnings-nongaap-eps-11-25-2025-2pt5,ADSK.N,0.8-1.0,5,0.925,2025-11-25T21:01:00Z,2025-11-25,2025-11-26,6,0.024067932882870586,"CAR[0,5]",0,5
675616,WDAY,wday-quarterly-earnings-nongaap-eps-11-25-2025-2pt17,WDAY.N,0.8-1.0,5,0.955,2025-11-25T21:01:00Z,2025-11-25,2025-11-26,11,-0.05530354352986053,"CAR[-5,5]",-5,5
675616,WDAY,wday-quarterly-earnings-nongaap-eps-11-25-2025-2pt17,WDAY.N,0.8-1.0,5,0.955,2025-11-25T21:01:00Z,2025-11-25,2025-11-26,1,-0.08623802438910355,AR[0],0,0
675616,WDAY,wday-quarterly-earnings-nongaap-eps-11-25-2025-2pt17,WDAY.N,0.8-1.0,5,0.955,2025-11-25T21:01:00Z,2025-11-25,2025-11-26,2,-0.0887901233461648,"CAR[0,1]",0,1
675616,WDAY,wday-quarterly-earnings-nongaap-eps-11-25-2025-2pt17,WDAY.N,0.8-1.0,5,0.955,2025-11-25T21:01:00Z,2025-11-25,2025-11-26,4,-0.09576100828344816,"CAR[0,3]",0,3
675616,WDAY,wday-quarterly-earnings-nongaap-eps-11-25-2025-2pt17,WDAY.N,0.8-1.0,5,0.955,2025-11-25T21:01:00Z,2025-11-25,2025-11-26,6,-0.08006569582248907,"CAR[0,5]",0,5
675618,SMTC,smtc-quarterly-earnings-nongaap-eps-11-24-2025-0pt45,SMTC.N,0.8-1.0,5,0.865,2025-11-24T21:05:00Z,2025-11-24,2025-11-25,11,0.05323381313841164,"CAR[-5,5]",-5,5
675618,SMTC,smtc-quarterly-earnings-nongaap-eps-11-24-2025-0pt45,SMTC.N,0.8-1.0,5,0.865,2025-11-24T21:05:00Z,2025-11-24,2025-11-25,1,-8.829270725056078e-4,AR[0],0,0
675618,SMTC,smtc-quarterly-earnings-nongaap-eps-11-24-2025-0pt45,SMTC.N,0.8-1.0,5,0.865,2025-11-24T21:05:00Z,2025-11-24,2025-11-25,2,0.005384521484186635,"CAR[0,1]",0,1
675618,SMTC,smtc-quarterly-earnings-nongaap-eps-11-24-2025-0pt45,SMTC.N,0.8-1.0,5,0.865,2025-11-24T21:05:00Z,2025-11-24,2025-11-25,4,-0.01823651940477267,"CAR[0,3]",0,3
675618,SMTC,smtc-quarterly-earnings-nongaap-eps-11-24-2025-0pt45,SMTC.N,0.8-1.0,5,0.865,2025-11-24T21:05:00Z,2025-11-24,2025-11-25,6,-0.015534612758940382,"CAR[0,5]",0,5
675627,DKS,dks-quarterly-earnings-nongaap-eps-11-25-2025-2pt7,DKS,0.8-1.0,5,0.9125,2025-11-25T12:00:01Z,2025-11-24,2025-11-25,11,0.05752055175537738,"CAR[-5,5]",-5,5
675627,DKS,dks-quarterly-earnings-nongaap-eps-11-25-2025-2pt7,DKS,0.8-1.0,5,0.9125,2025-11-25T12:00:01Z,2025-11-24,2025-11-25,1,-0.011364277459660226,AR[0],0,0
675627,DKS,dks-quarterly-earnings-nongaap-eps-11-25-2025-2pt7,DKS,0.8-1.0,5,0.9125,2025-11-25T12:00:01Z,2025-11-24,2025-11-25,2,-0.018125479257273494,"CAR[0,1]",0,1
675627,DKS,dks-quarterly-earnings-nongaap-eps-11-25-2025-2pt7,DKS,0.8-1.0,5,0.9125,2025-11-25T12:00:01Z,2025-11-24,2025-11-25,4,-0.013012813292652761,"CAR[0,3]",0,3
675627,DKS,dks-quarterly-earnings-nongaap-eps-11-25-2025-2pt7,DKS,0.8-1.0,5,0.9125,2025-11-25T12:00:01Z,2025-11-24,2025-11-25,6,0.074248416094459,"CAR[0,5]",0,5
675628,BBY,bby-quarterly-earnings-nongaap-eps-11-25-2025-1pt31,BBY,0.8-1.0,5,0.885,2025-11-25T12:00:00Z,2025-11-24,2025-11-25,11,-0.030429089764291734,"CAR[-5,5]",-5,5
675628,BBY,bby-quarterly-earnings-nongaap-eps-11-25-2025-1pt31,BBY,0.8-1.0,5,0.885,2025-11-25T12:00:00Z,2025-11-24,2025-11-25,1,0.04019537571221794,AR[0],0,0
675628,BBY,bby-quarterly-earnings-nongaap-eps-11-25-2025-1pt31,BBY,0.8-1.0,5,0.885,2025-11-25T12:00:00Z,2025-11-24,2025-11-25,2,0.04694222616574674,"CAR[0,1]",0,1
675628,BBY,bby-quarterly-earnings-nongaap-eps-11-25-2025-1pt31,BBY,0.8-1.0,5,0.885,2025-11-25T12:00:00Z,2025-11-24,2025-11-25,4,0.002353502700214668,"CAR[0,3]",0,3
675628,BBY,bby-quarterly-earnings-nongaap-eps-11-25-2025-1pt31,BBY,0.8-1.0,5,0.885,2025-11-25T12:00:00Z,2025-11-24,2025-11-25,6,-0.04128905094340615,"CAR[0,5]",0,5
675629,SJM,sjm-quarterly-earnings-nongaap-eps-11-25-2025-2pt1,SJM,0.8-1.0,5,0.88,2025-11-25T12:00:00Z,2025-11-24,2025-11-25,11,-0.05901043480939282,"CAR[-5,5]",-5,5
675629,SJM,sjm-quarterly-earnings-nongaap-eps-11-25-2025-2pt1,SJM,0.8-1.0,5,0.88,2025-11-25T12:00:00Z,2025-11-24,2025-11-25,1,-0.03942060368222213,AR[0],0,0
675629,SJM,sjm-quarterly-earnings-nongaap-eps-11-25-2025-2pt1,SJM,0.8-1.0,5,0.88,2025-11-25T12:00:00Z,2025-11-24,2025-11-25,2,-0.012987097345665825,"CAR[0,1]",0,1
675629,SJM,sjm-quarterly-earnings-nongaap-eps-11-25-2025-2pt1,SJM,0.8-1.0,5,0.88,2025-11-25T12:00:00Z,2025-11-24,2025-11-25,4,-0.012502078082876712,"CAR[0,3]",0,3
675629,SJM,sjm-quarterly-earnings-nongaap-eps-11-25-2025-2pt1,SJM,0.8-1.0,5,0.88,2025-11-25T12:00:00Z,2025-11-24,2025-11-25,6,-0.039494622252854175,"CAR[0,5]",0,5
696247,MDB,mdb-quarterly-earnings-nongaap-eps-12-01-2025-0pt79,MDB.N,0.8-1.0,5,0.966,2025-12-01T21:05:00Z,2025-12-01,2025-12-02,11,0.1924753200270564,"CAR[-5,5]",-5,5
696247,MDB,mdb-quarterly-earnings-nongaap-eps-12-01-2025-0pt79,MDB.N,0.8-1.0,5,0.966,2025-12-01T21:05:00Z,2025-12-01,2025-12-02,1,0.21525219265009918,AR[0],0,0
696247,MDB,mdb-quarterly-earnings-nongaap-eps-12-01-2025-0pt79,MDB.N,0.8-1.0,5,0.966,2025-12-01T21:05:00Z,2025-12-01,2025-12-02,2,0.21866999455603914,"CAR[0,1]",0,1
696247,MDB,mdb-quarterly-earnings-nongaap-eps-12-01-2025-0pt79,MDB.N,0.8-1.0,5,0.966,2025-12-01T21:05:00Z,2025-12-01,2025-12-02,4,0.21836879401010748,"CAR[0,3]",0,3
696247,MDB,mdb-quarterly-earnings-nongaap-eps-12-01-2025-0pt79,MDB.N,0.8-1.0,5,0.966,2025-12-01T21:05:00Z,2025-12-01,2025-12-02,6,0.23103000135705146,"CAR[0,5]",0,5
696252,CRWD,crwd-quarterly-earnings-nongaap-eps-12-02-2025-0pt94,CRWD.N,0.8-1.0,5,0.9655,2025-12-02T21:10:00Z,2025-12-02,2025-12-03,11,-0.021169521118767683,"CAR[-5,5]",-5,5
696252,CRWD,crwd-quarterly-earnings-nongaap-eps-12-02-2025-0pt94,CRWD.N,0.8-1.0,5,0.9655,2025-12-02T21:10:00Z,2025-12-02,2025-12-03,1,0.011545791528273877,AR[0],0,0
696252,CRWD,crwd-quarterly-earnings-nongaap-eps-12-02-2025-0pt94,CRWD.N,0.8-1.0,5,0.9655,2025-12-02T21:10:00Z,2025-12-02,2025-12-03,2,-0.013255254897538359,"CAR[0,1]",0,1
696252,CRWD,crwd-quarterly-earnings-nongaap-eps-12-02-2025-0pt94,CRWD.N,0.8-1.0,5,0.9655,2025-12-02T21:10:00Z,2025-12-02,2025-12-03,4,-0.008583879641890294,"CAR[0,3]",0,3
696252,CRWD,crwd-quarterly-earnings-nongaap-eps-12-02-2025-0pt94,CRWD.N,0.8-1.0,5,0.9655,2025-12-02T21:10:00Z,2025-12-02,2025-12-03,6,-0.009313294245644504,"CAR[0,5]",0,5
696257,OKTA,okta-quarterly-earnings-nongaap-eps-12-02-2025-0pt76,OKTA.N,0.8-1.0,5,0.965,2025-12-02T21:01:00Z,2025-12-02,2025-12-03,11,0.12735292197693235,"CAR[-5,5]",-5,5
696257,OKTA,okta-quarterly-earnings-nongaap-eps-12-02-2025-0pt76,OKTA.N,0.8-1.0,5,0.965,2025-12-02T21:01:00Z,2025-12-02,2025-12-03,1,0.051832169932845853,AR[0],0,0
696257,OKTA,okta-quarterly-earnings-nongaap-eps-12-02-2025-0pt76,OKTA.N,0.8-1.0,5,0.965,2025-12-02T21:01:00Z,2025-12-02,2025-12-03,2,0.04882590837372057,"CAR[0,1]",0,1
696257,OKTA,okta-quarterly-earnings-nongaap-eps-12-02-2025-0pt76,OKTA.N,0.8-1.0,5,0.965,2025-12-02T21:01:00Z,2025-12-02,2025-12-03,4,0.07180851216005915,"CAR[0,3]",0,3
696257,OKTA,okta-quarterly-earnings-nongaap-eps-12-02-2025-0pt76,OKTA.N,0.8-1.0,5,0.965,2025-12-02T21:01:00Z,2025-12-02,2025-12-03,6,0.09937429660140945,"CAR[0,5]",0,5
696258,AEO,aeo-quarterly-earnings-gaap-eps-12-02-2025-0pt43,AEO,0.8-1.0,5,0.865,2025-12-02T21:10:00Z,2025-12-02,2025-12-03,11,0.19095525993206386,"CAR[-5,5]",-5,5
696258,AEO,aeo-quarterly-earnings-gaap-eps-12-02-2025-0pt43,AEO,0.8-1.0,5,0.865,2025-12-02T21:10:00Z,2025-12-02,2025-12-03,1,0.14432046756042333,AR[0],0,0
696258,AEO,aeo-quarterly-earnings-gaap-eps-12-02-2025-0pt43,AEO,0.8-1.0,5,0.865,2025-12-02T21:10:00Z,2025-12-02,2025-12-03,2,0.15006750697877758,"CAR[0,1]",0,1
696258,AEO,aeo-quarterly-earnings-gaap-eps-12-02-2025-0pt43,AEO,0.8-1.0,5,0.865,2025-12-02T21:10:00Z,2025-12-02,2025-12-03,4,0.07658840621221533,"CAR[0,3]",0,3
696258,AEO,aeo-quarterly-earnings-gaap-eps-12-02-2025-0pt43,AEO,0.8-1.0,5,0.865,2025-12-02T21:10:00Z,2025-12-02,2025-12-03,6,0.1408106268483657,"CAR[0,5]",0,5
696259,ASAN,asan-quarterly-earnings-nongaap-eps-12-02-2025-0pt06,ASAN.N,0.8-1.0,5,0.915,2025-12-02T21:05:00Z,2025-12-02,2025-12-03,11,0.158684945924963,"CAR[-5,5]",-5,5
696259,ASAN,asan-quarterly-earnings-nongaap-eps-12-02-2025-0pt06,ASAN.N,0.8-1.0,5,0.915,2025-12-02T21:05:00Z,2025-12-02,2025-12-03,1,0.07439156663531707,AR[0],0,0
696259,ASAN,asan-quarterly-earnings-nongaap-eps-12-02-2025-0pt06,ASAN.N,0.8-1.0,5,0.915,2025-12-02T21:05:00Z,2025-12-02,2025-12-03,2,0.05560596921722265,"CAR[0,1]",0,1
696259,ASAN,asan-quarterly-earnings-nongaap-eps-12-02-2025-0pt06,ASAN.N,0.8-1.0,5,0.915,2025-12-02T21:05:00Z,2025-12-02,2025-12-03,4,0.09273123854471522,"CAR[0,3]",0,3
696259,ASAN,asan-quarterly-earnings-nongaap-eps-12-02-2025-0pt06,ASAN.N,0.8-1.0,5,0.915,2025-12-02T21:05:00Z,2025-12-02,2025-12-03,6,0.08612981220381909,"CAR[0,5]",0,5
696263,UNFI,unfi-quarterly-earnings-nongaap-eps-12-02-2025-0pt4,UNFI.N,0.8-1.0,5,0.915,2025-12-02T12:00:00Z,2025-12-01,2025-12-02,11,-0.06716590571460443,"CAR[-5,5]",-5,5
696263,UNFI,unfi-quarterly-earnings-nongaap-eps-12-02-2025-0pt4,UNFI.N,0.8-1.0,5,0.915,2025-12-02T12:00:00Z,2025-12-01,2025-12-02,1,0.04152746442816063,AR[0],0,0
696263,UNFI,unfi-quarterly-earnings-nongaap-eps-12-02-2025-0pt4,UNFI.N,0.8-1.0,5,0.915,2025-12-02T12:00:00Z,2025-12-01,2025-12-02,2,-0.036892805947489477,"CAR[0,1]",0,1
696263,UNFI,unfi-quarterly-earnings-nongaap-eps-12-02-2025-0pt4,UNFI.N,0.8-1.0,5,0.915,2025-12-02T12:00:00Z,2025-12-01,2025-12-02,4,-0.020804957011005685,"CAR[0,3]",0,3
696263,UNFI,unfi-quarterly-earnings-nongaap-eps-12-02-2025-0pt4,UNFI.N,0.8-1.0,5,0.915,2025-12-02T12:00:00Z,2025-12-01,2025-12-02,6,-0.01050228600393802,"CAR[0,5]",0,5
697446,CRM,crm-quarterly-earnings-nongaap-eps-12-03-2025-2pt86,CRM,0.8-1.0,5,0.925,2025-12-03T21:01:00Z,2025-12-03,2025-12-04,11,0.11301272143102017,"CAR[-5,5]",-5,5
697446,CRM,crm-quarterly-earnings-nongaap-eps-12-03-2025-2pt86,CRM,0.8-1.0,5,0.925,2025-12-03T21:01:00Z,2025-12-03,2025-12-04,1,0.03703955698344259,AR[0],0,0
697446,CRM,crm-quarterly-earnings-nongaap-eps-12-03-2025-2pt86,CRM,0.8-1.0,5,0.925,2025-12-03T21:01:00Z,2025-12-03,2025-12-04,2,0.08955727799583962,"CAR[0,1]",0,1
697446,CRM,crm-quarterly-earnings-nongaap-eps-12-03-2025-2pt86,CRM,0.8-1.0,5,0.925,2025-12-03T21:01:00Z,2025-12-03,2025-12-04,4,0.09891881391282582,"CAR[0,3]",0,3
697446,CRM,crm-quarterly-earnings-nongaap-eps-12-03-2025-2pt86,CRM,0.8-1.0,5,0.925,2025-12-03T21:01:00Z,2025-12-03,2025-12-04,6,0.0980387303462242,"CAR[0,5]",0,5
697447,SNOW,snow-quarterly-earnings-nongaap-eps-12-03-2025-0pt31,SNOW.N,0.8-1.0,5,0.93,2025-12-03T21:05:00Z,2025-12-03,2025-12-04,11,-0.1666259971302797,"CAR[-5,5]",-5,5
697447,SNOW,snow-quarterly-earnings-nongaap-eps-12-03-2025-0pt31,SNOW.N,0.8-1.0,5,0.93,2025-12-03T21:05:00Z,2025-12-03,2025-12-04,1,-0.11751788937804696,AR[0],0,0
697447,SNOW,snow-quarterly-earnings-nongaap-eps-12-03-2025-0pt31,SNOW.N,0.8-1.0,5,0.93,2025-12-03T21:05:00Z,2025-12-03,2025-12-04,2,-0.14759194589425884,"CAR[0,1]",0,1
697447,SNOW,snow-quarterly-earnings-nongaap-eps-12-03-2025-0pt31,SNOW.N,0.8-1.0,5,0.93,2025-12-03T21:05:00Z,2025-12-03,2025-12-04,4,-0.17289159474518992,"CAR[0,3]",0,3
697447,SNOW,snow-quarterly-earnings-nongaap-eps-12-03-2025-0pt31,SNOW.N,0.8-1.0,5,0.93,2025-12-03T21:05:00Z,2025-12-03,2025-12-04,6,-0.197700472838914,"CAR[0,5]",0,5
697448,DLTR,dltr-quarterly-earnings-nongaap-eps-12-03-2025-1pt08,DLTR.N,0.8-1.0,5,0.8300000000000001,2025-12-03T11:30:00Z,2025-12-02,2025-12-03,11,0.18626297957083732,"CAR[-5,5]",-5,5
697448,DLTR,dltr-quarterly-earnings-nongaap-eps-12-03-2025-1pt08,DLTR.N,0.8-1.0,5,0.8300000000000001,2025-12-03T11:30:00Z,2025-12-02,2025-12-03,1,0.032411288336386936,AR[0],0,0
697448,DLTR,dltr-quarterly-earnings-nongaap-eps-12-03-2025-1pt08,DLTR.N,0.8-1.0,5,0.8300000000000001,2025-12-03T11:30:00Z,2025-12-02,2025-12-03,2,0.05584653341580467,"CAR[0,1]",0,1
697448,DLTR,dltr-quarterly-earnings-nongaap-eps-12-03-2025-1pt08,DLTR.N,0.8-1.0,5,0.8300000000000001,2025-12-03T11:30:00Z,2025-12-02,2025-12-03,4,0.09239320787062673,"CAR[0,3]",0,3
697448,DLTR,dltr-quarterly-earnings-nongaap-eps-12-03-2025-1pt08,DLTR.N,0.8-1.0,5,0.8300000000000001,2025-12-03T11:30:00Z,2025-12-02,2025-12-03,6,0.11923810950075388,"CAR[0,5]",0,5
697451,M,m-quarterly-earnings-nongaap-eps-12-03-2025-neg0pt15,M,0.8-1.0,5,0.915,2025-12-03T11:55:00Z,2025-12-02,2025-12-03,11,0.10374370245353488,"CAR[-5,5]",-5,5
697451,M,m-quarterly-earnings-nongaap-eps-12-03-2025-neg0pt15,M,0.8-1.0,5,0.915,2025-12-03T11:55:00Z,2025-12-02,2025-12-03,1,-0.016616173406131984,AR[0],0,0
697451,M,m-quarterly-earnings-nongaap-eps-12-03-2025-neg0pt15,M,0.8-1.0,5,0.915,2025-12-03T11:55:00Z,2025-12-02,2025-12-03,2,-0.02544619565539386,"CAR[0,1]",0,1
697451,M,m-quarterly-earnings-nongaap-eps-12-03-2025-neg0pt15,M,0.8-1.0,5,0.915,2025-12-03T11:55:00Z,2025-12-02,2025-12-03,4,-0.032536577999349614,"CAR[0,3]",0,3
697451,M,m-quarterly-earnings-nongaap-eps-12-03-2025-neg0pt15,M,0.8-1.0,5,0.915,2025-12-03T11:55:00Z,2025-12-02,2025-12-03,6,0.006838866854772127,"CAR[0,5]",0,5
697452,CXM,cxm-quarterly-earnings-nongaap-eps-12-03-2025-0pt09,CXM,0.8-1.0,5,0.925,2025-12-03T12:05:00Z,2025-12-02,2025-12-03,11,0.11439137701699346,"CAR[-5,5]",-5,5
697452,CXM,cxm-quarterly-earnings-nongaap-eps-12-03-2025-0pt09,CXM,0.8-1.0,5,0.925,2025-12-03T12:05:00Z,2025-12-02,2025-12-03,1,0.028832407396746508,AR[0],0,0
697452,CXM,cxm-quarterly-earnings-nongaap-eps-12-03-2025-0pt09,CXM,0.8-1.0,5,0.925,2025-12-03T12:05:00Z,2025-12-02,2025-12-03,2,0.04614994350753765,"CAR[0,1]",0,1
697452,CXM,cxm-quarterly-earnings-nongaap-eps-12-03-2025-0pt09,CXM,0.8-1.0,5,0.925,2025-12-03T12:05:00Z,2025-12-02,2025-12-03,4,0.0313805433196798,"CAR[0,3]",0,3
697452,CXM,cxm-quarterly-earnings-nongaap-eps-12-03-2025-0pt09,CXM,0.8-1.0,5,0.925,2025-12-03T12:05:00Z,2025-12-02,2025-12-03,6,0.06452102390609511,"CAR[0,5]",0,5
697462,HPE,hpe-quarterly-earnings-nongaap-eps-12-04-2025-0pt58,HPE,0.8-1.0,5,0.92,2025-12-04T21:05:00Z,2025-12-04,2025-12-05,11,0.09141889329628372,"CAR[-5,5]",-5,5
697462,HPE,hpe-quarterly-earnings-nongaap-eps-12-04-2025-0pt58,HPE,0.8-1.0,5,0.92,2025-12-04T21:05:00Z,2025-12-04,2025-12-05,1,0.014498756776253497,AR[0],0,0
697462,HPE,hpe-quarterly-earnings-nongaap-eps-12-04-2025-0pt58,HPE,0.8-1.0,5,0.92,2025-12-04T21:05:00Z,2025-12-04,2025-12-05,2,0.04220371512303457,"CAR[0,1]",0,1
697462,HPE,hpe-quarterly-earnings-nongaap-eps-12-04-2025-0pt58,HPE,0.8-1.0,5,0.92,2025-12-04T21:05:00Z,2025-12-04,2025-12-05,4,0.08814511807751245,"CAR[0,3]",0,3
697462,HPE,hpe-quarterly-earnings-nongaap-eps-12-04-2025-0pt58,HPE,0.8-1.0,5,0.92,2025-12-04T21:05:00Z,2025-12-04,2025-12-05,6,0.0451035077388919,"CAR[0,5]",0,5
697468,IOT,iot-quarterly-earnings-nongaap-eps-12-04-2025-0pt12,IOT,0.8-1.0,5,0.915,2025-12-04T21:10:00Z,2025-12-04,2025-12-05,11,0.12412757918925003,"CAR[-5,5]",-5,5
697468,IOT,iot-quarterly-earnings-nongaap-eps-12-04-2025-0pt12,IOT,0.8-1.0,5,0.915,2025-12-04T21:10:00Z,2025-12-04,2025-12-05,1,0.10937228084287326,AR[0],0,0
697468,IOT,iot-quarterly-earnings-nongaap-eps-12-04-2025-0pt12,IOT,0.8-1.0,5,0.915,2025-12-04T21:10:00Z,2025-12-04,2025-12-05,2,0.0832226524902262,"CAR[0,1]",0,1
697468,IOT,iot-quarterly-earnings-nongaap-eps-12-04-2025-0pt12,IOT,0.8-1.0,5,0.915,2025-12-04T21:10:00Z,2025-12-04,2025-12-05,4,0.10638600721170055,"CAR[0,3]",0,3
697468,IOT,iot-quarterly-earnings-nongaap-eps-12-04-2025-0pt12,IOT,0.8-1.0,5,0.915,2025-12-04T21:10:00Z,2025-12-04,2025-12-05,6,0.03884352038946723,"CAR[0,5]",0,5
697469,RBRK,rbrk-quarterly-earnings-nongaap-eps-12-04-2025-neg0pt17,RBRK.N,0.8-1.0,5,0.925,2025-12-04T21:00:00Z,2025-12-04,2025-12-05,11,0.2001684610462258,"CAR[-5,5]",-5,5
697469,RBRK,rbrk-quarterly-earnings-nongaap-eps-12-04-2025-neg0pt17,RBRK.N,0.8-1.0,5,0.925,2025-12-04T21:00:00Z,2025-12-04,2025-12-05,1,0.22166172091889458,AR[0],0,0
697469,RBRK,rbrk-quarterly-earnings-nongaap-eps-12-04-2025-neg0pt17,RBRK.N,0.8-1.0,5,0.925,2025-12-04T21:00:00Z,2025-12-04,2025-12-05,2,0.2599061491398629,"CAR[0,1]",0,1
697469,RBRK,rbrk-quarterly-earnings-nongaap-eps-12-04-2025-neg0pt17,RBRK.N,0.8-1.0,5,0.925,2025-12-04T21:00:00Z,2025-12-04,2025-12-05,4,0.25968519258241457,"CAR[0,3]",0,3
697469,RBRK,rbrk-quarterly-earnings-nongaap-eps-12-04-2025-neg0pt17,RBRK.N,0.8-1.0,5,0.925,2025-12-04T21:00:00Z,2025-12-04,2025-12-05,6,0.17796958463503362,"CAR[0,5]",0,5
697470,DOCU,docu-quarterly-earnings-nongaap-eps-12-04-2025-0pt91,DOCU.N,0.8-1.0,5,0.976,2025-12-04T21:05:00Z,2025-12-04,2025-12-05,11,0.05921934102662341,"CAR[-5,5]",-5,5
697470,DOCU,docu-quarterly-earnings-nongaap-eps-12-04-2025-0pt91,DOCU.N,0.8-1.0,5,0.976,2025-12-04T21:05:00Z,2025-12-04,2025-12-05,1,-0.07910372962382684,AR[0],0,0
697470,DOCU,docu-quarterly-earnings-nongaap-eps-12-04-2025-0pt91,DOCU.N,0.8-1.0,5,0.976,2025-12-04T21:05:00Z,2025-12-04,2025-12-05,2,-0.06668366323919753,"CAR[0,1]",0,1
697470,DOCU,docu-quarterly-earnings-nongaap-eps-12-04-2025-0pt91,DOCU.N,0.8-1.0,5,0.976,2025-12-04T21:05:00Z,2025-12-04,2025-12-05,4,-0.027928351651512865,"CAR[0,3]",0,3
697470,DOCU,docu-quarterly-earnings-nongaap-eps-12-04-2025-0pt91,DOCU.N,0.8-1.0,5,0.976,2025-12-04T21:05:00Z,2025-12-04,2025-12-05,6,0.022198271111823174,"CAR[0,5]",0,5
697472,KFY,kfy-quarterly-earnings-nongaap-eps-12-04-2025-1pt31,KFY,0.8-1.0,5,0.902,2025-12-09T11:45:00Z,2025-12-08,2025-12-09,11,0.050363902198685195,"CAR[-5,5]",-5,5
697472,KFY,kfy-quarterly-earnings-nongaap-eps-12-04-2025-1pt31,KFY,0.8-1.0,5,0.902,2025-12-09T11:45:00Z,2025-12-08,2025-12-09,1,0.04140455499219344,AR[0],0,0
697472,KFY,kfy-quarterly-earnings-nongaap-eps-12-04-2025-1pt31,KFY,0.8-1.0,5,0.902,2025-12-09T11:45:00Z,2025-12-08,2025-12-09,2,0.03457217902190539,"CAR[0,1]",0,1
697472,KFY,kfy-quarterly-earnings-nongaap-eps-12-04-2025-1pt31,KFY,0.8-1.0,5,0.902,2025-12-09T11:45:00Z,2025-12-08,2025-12-09,4,0.07886116118425537,"CAR[0,3]",0,3
697472,KFY,kfy-quarterly-earnings-nongaap-eps-12-04-2025-1pt31,KFY,0.8-1.0,5,0.902,2025-12-09T11:45:00Z,2025-12-08,2025-12-09,6,0.06302756857780754,"CAR[0,5]",0,5
697474,VSCO,vsco-quarterly-earnings-nongaap-eps-12-05-2025-neg0pt59,VSCO.N,0.8-1.0,5,0.885,2025-12-05T12:00:00Z,2025-12-04,2025-12-05,11,0.2919558461385158,"CAR[-5,5]",-5,5
697474,VSCO,vsco-quarterly-earnings-nongaap-eps-12-05-2025-neg0pt59,VSCO.N,0.8-1.0,5,0.885,2025-12-05T12:00:00Z,2025-12-04,2025-12-05,1,0.17393106987571771,AR[0],0,0
697474,VSCO,vsco-quarterly-earnings-nongaap-eps-12-05-2025-neg0pt59,VSCO.N,0.8-1.0,5,0.885,2025-12-05T12:00:00Z,2025-12-04,2025-12-05,2,0.21003621302218436,"CAR[0,1]",0,1
697474,VSCO,vsco-quarterly-earnings-nongaap-eps-12-05-2025-neg0pt59,VSCO.N,0.8-1.0,5,0.885,2025-12-05T12:00:00Z,2025-12-04,2025-12-05,4,0.22155627371731867,"CAR[0,3]",0,3
697474,VSCO,vsco-quarterly-earnings-nongaap-eps-12-05-2025-neg0pt59,VSCO.N,0.8-1.0,5,0.885,2025-12-05T12:00:00Z,2025-12-04,2025-12-05,6,0.2785982576520524,"CAR[0,5]",0,5
697475,KR,kr-quarterly-earnings-nongaap-eps-12-04-2025-1pt03,KR,0.8-1.0,5,0.89,2025-12-04T13:00:03Z,2025-12-03,2025-12-04,11,-0.06091400161607473,"CAR[-5,5]",-5,5
697475,KR,kr-quarterly-earnings-nongaap-eps-12-04-2025-1pt03,KR,0.8-1.0,5,0.89,2025-12-04T13:00:03Z,2025-12-03,2025-12-04,1,-0.04651654085965378,AR[0],0,0
697475,KR,kr-quarterly-earnings-nongaap-eps-12-04-2025-1pt03,KR,0.8-1.0,5,0.89,2025-12-04T13:00:03Z,2025-12-03,2025-12-04,2,-0.053424751623645,"CAR[0,1]",0,1
697475,KR,kr-quarterly-earnings-nongaap-eps-12-04-2025-1pt03,KR,0.8-1.0,5,0.89,2025-12-04T13:00:03Z,2025-12-03,2025-12-04,4,-0.05238357273322638,"CAR[0,3]",0,3
697475,KR,kr-quarterly-earnings-nongaap-eps-12-04-2025-1pt03,KR,0.8-1.0,5,0.89,2025-12-04T13:00:03Z,2025-12-03,2025-12-04,6,-0.062002639093498096,"CAR[0,5]",0,5
697476,BBW,bbw-quarterly-earnings-gaap-eps-12-04-2025-0pt59,BBW,0.8-1.0,5,0.8250000000000001,2025-12-04T11:45:00Z,2025-12-03,2025-12-04,11,0.011947673615218282,"CAR[-5,5]",-5,5
697476,BBW,bbw-quarterly-earnings-gaap-eps-12-04-2025-0pt59,BBW,0.8-1.0,5,0.8250000000000001,2025-12-04T11:45:00Z,2025-12-03,2025-12-04,1,-0.15875146588524391,AR[0],0,0
697476,BBW,bbw-quarterly-earnings-gaap-eps-12-04-2025-0pt59,BBW,0.8-1.0,5,0.8250000000000001,2025-12-04T11:45:00Z,2025-12-03,2025-12-04,2,-0.13638943830043734,"CAR[0,1]",0,1
697476,BBW,bbw-quarterly-earnings-gaap-eps-12-04-2025-0pt59,BBW,0.8-1.0,5,0.8250000000000001,2025-12-04T11:45:00Z,2025-12-03,2025-12-04,4,-0.08940539457777476,"CAR[0,3]",0,3
697476,BBW,bbw-quarterly-earnings-gaap-eps-12-04-2025-0pt59,BBW,0.8-1.0,5,0.8250000000000001,2025-12-04T11:45:00Z,2025-12-03,2025-12-04,6,-0.07726747104493711,"CAR[0,5]",0,5
700377,FIVE,five-quarterly-earnings-nongaap-eps-12-03-2025-0pt24,FIVE.N,0.8-1.0,5,0.87,2025-12-03T21:01:00Z,2025-12-03,2025-12-04,11,0.03286993046444959,"CAR[-5,5]",-5,5
700377,FIVE,five-quarterly-earnings-nongaap-eps-12-03-2025-0pt24,FIVE.N,0.8-1.0,5,0.87,2025-12-03T21:01:00Z,2025-12-03,2025-12-04,1,0.026620819971220042,AR[0],0,0
700377,FIVE,five-quarterly-earnings-nongaap-eps-12-03-2025-0pt24,FIVE.N,0.8-1.0,5,0.87,2025-12-03T21:01:00Z,2025-12-03,2025-12-04,2,0.04777407291068103,"CAR[0,1]",0,1
700377,FIVE,five-quarterly-earnings-nongaap-eps-12-03-2025-0pt24,FIVE.N,0.8-1.0,5,0.87,2025-12-03T21:01:00Z,2025-12-03,2025-12-04,4,0.061755031177485264,"CAR[0,3]",0,3
700377,FIVE,five-quarterly-earnings-nongaap-eps-12-03-2025-0pt24,FIVE.N,0.8-1.0,5,0.87,2025-12-03T21:01:00Z,2025-12-03,2025-12-04,6,0.07162213637601098,"CAR[0,5]",0,5
701955,CASY,casy-quarterly-earnings-gaap-eps-12-09-2025-5pt2,CASY.N,0.8-1.0,5,0.895,2025-12-09T21:30:00Z,2025-12-09,2025-12-10,11,-0.023751457746776405,"CAR[-5,5]",-5,5
701955,CASY,casy-quarterly-earnings-gaap-eps-12-09-2025-5pt2,CASY.N,0.8-1.0,5,0.895,2025-12-09T21:30:00Z,2025-12-09,2025-12-10,1,-0.05793058133960219,AR[0],0,0
701955,CASY,casy-quarterly-earnings-gaap-eps-12-09-2025-5pt2,CASY.N,0.8-1.0,5,0.895,2025-12-09T21:30:00Z,2025-12-09,2025-12-10,2,-0.04242277538859182,"CAR[0,1]",0,1
701955,CASY,casy-quarterly-earnings-gaap-eps-12-09-2025-5pt2,CASY.N,0.8-1.0,5,0.895,2025-12-09T21:30:00Z,2025-12-09,2025-12-10,4,-0.031094306774748788,"CAR[0,3]",0,3
701955,CASY,casy-quarterly-earnings-gaap-eps-12-09-2025-5pt2,CASY.N,0.8-1.0,5,0.895,2025-12-09T21:30:00Z,2025-12-09,2025-12-10,6,-0.01284305565933086,"CAR[0,5]",0,5
701961,ADBE,adbe-quarterly-earnings-nongaap-eps-12-10-2025-5pt4,ADBE.N,0.8-1.0,5,0.956,2025-12-10T21:05:00Z,2025-12-10,2025-12-11,11,0.11609120705221943,"CAR[-5,5]",-5,5
701961,ADBE,adbe-quarterly-earnings-nongaap-eps-12-10-2025-5pt4,ADBE.N,0.8-1.0,5,0.956,2025-12-10T21:05:00Z,2025-12-10,2025-12-11,1,0.020213766050882338,AR[0],0,0
701961,ADBE,adbe-quarterly-earnings-nongaap-eps-12-10-2025-5pt4,ADBE.N,0.8-1.0,5,0.956,2025-12-10T21:05:00Z,2025-12-10,2025-12-11,2,0.04842009490610427,"CAR[0,1]",0,1
701961,ADBE,adbe-quarterly-earnings-nongaap-eps-12-10-2025-5pt4,ADBE.N,0.8-1.0,5,0.956,2025-12-10T21:05:00Z,2025-12-10,2025-12-11,4,0.03081489427769711,"CAR[0,3]",0,3
701961,ADBE,adbe-quarterly-earnings-nongaap-eps-12-10-2025-5pt4,ADBE.N,0.8-1.0,5,0.956,2025-12-10T21:05:00Z,2025-12-10,2025-12-11,6,0.060302154129518115,"CAR[0,5]",0,5
701985,CPB,cpb-quarterly-earnings-nongaap-eps-12-09-2025-0pt73,CPB.N,0.8-1.0,5,0.9535,2025-12-09T12:15:00Z,2025-12-08,2025-12-09,11,-0.03779025842392797,"CAR[-5,5]",-5,5
701985,CPB,cpb-quarterly-earnings-nongaap-eps-12-09-2025-0pt73,CPB.N,0.8-1.0,5,0.9535,2025-12-09T12:15:00Z,2025-12-08,2025-12-09,1,-0.05198156561467653,AR[0],0,0
701985,CPB,cpb-quarterly-earnings-nongaap-eps-12-09-2025-0pt73,CPB.N,0.8-1.0,5,0.9535,2025-12-09T12:15:00Z,2025-12-08,2025-12-09,2,-0.06215003900944292,"CAR[0,1]",0,1
701985,CPB,cpb-quarterly-earnings-nongaap-eps-12-09-2025-0pt73,CPB.N,0.8-1.0,5,0.9535,2025-12-09T12:15:00Z,2025-12-08,2025-12-09,4,-0.03444985617918388,"CAR[0,3]",0,3
701985,CPB,cpb-quarterly-earnings-nongaap-eps-12-09-2025-0pt73,CPB.N,0.8-1.0,5,0.9535,2025-12-09T12:15:00Z,2025-12-08,2025-12-09,6,-0.0308041393062828,"CAR[0,5]",0,5
701986,DBI,dbi-quarterly-earnings-nongaap-eps-12-09-2025-0pt16,DBI,0.8-1.0,5,0.8150000000000001,2025-12-09T11:45:00Z,2025-12-08,2025-12-09,11,0.8049305272491752,"CAR[-5,5]",-5,5
701986,DBI,dbi-quarterly-earnings-nongaap-eps-12-09-2025-0pt16,DBI,0.8-1.0,5,0.8150000000000001,2025-12-09T11:45:00Z,2025-12-08,2025-12-09,1,0.4864663492427621,AR[0],0,0
701986,DBI,dbi-quarterly-earnings-nongaap-eps-12-09-2025-0pt16,DBI,0.8-1.0,5,0.8150000000000001,2025-12-09T11:45:00Z,2025-12-08,2025-12-09,2,0.6505108830111146,"CAR[0,1]",0,1
701986,DBI,dbi-quarterly-earnings-nongaap-eps-12-09-2025-0pt16,DBI,0.8-1.0,5,0.8150000000000001,2025-12-09T11:45:00Z,2025-12-08,2025-12-09,4,0.6464908608567667,"CAR[0,3]",0,3
701986,DBI,dbi-quarterly-earnings-nongaap-eps-12-09-2025-0pt16,DBI,0.8-1.0,5,0.8150000000000001,2025-12-09T11:45:00Z,2025-12-08,2025-12-09,6,0.6698228014984737,"CAR[0,5]",0,5
701993,GME,gme-quarterly-earnings-nongaap-eps-12-09-2025-0pt2,GME,0.8-1.0,5,0.905,2025-12-09T21:02:00Z,2025-12-09,2025-12-10,11,0.04409860498205045,"CAR[-5,5]",-5,5
701993,GME,gme-quarterly-earnings-nongaap-eps-12-09-2025-0pt2,GME,0.8-1.0,5,0.905,2025-12-09T21:02:00Z,2025-12-09,2025-12-10,1,-0.04750166929290578,AR[0],0,0
701993,GME,gme-quarterly-earnings-nongaap-eps-12-09-2025-0pt2,GME,0.8-1.0,5,0.905,2025-12-09T21:02:00Z,2025-12-09,2025-12-10,2,-0.05963409323133112,"CAR[0,1]",0,1
701993,GME,gme-quarterly-earnings-nongaap-eps-12-09-2025-0pt2,GME,0.8-1.0,5,0.905,2025-12-09T21:02:00Z,2025-12-09,2025-12-10,4,-0.0336379024413605,"CAR[0,3]",0,3
701993,GME,gme-quarterly-earnings-nongaap-eps-12-09-2025-0pt2,GME,0.8-1.0,5,0.905,2025-12-09T21:02:00Z,2025-12-09,2025-12-10,6,0.024507325643119658,"CAR[0,5]",0,5
701994,MTN,mtn-quarterly-earnings-gaap-eps-12-10-2025-neg5pt24,MTN,0.8-1.0,5,0.845,2025-12-10T21:05:00Z,2025-12-10,2025-12-11,11,0.12207972936643245,"CAR[-5,5]",-5,5
701994,MTN,mtn-quarterly-earnings-gaap-eps-12-10-2025-neg5pt24,MTN,0.8-1.0,5,0.845,2025-12-10T21:05:00Z,2025-12-10,2025-12-11,1,0.09260935529515486,AR[0],0,0
701994,MTN,mtn-quarterly-earnings-gaap-eps-12-10-2025-neg5pt24,MTN,0.8-1.0,5,0.845,2025-12-10T21:05:00Z,2025-12-10,2025-12-11,2,0.14939126549066994,"CAR[0,1]",0,1
701994,MTN,mtn-quarterly-earnings-gaap-eps-12-10-2025-neg5pt24,MTN,0.8-1.0,5,0.845,2025-12-10T21:05:00Z,2025-12-10,2025-12-11,4,0.13365629714597213,"CAR[0,3]",0,3
701994,MTN,mtn-quarterly-earnings-gaap-eps-12-10-2025-neg5pt24,MTN,0.8-1.0,5,0.845,2025-12-10T21:05:00Z,2025-12-10,2025-12-11,6,0.11555330572634898,"CAR[0,5]",0,5
703110,MU,mu-quarterly-earnings-nongaap-eps-12-17-2025-3pt78,MU.N,0.8-1.0,5,0.9755,2025-12-17T21:01:00Z,2025-12-17,2025-12-18,11,0.012671458787354976,"CAR[-5,5]",-5,5
703110,MU,mu-quarterly-earnings-nongaap-eps-12-17-2025-3pt78,MU.N,0.8-1.0,5,0.9755,2025-12-17T21:01:00Z,2025-12-17,2025-12-18,1,0.08144213708214099,AR[0],0,0
703110,MU,mu-quarterly-earnings-nongaap-eps-12-17-2025-3pt78,MU.N,0.8-1.0,5,0.9755,2025-12-17T21:01:00Z,2025-12-17,2025-12-18,2,0.1276030972416975,"CAR[0,1]",0,1
703110,MU,mu-quarterly-earnings-nongaap-eps-12-17-2025-3pt78,MU.N,0.8-1.0,5,0.9755,2025-12-17T21:01:00Z,2025-12-17,2025-12-18,4,0.13332918686089743,"CAR[0,3]",0,3
703110,MU,mu-quarterly-earnings-nongaap-eps-12-17-2025-3pt78,MU.N,0.8-1.0,5,0.9755,2025-12-17T21:01:00Z,2025-12-17,2025-12-18,6,0.14634089620658547,"CAR[0,5]",0,5
703111,GIS,gis-quarterly-earnings-nongaap-eps-12-17-2025-1pt02,GIS,0.8-1.0,5,0.953,2025-12-17T12:00:00Z,2025-12-16,2025-12-17,11,0.04777887214483813,"CAR[-5,5]",-5,5
703111,GIS,gis-quarterly-earnings-nongaap-eps-12-17-2025-1pt02,GIS,0.8-1.0,5,0.953,2025-12-17T12:00:00Z,2025-12-16,2025-12-17,1,0.03807340133819239,AR[0],0,0
703111,GIS,gis-quarterly-earnings-nongaap-eps-12-17-2025-1pt02,GIS,0.8-1.0,5,0.953,2025-12-17T12:00:00Z,2025-12-16,2025-12-17,2,0.04030662564269847,"CAR[0,1]",0,1
703111,GIS,gis-quarterly-earnings-nongaap-eps-12-17-2025-1pt02,GIS,0.8-1.0,5,0.953,2025-12-17T12:00:00Z,2025-12-16,2025-12-17,4,0.013725501060793647,"CAR[0,3]",0,3
703111,GIS,gis-quarterly-earnings-nongaap-eps-12-17-2025-1pt02,GIS,0.8-1.0,5,0.953,2025-12-17T12:00:00Z,2025-12-16,2025-12-17,6,0.007455107719361627,"CAR[0,5]",0,5
703120,ACN,acn-quarterly-earnings-gaap-eps-12-18-2025-3pt44,ACN,0.8-1.0,5,0.905,2025-12-18T11:39:00Z,2025-12-17,2025-12-18,11,0.0188760447883304,"CAR[-5,5]",-5,5
703120,ACN,acn-quarterly-earnings-gaap-eps-12-18-2025-3pt44,ACN,0.8-1.0,5,0.905,2025-12-18T11:39:00Z,2025-12-17,2025-12-18,1,-0.019425360157773432,AR[0],0,0
703120,ACN,acn-quarterly-earnings-gaap-eps-12-18-2025-3pt44,ACN,0.8-1.0,5,0.905,2025-12-18T11:39:00Z,2025-12-17,2025-12-18,2,-0.0174836142146374,"CAR[0,1]",0,1
703120,ACN,acn-quarterly-earnings-gaap-eps-12-18-2025-3pt44,ACN,0.8-1.0,5,0.905,2025-12-18T11:39:00Z,2025-12-17,2025-12-18,4,-0.029044569999932966,"CAR[0,3]",0,3
703120,ACN,acn-quarterly-earnings-gaap-eps-12-18-2025-3pt44,ACN,0.8-1.0,5,0.905,2025-12-18T11:39:00Z,2025-12-17,2025-12-18,6,-0.025536684673641813,"CAR[0,5]",0,5
703171,FDS,fds-quarterly-earnings-nongaap-eps-12-18-2025-4pt34,FDS,0.8-1.0,5,0.805,2025-12-18T12:00:01Z,2025-12-17,2025-12-18,11,0.0622645913916226,"CAR[-5,5]",-5,5
703171,FDS,fds-quarterly-earnings-nongaap-eps-12-18-2025-4pt34,FDS,0.8-1.0,5,0.805,2025-12-18T12:00:01Z,2025-12-17,2025-12-18,1,-0.07699535371333496,AR[0],0,0
703171,FDS,fds-quarterly-earnings-nongaap-eps-12-18-2025-4pt34,FDS,0.8-1.0,5,0.805,2025-12-18T12:00:01Z,2025-12-17,2025-12-18,2,-0.022290026106674937,"CAR[0,1]",0,1
703171,FDS,fds-quarterly-earnings-nongaap-eps-12-18-2025-4pt34,FDS,0.8-1.0,5,0.805,2025-12-18T12:00:01Z,2025-12-17,2025-12-18,4,-0.01179686463954312,"CAR[0,3]",0,3
703171,FDS,fds-quarterly-earnings-nongaap-eps-12-18-2025-4pt34,FDS,0.8-1.0,5,0.805,2025-12-18T12:00:01Z,2025-12-17,2025-12-18,6,-4.849126423557334e-4,"CAR[0,5]",0,5
703173,CTAS,ctas-quarterly-earnings-gaap-eps-12-18-2025-1pt2,CTAS.N,0.8-1.0,5,0.93,2025-12-18T13:30:00Z,2025-12-17,2025-12-18,11,0.045787551872787144,"CAR[-5,5]",-5,5
703173,CTAS,ctas-quarterly-earnings-gaap-eps-12-18-2025-1pt2,CTAS.N,0.8-1.0,5,0.93,2025-12-18T13:30:00Z,2025-12-17,2025-12-18,1,0.010414807190228595,AR[0],0,0
703173,CTAS,ctas-quarterly-earnings-gaap-eps-12-18-2025-1pt2,CTAS.N,0.8-1.0,5,0.93,2025-12-18T13:30:00Z,2025-12-17,2025-12-18,2,-0.005799304446789534,"CAR[0,1]",0,1
703173,CTAS,ctas-quarterly-earnings-gaap-eps-12-18-2025-1pt2,CTAS.N,0.8-1.0,5,0.93,2025-12-18T13:30:00Z,2025-12-17,2025-12-18,4,0.007802337058134523,"CAR[0,3]",0,3
703173,CTAS,ctas-quarterly-earnings-gaap-eps-12-18-2025-1pt2,CTAS.N,0.8-1.0,5,0.93,2025-12-18T13:30:00Z,2025-12-17,2025-12-18,6,0.011850463278062209,"CAR[0,5]",0,5
703174,PAYX,payx-quarterly-earnings-nongaap-eps-12-18-2025-1pt23,PAYX.N,0.8-1.0,5,0.895,2025-12-19T13:30:00Z,2025-12-18,2025-12-19,11,0.02588145894624907,"CAR[-5,5]",-5,5
703174,PAYX,payx-quarterly-earnings-nongaap-eps-12-18-2025-1pt23,PAYX.N,0.8-1.0,5,0.895,2025-12-19T13:30:00Z,2025-12-18,2025-12-19,1,-0.019308192178820918,AR[0],0,0
703174,PAYX,payx-quarterly-earnings-nongaap-eps-12-18-2025-1pt23,PAYX.N,0.8-1.0,5,0.895,2025-12-19T13:30:00Z,2025-12-18,2025-12-19,2,0.0025953903234938736,"CAR[0,1]",0,1
703174,PAYX,payx-quarterly-earnings-nongaap-eps-12-18-2025-1pt23,PAYX.N,0.8-1.0,5,0.895,2025-12-19T13:30:00Z,2025-12-18,2025-12-19,4,0.0011849862539661587,"CAR[0,3]",0,3
703174,PAYX,payx-quarterly-earnings-nongaap-eps-12-18-2025-1pt23,PAYX.N,0.8-1.0,5,0.895,2025-12-19T13:30:00Z,2025-12-18,2025-12-19,6,0.0038307358868139175,"CAR[0,5]",0,5
703175,LW,lw-quarterly-earnings-nongaap-eps-12-19-2025-0pt63,LW,0.8-1.0,5,0.8150000000000001,2025-12-19T13:30:00Z,2025-12-18,2025-12-19,11,-0.3047634695781068,"CAR[-5,5]",-5,5
703175,LW,lw-quarterly-earnings-nongaap-eps-12-19-2025-0pt63,LW,0.8-1.0,5,0.8150000000000001,2025-12-19T13:30:00Z,2025-12-18,2025-12-19,1,-0.267492484210915,AR[0],0,0
703175,LW,lw-quarterly-earnings-nongaap-eps-12-19-2025-0pt63,LW,0.8-1.0,5,0.8150000000000001,2025-12-19T13:30:00Z,2025-12-18,2025-12-19,2,-0.2991943750180753,"CAR[0,1]",0,1
703175,LW,lw-quarterly-earnings-nongaap-eps-12-19-2025-0pt63,LW,0.8-1.0,5,0.8150000000000001,2025-12-19T13:30:00Z,2025-12-18,2025-12-19,4,-0.31279707293060993,"CAR[0,3]",0,3
703175,LW,lw-quarterly-earnings-nongaap-eps-12-19-2025-0pt63,LW,0.8-1.0,5,0.8150000000000001,2025-12-19T13:30:00Z,2025-12-18,2025-12-19,6,-0.3230671960184003,"CAR[0,5]",0,5
703176,CCL,ccl-quarterly-earnings-nongaap-eps-12-19-2025-0pt25,CCL,0.8-1.0,5,0.95,2025-12-19T13:30:00Z,2025-12-18,2025-12-19,11,0.10307932212647691,"CAR[-5,5]",-5,5
703176,CCL,ccl-quarterly-earnings-nongaap-eps-12-19-2025-0pt25,CCL,0.8-1.0,5,0.95,2025-12-19T13:30:00Z,2025-12-18,2025-12-19,1,0.08082044208264845,AR[0],0,0
703176,CCL,ccl-quarterly-earnings-nongaap-eps-12-19-2025-0pt25,CCL,0.8-1.0,5,0.95,2025-12-19T13:30:00Z,2025-12-18,2025-12-19,2,0.10291960037379977,"CAR[0,1]",0,1
703176,CCL,ccl-quarterly-earnings-nongaap-eps-12-19-2025-0pt25,CCL,0.8-1.0,5,0.95,2025-12-19T13:30:00Z,2025-12-18,2025-12-19,4,0.05798908522940763,"CAR[0,3]",0,3
703176,CCL,ccl-quarterly-earnings-nongaap-eps-12-19-2025-0pt25,CCL,0.8-1.0,5,0.95,2025-12-19T13:30:00Z,2025-12-18,2025-12-19,6,0.048509499608798114,"CAR[0,5]",0,5
898889,AVGO,avgo-quarterly-earnings-nongaap-eps-12-11-2025-1pt87,AVGO.N,0.8-1.0,5,0.9545,2025-12-11T21:15:00Z,2025-12-11,2025-12-12,11,-0.12825273831279527,"CAR[-5,5]",-5,5
898889,AVGO,avgo-quarterly-earnings-nongaap-eps-12-11-2025-1pt87,AVGO.N,0.8-1.0,5,0.9545,2025-12-11T21:15:00Z,2025-12-11,2025-12-12,1,-0.09939751998192178,AR[0],0,0
898889,AVGO,avgo-quarterly-earnings-nongaap-eps-12-11-2025-1pt87,AVGO.N,0.8-1.0,5,0.9545,2025-12-11T21:15:00Z,2025-12-11,2025-12-12,2,-0.15539972988479853,"CAR[0,1]",0,1
898889,AVGO,avgo-quarterly-earnings-nongaap-eps-12-11-2025-1pt87,AVGO.N,0.8-1.0,5,0.9545,2025-12-11T21:15:00Z,2025-12-11,2025-12-12,4,-0.17699700176277613,"CAR[0,3]",0,3
898889,AVGO,avgo-quarterly-earnings-nongaap-eps-12-11-2025-1pt87,AVGO.N,0.8-1.0,5,0.9545,2025-12-11T21:15:00Z,2025-12-11,2025-12-12,6,-0.16853962044037013,"CAR[0,5]",0,5
899875,COST,cost-quarterly-earnings-gaap-eps-12-11-2025-4pt28,COST.N,0.8-1.0,5,0.925,2025-12-11T21:00:00Z,2025-12-11,2025-12-12,11,-0.03377911838594989,"CAR[-5,5]",-5,5
899875,COST,cost-quarterly-earnings-gaap-eps-12-11-2025-4pt28,COST.N,0.8-1.0,5,0.925,2025-12-11T21:00:00Z,2025-12-11,2025-12-12,1,0.005760295339977048,AR[0],0,0
899875,COST,cost-quarterly-earnings-gaap-eps-12-11-2025-4pt28,COST.N,0.8-1.0,5,0.925,2025-12-11T21:00:00Z,2025-12-11,2025-12-12,2,-0.019339143930208684,"CAR[0,1]",0,1
899875,COST,cost-quarterly-earnings-gaap-eps-12-11-2025-4pt28,COST.N,0.8-1.0,5,0.925,2025-12-11T21:00:00Z,2025-12-11,2025-12-12,4,-0.008175677145965201,"CAR[0,3]",0,3
899875,COST,cost-quarterly-earnings-gaap-eps-12-11-2025-4pt28,COST.N,0.8-1.0,5,0.925,2025-12-11T21:00:00Z,2025-12-11,2025-12-12,6,-0.02257070656144977,"CAR[0,5]",0,5
899876,LULU,lulu-quarterly-earnings-gaap-eps-12-11-2025-2pt21,LULU.N,0.8-1.0,5,0.954,2025-12-11T21:06:00Z,2025-12-11,2025-12-12,11,0.20469371024504734,"CAR[-5,5]",-5,5
899876,LULU,lulu-quarterly-earnings-gaap-eps-12-11-2025-2pt21,LULU.N,0.8-1.0,5,0.954,2025-12-11T21:06:00Z,2025-12-11,2025-12-12,1,0.11752225458939994,AR[0],0,0
899876,LULU,lulu-quarterly-earnings-gaap-eps-12-11-2025-2pt21,LULU.N,0.8-1.0,5,0.954,2025-12-11T21:06:00Z,2025-12-11,2025-12-12,2,0.13202077309252197,"CAR[0,1]",0,1
899876,LULU,lulu-quarterly-earnings-gaap-eps-12-11-2025-2pt21,LULU.N,0.8-1.0,5,0.954,2025-12-11T21:06:00Z,2025-12-11,2025-12-12,4,0.16959256682041263,"CAR[0,3]",0,3
899876,LULU,lulu-quarterly-earnings-gaap-eps-12-11-2025-2pt21,LULU.N,0.8-1.0,5,0.954,2025-12-11T21:06:00Z,2025-12-11,2025-12-12,6,0.16566402921878565,"CAR[0,5]",0,5
899879,LEN,len-quarterly-earnings-gaap-eps-12-16-2025-2pt22,LEN,0.8-1.0,5,0.855,2025-12-16T21:30:00Z,2025-12-16,2025-12-17,11,-0.1157787651856272,"CAR[-5,5]",-5,5
899879,LEN,len-quarterly-earnings-gaap-eps-12-16-2025-2pt22,LEN,0.8-1.0,5,0.855,2025-12-16T21:30:00Z,2025-12-16,2025-12-17,1,-0.03588387775257231,AR[0],0,0
899879,LEN,len-quarterly-earnings-gaap-eps-12-16-2025-2pt22,LEN,0.8-1.0,5,0.855,2025-12-16T21:30:00Z,2025-12-16,2025-12-17,2,-0.07689740277770887,"CAR[0,1]",0,1
899879,LEN,len-quarterly-earnings-gaap-eps-12-16-2025-2pt22,LEN,0.8-1.0,5,0.855,2025-12-16T21:30:00Z,2025-12-16,2025-12-17,4,-0.10132606367633608,"CAR[0,3]",0,3
899879,LEN,len-quarterly-earnings-gaap-eps-12-16-2025-2pt22,LEN,0.8-1.0,5,0.855,2025-12-16T21:30:00Z,2025-12-16,2025-12-17,6,-0.12499015119624339,"CAR[0,5]",0,5
973541,JEF,jef-quarterly-earnings-gaap-eps-01-07-2026-0pt96,JEF,0.8-1.0,5,0.8150000000000001,2026-01-07T21:15:00Z,2026-01-07,2026-01-08,11,0.02668192263832399,"CAR[-5,5]",-5,5
973541,JEF,jef-quarterly-earnings-gaap-eps-01-07-2026-0pt96,JEF,0.8-1.0,5,0.8150000000000001,2026-01-07T21:15:00Z,2026-01-07,2026-01-08,1,-0.05492584366294767,AR[0],0,0
973541,JEF,jef-quarterly-earnings-gaap-eps-01-07-2026-0pt96,JEF,0.8-1.0,5,0.8150000000000001,2026-01-07T21:15:00Z,2026-01-07,2026-01-08,2,-0.04679731271436606,"CAR[0,1]",0,1
973541,JEF,jef-quarterly-earnings-gaap-eps-01-07-2026-0pt96,JEF,0.8-1.0,5,0.8150000000000001,2026-01-07T21:15:00Z,2026-01-07,2026-01-08,4,-0.04569762766028884,"CAR[0,3]",0,3
973541,JEF,jef-quarterly-earnings-gaap-eps-01-07-2026-0pt96,JEF,0.8-1.0,5,0.8150000000000001,2026-01-07T21:15:00Z,2026-01-07,2026-01-08,6,-0.003762228062953495,"CAR[0,5]",0,5
