market_id,ticker,slug,ric,release_dt_utc,release_dt_ny,release_date_ny,release_timing,asof_date,snapshot_dt_utc_parsed,signal_value,id,resolvedOutcome,umaEndDate,acceptingOrdersTimestamp,volumeNum,val_eikon_eps_stddev_estimate,val_surprise,earnings_release_datetime,market_cap_usd_asof,analysts_covering_asof,gics_sector,turnover_6m_sum_volume,turnover_6m_avg_daily_volume,volatility_6m,horizon,horizon_seconds,p_hist_asof_end_minus_1d,snapshot_dt_utc,p_polymarket_yes,p_dice_0p5,loss_polymarket,loss_dice,loss_hist,seconds_before_close,status,purchase_date,event_trading_date,signal_cutoff_utc,snapshot_date_ny,observed_before_cutoff,same_day_signal,signal_bin,signal_bin_id
1069148,JPM,jpm-quarterly-earnings-gaap-eps-01-13-2026-4pt94,JPM,2026-01-13T11:48:00Z,2026-01-13T11:48:00Z,2026-01-13,before_open,2026-01-11,2026-01-12T16:00:16Z,0.658,1069148,No,2026-01-13T16:06:59Z,2025-12-30T22:48:39Z,141618.557105,0.08996000000000001,0.29000000000000004,2026-01-13T11:48:00Z,887562078000,27,Financials,1060634028,8417730.38095238,0.012497803489729,1d,86400,0.7569620253164551,2026-01-12T16:00:16Z,0.658,0.5,0.432964,0.25,0.57299150777119,86803,ok,2026-01-12,2026-01-13,2026-01-12T21:00:00Z,2026-01-12,TRUE,TRUE,0.6-0.8,4
1069149,BK,bk-quarterly-earnings-nongaap-eps-01-13-2026-1pt99,BK,2026-01-13T13:30:00Z,2026-01-13T13:30:00Z,2026-01-13,before_open,2026-01-11,2026-01-12T16:00:18Z,0.88,1069149,Yes,2026-01-13T16:10:05Z,2025-12-30T22:49:41Z,41553.592934,0.05423000000000001,0.09000000000000001,2026-01-13T13:30:00Z,81927613440,17,Financials,436896441,3467432.0714285714,0.010783560056105,1d,86400,0.7569620253164551,2026-01-12T16:00:18Z,0.88,0.5,0.0144,0.25,0.059067457138279,86987,ok,2026-01-12,2026-01-13,2026-01-12T21:00:00Z,2026-01-12,TRUE,TRUE,0.8-1.0,5
1069150,DAL,dal-quarterly-earnings-nongaap-eps-01-13-2026-1pt57,DAL,2026-01-13T11:30:00Z,2026-01-13T11:30:00Z,2026-01-13,before_open,2026-01-11,2026-01-12T16:00:11Z,0.745,1069150,No,2026-01-13T16:10:05Z,2025-12-30T22:49:17Z,34846.39086,0.03727,-0.019999999999999,2026-01-13T11:30:00Z,47215737754.08,28,Industrials,1008356634,8002830.428571428,0.022661128725539,1d,86400,0.7569620253164551,2026-01-12T16:00:11Z,0.745,0.5,0.555025,0.25,0.57299150777119,86994,ok,2026-01-12,2026-01-13,2026-01-12T21:00:00Z,2026-01-12,TRUE,TRUE,0.6-0.8,4
1099134,BAC,bac-quarterly-earnings-gaap-eps-01-14-2026-0pt97,BAC,2026-01-14T11:45:00Z,2026-01-14T11:45:00Z,2026-01-14,before_open,2026-01-12,2026-01-13T14:40:14Z,0.8250000000000001,1099134,Yes,2026-01-14T14:49:42Z,2026-01-04T04:49:45Z,36178.687969,0.02763,0.01,2026-01-14T11:45:00Z,398055907200.55,25,Financials,4550237167,35828639.11023622,0.012513829224162,1d,86400,0.757575757575757,2026-01-13T14:40:14Z,0.8250000000000001,0.5,0.030625,0.25,0.058769513314967,86968,ok,2026-01-13,2026-01-14,2026-01-13T21:00:00Z,2026-01-13,TRUE,TRUE,0.8-1.0,5
1099135,WFC,wfc-quarterly-earnings-gaap-eps-01-14-2026-1pt68,WFC,2026-01-14T12:00:00Z,2026-01-14T12:00:00Z,2026-01-14,before_open,2026-01-12,2026-01-13T15:00:18Z,0.765,1099135,No,2026-01-14T15:05:56Z,2026-01-04T04:48:47Z,56879.688635,0.0535,-0.06,2026-01-14T12:00:00Z,293673296000,26,Financials,1886661221,14855600.16535433,0.015669936864813,1d,86400,0.757575757575757,2026-01-13T15:00:18Z,0.765,0.5,0.585225,0.25,0.5739210284664831,86738,ok,2026-01-13,2026-01-14,2026-01-13T21:00:00Z,2026-01-13,TRUE,TRUE,0.6-0.8,4
1099148,C,c-quarterly-earnings-gaap-eps-01-14-2026-1pt69,C,2026-01-14T13:00:02Z,2026-01-14T13:00:02Z,2026-01-14,before_open,2026-01-12,2026-01-13T15:30:19Z,0.395,1099148,No,2026-01-14T15:35:10Z,2026-01-04T04:52:45Z,39081.184395,0.10269,0.12,2026-01-14T13:00:02Z,210600610000,23,Financials,1755850018,13825590.692913383,0.01495329546225,1d,86400,0.757575757575757,2026-01-13T15:30:19Z,0.395,0.5,0.15602500000000002,0.25,0.5739210284664831,86691,ok,2026-01-13,2026-01-14,2026-01-13T21:00:00Z,2026-01-13,TRUE,TRUE,0.2-0.4,2
1099149,MS,ms-quarterly-earnings-gaap-eps-01-15-2026-2pt42,MS,2026-01-15T12:30:00Z,2026-01-15T12:30:00Z,2026-01-15,before_open,2026-01-13,2026-01-14T15:10:16Z,0.425,1099149,Yes,2026-01-15T15:12:40Z,2026-01-04T04:50:27Z,40360.273668,0.11892,0.26,2026-01-15T12:30:00Z,289309080000,27,Financials,685021317,5351729.0390625,0.013306198143576,1d,86400,0.753117206982543,2026-01-14T15:10:16Z,0.425,0.5,0.330624999999999,0.25,0.0609511134881,86544,ok,2026-01-14,2026-01-15,2026-01-14T21:00:00Z,2026-01-14,TRUE,TRUE,0.4-0.6,3
1099181,GS,gs-quarterly-earnings-gaap-eps-01-15-2026-11pt49,GS,2026-01-15T12:30:00Z,2026-01-15T12:30:00Z,2026-01-15,before_open,2026-01-13,2026-01-14T15:10:12Z,0.845,1099181,Yes,2026-01-15T15:13:42Z,2026-01-04T04:55:27Z,39226.239714,0.5859800000000001,2.519999999999999,2026-01-15T12:30:00Z,281377932594.65,27,Financials,251709517,1966480.6015625,0.014898636396454,1d,86400,0.753117206982543,2026-01-14T15:10:12Z,0.845,0.5,0.024025,0.25,0.0609511134881,86610,ok,2026-01-14,2026-01-15,2026-01-14T21:00:00Z,2026-01-14,TRUE,TRUE,0.8-1.0,5
1099182,PNC,pnc-quarterly-earnings-gaap-eps-01-16-2026-4pt16,PNC,2026-01-16T11:34:19Z,2026-01-16T11:34:19Z,2026-01-16,before_open,2026-01-14,2026-01-15T16:05:14Z,0.885,1099182,Yes,2026-01-16T16:06:02Z,2026-01-04T04:54:25Z,20031.21384,0.06217,0.7199999999999991,2026-01-16T11:34:19Z,82804800000,25,Financials,244678666,1911552.078125,0.012160935363431,1d,86400,0.753694581280788,2026-01-15T16:05:14Z,0.885,0.5,0.013224999999999,0.25,0.060666359290446,86448,ok,2026-01-15,2026-01-16,2026-01-15T21:00:00Z,2026-01-15,TRUE,TRUE,0.8-1.0,5
1099187,STT,stt-quarterly-earnings-gaap-eps-01-16-2026-2pt67,STT,2026-01-16T12:30:00Z,2026-01-16T12:30:00Z,2026-01-16,before_open,2026-01-14,2026-01-15T16:00:19Z,0.275,1099187,No,2026-01-16T16:08:08Z,2026-01-04T04:56:27Z,25081.28419,0.08834,0.30000000000000004,2026-01-16T12:30:00Z,37597375631.04,19,Financials,250376718,1956068.109375,0.01354993398667,1d,86400,0.753694581280788,2026-01-15T16:00:19Z,0.275,0.5,0.07562500000000001,0.25,0.568055521852022,86869,ok,2026-01-15,2026-01-16,2026-01-15T21:00:00Z,2026-01-15,TRUE,TRUE,0.2-0.4,2
1099457,MTB,mtb-quarterly-earnings-gaap-eps-01-16-2026-4pt5,MTB,2026-01-16T10:30:00Z,2026-01-16T10:30:00Z,2026-01-16,before_open,2026-01-14,2026-01-15T16:05:14Z,0.63,1099457,Yes,2026-01-16T16:09:10Z,2026-01-04T13:32:11Z,8753.720625,0.08215,0.169999999999999,2026-01-16T10:30:00Z,31854513600,23,Financials,134559711,1051247.7421875,0.012939253691554,1d,86400,0.753694581280788,2026-01-15T16:05:14Z,0.63,0.5,0.1369,0.25,0.060666359290446,86636,ok,2026-01-15,2026-01-16,2026-01-15T21:00:00Z,2026-01-15,TRUE,TRUE,0.6-0.8,4
1118155,IBKR,ibkr-quarterly-earnings-nongaap-eps-01-20-2026-0pt56,IBKR.N,2026-01-20T21:00:00Z,2026-01-20T21:00:00Z,2026-01-20,after_close,2026-01-19,2026-01-20T12:00:15Z,0.81,1118155,Yes,2026-01-21T02:08:58Z,2026-01-06T01:58:13Z,17864.819232,0.01017,0.08999999999999901,2026-01-20T21:00:00Z,124425979116.88,10,Financials,7074325,56145.43650793651,0.02233545621282,12h,43200,0.7530562347188261,2026-01-20T12:00:15Z,0.81,0.5,0.036099999999999,0.25,0.060981223211243,50923,ok,2026-01-20,2026-01-21,2026-01-20T21:00:00Z,2026-01-20,TRUE,TRUE,0.8-1.0,5
1118156,UAL,ual-quarterly-earnings-nongaap-eps-01-20-2026-2pt98,UAL.N,2026-01-20T21:00:00Z,2026-01-20T21:00:00Z,2026-01-20,after_close,2026-01-19,2026-01-20T18:50:16Z,0.78,1118156,Yes,2026-01-21T00:59:58Z,2026-01-06T01:56:11Z,7429.686056,0.13814,0.12,2026-01-20T21:00:00Z,36741024371.61,27,Industrials,9181186,72866.55555555556,0.024825751586292,6h,21600,0.7530562347188261,2026-01-20T18:50:16Z,0.78,0.5,0.048399999999999,0.25,0.060981223211243,22182,ok,2026-01-20,2026-01-21,2026-01-20T21:00:00Z,2026-01-20,TRUE,TRUE,0.6-0.8,4
1118157,WTFC,wtfc-quarterly-earnings-gaap-eps-01-20-2026-2pt92,WTFC.N,2026-01-20T22:00:03Z,2026-01-20T22:00:03Z,2026-01-20,after_close,2026-01-19,2026-01-20T12:00:12Z,0.75,1118157,Yes,2026-01-21T01:35:56Z,2026-01-06T01:53:11Z,4260.217618,0.06214000000000001,0.229999999999999,2026-01-20T22:00:03Z,9773649054.09,14,Financials,599326,4756.555555555556,0.015928174264753,12h,43200,0.7530562347188261,2026-01-20T12:00:12Z,0.75,0.5,0.0625,0.25,0.060981223211243,48944,ok,2026-01-20,2026-01-21,2026-01-20T21:00:00Z,2026-01-20,TRUE,TRUE,0.6-0.8,4
1118261,BFC,bfc-quarterly-earnings-gaap-eps-01-20-2026-1pt8,BFC.N,2026-01-22T21:00:00Z,2026-01-22T21:00:00Z,2026-01-22,after_close,2026-01-21,2026-01-22T12:00:52Z,0.56,1118261,Yes,2026-01-23T02:09:18Z,2026-01-06T02:00:51Z,6911.297705,0.0785,0.07,2026-01-22T21:00:00Z,1522004103.68,2,Financials,131785,1037.6771653543308,0.023077901879473,6h,21600,0.75943396226415,2026-01-22T12:00:52Z,0.56,0.5,0.19359999999999905,0.25,0.05787201851192501,50906,ok,2026-01-22,2026-01-23,2026-01-22T21:00:00Z,2026-01-22,TRUE,TRUE,0.4-0.6,3
1118262,NFLX,nflx-quarterly-earnings-gaap-eps-01-20-2026-0pt55,NFLX.N,2026-01-20T21:00:00Z,2026-01-20T21:00:00Z,2026-01-20,after_close,2026-01-19,2026-01-20T12:00:28Z,0.8150000000000001,1118262,Yes,2026-01-21T01:38:54Z,2026-01-06T15:18:19Z,75530.166069,0.0247,0.01,2026-01-20T21:00:00Z,371550269200,45,Communication Services,63234936,501864.5714285714,0.018692513342585,12h,43200,0.7530562347188261,2026-01-20T12:00:28Z,0.8150000000000001,0.5,0.034225,0.25,0.060981223211243,49106,ok,2026-01-20,2026-01-21,2026-01-20T21:00:00Z,2026-01-20,TRUE,TRUE,0.8-1.0,5
1118263,USB,usb-quarterly-earnings-gaap-eps-01-20-2026-1pt19,USB,2026-01-20T11:45:00Z,2026-01-20T11:45:00Z,2026-01-20,before_open,2026-01-18,2026-01-16T14:50:12Z,0.795,1118263,Yes,2026-01-20T14:57:32Z,2026-01-06T02:02:53Z,13939.05248,0.02076,0.07,2026-01-20T11:45:00Z,84592000000,24,Financials,1147212666,9104862.42857143,0.012982752466322,4d,345600,0.7530562347188261,2026-01-16T14:50:12Z,0.795,0.5,0.042024999999999,0.25,0.060981223211243,346040,ok,2026-01-16,2026-01-20,2026-01-16T21:00:00Z,2026-01-16,TRUE,TRUE,0.6-0.8,4
1118342,KEY,key-quarterly-earnings-gaap-eps-01-20-2026-0pt39,KEY,2026-01-20T11:30:00Z,2026-01-20T11:30:00Z,2026-01-20,before_open,2026-01-18,2026-01-16T15:25:14Z,0.685,1118342,Yes,2026-01-20T15:25:48Z,2026-01-06T02:11:17Z,13078.169675,0.00887,0.019999999999999,2026-01-20T11:30:00Z,23337829170,24,Financials,2883565515,22885440.595238097,0.014796412128069,4d,345600,0.7530562347188261,2026-01-16T15:25:14Z,0.685,0.5,0.099224999999999,0.25,0.060981223211243,345634,ok,2026-01-16,2026-01-20,2026-01-16T21:00:00Z,2026-01-16,TRUE,TRUE,0.6-0.8,4
1118343,MMM,mmm-quarterly-earnings-nongaap-eps-01-20-2026-1pt81,MMM,2026-01-20T11:30:00Z,2026-01-20T11:30:00Z,2026-01-20,before_open,2026-01-18,2026-01-16T17:45:19Z,0.925,1118343,Yes,2026-01-20T17:53:12Z,2026-01-06T14:18:13Z,43951.518534,0.02544,0.02,2026-01-20T11:30:00Z,88980838181.8,20,Industrials,379667830,3013236.746031746,0.015039170470891,4d,345600,0.7530562347188261,2026-01-16T17:45:19Z,0.925,0.5,0.005624999999999,0.25,0.060981223211243,346073,ok,2026-01-16,2026-01-20,2026-01-16T21:00:00Z,2026-01-16,TRUE,TRUE,0.8-1.0,5
1118344,MBWM,mbwm-quarterly-earnings-gaap-eps-01-20-2026-1pt34,MBWM.N,2026-01-20T10:05:00Z,2026-01-20T10:05:00Z,2026-01-20,before_open,2026-01-18,2026-01-16T14:50:13Z,0.905,1118344,Yes,2026-01-20T14:57:44Z,2026-01-06T02:05:53Z,13720.47523,0.04185,0.059999999999999,2026-01-20T10:05:00Z,863178966.4,5,Financials,485080,3849.84126984127,0.017432069963276,4d,345600,0.7530562347188261,2026-01-16T14:50:13Z,0.905,0.5,0.009024999999999,0.25,0.060981223211243,346051,ok,2026-01-16,2026-01-20,2026-01-16T21:00:00Z,2026-01-16,TRUE,TRUE,0.8-1.0,5
1125126,TFC,tfc-quarterly-earnings-nongaap-eps-01-21-2026-1pt1,TFC,2026-01-21T13:30:00Z,2026-01-21T13:30:00Z,2026-01-21,before_open,2026-01-19,2026-01-20T20:20:15Z,0.415,1125126,Yes,2026-01-21T20:24:38Z,2026-01-07T00:44:39Z,60301.467645,0.02524,0.02,2026-01-21T13:30:00Z,63110875300,23,Financials,980890454,7784844.873015873,0.012871900740781,1d,86400,0.7554479418886191,2026-01-20T20:20:15Z,0.415,0.5,0.342224999999999,0.25,0.059805709126511,86663,ok,2026-01-20,2026-01-21,2026-01-20T21:00:00Z,2026-01-20,TRUE,TRUE,0.4-0.6,3
1125566,UNTY,unty-quarterly-earnings-gaap-eps-01-21-2026-1pt36,UNTY.N,2026-01-13T11:00:00Z,2026-01-13T11:00:00Z,2026-01-13,before_open,2026-01-11,2026-01-12T13:25:09Z,0.8,1125566,Yes,2026-01-13T13:29:37Z,2026-01-07T00:44:47Z,16754.322297,0.02625,0.07,2026-01-13T11:00:00Z,526849960,3,Financials,67254,538.032,0.023059431021187,1d,86400,0.7569620253164551,2026-01-12T13:25:09Z,0.8,0.5,0.039999999999999,0.25,0.059067457138279,86668,ok,2026-01-12,2026-01-13,2026-01-12T21:00:00Z,2026-01-12,TRUE,TRUE,0.8-1.0,5
1125598,BLK,blk-quarterly-earnings-nongaap-eps-01-15-2026-12pt64,BLK,2026-01-15T11:00:00Z,2026-01-15T11:00:00Z,2026-01-15,before_open,2026-01-13,2026-01-14T15:10:16Z,0.715,1125598,Yes,2026-01-15T15:13:44Z,2026-01-07T00:44:51Z,22681.523845,0.31648000000000004,0.519999999999999,2026-01-15T11:00:00Z,169043121391.86,17,Financials,78031456,609620.75,0.014548703726685,1d,86400,0.753117206982543,2026-01-14T15:10:16Z,0.715,0.5,0.081225,0.25,0.0609511134881,86608,ok,2026-01-14,2026-01-15,2026-01-14T21:00:00Z,2026-01-14,TRUE,TRUE,0.6-0.8,4
1125627,SCHW,schw-quarterly-earnings-nongaap-eps-01-21-2026-1pt36,SCHW.N,2026-01-21T12:30:00Z,2026-01-21T12:30:00Z,2026-01-21,before_open,2026-01-19,2026-01-20T15:55:09Z,0.915,1125627,Yes,2026-01-21T15:57:24Z,2026-01-07T00:46:53Z,28083.551227,0.02912,0.03,2026-01-21T12:30:00Z,184481575461.4,20,Financials,288916026,2292984.3333333335,0.012950767507002,1d,86400,0.7548543689320381,2026-01-20T15:55:09Z,0.915,0.5,0.007224999999999,0.25,0.06009638043170801,86535,ok,2026-01-20,2026-01-21,2026-01-20T21:00:00Z,2026-01-20,TRUE,TRUE,0.8-1.0,5
1125915,JNJ,jnj-quarterly-earnings-nongaap-eps-01-21-2026-2pt51,JNJ,2026-01-21T11:20:00Z,2026-01-21T11:20:00Z,2026-01-21,before_open,2026-01-19,2026-01-20T15:15:14Z,0.875,1125915,No,2026-01-21T15:17:36Z,2026-01-07T00:48:53Z,35829.907273,0.03116,-0.049999999999999,2026-01-21T11:20:00Z,526816467003.32,26,Health Care,1073101563,8516679.07142857,0.00971947496773,1d,86400,0.754257907542579,2026-01-20T15:15:14Z,0.875,0.5,0.765625,0.25,0.5689049910905091,86542,ok,2026-01-20,2026-01-21,2026-01-20T21:00:00Z,2026-01-20,TRUE,TRUE,0.8-1.0,5
1126021,CFG,cfg-quarterly-earnings-nongaap-eps-01-21-2026-1pt11,CFG,2026-01-21T11:20:00Z,2026-01-21T11:20:00Z,2026-01-21,before_open,2026-01-19,2026-01-20T16:05:14Z,0.765,1126021,Yes,2026-01-21T16:05:38Z,2026-01-07T13:55:21Z,9429.74613,0.01782,0.019999999999999,2026-01-21T11:20:00Z,26106509022.68,21,Financials,561545511,4456710.404761905,0.015487546634255,1d,86400,0.7548543689320381,2026-01-20T16:05:14Z,0.765,0.5,0.055224999999999,0.25,0.06009638043170801,86424,ok,2026-01-20,2026-01-21,2026-01-20T21:00:00Z,2026-01-20,TRUE,TRUE,0.6-0.8,4
1126184,HAL,hal-quarterly-earnings-nongaap-eps-01-21-2026-0pt54,HAL,2026-01-21T11:45:00Z,2026-01-21T11:45:00Z,2026-01-21,before_open,2026-01-19,2026-01-20T15:25:16Z,0.8,1126184,Yes,2026-01-21T15:27:36Z,2026-01-07T13:58:17Z,13313.67271,0.02786,0.14999999999999902,2026-01-21T11:45:00Z,27411778687.7,27,Energy,1596366438,12669574.904761905,0.02370846963929,1d,86400,0.7548543689320381,2026-01-20T15:25:16Z,0.8,0.5,0.039999999999999,0.25,0.06009638043170801,86540,ok,2026-01-20,2026-01-21,2026-01-20T21:00:00Z,2026-01-20,TRUE,TRUE,0.8-1.0,5
1126201,ALLY,ally-quarterly-earnings-nongaap-eps-01-21-2026-1pt04,ALLY.N,2026-01-21T12:25:00Z,2026-01-21T12:25:00Z,2026-01-21,before_open,2026-01-19,2026-01-20T16:00:17Z,0.85,1126201,Yes,2026-01-21T16:03:56Z,2026-01-07T00:49:53Z,10804.856726,0.07167000000000001,0.05,2026-01-21T12:25:00Z,13453379730,20,Financials,125445918,995602.5238095238,0.017411791110275,1d,86400,0.7548543689320381,2026-01-20T16:00:17Z,0.85,0.5,0.0225,0.25,0.06009638043170801,86619,ok,2026-01-20,2026-01-21,2026-01-20T21:00:00Z,2026-01-20,TRUE,TRUE,0.8-1.0,5
1139368,AAL,aal-quarterly-earnings-nongaap-eps-01-22-2026-0pt4,AAL.N,2026-01-27T12:00:02Z,2026-01-27T12:00:02Z,2026-01-27,before_open,2026-01-25,2026-01-26T12:00:45Z,0.68,1139368,No,2026-01-27T14:40:55Z,2026-01-08T22:48:24Z,34675.278367,0.05819,-0.24,2026-01-27T12:00:02Z,9686616843.6,26,Industrials,123718818,989750.544,0.027537059767917,12h,43200,0.757575757575757,2026-01-26T12:00:45Z,0.68,0.5,0.4624,0.25,0.5739210284664831,96010,ok,2026-01-26,2026-01-27,2026-01-26T21:00:00Z,2026-01-26,TRUE,TRUE,0.6-0.8,4
1139580,PG,pg-quarterly-earnings-nongaap-eps-01-22-2026-1pt87,PG,2026-01-22T12:00:01Z,2026-01-22T12:00:01Z,2026-01-22,before_open,2026-01-20,2026-01-21T16:05:11Z,0.925,1139580,Yes,2026-01-22T16:07:36Z,2026-01-08T22:50:44Z,33602.31168,0.01572,0.009999999999999,2026-01-22T12:00:01Z,341628100695,26,Consumer Staples,1086381195,8554182.637795275,0.010448222351558,1d,86400,0.7582938388625591,2026-01-21T16:05:11Z,0.925,0.5,0.005624999999999,0.25,0.05842186833179801,86545,ok,2026-01-21,2026-01-22,2026-01-21T21:00:00Z,2026-01-21,TRUE,TRUE,0.8-1.0,5
1139906,COF,cof-quarterly-earnings-nongaap-eps-01-22-2026-4pt17,COF,2026-01-22T21:00:00Z,2026-01-22T21:00:00Z,2026-01-22,after_close,2026-01-20,2026-01-22T17:50:17Z,0.895,1139906,No,2026-01-22T23:58:40Z,2026-01-08T22:52:02Z,24846.128033,0.26826,-0.31,2026-01-22T21:00:00Z,142972872000,26,Financials,489948870,3857865.118110236,0.018340511192833,6h,21600,0.75886524822695,2026-01-22T17:50:17Z,0.895,0.5,0.801025,0.25,0.5758764649665511,22103,ok,2026-01-22,2026-01-23,2026-01-22T21:00:00Z,2026-01-22,TRUE,TRUE,0.8-1.0,5
1139951,MKC,mkc-quarterly-earnings-nongaap-eps-01-22-2026-0pt88,MKC,2026-01-22T11:30:00Z,2026-01-22T11:30:00Z,2026-01-22,before_open,2026-01-20,2026-01-21T16:05:17Z,0.8300000000000001,1139951,No,2026-01-22T16:06:38Z,2026-01-08T22:54:06Z,7078.918482,0.00729,-0.02,2026-01-22T11:30:00Z,18202672101.63,15,Consumer Staples,332309524,2616610.42519685,0.013835240410116,1d,86400,0.7582938388625591,2026-01-21T16:05:17Z,0.8300000000000001,0.5,0.6889000000000001,0.25,0.575009546056916,86481,ok,2026-01-21,2026-01-22,2026-01-21T21:00:00Z,2026-01-21,TRUE,TRUE,0.8-1.0,5
1160451,UBSI,ubsi-quarterly-earnings-gaap-eps-01-23-2026-0pt86,UBSI.N,2026-01-22T12:50:00Z,2026-01-22T12:50:00Z,2026-01-22,before_open,2026-01-20,2026-01-21T16:10:14Z,0.735,1160451,Yes,2026-01-22T16:19:24Z,2026-01-11T17:00:46Z,16311.868646,0.00829,0.05,2026-01-22T12:50:00Z,5659554793.62,5,Financials,3023490,23807.007874015748,0.014810667759805,1d,86400,0.7582938388625591,2026-01-21T16:10:14Z,0.735,0.5,0.07022500000000001,0.25,0.05842186833179801,86950,ok,2026-01-21,2026-01-22,2026-01-21T21:00:00Z,2026-01-21,TRUE,TRUE,0.6-0.8,4
1175891,TXN,txn-quarterly-earnings-gaap-eps-01-27-2026-1pt31,TXN.N,2026-01-27T21:00:00Z,2026-01-27T21:00:00Z,2026-01-27,after_close,2026-01-26,2026-01-27T18:00:15Z,0.855,1175891,No,2026-01-28T00:02:05Z,2026-01-13T16:30:37Z,16829.861448,0.05897,-0.04,2026-01-27T21:00:00Z,178307130000,40,Information Technology,11695545,92821.78571428572,0.018960981133822,6h,21600,0.757575757575757,2026-01-27T18:00:15Z,0.855,0.5,0.731024999999999,0.25,0.5739210284664831,21710,ok,2026-01-27,2026-01-28,2026-01-27T21:00:00Z,2026-01-27,TRUE,TRUE,0.8-1.0,5
1175892,UNP,unp-quarterly-earnings-gaap-eps-01-27-2026-2pt87,UNP,2026-01-27T12:45:00Z,2026-01-27T12:45:00Z,2026-01-27,before_open,2026-01-25,2026-01-26T15:15:13Z,0.56,1175892,Yes,2026-01-27T15:18:45Z,2026-01-13T16:29:35Z,24229.932181,0.04635,-0.01,2026-01-27T12:45:00Z,136219398158.85,28,Industrials,476365996,3810927.968,0.011645206077166,1d,86400,0.757575757575757,2026-01-26T15:15:13Z,0.56,0.5,0.19359999999999905,0.25,0.058769513314967,86612,ok,2026-01-26,2026-01-27,2026-01-26T21:00:00Z,2026-01-26,TRUE,TRUE,0.4-0.6,3
1198857,LMT,lmt-quarterly-earnings-gaap-eps-01-29-2026-6pt2,LMT,2026-01-29T12:20:00Z,2026-01-29T12:20:00Z,2026-01-29,before_open,2026-01-27,2026-01-28T15:15:15Z,0.28,1198857,No,2026-01-29T15:19:10Z,2026-01-16T15:47:34Z,69174.858682,0.73524,1.229999999999999,2026-01-29T12:20:00Z,136886238788,24,Industrials,191041137,1504260.9212598426,0.013971843541882,1d,86400,0.7551963048498841,2026-01-28T15:15:15Z,0.28,0.5,0.07840000000000001,0.25,0.570321458858919,86635,ok,2026-01-28,2026-01-29,2026-01-28T21:00:00Z,2026-01-28,TRUE,TRUE,0.2-0.4,2
1198858,KMI,kmi-quarterly-earnings-gaap-eps-01-21-2026-0pt36,KMI,2026-01-21T21:05:00Z,2026-01-21T21:05:00Z,2026-01-21,after_close,2026-01-20,2026-01-21T19:20:11Z,0.635,1198858,Yes,2026-01-22T01:24:52Z,2026-01-16T15:47:14Z,13946.73835,0.01588,0.03,2026-01-21T21:05:00Z,62204300504.4,20,Energy,1758308564,13844949.322834646,0.012301118310987,6h,21600,0.7560386473429951,2026-01-21T19:20:11Z,0.635,0.5,0.133224999999999,0.25,0.059517141590235,21881,ok,2026-01-21,2026-01-22,2026-01-21T21:00:00Z,2026-01-21,TRUE,TRUE,0.6-0.8,4
1230449,PLTR,pltr-quarterly-earnings-nongaap-eps-02-02-2026-0pt23,PLTR.N,2026-02-02T21:05:00Z,2026-02-02T21:05:00Z,2026-02-02,after_close,2026-01-31,2026-02-02T17:20:17Z,0.94,1230449,Yes,2026-02-02T23:29:42Z,2026-01-20T21:12:00Z,65565.239932,0.01175,0.019999999999999,2026-02-02T21:05:00Z,349240609837.42,31,Information Technology,39531102,313738.90476190473,0.030370413431162,6h,21600,0.756152125279642,2026-02-02T17:20:17Z,0.94,0.5,0.0036,0.25,0.059461786005635,22165,ok,2026-02-02,2026-02-03,2026-02-02T21:00:00Z,2026-02-02,TRUE,TRUE,0.8-1.0,5
1230450,DIS,dis-quarterly-earnings-nongaap-eps-02-02-2026-1pt57,DIS,2026-02-02T11:40:00Z,2026-02-02T11:40:00Z,2026-02-02,before_open,2026-01-31,2026-01-30T14:00:23Z,0.785,1230450,Yes,2026-02-02T14:09:52Z,2026-01-20T21:08:40Z,39371.779874,0.12669,0.06,2026-02-02T11:40:00Z,199827439192.8,31,Communication Services,1214493810,9638839.76190476,0.013982844768157,3d,259200,0.756152125279642,2026-01-30T14:00:23Z,0.785,0.5,0.046224999999999,0.25,0.059461786005635,259769,ok,2026-01-30,2026-02-02,2026-01-30T21:00:00Z,2026-01-30,TRUE,TRUE,0.6-0.8,4
1230451,PEP,pep-quarterly-earnings-nongaap-eps-02-03-2026-2pt24,PEP.N,2026-02-03T13:30:00Z,2026-02-03T13:30:00Z,2026-02-03,before_open,2026-02-01,2026-02-02T14:10:16Z,0.9,1230451,Yes,2026-02-03T14:10:50Z,2026-01-20T21:08:36Z,15918.65315,0.00796,0.019999999999999,2026-02-03T13:30:00Z,209958294012.39,23,Consumer Staples,9974364,79794.912,0.012132785119526,1d,86400,0.756696428571428,2026-02-02T14:10:16Z,0.9,0.5,0.009999999999999,0.25,0.059196627869897,86434,ok,2026-02-02,2026-02-03,2026-02-02T21:00:00Z,2026-02-02,TRUE,TRUE,0.8-1.0,5
1230452,PFE,pfe-quarterly-earnings-nongaap-eps-02-03-2026-0pt57,PFE,2026-02-03T11:45:00Z,2026-02-03T11:45:00Z,2026-02-03,before_open,2026-02-01,2026-02-02T14:10:11Z,0.94,1230452,Yes,2026-02-03T14:13:44Z,2026-01-20T21:08:36Z,30780.961008,0.05144000000000001,0.09000000000000001,2026-02-03T11:45:00Z,150330107674.88,26,Health Care,7160040607,57280324.856,0.016661295954953,1d,86400,0.756696428571428,2026-02-02T14:10:11Z,0.94,0.5,0.0036,0.25,0.059196627869897,86613,ok,2026-02-02,2026-02-03,2026-02-02T21:00:00Z,2026-02-02,TRUE,TRUE,0.8-1.0,5
1230453,MPC,mpc-quarterly-earnings-gaap-eps-02-03-2026-2pt98,MPC,2026-02-03T11:30:00Z,2026-02-03T11:30:00Z,2026-02-03,before_open,2026-02-01,2026-02-02T14:10:11Z,0.365,1230453,Yes,2026-02-03T14:10:50Z,2026-01-20T21:08:08Z,25079.522415,0.41334,1.09,2026-02-03T11:30:00Z,51976050000,20,Energy,253056605,2024452.84,0.01727095504706,1d,86400,0.756696428571428,2026-02-02T14:10:11Z,0.365,0.5,0.403225,0.25,0.059196627869897,86439,ok,2026-02-02,2026-02-03,2026-02-02T21:00:00Z,2026-02-02,TRUE,TRUE,0.2-0.4,2
1230454,CMG,cmg-quarterly-earnings-nongaap-eps-02-03-2026-0pt24,CMG,2026-02-03T21:10:00Z,2026-02-03T21:10:00Z,2026-02-03,after_close,2026-02-01,2026-02-03T17:45:21Z,0.64,1230454,Yes,2026-02-03T23:47:12Z,2026-01-20T21:08:08Z,6335.499398,0.0068,0.01,2026-02-03T21:10:00Z,50625182010,38,Consumer Discretionary,2509397796,20075182.368,0.025452198398435998,6h,21600,0.7560975609756091,2026-02-03T17:45:21Z,0.64,0.5,0.1296,0.25,0.05948839976204601,21711,ok,2026-02-03,2026-02-04,2026-02-03T21:00:00Z,2026-02-03,TRUE,TRUE,0.6-0.8,4
1230455,FOXA,foxa-quarterly-earnings-nongaap-eps-02-03-2026-0pt51,FOXA.N,2026-02-04T13:00:00Z,2026-02-04T13:00:00Z,2026-02-04,before_open,2026-02-02,2026-02-03T16:15:14Z,0.78,1230455,Yes,2026-02-04T16:16:51Z,2026-01-20T21:04:40Z,13595.84063,0.05944000000000001,0.309999999999999,2026-02-04T13:00:00Z,29194782349.44,21,Communication Services,6818873,54118.03968253968,0.016795194157916,1d,86400,0.7571115973741791,2026-02-03T16:15:14Z,0.78,0.5,0.048399999999999,0.25,0.058994776130122,86497,ok,2026-02-03,2026-02-04,2026-02-03T21:00:00Z,2026-02-03,TRUE,TRUE,0.6-0.8,4
1237791,CME,cme-quarterly-earnings-nongaap-eps-02-04-2026-2pt74,CME.N,2026-02-04T12:00:00Z,2026-02-04T12:00:00Z,2026-02-04,before_open,2026-02-02,2026-02-03T14:20:18Z,0.87,1237791,Yes,2026-02-04T14:21:36Z,2026-01-21T23:27:54Z,10738.611409,0.02208,0.029999999999999,2026-02-04T12:00:00Z,104850687048.19,17,Financials,2784107,22096.0873015873,0.011171648090272,1d,86400,0.7587719298245611,2026-02-03T14:20:18Z,0.87,0.5,0.0169,0.25,0.058190981840566,86478,ok,2026-02-03,2026-02-04,2026-02-03T21:00:00Z,2026-02-03,TRUE,TRUE,0.8-1.0,5
1237792,ORLY,orly-quarterly-earnings-gaap-eps-02-04-2026-0pt72,ORLY.N,2026-02-04T21:30:00Z,2026-02-04T21:30:00Z,2026-02-04,after_close,2026-02-02,2026-02-04T17:55:16Z,0.705,1237792,No,2026-02-04T23:56:47Z,2026-01-21T23:29:54Z,9033.864292,0.01479,-0.01,2026-02-04T21:30:00Z,82515524416.38,31,Consumer Discretionary,7363133,58437.56349206349,0.012224201533929,6h,21600,0.7581699346405221,2026-02-04T17:55:16Z,0.705,0.5,0.49702499999999905,0.25,0.574821649792814,21691,ok,2026-02-04,2026-02-05,2026-02-04T21:00:00Z,2026-02-04,TRUE,TRUE,0.6-0.8,4
1237793,AFL,afl-quarterly-earnings-nongaap-eps-02-04-2026-1pt7,AFL,2026-02-04T21:05:00Z,2026-02-04T21:05:00Z,2026-02-04,after_close,2026-02-02,2026-02-04T17:20:24Z,0.66,1237793,No,2026-02-04T23:28:31Z,2026-01-21T23:30:56Z,4937.676555,0.04543,-0.129999999999999,2026-02-04T21:05:00Z,58067345500,13,Financials,295209265,2342930.6746031744,0.010050636089759,6h,21600,0.7571115973741791,2026-02-04T17:20:24Z,0.66,0.5,0.4356,0.25,0.573217970878481,22087,ok,2026-02-04,2026-02-05,2026-02-04T21:00:00Z,2026-02-04,TRUE,TRUE,0.6-0.8,4
1237794,YUM,yum-quarterly-earnings-nongaap-eps-02-04-2026-1pt76,YUM,2026-02-04T12:00:00Z,2026-02-04T12:00:00Z,2026-02-04,before_open,2026-02-02,2026-02-03T14:20:19Z,0.5750000000000001,1237794,No,2026-02-04T14:22:36Z,2026-01-21T23:31:36Z,9095.544566,0.03512,-0.03,2026-02-04T12:00:00Z,43361042304.93,31,Consumer Discretionary,258944192,2055112.634920635,0.014449184483793,1d,86400,0.7587719298245611,2026-02-03T14:20:19Z,0.5750000000000001,0.5,0.330624999999999,0.25,0.575734841489689,86537,ok,2026-02-03,2026-02-04,2026-02-03T21:00:00Z,2026-02-03,TRUE,TRUE,0.4-0.6,3
1237795,F,f-quarterly-earnings-nongaap-eps-02-04-2026-0pt18,F,2026-02-10T21:00:00Z,2026-02-10T21:00:00Z,2026-02-10,after_close,2026-02-08,2026-02-10T17:10:14Z,0.74,1237795,No,2026-02-10T23:25:23Z,2026-01-21T23:26:56Z,9057.070696,0.04426,-0.049999999999999,2026-02-10T21:00:00Z,55054758105,24,Consumer Discretionary,9202974338,73623794.704,0.019296846827055,6h,21600,0.754032258064516,2026-02-10T17:10:14Z,0.74,0.5,0.5476,0.25,0.5685646462018731,22509,ok,2026-02-10,2026-02-11,2026-02-10T21:00:00Z,2026-02-10,TRUE,TRUE,0.6-0.8,4
1238098,UBER,uber-quarterly-earnings-gaap-eps-02-04-2026-0pt79,UBER.N,2026-02-04T11:55:00Z,2026-02-04T11:55:00Z,2026-02-04,before_open,2026-02-02,2026-02-03T14:20:14Z,0.7000000000000001,1238098,No,2026-02-04T14:21:36Z,2026-01-22T00:24:14Z,21833.787918,0.10271,-0.65,2026-02-04T11:55:00Z,167971808000.04,54,Industrials,468595381,3719010.960317461,0.020034935741583,1d,86400,0.7587719298245611,2026-02-03T14:20:14Z,0.7000000000000001,0.5,0.48999999999999905,0.25,0.575734841489689,86482,ok,2026-02-03,2026-02-04,2026-02-03T21:00:00Z,2026-02-03,TRUE,TRUE,0.6-0.8,4
1238099,QCOM,qcom-quarterly-earnings-nongaap-eps-02-04-2026-3pt39,QCOM.N,2026-02-04T21:00:00Z,2026-02-04T21:00:00Z,2026-02-04,after_close,2026-02-02,2026-02-04T17:20:23Z,0.9,1238099,Yes,2026-02-04T23:26:35Z,2026-01-22T00:24:10Z,27495.121035,0.06887,0.10999999999999902,2026-02-04T21:00:00Z,162845540000,37,Information Technology,13193784,104712.57142857143,0.020508690017528,6h,21600,0.7571115973741791,2026-02-04T17:20:23Z,0.9,0.5,0.009999999999999,0.25,0.058994776130122,21972,ok,2026-02-04,2026-02-05,2026-02-04T21:00:00Z,2026-02-04,TRUE,TRUE,0.8-1.0,5
1238100,NYT,nyt-quarterly-earnings-nongaap-eps-02-04-2026-0pt88,NYT,2026-02-04T13:30:00Z,2026-02-04T13:30:00Z,2026-02-04,before_open,2026-02-02,2026-02-03T14:20:19Z,0.9385,1238100,Yes,2026-02-04T14:22:36Z,2026-01-22T00:24:10Z,39075.846348,0.03804,0.01,2026-02-04T13:30:00Z,11965121963.3,10,Communication Services,218149566,1731345.761904762,0.017903943535171,1d,86400,0.7587719298245611,2026-02-03T14:20:19Z,0.9385,0.5,0.00378225,0.25,0.058190981840566,86537,ok,2026-02-03,2026-02-04,2026-02-03T21:00:00Z,2026-02-03,TRUE,TRUE,0.8-1.0,5
1238101,HOG,hog-quarterly-earnings-gaap-eps-02-04-2026-neg1pt06,HOG,2026-02-10T12:00:00Z,2026-02-10T12:00:00Z,2026-02-10,before_open,2026-02-08,2026-02-09T14:10:13Z,0.605,1238101,No,2026-02-10T14:21:25Z,2026-01-22T00:23:46Z,9947.105746,0.2207,-1.38,2026-02-10T12:00:00Z,2291818035.87,17,Consumer Discretionary,277252807,2218022.456,0.021740128539369,1d,86400,0.7520325203252031,2026-02-09T14:10:13Z,0.605,0.5,0.366025,0.25,0.5655529116266771,87072,ok,2026-02-09,2026-02-10,2026-02-09T21:00:00Z,2026-02-09,TRUE,TRUE,0.6-0.8,4
1238102,LLY,lly-quarterly-earnings-nongaap-eps-02-04-2026-7pt06,LLY,2026-02-04T11:45:00Z,2026-02-04T11:45:00Z,2026-02-04,before_open,2026-02-02,2026-02-03T14:20:14Z,0.73,1238102,Yes,2026-02-04T14:22:34Z,2026-01-22T00:23:46Z,26450.953201,0.20345,0.48,2026-02-04T11:45:00Z,987103542196.41,31,Health Care,502058112,3984588.1904761903,0.023676881083463,1d,86400,0.7587719298245611,2026-02-03T14:20:14Z,0.73,0.5,0.0729,0.25,0.058190981840566,86540,ok,2026-02-03,2026-02-04,2026-02-03T21:00:00Z,2026-02-03,TRUE,TRUE,0.6-0.8,4
1238115,UHAL.B,uhalb-quarterly-earnings-gaap-eps-02-04-2026-neg0pt04,UHAL.B,2026-02-04T21:39:00Z,2026-02-04T21:39:00Z,2026-02-04,after_close,2026-02-03,2026-02-04T18:25:21Z,0.335,1238115,No,2026-02-05T00:33:55Z,2026-01-22T00:57:18Z,5346.597265,0.15122000000000002,-0.19,2026-02-04T21:39:00Z,10332716042.36,4,Industrials,98383,774.6692913385826,0.017021705354948,6h,21600,0.7581699346405221,2026-02-04T18:25:21Z,0.335,0.5,0.112225,0.25,0.574821649792814,22114,ok,2026-02-04,2026-02-05,2026-02-04T21:00:00Z,2026-02-04,TRUE,TRUE,0.2-0.4,2
1238170,TSLA,tsla-quarterly-earnings-nongaap-eps-01-28-2026-0pt45,TSLA.N,2026-01-28T21:00:00Z,2026-01-28T21:00:00Z,2026-01-28,after_close,2026-01-26,2026-01-28T17:20:15Z,0.465,1238170,Yes,2026-01-28T23:22:40Z,2026-01-22T00:50:16Z,145386.587986,0.07301,0.049999999999999,2026-01-28T21:00:00Z,1633058399436.8,52,Consumer Discretionary,46948344,372605.90476190473,0.027806846201113,6h,21600,0.7563805104408351,2026-01-28T17:20:15Z,0.465,0.5,0.286224999999999,0.25,0.059350455693067,21745,ok,2026-01-28,2026-01-29,2026-01-28T21:00:00Z,2026-01-28,TRUE,TRUE,0.4-0.6,3
1238190,GOOGL,googl-quarterly-earnings-gaap-eps-02-04-2026-2pt64,GOOGL.N,2026-02-04T21:00:00Z,2026-02-04T21:00:00Z,2026-02-04,after_close,2026-02-02,2026-02-04T17:20:18Z,0.944,1238190,Yes,2026-02-04T23:28:29Z,2026-01-22T01:02:58Z,182367.174978,0.10495000000000002,0.17999999999999902,2026-02-04T21:00:00Z,4164197910000,65,Communication Services,42616674,338227.5714285714,0.017276643534411,6h,21600,0.7571115973741791,2026-02-04T17:20:18Z,0.944,0.5,0.003136,0.25,0.058994776130122,22091,ok,2026-02-04,2026-02-05,2026-02-04T21:00:00Z,2026-02-04,TRUE,TRUE,0.8-1.0,5
1238195,ARM,arm-quarterly-earnings-nongaap-eps-02-04-2026-0pt41,ARM.N,2026-02-04T21:04:00Z,2026-02-04T21:04:00Z,2026-02-04,after_close,2026-02-02,2026-02-04T17:20:23Z,0.895,1238195,Yes,2026-02-04T23:28:31Z,2026-01-22T01:13:54Z,19574.106131,0.01235,0.02,2026-02-04T21:04:00Z,113559660000,40,Information Technology,10079499,79996.02380952382,0.028443575575591,6h,21600,0.7571115973741791,2026-02-04T17:20:23Z,0.895,0.5,0.011024999999999,0.25,0.058994776130122,22088,ok,2026-02-04,2026-02-05,2026-02-04T21:00:00Z,2026-02-04,TRUE,TRUE,0.8-1.0,5
1244865,META,meta-quarterly-earnings-gaap-eps-01-28-2026-8pt19,META.N,2026-01-28T21:00:00Z,2026-01-28T21:00:00Z,2026-01-28,after_close,2026-01-26,2026-01-28T17:20:14Z,0.845,1244865,Yes,2026-01-28T23:23:42Z,2026-01-22T22:36:22Z,24613.310852,0.30145000000000005,0.6900000000000011,2026-01-28T21:00:00Z,1700771911775.04,69,Communication Services,20093020,159468.4126984127,0.021437343484505,6h,21600,0.7563805104408351,2026-01-28T17:20:14Z,0.845,0.5,0.024025,0.25,0.059350455693067,21808,ok,2026-01-28,2026-01-29,2026-01-28T21:00:00Z,2026-01-28,TRUE,TRUE,0.8-1.0,5
1244866,AAPL,aapl-quarterly-earnings-gaap-eps-01-29-2026-2pt67,AAPL.N,2026-01-29T21:00:00Z,2026-01-29T21:00:00Z,2026-01-29,after_close,2026-01-28,2026-01-29T18:20:17Z,0.945,1244866,Yes,2026-01-30T00:25:16Z,2026-01-22T22:37:22Z,62703.954113,0.05448000000000001,0.169999999999999,2026-01-29T21:00:00Z,3770361157320,46,Information Technology,54581753,429777.58267716534,0.014071038973337,6h,21600,0.7551487414187641,2026-01-29T18:20:17Z,0.945,0.5,0.003025,0.25,0.059952138828815,21899,ok,2026-01-29,2026-01-30,2026-01-29T21:00:00Z,2026-01-29,TRUE,TRUE,0.8-1.0,5
1244871,MSFT,msft-quarterly-earnings-gaap-eps-01-28-2026-3pt85,MSFT.N,2026-01-28T21:00:00Z,2026-01-28T21:00:00Z,2026-01-28,after_close,2026-01-26,2026-01-28T17:15:16Z,0.935,1244871,Yes,2026-01-28T23:18:40Z,2026-01-22T22:38:42Z,40691.683649,0.08310000000000001,0.28999999999999904,2026-01-28T21:00:00Z,3492124841861.28,59,Information Technology,27848850,221022.61904761905,0.012224065465858,6h,21600,0.7563805104408351,2026-01-28T17:15:16Z,0.935,0.5,0.004224999999999,0.25,0.059350455693067,21804,ok,2026-01-28,2026-01-29,2026-01-28T21:00:00Z,2026-01-28,TRUE,TRUE,0.8-1.0,5
1244920,IBM,ibm-quarterly-earnings-nongaap-eps-01-28-2026-4pt29,IBM,2026-01-28T21:08:00Z,2026-01-28T21:08:00Z,2026-01-28,after_close,2026-01-27,2026-01-28T15:00:19Z,0.885,1244920,Yes,2026-01-29T15:01:02Z,2026-01-22T23:06:02Z,24058.663194,0.06449,0.229999999999999,2026-01-28T21:08:00Z,274681287635.16,23,Information Technology,611686265,4816427.283464567,0.017117043473036,1d,86400,0.7551963048498841,2026-01-28T15:00:19Z,0.885,0.5,0.013224999999999,0.25,0.05992884915915,86443,ok,2026-01-28,2026-01-29,2026-01-28T21:00:00Z,2026-01-28,TRUE,TRUE,0.8-1.0,5
1244921,T,t-quarterly-earnings-nongaap-eps-01-28-2026-0pt47,T,2026-01-28T11:32:53Z,2026-01-28T11:32:53Z,2026-01-28,before_open,2026-01-26,2026-01-27T14:00:16Z,0.78,1244921,Yes,2026-01-28T14:01:41Z,2026-01-22T23:06:04Z,11176.001054,0.02288,0.05,2026-01-28T11:32:53Z,165029430248.2,26,Communication Services,5208754618,41339322.365079366,0.011435662415149,1d,86400,0.757575757575757,2026-01-27T14:00:16Z,0.78,0.5,0.048399999999999,0.25,0.058769513314967,86485,ok,2026-01-27,2026-01-28,2026-01-27T21:00:00Z,2026-01-27,TRUE,TRUE,0.6-0.8,4
1244922,SBUX,sbux-quarterly-earnings-gaap-eps-01-28-2026-0pt58,SBUX.N,2026-01-28T12:45:00Z,2026-01-28T12:45:00Z,2026-01-28,before_open,2026-01-26,2026-01-27T16:45:16Z,0.30000000000000004,1244922,No,2026-01-28T16:49:36Z,2026-01-22T23:06:22Z,15097.929108,0.03921,-0.019999999999999,2026-01-28T12:45:00Z,109748769000,38,Consumer Discretionary,16056594,127433.28571428572,0.018019239832582,1d,86400,0.7563805104408351,2026-01-27T16:45:16Z,0.30000000000000004,0.5,0.09,0.25,0.572111476574738,86660,ok,2026-01-27,2026-01-28,2026-01-27T21:00:00Z,2026-01-27,TRUE,TRUE,0.2-0.4,2
1244935,V,v-quarterly-earnings-nongaap-eps-01-29-2026-3pt14,V,2026-01-29T21:05:00Z,2026-01-29T21:05:00Z,2026-01-29,after_close,2026-01-28,2026-01-29T18:25:15Z,0.96,1244935,Yes,2026-01-30T00:27:14Z,2026-01-22T23:11:28Z,37235.979574,0.01734,0.029999999999999,2026-01-29T21:05:00Z,623226922875.88,41,Financials,823283417,6482546.590551181,0.012057904113065,6h,21600,0.7551487414187641,2026-01-29T18:25:15Z,0.96,0.5,0.0016,0.25,0.059952138828815,21719,ok,2026-01-29,2026-01-30,2026-01-29T21:00:00Z,2026-01-29,TRUE,TRUE,0.8-1.0,5
1244936,MA,ma-quarterly-earnings-nongaap-eps-01-29-2026-4pt24,MA,2026-01-29T13:30:00Z,2026-01-29T13:30:00Z,2026-01-29,before_open,2026-01-27,2026-01-28T15:05:18Z,0.91,1244936,Yes,2026-01-29T15:09:04Z,2026-01-22T23:11:44Z,26426.733046,0.07002,0.519999999999999,2026-01-29T13:30:00Z,465246540000,41,Financials,365770190,2880080.2362204725,0.011684697164509,1d,86400,0.7551963048498841,2026-01-28T15:05:18Z,0.91,0.5,0.008099999999999,0.25,0.05992884915915,86626,ok,2026-01-28,2026-01-29,2026-01-28T21:00:00Z,2026-01-28,TRUE,TRUE,0.8-1.0,5
1244937,VZ,vz-quarterly-earnings-nongaap-eps-01-30-2026-1pt05,VZ,2026-01-30T11:30:00Z,2026-01-30T11:30:00Z,2026-01-30,before_open,2026-01-28,2026-01-29T14:05:17Z,0.8,1244937,Yes,2026-01-30T14:06:48Z,2026-01-22T23:11:42Z,20307.615541,0.02853,0.04,2026-01-30T11:30:00Z,166191970000,26,Communication Services,3064674671,24131296.62204725,0.011605823385754,1d,86400,0.7551487414187641,2026-01-29T14:05:17Z,0.8,0.5,0.039999999999999,0.25,0.059952138828815,86491,ok,2026-01-29,2026-01-30,2026-01-29T21:00:00Z,2026-01-29,TRUE,TRUE,0.8-1.0,5
1244958,CVX,cvx-quarterly-earnings-nongaap-eps-01-30-2026-1pt48,CVX,2026-01-30T11:15:00Z,2026-01-30T11:15:00Z,2026-01-30,before_open,2026-01-28,2026-01-29T14:05:16Z,0.605,1244958,Yes,2026-01-30T14:06:48Z,2026-01-22T23:20:22Z,31520.530531,0.13259,0.04,2026-01-30T11:15:00Z,336461400000,27,Energy,1077309616,8482752.881889764,0.012674689099139,1d,86400,0.7551487414187641,2026-01-29T14:05:16Z,0.605,0.5,0.15602500000000002,0.25,0.059952138828815,86492,ok,2026-01-29,2026-01-30,2026-01-29T21:00:00Z,2026-01-29,TRUE,TRUE,0.6-0.8,4
1244959,AXP,axp-quarterly-earnings-gaap-eps-01-30-2026-3pt53,AXP,2026-01-30T12:00:00Z,2026-01-30T12:00:00Z,2026-01-30,before_open,2026-01-28,2026-01-29T15:25:19Z,0.88,1244959,No,2026-01-30T15:33:24Z,2026-01-22T23:20:02Z,20891.365421,0.07801000000000001,-4.440892098500626e-16,2026-01-30T12:00:00Z,244895140000,31,Financials,328964029,2590267.94488189,0.015656404419547,1d,86400,0.7545454545454541,2026-01-29T15:25:19Z,0.88,0.5,0.7744000000000001,0.25,0.5693388429752061,86885,ok,2026-01-29,2026-01-30,2026-01-29T21:00:00Z,2026-01-29,TRUE,TRUE,0.8-1.0,5
1244960,XOM,xom-quarterly-earnings-nongaap-eps-01-30-2026-1pt69,XOM,2026-01-30T11:30:00Z,2026-01-30T11:30:00Z,2026-01-30,before_open,2026-01-28,2026-01-29T14:05:16Z,0.765,1244960,Yes,2026-01-30T14:07:50Z,2026-01-22T23:19:42Z,22120.134571,0.05324,0.02,2026-01-30T11:30:00Z,574946820000,28,Energy,1977441959,15570409.125984251,0.012521356917856,1d,86400,0.7551487414187641,2026-01-29T14:05:16Z,0.765,0.5,0.055224999999999,0.25,0.059952138828815,86554,ok,2026-01-29,2026-01-30,2026-01-29T21:00:00Z,2026-01-29,TRUE,TRUE,0.6-0.8,4
1254012,MET,met-quarterly-earnings-nongaap-eps-02-04-2026-2pt35,MET,2026-02-04T21:00:00Z,2026-02-04T21:00:00Z,2026-02-04,after_close,2026-02-03,2026-02-04T18:20:13Z,0.595,1254012,Yes,2026-02-05T00:28:43Z,2026-01-23T23:45:42Z,3495.002039,0.04317000000000001,0.229999999999999,2026-02-04T21:00:00Z,50392570000,17,Financials,438967879,3456439.9921259843,0.014329077081285,6h,21600,0.7581699346405221,2026-02-04T18:20:13Z,0.595,0.5,0.164025,0.25,0.05848178051176801,22110,ok,2026-02-04,2026-02-05,2026-02-04T21:00:00Z,2026-02-04,TRUE,TRUE,0.4-0.6,3
1254013,EFX,efx-quarterly-earnings-nongaap-eps-02-04-2026-2pt05,EFX,2026-02-04T11:30:00Z,2026-02-04T11:30:00Z,2026-02-04,before_open,2026-02-02,2026-02-03T14:10:13Z,0.87,1254013,Yes,2026-02-04T14:14:30Z,2026-01-23T23:45:22Z,6517.515449,0.03111,0.04,2026-02-04T11:30:00Z,23954175501.66,25,Industrials,167437609,1328869.9126984128,0.01945112110437,1d,86400,0.7587719298245611,2026-02-03T14:10:13Z,0.87,0.5,0.0169,0.25,0.058190981840566,86657,ok,2026-02-03,2026-02-04,2026-02-03T21:00:00Z,2026-02-03,TRUE,TRUE,0.8-1.0,5
1254014,AMZN,amzn-quarterly-earnings-gaap-eps-02-05-2026-1pt95,AMZN.N,2026-02-05T21:01:00Z,2026-02-05T21:01:00Z,2026-02-05,after_close,2026-02-03,2026-02-05T17:20:16Z,0.9455,1254014,No,2026-02-05T23:24:43Z,2026-01-23T23:43:42Z,85202.230469,0.12572,0,2026-02-05T21:01:00Z,2561566817999.4,69,Consumer Discretionary,46250713,364178.84251968504,0.018597017525157,6h,21600,0.7575107296137331,2026-02-05T17:20:16Z,0.9455,0.5,0.89397025,0.25,0.5738225054799311,21867,ok,2026-02-05,2026-02-06,2026-02-05T21:00:00Z,2026-02-05,TRUE,TRUE,0.8-1.0,5
1254472,COP,cop-quarterly-earnings-nongaap-eps-02-05-2026-1pt11,COP,2026-02-05T13:30:00Z,2026-02-05T13:30:00Z,2026-02-05,before_open,2026-02-03,2026-02-04T14:25:16Z,0.705,1254472,No,2026-02-05T14:26:55Z,2026-01-24T00:28:04Z,7668.085371,0.12036,-0.09000000000000001,2026-02-05T13:30:00Z,128235600436.32,30,Energy,914845919,7203511.173228347,0.017932144621466,1d,86400,0.756989247311827,2026-02-04T14:25:16Z,0.705,0.5,0.49702499999999905,0.25,0.5730327205457271,86499,ok,2026-02-04,2026-02-05,2026-02-04T21:00:00Z,2026-02-04,TRUE,TRUE,0.6-0.8,4
1254473,ICE,ice-quarterly-earnings-nongaap-eps-02-05-2026-1pt67,ICE,2026-02-05T12:30:00Z,2026-02-05T12:30:00Z,2026-02-05,before_open,2026-02-03,2026-02-04T14:30:14Z,0.85,1254473,Yes,2026-02-05T14:40:05Z,2026-01-24T00:28:24Z,5152.033351,0.02135,0.04,2026-02-05T12:30:00Z,92606884374.91,17,Financials,437145782,3442092.771653543,0.013169550546463,1d,86400,0.756989247311827,2026-02-04T14:30:14Z,0.85,0.5,0.0225,0.25,0.059054225922071,86991,ok,2026-02-04,2026-02-05,2026-02-04T21:00:00Z,2026-02-04,TRUE,TRUE,0.8-1.0,5
1254527,ALL,all-quarterly-earnings-nongaap-eps-02-04-2026-9pt86,ALL,2026-02-04T21:00:00Z,2026-02-04T21:00:00Z,2026-02-04,after_close,2026-02-02,2026-02-04T17:40:16Z,0.915,1254527,Yes,2026-02-04T23:49:37Z,2026-01-24T00:35:24Z,18941.192719,0.7274700000000001,4.450000000000001,2026-02-04T21:00:00Z,52104415639.92,25,Financials,187181839,1485570.150793651,0.013723689517434,6h,21600,0.75764192139738,2026-02-04T17:40:16Z,0.915,0.5,0.007224999999999,0.25,0.058737438263953,22161,ok,2026-02-04,2026-02-05,2026-02-04T21:00:00Z,2026-02-04,TRUE,TRUE,0.8-1.0,5
1254528,MCHP,mchp-quarterly-earnings-nongaap-eps-02-05-2026-0pt43,MCHP.N,2026-02-05T21:15:01Z,2026-02-05T21:15:01Z,2026-02-05,after_close,2026-02-03,2026-02-05T17:20:18Z,0.805,1254528,Yes,2026-02-05T23:27:45Z,2026-01-24T00:36:04Z,8087.527803,0.03326,0.01,2026-02-05T21:15:01Z,41483444210.28,27,Information Technology,15759262,124088.67716535433,0.027685614003316,6h,21600,0.758029978586723,2026-02-05T17:20:18Z,0.805,0.5,0.038024999999999,0.25,0.058549491262741,22047,ok,2026-02-05,2026-02-06,2026-02-05T21:00:00Z,2026-02-05,TRUE,TRUE,0.8-1.0,5
1268876,RL,rl-quarterly-earnings-nongaap-eps-02-05-2026-5pt78,RL,2026-02-05T13:01:00Z,2026-02-05T13:01:00Z,2026-02-05,before_open,2026-02-03,2026-02-04T15:30:13Z,0.87,1268876,Yes,2026-02-05T15:32:35Z,2026-01-26T00:44:16Z,15590.556844,0.12616000000000002,0.43999999999999906,2026-02-05T13:01:00Z,21432311658.52,21,Consumer Discretionary,78741952,620015.3700787402,0.017991521147657,1d,86400,0.756989247311827,2026-02-04T15:30:13Z,0.87,0.5,0.0169,0.25,0.059054225922071,86542,ok,2026-02-04,2026-02-05,2026-02-04T21:00:00Z,2026-02-04,TRUE,TRUE,0.8-1.0,5
1268877,RBLX,rblx-quarterly-earnings-gaap-eps-02-05-2026-neg0pt47,RBLX.N,2026-02-05T21:00:00Z,2026-02-05T21:00:00Z,2026-02-05,after_close,2026-02-03,2026-02-05T17:25:14Z,0.615,1268877,Yes,2026-02-05T23:27:43Z,2026-01-26T00:48:36Z,14237.085212,0.08233,0.019999999999999,2026-02-05T21:00:00Z,46349375473.8,38,Communication Services,223008267,1755970.606299213,0.034807281993283,6h,21600,0.758029978586723,2026-02-05T17:25:14Z,0.615,0.5,0.148225,0.25,0.058549491262741,21749,ok,2026-02-05,2026-02-06,2026-02-05T21:00:00Z,2026-02-05,TRUE,TRUE,0.6-0.8,4
1268878,RDDT,rddt-quarterly-earnings-gaap-eps-02-05-2026-0pt93,RDDT.N,2026-02-05T21:06:00Z,2026-02-05T21:06:00Z,2026-02-05,after_close,2026-02-03,2026-02-05T17:20:13Z,0.925,1268878,Yes,2026-02-05T23:20:43Z,2026-01-26T00:49:16Z,36473.137287,0.09878,0.309999999999999,2026-02-05T21:06:00Z,31344494488.65,28,Communication Services,128728717,1013611.9448818896,0.039787702597688,6h,21600,0.7575107296137331,2026-02-05T17:20:13Z,0.925,0.5,0.005624999999999,0.25,0.058801046252463,21630,ok,2026-02-05,2026-02-06,2026-02-05T21:00:00Z,2026-02-05,TRUE,TRUE,0.8-1.0,5
1268941,TW,tw-quarterly-earnings-nongaap-eps-02-05-2026-0pt84,TW.N,2026-02-05T12:00:00Z,2026-02-05T12:00:00Z,2026-02-05,before_open,2026-02-03,2026-02-04T14:50:18Z,0.7000000000000001,1268941,Yes,2026-02-05T14:53:19Z,2026-01-26T01:08:36Z,7785.619595,0.0108,0.03,2026-02-05T12:00:00Z,21148555167,15,Financials,2578345,20301.929133858263,0.015487932815438,1d,86400,0.756989247311827,2026-02-04T14:50:18Z,0.7000000000000001,0.5,0.09000000000000001,0.25,0.059054225922071,86581,ok,2026-02-04,2026-02-05,2026-02-04T21:00:00Z,2026-02-04,TRUE,TRUE,0.6-0.8,4
1268968,CBOE,cboe-quarterly-earnings-nongaap-eps-02-06-2026-2pt95,CBOE.N,2026-02-06T12:30:00Z,2026-02-06T12:30:00Z,2026-02-06,before_open,2026-02-04,2026-02-05T16:45:11Z,0.87,1268968,Yes,2026-02-06T16:45:15Z,2026-01-26T01:12:56Z,15240.239639,0.06892000000000001,0.10999999999999902,2026-02-06T12:30:00Z,28380466816.8,17,Financials,1506792,11864.503937007874,0.01176718627818,1d,86400,0.7515527950310551,2026-02-05T16:45:11Z,0.87,0.5,0.0169,0.25,0.06172601365688,86404,ok,2026-02-05,2026-02-06,2026-02-05T21:00:00Z,2026-02-05,TRUE,TRUE,0.8-1.0,5
1270843,CI,ci-quarterly-earnings-nongaap-eps-02-05-2026-7pt88,CI,2026-02-05T11:00:00Z,2026-02-05T11:00:00Z,2026-02-05,before_open,2026-02-03,2026-02-04T14:50:18Z,0.8,1270843,Yes,2026-02-05T14:53:21Z,2026-01-26T11:50:43Z,5983.981325,0.04292000000000001,0.2,2026-02-05T11:00:00Z,72573052203.03,26,Health Care,225418526,1774949.0236220472,0.023239521138591,1d,86400,0.756989247311827,2026-02-04T14:50:18Z,0.8,0.5,0.039999999999999,0.25,0.059054225922071,86583,ok,2026-02-04,2026-02-05,2026-02-04T21:00:00Z,2026-02-04,TRUE,TRUE,0.8-1.0,5
1270844,ARES,ares-quarterly-earnings-nongaap-eps-02-05-2026-1pt69,ARES.N,2026-02-05T11:00:00Z,2026-02-05T11:00:00Z,2026-02-05,before_open,2026-02-03,2026-02-04T14:50:11Z,0.73,1270844,No,2026-02-05T14:53:21Z,2026-01-26T11:51:43Z,7108.149282,0.07102,-0.24,2026-02-05T11:00:00Z,43016107002.4,16,Financials,81927554,645098.8503937008,0.023005276319317,1d,86400,0.756989247311827,2026-02-04T14:50:11Z,0.73,0.5,0.532899999999999,0.25,0.5730327205457271,86590,ok,2026-02-04,2026-02-05,2026-02-04T21:00:00Z,2026-02-04,TRUE,TRUE,0.6-0.8,4
1271534,APO,apo-quarterly-earnings-nongaap-eps-02-09-2026-2pt03,APO,2026-02-09T13:30:00Z,2026-02-09T13:30:00Z,2026-02-09,before_open,2026-02-07,2026-02-06T14:45:18Z,0.7000000000000001,1271534,Yes,2026-02-09T14:55:03Z,2026-01-26T15:27:55Z,8965.186959,0.06537000000000001,0.44000000000000006,2026-02-09T13:30:00Z,77213614886.19,18,Financials,431905437,3427820.9285714286,0.02138489491015,3d,259200,0.7520325203252031,2026-02-06T14:45:18Z,0.7000000000000001,0.5,0.09000000000000001,0.25,0.06148787097627,259785,ok,2026-02-06,2026-02-09,2026-02-06T21:00:00Z,2026-02-06,TRUE,TRUE,0.6-0.8,4
1271536,ON,on-quarterly-earnings-nongaap-eps-02-10-2026-0pt62,ON.N,2026-02-09T21:15:01Z,2026-02-09T21:15:01Z,2026-02-09,after_close,2026-02-08,2026-02-09T18:00:13Z,0.81,1271536,Yes,2026-02-10T00:01:01Z,2026-01-26T15:28:05Z,5666.672526,0.00724,0.02,2026-02-09T21:15:01Z,25690138556,36,Information Technology,16836402,134691.216,0.028570150329879,6h,21600,0.7520325203252031,2026-02-09T18:00:13Z,0.81,0.5,0.036099999999999,0.25,0.06148787097627,21648,ok,2026-02-09,2026-02-10,2026-02-09T21:00:00Z,2026-02-09,TRUE,TRUE,0.8-1.0,5
1273386,TPG,tpg-quarterly-earnings-gaap-eps-02-09-2026-0pt68,TPG.N,2026-02-05T13:00:01Z,2026-02-05T13:00:01Z,2026-02-05,before_open,2026-02-03,2026-02-04T19:35:15Z,0.155,1273386,No,2026-02-05T19:34:01Z,2026-01-26T22:02:29Z,48922.079046,0.04327,0.029999999999999,2026-02-05T13:00:01Z,20132957531.82,14,Financials,3033132,23882.929133858263,0.022563412434762,1d,86400,0.7575107296137331,2026-02-04T19:35:15Z,0.155,0.5,0.02402499999999999,0.25,0.5738225054799311,86326,ok,2026-02-04,2026-02-05,2026-02-04T21:00:00Z,2026-02-04,TRUE,TRUE,0.0-0.2,1
1279292,CVS,cvs-quarterly-earnings-nongaap-eps-02-10-2026-0pt99,CVS,2026-02-10T13:30:00Z,2026-02-10T13:30:00Z,2026-02-10,before_open,2026-02-08,2026-02-09T14:35:28Z,0.8200000000000001,1279292,Yes,2026-02-10T14:35:59Z,2026-01-27T20:48:23Z,9471.788844,0.02946,0.1,2026-02-10T13:30:00Z,99677736786.05,29,Health Care,964234952,7713879.616,0.020232508958558,1d,86400,0.7520325203252031,2026-02-09T14:35:28Z,0.8200000000000001,0.5,0.0324,0.25,0.06148787097627,86431,ok,2026-02-09,2026-02-10,2026-02-09T21:00:00Z,2026-02-09,TRUE,TRUE,0.8-1.0,5
1279293,LYFT,lyft-quarterly-earnings-gaap-eps-02-10-2026-0pt12,LYFT.N,2026-02-10T21:00:00Z,2026-02-10T21:00:00Z,2026-02-10,after_close,2026-02-09,2026-02-10T16:10:17Z,0.645,1279293,Yes,2026-02-11T04:13:39Z,2026-01-27T20:51:57Z,33178.354755,0.03602,0.04,2026-02-10T21:00:00Z,6612567252.61,46,Industrials,38255772,303617.2380952381,0.033410400361267,12h,43200,0.753012048192771,2026-02-10T16:10:17Z,0.645,0.5,0.126025,0.25,0.06100304833793001,43402,ok,2026-02-10,2026-02-11,2026-02-10T21:00:00Z,2026-02-10,TRUE,TRUE,0.6-0.8,4
1279298,SPGI,spgi-quarterly-earnings-nongaap-eps-02-10-2026-4pt33,SPGI.N,2026-02-10T12:22:29Z,2026-02-10T12:22:29Z,2026-02-10,before_open,2026-02-08,2026-02-09T16:10:13Z,0.865,1279298,No,2026-02-10T16:18:51Z,2026-01-27T20:59:01Z,16548.830591,0.08755,-0.03,2026-02-10T12:22:29Z,131256864000,26,Financials,60978704,487829.632,0.017710072658067,1d,86400,0.7525354969574031,2026-02-09T16:10:13Z,0.865,0.5,0.7482249999999999,0.25,0.566309674180926,86918,ok,2026-02-09,2026-02-10,2026-02-09T21:00:00Z,2026-02-09,TRUE,TRUE,0.8-1.0,5
1279299,HOOD,hood-quarterly-earnings-gaap-eps-02-10-2026-0pt63,HOOD.N,2026-02-10T21:00:00Z,2026-02-10T21:00:00Z,2026-02-10,after_close,2026-02-08,2026-02-10T17:20:25Z,0.865,1279299,Yes,2026-02-10T23:26:25Z,2026-01-27T20:58:43Z,21676.622452,0.04856,0.03,2026-02-10T21:00:00Z,74648020738.24,27,Financials,32330210,258641.68,0.044104051892353,6h,21600,0.754032258064516,2026-02-10T17:20:25Z,0.865,0.5,0.01822499999999999,0.25,0.06050013007284,21960,ok,2026-02-10,2026-02-11,2026-02-10T21:00:00Z,2026-02-10,TRUE,TRUE,0.8-1.0,5
1279474,AMD,amd-quarterly-earnings-nongaap-eps-02-03-2026-1pt32,AMD.N,2026-02-03T21:00:00Z,2026-02-03T21:00:00Z,2026-02-03,after_close,2026-02-01,2026-02-03T17:45:19Z,0.925,1279474,Yes,2026-02-03T23:50:00Z,2026-01-27T21:25:43Z,28372.727813,0.02879,0.20999999999999905,2026-02-03T21:00:00Z,385967158863.39,57,Information Technology,43293930,346351.44,0.038139721483005,6h,21600,0.7560975609756091,2026-02-03T17:45:19Z,0.925,0.5,0.005624999999999,0.25,0.05948839976204601,21881,ok,2026-02-03,2026-02-04,2026-02-03T21:00:00Z,2026-02-03,TRUE,TRUE,0.8-1.0,5
1279575,KO,ko-quarterly-earnings-nongaap-eps-02-10-2026-0pt56,KO,2026-02-10T11:55:00Z,2026-02-10T11:55:00Z,2026-02-10,before_open,2026-02-08,2026-02-09T14:05:14Z,0.92,1279575,Yes,2026-02-10T14:06:09Z,2026-01-27T21:49:03Z,25500.384704,0.00629,0.019999999999999,2026-02-10T11:55:00Z,339956147020.35,27,Consumer Staples,2090351016,16722808.128,0.010101301373429,1d,86400,0.7520325203252031,2026-02-09T14:05:14Z,0.92,0.5,0.006399999999999,0.25,0.06148787097627,86455,ok,2026-02-09,2026-02-10,2026-02-09T21:00:00Z,2026-02-09,TRUE,TRUE,0.8-1.0,5
1279999,BP,bp-quarterly-earnings-nongaap-eps-02-10-2026-0pt61,BP,2026-02-10T07:00:00Z,2026-02-10T07:00:00Z,2026-02-10,before_open,2026-02-08,2026-02-09T14:40:19Z,0.49,1279999,No,2026-02-10T14:42:03Z,2026-01-28T00:24:47Z,22999.491572,0.02682,-0.01,2026-02-10T07:00:00Z,102176607330.189,20,Energy,922930663,7383445.304,0.014957379208097,1d,86400,0.7520325203252031,2026-02-09T14:40:19Z,0.49,0.5,0.240099999999999,0.25,0.5655529116266771,86504,ok,2026-02-09,2026-02-10,2026-02-09T21:00:00Z,2026-02-09,TRUE,TRUE,0.4-0.6,3
1280185,CRSP,crsp-quarterly-earnings-gaap-eps-02-11-2026-neg1pt17,CRSP.N,2026-02-12T21:30:00Z,2026-02-12T21:30:00Z,2026-02-12,after_close,2026-02-11,2026-02-12T18:10:17Z,0.64,1280185,No,2026-02-13T00:12:05Z,2026-01-27T23:55:11Z,6764.679232,0.21828000000000003,-0.2,2026-02-12T21:30:00Z,4638010275.84,28,Health Care,2912490,22932.992125984252,0.036844377563057,6h,21600,0.7485604606525911,2026-02-12T18:10:17Z,0.64,0.5,0.4096,0.25,0.560342763252419,21708,ok,2026-02-12,2026-02-13,2026-02-12T21:00:00Z,2026-02-12,TRUE,TRUE,0.6-0.8,4
1280186,MAR,mar-quarterly-earnings-nongaap-eps-02-10-2026-2pt62,MAR.N,2026-02-10T12:00:02Z,2026-02-10T12:00:02Z,2026-02-10,before_open,2026-02-08,2026-02-09T14:20:39Z,0.755,1280186,No,2026-02-10T14:30:43Z,2026-01-27T23:55:17Z,8014.030489,0.04685,-0.04,2026-02-10T12:00:02Z,88303452774.96,28,Consumer Discretionary,4052650,32421.2,0.015720763811189,1d,86400,0.7520325203252031,2026-02-09T14:20:39Z,0.755,0.5,0.570025,0.25,0.5655529116266771,87004,ok,2026-02-09,2026-02-10,2026-02-09T21:00:00Z,2026-02-09,TRUE,TRUE,0.6-0.8,4
1280187,NET,net-quarterly-earnings-nongaap-eps-02-11-2026-0pt27,NET,2026-02-10T21:15:00Z,2026-02-10T21:15:00Z,2026-02-10,after_close,2026-02-09,2026-02-10T16:15:14Z,0.8200000000000001,1280187,Yes,2026-02-11T04:17:43Z,2026-01-27T23:55:17Z,9784.266054,0.00678,0.01,2026-02-10T21:15:00Z,61140366250,35,Information Technology,365046085,2897191.1507936507,0.030652433888185,12h,43200,0.753012048192771,2026-02-10T16:15:14Z,0.8200000000000001,0.5,0.0324,0.25,0.06100304833793001,43349,ok,2026-02-10,2026-02-11,2026-02-10T21:00:00Z,2026-02-10,TRUE,TRUE,0.8-1.0,5
1280188,DDOG,ddog-quarterly-earnings-nongaap-eps-02-10-2026-0pt55,DDOG.N,2026-02-10T12:00:01Z,2026-02-10T12:00:01Z,2026-02-10,before_open,2026-02-08,2026-02-09T14:30:13Z,0.88,1280188,Yes,2026-02-10T14:33:55Z,2026-01-27T23:55:21Z,10429.554904,0.00995,0.039999999999999,2026-02-10T12:00:01Z,39379222486.89,47,Information Technology,8063786,64510.288,0.034486834994279,1d,86400,0.7520325203252031,2026-02-09T14:30:13Z,0.88,0.5,0.0144,0.25,0.06148787097627,86622,ok,2026-02-09,2026-02-10,2026-02-09T21:00:00Z,2026-02-09,TRUE,TRUE,0.8-1.0,5
1280193,FIS,fis-quarterly-earnings-nongaap-eps-02-10-2026-1pt69,FIS,2026-02-24T12:30:01Z,2026-02-24T12:30:01Z,2026-02-24,before_open,2026-02-22,2026-02-23T20:10:17Z,0.725,1280193,No,2026-02-24T20:22:40Z,2026-01-27T23:55:43Z,4239.952069,0.01337,-0.01,2026-02-24T12:30:01Z,25272653191.44,30,Financials,493332541,3978488.233870968,0.017779131572656,1d,86400,0.73859649122807,2026-02-23T20:10:17Z,0.725,0.5,0.525625,0.25,0.545524776854416,87143,ok,2026-02-23,2026-02-24,2026-02-23T21:00:00Z,2026-02-23,TRUE,TRUE,0.6-0.8,4
1287872,NXPI,nxpi-quarterly-earnings-nongaap-eps-02-02-2026-3pt31,NXPI.N,2026-02-02T21:10:00Z,2026-02-02T21:10:00Z,2026-02-02,after_close,2026-02-01,2026-02-02T19:30:22Z,0.79,1287872,Yes,2026-02-03T01:38:26Z,2026-01-29T13:19:16Z,2127.241519,0.11857,0.04,2026-02-02T21:10:00Z,56913664871.94,37,Information Technology,4672749,37381.992,0.023584603224371,6h,21600,0.756152125279642,2026-02-02T19:30:22Z,0.79,0.5,0.044099999999999,0.25,0.059461786005635,22084,ok,2026-02-02,2026-02-03,2026-02-02T21:00:00Z,2026-02-02,TRUE,TRUE,0.6-0.8,4
1287877,MRK,mrk-quarterly-earnings-nongaap-eps-02-03-2026-2pt01,MRK,2026-02-03T11:30:00Z,2026-02-03T11:30:00Z,2026-02-03,before_open,2026-02-01,2026-02-02T14:10:11Z,0.865,1287877,Yes,2026-02-03T14:12:46Z,2026-01-29T13:20:36Z,6587.366114,0.03981,0.08,2026-02-03T11:30:00Z,273692625044.72,28,Health Care,1606517528,12852140.224,0.017082614135645,1d,86400,0.756696428571428,2026-02-02T14:10:11Z,0.865,0.5,0.01822499999999999,0.25,0.059196627869897,86555,ok,2026-02-02,2026-02-03,2026-02-02T21:00:00Z,2026-02-02,TRUE,TRUE,0.8-1.0,5
1287878,PYPL,pypl-quarterly-earnings-nongaap-eps-02-03-2026-1pt29,PYPL.N,2026-02-03T12:01:16Z,2026-02-03T12:01:16Z,2026-02-03,before_open,2026-02-01,2026-02-02T14:25:14Z,0.88,1287878,No,2026-02-03T14:29:26Z,2026-01-29T13:21:56Z,18533.906901,0.01896,-0.06,2026-02-03T12:01:16Z,48509814717.98,42,Financials,26952777,215622.216,0.019651046503963,1d,86400,0.757238307349665,2026-02-02T14:25:14Z,0.88,0.5,0.7744000000000001,0.25,0.573409854117787,86652,ok,2026-02-02,2026-02-03,2026-02-02T21:00:00Z,2026-02-02,TRUE,TRUE,0.8-1.0,5
1287904,MCD,mcd-quarterly-earnings-nongaap-eps-02-11-2026-3pt04,MCD,2026-02-11T21:00:00Z,2026-02-11T21:00:00Z,2026-02-11,after_close,2026-02-09,2026-02-11T17:55:16Z,0.67,1287904,Yes,2026-02-11T23:56:21Z,2026-01-29T12:59:38Z,8400.789413,0.03851,0.08,2026-02-11T21:00:00Z,231305797835.2,39,Consumer Discretionary,395001565,3134933.0555555555,0.009577059411367,6h,21600,0.7465618860510801,2026-02-11T17:55:16Z,0.67,0.5,0.108899999999999,0.25,0.06423087760198501,21665,ok,2026-02-11,2026-02-12,2026-02-11T21:00:00Z,2026-02-11,TRUE,TRUE,0.6-0.8,4
1287905,CSCO,csco-quarterly-earnings-nongaap-eps-02-11-2026-1pt02,CSCO.N,2026-02-11T21:00:00Z,2026-02-11T21:00:00Z,2026-02-11,after_close,2026-02-09,2026-02-11T17:55:15Z,0.935,1287905,Yes,2026-02-11T23:57:23Z,2026-01-29T13:00:42Z,21347.35024,0.00628,0.02,2026-02-11T21:00:00Z,342875986177.14,25,Information Technology,42610128,338175.61904761905,0.014119990185478,6h,21600,0.7465618860510801,2026-02-11T17:55:15Z,0.935,0.5,0.004224999999999,0.25,0.06423087760198501,21728,ok,2026-02-11,2026-02-12,2026-02-11T21:00:00Z,2026-02-11,TRUE,TRUE,0.8-1.0,5
1287906,TMUS,tmus-quarterly-earnings-gaap-eps-02-11-2026-2pt07,TMUS.N,2026-02-11T12:35:00Z,2026-02-11T12:35:00Z,2026-02-11,before_open,2026-02-09,2026-02-10T17:10:18Z,0.67,1287906,No,2026-02-11T17:12:29Z,2026-01-29T13:03:36Z,113515.352254,0.07459,-0.189999999999999,2026-02-11T12:35:00Z,217794188990.74,28,Communication Services,10235454,81233.76190476191,0.013663614055606,1d,86400,0.747534516765286,2026-02-10T17:10:18Z,0.67,0.5,0.4489,0.25,0.558807853755509,86531,ok,2026-02-10,2026-02-11,2026-02-10T21:00:00Z,2026-02-10,TRUE,TRUE,0.6-0.8,4
1288097,MGM,mgm-quarterly-earnings-nongaap-eps-02-11-2026-0pt56,MGM,2026-02-05T21:15:00Z,2026-02-05T21:15:00Z,2026-02-05,after_close,2026-02-04,2026-02-05T18:50:13Z,0.71,1288097,Yes,2026-02-06T00:51:21Z,2026-01-29T13:04:36Z,4800.644194,0.33447000000000005,0.009999999999999,2026-02-05T21:15:00Z,9539873670.99,23,Consumer Discretionary,580441287,4570403.834645669,0.02069920450863,6h,21600,0.7552742616033751,2026-02-05T18:50:13Z,0.71,0.5,0.08410000000000001,0.25,0.059890687033773,21668,ok,2026-02-05,2026-02-06,2026-02-05T21:00:00Z,2026-02-05,TRUE,TRUE,0.6-0.8,4
1288098,HLT,hlt-quarterly-earnings-nongaap-eps-02-11-2026-2pt02,HLT,2026-02-11T11:00:00Z,2026-02-11T11:00:00Z,2026-02-11,before_open,2026-02-09,2026-02-10T17:10:14Z,0.86,1288098,Yes,2026-02-11T17:17:23Z,2026-01-29T13:05:38Z,27564.551821,0.03897,0.06,2026-02-11T11:00:00Z,72004445858.45,25,Consumer Discretionary,216812445,1720733.6904761903,0.013748558075855,1d,86400,0.747534516765286,2026-02-10T17:10:14Z,0.86,0.5,0.0196,0.25,0.063738820224937,86829,ok,2026-02-10,2026-02-11,2026-02-10T21:00:00Z,2026-02-10,TRUE,TRUE,0.8-1.0,5
1288099,GRAB,grab-quarterly-earnings-gaap-eps-02-11-2026-0pt01,GRAB.N,2026-02-11T21:00:00Z,2026-02-11T21:00:00Z,2026-02-11,after_close,2026-02-10,2026-02-11T15:50:15Z,0.28500000000000003,1288099,No,2026-02-12T03:51:19Z,2026-01-29T13:06:54Z,14021.31096,0.02281,0.028999999999999,2026-02-11T21:00:00Z,17673076484.73,23,Industrials,145444613,1145233.1732283465,0.024960540515228,12h,43200,0.7465618860510801,2026-02-11T15:50:15Z,0.28500000000000003,0.5,0.081224999999999,0.25,0.557354649704146,43264,ok,2026-02-11,2026-02-12,2026-02-11T21:00:00Z,2026-02-11,TRUE,TRUE,0.2-0.4,2
1292720,TSN,tsn-quarterly-earnings-nongaap-eps-02-02-2026-0pt94,TSN,2026-02-02T12:00:00Z,2026-02-02T12:00:00Z,2026-02-02,before_open,2026-01-31,2026-01-30T14:20:11Z,0.8250000000000001,1292720,Yes,2026-02-02T14:21:04Z,2026-01-29T13:47:58Z,8056.489679,0.09086,0.03,2026-02-02T12:00:00Z,23001318848.78,14,Consumer Staples,371449506,2948011.9523809524,0.014507584483587,3d,259200,0.756152125279642,2026-01-30T14:20:11Z,0.8250000000000001,0.5,0.030625,0.25,0.059461786005635,259253,ok,2026-01-30,2026-02-02,2026-01-30T21:00:00Z,2026-01-30,TRUE,TRUE,0.8-1.0,5
1292721,APTV,aptv-quarterly-earnings-nongaap-eps-02-02-2026-1pt86,APTV.N,2026-02-02T11:45:00Z,2026-02-02T11:45:00Z,2026-02-02,before_open,2026-01-31,2026-01-30T14:55:14Z,0.725,1292721,No,2026-02-02T14:58:12Z,2026-01-29T13:49:18Z,7621.046552,0.09147,2.220446049250313e-16,2026-02-02T11:45:00Z,16115691375.75,23,Consumer Discretionary,88902270,705573.5714285715,0.020512805141527,3d,259200,0.756152125279642,2026-01-30T14:55:14Z,0.725,0.5,0.525625,0.25,0.5717660365649191,259378,ok,2026-01-30,2026-02-02,2026-01-30T21:00:00Z,2026-01-30,TRUE,TRUE,0.6-0.8,4
1293041,PAG,pag-quarterly-earnings-gaap-eps-02-11-2026-3pt02,PAG,2026-02-11T11:58:00Z,2026-02-11T11:58:00Z,2026-02-11,before_open,2026-02-09,2026-02-10T17:10:14Z,0.59,1293041,No,2026-02-11T17:13:27Z,2026-01-29T14:45:18Z,2922.520479,0.18892,-0.189999999999999,2026-02-11T11:58:00Z,10966107493.52,12,Consumer Discretionary,30351075,240881.54761904763,0.013754384799145,1d,86400,0.747534516765286,2026-02-10T17:10:14Z,0.59,0.5,0.348099999999999,0.25,0.558807853755509,86593,ok,2026-02-10,2026-02-11,2026-02-10T21:00:00Z,2026-02-10,TRUE,TRUE,0.4-0.6,3
1293042,EXPE,expe-quarterly-earnings-nongaap-eps-02-12-2026-3pt29,EXPE.N,2026-02-12T21:01:00Z,2026-02-12T21:01:00Z,2026-02-12,after_close,2026-02-10,2026-02-12T17:50:36Z,0.835,1293042,Yes,2026-02-12T23:57:59Z,2026-01-29T14:50:58Z,10257.554972,0.4649100000000001,0.48999999999999905,2026-02-12T21:01:00Z,29597073224.42,38,Consumer Discretionary,4103592,32311.748031496063,0.030229657795176,6h,21600,0.7485604606525911,2026-02-12T17:50:36Z,0.835,0.5,0.027225,0.25,0.063221841947237,22043,ok,2026-02-12,2026-02-13,2026-02-12T21:00:00Z,2026-02-12,TRUE,TRUE,0.8-1.0,5
1293043,PINS,pins-quarterly-earnings-nongaap-eps-02-12-2026-0pt68,PINS.N,2026-02-12T21:06:00Z,2026-02-12T21:06:00Z,2026-02-12,after_close,2026-02-10,2026-02-12T17:50:30Z,0.255,1293043,No,2026-02-12T23:58:55Z,2026-01-29T14:51:36Z,8681.041097,0.059520000000000003,-0.01,2026-02-12T21:06:00Z,13522268205.59,37,Communication Services,357716252,2816663.401574803,0.03158573349543,6h,21600,0.7485604606525911,2026-02-12T17:50:30Z,0.255,0.5,0.065025,0.25,0.560342763252419,22105,ok,2026-02-12,2026-02-13,2026-02-12T21:00:00Z,2026-02-12,TRUE,TRUE,0.2-0.4,2
1293048,WYNN,wynn-quarterly-earnings-nongaap-eps-02-12-2026-1pt48,WYNN.N,2026-02-12T21:01:00Z,2026-02-12T21:01:00Z,2026-02-12,after_close,2026-02-10,2026-02-12T17:50:27Z,0.325,1293048,No,2026-02-12T23:58:01Z,2026-01-29T14:55:58Z,8427.03464,0.28905000000000003,-0.31,2026-02-12T21:01:00Z,12150457615.94,19,Consumer Discretionary,3207150,25253.149606299212,0.022576477068127,6h,21600,0.7485604606525911,2026-02-12T17:50:27Z,0.325,0.5,0.105625,0.25,0.560342763252419,22054,ok,2026-02-12,2026-02-13,2026-02-12T21:00:00Z,2026-02-12,TRUE,TRUE,0.2-0.4,2
1293440,RIVN,rivn-quarterly-earnings-gaap-eps-02-12-2026-neg0pt8,RIVN.N,2026-02-12T21:03:00Z,2026-02-12T21:03:00Z,2026-02-12,after_close,2026-02-10,2026-02-12T17:50:38Z,0.5750000000000001,1293440,Yes,2026-02-12T23:58:53Z,2026-01-29T15:39:56Z,24960.049983,0.07526000000000001,0.26,2026-02-12T21:03:00Z,18565207243.44,31,Consumer Discretionary,75308563,592980.811023622,0.04001000583757,6h,21600,0.7485604606525911,2026-02-12T17:50:38Z,0.5750000000000001,0.5,0.180625,0.25,0.063221841947237,22095,ok,2026-02-12,2026-02-13,2026-02-12T21:00:00Z,2026-02-12,TRUE,TRUE,0.4-0.6,3
1293442,TOST,tost-quarterly-earnings-gaap-eps-02-12-2026-0pt12,TOST.N,2026-02-12T21:05:00Z,2026-02-12T21:05:00Z,2026-02-12,after_close,2026-02-10,2026-02-12T17:50:25Z,0.745,1293442,Yes,2026-02-12T23:58:03Z,2026-01-29T15:37:36Z,5523.387093,0.01482,0.04,2026-02-12T21:05:00Z,17357830000,27,Financials,257893246,2030655.4803149607,0.026858792269902,6h,21600,0.7485604606525911,2026-02-12T17:50:25Z,0.745,0.5,0.065025,0.25,0.063221841947237,22058,ok,2026-02-12,2026-02-13,2026-02-12T21:00:00Z,2026-02-12,TRUE,TRUE,0.6-0.8,4
1293448,ABNB,abnb-quarterly-earnings-gaap-eps-02-12-2026-0pt66,ABNB.N,2026-02-12T21:03:00Z,2026-02-12T21:03:00Z,2026-02-12,after_close,2026-02-10,2026-02-12T17:50:33Z,0.455,1293448,No,2026-02-12T23:58:01Z,2026-01-29T15:42:56Z,6980.06671,0.06638000000000001,-0.099999999999999,2026-02-12T21:03:00Z,73240463426.56,38,Consumer Discretionary,8544155,67276.81102362205,0.016211226027368,6h,21600,0.7485604606525911,2026-02-12T17:50:33Z,0.455,0.5,0.207025,0.25,0.560342763252419,22048,ok,2026-02-12,2026-02-13,2026-02-12T21:00:00Z,2026-02-12,TRUE,TRUE,0.4-0.6,3
1293473,BUD,bud-quarterly-earnings-nongaap-eps-02-12-2026-0pt89,BUD,2026-02-12T06:00:00Z,2026-02-12T06:00:00Z,2026-02-12,before_open,2026-02-10,2026-02-11T14:20:15Z,0.805,1293473,Yes,2026-02-12T14:23:49Z,2026-01-29T15:56:58Z,8031.125012,0.03976,0.059999999999999,2026-02-12T06:00:00Z,135694449570.056,12,Consumer Staples,265963392,2094199.937007874,0.011072836182373,1d,86400,0.747553816046966,2026-02-11T14:20:15Z,0.805,0.5,0.038024999999999,0.25,0.063729075792448,86614,ok,2026-02-11,2026-02-12,2026-02-11T21:00:00Z,2026-02-11,TRUE,TRUE,0.8-1.0,5
1293498,DKNG,dkng-quarterly-earnings-nongaap-eps-02-12-2026-0pt4,DKNG.N,2026-02-12T21:15:01Z,2026-02-12T21:15:01Z,2026-02-12,after_close,2026-02-11,2026-02-12T18:00:20Z,0.38,1293498,No,2026-02-13T00:02:01Z,2026-01-29T16:10:58Z,6904.863189,0.09403,-0.15000000000000002,2026-02-12T21:15:01Z,12965673425.5,34,Consumer Discretionary,33459961,263464.2598425197,0.030112856604474,6h,21600,0.7485604606525911,2026-02-12T18:00:20Z,0.38,0.5,0.1444,0.25,0.560342763252419,21701,ok,2026-02-12,2026-02-13,2026-02-12T21:00:00Z,2026-02-12,TRUE,TRUE,0.2-0.4,2
1293499,AMAT,amat-quarterly-earnings-nongaap-eps-02-12-2026-2pt21,AMAT.N,2026-02-12T21:00:00Z,2026-02-12T21:00:00Z,2026-02-12,after_close,2026-02-10,2026-02-12T17:50:27Z,0.85,1293499,Yes,2026-02-12T23:58:55Z,2026-01-29T16:06:42Z,27891.50831,0.03268,0.169999999999999,2026-02-12T21:00:00Z,261153198933.69,36,Information Technology,13295474,104688.77165354331,0.030493992511015,6h,21600,0.7485604606525911,2026-02-12T17:50:27Z,0.85,0.5,0.0225,0.25,0.063221841947237,22108,ok,2026-02-12,2026-02-13,2026-02-12T21:00:00Z,2026-02-12,TRUE,TRUE,0.8-1.0,5
1293861,PANW,panw-quarterly-earnings-nongaap-eps-02-12-2026-0pt94,PANW.N,2026-02-17T21:00:00Z,2026-02-17T21:00:00Z,2026-02-17,after_close,2026-02-15,2026-02-17T17:20:24Z,0.925,1293861,Yes,2026-02-17T23:22:55Z,2026-01-29T16:39:48Z,33169.977328,0.00659,0.09000000000000001,2026-02-17T21:00:00Z,136231200000,54,Information Technology,10502555,84020.44,0.019001312190081,6h,21600,0.7430683918669131,2026-02-17T17:20:24Z,0.925,0.5,0.005624999999999,0.25,0.066013851257854,21751,ok,2026-02-17,2026-02-18,2026-02-17T21:00:00Z,2026-02-17,TRUE,TRUE,0.8-1.0,5
1293905,H,h-quarterly-earnings-nongaap-eps-02-12-2026-0pt39,H,2026-02-12T11:55:00Z,2026-02-12T11:55:00Z,2026-02-12,before_open,2026-02-10,2026-02-11T14:45:15Z,0.45,1293905,Yes,2026-02-12T14:47:57Z,2026-01-29T16:45:20Z,5467.505493,0.36399,0.94,2026-02-12T11:55:00Z,15969775673.25,24,Consumer Discretionary,110890995,873157.4409448819,0.01984833356516,1d,86400,0.747553816046966,2026-02-11T14:45:15Z,0.45,0.5,0.30250000000000005,0.25,0.063729075792448,86562,ok,2026-02-11,2026-02-12,2026-02-11T21:00:00Z,2026-02-11,TRUE,TRUE,0.4-0.6,3
1321183,KKR,kkr-quarterly-earnings-nongaap-eps-02-05-2026-1pt14,KKR,2026-02-05T13:30:00Z,2026-02-05T13:30:00Z,2026-02-05,before_open,2026-02-03,2026-02-04T14:45:16Z,0.775,1321183,No,2026-02-05T14:49:21Z,2026-02-02T19:20:08Z,18006.456091,0.08064,0.159999999999999,2026-02-05T13:30:00Z,92058980184.8,20,Financials,532272245,4191120.0393700786,0.022733313398727,1d,86400,0.756989247311827,2026-02-04T14:45:16Z,0.775,0.5,0.6006250000000001,0.25,0.5730327205457271,86645,ok,2026-02-04,2026-02-05,2026-02-04T21:00:00Z,2026-02-04,TRUE,TRUE,0.6-0.8,4
1321184,EL,el-quarterly-earnings-nongaap-eps-02-05-2026-0pt83,EL,2026-02-05T11:00:00Z,2026-02-05T11:00:00Z,2026-02-05,before_open,2026-02-03,2026-02-04T14:50:15Z,0.795,1321184,Yes,2026-02-05T14:52:19Z,2026-02-02T19:19:28Z,2762.817511,0.07735,0.06,2026-02-05T11:00:00Z,42058003289.61,27,Consumer Staples,448482081,3531354.968503937,0.023462529007251,1d,86400,0.756989247311827,2026-02-04T14:50:15Z,0.795,0.5,0.042024999999999,0.25,0.059054225922071,86524,ok,2026-02-04,2026-02-05,2026-02-04T21:00:00Z,2026-02-04,TRUE,TRUE,0.6-0.8,4
1321185,NWSA,nwsa-quarterly-earnings-nongaap-eps-02-05-2026-0pt37,NWSA.N,2026-02-05T21:15:00Z,2026-02-05T21:15:00Z,2026-02-05,after_close,2026-02-03,2026-02-05T17:30:20Z,0.475,1321185,Yes,2026-02-05T23:30:45Z,2026-02-02T19:18:58Z,1478.502887,0.057,0.03,2026-02-05T21:15:00Z,14599138459.38,9,Communication Services,10735261,84529.61417322834,0.015783900269442,6h,21600,0.7574468085106381,2026-02-05T17:30:20Z,0.475,0.5,0.275625,0.25,0.05883205070167401,21625,ok,2026-02-05,2026-02-06,2026-02-05T21:00:00Z,2026-02-05,TRUE,TRUE,0.4-0.6,3
1321186,PTON,pton-quarterly-earnings-gaap-eps-02-05-2026-neg0pt06,PTON.N,2026-02-05T12:00:01Z,2026-02-05T12:00:01Z,2026-02-05,before_open,2026-02-03,2026-02-04T14:50:12Z,0.615,1321186,No,2026-02-05T14:50:23Z,2026-02-02T19:03:28Z,1390.5155,0.02116,-0.03,2026-02-05T12:00:01Z,2433797594.8,20,Consumer Discretionary,25002658,196871.3228346457,0.035798415341232,1d,86400,0.756989247311827,2026-02-04T14:50:12Z,0.615,0.5,0.378225,0.25,0.5730327205457271,86411,ok,2026-02-04,2026-02-05,2026-02-04T21:00:00Z,2026-02-04,TRUE,TRUE,0.6-0.8,4
1321392,UAA,uaa-quarterly-earnings-nongaap-eps-02-06-2026-neg0pt01,UAA,2026-02-06T11:55:00Z,2026-02-06T11:55:00Z,2026-02-06,before_open,2026-02-04,2026-02-05T16:40:17Z,0.41,1321392,Yes,2026-02-06T16:45:15Z,2026-02-02T19:31:28Z,10149.120937,0.01554,0.099999999999999,2026-02-06T11:55:00Z,2794872345.11,27,Consumer Discretionary,1559058517,12276051.31496063,0.030320236295068,1d,86400,0.7515527950310551,2026-02-05T16:40:17Z,0.41,0.5,0.3481,0.25,0.06172601365688,86698,ok,2026-02-05,2026-02-06,2026-02-05T21:00:00Z,2026-02-05,TRUE,TRUE,0.4-0.6,3
1321395,ACM,acm-quarterly-earnings-nongaap-eps-02-09-2026-1pt16,ACM,2026-02-09T21:05:00Z,2026-02-09T21:05:00Z,2026-02-09,after_close,2026-02-07,2026-02-09T17:15:17Z,0.795,1321395,Yes,2026-02-09T23:19:33Z,2026-02-02T19:31:08Z,3822.775495,0.03502,0.13,2026-02-09T21:05:00Z,13062029682.72,14,Industrials,146001323,1158740.6587301588,0.017570161136517,6h,21600,0.7520325203252031,2026-02-09T17:15:17Z,0.795,0.5,0.042024999999999,0.25,0.06148787097627,21856,ok,2026-02-09,2026-02-10,2026-02-09T21:00:00Z,2026-02-09,TRUE,TRUE,0.6-0.8,4
1321400,CHGG,chgg-quarterly-earnings-nongaap-eps-02-09-2026-neg0pt1,CHGG.N,2026-02-09T21:05:00Z,2026-02-09T21:05:00Z,2026-02-09,after_close,2026-02-07,2026-02-09T17:15:15Z,0.715,1321400,Yes,2026-02-09T23:19:35Z,2026-02-02T19:30:08Z,3354.657191,0.085,0.09000000000000001,2026-02-09T21:05:00Z,87722988.2048,2,Consumer Discretionary,53048376,421018.8571428571,0.06491220119306,6h,21600,0.7520325203252031,2026-02-09T17:15:15Z,0.715,0.5,0.081225,0.25,0.06148787097627,21860,ok,2026-02-09,2026-02-10,2026-02-09T21:00:00Z,2026-02-09,TRUE,TRUE,0.6-0.8,4
1321401,GTM,gtm-quarterly-earnings-nongaap-eps-02-09-2026-0pt28,GTM.N,2026-02-09T21:05:00Z,2026-02-09T21:05:00Z,2026-02-09,after_close,2026-02-07,2026-02-09T17:15:18Z,0.845,1321401,Yes,2026-02-09T23:18:39Z,2026-02-02T19:29:08Z,6783.133565,0.0057,0.039999999999999,2026-02-09T21:05:00Z,2231703847.64,21,Communication Services,10976532,87115.33333333333,0.030826545053107,6h,21600,0.7520325203252031,2026-02-09T17:15:18Z,0.845,0.5,0.024025,0.25,0.06148787097627,21801,ok,2026-02-09,2026-02-10,2026-02-09T21:00:00Z,2026-02-09,TRUE,TRUE,0.8-1.0,5
1321402,DD,dd-quarterly-earnings-nongaap-eps-02-10-2026-0pt43,DD,2026-02-10T11:00:01Z,2026-02-10T11:00:01Z,2026-02-10,before_open,2026-02-08,2026-02-09T14:35:19Z,0.81,1321402,Yes,2026-02-10T14:37:03Z,2026-02-02T19:28:08Z,9884.950991,0.00832,0.03,2026-02-10T11:00:01Z,19121703144.85,18,Materials,557013972,4456111.776,0.01805940872599,1d,86400,0.7520325203252031,2026-02-09T14:35:19Z,0.81,0.5,0.036099999999999,0.25,0.06148787097627,86504,ok,2026-02-09,2026-02-10,2026-02-09T21:00:00Z,2026-02-09,TRUE,TRUE,0.8-1.0,5
1321481,WMB,wmb-quarterly-earnings-nongaap-eps-02-10-2026-0pt57,WMB,2026-02-10T13:00:01Z,2026-02-10T13:00:01Z,2026-02-10,before_open,2026-02-08,2026-02-09T16:20:13Z,0.6900000000000001,1321481,No,2026-02-10T16:20:51Z,2026-02-02T19:40:08Z,3446.799591,0.02302,0.15000000000000002,2026-02-10T13:00:01Z,81776240000,23,Energy,878000410,7024003.28,0.014482035793798,1d,86400,0.7525354969574031,2026-02-09T16:20:13Z,0.6900000000000001,0.5,0.476099999999999,0.25,0.566309674180926,86438,ok,2026-02-09,2026-02-10,2026-02-09T21:00:00Z,2026-02-09,TRUE,TRUE,0.6-0.8,4
1321482,APP,app-quarterly-earnings-gaap-eps-02-11-2026-2pt95,APP.N,2026-02-11T21:05:00Z,2026-02-11T21:05:00Z,2026-02-11,after_close,2026-02-09,2026-02-11T17:55:16Z,0.845,1321482,Yes,2026-02-11T23:57:23Z,2026-02-02T19:41:08Z,67199.78149,0.16882000000000005,0.29000000000000004,2026-02-11T21:05:00Z,155752538940,30,Information Technology,10480487,83178.46825396825,0.045318710545665,6h,21600,0.7465618860510801,2026-02-11T17:55:16Z,0.845,0.5,0.024025,0.25,0.06423087760198501,21727,ok,2026-02-11,2026-02-12,2026-02-11T21:00:00Z,2026-02-11,TRUE,TRUE,0.8-1.0,5
1321483,HUM,hum-quarterly-earnings-nongaap-eps-02-11-2026-neg3pt99,HUM,2026-02-11T11:00:00Z,2026-02-11T11:00:00Z,2026-02-11,before_open,2026-02-09,2026-02-10T17:10:16Z,0.72,1321483,Yes,2026-02-11T17:13:27Z,2026-02-02T19:41:46Z,21702.22333,0.18855,0.03,2026-02-11T11:00:00Z,22851729786.83,29,Health Care,225895764,1792823.5238095238,0.0346721569099,1d,86400,0.747534516765286,2026-02-10T17:10:16Z,0.72,0.5,0.07840000000000001,0.25,0.063738820224937,86591,ok,2026-02-10,2026-02-11,2026-02-10T21:00:00Z,2026-02-10,TRUE,TRUE,0.6-0.8,4
1321484,KHC,khc-quarterly-earnings-nongaap-eps-02-11-2026-0pt61,KHC.N,2026-02-11T12:00:00Z,2026-02-11T12:00:00Z,2026-02-11,before_open,2026-02-09,2026-02-10T17:10:11Z,0.835,1321484,Yes,2026-02-11T17:12:31Z,2026-02-02T19:42:26Z,5020.338355,0.017,0.06,2026-02-11T12:00:00Z,29096445979.58,21,Consumer Staples,33982659,269703.64285714284,0.015805086081323,1d,86400,0.747534516765286,2026-02-10T17:10:11Z,0.835,0.5,0.027225,0.25,0.063738820224937,86540,ok,2026-02-10,2026-02-11,2026-02-10T21:00:00Z,2026-02-10,TRUE,TRUE,0.8-1.0,5
1321485,HUBS,hubs-quarterly-earnings-nongaap-eps-02-11-2026-2pt99,HUBS.N,2026-02-11T21:05:00Z,2026-02-11T21:05:00Z,2026-02-11,after_close,2026-02-09,2026-02-11T17:55:17Z,0.865,1321485,Yes,2026-02-11T23:57:25Z,2026-02-02T19:42:48Z,5711.559235,0.02389,0.099999999999999,2026-02-11T21:05:00Z,12187283058.88,36,Information Technology,24977420,198233.49206349207,0.034052951426818,6h,21600,0.7465618860510801,2026-02-11T17:55:17Z,0.865,0.5,0.01822499999999999,0.25,0.06423087760198501,21728,ok,2026-02-11,2026-02-12,2026-02-11T21:00:00Z,2026-02-11,TRUE,TRUE,0.8-1.0,5
1321486,GT,gt-quarterly-earnings-nongaap-eps-02-12-2026-0pt49,GT.N,2026-02-09T21:30:00Z,2026-02-09T21:30:00Z,2026-02-09,after_close,2026-02-08,2026-02-09T18:25:17Z,0.7000000000000001,1321486,No,2026-02-10T00:33:39Z,2026-02-02T19:43:08Z,8592.297467,0.05934,-0.099999999999999,2026-02-09T21:30:00Z,3017043854.3,14,Consumer Discretionary,18250526,146004.208,0.023078253979759,6h,21600,0.7520325203252031,2026-02-09T18:25:17Z,0.7000000000000001,0.5,0.48999999999999905,0.25,0.5655529116266771,22102,ok,2026-02-09,2026-02-10,2026-02-09T21:00:00Z,2026-02-09,TRUE,TRUE,0.6-0.8,4
1321489,USFD,usfd-quarterly-earnings-nongaap-eps-02-12-2026-1pt01,USFD.N,2026-02-12T11:45:00Z,2026-02-12T11:45:00Z,2026-02-12,before_open,2026-02-10,2026-02-11T14:15:20Z,0.67,1321489,Yes,2026-02-12T14:23:49Z,2026-02-02T20:07:16Z,5410.678329,0.02942,0.03,2026-02-12T11:45:00Z,19996539241.19,17,Consumer Staples,82638372,650695.842519685,0.015172910029232,1d,86400,0.747553816046966,2026-02-11T14:15:20Z,0.67,0.5,0.108899999999999,0.25,0.063729075792448,86909,ok,2026-02-11,2026-02-12,2026-02-11T21:00:00Z,2026-02-11,TRUE,TRUE,0.6-0.8,4
1321491,YELP,yelp-quarterly-earnings-gaap-eps-02-12-2026-0pt53,YELP.N,2026-02-12T21:05:01Z,2026-02-12T21:05:01Z,2026-02-12,after_close,2026-02-10,2026-02-12T17:50:27Z,0.775,1321491,Yes,2026-02-12T23:58:55Z,2026-02-02T20:06:56Z,4607.663128,0.1971,0.079999999999999,2026-02-12T21:05:01Z,1496715012.26,11,Communication Services,44290414,348743.41732283466,0.022700146068457,6h,21600,0.7485604606525911,2026-02-12T17:50:27Z,0.775,0.5,0.050624999999999,0.25,0.063221841947237,22108,ok,2026-02-12,2026-02-13,2026-02-12T21:00:00Z,2026-02-12,TRUE,TRUE,0.6-0.8,4
1321492,BGC,bgc-quarterly-earnings-nongaap-eps-02-12-2026-0pt29,BGC.N,2026-02-12T13:12:00Z,2026-02-12T13:12:00Z,2026-02-12,before_open,2026-02-10,2026-02-11T15:35:13Z,0.605,1321492,Yes,2026-02-12T15:38:33Z,2026-02-02T19:54:28Z,1565.997436,0,0.02,2026-02-12T13:12:00Z,4296188919.96,2,Financials,8046746,63360.20472440945,0.015759110824155,1d,86400,0.747553816046966,2026-02-11T15:35:13Z,0.605,0.5,0.15602500000000002,0.25,0.063729075792448,86600,ok,2026-02-11,2026-02-12,2026-02-11T21:00:00Z,2026-02-11,TRUE,TRUE,0.6-0.8,4
1321493,TRIP,trip-quarterly-earnings-nongaap-eps-02-12-2026-0pt13,TRIP.N,2026-02-12T12:05:00Z,2026-02-12T12:05:00Z,2026-02-12,before_open,2026-02-10,2026-02-11T14:20:17Z,0.73,1321493,No,2026-02-12T14:23:51Z,2026-02-02T19:51:08Z,14038.118586,0.067,-0.09,2026-02-12T12:05:00Z,1472309485.43,16,Communication Services,4870377,38349.4251968504,0.028360263085193,1d,86400,0.747553816046966,2026-02-11T14:20:17Z,0.73,0.5,0.532899999999999,0.25,0.5588367078863821,86614,ok,2026-02-11,2026-02-12,2026-02-11T21:00:00Z,2026-02-11,TRUE,TRUE,0.6-0.8,4
1326168,TSEM,tsem-quarterly-earnings-gaap-eps-02-11-2026-0pt59,TSEM.N,2026-02-11T12:00:05Z,2026-02-11T12:00:05Z,2026-02-11,before_open,2026-02-09,2026-02-10T17:10:13Z,0.775,1326168,Yes,2026-02-11T17:13:29Z,2026-02-03T14:50:20Z,4532.337541,0.01855,0.19,2026-02-11T12:00:05Z,16602141020,6,Information Technology,2647731,21013.738095238095,0.034031153001271,1d,86400,0.747534516765286,2026-02-10T17:10:13Z,0.775,0.5,0.050624999999999,0.25,0.063738820224937,86596,ok,2026-02-10,2026-02-11,2026-02-10T21:00:00Z,2026-02-10,TRUE,TRUE,0.6-0.8,4
1326457,WEN,wen-quarterly-earnings-nongaap-eps-02-13-2026-0pt15,WEN.N,2026-02-13T12:00:00Z,2026-02-13T12:00:00Z,2026-02-13,before_open,2026-02-11,2026-02-12T15:10:18Z,0.585,1326457,Yes,2026-02-13T15:15:17Z,2026-02-03T15:47:42Z,6619.382952,0.013,0.01,2026-02-13T12:00:00Z,1499753120,29,Consumer Discretionary,17343758,136565.02362204724,0.021162366468707,1d,86400,0.747148288973384,2026-02-12T15:10:18Z,0.585,0.5,0.17222500000000002,0.25,0.063933987769087,86699,ok,2026-02-12,2026-02-13,2026-02-12T21:00:00Z,2026-02-12,TRUE,TRUE,0.4-0.6,3
1326458,MRNA,mrna-quarterly-earnings-gaap-eps-02-13-2026-neg2pt6,MRNA.N,2026-02-13T12:00:00Z,2026-02-13T12:00:00Z,2026-02-13,before_open,2026-02-11,2026-02-12T15:10:15Z,0.72,1326458,Yes,2026-02-13T15:12:19Z,2026-02-03T15:46:42Z,10017.745012,0.21466,0.4900000000000001,2026-02-13T12:00:00Z,15826427031.12,26,Health Care,21844417,172003.28346456692,0.042662308575328003,1d,86400,0.747148288973384,2026-02-12T15:10:15Z,0.72,0.5,0.07840000000000001,0.25,0.063933987769087,86524,ok,2026-02-12,2026-02-13,2026-02-12T21:00:00Z,2026-02-12,TRUE,TRUE,0.6-0.8,4
1326501,LH,lh-quarterly-earnings-nongaap-eps-02-17-2026-3pt94,LH,2026-02-17T11:50:00Z,2026-02-17T11:50:00Z,2026-02-17,before_open,2026-02-15,2026-02-13T14:35:18Z,0.835,1326501,Yes,2026-02-17T14:37:29Z,2026-02-03T15:57:02Z,13642.77743,0.05373000000000001,0.13,2026-02-17T11:50:00Z,23232186000,22,Health Care,89047735,712381.88,0.014852418593984,4d,345600,0.7430683918669131,2026-02-13T14:35:18Z,0.835,0.5,0.027225,0.25,0.066013851257854,345731,ok,2026-02-13,2026-02-17,2026-02-13T21:00:00Z,2026-02-13,TRUE,TRUE,0.8-1.0,5
1326546,SUN,sun-quarterly-earnings-gaap-eps-02-17-2026-1pt62,SUN,2026-02-17T12:00:01Z,2026-02-17T12:00:01Z,2026-02-17,before_open,2026-02-15,2026-02-13T14:35:13Z,0.15,1326546,No,2026-02-17T14:38:27Z,2026-02-03T16:10:44Z,11458.460421,0.69535,-1.53,2026-02-17T12:00:01Z,12189000781.32,7,Energy,63108095,504864.76,0.012322412130371,4d,345600,0.7430683918669131,2026-02-13T14:35:13Z,0.15,0.5,0.0225,0.25,0.55215063499168,345794,ok,2026-02-13,2026-02-17,2026-02-13T21:00:00Z,2026-02-13,TRUE,TRUE,0.0-0.2,1
1326547,CZR,czr-quarterly-earnings-gaap-eps-02-17-2026-neg0pt18,CZR.N,2026-02-17T21:01:00Z,2026-02-17T21:01:00Z,2026-02-17,after_close,2026-02-15,2026-02-17T17:20:24Z,0.215,1326547,No,2026-02-17T23:20:45Z,2026-02-03T16:10:42Z,5840.987088,0.13798000000000002,-1.05,2026-02-17T21:01:00Z,3691871320.94,19,Consumer Discretionary,15281365,122250.92,0.033141825721928,6h,21600,0.7430683918669131,2026-02-17T17:20:24Z,0.215,0.5,0.046224999999999,0.25,0.55215063499168,21621,ok,2026-02-17,2026-02-18,2026-02-17T21:00:00Z,2026-02-17,TRUE,TRUE,0.2-0.4,2
1326576,WAY,way-quarterly-earnings-nongaap-eps-02-17-2026-0pt4,WAY.N,2026-02-17T12:00:01Z,2026-02-17T12:00:01Z,2026-02-17,before_open,2026-02-15,2026-02-13T14:30:26Z,0.8150000000000001,1326576,No,2026-02-17T14:38:29Z,2026-02-03T16:18:04Z,11485.269381,0.01994,-0.04,2026-02-17T12:00:01Z,4295584476.72,23,Health Care,3801826,30414.608,0.026543167083294,4d,345600,0.7430683918669131,2026-02-13T14:30:26Z,0.8150000000000001,0.5,0.664225,0.25,0.55215063499168,346083,ok,2026-02-13,2026-02-17,2026-02-13T21:00:00Z,2026-02-13,TRUE,TRUE,0.8-1.0,5
1339362,LZB,lzb-quarterly-earnings-nongaap-eps-02-17-2026-0pt59,LZB,2026-02-17T21:15:01Z,2026-02-17T21:15:01Z,2026-02-17,after_close,2026-02-15,2026-02-17T17:20:23Z,0.805,1339362,Yes,2026-02-17T23:27:57Z,2026-02-05T12:48:35Z,4378.374551,0.07318000000000001,0.02,2026-02-17T21:15:01Z,1569015041.4,3,Consumer Discretionary,66589873,532718.984,0.026870222691834,6h,21600,0.7430683918669131,2026-02-17T17:20:23Z,0.805,0.5,0.038024999999999,0.25,0.066013851257854,22054,ok,2026-02-17,2026-02-18,2026-02-17T21:00:00Z,2026-02-17,TRUE,TRUE,0.8-1.0,5
1339376,AMPL,ampl-quarterly-earnings-nongaap-eps-02-18-2026-0pt05,AMPL.N,2026-02-18T21:19:00Z,2026-02-18T21:19:00Z,2026-02-18,after_close,2026-02-16,2026-02-18T17:25:18Z,0.5700000000000001,1339376,No,2026-02-18T23:30:16Z,2026-02-05T12:59:13Z,5410.991281,0.0064,-0.01,2026-02-18T21:19:00Z,847827214.6,11,Information Technology,2714227,21713.816,0.032112977689033,6h,21600,0.7404021937842771,2026-02-18T17:25:18Z,0.5700000000000001,0.5,0.324899999999999,0.25,0.548195408560571,21898,ok,2026-02-18,2026-02-19,2026-02-18T21:00:00Z,2026-02-18,TRUE,TRUE,0.4-0.6,3
1339377,MCO,mco-quarterly-earnings-nongaap-eps-02-18-2026-3pt44,MCO,2026-02-18T12:00:00Z,2026-02-18T12:00:00Z,2026-02-18,before_open,2026-02-16,2026-02-17T14:50:22Z,0.8,1339377,Yes,2026-02-18T14:50:54Z,2026-02-05T12:58:13Z,8004.470519,0.07475000000000001,0.2,2026-02-18T12:00:00Z,75607812000,25,Financials,112823504,902588.032,0.017454973746934,1d,86400,0.740808823529411,2026-02-17T14:50:22Z,0.8,0.5,0.039999999999999,0.25,0.06718006596020701,86432,ok,2026-02-17,2026-02-18,2026-02-17T21:00:00Z,2026-02-17,TRUE,TRUE,0.8-1.0,5
1339469,DASH,dash-quarterly-earnings-gaap-eps-02-18-2026-0pt58,DASH.N,2026-02-18T21:05:00Z,2026-02-18T21:05:00Z,2026-02-18,after_close,2026-02-16,2026-02-18T17:20:22Z,0.33,1339469,No,2026-02-18T23:28:16Z,2026-02-05T13:11:37Z,34662.05066,0.10738,-0.099999999999999,2026-02-18T21:05:00Z,69655921279.68,42,Consumer Discretionary,8345695,66765.56,0.029175944087345,6h,21600,0.7404021937842771,2026-02-18T17:20:22Z,0.33,0.5,0.1089,0.25,0.548195408560571,22074,ok,2026-02-18,2026-02-19,2026-02-18T21:00:00Z,2026-02-18,TRUE,TRUE,0.2-0.4,2
1339470,WING,wing-quarterly-earnings-gaap-eps-02-18-2026-0pt84,WING.N,2026-02-18T12:45:00Z,2026-02-18T12:45:00Z,2026-02-18,before_open,2026-02-16,2026-02-17T15:00:59Z,0.845,1339470,Yes,2026-02-18T15:07:22Z,2026-02-05T13:12:01Z,11578.073694,0.04895000000000001,0.16,2026-02-18T12:45:00Z,6104378201.35,30,Consumer Discretionary,1794623,14356.984,0.033029959640098,1d,86400,0.740808823529411,2026-02-17T15:00:59Z,0.845,0.5,0.024025,0.25,0.06718006596020701,86783,ok,2026-02-17,2026-02-18,2026-02-17T21:00:00Z,2026-02-17,TRUE,TRUE,0.8-1.0,5
1339476,CVNA,cvna-quarterly-earnings-gaap-eps-02-18-2026-1pt08,CVNA.N,2026-02-18T21:05:00Z,2026-02-18T21:05:00Z,2026-02-18,after_close,2026-02-16,2026-02-18T17:35:20Z,0.5650000000000001,1339476,Yes,2026-02-18T23:42:18Z,2026-02-05T13:18:17Z,4781.711673,0.24733,-0.02,2026-02-18T21:05:00Z,75035614187.16,27,Consumer Discretionary,97781496,782251.968,0.039963649767263,6h,21600,0.7404021937842771,2026-02-18T17:35:20Z,0.5650000000000001,0.5,0.189225,0.25,0.06739102099201501,22018,ok,2026-02-18,2026-02-19,2026-02-18T21:00:00Z,2026-02-18,TRUE,TRUE,0.4-0.6,3
1339583,ADI,adi-quarterly-earnings-nongaap-eps-02-18-2026-2pt3,ADI.N,2026-02-18T12:00:00Z,2026-02-18T12:00:00Z,2026-02-18,before_open,2026-02-16,2026-02-17T14:50:27Z,0.89,1339583,Yes,2026-02-18T14:54:58Z,2026-02-05T13:40:59Z,9577.289406,0.04254,0.16,2026-02-18T12:00:00Z,164573621324.7,36,Information Technology,6885676,55085.408,0.018238730983207,1d,86400,0.740808823529411,2026-02-17T14:50:27Z,0.89,0.5,0.012099999999999,0.25,0.06718006596020701,86671,ok,2026-02-17,2026-02-18,2026-02-17T21:00:00Z,2026-02-17,TRUE,TRUE,0.8-1.0,5
1339584,OXY,oxy-quarterly-earnings-nongaap-eps-02-18-2026-0pt25,OXY,2026-02-18T21:15:00Z,2026-02-18T21:15:00Z,2026-02-18,after_close,2026-02-16,2026-02-18T17:30:26Z,0.885,1339584,Yes,2026-02-18T23:33:14Z,2026-02-05T13:41:39Z,13634.591465,0.09393,0.06,2026-02-18T21:15:00Z,45437304841.92,27,Energy,1276070124,10208560.992,0.019580248058155,6h,21600,0.7404021937842771,2026-02-18T17:30:26Z,0.885,0.5,0.013224999999999,0.25,0.06739102099201501,21768,ok,2026-02-18,2026-02-19,2026-02-18T21:00:00Z,2026-02-18,TRUE,TRUE,0.8-1.0,5
1339585,GRMN,grmn-quarterly-earnings-nongaap-eps-02-18-2026-2pt39,GRMN.N,2026-02-18T12:00:01Z,2026-02-18T12:00:01Z,2026-02-18,before_open,2026-02-16,2026-02-17T15:00:58Z,0.785,1339585,Yes,2026-02-18T15:06:22Z,2026-02-05T13:42:39Z,7522.282492,0.0321,0.399999999999999,2026-02-18T12:00:01Z,41333333434.2,9,Consumer Discretionary,36981339,295850.712,0.018800227784141,1d,86400,0.740808823529411,2026-02-17T15:00:58Z,0.785,0.5,0.046224999999999,0.25,0.06718006596020701,86724,ok,2026-02-17,2026-02-18,2026-02-17T21:00:00Z,2026-02-17,TRUE,TRUE,0.6-0.8,4
1339586,BKNG,bkng-quarterly-earnings-nongaap-eps-02-18-2026-48pt5,BKNG.N,2026-02-18T21:00:00Z,2026-02-18T21:00:00Z,2026-02-18,after_close,2026-02-16,2026-02-18T17:20:20Z,0.9175,1339586,Yes,2026-02-18T23:27:14Z,2026-02-05T13:43:19Z,14951.465111,2.04825,0.29999999999999705,2026-02-18T21:00:00Z,131146656447.6,37,Consumer Discretionary,613217,4905.736,0.020513584118486,6h,21600,0.73992673992674,2026-02-18T17:20:20Z,0.9175,0.5,0.00680625,0.25,0.067638100605133,22014,ok,2026-02-18,2026-02-19,2026-02-18T21:00:00Z,2026-02-18,TRUE,TRUE,0.8-1.0,5
1339587,CRL,crl-quarterly-earnings-nongaap-eps-02-18-2026-2pt35,CRL,2026-02-18T12:00:00Z,2026-02-18T12:00:00Z,2026-02-18,before_open,2026-02-16,2026-02-17T14:50:26Z,0.875,1339587,Yes,2026-02-18T14:56:02Z,2026-02-05T13:44:19Z,8007.136165,0.04803,0.04,2026-02-18T12:00:00Z,7942905530,19,Health Care,112205897,897647.176,0.026094752245358,1d,86400,0.740808823529411,2026-02-17T14:50:26Z,0.875,0.5,0.015625,0.25,0.06718006596020701,86736,ok,2026-02-17,2026-02-18,2026-02-17T21:00:00Z,2026-02-17,TRUE,TRUE,0.8-1.0,5
1339766,DE,de-quarterly-earnings-gaap-eps-02-19-2026-2pt1,DE,2026-02-19T11:22:24Z,2026-02-19T11:22:24Z,2026-02-19,before_open,2026-02-17,2026-02-18T13:55:13Z,0.425,1339766,Yes,2026-02-19T13:57:20Z,2026-02-05T14:41:59Z,8588.594943,0.27103000000000005,0.319999999999999,2026-02-19T11:22:24Z,162291259316.88,26,Industrials,180282944,1430817.015873016,0.015543156714354,1d,86400,0.7404021937842771,2026-02-18T13:55:13Z,0.425,0.5,0.330624999999999,0.25,0.06739102099201501,86527,ok,2026-02-18,2026-02-19,2026-02-18T21:00:00Z,2026-02-18,TRUE,TRUE,0.4-0.6,3
1339770,TXRH,txrh-quarterly-earnings-gaap-eps-02-19-2026-1pt49,TXRH.N,2026-02-19T21:03:00Z,2026-02-19T21:03:00Z,2026-02-19,after_close,2026-02-18,2026-02-19T18:00:22Z,0.205,1339770,No,2026-02-20T00:01:56Z,2026-02-05T14:48:19Z,5409.041215,0.08404,-0.20999999999999905,2026-02-19T21:03:00Z,12319431846.15,31,Consumer Discretionary,1910594,15163.444444444443,0.016174997286522,6h,21600,0.7419354838709671,2026-02-19T18:00:22Z,0.205,0.5,0.042024999999999,0.25,0.5504682622268471,21694,ok,2026-02-19,2026-02-20,2026-02-19T21:00:00Z,2026-02-19,TRUE,TRUE,0.2-0.4,2
1339772,HHH,hhh-quarterly-earnings-gaap-eps-02-19-2026-0pt4,HHH,2026-02-19T21:01:01Z,2026-02-19T21:01:01Z,2026-02-19,after_close,2026-02-18,2026-02-19T18:00:18Z,0.62,1339772,No,2026-02-20T00:01:04Z,2026-02-05T14:52:59Z,5203.724869,0.04,-0.30000000000000004,2026-02-19T21:01:01Z,4951605559.29,2,Real Estate,45014169,357255.3095238095,0.018871716713922,6h,21600,0.7419354838709671,2026-02-19T18:00:18Z,0.62,0.5,0.3844,0.25,0.5504682622268471,21646,ok,2026-02-19,2026-02-20,2026-02-19T21:00:00Z,2026-02-19,TRUE,TRUE,0.6-0.8,4
1339773,OPEN,open-quarterly-earnings-gaap-eps-02-19-2026-neg0pt11,OPEN.N,2026-02-19T21:05:03Z,2026-02-19T21:05:03Z,2026-02-19,after_close,2026-02-17,2026-02-19T17:40:19Z,0.165,1339773,No,2026-02-19T23:48:34Z,2026-02-05T14:54:19Z,7722.358712,0.015,-1.15,2026-02-19T21:05:03Z,4149549332.73,9,Real Estate,316170070,2509286.26984127,0.092160188611694,6h,21600,0.7419354838709671,2026-02-19T17:40:19Z,0.165,0.5,0.027225,0.25,0.5504682622268471,22095,ok,2026-02-19,2026-02-20,2026-02-19T21:00:00Z,2026-02-19,TRUE,TRUE,0.0-0.2,1
1339782,AKAM,akam-quarterly-earnings-nongaap-eps-02-19-2026-1pt75,AKAM.N,2026-02-19T21:01:00Z,2026-02-19T21:01:00Z,2026-02-19,after_close,2026-02-18,2026-02-19T18:00:52Z,0.925,1339782,Yes,2026-02-20T00:01:58Z,2026-02-05T15:03:23Z,9718.454364,0.04206,0.09000000000000001,2026-02-19T21:01:00Z,15837719741.34,26,Information Technology,3619609,28727.055555555555,0.024792740102756,6h,21600,0.7419354838709671,2026-02-19T18:00:52Z,0.925,0.5,0.005624999999999,0.25,0.066597294484911,21666,ok,2026-02-19,2026-02-20,2026-02-19T21:00:00Z,2026-02-19,TRUE,TRUE,0.8-1.0,5
1339788,WMT,wmt-quarterly-earnings-nongaap-eps-02-19-2026-0pt72,WMT.N,2026-02-19T12:00:00Z,2026-02-19T12:00:00Z,2026-02-19,before_open,2026-02-17,2026-02-18T15:15:17Z,0.895,1339788,Yes,2026-02-19T15:16:34Z,2026-02-05T15:03:39Z,25057.538583,0.0166,0.02,2026-02-19T12:00:00Z,1026956013311.4,45,Consumer Staples,20170722,429164.2978723404,0.015962361444914,1d,86400,0.7427536231884051,2026-02-18T15:15:17Z,0.895,0.5,0.011024999999999,0.25,0.06617569838269201,86477,ok,2026-02-18,2026-02-19,2026-02-18T21:00:00Z,2026-02-18,TRUE,TRUE,0.8-1.0,5
1339793,ED,ed-quarterly-earnings-nongaap-eps-02-19-2026-0pt86,ED,2026-02-19T21:37:31Z,2026-02-19T21:37:31Z,2026-02-19,after_close,2026-02-18,2026-02-19T18:20:22Z,0.88,1339793,Yes,2026-02-20T00:22:54Z,2026-02-05T15:03:57Z,66932.514677,0.32144,0.03,2026-02-19T21:37:31Z,40318826555.18,19,Utilities,265225620,2104965.238095238,0.010584835509177,6h,21600,0.7419354838709671,2026-02-19T18:20:22Z,0.88,0.5,0.0144,0.25,0.066597294484911,21752,ok,2026-02-19,2026-02-20,2026-02-19T21:00:00Z,2026-02-19,TRUE,TRUE,0.8-1.0,5
1339807,DBX,dbx-quarterly-earnings-nongaap-eps-02-19-2026-0pt67,DBX.N,2026-02-19T21:04:00Z,2026-02-19T21:04:00Z,2026-02-19,after_close,2026-02-18,2026-02-19T18:00:26Z,0.945,1339807,Yes,2026-02-20T00:02:12Z,2026-02-05T15:04:19Z,10998.424737,0.0371,0.01,2026-02-19T21:04:00Z,5747952873,10,Information Technology,7838979,62214.119047619046,0.017732505742098,6h,21600,0.7419354838709671,2026-02-19T18:00:26Z,0.945,0.5,0.003025,0.25,0.066597294484911,21706,ok,2026-02-19,2026-02-20,2026-02-19T21:00:00Z,2026-02-19,TRUE,TRUE,0.8-1.0,5
1352087,FNF,fnf-quarterly-earnings-nongaap-eps-02-19-2026-1pt5,FNF,2026-02-19T21:00:00Z,2026-02-19T21:00:00Z,2026-02-19,after_close,2026-02-18,2026-02-19T18:20:22Z,0.685,1352087,No,2026-02-20T00:21:52Z,2026-02-07T17:25:15Z,4267.789798,0.06689,-0.09000000000000001,2026-02-19T21:00:00Z,15199972398.44,5,Financials,157212782,1247720.492063492,0.014805562978982,6h,21600,0.7419354838709671,2026-02-19T18:20:22Z,0.685,0.5,0.46922500000000006,0.25,0.5504682622268471,21690,ok,2026-02-19,2026-02-20,2026-02-19T21:00:00Z,2026-02-19,TRUE,TRUE,0.6-0.8,4
1360921,DPZ,dpz-quarterly-earnings-gaap-eps-02-23-2026-5pt39,DPZ.N,2026-02-23T11:05:00Z,2026-02-23T11:05:00Z,2026-02-23,before_open,2026-02-21,2026-02-20T15:45:21Z,0.545,1360921,No,2026-02-23T15:49:18Z,2026-02-09T19:35:55Z,385836.348821,0.16008,-0.04,2026-02-23T11:05:00Z,12934010075.17,35,Consumer Discretionary,1431555,11452.44,0.013878927948026,3d,259200,0.739894551845342,2026-02-20T15:45:21Z,0.545,0.5,0.29702500000000004,0.25,0.54744394785042,259437,ok,2026-02-20,2026-02-23,2026-02-20T21:00:00Z,2026-02-20,TRUE,TRUE,0.4-0.6,3
1360922,HIMS,hims-quarterly-earnings-gaap-eps-02-23-2026-0pt05,HIMS.N,2026-02-23T21:05:00Z,2026-02-23T21:05:00Z,2026-02-23,after_close,2026-02-21,2026-02-23T17:40:16Z,0.765,1360922,Yes,2026-02-23T23:44:02Z,2026-02-09T19:34:53Z,287931.953117,0.07826000000000001,0.03,2026-02-23T21:05:00Z,3562682912.58,16,Health Care,472676940,3781415.52,0.047188038897396,6h,21600,0.739894551845342,2026-02-23T17:40:16Z,0.765,0.5,0.055224999999999,0.25,0.06765484415973501,21826,ok,2026-02-23,2026-02-24,2026-02-23T21:00:00Z,2026-02-23,TRUE,TRUE,0.6-0.8,4
1360923,BBBY,bbby-quarterly-earnings-nongaap-eps-02-23-2026-neg0pt22,BBBY.N,2026-02-23T21:01:00Z,2026-02-23T21:01:00Z,2026-02-23,after_close,2026-02-21,2026-02-23T17:50:21Z,0.475,1360923,Yes,2026-02-23T23:58:34Z,2026-02-09T19:34:13Z,5585.121304,0.05761,0.06,2026-02-23T21:01:00Z,360918319.97,7,Consumer Discretionary,65928417,527427.336,0.04673035098546,6h,21600,0.739894551845342,2026-02-23T17:50:21Z,0.475,0.5,0.275625,0.25,0.06765484415973501,22093,ok,2026-02-23,2026-02-24,2026-02-23T21:00:00Z,2026-02-23,TRUE,TRUE,0.4-0.6,3
1360933,WIX,wix-quarterly-earnings-nongaap-eps-02-18-2026-1pt47,WIX.N,2026-03-04T10:14:43Z,2026-03-04T10:14:43Z,2026-03-04,before_open,2026-03-02,2026-03-03T13:10:22Z,0.795,1360933,Yes,2026-03-04T13:12:25Z,2026-02-09T19:41:15Z,9717.265244,0.22725,0.34,2026-03-04T10:14:43Z,3994243189.68,18,Information Technology,3285588,26284.704,0.038863747413166,1d,86400,0.729641693811074,2026-03-03T13:10:22Z,0.795,0.5,0.042024999999999,0.25,0.07309361372534401,86523,ok,2026-03-03,2026-03-04,2026-03-03T21:00:00Z,2026-03-03,TRUE,TRUE,0.6-0.8,4
1362677,CSGP,csgp-quarterly-earnings-gaap-eps-02-24-2026-0pt06,CSGP.N,2026-02-24T21:02:00Z,2026-02-24T21:02:00Z,2026-02-24,after_close,2026-02-22,2026-02-24T17:35:21Z,0.37,1362677,Yes,2026-02-24T23:38:30Z,2026-02-10T12:49:05Z,5672.635773,0.01739,0.25,2026-02-24T21:02:00Z,20935091920.87,21,Real Estate,7088990,57169.27419354839,0.027424582006913,6h,21600,0.73859649122807,2026-02-24T17:35:21Z,0.37,0.5,0.3969,0.25,0.06833179439827601,21789,ok,2026-02-24,2026-02-25,2026-02-24T21:00:00Z,2026-02-24,TRUE,TRUE,0.2-0.4,2
1362683,HD,hd-quarterly-earnings-nongaap-eps-02-24-2026-2pt52,HD,2026-02-24T11:00:01Z,2026-02-24T11:00:01Z,2026-02-24,before_open,2026-02-22,2026-02-23T15:15:14Z,0.8200000000000001,1362683,Yes,2026-02-24T15:17:02Z,2026-02-10T12:57:43Z,26008.384746,0.06681000000000001,0.2,2026-02-24T11:00:01Z,380534265141.25,38,Consumer Discretionary,494840065,3990645.685483871,0.013619760892549,1d,86400,0.739894551845342,2026-02-23T15:15:14Z,0.8200000000000001,0.5,0.0324,0.25,0.06765484415973501,86508,ok,2026-02-23,2026-02-24,2026-02-23T21:00:00Z,2026-02-23,TRUE,TRUE,0.8-1.0,5
1362778,AS,as-quarterly-earnings-nongaap-eps-02-24-2026-0pt28,AS,2026-02-24T11:00:00Z,2026-02-24T11:00:00Z,2026-02-24,before_open,2026-02-22,2026-02-23T20:15:23Z,0.915,1362778,Yes,2026-02-24T20:22:38Z,2026-02-10T13:08:25Z,260299.647331,0.01846,0.029999999999999,2026-02-24T11:00:00Z,23400537288.8,25,Consumer Discretionary,555546256,4480211.741935484,0.023491148607256,1d,86400,0.73859649122807,2026-02-23T20:15:23Z,0.915,0.5,0.007224999999999,0.25,0.06833179439827601,86835,ok,2026-02-23,2026-02-24,2026-02-23T21:00:00Z,2026-02-23,TRUE,TRUE,0.8-1.0,5
1363685,NVDA,nvda-quarterly-earnings-nongaap-eps-02-25-2026-1pt52,NVDA.N,2026-02-25T21:00:00Z,2026-02-25T21:00:00Z,2026-02-25,after_close,2026-02-24,2026-02-25T18:10:19Z,0.9455,1363685,Yes,2026-02-26T00:10:10Z,2026-02-10T19:22:25Z,381687.063845,0.03531,0.1,2026-02-25T21:00:00Z,4686255000000,67,Information Technology,284210190,2255636.4285714286,0.021842317845051,6h,21600,0.7396551724137931,2026-02-25T18:10:19Z,0.9455,0.5,0.002970249999999,0.25,0.067779429250891,21591,ok,2026-02-25,2026-02-26,2026-02-25T21:00:00Z,2026-02-25,TRUE,TRUE,0.8-1.0,5
1363711,IMAX,imax-quarterly-earnings-nongaap-eps-02-25-2026-0pt48,IMAX.N,2026-02-25T21:05:01Z,2026-02-25T21:05:01Z,2026-02-25,after_close,2026-02-24,2026-02-25T18:00:28Z,0.685,1363711,Yes,2026-02-26T00:04:14Z,2026-02-10T20:12:45Z,3526.365402,0.05874000000000001,0.099999999999999,2026-02-25T21:05:01Z,1988562816.11,11,Communication Services,44744015,355111.2301587302,0.020598793104946,6h,21600,0.7396551724137931,2026-02-25T18:00:28Z,0.685,0.5,0.099224999999999,0.25,0.067779429250891,21826,ok,2026-02-25,2026-02-26,2026-02-25T21:00:00Z,2026-02-25,TRUE,TRUE,0.6-0.8,4
1363712,ZM,zm-quarterly-earnings-nongaap-eps-02-25-2026-1pt49,ZM.N,2026-02-25T21:05:06Z,2026-02-25T21:05:06Z,2026-02-25,after_close,2026-02-23,2026-02-25T17:50:19Z,0.31,1363712,No,2026-02-25T23:56:48Z,2026-02-10T20:11:05Z,64803.42237,0.02256,-0.05,2026-02-25T21:05:06Z,25359032209.16,31,Information Technology,4995006,39960.048,0.022529117496709,6h,21600,0.7396551724137931,2026-02-25T17:50:19Z,0.31,0.5,0.0961,0.25,0.547089774078477,21989,ok,2026-02-25,2026-02-26,2026-02-25T21:00:00Z,2026-02-25,TRUE,TRUE,0.2-0.4,2
1363713,CRM,crm-quarterly-earnings-nongaap-eps-02-25-2026-3pt05,CRM,2026-02-25T21:01:00Z,2026-02-25T21:01:00Z,2026-02-25,after_close,2026-02-24,2026-02-25T18:00:20Z,0.85,1363713,Yes,2026-02-26T00:01:20Z,2026-02-10T20:08:47Z,4749.034475,0.03692,0.76,2026-02-25T21:01:00Z,173738540000,54,Information Technology,1208764163,9593366.373015871,0.02292168535449,6h,21600,0.7396551724137931,2026-02-25T18:00:20Z,0.85,0.5,0.0225,0.25,0.067779429250891,21660,ok,2026-02-25,2026-02-26,2026-02-25T21:00:00Z,2026-02-25,TRUE,TRUE,0.8-1.0,5
1367585,EBAY,ebay-quarterly-earnings-nongaap-eps-02-18-2026-1pt35,EBAY.N,2026-02-18T21:05:00Z,2026-02-18T21:05:00Z,2026-02-18,after_close,2026-02-16,2026-02-18T17:20:18Z,0.915,1367585,Yes,2026-02-18T23:26:10Z,2026-02-12T00:37:59Z,13091.446001,0.08147,0.059999999999999,2026-02-18T21:05:00Z,36906240000,35,Consumer Discretionary,12775132,102201.056,0.024396215642696,6h,21600,0.73992673992674,2026-02-18T17:20:18Z,0.915,0.5,0.007224999999999,0.25,0.067638100605133,21952,ok,2026-02-18,2026-02-19,2026-02-18T21:00:00Z,2026-02-18,TRUE,TRUE,0.8-1.0,5
1367586,SNOW,snow-quarterly-earnings-nongaap-eps-02-25-2026-0pt27,SNOW.N,2026-02-25T21:05:02Z,2026-02-25T21:05:02Z,2026-02-25,after_close,2026-02-24,2026-02-25T18:00:28Z,0.915,1367586,Yes,2026-02-26T00:01:10Z,2026-02-12T00:36:41Z,9002.41816,0.02822,0.049999999999999,2026-02-25T21:05:02Z,55114732000,51,Information Technology,126079728,1000632.761904762,0.03431982621638,6h,21600,0.7396551724137931,2026-02-25T18:00:28Z,0.915,0.5,0.007224999999999,0.25,0.067779429250891,21642,ok,2026-02-25,2026-02-26,2026-02-25T21:00:00Z,2026-02-25,TRUE,TRUE,0.8-1.0,5
1367587,LOW,low-quarterly-earnings-gaap-eps-02-25-2026-1pt9,LOW,2026-02-25T11:00:00Z,2026-02-25T11:00:00Z,2026-02-25,before_open,2026-02-23,2026-02-24T14:05:14Z,0.65,1367587,No,2026-02-25T14:07:22Z,2026-02-12T00:35:01Z,12176.155379,0.04948,0.08,2026-02-25T11:00:00Z,153915960000,36,Consumer Discretionary,353681735,2829453.88,0.014081277802528,1d,86400,0.7399650959860381,2026-02-24T14:05:14Z,0.65,0.5,0.4225,0.25,0.547548343277627,86528,ok,2026-02-24,2026-02-25,2026-02-24T21:00:00Z,2026-02-24,TRUE,TRUE,0.6-0.8,4
1367628,TKO,tko-quarterly-earnings-gaap-eps-02-25-2026-0pt19,TKO,2026-02-25T21:05:01Z,2026-02-25T21:05:01Z,2026-02-25,after_close,2026-02-23,2026-02-25T17:55:24Z,0.315,1367628,No,2026-02-25T23:58:58Z,2026-02-12T00:55:59Z,26041.518229,0.16390000000000002,-0.27,2026-02-25T21:05:01Z,39980034070.35,20,Communication Services,139782592,1118260.736,0.017827317537371,6h,21600,0.7396551724137931,2026-02-25T17:55:24Z,0.315,0.5,0.099225,0.25,0.547089774078477,21814,ok,2026-02-25,2026-02-26,2026-02-25T21:00:00Z,2026-02-25,TRUE,TRUE,0.2-0.4,2
1367670,NVTS,nvts-quarterly-earnings-nongaap-eps-02-24-2026-neg0pt05,NVTS.N,2026-02-24T21:05:03Z,2026-02-24T21:05:03Z,2026-02-24,after_close,2026-02-22,2026-02-24T17:40:15Z,0.23,1367670,No,2026-02-24T23:41:24Z,2026-02-12T01:11:49Z,4692.832659,0.00314,0,2026-02-24T21:05:03Z,1816309914.16,9,Information Technology,54967061,443282.75,0.07192837028016501,6h,21600,0.73859649122807,2026-02-24T17:40:15Z,0.23,0.5,0.0529,0.25,0.545524776854416,21669,ok,2026-02-24,2026-02-25,2026-02-24T21:00:00Z,2026-02-24,TRUE,TRUE,0.2-0.4,2
1367779,PSKY,psky-quarterly-earnings-gaap-eps-02-25-2026-neg0pt22,PSKY.N,2026-02-25T21:00:00Z,2026-02-25T21:00:00Z,2026-02-25,after_close,2026-02-24,2026-02-25T18:10:18Z,0.33,1367779,No,2026-02-26T00:14:22Z,2026-02-12T01:25:41Z,5952.158746,0.11411,0.1,2026-02-25T21:00:00Z,11550990122.51,22,Communication Services,16017923,127126.37301587302,0.032520033705626,6h,21600,0.7396551724137931,2026-02-25T18:10:18Z,0.33,0.5,0.1089,0.25,0.547089774078477,21844,ok,2026-02-25,2026-02-26,2026-02-25T21:00:00Z,2026-02-25,TRUE,TRUE,0.2-0.4,2
1369095,IEP,iep-quarterly-earnings-gaap-eps-02-25-2026-0pt17,IEP.N,2026-02-25T13:00:02Z,2026-02-25T13:00:02Z,2026-02-25,before_open,2026-02-23,2026-02-24T15:15:21Z,0.30000000000000004,1369095,No,2026-02-25T15:25:16Z,2026-02-13T16:27:47Z,16866.309073,0,-0.168,2026-02-25T13:00:02Z,4925629063.96,1,Industrials,1676582,13412.656,0.018325023475168,1d,86400,0.7404181184668991,2026-02-24T15:15:21Z,0.30000000000000004,0.5,0.09,0.25,0.5482189901540621,86995,ok,2026-02-24,2026-02-25,2026-02-24T21:00:00Z,2026-02-24,TRUE,TRUE,0.2-0.4,2
1369192,IART,iart-quarterly-earnings-nongaap-eps-02-26-2026-0pt8,IART.N,2026-02-26T11:00:00Z,2026-02-26T11:00:00Z,2026-02-26,before_open,2026-02-24,2026-02-25T14:20:25Z,0.78,1369192,Yes,2026-02-26T14:21:24Z,2026-02-12T12:39:47Z,1671.060298,0.0124,0.029999999999999,2026-02-26T11:00:00Z,898096039.83,12,Health Care,1509693,11981.690476190475,0.038182016860911,1d,86400,0.738382099827882,2026-02-25T14:20:25Z,0.78,0.5,0.048399999999999,0.25,0.068443925690467,86459,ok,2026-02-25,2026-02-26,2026-02-25T21:00:00Z,2026-02-25,TRUE,TRUE,0.6-0.8,4
1369194,TTD,ttd-quarterly-earnings-nongaap-eps-02-25-2026-0pt58,TTD.N,2026-02-25T21:01:00Z,2026-02-25T21:01:00Z,2026-02-25,after_close,2026-02-23,2026-02-25T17:55:23Z,0.77,1369194,Yes,2026-02-25T23:55:50Z,2026-02-12T12:44:29Z,7863.533296,0.03777,0.01,2026-02-25T21:01:00Z,11504365225.99,36,Communication Services,22707627,181661.016,0.028082114366724,6h,21600,0.7396551724137931,2026-02-25T17:55:23Z,0.77,0.5,0.052899999999999,0.25,0.067779429250891,21627,ok,2026-02-25,2026-02-26,2026-02-25T21:00:00Z,2026-02-25,TRUE,TRUE,0.6-0.8,4
1369345,ADSK,adsk-quarterly-earnings-nongaap-eps-02-26-2026-2pt64,ADSK.N,2026-02-26T21:01:00Z,2026-02-26T21:01:00Z,2026-02-26,after_close,2026-02-24,2026-02-26T17:35:42Z,0.925,1369345,Yes,2026-02-26T23:40:48Z,2026-02-12T13:25:49Z,4750.497291,0.03909,0.20999999999999905,2026-02-26T21:01:00Z,46612010000,32,Information Technology,2945296,23375.36507936508,0.019175262058814,6h,21600,0.737113402061855,2026-02-26T17:35:42Z,0.925,0.5,0.005624999999999,0.25,0.069109363375491,21906,ok,2026-02-26,2026-02-27,2026-02-26T21:00:00Z,2026-02-26,TRUE,TRUE,0.8-1.0,5
1369346,WDAY,wday-quarterly-earnings-nongaap-eps-02-24-2026-2pt32,WDAY.N,2026-02-24T21:01:00Z,2026-02-24T21:01:00Z,2026-02-24,after_close,2026-02-22,2026-02-24T17:30:32Z,0.954,1369346,Yes,2026-02-24T23:38:30Z,2026-02-12T13:25:49Z,5826.39275,0.08531000000000001,0.15000000000000002,2026-02-24T21:01:00Z,36244030000,42,Information Technology,5421470,43721.532258064515,0.02374424059783,6h,21600,0.73859649122807,2026-02-24T17:30:32Z,0.954,0.5,0.002116,0.25,0.06833179439827601,22078,ok,2026-02-24,2026-02-25,2026-02-24T21:00:00Z,2026-02-24,TRUE,TRUE,0.8-1.0,5
1369348,IONQ,ionq-quarterly-earnings-gaap-eps-02-25-2026-neg0pt47,IONQ.N,2026-02-25T21:05:01Z,2026-02-25T21:05:01Z,2026-02-25,after_close,2026-02-24,2026-02-25T18:05:17Z,0.765,1369348,Yes,2026-02-26T00:06:24Z,2026-02-12T13:31:47Z,12682.941133,0.15131,2.4,2026-02-25T21:05:01Z,11593180704.72,13,Information Technology,521945895,4142427.738095238,0.059247722898454,6h,21600,0.7396551724137931,2026-02-25T18:05:17Z,0.765,0.5,0.055224999999999,0.25,0.067779429250891,21667,ok,2026-02-25,2026-02-26,2026-02-25T21:00:00Z,2026-02-25,TRUE,TRUE,0.6-0.8,4
1369365,INTU,intu-quarterly-earnings-nongaap-eps-02-26-2026-3pt68,INTU.N,2026-02-26T21:00:00Z,2026-02-26T21:00:00Z,2026-02-26,after_close,2026-02-24,2026-02-26T17:25:22Z,0.955,1369365,Yes,2026-02-26T23:32:42Z,2026-02-12T13:55:07Z,11268.559385,0.03105,0.47,2026-02-26T21:00:00Z,99201250500,34,Information Technology,4649120,36897.77777777778,0.022305518829409,6h,21600,0.737113402061855,2026-02-26T17:25:22Z,0.955,0.5,0.002025,0.25,0.069109363375491,22040,ok,2026-02-26,2026-02-27,2026-02-26T21:00:00Z,2026-02-26,TRUE,TRUE,0.8-1.0,5
1369367,HPQ,hpq-quarterly-earnings-nongaap-eps-02-24-2026-0pt77,HPQ,2026-02-24T21:00:00Z,2026-02-24T21:00:00Z,2026-02-24,after_close,2026-02-22,2026-02-24T17:40:23Z,0.165,1369367,Yes,2026-02-24T23:44:06Z,2026-02-12T13:56:09Z,5766.469191,0.02109,0.04,2026-02-24T21:00:00Z,17001488199.41,17,Information Technology,1730825480,13958270,0.022011175025755,6h,21600,0.7390542907180381,2026-02-24T17:40:23Z,0.165,0.5,0.697225,0.25,0.068092663192665,21823,ok,2026-02-24,2026-02-25,2026-02-24T21:00:00Z,2026-02-24,TRUE,TRUE,0.0-0.2,1
1369373,DELL,dell-quarterly-earnings-nongaap-eps-02-26-2026-3pt52,DELL.N,2026-02-26T21:05:00Z,2026-02-26T21:05:00Z,2026-02-26,after_close,2026-02-24,2026-02-26T17:35:35Z,0.905,1369373,Yes,2026-02-26T23:40:42Z,2026-02-12T13:58:27Z,8269.541405,0.05086,0.3700000000000001,2026-02-26T21:05:00Z,79376960886.9,28,Information Technology,192889500,1530869.0476190476,0.030374583177437,6h,21600,0.737113402061855,2026-02-26T17:35:35Z,0.905,0.5,0.009024999999999,0.25,0.069109363375491,21907,ok,2026-02-26,2026-02-27,2026-02-26T21:00:00Z,2026-02-26,TRUE,TRUE,0.8-1.0,5
1369644,SG,sg-quarterly-earnings-gaap-eps-02-26-2026-neg0pt33,SG,2026-02-26T21:05:01Z,2026-02-26T21:05:01Z,2026-02-26,after_close,2026-02-24,2026-02-26T17:50:24Z,0.315,1369644,No,2026-02-26T23:53:36Z,2026-02-12T15:06:11Z,4179.240494,0.03622,-0.08999999999999901,2026-02-26T21:05:01Z,642686257.21,14,Consumer Discretionary,662443445,5257487.658730159,0.040419671864858,6h,21600,0.737113402061855,2026-02-26T17:50:24Z,0.315,0.5,0.099225,0.25,0.543336167499203,21792,ok,2026-02-26,2026-02-27,2026-02-26T21:00:00Z,2026-02-26,TRUE,TRUE,0.2-0.4,2
1369645,RKLB,rklb-quarterly-earnings-gaap-eps-02-26-2026-neg0pt1,RKLB.N,2026-02-26T21:05:06Z,2026-02-26T21:05:06Z,2026-02-26,after_close,2026-02-24,2026-02-26T17:35:41Z,0.845,1369645,Yes,2026-02-26T23:40:44Z,2026-02-12T15:06:31Z,371770.433862,0.01661,0.01,2026-02-26T21:05:06Z,39704158066.53,18,Industrials,24694901,195991.27777777775,0.056190572665098,6h,21600,0.737113402061855,2026-02-26T17:35:41Z,0.845,0.5,0.024025,0.25,0.069109363375491,21903,ok,2026-02-26,2026-02-27,2026-02-26T21:00:00Z,2026-02-26,TRUE,TRUE,0.8-1.0,5
1369646,WRBY,wrby-quarterly-earnings-gaap-eps-02-26-2026-0pt02,WRBY.N,2026-02-26T11:45:00Z,2026-02-26T11:45:00Z,2026-02-26,before_open,2026-02-24,2026-02-25T14:10:24Z,0.38,1369646,No,2026-02-26T14:14:32Z,2026-02-12T15:07:09Z,6098.387278,0.0162,0,2026-02-26T11:45:00Z,2723238560.48,14,Consumer Discretionary,113566208,901319.1111111112,0.044609608652374,1d,86400,0.738382099827882,2026-02-25T14:10:24Z,0.38,0.5,0.1444,0.25,0.5452081253462331,86648,ok,2026-02-25,2026-02-26,2026-02-25T21:00:00Z,2026-02-25,TRUE,TRUE,0.2-0.4,2
1369669,REAL,real-quarterly-earnings-nongaap-eps-02-26-2026-0pt04,REAL.N,2026-02-26T21:03:00Z,2026-02-26T21:03:00Z,2026-02-26,after_close,2026-02-24,2026-02-26T17:50:24Z,0.835,1369669,Yes,2026-02-26T23:57:32Z,2026-02-12T15:25:51Z,3613.053357,0.007,0.019999999999999,2026-02-26T21:03:00Z,1381390366.05,9,Consumer Discretionary,6133409,48677.84920634921,0.046532687582589,6h,21600,0.7363013698630131,2026-02-26T17:50:24Z,0.835,0.5,0.027225,0.25,0.06953696753612301,22028,ok,2026-02-26,2026-02-27,2026-02-26T21:00:00Z,2026-02-26,TRUE,TRUE,0.8-1.0,5
1369670,SHAK,shak-quarterly-earnings-nongaap-eps-02-26-2026-0pt35,SHAK.N,2026-02-26T12:00:01Z,2026-02-26T12:00:01Z,2026-02-26,before_open,2026-02-24,2026-02-25T14:25:18Z,0.635,1369670,Yes,2026-02-26T14:28:34Z,2026-02-12T15:26:33Z,3597.045479,0.02603,0.02,2026-02-26T12:00:01Z,3816283558.29,25,Consumer Discretionary,46413487,368361.00793650793,0.02535417937528,1d,86400,0.738382099827882,2026-02-25T14:25:18Z,0.635,0.5,0.133224999999999,0.25,0.068443925690467,86596,ok,2026-02-25,2026-02-26,2026-02-25T21:00:00Z,2026-02-25,TRUE,TRUE,0.6-0.8,4
1369671,FTDR,ftdr-quarterly-earnings-nongaap-eps-02-26-2026-0pt13,FTDR.N,2026-02-26T12:00:01Z,2026-02-26T12:00:01Z,2026-02-26,before_open,2026-02-24,2026-02-25T14:35:15Z,0.785,1369671,Yes,2026-02-26T14:38:20Z,2026-02-12T15:26:49Z,5893.029461,0.08796000000000001,0.1,2026-02-26T12:00:01Z,3923518745.28,6,Consumer Discretionary,869854,6903.603174603175,0.024954572773057,1d,86400,0.738382099827882,2026-02-25T14:35:15Z,0.785,0.5,0.046224999999999,0.25,0.068443925690467,86585,ok,2026-02-25,2026-02-26,2026-02-25T21:00:00Z,2026-02-25,TRUE,TRUE,0.6-0.8,4
1369672,PZZA,pzza-quarterly-earnings-nongaap-eps-02-26-2026-0pt33,PZZA.N,2026-02-26T12:00:01Z,2026-02-26T12:00:01Z,2026-02-26,before_open,2026-02-24,2026-02-25T14:20:19Z,0.605,1369672,Yes,2026-02-26T14:23:52Z,2026-02-12T15:27:29Z,365785.08947300003,0.04764,0.01,2026-02-26T12:00:01Z,1133283374.08,17,Consumer Discretionary,2128295,16891.23015873016,0.028837462298489,1d,86400,0.738382099827882,2026-02-25T14:20:19Z,0.605,0.5,0.15602500000000002,0.25,0.068443925690467,86613,ok,2026-02-25,2026-02-26,2026-02-25T21:00:00Z,2026-02-25,TRUE,TRUE,0.6-0.8,4
1369679,ICUI,icui-quarterly-earnings-nongaap-eps-02-19-2026-1pt69,ICUI.N,2026-02-19T21:00:00Z,2026-02-19T21:00:00Z,2026-02-19,after_close,2026-02-18,2026-02-19T18:00:56Z,0.92,1369679,Yes,2026-02-20T00:01:58Z,2026-02-12T15:35:31Z,6123.113939,0.04247,0.21999999999999903,2026-02-19T21:00:00Z,3743786398.25,7,Health Care,617628,4901.809523809524,0.022147951023551,6h,21600,0.7419354838709671,2026-02-19T18:00:56Z,0.92,0.5,0.006399999999999,0.25,0.066597294484911,21662,ok,2026-02-19,2026-02-20,2026-02-19T21:00:00Z,2026-02-19,TRUE,TRUE,0.8-1.0,5
1370976,HGV,hgv-quarterly-earnings-nongaap-eps-02-26-2026-1pt16,HGV,2026-02-26T12:00:01Z,2026-02-26T12:00:01Z,2026-02-26,before_open,2026-02-24,2026-02-25T14:40:23Z,0.395,1370976,No,2026-02-26T14:45:26Z,2026-02-12T22:20:55Z,850539.219215,0.32092000000000004,-0.6099999999999991,2026-02-26T12:00:01Z,3891252577.68,10,Consumer Discretionary,106035451,841551.1984126985,0.020790520698888,1d,86400,0.738382099827882,2026-02-25T14:40:23Z,0.395,0.5,0.15602500000000002,0.25,0.5452081253462331,86703,ok,2026-02-25,2026-02-26,2026-02-25T21:00:00Z,2026-02-25,TRUE,TRUE,0.2-0.4,2
1371036,SOUN,soun-quarterly-earnings-nongaap-eps-02-26-2026-neg0pt02,SOUN.N,2026-02-26T21:06:00Z,2026-02-26T21:06:00Z,2026-02-26,after_close,2026-02-24,2026-02-26T17:50:23Z,0.8150000000000001,1371036,No,2026-02-26T23:59:36Z,2026-02-12T22:52:35Z,5202.734298,0.01917,0,2026-02-26T21:06:00Z,3532986987.64,9,Information Technology,68364618,542576.3333333334,0.045605376809452,6h,21600,0.7350427350427351,2026-02-26T17:50:23Z,0.8150000000000001,0.5,0.664225,0.25,0.540287822339104,22153,ok,2026-02-26,2026-02-27,2026-02-26T21:00:00Z,2026-02-26,TRUE,TRUE,0.8-1.0,5
1371096,TDAY,tday-quarterly-earnings-gaap-eps-02-26-2026-neg0pt17,TDAY.N,2026-02-26T13:00:01Z,2026-02-26T13:00:01Z,2026-02-26,before_open,2026-02-24,2026-02-25T15:20:20Z,0.48,1371096,No,2026-02-26T15:21:58Z,2026-02-12T23:22:55Z,7405.109979,0.04369000000000001,-0.039999999999999,2026-02-26T13:00:01Z,860578594.2,5,Communication Services,65493510,519789.7619047619,0.033541620196689,1d,86400,0.738382099827882,2026-02-25T15:20:20Z,0.48,0.5,0.2304,0.25,0.5452081253462331,86498,ok,2026-02-25,2026-02-26,2026-02-25T21:00:00Z,2026-02-25,TRUE,TRUE,0.4-0.6,3
1386902,DNUT,dnut-quarterly-earnings-nongaap-eps-02-26-2026-0pt04,DNUT.N,2026-02-26T11:45:00Z,2026-02-26T11:45:00Z,2026-02-26,before_open,2026-02-24,2026-02-25T14:20:16Z,0.39,1386902,Yes,2026-02-26T14:23:14Z,2026-02-16T21:44:15Z,4426.988962,0.00575,0.049999999999999,2026-02-26T11:45:00Z,509712000,6,Consumer Discretionary,12046097,95603.94444444444,0.039624511155653,1d,86400,0.738382099827882,2026-02-25T14:20:16Z,0.39,0.5,0.3721,0.25,0.068443925690467,86578,ok,2026-02-25,2026-02-26,2026-02-25T21:00:00Z,2026-02-25,TRUE,TRUE,0.2-0.4,2
1387000,URBN,urbn-quarterly-earnings-gaap-eps-02-25-2026-1pt25,URBN.N,2026-02-25T21:05:07Z,2026-02-25T21:05:07Z,2026-02-25,after_close,2026-02-24,2026-02-25T18:05:16Z,0.6900000000000001,1387000,No,2026-02-26T00:06:36Z,2026-02-16T22:51:55Z,5968.068681,0.02555,-0.199999999999999,2026-02-25T21:05:07Z,5820517625.58,14,Consumer Discretionary,3032248,24065.46031746032,0.031065853099367,6h,21600,0.7396551724137931,2026-02-25T18:05:16Z,0.6900000000000001,0.5,0.476099999999999,0.25,0.547089774078477,21680,ok,2026-02-25,2026-02-26,2026-02-25T21:00:00Z,2026-02-25,TRUE,TRUE,0.6-0.8,4
1387101,MNST,mnst-quarterly-earnings-gaap-eps-02-26-2026-0pt48,MNST.N,2026-02-26T21:10:00Z,2026-02-26T21:10:00Z,2026-02-26,after_close,2026-02-24,2026-02-26T17:50:22Z,0.8300000000000001,1387101,No,2026-02-26T23:50:38Z,2026-02-16T23:17:17Z,9802.639674,0.01595,0.03,2026-02-26T21:10:00Z,83681278586.36,26,Consumer Staples,10716429,85051.02380952382,0.013005363521712,6h,21600,0.737113402061855,2026-02-26T17:50:22Z,0.8300000000000001,0.5,0.6889000000000001,0.25,0.543336167499203,21616,ok,2026-02-26,2026-02-27,2026-02-26T21:00:00Z,2026-02-26,TRUE,TRUE,0.8-1.0,5
1387102,TFX,tfx-quarterly-earnings-nongaap-eps-02-26-2026-3pt74,TFX,2026-02-26T11:30:00Z,2026-02-26T11:30:00Z,2026-02-26,before_open,2026-02-24,2026-02-25T14:45:24Z,0.765,1387102,No,2026-02-26T14:48:20Z,2026-02-16T23:13:55Z,11362.946713,0.12382,-1.81,2026-02-26T11:30:00Z,4955767011.44,14,Health Care,94164009,747333.4047619047,0.027436217823424,1d,86400,0.738382099827882,2026-02-25T14:45:24Z,0.765,0.5,0.585225,0.25,0.5452081253462331,86576,ok,2026-02-25,2026-02-26,2026-02-25T21:00:00Z,2026-02-25,TRUE,TRUE,0.6-0.8,4
1390924,AMC,amc-quarterly-earnings-nongaap-eps-02-24-2026-neg0pt25,AMC,2026-02-23T12:41:00Z,2026-02-23T12:41:00Z,2026-02-23,before_open,2026-02-22,2026-02-20T08:45:22Z,0.58,1390924,Yes,2026-02-24T08:48:30Z,2026-02-18T00:55:03Z,26979.471729,0.06413,0.079999999999999,2026-02-23T12:41:00Z,635456958,7,Communication Services,3288979152,26524025.419354837,0.033249392826882,4d,345600,0.739894551845342,2026-02-20T08:45:22Z,0.58,0.5,0.1764,0.25,0.06765484415973501,345788,ok,2026-02-20,2026-02-23,2026-02-20T21:00:00Z,2026-02-20,TRUE,TRUE,0.4-0.6,3
1399646,MDB,mdb-quarterly-earnings-nongaap-eps-03-02-2026-1pt47,MDB.N,2026-03-02T21:05:00Z,2026-03-02T21:05:00Z,2026-03-02,after_close,2026-03-01,2026-03-02T18:10:25Z,0.9395,1399646,Yes,2026-03-03T00:12:21Z,2026-02-19T22:59:00Z,11381.41522,0.10338,0.17999999999999902,2026-03-02T21:05:00Z,26439461475.78,43,Information Technology,3768740,30393.06451612903,0.034415791541307,6h,21600,0.72875816993464,2026-03-02T18:10:25Z,0.9395,0.5,0.00366025,0.25,0.073572130377205,21716,ok,2026-03-02,2026-03-03,2026-03-02T21:00:00Z,2026-03-02,TRUE,TRUE,0.8-1.0,5
1399647,ASAN,asan-quarterly-earnings-nongaap-eps-03-02-2026-0pt07,ASAN.N,2026-03-02T21:05:00Z,2026-03-02T21:05:00Z,2026-03-02,after_close,2026-02-28,2026-03-02T17:35:45Z,0.86,1399647,Yes,2026-03-02T23:43:19Z,2026-02-19T22:59:20Z,6159.827706,0.00305,0.009999999999999,2026-03-02T21:05:00Z,1683410007.1,15,Information Technology,158806143,1270449.144,0.034274401331485,6h,21600,0.72875816993464,2026-03-02T17:35:45Z,0.86,0.5,0.0196,0.25,0.073572130377205,22054,ok,2026-03-02,2026-03-03,2026-03-02T21:00:00Z,2026-03-02,TRUE,TRUE,0.8-1.0,5
1399648,TGT,tgt-quarterly-earnings-nongaap-eps-03-03-2026-2pt16,TGT,2026-03-03T11:30:00Z,2026-03-03T11:30:00Z,2026-03-03,before_open,2026-03-01,2026-03-02T13:50:28Z,0.8250000000000001,1399648,Yes,2026-03-03T13:52:29Z,2026-02-19T22:59:18Z,11442.925355,0.11487,0.279999999999999,2026-03-03T11:30:00Z,51528684878.73,39,Consumer Staples,913439868,7366450.548387097,0.017854783081092,1d,86400,0.72875816993464,2026-03-02T13:50:28Z,0.8250000000000001,0.5,0.030625,0.25,0.073572130377205,86521,ok,2026-03-02,2026-03-03,2026-03-02T21:00:00Z,2026-03-02,TRUE,TRUE,0.8-1.0,5
1399734,BBY,bby-quarterly-earnings-nongaap-eps-03-03-2026-2pt47,BBY,2026-03-03T12:00:01Z,2026-03-03T12:00:01Z,2026-03-03,before_open,2026-03-01,2026-03-02T14:30:37Z,0.77,1399734,Yes,2026-03-03T14:35:19Z,2026-02-19T23:18:00Z,5160.943675,0.04827000000000001,0.14,2026-03-03T12:00:01Z,12984890332.91,26,Consumer Discretionary,496117072,4000944.129032258,0.021210072315054,1d,86400,0.72875816993464,2026-03-02T14:30:37Z,0.77,0.5,0.052899999999999,0.25,0.073572130377205,86682,ok,2026-03-02,2026-03-03,2026-03-02T21:00:00Z,2026-03-02,TRUE,TRUE,0.6-0.8,4
1399738,GTLB,gtlb-quarterly-earnings-nongaap-eps-03-03-2026-0pt23,GTLB.N,2026-03-03T21:05:00Z,2026-03-03T21:05:00Z,2026-03-03,after_close,2026-03-01,2026-03-03T17:10:26Z,0.89,1399738,Yes,2026-03-03T23:14:41Z,2026-02-19T23:18:38Z,14999.204885,0.01654,0.06999999999999901,2026-03-03T21:05:00Z,4472788400,28,Information Technology,8816621,71101.78225806452,0.036247960755678,6h,21600,0.72875816993464,2026-03-03T17:10:26Z,0.89,0.5,0.012099999999999,0.25,0.073572130377205,21855,ok,2026-03-03,2026-03-04,2026-03-03T21:00:00Z,2026-03-03,TRUE,TRUE,0.8-1.0,5
1399742,BOX,box-quarterly-earnings-nongaap-eps-03-03-2026-0pt34,BOX,2026-03-03T21:05:00Z,2026-03-03T21:05:00Z,2026-03-03,after_close,2026-03-02,2026-03-03T18:15:22Z,0.68,1399742,Yes,2026-03-04T00:20:21Z,2026-02-19T23:19:40Z,2385.545427,0.00961,0.14999999999999902,2026-03-03T21:05:00Z,3264641119.98,11,Information Technology,273402587,2187220.696,0.018779581888372,6h,21600,0.729641693811074,2026-03-03T18:15:22Z,0.68,0.5,0.102399999999999,0.25,0.07309361372534401,21899,ok,2026-03-03,2026-03-04,2026-03-03T21:00:00Z,2026-03-03,TRUE,TRUE,0.6-0.8,4
1403447,CRWD,crwd-quarterly-earnings-nongaap-eps-03-03-2026-1pt1,CRWD.N,2026-03-03T21:05:00Z,2026-03-03T21:05:00Z,2026-03-03,after_close,2026-03-02,2026-03-03T18:10:31Z,0.935,1403447,Yes,2026-03-04T00:19:25Z,2026-02-20T19:17:54Z,9798.605645,0.00649,0.02,2026-03-03T21:05:00Z,97605918677.4,54,Information Technology,5043469,40347.752,0.028075408679079,6h,21600,0.729641693811074,2026-03-03T18:10:31Z,0.935,0.5,0.004224999999999,0.25,0.07309361372534401,22134,ok,2026-03-03,2026-03-04,2026-03-03T21:00:00Z,2026-03-03,TRUE,TRUE,0.8-1.0,5
1403452,AZO,azo-quarterly-earnings-gaap-eps-03-03-2026-27pt33,AZO,2026-03-03T11:55:00Z,2026-03-03T11:55:00Z,2026-03-03,before_open,2026-03-01,2026-03-02T14:15:27Z,0.42,1403452,Yes,2026-03-03T14:19:59Z,2026-02-20T19:21:52Z,4772.05804,0.8845700000000001,0.30000000000000004,2026-03-03T11:55:00Z,62038426020,30,Consumer Discretionary,18416689,148521.68548387097,0.015922979558196,1d,86400,0.72875816993464,2026-03-02T14:15:27Z,0.42,0.5,0.33640000000000003,0.25,0.073572130377205,86672,ok,2026-03-02,2026-03-03,2026-03-02T21:00:00Z,2026-03-02,TRUE,TRUE,0.4-0.6,3
1403494,BBWI,bbwi-quarterly-earnings-nongaap-eps-03-04-2026-1pt75,BBWI.N,2026-03-04T11:55:00Z,2026-03-04T11:55:00Z,2026-03-04,before_open,2026-03-02,2026-03-03T14:15:29Z,0.855,1403494,Yes,2026-03-04T14:16:33Z,2026-02-20T19:40:54Z,11957.105057,0.08062000000000001,0.29999999999999905,2026-03-04T11:55:00Z,4512064174.2,16,Consumer Discretionary,199244049,1593952.392,0.039314085254686,1d,86400,0.730081300813008,2026-03-03T14:15:29Z,0.855,0.5,0.021025,0.25,0.072856104170797,86464,ok,2026-03-03,2026-03-04,2026-03-03T21:00:00Z,2026-03-03,TRUE,TRUE,0.8-1.0,5
1403495,AVGO,avgo-quarterly-earnings-nongaap-eps-03-04-2026-2pt02,AVGO.N,2026-03-04T21:15:00Z,2026-03-04T21:15:00Z,2026-03-04,after_close,2026-03-02,2026-03-04T17:20:33Z,0.966,1403495,Yes,2026-03-04T23:24:51Z,2026-02-20T19:41:34Z,NA,0.04809,0.029999999999999,2026-03-04T21:15:00Z,1509804824757.84,53,Information Technology,34518344,276146.752,0.030202164770959,6h,21600,0.731825525040387,2026-03-04T17:20:33Z,0.966,0.5,0.001156,0.25,0.07191754901986301,21858,ok,2026-03-04,2026-03-05,2026-03-04T21:00:00Z,2026-03-04,TRUE,TRUE,0.8-1.0,5
1403496,OKTA,okta-quarterly-earnings-nongaap-eps-03-04-2026-0pt85,OKTA.N,2026-03-04T21:01:00Z,2026-03-04T21:01:00Z,2026-03-04,after_close,2026-03-03,2026-03-04T18:45:29Z,0.955,1403496,Yes,2026-03-05T00:55:01Z,2026-02-20T19:42:14Z,NA,0.0061,0.05,2026-03-04T21:01:00Z,12827912828.64,47,Information Technology,4164507,33051.642857142855,0.024491562455597,6h,21600,0.7326892109500801,2026-03-04T18:45:29Z,0.955,0.5,0.002025,0.25,0.07145505794249,22172,ok,2026-03-04,2026-03-05,2026-03-04T21:00:00Z,2026-03-04,TRUE,TRUE,0.8-1.0,5
1403497,AEO,aeo-quarterly-earnings-gaap-eps-03-04-2026-0pt72,AEO,2026-03-04T21:05:00Z,2026-03-04T21:05:00Z,2026-03-04,after_close,2026-03-02,2026-03-04T17:20:25Z,0.505,1403497,No,2026-03-04T23:30:11Z,2026-02-20T19:42:54Z,58561.023871,0.0287,0.12,2026-03-04T21:05:00Z,3814020135,12,Consumer Discretionary,1059936213,8479489.704,0.043476350448724,6h,21600,0.731825525040387,2026-03-04T17:20:25Z,0.505,0.5,0.255025,0.25,0.535568599100639,22186,ok,2026-03-04,2026-03-05,2026-03-04T21:00:00Z,2026-03-04,TRUE,TRUE,0.4-0.6,3
1403526,ANF,anf-quarterly-earnings-gaap-eps-03-04-2026-3pt58,ANF,2026-03-04T12:30:00Z,2026-03-04T12:30:00Z,2026-03-04,before_open,2026-03-02,2026-03-03T14:50:33Z,0.75,1403526,Yes,2026-03-04T14:51:39Z,2026-02-20T20:00:24Z,5518.682958,0.03195,0.1,2026-03-04T12:30:00Z,4487161854.6,13,Consumer Discretionary,239420522,1915364.176,0.043260264347706,1d,86400,0.7309562398703401,2026-03-03T14:50:33Z,0.75,0.5,0.0625,0.25,0.07238454486470501,86466,ok,2026-03-03,2026-03-04,2026-03-03T21:00:00Z,2026-03-03,TRUE,TRUE,0.6-0.8,4
1403851,FLUT,flut-quarterly-earnings-nongaap-eps-02-26-2026-1pt61,FLUT.N,2026-02-26T21:05:08Z,2026-02-26T21:05:08Z,2026-02-26,after_close,2026-02-24,2026-02-26T17:30:39Z,0.735,1403851,Yes,2026-02-26T23:39:40Z,2026-02-20T22:53:36Z,3357.146829,0.35635000000000006,0.13,2026-02-26T21:05:08Z,20753999991.52,26,Consumer Discretionary,68643612,544790.5714285715,0.027857340035133,6h,21600,0.737113402061855,2026-02-26T17:30:39Z,0.735,0.5,0.07022500000000001,0.25,0.069109363375491,22141,ok,2026-02-26,2026-02-27,2026-02-26T21:00:00Z,2026-02-26,TRUE,TRUE,0.6-0.8,4
1403852,GAP,gap-quarterly-earnings-gaap-eps-03-05-2026-0pt45,GAP,2026-03-05T21:15:00Z,2026-03-05T21:15:00Z,2026-03-05,after_close,2026-03-04,2026-03-05T18:25:23Z,0.455,1403852,No,2026-03-06T00:27:39Z,2026-02-20T22:52:54Z,8530.196028,0.01234,0,2026-03-05T21:15:00Z,10317109067.6,21,Consumer Discretionary,1071527012,8437220.566929134,0.026066533079737,6h,21600,0.7320574162679421,2026-03-05T18:25:23Z,0.455,0.5,0.207025,0.25,0.5359080607128951,21736,ok,2026-03-05,NA,2026-03-05T21:00:00Z,2026-03-05,TRUE,TRUE,0.4-0.6,3
1403853,COST,cost-quarterly-earnings-gaap-eps-03-05-2026-4pt54,COST.N,2026-03-05T21:15:00Z,2026-03-05T21:15:00Z,2026-03-05,after_close,2026-03-04,2026-03-05T18:25:19Z,0.962,1403853,Yes,2026-03-06T00:27:41Z,2026-02-20T22:52:14Z,25049.202235000022,0.07024000000000001,0.04,2026-03-05T21:15:00Z,446682484080,38,Consumer Staples,3664773,28856.48031496063,0.012158084523642,6h,21600,0.7320574162679421,2026-03-05T18:25:19Z,0.962,0.5,0.001444,0.25,0.07179322817701,21742,ok,2026-03-05,NA,2026-03-05T21:00:00Z,2026-03-05,TRUE,TRUE,0.8-1.0,5
1404328,VSCO,vsco-quarterly-earnings-nongaap-eps-03-05-2026-2pt48,VSCO.N,2026-03-05T12:00:03Z,2026-03-05T12:00:03Z,2026-03-05,before_open,2026-03-03,2026-03-04T14:15:23Z,0.93,1404328,Yes,2026-03-05T14:23:11Z,2026-02-20T23:18:36Z,17749.761362,0.10061,0.29000000000000004,2026-03-05T12:00:03Z,4986305558.88,10,Consumer Discretionary,75925309,602581.8174603175,0.036546190059707,1d,86400,0.733547351524879,2026-03-04T14:15:23Z,0.93,0.5,0.004899999999999,0.25,0.070997013879406,86868,ok,2026-03-04,2026-03-05,2026-03-04T21:00:00Z,2026-03-04,TRUE,TRUE,0.8-1.0,5
1404329,IOT,iot-quarterly-earnings-nongaap-eps-03-05-2026-0pt13,IOT,2026-03-05T21:10:00Z,2026-03-05T21:10:00Z,2026-03-05,after_close,2026-03-03,2026-03-05T17:15:24Z,0.95,1404329,Yes,2026-03-05T23:24:17Z,2026-02-20T23:17:36Z,12455.471682,0.00365,0.049999999999999,2026-03-05T21:10:00Z,16698497409.58,23,Information Technology,821536475,6520130.753968254,0.035188255788553,6h,21600,0.733974358974358,2026-03-05T17:15:24Z,0.95,0.5,0.0025,0.25,0.070769641683103,22133,ok,2026-03-05,NA,2026-03-05T21:00:00Z,2026-03-05,TRUE,TRUE,0.8-1.0,5
1404330,GPRO,gpro-quarterly-earnings-nongaap-eps-03-05-2026-0pt04,GPRO.N,2026-03-05T21:05:00Z,2026-03-05T21:05:00Z,2026-03-05,after_close,2026-03-03,2026-03-05T17:15:23Z,0.145,1404330,No,2026-03-05T23:24:15Z,2026-02-20T23:17:20Z,13290.754087000008,NA,NA,2026-03-05T21:05:00Z,148033360.9612,2,Consumer Discretionary,9721987,77158.62698412698,0.05745475762269,6h,21600,0.733974358974358,2026-03-05T17:15:23Z,0.145,0.5,0.021025,0.25,0.538718359631821,22132,ok,2026-03-05,NA,2026-03-05T21:00:00Z,2026-03-05,TRUE,TRUE,0.0-0.2,1
1404331,MRVL,mrvl-quarterly-earnings-nongaap-eps-03-05-2026-0pt79,MRVL.N,2026-03-05T21:05:00Z,2026-03-05T21:05:00Z,2026-03-05,after_close,2026-03-03,2026-03-05T17:20:28Z,0.965,1404331,Yes,2026-03-05T23:23:17Z,2026-02-20T23:16:58Z,16884.972215999995,0.03001,0.01,2026-03-05T21:05:00Z,67525683209.77,44,Information Technology,30117335,239026.46825396825,0.030564556040313,6h,21600,0.733974358974358,2026-03-05T17:20:28Z,0.965,0.5,0.001225,0.25,0.070769641683103,21769,ok,2026-03-05,NA,2026-03-05T21:00:00Z,2026-03-05,TRUE,TRUE,0.8-1.0,5
1404416,MRX,mrx-quarterly-earnings-nongaap-eps-03-03-2026-1pt02,MRX.N,2026-03-03T12:00:04Z,2026-03-03T12:00:04Z,2026-03-03,before_open,2026-03-01,2026-03-02T15:05:26Z,0.875,1404416,Yes,2026-03-03T15:05:53Z,2026-02-20T23:47:36Z,12720.640667,NA,NA,2026-03-03T12:00:04Z,3168193929.88,7,Financials,933135,7525.282258064516,0.023787820658277,1d,86400,0.72875816993464,2026-03-02T15:05:26Z,0.875,0.5,0.015625,0.25,0.073572130377205,86427,ok,2026-03-02,2026-03-03,2026-03-02T21:00:00Z,2026-03-02,TRUE,TRUE,0.8-1.0,5
1404417,SWBI,swbi-quarterly-earnings-nongaap-eps-03-05-2026-0pt05,SWBI.N,2026-03-05T21:05:48Z,2026-03-05T21:05:48Z,2026-03-05,after_close,2026-03-03,2026-03-05T17:15:29Z,0.725,1404417,Yes,2026-03-05T23:23:15Z,2026-02-20T23:48:36Z,5074.868478,0,0.03,2026-03-05T21:05:48Z,527695815.7,2,Consumer Discretionary,1697406,13471.47619047619,0.027010536655454,6h,21600,0.733974358974358,2026-03-05T17:15:29Z,0.725,0.5,0.07562500000000001,0.25,0.070769641683103,22066,ok,2026-03-05,NA,2026-03-05T21:00:00Z,2026-03-05,TRUE,TRUE,0.6-0.8,4
1419057,WBD,wbd-quarterly-earnings-gaap-eps-02-26-2026-0,WBD.N,2026-02-26T13:30:00Z,2026-02-26T13:30:00Z,2026-02-26,before_open,2026-02-24,2026-02-25T14:30:18Z,0.29,1419057,No,2026-02-26T14:32:30Z,2026-02-23T15:56:02Z,2440.250214,0.1282,-0.1,2026-02-26T13:30:00Z,72289945362.25,23,Communication Services,88458840,702054.2857142857,0.034157914677479,1d,86400,0.738382099827882,2026-02-25T14:30:18Z,0.29,0.5,0.08410000000000001,0.25,0.5452081253462331,86532,ok,2026-02-25,2026-02-26,2026-02-25T21:00:00Z,2026-02-25,TRUE,TRUE,0.2-0.4,2
1420756,BURL,burl-quarterly-earnings-gaap-eps-03-05-2026-4pt58,BURL.N,2026-03-05T11:45:00Z,2026-03-05T11:45:00Z,2026-03-05,before_open,2026-03-03,2026-03-04T14:00:33Z,0.8,1420756,Yes,2026-03-05T14:10:19Z,2026-02-23T19:58:46Z,10731.164357999998,0.12816000000000002,0.309999999999999,2026-03-05T11:45:00Z,18902014062.28,18,Consumer Discretionary,29499444,234122.57142857145,0.024490691804206,1d,86400,0.733118971061093,2026-03-04T14:00:33Z,0.8,0.5,0.039999999999999,0.25,0.07122548360748901,86986,ok,2026-03-04,2026-03-05,2026-03-04T21:00:00Z,2026-03-04,TRUE,TRUE,0.8-1.0,5
1420842,KR,kr-quarterly-earnings-nongaap-eps-03-05-2026-1pt2,KR,2026-03-05T11:45:00Z,2026-03-05T11:45:00Z,2026-03-05,before_open,2026-03-03,2026-03-04T14:00:39Z,0.865,1420842,Yes,2026-03-05T14:10:19Z,2026-02-23T21:56:06Z,4395.176767999999,0.01557,0.08,2026-03-05T11:45:00Z,45165120000,26,Consumer Staples,860731634,6831203.444444444,0.015988362001291,1d,86400,0.733118971061093,2026-03-04T14:00:39Z,0.865,0.5,0.01822499999999999,0.25,0.07122548360748901,86980,ok,2026-03-04,2026-03-05,2026-03-04T21:00:00Z,2026-03-04,TRUE,TRUE,0.8-1.0,5
1428532,CBRL,cbrl-quarterly-earnings-nongaap-eps-03-04-2026-neg0pt3,CBRL.N,2026-03-04T21:05:00Z,2026-03-04T21:05:00Z,2026-03-04,after_close,2026-03-03,2026-03-04T18:45:32Z,0.7000000000000001,1428532,Yes,2026-03-05T00:55:03Z,2026-02-24T18:26:26Z,NA,0.23554000000000003,0.55,2026-03-04T21:05:00Z,686399916.33,10,Consumer Discretionary,2177648,17282.920634920636,0.033960135777355,6h,21600,0.7326892109500801,2026-03-04T18:45:32Z,0.7000000000000001,0.5,0.09000000000000001,0.25,0.07145505794249,22171,ok,2026-03-04,2026-03-05,2026-03-04T21:00:00Z,2026-03-04,TRUE,TRUE,0.6-0.8,4
1428533,STUB,stub-quarterly-earnings-gaap-eps-03-04-2026-neg0pt01,STUB.N,2026-03-04T21:15:00Z,2026-03-04T21:15:00Z,2026-03-04,after_close,2026-03-02,2026-03-04T17:20:33Z,0.2,1428533,No,2026-03-04T23:25:49Z,2026-02-24T18:24:26Z,NA,NA,NA,2026-03-04T21:15:00Z,3517299813.34,10,Communication Services,94533960,829245.2631578947,0.058118010683929,6h,21600,0.731825525040387,2026-03-04T17:20:33Z,0.2,0.5,0.04,0.25,0.535568599100639,21916,ok,2026-03-04,2026-03-05,2026-03-04T21:00:00Z,2026-03-04,TRUE,TRUE,0.2-0.4,2
1428903,CELH,celh-quarterly-earnings-gaap-eps-02-26-2026-0pt19,CELH.N,2026-02-26T11:00:00Z,2026-02-26T11:00:00Z,2026-02-26,before_open,2026-02-24,2026-02-25T14:10:20Z,0.505,1428903,No,2026-02-26T14:15:00Z,2026-02-24T19:29:28Z,1452.125896,0.04309,0.07,2026-02-26T11:00:00Z,13033822364.96,23,Consumer Staples,11200623,88893.83333333333,0.038615341149058,1d,86400,0.738382099827882,2026-02-25T14:10:20Z,0.505,0.5,0.255025,0.25,0.5452081253462331,86680,ok,2026-02-25,2026-02-26,2026-02-25T21:00:00Z,2026-02-25,TRUE,TRUE,0.4-0.6,3
1494761,RUM,rum-quarterly-earnings-gaap-eps-03-05-2026-neg0pt1,RUM.N,2026-03-05T21:05:02Z,2026-03-05T21:05:02Z,2026-03-05,after_close,2026-03-03,2026-03-05T17:20:21Z,0.425,1494761,No,2026-03-05T23:24:13Z,2026-03-03T21:11:13Z,948.980932,NA,NA,2026-03-05T21:05:02Z,1832973224.4,3,Communication Services,7645897,60681.72222222222,0.041508402407131,6h,21600,0.733974358974358,2026-03-05T17:20:21Z,0.425,0.5,0.180624999999999,0.25,0.538718359631821,21832,ok,2026-03-05,NA,2026-03-05T21:00:00Z,2026-03-05,TRUE,TRUE,0.4-0.6,3
549606,AVGO,will-broadcom-beat-q2-earnings-estimate,AVGO.N,2025-06-05T20:15:05Z,2025-06-05T20:15:05Z,2025-06-05,after_close,2025-06-03,2025-06-05T17:45:06Z,0.855,549606,Yes,2025-06-05T23:46:44Z,2025-06-03T21:33:54Z,4894.410265,0.04569,0.01,2025-06-05T20:15:05Z,1208086520956.15,43,Information Technology,38522638,308181.104,0.044532629519321,6h,21600,0.5,2025-06-05T17:45:06Z,0.855,0.5,0.021025,0.25,0.25,21698,ok,2025-06-05,2025-06-06,2025-06-05T20:00:00Z,2025-06-05,TRUE,TRUE,0.8-1.0,5
598104,GIS,will-gis-beat-earnings-estimate-2025-09-17-0pt82,GIS,2025-09-17T11:00:01Z,2025-09-17T11:00:01Z,2025-09-17,before_open,2025-09-15,2025-09-16T13:10:02Z,0.725,598104,Yes,2025-09-17T13:19:02Z,2025-09-15T01:54:40Z,18668.050719,0.02318,0.04,2025-09-17T11:00:01Z,26142738842.2199,22,Consumer Staples,728092734,5778513.761904762,0.013523200810515,1d,86400,1,2025-09-16T13:10:02Z,0.725,0.5,0.07562500000000001,0.25,0,86940,ok,2025-09-16,2025-09-17,2025-09-16T20:00:00Z,2025-09-16,TRUE,TRUE,0.6-0.8,4
598106,FDX,will-fdx-beat-earnings-estimate-2025-09-18-3pt62,FDX,2025-09-18T20:02:00Z,2025-09-18T20:02:00Z,2025-09-18,after_close,2025-09-17,2025-09-18T17:40:05Z,0.63,598106,Yes,2025-09-19T05:44:48Z,2025-09-15T01:54:40Z,13560.2346,0.12660000000000002,0.20999999999999905,2025-09-18T20:02:00Z,53274023984.58,32,Industrials,264257748,2080769.6692913389,0.024145780277217,12h,43200,1,2025-09-18T17:40:05Z,0.63,0.5,0.1369,0.25,0,43483,ok,2025-09-18,2025-09-19,2025-09-18T20:00:00Z,2025-09-18,TRUE,TRUE,0.6-0.8,4
598107,MU,will-mu-beat-earnings-estimate-2025-09-23-2pt85,MU.N,2025-09-23T20:01:02Z,2025-09-23T20:01:02Z,2025-09-23,after_close,2025-09-22,2025-09-23T00:00:02Z,0.875,598107,Yes,2025-09-24T14:48:55Z,2025-09-15T01:54:38Z,52930.977068,0.0332,0.17999999999999902,2025-09-23T20:01:02Z,184230374126.62,44,Information Technology,34914168,277096.5714285714,0.03802786903364,1d,86400,0.8,2025-09-23T00:00:02Z,0.875,0.5,0.015625,0.25,0.039999999999999,139733,ok,2025-09-23,2025-09-24,2025-09-23T20:00:00Z,2025-09-23,TRUE,TRUE,0.8-1.0,5
598110,ACN,will-acn-beat-earnings-estimate-2025-09-25-2pt99,ACN,2025-09-25T10:39:00Z,2025-09-25T10:39:00Z,2025-09-25,before_open,2025-09-26,2025-09-24T12:00:04Z,0.77,598110,Yes,2025-09-28T17:45:55Z,2025-09-15T01:54:58Z,20486.20731,0.03997,0.039999999999999,2025-09-25T10:39:00Z,148194591021.24,25,Information Technology,508539504,4004248.062992126,0.018883112109669,4d,345600,0.875,2025-09-24T12:00:04Z,0.77,0.5,0.052899999999999,0.25,0.015625,366351,ok,2025-09-24,2025-09-25,2025-09-24T20:00:00Z,2025-09-24,TRUE,TRUE,0.6-0.8,4
598111,JBL,will-jbl-beat-earnings-estimate-2025-09-25-2pt9,JBL,2025-09-25T11:30:01Z,2025-09-25T11:30:01Z,2025-09-25,before_open,2025-09-24,2025-09-24T00:00:09Z,0.84,598111,Yes,2025-09-26T05:29:49Z,2025-09-15T01:55:00Z,33787.74734,0.0787,0.39,2025-09-25T11:30:01Z,24176787599.36,11,Information Technology,184179910,1450235.5118110236,0.026222064993,2d,172800,0.8571428571428571,2025-09-24T00:00:09Z,0.84,0.5,0.0256,0.25,0.020408163265306,192580,ok,2025-09-24,2025-09-25,2025-09-24T20:00:00Z,2025-09-24,TRUE,TRUE,0.8-1.0,5
599650,CASH,will-cash-beat-earnings-estimate-2025-09-19-1pt29,CASH.N,2025-10-21T20:10:00Z,2025-10-21T20:10:00Z,2025-10-21,after_close,2025-11-02,2025-10-21T00:00:15Z,0.065,599650,No,2025-11-04T07:17:59Z,2025-09-16T00:24:44Z,80885.573542,0.0055,0.5,2025-10-21T20:10:00Z,1549901114.2,2,Financials,306828,2435.1428571428573,0.015529145963387,2w,1209600,0.7869822485207101,2025-10-21T00:00:15Z,0.065,0.5,0.004225,0.25,0.619341059486712,1235864,ok,2025-10-21,2025-10-22,2025-10-21T20:00:00Z,2025-10-21,TRUE,TRUE,0.0-0.2,1
599652,PRGS,will-prgs-beat-earnings-estimate-2025-09-29-1pt3,PRGS.N,2025-09-29T20:02:00Z,2025-09-29T20:02:00Z,2025-09-29,after_close,2025-09-28,2025-09-29T12:00:04Z,0.885,599652,Yes,2025-09-30T11:46:15Z,2025-09-16T00:24:50Z,22038.842926,0.01106,0.199999999999999,2025-09-29T20:02:00Z,1802976217.46,6,Information Technology,1275226,10201.808,0.024355943723419,12h,43200,0.8888888888888881,2025-09-29T12:00:04Z,0.885,0.5,0.013224999999999,0.25,0.012345679012345,85571,ok,2025-09-29,2025-09-30,2025-09-29T20:00:00Z,2025-09-29,TRUE,TRUE,0.8-1.0,5
599915,BLSH,will-blsh-beat-earnings-estimate-2025-09-17-neg0pt04,BLSH.N,2025-09-17T20:00:00Z,2025-09-17T20:00:00Z,2025-09-17,after_close,2025-09-16,2025-09-17T17:55:04Z,0.645,599915,Yes,2025-09-18T06:13:44Z,2025-09-16T05:10:26Z,7901.772928,0.04225,0.138,2025-09-17T20:00:00Z,7507996835.04,8,Financials,31156943,1298205.9583333333,0.066685926028605,12h,43200,1,2025-09-17T17:55:04Z,0.645,0.5,0.126025,0.25,0,44320,ok,2025-09-17,2025-09-18,2025-09-17T20:00:00Z,2025-09-17,TRUE,TRUE,0.6-0.8,4
613036,JEF,jef-quarterly-earnings-gaap-eps-2025-09-29-0pt8,JEF,2025-09-29T20:00:00Z,2025-09-29T20:00:00Z,2025-09-29,after_close,2025-09-28,2025-09-29T18:35:08Z,0.545,613036,Yes,2025-09-30T00:37:21Z,2025-09-26T14:11:17Z,45005.464553,0.05888,0.20999999999999905,2025-09-29T20:00:00Z,13760953542.9099,4,Financials,213651413,1709211.304,0.03018462904012,6h,21600,0.8888888888888881,2025-09-29T18:35:08Z,0.545,0.5,0.20702499999999904,0.25,0.012345679012345,21733,ok,2025-09-29,2025-09-30,2025-09-29T20:00:00Z,2025-09-29,TRUE,TRUE,0.4-0.6,3
613037,NKE,nke-quarterly-earnings-gaap-eps-2025-09-30-0pt27,NKE,2025-09-30T20:15:00Z,2025-09-30T20:15:00Z,2025-09-30,after_close,2025-09-28,2025-09-30T16:30:10Z,0.915,613037,Yes,2025-09-30T22:32:59Z,2025-09-26T14:11:15Z,159213.625713,0.0393,0.21999999999999903,2025-09-30T20:15:00Z,102454136469.53,37,Consumer Discretionary,2078316548,16626532.384,0.029497947634059,6h,21600,0.8888888888888881,2025-09-30T16:30:10Z,0.915,0.5,0.007224999999999,0.25,0.012345679012345,21769,ok,2025-09-30,2025-10-01,2025-09-30T20:00:00Z,2025-09-30,TRUE,TRUE,0.8-1.0,5
613046,XOM,xom-quarterly-earnings-nongaap-eps-2025-10-31-1pt75,XOM,2025-10-31T10:30:00Z,2025-10-31T10:30:00Z,2025-10-31,before_open,2025-10-29,2025-10-30T00:00:23Z,0.8805000000000001,613046,Yes,2025-10-31T14:35:32Z,2025-09-26T14:11:17Z,74422.781346,0.04931000000000001,0.129999999999999,2025-10-31T10:30:00Z,491088935750.3,29,Energy,2016700032,15755469,0.01256737547461,1d,86400,0.770833333333333,2025-10-30T00:00:23Z,0.8805000000000001,0.5,0.01428025,0.25,0.052517361111111,138909,ok,2025-10-30,2025-10-31,2025-10-30T20:00:00Z,2025-10-30,TRUE,TRUE,0.8-1.0,5
613049,LEVI,levi-quarterly-earnings-nongaap-eps-2025-10-09-0pt30,LEVI.N,2025-10-09T20:15:00Z,2025-10-09T20:15:00Z,2025-10-09,after_close,2025-10-09,2025-10-09T12:00:19Z,0.88,613049,Yes,2025-10-11T19:15:52Z,2025-09-26T14:11:11Z,50505.336193,0.01223,0.04,2025-10-09T20:15:00Z,9590957304.24,14,Consumer Discretionary,90341810,711352.8346456693,0.019841490431724,2d,172800,0.916666666666666,2025-10-09T12:00:19Z,0.88,0.5,0.0144,0.25,0.006944444444444,198933,ok,2025-10-09,2025-10-10,2025-10-09T20:00:00Z,2025-10-09,TRUE,TRUE,0.8-1.0,5
613050,PEP,pep-quarterly-earnings-nongaap-eps-2025-10-09-2pt26,PEP.N,2025-10-09T12:30:00Z,2025-10-09T12:30:00Z,2025-10-09,before_open,2025-10-07,2025-10-08T14:10:05Z,0.9135,613050,Yes,2025-10-09T14:11:13Z,2025-09-26T14:11:07Z,36990.499959,0.0236,0.03,2025-10-09T12:30:00Z,192507815776.379,23,Consumer Staples,13878245,109277.51968503935,0.014633138072585,1d,86400,0.944444444444444,2025-10-08T14:10:05Z,0.9135,0.5,0.00748225,0.25,0.003086419753086,86468,ok,2025-10-08,2025-10-09,2025-10-08T20:00:00Z,2025-10-08,TRUE,TRUE,0.8-1.0,5
613052,JPM,jpm-quarterly-earnings-gaap-eps-2025-10-14-4pt72,JPM,2025-10-14T10:37:00Z,2025-10-14T10:37:00Z,2025-10-14,before_open,2025-10-13,2025-10-13T00:00:07Z,0.905,613052,Yes,2025-10-15T01:29:27Z,2025-09-26T14:11:13Z,30839.269081,0.11294,0.35000000000000003,2025-10-14T10:37:00Z,838375118991.15,28,Financials,1062551971,8432952.150793651,0.010978233866749,2d,172800,0.833333333333333,2025-10-13T00:00:07Z,0.905,0.5,0.009024999999999,0.25,0.027777777777777,178160,ok,2025-10-13,2025-10-14,2025-10-13T20:00:00Z,2025-10-13,TRUE,TRUE,0.8-1.0,5
613055,WFC,wfc-quarterly-earnings-gaap-eps-2025-10-14-1pt53,WFC,2025-10-14T11:00:00Z,2025-10-14T11:00:00Z,2025-10-14,before_open,2025-10-13,2025-10-13T00:00:04Z,0.877,613055,Yes,2025-10-15T23:14:23Z,2025-09-26T14:11:09Z,22929.613627,0.02987,0.129999999999999,2025-10-14T11:00:00Z,248514082864.52,26,Financials,2015029439,15992297.134920634,0.015014569392148,2d,172800,0.7878787878787871,2025-10-13T00:00:04Z,0.877,0.5,0.015129,0.25,0.044995408631772,256459,ok,2025-10-13,2025-10-14,2025-10-13T20:00:00Z,2025-10-13,TRUE,TRUE,0.8-1.0,5
613056,GS,gs-quarterly-earnings-gaap-eps-2025-10-14-10pt47,GS,2025-10-14T11:30:00Z,2025-10-14T11:30:00Z,2025-10-14,before_open,2025-10-13,2025-10-13T12:00:18Z,0.905,613056,Yes,2025-10-15T00:59:27Z,2025-09-26T14:11:01Z,23143.120101,0.62295,1.779999999999999,2025-10-14T11:30:00Z,238174900763.76,28,Financials,257940271,2047145.007936508,0.014155758709418,1d,86400,0.833333333333333,2025-10-13T12:00:18Z,0.905,0.5,0.009024999999999,0.25,0.027777777777777,133149,ok,2025-10-13,2025-10-14,2025-10-13T20:00:00Z,2025-10-13,TRUE,TRUE,0.8-1.0,5
613057,C,c-quarterly-earnings-gaap-eps-2025-10-14-1pt90,C,2025-10-14T12:47:00Z,2025-10-14T12:47:00Z,2025-10-14,before_open,2025-10-12,2025-10-13T12:00:14Z,0.8300000000000001,613057,No,2025-10-14T20:50:25Z,2025-09-26T14:11:03Z,66332.438147,0.07141,0.34,2025-10-14T12:47:00Z,168068949000,24,Financials,1729690632,13837525.056,0.014913024039734,1d,86400,0.8620689655172411,2025-10-13T12:00:14Z,0.8300000000000001,0.5,0.6889000000000001,0.25,0.743162901307966,118211,ok,2025-10-13,2025-10-14,2025-10-13T20:00:00Z,2025-10-13,TRUE,TRUE,0.8-1.0,5
613066,DPZ,dpz-quarterly-earnings-gaap-eps-2025-10-14-3pt96,DPZ.N,2025-10-14T10:05:00Z,2025-10-14T10:05:00Z,2025-10-14,before_open,2025-10-12,2025-10-13T12:00:10Z,0.81,613066,Yes,2025-10-14T17:57:03Z,2025-09-26T14:11:03Z,14654.896339,0.08345000000000001,0.12,2025-10-14T10:05:00Z,13729705408.66,34,Consumer Discretionary,1534000,12272,0.013646250915222,1d,86400,0.8620689655172411,2025-10-13T12:00:10Z,0.81,0.5,0.036099999999999,0.25,0.019024970273483,107813,ok,2025-10-13,2025-10-14,2025-10-13T20:00:00Z,2025-10-13,TRUE,TRUE,0.8-1.0,5
613067,JNJ,jnj-quarterly-earnings-nongaap-eps-2025-10-14-2pt75,JNJ,2025-10-14T10:20:00Z,2025-10-14T10:20:00Z,2025-10-14,before_open,2025-10-13,2025-10-13T12:00:14Z,0.907,613067,Yes,2025-10-15T00:52:23Z,2025-09-26T14:11:05Z,67936.535453,0.05132,0.049999999999999,2025-10-14T10:20:00Z,459751890664.8,25,Health Care,1052126099,8350207.134920635,0.010790681338373,1d,86400,0.833333333333333,2025-10-13T12:00:14Z,0.907,0.5,0.008648999999999,0.25,0.027777777777777,132729,ok,2025-10-13,2025-10-14,2025-10-13T20:00:00Z,2025-10-13,TRUE,TRUE,0.8-1.0,5
614609,IBKR,ibkr-quarterly-earnings-nongaap-eps-2025-10-16-0pt51,IBKR.N,2025-10-16T20:00:00Z,2025-10-16T20:00:00Z,2025-10-16,after_close,2025-10-15,2025-10-16T12:00:07Z,0.845,614609,Yes,2025-10-17T06:29:58Z,2025-09-26T19:27:09Z,27625.835218,0.0181,0.059999999999999,2025-10-16T20:00:00Z,118596468749.84,11,Financials,9156470,72098.18897637795,0.022765671175736,12h,43200,0.8095238095238091,2025-10-16T12:00:07Z,0.845,0.5,0.024025,0.25,0.036281179138321,66591,ok,2025-10-16,2025-10-17,2025-10-16T20:00:00Z,2025-10-16,TRUE,TRUE,0.8-1.0,5
614613,BAC,bac-quarterly-earnings-gaap-eps-2025-10-15-0pt93,BAC,2025-10-15T12:30:00Z,2025-10-15T12:30:00Z,2025-10-15,before_open,2025-10-13,2025-10-14T00:00:06Z,0.895,614613,Yes,2025-10-15T15:41:47Z,2025-09-26T19:29:11Z,44878.391794,0.0268,0.13,2025-10-15T12:30:00Z,358115555450.94,26,Financials,4774872230,37895811.34920635,0.012593328969915,1d,86400,0.833333333333333,2025-10-14T00:00:06Z,0.895,0.5,0.011024999999999,0.25,0.027777777777777,142901,ok,2025-10-14,2025-10-15,2025-10-14T20:00:00Z,2025-10-14,TRUE,TRUE,0.8-1.0,5
614614,MS,ms-quarterly-earnings-gaap-eps-2025-10-15-2pt06,MS,2025-10-15T11:28:00Z,2025-10-15T11:28:00Z,2025-10-15,before_open,2025-10-13,2025-10-14T00:00:10Z,0.85,614614,Yes,2025-10-15T15:42:43Z,2025-09-26T19:31:11Z,21395.696932,0.0949,0.7399999999999991,2025-10-15T11:28:00Z,246811830000,26,Financials,692348118,5494826.333333333,0.013138334805624,1d,86400,0.833333333333333,2025-10-14T00:00:10Z,0.85,0.5,0.0225,0.25,0.027777777777777,142953,ok,2025-10-14,2025-10-15,2025-10-14T20:00:00Z,2025-10-14,TRUE,TRUE,0.8-1.0,5
614615,TSLA,tsla-quarterly-earnings-nongaap-eps-2025-10-22-0pt5,TSLA.N,2025-10-22T20:07:00Z,2025-10-22T20:07:00Z,2025-10-22,after_close,2025-10-20,2025-10-22T00:00:08Z,0.835,614615,No,2025-10-22T23:44:57Z,2025-09-26T19:32:09Z,726860.842831,0.0879,0,2025-10-22T20:07:00Z,1488071269890.81,55,Consumer Discretionary,64064125,504441.92913385824,0.034515852144042,12h,43200,0.8,2025-10-22T00:00:08Z,0.835,0.5,0.697225,0.25,0.64,85489,ok,2025-10-22,2025-10-23,2025-10-22T20:00:00Z,2025-10-22,TRUE,TRUE,0.8-1.0,5
614616,SCHW,schw-quarterly-earnings-nongaap-eps-2025-10-16-1pt21,SCHW.N,2025-10-16T11:30:00Z,2025-10-16T11:30:00Z,2025-10-16,before_open,2025-10-15,2025-10-15T12:00:13Z,0.865,614616,Yes,2025-10-17T06:36:58Z,2025-09-26T19:33:11Z,25032.048584,0.02459,0.1,2025-10-16T11:30:00Z,171229636569,21,Financials,290125370,2284451.7322834646,0.012536464618405,1d,86400,0.8095238095238091,2025-10-15T12:00:13Z,0.865,0.5,0.01822499999999999,0.25,0.036281179138321,153405,ok,2025-10-15,2025-10-16,2025-10-15T20:00:00Z,2025-10-15,TRUE,TRUE,0.8-1.0,5
614632,LW,lw-quarterly-earnings-nongaap-eps-2025-09-30-0pt53,LW,2025-09-30T12:30:00Z,2025-09-30T12:30:00Z,2025-09-30,before_open,2025-09-28,2025-09-29T14:50:05Z,0.685,614632,Yes,2025-09-30T14:51:47Z,2025-09-26T19:34:51Z,6483.689158,0.08916,0.20999999999999905,2025-09-30T12:30:00Z,7695043945.59999,12,Consumer Staples,253513669,2028109.352,0.026168848192407,1d,86400,0.8888888888888881,2025-09-29T14:50:05Z,0.685,0.5,0.099224999999999,0.25,0.012345679012345,86502,ok,2025-09-29,2025-09-30,2025-09-29T20:00:00Z,2025-09-29,TRUE,TRUE,0.6-0.8,4
614635,UNFI,unfi-quarterly-earnings-nongaap-eps-2025-09-30-neg0pt18,UNFI.N,2025-09-30T12:30:00Z,2025-09-30T12:30:00Z,2025-09-30,before_open,2025-09-28,2025-09-29T15:25:02Z,0.885,614635,Yes,2025-09-30T15:25:21Z,2025-09-26T19:27:09Z,10879.427314,0.10821,0.74,2025-09-30T12:30:00Z,1917828919.62,11,Consumer Staples,38244290,305954.32,0.032105989133617,1d,86400,0.8888888888888881,2025-09-29T15:25:02Z,0.885,0.5,0.013224999999999,0.25,0.012345679012345,86419,ok,2025-09-29,2025-09-30,2025-09-29T20:00:00Z,2025-09-29,TRUE,TRUE,0.8-1.0,5
614636,STZ,stz-quarterly-earnings-nongaap-eps-2025-10-06-3pt44,STZ,2025-10-06T20:05:11Z,2025-10-06T20:05:11Z,2025-10-06,after_close,2025-10-04,2025-10-06T16:35:05Z,0.4,614636,Yes,2025-10-06T22:39:20Z,2025-09-26T19:27:51Z,28275.424567,0.16127000000000002,0.189999999999999,2025-10-06T20:05:11Z,24890759526.6,26,Consumer Staples,294876425,2340289.087301587,0.017959712630249,6h,21600,0.9333333333333332,2025-10-06T16:35:05Z,0.4,0.5,0.36,0.25,0.004444444444444,21855,ok,2025-10-06,2025-10-07,2025-10-06T20:00:00Z,2025-10-06,TRUE,TRUE,0.4-0.6,3
614637,MKC,mkc-quarterly-earnings-nongaap-eps-2025-10-07-0pt82,MKC,2025-10-07T10:30:38Z,2025-10-07T10:30:38Z,2025-10-07,before_open,2025-10-05,2025-10-06T17:00:02Z,0.885,614637,Yes,2025-10-07T17:02:42Z,2025-09-26T19:28:31Z,10219.254055,0.01728,0.03,2025-10-07T10:30:38Z,18489377292.16,16,Consumer Staples,300666566,2405332.528,0.014976067104505,1d,86400,0.9333333333333332,2025-10-06T17:00:02Z,0.885,0.5,0.013224999999999,0.25,0.004444444444444,86560,ok,2025-10-06,2025-10-07,2025-10-06T20:00:00Z,2025-10-06,TRUE,TRUE,0.8-1.0,5
614638,OMC,omc-quarterly-earnings-nongaap-eps-2025-10-21-2pt17,OMC,2025-10-21T20:03:00Z,2025-10-21T20:03:00Z,2025-10-21,after_close,2025-10-19,2025-10-21T00:00:20Z,0.775,614638,Yes,2025-10-21T23:37:02Z,2025-09-26T19:28:33Z,17925.594766,0.03053,0.07,2025-10-21T20:03:00Z,14960086501.44,12,Communication Services,474237107,3763786.563492063,0.018127831265115,6h,21600,0.807692307692307,2025-10-21T00:00:20Z,0.775,0.5,0.050624999999999,0.25,0.03698224852071,85002,ok,2025-10-21,2025-10-22,2025-10-21T20:00:00Z,2025-10-21,TRUE,TRUE,0.6-0.8,4
614639,CFG,cfg-quarterly-earnings-gaap-eps-2025-10-15-1pt03,CFG,2025-10-15T10:20:00Z,2025-10-15T10:20:00Z,2025-10-15,before_open,2025-10-13,2025-10-14T12:00:06Z,0.415,614639,Yes,2025-10-15T15:42:41Z,2025-09-26T19:28:51Z,12035.198598,0.0248,0.02,2025-10-15T10:20:00Z,22086920385.5,22,Financials,599179349,4755391.658730159,0.016366029428646,1d,86400,0.833333333333333,2025-10-14T12:00:06Z,0.415,0.5,0.342224999999999,0.25,0.027777777777777,99755,ok,2025-10-14,2025-10-15,2025-10-14T20:00:00Z,2025-10-14,TRUE,TRUE,0.4-0.6,3
614644,ABT,abt-quarterly-earnings-nongaap-eps-2025-10-15-1pt30,ABT,2025-10-15T11:30:13Z,2025-10-15T11:30:13Z,2025-10-15,before_open,2025-10-13,2025-10-14T12:00:06Z,0.81,614644,No,2025-10-15T15:41:49Z,2025-09-26T19:29:31Z,26893.832044,0.00783,0,2025-10-15T11:30:13Z,228452996396.86,30,Health Care,791882700,6284783.333333333,0.013457171366473,1d,86400,0.833333333333333,2025-10-14T12:00:06Z,0.81,0.5,0.6561,0.25,0.6944444444444441,99703,ok,2025-10-14,2025-10-15,2025-10-14T20:00:00Z,2025-10-14,TRUE,TRUE,0.8-1.0,5
614647,KMI,kmi-quarterly-earnings-nongaap-eps-2025-10-15-0pt3,KMI,2025-10-22T20:05:00Z,2025-10-22T20:05:00Z,2025-10-22,after_close,2025-10-21,2025-10-22T12:00:38Z,0.4,614647,No,2025-10-23T00:39:29Z,2025-09-26T19:29:33Z,21007.333399,0.01768,-0.01,2025-10-22T20:05:00Z,61107134440,21,Energy,1757055613,13726996.9765625,0.01231750811423,6h,21600,0.794117647058823,2025-10-22T12:00:38Z,0.4,0.5,0.16,0.25,0.630622837370242,45531,ok,2025-10-22,2025-10-23,2025-10-22T20:00:00Z,2025-10-22,TRUE,TRUE,0.4-0.6,3
619465,BK,bk-quarterly-earnings-gaap-eps-2025-10-16-1pt76,BK,2025-10-16T12:30:00Z,2025-10-16T12:30:00Z,2025-10-16,before_open,2025-10-15,2025-10-15T12:00:16Z,0.79,619465,Yes,2025-10-17T06:12:12Z,2025-10-03T21:36:19Z,4428.5395,0.0389,0.14999999999999902,2025-10-16T12:30:00Z,75962240077.32,17,Financials,475779694,3746296.803149606,0.010949322673781,1d,86400,0.8095238095238091,2025-10-15T12:00:16Z,0.79,0.5,0.044099999999999,0.25,0.036281179138321,151916,ok,2025-10-15,2025-10-16,2025-10-15T20:00:00Z,2025-10-15,TRUE,TRUE,0.6-0.8,4
619538,KEY,key-quarterly-earnings-gaap-eps-2025-10-16-0pt38,KEY,2025-10-16T10:30:29Z,2025-10-16T10:30:29Z,2025-10-16,before_open,2025-10-15,2025-10-15T12:00:09Z,0.56,619538,Yes,2025-10-17T06:42:58Z,2025-10-03T21:34:57Z,9712.263924,0.01149,0.029999999999999,2025-10-16T10:30:29Z,19732638960,24,Financials,2747849829,21636612.826771654,0.015944432885183,1d,86400,0.8095238095238091,2025-10-15T12:00:09Z,0.56,0.5,0.19359999999999905,0.25,0.036281179138321,153769,ok,2025-10-15,2025-10-16,2025-10-15T20:00:00Z,2025-10-15,TRUE,TRUE,0.4-0.6,3
619541,STT,stt-quarterly-earnings-gaap-eps-2025-10-17-2pt58,STT,2025-10-17T11:30:00Z,2025-10-17T11:30:00Z,2025-10-17,before_open,2025-10-15,2025-10-16T00:00:14Z,0.755,619541,Yes,2025-10-17T20:56:44Z,2025-10-03T21:26:57Z,14913.069103,0.08415,0.199999999999999,2025-10-17T11:30:00Z,32937641655.49,17,Financials,242638509,1910539.440944882,0.015050137742823,1d,86400,0.8095238095238091,2025-10-16T00:00:14Z,0.755,0.5,0.060024999999999,0.25,0.036281179138321,161790,ok,2025-10-16,2025-10-17,2025-10-16T20:00:00Z,2025-10-16,TRUE,TRUE,0.6-0.8,4
619549,USB,usb-quarterly-earnings-gaap-eps-2025-10-16-1pt12,USB,2025-10-16T10:45:00Z,2025-10-16T10:45:00Z,2025-10-16,before_open,2025-10-15,2025-10-15T00:00:14Z,0.7000000000000001,619549,Yes,2025-10-17T12:26:42Z,2025-10-03T21:34:17Z,8195.451807,0.02036,0.099999999999999,2025-10-16T10:45:00Z,72285000091.85,24,Financials,1227253227,9663411.236220472,0.01384154900299,2d,172800,0.8095238095238091,2025-10-15T00:00:14Z,0.7000000000000001,0.5,0.09000000000000001,0.25,0.036281179138321,217588,ok,2025-10-15,2025-10-16,2025-10-15T20:00:00Z,2025-10-15,TRUE,TRUE,0.6-0.8,4
619556,BLK,blk-quarterly-earnings-nongaap-eps-2025-10-14-11pt76,BLK,2025-10-14T12:30:00Z,2025-10-14T12:30:00Z,2025-10-14,before_open,2025-10-12,2025-10-13T19:30:04Z,0.935,619556,No,2025-10-14T19:35:29Z,2025-10-03T21:40:37Z,48009.316079,0.41258000000000006,-0.20999999999999905,2025-10-14T12:30:00Z,175629036000,18,Financials,73450786,587606.288,0.013596130441029,1d,86400,0.8620689655172411,2025-10-13T19:30:04Z,0.935,0.5,0.874225,0.25,0.743162901307966,86725,ok,2025-10-13,2025-10-14,2025-10-13T20:00:00Z,2025-10-13,TRUE,TRUE,0.8-1.0,5
619557,TFC,tfc-quarterly-earnings-nongaap-eps-2025-10-17-0pt99,TFC,2025-10-17T12:30:00Z,2025-10-17T12:30:00Z,2025-10-17,before_open,2025-10-15,2025-10-16T12:00:23Z,0.635,619557,Yes,2025-10-17T23:15:48Z,2025-10-03T21:25:39Z,3651.367172,0.02147,0.08,2025-10-17T12:30:00Z,55340195413.86,22,Financials,984477542,7751791.669291339,0.014455141366471,1d,86400,0.8095238095238091,2025-10-16T12:00:23Z,0.635,0.5,0.133224999999999,0.25,0.036281179138321,126925,ok,2025-10-16,2025-10-17,2025-10-16T20:00:00Z,2025-10-16,TRUE,TRUE,0.6-0.8,4
619560,EFX,efx-quarterly-earnings-nongaap-eps-2025-10-21-1pt94,EFX,2025-10-21T10:30:00Z,2025-10-21T10:30:00Z,2025-10-21,before_open,2025-10-19,2025-10-20T00:00:14Z,0.755,619560,Yes,2025-10-21T14:38:39Z,2025-10-06T15:29:42Z,11085.787306,0.03044,0.1,2025-10-21T10:30:00Z,27772430935.67,24,Industrials,130696668,1037275.1428571428,0.023374504317079,1d,86400,0.807692307692307,2025-10-20T00:00:14Z,0.755,0.5,0.060024999999999,0.25,0.03698224852071,139105,ok,2025-10-20,2025-10-21,2025-10-20T20:00:00Z,2025-10-20,TRUE,TRUE,0.6-0.8,4
619852,UNTY,unty-quarterly-earnings-gaap-eps-2025-10-10-1pt29,UNTY.N,2025-10-14T10:00:05Z,2025-10-14T10:00:05Z,2025-10-14,before_open,2025-10-13,2025-10-13T14:10:04Z,0.7945,619852,Yes,2025-10-15T14:15:21Z,2025-10-03T21:46:01Z,7434.126077,0.02207,0.07,2025-10-14T10:00:05Z,473533560,3,Financials,101827,808.1507936507936,0.021898675618642,2d,172800,0.833333333333333,2025-10-13T14:10:04Z,0.7945,0.5,0.04223025,0.25,0.027777777777777,173117,ok,2025-10-13,2025-10-14,2025-10-13T20:00:00Z,2025-10-13,TRUE,TRUE,0.6-0.8,4
619853,PENG,peng-quarterly-earnings-nongaap-eps-2025-10-07-0pt37,PENG.N,2025-10-07T20:00:00Z,2025-10-07T20:00:00Z,2025-10-07,after_close,2025-10-06,2025-10-07T10:10:04Z,0.865,619853,Yes,2025-10-08T10:14:10Z,2025-10-03T20:47:58Z,6272.205259,0.03619,0.06,2025-10-07T20:00:00Z,1535352640.2,8,Information Technology,1829342,14518.587301587302,0.028558154356399,1d,86400,0.9375,2025-10-07T10:10:04Z,0.865,0.5,0.01822499999999999,0.25,0.00390625,86646,ok,2025-10-07,2025-10-08,2025-10-07T20:00:00Z,2025-10-07,TRUE,TRUE,0.8-1.0,5
619857,AZZ,azz-quarterly-earnings-nongaap-eps-2025-10-08-1pt57,AZZ,2025-10-08T20:00:00Z,2025-10-08T20:00:00Z,2025-10-08,after_close,2025-10-06,2025-10-08T17:15:10Z,0.92,619857,No,2025-10-08T23:19:39Z,2025-10-03T20:48:38Z,7149.079433,0.03919,-0.019999999999999,2025-10-08T20:00:00Z,3214304349.08,11,Industrials,32907611,261171.5158730159,0.01956346856386,6h,21600,0.9411764705882352,2025-10-08T17:15:10Z,0.92,0.5,0.8464,0.25,0.885813148788927,21869,ok,2025-10-08,2025-10-09,2025-10-08T20:00:00Z,2025-10-08,TRUE,TRUE,0.8-1.0,5
619983,RGP,rgp-quarterly-earnings-nongaap-eps-2025-10-08-neg0pt10,RGP.N,2025-10-08T20:05:00Z,2025-10-08T20:05:00Z,2025-10-08,after_close,2025-10-06,2025-10-08T17:25:05Z,0.93,619983,Yes,2025-10-08T23:25:37Z,2025-10-03T21:51:17Z,4974.09297,0.07409,0.13,2025-10-08T20:05:00Z,164281230.48,4,Industrials,617483,4900.658730158731,0.029594179081754,6h,21600,0.9411764705882352,2025-10-08T17:25:05Z,0.93,0.5,0.004899999999999,0.25,0.003460207612456,21632,ok,2025-10-08,2025-10-09,2025-10-08T20:00:00Z,2025-10-08,TRUE,TRUE,0.8-1.0,5
619984,APLD,apld-quarterly-earnings-nongaap-eps-2025-10-09-neg0pt16,APLD.N,2025-10-09T20:05:00Z,2025-10-09T20:05:00Z,2025-10-09,after_close,2025-10-09,2025-10-09T01:15:07Z,0.87,619984,Yes,2025-10-11T01:16:30Z,2025-10-03T21:51:57Z,9270.325321,0.07487,0.09,2025-10-09T20:05:00Z,8191999278.75,10,Information Technology,84223691,663178.6692913385,0.08251165808748201,2d,172800,0.916666666666666,2025-10-09T01:15:07Z,0.87,0.5,0.0169,0.25,0.006944444444444,172883,ok,2025-10-09,2025-10-10,2025-10-09T20:00:00Z,2025-10-09,TRUE,TRUE,0.8-1.0,5
620021,HELE,hele-quarterly-earnings-nongaap-eps-2025-10-09-0pt52,HELE.N,2025-10-09T10:45:00Z,2025-10-09T10:45:00Z,2025-10-09,before_open,2025-10-09,2025-10-08T04:05:06Z,0.33,620021,Yes,2025-10-11T04:07:36Z,2025-10-03T21:21:17Z,63372.762324,0.04317000000000001,0.06999999999999901,2025-10-09T10:45:00Z,476926841.49,5,Consumer Discretionary,1434369,11294.24409448819,0.05551365796907,3d,259200,0.916666666666666,2025-10-08T04:05:06Z,0.33,0.5,0.448899999999999,0.25,0.006944444444444,259350,ok,2025-10-08,2025-10-09,2025-10-08T20:00:00Z,2025-10-08,TRUE,TRUE,0.2-0.4,2
620023,NEOG,neog-quarterly-earnings-nongaap-eps-2025-10-09-0pt04,NEOG.N,2025-10-09T11:00:00Z,2025-10-09T11:00:00Z,2025-10-09,before_open,2025-10-09,2025-10-08T19:35:03Z,0.225,620023,No,2025-10-11T19:39:58Z,2025-10-03T21:48:39Z,18819.863416,0.04648,0,2025-10-09T11:00:00Z,1473284684.28,5,Health Care,18189839,143227.07874015748,0.042919192073226,3d,259200,0.916666666666666,2025-10-08T19:35:03Z,0.225,0.5,0.05062499999999999,0.25,0.840277777777777,259495,ok,2025-10-08,2025-10-09,2025-10-08T20:00:00Z,2025-10-08,TRUE,TRUE,0.2-0.4,2
620032,NRIX,nrix-quarterly-earnings-gaap-eps-2025-10-9-neg0pt85,NRIX.N,2025-10-09T20:01:00Z,2025-10-09T20:01:00Z,2025-10-09,after_close,2025-10-09,2025-10-09T19:30:06Z,0.805,620032,No,2025-10-11T19:33:44Z,2025-10-03T21:47:39Z,4947.955613,0.12385000000000002,-0.18000000000000002,2025-10-09T20:01:00Z,834954114.959999,18,Health Care,1628984,12826.645669291338,0.038936007872174,2d,172800,0.916666666666666,2025-10-09T19:30:06Z,0.805,0.5,0.6480250000000001,0.25,0.840277777777777,173018,ok,2025-10-09,2025-10-10,2025-10-09T20:00:00Z,2025-10-09,TRUE,TRUE,0.8-1.0,5
620052,SFBS,sfbs-quarterly-earnings-nongaap-eps-2025-10-20-1pt34,SFBS.N,2025-10-20T20:00:00Z,2025-10-20T20:00:00Z,2025-10-20,after_close,2025-10-19,2025-10-20T12:00:09Z,0.78,620052,No,2025-10-21T00:20:32Z,2025-10-03T21:23:59Z,30151.521357,0.06683,-0.04,2025-10-20T20:00:00Z,4108078577.61,3,Financials,11203986,88920.52380952382,0.018143898839658,12h,43200,0.807692307692307,2025-10-20T12:00:09Z,0.78,0.5,0.6084,0.25,0.6523668639053251,44423,ok,2025-10-20,2025-10-21,2025-10-20T20:00:00Z,2025-10-20,TRUE,TRUE,0.6-0.8,4
620069,GBCI,gbci-quarterly-earnings-gaap-eps-2025-10-16-0pt61,GBCI.N,2025-10-16T20:05:01Z,2025-10-16T20:05:01Z,2025-10-16,after_close,2025-10-15,2025-10-16T12:05:06Z,0.785,620069,No,2025-10-17T12:14:56Z,2025-10-03T21:28:19Z,39335.776905,0.02209,-0.04,2025-10-16T20:05:01Z,6237753533.48,6,Financials,36315266,285946.9763779527,0.019070933632429,1d,86400,0.8095238095238091,2025-10-16T12:05:06Z,0.785,0.5,0.616225,0.25,0.655328798185941,86990,ok,2025-10-16,2025-10-17,2025-10-16T20:00:00Z,2025-10-16,TRUE,TRUE,0.6-0.8,4
627454,CB,cb-quarterly-earnings-nongaap-eps-10-21-2025-5pt78,CB,2025-10-21T20:10:00Z,2025-10-21T20:10:00Z,2025-10-21,after_close,2025-10-20,2025-10-21T18:10:11Z,0.77,627454,Yes,2025-10-22T00:15:21Z,2025-10-08T15:59:40Z,9549.515576,0.4626900000000001,1.71,2025-10-21T20:10:00Z,105757814271.6,26,Financials,222230246,1749844.4566929133,0.011370696679176,6h,21600,0.807692307692307,2025-10-21T18:10:11Z,0.77,0.5,0.052899999999999,0.25,0.03698224852071,21910,ok,2025-10-21,2025-10-22,2025-10-21T20:00:00Z,2025-10-21,TRUE,TRUE,0.6-0.8,4
627582,KO,ko-quarterly-earnings-nongaap-eps-10-21-2025-0pt78,KO,2025-10-21T10:55:00Z,2025-10-21T10:55:00Z,2025-10-21,before_open,2025-10-19,2025-10-20T14:40:03Z,0.8,627582,Yes,2025-10-21T14:43:43Z,2025-10-08T16:16:56Z,53051.390997,0.00911,0.039999999999999,2025-10-21T10:55:00Z,294428880000,26,Consumer Staples,1967339216,15613803.301587302,0.009027083607946,1d,86400,0.807692307692307,2025-10-20T14:40:03Z,0.8,0.5,0.039999999999999,0.25,0.03698224852071,86620,ok,2025-10-20,2025-10-21,2025-10-20T20:00:00Z,2025-10-20,TRUE,TRUE,0.8-1.0,5
627585,EWBC,ewbc-quarterly-earnings-gaap-eps-10-21-2025-2pt34,EWBC.N,2025-10-21T20:05:00Z,2025-10-21T20:05:00Z,2025-10-21,after_close,2025-10-19,2025-10-21T17:50:04Z,0.78,627585,Yes,2025-10-21T23:52:18Z,2025-10-08T16:21:40Z,8739.858917,0.05918,0.28,2025-10-21T20:05:00Z,13228133100.68,15,Financials,1684984,13372.888888888889,0.018983936038471,6h,21600,0.807692307692307,2025-10-21T17:50:04Z,0.78,0.5,0.048399999999999,0.25,0.03698224852071,21734,ok,2025-10-21,2025-10-22,2025-10-21T20:00:00Z,2025-10-21,TRUE,TRUE,0.6-0.8,4
627587,GM,gm-quarterly-earnings-nongaap-eps-10-21-2025-2pt31,GM,2025-10-21T10:30:00Z,2025-10-21T10:30:00Z,2025-10-21,before_open,2025-10-19,2025-10-20T14:35:13Z,0.875,627587,Yes,2025-10-21T14:35:45Z,2025-10-08T16:27:42Z,25906.465997,0.16276000000000002,0.48999999999999905,2025-10-21T10:30:00Z,54460442869.14,31,Consumer Discretionary,1127348652,8947211.523809524,0.018547473018594,1d,86400,0.807692307692307,2025-10-20T14:35:13Z,0.875,0.5,0.015625,0.25,0.03698224852071,86432,ok,2025-10-20,2025-10-21,2025-10-20T20:00:00Z,2025-10-20,TRUE,TRUE,0.8-1.0,5
627639,HAL,hal-quarterly-earnings-gaap-eps-10-21-2025-0pt49,HAL,2025-10-21T10:45:00Z,2025-10-21T10:45:00Z,2025-10-21,before_open,2025-10-19,2025-10-20T14:35:09Z,0.4,627639,No,2025-10-21T14:38:39Z,2025-10-08T16:56:00Z,17587.869097,0.02679,0.08999999999999901,2025-10-21T10:45:00Z,18743024604.7,26,Energy,1791292715,14216608.849206349,0.023880016568774,1d,86400,0.807692307692307,2025-10-20T14:35:09Z,0.4,0.5,0.16,0.25,0.6523668639053251,86610,ok,2025-10-20,2025-10-21,2025-10-20T20:00:00Z,2025-10-20,TRUE,TRUE,0.4-0.6,3
627649,LMT,lmt-quarterly-earnings-gaap-eps-10-21-2025-6pt33,LMT,2025-10-21T11:29:00Z,2025-10-21T11:29:00Z,2025-10-21,before_open,2025-10-19,2025-10-20T14:35:11Z,0.6900000000000001,627649,Yes,2025-10-21T14:37:43Z,2025-10-08T17:09:00Z,10232.42431,0.11217,0.62,2025-10-21T11:29:00Z,114576618689.4,22,Industrials,195229535,1549440.753968254,0.016119324457365,1d,86400,0.807692307692307,2025-10-20T14:35:11Z,0.6900000000000001,0.5,0.0961,0.25,0.03698224852071,86552,ok,2025-10-20,2025-10-21,2025-10-20T20:00:00Z,2025-10-20,TRUE,TRUE,0.6-0.8,4
627652,MAT,mat-quarterly-earnings-nongaap-eps-10-21-2025-1pt07,MAT.N,2025-10-21T20:05:00Z,2025-10-21T20:05:00Z,2025-10-21,after_close,2025-10-20,2025-10-21T14:30:09Z,0.725,627652,No,2025-10-22T02:34:18Z,2025-10-08T17:18:01Z,16978.539558,0.0685,-0.18000000000000002,2025-10-21T20:05:00Z,5709396000,14,Consumer Discretionary,10655120,83898.58267716535,0.025199435905152,12h,43200,0.7924528301886791,2025-10-21T14:30:09Z,0.725,0.5,0.525625,0.25,0.6279814880740471,43449,ok,2025-10-21,2025-10-22,2025-10-21T20:00:00Z,2025-10-21,TRUE,TRUE,0.6-0.8,4
627653,NDAQ,ndaq-quarterly-earnings-nongaap-eps-10-21-2025-0pt83,NDAQ.N,2025-10-21T11:00:00Z,2025-10-21T11:00:00Z,2025-10-21,before_open,2025-10-19,2025-10-20T14:35:09Z,0.908,627653,Yes,2025-10-21T14:35:47Z,2025-10-08T17:25:21Z,13369.512604,0.02251,0.05,2025-10-21T11:00:00Z,50584485409.47,19,Financials,7286031,57825.642857142855,0.011736513382385,1d,86400,0.807692307692307,2025-10-20T14:35:09Z,0.908,0.5,0.008463999999999,0.25,0.03698224852071,86438,ok,2025-10-20,2025-10-21,2025-10-20T20:00:00Z,2025-10-20,TRUE,TRUE,0.8-1.0,5
627654,NFLX,nflx-quarterly-earnings-nongaap-eps-10-21-2025-6pt95,NFLX.N,2025-10-21T20:01:00Z,2025-10-21T20:01:00Z,2025-10-21,after_close,2025-10-20,2025-10-21T14:50:14Z,0.95,627654,No,2025-10-22T02:50:34Z,2025-10-08T17:29:01Z,64178.354417,0.02052,-6.3629999999999995,2025-10-21T20:01:00Z,524817919599.04,51,Communication Services,57462923,452463.9606299212,0.016106947613155,12h,43200,0.7924528301886791,2025-10-21T14:50:14Z,0.95,0.5,0.9025,0.25,0.6279814880740471,43220,ok,2025-10-21,2025-10-22,2025-10-21T20:00:00Z,2025-10-21,TRUE,TRUE,0.8-1.0,5
627657,NOC,noc-quarterly-earnings-gaap-eps-10-21-2025-6pt49,NOC,2025-10-21T12:30:00Z,2025-10-21T12:30:00Z,2025-10-21,before_open,2025-10-19,2025-10-20T14:35:10Z,0.77,627657,Yes,2025-10-21T14:39:45Z,2025-10-08T17:36:03Z,13934.227456,0.08408,1.179999999999999,2025-10-21T12:30:00Z,84847079831.5,24,Industrials,109477871,868871.9920634921,0.018745612938853,1d,86400,0.807692307692307,2025-10-20T14:35:10Z,0.77,0.5,0.052899999999999,0.25,0.03698224852071,86675,ok,2025-10-20,2025-10-21,2025-10-20T20:00:00Z,2025-10-20,TRUE,TRUE,0.6-0.8,4
627658,PM,pm-quarterly-earnings-nongaap-eps-10-21-2025-2pt1,PM,2025-10-21T10:59:00Z,2025-10-21T10:59:00Z,2025-10-21,before_open,2025-10-19,2025-10-20T14:35:06Z,0.8300000000000001,627658,Yes,2025-10-21T14:40:43Z,2025-10-08T17:38:33Z,7412.956971,0.04728,0.14,2025-10-21T10:59:00Z,246042320666.94,20,Consumer Staples,730513847,5797728.944444444,0.015135704755145,1d,86400,0.807692307692307,2025-10-20T14:35:06Z,0.8300000000000001,0.5,0.0289,0.25,0.03698224852071,86737,ok,2025-10-20,2025-10-21,2025-10-20T20:00:00Z,2025-10-20,TRUE,TRUE,0.8-1.0,5
627659,PHM,phm-quarterly-earnings-gaap-eps-10-21-2025-3pt03,PHM,2025-10-21T10:30:00Z,2025-10-21T10:30:00Z,2025-10-21,before_open,2025-10-19,2025-10-20T14:25:06Z,0.34500000000000003,627659,No,2025-10-21T14:33:39Z,2025-10-08T17:42:07Z,37860.21061,0.05869,-0.06999999999999901,2025-10-21T10:30:00Z,24257405342.65,16,Consumer Discretionary,261053080,2071849.8412698412,0.022878084387684,1d,86400,0.807692307692307,2025-10-20T14:25:06Z,0.34500000000000003,0.5,0.119024999999999,0.25,0.6523668639053251,86913,ok,2025-10-20,2025-10-21,2025-10-20T20:00:00Z,2025-10-20,TRUE,TRUE,0.2-0.4,2
627660,DGX,dgx-quarterly-earnings-nongaap-eps-10-21-2025-2pt5,DGX,2025-10-21T10:45:00Z,2025-10-21T10:45:00Z,2025-10-21,before_open,2025-10-19,2025-10-20T14:35:12Z,0.918,627660,Yes,2025-10-21T14:38:39Z,2025-10-08T17:44:49Z,16135.064381,0.03033,0.1,2025-10-21T10:45:00Z,21081540022.62,20,Health Care,128026500,1016083.3333333334,0.01449753329519,1d,86400,0.807692307692307,2025-10-20T14:35:12Z,0.918,0.5,0.006723999999999,0.25,0.03698224852071,86607,ok,2025-10-20,2025-10-21,2025-10-20T20:00:00Z,2025-10-20,TRUE,TRUE,0.8-1.0,5
627663,TXN,txn-quarterly-earnings-gaap-eps-10-21-2025-1pt49,TXN.N,2025-10-21T20:01:01Z,2025-10-21T20:01:01Z,2025-10-21,after_close,2025-10-19,2025-10-21T17:50:16Z,0.915,627663,No,2025-10-21T23:57:19Z,2025-10-08T17:56:07Z,44279.380126,0.03186,-0.01,2025-10-21T20:01:01Z,160444652871.6,39,Information Technology,11549178,91660.14285714286,0.02252110445383,6h,21600,0.807692307692307,2025-10-21T17:50:16Z,0.915,0.5,0.8372250000000001,0.25,0.6523668639053251,22023,ok,2025-10-21,2025-10-22,2025-10-21T20:00:00Z,2025-10-21,TRUE,TRUE,0.8-1.0,5
627671,MCO,mco-quarterly-earnings-nongaap-eps-10-22-2025-3pt52,MCO,2025-10-22T12:30:00Z,2025-10-22T12:30:00Z,2025-10-22,before_open,2025-10-20,2025-10-21T15:55:13Z,0.79,627671,Yes,2025-10-22T15:57:24Z,2025-10-08T18:03:46Z,11960.056033,0.18057,0.399999999999999,2025-10-22T12:30:00Z,84643664000,27,Financials,92572354,728916.1732283465,0.013466294835562,1d,86400,0.796875,2025-10-21T15:55:13Z,0.79,0.5,0.044099999999999,0.25,0.041259765625,86531,ok,2025-10-21,2025-10-22,2025-10-21T20:00:00Z,2025-10-21,TRUE,TRUE,0.6-0.8,4
627672,AMP,amp-quarterly-earnings-nongaap-eps-10-30-2025-9pt68,AMP,2025-10-30T11:30:00Z,2025-10-30T11:30:00Z,2025-10-30,before_open,2025-10-28,2025-10-29T00:00:14Z,0.5750000000000001,627672,Yes,2025-10-30T21:08:09Z,2025-10-08T18:06:06Z,65435.826552,0.17201000000000002,0.189999999999999,2025-10-30T11:30:00Z,45016534177.02,16,Financials,60280118,470938.421875,0.013291124773824,1d,86400,0.8,2025-10-29T00:00:14Z,0.5750000000000001,0.5,0.180625,0.25,0.039999999999999,162475,ok,2025-10-29,2025-10-30,2025-10-29T20:00:00Z,2025-10-29,TRUE,TRUE,0.4-0.6,3
627673,T,t-quarterly-earnings-nongaap-eps-10-22-2025-0pt54,T,2025-10-22T10:33:23Z,2025-10-22T10:33:23Z,2025-10-22,before_open,2025-10-20,2025-10-21T15:55:06Z,0.8150000000000001,627673,No,2025-10-22T15:57:28Z,2025-10-08T18:09:05Z,16216.870468,0.01964,0,2025-10-22T10:33:23Z,185544900000,27,Communication Services,4232080956,33323472.09448819,0.012632959759929,1d,86400,0.796875,2025-10-21T15:55:06Z,0.8150000000000001,0.5,0.664225,0.25,0.635009765625,86542,ok,2025-10-21,2025-10-22,2025-10-21T20:00:00Z,2025-10-21,TRUE,TRUE,0.8-1.0,5
627695,CHDN,chdn-quarterly-earnings-gaap-eps-10-22-2025-1,CHDN.N,2025-10-22T20:01:00Z,2025-10-22T20:01:00Z,2025-10-22,after_close,2025-10-21,2025-10-22T16:45:07Z,0.7000000000000001,627695,No,2025-10-23T04:46:11Z,2025-10-08T18:31:48Z,8054.373985,0.07581,0.09000000000000001,2025-10-22T20:01:00Z,6736493764.62,10,Consumer Discretionary,1375164,10743.46875,0.022593888814789,12h,43200,0.771428571428571,2025-10-22T16:45:07Z,0.7000000000000001,0.5,0.48999999999999905,0.25,0.595102040816326,43264,ok,2025-10-22,2025-10-23,2025-10-22T20:00:00Z,2025-10-22,TRUE,TRUE,0.6-0.8,4
627698,EVR,evr-quarterly-earnings-nongaap-eps-10-29-2025-2pt93,EVR,2025-10-29T10:45:00Z,2025-10-29T10:45:00Z,2025-10-29,before_open,2025-10-27,2025-10-28T12:00:17Z,0.885,627698,Yes,2025-10-29T15:41:25Z,2025-10-08T18:35:28Z,27247.416592,0.23447,0.549999999999999,2025-10-29T10:45:00Z,13549277587.5,10,Financials,65537448,516042.8976377953,0.01990254545564,12h,43200,0.8119658119658121,2025-10-28T12:00:17Z,0.885,0.5,0.013224999999999,0.25,0.035356855869676,99668,ok,2025-10-28,2025-10-29,2025-10-28T20:00:00Z,2025-10-28,TRUE,TRUE,0.8-1.0,5
627736,IBM,ibm-quarterly-earnings-nongaap-eps-10-22-2025-2pt44,IBM,2025-10-22T20:08:00Z,2025-10-22T20:08:00Z,2025-10-22,after_close,2025-10-20,2025-10-22T17:40:07Z,0.85,627736,Yes,2025-10-22T23:49:21Z,2025-10-08T18:44:27Z,14891.286792,0.06822,0.20999999999999905,2025-10-22T20:08:00Z,265137641181.9,22,Information Technology,588158490,4631169.212598425,0.016733045583641,6h,21600,0.8,2025-10-22T17:40:07Z,0.85,0.5,0.0225,0.25,0.039999999999999,22154,ok,2025-10-22,2025-10-23,2025-10-22T20:00:00Z,2025-10-22,TRUE,TRUE,0.8-1.0,5
627739,AAL,aal-quarterly-earnings-nongaap-eps-10-23-2025-neg0pt28,AAL.N,2025-10-23T11:00:03Z,2025-10-23T11:00:03Z,2025-10-23,before_open,2025-10-21,2025-10-22T15:25:04Z,0.545,627739,Yes,2025-10-23T15:27:57Z,2025-10-08T19:01:04Z,12291.461271,0.0734,0.11,2025-10-23T11:00:03Z,8152068213.25,23,Industrials,195943840,1530811.25,0.029380284261639,1d,86400,0.771428571428571,2025-10-22T15:25:04Z,0.545,0.5,0.20702499999999904,0.25,0.052244897959183,86573,ok,2025-10-22,2025-10-23,2025-10-22T20:00:00Z,2025-10-22,TRUE,TRUE,0.4-0.6,3
627748,SAM,sam-quarterly-earnings-gaap-eps-10-23-2025-3pt61,SAM,2025-10-23T20:15:00Z,2025-10-23T20:15:00Z,2025-10-23,after_close,2025-10-22,2025-10-23T12:00:10Z,0.495,627748,Yes,2025-10-24T00:50:31Z,2025-10-08T19:07:45Z,4652.433418,0.6461100000000001,0.64,2025-10-23T20:15:00Z,2330665330.56,16,Consumer Staples,29016505,226691.4453125,0.021089834923081,12h,43200,0.7654320987654321,2025-10-23T12:00:10Z,0.495,0.5,0.255025,0.25,0.05502210028959,46221,ok,2025-10-23,2025-10-24,2025-10-23T20:00:00Z,2025-10-23,TRUE,TRUE,0.4-0.6,3
627749,VZ,vz-quarterly-earnings-gaap-eps-10-29-2025-1pt17,VZ,2025-10-29T10:30:00Z,2025-10-29T10:30:00Z,2025-10-29,before_open,2025-10-27,2025-10-28T12:00:20Z,0.795,627749,No,2025-10-29T21:16:35Z,2025-10-08T19:12:47Z,32741.897001,0.01104,0.04,2025-10-29T10:30:00Z,165410371933.47,24,Communication Services,2448177217,19276985.96062992,0.011859836945455,12h,43200,0.8119658119658121,2025-10-28T12:00:20Z,0.795,0.5,0.6320250000000001,0.25,0.6592884798013,119775,ok,2025-10-28,2025-10-29,2025-10-28T20:00:00Z,2025-10-28,TRUE,TRUE,0.6-0.8,4
627752,MMM,mmm-quarterly-earnings-nongaap-eps-10-21-2025-2pt07,MMM,2025-10-21T10:30:25Z,2025-10-21T10:30:25Z,2025-10-21,before_open,2025-10-19,2025-10-20T14:35:03Z,0.855,627752,Yes,2025-10-21T14:39:45Z,2025-10-08T19:18:31Z,10123.948917,0.04573000000000001,0.12,2025-10-21T10:30:25Z,81086191326.72,20,Industrials,401185768,3184014.0317460317,0.016406788614983,1d,86400,0.807692307692307,2025-10-20T14:35:03Z,0.855,0.5,0.021025,0.25,0.03698224852071,86682,ok,2025-10-20,2025-10-21,2025-10-20T20:00:00Z,2025-10-20,TRUE,TRUE,0.8-1.0,5
627753,LVS,lvs-quarterly-earnings-nongaap-eps-10-22-2025-0pt61,LVS,2025-10-22T20:05:00Z,2025-10-22T20:05:00Z,2025-10-22,after_close,2025-10-20,2025-10-22T17:45:07Z,0.48,627753,Yes,2025-10-22T23:49:29Z,2025-10-08T19:25:47Z,3108.927988,0.08725000000000001,0.17,2025-10-22T20:05:00Z,34137337826.38,19,Consumer Discretionary,680997635,5362186.102362204,0.02237982476559,6h,21600,0.8,2025-10-22T17:45:07Z,0.48,0.5,0.27040000000000003,0.25,0.039999999999999,21862,ok,2025-10-22,2025-10-23,2025-10-22T20:00:00Z,2025-10-22,TRUE,TRUE,0.4-0.6,3
637819,NTRS,ntrs-quarterly-earnings-gaap-eps-10-22-2025-2pt24,NTRS.N,2025-10-22T11:21:00Z,2025-10-22T11:21:00Z,2025-10-22,before_open,2025-10-21,2025-10-21T00:55:09Z,0.68,637819,Yes,2025-10-23T01:03:23Z,2025-10-16T21:00:03Z,6183.432195,0.06695000000000001,0.049999999999999,2025-10-22T11:21:00Z,24305364263.88,16,Financials,2712028,21187.71875,0.016765137355661,2d,172800,0.794117647058823,2025-10-21T00:55:09Z,0.68,0.5,0.102399999999999,0.25,0.042387543252595,173294,ok,2025-10-21,2025-10-22,2025-10-21T20:00:00Z,2025-10-21,TRUE,TRUE,0.6-0.8,4
637843,ORLY,orly-quarterly-earnings-gaap-eps-10-22-2025-0pt83,ORLY.N,2025-10-22T20:30:30Z,2025-10-22T20:30:30Z,2025-10-22,after_close,2025-10-21,2025-10-22T19:10:14Z,0.67,637843,Yes,2025-10-23T01:18:11Z,2025-10-16T21:47:45Z,4925.434388,0.01622,0.02,2025-10-22T20:30:30Z,85792585175.88,30,Consumer Discretionary,8295759,64810.6171875,0.012225937228591,6h,21600,0.794117647058823,2025-10-22T19:10:14Z,0.67,0.5,0.108899999999999,0.25,0.042387543252595,22077,ok,2025-10-22,2025-10-23,2025-10-22T20:00:00Z,2025-10-22,TRUE,TRUE,0.6-0.8,4
637846,OTIS,otis-quarterly-earnings-nongaap-eps-10-29-2025-1,OTIS.N,2025-10-29T10:09:41Z,2025-10-29T10:09:41Z,2025-10-29,before_open,2025-10-27,2025-10-28T15:15:12Z,0.76,637846,Yes,2025-10-29T15:19:49Z,2025-10-16T21:52:25Z,11065.558473,0.00839,0.05,2025-10-29T10:09:41Z,35873344084.55,15,Industrials,107829521,849051.3464566929,0.015557082190545,1d,86400,0.8103448275862061,2025-10-28T15:15:12Z,0.76,0.5,0.0576,0.25,0.035969084423305,86677,ok,2025-10-28,2025-10-29,2025-10-28T20:00:00Z,2025-10-28,TRUE,TRUE,0.6-0.8,4
637847,RJF,rjf-quarterly-earnings-nongaap-eps-10-22-2025-2pt83,RJF,2025-10-22T20:36:53Z,2025-10-22T20:36:53Z,2025-10-22,after_close,2025-10-21,2025-10-22T18:25:09Z,0.415,637847,Yes,2025-10-23T00:30:13Z,2025-10-16T21:56:23Z,4328.296563,0.17077,0.279999999999999,2025-10-22T20:36:53Z,32835075000,15,Financials,140874744,1100583.9375,0.01389170131256,6h,21600,0.794117647058823,2025-10-22T18:25:09Z,0.415,0.5,0.342224999999999,0.25,0.042387543252595,21904,ok,2025-10-22,2025-10-23,2025-10-22T20:00:00Z,2025-10-22,TRUE,TRUE,0.4-0.6,3
637848,SEIC,seic-quarterly-earnings-gaap-eps-10-22-2025-1pt26,SEIC.N,2025-10-22T20:01:00Z,2025-10-22T20:01:00Z,2025-10-22,after_close,2025-10-21,2025-10-22T17:35:10Z,0.77,637848,Yes,2025-10-23T05:40:05Z,2025-10-16T21:59:03Z,5879.68382,0.03354,0.03,2025-10-22T20:01:00Z,10097578142.7,7,Financials,2080598,16254.671875,0.013201661517902,12h,43200,0.771428571428571,2025-10-22T17:35:10Z,0.77,0.5,0.052899999999999,0.25,0.052244897959183,43495,ok,2025-10-22,2025-10-23,2025-10-22T20:00:00Z,2025-10-22,TRUE,TRUE,0.6-0.8,4
637859,WDFC,wdfc-quarterly-earnings-gaap-eps-10-22-2025-1pt26,WDFC.N,2025-10-22T20:05:00Z,2025-10-22T20:05:00Z,2025-10-22,after_close,2025-10-21,2025-10-22T18:05:06Z,0.78,637859,Yes,2025-10-23T00:06:49Z,2025-10-16T22:01:25Z,4096.275739,0.0835,0.02,2025-10-22T20:05:00Z,2686357474.3,3,Consumer Staples,230752,1802.75,0.012816097901835,6h,21600,0.791044776119402,2025-10-22T18:05:06Z,0.78,0.5,0.048399999999999,0.25,0.04366228558699,21703,ok,2025-10-22,2025-10-23,2025-10-22T20:00:00Z,2025-10-22,TRUE,TRUE,0.6-0.8,4
637863,LUV,luv-quarterly-earnings-nongaap-eps-10-22-2025-neg0pt04,LUV,2025-10-22T20:23:03Z,2025-10-22T20:23:03Z,2025-10-22,after_close,2025-10-21,2025-10-22T18:00:25Z,0.4,637863,Yes,2025-10-23T00:07:07Z,2025-10-16T22:30:35Z,11231.707235,0.06199,0.15,2025-10-22T20:23:03Z,18213509748.12,23,Industrials,1369373409,10698229.7578125,0.022671116592158,6h,21600,0.791044776119402,2025-10-22T18:00:25Z,0.4,0.5,0.36,0.25,0.04366228558699,22002,ok,2025-10-22,2025-10-23,2025-10-22T20:00:00Z,2025-10-22,TRUE,TRUE,0.4-0.6,3
637865,BX,bx-quarterly-earnings-gaap-eps-10-23-2025-1pt23,BX,2025-10-23T12:30:00Z,2025-10-23T12:30:00Z,2025-10-23,before_open,2025-10-21,2025-10-22T16:20:09Z,0.635,637865,No,2025-10-23T16:26:29Z,2025-10-16T22:30:35Z,32735.410703,0.02721,0.29000000000000004,2025-10-23T12:30:00Z,192971414779.38,22,Financials,482231998,3767437.484375,0.01950754122209,1d,86400,0.7638888888888881,2025-10-22T16:20:09Z,0.635,0.5,0.403225,0.25,0.5835262345679011,86780,ok,2025-10-22,2025-10-23,2025-10-22T20:00:00Z,2025-10-22,TRUE,TRUE,0.6-0.8,4
637868,CBRE,cbre-quarterly-earnings-gaap-eps-10-23-2025-1pt27,CBRE.N,2025-10-23T10:55:00Z,2025-10-23T10:55:00Z,2025-10-23,before_open,2025-10-21,2025-10-22T15:10:18Z,0.48,637868,No,2025-10-23T15:12:45Z,2025-10-16T22:30:39Z,24962.998476,0.02379,0.34,2025-10-23T10:55:00Z,47876761357.36,13,Real Estate,61583234,481119.015625,0.015841763873642,1d,86400,0.771428571428571,2025-10-22T15:10:18Z,0.48,0.5,0.2304,0.25,0.595102040816326,86547,ok,2025-10-22,2025-10-23,2025-10-22T20:00:00Z,2025-10-22,TRUE,TRUE,0.4-0.6,3
637869,COUR,cour-quarterly-earnings-nongaap-eps-10-23-2025-0pt08,COUR.N,2025-10-23T20:10:00Z,2025-10-23T20:10:00Z,2025-10-23,after_close,2025-10-21,2025-10-23T16:40:05Z,0.49,637869,Yes,2025-10-23T22:48:03Z,2025-10-16T22:30:45Z,49939.083025,0.00811,0.02,2025-10-23T20:10:00Z,1756501000,14,Consumer Discretionary,109612488,856347.5625,0.039505842836696,6h,21600,0.7702702702702701,2025-10-23T16:40:05Z,0.49,0.5,0.2601,0.25,0.05277574872169401,22078,ok,2025-10-23,2025-10-24,2025-10-23T20:00:00Z,2025-10-23,TRUE,TRUE,0.4-0.6,3
637870,DOW,dow-quarterly-earnings-nongaap-eps-10-23-2025-neg0pt3,DOW,2025-10-23T10:00:22Z,2025-10-23T10:00:22Z,2025-10-23,before_open,2025-10-21,2025-10-22T15:30:10Z,0.52,637870,Yes,2025-10-23T15:39:01Z,2025-10-16T22:30:49Z,3608.299427,0.06174,0.10999999999999902,2025-10-23T10:00:22Z,15459190776,22,Materials,1648735099,12880742.9609375,0.030441794744445,1d,86400,0.771428571428571,2025-10-22T15:30:10Z,0.52,0.5,0.2304,0.25,0.052244897959183,86931,ok,2025-10-22,2025-10-23,2025-10-22T20:00:00Z,2025-10-22,TRUE,TRUE,0.4-0.6,3
637871,F,f-quarterly-earnings-nongaap-eps-10-24-2025-0pt35,F,2025-10-23T20:05:00Z,2025-10-23T20:05:00Z,2025-10-23,after_close,2025-10-22,2025-10-23T19:45:06Z,0.7000000000000001,637871,Yes,2025-10-24T19:48:28Z,2025-10-16T22:30:55Z,19513.213928,0.04459,0.1,2025-10-23T20:05:00Z,49527317175.38,26,Consumer Discretionary,10899877024,85155289.25,0.016359965465936,1d,86400,0.768421052631578,2025-10-23T19:45:06Z,0.7000000000000001,0.5,0.09000000000000001,0.25,0.05362880886426501,86602,ok,2025-10-23,2025-10-24,2025-10-23T20:00:00Z,2025-10-23,TRUE,TRUE,0.6-0.8,4
637875,HOG,hog-quarterly-earnings-gaap-eps-11-4-2025-1pt7,HOG,2025-11-04T12:00:06Z,2025-11-04T12:00:06Z,2025-11-04,before_open,2025-11-02,2025-11-03T12:00:20Z,0.255,637875,Yes,2025-11-04T14:40:09Z,2025-10-16T22:36:25Z,39369.678507,0.34654,1.4,2025-11-04T12:00:06Z,3187467463.74,16,Consumer Discretionary,225683504,1791138.9206349207,0.025909029269867,1d,86400,0.7869822485207101,2025-11-03T12:00:20Z,0.255,0.5,0.555025,0.25,0.04537656244529201,95989,ok,2025-11-03,2025-11-04,2025-11-03T21:00:00Z,2025-11-03,TRUE,TRUE,0.2-0.4,2
637876,HAS,has-quarterly-earnings-nongaap-eps-10-23-2025-1pt63,HAS.N,2025-10-23T12:30:00Z,2025-10-23T12:30:00Z,2025-10-23,before_open,2025-10-21,2025-10-22T15:20:06Z,0.685,637876,Yes,2025-10-23T15:24:51Z,2025-10-16T22:38:05Z,11557.641372,0.14182,0.05,2025-10-23T12:30:00Z,10493600968.2,14,Consumer Discretionary,3264367,25502.8671875,0.019564114068569,1d,86400,0.771428571428571,2025-10-22T15:20:06Z,0.685,0.5,0.099224999999999,0.25,0.052244897959183,86685,ok,2025-10-22,2025-10-23,2025-10-22T20:00:00Z,2025-10-22,TRUE,TRUE,0.6-0.8,4
637877,HON,hon-quarterly-earnings-nongaap-eps-10-23-2025-2pt57,HON.N,2025-10-23T10:00:01Z,2025-10-23T10:00:01Z,2025-10-23,before_open,2025-10-21,2025-10-22T15:20:18Z,0.73,637877,Yes,2025-10-23T15:20:47Z,2025-10-16T22:40:07Z,9806.787639,0.01768,0.25,2025-10-23T10:00:01Z,132742217448.64,26,Industrials,5643871,44092.7421875,0.013026006937293,1d,86400,0.771428571428571,2025-10-22T15:20:18Z,0.73,0.5,0.0729,0.25,0.052244897959183,86429,ok,2025-10-22,2025-10-23,2025-10-22T20:00:00Z,2025-10-22,TRUE,TRUE,0.6-0.8,4
637878,INTC,intc-quarterly-earnings-nongaap-eps-10-23-2025-0,INTC.N,2025-10-23T20:01:00Z,2025-10-23T20:01:00Z,2025-10-23,after_close,2025-10-21,2025-10-23T16:30:18Z,0.62,637878,Yes,2025-10-23T22:37:09Z,2025-10-16T22:42:25Z,19629.633897,0.02,0.23,2025-10-23T20:01:00Z,181679920000,43,Information Technology,158865950,1241140.234375,0.035896697599541,6h,21600,0.7702702702702701,2025-10-23T16:30:18Z,0.62,0.5,0.1444,0.25,0.05277574872169401,22011,ok,2025-10-23,2025-10-24,2025-10-23T20:00:00Z,2025-10-23,TRUE,TRUE,0.6-0.8,4
637879,PCG,pcg-quarterly-earnings-nongaap-eps-10-23-2025-0pt41,PCG,2025-10-23T10:00:00Z,2025-10-23T10:00:00Z,2025-10-23,before_open,2025-10-21,2025-10-22T16:05:14Z,0.585,637879,Yes,2025-10-23T16:09:21Z,2025-10-16T22:44:27Z,7815.204372,0.02925,0.09000000000000001,2025-10-23T10:00:00Z,36814999618.75,17,Utilities,3091645578,24153481.078125,0.01923897062756,1d,86400,0.7638888888888881,2025-10-22T16:05:14Z,0.585,0.5,0.17222500000000002,0.25,0.055748456790123,86647,ok,2025-10-22,2025-10-23,2025-10-22T20:00:00Z,2025-10-22,TRUE,TRUE,0.4-0.6,3
637883,SSNC,ssnc-quarterly-earnings-nongaap-eps-10-23-2025-1pt47,SSNC.N,2025-10-23T20:05:00Z,2025-10-23T20:05:00Z,2025-10-23,after_close,2025-10-21,2025-10-23T16:50:04Z,0.635,637883,Yes,2025-10-23T22:52:13Z,2025-10-16T22:48:27Z,17599.083556,0.0092,0.1,2025-10-23T20:05:00Z,20148202882.5,11,Industrials,1927675,15059.9609375,0.01267034725166,6h,21600,0.7702702702702701,2025-10-23T16:50:04Z,0.635,0.5,0.133224999999999,0.25,0.05277574872169401,21729,ok,2025-10-23,2025-10-24,2025-10-23T20:00:00Z,2025-10-23,TRUE,TRUE,0.6-0.8,4
637884,TMUS,tmus-quarterly-earnings-gaap-eps-10-23-2025-2pt4,TMUS.N,2025-10-23T12:30:00Z,2025-10-23T12:30:00Z,2025-10-23,before_open,2025-10-21,2025-10-22T15:20:12Z,0.735,637884,Yes,2025-10-23T15:22:47Z,2025-10-16T22:51:03Z,22591.915618,0.12142,0.189999999999999,2025-10-23T12:30:00Z,256227497884.08,28,Communication Services,9008052,70375.40625,0.017166582066744,1d,86400,0.771428571428571,2025-10-22T15:20:12Z,0.735,0.5,0.07022500000000001,0.25,0.052244897959183,86555,ok,2025-10-22,2025-10-23,2025-10-22T20:00:00Z,2025-10-22,TRUE,TRUE,0.6-0.8,4
637885,TSCO,tsco-quarterly-earnings-gaap-eps-10-23-2025-0pt48,TSCO.N,2025-10-23T10:55:00Z,2025-10-23T10:55:00Z,2025-10-23,before_open,2025-10-22,2025-10-22T00:10:06Z,0.605,637885,Yes,2025-10-24T00:14:27Z,2025-10-16T22:52:43Z,3591.96574,0.01049,0.01,2025-10-23T10:55:00Z,29057250011.27,32,Consumer Discretionary,10244626,80036.140625,0.014715334246804,2d,172800,0.7721518987341771,2025-10-22T00:10:06Z,0.605,0.5,0.15602500000000002,0.25,0.05191475725044,173061,ok,2025-10-22,2025-10-23,2025-10-22T20:00:00Z,2025-10-22,TRUE,TRUE,0.6-0.8,4
637886,UNP,unp-quarterly-earnings-gaap-eps-10-23-2025-2pt98,UNP,2025-10-23T11:45:00Z,2025-10-23T11:45:00Z,2025-10-23,before_open,2025-10-21,2025-10-22T15:15:12Z,0.585,637886,Yes,2025-10-23T15:16:43Z,2025-10-16T22:54:43Z,8786.672867,0.03706,0.1,2025-10-23T11:45:00Z,134374667794.06,28,Industrials,499213728,3900107.25,0.012525071735865,1d,86400,0.771428571428571,2025-10-22T15:15:12Z,0.585,0.5,0.17222500000000002,0.25,0.052244897959183,86491,ok,2025-10-22,2025-10-23,2025-10-22T20:00:00Z,2025-10-22,TRUE,TRUE,0.4-0.6,3
642123,PG,pg-quarterly-earnings-nongaap-eps-10-24-2025-1pt9,PG,2025-10-24T11:00:00Z,2025-10-24T11:00:00Z,2025-10-24,before_open,2025-10-22,2025-10-23T16:55:07Z,0.7000000000000001,642123,Yes,2025-10-24T16:59:42Z,2025-10-21T00:26:02Z,16195.371783,0.01865,0.09000000000000001,2025-10-24T11:00:00Z,355650846157.8,24,Consumer Staples,995835583,7779965.4921875,0.01002867745836,1d,86400,0.768421052631578,2025-10-23T16:55:07Z,0.7000000000000001,0.5,0.09000000000000001,0.25,0.05362880886426501,86675,ok,2025-10-23,2025-10-24,2025-10-23T20:00:00Z,2025-10-23,TRUE,TRUE,0.6-0.8,4
642124,TDOC,tdoc-quarterly-earnings-gaap-eps-10-29-2025-neg0pt26,TDOC.N,2025-10-29T20:05:04Z,2025-10-29T20:05:04Z,2025-10-29,after_close,2025-10-28,2025-10-29T18:30:09Z,0.47,642124,No,2025-10-30T00:30:41Z,2025-10-21T00:30:04Z,12325.717658,0.04726,-0.02,2025-10-29T20:05:04Z,1482642990.4,26,Health Care,194498420,1519518.90625,0.037330656095091,6h,21600,0.8032786885245901,2025-10-29T18:30:09Z,0.47,0.5,0.220899999999999,0.25,0.6452566514377851,21632,ok,2025-10-29,2025-10-30,2025-10-29T20:00:00Z,2025-10-29,TRUE,TRUE,0.4-0.6,3
642125,PIPR,pipr-quarterly-earnings-nongaap-eps-10-28-2025-3pt27,PIPR.N,2025-10-31T12:30:00Z,2025-10-31T12:30:00Z,2025-10-31,before_open,2025-10-29,2025-10-30T15:25:04Z,0.655,642125,Yes,2025-10-31T15:25:08Z,2025-10-21T00:32:02Z,12129.688746,0.22142,0.549999999999999,2025-10-31T12:30:00Z,5773176876.92,4,Financials,5985402,46760.953125,0.019226813861267,1d,86400,0.7763157894736841,2025-10-30T15:25:04Z,0.655,0.5,0.119024999999999,0.25,0.050034626038781,86404,ok,2025-10-30,2025-10-31,2025-10-30T20:00:00Z,2025-10-30,TRUE,TRUE,0.6-0.8,4
642128,RCL,rcl-quarterly-earnings-nongaap-eps-10-28-2025-5pt68,RCL,2025-10-28T10:32:00Z,2025-10-28T10:32:00Z,2025-10-28,before_open,2025-10-26,2025-10-27T14:15:16Z,0.78,642128,Yes,2025-10-28T14:19:15Z,2025-10-21T00:33:22Z,15125.376087,0.0474,0.07,2025-10-28T10:32:00Z,86300019989.4,28,Consumer Discretionary,264287535,2097520.119047619,0.020135340760652,1d,86400,0.7924528301886791,2025-10-27T14:15:16Z,0.78,0.5,0.048399999999999,0.25,0.043075827696689,86639,ok,2025-10-27,2025-10-28,2025-10-27T20:00:00Z,2025-10-27,TRUE,TRUE,0.6-0.8,4
642129,GTM,gtm-quarterly-earnings-nongaap-eps-11-03-2025-0pt26,GTM.N,2025-11-03T21:05:00Z,2025-11-03T21:05:00Z,2025-11-03,after_close,2025-11-01,2025-11-03T17:35:07Z,0.905,642129,Yes,2025-11-03T23:38:37Z,2025-10-21T00:35:22Z,8451.704302,0.00593,0.02,2025-11-03T21:05:00Z,3496068231.48,21,Communication Services,11411967,89858.00787401575,0.028851127204896,6h,21600,0.7869822485207101,2025-11-03T17:35:07Z,0.905,0.5,0.009024999999999,0.25,0.04537656244529201,21810,ok,2025-11-03,2025-11-04,2025-11-03T21:00:00Z,2025-11-03,TRUE,TRUE,0.8-1.0,5
642130,GOOGL,googl-quarterly-earnings-gaap-eps-10-29-2025-2pt29,GOOGL.N,2025-10-29T20:00:00Z,2025-10-29T20:00:00Z,2025-10-29,after_close,2025-10-27,2025-10-29T16:30:09Z,0.8150000000000001,642130,Yes,2025-10-29T22:35:11Z,2025-10-21T00:37:24Z,140820.696219,0.07799,0.81,2025-10-29T20:00:00Z,3252849710000,69,Communication Services,65822852,518290.17322834645,0.017815192080589,6h,21600,0.8119658119658121,2025-10-29T16:30:09Z,0.8150000000000001,0.5,0.034225,0.25,0.035356855869676,21902,ok,2025-10-29,2025-10-30,2025-10-29T20:00:00Z,2025-10-29,TRUE,TRUE,0.8-1.0,5
642131,AMZN,amzn-quarterly-earnings-gaap-eps-10-30-2025-1pt56,AMZN.N,2025-10-30T20:01:00Z,2025-10-30T20:01:00Z,2025-10-30,after_close,2025-10-28,2025-10-30T16:35:08Z,0.86,642131,Yes,2025-10-30T22:43:55Z,2025-10-21T00:38:44Z,63823.611551,0.1347,0.389999999999999,2025-10-30T20:01:00Z,2450732020521.75,69,Consumer Discretionary,51786008,404578.1875,0.017939833188902,6h,21600,0.8,2025-10-30T16:35:08Z,0.86,0.5,0.0196,0.25,0.039999999999999,22127,ok,2025-10-30,2025-10-31,2025-10-30T20:00:00Z,2025-10-30,TRUE,TRUE,0.8-1.0,5
642132,GD,gd-quarterly-earnings-gaap-eps-10-24-2025-3pt71,GD,2025-10-24T11:00:00Z,2025-10-24T11:00:00Z,2025-10-24,before_open,2025-10-22,2025-10-23T16:55:05Z,0.77,642132,Yes,2025-10-24T16:55:52Z,2025-10-21T00:40:44Z,7345.268374,0.08582000000000001,0.169999999999999,2025-10-24T11:00:00Z,91365538302.08,23,Industrials,143451389,1120713.9765625,0.010855899862994,1d,86400,0.768421052631578,2025-10-23T16:55:05Z,0.77,0.5,0.052899999999999,0.25,0.05362880886426501,86447,ok,2025-10-23,2025-10-24,2025-10-23T20:00:00Z,2025-10-23,TRUE,TRUE,0.6-0.8,4
642133,IMAX,imax-quarterly-earnings-nongaap-eps-10-23-2025-0pt39,IMAX.N,2025-10-23T11:30:00Z,2025-10-23T11:30:00Z,2025-10-23,before_open,2025-10-21,2025-10-22T15:25:04Z,0.655,642133,Yes,2025-10-23T15:27:59Z,2025-10-21T00:42:24Z,6826.753997,0.05826,0.079999999999999,2025-10-23T11:30:00Z,1724255834.7,11,Communication Services,37840124,295625.96875,0.017839063135424,1d,86400,0.771428571428571,2025-10-22T15:25:04Z,0.655,0.5,0.119024999999999,0.25,0.052244897959183,86575,ok,2025-10-22,2025-10-23,2025-10-22T20:00:00Z,2025-10-22,TRUE,TRUE,0.6-0.8,4
642137,BBBY,bbby-quarterly-earnings-nongaap-eps-10-27-2025-neg0pt31,BBBY.N,2025-10-27T20:01:00Z,2025-10-27T20:01:00Z,2025-10-27,after_close,2025-10-25,2025-10-27T16:55:06Z,0.56,642137,Yes,2025-10-27T23:00:15Z,2025-10-21T01:00:02Z,36386.406622,0.11573,0.12,2025-10-27T20:01:00Z,590006577.75,7,Consumer Discretionary,77181777,607730.5275590551,0.058079941915804,6h,21600,0.7924528301886791,2025-10-27T16:55:06Z,0.56,0.5,0.19359999999999905,0.25,0.043075827696689,21909,ok,2025-10-27,2025-10-28,2025-10-27T20:00:00Z,2025-10-27,TRUE,TRUE,0.4-0.6,3
642138,BGC,bgc-quarterly-earnings-nongaap-eps-11-06-2025-0pt28,BGC.N,2025-11-06T13:00:01Z,2025-11-06T13:00:01Z,2025-11-06,before_open,2025-11-04,2025-11-05T12:00:08Z,0.25,642138,Yes,2025-11-06T15:56:35Z,2025-10-21T00:57:30Z,18429.708293,0,0.009999999999999,2025-11-06T13:00:01Z,4378338179.16,2,Financials,7857029,61383.0390625,0.017557432777191,1d,86400,0.764705882352941,2025-11-05T12:00:08Z,0.25,0.5,0.5625,0.25,0.055363321799307,100587,ok,2025-11-05,2025-11-06,2025-11-05T21:00:00Z,2025-11-05,TRUE,TRUE,0.2-0.4,2
642139,BKNG,bkng-quarterly-earnings-nongaap-eps-10-28-2025-95pt61,BKNG.N,2025-10-28T20:00:00Z,2025-10-28T20:00:00Z,2025-10-28,after_close,2025-10-26,2025-10-28T16:35:07Z,0.895,642139,Yes,2025-10-28T22:39:47Z,2025-10-21T00:58:22Z,10947.369477,2.76375,3.89,2025-10-28T20:00:00Z,165880369400.4,37,Consumer Discretionary,349461,2773.5,0.016101008031745,6h,21600,0.7924528301886791,2025-10-28T16:35:07Z,0.895,0.5,0.011024999999999,0.25,0.043075827696689,21880,ok,2025-10-28,2025-10-29,2025-10-28T20:00:00Z,2025-10-28,TRUE,TRUE,0.8-1.0,5
643016,CSGP,csgp-quarterly-earnings-gaap-eps-10-28-2025-0pt01,CSGP.N,2025-10-28T20:02:00Z,2025-10-28T20:02:00Z,2025-10-28,after_close,2025-10-26,2025-10-28T16:50:18Z,0.73,643016,No,2025-10-28T22:51:43Z,2025-10-21T21:44:29Z,21840.954153,0.01517,0.22,2025-10-28T20:02:00Z,32998126696.18,20,Real Estate,4816545,38226.54761904762,0.018510260320377,6h,21600,0.7924528301886791,2025-10-28T16:50:18Z,0.73,0.5,0.532899999999999,0.25,0.6279814880740471,21685,ok,2025-10-28,2025-10-29,2025-10-28T20:00:00Z,2025-10-28,TRUE,TRUE,0.6-0.8,4
643017,EA,ea-quarterly-earnings-gaap-eps-10-28-2025-0pt35,EA.N,2025-10-28T20:05:00Z,2025-10-28T20:05:00Z,2025-10-28,after_close,2025-10-26,2025-10-28T17:10:17Z,0.8150000000000001,643017,Yes,2025-10-28T23:10:49Z,2025-10-21T21:44:33Z,34490.077012,0.06686,0.86,2025-10-28T20:05:00Z,50078225260.88,28,Communication Services,5416898,42991.25396825397,0.019301355389233,6h,21600,0.7962962962962961,2025-10-28T17:10:17Z,0.8150000000000001,0.5,0.034225,0.25,0.041495198902606,21632,ok,2025-10-28,2025-10-29,2025-10-28T20:00:00Z,2025-10-28,TRUE,TRUE,0.8-1.0,5
643018,IART,iart-quarterly-earnings-nongaap-eps-11-03-2025-0pt43,IART.N,2025-10-30T10:00:02Z,2025-10-30T10:00:02Z,2025-10-30,before_open,2025-10-29,2025-10-29T00:00:18Z,0.68,643018,Yes,2025-10-31T00:05:19Z,2025-10-21T21:44:41Z,4075.731249,0.00865,0.11,2025-10-30T10:00:02Z,1201875272.73,12,Health Care,1984558,15504.359375,0.041431450360902,2d,172800,0.7971014492753621,2025-10-29T00:00:18Z,0.68,0.5,0.102399999999999,0.25,0.041167821886158,173101,ok,2025-10-29,2025-10-30,2025-10-29T20:00:00Z,2025-10-29,TRUE,TRUE,0.6-0.8,4
643019,IVZ,ivz-quarterly-earnings-nongaap-eps-10-28-2025-0pt44,IVZ,2025-10-28T10:55:00Z,2025-10-28T10:55:00Z,2025-10-28,before_open,2025-10-26,2025-10-27T14:40:10Z,0.6950000000000001,643019,Yes,2025-10-28T14:42:59Z,2025-10-21T21:46:31Z,4074.578142,0.03464,0.169999999999999,2025-10-28T10:55:00Z,10237136700,14,Financials,671720013,5331111.214285715,0.020827489413701,1d,86400,0.7924528301886791,2025-10-27T14:40:10Z,0.6950000000000001,0.5,0.093025,0.25,0.043075827696689,86569,ok,2025-10-27,2025-10-28,2025-10-27T20:00:00Z,2025-10-27,TRUE,TRUE,0.6-0.8,4
643023,LH,lh-quarterly-earnings-nongaap-eps-10-28-2025-4pt14,LH,2025-10-28T10:50:00Z,2025-10-28T10:50:00Z,2025-10-28,before_open,2025-10-26,2025-10-27T15:10:18Z,0.84,643023,Yes,2025-10-28T15:15:07Z,2025-10-21T21:58:11Z,7275.324406,0.07181000000000001,0.04,2025-10-28T10:50:00Z,23197670000,22,Health Care,82294596,653131.7142857143,0.013881939366242,1d,86400,0.7924528301886791,2025-10-27T15:10:18Z,0.84,0.5,0.0256,0.25,0.043075827696689,86689,ok,2025-10-27,2025-10-28,2025-10-27T20:00:00Z,2025-10-27,TRUE,TRUE,0.8-1.0,5
643033,MSCI,msci-quarterly-earnings-nongaap-eps-10-28-2025-4pt37,MSCI.N,2025-10-28T10:45:00Z,2025-10-28T10:45:00Z,2025-10-28,before_open,2025-10-26,2025-10-27T14:45:05Z,0.865,643033,Yes,2025-10-28T14:49:03Z,2025-10-21T22:02:05Z,11037.709062,0.05562,0.099999999999999,2025-10-28T10:45:00Z,40747420604.31,20,Financials,20511526,162789.88888888888,0.015676671289257,1d,86400,0.7924528301886791,2025-10-27T14:45:05Z,0.865,0.5,0.01822499999999999,0.25,0.043075827696689,86638,ok,2025-10-27,2025-10-28,2025-10-27T20:00:00Z,2025-10-27,TRUE,TRUE,0.8-1.0,5
643036,PYPL,pypl-quarterly-earnings-nongaap-eps-10-28-2025-1pt21,PYPL.N,2025-10-28T11:01:22Z,2025-10-28T11:01:22Z,2025-10-28,before_open,2025-10-26,2025-10-27T14:10:07Z,0.8200000000000001,643036,Yes,2025-10-28T14:13:05Z,2025-10-21T22:03:13Z,32025.079283,0.02,0.13,2025-10-28T11:01:22Z,65280436760.81,43,Financials,31974186,253763.38095238095,0.02104158181074,1d,86400,0.7924528301886791,2025-10-27T14:10:07Z,0.8200000000000001,0.5,0.0324,0.25,0.043075827696689,86578,ok,2025-10-27,2025-10-28,2025-10-27T20:00:00Z,2025-10-27,TRUE,TRUE,0.8-1.0,5
643037,SSTK,sstk-quarterly-earnings-nongaap-eps-11-04-2025-1pt15,SSTK.N,2025-11-05T12:30:00Z,2025-11-05T12:30:00Z,2025-11-05,before_open,2025-11-03,2025-11-04T15:50:06Z,0.73,643037,No,2025-11-05T15:51:33Z,2025-10-21T22:07:31Z,7956.232878,NA,-0.159999999999999,2025-11-05T12:30:00Z,803308945.92,4,Communication Services,10463386,82388.86614173229,0.033277735967299,1d,86400,0.783068783068783,2025-11-04T15:50:06Z,0.73,0.5,0.532899999999999,0.25,0.613196719016824,86487,ok,2025-11-04,2025-11-05,2025-11-04T21:00:00Z,2025-11-04,TRUE,TRUE,0.6-0.8,4
643038,SOFI,sofi-quarterly-earnings-gaap-eps-10-28-2025-0pt08,SOFI.N,2025-10-28T11:00:01Z,2025-10-28T11:00:01Z,2025-10-28,before_open,2025-10-26,2025-10-27T14:25:09Z,0.882,643038,Yes,2025-10-28T14:27:29Z,2025-10-21T22:09:13Z,72258.901883,0.00803,0.03,2025-10-28T11:00:01Z,34944565691.55,25,Financials,147669560,1171980.634920635,0.031181577957643,1d,86400,0.7924528301886791,2025-10-27T14:25:09Z,0.882,0.5,0.013923999999999,0.25,0.043075827696689,86540,ok,2025-10-27,2025-10-28,2025-10-27T20:00:00Z,2025-10-27,TRUE,TRUE,0.8-1.0,5
643045,SBUX,sbux-quarterly-earnings-gaap-eps-10-29-2025-0pt51,SBUX.N,2025-10-29T20:05:00Z,2025-10-29T20:05:00Z,2025-10-29,after_close,2025-10-28,2025-10-29T18:30:10Z,0.265,643045,No,2025-10-30T00:35:27Z,2025-10-21T22:11:33Z,24103.566097,0.06137000000000001,0.01,2025-10-29T20:05:00Z,97125367000,39,Consumer Discretionary,16307416,127401.6875,0.018646690312589,6h,21600,0.8032786885245901,2025-10-29T18:30:10Z,0.265,0.5,0.07022500000000001,0.25,0.6452566514377851,21917,ok,2025-10-29,2025-10-30,2025-10-29T20:00:00Z,2025-10-29,TRUE,TRUE,0.2-0.4,2
643046,SYY,syy-quarterly-earnings-nongaap-eps-10-28-2025-1pt12,SYY,2025-10-28T12:03:00Z,2025-10-28T12:03:00Z,2025-10-28,before_open,2025-10-26,2025-10-27T15:20:04Z,0.77,643046,Yes,2025-10-28T15:22:53Z,2025-10-21T22:13:11Z,41004.601021,0.01242,0.029999999999999,2025-10-28T12:03:00Z,37039902681.6,20,Consumer Staples,371462805,2948117.5,0.011197957288612,1d,86400,0.7924528301886791,2025-10-27T15:20:04Z,0.77,0.5,0.052899999999999,0.25,0.043075827696689,86569,ok,2025-10-27,2025-10-28,2025-10-27T20:00:00Z,2025-10-27,TRUE,TRUE,0.6-0.8,4
643047,UBER,uber-quarterly-earnings-gaap-eps-11-04-2025-0pt69,UBER.N,2025-11-04T11:55:00Z,2025-11-04T11:55:00Z,2025-11-04,before_open,2025-11-02,2025-11-03T15:45:04Z,0.855,643047,Yes,2025-11-04T15:47:21Z,2025-10-21T22:15:13Z,32246.558102,0.08035,2.42,2025-11-04T11:55:00Z,200510631766.5,54,Industrials,446270672,3541830.73015873,0.019217868585818,1d,86400,0.7869822485207101,2025-11-03T15:45:04Z,0.855,0.5,0.021025,0.25,0.04537656244529201,86537,ok,2025-11-03,2025-11-04,2025-11-03T21:00:00Z,2025-11-03,TRUE,TRUE,0.8-1.0,5
643048,UPS,ups-quarterly-earnings-nongaap-eps-10-28-2025-1pt31,UPS,2025-10-28T10:00:00Z,2025-10-28T10:00:00Z,2025-10-28,before_open,2025-10-26,2025-10-27T14:20:07Z,0.73,643048,Yes,2025-10-28T14:23:25Z,2025-10-21T22:17:31Z,14144.458263,0.06411,0.42999999999999905,2025-10-28T10:00:00Z,73996191944.78,31,Industrials,873659190,6933803.095238095,0.017371049055784,1d,86400,0.7924528301886791,2025-10-27T14:20:07Z,0.73,0.5,0.0729,0.25,0.043075827696689,86598,ok,2025-10-27,2025-10-28,2025-10-27T20:00:00Z,2025-10-27,TRUE,TRUE,0.6-0.8,4
643051,UNH,unh-quarterly-earnings-nongaap-eps-10-28-2025-2pt84,UNH,2025-10-28T09:55:00Z,2025-10-28T09:55:00Z,2025-10-28,before_open,2025-10-26,2025-10-27T14:30:20Z,0.73,643051,Yes,2025-10-28T14:32:17Z,2025-10-21T22:19:33Z,21086.957054,0.26999,0.08,2025-10-28T09:55:00Z,328366499750,29,Health Care,2087110888,16564372.126984129,0.032541707687999,1d,86400,0.7924528301886791,2025-10-27T14:30:20Z,0.73,0.5,0.0729,0.25,0.043075827696689,86517,ok,2025-10-27,2025-10-28,2025-10-27T20:00:00Z,2025-10-27,TRUE,TRUE,0.6-0.8,4
643053,PAG,pag-quarterly-earnings-gaap-eps-10-29-2025-3pt38,PAG,2025-10-29T10:57:00Z,2025-10-29T10:57:00Z,2025-10-29,before_open,2025-10-27,2025-10-28T15:00:14Z,0.785,643053,No,2025-10-29T15:03:27Z,2025-10-21T22:45:30Z,11507.631941,0.14567000000000002,-0.14999999999999902,2025-10-29T10:57:00Z,10937129730.64,10,Consumer Discretionary,30060314,236695.38582677164,0.015870694795651,1d,86400,0.808695652173913,2025-10-28T15:00:14Z,0.785,0.5,0.616225,0.25,0.65398865784499,86593,ok,2025-10-28,2025-10-29,2025-10-28T20:00:00Z,2025-10-28,TRUE,TRUE,0.6-0.8,4
643054,MSFT,msft-quarterly-earnings-gaap-eps-10-29-2025-3pt66,MSFT.N,2025-10-29T20:00:00Z,2025-10-29T20:00:00Z,2025-10-29,after_close,2025-10-27,2025-10-29T16:20:08Z,0.9495,643054,Yes,2025-10-29T22:22:25Z,2025-10-21T22:45:50Z,46480.381425,0.04963000000000001,0.46999999999999903,2025-10-29T20:00:00Z,3950457371185.6,59,Information Technology,26820954,211188.61417322836,0.011647014084109,6h,21600,0.8119658119658121,2025-10-29T16:20:08Z,0.9495,0.5,0.002550249999999,0.25,0.035356855869676,21737,ok,2025-10-29,2025-10-30,2025-10-29T20:00:00Z,2025-10-29,TRUE,TRUE,0.8-1.0,5
647504,ALL,all-quarterly-earnings-nongaap-eps-11-05-2025-7pt51,ALL,2025-11-05T21:15:00Z,2025-11-05T21:15:00Z,2025-11-05,after_close,2025-11-04,2025-11-05T19:10:04Z,0.8295,647504,Yes,2025-11-06T01:14:59Z,2025-10-23T21:40:27Z,6233.179494,1.22953,3.66,2025-11-05T21:15:00Z,51095970304.08,24,Financials,184571977,1441968.5703125,0.014988312815725,6h,21600,0.7664974619289341,2025-11-05T19:10:04Z,0.8295,0.5,0.029070249999999,0.25,0.054523435285629,21895,ok,2025-11-05,2025-11-06,2025-11-05T21:00:00Z,2025-11-05,TRUE,TRUE,0.8-1.0,5
647505,BA,ba-quarterly-earnings-nongaap-eps-10-29-2025-neg2pt38,BA,2025-10-29T11:30:24Z,2025-10-29T11:30:24Z,2025-10-29,before_open,2025-10-27,2025-10-28T14:30:21Z,0.34,647505,No,2025-10-29T14:36:45Z,2025-10-23T21:45:11Z,28547.065392,1.92037,-5.09,2025-10-29T11:30:24Z,169501289364,26,Industrials,980053806,7716959.102362204,0.016236457627794,1d,86400,0.805309734513274,2025-10-28T14:30:21Z,0.34,0.5,0.1156,0.25,0.64852376850184,86784,ok,2025-10-28,2025-10-29,2025-10-28T20:00:00Z,2025-10-28,TRUE,TRUE,0.2-0.4,2
647508,CVNA,cvna-quarterly-earnings-gaap-eps-10-29-2025-1pt27,CVNA.N,2025-10-29T20:05:00Z,2025-10-29T20:05:00Z,2025-10-29,after_close,2025-10-28,2025-10-29T18:20:09Z,0.885,647508,No,2025-10-30T00:25:51Z,2025-10-23T21:50:31Z,19249.326449,0.26922,-0.24,2025-10-29T20:05:00Z,78793952900.8,24,Consumer Discretionary,80046407,625362.5546875,0.032697211422283,6h,21600,0.8032786885245901,2025-10-29T18:20:09Z,0.885,0.5,0.7832250000000001,0.25,0.6452566514377851,21942,ok,2025-10-29,2025-10-30,2025-10-29T20:00:00Z,2025-10-29,TRUE,TRUE,0.8-1.0,5
647510,CMG,cmg-quarterly-earnings-nongaap-eps-10-29-2025-0pt29,CMG,2025-10-29T20:10:28Z,2025-10-29T20:10:28Z,2025-10-29,after_close,2025-10-28,2025-10-29T18:30:04Z,0.78,647510,No,2025-10-30T00:31:37Z,2025-10-23T22:01:13Z,9571.44121,0.01001,0,2025-10-29T20:10:28Z,53234912280,37,Consumer Discretionary,2085691983,16294468.6171875,0.020964322756087,6h,21600,0.8032786885245901,2025-10-29T18:30:04Z,0.78,0.5,0.6084,0.25,0.6452566514377851,21693,ok,2025-10-29,2025-10-30,2025-10-29T20:00:00Z,2025-10-29,TRUE,TRUE,0.6-0.8,4
647803,CFLT,cflt-quarterly-earnings-nongaap-eps-10-27-2025-0pt1,CFLT.N,2025-10-27T20:03:00Z,2025-10-27T20:03:00Z,2025-10-27,after_close,2025-10-25,2025-10-27T17:05:04Z,0.735,647803,Yes,2025-10-27T23:06:17Z,2025-10-24T10:56:57Z,6935.72498,0.0048,0.03,2025-10-27T20:03:00Z,7975954892.4,33,Information Technology,21329433,167948.29133858267,0.04740689124251601,6h,21600,0.7924528301886791,2025-10-27T17:05:04Z,0.735,0.5,0.07022500000000001,0.25,0.043075827696689,21673,ok,2025-10-27,2025-10-28,2025-10-27T20:00:00Z,2025-10-27,TRUE,TRUE,0.6-0.8,4
647808,CVS,cvs-quarterly-earnings-nongaap-eps-10-29-2025-1pt36,CVS,2025-10-29T10:30:01Z,2025-10-29T10:30:01Z,2025-10-29,before_open,2025-10-27,2025-10-28T16:45:17Z,0.885,647808,Yes,2025-10-29T16:46:39Z,2025-10-24T11:01:15Z,7332.744896,0.07283,0.24,2025-10-29T10:30:01Z,104664708388.25,29,Health Care,1018839447,8022357.8503937,0.017178767280149,1d,86400,0.8119658119658121,2025-10-28T16:45:17Z,0.885,0.5,0.013224999999999,0.25,0.035356855869676,86482,ok,2025-10-28,2025-10-29,2025-10-28T20:00:00Z,2025-10-28,TRUE,TRUE,0.8-1.0,5
647811,EBAY,ebay-quarterly-earnings-nongaap-eps-10-29-2025-1pt33,EBAY.N,2025-10-29T20:05:00Z,2025-10-29T20:05:00Z,2025-10-29,after_close,2025-10-27,2025-10-29T16:55:23Z,0.93,647811,Yes,2025-10-29T22:56:57Z,2025-10-24T11:05:17Z,17348.780978,0.01966,0.03,2025-10-29T20:05:00Z,44300520000,33,Consumer Discretionary,14332714,112856.0157480315,0.020885844383941,6h,21600,0.801652892561983,2025-10-29T16:55:23Z,0.93,0.5,0.004899999999999,0.25,0.039341575029028,21694,ok,2025-10-29,2025-10-30,2025-10-29T20:00:00Z,2025-10-29,TRUE,TRUE,0.8-1.0,5
647815,ETSY,etsy-quarterly-earnings-gaap-eps-10-29-2025-0pt52,ETSY.N,2025-10-29T11:00:03Z,2025-10-29T11:00:03Z,2025-10-29,before_open,2025-10-27,2025-10-28T14:55:11Z,0.315,647815,Yes,2025-10-29T15:03:27Z,2025-10-24T11:18:33Z,10701.599469,0.08125,0.10999999999999902,2025-10-29T11:00:03Z,7458225964.48,33,Consumer Discretionary,239580928,1886464,0.034660242647429,1d,86400,0.808695652173913,2025-10-28T14:55:11Z,0.315,0.5,0.46922500000000006,0.25,0.036597353497164,86896,ok,2025-10-28,2025-10-29,2025-10-28T20:00:00Z,2025-10-28,TRUE,TRUE,0.2-0.4,2
647818,KHC,khc-quarterly-earnings-nongaap-eps-10-29-2025-0pt58,KHC.N,2025-10-29T11:00:00Z,2025-10-29T11:00:00Z,2025-10-29,before_open,2025-10-27,2025-10-28T15:10:07Z,0.8300000000000001,647818,Yes,2025-10-29T15:11:11Z,2025-10-24T11:27:17Z,4563.47383,0.02116,0.03,2025-10-29T11:00:00Z,30289746266.61,21,Consumer Staples,39387703,310139.3937007874,0.015439668441612,1d,86400,0.808695652173913,2025-10-28T15:10:07Z,0.8300000000000001,0.5,0.0289,0.25,0.036597353497164,86464,ok,2025-10-28,2025-10-29,2025-10-28T20:00:00Z,2025-10-28,TRUE,TRUE,0.8-1.0,5
647819,META,meta-quarterly-earnings-gaap-eps-10-29-2025-6pt72,META.N,2025-10-29T20:05:00Z,2025-10-29T20:05:00Z,2025-10-29,after_close,2025-10-28,2025-10-29T18:40:06Z,0.895,647819,No,2025-10-30T00:40:17Z,2025-10-24T11:32:53Z,39904.21982,0.38338000000000005,0.53,2025-10-29T20:05:00Z,1894025257489.68,71,Communication Services,17063011,133304.7734375,0.019101207401273,6h,21600,0.8032786885245901,2025-10-29T18:40:06Z,0.895,0.5,0.801025,0.25,0.6452566514377851,21611,ok,2025-10-29,2025-10-30,2025-10-29T20:00:00Z,2025-10-29,TRUE,TRUE,0.8-1.0,5
647822,MGM,mgm-quarterly-earnings-nongaap-eps-10-29-2025-0pt3,MGM,2025-10-29T20:15:00Z,2025-10-29T20:15:00Z,2025-10-29,after_close,2025-10-27,2025-10-29T17:55:12Z,0.795,647822,No,2025-10-29T23:59:59Z,2025-10-24T11:36:15Z,7358.979187,0.14116,-0.06,2025-10-29T20:15:00Z,9001096940.4,21,Consumer Discretionary,608367630,4790296.299212598,0.021582838093041,6h,21600,0.8032786885245901,2025-10-29T17:55:12Z,0.795,0.5,0.6320250000000001,0.25,0.6452566514377851,21887,ok,2025-10-29,2025-10-30,2025-10-29T20:00:00Z,2025-10-29,TRUE,TRUE,0.6-0.8,4
647823,OTLY,otly-quarterly-earnings-gaap-eps-10-29-2025-neg0pt87,OTLY.N,2025-10-29T11:00:02Z,2025-10-29T11:00:02Z,2025-10-29,before_open,2025-10-30,2025-10-28T00:40:14Z,0.665,647823,No,2025-11-01T00:47:58Z,2025-10-24T11:42:37Z,23241.004588,0.35196000000000005,-1.279999999999999,2025-10-29T11:00:02Z,474969781.57,7,Consumer Staples,125954,991.7637795275592,0.040159441432169,4d,345600,0.7826086956521741,2025-10-28T00:40:14Z,0.665,0.5,0.442225,0.25,0.612476370510397,346064,ok,2025-10-28,2025-10-29,2025-10-28T20:00:00Z,2025-10-28,TRUE,TRUE,0.6-0.8,4
647847,PSKY,psky-quarterly-earnings-gaap-eps-11-10-2025-0pt35,PSKY.N,2025-11-10T21:00:00Z,2025-11-10T21:00:00Z,2025-11-10,after_close,2025-11-10,2025-11-10T12:00:24Z,0.275,647847,No,2025-11-12T07:19:51Z,2025-10-24T12:29:55Z,59438.663822,0.14092000000000002,-0.47,2025-11-10T21:00:00Z,16830921399.25,26,Communication Services,27964204,220190.58267716537,0.042436977079968,1d,86400,0.7428571428571421,2025-11-10T12:00:24Z,0.275,0.5,0.07562500000000001,0.25,0.5518367346938771,155967,ok,2025-11-10,2025-11-11,2025-11-10T21:00:00Z,2025-11-10,TRUE,TRUE,0.2-0.4,2
647852,BUD,bud-quarterly-earnings-nongaap-eps-10-30-2025-0pt95,BUD,2025-10-30T06:00:00Z,2025-10-30T06:00:00Z,2025-10-30,before_open,2025-10-29,2025-10-29T00:00:24Z,0.835,647852,Yes,2025-10-31T00:05:21Z,2025-10-24T12:52:15Z,18649.109021,0.01479,0.04,2025-10-30T06:00:00Z,110441058957.408,13,Consumer Staples,286676416,2239659.5,0.017205062212962,2d,172800,0.7971014492753621,2025-10-29T00:00:24Z,0.835,0.5,0.027225,0.25,0.041167821886158,173097,ok,2025-10-29,2025-10-30,2025-10-29T20:00:00Z,2025-10-29,TRUE,TRUE,0.8-1.0,5
647853,AAPL,aapl-quarterly-earnings-gaap-eps-10-30-2025-1pt76,AAPL.N,2025-10-30T20:30:00Z,2025-10-30T20:30:00Z,2025-10-30,after_close,2025-10-28,2025-10-30T16:35:07Z,0.855,647853,Yes,2025-10-30T22:42:55Z,2025-10-24T12:56:15Z,90394.750561,0.05876000000000001,0.09000000000000001,2025-10-30T20:30:00Z,3974838957000,48,Information Technology,56273362,439635.640625,0.015778234331396,6h,21600,0.8,2025-10-30T16:35:07Z,0.855,0.5,0.021025,0.25,0.039999999999999,22068,ok,2025-10-30,2025-10-31,2025-10-30T20:00:00Z,2025-10-30,TRUE,TRUE,0.8-1.0,5
647860,CLX,clx-quarterly-earnings-nongaap-eps-11-03-2025-0pt79,CLX,2025-11-03T21:15:00Z,2025-11-03T21:15:00Z,2025-11-03,after_close,2025-11-01,2025-11-03T17:50:04Z,0.845,647860,Yes,2025-11-03T23:53:53Z,2025-10-24T13:09:35Z,12625.799229,0.0883,0.059999999999999,2025-11-03T21:15:00Z,13717913422.34,20,Consumer Staples,231348203,1821639.393700787,0.01336009969078,6h,21600,0.7869822485207101,2025-11-03T17:50:04Z,0.845,0.5,0.024025,0.25,0.04537656244529201,21829,ok,2025-11-03,2025-11-04,2025-11-03T21:00:00Z,2025-11-03,TRUE,TRUE,0.8-1.0,5
647869,COIN,coin-quarterly-earnings-gaap-eps-11-03-2025-1pt18,COIN.N,2025-10-30T20:11:00Z,2025-10-30T20:11:00Z,2025-10-30,after_close,2025-10-29,2025-10-30T19:10:08Z,0.685,647869,Yes,2025-10-31T01:14:03Z,2025-10-24T13:54:35Z,33988.119127,0.28305,0.32,2025-10-30T20:11:00Z,94000529998.54,34,Financials,17137004,133882.84375,0.044360228567455,6h,21600,0.769230769230769,2025-10-30T19:10:08Z,0.685,0.5,0.099224999999999,0.25,0.053254437869822,21835,ok,2025-10-30,2025-10-31,2025-10-30T20:00:00Z,2025-10-30,TRUE,TRUE,0.6-0.8,4
647871,LLY,lly-quarterly-earnings-nongaap-eps-10-30-2025-5pt92,LLY,2025-10-30T10:45:00Z,2025-10-30T10:45:00Z,2025-10-30,before_open,2025-10-28,2025-10-29T14:45:07Z,0.8200000000000001,647871,Yes,2025-10-30T14:51:33Z,2025-10-24T13:58:57Z,14055.315693,0.1089,1.099999999999999,2025-10-30T10:45:00Z,775309219115.7,30,Health Care,531242919,4150335.3046875,0.026852711662545,1d,86400,0.796747967479674,2025-10-29T14:45:07Z,0.8200000000000001,0.5,0.0324,0.25,0.041311388723643,86786,ok,2025-10-29,2025-10-30,2025-10-29T20:00:00Z,2025-10-29,TRUE,TRUE,0.8-1.0,5
647888,EL,el-quarterly-earnings-nongaap-eps-10-30-2025-0pt17,EL,2025-10-30T10:00:00Z,2025-10-30T10:00:00Z,2025-10-30,before_open,2025-10-28,2025-10-29T15:10:04Z,0.91,647888,Yes,2025-10-30T15:12:43Z,2025-10-24T15:01:35Z,14093.487426,0.0468,0.15,2025-10-30T10:00:00Z,35589177302.4,28,Consumer Staples,489294231,3822611.1796875,0.026659984995962,1d,86400,0.793650793650793,2025-10-29T15:10:04Z,0.91,0.5,0.008099999999999,0.25,0.042579994960947,86559,ok,2025-10-29,2025-10-30,2025-10-29T20:00:00Z,2025-10-29,TRUE,TRUE,0.8-1.0,5
647937,ICE,ice-quarterly-earnings-nongaap-eps-10-30-2025-1pt61,ICE,2025-10-30T11:30:00Z,2025-10-30T11:30:00Z,2025-10-30,before_open,2025-10-28,2025-10-29T14:45:08Z,0.8300000000000001,647937,Yes,2025-10-30T14:46:37Z,2025-10-24T14:33:15Z,7998.207119,0.03196,0.1,2025-10-30T11:30:00Z,89671986062.95,20,Financials,374786511,2928019.6171875,0.00986101420629,1d,86400,0.796747967479674,2025-10-29T14:45:08Z,0.8300000000000001,0.5,0.0289,0.25,0.041311388723643,86489,ok,2025-10-29,2025-10-30,2025-10-29T20:00:00Z,2025-10-29,TRUE,TRUE,0.8-1.0,5
647938,MA,ma-quarterly-earnings-nongaap-eps-10-30-2025-4pt31,MA,2025-10-30T12:30:00Z,2025-10-30T12:30:00Z,2025-10-30,before_open,2025-10-28,2025-10-29T14:30:10Z,0.9,647938,Yes,2025-10-30T14:33:45Z,2025-10-24T14:37:15Z,30096.744216,0.04255,0.07,2025-10-30T12:30:00Z,508202790258.64,39,Financials,341261445,2666105.0390625,0.012284531341544,1d,86400,0.8032786885245901,2025-10-29T14:30:10Z,0.9,0.5,0.009999999999999,0.25,0.038699274388605,86615,ok,2025-10-29,2025-10-30,2025-10-29T20:00:00Z,2025-10-29,TRUE,TRUE,0.8-1.0,5
647962,RBLX,rblx-quarterly-earnings-gaap-eps-10-30-2025-neg0pt51,RBLX.N,2025-10-30T11:45:00Z,2025-10-30T11:45:00Z,2025-10-30,before_open,2025-10-29,2025-10-29T00:00:04Z,0.77,647962,Yes,2025-10-31T00:01:13Z,2025-10-24T14:42:35Z,21466.192848,0.08465,0.14,2025-10-30T11:45:00Z,93875517439.92,35,Communication Services,205589494,1606167.921875,0.028206381800031,2d,172800,0.7956204379562041,2025-10-29T00:00:04Z,0.77,0.5,0.052899999999999,0.25,0.041771005381213,172869,ok,2025-10-29,2025-10-30,2025-10-29T20:00:00Z,2025-10-29,TRUE,TRUE,0.6-0.8,4
647966,ROKU,roku-quarterly-earnings-gaap-eps-10-30-2025-0pt08,ROKU.N,2025-10-30T23:00:00Z,2025-10-30T23:00:00Z,2025-10-30,after_close,2025-10-28,2025-10-30T17:55:09Z,0.895,647966,Yes,2025-10-30T23:56:21Z,2025-10-24T14:51:35Z,10731.74446,0.04541,0.08,2025-10-30T23:00:00Z,14628902846.71,30,Communication Services,6172075,48219.3359375,0.030722060183458,6h,21600,0.801470588235294,2025-10-30T17:55:09Z,0.895,0.5,0.011024999999999,0.25,0.03941392733564,21672,ok,2025-10-30,2025-10-31,2025-10-30T20:00:00Z,2025-10-30,TRUE,TRUE,0.8-1.0,5
647968,HGV,hgv-quarterly-earnings-nongaap-eps-10-30-2025-0pt97,HGV,2025-10-30T11:30:00Z,2025-10-30T11:30:00Z,2025-10-30,before_open,2025-10-28,2025-10-29T15:10:07Z,0.425,647968,No,2025-10-30T15:18:35Z,2025-10-24T14:56:35Z,5129.147714,0.12803,-0.6900000000000001,2025-10-30T11:30:00Z,3778438417.81,9,Consumer Discretionary,125206175,978173.2421875,0.024638443561235,1d,86400,0.793650793650793,2025-10-29T15:10:07Z,0.425,0.5,0.180624999999999,0.25,0.6298815822625341,86908,ok,2025-10-29,2025-10-30,2025-10-29T20:00:00Z,2025-10-29,TRUE,TRUE,0.4-0.6,3
648017,SPGI,spgi-quarterly-earnings-nongaap-eps-10-30-2025-4pt41,SPGI.N,2025-10-30T11:19:13Z,2025-10-30T11:19:13Z,2025-10-30,before_open,2025-10-28,2025-10-29T14:35:06Z,0.84,648017,Yes,2025-10-30T14:44:47Z,2025-10-24T15:14:35Z,10852.558411,0.1165,0.32,2025-10-30T11:19:13Z,149486304000,27,Financials,51255687,400435.0546875,0.012083693399941,1d,86400,0.796747967479674,2025-10-29T14:35:06Z,0.84,0.5,0.0256,0.25,0.041311388723643,86981,ok,2025-10-29,2025-10-30,2025-10-29T20:00:00Z,2025-10-29,TRUE,TRUE,0.8-1.0,5
648033,SHAK,shak-quarterly-earnings-nongaap-eps-10-30-2025-0pt31,SHAK.N,2025-10-30T11:00:00Z,2025-10-30T11:00:00Z,2025-10-30,before_open,2025-10-28,2025-10-29T14:55:05Z,0.725,648033,Yes,2025-10-30T14:55:45Z,2025-10-24T17:16:56Z,12513.974061,0.02843,0.049999999999999,2025-10-30T11:00:00Z,3892326306.04,24,Consumer Discretionary,44964795,351287.4609375,0.027598153354018,1d,86400,0.796747967479674,2025-10-29T14:55:05Z,0.725,0.5,0.07562500000000001,0.25,0.041311388723643,86440,ok,2025-10-29,2025-10-30,2025-10-29T20:00:00Z,2025-10-29,TRUE,TRUE,0.6-0.8,4
648038,TFX,tfx-quarterly-earnings-nongaap-eps-11-06-2025-3pt38,TFX,2025-11-06T11:30:02Z,2025-11-06T11:30:02Z,2025-11-06,before_open,2025-11-04,2025-11-05T14:45:08Z,0.865,648038,Yes,2025-11-06T14:50:03Z,2025-10-24T17:20:26Z,20359.38248,0.06607,0.29000000000000004,2025-11-06T11:30:02Z,5498226299.28,14,Health Care,69189921,540546.2578125,0.019187740452563,1d,86400,0.7676767676767671,2025-11-05T14:45:08Z,0.865,0.5,0.01822499999999999,0.25,0.053974084277114,86695,ok,2025-11-05,2025-11-06,2025-11-05T21:00:00Z,2025-11-05,TRUE,TRUE,0.8-1.0,5
648217,TW,tw-quarterly-earnings-nongaap-eps-10-30-2025-0pt83,TW.N,2025-10-30T11:00:00Z,2025-10-30T11:00:00Z,2025-10-30,before_open,2025-10-28,2025-10-29T15:00:04Z,0.6900000000000001,648217,Yes,2025-10-30T15:01:51Z,2025-10-24T17:21:18Z,8155.112423,0.02919,0.04,2025-10-30T11:00:00Z,23058017696.76,16,Financials,2725561,21293.4453125,0.017315019953108,1d,86400,0.796747967479674,2025-10-29T15:00:04Z,0.6900000000000001,0.5,0.0961,0.25,0.041311388723643,86507,ok,2025-10-29,2025-10-30,2025-10-29T20:00:00Z,2025-10-29,TRUE,TRUE,0.6-0.8,4
648218,VIRT,virt-quarterly-earnings-nongaap-eps-10-29-2025-0pt95,VIRT.N,2025-10-29T11:15:00Z,2025-10-29T11:15:00Z,2025-10-29,before_open,2025-10-27,2025-10-28T15:15:18Z,0.755,648218,Yes,2025-10-29T15:23:47Z,2025-10-24T17:23:16Z,4915.740972,0.11156,0.1,2025-10-29T11:15:00Z,5179517744.08,8,Financials,40971164,322607.5905511811,0.01545945388178,1d,86400,0.8119658119658121,2025-10-28T15:15:18Z,0.755,0.5,0.060024999999999,0.25,0.035356855869676,86909,ok,2025-10-28,2025-10-29,2025-10-28T20:00:00Z,2025-10-28,TRUE,TRUE,0.6-0.8,4
648224,WAY,way-quarterly-earnings-nongaap-eps-10-29-2025-0pt35,WAY.N,2025-10-29T20:05:00Z,2025-10-29T20:05:00Z,2025-10-29,after_close,2025-10-28,2025-10-29T17:55:20Z,0.855,648224,Yes,2025-10-30T00:01:59Z,2025-10-24T17:24:36Z,3958.15968,0.01309,0.02,2025-10-29T20:05:00Z,7555091862.67,17,Health Care,4223247,32994.1171875,0.019385698457225,6h,21600,0.8032786885245901,2025-10-29T17:55:20Z,0.855,0.5,0.021025,0.25,0.038699274388605,21999,ok,2025-10-29,2025-10-30,2025-10-29T20:00:00Z,2025-10-29,TRUE,TRUE,0.8-1.0,5
648227,ABNB,abnb-quarterly-earnings-gaap-eps-11-06-2025-2pt32,ABNB.N,2025-11-06T21:03:00Z,2025-11-06T21:03:00Z,2025-11-06,after_close,2025-11-04,2025-11-06T17:40:06Z,0.63,648227,No,2025-11-06T23:46:39Z,2025-10-24T17:25:36Z,21922.878824,0.20338,-0.10999999999999902,2025-11-06T21:03:00Z,74186892646.6,41,Consumer Discretionary,9792864,76506.75,0.017556196315057,6h,21600,0.7619047619047611,2025-11-06T17:40:06Z,0.63,0.5,0.3969,0.25,0.580498866213151,21993,ok,2025-11-06,2025-11-07,2025-11-06T21:00:00Z,2025-11-06,TRUE,TRUE,0.6-0.8,4
648228,CBOE,cboe-quarterly-earnings-nongaap-eps-10-31-2025-2pt53,CBOE.N,2025-10-31T11:30:01Z,2025-10-31T11:30:01Z,2025-10-31,before_open,2025-10-29,2025-10-30T14:25:06Z,0.855,648228,Yes,2025-10-31T14:33:32Z,2025-10-24T17:26:38Z,35983.096196,0.06869,0.139999999999999,2025-10-31T11:30:01Z,24348685517.52,19,Financials,1724528,13472.875,0.013191635509244,1d,86400,0.769230769230769,2025-10-30T14:25:06Z,0.855,0.5,0.021025,0.25,0.053254437869822,86906,ok,2025-10-30,2025-10-31,2025-10-30T20:00:00Z,2025-10-30,TRUE,TRUE,0.8-1.0,5
648240,CVX,cvx-quarterly-earnings-nongaap-eps-10-31-2025-1pt7,CVX,2025-10-31T10:15:00Z,2025-10-31T10:15:00Z,2025-10-31,before_open,2025-10-29,2025-10-30T14:30:11Z,0.7000000000000001,648240,Yes,2025-10-31T14:33:32Z,2025-10-24T17:27:56Z,19290.997294,0.10014,0.15000000000000002,2025-10-31T10:15:00Z,312297199694.7,28,Energy,1126020050,8797031.640625,0.011931699022733,1d,86400,0.769230769230769,2025-10-30T14:30:11Z,0.7000000000000001,0.5,0.09000000000000001,0.25,0.053254437869822,86601,ok,2025-10-30,2025-10-31,2025-10-30T20:00:00Z,2025-10-30,TRUE,TRUE,0.6-0.8,4
648376,CL,cl-quarterly-earnings-nongaap-eps-10-31-2025-0pt89,CL,2025-10-31T10:55:00Z,2025-10-31T10:55:00Z,2025-10-31,before_open,2025-10-29,2025-10-30T14:35:06Z,0.8,648376,Yes,2025-10-31T14:36:34Z,2025-10-24T17:30:56Z,11490.365127,0.01387,0.02,2025-10-31T10:55:00Z,61043298057.66,21,Consumer Staples,670423051,5237680.0859375,0.010791473135051,1d,86400,0.770833333333333,2025-10-30T14:35:06Z,0.8,0.5,0.039999999999999,0.25,0.052517361111111,86488,ok,2025-10-30,2025-10-31,2025-10-30T20:00:00Z,2025-10-30,TRUE,TRUE,0.8-1.0,5
648377,FOXA,foxa-quarterly-earnings-nongaap-eps-10-30-2025-1pt1,FOXA.N,2025-10-30T11:30:00Z,2025-10-30T11:30:00Z,2025-10-30,before_open,2025-10-28,2025-10-29T15:00:25Z,0.845,648377,Yes,2025-10-30T15:07:37Z,2025-10-24T17:32:18Z,10531.584012,0.11461,0.40999999999999903,2025-10-30T11:30:00Z,25579216535.81,22,Communication Services,8856179,69188.8984375,0.01720995840857,1d,86400,0.792,2025-10-29T15:00:25Z,0.845,0.5,0.024025,0.25,0.043263999999999,86832,ok,2025-10-29,2025-10-30,2025-10-29T20:00:00Z,2025-10-29,TRUE,TRUE,0.8-1.0,5
648379,RDDT,rddt-quarterly-earnings-gaap-eps-10-30-2025-0pt51,RDDT.N,2025-10-30T20:07:00Z,2025-10-30T20:07:00Z,2025-10-30,after_close,2025-10-28,2025-10-30T16:50:08Z,0.71,648379,Yes,2025-10-30T22:50:53Z,2025-10-24T17:33:40Z,21766.75865,0.07842,0.29000000000000004,2025-10-30T20:07:00Z,40356913072.05,28,Communication Services,162006571,1265676.3359375,0.040821076283118,6h,21600,0.8,2025-10-30T16:50:08Z,0.71,0.5,0.08410000000000001,0.25,0.039999999999999,21645,ok,2025-10-30,2025-10-31,2025-10-30T20:00:00Z,2025-10-30,TRUE,TRUE,0.6-0.8,4
648382,MSTR,mstr-quarterly-earnings-gaap-eps-10-30-2025-9pt67,MSTR.N,2025-10-30T20:22:00Z,2025-10-30T20:22:00Z,2025-10-30,after_close,2025-10-28,2025-10-30T16:45:06Z,0.33,648382,No,2025-10-30T22:47:55Z,2025-10-24T17:39:40Z,49451.633401,12.40225,-1.25,2025-10-30T20:22:00Z,81722613536.64,13,Information Technology,19740824,154225.1875,0.033097428988432,6h,21600,0.8,2025-10-30T16:45:06Z,0.33,0.5,0.1089,0.25,0.64,21769,ok,2025-10-30,2025-10-31,2025-10-30T20:00:00Z,2025-10-30,TRUE,TRUE,0.2-0.4,2
652465,PLTR,pltr-quarterly-earnings-nongaap-eps-11-03-2025-0pt17,PLTR.N,2025-11-03T21:05:00Z,2025-11-03T21:05:00Z,2025-11-03,after_close,2025-11-01,2025-11-03T17:40:08Z,0.875,652465,Yes,2025-11-03T23:44:13Z,2025-10-27T20:14:43Z,70254.722923,0.00871,0.039999999999999,2025-11-03T21:05:00Z,477606010328.86,30,Information Technology,63164134,497355.3858267717,0.031767449990127,6h,21600,0.7869822485207101,2025-11-03T17:40:08Z,0.875,0.5,0.015625,0.25,0.04537656244529201,21845,ok,2025-11-03,2025-11-04,2025-11-03T21:00:00Z,2025-11-03,TRUE,TRUE,0.8-1.0,5
652509,WMB,wmb-quarterly-earnings-nongaap-eps-11-03-2025-0pt52,WMB,2025-11-03T21:15:01Z,2025-11-03T21:15:01Z,2025-11-03,after_close,2025-11-01,2025-11-03T17:30:03Z,0.645,652509,No,2025-11-03T23:34:45Z,2025-10-27T20:14:43Z,9523.625596,0.02538,0.01,2025-11-03T21:15:01Z,70671935833.29,23,Energy,927262844,7301282.236220472,0.014121496921799,6h,21600,0.7869822485207101,2025-11-03T17:30:03Z,0.645,0.5,0.416025,0.25,0.619341059486712,21882,ok,2025-11-03,2025-11-04,2025-11-03T21:00:00Z,2025-11-03,TRUE,TRUE,0.6-0.8,4
652512,ARES,ares-quarterly-earnings-nongaap-eps-11-03-2025-1pt14,ARES.N,2025-11-03T11:00:00Z,2025-11-03T11:00:00Z,2025-11-03,before_open,2025-11-01,2025-10-31T16:50:05Z,0.5700000000000001,652512,Yes,2025-11-03T16:50:51Z,2025-10-27T20:14:43Z,16946.424977,0.0435,0.049999999999999,2025-11-03T11:00:00Z,48608854652.94,15,Financials,50212448,395373.6062992126,0.01951573185806,3d,259200,0.7869822485207101,2025-10-31T16:50:05Z,0.5700000000000001,0.5,0.1849,0.25,0.04537656244529201,259246,ok,2025-10-31,2025-11-03,2025-10-31T20:00:00Z,2025-10-31,TRUE,TRUE,0.4-0.6,3
652566,GRAB,grab-quarterly-earnings-gaap-eps-11-03-2025-0pt01,GRAB.N,2025-11-03T21:00:00Z,2025-11-03T21:00:00Z,2025-11-03,after_close,2025-11-02,2025-11-03T13:50:06Z,0.39,652566,No,2025-11-04T13:54:31Z,2025-10-27T20:19:23Z,17805.769449,0.00821,0,2025-11-03T21:00:00Z,24562870000,23,Industrials,118448741,940069.373015873,0.024524950634814,1d,86400,0.7869822485207101,2025-11-03T13:50:06Z,0.39,0.5,0.1521,0.25,0.619341059486712,86665,ok,2025-11-03,2025-11-04,2025-11-03T21:00:00Z,2025-11-03,TRUE,TRUE,0.2-0.4,2
652567,HIMS,hims-quarterly-earnings-gaap-eps-11-03-2025-0pt1,HIMS.N,2025-11-03T21:05:01Z,2025-11-03T21:05:01Z,2025-11-03,after_close,2025-11-01,2025-11-03T17:45:07Z,0.455,652567,No,2025-11-03T23:47:35Z,2025-10-27T20:23:23Z,35218.618643,0.03546,-0.04,2025-11-03T21:05:01Z,10348901446.44,15,Health Care,649945942,5117684.582677165,0.065983287685906,6h,21600,0.7869822485207101,2025-11-03T17:45:07Z,0.455,0.5,0.207025,0.25,0.619341059486712,21748,ok,2025-11-03,2025-11-04,2025-11-03T21:00:00Z,2025-11-03,TRUE,TRUE,0.4-0.6,3
652568,HESM,hesm-quarterly-earnings-gaap-eps-11-03-2025-0pt69,HESM.N,2025-11-03T13:00:02Z,2025-11-03T13:00:02Z,2025-11-03,before_open,2025-11-01,2025-10-31T16:35:06Z,0.645,652568,Yes,2025-11-03T16:38:41Z,2025-10-27T20:31:03Z,16892.847501,0.18702,0.06,2025-11-03T13:00:02Z,7050589132.3,7,Energy,57836156,455402.8031496063,0.017395510317616,3d,259200,0.7869822485207101,2025-10-31T16:35:06Z,0.645,0.5,0.126025,0.25,0.04537656244529201,259415,ok,2025-10-31,2025-11-03,2025-10-31T20:00:00Z,2025-10-31,TRUE,TRUE,0.6-0.8,4
652577,CRL,crl-quarterly-earnings-nongaap-eps-11-05-2025-2pt34,CRL,2025-11-05T12:00:01Z,2025-11-05T12:00:01Z,2025-11-05,before_open,2025-11-03,2025-11-04T14:50:05Z,0.925,652577,Yes,2025-11-05T14:51:31Z,2025-10-27T20:53:03Z,15319.849586,0.05488,0.09000000000000001,2025-11-05T12:00:01Z,8802679143.06,19,Health Care,124134600,977437.7952755904,0.029646212547505,1d,86400,0.7802197802197801,2025-11-04T14:50:05Z,0.925,0.5,0.005624999999999,0.25,0.048303345006641,86486,ok,2025-11-04,2025-11-05,2025-11-04T21:00:00Z,2025-11-04,TRUE,TRUE,0.8-1.0,5
652605,NYT,nyt-quarterly-earnings-nongaap-eps-11-05-2025-0pt53,NYT,2025-11-05T13:30:00Z,2025-11-05T13:30:00Z,2025-11-05,before_open,2025-11-03,2025-11-04T14:45:07Z,0.9145,652605,Yes,2025-11-05T14:47:33Z,2025-10-27T21:07:27Z,23683.956841,0.02298,0.059999999999999,2025-11-05T13:30:00Z,9263634453.54,10,Communication Services,209365651,1648548.4330708662,0.017560086238565,1d,86400,0.7802197802197801,2025-11-04T14:45:07Z,0.9145,0.5,0.00731025,0.25,0.048303345006641,86546,ok,2025-11-04,2025-11-05,2025-11-04T21:00:00Z,2025-11-04,TRUE,TRUE,0.8-1.0,5
652607,UHAL.B,uhalb-quarterly-earnings-gaap-eps-11-05-2025-0pt7-725,UHAL.B,2025-11-05T21:43:00Z,2025-11-05T21:43:00Z,2025-11-05,after_close,2025-11-04,2025-11-05T19:45:06Z,0.385,652607,No,2025-11-06T01:47:49Z,2025-10-27T21:23:23Z,4209.313235,0.02494,-0.20999999999999905,2025-11-05T21:43:00Z,9731149106.52,5,Industrials,75536,590.125,0.019437934987634,6h,21600,0.7664974619289341,2025-11-05T19:45:06Z,0.385,0.5,0.148225,0.25,0.587518359143497,21763,ok,2025-11-05,2025-11-06,2025-11-05T21:00:00Z,2025-11-05,TRUE,TRUE,0.2-0.4,2
652646,LYFT,lyft-quarterly-earnings-gaap-eps-11-05-2025-0pt07,LYFT.N,2025-11-05T21:00:00Z,2025-11-05T21:00:00Z,2025-11-05,after_close,2025-11-03,2025-11-05T17:25:08Z,0.71,652646,Yes,2025-11-05T23:27:01Z,2025-10-27T21:28:23Z,8350.887853,0.06179,0.039999999999999,2025-11-05T21:00:00Z,8366453688.1,46,Industrials,51236077,403433.6771653543,0.03653754312631,6h,21600,0.774869109947644,2025-11-05T17:25:08Z,0.71,0.5,0.08410000000000001,0.25,0.050683917655766,21713,ok,2025-11-05,2025-11-06,2025-11-05T21:00:00Z,2025-11-05,TRUE,TRUE,0.6-0.8,4
652651,CHYM,chym-quarterly-earnings-gaap-eps-11-05-2025-neg0pt24,CHYM.N,2025-11-05T21:05:02Z,2025-11-05T21:05:02Z,2025-11-05,after_close,2025-11-04,2025-11-05T19:30:16Z,0.6950000000000001,652651,Yes,2025-11-06T01:38:47Z,2025-10-27T21:34:05Z,2639.245405,0.02613,0.09,2025-11-05T21:05:02Z,6664634437,10,Financials,3739363,37023.39603960396,0.040721673848774,6h,21600,0.7664974619289341,2025-11-05T19:30:16Z,0.6950000000000001,0.5,0.093025,0.25,0.054523435285629,22111,ok,2025-11-05,2025-11-06,2025-11-05T21:00:00Z,2025-11-05,TRUE,TRUE,0.6-0.8,4
652652,SUN,sun-quarterly-earnings-gaap-eps-11-05-2025-1pt37,SUN,2025-11-05T14:30:00Z,2025-11-05T14:30:00Z,2025-11-05,during_market,2025-11-03,2025-11-04T15:55:09Z,0.375,652652,No,2025-11-05T15:59:01Z,2025-10-27T21:47:23Z,8538.084354,0.09708,-0.7300000000000001,2025-11-05T14:30:00Z,9705639184.78,5,Energy,56358130,443764.8031496063,0.014765577797787,1d,86400,0.783068783068783,2025-11-04T15:55:09Z,0.375,0.5,0.140625,0.25,0.613196719016824,86632,ok,2025-11-04,2025-11-05,2025-11-04T21:00:00Z,2025-11-04,TRUE,TRUE,0.2-0.4,2
652657,FTDR,ftdr-quarterly-earnings-nongaap-eps-11-05-2025-1pt51,FTDR.N,2025-11-05T12:00:01Z,2025-11-05T12:00:01Z,2025-11-05,before_open,2025-11-03,2025-11-04T14:55:04Z,0.905,652657,Yes,2025-11-05T14:55:33Z,2025-10-27T21:50:25Z,17658.515086,0.10789,0.07,2025-11-05T12:00:01Z,4721251138.53,6,Consumer Discretionary,1025894,8077.905511811024,0.016192823561762,1d,86400,0.7802197802197801,2025-11-04T14:55:04Z,0.905,0.5,0.009024999999999,0.25,0.048303345006641,86429,ok,2025-11-04,2025-11-05,2025-11-04T21:00:00Z,2025-11-04,TRUE,TRUE,0.8-1.0,5
652658,IEP,iep-quarterly-earnings-gaap-eps-11-05-2025-0pt14,IEP.N,2025-11-05T13:00:02Z,2025-11-05T13:00:02Z,2025-11-05,before_open,2025-11-03,2025-11-04T16:05:04Z,0.305,652658,Yes,2025-11-05T16:06:09Z,2025-10-27T21:55:43Z,20110.133015,0,0.35000000000000003,2025-11-05T13:00:02Z,4837680647.02,1,Industrials,1116300,8789.763779527559,0.020383974678286,1d,86400,0.783068783068783,2025-11-04T16:05:04Z,0.305,0.5,0.483025,0.25,0.04705915287925801,86465,ok,2025-11-04,2025-11-05,2025-11-04T21:00:00Z,2025-11-04,TRUE,TRUE,0.2-0.4,2
652823,FSK,fsk-quarterly-earnings-gaap-eps-11-05-2025-0pt58,FSK,2025-11-05T21:00:00Z,2025-11-05T21:00:00Z,2025-11-05,after_close,2025-11-04,2025-11-05T17:40:06Z,0.305,652823,Yes,2025-11-06T05:45:29Z,2025-10-27T22:02:25Z,14904.189142,0.01817,-0.01,2025-11-05T21:00:00Z,4178591180.36,11,Financials,255394590,1995270.234375,0.015643310183653,12h,43200,0.7664974619289341,2025-11-05T17:40:06Z,0.305,0.5,0.483025,0.25,0.054523435285629,43523,ok,2025-11-05,2025-11-06,2025-11-05T21:00:00Z,2025-11-05,TRUE,TRUE,0.2-0.4,2
655224,BYND,bynd-quarterly-earnings-gaap-eps-11-04-2025-neg0pt48,BYND.N,2025-11-10T22:38:57Z,2025-11-10T22:38:57Z,2025-11-10,after_close,2025-11-09,2025-11-10T19:05:07Z,0.145,655224,No,2025-11-11T01:08:14Z,2025-10-29T17:04:43Z,16592.38117,0.1658,0.01,2025-11-10T22:38:57Z,994464167.33,6,Consumer Staples,144833301,1149470.642857143,0.15173449538734302,6h,21600,0.7481203007518791,2025-11-10T19:05:07Z,0.145,0.5,0.021025,0.25,0.559683984397083,21787,ok,2025-11-10,2025-11-11,2025-11-10T21:00:00Z,2025-11-10,TRUE,TRUE,0.0-0.2,1
655260,MCD,mcd-quarterly-earnings-nongaap-eps-11-05-2025-3pt33,MCD,2025-11-05T13:30:00Z,2025-11-05T13:30:00Z,2025-11-05,before_open,2025-11-03,2025-11-04T15:05:06Z,0.755,655260,No,2025-11-05T15:09:33Z,2025-10-29T15:30:01Z,62858.353165,0.06427000000000001,-0.10999999999999902,2025-11-05T13:30:00Z,211061184709.5,39,Consumer Discretionary,414073775,3260423.42519685,0.009156612345274,1d,86400,0.777173913043478,2025-11-04T15:05:06Z,0.755,0.5,0.570025,0.25,0.603999291115311,86667,ok,2025-11-04,2025-11-05,2025-11-04T21:00:00Z,2025-11-04,TRUE,TRUE,0.6-0.8,4
655266,APP,app-quarterly-earnings-gaap-eps-11-05-2025-2pt39,APP.N,2025-11-05T21:05:01Z,2025-11-05T21:05:01Z,2025-11-05,after_close,2025-11-04,2025-11-05T18:50:06Z,0.795,655266,Yes,2025-11-06T00:52:55Z,2025-10-29T15:36:23Z,19358.929804,0.08489000000000001,0.06,2025-11-05T21:05:01Z,205706449400,27,Information Technology,11325176,88477.9375,0.037604524307874,6h,21600,0.7680412371134021,2025-11-05T18:50:06Z,0.795,0.5,0.042024999999999,0.25,0.05380486767988,21769,ok,2025-11-05,2025-11-06,2025-11-05T21:00:00Z,2025-11-05,TRUE,TRUE,0.6-0.8,4
655388,ARM,arm-quarterly-earnings-nongaap-eps-11-05-2025-0pt33,ARM.N,2025-11-05T21:04:00Z,2025-11-05T21:04:00Z,2025-11-05,after_close,2025-11-03,2025-11-05T17:20:04Z,0.915,655388,Yes,2025-11-05T23:25:01Z,2025-10-29T16:14:23Z,12897.383722,0.01016,0.06,2025-11-05T21:04:00Z,178969480000,36,Information Technology,10603093,83488.92125984252,0.031984791452724,6h,21600,0.774869109947644,2025-11-05T17:20:04Z,0.915,0.5,0.007224999999999,0.25,0.050683917655766,21897,ok,2025-11-05,2025-11-06,2025-11-05T21:00:00Z,2025-11-05,TRUE,TRUE,0.8-1.0,5
655399,QCOM,qcom-quarterly-earnings-nongaap-eps-11-05-2025-2pt86,QCOM.N,2025-11-05T21:00:00Z,2025-11-05T21:00:00Z,2025-11-05,after_close,2025-11-03,2025-11-05T17:15:06Z,0.92,655399,Yes,2025-11-05T23:15:51Z,2025-10-29T16:18:03Z,13220.927333,0.02116,0.14,2025-11-05T21:00:00Z,193551120000,39,Information Technology,13690119,107796.2125984252,0.020078830235585,6h,21600,0.77894736842105206,2025-11-05T17:15:06Z,0.92,0.5,0.006399999999999,0.25,0.048864265927977,21645,ok,2025-11-05,2025-11-06,2025-11-05T21:00:00Z,2025-11-05,TRUE,TRUE,0.8-1.0,5
655400,HOOD,hood-quarterly-earnings-gaap-eps-11-05-2025-0pt54,HOOD.N,2025-11-05T21:05:10Z,2025-11-05T21:05:10Z,2025-11-05,after_close,2025-11-04,2025-11-05T18:40:08Z,0.835,655400,Yes,2025-11-06T00:47:05Z,2025-10-29T16:21:43Z,131520.235041,0.07507000000000001,0.06999999999999901,2025-11-05T21:05:10Z,123009037279.2,27,Financials,49944259,390189.5234375,0.036963865717001,6h,21600,0.7720207253886011,2025-11-05T18:40:08Z,0.835,0.5,0.027225,0.25,0.051974549652339,22017,ok,2025-11-05,2025-11-06,2025-11-05T21:00:00Z,2025-11-05,TRUE,TRUE,0.8-1.0,5
655439,DASH,dash-quarterly-earnings-gaap-eps-11-05-2025-0pt68,DASH.N,2025-11-05T21:05:01Z,2025-11-05T21:05:01Z,2025-11-05,after_close,2025-11-04,2025-11-05T18:00:07Z,0.38,655439,No,2025-11-06T00:01:11Z,2025-10-29T16:25:43Z,47815.505411,0.10948,-0.13,2025-11-05T21:05:01Z,103409474663.67,43,Consumer Discretionary,7034041,54953.4453125,0.021918719941215,6h,21600,0.7760416666666661,2025-11-05T18:00:07Z,0.38,0.5,0.1444,0.25,0.602240668402777,21664,ok,2025-11-05,2025-11-06,2025-11-05T21:00:00Z,2025-11-05,TRUE,TRUE,0.2-0.4,2
655443,MET,met-quarterly-earnings-nongaap-eps-11-05-2025-2pt32,MET,2025-11-05T21:00:00Z,2025-11-05T21:00:00Z,2025-11-05,after_close,2025-11-04,2025-11-05T18:50:06Z,0.28,655443,Yes,2025-11-06T00:56:51Z,2025-10-29T16:28:05Z,3647.80269,0.08195000000000001,0.05,2025-11-05T21:00:00Z,52355530985.76,16,Financials,394344249,3080814.4453125,0.013116659710116,6h,21600,0.7680412371134021,2025-11-05T18:50:06Z,0.28,0.5,0.5184,0.25,0.05380486767988,22005,ok,2025-11-05,2025-11-06,2025-11-05T21:00:00Z,2025-11-05,TRUE,TRUE,0.2-0.4,2
655448,TKO,tko-quarterly-earnings-gaap-eps-11-05-2025-0pt52,TKO,2025-11-05T21:05:02Z,2025-11-05T21:05:02Z,2025-11-05,after_close,2025-11-04,2025-11-05T18:45:06Z,0.365,655448,No,2025-11-06T00:50:01Z,2025-10-29T16:33:03Z,21755.724732,0.29319,-0.05,2025-11-05T21:05:02Z,36548421040.95,20,Communication Services,136415217,1065743.8828125,0.018546556557009,6h,21600,0.7680412371134021,2025-11-05T18:45:06Z,0.365,0.5,0.133224999999999,0.25,0.589887341906685,21895,ok,2025-11-05,2025-11-06,2025-11-05T21:00:00Z,2025-11-05,TRUE,TRUE,0.2-0.4,2
655449,FIS,fis-quarterly-earnings-nongaap-eps-11-05-2025-1pt48,FIS,2025-11-05T12:00:01Z,2025-11-05T12:00:01Z,2025-11-05,before_open,2025-11-03,2025-11-04T15:00:11Z,0.845,655449,Yes,2025-11-05T15:04:35Z,2025-10-29T16:37:25Z,9730.282601,0.01511,0.03,2025-11-05T12:00:01Z,32210317520.8,29,Financials,465567353,3665884.6692913384,0.016481074514136,1d,86400,0.7759562841530051,2025-11-04T15:00:11Z,0.845,0.5,0.024025,0.25,0.050195586610528,86664,ok,2025-11-04,2025-11-05,2025-11-04T21:00:00Z,2025-11-04,TRUE,TRUE,0.8-1.0,5
655450,HUM,hum-quarterly-earnings-nongaap-eps-11-05-2025-2pt92,HUM,2025-11-05T11:00:00Z,2025-11-05T11:00:00Z,2025-11-05,before_open,2025-11-03,2025-11-04T15:00:07Z,0.92,655450,Yes,2025-11-05T15:02:39Z,2025-10-29T16:41:25Z,11692.555323,0.49323000000000006,0.32,2025-11-05T11:00:00Z,33666837194.56,29,Health Care,229816655,1809579.9606299212,0.029193098169783,1d,86400,0.7759562841530051,2025-11-04T15:00:07Z,0.92,0.5,0.006399999999999,0.25,0.050195586610528,86552,ok,2025-11-04,2025-11-05,2025-11-04T21:00:00Z,2025-11-04,TRUE,TRUE,0.8-1.0,5
655451,ATO,ato-quarterly-earnings-gaap-eps-11-05-2025-0pt97,ATO,2025-11-05T21:31:00Z,2025-11-05T21:31:00Z,2025-11-05,after_close,2025-11-04,2025-11-05T17:40:06Z,0.715,655451,Yes,2025-11-06T17:45:17Z,2025-10-29T16:54:45Z,4049.676631,0.03578,0.1,2025-11-05T21:31:00Z,27923075175.45,15,Utilities,112913429,882136.1640625,0.009911103923797,1d,86400,0.758454106280193,2025-11-05T17:40:06Z,0.715,0.5,0.081225,0.25,0.0583444187729,86711,ok,2025-11-05,2025-11-06,2025-11-05T21:00:00Z,2025-11-05,TRUE,TRUE,0.6-0.8,4
655460,HUBS,hubs-quarterly-earnings-nongaap-eps-11-05-2025-2pt59,HUBS.N,2025-11-05T21:05:02Z,2025-11-05T21:05:02Z,2025-11-05,after_close,2025-11-03,2025-11-05T17:55:10Z,0.91,655460,Yes,2025-11-05T23:59:07Z,2025-10-29T17:01:45Z,5220.919759,0.0309,0.07,2025-11-05T21:05:02Z,25908845813.58,35,Information Technology,21526425,169499.4094488189,0.027382189443308,6h,21600,0.7760416666666661,2025-11-05T17:55:10Z,0.91,0.5,0.008099999999999,0.25,0.050157335069444,21837,ok,2025-11-05,2025-11-06,2025-11-05T21:00:00Z,2025-11-05,TRUE,TRUE,0.8-1.0,5
656723,HNGE,hnge-quarterly-earnings-gaap-eps-11-04-2025-neg0pt21,HNGE.N,2025-11-04T21:05:01Z,2025-11-04T21:05:01Z,2025-11-04,after_close,2025-11-03,2025-11-04T18:55:09Z,0.745,656723,Yes,2025-11-05T01:00:31Z,2025-10-30T12:53:53Z,5749.10451,0.04346,0.65,2025-11-04T21:05:01Z,3962735300.76,15,Health Care,28048764,246041.7894736842,0.043244528538448,6h,21600,0.7865168539325841,2025-11-04T18:55:09Z,0.745,0.5,0.065025,0.25,0.045575053654841,21922,ok,2025-11-04,2025-11-05,2025-11-04T21:00:00Z,2025-11-04,TRUE,TRUE,0.6-0.8,4
656730,TOST,tost-quarterly-earnings-gaap-eps-11-04-2025-0pt12,TOST.N,2025-11-04T21:05:01Z,2025-11-04T21:05:01Z,2025-11-04,after_close,2025-11-03,2025-11-04T18:50:08Z,0.79,656730,Yes,2025-11-05T00:59:29Z,2025-10-30T13:01:33Z,9550.118505,0.01174,0.04,2025-11-04T21:05:01Z,21003360000,28,Financials,258795492,2037759.779527559,0.025259313260502,6h,21600,0.7865168539325841,2025-11-04T18:50:08Z,0.79,0.5,0.044099999999999,0.25,0.045575053654841,22161,ok,2025-11-04,2025-11-05,2025-11-04T21:00:00Z,2025-11-04,TRUE,TRUE,0.6-0.8,4
656735,CBT,cbt-quarterly-earnings-nongaap-eps-11-03-2025-1pt68,CBT,2025-11-03T21:30:01Z,2025-11-03T21:30:01Z,2025-11-03,after_close,2025-11-01,2025-11-03T17:40:07Z,0.8300000000000001,656735,Yes,2025-11-03T23:44:07Z,2025-10-30T13:07:53Z,4360.849684,0.04246,0.019999999999999,2025-11-03T21:30:01Z,3565810617.88,5,Materials,50719627,399367.14173228346,0.018852202850402,6h,21600,0.7869822485207101,2025-11-03T17:40:07Z,0.8300000000000001,0.5,0.0289,0.25,0.04537656244529201,21840,ok,2025-11-03,2025-11-04,2025-11-03T21:00:00Z,2025-11-03,TRUE,TRUE,0.8-1.0,5
656746,PFE,pfe-quarterly-earnings-gaap-eps-11-04-2025-0pt64,PFE,2025-11-04T13:30:00Z,2025-11-04T13:30:00Z,2025-11-04,before_open,2025-11-02,2025-11-03T15:00:09Z,0.225,656746,No,2025-11-04T15:01:47Z,2025-10-30T13:17:55Z,55053.317506,0.05224,0.229999999999999,2025-11-04T13:30:00Z,140152691156.8,22,Health Care,5930150057,47064682.99206349,0.017356486937288,1d,86400,0.7869822485207101,2025-11-03T15:00:09Z,0.225,0.5,0.05062499999999999,0.25,0.619341059486712,86498,ok,2025-11-03,2025-11-04,2025-11-03T21:00:00Z,2025-11-03,TRUE,TRUE,0.2-0.4,2
656755,MAR,mar-quarterly-earnings-nongaap-eps-11-04-2025-2pt39,MAR.N,2025-11-04T12:00:09Z,2025-11-04T12:00:09Z,2025-11-04,before_open,2025-11-02,2025-11-03T14:15:04Z,0.86,656755,Yes,2025-11-04T14:16:51Z,2025-10-30T13:38:15Z,9933.662961,0.06465,0.08,2025-11-04T12:00:09Z,69927110741.1,27,Consumer Discretionary,2688004,21333.36507936508,0.014566895157412,1d,86400,0.7869822485207101,2025-11-03T14:15:04Z,0.86,0.5,0.0196,0.25,0.04537656244529201,86507,ok,2025-11-03,2025-11-04,2025-11-03T21:00:00Z,2025-11-03,TRUE,TRUE,0.8-1.0,5
656760,APO,apo-quarterly-earnings-nongaap-eps-11-04-2025-1pt9,APO,2025-11-04T11:30:00Z,2025-11-04T11:30:00Z,2025-11-04,before_open,2025-11-02,2025-11-03T15:40:07Z,0.835,656760,Yes,2025-11-04T15:43:11Z,2025-10-30T13:48:53Z,17530.312182,0.05471,0.27,2025-11-04T11:30:00Z,72767987134.08,18,Financials,408405246,3241311.476190476,0.020936387934278,1d,86400,0.7869822485207101,2025-11-03T15:40:07Z,0.835,0.5,0.027225,0.25,0.04537656244529201,86584,ok,2025-11-03,2025-11-04,2025-11-03T21:00:00Z,2025-11-03,TRUE,TRUE,0.8-1.0,5
656761,LYV,lyv-quarterly-earnings-gaap-eps-11-04-2025-1pt53,LYV,2025-11-04T21:07:00Z,2025-11-04T21:07:00Z,2025-11-04,after_close,2025-11-03,2025-11-04T18:45:08Z,0.52,656761,No,2025-11-05T00:47:31Z,2025-10-30T13:57:53Z,6186.02997,0.34669000000000005,-0.8,2025-11-04T21:07:00Z,34794233570.48,22,Communication Services,313967392,2472184.188976378,0.014646384313738,6h,21600,0.7865168539325841,2025-11-04T18:45:08Z,0.52,0.5,0.27040000000000003,0.25,0.6186087615200101,21743,ok,2025-11-04,2025-11-05,2025-11-04T21:00:00Z,2025-11-04,TRUE,TRUE,0.4-0.6,3
656782,PJT,pjt-quarterly-earnings-nongaap-eps-11-04-2025-1pt4,PJT,2025-11-04T11:50:00Z,2025-11-04T11:50:00Z,2025-11-04,before_open,2025-11-02,2025-11-03T15:35:06Z,0.905,656782,Yes,2025-11-04T15:38:23Z,2025-10-30T14:04:33Z,7692.502087,0.13878,0.45,2025-11-04T11:50:00Z,6396713695.54,6,Financials,27345902,217030.96825396825,0.017491544671901,1d,86400,0.7869822485207101,2025-11-03T15:35:06Z,0.905,0.5,0.009024999999999,0.25,0.04537656244529201,86597,ok,2025-11-03,2025-11-04,2025-11-03T21:00:00Z,2025-11-03,TRUE,TRUE,0.8-1.0,5
656783,HTZ,htz-quarterly-earnings-nongaap-eps-11-04-2025-0pt07,HTZ.N,2025-11-04T13:00:00Z,2025-11-04T13:00:00Z,2025-11-04,before_open,2025-11-02,2025-11-03T15:20:05Z,0.635,656783,Yes,2025-11-04T15:21:59Z,2025-10-30T14:08:33Z,10095.170968,0.12382,0.049999999999999,2025-11-04T13:00:00Z,1598471602.65,10,Industrials,19261948,152872.60317460317,0.046052495613778,1d,86400,0.7869822485207101,2025-11-03T15:20:05Z,0.635,0.5,0.133224999999999,0.25,0.04537656244529201,86514,ok,2025-11-03,2025-11-04,2025-11-03T21:00:00Z,2025-11-03,TRUE,TRUE,0.6-0.8,4
656785,SONO,sono-quarterly-earnings-nongaap-eps-11-05-2025-0pt05,SONO.N,2025-11-05T13:01:00Z,2025-11-05T13:01:00Z,2025-11-05,before_open,2025-11-03,2025-11-04T16:05:04Z,0.67,656785,No,2025-11-05T16:05:05Z,2025-10-30T14:14:35Z,15038.693599,0.05,-0.36,2025-11-05T13:01:00Z,2021245343.31,4,Consumer Discretionary,5296175,41702.16535433071,0.029124569280929,1d,86400,0.783068783068783,2025-11-04T16:05:04Z,0.67,0.5,0.4489,0.25,0.613196719016824,86401,ok,2025-11-04,2025-11-05,2025-11-04T21:00:00Z,2025-11-04,TRUE,TRUE,0.6-0.8,4
656791,AMPL,ampl-quarterly-earnings-nongaap-eps-11-05-2025-0pt01,AMPL.N,2025-11-05T21:05:03Z,2025-11-05T21:05:03Z,2025-11-05,after_close,2025-11-04,2025-11-05T18:55:06Z,0.72,656791,Yes,2025-11-06T00:58:51Z,2025-10-30T14:20:13Z,9199.635582,0.00708,0.01,2025-11-05T21:05:03Z,1267344929.52,10,Information Technology,3019402,23589.078125,0.031991226984258,6h,21600,0.7680412371134021,2025-11-05T18:55:06Z,0.72,0.5,0.07840000000000001,0.25,0.05380486767988,21825,ok,2025-11-05,2025-11-06,2025-11-05T21:00:00Z,2025-11-05,TRUE,TRUE,0.6-0.8,4
656792,BMBL,bmbl-quarterly-earnings-gaap-eps-11-05-2025-0pt33,BMBL.N,2025-11-05T21:15:01Z,2025-11-05T21:15:01Z,2025-11-05,after_close,2025-11-04,2025-11-05T19:05:08Z,0.275,656792,No,2025-11-06T01:11:01Z,2025-10-30T14:23:35Z,4268.358176,0.10763,0,2025-11-05T21:15:01Z,1384683790.94,15,Communication Services,9169354,71635.578125,0.045381880406966,6h,21600,0.7664974619289341,2025-11-05T19:05:08Z,0.275,0.5,0.07562500000000001,0.25,0.587518359143497,21953,ok,2025-11-05,2025-11-06,2025-11-05T21:00:00Z,2025-11-05,TRUE,TRUE,0.2-0.4,2
656803,EWCZ,ewcz-quarterly-earnings-gaap-eps-11-12-2025-0pt04,EWCZ.N,2025-11-12T11:00:01Z,2025-11-12T11:00:01Z,2025-11-12,before_open,2025-11-10,2025-11-11T14:00:09Z,0.855,656803,Yes,2025-11-12T14:01:17Z,2025-10-30T14:51:33Z,24039.05161,0.02993,0.21,2025-11-12T11:00:01Z,198958774.86,8,Consumer Discretionary,1576459,12413.062992125984,0.039737552036787,1d,86400,0.7428571428571421,2025-11-11T14:00:09Z,0.855,0.5,0.021025,0.25,0.066122448979591,86468,ok,2025-11-11,2025-11-12,2025-11-11T21:00:00Z,2025-11-11,TRUE,TRUE,0.8-1.0,5
656808,FIG,fig-quarterly-earnings-gaap-eps-11-05-2025-neg2pt08,FIG,2025-11-05T21:05:01Z,2025-11-05T21:05:01Z,2025-11-05,after_close,2025-11-04,2025-11-05T18:50:06Z,0.615,656808,No,2025-11-06T00:55:47Z,2025-10-30T14:54:53Z,8626.62797,0.00484,2.18,2025-11-05T21:05:01Z,22703056601.58,11,Information Technology,813116737,11957599.073529411,0.07267549545438201,6h,21600,0.7680412371134021,2025-11-05T18:50:06Z,0.615,0.5,0.378225,0.25,0.589887341906685,21941,ok,2025-11-05,2025-11-06,2025-11-05T21:00:00Z,2025-11-05,TRUE,TRUE,0.6-0.8,4
656817,WING,wing-quarterly-earnings-gaap-eps-11-04-2025-0pt91,WING.N,2025-11-04T12:30:00Z,2025-11-04T12:30:00Z,2025-11-04,before_open,2025-11-02,2025-11-03T15:45:08Z,0.795,656817,Yes,2025-11-04T15:49:23Z,2025-10-30T15:03:55Z,11688.730756,0.05651,0.18000000000000002,2025-11-04T12:30:00Z,6019441919.46,29,Consumer Discretionary,1809137,14358.23015873016,0.03570615320903,1d,86400,0.7869822485207101,2025-11-03T15:45:08Z,0.795,0.5,0.042024999999999,0.25,0.04537656244529201,86655,ok,2025-11-03,2025-11-04,2025-11-03T21:00:00Z,2025-11-03,TRUE,TRUE,0.6-0.8,4
656819,MPC,mpc-quarterly-earnings-gaap-eps-11-04-2025-3pt17,MPC,2025-11-04T11:30:01Z,2025-11-04T11:30:01Z,2025-11-04,before_open,2025-11-02,2025-11-03T15:05:06Z,0.885,656819,Yes,2025-11-04T15:05:37Z,2025-10-30T15:16:13Z,13268.821201,0.20365000000000005,-0.16,2025-11-04T11:30:01Z,58590429181.89,20,Energy,266705827,2116712.912698413,0.015317826665286,1d,86400,0.7869822485207101,2025-11-03T15:05:06Z,0.885,0.5,0.013224999999999,0.25,0.04537656244529201,86431,ok,2025-11-03,2025-11-04,2025-11-03T21:00:00Z,2025-11-03,TRUE,TRUE,0.8-1.0,5
656831,PINS,pins-quarterly-earnings-nongaap-eps-11-04-2025-0pt42,PINS.N,2025-11-04T21:06:00Z,2025-11-04T21:06:00Z,2025-11-04,after_close,2025-11-02,2025-11-04T17:20:04Z,0.385,656831,No,2025-11-04T23:23:03Z,2025-10-30T15:22:37Z,6550.128247,0.03709,-0.039999999999999,2025-11-04T21:06:00Z,22360963014.5,38,Communication Services,270550290,2147224.523809524,0.024552109297649,6h,21600,0.7894736842105261,2025-11-04T17:20:04Z,0.385,0.5,0.148225,0.25,0.6232686980609411,21779,ok,2025-11-04,2025-11-05,2025-11-04T21:00:00Z,2025-11-04,TRUE,TRUE,0.2-0.4,2
656855,COP,cop-quarterly-earnings-nongaap-eps-11-06-2025-1pt41,COP,2025-11-06T13:30:00Z,2025-11-06T13:30:00Z,2025-11-06,before_open,2025-11-04,2025-11-05T15:00:11Z,0.81,656855,Yes,2025-11-06T15:06:57Z,2025-10-30T15:47:13Z,7834.350755,0.12879000000000002,0.2,2025-11-06T13:30:00Z,108631991357.5,30,Energy,918403034,7175023.703125,0.016488771048562,1d,86400,0.7722772277227721,2025-11-05T15:00:11Z,0.81,0.5,0.036099999999999,0.25,0.051857661013626,86806,ok,2025-11-05,2025-11-06,2025-11-05T21:00:00Z,2025-11-05,TRUE,TRUE,0.8-1.0,5
656874,MNST,mnst-quarterly-earnings-gaap-eps-11-06-2025-0pt48,MNST.N,2025-11-06T21:10:01Z,2025-11-06T21:10:01Z,2025-11-06,after_close,2025-11-05,2025-11-06T18:45:06Z,0.74,656874,Yes,2025-11-07T00:47:07Z,2025-10-30T15:59:47Z,27946.161223,0.01912,0.08,2025-11-06T21:10:01Z,66310429929.92,25,Consumer Staples,13117702,102482.046875,0.013712662017357,6h,21600,0.761682242990654,2025-11-06T18:45:06Z,0.74,0.5,0.06760000000000001,0.25,0.056795353305965,21721,ok,2025-11-06,2025-11-07,2025-11-06T21:00:00Z,2025-11-06,TRUE,TRUE,0.6-0.8,4
656996,DDOG,ddog-quarterly-earnings-nongaap-eps-11-06-2025-0pt46,DDOG.N,2025-11-06T12:00:09Z,2025-11-06T12:00:09Z,2025-11-06,before_open,2025-11-04,2025-11-05T14:25:08Z,0.8525,656996,Yes,2025-11-06T14:31:23Z,2025-10-30T16:15:15Z,34539.466463,0.03507,0.09000000000000001,2025-11-06T12:00:09Z,55234149674.99,45,Information Technology,10084343,78783.9296875,0.026075441078787,1d,86400,0.7664974619289341,2025-11-05T14:25:08Z,0.8525,0.5,0.021756249999999,0.25,0.054523435285629,86775,ok,2025-11-05,2025-11-06,2025-11-05T21:00:00Z,2025-11-05,TRUE,TRUE,0.8-1.0,5
657003,WBD,wbd-quarterly-earnings-gaap-eps-11-06-2025-neg0pt08,WBD.N,2025-11-06T12:00:01Z,2025-11-06T12:00:01Z,2025-11-06,before_open,2025-11-04,2025-11-05T15:55:11Z,0.72,657003,Yes,2025-11-06T16:04:39Z,2025-10-30T16:18:35Z,16410.521313,0.10043,0.02,2025-11-06T12:00:01Z,56002223903.4,28,Communication Services,124836274,975283.390625,0.037431361295137,1d,86400,0.760975609756097,2025-11-05T15:55:11Z,0.72,0.5,0.07840000000000001,0.25,0.057132659131469,86968,ok,2025-11-05,2025-11-06,2025-11-05T21:00:00Z,2025-11-05,TRUE,TRUE,0.6-0.8,4
657004,ED,ed-quarterly-earnings-nongaap-eps-11-06-2025-1pt75,ED,2025-11-06T21:36:57Z,2025-11-06T21:36:57Z,2025-11-06,after_close,2025-11-05,2025-11-06T18:50:05Z,0.74,657004,Yes,2025-11-07T00:57:11Z,2025-10-30T16:21:33Z,3023.047212,0.0363,0.14999999999999902,2025-11-06T21:36:57Z,34689521284.88,17,Utilities,304405426,2378167.390625,0.011167311666556,6h,21600,0.756880733944954,2025-11-06T18:50:05Z,0.74,0.5,0.06760000000000001,0.25,0.05910697752714401,22026,ok,2025-11-06,2025-11-07,2025-11-06T21:00:00Z,2025-11-06,TRUE,TRUE,0.6-0.8,4
657005,DD,dd-quarterly-earnings-nongaap-eps-11-06-2025-1pt11,DD,2025-11-06T11:00:00Z,2025-11-06T11:00:00Z,2025-11-06,before_open,2025-11-04,2025-11-05T13:20:04Z,0.795,657005,No,2025-11-06T13:21:05Z,2025-10-30T16:24:33Z,10568.869333,0.01824,-0.02,2025-11-06T11:00:00Z,15820508234.24,18,Materials,407913861,3186827.0390625,0.018369575826851,1d,86400,0.7664974619289341,2025-11-05T13:20:04Z,0.795,0.5,0.6320250000000001,0.25,0.587518359143497,86461,ok,2025-11-05,2025-11-06,2025-11-05T21:00:00Z,2025-11-05,TRUE,TRUE,0.6-0.8,4
657007,EXPE,expe-quarterly-earnings-nongaap-eps-11-06-2025-7pt03,EXPE.N,2025-11-06T21:01:00Z,2025-11-06T21:01:00Z,2025-11-06,after_close,2025-11-05,2025-11-06T18:45:08Z,0.675,657007,Yes,2025-11-07T00:55:05Z,2025-10-30T16:27:15Z,5690.550738,0.37274,0.54,2025-11-06T21:01:00Z,26198677032.15,37,Consumer Discretionary,3482019,27203.2734375,0.020720160289059,6h,21600,0.7592592592592591,2025-11-06T18:45:08Z,0.675,0.5,0.105624999999999,0.25,0.0579561042524,22197,ok,2025-11-06,2025-11-07,2025-11-06T21:00:00Z,2025-11-06,TRUE,TRUE,0.6-0.8,4
657012,SNDK,sndk-quarterly-earnings-nongaap-eps-11-06-2025-0pt88,SNDK.N,2025-11-06T21:05:02Z,2025-11-06T21:05:02Z,2025-11-06,after_close,2025-11-05,2025-11-06T18:45:04Z,0.902,657012,Yes,2025-11-07T00:48:13Z,2025-10-30T16:43:55Z,26425.916232,0.22755000000000003,0.339999999999999,2025-11-06T21:05:02Z,31728763253.5,19,Information Technology,9084063,70969.2421875,0.048147874085816,6h,21600,0.761682242990654,2025-11-06T18:45:04Z,0.902,0.5,0.009603999999999,0.25,0.056795353305965,21789,ok,2025-11-06,2025-11-07,2025-11-06T21:00:00Z,2025-11-06,TRUE,TRUE,0.8-1.0,5
657013,RL,rl-quarterly-earnings-nongaap-eps-11-06-2025-3pt45,RL,2025-11-06T13:01:00Z,2025-11-06T13:01:00Z,2025-11-06,before_open,2025-11-04,2025-11-05T15:40:07Z,0.835,657013,Yes,2025-11-06T15:40:41Z,2025-10-30T16:47:57Z,10784.136672,0.07818,0.339999999999999,2025-11-06T13:01:00Z,18755549112.82,20,Consumer Discretionary,85223439,665808.1171875,0.018184896695816,1d,86400,0.7684729064039401,2025-11-05T15:40:07Z,0.835,0.5,0.027225,0.25,0.053604795069038,86434,ok,2025-11-05,2025-11-06,2025-11-05T21:00:00Z,2025-11-05,TRUE,TRUE,0.8-1.0,5
657018,USFD,usfd-quarterly-earnings-nongaap-eps-11-06-2025-1pt03,USFD.N,2025-11-06T11:45:00Z,2025-11-06T11:45:00Z,2025-11-06,before_open,2025-11-04,2025-11-05T14:45:07Z,0.91,657018,Yes,2025-11-06T14:47:03Z,2025-10-30T16:52:55Z,7213.721704,0.01934,0.04,2025-11-06T11:45:00Z,16361670226.68,19,Consumer Staples,81974404,640425.03125,0.012954017110842,1d,86400,0.7664974619289341,2025-11-05T14:45:07Z,0.91,0.5,0.008099999999999,0.25,0.054523435285629,86516,ok,2025-11-05,2025-11-06,2025-11-05T21:00:00Z,2025-11-05,TRUE,TRUE,0.8-1.0,5
657027,DKNG,dkng-quarterly-earnings-nongaap-eps-11-06-2025-neg0pt25,DKNG.N,2025-11-06T21:15:01Z,2025-11-06T21:15:01Z,2025-11-06,after_close,2025-11-05,2025-11-06T18:50:08Z,0.715,657027,No,2025-11-07T00:56:07Z,2025-10-30T17:04:15Z,34995.802616,0.13088000000000002,-0.27,2025-11-06T21:15:01Z,13897808423.36,32,Consumer Discretionary,31331340,244776.09375,0.027470553798599,6h,21600,0.7557603686635941,2025-11-06T18:50:08Z,0.715,0.5,0.511224999999999,0.25,0.5711737348425321,21959,ok,2025-11-06,2025-11-07,2025-11-06T21:00:00Z,2025-11-06,TRUE,TRUE,0.6-0.8,4
657064,OPEN,open-quarterly-earnings-gaap-eps-11-06-2025-neg0pt07,OPEN.N,2025-11-06T21:07:36Z,2025-11-06T21:07:36Z,2025-11-06,after_close,2025-11-05,2025-11-06T19:20:08Z,0.6000000000000001,657064,No,2025-11-07T01:22:15Z,2025-10-30T18:12:35Z,4938.973007,0.00652,-0.009999999999999,2025-11-06T21:07:36Z,5587672813.17,10,Real Estate,400989428,3132729.90625,0.11969355387855302,6h,21600,0.755656108597285,2025-11-06T19:20:08Z,0.6000000000000001,0.5,0.36,0.25,0.571016154460391,21727,ok,2025-11-06,2025-11-07,2025-11-06T21:00:00Z,2025-11-06,TRUE,TRUE,0.6-0.8,4
657065,NWSA,nwsa-quarterly-earnings-nongaap-eps-11-06-2025-0pt19,NWSA.N,2025-11-06T21:15:01Z,2025-11-06T21:15:01Z,2025-11-06,after_close,2025-11-04,2025-11-06T17:55:10Z,0.52,657065,Yes,2025-11-06T23:58:11Z,2025-10-30T18:15:17Z,5755.113866,0.02972,0.03,2025-11-06T21:15:01Z,15098524355.91,9,Communication Services,11339358,88588.734375,0.013007530342588,6h,21600,0.7619047619047611,2025-11-06T17:55:10Z,0.52,0.5,0.2304,0.25,0.056689342403628,21781,ok,2025-11-06,2025-11-07,2025-11-06T21:00:00Z,2025-11-06,TRUE,TRUE,0.4-0.6,3
657071,FNF,fnf-quarterly-earnings-nongaap-eps-11-06-2025-1pt42,FNF,2025-11-06T21:00:00Z,2025-11-06T21:00:00Z,2025-11-06,after_close,2025-11-05,2025-11-06T18:50:05Z,0.455,657071,Yes,2025-11-07T00:58:15Z,2025-10-30T18:18:35Z,3456.330055,0.08258,0.20999999999999905,2025-11-06T21:00:00Z,14955120188.96,4,Financials,196330116,1533829.03125,0.016557153455834,6h,21600,0.756880733944954,2025-11-06T18:50:05Z,0.455,0.5,0.29702499999999904,0.25,0.05910697752714401,22090,ok,2025-11-06,2025-11-07,2025-11-06T21:00:00Z,2025-11-06,TRUE,TRUE,0.4-0.6,3
657072,H,h-quarterly-earnings-nongaap-eps-11-06-2025-0pt49,H,2025-11-06T11:55:00Z,2025-11-06T11:55:00Z,2025-11-06,before_open,2025-11-04,2025-11-05T14:10:08Z,0.835,657072,No,2025-11-06T14:15:07Z,2025-10-30T18:22:35Z,3173.460259,0.17446,-0.79,2025-11-06T11:55:00Z,12859850729.88,21,Consumer Discretionary,123670453,966175.4140625,0.01706644893303,1d,86400,0.7664974619289341,2025-11-05T14:10:08Z,0.835,0.5,0.697225,0.25,0.587518359143497,86699,ok,2025-11-05,2025-11-06,2025-11-05T21:00:00Z,2025-11-05,TRUE,TRUE,0.8-1.0,5
657073,AKAM,akam-quarterly-earnings-nongaap-eps-11-06-2025-1pt64,AKAM.N,2025-11-06T21:01:00Z,2025-11-06T21:01:00Z,2025-11-06,after_close,2025-11-04,2025-11-06T17:40:08Z,0.9,657073,Yes,2025-11-06T23:49:39Z,2025-10-30T18:25:15Z,15622.318359,0.01275,0.21999999999999903,2025-11-06T21:01:00Z,10353981106.89,26,Information Technology,3145487,24574.1171875,0.018932833456849,6h,21600,0.7619047619047611,2025-11-06T17:40:08Z,0.9,0.5,0.009999999999999,0.25,0.056689342403628,22171,ok,2025-11-06,2025-11-07,2025-11-06T21:00:00Z,2025-11-06,TRUE,TRUE,0.8-1.0,5
657079,MRNA,mrna-quarterly-earnings-gaap-eps-11-06-2025-neg2pt18,MRNA.N,2025-11-06T13:30:00Z,2025-11-06T13:30:00Z,2025-11-06,before_open,2025-11-04,2025-11-05T15:00:13Z,0.85,657079,Yes,2025-11-06T15:09:01Z,2025-10-30T18:29:15Z,6760.015133,0.5262100000000001,1.67,2025-11-06T13:30:00Z,9278638410,26,Health Care,22866260,178642.65625,0.037547813213707,1d,86400,0.7722772277227721,2025-11-05T15:00:13Z,0.85,0.5,0.0225,0.25,0.051857661013626,86928,ok,2025-11-05,2025-11-06,2025-11-05T21:00:00Z,2025-11-05,TRUE,TRUE,0.8-1.0,5
657080,DBX,dbx-quarterly-earnings-nongaap-eps-11-06-2025-0pt65,DBX.N,2025-11-06T21:04:00Z,2025-11-06T21:04:00Z,2025-11-06,after_close,2025-11-04,2025-11-06T17:10:06Z,0.915,657080,Yes,2025-11-06T23:14:51Z,2025-10-30T18:32:17Z,25806.338777,0.02052,0.08999999999999901,2025-11-06T21:04:00Z,7495678129.37,13,Information Technology,6541190,51103.046875,0.015000503934424,6h,21600,0.758454106280193,2025-11-06T17:10:06Z,0.915,0.5,0.007224999999999,0.25,0.0583444187729,21885,ok,2025-11-06,2025-11-07,2025-11-06T21:00:00Z,2025-11-06,TRUE,TRUE,0.8-1.0,5
657085,OS,os-quarterly-earnings-gaap-eps-11-06-2025-neg0pt14,OS.N,2025-11-06T21:05:00Z,2025-11-06T21:05:00Z,2025-11-06,after_close,2025-11-04,2025-11-06T17:10:08Z,0.65,657085,Yes,2025-11-06T23:16:57Z,2025-10-30T18:39:15Z,13116.459201,0.00938,0.22000000000000003,2025-11-06T21:05:00Z,4532460860.07,19,Information Technology,2717683,21231.8984375,0.02786507985869,6h,21600,0.759615384615384,2025-11-06T17:10:08Z,0.65,0.5,0.122499999999999,0.25,0.057784763313609,22009,ok,2025-11-06,2025-11-07,2025-11-06T21:00:00Z,2025-11-06,TRUE,TRUE,0.6-0.8,4
657086,CRSP,crsp-quarterly-earnings-gaap-eps-11-04-2025-neg1pt24,CRSP.N,2025-11-10T13:00:00Z,2025-11-10T13:00:00Z,2025-11-10,before_open,2025-11-08,2025-11-07T15:40:06Z,0.645,657086,Yes,2025-11-10T15:41:48Z,2025-10-30T18:43:57Z,11810.2227,0.20317,0.07,2025-11-10T13:00:00Z,5252948842.96,29,Health Care,3844653,30272.858267716536,0.039141111768052,3d,259200,0.7481203007518791,2025-11-07T15:40:06Z,0.645,0.5,0.126025,0.25,0.063443382893323,259302,ok,2025-11-07,2025-11-10,2025-11-07T21:00:00Z,2025-11-07,TRUE,TRUE,0.6-0.8,4
657290,PTON,pton-quarterly-earnings-gaap-eps-11-06-2025-0,PTON.N,2025-11-06T21:01:02Z,2025-11-06T21:01:02Z,2025-11-06,after_close,2025-11-04,2025-11-06T17:35:07Z,0.425,657290,Yes,2025-11-06T23:38:55Z,2025-10-30T19:29:15Z,5317.694975,0.02053,0.03,2025-11-06T21:01:02Z,2953891757.04,19,Consumer Discretionary,30616209,239189.1328125,0.044060619871508,6h,21600,0.7619047619047611,2025-11-06T17:35:07Z,0.425,0.5,0.330624999999999,0.25,0.056689342403628,21828,ok,2025-11-06,2025-11-07,2025-11-06T21:00:00Z,2025-11-06,TRUE,TRUE,0.4-0.6,3
657295,ICUI,icui-quarterly-earnings-nongaap-eps-11-06-2025-1pt43,ICUI.N,2025-11-06T21:00:00Z,2025-11-06T21:00:00Z,2025-11-06,after_close,2025-11-05,2025-11-06T18:25:05Z,0.8150000000000001,657295,Yes,2025-11-07T00:26:23Z,2025-10-30T19:37:57Z,8405.379996,0.14874,0.5999999999999991,2025-11-06T21:00:00Z,3144586750.8,7,Health Care,641068,5008.34375,0.026463534440271,6h,21600,0.76056338028169,2025-11-06T18:25:05Z,0.8150000000000001,0.5,0.034225,0.25,0.05732989486213,21678,ok,2025-11-06,2025-11-07,2025-11-06T21:00:00Z,2025-11-06,TRUE,TRUE,0.8-1.0,5
657300,WRBY,wrby-quarterly-earnings-gaap-eps-11-06-2025-0pt05,WRBY.N,2025-11-06T11:45:00Z,2025-11-06T11:45:00Z,2025-11-06,before_open,2025-11-04,2025-11-05T16:05:07Z,0.30000000000000004,657300,No,2025-11-06T16:09:41Z,2025-10-30T19:50:35Z,10335.650925,0.01155,0.06999999999999901,2025-11-06T11:45:00Z,2400538575.45,14,Consumer Discretionary,85249361,666010.6328125,0.031725851608596,1d,86400,0.758454106280193,2025-11-05T16:05:07Z,0.30000000000000004,0.5,0.09,0.25,0.5752526313332861,86674,ok,2025-11-05,2025-11-06,2025-11-05T21:00:00Z,2025-11-05,TRUE,TRUE,0.2-0.4,2
657371,CGBD,cgbd-quarterly-earnings-gaap-eps-11-04-2025-0pt39,CGBD.N,2025-11-04T21:00:00Z,2025-11-04T21:00:00Z,2025-11-04,after_close,2025-11-03,2025-11-04T19:05:06Z,0.39,657371,No,2025-11-05T01:09:37Z,2025-10-30T21:01:57Z,3680.877756,0.01118,-0.01,2025-11-04T21:00:00Z,920035620.22,7,Financials,1851922,14582.062992125984,0.012456869755367,6h,21600,0.7865168539325841,2025-11-04T19:05:06Z,0.39,0.5,0.1521,0.25,0.6186087615200101,21871,ok,2025-11-04,2025-11-05,2025-11-04T21:00:00Z,2025-11-04,TRUE,TRUE,0.2-0.4,2
657435,RIVN,rivn-quarterly-earnings-gaap-eps-11-04-2025-neg0pt86,RIVN.N,2025-11-04T21:03:00Z,2025-11-04T21:03:00Z,2025-11-04,after_close,2025-11-03,2025-11-04T18:25:07Z,0.515,657435,No,2025-11-05T00:31:25Z,2025-10-30T21:45:17Z,12842.033515,0.08409000000000001,0.20999999999999905,2025-11-04T21:03:00Z,16169793986.85,30,Consumer Discretionary,76966969,606039.125984252,0.027499727359919,6h,21600,0.7865168539325841,2025-11-04T18:25:07Z,0.515,0.5,0.265225,0.25,0.6186087615200101,21978,ok,2025-11-04,2025-11-05,2025-11-04T21:00:00Z,2025-11-04,TRUE,TRUE,0.4-0.6,3
657445,AMD,amd-quarterly-earnings-nongaap-eps-11-04-2025-1pt17,AMD.N,2025-11-04T21:15:02Z,2025-11-04T21:15:02Z,2025-11-04,after_close,2025-11-02,2025-11-04T17:30:04Z,0.8735,657445,Yes,2025-11-04T23:34:17Z,2025-10-30T21:53:57Z,41628.045143,0.03213,0.03,2025-11-04T21:15:02Z,416973999224.8,54,Information Technology,58628995,465309.48412698414,0.034972652076307,6h,21600,0.7894736842105261,2025-11-04T17:30:04Z,0.8735,0.5,0.016002249999999,0.25,0.044321329639889,21853,ok,2025-11-04,2025-11-05,2025-11-04T21:00:00Z,2025-11-04,TRUE,TRUE,0.8-1.0,5
657454,SHOP,shop-quarterly-earnings-gaap-eps-11-04-2025-0pt25,SHOP.N,2025-11-04T12:01:37Z,2025-11-04T12:01:37Z,2025-11-04,before_open,2025-11-02,2025-11-03T19:00:12Z,0.865,657454,No,2025-11-04T19:04:29Z,2025-10-30T22:01:37Z,27982.267873,0.04238,0.09000000000000001,2025-11-04T12:01:37Z,226338405550.84,45,Information Technology,17980499,142702.37301587302,0.032765088788793,1d,86400,0.7894736842105261,2025-11-03T19:00:12Z,0.865,0.5,0.7482249999999999,0.25,0.6232686980609411,86657,ok,2025-11-03,2025-11-04,2025-11-03T21:00:00Z,2025-11-03,TRUE,TRUE,0.8-1.0,5
658478,USAR,usar-quarterly-earnings-nongaap-eps-11-06-2025-neg0pt07,USAR.N,2025-11-06T21:00:00Z,2025-11-06T21:00:00Z,2025-11-06,after_close,2025-11-05,2025-11-06T19:15:06Z,0.68,658478,No,2025-11-07T01:15:17Z,2025-10-31T18:12:06Z,5333.213212,0.03897,-0.18,2025-11-06T21:00:00Z,2237612524.07,5,Materials,10169548,79449.59375,0.077397809914447,6h,21600,0.755656108597285,2025-11-06T19:15:06Z,0.68,0.5,0.4624,0.25,0.571016154460391,21611,ok,2025-11-06,2025-11-07,2025-11-06T21:00:00Z,2025-11-06,TRUE,TRUE,0.6-0.8,4
658481,MRX,mrx-quarterly-earnings-nongaap-eps-11-06-2025-0pt94,MRX.N,2025-11-06T12:00:06Z,2025-11-06T12:00:06Z,2025-11-06,before_open,2025-11-04,2025-11-05T15:00:26Z,0.925,658481,Yes,2025-11-06T15:04:55Z,2025-10-31T18:18:26Z,4495.889884,0.02533,0.02,2025-11-06T12:00:06Z,2238730685.38,9,Financials,1737366,13573.171875,0.023377729626048,1d,86400,0.7722772277227721,2025-11-05T15:00:26Z,0.925,0.5,0.005624999999999,0.25,0.051857661013626,86669,ok,2025-11-05,2025-11-06,2025-11-05T21:00:00Z,2025-11-05,TRUE,TRUE,0.8-1.0,5
658486,YELP,yelp-quarterly-earnings-gaap-eps-11-06-2025-0pt53,YELP.N,2025-11-06T21:05:02Z,2025-11-06T21:05:02Z,2025-11-06,after_close,2025-11-04,2025-11-06T17:20:20Z,0.605,658486,Yes,2025-11-06T23:25:37Z,2025-10-31T18:21:28Z,8373.140564,0.02342,0.079999999999999,2025-11-06T21:05:02Z,1929618614.82,11,Communication Services,39982694,312364.796875,0.021919956525106,6h,21600,0.7607655502392341,2025-11-06T17:20:20Z,0.605,0.5,0.15602500000000002,0.25,0.05723312195233601,21917,ok,2025-11-06,2025-11-07,2025-11-06T21:00:00Z,2025-11-06,TRUE,TRUE,0.6-0.8,4
658487,UAA,uaa-quarterly-earnings-nongaap-eps-11-06-2025-0pt02,UAA,2025-11-06T11:55:00Z,2025-11-06T11:55:00Z,2025-11-06,before_open,2025-11-04,2025-11-05T15:00:22Z,0.605,658487,Yes,2025-11-06T15:02:51Z,2025-10-31T18:24:08Z,5060.60872,0.00695,0.02,2025-11-06T11:55:00Z,1862915446.08,29,Consumer Discretionary,1560053715,12187919.6484375,0.030185377372002,1d,86400,0.7711442786069651,2025-11-05T15:00:22Z,0.605,0.5,0.15602500000000002,0.25,0.052374941214326,86549,ok,2025-11-05,2025-11-06,2025-11-05T21:00:00Z,2025-11-05,TRUE,TRUE,0.6-0.8,4
658488,TRIP,trip-quarterly-earnings-nongaap-eps-11-06-2025-0pt55,TRIP.N,2025-11-06T12:05:00Z,2025-11-06T12:05:00Z,2025-11-06,before_open,2025-11-04,2025-11-05T14:25:07Z,0.61,658488,Yes,2025-11-06T14:25:09Z,2025-10-31T18:31:28Z,21450.536579,0.10879,0.099999999999999,2025-11-06T12:05:00Z,1731412500.59,18,Communication Services,8598157,67173.1015625,0.034497166948607,1d,86400,0.7664974619289341,2025-11-05T14:25:07Z,0.61,0.5,0.1521,0.25,0.054523435285629,86402,ok,2025-11-05,2025-11-06,2025-11-05T21:00:00Z,2025-11-05,TRUE,TRUE,0.6-0.8,4
658493,PZZA,pzza-quarterly-earnings-nongaap-eps-11-06-2025-0pt41,PZZA.N,2025-11-06T12:00:01Z,2025-11-06T12:00:01Z,2025-11-06,before_open,2025-11-04,2025-11-05T14:10:07Z,0.755,658493,No,2025-11-06T14:18:01Z,2025-10-31T18:37:26Z,11276.418105,0.04582000000000001,-0.08999999999999901,2025-11-06T12:00:01Z,1425355913.52,17,Consumer Discretionary,2173321,16979.0703125,0.032877594531724,1d,86400,0.7664974619289341,2025-11-05T14:10:07Z,0.755,0.5,0.570025,0.25,0.587518359143497,86874,ok,2025-11-05,2025-11-06,2025-11-05T21:00:00Z,2025-11-05,TRUE,TRUE,0.6-0.8,4
658498,SG,sg-quarterly-earnings-gaap-eps-11-06-2025-neg0pt17,SG,2025-11-06T21:05:02Z,2025-11-06T21:05:02Z,2025-11-06,after_close,2025-11-05,2025-11-06T18:20:08Z,0.33,658498,No,2025-11-07T00:24:19Z,2025-10-31T18:52:08Z,10571.830012,0.01526,-0.139999999999999,2025-11-06T21:05:02Z,765876810.27,14,Consumer Discretionary,742175563,5798246.5859375,0.047544705311077,6h,21600,0.76056338028169,2025-11-06T18:20:08Z,0.33,0.5,0.1089,0.25,0.5784566554255101,21851,ok,2025-11-06,2025-11-07,2025-11-06T21:00:00Z,2025-11-06,TRUE,TRUE,0.2-0.4,2
658499,GPRO,gpro-quarterly-earnings-nongaap-eps-11-06-2025-neg0pt04,GPRO.N,2025-11-06T21:05:00Z,2025-11-06T21:05:00Z,2025-11-06,after_close,2025-11-05,2025-11-06T18:00:08Z,0.37,658499,No,2025-11-07T00:03:07Z,2025-10-31T18:59:06Z,8964.650029,0,-0.049999999999999,2025-11-06T21:05:00Z,282719046.75,2,Consumer Discretionary,18122244,141580.03125,0.07284068527884201,6h,21600,0.75943396226415,2025-11-06T18:00:08Z,0.37,0.5,0.1369,0.25,0.576739943040227,21779,ok,2025-11-06,2025-11-07,2025-11-06T21:00:00Z,2025-11-06,TRUE,TRUE,0.2-0.4,2
658526,BIRD,bird-quarterly-earnings-gaap-eps-11-06-2025-neg2pt66,BIRD.N,2025-11-06T21:05:16Z,2025-11-06T21:05:16Z,2025-11-06,after_close,2025-11-04,2025-11-06T17:50:08Z,0.41,658526,Yes,2025-11-06T23:54:55Z,2025-10-31T19:52:28Z,7799.572031,0.04321,0.261,2025-11-06T21:05:16Z,66854568.88,3,Consumer Discretionary,36130,319.7345132743363,0.08643349973796001,6h,21600,0.7619047619047611,2025-11-06T17:50:08Z,0.41,0.5,0.3481,0.25,0.056689342403628,21887,ok,2025-11-06,2025-11-07,2025-11-06T21:00:00Z,2025-11-06,TRUE,TRUE,0.4-0.6,3
658547,BZFD,bzfd-quarterly-earnings-gaap-eps-11-06-2025-neg0pt06,BZFD.N,2025-11-06T21:10:00Z,2025-11-06T21:10:00Z,2025-11-06,after_close,2025-11-05,2025-11-06T19:20:08Z,0.46,658547,No,2025-11-07T01:22:15Z,2025-10-31T20:12:08Z,1336.252219,0,-0.14,2025-11-06T21:10:00Z,60648834.62,1,Communication Services,169671,1325.5546875,0.040587792309533,6h,21600,0.755656108597285,2025-11-06T19:20:08Z,0.46,0.5,0.2116,0.25,0.571016154460391,21727,ok,2025-11-06,2025-11-07,2025-11-06T21:00:00Z,2025-11-06,TRUE,TRUE,0.4-0.6,3
658568,KKR,kkr-quarterly-earnings-nongaap-eps-11-07-2025-1pt29,KKR,2025-11-07T13:30:00Z,2025-11-07T13:30:00Z,2025-11-07,before_open,2025-11-05,2025-11-06T15:25:07Z,0.91,658568,Yes,2025-11-07T15:26:49Z,2025-10-31T20:39:26Z,12921.734793,0.03274,0.119999999999999,2025-11-07T13:30:00Z,105924893915.25,21,Financials,489694794,3825740.578125,0.020608335126098,1d,86400,0.75,2025-11-06T15:25:07Z,0.91,0.5,0.008099999999999,0.25,0.0625,86502,ok,2025-11-06,2025-11-07,2025-11-06T21:00:00Z,2025-11-06,TRUE,TRUE,0.8-1.0,5
658589,CELH,celh-quarterly-earnings-gaap-eps-11-06-2025-0pt26,CELH.N,2025-11-06T11:00:00Z,2025-11-06T11:00:00Z,2025-11-06,before_open,2025-11-04,2025-11-05T14:35:04Z,0.8300000000000001,658589,No,2025-11-06T14:39:05Z,2025-10-31T21:19:48Z,58468.980582,0.0461,0.159999999999999,2025-11-06T11:00:00Z,15353692289.32,24,Consumer Staples,11988825,93662.6953125,0.027821665118219,1d,86400,0.7664974619289341,2025-11-05T14:35:04Z,0.8300000000000001,0.5,0.6889000000000001,0.25,0.587518359143497,86641,ok,2025-11-05,2025-11-06,2025-11-05T21:00:00Z,2025-11-05,TRUE,TRUE,0.8-1.0,5
658619,BEN,ben-quarterly-earnings-nongaap-eps-11-07-2025-0pt59,BEN,2025-11-07T13:30:00Z,2025-11-07T13:30:00Z,2025-11-07,before_open,2025-11-05,2025-11-06T17:05:04Z,0.81,658619,Yes,2025-11-07T17:05:51Z,2025-10-31T21:29:28Z,21514.79079,0.01602,0.08,2025-11-07T13:30:00Z,11857290400.8,11,Financials,553621549,4325168.3515625,0.014800531187118,1d,86400,0.75,2025-11-06T17:05:04Z,0.81,0.5,0.036099999999999,0.25,0.0625,86447,ok,2025-11-06,2025-11-07,2025-11-06T21:00:00Z,2025-11-06,TRUE,TRUE,0.8-1.0,5
658624,MKTX,mktx-quarterly-earnings-gaap-eps-11-07-2025-1pt68,MKTX.N,2025-11-07T13:30:00Z,2025-11-07T13:30:00Z,2025-11-07,before_open,2025-11-05,2025-11-06T14:15:04Z,0.8150000000000001,658624,Yes,2025-11-07T14:16:27Z,2025-10-31T21:35:28Z,18345.98631,0.03645,0.159999999999999,2025-11-07T13:30:00Z,5984612788,16,Financials,1228979,9601.3984375,0.017266259506936,1d,86400,0.7477876106194691,2025-11-06T14:15:04Z,0.8150000000000001,0.5,0.034225,0.25,0.06361108935703601,86483,ok,2025-11-06,2025-11-07,2025-11-06T21:00:00Z,2025-11-06,TRUE,TRUE,0.8-1.0,5
658859,GT,gt-quarterly-earnings-nongaap-eps-11-03-2025-0pt16,GT.N,2025-11-03T21:30:00Z,2025-11-03T21:30:00Z,2025-11-03,after_close,2025-11-01,2025-11-03T17:35:06Z,0.325,658859,Yes,2025-11-03T23:38:37Z,2025-10-31T22:22:32Z,9762.898791,0.07142000000000001,0.12,2025-11-03T21:30:00Z,1971648663.01,14,Consumer Discretionary,18526978,145881.71653543308,0.028959389172417,6h,21600,0.7869822485207101,2025-11-03T17:35:06Z,0.325,0.5,0.45562500000000006,0.25,0.04537656244529201,21811,ok,2025-11-03,2025-11-04,2025-11-03T21:00:00Z,2025-11-03,TRUE,TRUE,0.2-0.4,2
658905,WEN,wen-quarterly-earnings-nongaap-eps-11-07-2025-0pt2,WEN.N,2025-11-07T12:00:00Z,2025-11-07T12:00:00Z,2025-11-07,before_open,2025-11-05,2025-11-06T14:15:06Z,0.315,658905,Yes,2025-11-07T14:19:23Z,2025-10-31T22:22:58Z,18789.336584,0.00974,0.039999999999999,2025-11-07T12:00:00Z,1728285211.48,29,Consumer Discretionary,17120920,133757.1875,0.020770288632065,1d,86400,0.744493392070484,2025-11-06T14:15:06Z,0.315,0.5,0.46922500000000006,0.25,0.06528362669564701,86657,ok,2025-11-06,2025-11-07,2025-11-06T21:00:00Z,2025-11-06,TRUE,TRUE,0.2-0.4,2
658909,AMC,amc-quarterly-earnings-nongaap-eps-11-05-2025-neg0pt22,AMC,2025-11-05T21:21:00Z,2025-11-05T21:21:00Z,2025-11-05,after_close,2025-11-04,2025-11-05T18:10:04Z,0.77,658909,Yes,2025-11-06T00:12:07Z,2025-10-31T22:23:02Z,3161.523883,0.02919,-0.34,2025-11-05T21:21:00Z,1287488338.11,7,Communication Services,1923293512,15025730.5625,0.037325910354559,6h,21600,0.7760416666666661,2025-11-05T18:10:04Z,0.77,0.5,0.052899999999999,0.25,0.050157335069444,21723,ok,2025-11-05,2025-11-06,2025-11-05T21:00:00Z,2025-11-05,TRUE,TRUE,0.6-0.8,4
667880,OXY,oxy-quarterly-earnings-nongaap-eps-11-10-2025-0pt51,OXY,2025-11-10T21:15:00Z,2025-11-10T21:15:00Z,2025-11-10,after_close,2025-11-08,2025-11-10T17:45:05Z,0.855,667880,Yes,2025-11-10T23:45:36Z,2025-11-06T17:42:49Z,21738.19238,0.09942,0.13,2025-11-10T21:15:00Z,40699043028.54,26,Energy,1370908636,10794556.188976375,0.019246312736837,6h,21600,0.7481203007518791,2025-11-10T17:45:05Z,0.855,0.5,0.021025,0.25,0.063443382893323,21631,ok,2025-11-10,2025-11-11,2025-11-10T21:00:00Z,2025-11-10,TRUE,TRUE,0.8-1.0,5
667887,TSN,tsn-quarterly-earnings-nongaap-eps-11-10-2025-0pt83,TSN,2025-11-10T12:30:00Z,2025-11-10T12:30:00Z,2025-11-10,before_open,2025-11-08,2025-11-07T14:55:09Z,0.745,667887,Yes,2025-11-10T14:55:42Z,2025-11-06T17:44:27Z,17692.167868,0.0717,0.319999999999999,2025-11-10T12:30:00Z,18598889461.2,14,Consumer Staples,348774060,2746252.440944882,0.011552875384066,3d,259200,0.7481203007518791,2025-11-07T14:55:09Z,0.745,0.5,0.065025,0.25,0.063443382893323,259233,ok,2025-11-07,2025-11-10,2025-11-07T21:00:00Z,2025-11-07,TRUE,TRUE,0.6-0.8,4
667902,TSEM,tsem-quarterly-earnings-gaap-eps-11-10-2025-0pt45,TSEM.N,2025-11-10T12:00:00Z,2025-11-10T12:00:00Z,2025-11-10,before_open,2025-11-08,2025-11-07T15:25:05Z,0.785,667902,Yes,2025-11-10T15:26:40Z,2025-11-06T17:49:53Z,30192.669045,0.01327,0.1,2025-11-10T12:00:00Z,9402858499.09,6,Information Technology,1639564,12909.952755905511,0.028756618239429,3d,259200,0.7481203007518791,2025-11-07T15:25:05Z,0.785,0.5,0.046224999999999,0.25,0.063443382893323,259295,ok,2025-11-07,2025-11-10,2025-11-07T21:00:00Z,2025-11-07,TRUE,TRUE,0.6-0.8,4
667903,HHH,hhh-quarterly-earnings-gaap-eps-11-10-2025-1pt53,HHH,2025-11-10T12:00:00Z,2025-11-10T12:00:00Z,2025-11-10,before_open,2025-11-08,2025-11-07T14:35:06Z,0.705,667903,Yes,2025-11-10T14:38:10Z,2025-11-06T17:50:27Z,7159.121119,0.42,0.49,2025-11-10T12:00:00Z,4756621986.4,3,Real Estate,53417117,420607.22047244094,0.015593060716608,3d,259200,0.7481203007518791,2025-11-07T14:35:06Z,0.705,0.5,0.087025,0.25,0.063443382893323,259384,ok,2025-11-07,2025-11-10,2025-11-07T21:00:00Z,2025-11-07,TRUE,TRUE,0.6-0.8,4
667905,ETOR,etor-quarterly-earnings-gaap-eps-11-10-2025-0pt55,ETOR.N,2025-11-10T12:00:01Z,2025-11-10T12:00:01Z,2025-11-10,before_open,2025-11-08,2025-11-07T15:10:07Z,0.615,667905,No,2025-11-10T15:14:50Z,2025-11-06T17:55:07Z,27625.11139,0.07209,0.049999999999999,2025-11-10T12:00:01Z,2919595101.44,15,Financials,1589350,12817.33870967742,0.035275501823151,3d,259200,0.7481203007518791,2025-11-07T15:10:07Z,0.615,0.5,0.378225,0.25,0.559683984397083,259483,ok,2025-11-07,2025-11-10,2025-11-07T21:00:00Z,2025-11-07,TRUE,TRUE,0.6-0.8,4
667914,GETY,gety-quarterly-earnings-gaap-eps-11-10-2025-0pt04,GETY.N,2025-11-10T21:07:00Z,2025-11-10T21:07:00Z,2025-11-10,after_close,2025-11-08,2025-11-10T17:30:11Z,0.155,667914,Yes,2025-11-10T23:36:28Z,2025-11-06T17:59:49Z,25854.250299,0.00818,0.01,2025-11-10T21:07:00Z,736072520.37,3,Communication Services,38604921,303975.7559055118,0.041885440501563,6h,21600,0.7481203007518791,2025-11-10T17:30:11Z,0.155,0.5,0.714024999999999,0.25,0.063443382893323,21977,ok,2025-11-10,2025-11-11,2025-11-10T21:00:00Z,2025-11-10,TRUE,TRUE,0.0-0.2,1
667915,CHGG,chgg-quarterly-earnings-nongaap-eps-11-10-2025-neg0pt08,CHGG.N,2025-11-10T21:05:00Z,2025-11-10T21:05:00Z,2025-11-10,after_close,2025-11-09,2025-11-10T18:10:05Z,0.38,667915,Yes,2025-11-11T00:14:36Z,2025-11-06T18:02:47Z,21861.005934,0.05019,0.08,2025-11-10T21:05:00Z,97351411.9172,4,Consumer Discretionary,80368507,637845.2936507936,0.07488218417688601,6h,21600,0.7481203007518791,2025-11-10T18:10:05Z,0.38,0.5,0.3844,0.25,0.063443382893323,21871,ok,2025-11-10,2025-11-11,2025-11-10T21:00:00Z,2025-11-10,TRUE,TRUE,0.2-0.4,2
667924,BCSF,bcsf-quarterly-earnings-gaap-eps-11-10-2025-0pt45,BCSF.N,2025-11-10T22:26:00Z,2025-11-10T22:26:00Z,2025-11-10,after_close,2025-11-09,2025-11-10T19:30:10Z,0.635,667924,No,2025-11-11T01:33:36Z,2025-11-06T17:58:09Z,17157.826271,0,0,2025-11-10T22:26:00Z,901023562.23,3,Financials,10446612,82909.61904761905,0.01234950253957,6h,21600,0.7481203007518791,2025-11-10T19:30:10Z,0.635,0.5,0.403225,0.25,0.559683984397083,21806,ok,2025-11-10,2025-11-11,2025-11-10T21:00:00Z,2025-11-10,TRUE,TRUE,0.6-0.8,4
668446,REAL,real-quarterly-earnings-nongaap-eps-11-10-2025-neg0pt06,REAL.N,2025-11-10T21:05:01Z,2025-11-10T21:05:01Z,2025-11-10,after_close,2025-11-08,2025-11-10T17:45:08Z,0.8200000000000001,668446,Yes,2025-11-10T23:49:38Z,2025-11-06T21:37:49Z,20449.054715,0.00881,0.019999999999999,2025-11-10T21:05:01Z,1282344488.53,8,Consumer Discretionary,8793209,69237.86614173229,0.043627766891423,6h,21600,0.7481203007518791,2025-11-10T17:45:08Z,0.8200000000000001,0.5,0.0324,0.25,0.063443382893323,21870,ok,2025-11-10,2025-11-11,2025-11-10T21:00:00Z,2025-11-10,TRUE,TRUE,0.8-1.0,5
668447,TBPH,tbph-quarterly-earnings-gaap-eps-11-10-2025-neg0pt13,TBPH.N,2025-11-10T21:05:00Z,2025-11-10T21:05:00Z,2025-11-10,after_close,2025-11-08,2025-11-10T17:40:17Z,0.625,668447,Yes,2025-11-10T23:41:42Z,2025-11-06T21:42:11Z,10530.68682,0.07244,0.2,2025-11-10T21:05:00Z,747418357.25,6,Health Care,723498,5696.834645669292,0.026129290573394,6h,21600,0.7481203007518791,2025-11-10T17:40:17Z,0.625,0.5,0.140625,0.25,0.063443382893323,21685,ok,2025-11-10,2025-11-11,2025-11-10T21:00:00Z,2025-11-10,TRUE,TRUE,0.6-0.8,4
668448,IHRT,ihrt-quarterly-earnings-gaap-eps-11-10-2025-neg0pt01,IHRT.N,2025-11-10T21:00:00Z,2025-11-10T21:00:00Z,2025-11-10,after_close,2025-11-10,2025-11-10T07:20:05Z,0.28,668448,No,2025-11-12T07:22:43Z,2025-11-06T21:42:49Z,14905.804877,0.05244000000000001,-0.42,2025-11-10T21:00:00Z,686224436.4,4,Communication Services,2041289,16073.141732283464,0.056912267754078,2d,172800,0.7428571428571421,2025-11-10T07:20:05Z,0.28,0.5,0.07840000000000001,0.25,0.5518367346938771,172958,ok,2025-11-10,2025-11-11,2025-11-10T21:00:00Z,2025-11-10,TRUE,TRUE,0.2-0.4,2
668453,OKLO,oklo-quarterly-earnings-gaap-eps-11-11-2025-neg0pt12,OKLO.N,2025-11-11T21:00:00Z,2025-11-11T21:00:00Z,2025-11-11,after_close,2025-11-10,2025-11-11T19:10:10Z,0.305,668453,No,2025-11-12T01:17:33Z,2025-11-06T21:44:11Z,18381.3387,0.03563,-0.08,2025-11-11T21:00:00Z,17424673804,18,Utilities,424631774,3343557.275590551,0.06965413222061201,6h,21600,0.745519713261648,2025-11-11T19:10:10Z,0.305,0.5,0.093025,0.25,0.555799642861731,22043,ok,2025-11-11,2025-11-12,2025-11-11T21:00:00Z,2025-11-11,TRUE,TRUE,0.2-0.4,2
668459,FLUT,flut-quarterly-earnings-nongaap-eps-11-12-2025-0pt53,FLUT.N,2025-11-12T21:05:00Z,2025-11-12T21:05:00Z,2025-11-12,after_close,2025-11-10,2025-11-12T17:20:09Z,0.895,668459,Yes,2025-11-12T23:22:08Z,2025-11-06T21:47:29Z,20070.875178,0.50685,1.109999999999999,2025-11-12T21:05:00Z,40286893932.3,26,Consumer Discretionary,78301709,616548.8897637795,0.02112311772362,6h,21600,0.7428571428571421,2025-11-12T17:20:09Z,0.895,0.5,0.011024999999999,0.25,0.066122448979591,21719,ok,2025-11-12,2025-11-13,2025-11-12T21:00:00Z,2025-11-12,TRUE,TRUE,0.8-1.0,5
668460,CRCL,crcl-quarterly-earnings-gaap-eps-11-12-2025-0pt17,CRCL.N,2025-11-12T11:25:00Z,2025-11-12T11:25:00Z,2025-11-12,before_open,2025-11-10,2025-11-11T13:40:04Z,0.865,668460,Yes,2025-11-12T13:49:11Z,2025-11-06T21:51:49Z,66610.940007,0.12769,0.03,2025-11-12T11:25:00Z,24513009023.1,21,Information Technology,255665899,2324235.4454545453,0.078564996662198,1d,86400,0.7428571428571421,2025-11-11T13:40:04Z,0.865,0.5,0.01822499999999999,0.25,0.066122448979591,86947,ok,2025-11-11,2025-11-12,2025-11-11T21:00:00Z,2025-11-11,TRUE,TRUE,0.8-1.0,5
668465,RUM,rum-quarterly-earnings-gaap-eps-11-12-2025-neg0pt06,RUM.N,2025-11-10T05:46:51Z,2025-11-10T05:46:51Z,2025-11-10,before_open,2025-11-09,2025-11-07T01:05:06Z,0.67,668465,No,2025-11-11T01:09:14Z,2025-11-06T21:52:29Z,16945.288925,0.02055,0,2025-11-10T05:46:51Z,1997129974.67,4,Communication Services,5546783,44022.0873015873,0.034470061004277,4d,345600,0.7481203007518791,2025-11-07T01:05:06Z,0.67,0.5,0.4489,0.25,0.559683984397083,345848,ok,2025-11-07,2025-11-10,2025-11-07T21:00:00Z,2025-11-07,TRUE,TRUE,0.6-0.8,4
668474,PLBY,plby-quarterly-earnings-gaap-eps-11-12-2025-neg0pt02,PLBY.N,2025-11-12T21:08:09Z,2025-11-12T21:08:09Z,2025-11-12,after_close,2025-11-11,2025-11-12T19:55:13Z,0.14,668474,Yes,2025-11-13T02:04:22Z,2025-11-06T21:55:09Z,13054.090025,0,0.02,2025-11-12T21:08:09Z,145472452.2,3,Consumer Discretionary,578074,4516.203125,0.042497470917993,6h,21600,0.7411347517730491,2025-11-12T19:55:13Z,0.14,0.5,0.739599999999999,0.25,0.0670112167396,22149,ok,2025-11-12,2025-11-13,2025-11-12T21:00:00Z,2025-11-12,TRUE,TRUE,0.0-0.2,1
668475,PXLW,pxlw-quarterly-earnings-nongaap-eps-11-11-2025-neg0pt86,PXLW.N,2025-11-11T21:05:00Z,2025-11-11T21:05:00Z,2025-11-11,after_close,2025-11-10,2025-11-11T18:00:13Z,0.89,668475,Yes,2025-11-12T00:05:21Z,2025-11-06T21:56:49Z,25679.56781,0,0.17,2025-11-11T21:05:00Z,38579430.85,1,Information Technology,111773,1006.963963963964,0.12300273380217,6h,21600,0.75,2025-11-11T18:00:13Z,0.89,0.5,0.012099999999999,0.25,0.0625,21908,ok,2025-11-11,2025-11-12,2025-11-11T21:00:00Z,2025-11-11,TRUE,TRUE,0.8-1.0,5
668496,CSCO,csco-quarterly-earnings-nongaap-eps-11-12-2025-0pt98,CSCO.N,2025-11-12T21:05:00Z,2025-11-12T21:05:00Z,2025-11-12,after_close,2025-11-11,2025-11-12T19:40:06Z,0.961,668496,Yes,2025-11-13T01:40:30Z,2025-11-06T21:58:29Z,30270.51089,0.00826,0.02,2025-11-12T21:05:00Z,282589383152.68,25,Information Technology,53795588,420278.03125,0.0124588224993,6h,21600,0.7411347517730491,2025-11-12T19:40:06Z,0.961,0.5,0.001521,0.25,0.0670112167396,21624,ok,2025-11-12,2025-11-13,2025-11-12T21:00:00Z,2025-11-12,TRUE,TRUE,0.8-1.0,5
668497,DIS,dis-quarterly-earnings-nongaap-eps-11-13-2025-1pt02,DIS,2025-11-13T11:40:00Z,2025-11-13T11:40:00Z,2025-11-13,before_open,2025-11-11,2025-11-12T14:05:07Z,0.885,668497,Yes,2025-11-13T14:08:48Z,2025-11-06T21:59:49Z,45468.518294,0.09149,0.09000000000000001,2025-11-13T11:40:00Z,205040423963.1,32,Communication Services,1095178330,8556080.703125,0.010655088466577,1d,86400,0.737762237762237,2025-11-12T14:05:07Z,0.885,0.5,0.013224999999999,0.25,0.068768643943469,86621,ok,2025-11-12,2025-11-13,2025-11-12T21:00:00Z,2025-11-12,TRUE,TRUE,0.8-1.0,5
668506,AMAT,amat-quarterly-earnings-nongaap-eps-11-13-2025-2pt1,AMAT.N,2025-11-13T21:01:02Z,2025-11-13T21:01:02Z,2025-11-13,after_close,2025-11-11,2025-11-13T17:15:09Z,0.9505,668506,Yes,2025-11-13T23:16:46Z,2025-11-06T22:01:29Z,28200.530007,0.05303000000000001,0.06999999999999901,2025-11-13T21:01:02Z,182168223782.09,33,Information Technology,12247486,95683.484375,0.025980116682875,6h,21600,0.737762237762237,2025-11-13T17:15:09Z,0.9505,0.5,0.002450249999999,0.25,0.068768643943469,21697,ok,2025-11-13,2025-11-14,2025-11-13T21:00:00Z,2025-11-13,TRUE,TRUE,0.8-1.0,5
668511,NMAX,nmax-quarterly-earnings-gaap-eps-11-13-2025-neg0pt07,NMAX.N,2025-11-13T21:00:00Z,2025-11-13T21:00:00Z,2025-11-13,after_close,2025-11-12,2025-11-13T18:10:07Z,0.355,668511,Yes,2025-11-14T00:14:30Z,2025-11-06T22:02:29Z,13701.313484,0.05,0.04,2025-11-13T21:00:00Z,1136336247.2,2,Communication Services,17348816,135537.625,0.045665100188655,6h,21600,0.738675958188153,2025-11-13T18:10:07Z,0.355,0.5,0.416025,0.25,0.068290254828879,21863,ok,2025-11-13,2025-11-14,2025-11-13T21:00:00Z,2025-11-13,TRUE,TRUE,0.2-0.4,2
668512,GAMB,gamb-quarterly-earnings-nongaap-eps-11-13-2025-0pt16,GAMB.N,2025-11-13T12:00:00Z,2025-11-13T12:00:00Z,2025-11-13,before_open,2025-11-11,2025-11-12T14:55:08Z,0.885,668512,Yes,2025-11-13T14:55:16Z,2025-11-06T22:04:49Z,16187.800889,0.03364,-0.26,2025-11-13T12:00:00Z,240541568.64,7,Communication Services,1506480,11769.375,0.029325910560735,1d,86400,0.737762237762237,2025-11-12T14:55:08Z,0.885,0.5,0.013224999999999,0.25,0.068768643943469,86408,ok,2025-11-12,2025-11-13,2025-11-12T21:00:00Z,2025-11-12,TRUE,TRUE,0.8-1.0,5
668514,SPCE,spce-quarterly-earnings-gaap-eps-11-13-2025-neg1pt5,SPCE.N,2025-11-13T21:05:00Z,2025-11-13T21:05:00Z,2025-11-13,after_close,2025-11-11,2025-11-13T17:15:08Z,0.865,668514,Yes,2025-11-13T23:22:26Z,2025-11-06T22:05:49Z,27719.642285,0.21676,0.40999999999999903,2025-11-13T21:05:00Z,230048891.8,9,Industrials,94232687,736192.8671875,0.056324099270505,6h,21600,0.738675958188153,2025-11-13T17:15:08Z,0.865,0.5,0.01822499999999999,0.25,0.068290254828879,22038,ok,2025-11-13,2025-11-14,2025-11-13T21:00:00Z,2025-11-13,TRUE,TRUE,0.8-1.0,5
668515,BTM,btm-quarterly-earnings-gaap-eps-11-13-2025-0pt1,BTM.N,2025-11-13T13:30:00Z,2025-11-13T13:30:00Z,2025-11-13,before_open,2025-11-11,2025-11-12T16:00:24Z,0.375,668515,No,2025-11-13T16:04:20Z,2025-11-06T22:08:09Z,17993.28118,0.315,0.46,2025-11-13T13:30:00Z,193799721.08,3,Industrials,653800,5107.8125,0.066756214988005,1d,86400,0.737762237762237,2025-11-12T16:00:24Z,0.375,0.5,0.140625,0.25,0.544293119467944,86636,ok,2025-11-12,2025-11-13,2025-11-12T21:00:00Z,2025-11-12,TRUE,TRUE,0.2-0.4,2
668520,SNEX,snex-quarterly-earnings-gaap-eps-11-18-2025-1pt56,SNEX.N,2025-11-24T21:00:00Z,2025-11-24T21:00:00Z,2025-11-24,after_close,2025-11-23,2025-11-24T12:00:12Z,0.715,668520,Yes,2025-11-25T09:58:59Z,2025-11-06T22:09:11Z,46409.815208,0.082,0.94,2025-11-24T21:00:00Z,4373336115.61,2,Financials,857442,6805.0952380952385,0.025151850804814,12h,43200,0.736024844720496,2025-11-24T12:00:12Z,0.715,0.5,0.081225,0.25,0.069682882604837,79127,ok,2025-11-24,2025-11-25,2025-11-24T21:00:00Z,2025-11-24,TRUE,TRUE,0.6-0.8,4
668521,QUBT,qubt-quarterly-earnings-gaap-eps-11-14-2025-neg0pt06,QUBT.N,2025-11-14T21:05:00Z,2025-11-14T21:05:00Z,2025-11-14,after_close,2025-11-13,2025-11-14T20:10:06Z,0.22,668521,Yes,2025-11-15T02:11:58Z,2025-11-06T22:10:09Z,18836.78104,0.00471,0.06999999999999901,2025-11-14T21:05:00Z,2247956739.12,3,Information Technology,64858910,506710.234375,0.07703488944616001,6h,21600,0.739864864864864,2025-11-14T20:10:06Z,0.22,0.5,0.6084,0.25,0.06767028853177501,21712,ok,2025-11-14,2025-11-17,2025-11-14T21:00:00Z,2025-11-14,TRUE,TRUE,0.2-0.4,2
668522,DEFT,deft-quarterly-earnings-gaap-eps-11-13-2025-0pt05,DEFT.N,2025-11-14T12:05:00Z,2025-11-14T12:05:00Z,2025-11-14,before_open,2025-11-12,2025-11-13T16:30:05Z,0.435,668522,No,2025-11-14T16:32:02Z,2025-11-06T22:11:29Z,9008.982979,0.07669000000000001,-0.022,2025-11-14T12:05:00Z,661268932.524099,8,Financials,22031533,172121.3515625,0.050109627256708,1d,86400,0.73972602739726,2025-11-13T16:30:05Z,0.435,0.5,0.189225,0.25,0.547194595608932,86517,ok,2025-11-13,2025-11-14,2025-11-13T21:00:00Z,2025-11-13,TRUE,TRUE,0.4-0.6,3
674910,WWD,wwd-quarterly-earnings-gaap-eps-11-24-2025-1pt88,WWD.N,2025-11-24T21:00:00Z,2025-11-24T21:00:00Z,2025-11-24,after_close,2025-11-23,2025-11-24T12:20:09Z,0.915,674910,Yes,2025-11-25T12:23:53Z,2025-11-10T19:32:38Z,18452.209102,0.07743000000000001,0.29000000000000004,2025-11-24T21:00:00Z,15753126256.7,11,Industrials,1033926,8205.761904761905,0.014628240596712,1d,86400,0.736024844720496,2025-11-24T12:20:09Z,0.915,0.5,0.007224999999999,0.25,0.069682882604837,86624,ok,2025-11-24,2025-11-25,2025-11-24T21:00:00Z,2025-11-24,TRUE,TRUE,0.8-1.0,5
674911,FEMY,femy-quarterly-earnings-gaap-eps-11-11-2025-neg0pt12,FEMY.N,2025-11-14T21:01:00Z,2025-11-14T21:01:00Z,2025-11-14,after_close,2025-11-13,2025-11-14T20:05:07Z,0.36,674911,Yes,2025-11-15T02:09:54Z,2025-11-10T19:35:40Z,5958.985218,0,0.019999999999999,2025-11-14T21:01:00Z,48339422.5184,3,Health Care,1370113,13565.475247524751,0.109711113968358,6h,21600,0.739864864864864,2025-11-14T20:05:07Z,0.36,0.5,0.4096,0.25,0.06767028853177501,21887,ok,2025-11-14,2025-11-17,2025-11-14T21:00:00Z,2025-11-14,TRUE,TRUE,0.2-0.4,2
674912,HD,hd-quarterly-earnings-nongaap-eps-11-18-2025-3pt85,HD,2025-11-18T13:30:00Z,2025-11-18T13:30:00Z,2025-11-18,before_open,2025-11-16,2025-11-17T18:20:06Z,0.30000000000000004,674912,No,2025-11-18T18:21:19Z,2025-11-10T19:37:02Z,46598.316583,0.06597,-0.10999999999999902,2025-11-18T13:30:00Z,360688305406.92,37,Consumer Discretionary,436805173,3466707.722222222,0.011733302600566,1d,86400,0.736666666666666,2025-11-17T18:20:06Z,0.30000000000000004,0.5,0.09,0.25,0.542677777777777,86473,ok,2025-11-17,2025-11-18,2025-11-17T21:00:00Z,2025-11-17,TRUE,TRUE,0.2-0.4,2
674921,FRO,fro-quarterly-earnings-nongaap-eps-11-28-2025-0pt23,FRO,2025-11-21T06:29:00Z,2025-11-21T06:29:00Z,2025-11-21,before_open,2025-11-20,2025-11-20T12:00:18Z,0.335,674921,No,2025-11-22T00:30:59Z,2025-11-10T19:39:00Z,17905.010287,0.06088,0.8,2025-11-21T06:29:00Z,5563345996.11,8,Energy,328931122,2569774.390625,0.026054518727618,1d,86400,0.7375,2025-11-20T12:00:18Z,0.335,0.5,0.112225,0.25,0.54390625,131441,ok,2025-11-20,2025-11-21,2025-11-20T21:00:00Z,2025-11-20,TRUE,TRUE,0.2-0.4,2
674922,PD,pd-quarterly-earnings-nongaap-eps-11-25-2025-0pt25,PD,2025-11-25T21:05:00Z,2025-11-25T21:05:00Z,2025-11-25,after_close,2025-11-24,2025-11-25T12:00:35Z,0.94,674922,Yes,2025-11-26T08:55:03Z,2025-11-10T19:41:00Z,20894.894498,0.01446,0.08,2025-11-25T21:05:00Z,1363803307.44,10,Information Technology,256040975,2016070.6692913389,0.026770898067505,6h,21600,0.737654320987654,2025-11-25T12:00:35Z,0.94,0.5,0.0036,0.25,0.068825255296448,75268,ok,2025-11-25,2025-11-26,2025-11-25T21:00:00Z,2025-11-25,TRUE,TRUE,0.8-1.0,5
674923,BURL,burl-quarterly-earnings-gaap-eps-11-25-2025-1pt55,BURL.N,2025-11-25T11:45:00Z,2025-11-25T11:45:00Z,2025-11-25,before_open,2025-11-24,2025-11-24T12:00:09Z,0.84,674923,Yes,2025-11-26T06:32:25Z,2025-11-10T19:42:22Z,14547.988565,0.11257,0.25,2025-11-25T11:45:00Z,17900845396.82,18,Consumer Discretionary,32440748,255438.9606299213,0.020591018191476,1d,86400,0.7368421052631571,2025-11-24T12:00:09Z,0.84,0.5,0.0256,0.25,0.069252077562326,153136,ok,2025-11-24,2025-11-25,2025-11-24T21:00:00Z,2025-11-24,TRUE,TRUE,0.8-1.0,5
675008,ACM,acm-quarterly-earnings-nongaap-eps-11-18-2025-1pt34,ACM,2025-11-18T11:58:00Z,2025-11-18T11:58:00Z,2025-11-18,before_open,2025-11-16,2025-11-17T18:20:06Z,0.915,675008,Yes,2025-11-18T18:22:21Z,2025-11-10T20:13:40Z,20350.032268,0.03502,-0.05,2025-11-18T11:58:00Z,17602386488.64,14,Industrials,112153646,890108.3015873015,0.011993563253531,1d,86400,0.736666666666666,2025-11-17T18:20:06Z,0.915,0.5,0.007224999999999,0.25,0.069344444444444,86535,ok,2025-11-17,2025-11-18,2025-11-17T21:00:00Z,2025-11-17,TRUE,TRUE,0.8-1.0,5
675024,AS,as-quarterly-earnings-nongaap-eps-11-18-2025-0pt25,AS,2025-11-18T11:00:01Z,2025-11-18T11:00:01Z,2025-11-18,before_open,2025-11-16,2025-11-17T18:20:09Z,0.935,675024,Yes,2025-11-18T18:23:19Z,2025-11-10T20:28:22Z,11372.216792,0.01846,0.06,2025-11-18T11:00:01Z,16813779422.52,23,Consumer Discretionary,595980391,4730003.103174604,0.0285667265213,1d,86400,0.736666666666666,2025-11-17T18:20:09Z,0.935,0.5,0.004224999999999,0.25,0.069344444444444,86590,ok,2025-11-17,2025-11-18,2025-11-17T21:00:00Z,2025-11-17,TRUE,TRUE,0.8-1.0,5
675495,DLB,dlb-quarterly-earnings-nongaap-eps-11-18-2025-0pt71,DLB,2025-11-18T21:15:00Z,2025-11-18T21:15:00Z,2025-11-18,after_close,2025-11-17,2025-11-18T18:30:07Z,0.945,675495,Yes,2025-11-19T00:32:45Z,2025-11-11T00:00:36Z,10807.027243,0.017,0.35000000000000003,2025-11-18T21:15:00Z,6164905264.05,4,Information Technology,56114514,441846.56692913384,0.013531143283454,6h,21600,0.736666666666666,2025-11-18T18:30:07Z,0.945,0.5,0.003025,0.25,0.069344444444444,21758,ok,2025-11-18,2025-11-19,2025-11-18T21:00:00Z,2025-11-18,TRUE,TRUE,0.8-1.0,5
675497,POWL,powl-quarterly-earnings-gaap-eps-11-18-2025-3pt76,POWL.N,2025-11-18T21:15:00Z,2025-11-18T21:15:00Z,2025-11-18,after_close,2025-11-17,2025-11-18T18:30:11Z,0.945,675497,Yes,2025-11-19T00:32:45Z,2025-11-11T00:01:04Z,13114.177431,0.22907,-0.339999999999999,2025-11-18T21:15:00Z,3842984898.23,4,Industrials,370714,2919.0078740157483,0.03459851227386,6h,21600,0.736666666666666,2025-11-18T18:30:11Z,0.945,0.5,0.003025,0.25,0.069344444444444,21754,ok,2025-11-18,2025-11-19,2025-11-18T21:00:00Z,2025-11-18,TRUE,TRUE,0.8-1.0,5
675502,WB,wb-quarterly-earnings-nongaap-eps-11-18-2025-0pt43,WB.N,2025-11-18T08:00:00Z,2025-11-18T08:00:00Z,2025-11-18,before_open,2025-11-16,2025-11-17T18:20:07Z,0.89,675502,No,2025-11-18T18:22:19Z,2025-11-11T00:01:20Z,12461.620588,0.02363,-0.01,2025-11-18T08:00:00Z,2540033347.04997,16,Communication Services,3363507,26694.5,0.024423148908028,1d,86400,0.736666666666666,2025-11-17T18:20:07Z,0.89,0.5,0.7921,0.25,0.542677777777777,86532,ok,2025-11-17,2025-11-18,2025-11-17T21:00:00Z,2025-11-17,TRUE,TRUE,0.8-1.0,5
675503,LZB,lzb-quarterly-earnings-nongaap-eps-11-18-2025-0pt54,LZB,2025-11-18T21:15:01Z,2025-11-18T21:15:01Z,2025-11-18,after_close,2025-11-16,2025-11-18T17:35:08Z,0.535,675503,Yes,2025-11-18T23:36:29Z,2025-11-11T00:02:02Z,5668.618389,0.08055000000000001,0.169999999999999,2025-11-18T21:15:01Z,1252318729.2,3,Consumer Discretionary,64017353,508074.2301587302,0.02042127416326,6h,21600,0.736666666666666,2025-11-18T17:35:08Z,0.535,0.5,0.21622499999999903,0.25,0.069344444444444,21681,ok,2025-11-18,2025-11-19,2025-11-18T21:00:00Z,2025-11-18,TRUE,TRUE,0.4-0.6,3
675504,NVDA,nvda-quarterly-earnings-nongaap-eps-11-19-2025-1pt25,NVDA.N,2025-11-19T21:20:00Z,2025-11-19T21:20:00Z,2025-11-19,after_close,2025-11-17,2025-11-19T17:20:08Z,0.8545,675504,Yes,2025-11-19T23:23:45Z,2025-11-10T23:37:42Z,995129.929459,0.0328,0.05,2025-11-19T21:20:00Z,4534380000000,65,Information Technology,261640161,2060158.748031496,0.020074281502119,6h,21600,0.733552631578947,2025-11-19T17:20:08Z,0.8545,0.5,0.021170249999999,0.25,0.07099420013850401,21817,ok,2025-11-19,2025-11-20,2025-11-19T21:00:00Z,2025-11-19,TRUE,TRUE,0.8-1.0,5
675505,PANW,panw-quarterly-earnings-nongaap-eps-11-19-2025-0pt89,PANW.N,2025-11-19T21:10:00Z,2025-11-19T21:10:00Z,2025-11-19,after_close,2025-11-17,2025-11-19T17:35:09Z,0.915,675505,Yes,2025-11-19T23:39:55Z,2025-11-11T00:05:02Z,20629.215488,0.00574,0.04,2025-11-19T21:10:00Z,141421300000,54,Information Technology,10125665,79729.64566929133,0.019483585215304,6h,21600,0.734426229508196,2025-11-19T17:35:09Z,0.915,0.5,0.007224999999999,0.25,0.07052942757323301,21886,ok,2025-11-19,2025-11-20,2025-11-19T21:00:00Z,2025-11-19,TRUE,TRUE,0.8-1.0,5
675506,LOW,low-quarterly-earnings-gaap-eps-11-19-2025-2pt98,LOW,2025-11-19T11:00:02Z,2025-11-19T11:00:02Z,2025-11-19,before_open,2025-11-17,2025-11-18T15:20:06Z,0.855,675506,No,2025-11-19T15:21:37Z,2025-11-11T00:05:40Z,20672.138979,0.06032,0.08,2025-11-19T11:00:02Z,126225000000,35,Consumer Discretionary,352587920,2776282.8346456694,0.013260785793947,1d,86400,0.736666666666666,2025-11-18T15:20:06Z,0.855,0.5,0.731024999999999,0.25,0.542677777777777,86491,ok,2025-11-18,2025-11-19,2025-11-18T21:00:00Z,2025-11-18,TRUE,TRUE,0.8-1.0,5
675507,TGT,tgt-quarterly-earnings-nongaap-eps-11-19-2025-1pt73,TGT,2025-11-19T11:30:00Z,2025-11-19T11:30:00Z,2025-11-19,before_open,2025-11-17,2025-11-18T15:20:06Z,0.5700000000000001,675507,Yes,2025-11-19T15:20:41Z,2025-11-11T00:06:42Z,18540.498651,0.13471000000000002,0.05,2025-11-19T11:30:00Z,40063436089.6,39,Consumer Staples,925643412,7288530.803149606,0.019009738721104,1d,86400,0.736666666666666,2025-11-18T15:20:06Z,0.5700000000000001,0.5,0.1849,0.25,0.069344444444444,86435,ok,2025-11-18,2025-11-19,2025-11-18T21:00:00Z,2025-11-18,TRUE,TRUE,0.4-0.6,3
675508,VIK,vik-quarterly-earnings-nongaap-eps-11-19-2025-1pt19,VIK,2025-11-19T12:00:00Z,2025-11-19T12:00:00Z,2025-11-19,before_open,2025-11-17,2025-11-18T15:25:05Z,0.81,675508,Yes,2025-11-19T15:29:25Z,2025-11-11T00:07:20Z,6420.881535,0.03606,-0.519999999999999,2025-11-19T12:00:00Z,25401126121.56,18,Consumer Discretionary,354199436,2788971.937007874,0.017295398607229,1d,86400,0.736666666666666,2025-11-18T15:25:05Z,0.81,0.5,0.036099999999999,0.25,0.069344444444444,86660,ok,2025-11-18,2025-11-19,2025-11-18T21:00:00Z,2025-11-18,TRUE,TRUE,0.8-1.0,5
675509,DY,dy-quarterly-earnings-gaap-eps-11-19-2025-3pt2,DY,2025-11-19T11:58:00Z,2025-11-19T11:58:00Z,2025-11-19,before_open,2025-11-17,2025-11-18T15:35:07Z,0.88,675509,Yes,2025-11-19T15:36:03Z,2025-11-11T00:08:42Z,6807.0641,0.0582,0.42999999999999905,2025-11-19T11:58:00Z,8505846250.77,9,Industrials,47167132,371394.7401574803,0.021263250207873,1d,86400,0.736666666666666,2025-11-18T15:35:07Z,0.88,0.5,0.0144,0.25,0.069344444444444,86456,ok,2025-11-18,2025-11-19,2025-11-18T21:00:00Z,2025-11-18,TRUE,TRUE,0.8-1.0,5
675510,WIX,wix-quarterly-earnings-nongaap-eps-11-19-2025-1pt49,WIX.N,2025-11-19T06:00:01Z,2025-11-19T06:00:01Z,2025-11-19,before_open,2025-11-17,2025-11-18T15:20:08Z,0.87,675510,Yes,2025-11-19T15:20:41Z,2025-11-11T00:09:22Z,25208.232813,0.22725,0.32,2025-11-19T06:00:01Z,6795213119.44,20,Information Technology,2686735,21155.3937007874,0.033240056899654,1d,86400,0.736666666666666,2025-11-18T15:20:08Z,0.87,0.5,0.0169,0.25,0.069344444444444,86433,ok,2025-11-18,2025-11-19,2025-11-18T21:00:00Z,2025-11-18,TRUE,TRUE,0.8-1.0,5
675513,INTU,intu-quarterly-earnings-nongaap-eps-11-20-2025-3pt09,INTU.N,2025-11-20T21:00:00Z,2025-11-20T21:00:00Z,2025-11-20,after_close,2025-11-18,2025-11-20T17:35:07Z,0.955,675513,Yes,2025-11-20T23:40:01Z,2025-11-11T00:12:02Z,17951.619171,0.01613,0.25,2025-11-20T21:00:00Z,180884832000,33,Information Technology,3618923,28272.8359375,0.0158808108252,6h,21600,0.7373417721518981,2025-11-20T17:35:07Z,0.955,0.5,0.002025,0.25,0.068989344656305,21894,ok,2025-11-20,2025-11-21,2025-11-20T21:00:00Z,2025-11-20,TRUE,TRUE,0.8-1.0,5
675514,AVR,avr-quarterly-earnings-gaap-eps-11-20-2025-neg0pt54,AVR.N,2025-11-12T22:52:49Z,2025-11-12T22:52:49Z,2025-11-12,after_close,2025-11-11,2025-11-12T19:50:08Z,0.27,675514,No,2025-11-13T19:52:42Z,2025-11-11T00:13:42Z,7729.209815,0,-0.199999999999999,2025-11-12T22:52:49Z,155726814.6,3,Health Care,251626,1965.828125,0.062535535238534,1d,86400,0.737762237762237,2025-11-12T19:50:08Z,0.27,0.5,0.0729,0.25,0.544293119467944,86554,ok,2025-11-12,2025-11-13,2025-11-12T21:00:00Z,2025-11-12,TRUE,TRUE,0.2-0.4,2
675520,GAP,gap-quarterly-earnings-gaap-eps-11-20-2025-0pt58,GAP,2025-11-20T21:15:00Z,2025-11-20T21:15:00Z,2025-11-20,after_close,2025-11-18,2025-11-20T17:25:08Z,0.915,675520,Yes,2025-11-20T23:32:55Z,2025-11-11T00:12:42Z,27685.769647,0.0195,0.04,2025-11-20T21:15:00Z,8870333499,20,Consumer Discretionary,1267720089,9904063.1953125,0.030486274376768,6h,21600,0.735668789808917,2025-11-20T17:25:08Z,0.915,0.5,0.007224999999999,0.25,0.069870988681082,22067,ok,2025-11-20,2025-11-21,2025-11-20T21:00:00Z,2025-11-20,TRUE,TRUE,0.8-1.0,5
675540,BBWI,bbwi-quarterly-earnings-nongaap-eps-11-20-2025-0pt4,BBWI.N,2025-11-20T11:55:00Z,2025-11-20T11:55:00Z,2025-11-20,before_open,2025-11-18,2025-11-19T16:40:08Z,0.8,675540,No,2025-11-20T16:41:13Z,2025-11-11T00:16:22Z,15238.218938,0.025,-0.05,2025-11-20T11:55:00Z,4319625865.5,16,Consumer Discretionary,181954762,1421521.578125,0.026482267287675,1d,86400,0.7348242811501591,2025-11-19T16:40:08Z,0.8,0.5,0.64,0.25,0.5399667241678491,86465,ok,2025-11-19,2025-11-20,2025-11-19T21:00:00Z,2025-11-19,TRUE,TRUE,0.8-1.0,5
675603,ZM,zm-quarterly-earnings-nongaap-eps-11-24-2025-1pt44,ZM.N,2025-11-24T21:05:00Z,2025-11-24T21:05:00Z,2025-11-24,after_close,2025-11-23,2025-11-24T20:55:05Z,0.883,675603,Yes,2025-11-25T02:59:31Z,2025-11-11T00:17:22Z,33631.226414,0.02495,0.08,2025-11-24T21:05:00Z,23282419192.47,31,Information Technology,5062633,40179.62698412698,0.018269863093782,6h,21600,0.736024844720496,2025-11-24T20:55:05Z,0.883,0.5,0.013688999999999,0.25,0.069682882604837,21866,ok,2025-11-24,2025-11-25,2025-11-24T21:00:00Z,2025-11-24,TRUE,TRUE,0.8-1.0,5
675612,BJ,bj-quarterly-earnings-nongaap-eps-11-21-2025-1pt09,BJ,2025-11-21T11:45:00Z,2025-11-21T11:45:00Z,2025-11-21,before_open,2025-11-19,2025-11-20T18:40:06Z,0.92,675612,Yes,2025-11-21T18:43:33Z,2025-11-11T00:14:42Z,19143.824176,0.04135,0.06999999999999901,2025-11-21T11:45:00Z,12030400945.18,22,Consumer Staples,258861667,2022356.7734375,0.017027346155513,1d,86400,0.7358490566037731,2025-11-20T18:40:06Z,0.92,0.5,0.006399999999999,0.25,0.069775720897116,86607,ok,2025-11-20,2025-11-21,2025-11-20T21:00:00Z,2025-11-20,TRUE,TRUE,0.8-1.0,5
675613,ADI,adi-quarterly-earnings-nongaap-eps-11-25-2025-2pt23,ADI.N,2025-11-25T12:00:00Z,2025-11-25T12:00:00Z,2025-11-25,before_open,2025-11-24,2025-11-24T12:00:11Z,0.93,675613,Yes,2025-11-26T06:16:01Z,2025-11-11T00:23:22Z,12172.256887,0.0513,0.029999999999999,2025-11-25T12:00:00Z,117223190821.8,36,Information Technology,6753939,53180.62204724409,0.01641601659282,1d,86400,0.7368421052631571,2025-11-24T12:00:11Z,0.93,0.5,0.004899999999999,0.25,0.069252077562326,152150,ok,2025-11-24,2025-11-25,2025-11-24T21:00:00Z,2025-11-24,TRUE,TRUE,0.8-1.0,5
675614,DELL,dell-quarterly-earnings-nongaap-eps-11-25-2025-2pt47,DELL.N,2025-11-25T22:00:00Z,2025-11-25T22:00:00Z,2025-11-25,after_close,2025-11-24,2025-11-25T12:00:09Z,0.905,675614,Yes,2025-11-26T07:24:51Z,2025-11-11T00:25:02Z,20204.867985,0.03792,0.12,2025-11-25T22:00:00Z,85262867281.26,28,Information Technology,165562605,1303642.559055118,0.026621930039614,12h,43200,0.7368421052631571,2025-11-25T12:00:09Z,0.905,0.5,0.009024999999999,0.25,0.069252077562326,69882,ok,2025-11-25,2025-11-26,2025-11-25T21:00:00Z,2025-11-25,TRUE,TRUE,0.8-1.0,5
675615,ADSK,adsk-quarterly-earnings-nongaap-eps-11-25-2025-2pt5,ADSK.N,2025-11-25T21:01:00Z,2025-11-25T21:01:00Z,2025-11-25,after_close,2025-11-24,2025-11-25T12:00:22Z,0.925,675615,Yes,2025-11-26T08:41:01Z,2025-11-11T00:25:40Z,9652.504356,0.01909,0.169999999999999,2025-11-25T21:01:00Z,61448200000,30,Information Technology,2628341,20695.59842519685,0.016432040668651,6h,21600,0.737654320987654,2025-11-25T12:00:22Z,0.925,0.5,0.005624999999999,0.25,0.068825255296448,74439,ok,2025-11-25,2025-11-26,2025-11-25T21:00:00Z,2025-11-25,TRUE,TRUE,0.8-1.0,5
675616,WDAY,wday-quarterly-earnings-nongaap-eps-11-25-2025-2pt17,WDAY.N,2025-11-25T21:01:00Z,2025-11-25T21:01:00Z,2025-11-25,after_close,2025-11-24,2025-11-25T12:00:06Z,0.955,675616,Yes,2025-11-26T08:39:05Z,2025-11-11T00:26:04Z,10095.023705,0.14266,0.14999999999999902,2025-11-25T21:01:00Z,59606320000,41,Information Technology,5038890,39676.299212598424,0.01848103908242,12h,43200,0.737654320987654,2025-11-25T12:00:06Z,0.955,0.5,0.002025,0.25,0.068825255296448,74339,ok,2025-11-25,2025-11-26,2025-11-25T21:00:00Z,2025-11-25,TRUE,TRUE,0.8-1.0,5
675617,HPQ,hpq-quarterly-earnings-nongaap-eps-11-25-2025-0pt92,HPQ,2025-11-25T21:15:00Z,2025-11-25T21:15:00Z,2025-11-25,after_close,2025-11-24,2025-11-25T12:00:33Z,0.35000000000000003,675617,Yes,2025-11-26T04:00:41Z,2025-11-11T00:22:00Z,12030.841056,0.01678,0.01,2025-11-25T21:15:00Z,22788031127.38,18,Information Technology,1301498474,10248019.48031496,0.022326119858656,6h,21600,0.7368421052631571,2025-11-25T12:00:33Z,0.35000000000000003,0.5,0.4225,0.25,0.069252077562326,57608,ok,2025-11-25,2025-11-26,2025-11-25T21:00:00Z,2025-11-25,TRUE,TRUE,0.2-0.4,2
675618,SMTC,smtc-quarterly-earnings-nongaap-eps-11-24-2025-0pt45,SMTC.N,2025-11-24T21:05:00Z,2025-11-24T21:05:00Z,2025-11-24,after_close,2025-11-23,2025-11-24T19:25:05Z,0.88,675618,Yes,2025-11-25T07:25:27Z,2025-11-11T00:26:40Z,12817.999296,0.01118,0.029999999999999,2025-11-24T21:05:00Z,5908682639.45,14,Information Technology,3108160,24667.93650793651,0.035619172627145,12h,43200,0.736024844720496,2025-11-24T19:25:05Z,0.88,0.5,0.0144,0.25,0.069682882604837,43222,ok,2025-11-24,2025-11-25,2025-11-24T21:00:00Z,2025-11-24,TRUE,TRUE,0.8-1.0,5
675619,ANF,anf-quarterly-earnings-gaap-eps-11-25-2025-2pt22,ANF,2025-11-25T12:30:00Z,2025-11-25T12:30:00Z,2025-11-25,before_open,2025-11-24,2025-11-24T00:00:12Z,0.7000000000000001,675619,Yes,2025-11-26T08:56:53Z,2025-11-11T00:27:42Z,9657.975609,0.08360000000000001,0.139999999999999,2025-11-25T12:30:00Z,3088250758.98,13,Consumer Discretionary,279488610,2200697.716535433,0.030594524147192,2d,172800,0.737654320987654,2025-11-24T00:00:12Z,0.7000000000000001,0.5,0.09000000000000001,0.25,0.068825255296448,205001,ok,2025-11-24,2025-11-25,2025-11-24T21:00:00Z,2025-11-24,TRUE,TRUE,0.6-0.8,4
675620,KSS,kss-quarterly-earnings-gaap-eps-11-25-2025-neg0pt21,KSS,2025-11-25T12:00:00Z,2025-11-25T12:00:00Z,2025-11-25,before_open,2025-11-24,2025-11-24T12:00:13Z,0.725,675620,Yes,2025-11-26T06:14:01Z,2025-11-11T00:28:02Z,15544.334006,0.07634,0.31,2025-11-25T12:00:00Z,1762934763.59,15,Consumer Discretionary,1145329759,9018344.559055118,0.05366089483071101,1d,86400,0.7368421052631571,2025-11-24T12:00:13Z,0.725,0.5,0.07562500000000001,0.25,0.069252077562326,152028,ok,2025-11-24,2025-11-25,2025-11-24T21:00:00Z,2025-11-24,TRUE,TRUE,0.6-0.8,4
675621,DE,de-quarterly-earnings-gaap-eps-11-26-2025-3pt87,DE,2025-11-26T11:27:50Z,2025-11-26T11:27:50Z,2025-11-26,before_open,2025-11-24,2025-11-25T12:00:24Z,0.745,675621,Yes,2025-11-26T18:25:47Z,2025-11-11T00:18:04Z,16271.738512,0.18607,0.06,2025-11-26T11:27:50Z,131712589664.16,26,Industrials,163837683,1290060.496062992,0.013954123098177,1d,86400,0.7392638036809811,2025-11-25T12:00:24Z,0.745,0.5,0.065025,0.25,0.067983364070909,109523,ok,2025-11-25,2025-11-26,2025-11-25T21:00:00Z,2025-11-25,TRUE,TRUE,0.6-0.8,4
675626,BLSH,blsh-quarterly-earnings-gaap-eps-11-19-2025-1pt59,BLSH.N,2025-11-19T13:30:00Z,2025-11-19T13:30:00Z,2025-11-19,before_open,2025-11-17,2025-11-18T15:20:06Z,0.715,675626,No,2025-11-19T15:23:29Z,2025-11-11T00:10:02Z,10218.698012,0.03103,-1.3989999999999991,2025-11-19T13:30:00Z,5372252408.25,10,Financials,59041477,868257.0147058824,0.059594632577202,1d,86400,0.736666666666666,2025-11-18T15:20:06Z,0.715,0.5,0.511224999999999,0.25,0.542677777777777,86603,ok,2025-11-18,2025-11-19,2025-11-18T21:00:00Z,2025-11-18,TRUE,TRUE,0.6-0.8,4
675628,BBY,bby-quarterly-earnings-nongaap-eps-11-25-2025-1pt31,BBY,2025-11-25T12:00:00Z,2025-11-25T12:00:00Z,2025-11-25,before_open,2025-11-24,2025-11-24T12:00:11Z,0.885,675628,Yes,2025-11-26T03:09:25Z,2025-11-11T00:30:00Z,20083.025666,0.03493,0.08999999999999901,2025-11-25T12:00:00Z,15887857659.3,27,Consumer Discretionary,454060181,3575277.015748031,0.022192489602217,1d,86400,0.7368421052631571,2025-11-24T12:00:11Z,0.885,0.5,0.013224999999999,0.25,0.069252077562326,140954,ok,2025-11-24,2025-11-25,2025-11-24T21:00:00Z,2025-11-24,TRUE,TRUE,0.8-1.0,5
696247,MDB,mdb-quarterly-earnings-nongaap-eps-12-01-2025-0pt79,MDB.N,2025-12-01T21:05:00Z,2025-12-01T21:05:00Z,2025-12-01,after_close,2025-11-29,2025-12-01T17:35:05Z,0.962,696247,Yes,2025-12-01T23:35:06Z,2025-11-22T00:00:25Z,18174.174774,0.05886,0.53,2025-12-01T21:05:00Z,27052179271.2,42,Information Technology,5216674,41076.17322834646,0.039026057187441,6h,21600,0.746312684365781,2025-12-01T17:35:05Z,0.962,0.5,0.001444,0.25,0.064357254113695,21601,ok,2025-12-01,2025-12-02,2025-12-01T21:00:00Z,2025-12-01,TRUE,TRUE,0.8-1.0,5
696252,CRWD,crwd-quarterly-earnings-nongaap-eps-12-02-2025-0pt94,CRWD.N,2025-12-02T21:10:00Z,2025-12-02T21:10:00Z,2025-12-02,after_close,2025-12-01,2025-12-02T18:50:08Z,0.9615,696252,Yes,2025-12-03T00:51:29Z,2025-11-22T00:05:05Z,13995.104935,0.01334,0.02,2025-12-02T21:10:00Z,127090386557.2,53,Information Technology,4995409,39333.92913385827,0.023377048374619,6h,21600,0.7470588235294111,2025-12-02T18:50:08Z,0.9615,0.5,0.001482249999999,0.25,0.063979238754325,21681,ok,2025-12-02,2025-12-03,2025-12-02T21:00:00Z,2025-12-02,TRUE,TRUE,0.8-1.0,5
696257,OKTA,okta-quarterly-earnings-nongaap-eps-12-02-2025-0pt76,OKTA.N,2025-12-02T21:01:00Z,2025-12-02T21:01:00Z,2025-12-02,after_close,2025-12-01,2025-12-02T18:50:07Z,0.936,696257,Yes,2025-12-03T00:52:27Z,2025-11-22T00:06:05Z,13000.95436,0.02161,0.059999999999999,2025-12-02T21:01:00Z,14291845021.44,46,Information Technology,4687977,36913.20472440945,0.01884868155769,6h,21600,0.7470588235294111,2025-12-02T18:50:07Z,0.936,0.5,0.004095999999999,0.25,0.063979238754325,21740,ok,2025-12-02,2025-12-03,2025-12-02T21:00:00Z,2025-12-02,TRUE,TRUE,0.8-1.0,5
696258,AEO,aeo-quarterly-earnings-gaap-eps-12-02-2025-0pt43,AEO,2025-12-02T21:10:00Z,2025-12-02T21:10:00Z,2025-12-02,after_close,2025-12-01,2025-12-02T18:50:08Z,0.88,696258,Yes,2025-12-03T00:52:27Z,2025-11-22T00:08:05Z,11581.905806,0.01214,0.1,2025-12-02T21:10:00Z,3598450392.5,12,Consumer Discretionary,1360305583,10711067.582677163,0.046818600139437,6h,21600,0.7470588235294111,2025-12-02T18:50:08Z,0.88,0.5,0.0144,0.25,0.063979238754325,21739,ok,2025-12-02,2025-12-03,2025-12-02T21:00:00Z,2025-12-02,TRUE,TRUE,0.8-1.0,5
696259,ASAN,asan-quarterly-earnings-nongaap-eps-12-02-2025-0pt06,ASAN.N,2025-12-02T21:05:00Z,2025-12-02T21:05:00Z,2025-12-02,after_close,2025-12-01,2025-12-02T18:50:09Z,0.93,696259,Yes,2025-12-03T00:52:27Z,2025-11-22T00:09:47Z,14505.846772,0.00324,0.01,2025-12-02T21:05:00Z,3027767012.77,15,Information Technology,138624991,1091535.3622047245,0.034979732963233,6h,21600,0.7470588235294111,2025-12-02T18:50:09Z,0.93,0.5,0.004899999999999,0.25,0.063979238754325,21738,ok,2025-12-02,2025-12-03,2025-12-02T21:00:00Z,2025-12-02,TRUE,TRUE,0.8-1.0,5
696263,UNFI,unfi-quarterly-earnings-nongaap-eps-12-02-2025-0pt4,UNFI.N,2025-12-02T12:00:00Z,2025-12-02T12:00:00Z,2025-12-02,before_open,2025-11-30,2025-12-01T14:05:09Z,0.895,696263,Yes,2025-12-02T14:14:08Z,2025-11-22T00:14:07Z,12872.390631,0.10821,0.16,2025-12-02T12:00:00Z,2273366092.27,10,Consumer Staples,43350694,344053.126984127,0.033902965128995,1d,86400,0.746312684365781,2025-12-01T14:05:09Z,0.895,0.5,0.011024999999999,0.25,0.064357254113695,86939,ok,2025-12-01,2025-12-02,2025-12-01T21:00:00Z,2025-12-01,TRUE,TRUE,0.8-1.0,5
697446,CRM,crm-quarterly-earnings-nongaap-eps-12-03-2025-2pt86,CRM,2025-12-03T21:01:00Z,2025-12-03T21:01:00Z,2025-12-03,after_close,2025-12-01,2025-12-03T17:55:15Z,0.94,697446,Yes,2025-12-03T23:55:59Z,2025-11-22T20:21:11Z,17045.936433,0.02444,0.39,2025-12-03T21:01:00Z,218161710000,54,Information Technology,1044890326,8227482.881889764,0.018406730130265,6h,21600,0.7456140350877191,2025-12-03T17:55:15Z,0.94,0.5,0.0036,0.25,0.064712219144352,21644,ok,2025-12-03,2025-12-04,2025-12-03T21:00:00Z,2025-12-03,TRUE,TRUE,0.8-1.0,5
697447,SNOW,snow-quarterly-earnings-nongaap-eps-12-03-2025-0pt31,SNOW.N,2025-12-03T21:05:00Z,2025-12-03T21:05:00Z,2025-12-03,after_close,2025-12-01,2025-12-03T17:55:08Z,0.93,697447,Yes,2025-12-03T23:57:01Z,2025-11-22T20:21:31Z,15647.807614,0.02586,0.039999999999999,2025-12-03T21:05:00Z,86234400000,51,Information Technology,107834913,849093.8031496063,0.027432571259078,6h,21600,0.7456140350877191,2025-12-03T17:55:08Z,0.93,0.5,0.004899999999999,0.25,0.064712219144352,21713,ok,2025-12-03,2025-12-04,2025-12-03T21:00:00Z,2025-12-03,TRUE,TRUE,0.8-1.0,5
697452,CXM,cxm-quarterly-earnings-nongaap-eps-12-03-2025-0pt09,CXM,2025-12-03T12:05:00Z,2025-12-03T12:05:00Z,2025-12-03,before_open,2025-12-01,2025-12-02T17:05:10Z,0.94,697452,Yes,2025-12-03T17:09:27Z,2025-11-22T20:27:11Z,15692.515334,0.00173,0.03,2025-12-03T12:05:00Z,1793408208.72,9,Information Technology,264731100,2084496.8503937009,0.022586302774904,1d,86400,0.747800586510263,2025-12-02T17:05:10Z,0.94,0.5,0.0036,0.25,0.063604544164566,86657,ok,2025-12-02,2025-12-03,2025-12-02T21:00:00Z,2025-12-02,TRUE,TRUE,0.8-1.0,5
697462,HPE,hpe-quarterly-earnings-nongaap-eps-12-04-2025-0pt58,HPE,2025-12-04T21:05:00Z,2025-12-04T21:05:00Z,2025-12-04,after_close,2025-12-02,2025-12-04T17:50:07Z,0.97,697462,Yes,2025-12-04T23:54:41Z,2025-11-22T20:32:51Z,10622.219785,0.01407,0.04,2025-12-04T21:05:00Z,28912480000,22,Information Technology,3175225514,24806449.328125,0.02320956497175,6h,21600,0.7492795389048991,2025-12-04T17:50:07Z,0.97,0.5,9e-4,0.25,0.062860749611739,21874,ok,2025-12-04,2025-12-05,2025-12-04T21:00:00Z,2025-12-04,TRUE,TRUE,0.8-1.0,5
697463,DG,dg-quarterly-earnings-gaap-eps-12-04-2025-0pt92,DG,2025-12-04T11:50:00Z,2025-12-04T11:50:00Z,2025-12-04,before_open,2025-12-02,2025-12-03T16:20:08Z,0.8250000000000001,697463,Yes,2025-12-04T16:23:15Z,2025-11-22T20:32:51Z,13380.224797,0.09607,0.36,2025-12-04T11:50:00Z,24219679376.13,31,Consumer Staples,397030013,3101796.9765625,0.020955719846997,1d,86400,0.7485549132947971,2025-12-03T16:20:08Z,0.8250000000000001,0.5,0.030625,0.25,0.063224631628186,86587,ok,2025-12-03,2025-12-04,2025-12-03T21:00:00Z,2025-12-03,TRUE,TRUE,0.8-1.0,5
697468,IOT,iot-quarterly-earnings-nongaap-eps-12-04-2025-0pt12,IOT,2025-12-04T21:10:00Z,2025-12-04T21:10:00Z,2025-12-04,after_close,2025-12-02,2025-12-04T17:50:10Z,0.945,697468,Yes,2025-12-04T23:54:41Z,2025-11-22T20:36:11Z,20034.455505,0.00484,0.03,2025-12-04T21:10:00Z,21914614084.86,21,Information Technology,720455000,5628554.6875,0.030312086113794,6h,21600,0.7492795389048991,2025-12-04T17:50:10Z,0.945,0.5,0.003025,0.25,0.062860749611739,21871,ok,2025-12-04,2025-12-05,2025-12-04T21:00:00Z,2025-12-04,TRUE,TRUE,0.8-1.0,5
697469,RBRK,rbrk-quarterly-earnings-nongaap-eps-12-04-2025-neg0pt17,RBRK.N,2025-12-04T21:00:00Z,2025-12-04T21:00:00Z,2025-12-04,after_close,2025-12-02,2025-12-04T17:55:06Z,0.935,697469,Yes,2025-12-04T23:55:41Z,2025-11-22T20:36:33Z,19420.215113,0.00879,0.27,2025-12-04T21:00:00Z,13889823223,22,Information Technology,113434631,886208.0546875,0.034729820195608,6h,21600,0.7492795389048991,2025-12-04T17:55:06Z,0.935,0.5,0.004224999999999,0.25,0.062860749611739,21635,ok,2025-12-04,2025-12-05,2025-12-04T21:00:00Z,2025-12-04,TRUE,TRUE,0.8-1.0,5
697470,DOCU,docu-quarterly-earnings-nongaap-eps-12-04-2025-0pt91,DOCU.N,2025-12-04T21:05:00Z,2025-12-04T21:05:00Z,2025-12-04,after_close,2025-12-02,2025-12-04T17:55:09Z,0.9775,697470,Yes,2025-12-04T23:56:45Z,2025-11-22T20:36:33Z,12407.069542,0.03589,0.099999999999999,2025-12-04T21:05:00Z,13790780876.4,22,Information Technology,4943968,38624.75,0.030933363265913,6h,21600,0.75,2025-12-04T17:55:09Z,0.9775,0.5,5.06249999999e-4,0.25,0.0625,21696,ok,2025-12-04,2025-12-05,2025-12-04T21:00:00Z,2025-12-04,TRUE,TRUE,0.8-1.0,5
697471,CBRL,cbrl-quarterly-earnings-nongaap-eps-11-27-2025-neg0pt65,CBRL.N,2025-12-09T21:05:00Z,2025-12-09T21:05:00Z,2025-12-09,after_close,2025-12-08,2025-12-09T12:00:18Z,0.605,697471,No,2025-12-10T00:14:08Z,2025-11-22T20:44:11Z,22021.186127,0.31353000000000003,-0.08999999999999901,2025-12-09T21:05:00Z,594373888.9,9,Consumer Discretionary,1785001,14055.125984251968,0.034395673935471,6h,21600,0.759002770083102,2025-12-09T12:00:18Z,0.605,0.5,0.366025,0.25,0.5760852049938221,44030,ok,2025-12-09,2025-12-10,2025-12-09T21:00:00Z,2025-12-09,TRUE,TRUE,0.6-0.8,4
697472,KFY,kfy-quarterly-earnings-nongaap-eps-12-04-2025-1pt31,KFY,2025-12-09T11:45:00Z,2025-12-09T11:45:00Z,2025-12-09,before_open,2025-12-07,2025-12-08T12:00:20Z,0.902,697472,Yes,2025-12-09T17:31:54Z,2025-11-22T20:44:51Z,14537.831644,0.01721,0.02,2025-12-09T11:45:00Z,3448519950.08,5,Industrials,56364705,447338.9285714286,0.016029555705316,12h,43200,0.759002770083102,2025-12-08T12:00:20Z,0.902,0.5,0.009603999999999,0.25,0.058079664827617,106294,ok,2025-12-08,2025-12-09,2025-12-08T21:00:00Z,2025-12-08,TRUE,TRUE,0.8-1.0,5
697473,ASO,aso-quarterly-earnings-nongaap-eps-12-09-2025-1pt06,ASO.N,2025-12-09T13:00:02Z,2025-12-09T13:00:02Z,2025-12-09,before_open,2025-12-07,2025-12-08T12:00:25Z,0.34500000000000003,697473,Yes,2025-12-09T17:31:54Z,2025-11-22T20:45:31Z,9281.074082,0.07119,0.079999999999999,2025-12-09T13:00:02Z,3349401699,21,Consumer Discretionary,3696986,29341.15873015873,0.027329831449503,12h,43200,0.759002770083102,2025-12-08T12:00:25Z,0.34500000000000003,0.5,0.4290250000000001,0.25,0.058079664827617,106289,ok,2025-12-08,2025-12-09,2025-12-08T21:00:00Z,2025-12-08,TRUE,TRUE,0.2-0.4,2
697474,VSCO,vsco-quarterly-earnings-nongaap-eps-12-05-2025-neg0pt59,VSCO.N,2025-12-05T12:00:00Z,2025-12-05T12:00:00Z,2025-12-05,before_open,2025-12-03,2025-12-04T15:30:05Z,0.91,697474,Yes,2025-12-05T15:34:27Z,2025-11-22T20:46:11Z,22625.270092,0.05476,0.319999999999999,2025-12-05T12:00:00Z,3412231959.24,10,Consumer Discretionary,94572913,738850.8828125,0.035313967653702,1d,86400,0.7528409090909091,2025-12-04T15:30:05Z,0.91,0.5,0.008099999999999,0.25,0.061087616219008,86662,ok,2025-12-04,2025-12-05,2025-12-04T21:00:00Z,2025-12-04,TRUE,TRUE,0.8-1.0,5
697475,KR,kr-quarterly-earnings-nongaap-eps-12-04-2025-1pt03,KR,2025-12-04T13:00:03Z,2025-12-04T13:00:03Z,2025-12-04,before_open,2025-12-02,2025-12-03T16:25:08Z,0.915,697475,Yes,2025-12-04T16:25:19Z,2025-11-22T20:46:31Z,9404.650783,0.02557,0.02,2025-12-04T13:00:03Z,43033260000,25,Consumer Staples,898988925,7023350.9765625,0.015899823161958,1d,86400,0.7485549132947971,2025-12-03T16:25:08Z,0.915,0.5,0.007224999999999,0.25,0.063224631628186,86411,ok,2025-12-03,2025-12-04,2025-12-03T21:00:00Z,2025-12-03,TRUE,TRUE,0.8-1.0,5
697476,BBW,bbw-quarterly-earnings-gaap-eps-12-04-2025-0pt59,BBW,2025-12-04T11:45:00Z,2025-12-04T11:45:00Z,2025-12-04,before_open,2025-12-02,2025-12-03T16:15:10Z,0.8250000000000001,697476,Yes,2025-12-04T16:24:17Z,2025-11-22T20:46:51Z,10787.530696,0.08641,0.03,2025-12-04T11:45:00Z,688073149.94,4,Consumer Discretionary,40722010,318140.703125,0.03184241978806,1d,86400,0.7485549132947971,2025-12-03T16:15:10Z,0.8250000000000001,0.5,0.030625,0.25,0.063224631628186,86947,ok,2025-12-03,2025-12-04,2025-12-03T21:00:00Z,2025-12-03,TRUE,TRUE,0.8-1.0,5
697477,SWBI,swbi-quarterly-earnings-nongaap-eps-12-04-2025-0pt02,SWBI.N,2025-12-04T21:05:18Z,2025-12-04T21:05:18Z,2025-12-04,after_close,2025-12-02,2025-12-04T17:55:08Z,0.48,697477,Yes,2025-12-04T23:55:41Z,2025-11-22T20:47:11Z,21460.062077,0,0.02,2025-12-04T21:05:18Z,387985456.4,3,Consumer Discretionary,2063714,16122.765625,0.028334976781726,6h,21600,0.7492795389048991,2025-12-04T17:55:08Z,0.48,0.5,0.27040000000000003,0.25,0.062860749611739,21633,ok,2025-12-04,2025-12-05,2025-12-04T21:00:00Z,2025-12-04,TRUE,TRUE,0.4-0.6,3
700377,FIVE,five-quarterly-earnings-nongaap-eps-12-03-2025-0pt24,FIVE.N,2025-12-03T21:01:00Z,2025-12-03T21:01:00Z,2025-12-03,after_close,2025-12-01,2025-12-03T17:55:11Z,0.915,700377,Yes,2025-12-03T23:57:01Z,2025-11-24T13:33:51Z,13236.34549,0.06323000000000001,0.44000000000000006,2025-12-03T21:01:00Z,8921984296.98,25,Consumer Discretionary,2636906,20763.03937007874,0.023524867274852,6h,21600,0.7456140350877191,2025-12-03T17:55:11Z,0.915,0.5,0.007224999999999,0.25,0.064712219144352,21710,ok,2025-12-03,2025-12-04,2025-12-03T21:00:00Z,2025-12-03,TRUE,TRUE,0.8-1.0,5
701948,ORCL,orcl-quarterly-earnings-nongaap-eps-12-08-2025-1pt64,ORCL.N,2025-12-10T22:00:00Z,2025-12-10T22:00:00Z,2025-12-10,after_close,2025-12-09,2025-12-10T12:00:21Z,0.765,701948,Yes,2025-12-11T01:33:43Z,2025-11-24T23:28:15Z,35204.87808,0.03397,0.619999999999999,2025-12-10T22:00:00Z,636484488900,47,Information Technology,459249699,3587888.2734375,0.040570699192121,6h,21600,0.7547169811320751,2025-12-10T12:00:21Z,0.765,0.5,0.055224999999999,0.25,0.06016375934496201,48802,ok,2025-12-10,2025-12-11,2025-12-10T21:00:00Z,2025-12-10,TRUE,TRUE,0.6-0.8,4
701950,AZO,azo-quarterly-earnings-gaap-eps-12-09-2025-32pt58,AZO,2025-12-09T11:55:00Z,2025-12-09T11:55:00Z,2025-12-09,before_open,2025-12-07,2025-12-08T17:25:09Z,0.7000000000000001,701950,No,2025-12-09T17:28:48Z,2025-11-24T23:28:53Z,17762.359605,1.23239,-1.5399999999999991,2025-12-09T11:55:00Z,63398816100,30,Consumer Discretionary,16180778,128418.87301587302,0.013413134579229,1d,86400,0.759002770083102,2025-12-08T17:25:09Z,0.7000000000000001,0.5,0.48999999999999905,0.25,0.5760852049938221,86619,ok,2025-12-08,2025-12-09,2025-12-08T21:00:00Z,2025-12-08,TRUE,TRUE,0.6-0.8,4
701955,CASY,casy-quarterly-earnings-gaap-eps-12-09-2025-5pt2,CASY.N,2025-12-09T21:30:00Z,2025-12-09T21:30:00Z,2025-12-09,after_close,2025-12-08,2025-12-09T12:00:20Z,0.895,701955,Yes,2025-12-10T00:13:12Z,2025-11-24T23:29:33Z,19387.706236,0.19639,0.33,2025-12-09T21:30:00Z,20999158883.16,15,Consumer Staples,691224,5442.708661417323,0.016303932157976,6h,21600,0.759002770083102,2025-12-09T12:00:20Z,0.895,0.5,0.011024999999999,0.25,0.058079664827617,43972,ok,2025-12-09,2025-12-10,2025-12-09T21:00:00Z,2025-12-09,TRUE,TRUE,0.8-1.0,5
701960,CHWY,chwy-quarterly-earnings-nongaap-eps-12-10-2025-0pt3,CHWY.N,2025-12-10T12:05:00Z,2025-12-10T12:05:00Z,2025-12-10,before_open,2025-12-08,2025-12-09T12:00:21Z,0.775,701960,Yes,2025-12-10T16:19:40Z,2025-11-24T23:30:13Z,18130.614454,0.04607000000000001,-0.159999999999999,2025-12-10T12:05:00Z,14367249904.86,29,Consumer Discretionary,246243310,1938923.7007874015,0.028706648341397,1d,86400,0.759002770083102,2025-12-09T12:00:21Z,0.775,0.5,0.050624999999999,0.25,0.058079664827617,101959,ok,2025-12-09,2025-12-10,2025-12-09T21:00:00Z,2025-12-09,TRUE,TRUE,0.6-0.8,4
701961,ADBE,adbe-quarterly-earnings-nongaap-eps-12-10-2025-5pt4,ADBE.N,2025-12-10T21:05:00Z,2025-12-10T21:05:00Z,2025-12-10,after_close,2025-12-09,2025-12-10T12:00:30Z,0.956,701961,Yes,2025-12-11T01:44:45Z,2025-11-24T23:30:33Z,29968.71221,0.04103,0.099999999999999,2025-12-10T21:05:00Z,144132352000,39,Information Technology,7402080,57828.75,0.017732457198117,6h,21600,0.7547169811320751,2025-12-10T12:00:30Z,0.956,0.5,0.001936,0.25,0.06016375934496201,49455,ok,2025-12-10,2025-12-11,2025-12-10T21:00:00Z,2025-12-10,TRUE,TRUE,0.8-1.0,5
701985,CPB,cpb-quarterly-earnings-nongaap-eps-12-09-2025-0pt73,CPB.N,2025-12-09T12:15:00Z,2025-12-09T12:15:00Z,2025-12-09,before_open,2025-12-07,2025-12-08T17:25:08Z,0.947,701985,Yes,2025-12-09T17:29:48Z,2025-11-24T23:31:53Z,22322.420956,0.01361,0.04,2025-12-09T12:15:00Z,8824773652,21,Consumer Staples,19657923,156015.2619047619,0.01723566264662,1d,86400,0.759002770083102,2025-12-08T17:25:08Z,0.947,0.5,0.002809,0.25,0.058079664827617,86680,ok,2025-12-08,2025-12-09,2025-12-08T21:00:00Z,2025-12-08,TRUE,TRUE,0.8-1.0,5
701986,DBI,dbi-quarterly-earnings-nongaap-eps-12-09-2025-0pt16,DBI,2025-12-09T11:45:00Z,2025-12-09T11:45:00Z,2025-12-09,before_open,2025-12-07,2025-12-08T17:30:13Z,0.8150000000000001,701986,Yes,2025-12-09T17:30:50Z,2025-11-24T23:32:33Z,14182.446894,0,0.22,2025-12-09T11:45:00Z,242224128.96,2,Consumer Discretionary,145329264,1153406.857142857,0.054011978679542,1d,86400,0.759002770083102,2025-12-08T17:30:13Z,0.8150000000000001,0.5,0.034225,0.25,0.058079664827617,86437,ok,2025-12-08,2025-12-09,2025-12-08T21:00:00Z,2025-12-08,TRUE,TRUE,0.8-1.0,5
701987,PLAY,play-quarterly-earnings-nongaap-eps-12-09-2025-neg1pt02,PLAY.N,2025-12-09T21:05:00Z,2025-12-09T21:05:00Z,2025-12-09,after_close,2025-12-08,2025-12-09T12:00:12Z,0.42,701987,No,2025-12-10T00:14:08Z,2025-11-24T23:32:53Z,7527.55247,0.09212,-0.199999999999999,2025-12-09T21:05:00Z,616268309.05,11,Consumer Discretionary,2268047,17858.63779527559,0.044238333503414,12h,43200,0.759002770083102,2025-12-09T12:00:12Z,0.42,0.5,0.176399999999999,0.25,0.5760852049938221,44036,ok,2025-12-09,2025-12-10,2025-12-09T21:00:00Z,2025-12-09,TRUE,TRUE,0.4-0.6,3
701993,GME,gme-quarterly-earnings-nongaap-eps-12-09-2025-0pt2,GME,2025-12-09T21:02:00Z,2025-12-09T21:02:00Z,2025-12-09,after_close,2025-12-08,2025-12-09T12:00:16Z,0.905,701993,Yes,2025-12-10T00:13:12Z,2025-11-24T23:33:11Z,51573.506126,0,0.039999999999999,2025-12-09T21:02:00Z,10461021358,1,Consumer Discretionary,1300810914,10242605.622047244,0.030559486627996,6h,21600,0.759002770083102,2025-12-09T12:00:16Z,0.905,0.5,0.009024999999999,0.25,0.058079664827617,43976,ok,2025-12-09,2025-12-10,2025-12-09T21:00:00Z,2025-12-09,TRUE,TRUE,0.8-1.0,5
701994,MTN,mtn-quarterly-earnings-gaap-eps-12-10-2025-neg5pt24,MTN,2025-12-10T21:05:00Z,2025-12-10T21:05:00Z,2025-12-10,after_close,2025-12-09,2025-12-10T12:00:14Z,0.845,701994,Yes,2025-12-11T01:33:43Z,2025-11-24T23:33:33Z,18787.381825,0.31941,0.04,2025-12-10T21:05:00Z,5203915139.5,11,Consumer Discretionary,89268093,697406.9765625,0.01840351962126,6h,21600,0.7547169811320751,2025-12-10T12:00:14Z,0.845,0.5,0.024025,0.25,0.06016375934496201,48809,ok,2025-12-10,2025-12-11,2025-12-10T21:00:00Z,2025-12-10,TRUE,TRUE,0.8-1.0,5
703110,MU,mu-quarterly-earnings-nongaap-eps-12-17-2025-3pt78,MU.N,2025-12-17T21:01:00Z,2025-12-17T21:01:00Z,2025-12-17,after_close,2025-12-15,2025-12-17T00:00:32Z,0.963,703110,Yes,2025-12-17T23:36:55Z,2025-11-25T13:29:21Z,28122.590974,0.21868,1,2025-12-17T21:01:00Z,267308449487.5,46,Information Technology,30291998,238519.6692913386,0.034082052208634,6h,21600,0.7572559366754611,2025-12-17T00:00:32Z,0.963,0.5,0.001369,0.25,0.058924680279307,84983,ok,2025-12-17,2025-12-18,2025-12-17T21:00:00Z,2025-12-17,TRUE,TRUE,0.8-1.0,5
703111,GIS,gis-quarterly-earnings-nongaap-eps-12-17-2025-1pt02,GIS,2025-12-17T12:00:00Z,2025-12-17T12:00:00Z,2025-12-17,before_open,2025-12-15,2025-12-16T12:00:24Z,0.953,703111,Yes,2025-12-17T16:11:24Z,2025-11-25T13:29:19Z,18835.551167,0.01938,0.08,2025-12-17T12:00:00Z,25110372731.86,22,Consumer Staples,771815409,6077286.68503937,0.013233688638383,1d,86400,0.7572559366754611,2025-12-16T12:00:24Z,0.953,0.5,0.002209,0.25,0.058924680279307,101460,ok,2025-12-16,2025-12-17,2025-12-16T21:00:00Z,2025-12-16,TRUE,TRUE,0.8-1.0,5
703120,ACN,acn-quarterly-earnings-gaap-eps-12-18-2025-3pt44,ACN,2025-12-18T11:39:00Z,2025-12-18T11:39:00Z,2025-12-18,before_open,2025-12-16,2025-12-17T12:00:10Z,0.905,703120,Yes,2025-12-18T18:12:59Z,2025-11-25T13:54:17Z,13533.491876,0.07049000000000001,0.5,2025-12-18T11:39:00Z,167388049358.16,27,Information Technology,564714734,4411833.859375,0.018397922278047,1d,86400,0.7559055118110231,2025-12-17T12:00:10Z,0.905,0.5,0.009024999999999,0.25,0.05958211916423801,108769,ok,2025-12-17,2025-12-18,2025-12-17T21:00:00Z,2025-12-17,TRUE,TRUE,0.8-1.0,5
703121,NKE,nke-quarterly-earnings-gaap-eps-12-18-2025-0pt37,NKE,2025-12-18T21:15:00Z,2025-12-18T21:15:00Z,2025-12-18,after_close,2025-12-16,2025-12-18T00:00:28Z,0.895,703121,Yes,2025-12-18T23:57:37Z,2025-11-25T13:54:17Z,27648.656503,0.03558,0.16,2025-12-18T21:15:00Z,99216875484.56,40,Consumer Discretionary,1907263793,14900498.3828125,0.022221565800679,6h,21600,0.756544502617801,2025-12-18T00:00:28Z,0.895,0.5,0.011024999999999,0.25,0.059270579205613,86229,ok,2025-12-18,2025-12-19,2025-12-18T21:00:00Z,2025-12-18,TRUE,TRUE,0.8-1.0,5
703122,FDX,fdx-quarterly-earnings-nongaap-eps-12-18-2025-4pt03,FDX,2025-12-18T21:07:00Z,2025-12-18T21:07:00Z,2025-12-18,after_close,2025-12-16,2025-12-18T00:00:19Z,0.925,703122,Yes,2025-12-18T23:57:37Z,2025-11-25T13:53:57Z,11803.37328,0.09218,0.79,2025-12-18T21:07:00Z,66412790607.36,31,Industrials,249765732,1951294.78125,0.016857556347479,6h,21600,0.756544502617801,2025-12-18T00:00:19Z,0.925,0.5,0.005624999999999,0.25,0.059270579205613,86238,ok,2025-12-18,2025-12-19,2025-12-18T21:00:00Z,2025-12-18,TRUE,TRUE,0.8-1.0,5
703171,FDS,fds-quarterly-earnings-nongaap-eps-12-18-2025-4pt34,FDS,2025-12-18T12:00:01Z,2025-12-18T12:00:01Z,2025-12-18,before_open,2025-12-16,2025-12-17T12:00:32Z,0.805,703171,Yes,2025-12-18T18:12:59Z,2025-11-25T14:45:59Z,6896.11005,0.08222,0.169999999999999,2025-12-18T12:00:01Z,10964041248,19,Financials,83083045,649086.2890625,0.019344383027214,12h,43200,0.7559055118110231,2025-12-17T12:00:32Z,0.805,0.5,0.038024999999999,0.25,0.05958211916423801,108747,ok,2025-12-17,2025-12-18,2025-12-17T21:00:00Z,2025-12-17,TRUE,TRUE,0.8-1.0,5
703172,KMX,kmx-quarterly-earnings-gaap-eps-12-18-2025-0pt33,KMX,2025-12-18T11:50:00Z,2025-12-18T11:50:00Z,2025-12-18,before_open,2025-12-16,2025-12-17T12:00:07Z,0.53,703172,Yes,2025-12-18T18:13:01Z,2025-11-25T14:44:37Z,35078.088899,0.1595,0.099999999999999,2025-12-18T11:50:00Z,5812626896.57,21,Consumer Discretionary,561088139,4383501.0859375,0.038769731973421,1d,86400,0.7559055118110231,2025-12-17T12:00:07Z,0.53,0.5,0.220899999999999,0.25,0.05958211916423801,108774,ok,2025-12-17,2025-12-18,2025-12-17T21:00:00Z,2025-12-17,TRUE,TRUE,0.4-0.6,3
703173,CTAS,ctas-quarterly-earnings-gaap-eps-12-18-2025-1pt2,CTAS.N,2025-12-18T13:30:00Z,2025-12-18T13:30:00Z,2025-12-18,before_open,2025-12-16,2025-12-17T12:00:19Z,0.93,703173,Yes,2025-12-18T18:13:01Z,2025-11-25T14:43:39Z,11569.106326,0.02199,0.01,2025-12-18T13:30:00Z,75601103760,22,Industrials,2655628,20747.09375,0.0118559055474,12h,43200,0.7559055118110231,2025-12-17T12:00:19Z,0.93,0.5,0.004899999999999,0.25,0.05958211916423801,108762,ok,2025-12-17,2025-12-18,2025-12-17T21:00:00Z,2025-12-17,TRUE,TRUE,0.8-1.0,5
703174,PAYX,payx-quarterly-earnings-nongaap-eps-12-18-2025-1pt23,PAYX.N,2025-12-19T13:30:00Z,2025-12-19T13:30:00Z,2025-12-19,before_open,2025-12-17,2025-12-18T12:00:20Z,0.895,703174,Yes,2025-12-19T17:06:01Z,2025-11-25T14:42:19Z,7791.390017,0.00806,0.03,2025-12-19T13:30:00Z,41891501415,18,Industrials,4204356,32846.53125,0.015369102759892,1d,86400,0.756544502617801,2025-12-18T12:00:20Z,0.895,0.5,0.011024999999999,0.25,0.059270579205613,104741,ok,2025-12-18,2025-12-19,2025-12-18T21:00:00Z,2025-12-18,TRUE,TRUE,0.8-1.0,5
703175,LW,lw-quarterly-earnings-nongaap-eps-12-19-2025-0pt63,LW,2025-12-19T13:30:00Z,2025-12-19T13:30:00Z,2025-12-19,before_open,2025-12-17,2025-12-18T12:00:18Z,0.8150000000000001,703175,Yes,2025-12-19T17:06:01Z,2025-11-25T14:41:39Z,8326.011093,0.02477,0.059999999999999,2025-12-19T13:30:00Z,8257797902.64,12,Consumer Staples,242005066,1890664.578125,0.023205937027082,1d,86400,0.756544502617801,2025-12-18T12:00:18Z,0.8150000000000001,0.5,0.034225,0.25,0.059270579205613,104743,ok,2025-12-18,2025-12-19,2025-12-18T21:00:00Z,2025-12-18,TRUE,TRUE,0.8-1.0,5
703176,CCL,ccl-quarterly-earnings-nongaap-eps-12-19-2025-0pt25,CCL,2025-12-19T13:30:00Z,2025-12-19T13:30:00Z,2025-12-19,before_open,2025-12-17,2025-12-18T12:00:09Z,0.95,703176,Yes,2025-12-19T17:06:03Z,2025-11-25T14:40:57Z,18452.010443,0.01249,0.09000000000000001,2025-12-19T13:30:00Z,36538842438.682,29,Consumer Discretionary,2774703340,21677369.84375,0.023470173731856,1d,86400,0.756544502617801,2025-12-18T12:00:09Z,0.95,0.5,0.0025,0.25,0.059270579205613,104754,ok,2025-12-18,2025-12-19,2025-12-18T21:00:00Z,2025-12-18,TRUE,TRUE,0.8-1.0,5
898889,AVGO,avgo-quarterly-earnings-nongaap-eps-12-11-2025-1pt87,AVGO.N,2025-12-11T21:15:00Z,2025-12-11T21:15:00Z,2025-12-11,after_close,2025-12-10,2025-12-11T18:45:07Z,0.9635,898889,Yes,2025-12-12T00:45:18Z,2025-12-09T14:44:12Z,29199.982794,0.07557000000000001,0.079999999999999,2025-12-11T21:15:00Z,1958003840773.03,51,Information Technology,28076732,219349.46875,0.026024865721286,6h,21600,0.7553763440860211,2025-12-11T18:45:07Z,0.9635,0.5,0.001332249999999,0.25,0.05984073303272001,21611,ok,2025-12-11,2025-12-12,2025-12-11T21:00:00Z,2025-12-11,TRUE,TRUE,0.8-1.0,5
899875,COST,cost-quarterly-earnings-gaap-eps-12-11-2025-4pt28,COST.N,2025-12-11T21:00:00Z,2025-12-11T21:00:00Z,2025-12-11,after_close,2025-12-10,2025-12-11T18:40:10Z,0.92,899875,Yes,2025-12-12T00:45:20Z,2025-12-09T15:02:12Z,17081.424912,0.06975,0.21999999999999903,2025-12-11T21:00:00Z,388123851672.51,37,Consumer Staples,3298504,25769.5625,0.01056605103468,6h,21600,0.7553763440860211,2025-12-11T18:40:10Z,0.92,0.5,0.006399999999999,0.25,0.05984073303272001,21910,ok,2025-12-11,2025-12-12,2025-12-11T21:00:00Z,2025-12-11,TRUE,TRUE,0.8-1.0,5
899876,LULU,lulu-quarterly-earnings-gaap-eps-12-11-2025-2pt21,LULU.N,2025-12-11T21:06:00Z,2025-12-11T21:06:00Z,2025-12-11,after_close,2025-12-10,2025-12-11T18:45:10Z,0.9165,899876,Yes,2025-12-12T00:45:20Z,2025-12-09T15:00:12Z,9500.435714,0.17505,0.379999999999999,2025-12-11T21:06:00Z,22008952095.24,33,Consumer Discretionary,7582482,59238.140625,0.028405891054884,6h,21600,0.7553763440860211,2025-12-11T18:45:10Z,0.9165,0.5,0.00697225,0.25,0.05984073303272001,21610,ok,2025-12-11,2025-12-12,2025-12-11T21:00:00Z,2025-12-11,TRUE,TRUE,0.8-1.0,5
899877,RH,rh-quarterly-earnings-nongaap-eps-12-11-2025-2pt16,RH,2025-12-11T21:46:00Z,2025-12-11T21:46:00Z,2025-12-11,after_close,2025-12-10,2025-12-11T18:45:07Z,0.44,899877,No,2025-12-12T00:45:20Z,2025-12-09T14:59:12Z,1669.151663,0.14984,-0.45,2025-12-11T21:46:00Z,2952229836.78,22,Consumer Discretionary,145735203,1138556.2734375,0.03645918967443,6h,21600,0.7553763440860211,2025-12-11T18:45:07Z,0.44,0.5,0.1936,0.25,0.5705934212047631,21613,ok,2025-12-11,2025-12-12,2025-12-11T21:00:00Z,2025-12-11,TRUE,TRUE,0.4-0.6,3
899878,BRZE,brze-quarterly-earnings-nongaap-eps-12-09-2025-0pt07,BRZE.N,2025-12-09T21:05:00Z,2025-12-09T21:05:00Z,2025-12-09,after_close,2025-12-08,2025-12-09T18:10:06Z,0.86,899878,No,2025-12-10T00:15:04Z,2025-12-09T14:54:52Z,3569.640596,0.00355,-0.01,2025-12-09T21:05:00Z,3369831404.94,20,Information Technology,2780118,21890.69291338583,0.029976769890807,6h,21600,0.759002770083102,2025-12-09T18:10:06Z,0.86,0.5,0.739599999999999,0.25,0.5760852049938221,21898,ok,2025-12-09,2025-12-10,2025-12-09T21:00:00Z,2025-12-09,TRUE,TRUE,0.8-1.0,5
899879,LEN,len-quarterly-earnings-gaap-eps-12-16-2025-2pt22,LEN,2025-12-16T21:30:00Z,2025-12-16T21:30:00Z,2025-12-16,after_close,2025-12-14,2025-12-16T17:50:07Z,0.84,899879,No,2025-12-16T23:53:13Z,2025-12-09T14:51:14Z,10874.384841,0.03655,-0.29000000000000004,2025-12-16T21:30:00Z,30246695886.66,22,Consumer Discretionary,587062949,4659229.753968254,0.023474284297177,6h,21600,0.7572559366754611,2025-12-16T17:50:07Z,0.84,0.5,0.705599999999999,0.25,0.57343655363023,21786,ok,2025-12-16,2025-12-17,2025-12-16T21:00:00Z,2025-12-16,TRUE,TRUE,0.8-1.0,5
899880,KBH,kbh-quarterly-earnings-gaap-eps-12-18-2025-1pt79,KBH,2025-12-18T21:10:00Z,2025-12-18T21:10:00Z,2025-12-18,after_close,2025-12-16,2025-12-18T17:35:09Z,0.76,899880,No,2025-12-18T23:41:47Z,2025-12-09T14:45:52Z,7715.428082,0.05458,0.129999999999999,2025-12-18T21:10:00Z,4139111018.35,16,Consumer Discretionary,173509101,1355539.8515625,0.022427442441304,6h,21600,0.756544502617801,2025-12-18T17:35:09Z,0.76,0.5,0.5776,0.25,0.572359584441215,21998,ok,2025-12-18,2025-12-19,2025-12-18T21:00:00Z,2025-12-18,TRUE,TRUE,0.6-0.8,4
899881,CAG,cag-quarterly-earnings-nongaap-eps-12-19-2025-0pt44,CAG,2025-12-19T12:30:00Z,2025-12-19T12:30:00Z,2025-12-19,before_open,2025-12-17,2025-12-18T16:50:10Z,0.72,899881,Yes,2025-12-19T16:58:57Z,2025-12-09T14:49:12Z,7430.391829,0.01096,0.01,2025-12-19T12:30:00Z,8572380992,19,Consumer Staples,1423929207,11124446.9296875,0.015811848854024,1d,86400,0.756544502617801,2025-12-18T16:50:10Z,0.72,0.5,0.07840000000000001,0.25,0.059270579205613,86927,ok,2025-12-18,2025-12-19,2025-12-18T21:00:00Z,2025-12-18,TRUE,TRUE,0.6-0.8,4
973541,JEF,jef-quarterly-earnings-gaap-eps-01-07-2026-0pt96,JEF,2026-01-07T21:15:00Z,2026-01-07T21:15:00Z,2026-01-07,after_close,2026-01-05,2026-01-07T00:00:15Z,0.8,973541,No,2026-01-07T23:45:59Z,2025-12-19T21:16:31Z,37515.813552,0.10885,0,2026-01-07T21:15:00Z,13304029040,7,Financials,253568761,1996604.4173228347,0.024726524186327,12h,43200,0.7608142493638671,2026-01-07T00:00:15Z,0.8,0.5,0.64,0.25,0.578838322035105,85544,ok,2026-01-07,2026-01-08,2026-01-07T21:00:00Z,2026-01-07,TRUE,TRUE,0.8-1.0,5
973542,WDFC,wdfc-quarterly-earnings-gaap-eps-01-08-2026-1pt45,WDFC.N,2026-01-08T21:05:00Z,2026-01-08T21:05:00Z,2026-01-08,after_close,2026-01-06,2026-01-08T00:00:35Z,0.935,973542,No,2026-01-08T23:27:44Z,2025-12-19T21:16:31Z,56384.685101,0.0835,-0.169999999999999,2026-01-08T21:05:00Z,2682560330.82,3,Consumer Staples,287880,2249.0625,0.016459720987985,12h,43200,0.7608142493638671,2026-01-08T00:00:35Z,0.935,0.5,0.874225,0.25,0.578838322035105,84429,ok,2026-01-08,2026-01-09,2026-01-08T21:00:00Z,2026-01-08,TRUE,TRUE,0.8-1.0,5
